# pack	reading	output	source	category
japanese	aamujou	aamujou	jmnedict:5000089	taiwan_and_culture
japanese	aamujou	ああむじょう	jmnedict:5000089	taiwan_and_culture
japanese	aamujou	ああ無情	jmnedict:5000089	taiwan_and_culture
japanese	aamujou	噫無情	jmnedict:5000089	taiwan_and_culture
japanese	abeyoshitsugu	abeyoshitsugu	jmnedict:5101896	taiwan_and_culture
japanese	abeyoshitsugu	あべよしつぐ	jmnedict:5101896	taiwan_and_culture
japanese	abeyoshitsugu	阿部よしつぐ	jmnedict:5101896	taiwan_and_culture
japanese	abidatsumakusharon	abidatsumakusharon	jmnedict:5101797	taiwan_and_culture
japanese	abidatsumakusharon	あびだつまくしゃろん	jmnedict:5101797	taiwan_and_culture
japanese	abidatsumakusharon	阿毘達磨倶舍論	jmnedict:5101797	taiwan_and_culture
japanese	achitarou	achitarou	jmnedict:5747556	taiwan_and_culture
japanese	achitarou	あちたろう	jmnedict:5747556	taiwan_and_culture
japanese	achitarou	阿智太郎	jmnedict:5747556	taiwan_and_culture
japanese	adamusufuamirii	adamusufuamirii	jmnedict:5009500	taiwan_and_culture
japanese	adamusufuamirii	アダムスファミリー	jmnedict:5009500	taiwan_and_culture
japanese	adeisutantomiraa	adeisutantomiraa	jmnedict:5009668	taiwan_and_culture
japanese	adeisutantomiraa	アディスタントミラー	jmnedict:5009668	taiwan_and_culture
japanese	afururuonchou	afururuonchou	jmnedict:5742445	taiwan_and_culture
japanese	afururuonchou	あふるるおんちょう	jmnedict:5742445	taiwan_and_culture
japanese	afururuonchou	あふるる恩寵	jmnedict:5742445	taiwan_and_culture
japanese	afyuuguddomen	afyuuguddomen	jmnedict:5010058	taiwan_and_culture
japanese	afyuuguddomen	アフューグッドメン	jmnedict:5010058	taiwan_and_culture
japanese	agasakurisutei	agasakurisutei	jmnedict:5008917	taiwan_and_culture
japanese	agasakurisutei	アガサクリスティ	jmnedict:5008917	taiwan_and_culture
japanese	aiaibakama	aiaibakama	jmnedict:5476666	taiwan_and_culture
japanese	aiaibakama	あいあいばかま	jmnedict:5476666	taiwan_and_culture
japanese	aiaibakama	相合袴	jmnedict:5476666	taiwan_and_culture
japanese	aianman	aianman	jmnedict:5745136	taiwan_and_culture
japanese	aianman	アイアンマン	jmnedict:5745136	taiwan_and_culture
japanese	aiharakooji	aiharakooji	jmnedict:5476616	taiwan_and_culture
japanese	aiharakooji	あいはらコージ	jmnedict:5476616	taiwan_and_culture
japanese	aiharakooji	相原コージ	jmnedict:5476616	taiwan_and_culture
japanese	aineku	aineku	jmnedict:5740971	taiwan_and_culture
japanese	aineku	アイネク	jmnedict:5740971	taiwan_and_culture
japanese	ainekurainenahatomujiiku	ainekurainenahatomujiiku	jmnedict:5008619	taiwan_and_culture
japanese	ainekurainenahatomujiiku	アイネクライネナハトムジーク	jmnedict:5008619	taiwan_and_culture
japanese	ainosanka	ainosanka	jmnedict:5102796	taiwan_and_culture
japanese	ainosanka	あいのさんか	jmnedict:5102796	taiwan_and_culture
japanese	ainosanka	愛の賛歌	jmnedict:5102796	taiwan_and_culture
japanese	ainosato	ainosato	jmnedict:5000109	taiwan_and_culture
japanese	ainosato	あいのさと	jmnedict:5000109	taiwan_and_culture
japanese	ainosato	あいの里	jmnedict:5000109	taiwan_and_culture
japanese	ainoshouri	ainoshouri	jmnedict:5102798	taiwan_and_culture
japanese	ainoshouri	あいのしょうり	jmnedict:5102798	taiwan_and_culture
japanese	ainoshouri	愛の勝利	jmnedict:5102798	taiwan_and_culture
japanese	ainoushou	ainoushou	jmnedict:5741265	taiwan_and_culture
japanese	ainoushou	ainoushou	jmnedict:5741266	taiwan_and_culture
japanese	ainoushou	あいのうしょう	jmnedict:5741265	taiwan_and_culture
japanese	ainoushou	あいのうしょう	jmnedict:5741266	taiwan_and_culture
japanese	ainoushou	あい嚢鈔	jmnedict:5741266	taiwan_and_culture
japanese	ainoushou	壒嚢鈔	jmnedict:5741265	taiwan_and_culture
japanese	aivuanhoo	aivuanhoo	jmnedict:5008750	taiwan_and_culture
japanese	aivuanhoo	アイヴァンホー	jmnedict:5008750	taiwan_and_culture
japanese	aizakkubashevyisushingaa	aizakkubashevyisushingaa	jmnedict:5008515	taiwan_and_culture
japanese	aizakkubashevyisushingaa	アイザックバシェヴィスシンガー	jmnedict:5008515	taiwan_and_culture
japanese	akagenoan	akagenoan	jmnedict:5457112	taiwan_and_culture
japanese	akagenoan	あかげのアン	jmnedict:5457112	taiwan_and_culture
japanese	akagenoan	赤毛のアン	jmnedict:5457112	taiwan_and_culture
japanese	akagettogaiyuuki	akagettogaiyuuki	jmnedict:5457114	taiwan_and_culture
japanese	akagettogaiyuuki	あかげっとがいゆうき	jmnedict:5457114	taiwan_and_culture
japanese	akagettogaiyuuki	赤毛布外遊記	jmnedict:5457114	taiwan_and_culture
japanese	akazukin	akazukin	jmnedict:5455800	taiwan_and_culture
japanese	akazukin	akazukin	jmnedict:5456860	taiwan_and_culture
japanese	akazukin	あかずきん	jmnedict:5455800	taiwan_and_culture
japanese	akazukin	あかずきん	jmnedict:5456860	taiwan_and_culture
japanese	akazukin	赤ずきん	jmnedict:5455800	taiwan_and_culture
japanese	akazukin	赤頭巾	jmnedict:5456860	taiwan_and_culture
japanese	akihagijou	akihagijou	jmnedict:5741213	taiwan_and_culture
japanese	akihagijou	あきはぎじょう	jmnedict:5741213	taiwan_and_culture
japanese	akihagijou	秋萩帖	jmnedict:5741213	taiwan_and_culture
japanese	akitsuonsen	akitsuonsen	jmnedict:5747307	taiwan_and_culture
japanese	akitsuonsen	あきつおんせん	jmnedict:5747307	taiwan_and_culture
japanese	akitsuonsen	秋津温泉	jmnedict:5747307	taiwan_and_culture
japanese	akumanouta	akumanouta	jmnedict:5740842	taiwan_and_culture
japanese	akumanouta	あくまのうた	jmnedict:5740842	taiwan_and_culture
japanese	akumanouta	悪魔の詩	jmnedict:5740842	taiwan_and_culture
japanese	akunohana	akunohana	jmnedict:5741483	taiwan_and_culture
japanese	akunohana	あくのはな	jmnedict:5741483	taiwan_and_culture
japanese	akunohana	悪の華	jmnedict:5741483	taiwan_and_culture
japanese	amachuatachi	amachuatachi	jmnedict:5010293	taiwan_and_culture
japanese	amachuatachi	アマチュアたち	jmnedict:5010293	taiwan_and_culture
japanese	ameniutaeba	ameniutaeba	jmnedict:5743133	taiwan_and_culture
japanese	ameniutaeba	あめにうたえば	jmnedict:5743133	taiwan_and_culture
japanese	ameniutaeba	雨に唄えば	jmnedict:5743133	taiwan_and_culture
japanese	amerikamonogatari	amerikamonogatari	jmnedict:5742307	taiwan_and_culture
japanese	amerikamonogatari	amerikamonogatari	jmnedict:5742308	taiwan_and_culture
japanese	amerikamonogatari	あめりかものがたり	jmnedict:5742308	taiwan_and_culture
japanese	amerikamonogatari	あめりか物語	jmnedict:5742308	taiwan_and_culture
japanese	amerikamonogatari	アメリカものがたり	jmnedict:5742307	taiwan_and_culture
japanese	amerikamonogatari	アメリカ物語	jmnedict:5742307	taiwan_and_culture
japanese	amerikangurafyitei	amerikangurafyitei	jmnedict:5010438	taiwan_and_culture
japanese	amerikangurafyitei	アメリカングラフィティ	jmnedict:5010438	taiwan_and_culture
japanese	amerikanhisutoriiekkusu	amerikanhisutoriiekkusu	jmnedict:5010442	taiwan_and_culture
japanese	amerikanhisutoriiekkusu	アメリカンヒストリーエックス	jmnedict:5010442	taiwan_and_culture
japanese	amerikanhisutoriiekkusu	アメリカンヒストリーＸ	jmnedict:5010442	taiwan_and_culture
japanese	amerikankoppusu	amerikankoppusu	jmnedict:5010439	taiwan_and_culture
japanese	amerikankoppusu	アメリカンコップス	jmnedict:5010439	taiwan_and_culture
japanese	amerikanpai	amerikanpai	jmnedict:5010441	taiwan_and_culture
japanese	amerikanpai	アメリカンパイ	jmnedict:5010441	taiwan_and_culture
japanese	amosuandoandoryuu	amosuandoandoryuu	jmnedict:5010464	taiwan_and_culture
japanese	amosuandoandoryuu	アモスアンドアンドリュー	jmnedict:5010464	taiwan_and_culture
japanese	amosuandoandoryuu	アモス＆アンドリュー	jmnedict:5010464	taiwan_and_culture
japanese	an'yakouro	an'yakouro	jmnedict:5741606	taiwan_and_culture
japanese	an'yakouro	あんやこうろ	jmnedict:5741606	taiwan_and_culture
japanese	an'yakouro	暗夜行路	jmnedict:5741606	taiwan_and_culture
japanese	anatoyukinojoou	anatoyukinojoou	jmnedict:5743462	taiwan_and_culture
japanese	anatoyukinojoou	アナとゆきのじょおう	jmnedict:5743462	taiwan_and_culture
japanese	anatoyukinojoou	アナと雪の女王	jmnedict:5743462	taiwan_and_culture
japanese	andaazacheriimuun	andaazacheriimuun	jmnedict:5011822	taiwan_and_culture
japanese	andaazacheriimuun	アンダーザチェリームーン	jmnedict:5011822	taiwan_and_culture
japanese	andoroidohadenkihitsujinoyumewomiruka	andoroidohadenkihitsujinoyumewomiruka	jmnedict:5012023	taiwan_and_culture
japanese	andoroidohadenkihitsujinoyumewomiruka	アンドロイドはでんきひつじのゆめをみるか	jmnedict:5012023	taiwan_and_culture
japanese	andoroidohadenkihitsujinoyumewomiruka	アンドロイドは電気羊の夢を見るか？	jmnedict:5012023	taiwan_and_culture
japanese	andoromedanoee	andoromedanoee	jmnedict:5012031	taiwan_and_culture
japanese	andoromedanoee	アンドロメダのエー	jmnedict:5012031	taiwan_and_culture
japanese	andoromedanoee	アンドロメダのＡ	jmnedict:5012031	taiwan_and_culture
japanese	anitamui	anitamui	jmnedict:5589679	taiwan_and_culture
japanese	anitamui	アニタムイ	jmnedict:5589679	taiwan_and_culture
japanese	anitamui	梅艶芳	jmnedict:5589679	taiwan_and_culture
japanese	anitamui	梅艷芳	jmnedict:5589679	taiwan_and_culture
japanese	ankurutomunokoya	ankurutomunokoya	jmnedict:5747787	taiwan_and_culture
japanese	ankurutomunokoya	アンクルトムのこや	jmnedict:5747787	taiwan_and_culture
japanese	ankurutomunokoya	アンクルトムの小屋	jmnedict:5747787	taiwan_and_culture
japanese	annenonikki	annenonikki	jmnedict:5012053	taiwan_and_culture
japanese	annenonikki	アンネのにっき	jmnedict:5012053	taiwan_and_culture
japanese	annenonikki	アンネの日記	jmnedict:5012053	taiwan_and_culture
japanese	anrakushuu	anrakushuu	jmnedict:5108787	taiwan_and_culture
japanese	anrakushuu	あんらくしゅう	jmnedict:5108787	taiwan_and_culture
japanese	anrakushuu	安楽集	jmnedict:5108787	taiwan_and_culture
japanese	antoniitokureopatora	antoniitokureopatora	jmnedict:5011916	taiwan_and_culture
japanese	antoniitokureopatora	アントニーとクレオパトラ	jmnedict:5011916	taiwan_and_culture
japanese	aohige	aohige	jmnedict:5748045	taiwan_and_culture
japanese	aohige	あおひげ	jmnedict:5748045	taiwan_and_culture
japanese	aohige	青ひげ	jmnedict:5748045	taiwan_and_culture
japanese	aohige	青髯	jmnedict:5748045	taiwan_and_culture
japanese	aotozoushihananonishikie	aotozoushihananonishikie	jmnedict:5744939	taiwan_and_culture
japanese	aotozoushihananonishikie	あおとぞうしはなのにしきえ	jmnedict:5744939	taiwan_and_culture
japanese	aotozoushihananonishikie	青砥稿花紅彩画	jmnedict:5744939	taiwan_and_culture
japanese	aozorabunko	aozorabunko	jmnedict:5740831	taiwan_and_culture
japanese	aozorabunko	あおぞらぶんこ	jmnedict:5740831	taiwan_and_culture
japanese	aozorabunko	青空文庫	jmnedict:5740831	taiwan_and_culture
japanese	apuukuizuhia	apuukuizuhia	jmnedict:5010170	taiwan_and_culture
japanese	apuukuizuhia	アプークイズヒア	jmnedict:5010170	taiwan_and_culture
japanese	arabamamonogatari	arabamamonogatari	jmnedict:5010611	taiwan_and_culture
japanese	arabamamonogatari	アラバマものがたり	jmnedict:5010611	taiwan_and_culture
japanese	arabamamonogatari	アラバマ物語	jmnedict:5010611	taiwan_and_culture
japanese	arabiannaito	arabiannaito	jmnedict:5740980	taiwan_and_culture
japanese	arabiannaito	アラビアンナイト	jmnedict:5740980	taiwan_and_culture
japanese	arabianororensu	arabianororensu	jmnedict:5010618	taiwan_and_culture
japanese	arabianororensu	アラビアのロレンス	jmnedict:5010618	taiwan_and_culture
japanese	arabiayobanashi	arabiayobanashi	jmnedict:5740981	taiwan_and_culture
japanese	arabiayobanashi	アラビアよばなし	jmnedict:5740981	taiwan_and_culture
japanese	arabiayobanashi	アラビア夜話	jmnedict:5740981	taiwan_and_culture
japanese	araigumarasukaru	araigumarasukaru	jmnedict:5742540	taiwan_and_culture
japanese	araigumarasukaru	あらいぐまラスカル	jmnedict:5742540	taiwan_and_culture
japanese	arakawa	arakawa	jmnedict:5000705	taiwan_and_culture
japanese	arakawa	あらかわ	jmnedict:5000705	taiwan_and_culture
japanese	arakawa	あら皮	jmnedict:5000705	taiwan_and_culture
japanese	arantamu	arantamu	jmnedict:5736697	taiwan_and_culture
japanese	arantamu	アランタム	jmnedict:5736697	taiwan_and_culture
japanese	arantamu	譚詠麟	jmnedict:5736697	taiwan_and_culture
japanese	arashigaoka	arashigaoka	jmnedict:5695197	taiwan_and_culture
japanese	arashigaoka	あらしがおか	jmnedict:5695197	taiwan_and_culture
japanese	arashigaoka	嵐が丘	jmnedict:5695197	taiwan_and_culture
japanese	arechi	arechi	jmnedict:5284561	taiwan_and_culture
japanese	arechi	あれち	jmnedict:5284561	taiwan_and_culture
japanese	arechi	荒地	jmnedict:5284561	taiwan_and_culture
japanese	aribainoee	aribainoee	jmnedict:5010819	taiwan_and_culture
japanese	aribainoee	アリバイのエー	jmnedict:5010819	taiwan_and_culture
japanese	aribainoee	アリバイのＡ	jmnedict:5010819	taiwan_and_culture
japanese	arigeetaani	arigeetaani	jmnedict:5010770	taiwan_and_culture
japanese	arigeetaani	アリゲーターに	jmnedict:5010770	taiwan_and_culture
japanese	arigeetaani	アリゲーター２	jmnedict:5010770	taiwan_and_culture
japanese	arisan	arisan	jmnedict:5743041	taiwan_and_culture
japanese	arisan	ありさん	jmnedict:5743041	taiwan_and_culture
japanese	arisan	阿里山	jmnedict:5743041	taiwan_and_culture
japanese	aritokirigirisu	aritokirigirisu	jmnedict:5744837	taiwan_and_culture
japanese	aritokirigirisu	アリとキリギリス	jmnedict:5744837	taiwan_and_culture
japanese	arohaoe	arohaoe	jmnedict:5741681	taiwan_and_culture
japanese	arohaoe	アロハオエ	jmnedict:5741681	taiwan_and_culture
japanese	aruchiina	aruchiina	jmnedict:5011058	taiwan_and_culture
japanese	aruchiina	アルチーナ	jmnedict:5011058	taiwan_and_culture
japanese	arupusunoshoujohaiji	arupusunoshoujohaiji	jmnedict:5741588	taiwan_and_culture
japanese	arupusunoshoujohaiji	アルプスのしょうじょハイジ	jmnedict:5741588	taiwan_and_culture
japanese	arupusunoshoujohaiji	アルプスの少女ハイジ	jmnedict:5741588	taiwan_and_culture
japanese	arusuamatoria	arusuamatoria	jmnedict:5743532	taiwan_and_culture
japanese	arusuamatoria	アルスアマトリア	jmnedict:5743532	taiwan_and_culture
japanese	asakuri	asakuri	jmnedict:5746930	taiwan_and_culture
japanese	asakuri	アサクリ	jmnedict:5746930	taiwan_and_culture
japanese	ashinagaojisan	ashinagaojisan	jmnedict:5481023	taiwan_and_culture
japanese	ashinagaojisan	あしながおじさん	jmnedict:5481023	taiwan_and_culture
japanese	ashinagaojisan	足長おじさん	jmnedict:5481023	taiwan_and_culture
japanese	ashookaouchuu	ashookaouchuu	jmnedict:5741319	taiwan_and_culture
japanese	ashookaouchuu	アショーカおうちゅう	jmnedict:5741319	taiwan_and_culture
japanese	ashookaouchuu	アショーカ王柱	jmnedict:5741319	taiwan_and_culture
japanese	asukakiyomihararyou	asukakiyomihararyou	jmnedict:5742400	taiwan_and_culture
japanese	asukakiyomihararyou	あすかきよみはらりょう	jmnedict:5742400	taiwan_and_culture
japanese	asukakiyomihararyou	飛鳥浄御原令	jmnedict:5742400	taiwan_and_culture
japanese	asumikana	asumikana	jmnedict:5747950	taiwan_and_culture
japanese	asumikana	あすみかな	jmnedict:5747950	taiwan_and_culture
japanese	asumikana	阿澄佳奈	jmnedict:5747950	taiwan_and_culture
japanese	atenenotaimon	atenenotaimon	jmnedict:5009653	taiwan_and_culture
japanese	atenenotaimon	アテネのタイモン	jmnedict:5009653	taiwan_and_culture
japanese	atsuhime	atsuhime	jmnedict:5746050	taiwan_and_culture
japanese	atsuhime	あつひめ	jmnedict:5746050	taiwan_and_culture
japanese	atsuhime	篤姫	jmnedict:5746050	taiwan_and_culture
japanese	atsumaredoubutsunomori	atsumaredoubutsunomori	jmnedict:5742486	taiwan_and_culture
japanese	atsumaredoubutsunomori	あつまれどうぶつのもり	jmnedict:5742486	taiwan_and_culture
japanese	atsumaredoubutsunomori	あつまれどうぶつの森	jmnedict:5742486	taiwan_and_culture
japanese	atsumori	atsumori	jmnedict:5742485	taiwan_and_culture
japanese	atsumori	あつもり	jmnedict:5742485	taiwan_and_culture
japanese	atsumori	あつ森	jmnedict:5742485	taiwan_and_culture
japanese	autoroonooo	autoroonooo	jmnedict:5008820	taiwan_and_culture
japanese	autoroonooo	アウトローのオー	jmnedict:5008820	taiwan_and_culture
japanese	autoroonooo	アウトローのＯ	jmnedict:5008820	taiwan_and_culture
japanese	avyiichii	avyiichii	jmnedict:5741703	taiwan_and_culture
japanese	avyiichii	アヴィーチー	jmnedict:5741703	taiwan_and_culture
japanese	baaburunaama	baaburunaama	jmnedict:5062439	taiwan_and_culture
japanese	baaburunaama	バーブルナーマ	jmnedict:5062439	taiwan_and_culture
japanese	baaniizutsuu	baaniizutsuu	jmnedict:5062399	taiwan_and_culture
japanese	baaniizutsuu	バーニーズツー	jmnedict:5062399	taiwan_and_culture
japanese	baaniizutsuu	バーニーズ２	jmnedict:5062399	taiwan_and_culture
japanese	baatoramuhoterunite	baatoramuhoterunite	jmnedict:5062362	taiwan_and_culture
japanese	baatoramuhoterunite	バートラムホテルにて	jmnedict:5062362	taiwan_and_culture
japanese	baberusebunteiin	baberusebunteiin	jmnedict:5063285	taiwan_and_culture
japanese	baberusebunteiin	バベルセブンティーン	jmnedict:5063285	taiwan_and_culture
japanese	baberusebunteiin	バベル１７	jmnedict:5063285	taiwan_and_culture
japanese	baidouhyakka	baidouhyakka	jmnedict:5745212	taiwan_and_culture
japanese	baidouhyakka	バイドゥひゃっか	jmnedict:5745212	taiwan_and_culture
japanese	baidouhyakka	百度百科	jmnedict:5745212	taiwan_and_culture
japanese	baiohazaado	baiohazaado	jmnedict:5062566	taiwan_and_culture
japanese	baiohazaado	バイオハザード	jmnedict:5062566	taiwan_and_culture
japanese	baishoumitsuko	baishoumitsuko	jmnedict:5589406	taiwan_and_culture
japanese	baishoumitsuko	ばいしょうみつこ	jmnedict:5589406	taiwan_and_culture
japanese	baishoumitsuko	倍賞美津子	jmnedict:5589406	taiwan_and_culture
japanese	baisuakademiitsuu	baisuakademiitsuu	jmnedict:5062583	taiwan_and_culture
japanese	baisuakademiitsuu	バイスアカデミーツー	jmnedict:5062583	taiwan_and_culture
japanese	baisuakademiitsuu	バイスアカデミー２	jmnedict:5062583	taiwan_and_culture
japanese	bajjisuriisebunsurii	bajjisuriisebunsurii	jmnedict:5063031	taiwan_and_culture
japanese	bajjisuriisebunsurii	バッジスリーセブンスリー	jmnedict:5063031	taiwan_and_culture
japanese	bajjisuriisebunsurii	バッジ３７３	jmnedict:5063031	taiwan_and_culture
japanese	bakkuinzayuuesuesuaaru	bakkuinzayuuesuesuaaru	jmnedict:5063000	taiwan_and_culture
japanese	bakkuinzayuuesuesuaaru	バックインザユーエスエスアール	jmnedict:5063000	taiwan_and_culture
japanese	bakkuinzayuuesuesuaaru	バックインザＵＳＳＲ	jmnedict:5063000	taiwan_and_culture
japanese	bakkutouzafyuuchaa	bakkutouzafyuuchaa	jmnedict:5063005	taiwan_and_culture
japanese	bakkutouzafyuuchaa	バックトゥザフューチャー	jmnedict:5063005	taiwan_and_culture
japanese	banbi	banbi	jmnedict:5064067	taiwan_and_culture
japanese	banbi	バンビ	jmnedict:5064067	taiwan_and_culture
japanese	bandettokyuu	bandettokyuu	jmnedict:5064022	taiwan_and_culture
japanese	bandettokyuu	バンデットキュー	jmnedict:5064022	taiwan_and_culture
japanese	bandettokyuu	バンデットＱ	jmnedict:5064022	taiwan_and_culture
japanese	banguradeshunokonsaato	banguradeshunokonsaato	jmnedict:5063910	taiwan_and_culture
japanese	banguradeshunokonsaato	バングラデシュのコンサート	jmnedict:5063910	taiwan_and_culture
japanese	banrigani	banrigani	jmnedict:5746610	taiwan_and_culture
japanese	banrigani	バンリガニ	jmnedict:5746610	taiwan_and_culture
japanese	banrigani	万里蟹	jmnedict:5746610	taiwan_and_culture
japanese	banrigani	萬里蟹	jmnedict:5746610	taiwan_and_culture
japanese	baranonamae	baranonamae	jmnedict:5741591	taiwan_and_culture
japanese	baranonamae	ばらのなまえ	jmnedict:5741591	taiwan_and_culture
japanese	baranonamae	薔薇の名前	jmnedict:5741591	taiwan_and_culture
japanese	barazoku	barazoku	jmnedict:5745066	taiwan_and_culture
japanese	barazoku	ばらぞく	jmnedict:5745066	taiwan_and_culture
japanese	barazoku	薔薇族	jmnedict:5745066	taiwan_and_culture
japanese	baso	baso	jmnedict:5588804	taiwan_and_culture
japanese	baso	ばそ	jmnedict:5588804	taiwan_and_culture
japanese	baso	馬祖	jmnedict:5588804	taiwan_and_culture
japanese	basukettokeesu	basukettokeesu	jmnedict:5062873	taiwan_and_culture
japanese	basukettokeesu	バスケットケース	jmnedict:5062873	taiwan_and_culture
japanese	bataafyiirudoeito	bataafyiirudoeito	jmnedict:5062938	taiwan_and_culture
japanese	bataafyiirudoeito	バターフィールドエイト	jmnedict:5062938	taiwan_and_culture
japanese	bataafyiirudoeito	バターフィールド８	jmnedict:5062938	taiwan_and_culture
japanese	batafuraihafurii	batafuraihafurii	jmnedict:5062952	taiwan_and_culture
japanese	batafuraihafurii	バタフライはフリー	jmnedict:5062952	taiwan_and_culture
japanese	batarian	batarian	jmnedict:5746692	taiwan_and_culture
japanese	batarian	バタリアン	jmnedict:5746692	taiwan_and_culture
japanese	batorurowaiaru	batorurowaiaru	jmnedict:5063111	taiwan_and_culture
japanese	batorurowaiaru	バトルロワイアル	jmnedict:5063111	taiwan_and_culture
japanese	batorurowaiyaru	batorurowaiyaru	jmnedict:5063111	taiwan_and_culture
japanese	batorurowaiyaru	バトルロワイヤル	jmnedict:5063111	taiwan_and_culture
japanese	battoman	battoman	jmnedict:5743316	taiwan_and_culture
japanese	battoman	バットマン	jmnedict:5743316	taiwan_and_culture
japanese	battotouenteiiwan	battotouenteiiwan	jmnedict:5063048	taiwan_and_culture
japanese	battotouenteiiwan	バットトゥエンティーワン	jmnedict:5063048	taiwan_and_culture
japanese	battotouenteiiwan	バット２１	jmnedict:5063048	taiwan_and_culture
japanese	beddokazaritohouki	beddokazaritohouki	jmnedict:5074893	taiwan_and_culture
japanese	beddokazaritohouki	ベッドかざりとほうき	jmnedict:5074893	taiwan_and_culture
japanese	beeourufu	beeourufu	jmnedict:5074517	taiwan_and_culture
japanese	beeourufu	ベーオウルフ	jmnedict:5074517	taiwan_and_culture
japanese	begasu	begasu	jmnedict:5741405	taiwan_and_culture
japanese	begasu	ベガス	jmnedict:5741405	taiwan_and_culture
japanese	benhaa	benhaa	jmnedict:5741594	taiwan_and_culture
japanese	benhaa	ベンハー	jmnedict:5741594	taiwan_and_culture
japanese	benihakobe	benihakobe	jmnedict:5747372	taiwan_and_culture
japanese	benihakobe	べにはこべ	jmnedict:5747372	taiwan_and_culture
japanese	benihakobe	紅はこべ	jmnedict:5747372	taiwan_and_culture
japanese	benisunishisu	benisunishisu	jmnedict:5741617	taiwan_and_culture
japanese	benisunishisu	ベニスにしす	jmnedict:5741617	taiwan_and_culture
japanese	benisunishisu	ベニスに死す	jmnedict:5741617	taiwan_and_culture
japanese	benisunoshounin	benisunoshounin	jmnedict:5074992	taiwan_and_culture
japanese	benisunoshounin	ベニスのしょうにん	jmnedict:5074992	taiwan_and_culture
japanese	benisunoshounin	ベニスの商人	jmnedict:5074992	taiwan_and_culture
japanese	beourufu	beourufu	jmnedict:5074517	taiwan_and_culture
japanese	beourufu	ベオウルフ	jmnedict:5074517	taiwan_and_culture
japanese	berubara	berubara	jmnedict:5075227	taiwan_and_culture
japanese	berubara	ベルばら	jmnedict:5075227	taiwan_and_culture
japanese	berusaiyunobara	berusaiyunobara	jmnedict:5075277	taiwan_and_culture
japanese	berusaiyunobara	ベルサイユのばら	jmnedict:5075277	taiwan_and_culture
japanese	besutokiddo	besutokiddo	jmnedict:5074789	taiwan_and_culture
japanese	besutokiddo	ベストキッド	jmnedict:5074789	taiwan_and_culture
japanese	bibariihiruzukoppusurii	bibariihiruzukoppusurii	jmnedict:5066730	taiwan_and_culture
japanese	bibariihiruzukoppusurii	ビバリーヒルズコップスリー	jmnedict:5066730	taiwan_and_culture
japanese	bibariihiruzukoppusurii	ビバリーヒルズコップ３	jmnedict:5066730	taiwan_and_culture
japanese	bibariihiruzukopputsuu	bibariihiruzukopputsuu	jmnedict:5066729	taiwan_and_culture
japanese	bibariihiruzukopputsuu	ビバリーヒルズコップツー	jmnedict:5066729	taiwan_and_culture
japanese	bibariihiruzukopputsuu	ビバリーヒルズコップ２	jmnedict:5066729	taiwan_and_culture
japanese	biggufuoo	biggufuoo	jmnedict:5066574	taiwan_and_culture
japanese	biggufuoo	ビッグフォー	jmnedict:5066574	taiwan_and_culture
japanese	biggufuoo	ビッグ４	jmnedict:5066574	taiwan_and_culture
japanese	bijotoyajuu	bijotoyajuu	jmnedict:5608701	taiwan_and_culture
japanese	bijotoyajuu	びじょとやじゅう	jmnedict:5608701	taiwan_and_culture
japanese	bijotoyajuu	美女と野獣	jmnedict:5608701	taiwan_and_culture
japanese	bikkurihausu	bikkurihausu	jmnedict:5743416	taiwan_and_culture
japanese	bikkurihausu	ビックリハウス	jmnedict:5743416	taiwan_and_culture
japanese	bikutaabikutoria	bikutaabikutoria	jmnedict:5066332	taiwan_and_culture
japanese	bikutaabikutoria	ビクタービクトリア	jmnedict:5066332	taiwan_and_culture
japanese	bobuandokyaroruandoteddoandoarisu	bobuandokyaroruandoteddoandoarisu	jmnedict:5078054	taiwan_and_culture
japanese	bobuandokyaroruandoteddoandoarisu	ボブアンドキャロルアンドテッドアンドアリス	jmnedict:5078054	taiwan_and_culture
japanese	bobuandokyaroruandoteddoandoarisu	ボブ＆キャロル＆テッド＆アリス	jmnedict:5078054	taiwan_and_culture
japanese	bokunopuremiaraifu	bokunopuremiaraifu	jmnedict:5005932	taiwan_and_culture
japanese	bokunopuremiaraifu	ぼくのプレミアライフ	jmnedict:5005932	taiwan_and_culture
japanese	botchan	botchan	jmnedict:5741603	taiwan_and_culture
japanese	botchan	ぼっちゃん	jmnedict:5741603	taiwan_and_culture
japanese	botchan	坊っちゃん	jmnedict:5741603	taiwan_and_culture
japanese	botchan	坊つちやん	jmnedict:5741603	taiwan_and_culture
japanese	bouringufuookoronbain	bouringufuookoronbain	jmnedict:5077760	taiwan_and_culture
japanese	bouringufuookoronbain	ボウリングフォーコロンバイン	jmnedict:5077760	taiwan_and_culture
japanese	bukiyosaraba	bukiyosaraba	jmnedict:5620813	taiwan_and_culture
japanese	bukiyosaraba	ぶきよさらば	jmnedict:5620813	taiwan_and_culture
japanese	bukiyosaraba	武器よさらば	jmnedict:5620813	taiwan_and_culture
japanese	bukouyawa	bukouyawa	jmnedict:5620930	taiwan_and_culture
japanese	bukouyawa	ぶこうやわ	jmnedict:5620930	taiwan_and_culture
japanese	bukouyawa	武功夜話	jmnedict:5620930	taiwan_and_culture
japanese	bungeishunjuu	bungeishunjuu	jmnedict:5627573	taiwan_and_culture
japanese	bungeishunjuu	ぶんげいしゅんじゅう	jmnedict:5627573	taiwan_and_culture
japanese	bungeishunjuu	文芸春秋	jmnedict:5627573	taiwan_and_culture
japanese	bungeishunjuu	文藝春秋	jmnedict:5627573	taiwan_and_culture
japanese	buraddoandowain	buraddoandowain	jmnedict:5071881	taiwan_and_culture
japanese	buraddoandowain	ブラッドアンドワイン	jmnedict:5071881	taiwan_and_culture
japanese	buraddoandowain	ブラッド＆ワイン	jmnedict:5071881	taiwan_and_culture
japanese	buraizuheddofutatabi	buraizuheddofutatabi	jmnedict:5071740	taiwan_and_culture
japanese	buraizuheddofutatabi	ブライヅヘッドふたたび	jmnedict:5071740	taiwan_and_culture
japanese	bureedorannaa	bureedorannaa	jmnedict:5072449	taiwan_and_culture
japanese	bureedorannaa	ブレードランナー	jmnedict:5072449	taiwan_and_culture
japanese	burimusuton'andotoriikuru	burimusuton'andotoriikuru	jmnedict:5072142	taiwan_and_culture
japanese	burimusuton'andotoriikuru	ブリムストンアンドトリークル	jmnedict:5072142	taiwan_and_culture
japanese	burimusuton'andotoriikuru	ブリムストン＆トリークル	jmnedict:5072142	taiwan_and_culture
japanese	buritanikahyakkajiten	buritanikahyakkajiten	jmnedict:5741860	taiwan_and_culture
japanese	buritanikahyakkajiten	ブリタニカひゃっかじてん	jmnedict:5741860	taiwan_and_culture
japanese	buritanikahyakkajiten	ブリタニカ百科事典	jmnedict:5741860	taiwan_and_culture
japanese	buritanikakokusaidaihyakkajiten	buritanikakokusaidaihyakkajiten	jmnedict:5744230	taiwan_and_culture
japanese	buritanikakokusaidaihyakkajiten	ブリタニカこくさいだいひゃっかじてん	jmnedict:5744230	taiwan_and_culture
japanese	buritanikakokusaidaihyakkajiten	ブリタニカ国際大百科事典	jmnedict:5744230	taiwan_and_culture
japanese	buritoniisupiaazu	buritoniisupiaazu	jmnedict:5743363	taiwan_and_culture
japanese	buritoniisupiaazu	ブリトニースピアーズ	jmnedict:5743363	taiwan_and_culture
japanese	burittoniisupiaazu	burittoniisupiaazu	jmnedict:5743363	taiwan_and_culture
japanese	burittoniisupiaazu	ブリットニースピアーズ	jmnedict:5743363	taiwan_and_culture
japanese	buroodoueinodaniiroozu	buroodoueinodaniiroozu	jmnedict:5072596	taiwan_and_culture
japanese	buroodoueinodaniiroozu	ブロードウェイのダニーローズ	jmnedict:5072596	taiwan_and_culture
japanese	buruaka	buruaka	jmnedict:5747454	taiwan_and_culture
japanese	buruaka	ブルアカ	jmnedict:5747454	taiwan_and_culture
japanese	burukkushiiruzunopuriteigyanburaa	burukkushiiruzunopuriteigyanburaa	jmnedict:5072340	taiwan_and_culture
japanese	burukkushiiruzunopuriteigyanburaa	ブルックシールズのプリティギャンブラー	jmnedict:5072340	taiwan_and_culture
japanese	buruubakkusu	buruubakkusu	jmnedict:5741136	taiwan_and_culture
japanese	buruubakkusu	ブルーバックス	jmnedict:5741136	taiwan_and_culture
japanese	buruusuburazaasutsuusauzando	buruusuburazaasutsuusauzando	jmnedict:5072234	taiwan_and_culture
japanese	buruusuburazaasutsuusauzando	ブルースブラザースツーサウザンド	jmnedict:5072234	taiwan_and_culture
japanese	buruusuburazaasutsuusauzando	ブルースブラザース２０００	jmnedict:5072234	taiwan_and_culture
japanese	butsumori	butsumori	jmnedict:5743638	taiwan_and_culture
japanese	butsumori	ぶつもり	jmnedict:5743638	taiwan_and_culture
japanese	butsumori	ぶつ森	jmnedict:5743638	taiwan_and_culture
japanese	byooku	byooku	jmnedict:5743939	taiwan_and_culture
japanese	byooku	ビョーク	jmnedict:5743939	taiwan_and_culture
japanese	byouritsu	byouritsu	jmnedict:5742251	taiwan_and_culture
japanese	byouritsu	びょうりつ	jmnedict:5742251	taiwan_and_culture
japanese	byouritsu	苗栗	jmnedict:5742251	taiwan_and_culture
japanese	chaariizuenjeru	chaariizuenjeru	jmnedict:5050424	taiwan_and_culture
japanese	chaariizuenjeru	チャーリーズエンジェル	jmnedict:5050424	taiwan_and_culture
japanese	chairudopureisurii	chairudopureisurii	jmnedict:5050492	taiwan_and_culture
japanese	chairudopureisurii	チャイルドプレイスリー	jmnedict:5050492	taiwan_and_culture
japanese	chairudopureisurii	チャイルドプレイ３	jmnedict:5050492	taiwan_and_culture
japanese	chairudopureitsuu	chairudopureitsuu	jmnedict:5050491	taiwan_and_culture
japanese	chairudopureitsuu	チャイルドプレイツー	jmnedict:5050491	taiwan_and_culture
japanese	chairudopureitsuu	チャイルドプレイ２	jmnedict:5050491	taiwan_and_culture
japanese	chatareifujinnokoibito	chatareifujinnokoibito	jmnedict:5741375	taiwan_and_culture
japanese	chatareifujinnokoibito	チャタレイふじんのこいびと	jmnedict:5741375	taiwan_and_culture
japanese	chatareifujinnokoibito	チャタレイ夫人の恋人	jmnedict:5741375	taiwan_and_culture
japanese	chaushinchii	chaushinchii	jmnedict:5351683	taiwan_and_culture
japanese	chaushinchii	チャウシンチー	jmnedict:5351683	taiwan_and_culture
japanese	chaushinchii	周星馳	jmnedict:5351683	taiwan_and_culture
japanese	chehoowa	chehoowa	jmnedict:5049886	taiwan_and_culture
japanese	chehoowa	チェホーワ	jmnedict:5049886	taiwan_and_culture
japanese	cheriitsuusauzando	cheriitsuusauzando	jmnedict:5049900	taiwan_and_culture
japanese	cheriitsuusauzando	チェリーツーサウザンド	jmnedict:5049900	taiwan_and_culture
japanese	cheriitsuusauzando	チェリー２０００	jmnedict:5049900	taiwan_and_culture
japanese	chibikurosanbo	chibikurosanbo	jmnedict:5004041	taiwan_and_culture
japanese	chibikurosanbo	ちびくろサンボ	jmnedict:5004041	taiwan_and_culture
japanese	chibimarukochan	chibimarukochan	jmnedict:5746136	taiwan_and_culture
japanese	chibimarukochan	ちびまるこちゃん	jmnedict:5746136	taiwan_and_culture
japanese	chibimarukochan	ちびまる子ちゃん	jmnedict:5746136	taiwan_and_culture
japanese	chiezou	chiezou	jmnedict:5507889	taiwan_and_culture
japanese	chiezou	ちえぞう	jmnedict:5507889	taiwan_and_culture
japanese	chiezou	知恵蔵	jmnedict:5507889	taiwan_and_culture
japanese	chigoineruwaizen	chigoineruwaizen	jmnedict:5050141	taiwan_and_culture
japanese	chigoineruwaizen	チゴイネルワイゼン	jmnedict:5050141	taiwan_and_culture
japanese	chikichikibanban	chikichikibanban	jmnedict:5744247	taiwan_and_culture
japanese	chikichikibanban	チキチキバンバン	jmnedict:5744247	taiwan_and_culture
japanese	chikuhoku	chikuhoku	jmnedict:5742096	taiwan_and_culture
japanese	chikuhoku	ちくほく	jmnedict:5742096	taiwan_and_culture
japanese	chikuhoku	竹北	jmnedict:5742096	taiwan_and_culture
japanese	chinmoku	chinmoku	jmnedict:5531003	taiwan_and_culture
japanese	chinmoku	ちんもく	jmnedict:5531003	taiwan_and_culture
japanese	chinmoku	沈黙	jmnedict:5531003	taiwan_and_culture
japanese	chinmokunoharu	chinmokunoharu	jmnedict:5531004	taiwan_and_culture
japanese	chinmokunoharu	ちんもくのはる	jmnedict:5531004	taiwan_and_culture
japanese	chinmokunoharu	沈黙の春	jmnedict:5531004	taiwan_and_culture
japanese	chinokakuko	chinokakuko	jmnedict:5462116	taiwan_and_culture
japanese	chinokakuko	ちのかくこ	jmnedict:5462116	taiwan_and_culture
japanese	chinokakuko	千之赫子	jmnedict:5462116	taiwan_and_culture
japanese	chinsuihen	chinsuihen	jmnedict:5531254	taiwan_and_culture
japanese	chinsuihen	ちんすいへん	jmnedict:5531254	taiwan_and_culture
japanese	chinsuihen	陳水扁	jmnedict:5531254	taiwan_and_culture
japanese	chiyatoriko	chiyatoriko	jmnedict:5741304	taiwan_and_culture
japanese	chiyatoriko	ちやとりこ	jmnedict:5741304	taiwan_and_culture
japanese	chiyatoriko	稚野鳥子	jmnedict:5741304	taiwan_and_culture
japanese	choubu	choubu	jmnedict:5743387	taiwan_and_culture
japanese	choubu	ちょうぶ	jmnedict:5743387	taiwan_and_culture
japanese	choubu	長部	jmnedict:5743387	taiwan_and_culture
japanese	chouchoufujin	chouchoufujin	jmnedict:5525808	taiwan_and_culture
japanese	chouchoufujin	ちょうちょうふじん	jmnedict:5525808	taiwan_and_culture
japanese	chouchoufujin	蝶々夫人	jmnedict:5525808	taiwan_and_culture
japanese	chouchoufujin	蝶々婦人	jmnedict:5525808	taiwan_and_culture
japanese	chouchoufujin	蝶蝶夫人	jmnedict:5525808	taiwan_and_culture
japanese	chougonka	chougonka	jmnedict:5741272	taiwan_and_culture
japanese	chougonka	ちょうごんか	jmnedict:5741272	taiwan_and_culture
japanese	chougonka	長恨歌	jmnedict:5741272	taiwan_and_culture
japanese	chougyodai	chougyodai	jmnedict:5534811	taiwan_and_culture
japanese	chougyodai	ちょうぎょだい	jmnedict:5534811	taiwan_and_culture
japanese	chougyodai	釣魚台	jmnedict:5534811	taiwan_and_culture
japanese	choujinkimetarudaa	choujinkimetarudaa	jmnedict:5742610	taiwan_and_culture
japanese	choujinkimetarudaa	ちょうじんきメタルダー	jmnedict:5742610	taiwan_and_culture
japanese	choujinkimetarudaa	超人機メタルダー	jmnedict:5742610	taiwan_and_culture
japanese	choujuugiga	choujuugiga	jmnedict:5743301	taiwan_and_culture
japanese	choujuugiga	ちょうじゅうぎが	jmnedict:5743301	taiwan_and_culture
japanese	choujuugiga	鳥獣戯画	jmnedict:5743301	taiwan_and_culture
japanese	chourikisentaioorenjaa	chourikisentaioorenjaa	jmnedict:5741249	taiwan_and_culture
japanese	chourikisentaioorenjaa	ちょうりきせんたいオーレンジャー	jmnedict:5741249	taiwan_and_culture
japanese	chourikisentaioorenjaa	超力戦隊オーレンジャー	jmnedict:5741249	taiwan_and_culture
japanese	choushinseifurasshuman	choushinseifurasshuman	jmnedict:5741335	taiwan_and_culture
japanese	choushinseifurasshuman	ちょうしんせいフラッシュマン	jmnedict:5741335	taiwan_and_culture
japanese	choushinseifurasshuman	超新星フラッシュマン	jmnedict:5741335	taiwan_and_culture
japanese	chouyunfua	chouyunfua	jmnedict:5351651	taiwan_and_culture
japanese	chouyunfua	チョウユンファ	jmnedict:5351651	taiwan_and_culture
japanese	chouyunfua	周潤發	jmnedict:5351651	taiwan_and_culture
japanese	chuukaminkoku	chuukaminkoku	jmnedict:5515261	taiwan_and_culture
japanese	chuukaminkoku	ちゅうかみんこく	jmnedict:5515261	taiwan_and_culture
japanese	chuukaminkoku	中華民国	jmnedict:5515261	taiwan_and_culture
japanese	chuukaminkokukougyouanzen'eiseikyoukai	chuukaminkokukougyouanzen'eiseikyoukai	jmnedict:5515263	taiwan_and_culture
japanese	chuukaminkokukougyouanzen'eiseikyoukai	ちゅうかみんこくこうぎょうあんぜんえいせいきょうかい	jmnedict:5515263	taiwan_and_culture
japanese	chuukaminkokukougyouanzen'eiseikyoukai	中華民国工業安全衛生協会	jmnedict:5515263	taiwan_and_culture
japanese	chuuoukouron	chuuoukouron	jmnedict:5514999	taiwan_and_culture
japanese	chuuoukouron	ちゅうおうこうろん	jmnedict:5514999	taiwan_and_culture
japanese	chuuoukouron	中央公論	jmnedict:5514999	taiwan_and_culture
japanese	chuuousanmyaku	chuuousanmyaku	jmnedict:5745924	taiwan_and_culture
japanese	chuuousanmyaku	ちゅうおうさんみゃく	jmnedict:5745924	taiwan_and_culture
japanese	chuuousanmyaku	中央山脈	jmnedict:5745924	taiwan_and_culture
japanese	chuuryuubunkakeizaikyoukai	chuuryuubunkakeizaikyoukai	jmnedict:5520595	taiwan_and_culture
japanese	chuuryuubunkakeizaikyoukai	ちゅうりゅうぶんかけいざいきょうかい	jmnedict:5520595	taiwan_and_culture
japanese	chuuryuubunkakeizaikyoukai	中琉文化経済協会	jmnedict:5520595	taiwan_and_culture
japanese	daashenka	daashenka	jmnedict:5048735	taiwan_and_culture
japanese	daashenka	ダーシェンカ	jmnedict:5048735	taiwan_and_culture
japanese	dafunisutokuroe	dafunisutokuroe	jmnedict:5741434	taiwan_and_culture
japanese	dafunisutokuroe	ダフニスとクロエ	jmnedict:5741434	taiwan_and_culture
japanese	daibosatsutouge	daibosatsutouge	jmnedict:5497953	taiwan_and_culture
japanese	daibosatsutouge	だいぼさつとうげ	jmnedict:5497953	taiwan_and_culture
japanese	daibosatsutouge	大菩薩峠	jmnedict:5497953	taiwan_and_culture
japanese	daigenkai	daigenkai	jmnedict:5741721	taiwan_and_culture
japanese	daigenkai	だいげんかい	jmnedict:5741721	taiwan_and_culture
japanese	daigenkai	大言海	jmnedict:5741721	taiwan_and_culture
japanese	daigyakuten	daigyakuten	jmnedict:5743037	taiwan_and_culture
japanese	daigyakuten	だいぎゃくてん	jmnedict:5743037	taiwan_and_culture
japanese	daigyakuten	大逆転	jmnedict:5743037	taiwan_and_culture
japanese	daijirin	daijirin	jmnedict:5492134	taiwan_and_culture
japanese	daijirin	だいじりん	jmnedict:5492134	taiwan_and_culture
japanese	daijirin	大辞林	jmnedict:5492134	taiwan_and_culture
japanese	daijisen	daijisen	jmnedict:5492133	taiwan_and_culture
japanese	daijisen	だいじせん	jmnedict:5492133	taiwan_and_culture
japanese	daijisen	大辞泉	jmnedict:5492133	taiwan_and_culture
japanese	dainasutei	dainasutei	jmnedict:5048891	taiwan_and_culture
japanese	dainasutei	ダイナスティ	jmnedict:5048891	taiwan_and_culture
japanese	dainasuteii	dainasuteii	jmnedict:5048891	taiwan_and_culture
japanese	dainasuteii	ダイナスティー	jmnedict:5048891	taiwan_and_culture
japanese	daininosei	daininosei	jmnedict:5500056	taiwan_and_culture
japanese	daininosei	だいにのせい	jmnedict:5500056	taiwan_and_culture
japanese	daininosei	第二の性	jmnedict:5500056	taiwan_and_culture
japanese	daisannootoko	daisannootoko	jmnedict:5746173	taiwan_and_culture
japanese	daisannootoko	だいさんのおとこ	jmnedict:5746173	taiwan_and_culture
japanese	daisannootoko	第三の男	jmnedict:5746173	taiwan_and_culture
japanese	daiyaruemu	daiyaruemu	jmnedict:5048920	taiwan_and_culture
japanese	daiyaruemu	ダイヤルエム	jmnedict:5048920	taiwan_and_culture
japanese	daiyaruemu	ダイヤルＭ	jmnedict:5048920	taiwan_and_culture
japanese	dakukou	dakukou	jmnedict:5742314	taiwan_and_culture
japanese	dakukou	だくこう	jmnedict:5742314	taiwan_and_culture
japanese	dakukou	打狗港	jmnedict:5742314	taiwan_and_culture
japanese	dakusuikei	dakusuikei	jmnedict:5747977	taiwan_and_culture
japanese	dakusuikei	だくすいけい	jmnedict:5747977	taiwan_and_culture
japanese	dakusuikei	濁水渓	jmnedict:5747977	taiwan_and_culture
japanese	danbo	danbo	jmnedict:5743464	taiwan_and_culture
japanese	danbo	ダンボ	jmnedict:5743464	taiwan_and_culture
japanese	danjon'andodoragon	danjon'andodoragon	jmnedict:5049532	taiwan_and_culture
japanese	danjon'andodoragon	ダンジョンアンドドラゴン	jmnedict:5049532	taiwan_and_culture
japanese	danjon'andodoragon	ダンジョン＆ドラゴン	jmnedict:5049532	taiwan_and_culture
japanese	danjuuroujou	danjuuroujou	jmnedict:5742579	taiwan_and_culture
japanese	danjuuroujou	だんじゅうろうじょう	jmnedict:5742579	taiwan_and_culture
japanese	danjuuroujou	団十郎丈	jmnedict:5742579	taiwan_and_culture
japanese	davyinchikoodo	davyinchikoodo	jmnedict:5741581	taiwan_and_culture
japanese	davyinchikoodo	ダヴィンチコード	jmnedict:5741581	taiwan_and_culture
japanese	dazaiosamu	dazaiosamu	jmnedict:5484619	taiwan_and_culture
japanese	dazaiosamu	だざいおさむ	jmnedict:5484619	taiwan_and_culture
japanese	dazaiosamu	太宰治	jmnedict:5484619	taiwan_and_culture
japanese	debukonfuoo	debukonfuoo	jmnedict:5053763	taiwan_and_culture
japanese	debukonfuoo	デブコンフォー	jmnedict:5053763	taiwan_and_culture
japanese	debukonfuoo	デブコン４	jmnedict:5053763	taiwan_and_culture
japanese	deikou	deikou	jmnedict:5741752	taiwan_and_culture
japanese	deikou	デイコウ	jmnedict:5741752	taiwan_and_culture
japanese	deikou	禰衡	jmnedict:5741752	taiwan_and_culture
japanese	deimenshasaateiin	deimenshasaateiin	jmnedict:5053291	taiwan_and_culture
japanese	deimenshasaateiin	ディメンシャサーティーン	jmnedict:5053291	taiwan_and_culture
japanese	deimenshasaateiin	ディメンシャ１３	jmnedict:5053291	taiwan_and_culture
japanese	deio	deio	jmnedict:5053076	taiwan_and_culture
japanese	deio	ディオ	jmnedict:5053076	taiwan_and_culture
japanese	deionyusosutan	deionyusosutan	jmnedict:5742125	taiwan_and_culture
japanese	deionyusosutan	ディオニュソスたん	jmnedict:5742125	taiwan_and_culture
japanese	deionyusosutan	ディオニュソス譚	jmnedict:5742125	taiwan_and_culture
japanese	deisupareito	deisupareito	jmnedict:5741218	taiwan_and_culture
japanese	deisupareito	ディスパレイト	jmnedict:5741218	taiwan_and_culture
japanese	deivyiddorinchi	deivyiddorinchi	jmnedict:5052880	taiwan_and_culture
japanese	deivyiddorinchi	デイヴィッドリンチ	jmnedict:5052880	taiwan_and_culture
japanese	dejimon	dejimon	jmnedict:5053539	taiwan_and_culture
japanese	dejimon	デジモン	jmnedict:5053539	taiwan_and_culture
japanese	dejitarudaijisen	dejitarudaijisen	jmnedict:5745261	taiwan_and_culture
japanese	dejitarudaijisen	デジタルだいじせん	jmnedict:5745261	taiwan_and_culture
japanese	dejitarudaijisen	デジタル大辞泉	jmnedict:5745261	taiwan_and_culture
japanese	dejitarumonsutaa	dejitarumonsutaa	jmnedict:5053536	taiwan_and_culture
japanese	dejitarumonsutaa	デジタルモンスター	jmnedict:5053536	taiwan_and_culture
japanese	dekameron	dekameron	jmnedict:5053456	taiwan_and_culture
japanese	dekameron	デカメロン	jmnedict:5053456	taiwan_and_culture
japanese	dekobokomoujuugari	dekobokomoujuugari	jmnedict:5567900	taiwan_and_culture
japanese	dekobokomoujuugari	でこぼこもうじゅうがり	jmnedict:5567900	taiwan_and_culture
japanese	dekobokomoujuugari	凸凹猛獣狩	jmnedict:5567900	taiwan_and_culture
japanese	denshaotoko	denshaotoko	jmnedict:5545218	taiwan_and_culture
japanese	denshaotoko	でんしゃおとこ	jmnedict:5545218	taiwan_and_culture
japanese	denshaotoko	電車男	jmnedict:5545218	taiwan_and_culture
japanese	dentouroku	dentouroku	jmnedict:5541816	taiwan_and_culture
japanese	dentouroku	でんとうろく	jmnedict:5541816	taiwan_and_culture
japanese	dentouroku	伝灯録	jmnedict:5541816	taiwan_and_culture
japanese	derusuuzaara	derusuuzaara	jmnedict:5054248	taiwan_and_culture
japanese	derusuuzaara	デルスウザーラ	jmnedict:5054248	taiwan_and_culture
japanese	derutafuoosusurii	derutafuoosusurii	jmnedict:5054255	taiwan_and_culture
japanese	derutafuoosusurii	デルタフォーススリー	jmnedict:5054255	taiwan_and_culture
japanese	derutafuoosusurii	デルタフォース３	jmnedict:5054255	taiwan_and_culture
japanese	derutafuoosutsuu	derutafuoosutsuu	jmnedict:5054254	taiwan_and_culture
japanese	derutafuoosutsuu	デルタフォースツー	jmnedict:5054254	taiwan_and_culture
japanese	derutafuoosutsuu	デルタフォース２	jmnedict:5054254	taiwan_and_culture
japanese	deyuun	deyuun	jmnedict:5747630	taiwan_and_culture
japanese	deyuun	デューン	jmnedict:5747630	taiwan_and_culture
japanese	dochirinakirishitan	dochirinakirishitan	jmnedict:5743308	taiwan_and_culture
japanese	dochirinakirishitan	ドチリナキリシタン	jmnedict:5743308	taiwan_and_culture
japanese	dodesukaden	dodesukaden	jmnedict:5004629	taiwan_and_culture
japanese	dodesukaden	どですかでん	jmnedict:5004629	taiwan_and_culture
japanese	dokuganryuumasamune	dokuganryuumasamune	jmnedict:5743028	taiwan_and_culture
japanese	dokuganryuumasamune	どくがんりゅうまさむね	jmnedict:5743028	taiwan_and_culture
japanese	dokuganryuumasamune	独眼竜政宗	jmnedict:5743028	taiwan_and_culture
japanese	dokutaafuu	dokutaafuu	jmnedict:5746614	taiwan_and_culture
japanese	dokutaafuu	ドクターフー	jmnedict:5746614	taiwan_and_culture
japanese	donjobanni	donjobanni	jmnedict:5057516	taiwan_and_culture
japanese	donjobanni	ドンジョバンニ	jmnedict:5057516	taiwan_and_culture
japanese	donkanryoku	donkanryoku	jmnedict:5568896	taiwan_and_culture
japanese	donkanryoku	どんかんりょく	jmnedict:5568896	taiwan_and_culture
japanese	donkanryoku	鈍感力	jmnedict:5568896	taiwan_and_culture
japanese	donkihoote	donkihoote	jmnedict:5057500	taiwan_and_culture
japanese	donkihoote	ドンキホーテ	jmnedict:5057500	taiwan_and_culture
japanese	donkiikongu	donkiikongu	jmnedict:5743350	taiwan_and_culture
japanese	donkiikongu	ドンキーコング	jmnedict:5743350	taiwan_and_culture
japanese	donzoko	donzoko	jmnedict:5742138	taiwan_and_culture
japanese	donzoko	どんぞこ	jmnedict:5742138	taiwan_and_culture
japanese	donzoko	どん底	jmnedict:5742138	taiwan_and_culture
japanese	dooruzutsuu	dooruzutsuu	jmnedict:5056345	taiwan_and_culture
japanese	dooruzutsuu	ドールズツー	jmnedict:5056345	taiwan_and_culture
japanese	dooruzutsuu	ドールズ２	jmnedict:5056345	taiwan_and_culture
japanese	doraemon	doraemon	jmnedict:5057082	taiwan_and_culture
japanese	doraemon	ドラえもん	jmnedict:5057082	taiwan_and_culture
japanese	doragonbooru	doragonbooru	jmnedict:5744166	taiwan_and_culture
japanese	doragonbooru	ドラゴンボール	jmnedict:5744166	taiwan_and_culture
japanese	doragonkuesuto	doragonkuesuto	jmnedict:5057131	taiwan_and_culture
japanese	doragonkuesuto	ドラゴンクエスト	jmnedict:5057131	taiwan_and_culture
japanese	doraibingumisudeijii	doraibingumisudeijii	jmnedict:5057096	taiwan_and_culture
japanese	doraibingumisudeijii	ドライビングミスデイジー	jmnedict:5057096	taiwan_and_culture
japanese	doraibingumisudeijii	ドライビングＭＩＳＳデイジー	jmnedict:5057096	taiwan_and_culture
japanese	doraibukurabu	doraibukurabu	jmnedict:5747218	taiwan_and_culture
japanese	doraibukurabu	ドライブクラブ	jmnedict:5747218	taiwan_and_culture
japanese	dorakue	dorakue	jmnedict:5740833	taiwan_and_culture
japanese	dorakue	ドラクエ	jmnedict:5740833	taiwan_and_culture
japanese	dorakyura	dorakyura	jmnedict:5057109	taiwan_and_culture
japanese	dorakyura	ドラキュラ	jmnedict:5057109	taiwan_and_culture
japanese	dorotabou	dorotabou	jmnedict:5741745	taiwan_and_culture
japanese	dorotabou	どろたぼう	jmnedict:5741745	taiwan_and_culture
japanese	dorotabou	泥田坊	jmnedict:5741745	taiwan_and_culture
japanese	doubutsunomori	doubutsunomori	jmnedict:5742670	taiwan_and_culture
japanese	doubutsunomori	どうぶつのもり	jmnedict:5742670	taiwan_and_culture
japanese	doubutsunomori	どうぶつの森	jmnedict:5742670	taiwan_and_culture
japanese	doubutsunoujou	doubutsunoujou	jmnedict:5747198	taiwan_and_culture
japanese	doubutsunoujou	どうぶつのうじょう	jmnedict:5747198	taiwan_and_culture
japanese	doubutsunoujou	動物農場	jmnedict:5747198	taiwan_and_culture
japanese	doukutsunojoou	doukutsunojoou	jmnedict:5741580	taiwan_and_culture
japanese	doukutsunojoou	どうくつのじょおう	jmnedict:5741580	taiwan_and_culture
japanese	doukutsunojoou	洞窟の女王	jmnedict:5741580	taiwan_and_culture
japanese	doumori	doumori	jmnedict:5743634	taiwan_and_culture
japanese	doumori	どうもり	jmnedict:5743634	taiwan_and_culture
japanese	doumori	どう森	jmnedict:5743634	taiwan_and_culture
japanese	douumuzudeibukku	douumuzudeibukku	jmnedict:5056434	taiwan_and_culture
japanese	douumuzudeibukku	ドゥームズデイブック	jmnedict:5056434	taiwan_and_culture
japanese	eaurufu	eaurufu	jmnedict:5016616	taiwan_and_culture
japanese	eaurufu	エアウルフ	jmnedict:5016616	taiwan_and_culture
japanese	ebibokusaa	ebibokusaa	jmnedict:5001361	taiwan_and_culture
japanese	ebibokusaa	えびボクサー	jmnedict:5001361	taiwan_and_culture
japanese	edeiandozakuruuzaazu	edeiandozakuruuzaazu	jmnedict:5017339	taiwan_and_culture
japanese	edeiandozakuruuzaazu	エディアンドザクルーザーズ	jmnedict:5017339	taiwan_and_culture
japanese	edeiandozakuruuzaazu	エディ＆ザクルーザーズ	jmnedict:5017339	taiwan_and_culture
japanese	eguzekuteibudeshijon	eguzekuteibudeshijon	jmnedict:5016897	taiwan_and_culture
japanese	eguzekuteibudeshijon	エグゼクティブデシジョン	jmnedict:5016897	taiwan_and_culture
japanese	eienheiwanotameni	eienheiwanotameni	jmnedict:5137659	taiwan_and_culture
japanese	eienheiwanotameni	えいえんへいわのために	jmnedict:5137659	taiwan_and_culture
japanese	eienheiwanotameni	永遠平和のために	jmnedict:5137659	taiwan_and_culture
japanese	eigamonogatari	eigamonogatari	jmnedict:5136734	taiwan_and_culture
japanese	eigamonogatari	えいがものがたり	jmnedict:5136734	taiwan_and_culture
japanese	eigamonogatari	栄花物語	jmnedict:5136734	taiwan_and_culture
japanese	eigamonogatari	栄華物語	jmnedict:5136734	taiwan_and_culture
japanese	eipumanhitoribotchi	eipumanhitoribotchi	jmnedict:5016716	taiwan_and_culture
japanese	eipumanhitoribotchi	エイプマンひとりぼっち	jmnedict:5016716	taiwan_and_culture
japanese	eirakutaiten	eirakutaiten	jmnedict:5743978	taiwan_and_culture
japanese	eirakutaiten	えいらくたいてん	jmnedict:5743978	taiwan_and_culture
japanese	eirakutaiten	永楽大典	jmnedict:5743978	taiwan_and_culture
japanese	eirianbuiesupuredetaa	eirianbuiesupuredetaa	jmnedict:5016742	taiwan_and_culture
japanese	eirianbuiesupuredetaa	エイリアンブイエスプレデター	jmnedict:5016742	taiwan_and_culture
japanese	eirianbuiesupuredetaa	エイリアンｖｓプレデター	jmnedict:5016742	taiwan_and_culture
japanese	eiseifukuribu	eiseifukuribu	jmnedict:5743865	taiwan_and_culture
japanese	eiseifukuribu	えいせいふくりぶ	jmnedict:5743865	taiwan_and_culture
japanese	eiseifukuribu	衛生福利部	jmnedict:5743865	taiwan_and_culture
japanese	eiwataiyakushuuchinjisho	eiwataiyakushuuchinjisho	jmnedict:5741515	taiwan_and_culture
japanese	eiwataiyakushuuchinjisho	えいわたいやくしゅうちんじしょ	jmnedict:5741515	taiwan_and_culture
japanese	eiwataiyakushuuchinjisho	英和対訳袖珍辞書	jmnedict:5741515	taiwan_and_culture
japanese	eiyuudensetsu	eiyuudensetsu	jmnedict:5743337	taiwan_and_culture
japanese	eiyuudensetsu	えいゆうでんせつ	jmnedict:5743337	taiwan_and_culture
japanese	eiyuudensetsu	英雄伝説	jmnedict:5743337	taiwan_and_culture
japanese	eiyuukoukyoukyoku	eiyuukoukyoukyoku	jmnedict:5140478	taiwan_and_culture
japanese	eiyuukoukyoukyoku	えいゆうこうきょうきょく	jmnedict:5140478	taiwan_and_culture
japanese	eiyuukoukyoukyoku	英雄交響曲	jmnedict:5140478	taiwan_and_culture
japanese	ekonomisuto	ekonomisuto	jmnedict:5746853	taiwan_and_culture
japanese	ekonomisuto	エコノミスト	jmnedict:5746853	taiwan_and_culture
japanese	ekusoshisuto	ekusoshisuto	jmnedict:5016863	taiwan_and_culture
japanese	ekusoshisuto	エクソシスト	jmnedict:5016863	taiwan_and_culture
japanese	enjerubebii	enjerubebii	jmnedict:5018549	taiwan_and_culture
japanese	enjerubebii	エンジェルベビー	jmnedict:5018549	taiwan_and_culture
japanese	enjerusu	enjerusu	jmnedict:5018547	taiwan_and_culture
japanese	enjerusu	エンジェルス	jmnedict:5018547	taiwan_and_culture
japanese	enpaiarekoodo	enpaiarekoodo	jmnedict:5018626	taiwan_and_culture
japanese	enpaiarekoodo	エンパイアレコード	jmnedict:5018626	taiwan_and_culture
japanese	enzerubebii	enzerubebii	jmnedict:5018565	taiwan_and_culture
japanese	enzerubebii	エンゼルベビー	jmnedict:5018565	taiwan_and_culture
japanese	eriizenotameni	eriizenotameni	jmnedict:5742609	taiwan_and_culture
japanese	eriizenotameni	エリーゼのために	jmnedict:5742609	taiwan_and_culture
japanese	essee	essee	jmnedict:5746999	taiwan_and_culture
japanese	essee	エッセー	jmnedict:5746999	taiwan_and_culture
japanese	evuangerion	evuangerion	jmnedict:5018680	taiwan_and_culture
japanese	evuangerion	エヴァンゲリオン	jmnedict:5018680	taiwan_and_culture
japanese	evugeniioneegin	evugeniioneegin	jmnedict:5741447	taiwan_and_culture
japanese	evugeniioneegin	エヴゲニーオネーギン	jmnedict:5741447	taiwan_and_culture
japanese	fuaaren	fuaaren	jmnedict:5068149	taiwan_and_culture
japanese	fuaaren	ファーレン	jmnedict:5068149	taiwan_and_culture
japanese	fuamiriibijinesu	fuamiriibijinesu	jmnedict:5746453	taiwan_and_culture
japanese	fuamiriibijinesu	ファミリービジネス	jmnedict:5746453	taiwan_and_culture
japanese	fuamitsuu	fuamitsuu	jmnedict:5741754	taiwan_and_culture
japanese	fuamitsuu	ファミつう	jmnedict:5741754	taiwan_and_culture
japanese	fuamitsuu	ファミ通	jmnedict:5741754	taiwan_and_culture
japanese	fuangohhonoshinshitsu	fuangohhonoshinshitsu	jmnedict:5746802	taiwan_and_culture
japanese	fuangohhonoshinshitsu	ファンゴッホのしんしつ	jmnedict:5746802	taiwan_and_culture
japanese	fuangohhonoshinshitsu	ファンゴッホの寝室	jmnedict:5746802	taiwan_and_culture
japanese	fuaniitoarekusanderu	fuaniitoarekusanderu	jmnedict:5068319	taiwan_and_culture
japanese	fuaniitoarekusanderu	ファニーとアレクサンデル	jmnedict:5068319	taiwan_and_culture
japanese	fuarosutofuariron	fuarosutofuariron	jmnedict:5068542	taiwan_and_culture
japanese	fuarosutofuariron	ファロスとファリロン	jmnedict:5068542	taiwan_and_culture
japanese	fugakusanjuurokkei	fugakusanjuurokkei	jmnedict:5618464	taiwan_and_culture
japanese	fugakusanjuurokkei	ふがくさんじゅうろっけい	jmnedict:5618464	taiwan_and_culture
japanese	fugakusanjuurokkei	富嶽三十六景	jmnedict:5618464	taiwan_and_culture
japanese	fukakyon	fukakyon	jmnedict:5070077	taiwan_and_culture
japanese	fukakyon	フカキョン	jmnedict:5070077	taiwan_and_culture
japanese	fukee	fukee	jmnedict:5070113	taiwan_and_culture
japanese	fukee	フケー	jmnedict:5070113	taiwan_and_culture
japanese	fukurakuen	fukurakuen	jmnedict:5746657	taiwan_and_culture
japanese	fukurakuen	ふくらくえん	jmnedict:5746657	taiwan_and_culture
japanese	fukurakuen	復楽園	jmnedict:5746657	taiwan_and_culture
japanese	fumiyomutsukihi	fumiyomutsukihi	jmnedict:5741197	taiwan_and_culture
japanese	fumiyomutsukihi	ふみよむつきひ	jmnedict:5741197	taiwan_and_culture
japanese	fumiyomutsukihi	文読む月日	jmnedict:5741197	taiwan_and_culture
japanese	funewoamu	funewoamu	jmnedict:5741977	taiwan_and_culture
japanese	funewoamu	ふねをあむ	jmnedict:5741977	taiwan_and_culture
japanese	funewoamu	舟を編む	jmnedict:5741977	taiwan_and_culture
japanese	fuoomosa	fuoomosa	jmnedict:5069716	taiwan_and_culture
japanese	fuoomosa	フォーモサ	jmnedict:5069716	taiwan_and_culture
japanese	fuoosu	fuoosu	jmnedict:5069619	taiwan_and_culture
japanese	fuoosu	フォース	jmnedict:5069619	taiwan_and_culture
japanese	fuootonaito	fuootonaito	jmnedict:5746667	taiwan_and_culture
japanese	fuootonaito	フォートナイト	jmnedict:5746667	taiwan_and_culture
japanese	fuorumosa	fuorumosa	jmnedict:5069972	taiwan_and_culture
japanese	fuorumosa	フォルモサ	jmnedict:5069972	taiwan_and_culture
japanese	furandaasunoinu	furandaasunoinu	jmnedict:5746135	taiwan_and_culture
japanese	furandaasunoinu	フランダースのいぬ	jmnedict:5746135	taiwan_and_culture
japanese	furandaasunoinu	フランダースの犬	jmnedict:5746135	taiwan_and_culture
japanese	furaniitozooii	furaniitozooii	jmnedict:5070483	taiwan_and_culture
japanese	furaniitozooii	フラニーとゾーイー	jmnedict:5070483	taiwan_and_culture
japanese	furankushinatora	furankushinatora	jmnedict:5070533	taiwan_and_culture
japanese	furankushinatora	フランクシナトラ	jmnedict:5070533	taiwan_and_culture
japanese	furanteikku	furanteikku	jmnedict:5070665	taiwan_and_culture
japanese	furanteikku	フランティック	jmnedict:5070665	taiwan_and_culture
japanese	furenzu	furenzu	jmnedict:5071160	taiwan_and_culture
japanese	furenzu	フレンズ	jmnedict:5071160	taiwan_and_culture
japanese	furesshugoodon	furesshugoodon	jmnedict:5071076	taiwan_and_culture
japanese	furesshugoodon	フレッシュゴードン	jmnedict:5071076	taiwan_and_culture
japanese	furiiuiriisurii	furiiuiriisurii	jmnedict:5070676	taiwan_and_culture
japanese	furiiuiriisurii	フリーウィリースリー	jmnedict:5070676	taiwan_and_culture
japanese	furiiuiriisurii	フリーウィリー３	jmnedict:5070676	taiwan_and_culture
japanese	furiiuiriitsuu	furiiuiriitsuu	jmnedict:5070675	taiwan_and_culture
japanese	furiiuiriitsuu	フリーウィリーツー	jmnedict:5070675	taiwan_and_culture
japanese	furiiuiriitsuu	フリーウィリー２	jmnedict:5070675	taiwan_and_culture
japanese	furintosutoon	furintosutoon	jmnedict:5070875	taiwan_and_culture
japanese	furintosutoon	フリントストーン	jmnedict:5070875	taiwan_and_culture
japanese	furippaa	furippaa	jmnedict:5070823	taiwan_and_culture
japanese	furippaa	フリッパー	jmnedict:5070823	taiwan_and_culture
japanese	furuichikootaroo	furuichikootaroo	jmnedict:5256228	taiwan_and_culture
japanese	furuichikootaroo	ふるいちコータロー	jmnedict:5256228	taiwan_and_culture
japanese	furuichikootaroo	古市コータロー	jmnedict:5256228	taiwan_and_culture
japanese	fushiginokuninoarisu	fushiginokuninoarisu	jmnedict:5616239	taiwan_and_culture
japanese	fushiginokuninoarisu	ふしぎのくにのアリス	jmnedict:5616239	taiwan_and_culture
japanese	fushiginokuninoarisu	不思議の国のアリス	jmnedict:5616239	taiwan_and_culture
japanese	futaribakama	futaribakama	jmnedict:5578450	taiwan_and_culture
japanese	futaribakama	ふたりばかま	jmnedict:5578450	taiwan_and_culture
japanese	futaribakama	二人袴	jmnedict:5578450	taiwan_and_culture
japanese	futaridesuroodansuwo	futaridesuroodansuwo	jmnedict:5005723	taiwan_and_culture
japanese	futaridesuroodansuwo	ふたりでスローダンスを	jmnedict:5005723	taiwan_and_culture
japanese	futarinorotte	futarinorotte	jmnedict:5005724	taiwan_and_culture
japanese	futarinorotte	ふたりのロッテ	jmnedict:5005724	taiwan_and_culture
japanese	fuuganogihou	fuuganogihou	jmnedict:5067984	taiwan_and_culture
japanese	fuuganogihou	フーガのぎほう	jmnedict:5067984	taiwan_and_culture
japanese	fuuganogihou	フーガの技法	jmnedict:5067984	taiwan_and_culture
japanese	fuyunosonata	fuyunosonata	jmnedict:5549908	taiwan_and_culture
japanese	fuyunosonata	ふゆのソナタ	jmnedict:5549908	taiwan_and_culture
japanese	fuyunosonata	冬のソナタ	jmnedict:5549908	taiwan_and_culture
japanese	fuyusona	fuyusona	jmnedict:5549909	taiwan_and_culture
japanese	fuyusona	ふゆソナ	jmnedict:5549909	taiwan_and_culture
japanese	fuyusona	冬ソナ	jmnedict:5549909	taiwan_and_culture
japanese	fyerukisshaabeobahataa	fyerukisshaabeobahataa	jmnedict:5744311	taiwan_and_culture
japanese	fyerukisshaabeobahataa	フェルキッシャーベオバハター	jmnedict:5744311	taiwan_and_culture
japanese	gaarupoppu	gaarupoppu	jmnedict:5741259	taiwan_and_culture
japanese	gaarupoppu	ガールポップ	jmnedict:5741259	taiwan_and_culture
japanese	gaatoruudotokuroodeiasu	gaatoruudotokuroodeiasu	jmnedict:5024031	taiwan_and_culture
japanese	gaatoruudotokuroodeiasu	ガートルードとクローディアス	jmnedict:5024031	taiwan_and_culture
japanese	gakenouenoponyo	gakenouenoponyo	jmnedict:5741621	taiwan_and_culture
japanese	gakenouenoponyo	がけのうえのポニョ	jmnedict:5741621	taiwan_and_culture
japanese	gakenouenoponyo	崖の上のポニョ	jmnedict:5741621	taiwan_and_culture
japanese	gakumonnosusume	gakumonnosusume	jmnedict:5746670	taiwan_and_culture
japanese	gakumonnosusume	がくもんのすすめ	jmnedict:5746670	taiwan_and_culture
japanese	gakumonnosusume	学問のすすめ	jmnedict:5746670	taiwan_and_culture
japanese	gakumonnosusume	学問のすゝめ	jmnedict:5746670	taiwan_and_culture
japanese	gakumonnosusume	学問ノススメ	jmnedict:5746670	taiwan_and_culture
japanese	gan	gan	jmnedict:5196415	taiwan_and_culture
japanese	gan	がん	jmnedict:5196415	taiwan_and_culture
japanese	gan	雁	jmnedict:5196415	taiwan_and_culture
japanese	ganimedenokurisumasu	ganimedenokurisumasu	jmnedict:5024402	taiwan_and_culture
japanese	ganimedenokurisumasu	ガニメデのクリスマス	jmnedict:5024402	taiwan_and_culture
japanese	gankutsuou	gankutsuou	jmnedict:5194152	taiwan_and_culture
japanese	gankutsuou	がんくつおう	jmnedict:5194152	taiwan_and_culture
japanese	gankutsuou	巌窟王	jmnedict:5194152	taiwan_and_culture
japanese	ganmania	ganmania	jmnedict:5743206	taiwan_and_culture
japanese	ganmania	ガンマニア	jmnedict:5743206	taiwan_and_culture
japanese	ganmu	ganmu	jmnedict:5742042	taiwan_and_culture
japanese	ganmu	がんむ	jmnedict:5742042	taiwan_and_culture
japanese	ganmu	銃夢	jmnedict:5742042	taiwan_and_culture
japanese	gaoshun	gaoshun	jmnedict:5024193	taiwan_and_culture
japanese	gaoshun	ガォシュン	jmnedict:5024193	taiwan_and_culture
japanese	garasudamaengi	garasudamaengi	jmnedict:5024538	taiwan_and_culture
japanese	garasudamaengi	ガラスだまえんぎ	jmnedict:5024538	taiwan_and_culture
japanese	garasudamaengi	ガラス玉演戯	jmnedict:5024538	taiwan_and_culture
japanese	garasunodoubutsuen	garasunodoubutsuen	jmnedict:5742459	taiwan_and_culture
japanese	garasunodoubutsuen	ガラスのどうぶつえん	jmnedict:5742459	taiwan_and_culture
japanese	garasunodoubutsuen	ガラスの動物園	jmnedict:5742459	taiwan_and_culture
japanese	garasunofuamirii	garasunofuamirii	jmnedict:5024536	taiwan_and_culture
japanese	garasunofuamirii	ガラスのファミリー	jmnedict:5024536	taiwan_and_culture
japanese	garasunokamen	garasunokamen	jmnedict:5746596	taiwan_and_culture
japanese	garasunokamen	ガラスのかめん	jmnedict:5746596	taiwan_and_culture
japanese	garasunokamen	ガラスの仮面	jmnedict:5746596	taiwan_and_culture
japanese	gariasenki	gariasenki	jmnedict:5741007	taiwan_and_culture
japanese	gariasenki	ガリアせんき	jmnedict:5741007	taiwan_and_culture
japanese	gariasenki	ガリア戦記	jmnedict:5741007	taiwan_and_culture
japanese	garibaaryokouki	garibaaryokouki	jmnedict:5024637	taiwan_and_culture
japanese	garibaaryokouki	ガリバーりょこうき	jmnedict:5024637	taiwan_and_culture
japanese	garibaaryokouki	ガリバー旅行記	jmnedict:5024637	taiwan_and_culture
japanese	garivuaaryokouki	garivuaaryokouki	jmnedict:5024668	taiwan_and_culture
japanese	garivuaaryokouki	ガリヴァーりょこうき	jmnedict:5024668	taiwan_and_culture
japanese	garivuaaryokouki	ガリヴァー旅行記	jmnedict:5024668	taiwan_and_culture
japanese	garuganchua	garuganchua	jmnedict:5747705	taiwan_and_culture
japanese	garuganchua	ガルガンチュア	jmnedict:5747705	taiwan_and_culture
japanese	gazuhyakkiyagyou	gazuhyakkiyagyou	jmnedict:5747417	taiwan_and_culture
japanese	gazuhyakkiyagyou	がずひゃっきやぎょう	jmnedict:5747417	taiwan_and_culture
japanese	gazuhyakkiyagyou	画図百鬼夜行	jmnedict:5747417	taiwan_and_culture
japanese	gazuhyakkiyakou	gazuhyakkiyakou	jmnedict:5747417	taiwan_and_culture
japanese	gazuhyakkiyakou	がずひゃっきやこう	jmnedict:5747417	taiwan_and_culture
japanese	gazuhyakkiyakou	画図百鬼夜行	jmnedict:5747417	taiwan_and_culture
japanese	geemuobusuroonzu	geemuobusuroonzu	jmnedict:5741598	taiwan_and_culture
japanese	geemuobusuroonzu	ゲームオブスローンズ	jmnedict:5741598	taiwan_and_culture
japanese	geesenjounoaria	geesenjounoaria	jmnedict:5741376	taiwan_and_culture
japanese	geesenjounoaria	ゲーせんじょうのアリア	jmnedict:5741376	taiwan_and_culture
japanese	geesenjounoaria	Ｇ線上のアリア	jmnedict:5741376	taiwan_and_culture
japanese	gekkoukamen	gekkoukamen	jmnedict:5742605	taiwan_and_culture
japanese	gekkoukamen	げっこうかめん	jmnedict:5742605	taiwan_and_culture
japanese	gekkoukamen	月光仮面	jmnedict:5742605	taiwan_and_culture
japanese	genchouhishi	genchouhishi	jmnedict:5252452	taiwan_and_culture
japanese	genchouhishi	げんちょうひし	jmnedict:5252452	taiwan_and_culture
japanese	genchouhishi	元朝秘史	jmnedict:5252452	taiwan_and_culture
japanese	gendaikokugoreikaijiten	gendaikokugoreikaijiten	jmnedict:5746677	taiwan_and_culture
japanese	gendaikokugoreikaijiten	げんだいこくごれいかいじてん	jmnedict:5746677	taiwan_and_culture
japanese	gendaikokugoreikaijiten	現代国語例解辞典	jmnedict:5746677	taiwan_and_culture
japanese	gendainippojiten	gendainippojiten	jmnedict:5742683	taiwan_and_culture
japanese	gendainippojiten	げんだいにっぽじてん	jmnedict:5742683	taiwan_and_culture
japanese	gendainippojiten	現代日葡辞典	jmnedict:5742683	taiwan_and_culture
japanese	gendaishinkokugojiten	gendaishinkokugojiten	jmnedict:5747397	taiwan_and_culture
japanese	gendaishinkokugojiten	げんだいしんこくごじてん	jmnedict:5747397	taiwan_and_culture
japanese	gendaishinkokugojiten	現代新国語辞典	jmnedict:5747397	taiwan_and_culture
japanese	gendaishinsho	gendaishinsho	jmnedict:5255175	taiwan_and_culture
japanese	gendaishinsho	げんだいしんしょ	jmnedict:5255175	taiwan_and_culture
japanese	gendaishinsho	現代新書	jmnedict:5255175	taiwan_and_culture
japanese	genjimonogatari	genjimonogatari	jmnedict:5254289	taiwan_and_culture
japanese	genjimonogatari	げんじものがたり	jmnedict:5254289	taiwan_and_culture
japanese	genjimonogatari	源氏物語	jmnedict:5254289	taiwan_and_culture
japanese	genkai	genkai	jmnedict:5742593	taiwan_and_culture
japanese	genkai	げんかい	jmnedict:5742593	taiwan_and_culture
japanese	genkai	言海	jmnedict:5742593	taiwan_and_culture
japanese	genkokurei	genkokurei	jmnedict:5746678	taiwan_and_culture
japanese	genkokurei	げんこくれい	jmnedict:5746678	taiwan_and_culture
japanese	genkokurei	現国例	jmnedict:5746678	taiwan_and_culture
japanese	genpeijousuiki	genpeijousuiki	jmnedict:5746566	taiwan_and_culture
japanese	genpeijousuiki	げんぺいじょうすいき	jmnedict:5746566	taiwan_and_culture
japanese	genpeijousuiki	源平盛衰記	jmnedict:5746566	taiwan_and_culture
japanese	genpeiseisuiki	genpeiseisuiki	jmnedict:5746566	taiwan_and_culture
japanese	genpeiseisuiki	げんぺいせいすいき	jmnedict:5746566	taiwan_and_culture
japanese	genpeiseisuiki	源平盛衰記	jmnedict:5746566	taiwan_and_culture
japanese	gensen	gensen	jmnedict:5746741	taiwan_and_culture
japanese	gensen	げんせん	jmnedict:5746741	taiwan_and_culture
japanese	gensen	言泉	jmnedict:5746741	taiwan_and_culture
japanese	genshikazokufurintosutoon	genshikazokufurintosutoon	jmnedict:5746294	taiwan_and_culture
japanese	genshikazokufurintosutoon	げんしかぞくフリントストーン	jmnedict:5746294	taiwan_and_culture
japanese	genshikazokufurintosutoon	原始家族フリントストーン	jmnedict:5746294	taiwan_and_culture
japanese	genshin	genshin	jmnedict:5745135	taiwan_and_culture
japanese	genshin	げんしん	jmnedict:5745135	taiwan_and_culture
japanese	genshin	原神	jmnedict:5745135	taiwan_and_culture
japanese	genshishiroku	genshishiroku	jmnedict:5744202	taiwan_and_culture
japanese	genshishiroku	げんししろく	jmnedict:5744202	taiwan_and_culture
japanese	genshishiroku	言志四録	jmnedict:5744202	taiwan_and_culture
japanese	gesakuzanmai	gesakuzanmai	jmnedict:5206662	taiwan_and_culture
japanese	gesakuzanmai	げさくざんまい	jmnedict:5206662	taiwan_and_culture
japanese	gesakuzanmai	戯作三昧	jmnedict:5206662	taiwan_and_culture
japanese	giganto	giganto	jmnedict:5747707	taiwan_and_culture
japanese	giganto	ギガント	jmnedict:5747707	taiwan_and_culture
japanese	ginesubukku	ginesubukku	jmnedict:5741010	taiwan_and_culture
japanese	ginesubukku	ギネスブック	jmnedict:5741010	taiwan_and_culture
japanese	gingaeiyuudensetsu	gingaeiyuudensetsu	jmnedict:5747761	taiwan_and_culture
japanese	gingaeiyuudensetsu	ぎんがえいゆうでんせつ	jmnedict:5747761	taiwan_and_culture
japanese	gingaeiyuudensetsu	銀河英雄伝説	jmnedict:5747761	taiwan_and_culture
japanese	gingatetsudounoyoru	gingatetsudounoyoru	jmnedict:5745380	taiwan_and_culture
japanese	gingatetsudounoyoru	ぎんがてつどうのよる	jmnedict:5745380	taiwan_and_culture
japanese	gingatetsudounoyoru	銀河鉄道の夜	jmnedict:5745380	taiwan_and_culture
japanese	giran	giran	jmnedict:5206650	taiwan_and_culture
japanese	giran	ぎらん	jmnedict:5206650	taiwan_and_culture
japanese	giran	宜蘭	jmnedict:5206650	taiwan_and_culture
japanese	girugameshujojishi	girugameshujojishi	jmnedict:5026488	taiwan_and_culture
japanese	girugameshujojishi	ギルガメシュじょじし	jmnedict:5026488	taiwan_and_culture
japanese	girugameshujojishi	ギルガメシュ叙事詩	jmnedict:5026488	taiwan_and_culture
japanese	gishiwajinden	gishiwajinden	jmnedict:5745549	taiwan_and_culture
japanese	gishiwajinden	ぎしわじんでん	jmnedict:5745549	taiwan_and_culture
japanese	gishiwajinden	魏志倭人伝	jmnedict:5745549	taiwan_and_culture
japanese	gisho	gisho	jmnedict:5738523	taiwan_and_culture
japanese	gisho	ぎしょ	jmnedict:5738523	taiwan_and_culture
japanese	gisho	魏書	jmnedict:5738523	taiwan_and_culture
japanese	giyuugunkoushinkyoku	giyuugunkoushinkyoku	jmnedict:5207465	taiwan_and_culture
japanese	giyuugunkoushinkyoku	ぎゆうぐんこうしんきょく	jmnedict:5207465	taiwan_and_culture
japanese	giyuugunkoushinkyoku	義勇軍行進曲	jmnedict:5207465	taiwan_and_culture
japanese	giyuugunshinkoukyoku	giyuugunshinkoukyoku	jmnedict:5207466	taiwan_and_culture
japanese	giyuugunshinkoukyoku	ぎゆうぐんしんこうきょく	jmnedict:5207466	taiwan_and_culture
japanese	giyuugunshinkoukyoku	義勇軍進行曲	jmnedict:5207466	taiwan_and_culture
japanese	gobunsho	gobunsho	jmnedict:5265101	taiwan_and_culture
japanese	gobunsho	ごぶんしょ	jmnedict:5265101	taiwan_and_culture
japanese	gobunsho	御文章	jmnedict:5265101	taiwan_and_culture
japanese	godaarunomaria	godaarunomaria	jmnedict:5034019	taiwan_and_culture
japanese	godaarunomaria	ゴダールのマリア	jmnedict:5034019	taiwan_and_culture
japanese	godoowomachinagara	godoowomachinagara	jmnedict:5741601	taiwan_and_culture
japanese	godoowomachinagara	ゴドーをまちながら	jmnedict:5741601	taiwan_and_culture
japanese	godoowomachinagara	ゴドーを待ちながら	jmnedict:5741601	taiwan_and_culture
japanese	gokanjo	gokanjo	jmnedict:5742008	taiwan_and_culture
japanese	gokanjo	ごかんじょ	jmnedict:5742008	taiwan_and_culture
japanese	gokanjo	後漢書	jmnedict:5742008	taiwan_and_culture
japanese	gokuhen	gokuhen	jmnedict:5747506	taiwan_and_culture
japanese	gokuhen	ごくへん	jmnedict:5747506	taiwan_and_culture
japanese	gokuhen	玉篇	jmnedict:5747506	taiwan_and_culture
japanese	googori	googori	jmnedict:5033780	taiwan_and_culture
japanese	googori	ゴーゴリ	jmnedict:5033780	taiwan_and_culture
japanese	gooingumaiuee	gooingumaiuee	jmnedict:5033766	taiwan_and_culture
japanese	gooingumaiuee	ゴーイングマイウェー	jmnedict:5033766	taiwan_and_culture
japanese	gooruhasuiitohoomu	gooruhasuiitohoomu	jmnedict:5033857	taiwan_and_culture
japanese	gooruhasuiitohoomu	ゴールはスイートホーム	jmnedict:5033857	taiwan_and_culture
japanese	goosutobasutaazutsuu	goosutobasutaazutsuu	jmnedict:5033790	taiwan_and_culture
japanese	goosutobasutaazutsuu	ゴーストバスターズツー	jmnedict:5033790	taiwan_and_culture
japanese	goosutobasutaazutsuu	ゴーストバスターズ２	jmnedict:5033790	taiwan_and_culture
japanese	goosutohausu	goosutohausu	jmnedict:5747498	taiwan_and_culture
japanese	goosutohausu	ゴーストハウス	jmnedict:5747498	taiwan_and_culture
japanese	gorinnosho	gorinnosho	jmnedict:5262095	taiwan_and_culture
japanese	gorinnosho	ごりんのしょ	jmnedict:5262095	taiwan_and_culture
japanese	gorinnosho	五輪書	jmnedict:5262095	taiwan_and_culture
japanese	gukanshou	gukanshou	jmnedict:5745424	taiwan_and_culture
japanese	gukanshou	ぐかんしょう	jmnedict:5745424	taiwan_and_culture
japanese	gukanshou	愚管抄	jmnedict:5745424	taiwan_and_culture
japanese	gunshoruijuu	gunshoruijuu	jmnedict:5237877	taiwan_and_culture
japanese	gunshoruijuu	ぐんしょるいじゅう	jmnedict:5237877	taiwan_and_culture
japanese	gunshoruijuu	群書類従	jmnedict:5237877	taiwan_and_culture
japanese	guramofuon	guramofuon	jmnedict:5029679	taiwan_and_culture
japanese	guramofuon	グラモフォン	jmnedict:5029679	taiwan_and_culture
japanese	gurappuraabaki	gurappuraabaki	jmnedict:5746456	taiwan_and_culture
japanese	gurappuraabaki	グラップラーバキ	jmnedict:5746456	taiwan_and_culture
japanese	gurappuraabaki	グラップラー刃牙	jmnedict:5746456	taiwan_and_culture
japanese	gurasefu	gurasefu	jmnedict:5746474	taiwan_and_culture
japanese	gurasefu	グラセフ	jmnedict:5746474	taiwan_and_culture
japanese	gureetogidayuu	gureetogidayuu	jmnedict:5030246	taiwan_and_culture
japanese	gureetogidayuu	グレートぎだゆう	jmnedict:5030246	taiwan_and_culture
japanese	gureetogidayuu	グレート義太夫	jmnedict:5030246	taiwan_and_culture
japanese	gurentogurenda	gurentogurenda	jmnedict:5030414	taiwan_and_culture
japanese	gurentogurenda	グレンとグレンダ	jmnedict:5030414	taiwan_and_culture
japanese	guriin'infyeruno	guriin'infyeruno	jmnedict:5029807	taiwan_and_culture
japanese	guriin'infyeruno	グリーンインフェルノ	jmnedict:5029807	taiwan_and_culture
japanese	guriisutsuu	guriisutsuu	jmnedict:5029781	taiwan_and_culture
japanese	guriisutsuu	グリースツー	jmnedict:5029781	taiwan_and_culture
japanese	guriisutsuu	グリース２	jmnedict:5029781	taiwan_and_culture
japanese	gurimudouwa	gurimudouwa	jmnedict:5029974	taiwan_and_culture
japanese	gurimudouwa	グリムどうわ	jmnedict:5029974	taiwan_and_culture
japanese	gurimudouwa	グリム童話	jmnedict:5029974	taiwan_and_culture
japanese	guritogura	guritogura	jmnedict:5742212	taiwan_and_culture
japanese	guritogura	ぐりとぐら	jmnedict:5742212	taiwan_and_culture
japanese	gyakutensaiban	gyakutensaiban	jmnedict:5742669	taiwan_and_culture
japanese	gyakutensaiban	ぎゃくてんさいばん	jmnedict:5742669	taiwan_and_culture
japanese	gyakutensaiban	逆転裁判	jmnedict:5742669	taiwan_and_culture
japanese	gyangusutaananbaa	gyangusutaananbaa	jmnedict:5026374	taiwan_and_culture
japanese	gyangusutaananbaa	ギャングスターナンバー	jmnedict:5026374	taiwan_and_culture
japanese	gyokuhen	gyokuhen	jmnedict:5747506	taiwan_and_culture
japanese	gyokuhen	ぎょくへん	jmnedict:5747506	taiwan_and_culture
japanese	gyokuhen	玉篇	jmnedict:5747506	taiwan_and_culture
japanese	gyokuzan	gyokuzan	jmnedict:5742123	taiwan_and_culture
japanese	gyokuzan	ぎょくざん	jmnedict:5742123	taiwan_and_culture
japanese	gyokuzan	玉山	jmnedict:5742123	taiwan_and_culture
japanese	haabaatojoojiueruzu	haabaatojoojiueruzu	jmnedict:5060612	taiwan_and_culture
japanese	haabaatojoojiueruzu	ハーバートジョージウェルズ	jmnedict:5060612	taiwan_and_culture
japanese	haadoboirudohaadorakku	haadoboirudohaadorakku	jmnedict:5060587	taiwan_and_culture
japanese	haadoboirudohaadorakku	ハードボイルドハードラック	jmnedict:5060587	taiwan_and_culture
japanese	haamerunnofuefukiotoko	haamerunnofuefukiotoko	jmnedict:5741084	taiwan_and_culture
japanese	haamerunnofuefukiotoko	ハーメルンのふえふきおとこ	jmnedict:5741084	taiwan_and_culture
japanese	haamerunnofuefukiotoko	ハーメルンの笛吹き男	jmnedict:5741084	taiwan_and_culture
japanese	haareedabiddoson'andomaruboroman	haareedabiddoson'andomaruboroman	jmnedict:5060735	taiwan_and_culture
japanese	haareedabiddoson'andomaruboroman	ハーレーダビッドソンアンドマルボロマン	jmnedict:5060735	taiwan_and_culture
japanese	haareedabiddoson'andomaruboroman	ハーレーダビッドソン＆マルボロマン	jmnedict:5060735	taiwan_and_culture
japanese	haariikyouko	haariikyouko	jmnedict:5743074	taiwan_and_culture
japanese	haariikyouko	ハーリーキョウコ	jmnedict:5743074	taiwan_and_culture
japanese	haariikyouko	ハーリー杏子	jmnedict:5743074	taiwan_and_culture
japanese	haariikyouko	哈日杏子	jmnedict:5743074	taiwan_and_culture
japanese	haavyeikaiteru	haavyeikaiteru	jmnedict:5747089	taiwan_and_culture
japanese	haavyeikaiteru	ハーヴェイカイテル	jmnedict:5747089	taiwan_and_culture
japanese	hachiitsu	hachiitsu	jmnedict:5744826	taiwan_and_culture
japanese	hachiitsu	はちいつ	jmnedict:5744826	taiwan_and_culture
japanese	hachiitsu	八佾	jmnedict:5744826	taiwan_and_culture
japanese	hachijuunichikansekaiisshuu	hachijuunichikansekaiisshuu	jmnedict:5741608	taiwan_and_culture
japanese	hachijuunichikansekaiisshuu	はちじゅうにちかんせかいいっしゅう	jmnedict:5741608	taiwan_and_culture
japanese	hachijuunichikansekaiisshuu	八十日間世界一周	jmnedict:5741608	taiwan_and_culture
japanese	hadashinogen	hadashinogen	jmnedict:5005133	taiwan_and_culture
japanese	hadashinogen	はだしのゲン	jmnedict:5005133	taiwan_and_culture
japanese	haenoou	haenoou	jmnedict:5746984	taiwan_and_culture
japanese	haenoou	はえのおう	jmnedict:5746984	taiwan_and_culture
japanese	haenoou	蝿の王	jmnedict:5746984	taiwan_and_culture
japanese	haenoou	蠅の王	jmnedict:5746984	taiwan_and_culture
japanese	hagakure	hagakure	jmnedict:5691775	taiwan_and_culture
japanese	hagakure	はがくれ	jmnedict:5691775	taiwan_and_culture
japanese	hagakure	葉隠	jmnedict:5691775	taiwan_and_culture
japanese	haganenorenkinjutsushi	haganenorenkinjutsushi	jmnedict:5285916	taiwan_and_culture
japanese	haganenorenkinjutsushi	はがねのれんきんじゅつし	jmnedict:5285916	taiwan_and_culture
japanese	haganenorenkinjutsushi	鋼の錬金術師	jmnedict:5285916	taiwan_and_culture
japanese	haibanerenmei	haibanerenmei	jmnedict:5741254	taiwan_and_culture
japanese	haibanerenmei	はいばねれんめい	jmnedict:5741254	taiwan_and_culture
japanese	haibanerenmei	灰羽連盟	jmnedict:5741254	taiwan_and_culture
japanese	haifuuyanagidaru	haifuuyanagidaru	jmnedict:5604299	taiwan_and_culture
japanese	haifuuyanagidaru	はいふうやなぎだる	jmnedict:5604299	taiwan_and_culture
japanese	haifuuyanagidaru	誹風柳多留	jmnedict:5604299	taiwan_and_culture
japanese	haikaburi	haikaburi	jmnedict:5743144	taiwan_and_culture
japanese	haikaburi	はいかぶり	jmnedict:5743144	taiwan_and_culture
japanese	haikaburi	灰かぶり	jmnedict:5743144	taiwan_and_culture
japanese	haisukuurudetsukamaete	haisukuurudetsukamaete	jmnedict:5060798	taiwan_and_culture
japanese	haisukuurudetsukamaete	ハイスクールでつかまえて	jmnedict:5060798	taiwan_and_culture
japanese	haisukuuruhazonbiteria	haisukuuruhazonbiteria	jmnedict:5060799	taiwan_and_culture
japanese	haisukuuruhazonbiteria	ハイスクールはゾンビテリア	jmnedict:5060799	taiwan_and_culture
japanese	hakkuruberiifyinnobouken	hakkuruberiifyinnobouken	jmnedict:5741632	taiwan_and_culture
japanese	hakkuruberiifyinnobouken	ハックルベリーフィンのぼうけん	jmnedict:5741632	taiwan_and_culture
japanese	hakkuruberiifyinnobouken	ハックルベリーフィンの冒険	jmnedict:5741632	taiwan_and_culture
japanese	hakkuruberiifyinnobouken	ハックルベリー・フィンの冒険	jmnedict:5741632	taiwan_and_culture
japanese	hakuchi	hakuchi	jmnedict:5747158	taiwan_and_culture
japanese	hakuchi	はくち	jmnedict:5747158	taiwan_and_culture
japanese	hakuchi	白痴	jmnedict:5747158	taiwan_and_culture
japanese	hakuchounomizuumi	hakuchounomizuumi	jmnedict:5744859	taiwan_and_culture
japanese	hakuchounomizuumi	はくちょうのみずうみ	jmnedict:5744859	taiwan_and_culture
japanese	hakuchounomizuumi	白鳥の湖	jmnedict:5744859	taiwan_and_culture
japanese	hakugei	hakugei	jmnedict:5592543	taiwan_and_culture
japanese	hakugei	はくげい	jmnedict:5592543	taiwan_and_culture
japanese	hakugei	白鯨	jmnedict:5592543	taiwan_and_culture
japanese	hakugeidensetsu	hakugeidensetsu	jmnedict:5741517	taiwan_and_culture
japanese	hakugeidensetsu	はくげいでんせつ	jmnedict:5741517	taiwan_and_culture
japanese	hakugeidensetsu	白鯨伝説	jmnedict:5741517	taiwan_and_culture
japanese	hamarimichi	hamarimichi	jmnedict:5742481	taiwan_and_culture
japanese	hamarimichi	はまりみち	jmnedict:5742481	taiwan_and_culture
japanese	hamarimichi	はまり道	jmnedict:5742481	taiwan_and_culture
japanese	hamasakiayumi	hamasakiayumi	jmnedict:5615128	taiwan_and_culture
japanese	hamasakiayumi	はまさきあゆみ	jmnedict:5615128	taiwan_and_culture
japanese	hamasakiayumi	浜崎あゆみ	jmnedict:5615128	taiwan_and_culture
japanese	hamuretto	hamuretto	jmnedict:5061625	taiwan_and_culture
japanese	hamuretto	ハムレット	jmnedict:5061625	taiwan_and_culture
japanese	hanabi	hanabi	jmnedict:5741665	taiwan_and_culture
japanese	hanabi	はなび	jmnedict:5741665	taiwan_and_culture
japanese	hanabi	ＨＡＮＡ-ＢＩ	jmnedict:5741665	taiwan_and_culture
japanese	hananokagami	hananokagami	jmnedict:5743449	taiwan_and_culture
japanese	hananokagami	はなのかがみ	jmnedict:5743449	taiwan_and_culture
japanese	hananokagami	花鏡	jmnedict:5743449	taiwan_and_culture
japanese	hanayoridango	hanayoridango	jmnedict:5741276	taiwan_and_culture
japanese	hanayoridango	はなよりだんご	jmnedict:5741276	taiwan_and_culture
japanese	hanayoridango	花より男子	jmnedict:5741276	taiwan_and_culture
japanese	handanryokuhihan	handanryokuhihan	jmnedict:5599493	taiwan_and_culture
japanese	handanryokuhihan	はんだんりょくひはん	jmnedict:5599493	taiwan_and_culture
japanese	handanryokuhihan	判断力批判	jmnedict:5599493	taiwan_and_culture
japanese	hanemuunhamontekarurode	hanemuunhamontekarurode	jmnedict:5061474	taiwan_and_culture
japanese	hanemuunhamontekarurode	ハネムーンはモンテカルロで	jmnedict:5061474	taiwan_and_culture
japanese	hangariandansu	hangariandansu	jmnedict:5746401	taiwan_and_culture
japanese	hangariandansu	ハンガリアンダンス	jmnedict:5746401	taiwan_and_culture
japanese	hangarianrapusoteii	hangarianrapusoteii	jmnedict:5746403	taiwan_and_culture
japanese	hangarianrapusoteii	ハンガリアンラプソティー	jmnedict:5746403	taiwan_and_culture
japanese	hangariibukyoku	hangariibukyoku	jmnedict:5746400	taiwan_and_culture
japanese	hangariibukyoku	ハンガリーぶきょく	jmnedict:5746400	taiwan_and_culture
japanese	hangariibukyoku	ハンガリー舞曲	jmnedict:5746400	taiwan_and_culture
japanese	hangariikyoushikyoku	hangariikyoushikyoku	jmnedict:5746402	taiwan_and_culture
japanese	hangariikyoushikyoku	ハンガリーきょうしきょく	jmnedict:5746402	taiwan_and_culture
japanese	hangariikyoushikyoku	ハンガリー狂詩曲	jmnedict:5746402	taiwan_and_culture
japanese	hanjo	hanjo	jmnedict:5600687	taiwan_and_culture
japanese	hanjo	はんじょ	jmnedict:5600687	taiwan_and_culture
japanese	hanjo	班女	jmnedict:5600687	taiwan_and_culture
japanese	hanjuzanmaikyou	hanjuzanmaikyou	jmnedict:5743389	taiwan_and_culture
japanese	hanjuzanmaikyou	はんじゅざんまいきょう	jmnedict:5743389	taiwan_and_culture
japanese	hanjuzanmaikyou	般舟三昧経	jmnedict:5743389	taiwan_and_culture
japanese	hanoihiruton	hanoihiruton	jmnedict:5061482	taiwan_and_culture
japanese	hanoihiruton	ハノイヒルトン	jmnedict:5061482	taiwan_and_culture
japanese	hanyuunoyado	hanyuunoyado	jmnedict:5743121	taiwan_and_culture
japanese	hanyuunoyado	はにゅうのやど	jmnedict:5743121	taiwan_and_culture
japanese	hanyuunoyado	埴生の宿	jmnedict:5743121	taiwan_and_culture
japanese	harapekoaomushi	harapekoaomushi	jmnedict:5743145	taiwan_and_culture
japanese	harapekoaomushi	はらぺこあおむし	jmnedict:5743145	taiwan_and_culture
japanese	hariiandosan	hariiandosan	jmnedict:5061712	taiwan_and_culture
japanese	hariiandosan	ハリーアンドサン	jmnedict:5061712	taiwan_and_culture
japanese	hariiandosan	ハリー＆サン	jmnedict:5061712	taiwan_and_culture
japanese	hariipottaa	hariipottaa	jmnedict:5061722	taiwan_and_culture
japanese	hariipottaa	ハリーポッター	jmnedict:5061722	taiwan_and_culture
japanese	hariipottaatokenjanoishi	hariipottaatokenjanoishi	jmnedict:5741576	taiwan_and_culture
japanese	hariipottaatokenjanoishi	ハリーポッターとけんじゃのいし	jmnedict:5741576	taiwan_and_culture
japanese	hariipottaatokenjanoishi	ハリーポッターと賢者の石	jmnedict:5741576	taiwan_and_culture
japanese	hariipottaatokenjanoishi	ハリー・ポッターと賢者の石	jmnedict:5741576	taiwan_and_culture
japanese	hariitotonto	hariitotonto	jmnedict:5061714	taiwan_and_culture
japanese	hariitotonto	ハリーとトント	jmnedict:5061714	taiwan_and_culture
japanese	harimafudoki	harimafudoki	jmnedict:5587378	taiwan_and_culture
japanese	harimafudoki	はりまふどき	jmnedict:5587378	taiwan_and_culture
japanese	harimafudoki	播磨風土記	jmnedict:5587378	taiwan_and_culture
japanese	harimanokunifudoki	harimanokunifudoki	jmnedict:5587361	taiwan_and_culture
japanese	harimanokunifudoki	はりまのくにふどき	jmnedict:5587361	taiwan_and_culture
japanese	harimanokunifudoki	播磨国風土記	jmnedict:5587361	taiwan_and_culture
japanese	haripota	haripota	jmnedict:5061722	taiwan_and_culture
japanese	haripota	ハリポタ	jmnedict:5061722	taiwan_and_culture
japanese	hariuddonikuchizuke	hariuddonikuchizuke	jmnedict:5061733	taiwan_and_culture
japanese	hariuddonikuchizuke	ハリウッドにくちづけ	jmnedict:5061733	taiwan_and_culture
japanese	harunohi	harunohi	jmnedict:5741475	taiwan_and_culture
japanese	harunohi	はるのひ	jmnedict:5741475	taiwan_and_culture
japanese	harunohi	春の日	jmnedict:5741475	taiwan_and_culture
japanese	harunoyuki	harunoyuki	jmnedict:5746326	taiwan_and_culture
japanese	harunoyuki	はるのゆき	jmnedict:5746326	taiwan_and_culture
japanese	harunoyuki	春の雪	jmnedict:5746326	taiwan_and_culture
japanese	harusamemonogatari	harusamemonogatari	jmnedict:5362341	taiwan_and_culture
japanese	harusamemonogatari	はるさめものがたり	jmnedict:5362341	taiwan_and_culture
japanese	harusamemonogatari	春雨物語	jmnedict:5362341	taiwan_and_culture
japanese	hashimotobunpou	hashimotobunpou	jmnedict:5741501	taiwan_and_culture
japanese	hashimotobunpou	はしもとぶんぽう	jmnedict:5741501	taiwan_and_culture
japanese	hashimotobunpou	橋本文法	jmnedict:5741501	taiwan_and_culture
japanese	hashiremerosu	hashiremerosu	jmnedict:5742239	taiwan_and_culture
japanese	hashiremerosu	はしれメロス	jmnedict:5742239	taiwan_and_culture
japanese	hashiremerosu	走れメロス	jmnedict:5742239	taiwan_and_culture
japanese	hatsukanezumitoningen	hatsukanezumitoningen	jmnedict:5746829	taiwan_and_culture
japanese	hatsukanezumitoningen	はつかねずみとにんげん	jmnedict:5746829	taiwan_and_culture
japanese	hatsukanezumitoningen	二十日鼠と人間	jmnedict:5746829	taiwan_and_culture
japanese	haurunougokushiro	haurunougokushiro	jmnedict:5741622	taiwan_and_culture
japanese	haurunougokushiro	ハウルのうごくしろ	jmnedict:5741622	taiwan_and_culture
japanese	haurunougokushiro	ハウルの動く城	jmnedict:5741622	taiwan_and_culture
japanese	hausuobukaadoyabounokaidan	hausuobukaadoyabounokaidan	jmnedict:5741600	taiwan_and_culture
japanese	hausuobukaadoyabounokaidan	ハウスオブカードやぼうのかいだん	jmnedict:5741600	taiwan_and_culture
japanese	hausuobukaadoyabounokaidan	ハウスオブカード野望の階段	jmnedict:5741600	taiwan_and_culture
japanese	hausuobukaadoyabounokaidan	ハウス・オブ・カード野望の階段	jmnedict:5741600	taiwan_and_culture
japanese	hayashifumiko	hayashifumiko	jmnedict:5708517	taiwan_and_culture
japanese	hayashifumiko	はやしふみこ	jmnedict:5708517	taiwan_and_culture
japanese	hayashifumiko	林芙美子	jmnedict:5708517	taiwan_and_culture
japanese	heihousanjuurokkei	heihousanjuurokkei	jmnedict:5747646	taiwan_and_culture
japanese	heihousanjuurokkei	へいほうさんじゅうろっけい	jmnedict:5747646	taiwan_and_culture
japanese	heihousanjuurokkei	兵法三十六計	jmnedict:5747646	taiwan_and_culture
japanese	heijimonogatari	heijimonogatari	jmnedict:5747497	taiwan_and_culture
japanese	heijimonogatari	へいじものがたり	jmnedict:5747497	taiwan_and_culture
japanese	heijimonogatari	平治物語	jmnedict:5747497	taiwan_and_culture
japanese	heikemonogatari	heikemonogatari	jmnedict:5628307	taiwan_and_culture
japanese	heikemonogatari	へいけものがたり	jmnedict:5628307	taiwan_and_culture
japanese	heikemonogatari	平家物語	jmnedict:5628307	taiwan_and_culture
japanese	heitou	heitou	jmnedict:5723074	taiwan_and_culture
japanese	heitou	へいとう	jmnedict:5723074	taiwan_and_culture
japanese	heitou	屏東	jmnedict:5723074	taiwan_and_culture
japanese	hekiganroku	hekiganroku	jmnedict:5631841	taiwan_and_culture
japanese	hekiganroku	へきがんろく	jmnedict:5631841	taiwan_and_culture
japanese	hekiganroku	碧巌録	jmnedict:5631841	taiwan_and_culture
japanese	henzerutogureeteru	henzerutogureeteru	jmnedict:5745239	taiwan_and_culture
japanese	henzerutogureeteru	ヘンゼルとグレーテル	jmnedict:5745239	taiwan_and_culture
japanese	herureizaasurii	herureizaasurii	jmnedict:5074333	taiwan_and_culture
japanese	herureizaasurii	ヘルレイザースリー	jmnedict:5074333	taiwan_and_culture
japanese	herureizaasurii	ヘルレイザー３	jmnedict:5074333	taiwan_and_culture
japanese	hifuryaku	hifuryaku	jmnedict:5744234	taiwan_and_culture
japanese	hifuryaku	ひふりゃく	jmnedict:5744234	taiwan_and_culture
japanese	hifuryaku	秘府略	jmnedict:5744234	taiwan_and_culture
japanese	higashinokeigo	higashinokeigo	jmnedict:5557890	taiwan_and_culture
japanese	higashinokeigo	ひがしのけいご	jmnedict:5557890	taiwan_and_culture
japanese	higashinokeigo	東野圭吾	jmnedict:5557890	taiwan_and_culture
japanese	hijoujoushi	hijoujoushi	jmnedict:5603108	taiwan_and_culture
japanese	hijoujoushi	ひじょうじょうし	jmnedict:5603108	taiwan_and_culture
japanese	hijoujoushi	悲情城市	jmnedict:5603108	taiwan_and_culture
japanese	hikarinomachi	hikarinomachi	jmnedict:5005331	taiwan_and_culture
japanese	hikarinomachi	ひかりのまち	jmnedict:5005331	taiwan_and_culture
japanese	hikasayouko	hikasayouko	jmnedict:5747094	taiwan_and_culture
japanese	hikasayouko	ひかさようこ	jmnedict:5747094	taiwan_and_culture
japanese	hikasayouko	日笠陽子	jmnedict:5747094	taiwan_and_culture
japanese	hiraitatoranpu	hiraitatoranpu	jmnedict:5005537	taiwan_and_culture
japanese	hiraitatoranpu	ひらいたトランプ	jmnedict:5005537	taiwan_and_culture
japanese	hirugao	hirugao	jmnedict:5741268	taiwan_and_culture
japanese	hirugao	ひるがお	jmnedict:5741268	taiwan_and_culture
japanese	hirugao	昼顔	jmnedict:5741268	taiwan_and_culture
japanese	hitachifudoki	hitachifudoki	jmnedict:5401458	taiwan_and_culture
japanese	hitachifudoki	ひたちふどき	jmnedict:5401458	taiwan_and_culture
japanese	hitachifudoki	常陸風土記	jmnedict:5401458	taiwan_and_culture
japanese	hitachinokunifudoki	hitachinokunifudoki	jmnedict:5401436	taiwan_and_culture
japanese	hitachinokunifudoki	ひたちのくにふどき	jmnedict:5401436	taiwan_and_culture
japanese	hitachinokunifudoki	常陸国風土記	jmnedict:5401436	taiwan_and_culture
japanese	hitokage	hitokage	jmnedict:5741845	taiwan_and_culture
japanese	hitokage	ひとかげ	jmnedict:5741845	taiwan_and_culture
japanese	hitokage	火蜥蜴	jmnedict:5741845	taiwan_and_culture
japanese	hizenfudoki	hizenfudoki	jmnedict:5604201	taiwan_and_culture
japanese	hizenfudoki	ひぜんふどき	jmnedict:5604201	taiwan_and_culture
japanese	hizenfudoki	肥前風土記	jmnedict:5604201	taiwan_and_culture
japanese	hizennokunifudoki	hizennokunifudoki	jmnedict:5604180	taiwan_and_culture
japanese	hizennokunifudoki	ひぜんのくにふどき	jmnedict:5604180	taiwan_and_culture
japanese	hizennokunifudoki	肥前国風土記	jmnedict:5604180	taiwan_and_culture
japanese	hobitto	hobitto	jmnedict:5741958	taiwan_and_culture
japanese	hobitto	ホビット	jmnedict:5741958	taiwan_and_culture
japanese	hobittonobouken	hobittonobouken	jmnedict:5741577	taiwan_and_culture
japanese	hobittonobouken	ホビットのぼうけん	jmnedict:5741577	taiwan_and_culture
japanese	hobittonobouken	ホビットの冒険	jmnedict:5741577	taiwan_and_culture
japanese	hokutonoken	hokutonoken	jmnedict:5744168	taiwan_and_culture
japanese	hokutonoken	ほくとのけん	jmnedict:5744168	taiwan_and_culture
japanese	hokutonoken	北斗の拳	jmnedict:5744168	taiwan_and_culture
japanese	honchuun	honchuun	jmnedict:5743112	taiwan_and_culture
japanese	honchuun	ホンチュウン	jmnedict:5743112	taiwan_and_culture
japanese	honchuun	恒春	jmnedict:5743112	taiwan_and_culture
japanese	hontounojakuriinudeyupure	hontounojakuriinudeyupure	jmnedict:5005928	taiwan_and_culture
japanese	hontounojakuriinudeyupure	ほんとうのジャクリーヌデュプレ	jmnedict:5005928	taiwan_and_culture
japanese	honzouwamyou	honzouwamyou	jmnedict:5650113	taiwan_and_culture
japanese	honzouwamyou	ほんぞうわみょう	jmnedict:5650113	taiwan_and_culture
japanese	honzouwamyou	本草和名	jmnedict:5650113	taiwan_and_culture
japanese	hoshinooujisama	hoshinooujisama	jmnedict:5433810	taiwan_and_culture
japanese	hoshinooujisama	ほしのおうじさま	jmnedict:5433810	taiwan_and_culture
japanese	hoshinooujisama	星の王子さま	jmnedict:5433810	taiwan_and_culture
japanese	hosonoharuomi	hosonoharuomi	jmnedict:5308448	taiwan_and_culture
japanese	hosonoharuomi	ほそのはるおみ	jmnedict:5308448	taiwan_and_culture
japanese	hosonoharuomi	細野晴臣	jmnedict:5308448	taiwan_and_culture
japanese	hotarunohaka	hotarunohaka	jmnedict:5169927	taiwan_and_culture
japanese	hotarunohaka	ほたるのはか	jmnedict:5169927	taiwan_and_culture
japanese	hotarunohaka	火垂るの墓	jmnedict:5169927	taiwan_and_culture
japanese	hotarunohikari	hotarunohikari	jmnedict:5243900	taiwan_and_culture
japanese	hotarunohikari	ほたるのひかり	jmnedict:5243900	taiwan_and_culture
japanese	hotarunohikari	蛍の光	jmnedict:5243900	taiwan_and_culture
japanese	hotsumatsutae	hotsumatsutae	jmnedict:5746756	taiwan_and_culture
japanese	hotsumatsutae	ほつまつたえ	jmnedict:5746756	taiwan_and_culture
japanese	hotsumatsutae	秀真伝	jmnedict:5746756	taiwan_and_culture
japanese	hotsumatsutawe	hotsumatsutawe	jmnedict:5746756	taiwan_and_culture
japanese	hotsumatsutawe	ホツマツタヱ	jmnedict:5746756	taiwan_and_culture
japanese	hotsumatsutawe	秀真伝	jmnedict:5746756	taiwan_and_culture
japanese	hottopeppaa	hottopeppaa	jmnedict:5743421	taiwan_and_culture
japanese	hottopeppaa	ホットペッパー	jmnedict:5743421	taiwan_and_culture
japanese	hottoshottotsuu	hottoshottotsuu	jmnedict:5077035	taiwan_and_culture
japanese	hottoshottotsuu	ホットショットツー	jmnedict:5077035	taiwan_and_culture
japanese	hottoshottotsuu	ホットショット２	jmnedict:5077035	taiwan_and_culture
japanese	hottoshottotsuu	ホット・ショット２	jmnedict:5077035	taiwan_and_culture
japanese	hougyokutoshakujou	hougyokutoshakujou	jmnedict:5742591	taiwan_and_culture
japanese	hougyokutoshakujou	ほうぎょくとしゃくじょう	jmnedict:5742591	taiwan_and_culture
japanese	hougyokutoshakujou	宝玉と勺杖	jmnedict:5742591	taiwan_and_culture
japanese	houjouki	houjouki	jmnedict:5637366	taiwan_and_culture
japanese	houjouki	ほうじょうき	jmnedict:5637366	taiwan_and_culture
japanese	houjouki	方丈記	jmnedict:5637366	taiwan_and_culture
japanese	houjounoumi	houjounoumi	jmnedict:5741193	taiwan_and_culture
japanese	houjounoumi	ほうじょうのうみ	jmnedict:5741193	taiwan_and_culture
japanese	houjounoumi	豊饒の海	jmnedict:5741193	taiwan_and_culture
japanese	houkoken	houkoken	jmnedict:5741942	taiwan_and_culture
japanese	houkoken	ほうこけん	jmnedict:5741942	taiwan_and_culture
japanese	houkoken	澎湖県	jmnedict:5741942	taiwan_and_culture
japanese	hyakkazensho	hyakkazensho	jmnedict:5745530	taiwan_and_culture
japanese	hyakkazensho	ひゃっかぜんしょ	jmnedict:5745530	taiwan_and_culture
japanese	hyakkazensho	百科全書	jmnedict:5745530	taiwan_and_culture
japanese	hyakudohyakka	hyakudohyakka	jmnedict:5745212	taiwan_and_culture
japanese	hyakudohyakka	ひゃくどひゃっか	jmnedict:5745212	taiwan_and_culture
japanese	hyakudohyakka	百度百科	jmnedict:5745212	taiwan_and_culture
japanese	hyakujoushingi	hyakujoushingi	jmnedict:5613310	taiwan_and_culture
japanese	hyakujoushingi	ひゃくじょうしんぎ	jmnedict:5613310	taiwan_and_culture
japanese	hyakujoushingi	百丈清規	jmnedict:5613310	taiwan_and_culture
japanese	hyakunennokodoku	hyakunennokodoku	jmnedict:5741587	taiwan_and_culture
japanese	hyakunennokodoku	ひゃくねんのこどく	jmnedict:5741587	taiwan_and_culture
japanese	hyakunennokodoku	百年の孤独	jmnedict:5741587	taiwan_and_culture
japanese	hyouka	hyouka	jmnedict:5746147	taiwan_and_culture
japanese	hyouka	ひょうか	jmnedict:5746147	taiwan_and_culture
japanese	hyouka	氷菓	jmnedict:5746147	taiwan_and_culture
japanese	hyounenzu	hyounenzu	jmnedict:5614141	taiwan_and_culture
japanese	hyounenzu	ひょうねんず	jmnedict:5614141	taiwan_and_culture
japanese	hyounenzu	瓢鮎図	jmnedict:5614141	taiwan_and_culture
japanese	ichikawajukai	ichikawajukai	jmnedict:5747067	taiwan_and_culture
japanese	ichikawajukai	いちかわじゅかい	jmnedict:5747067	taiwan_and_culture
japanese	ichikawajukai	市川壽海	jmnedict:5747067	taiwan_and_culture
japanese	ichikawajukai	市川寿海	jmnedict:5747067	taiwan_and_culture
japanese	ichinen'yuuhan	ichinen'yuuhan	jmnedict:5741566	taiwan_and_culture
japanese	ichinen'yuuhan	いちねんゆうはん	jmnedict:5741566	taiwan_and_culture
japanese	ichinen'yuuhan	一年有半	jmnedict:5741566	taiwan_and_culture
japanese	ienakiko	ienakiko	jmnedict:5741909	taiwan_and_culture
japanese	ienakiko	いえなきこ	jmnedict:5741909	taiwan_and_culture
japanese	ienakiko	家なき子	jmnedict:5741909	taiwan_and_culture
japanese	ienakiko	家無き子	jmnedict:5741909	taiwan_and_culture
japanese	ieroobukku	ieroobukku	jmnedict:5742158	taiwan_and_culture
japanese	ieroobukku	イエローブック	jmnedict:5742158	taiwan_and_culture
japanese	ieroosabumarin	ieroosabumarin	jmnedict:5012535	taiwan_and_culture
japanese	ieroosabumarin	イエローサブマリン	jmnedict:5012535	taiwan_and_culture
japanese	iesutadei	iesutadei	jmnedict:5743607	taiwan_and_culture
japanese	iesutadei	イエスタデイ	jmnedict:5743607	taiwan_and_culture
japanese	ifuudoudou	ifuudoudou	jmnedict:5743184	taiwan_and_culture
japanese	ifuudoudou	いふうどうどう	jmnedict:5743184	taiwan_and_culture
japanese	ifuudoudou	威風堂々	jmnedict:5743184	taiwan_and_culture
japanese	ifuudoudou	威風堂堂	jmnedict:5743184	taiwan_and_culture
japanese	iiriasu	iiriasu	jmnedict:5741596	taiwan_and_culture
japanese	iiriasu	イーリアス	jmnedict:5741596	taiwan_and_culture
japanese	ikageemu	ikageemu	jmnedict:5743403	taiwan_and_culture
japanese	ikageemu	イカゲーム	jmnedict:5743403	taiwan_and_culture
japanese	ikarinobudou	ikarinobudou	jmnedict:5549878	taiwan_and_culture
japanese	ikarinobudou	いかりのぶどう	jmnedict:5549878	taiwan_and_culture
japanese	ikarinobudou	怒りの葡萄	jmnedict:5549878	taiwan_and_culture
japanese	ikariyachousuke	ikariyachousuke	jmnedict:5000818	taiwan_and_culture
japanese	ikariyachousuke	いかりやちょうすけ	jmnedict:5000818	taiwan_and_culture
japanese	ikariyachousuke	いかりや長介	jmnedict:5000818	taiwan_and_culture
japanese	ikkakusenkinwoyumemiruotoko	ikkakusenkinwoyumemiruotoko	jmnedict:5741397	taiwan_and_culture
japanese	ikkakusenkinwoyumemiruotoko	いっかくせんきんをゆめみるおとこ	jmnedict:5741397	taiwan_and_culture
japanese	ikkakusenkinwoyumemiruotoko	一攫千金を夢見る男	jmnedict:5741397	taiwan_and_culture
japanese	ikontoidea	ikontoidea	jmnedict:5012700	taiwan_and_culture
japanese	ikontoidea	イコンとイデア	jmnedict:5012700	taiwan_and_culture
japanese	inguresu	inguresu	jmnedict:5746411	taiwan_and_culture
japanese	inguresu	イングレス	jmnedict:5746411	taiwan_and_culture
japanese	inrin	inrin	jmnedict:5747979	taiwan_and_culture
japanese	inrin	いんりん	jmnedict:5747979	taiwan_and_culture
japanese	inrin	員林	jmnedict:5747979	taiwan_and_culture
japanese	intabyuuuizuvuanpaia	intabyuuuizuvuanpaia	jmnedict:5013831	taiwan_and_culture
japanese	intabyuuuizuvuanpaia	インタビューウィズヴァンパイア	jmnedict:5013831	taiwan_and_culture
japanese	inugashima	inugashima	jmnedict:5746021	taiwan_and_culture
japanese	inugashima	いぬがしま	jmnedict:5746021	taiwan_and_culture
japanese	inugashima	犬ヶ島	jmnedict:5746021	taiwan_and_culture
japanese	inuyasha	inuyasha	jmnedict:5249292	taiwan_and_culture
japanese	inuyasha	いぬやしゃ	jmnedict:5249292	taiwan_and_culture
japanese	inuyasha	犬夜叉	jmnedict:5249292	taiwan_and_culture
japanese	iriasu	iriasu	jmnedict:5741596	taiwan_and_culture
japanese	iriasu	イリアス	jmnedict:5741596	taiwan_and_culture
japanese	isamashiichibinotoosutaa	isamashiichibinotoosutaa	jmnedict:5000875	taiwan_and_culture
japanese	isamashiichibinotoosutaa	いさましいちびのトースター	jmnedict:5000875	taiwan_and_culture
japanese	isemonogatari	isemonogatari	jmnedict:5114737	taiwan_and_culture
japanese	isemonogatari	いせものがたり	jmnedict:5114737	taiwan_and_culture
japanese	isemonogatari	伊勢物語	jmnedict:5114737	taiwan_and_culture
japanese	ishidashookichi	ishidashookichi	jmnedict:5454822	taiwan_and_culture
japanese	ishidashookichi	いしだショーキチ	jmnedict:5454822	taiwan_and_culture
japanese	ishidashookichi	石田ショーキチ	jmnedict:5454822	taiwan_and_culture
japanese	isohomonogatari	isohomonogatari	jmnedict:5743307	taiwan_and_culture
japanese	isohomonogatari	いそほものがたり	jmnedict:5743307	taiwan_and_culture
japanese	isohomonogatari	伊曽保物語	jmnedict:5743307	taiwan_and_culture
japanese	isohomonogatari	伊曾保物語	jmnedict:5743307	taiwan_and_culture
japanese	isseeogata	isseeogata	jmnedict:5013076	taiwan_and_culture
japanese	isseeogata	イッセーおがた	jmnedict:5013076	taiwan_and_culture
japanese	isseeogata	イッセー尾形	jmnedict:5013076	taiwan_and_culture
japanese	itokonobinii	itokonobinii	jmnedict:5001040	taiwan_and_culture
japanese	itokonobinii	いとこのビニー	jmnedict:5001040	taiwan_and_culture
japanese	itoujunji	itoujunji	jmnedict:5746951	taiwan_and_culture
japanese	itoujunji	いとうじゅんじ	jmnedict:5746951	taiwan_and_culture
japanese	itoujunji	伊藤潤二	jmnedict:5746951	taiwan_and_culture
japanese	itsunochiwaki	itsunochiwaki	jmnedict:5706101	taiwan_and_culture
japanese	itsunochiwaki	いつのちわき	jmnedict:5706101	taiwan_and_culture
japanese	itsunochiwaki	稜威道別	jmnedict:5706101	taiwan_and_culture
japanese	itsunokotowaki	itsunokotowaki	jmnedict:5706098	taiwan_and_culture
japanese	itsunokotowaki	いつのことわき	jmnedict:5706098	taiwan_and_culture
japanese	itsunokotowaki	稜威言別	jmnedict:5706098	taiwan_and_culture
japanese	iwakoku	iwakoku	jmnedict:5744169	taiwan_and_culture
japanese	iwakoku	いわこく	jmnedict:5744169	taiwan_and_culture
japanese	iwakoku	岩国	jmnedict:5744169	taiwan_and_culture
japanese	iwanamikokugojiten	iwanamikokugojiten	jmnedict:5744170	taiwan_and_culture
japanese	iwanamikokugojiten	いわなみこくごじてん	jmnedict:5744170	taiwan_and_culture
japanese	iwanamikokugojiten	岩波国語辞典	jmnedict:5744170	taiwan_and_culture
japanese	izumimasayuki	izumimasayuki	jmnedict:5466448	taiwan_and_culture
japanese	izumimasayuki	いずみまさゆき	jmnedict:5466448	taiwan_and_culture
japanese	izumimasayuki	泉政行	jmnedict:5466448	taiwan_and_culture
japanese	izumofudoki	izumofudoki	jmnedict:5360788	taiwan_and_culture
japanese	izumofudoki	いずもふどき	jmnedict:5360788	taiwan_and_culture
japanese	izumofudoki	出雲風土記	jmnedict:5360788	taiwan_and_culture
japanese	izumonokunifudoki	izumonokunifudoki	jmnedict:5360752	taiwan_and_culture
japanese	izumonokunifudoki	いずものくにふどき	jmnedict:5360752	taiwan_and_culture
japanese	izumonokunifudoki	出雲国風土記	jmnedict:5360752	taiwan_and_culture
japanese	jaiantsu	jaiantsu	jmnedict:5041455	taiwan_and_culture
japanese	jaiantsu	ジャイアンツ	jmnedict:5041455	taiwan_and_culture
japanese	jakkiichun	jakkiichun	jmnedict:5523691	taiwan_and_culture
japanese	jakkiichun	ジャッキーチュン	jmnedict:5523691	taiwan_and_culture
japanese	jakkiichun	張學友	jmnedict:5523691	taiwan_and_culture
japanese	jakusonnojirenma	jakusonnojirenma	jmnedict:5041499	taiwan_and_culture
japanese	jakusonnojirenma	ジャクソンのジレンマ	jmnedict:5041499	taiwan_and_culture
japanese	janboogueesu	janboogueesu	jmnedict:5741251	taiwan_and_culture
japanese	janboogueesu	ジャンボーグエース	jmnedict:5741251	taiwan_and_culture
japanese	janboogueesu	ジャンボーグＡ	jmnedict:5741251	taiwan_and_culture
japanese	janhowa	janhowa	jmnedict:5742094	taiwan_and_culture
japanese	janhowa	ジャンホワ	jmnedict:5742094	taiwan_and_culture
japanese	janhowa	彰化	jmnedict:5742094	taiwan_and_culture
japanese	jeiemuenuiideikuto	jeiemuenuiideikuto	jmnedict:9999990	taiwan_and_culture
japanese	jeiemuenuiideikuto	ジェイエムエヌイーディクト	jmnedict:9999990	taiwan_and_culture
japanese	jeiemuenuiideikuto	ＪＭｎｅｄｉｃｔ	jmnedict:9999990	taiwan_and_culture
japanese	jenifuaaeito	jenifuaaeito	jmnedict:5040954	taiwan_and_culture
japanese	jenifuaaeito	ジェニファーエイト	jmnedict:5040954	taiwan_and_culture
japanese	jenifuaaeito	ジェニファー８	jmnedict:5040954	taiwan_and_culture
japanese	jiikiruhakasetohaidoshi	jiikiruhakasetohaidoshi	jmnedict:5040666	taiwan_and_culture
japanese	jiikiruhakasetohaidoshi	ジーキルはかせとハイドし	jmnedict:5040666	taiwan_and_culture
japanese	jiikiruhakasetohaidoshi	ジーキル博士とハイド氏	jmnedict:5040666	taiwan_and_culture
japanese	jijoron	jijoron	jmnedict:5742476	taiwan_and_culture
japanese	jijoron	じじょろん	jmnedict:5742476	taiwan_and_culture
japanese	jijoron	自助論	jmnedict:5742476	taiwan_and_culture
japanese	jikiruandohaido	jikiruandohaido	jmnedict:5041212	taiwan_and_culture
japanese	jikiruandohaido	ジキルアンドハイド	jmnedict:5041212	taiwan_and_culture
japanese	jikiruandohaido	ジキル＆ハイド	jmnedict:5041212	taiwan_and_culture
japanese	jikirutohaido	jikirutohaido	jmnedict:5741056	taiwan_and_culture
japanese	jikirutohaido	ジキルとハイド	jmnedict:5741056	taiwan_and_culture
japanese	jikkinshou	jikkinshou	jmnedict:5357476	taiwan_and_culture
japanese	jikkinshou	じっきんしょう	jmnedict:5357476	taiwan_and_culture
japanese	jikkinshou	十訓抄	jmnedict:5357476	taiwan_and_culture
japanese	jimukata	jimukata	jmnedict:5041386	taiwan_and_culture
japanese	jimukata	ジムカタ	jmnedict:5041386	taiwan_and_culture
japanese	jingaa	jingaa	jmnedict:5042695	taiwan_and_culture
japanese	jingaa	ジンガー	jmnedict:5042695	taiwan_and_culture
japanese	jinkouki	jinkouki	jmnedict:5421464	taiwan_and_culture
japanese	jinkouki	じんこうき	jmnedict:5421464	taiwan_and_culture
japanese	jinkouki	塵劫記	jmnedict:5421464	taiwan_and_culture
japanese	jinnoushoutouki	jinnoushoutouki	jmnedict:5416906	taiwan_and_culture
japanese	jinnoushoutouki	じんのうしょうとうき	jmnedict:5416906	taiwan_and_culture
japanese	jinnoushoutouki	神皇正統記	jmnedict:5416906	taiwan_and_culture
japanese	jinseiron	jinseiron	jmnedict:5747493	taiwan_and_culture
japanese	jinseiron	じんせいろん	jmnedict:5747493	taiwan_and_culture
japanese	jinseiron	人性論	jmnedict:5747493	taiwan_and_culture
japanese	jioufyen	jioufyen	jmnedict:5742099	taiwan_and_culture
japanese	jioufyen	ジォウフェン	jmnedict:5742099	taiwan_and_culture
japanese	jioufyen	九フン	jmnedict:5742099	taiwan_and_culture
japanese	jioufyen	九份	jmnedict:5742099	taiwan_and_culture
japanese	jisaidaigaku	jisaidaigaku	jmnedict:5335176	taiwan_and_culture
japanese	jisaidaigaku	じさいだいがく	jmnedict:5335176	taiwan_and_culture
japanese	jisaidaigaku	慈済大学	jmnedict:5335176	taiwan_and_culture
japanese	jisaikikinkai	jisaikikinkai	jmnedict:5335268	taiwan_and_culture
japanese	jisaikikinkai	じさいききんかい	jmnedict:5335268	taiwan_and_culture
japanese	jisaikikinkai	慈濟基金会	jmnedict:5335268	taiwan_and_culture
japanese	jissenriseihihan	jissenriseihihan	jmnedict:5742377	taiwan_and_culture
japanese	jissenriseihihan	じっせんりせいひはん	jmnedict:5742377	taiwan_and_culture
japanese	jissenriseihihan	実践理性批判	jmnedict:5742377	taiwan_and_culture
japanese	jitsuu	jitsuu	jmnedict:5743792	taiwan_and_culture
japanese	jitsuu	じつう	jmnedict:5743792	taiwan_and_culture
japanese	jitsuu	字通	jmnedict:5743792	taiwan_and_culture
japanese	jizoubosatsuhongankyou	jizoubosatsuhongankyou	jmnedict:5743385	taiwan_and_culture
japanese	jizoubosatsuhongankyou	じぞうぼさつほんがんきょう	jmnedict:5743385	taiwan_and_culture
japanese	jizoubosatsuhongankyou	地蔵菩薩本願経	jmnedict:5743385	taiwan_and_culture
japanese	jojonokimyounabouken	jojonokimyounabouken	jmnedict:5744167	taiwan_and_culture
japanese	jojonokimyounabouken	ジョジョのきみょうなぼうけん	jmnedict:5744167	taiwan_and_culture
japanese	jojonokimyounabouken	ジョジョの奇妙な冒険	jmnedict:5744167	taiwan_and_culture
japanese	jojoukayoushuu	jojoukayoushuu	jmnedict:5747300	taiwan_and_culture
japanese	jojoukayoushuu	じょじょうかようしゅう	jmnedict:5747300	taiwan_and_culture
japanese	jojoukayoushuu	抒情歌謡集	jmnedict:5747300	taiwan_and_culture
japanese	jojoumin'youshuu	jojoumin'youshuu	jmnedict:5747301	taiwan_and_culture
japanese	jojoumin'youshuu	じょじょうみんようしゅう	jmnedict:5747301	taiwan_and_culture
japanese	jojoumin'youshuu	抒情民謡集	jmnedict:5747301	taiwan_and_culture
japanese	jokouaishi	jokouaishi	jmnedict:5367424	taiwan_and_culture
japanese	jokouaishi	じょこうあいし	jmnedict:5367424	taiwan_and_culture
japanese	jokouaishi	女工哀史	jmnedict:5367424	taiwan_and_culture
japanese	jooburakkuwoyoroshiku	jooburakkuwoyoroshiku	jmnedict:5042229	taiwan_and_culture
japanese	jooburakkuwoyoroshiku	ジョーブラックをよろしく	jmnedict:5042229	taiwan_and_culture
japanese	joojitakei	joojitakei	jmnedict:5743474	taiwan_and_culture
japanese	joojitakei	ジョージタケイ	jmnedict:5743474	taiwan_and_culture
japanese	joozu	joozu	jmnedict:5741682	taiwan_and_culture
japanese	joozu	ジョーズ	jmnedict:5741682	taiwan_and_culture
japanese	joseinokaihou	joseinokaihou	jmnedict:5742404	taiwan_and_culture
japanese	joseinokaihou	じょせいのかいほう	jmnedict:5742404	taiwan_and_culture
japanese	joseinokaihou	女性の解放	jmnedict:5742404	taiwan_and_culture
japanese	jugemu	jugemu	jmnedict:5743100	taiwan_and_culture
japanese	jugemu	じゅげむ	jmnedict:5743100	taiwan_and_culture
japanese	jugemu	寿限無	jmnedict:5743100	taiwan_and_culture
japanese	jujutsukaisen	jujutsukaisen	jmnedict:5742675	taiwan_and_culture
japanese	jujutsukaisen	じゅじゅつかいせん	jmnedict:5742675	taiwan_and_culture
japanese	jujutsukaisen	呪術廻戦	jmnedict:5742675	taiwan_and_culture
japanese	jukkakukannosatsujin	jukkakukannosatsujin	jmnedict:5746550	taiwan_and_culture
japanese	jukkakukannosatsujin	じゅっかくかんのさつじん	jmnedict:5746550	taiwan_and_culture
japanese	jukkakukannosatsujin	十角館の殺人	jmnedict:5746550	taiwan_and_culture
japanese	jukugohon'ieiwachuujiten	jukugohon'ieiwachuujiten	jmnedict:5742472	taiwan_and_culture
japanese	jukugohon'ieiwachuujiten	じゅくごほんいえいわちゅうじてん	jmnedict:5742472	taiwan_and_culture
japanese	jukugohon'ieiwachuujiten	熟語本位英和中辞典	jmnedict:5742472	taiwan_and_culture
japanese	junna	junna	jmnedict:5747110	taiwan_and_culture
japanese	junna	じゅんな	jmnedict:5747110	taiwan_and_culture
japanese	junna	ＪＵＮＮＡ	jmnedict:5747110	taiwan_and_culture
japanese	junsuiriseihihan	junsuiriseihihan	jmnedict:5742102	taiwan_and_culture
japanese	junsuiriseihihan	じゅんすいりせいひはん	jmnedict:5742102	taiwan_and_culture
japanese	junsuiriseihihan	純粋理性批判	jmnedict:5742102	taiwan_and_culture
japanese	juon	juon	jmnedict:5349637	taiwan_and_culture
japanese	juon	じゅおん	jmnedict:5349637	taiwan_and_culture
japanese	juon	呪怨	jmnedict:5349637	taiwan_and_culture
japanese	jupitaa	jupitaa	jmnedict:5042029	taiwan_and_culture
japanese	jupitaa	ジュピター	jmnedict:5042029	taiwan_and_culture
japanese	jurashikkupaaku	jurashikkupaaku	jmnedict:5741284	taiwan_and_culture
japanese	jurashikkupaaku	ジュラシックパーク	jmnedict:5741284	taiwan_and_culture
japanese	juriasushiizaa	juriasushiizaa	jmnedict:5741746	taiwan_and_culture
japanese	juriasushiizaa	ジュリアスシーザー	jmnedict:5741746	taiwan_and_culture
japanese	juubei	juubei	jmnedict:5742096	taiwan_and_culture
japanese	juubei	ジューベイ	jmnedict:5742096	taiwan_and_culture
japanese	juubei	竹北	jmnedict:5742096	taiwan_and_culture
japanese	juugyuuzu	juugyuuzu	jmnedict:5357428	taiwan_and_culture
japanese	juugyuuzu	じゅうぎゅうず	jmnedict:5357428	taiwan_and_culture
japanese	juugyuuzu	十牛図	jmnedict:5357428	taiwan_and_culture
japanese	juuniya	juuniya	jmnedict:5358144	taiwan_and_culture
japanese	juuniya	じゅうにや	jmnedict:5358144	taiwan_and_culture
japanese	juuniya	十二夜	jmnedict:5358144	taiwan_and_culture
japanese	kaasensaa	kaasensaa	jmnedict:5020867	taiwan_and_culture
japanese	kaasensaa	カーセンサー	jmnedict:5020867	taiwan_and_culture
japanese	kachikachiyama	kachikachiyama	jmnedict:5746534	taiwan_and_culture
japanese	kachikachiyama	かちかちやま	jmnedict:5746534	taiwan_and_culture
japanese	kachikachiyama	かちかち山	jmnedict:5746534	taiwan_and_culture
japanese	kaerunoousama	kaerunoousama	jmnedict:5745223	taiwan_and_culture
japanese	kaerunoousama	かえるのおうさま	jmnedict:5745223	taiwan_and_culture
japanese	kaerunoousama	かえるの王さま	jmnedict:5745223	taiwan_and_culture
japanese	kaerunoousama	かえるの王様	jmnedict:5745223	taiwan_and_culture
japanese	kaerunoousama	カエルの王さま	jmnedict:5745223	taiwan_and_culture
japanese	kaerunoousama	カエルの王様	jmnedict:5745223	taiwan_and_culture
japanese	kaerunoousama	蛙の王さま	jmnedict:5745223	taiwan_and_culture
japanese	kaerunoousama	蛙の王様	jmnedict:5745223	taiwan_and_culture
japanese	kagi	kagi	jmnedict:5165411	taiwan_and_culture
japanese	kagi	かぎ	jmnedict:5165411	taiwan_and_culture
japanese	kagi	嘉義	jmnedict:5165411	taiwan_and_culture
japanese	kaguyahime	kaguyahime	jmnedict:5001664	taiwan_and_culture
japanese	kaguyahime	かぐやひめ	jmnedict:5001664	taiwan_and_culture
japanese	kaguyahime	かぐや姫	jmnedict:5001664	taiwan_and_culture
japanese	kaguyahime	輝夜姫	jmnedict:5001664	taiwan_and_culture
japanese	kaigansanmyaku	kaigansanmyaku	jmnedict:5743713	taiwan_and_culture
japanese	kaigansanmyaku	かいがんさんみゃく	jmnedict:5743713	taiwan_and_culture
japanese	kaigansanmyaku	海岸山脈	jmnedict:5743713	taiwan_and_culture
japanese	kaiheitaisanka	kaiheitaisanka	jmnedict:5746710	taiwan_and_culture
japanese	kaiheitaisanka	かいへいたいさんか	jmnedict:5746710	taiwan_and_culture
japanese	kaiheitaisanka	海兵隊讃歌	jmnedict:5746710	taiwan_and_culture
japanese	kaiheitaisanka	海兵隊賛歌	jmnedict:5746710	taiwan_and_culture
japanese	kaitaishinsho	kaitaishinsho	jmnedict:5747719	taiwan_and_culture
japanese	kaitaishinsho	かいたいしんしょ	jmnedict:5747719	taiwan_and_culture
japanese	kaitaishinsho	解体新書	jmnedict:5747719	taiwan_and_culture
japanese	kaitaishinsho	解體新書	jmnedict:5747719	taiwan_and_culture
japanese	kaiteinimanri	kaiteinimanri	jmnedict:5741585	taiwan_and_culture
japanese	kaiteinimanri	かいていにまんり	jmnedict:5741585	taiwan_and_culture
japanese	kaiteinimanri	海底二万里	jmnedict:5741585	taiwan_and_culture
japanese	kakufushiyouseimei	kakufushiyouseimei	jmnedict:5743117	taiwan_and_culture
japanese	kakufushiyouseimei	かくふしようせいめい	jmnedict:5743117	taiwan_and_culture
japanese	kakufushiyouseimei	核不使用声明	jmnedict:5743117	taiwan_and_culture
japanese	kakyou	kakyou	jmnedict:5743449	taiwan_and_culture
japanese	kakyou	かきょう	jmnedict:5743449	taiwan_and_culture
japanese	kakyou	花鏡	jmnedict:5743449	taiwan_and_culture
japanese	kamennokokuhaku	kamennokokuhaku	jmnedict:5741597	taiwan_and_culture
japanese	kamennokokuhaku	かめんのこくはく	jmnedict:5741597	taiwan_and_culture
japanese	kamennokokuhaku	仮面の告白	jmnedict:5741597	taiwan_and_culture
japanese	kamenraidaa	kamenraidaa	jmnedict:5161027	taiwan_and_culture
japanese	kamenraidaa	かめんライダー	jmnedict:5161027	taiwan_and_culture
japanese	kamenraidaa	仮面ライダー	jmnedict:5161027	taiwan_and_culture
japanese	kamerawotomeruna	kamerawotomeruna	jmnedict:5741795	taiwan_and_culture
japanese	kamerawotomeruna	カメラをとめるな	jmnedict:5741795	taiwan_and_culture
japanese	kamerawotomeruna	カメラを止めるな！	jmnedict:5741795	taiwan_and_culture
japanese	kamigaminotasogare	kamigaminotasogare	jmnedict:5746864	taiwan_and_culture
japanese	kamigaminotasogare	かみがみのたそがれ	jmnedict:5746864	taiwan_and_culture
japanese	kamigaminotasogare	神々の黄昏	jmnedict:5746864	taiwan_and_culture
japanese	kamihamousoudearu	kamihamousoudearu	jmnedict:5416239	taiwan_and_culture
japanese	kamihamousoudearu	かみはもうそうである	jmnedict:5416239	taiwan_and_culture
japanese	kamihamousoudearu	神は妄想である	jmnedict:5416239	taiwan_and_culture
japanese	kamomenojonasan	kamomenojonasan	jmnedict:5001894	taiwan_and_culture
japanese	kamomenojonasan	かもめのジョナサン	jmnedict:5001894	taiwan_and_culture
japanese	kanagawaokinamiura	kanagawaokinamiura	jmnedict:5741470	taiwan_and_culture
japanese	kanagawaokinamiura	かながわおきなみうら	jmnedict:5741470	taiwan_and_culture
japanese	kanagawaokinamiura	神奈川沖浪裏	jmnedict:5741470	taiwan_and_culture
japanese	kanajo	kanajo	jmnedict:5746176	taiwan_and_culture
japanese	kanajo	かなじょ	jmnedict:5746176	taiwan_and_culture
japanese	kanajo	仮名序	jmnedict:5746176	taiwan_and_culture
japanese	kangodaijiten	kangodaijiten	jmnedict:5746870	taiwan_and_culture
japanese	kangodaijiten	かんごだいじてん	jmnedict:5746870	taiwan_and_culture
japanese	kangodaijiten	漢語大字典	jmnedict:5746870	taiwan_and_culture
japanese	kanjigen	kanjigen	jmnedict:5743027	taiwan_and_culture
japanese	kanjigen	かんじげん	jmnedict:5743027	taiwan_and_culture
japanese	kanjigen	漢字源	jmnedict:5743027	taiwan_and_culture
japanese	kanjikai	kanjikai	jmnedict:5742617	taiwan_and_culture
japanese	kanjikai	かんじかい	jmnedict:5742617	taiwan_and_culture
japanese	kanjikai	漢辞海	jmnedict:5742617	taiwan_and_culture
japanese	kanjo	kanjo	jmnedict:5742348	taiwan_and_culture
japanese	kanjo	かんじょ	jmnedict:5742348	taiwan_and_culture
japanese	kanjo	漢書	jmnedict:5742348	taiwan_and_culture
japanese	kanketsusenrinokoma	kanketsusenrinokoma	jmnedict:5747620	taiwan_and_culture
japanese	kanketsusenrinokoma	かんけつせんりのこま	jmnedict:5747620	taiwan_and_culture
japanese	kanketsusenrinokoma	汗血千里の駒	jmnedict:5747620	taiwan_and_culture
japanese	kanketsusenrinokoma	汗血千里駒	jmnedict:5747620	taiwan_and_culture
japanese	kankinouta	kankinouta	jmnedict:5746169	taiwan_and_culture
japanese	kankinouta	かんきのうた	jmnedict:5746169	taiwan_and_culture
japanese	kankinouta	歓喜の歌	jmnedict:5746169	taiwan_and_culture
japanese	kankouenshuu	kankouenshuu	jmnedict:5746384	taiwan_and_culture
japanese	kankouenshuu	かんこうえんしゅう	jmnedict:5746384	taiwan_and_culture
japanese	kankouenshuu	漢光演習	jmnedict:5746384	taiwan_and_culture
japanese	kankyuujihou	kankyuujihou	jmnedict:5742350	taiwan_and_culture
japanese	kankyuujihou	かんきゅうじほう	jmnedict:5742350	taiwan_and_culture
japanese	kankyuujihou	環球時報	jmnedict:5742350	taiwan_and_culture
japanese	kannazukinomiko	kannazukinomiko	jmnedict:5747734	taiwan_and_culture
japanese	kannazukinomiko	かんなづきのみこ	jmnedict:5747734	taiwan_and_culture
japanese	kannazukinomiko	神無月の巫女	jmnedict:5747734	taiwan_and_culture
japanese	kanpishi	kanpishi	jmnedict:5192729	taiwan_and_culture
japanese	kanpishi	かんぴし	jmnedict:5192729	taiwan_and_culture
japanese	kanpishi	韓非子	jmnedict:5192729	taiwan_and_culture
japanese	kantotokamonohashi	kantotokamonohashi	jmnedict:5023785	taiwan_and_culture
japanese	kantotokamonohashi	カントとカモノハシ	jmnedict:5023785	taiwan_and_culture
japanese	kaoshun	kaoshun	jmnedict:5021322	taiwan_and_culture
japanese	kaoshun	カオシュン	jmnedict:5021322	taiwan_and_culture
japanese	kapurikonwan	kapurikonwan	jmnedict:5022518	taiwan_and_culture
japanese	kapurikonwan	カプリコンワン	jmnedict:5022518	taiwan_and_culture
japanese	kapurikonwan	カプリコン１	jmnedict:5022518	taiwan_and_culture
japanese	kapuritcho	kapuritcho	jmnedict:5022520	taiwan_and_culture
japanese	kapuritcho	カプリッチョ	jmnedict:5022520	taiwan_and_culture
japanese	karasawagi	karasawagi	jmnedict:5745994	taiwan_and_culture
japanese	karasawagi	からさわぎ	jmnedict:5745994	taiwan_and_culture
japanese	karasawagi	から騒ぎ	jmnedict:5745994	taiwan_and_culture
japanese	karasawagi	空騒ぎ	jmnedict:5745994	taiwan_and_culture
japanese	karen	karen	jmnedict:5171720	taiwan_and_culture
japanese	karen	かれん	jmnedict:5171720	taiwan_and_culture
japanese	karen	花蓮	jmnedict:5171720	taiwan_and_culture
japanese	karigurashinoariettei	karigurashinoariettei	jmnedict:5741620	taiwan_and_culture
japanese	karigurashinoariettei	かりぐらしのアリエッティ	jmnedict:5741620	taiwan_and_culture
japanese	karigurashinoariettei	借りぐらしのアリエッティ	jmnedict:5741620	taiwan_and_culture
japanese	karumen	karumen	jmnedict:5023472	taiwan_and_culture
japanese	karumen	カルメン	jmnedict:5023472	taiwan_and_culture
japanese	kasaburanka	kasaburanka	jmnedict:5021425	taiwan_and_culture
japanese	kasaburanka	カサブランカ	jmnedict:5021425	taiwan_and_culture
japanese	katamaridamashii	katamaridamashii	jmnedict:5746676	taiwan_and_culture
japanese	katamaridamashii	かたまりだましい	jmnedict:5746676	taiwan_and_culture
japanese	katamaridamashii	塊魂	jmnedict:5746676	taiwan_and_culture
japanese	kategoriiron	kategoriiron	jmnedict:5747511	taiwan_and_culture
japanese	kategoriiron	カテゴリーろん	jmnedict:5747511	taiwan_and_culture
japanese	kategoriiron	カテゴリー論	jmnedict:5747511	taiwan_and_culture
japanese	kattenishiyagare	kattenishiyagare	jmnedict:5368269	taiwan_and_culture
japanese	kattenishiyagare	かってにしやがれ	jmnedict:5368269	taiwan_and_culture
japanese	kattenishiyagare	勝手にしやがれ	jmnedict:5368269	taiwan_and_culture
japanese	kaubooibibappu	kaubooibibappu	jmnedict:5743517	taiwan_and_culture
japanese	kaubooibibappu	カウボーイビバップ	jmnedict:5743517	taiwan_and_culture
japanese	kayounenka	kayounenka	jmnedict:5747845	taiwan_and_culture
japanese	kayounenka	かようねんか	jmnedict:5747845	taiwan_and_culture
japanese	kayounenka	花様年華	jmnedict:5747845	taiwan_and_culture
japanese	kazenifukarete	kazenifukarete	jmnedict:5741200	taiwan_and_culture
japanese	kazenifukarete	かぜにふかれて	jmnedict:5741200	taiwan_and_culture
japanese	kazenifukarete	風に吹かれて	jmnedict:5741200	taiwan_and_culture
japanese	kazetachinu	kazetachinu	jmnedict:5623482	taiwan_and_culture
japanese	kazetachinu	かぜたちぬ	jmnedict:5623482	taiwan_and_culture
japanese	kazetachinu	風立ちぬ	jmnedict:5623482	taiwan_and_culture
japanese	kazetotomonisarinu	kazetotomonisarinu	jmnedict:5622888	taiwan_and_culture
japanese	kazetotomonisarinu	かぜとともにさりぬ	jmnedict:5622888	taiwan_and_culture
japanese	kazetotomonisarinu	風と共に去りぬ	jmnedict:5622888	taiwan_and_culture
japanese	kegaretakokoro	kegaretakokoro	jmnedict:5742202	taiwan_and_culture
japanese	kegaretakokoro	けがれたこころ	jmnedict:5742202	taiwan_and_culture
japanese	kegaretakokoro	汚れた心	jmnedict:5742202	taiwan_and_culture
japanese	keitokudentouroku	keitokudentouroku	jmnedict:5242551	taiwan_and_culture
japanese	keitokudentouroku	keitokudentouroku	jmnedict:5741518	taiwan_and_culture
japanese	keitokudentouroku	けいとくでんとうろく	jmnedict:5242551	taiwan_and_culture
japanese	keitokudentouroku	けいとくでんとうろく	jmnedict:5741518	taiwan_and_culture
japanese	keitokudentouroku	景徳伝灯録	jmnedict:5242551	taiwan_and_culture
japanese	keitokudentouroku	景徳傳燈録	jmnedict:5741518	taiwan_and_culture
japanese	kenki	kenki	jmnedict:5743371	taiwan_and_culture
japanese	kenki	けんき	jmnedict:5743371	taiwan_and_culture
japanese	kenki	剣鬼	jmnedict:5743371	taiwan_and_culture
japanese	kereivuuiriamuzu	kereivuuiriamuzu	jmnedict:5031214	taiwan_and_culture
japanese	kereivuuiriamuzu	ケレイヴウィリアムズ	jmnedict:5031214	taiwan_and_culture
japanese	keserasera	keserasera	jmnedict:5741356	taiwan_and_culture
japanese	keserasera	ケセラセラ	jmnedict:5741356	taiwan_and_culture
japanese	kidousenshigandamu	kidousenshigandamu	jmnedict:5200447	taiwan_and_culture
japanese	kidousenshigandamu	きどうせんしガンダム	jmnedict:5200447	taiwan_and_culture
japanese	kidousenshigandamu	機動戦士ガンダム	jmnedict:5200447	taiwan_and_culture
japanese	kiifuaasazaarandonobeibooi	kiifuaasazaarandonobeibooi	jmnedict:5024990	taiwan_and_culture
japanese	kiifuaasazaarandonobeibooi	キーファーサザーランドのベイボーイ	jmnedict:5024990	taiwan_and_culture
japanese	kiirun	kiirun	jmnedict:5198730	taiwan_and_culture
japanese	kiirun	きいるん	jmnedict:5198730	taiwan_and_culture
japanese	kiirun	キールン	jmnedict:5198730	taiwan_and_culture
japanese	kiirun	基隆	jmnedict:5198730	taiwan_and_culture
japanese	kikennakankei	kikennakankei	jmnedict:5196706	taiwan_and_culture
japanese	kikennakankei	きけんなかんけい	jmnedict:5196706	taiwan_and_culture
japanese	kikennakankei	危険な関係	jmnedict:5196706	taiwan_and_culture
japanese	kikikaikai	kikikaikai	jmnedict:5745043	taiwan_and_culture
japanese	kikikaikai	ききかいかい	jmnedict:5745043	taiwan_and_culture
japanese	kikikaikai	奇々怪界	jmnedict:5745043	taiwan_and_culture
japanese	kikkubokusaatsuu	kikkubokusaatsuu	jmnedict:5025236	taiwan_and_culture
japanese	kikkubokusaatsuu	キックボクサーツー	jmnedict:5025236	taiwan_and_culture
japanese	kikkubokusaatsuu	キックボクサー２	jmnedict:5025236	taiwan_and_culture
japanese	kikuchiyuuhou	kikuchiyuuhou	jmnedict:5208068	taiwan_and_culture
japanese	kikuchiyuuhou	きくちゆうほう	jmnedict:5208068	taiwan_and_culture
japanese	kikuchiyuuhou	菊地幽芳	jmnedict:5208068	taiwan_and_culture
japanese	kikuchiyuuhou	菊池幽芳	jmnedict:5208068	taiwan_and_culture
japanese	kikyorainoji	kikyorainoji	jmnedict:5200465	taiwan_and_culture
japanese	kikyorainoji	ききょらいのじ	jmnedict:5200465	taiwan_and_culture
japanese	kikyorainoji	帰去来辞	jmnedict:5200465	taiwan_and_culture
japanese	kimetsu	kimetsu	jmnedict:5744820	taiwan_and_culture
japanese	kimetsu	きめつ	jmnedict:5744820	taiwan_and_culture
japanese	kimetsu	鬼滅	jmnedict:5744820	taiwan_and_culture
japanese	kimetsunoyaiba	kimetsunoyaiba	jmnedict:5742612	taiwan_and_culture
japanese	kimetsunoyaiba	きめつのやいば	jmnedict:5742612	taiwan_and_culture
japanese	kimetsunoyaiba	鬼滅の刃	jmnedict:5742612	taiwan_and_culture
japanese	kiminonaha	kiminonaha	jmnedict:5741618	taiwan_and_culture
japanese	kiminonaha	きみのなは	jmnedict:5741618	taiwan_and_culture
japanese	kiminonaha	君の名は	jmnedict:5741618	taiwan_and_culture
japanese	kiminonaha	君の名は。	jmnedict:5741618	taiwan_and_culture
japanese	kimitachihadouikiruka	kimitachihadouikiruka	jmnedict:5746366	taiwan_and_culture
japanese	kimitachihadouikiruka	きみたちはどういきるか	jmnedict:5746366	taiwan_and_culture
japanese	kimitachihadouikiruka	君たちはどう生きるか	jmnedict:5746366	taiwan_and_culture
japanese	kingudamu	kingudamu	jmnedict:5026038	taiwan_and_culture
japanese	kingudamu	キングダム	jmnedict:5026038	taiwan_and_culture
japanese	kingukongu	kingukongu	jmnedict:5026009	taiwan_and_culture
japanese	kingukongu	キングコング	jmnedict:5026009	taiwan_and_culture
japanese	kinguobukikkubokusaafuainaru	kinguobukikkubokusaafuainaru	jmnedict:5026006	taiwan_and_culture
japanese	kinguobukikkubokusaafuainaru	キングオブキックボクサーファイナル	jmnedict:5026006	taiwan_and_culture
japanese	kinguobukikkubokusaatsuu	kinguobukikkubokusaatsuu	jmnedict:5026005	taiwan_and_culture
japanese	kinguobukikkubokusaatsuu	キングオブキックボクサーツー	jmnedict:5026005	taiwan_and_culture
japanese	kinguobukikkubokusaatsuu	キングオブキックボクサー２	jmnedict:5026005	taiwan_and_culture
japanese	kinkakuji	kinkakuji	jmnedict:5229259	taiwan_and_culture
japanese	kinkakuji	きんかくじ	jmnedict:5229259	taiwan_and_culture
japanese	kinkakuji	金閣寺	jmnedict:5229259	taiwan_and_culture
japanese	kinkiibuutsu	kinkiibuutsu	jmnedict:5742391	taiwan_and_culture
japanese	kinkiibuutsu	キンキーブーツ	jmnedict:5742391	taiwan_and_culture
japanese	kinkushuu	kinkushuu	jmnedict:5743309	taiwan_and_culture
japanese	kinkushuu	きんくしゅう	jmnedict:5743309	taiwan_and_culture
japanese	kinkushuu	金句集	jmnedict:5743309	taiwan_and_culture
japanese	kinmon	kinmon	jmnedict:5231380	taiwan_and_culture
japanese	kinmon	きんもん	jmnedict:5231380	taiwan_and_culture
japanese	kinmon	金門	jmnedict:5231380	taiwan_and_culture
japanese	kinnoono	kinnoono	jmnedict:5742594	taiwan_and_culture
japanese	kinnoono	きんのおの	jmnedict:5742594	taiwan_and_culture
japanese	kinnoono	金の斧	jmnedict:5742594	taiwan_and_culture
japanese	kinpeibai	kinpeibai	jmnedict:5741629	taiwan_and_culture
japanese	kinpeibai	きんぺいばい	jmnedict:5741629	taiwan_and_culture
japanese	kinpeibai	金瓶梅	jmnedict:5741629	taiwan_and_culture
japanese	kinshiroku	kinshiroku	jmnedict:5747916	taiwan_and_culture
japanese	kinshiroku	きんしろく	jmnedict:5747916	taiwan_and_culture
japanese	kinshiroku	近思録	jmnedict:5747916	taiwan_and_culture
japanese	kinteieiyakuseisho	kinteieiyakuseisho	jmnedict:5740722	taiwan_and_culture
japanese	kinteieiyakuseisho	きんていえいやくせいしょ	jmnedict:5740722	taiwan_and_culture
japanese	kinteieiyakuseisho	欽定英訳聖書	jmnedict:5740722	taiwan_and_culture
japanese	kinzeihoukoku	kinzeihoukoku	jmnedict:5743324	taiwan_and_culture
japanese	kinzeihoukoku	キンゼイほうこく	jmnedict:5743324	taiwan_and_culture
japanese	kinzeihoukoku	キンゼイ報告	jmnedict:5743324	taiwan_and_culture
japanese	kirakiraboshi	kirakiraboshi	jmnedict:5747756	taiwan_and_culture
japanese	kirakiraboshi	きらきらぼし	jmnedict:5747756	taiwan_and_culture
japanese	kirakiraboshi	きらきら星	jmnedict:5747756	taiwan_and_culture
japanese	kirakiraboshi	キラキラ星	jmnedict:5747756	taiwan_and_culture
japanese	kirikirijin	kirikirijin	jmnedict:5742656	taiwan_and_culture
japanese	kirikirijin	きりきりじん	jmnedict:5742656	taiwan_and_culture
japanese	kirikirijin	吉里吉里人	jmnedict:5742656	taiwan_and_culture
japanese	kirintoperikantoboku	kirintoperikantoboku	jmnedict:5025871	taiwan_and_culture
japanese	kirintoperikantoboku	キリンとペリカンとぼく	jmnedict:5025871	taiwan_and_culture
japanese	kirisutoshanojiyuu	kirisutoshanojiyuu	jmnedict:5741714	taiwan_and_culture
japanese	kirisutoshanojiyuu	キリストしゃのじゆう	jmnedict:5741714	taiwan_and_culture
japanese	kirisutoshanojiyuu	キリスト者の自由	jmnedict:5741714	taiwan_and_culture
japanese	kirun	kirun	jmnedict:5198730	taiwan_and_culture
japanese	kirun	きるん	jmnedict:5198730	taiwan_and_culture
japanese	kirun	基隆	jmnedict:5198730	taiwan_and_culture
japanese	kiryuu	kiryuu	jmnedict:5198730	taiwan_and_culture
japanese	kiryuu	きりゅう	jmnedict:5198730	taiwan_and_culture
japanese	kiryuu	基隆	jmnedict:5198730	taiwan_and_culture
japanese	kiseijuu	kiseijuu	jmnedict:5747994	taiwan_and_culture
japanese	kiseijuu	きせいじゅう	jmnedict:5747994	taiwan_and_culture
japanese	kiseijuu	寄生獣	jmnedict:5747994	taiwan_and_culture
japanese	kishiyuusuke	kishiyuusuke	jmnedict:5203651	taiwan_and_culture
japanese	kishiyuusuke	きしゆうすけ	jmnedict:5203651	taiwan_and_culture
japanese	kishiyuusuke	貴志祐介	jmnedict:5203651	taiwan_and_culture
japanese	kisuhenopureryuudo	kisuhenopureryuudo	jmnedict:5025177	taiwan_and_culture
japanese	kisuhenopureryuudo	キスへのプレリュード	jmnedict:5025177	taiwan_and_culture
japanese	kitakazetotaiyou	kitakazetotaiyou	jmnedict:5745265	taiwan_and_culture
japanese	kitakazetotaiyou	きたかぜとたいよう	jmnedict:5745265	taiwan_and_culture
japanese	kitakazetotaiyou	北風と太陽	jmnedict:5745265	taiwan_and_culture
japanese	kiyoshikonoyoru	kiyoshikonoyoru	jmnedict:5743497	taiwan_and_culture
japanese	kiyoshikonoyoru	きよしこのよる	jmnedict:5743497	taiwan_and_culture
japanese	kiyoshikonoyoru	きよしこの夜	jmnedict:5743497	taiwan_and_culture
japanese	kiyoshikonoyoru	清しこの夜	jmnedict:5743497	taiwan_and_culture
japanese	kiyoshikonoyoru	聖しこの夜	jmnedict:5743497	taiwan_and_culture
japanese	koganemushi	koganemushi	jmnedict:5150041	taiwan_and_culture
japanese	koganemushi	こがねむし	jmnedict:5150041	taiwan_and_culture
japanese	koganemushi	黄金虫	jmnedict:5150041	taiwan_and_culture
japanese	kogoshuui	kogoshuui	jmnedict:5256045	taiwan_and_culture
japanese	kogoshuui	こごしゅうい	jmnedict:5256045	taiwan_and_culture
japanese	kogoshuui	古語拾遺	jmnedict:5256045	taiwan_and_culture
japanese	koihadejabu	koihadejabu	jmnedict:5741614	taiwan_and_culture
japanese	koihadejabu	こいはデジャブ	jmnedict:5741614	taiwan_and_culture
japanese	koihadejabu	恋はデジャブ	jmnedict:5741614	taiwan_and_culture
japanese	koihadejabu	恋はデジャ・ブ	jmnedict:5741614	taiwan_and_culture
japanese	koinohoneorigai	koinohoneorigai	jmnedict:5741209	taiwan_and_culture
japanese	koinohoneorigai	こいのほねおりがい	jmnedict:5741209	taiwan_and_culture
japanese	koinohoneorigai	恋の骨折り甲斐	jmnedict:5741209	taiwan_and_culture
japanese	koinohoneorizon	koinohoneorizon	jmnedict:5741210	taiwan_and_culture
japanese	koinohoneorizon	こいのほねおりぞん	jmnedict:5741210	taiwan_and_culture
japanese	koinohoneorizon	恋の骨折り損	jmnedict:5741210	taiwan_and_culture
japanese	kojikiden	kojikiden	jmnedict:5743401	taiwan_and_culture
japanese	kojikiden	こじきでん	jmnedict:5743401	taiwan_and_culture
japanese	kojikiden	古事記伝	jmnedict:5743401	taiwan_and_culture
japanese	kokinwakashuu	kokinwakashuu	jmnedict:5256138	taiwan_and_culture
japanese	kokinwakashuu	こきんわかしゅう	jmnedict:5256138	taiwan_and_culture
japanese	kokinwakashuu	古今和歌集	jmnedict:5256138	taiwan_and_culture
japanese	kokki	kokki	jmnedict:5294234	taiwan_and_culture
japanese	kokki	こっき	jmnedict:5294234	taiwan_and_culture
japanese	kokki	国記	jmnedict:5294234	taiwan_and_culture
japanese	kokonchomonjuu	kokonchomonjuu	jmnedict:5747235	taiwan_and_culture
japanese	kokonchomonjuu	ここんちょもんじゅう	jmnedict:5747235	taiwan_and_culture
japanese	kokonchomonjuu	古今著聞集	jmnedict:5747235	taiwan_and_culture
japanese	kokoro	kokoro	jmnedict:5741604	taiwan_and_culture
japanese	kokoro	こころ	jmnedict:5741604	taiwan_and_culture
japanese	kokoyoridokokade	kokoyoridokokade	jmnedict:5002455	taiwan_and_culture
japanese	kokoyoridokokade	ここよりどこかで	jmnedict:5002455	taiwan_and_culture
japanese	kokufuron	kokufuron	jmnedict:5295014	taiwan_and_culture
japanese	kokufuron	こくふろん	jmnedict:5295014	taiwan_and_culture
japanese	kokufuron	国富論	jmnedict:5295014	taiwan_and_culture
japanese	kokuhakuroku	kokuhakuroku	jmnedict:5741484	taiwan_and_culture
japanese	kokuhakuroku	こくはくろく	jmnedict:5741484	taiwan_and_culture
japanese	kokuhakuroku	告白録	jmnedict:5741484	taiwan_and_culture
japanese	kokuhou	kokuhou	jmnedict:5295186	taiwan_and_culture
japanese	kokuhou	こくほう	jmnedict:5295186	taiwan_and_culture
japanese	kokuhou	国宝	jmnedict:5295186	taiwan_and_culture
japanese	kokunkojiki	kokunkojiki	jmnedict:5255959	taiwan_and_culture
japanese	kokunkojiki	こくんこじき	jmnedict:5255959	taiwan_and_culture
japanese	kokunkojiki	古訓古事記	jmnedict:5255959	taiwan_and_culture
japanese	kokurikozakakara	kokurikozakakara	jmnedict:5741619	taiwan_and_culture
japanese	kokurikozakakara	コクリコざかから	jmnedict:5741619	taiwan_and_culture
japanese	kokurikozakakara	コクリコ坂から	jmnedict:5741619	taiwan_and_culture
japanese	kokuritsutaiwandaigaku	kokuritsutaiwandaigaku	jmnedict:5295390	taiwan_and_culture
japanese	kokuritsutaiwandaigaku	こくりつたいわんだいがく	jmnedict:5295390	taiwan_and_culture
japanese	kokuritsutaiwandaigaku	国立台湾大学	jmnedict:5295390	taiwan_and_culture
japanese	kokuritsutaiwanshihandaigaku	kokuritsutaiwanshihandaigaku	jmnedict:5295389	taiwan_and_culture
japanese	kokuritsutaiwanshihandaigaku	こくりつたいわんしはんだいがく	jmnedict:5295389	taiwan_and_culture
japanese	kokuritsutaiwanshihandaigaku	国立台湾師範大学	jmnedict:5295389	taiwan_and_culture
japanese	kokuritsutakaoshihandaigaku	kokuritsutakaoshihandaigaku	jmnedict:5295346	taiwan_and_culture
japanese	kokuritsutakaoshihandaigaku	こくりつたかおしはんだいがく	jmnedict:5295346	taiwan_and_culture
japanese	kokuritsutakaoshihandaigaku	国立高雄師範大学	jmnedict:5295346	taiwan_and_culture
japanese	kokushitaikei	kokushitaikei	jmnedict:5294682	taiwan_and_culture
japanese	kokushitaikei	こくしたいけい	jmnedict:5294682	taiwan_and_culture
japanese	kokushitaikei	国史大系	jmnedict:5294682	taiwan_and_culture
japanese	kokuson	kokuson	jmnedict:5744243	taiwan_and_culture
japanese	kokuson	コクソン	jmnedict:5744243	taiwan_and_culture
japanese	kokuson	哭声	jmnedict:5744243	taiwan_and_culture
japanese	kokuson	哭聲	jmnedict:5744243	taiwan_and_culture
japanese	kokyuuhakubutsuin	kokyuuhakubutsuin	jmnedict:5744197	taiwan_and_culture
japanese	kokyuuhakubutsuin	こきゅうはくぶついん	jmnedict:5744197	taiwan_and_culture
japanese	kokyuuhakubutsuin	故宮博物院	jmnedict:5744197	taiwan_and_culture
japanese	komauon	komauon	jmnedict:5149993	taiwan_and_culture
japanese	komauon	コマウォン	jmnedict:5149993	taiwan_and_culture
japanese	komauon	黃家駒	jmnedict:5149993	taiwan_and_culture
japanese	komauon	黄家駒	jmnedict:5149993	taiwan_and_culture
japanese	konbininingen	konbininingen	jmnedict:5743439	taiwan_and_culture
japanese	konbininingen	コンビニにんげん	jmnedict:5743439	taiwan_and_culture
japanese	konbininingen	コンビニ人間	jmnedict:5743439	taiwan_and_culture
japanese	konjakumonogatari	konjakumonogatari	jmnedict:5297761	taiwan_and_culture
japanese	konjakumonogatari	こんじゃくものがたり	jmnedict:5297761	taiwan_and_culture
japanese	konjakumonogatari	今昔物語	jmnedict:5297761	taiwan_and_culture
japanese	konjakumonogatarishuu	konjakumonogatarishuu	jmnedict:5741520	taiwan_and_culture
japanese	konjakumonogatarishuu	こんじゃくものがたりしゅう	jmnedict:5741520	taiwan_and_culture
japanese	konjakumonogatarishuu	今昔物語集	jmnedict:5741520	taiwan_and_culture
japanese	konjikiyasha	konjikiyasha	jmnedict:5230276	taiwan_and_culture
japanese	konjikiyasha	こんじきやしゃ	jmnedict:5230276	taiwan_and_culture
japanese	konjikiyasha	金色夜叉	jmnedict:5230276	taiwan_and_culture
japanese	kontora	kontora	jmnedict:5746460	taiwan_and_culture
japanese	kontora	コントラ	jmnedict:5746460	taiwan_and_culture
japanese	kontora	魂斗羅	jmnedict:5746460	taiwan_and_culture
japanese	koodoneemuhaemerarudo	koodoneemuhaemerarudo	jmnedict:5031813	taiwan_and_culture
japanese	koodoneemuhaemerarudo	コードネームはエメラルド	jmnedict:5031813	taiwan_and_culture
japanese	koodoneemuhafuarukon	koodoneemuhafuarukon	jmnedict:5031814	taiwan_and_culture
japanese	koodoneemuhafuarukon	コードネームはファルコン	jmnedict:5031814	taiwan_and_culture
japanese	koorinobishou	koorinobishou	jmnedict:5741695	taiwan_and_culture
japanese	koorinobishou	こおりのびしょう	jmnedict:5741695	taiwan_and_culture
japanese	koorinobishou	氷の微笑	jmnedict:5741695	taiwan_and_culture
japanese	kooritohonoonouta	kooritohonoonouta	jmnedict:5741960	taiwan_and_culture
japanese	kooritohonoonouta	こおりとほのおのうた	jmnedict:5741960	taiwan_and_culture
japanese	kooritohonoonouta	氷と炎の歌	jmnedict:5741960	taiwan_and_culture
japanese	korinnukureriinonuudodansaa	korinnukureriinonuudodansaa	jmnedict:5033089	taiwan_and_culture
japanese	korinnukureriinonuudodansaa	コリンヌクレリーのヌードダンサー	jmnedict:5033089	taiwan_and_culture
japanese	koshichou	koshichou	jmnedict:5256214	taiwan_and_culture
japanese	koshichou	こしちょう	jmnedict:5256214	taiwan_and_culture
japanese	koshichou	古史徴	jmnedict:5256214	taiwan_and_culture
japanese	koshiden	koshiden	jmnedict:5256215	taiwan_and_culture
japanese	koshiden	こしでん	jmnedict:5256215	taiwan_and_culture
japanese	koshiden	古史伝	jmnedict:5256215	taiwan_and_culture
japanese	kotchiojisan	kotchiojisan	jmnedict:5032457	taiwan_and_culture
japanese	kotchiojisan	コッチおじさん	jmnedict:5032457	taiwan_and_culture
japanese	kotobanoizumi	kotobanoizumi	jmnedict:5746742	taiwan_and_culture
japanese	kotobanoizumi	ことばのいずみ	jmnedict:5746742	taiwan_and_culture
japanese	kotobanoizumi	ことばの泉	jmnedict:5746742	taiwan_and_culture
japanese	koudarohan	koudarohan	jmnedict:5274267	taiwan_and_culture
japanese	koudarohan	こうだろはん	jmnedict:5274267	taiwan_and_culture
japanese	koudarohan	幸田露伴	jmnedict:5274267	taiwan_and_culture
japanese	koufu	koufu	jmnedict:5746150	taiwan_and_culture
japanese	koufu	こうふ	jmnedict:5746150	taiwan_and_culture
japanese	koufu	坑夫	jmnedict:5746150	taiwan_and_culture
japanese	kouganshou	kouganshou	jmnedict:5269179	taiwan_and_culture
japanese	kouganshou	こうがんしょう	jmnedict:5269179	taiwan_and_culture
japanese	kouganshou	厚顔抄	jmnedict:5269179	taiwan_and_culture
japanese	kouheikei	kouheikei	jmnedict:5747978	taiwan_and_culture
japanese	kouheikei	こうへいけい	jmnedict:5747978	taiwan_and_culture
japanese	kouheikei	高屏渓	jmnedict:5747978	taiwan_and_culture
japanese	koujirin	koujirin	jmnedict:5745262	taiwan_and_culture
japanese	koujirin	こうじりん	jmnedict:5745262	taiwan_and_culture
japanese	koujirin	広辞林	jmnedict:5745262	taiwan_and_culture
japanese	koujirin	廣辞林	jmnedict:5745262	taiwan_and_culture
japanese	koukakukidoutai	koukakukidoutai	jmnedict:5278133	taiwan_and_culture
japanese	koukakukidoutai	こうかくきどうたい	jmnedict:5278133	taiwan_and_culture
japanese	koukakukidoutai	攻殻機動隊	jmnedict:5278133	taiwan_and_culture
japanese	kouroumu	kouroumu	jmnedict:5282865	taiwan_and_culture
japanese	kouroumu	こうろうむ	jmnedict:5282865	taiwan_and_culture
japanese	kouroumu	紅楼夢	jmnedict:5282865	taiwan_and_culture
japanese	kouroumu	紅樓夢	jmnedict:5282865	taiwan_and_culture
japanese	koushikego	koushikego	jmnedict:5746689	taiwan_and_culture
japanese	koushikego	こうしけご	jmnedict:5746689	taiwan_and_culture
japanese	koushikego	孔子家語	jmnedict:5746689	taiwan_and_culture
japanese	koushokuichidaiotoko	koushokuichidaiotoko	jmnedict:5271365	taiwan_and_culture
japanese	koushokuichidaiotoko	こうしょくいちだいおとこ	jmnedict:5271365	taiwan_and_culture
japanese	koushokuichidaiotoko	好色一代男	jmnedict:5271365	taiwan_and_culture
japanese	koushun	koushun	jmnedict:5743112	taiwan_and_culture
japanese	koushun	こうしゅん	jmnedict:5743112	taiwan_and_culture
japanese	koushun	恒春	jmnedict:5743112	taiwan_and_culture
japanese	kouyanoyoujinbou	kouyanoyoujinbou	jmnedict:5747753	taiwan_and_culture
japanese	kouyanoyoujinbou	こうやのようじんぼう	jmnedict:5747753	taiwan_and_culture
japanese	kouyanoyoujinbou	荒野の用心棒	jmnedict:5747753	taiwan_and_culture
japanese	kuaishou	kuaishou	jmnedict:5742684	taiwan_and_culture
japanese	kuaishou	クアイショウ	jmnedict:5742684	taiwan_and_culture
japanese	kuaishou	快手	jmnedict:5742684	taiwan_and_culture
japanese	kuikkuandodeddo	kuikkuandodeddo	jmnedict:5026797	taiwan_and_culture
japanese	kuikkuandodeddo	クイックアンドデッド	jmnedict:5026797	taiwan_and_culture
japanese	kuikkuandodeddo	クイック＆デッド	jmnedict:5026797	taiwan_and_culture
japanese	kuiryouko	kuiryouko	jmnedict:5747291	taiwan_and_culture
japanese	kuiryouko	くいりょうこ	jmnedict:5747291	taiwan_and_culture
japanese	kuiryouko	九井諒子	jmnedict:5747291	taiwan_and_culture
japanese	kujihannotamatsuki	kujihannotamatsuki	jmnedict:5742489	taiwan_and_culture
japanese	kujihannotamatsuki	くじはんのたまつき	jmnedict:5742489	taiwan_and_culture
japanese	kujihannotamatsuki	九時半の玉突き	jmnedict:5742489	taiwan_and_culture
japanese	kukaijoudo	kukaijoudo	jmnedict:5741637	taiwan_and_culture
japanese	kukaijoudo	くかいじょうど	jmnedict:5741637	taiwan_and_culture
japanese	kukaijoudo	苦海浄土	jmnedict:5741637	taiwan_and_culture
japanese	kumabachinohikou	kumabachinohikou	jmnedict:5747759	taiwan_and_culture
japanese	kumabachinohikou	くまばちのひこう	jmnedict:5747759	taiwan_and_culture
japanese	kumabachinohikou	熊蜂の飛行	jmnedict:5747759	taiwan_and_culture
japanese	kumagayaniina	kumagayaniina	jmnedict:5235324	taiwan_and_culture
japanese	kumagayaniina	くまがやニーナ	jmnedict:5235324	taiwan_and_culture
japanese	kumagayaniina	熊谷ニーナ	jmnedict:5235324	taiwan_and_culture
japanese	kumanopuusan	kumanopuusan	jmnedict:5743489	taiwan_and_culture
japanese	kumanopuusan	くまのプーさん	jmnedict:5743489	taiwan_and_culture
japanese	kumanopuusan	クマのプーさん	jmnedict:5743489	taiwan_and_culture
japanese	kumonoito	kumonoito	jmnedict:5741607	taiwan_and_culture
japanese	kumonoito	くものいと	jmnedict:5741607	taiwan_and_culture
japanese	kumonoito	蜘蛛の糸	jmnedict:5741607	taiwan_and_culture
japanese	kunitsufumi	kunitsufumi	jmnedict:5294233	taiwan_and_culture
japanese	kunitsufumi	くにつふみ	jmnedict:5294233	taiwan_and_culture
japanese	kunitsufumi	国記	jmnedict:5294233	taiwan_and_culture
japanese	kurakura	kurakura	jmnedict:5747662	taiwan_and_culture
japanese	kurakura	クラクラ	jmnedict:5747662	taiwan_and_culture
japanese	kurarowa	kurarowa	jmnedict:5747663	taiwan_and_culture
japanese	kurarowa	クラロワ	jmnedict:5747663	taiwan_and_culture
japanese	kureebunookugata	kureebunookugata	jmnedict:5741955	taiwan_and_culture
japanese	kureebunookugata	クレーブのおくがた	jmnedict:5741955	taiwan_and_culture
japanese	kureebunookugata	クレーブの奥方	jmnedict:5741955	taiwan_and_culture
japanese	kureevunookugata	kureevunookugata	jmnedict:5741954	taiwan_and_culture
japanese	kureevunookugata	クレーヴのおくがた	jmnedict:5741954	taiwan_and_culture
japanese	kureevunookugata	クレーヴの奥方	jmnedict:5741954	taiwan_and_culture
japanese	kurenainobuta	kurenainobuta	jmnedict:5741626	taiwan_and_culture
japanese	kurenainobuta	くれないのぶた	jmnedict:5741626	taiwan_and_culture
japanese	kurenainobuta	紅の豚	jmnedict:5741626	taiwan_and_culture
japanese	kurittaafuoo	kurittaafuoo	jmnedict:5028052	taiwan_and_culture
japanese	kurittaafuoo	クリッターフォー	jmnedict:5028052	taiwan_and_culture
japanese	kurittaafuoo	クリッター４	jmnedict:5028052	taiwan_and_culture
japanese	kurittaasurii	kurittaasurii	jmnedict:5028051	taiwan_and_culture
japanese	kurittaasurii	クリッタースリー	jmnedict:5028051	taiwan_and_culture
japanese	kurittaasurii	クリッター３	jmnedict:5028051	taiwan_and_culture
japanese	kurittaatsuu	kurittaatsuu	jmnedict:5028050	taiwan_and_culture
japanese	kurittaatsuu	クリッターツー	jmnedict:5028050	taiwan_and_culture
japanese	kurittaatsuu	クリッター２	jmnedict:5028050	taiwan_and_culture
japanese	kurodaaasaa	kurodaaasaa	jmnedict:5296395	taiwan_and_culture
japanese	kurodaaasaa	くろだアーサー	jmnedict:5296395	taiwan_and_culture
japanese	kurodaaasaa	黒田アーサー	jmnedict:5296395	taiwan_and_culture
japanese	kuroiame	kuroiame	jmnedict:5295584	taiwan_and_culture
japanese	kuroiame	くろいあめ	jmnedict:5295584	taiwan_and_culture
japanese	kuroiame	黒い雨	jmnedict:5295584	taiwan_and_culture
japanese	kuroneko	kuroneko	jmnedict:5741676	taiwan_and_culture
japanese	kuroneko	くろねこ	jmnedict:5741676	taiwan_and_culture
japanese	kuroneko	黒猫	jmnedict:5741676	taiwan_and_culture
japanese	kurosawaakira	kurosawaakira	jmnedict:5742161	taiwan_and_culture
japanese	kurosawaakira	くろさわあきら	jmnedict:5742161	taiwan_and_culture
japanese	kurosawaakira	黒沢明	jmnedict:5742161	taiwan_and_culture
japanese	kuroumamonogatari	kuroumamonogatari	jmnedict:5741590	taiwan_and_culture
japanese	kuroumamonogatari	くろうまものがたり	jmnedict:5741590	taiwan_and_culture
japanese	kuroumamonogatari	黒馬物語	jmnedict:5741590	taiwan_and_culture
japanese	kurumiwariningyou	kurumiwariningyou	jmnedict:5002315	taiwan_and_culture
japanese	kurumiwariningyou	kurumiwariningyou	jmnedict:5259606	taiwan_and_culture
japanese	kurumiwariningyou	くるみわりにんぎょう	jmnedict:5002315	taiwan_and_culture
japanese	kurumiwariningyou	くるみわりにんぎょう	jmnedict:5259606	taiwan_and_culture
japanese	kurumiwariningyou	くるみ割り人形	jmnedict:5002315	taiwan_and_culture
japanese	kurumiwariningyou	胡桃割り人形	jmnedict:5259606	taiwan_and_culture
japanese	kusahautatteiru	kusahautatteiru	jmnedict:5742604	taiwan_and_culture
japanese	kusahautatteiru	くさはうたっている	jmnedict:5742604	taiwan_and_culture
japanese	kusahautatteiru	草は歌っている	jmnedict:5742604	taiwan_and_culture
japanese	kusamakura	kusamakura	jmnedict:5742510	taiwan_and_culture
japanese	kusamakura	くさまくら	jmnedict:5742510	taiwan_and_culture
japanese	kusamakura	草枕	jmnedict:5742510	taiwan_and_culture
japanese	kutoujo	kutoujo	jmnedict:5741764	taiwan_and_culture
japanese	kutoujo	くとうじょ	jmnedict:5741764	taiwan_and_culture
japanese	kutoujo	旧唐書	jmnedict:5741764	taiwan_and_culture
japanese	kuyouden	kuyouden	jmnedict:5746776	taiwan_and_culture
japanese	kuyouden	くようでん	jmnedict:5746776	taiwan_and_culture
japanese	kuyouden	公羊伝	jmnedict:5746776	taiwan_and_culture
japanese	kyashaan	kyashaan	jmnedict:5741258	taiwan_and_culture
japanese	kyashaan	キャシャーン	jmnedict:5741258	taiwan_and_culture
japanese	kyasuteingudeirekutaa	kyasuteingudeirekutaa	jmnedict:5747151	taiwan_and_culture
japanese	kyasuteingudeirekutaa	キャスティングディレクター	jmnedict:5747151	taiwan_and_culture
japanese	kyatchinijuuni	kyatchinijuuni	jmnedict:5025506	taiwan_and_culture
japanese	kyatchinijuuni	キャッチにじゅうに	jmnedict:5025506	taiwan_and_culture
japanese	kyatchinijuuni	キャッチ２２	jmnedict:5025506	taiwan_and_culture
japanese	kyattsuandodoggusu	kyattsuandodoggusu	jmnedict:5025508	taiwan_and_culture
japanese	kyattsuandodoggusu	キャッツアンドドッグス	jmnedict:5025508	taiwan_and_culture
japanese	kyattsuandodoggusu	キャッツ＆ドッグス	jmnedict:5025508	taiwan_and_culture
japanese	kyoeinoichi	kyoeinoichi	jmnedict:5218691	taiwan_and_culture
japanese	kyoeinoichi	きょえいのいち	jmnedict:5218691	taiwan_and_culture
japanese	kyoeinoichi	虚栄の市	jmnedict:5218691	taiwan_and_culture
japanese	kyokanketsu	kyokanketsu	jmnedict:5218762	taiwan_and_culture
japanese	kyokanketsu	きょかんけつ	jmnedict:5218762	taiwan_and_culture
japanese	kyokanketsu	許冠傑	jmnedict:5218762	taiwan_and_culture
japanese	kyouen	kyouen	jmnedict:5740630	taiwan_and_culture
japanese	kyouen	きょうえん	jmnedict:5740630	taiwan_and_culture
japanese	kyouen	饗宴	jmnedict:5740630	taiwan_and_culture
japanese	kyoukousenkyo	kyoukousenkyo	jmnedict:5747544	taiwan_and_culture
japanese	kyoukousenkyo	きょうこうせんきょ	jmnedict:5747544	taiwan_and_culture
japanese	kyoukousenkyo	教皇選挙	jmnedict:5747544	taiwan_and_culture
japanese	kyouounoshirenjou	kyouounoshirenjou	jmnedict:5746175	taiwan_and_culture
japanese	kyouounoshirenjou	きょうおうのしれんじょう	jmnedict:5746175	taiwan_and_culture
japanese	kyouounoshirenjou	狂王の試練場	jmnedict:5746175	taiwan_and_culture
japanese	kyuufun	kyuufun	jmnedict:5742099	taiwan_and_culture
japanese	kyuufun	きゅうふん	jmnedict:5742099	taiwan_and_culture
japanese	kyuufun	九フン	jmnedict:5742099	taiwan_and_culture
japanese	kyuufun	九份	jmnedict:5742099	taiwan_and_culture
japanese	kyuuteiburondo	kyuuteiburondo	jmnedict:5025686	taiwan_and_culture
japanese	kyuuteiburondo	キューティブロンド	jmnedict:5025686	taiwan_and_culture
japanese	kyuuteiihanii	kyuuteiihanii	jmnedict:5741257	taiwan_and_culture
japanese	kyuuteiihanii	キューティーハニー	jmnedict:5741257	taiwan_and_culture
japanese	kyuutoujo	kyuutoujo	jmnedict:5741764	taiwan_and_culture
japanese	kyuutoujo	きゅうとうじょ	jmnedict:5741764	taiwan_and_culture
japanese	kyuutoujo	旧唐書	jmnedict:5741764	taiwan_and_culture
japanese	maadadayo	maadadayo	jmnedict:5005955	taiwan_and_culture
japanese	maadadayo	まあだだよ	jmnedict:5005955	taiwan_and_culture
japanese	maafyinoromansu	maafyinoromansu	jmnedict:5079656	taiwan_and_culture
japanese	maafyinoromansu	マーフィのロマンス	jmnedict:5079656	taiwan_and_culture
japanese	maasamiyake	maasamiyake	jmnedict:5079530	taiwan_and_culture
japanese	maasamiyake	マーサみやけ	jmnedict:5079530	taiwan_and_culture
japanese	maasamiyake	マーサ三宅	jmnedict:5079530	taiwan_and_culture
japanese	maashiiekkusu	maashiiekkusu	jmnedict:5079534	taiwan_and_culture
japanese	maashiiekkusu	マーシーエックス	jmnedict:5079534	taiwan_and_culture
japanese	maashiiekkusu	マーシーＸ	jmnedict:5079534	taiwan_and_culture
japanese	maddomakkusu	maddomakkusu	jmnedict:5081344	taiwan_and_culture
japanese	maddomakkusu	マッドマックス	jmnedict:5081344	taiwan_and_culture
japanese	madeisongunnohashi	madeisongunnohashi	jmnedict:5741583	taiwan_and_culture
japanese	madeisongunnohashi	マディソンぐんのはし	jmnedict:5741583	taiwan_and_culture
japanese	madeisongunnohashi	マディソン郡の橋	jmnedict:5741583	taiwan_and_culture
japanese	magunichuudoten	magunichuudoten	jmnedict:5080492	taiwan_and_culture
japanese	magunichuudoten	マグニチュードテン	jmnedict:5080492	taiwan_and_culture
japanese	magunichuudoten	マグニチュード１０	jmnedict:5080492	taiwan_and_culture
japanese	mahaabaarata	mahaabaarata	jmnedict:5651231	taiwan_and_culture
japanese	mahaabaarata	マハーバーラタ	jmnedict:5651231	taiwan_and_culture
japanese	mahaabaarata	摩訶婆羅多	jmnedict:5651231	taiwan_and_culture
japanese	maiamibaisu	maiamibaisu	jmnedict:5079776	taiwan_and_culture
japanese	maiamibaisu	マイアミバイス	jmnedict:5079776	taiwan_and_culture
japanese	maifyearedei	maifyearedei	jmnedict:5741973	taiwan_and_culture
japanese	maifyearedei	マイフェアレディ	jmnedict:5741973	taiwan_and_culture
japanese	maikeruhoi	maikeruhoi	jmnedict:5218763	taiwan_and_culture
japanese	maikeruhoi	マイケルホイ	jmnedict:5218763	taiwan_and_culture
japanese	maikeruhoi	許冠文	jmnedict:5218763	taiwan_and_culture
japanese	maikerujakuson	maikerujakuson	jmnedict:5079819	taiwan_and_culture
japanese	maikerujakuson	マイケルジャクソン	jmnedict:5079819	taiwan_and_culture
japanese	maikumaki	maikumaki	jmnedict:5079808	taiwan_and_culture
japanese	maikumaki	マイクまき	jmnedict:5079808	taiwan_and_culture
japanese	maikumaki	マイク真木	jmnedict:5079808	taiwan_and_culture
japanese	maikura	maikura	jmnedict:5741741	taiwan_and_culture
japanese	maikura	マイクラ	jmnedict:5741741	taiwan_and_culture
japanese	mainkurafuto	mainkurafuto	jmnedict:5741404	taiwan_and_culture
japanese	mainkurafuto	マインクラフト	jmnedict:5741404	taiwan_and_culture
japanese	maipedeia	maipedeia	jmnedict:5746754	taiwan_and_culture
japanese	maipedeia	マイペディア	jmnedict:5746754	taiwan_and_culture
japanese	mairaifu	mairaifu	jmnedict:5079919	taiwan_and_culture
japanese	mairaifu	マイライフ	jmnedict:5079919	taiwan_and_culture
japanese	maisutaajingaa	maisutaajingaa	jmnedict:5742390	taiwan_and_culture
japanese	maisutaajingaa	マイスタージンガー	jmnedict:5742390	taiwan_and_culture
japanese	majonotakkyuubin	majonotakkyuubin	jmnedict:5741624	taiwan_and_culture
japanese	majonotakkyuubin	まじょのたっきゅうびん	jmnedict:5741624	taiwan_and_culture
japanese	majonotakkyuubin	魔女の宅急便	jmnedict:5741624	taiwan_and_culture
japanese	majotaku	majotaku	jmnedict:5746880	taiwan_and_culture
japanese	majotaku	まじょたく	jmnedict:5746880	taiwan_and_culture
japanese	majotaku	魔女宅	jmnedict:5746880	taiwan_and_culture
japanese	makaimura	makaimura	jmnedict:5745041	taiwan_and_culture
japanese	makaimura	まかいむら	jmnedict:5745041	taiwan_and_culture
japanese	makaimura	魔界村	jmnedict:5745041	taiwan_and_culture
japanese	makashikan	makashikan	jmnedict:5651229	taiwan_and_culture
japanese	makashikan	まかしかん	jmnedict:5651229	taiwan_and_culture
japanese	makashikan	摩訶止観	jmnedict:5651229	taiwan_and_culture
japanese	makibitohitsujiwo	makibitohitsujiwo	jmnedict:5747484	taiwan_and_culture
japanese	makibitohitsujiwo	まきびとひつじを	jmnedict:5747484	taiwan_and_culture
japanese	makibitohitsujiwo	牧人ひつじを	jmnedict:5747484	taiwan_and_culture
japanese	makibitohitsujiwo	牧人羊を	jmnedict:5747484	taiwan_and_culture
japanese	makkusuheddoruumu	makkusuheddoruumu	jmnedict:5081141	taiwan_and_culture
japanese	makkusuheddoruumu	マックスヘッドルーム	jmnedict:5081141	taiwan_and_culture
japanese	makkuzanaifu	makkuzanaifu	jmnedict:5747722	taiwan_and_culture
japanese	makkuzanaifu	マックザナイフ	jmnedict:5747722	taiwan_and_culture
japanese	makuranosoushi	makuranosoushi	jmnedict:5653662	taiwan_and_culture
japanese	makuranosoushi	makuranosoushi	jmnedict:5653673	taiwan_and_culture
japanese	makuranosoushi	まくらのそうし	jmnedict:5653662	taiwan_and_culture
japanese	makuranosoushi	まくらのそうし	jmnedict:5653673	taiwan_and_culture
japanese	makuranosoushi	枕の草子	jmnedict:5653662	taiwan_and_culture
japanese	makuranosoushi	枕草子	jmnedict:5653673	taiwan_and_culture
japanese	manbikikazoku	manbikikazoku	jmnedict:5741711	taiwan_and_culture
japanese	manbikikazoku	まんびきかぞく	jmnedict:5741711	taiwan_and_culture
japanese	manbikikazoku	万引き家族	jmnedict:5741711	taiwan_and_culture
japanese	maneehanteinguyuuesuee	maneehanteinguyuuesuee	jmnedict:5081646	taiwan_and_culture
japanese	maneehanteinguyuuesuee	マネーハンティングユーエスエー	jmnedict:5081646	taiwan_and_culture
japanese	maneehanteinguyuuesuee	マネーハンティングＵＳＡ	jmnedict:5081646	taiwan_and_culture
japanese	manekintsuu	manekintsuu	jmnedict:5081648	taiwan_and_culture
japanese	manekintsuu	マネキンツー	jmnedict:5081648	taiwan_and_culture
japanese	manekintsuu	マネキン２	jmnedict:5081648	taiwan_and_culture
japanese	maniakkukoppu	maniakkukoppu	jmnedict:5081583	taiwan_and_culture
japanese	maniakkukoppu	マニアックコップ	jmnedict:5081583	taiwan_and_culture
japanese	manonresukoo	manonresukoo	jmnedict:5081676	taiwan_and_culture
japanese	manonresukoo	マノンレスコー	jmnedict:5081676	taiwan_and_culture
japanese	maririntoainshutain	maririntoainshutain	jmnedict:5082184	taiwan_and_culture
japanese	maririntoainshutain	マリリンとアインシュタイン	jmnedict:5082184	taiwan_and_culture
japanese	marusanoonna	marusanoonna	jmnedict:5743590	taiwan_and_culture
japanese	marusanoonna	マルサのおんな	jmnedict:5743590	taiwan_and_culture
japanese	marusanoonna	マルサの女	jmnedict:5743590	taiwan_and_culture
japanese	masakadoki	masakadoki	jmnedict:5742527	taiwan_and_culture
japanese	masakadoki	まさかどき	jmnedict:5742527	taiwan_and_culture
japanese	masakadoki	将門記	jmnedict:5742527	taiwan_and_culture
japanese	mataijunankyoku	mataijunankyoku	jmnedict:5742549	taiwan_and_culture
japanese	mataijunankyoku	マタイじゅなんきょく	jmnedict:5742549	taiwan_and_culture
japanese	mataijunankyoku	マタイ受難曲	jmnedict:5742549	taiwan_and_culture
japanese	matchiurinoshoujo	matchiurinoshoujo	jmnedict:5741612	taiwan_and_culture
japanese	matchiurinoshoujo	マッチうりのしょうじょ	jmnedict:5741612	taiwan_and_culture
japanese	matchiurinoshoujo	マッチ売りの少女	jmnedict:5741612	taiwan_and_culture
japanese	matchouuman	matchouuman	jmnedict:5081305	taiwan_and_culture
japanese	matchouuman	マッチョ♀ウーマン	jmnedict:5081305	taiwan_and_culture
japanese	matchouuman	マッチョウーマン	jmnedict:5081305	taiwan_and_culture
japanese	mateki	mateki	jmnedict:5741634	taiwan_and_culture
japanese	mateki	まてき	jmnedict:5741634	taiwan_and_culture
japanese	mateki	魔笛	jmnedict:5741634	taiwan_and_culture
japanese	matorikkusu	matorikkusu	jmnedict:5743044	taiwan_and_culture
japanese	matorikkusu	マトリックス	jmnedict:5743044	taiwan_and_culture
japanese	matorikkusureboryuushonzu	matorikkusureboryuushonzu	jmnedict:5081496	taiwan_and_culture
japanese	matorikkusureboryuushonzu	マトリックスレボリューションズ	jmnedict:5081496	taiwan_and_culture
japanese	matsushitabunpou	matsushitabunpou	jmnedict:5741500	taiwan_and_culture
japanese	matsushitabunpou	まつしたぶんぽう	jmnedict:5741500	taiwan_and_culture
japanese	matsushitabunpou	松下文法	jmnedict:5741500	taiwan_and_culture
japanese	medeia	medeia	jmnedict:5741558	taiwan_and_culture
japanese	medeia	メデイア	jmnedict:5741558	taiwan_and_culture
japanese	medeiahamassaajidearu	medeiahamassaajidearu	jmnedict:5085068	taiwan_and_culture
japanese	medeiahamassaajidearu	メディアはマッサージである	jmnedict:5085068	taiwan_and_culture
japanese	megamitensei	megamitensei	jmnedict:5367501	taiwan_and_culture
japanese	megamitensei	めがみてんせい	jmnedict:5367501	taiwan_and_culture
japanese	megamitensei	女神転生	jmnedict:5367501	taiwan_and_culture
japanese	meguriai	meguriai	jmnedict:5741534	taiwan_and_culture
japanese	meguriai	めぐりあい	jmnedict:5741534	taiwan_and_culture
japanese	meguriai	めぐり逢い	jmnedict:5741534	taiwan_and_culture
japanese	megutomogu	megutomogu	jmnedict:5084844	taiwan_and_culture
japanese	megutomogu	メグとモグ	jmnedict:5084844	taiwan_and_culture
japanese	meidoin'abisu	meidoin'abisu	jmnedict:5741762	taiwan_and_culture
japanese	meidoin'abisu	メイドインアビス	jmnedict:5741762	taiwan_and_culture
japanese	meidoin'yuuesuee	meidoin'yuuesuee	jmnedict:5084742	taiwan_and_culture
japanese	meidoin'yuuesuee	メイドインユーエスエー	jmnedict:5084742	taiwan_and_culture
japanese	meidoin'yuuesuee	メイドインＵＳＡ	jmnedict:5084742	taiwan_and_culture
japanese	meidoin'yuuesuee	メイド・イン・ＵＳＡ	jmnedict:5084742	taiwan_and_culture
japanese	meijin	meijin	jmnedict:5661596	taiwan_and_culture
japanese	meijin	めいじん	jmnedict:5661596	taiwan_and_culture
japanese	meijin	名人	jmnedict:5661596	taiwan_and_culture
japanese	meikenrondonmonogatari	meikenrondonmonogatari	jmnedict:5661263	taiwan_and_culture
japanese	meikenrondonmonogatari	めいけんロンドンものがたり	jmnedict:5661263	taiwan_and_culture
japanese	meikenrondonmonogatari	名犬ロンドン物語	jmnedict:5661263	taiwan_and_culture
japanese	meikyoukokugojiten	meikyoukokugojiten	jmnedict:5662640	taiwan_and_culture
japanese	meikyoukokugojiten	めいきょうこくごじてん	jmnedict:5662640	taiwan_and_culture
japanese	meikyoukokugojiten	明鏡国語辞典	jmnedict:5662640	taiwan_and_culture
japanese	meitanteikonan	meitanteikonan	jmnedict:5747453	taiwan_and_culture
japanese	meitanteikonan	めいたんていコナン	jmnedict:5747453	taiwan_and_culture
japanese	meitanteikonan	名探偵コナン	jmnedict:5747453	taiwan_and_culture
japanese	mejaariigutsuu	mejaariigutsuu	jmnedict:5084910	taiwan_and_culture
japanese	mejaariigutsuu	メジャーリーグツー	jmnedict:5084910	taiwan_and_culture
japanese	mejaariigutsuu	メジャーリーグ２	jmnedict:5084910	taiwan_and_culture
japanese	metarugia	metarugia	jmnedict:5747811	taiwan_and_culture
japanese	metarugia	メタルギア	jmnedict:5747811	taiwan_and_culture
japanese	miaorii	miaorii	jmnedict:5742251	taiwan_and_culture
japanese	miaorii	ミアオリー	jmnedict:5742251	taiwan_and_culture
japanese	miaorii	苗栗	jmnedict:5742251	taiwan_and_culture
japanese	midaregami	midaregami	jmnedict:5006489	taiwan_and_culture
japanese	midaregami	みだれがみ	jmnedict:5006489	taiwan_and_culture
japanese	midaregami	みだれ髪	jmnedict:5006489	taiwan_and_culture
japanese	miekichi	miekichi	jmnedict:5317424	taiwan_and_culture
japanese	miekichi	みえきち	jmnedict:5317424	taiwan_and_culture
japanese	miekichi	三重吉	jmnedict:5317424	taiwan_and_culture
japanese	mifuamiria	mifuamiria	jmnedict:5083620	taiwan_and_culture
japanese	mifuamiria	ミファミリア	jmnedict:5083620	taiwan_and_culture
japanese	miiteinguvyiinasu	miiteinguvyiinasu	jmnedict:5083012	taiwan_and_culture
japanese	miiteinguvyiinasu	ミーティングヴィーナス	jmnedict:5083012	taiwan_and_culture
japanese	mikado	mikado	jmnedict:5083105	taiwan_and_culture
japanese	mikado	ミカド	jmnedict:5083105	taiwan_and_culture
japanese	mikurokizzu	mikurokizzu	jmnedict:5741630	taiwan_and_culture
japanese	mikurokizzu	ミクロキッズ	jmnedict:5741630	taiwan_and_culture
japanese	mikurokizzusurii	mikurokizzusurii	jmnedict:5083139	taiwan_and_culture
japanese	mikurokizzusurii	ミクロキッズスリー	jmnedict:5083139	taiwan_and_culture
japanese	mikurokizzusurii	ミクロキッズ３	jmnedict:5083139	taiwan_and_culture
japanese	miniiandomosukouittsu	miniiandomosukouittsu	jmnedict:5083516	taiwan_and_culture
japanese	miniiandomosukouittsu	ミニーアンドモスコウィッツ	jmnedict:5083516	taiwan_and_culture
japanese	miniiandomosukouittsu	ミニー＆モスコウィッツ	jmnedict:5083516	taiwan_and_culture
japanese	miraberutomahoudarakenoie	miraberutomahoudarakenoie	jmnedict:5743461	taiwan_and_culture
japanese	miraberutomahoudarakenoie	ミラベルとまほうだらけのいえ	jmnedict:5743461	taiwan_and_culture
japanese	miraberutomahoudarakenoie	ミラベルと魔法だらけの家	jmnedict:5743461	taiwan_and_culture
japanese	misutaaaasaatsuu	misutaaaasaatsuu	jmnedict:5083269	taiwan_and_culture
japanese	misutaaaasaatsuu	ミスターアーサーツー	jmnedict:5083269	taiwan_and_culture
japanese	misutaaaasaatsuu	ミスターアーサー２	jmnedict:5083269	taiwan_and_culture
japanese	misutaaaasaatsuu	ミスター・アーサー２	jmnedict:5083269	taiwan_and_culture
japanese	misutaaandomisesuburijji	misutaaandomisesuburijji	jmnedict:5083268	taiwan_and_culture
japanese	misutaaandomisesuburijji	ミスターアンドミセスブリッジ	jmnedict:5083268	taiwan_and_culture
japanese	misutaaandomisesuburijji	ミスター＆ミセスブリッジ	jmnedict:5083268	taiwan_and_culture
japanese	misutaavuaateigo	misutaavuaateigo	jmnedict:5083271	taiwan_and_culture
japanese	misutaavuaateigo	ミスターヴァーティゴ	jmnedict:5083271	taiwan_and_culture
japanese	misuteriikamakiri	misuteriikamakiri	jmnedict:5083278	taiwan_and_culture
japanese	misuteriikamakiri	ミステリーかまきり	jmnedict:5083278	taiwan_and_culture
japanese	mitokoumon	mitokoumon	jmnedict:5424054	taiwan_and_culture
japanese	mitokoumon	みとこうもん	jmnedict:5424054	taiwan_and_culture
japanese	mitokoumon	水戸黄門	jmnedict:5424054	taiwan_and_culture
japanese	mitsuseryuu	mitsuseryuu	jmnedict:5266932	taiwan_and_culture
japanese	mitsuseryuu	みつせりゅう	jmnedict:5266932	taiwan_and_culture
japanese	mitsuseryuu	光瀬龍	jmnedict:5266932	taiwan_and_culture
japanese	miurakentarou	miurakentarou	jmnedict:5315462	taiwan_and_culture
japanese	miurakentarou	みうらけんたろう	jmnedict:5315462	taiwan_and_culture
japanese	miurakentarou	三浦建太郎	jmnedict:5315462	taiwan_and_culture
japanese	miyazakihayao	miyazakihayao	jmnedict:5215343	taiwan_and_culture
japanese	miyazakihayao	みやざきはやお	jmnedict:5215343	taiwan_and_culture
japanese	miyazakihayao	宮崎駿	jmnedict:5215343	taiwan_and_culture
japanese	miyazakihayao	宮﨑駿	jmnedict:5215343	taiwan_and_culture
japanese	miyoshijuurou	miyoshijuurou	jmnedict:5316686	taiwan_and_culture
japanese	miyoshijuurou	みよしじゅうろう	jmnedict:5316686	taiwan_and_culture
japanese	miyoshijuurou	三好十郎	jmnedict:5316686	taiwan_and_culture
japanese	mizukiwakako	mizukiwakako	jmnedict:5424303	taiwan_and_culture
japanese	mizukiwakako	みずきわかこ	jmnedict:5424303	taiwan_and_culture
japanese	mizukiwakako	水樹和佳子	jmnedict:5424303	taiwan_and_culture
japanese	mobetaaburuusu	mobetaaburuusu	jmnedict:5086287	taiwan_and_culture
japanese	mobetaaburuusu	モベターブルース	jmnedict:5086287	taiwan_and_culture
japanese	momonozappa	momonozappa	jmnedict:5747051	taiwan_and_culture
japanese	momonozappa	もものざっぱ	jmnedict:5747051	taiwan_and_culture
japanese	momonozappa	桃ノ雑派	jmnedict:5747051	taiwan_and_culture
japanese	momonozappa	桃野雑派	jmnedict:5747051	taiwan_and_culture
japanese	momotarou	momotarou	jmnedict:5558775	taiwan_and_culture
japanese	momotarou	ももたろう	jmnedict:5558775	taiwan_and_culture
japanese	momotarou	桃太郎	jmnedict:5558775	taiwan_and_culture
japanese	momotarounotanjou	momotarounotanjou	jmnedict:5558776	taiwan_and_culture
japanese	momotarounotanjou	ももたろうのたんじょう	jmnedict:5558776	taiwan_and_culture
japanese	momotarounotanjou	桃太郎の誕生	jmnedict:5558776	taiwan_and_culture
japanese	monhan	monhan	jmnedict:5745077	taiwan_and_culture
japanese	monhan	モンハン	jmnedict:5745077	taiwan_and_culture
japanese	monkiihausuheyoukoso	monkiihausuheyoukoso	jmnedict:5086631	taiwan_and_culture
japanese	monkiihausuheyoukoso	モンキーハウスへようこそ	jmnedict:5086631	taiwan_and_culture
japanese	monominotou	monominotou	jmnedict:5740784	taiwan_and_culture
japanese	monominotou	ものみのとう	jmnedict:5740784	taiwan_and_culture
japanese	monominotou	ものみの塔	jmnedict:5740784	taiwan_and_culture
japanese	mononoke	mononoke	jmnedict:5747735	taiwan_and_culture
japanese	mononoke	モノノけ	jmnedict:5747735	taiwan_and_culture
japanese	mononoke	モノノ怪	jmnedict:5747735	taiwan_and_culture
japanese	mononokehime	mononokehime	jmnedict:5741623	taiwan_and_culture
japanese	mononokehime	もののけひめ	jmnedict:5741623	taiwan_and_culture
japanese	mononokehime	もののけ姫	jmnedict:5741623	taiwan_and_culture
japanese	monsutaapanikku	monsutaapanikku	jmnedict:5086671	taiwan_and_culture
japanese	monsutaapanikku	モンスターパニック	jmnedict:5086671	taiwan_and_culture
japanese	monteipaisonraifuobuburaian	monteipaisonraifuobuburaian	jmnedict:5086742	taiwan_and_culture
japanese	monteipaisonraifuobuburaian	モンティパイソンライフオブブライアン	jmnedict:5086742	taiwan_and_culture
japanese	montekurisutohaku	montekurisutohaku	jmnedict:5741595	taiwan_and_culture
japanese	montekurisutohaku	モンテクリストはく	jmnedict:5741595	taiwan_and_culture
japanese	montekurisutohaku	モンテクリスト伯	jmnedict:5741595	taiwan_and_culture
japanese	montekurisutohaku	モンテ・クリスト伯	jmnedict:5741595	taiwan_and_culture
japanese	morimari	morimari	jmnedict:5411189	taiwan_and_culture
japanese	morimari	もりまり	jmnedict:5411189	taiwan_and_culture
japanese	morimari	森茉莉	jmnedict:5411189	taiwan_and_culture
japanese	morimotokouji	morimotokouji	jmnedict:5411009	taiwan_and_culture
japanese	morimotokouji	もりもとこうじ	jmnedict:5411009	taiwan_and_culture
japanese	morimotokouji	森本晃司	jmnedict:5411009	taiwan_and_culture
japanese	moritaato	moritaato	jmnedict:5747721	taiwan_and_culture
japanese	moritaato	モリタート	jmnedict:5747721	taiwan_and_culture
japanese	motemotemerubin	motemotemerubin	jmnedict:5007049	taiwan_and_culture
japanese	motemotemerubin	もてもてメルビン	jmnedict:5007049	taiwan_and_culture
japanese	moujinshokan	moujinshokan	jmnedict:5747993	taiwan_and_culture
japanese	moujinshokan	もうじんしょかん	jmnedict:5747993	taiwan_and_culture
japanese	moujinshokan	盲人書簡	jmnedict:5747993	taiwan_and_culture
japanese	mousoudairinin	mousoudairinin	jmnedict:5746613	taiwan_and_culture
japanese	mousoudairinin	もうそうだいりにん	jmnedict:5746613	taiwan_and_culture
japanese	mousoudairinin	妄想代理人	jmnedict:5746613	taiwan_and_culture
japanese	mumonkan	mumonkan	jmnedict:5660654	taiwan_and_culture
japanese	mumonkan	むもんかん	jmnedict:5660654	taiwan_and_culture
japanese	mumonkan	無門関	jmnedict:5660654	taiwan_and_culture
japanese	murasakishikibunikki	murasakishikibunikki	jmnedict:5332709	taiwan_and_culture
japanese	murasakishikibunikki	むらさきしきぶにっき	jmnedict:5332709	taiwan_and_culture
japanese	murasakishikibunikki	紫式部日記	jmnedict:5332709	taiwan_and_culture
japanese	mushishi	mushishi	jmnedict:5747970	taiwan_and_culture
japanese	mushishi	むしし	jmnedict:5747970	taiwan_and_culture
japanese	mushishi	蟲師	jmnedict:5747970	taiwan_and_culture
japanese	muunfuooteiifuoo	muunfuooteiifuoo	jmnedict:5084168	taiwan_and_culture
japanese	muunfuooteiifuoo	ムーンフォーティーフォー	jmnedict:5084168	taiwan_and_culture
japanese	muunfuooteiifuoo	ムーン４４	jmnedict:5084168	taiwan_and_culture
japanese	muunraitoandovuarenchino	muunraitoandovuarenchino	jmnedict:5084171	taiwan_and_culture
japanese	muunraitoandovuarenchino	ムーンライトアンドヴァレンチノ	jmnedict:5084171	taiwan_and_culture
japanese	muunraitoandovuarenchino	ムーンライト＆ヴァレンチノ	jmnedict:5084171	taiwan_and_culture
japanese	muuranruuju	muuranruuju	jmnedict:5741687	taiwan_and_culture
japanese	muuranruuju	ムーランルージュ	jmnedict:5741687	taiwan_and_culture
japanese	myougishou	myougishou	jmnedict:5661220	taiwan_and_culture
japanese	myougishou	みょうぎしょう	jmnedict:5661220	taiwan_and_culture
japanese	myougishou	名義抄	jmnedict:5661220	taiwan_and_culture
japanese	myuudora	myuudora	jmnedict:5083695	taiwan_and_culture
japanese	myuudora	ミュードラ	jmnedict:5083695	taiwan_and_culture
japanese	myuutantoninjataatoruzutsuu	myuutantoninjataatoruzutsuu	jmnedict:5083692	taiwan_and_culture
japanese	myuutantoninjataatoruzutsuu	ミュータントニンジャタートルズツー	jmnedict:5083692	taiwan_and_culture
japanese	myuutantoninjataatoruzutsuu	ミュータントニンジャタートルズ２	jmnedict:5083692	taiwan_and_culture
japanese	naazunofukushuu	naazunofukushuu	jmnedict:5057598	taiwan_and_culture
japanese	naazunofukushuu	ナーズのふくしゅう	jmnedict:5057598	taiwan_and_culture
japanese	naazunofukushuu	ナーズの復讐	jmnedict:5057598	taiwan_and_culture
japanese	nabokofunowandaasu	nabokofunowandaasu	jmnedict:5058144	taiwan_and_culture
japanese	nabokofunowandaasu	ナボコフのワンダース	jmnedict:5058144	taiwan_and_culture
japanese	nabokofunowandaasu	ナボコフの１ダース	jmnedict:5058144	taiwan_and_culture
japanese	nagainaifunoyoru	nagainaifunoyoru	jmnedict:5741937	taiwan_and_culture
japanese	nagainaifunoyoru	ながいナイフのよる	jmnedict:5741937	taiwan_and_culture
japanese	nagainaifunoyoru	長いナイフの夜	jmnedict:5741937	taiwan_and_culture
japanese	nagakutsushitanopippi	nagakutsushitanopippi	jmnedict:5741968	taiwan_and_culture
japanese	nagakutsushitanopippi	ながくつしたのピッピ	jmnedict:5741968	taiwan_and_culture
japanese	nagakutsushitanopippi	長くつ下のピッピ	jmnedict:5741968	taiwan_and_culture
japanese	naitofuraiyaa	naitofuraiyaa	jmnedict:5057667	taiwan_and_culture
japanese	naitofuraiyaa	ナイトフライヤー	jmnedict:5057667	taiwan_and_culture
japanese	nakadaitatsuya	nakadaitatsuya	jmnedict:5521239	taiwan_and_culture
japanese	nakadaitatsuya	なかだいたつや	jmnedict:5521239	taiwan_and_culture
japanese	nakadaitatsuya	仲代達矢	jmnedict:5521239	taiwan_and_culture
japanese	nakagawadaisuke	nakagawadaisuke	jmnedict:5517533	taiwan_and_culture
japanese	nakagawadaisuke	なかがわだいすけ	jmnedict:5517533	taiwan_and_culture
japanese	nakagawadaisuke	中川大輔	jmnedict:5517533	taiwan_and_culture
japanese	nakamurayuu	nakamurayuu	jmnedict:5518121	taiwan_and_culture
japanese	nakamurayuu	なかむらゆう	jmnedict:5518121	taiwan_and_culture
japanese	nakamurayuu	中村優	jmnedict:5518121	taiwan_and_culture
japanese	nakayamamiho	nakayamamiho	jmnedict:5516482	taiwan_and_culture
japanese	nakayamamiho	なかやまみほ	jmnedict:5516482	taiwan_and_culture
japanese	nakayamamiho	中山美穂	jmnedict:5516482	taiwan_and_culture
japanese	nanbouroku	nanbouroku	jmnedict:5576317	taiwan_and_culture
japanese	nanbouroku	なんぼうろく	jmnedict:5576317	taiwan_and_culture
japanese	nanbouroku	南坊録	jmnedict:5576317	taiwan_and_culture
japanese	nanbouroku	南方録	jmnedict:5576317	taiwan_and_culture
japanese	nansousatomihakkenden	nansousatomihakkenden	jmnedict:5575066	taiwan_and_culture
japanese	nansousatomihakkenden	なんそうさとみはっけんでん	jmnedict:5575066	taiwan_and_culture
japanese	nansousatomihakkenden	南総里見八犬伝	jmnedict:5575066	taiwan_and_culture
japanese	nansousatomihakkenden	南總里見八犬傳	jmnedict:5575066	taiwan_and_culture
japanese	nantou	nantou	jmnedict:5742252	taiwan_and_culture
japanese	nantou	なんとう	jmnedict:5742252	taiwan_and_culture
japanese	nantou	南投	jmnedict:5742252	taiwan_and_culture
japanese	narayamabushikou	narayamabushikou	jmnedict:5572585	taiwan_and_culture
japanese	narayamabushikou	ならやまぶしこう	jmnedict:5572585	taiwan_and_culture
japanese	narayamabushikou	楢山節考	jmnedict:5572585	taiwan_and_culture
japanese	naruto	naruto	jmnedict:5058284	taiwan_and_culture
japanese	naruto	ナルト	jmnedict:5058284	taiwan_and_culture
japanese	nashojio	nashojio	jmnedict:5743343	taiwan_and_culture
japanese	nashojio	ナショジオ	jmnedict:5743343	taiwan_and_culture
japanese	nashonarujiogurafyikku	nashonarujiogurafyikku	jmnedict:5743342	taiwan_and_culture
japanese	nashonarujiogurafyikku	ナショナルジオグラフィック	jmnedict:5743342	taiwan_and_culture
japanese	nashonaruranpuun'yooropianvuakeeshon	nashonaruranpuun'yooropianvuakeeshon	jmnedict:5057840	taiwan_and_culture
japanese	nashonaruranpuun'yooropianvuakeeshon	ナショナルランプーンヨーロピアンヴァケーション	jmnedict:5057840	taiwan_and_culture
japanese	nashonaruranpuunkurisumasubakeeshon	nashonaruranpuunkurisumasubakeeshon	jmnedict:5057839	taiwan_and_culture
japanese	nashonaruranpuunkurisumasubakeeshon	ナショナルランプーンクリスマスバケーション	jmnedict:5057839	taiwan_and_culture
japanese	natsuhenotobira	natsuhenotobira	jmnedict:5741573	taiwan_and_culture
japanese	natsuhenotobira	なつへのとびら	jmnedict:5741573	taiwan_and_culture
japanese	natsuhenotobira	夏への扉	jmnedict:5741573	taiwan_and_culture
japanese	natsumesouseki	natsumesouseki	jmnedict:5167013	taiwan_and_culture
japanese	natsumesouseki	なつめそうせき	jmnedict:5167013	taiwan_and_culture
japanese	natsumesouseki	夏目漱石	jmnedict:5167013	taiwan_and_culture
japanese	natsunoyonoyume	natsunoyonoyume	jmnedict:5742492	taiwan_and_culture
japanese	natsunoyonoyume	なつのよのゆめ	jmnedict:5742492	taiwan_and_culture
japanese	natsunoyonoyume	夏の夜の夢	jmnedict:5742492	taiwan_and_culture
japanese	neikou	neikou	jmnedict:5741752	taiwan_and_culture
japanese	neikou	ネイコウ	jmnedict:5741752	taiwan_and_culture
japanese	neikou	禰衡	jmnedict:5741752	taiwan_and_culture
japanese	nekketsuji	nekketsuji	jmnedict:5741817	taiwan_and_culture
japanese	nekketsuji	ねっけつじ	jmnedict:5741817	taiwan_and_culture
japanese	nekketsuji	熱血児	jmnedict:5741817	taiwan_and_culture
japanese	nekofunjatta	nekofunjatta	jmnedict:5746244	taiwan_and_culture
japanese	nekofunjatta	ねこふんじゃった	jmnedict:5746244	taiwan_and_culture
japanese	nekofunjatta	ネコ踏んじゃった	jmnedict:5746244	taiwan_and_culture
japanese	nekofunjatta	猫ふんじゃった	jmnedict:5746244	taiwan_and_culture
japanese	nekofunjatta	猫踏んじゃった	jmnedict:5746244	taiwan_and_culture
japanese	nemurerumorinobijo	nemurerumorinobijo	jmnedict:5659898	taiwan_and_culture
japanese	nemurerumorinobijo	ねむれるもりのびじょ	jmnedict:5659898	taiwan_and_culture
japanese	nemurerumorinobijo	眠れる森の美女	jmnedict:5659898	taiwan_and_culture
japanese	nettogoosutopipopa	nettogoosutopipopa	jmnedict:5747534	taiwan_and_culture
japanese	nettogoosutopipopa	ネットゴーストピポパ	jmnedict:5747534	taiwan_and_culture
japanese	nettogoosutopipopa	ネットゴーストＰＩＰＯＰＡ	jmnedict:5747534	taiwan_and_culture
japanese	nezuminoyomeiri	nezuminoyomeiri	jmnedict:5746387	taiwan_and_culture
japanese	nezuminoyomeiri	ねずみのよめいり	jmnedict:5746387	taiwan_and_culture
japanese	nezuminoyomeiri	ねずみの嫁入り	jmnedict:5746387	taiwan_and_culture
japanese	nezuminoyomeiri	ネズミの嫁入り	jmnedict:5746387	taiwan_and_culture
japanese	nezuminoyomeiri	鼠の嫁入り	jmnedict:5746387	taiwan_and_culture
japanese	nihon'enseiki	nihon'enseiki	jmnedict:5743384	taiwan_and_culture
japanese	nihon'enseiki	にほんえんせいき	jmnedict:5743384	taiwan_and_culture
japanese	nihon'enseiki	日本遠征記	jmnedict:5743384	taiwan_and_culture
japanese	nihondaihyakkazensho	nihondaihyakkazensho	jmnedict:5744232	taiwan_and_culture
japanese	nihondaihyakkazensho	にほんだいひゃっかぜんしょ	jmnedict:5744232	taiwan_and_culture
japanese	nihondaihyakkazensho	日本大百科全書	jmnedict:5744232	taiwan_and_culture
japanese	nihongaishi	nihongaishi	jmnedict:5747915	taiwan_and_culture
japanese	nihongaishi	にほんがいし	jmnedict:5747915	taiwan_and_culture
japanese	nihongaishi	日本外史	jmnedict:5747915	taiwan_and_culture
japanese	nihongenhouzen'akuryouiki	nihongenhouzen'akuryouiki	jmnedict:5743658	taiwan_and_culture
japanese	nihongenhouzen'akuryouiki	にほんげんほうぜんあくりょういき	jmnedict:5743658	taiwan_and_culture
japanese	nihongenhouzen'akuryouiki	日本現報善悪霊異記	jmnedict:5743658	taiwan_and_culture
japanese	nihongodaijiten	nihongodaijiten	jmnedict:5582537	taiwan_and_culture
japanese	nihongodaijiten	にほんごだいじてん	jmnedict:5582537	taiwan_and_culture
japanese	nihongodaijiten	日本語大辞典	jmnedict:5582537	taiwan_and_culture
japanese	nihonkokugenhouzen'akuryouiki	nihonkokugenhouzen'akuryouiki	jmnedict:5743659	taiwan_and_culture
japanese	nihonkokugenhouzen'akuryouiki	にほんこくげんほうぜんあくりょういき	jmnedict:5743659	taiwan_and_culture
japanese	nihonkokugenhouzen'akuryouiki	日本国現報善悪霊異記	jmnedict:5743659	taiwan_and_culture
japanese	nihonkokugodaijiten	nihonkokugodaijiten	jmnedict:5582604	taiwan_and_culture
japanese	nihonkokugodaijiten	にほんこくごだいじてん	jmnedict:5582604	taiwan_and_culture
japanese	nihonkokugodaijiten	日本国語大辞典	jmnedict:5582604	taiwan_and_culture
japanese	nihonshokitsuushou	nihonshokitsuushou	jmnedict:5582703	taiwan_and_culture
japanese	nihonshokitsuushou	にほんしょきつうしょう	jmnedict:5582703	taiwan_and_culture
japanese	nihonshokitsuushou	日本書紀通証	jmnedict:5582703	taiwan_and_culture
japanese	nikkansupootsu	nikkansupootsu	jmnedict:5741554	taiwan_and_culture
japanese	nikkansupootsu	にっかんスポーツ	jmnedict:5741554	taiwan_and_culture
japanese	nikkansupootsu	日刊スポーツ	jmnedict:5741554	taiwan_and_culture
japanese	nikkoku	nikkoku	jmnedict:5580962	taiwan_and_culture
japanese	nikkoku	にっこく	jmnedict:5580962	taiwan_and_culture
japanese	nikkoku	日国	jmnedict:5580962	taiwan_and_culture
japanese	nikkutogurimangu	nikkutogurimangu	jmnedict:5058788	taiwan_and_culture
japanese	nikkutogurimangu	ニックとグリマング	jmnedict:5058788	taiwan_and_culture
japanese	nikoraitoarekisandora	nikoraitoarekisandora	jmnedict:5058613	taiwan_and_culture
japanese	nikoraitoarekisandora	ニコライとアレキサンドラ	jmnedict:5058613	taiwan_and_culture
japanese	nikubuton	nikubuton	jmnedict:5579453	taiwan_and_culture
japanese	nikubuton	にくぶとん	jmnedict:5579453	taiwan_and_culture
japanese	nikubuton	肉蒲団	jmnedict:5579453	taiwan_and_culture
japanese	ningen'ijou	ningen'ijou	jmnedict:5743134	taiwan_and_culture
japanese	ningen'ijou	にんげんいじょう	jmnedict:5743134	taiwan_and_culture
japanese	ningen'ijou	人間以上	jmnedict:5743134	taiwan_and_culture
japanese	ningen'izen	ningen'izen	jmnedict:5743330	taiwan_and_culture
japanese	ningen'izen	にんげんいぜん	jmnedict:5743330	taiwan_and_culture
japanese	ningen'izen	人間以前	jmnedict:5743330	taiwan_and_culture
japanese	ningengyoraikaiten	ningengyoraikaiten	jmnedict:5746146	taiwan_and_culture
japanese	ningengyoraikaiten	にんげんぎょらいかいてん	jmnedict:5746146	taiwan_and_culture
japanese	ningengyoraikaiten	人間魚雷回天	jmnedict:5746146	taiwan_and_culture
japanese	ningenhonseiron	ningenhonseiron	jmnedict:5747492	taiwan_and_culture
japanese	ningenhonseiron	にんげんほんせいろん	jmnedict:5747492	taiwan_and_culture
japanese	ningenhonseiron	人間本性論	jmnedict:5747492	taiwan_and_culture
japanese	ningenron	ningenron	jmnedict:5419917	taiwan_and_culture
japanese	ningenron	にんげんろん	jmnedict:5419917	taiwan_and_culture
japanese	ningenron	人間論	jmnedict:5419917	taiwan_and_culture
japanese	ningenshikkaku	ningenshikkaku	jmnedict:5742023	taiwan_and_culture
japanese	ningenshikkaku	にんげんしっかく	jmnedict:5742023	taiwan_and_culture
japanese	ningenshikkaku	人間失格	jmnedict:5742023	taiwan_and_culture
japanese	ningyounoie	ningyounoie	jmnedict:5419943	taiwan_and_culture
japanese	ningyounoie	にんぎょうのいえ	jmnedict:5419943	taiwan_and_culture
japanese	ningyounoie	人形の家	jmnedict:5419943	taiwan_and_culture
japanese	ninjasentaikakurenjaa	ninjasentaikakurenjaa	jmnedict:5584625	taiwan_and_culture
japanese	ninjasentaikakurenjaa	にんじゃせんたいカクレンジャー	jmnedict:5584625	taiwan_and_culture
japanese	ninjasentaikakurenjaa	忍者戦隊カクレンジャー	jmnedict:5584625	taiwan_and_culture
japanese	nippo	nippo	jmnedict:5747036	taiwan_and_culture
japanese	nippo	にっぽ	jmnedict:5747036	taiwan_and_culture
japanese	nippo	日葡	jmnedict:5747036	taiwan_and_culture
japanese	nippojisho	nippojisho	jmnedict:5747035	taiwan_and_culture
japanese	nippojisho	にっぽじしょ	jmnedict:5747035	taiwan_and_culture
japanese	nippojisho	日葡辞書	jmnedict:5747035	taiwan_and_culture
japanese	nipponchinbotsu	nipponchinbotsu	jmnedict:5743428	taiwan_and_culture
japanese	nipponchinbotsu	にっぽんちんぼつ	jmnedict:5743428	taiwan_and_culture
japanese	nipponchinbotsu	日本沈没	jmnedict:5743428	taiwan_and_culture
japanese	nipponika	nipponika	jmnedict:5744233	taiwan_and_culture
japanese	nipponika	ニッポニカ	jmnedict:5744233	taiwan_and_culture
japanese	nippontaiwangakkai	nippontaiwangakkai	jmnedict:5582825	taiwan_and_culture
japanese	nippontaiwangakkai	にっぽんたいわんがっかい	jmnedict:5582825	taiwan_and_culture
japanese	nippontaiwangakkai	日本台湾学会	jmnedict:5582825	taiwan_and_culture
japanese	nirusunofushiginatabi	nirusunofushiginatabi	jmnedict:5741613	taiwan_and_culture
japanese	nirusunofushiginatabi	ニルスのふしぎなたび	jmnedict:5741613	taiwan_and_culture
japanese	nirusunofushiginatabi	ニルスのふしぎな旅	jmnedict:5741613	taiwan_and_culture
japanese	nishioishin	nishioishin	jmnedict:5448511	taiwan_and_culture
japanese	nishioishin	にしおいしん	jmnedict:5448511	taiwan_and_culture
japanese	nishioishin	西尾維新	jmnedict:5448511	taiwan_and_culture
japanese	nitomonogatari	nitomonogatari	jmnedict:5741574	taiwan_and_culture
japanese	nitomonogatari	にとものがたり	jmnedict:5741574	taiwan_and_culture
japanese	nitomonogatari	二都物語	jmnedict:5741574	taiwan_and_culture
japanese	nobara	nobara	jmnedict:5671159	taiwan_and_culture
japanese	nobara	のばら	jmnedict:5671159	taiwan_and_culture
japanese	nobara	野ばら	jmnedict:5671159	taiwan_and_culture
japanese	nobi	nobi	jmnedict:5671278	taiwan_and_culture
japanese	nobi	のび	jmnedict:5671278	taiwan_and_culture
japanese	nobi	野火	jmnedict:5671278	taiwan_and_culture
japanese	noomajiintomaririn	noomajiintomaririn	jmnedict:5059954	taiwan_and_culture
japanese	noomajiintomaririn	ノーマジーンとマリリン	jmnedict:5059954	taiwan_and_culture
japanese	noosudarasufuooteii	noosudarasufuooteii	jmnedict:5059864	taiwan_and_culture
japanese	noosudarasufuooteii	ノースダラスフォーティー	jmnedict:5059864	taiwan_and_culture
japanese	noosudarasufuooteii	ノースダラス４０	jmnedict:5059864	taiwan_and_culture
japanese	noruueenomori	noruueenomori	jmnedict:5060330	taiwan_and_culture
japanese	noruueenomori	ノルウェーのもり	jmnedict:5060330	taiwan_and_culture
japanese	noruueenomori	ノルウェーの森	jmnedict:5060330	taiwan_and_culture
japanese	noruueinomori	noruueinomori	jmnedict:5060333	taiwan_and_culture
japanese	noruueinomori	ノルウェイのもり	jmnedict:5060333	taiwan_and_culture
japanese	noruueinomori	ノルウェイの森	jmnedict:5060333	taiwan_and_culture
japanese	nosufyeratou	nosufyeratou	jmnedict:5742082	taiwan_and_culture
japanese	nosufyeratou	ノスフェラトゥ	jmnedict:5742082	taiwan_and_culture
japanese	nowaki	nowaki	jmnedict:5745224	taiwan_and_culture
japanese	nowaki	のわき	jmnedict:5745224	taiwan_and_culture
japanese	nowaki	野分き	jmnedict:5745224	taiwan_and_culture
japanese	nyuuyookaa	nyuuyookaa	jmnedict:5059035	taiwan_and_culture
japanese	nyuuyookaa	ニューヨーカー	jmnedict:5059035	taiwan_and_culture
japanese	nyuuyookunoitazura	nyuuyookunoitazura	jmnedict:5059038	taiwan_and_culture
japanese	nyuuyookunoitazura	ニューヨークのいたずら	jmnedict:5059038	taiwan_and_culture
japanese	oboeteinaitokimoaru	oboeteinaitokimoaru	jmnedict:5001506	taiwan_and_culture
japanese	oboeteinaitokimoaru	おぼえていないときもある	jmnedict:5001506	taiwan_and_culture
japanese	ochanomizu	ochanomizu	jmnedict:5264845	taiwan_and_culture
japanese	ochanomizu	おちゃのみず	jmnedict:5264845	taiwan_and_culture
japanese	ochanomizu	お茶の水	jmnedict:5264845	taiwan_and_culture
japanese	ochanomizu	御茶の水	jmnedict:5264845	taiwan_and_culture
japanese	ochanomizu	御茶ノ水	jmnedict:5264845	taiwan_and_culture
japanese	ochikubomonogatari	ochikubomonogatari	jmnedict:5741486	taiwan_and_culture
japanese	ochikubomonogatari	おちくぼものがたり	jmnedict:5741486	taiwan_and_culture
japanese	ochikubomonogatari	落窪物語	jmnedict:5741486	taiwan_and_culture
japanese	odessee	odessee	jmnedict:5019822	taiwan_and_culture
japanese	odessee	オデッセー	jmnedict:5019822	taiwan_and_culture
japanese	odessei	odessei	jmnedict:5019822	taiwan_and_culture
japanese	odessei	オデッセイ	jmnedict:5019822	taiwan_and_culture
japanese	odeyusseia	odeyusseia	jmnedict:5019822	taiwan_and_culture
japanese	odeyusseia	オデュッセイア	jmnedict:5019822	taiwan_and_culture
japanese	odeyusseiaa	odeyusseiaa	jmnedict:5019822	taiwan_and_culture
japanese	odeyusseiaa	オデュッセイアー	jmnedict:5019822	taiwan_and_culture
japanese	odorudaisousasen	odorudaisousasen	jmnedict:5692371	taiwan_and_culture
japanese	odorudaisousasen	おどるだいそうさせん	jmnedict:5692371	taiwan_and_culture
japanese	odorudaisousasen	踊る大捜査線	jmnedict:5692371	taiwan_and_culture
japanese	ofumi	ofumi	jmnedict:5265098	taiwan_and_culture
japanese	ofumi	おふみ	jmnedict:5265098	taiwan_and_culture
japanese	ofumi	御文	jmnedict:5265098	taiwan_and_culture
japanese	ohatsutokubee	ohatsutokubee	jmnedict:5001580	taiwan_and_culture
japanese	ohatsutokubee	おはつとくべえ	jmnedict:5001580	taiwan_and_culture
japanese	ohatsutokubee	お初徳兵衛	jmnedict:5001580	taiwan_and_culture
japanese	oimatsu	oimatsu	jmnedict:5714337	taiwan_and_culture
japanese	oimatsu	おいまつ	jmnedict:5714337	taiwan_and_culture
japanese	oimatsu	老い松	jmnedict:5714337	taiwan_and_culture
japanese	oimatsu	老松	jmnedict:5714337	taiwan_and_culture
japanese	oishiiseikatsu	oishiiseikatsu	jmnedict:5001431	taiwan_and_culture
japanese	oishiiseikatsu	おいしいせいかつ	jmnedict:5001431	taiwan_and_culture
japanese	oishiiseikatsu	おいしい生活	jmnedict:5001431	taiwan_and_culture
japanese	okaekumiko	okaekumiko	jmnedict:5150430	taiwan_and_culture
japanese	okaekumiko	おかえくみこ	jmnedict:5150430	taiwan_and_culture
japanese	okaekumiko	岡江久美子	jmnedict:5150430	taiwan_and_culture
japanese	okashinahoteru	okashinahoteru	jmnedict:5001450	taiwan_and_culture
japanese	okashinahoteru	おかしなホテル	jmnedict:5001450	taiwan_and_culture
japanese	okunohosomichi	okunohosomichi	jmnedict:5146398	taiwan_and_culture
japanese	okunohosomichi	おくのほそみち	jmnedict:5146398	taiwan_and_culture
japanese	okunohosomichi	おくのほそ道	jmnedict:5146398	taiwan_and_culture
japanese	okunohosomichi	おくの細道	jmnedict:5146398	taiwan_and_culture
japanese	okunohosomichi	奥のほそ道	jmnedict:5146398	taiwan_and_culture
japanese	okunohosomichi	奥の細道	jmnedict:5146398	taiwan_and_culture
japanese	omohideporoporo	omohideporoporo	jmnedict:5001523	taiwan_and_culture
japanese	omohideporoporo	おもひでぽろぽろ	jmnedict:5001523	taiwan_and_culture
japanese	omoidenoki	omoidenoki	jmnedict:5746617	taiwan_and_culture
japanese	omoidenoki	おもいでのき	jmnedict:5746617	taiwan_and_culture
japanese	omoidenoki	思出の記	jmnedict:5746617	taiwan_and_culture
japanese	omorosaushi	omorosaushi	jmnedict:5744178	taiwan_and_culture
japanese	omorosaushi	おもろさうし	jmnedict:5744178	taiwan_and_culture
japanese	omusubikororin	omusubikororin	jmnedict:5001516	taiwan_and_culture
japanese	omusubikororin	おむすびころりん	jmnedict:5001516	taiwan_and_culture
japanese	ongakunojoudan	ongakunojoudan	jmnedict:5741246	taiwan_and_culture
japanese	ongakunojoudan	おんがくのじょうだん	jmnedict:5741246	taiwan_and_culture
japanese	ongakunojoudan	音楽の冗談	jmnedict:5741246	taiwan_and_culture
japanese	onikenbai	onikenbai	jmnedict:5740791	taiwan_and_culture
japanese	onikenbai	おにけんばい	jmnedict:5740791	taiwan_and_culture
japanese	onikenbai	鬼剣舞	jmnedict:5740791	taiwan_and_culture
japanese	onishougun	onishougun	jmnedict:5743414	taiwan_and_culture
japanese	onishougun	おにしょうぐん	jmnedict:5743414	taiwan_and_culture
japanese	onishougun	鬼将軍	jmnedict:5743414	taiwan_and_culture
japanese	onnadaigaku	onnadaigaku	jmnedict:5742638	taiwan_and_culture
japanese	onnadaigaku	おんなだいがく	jmnedict:5742638	taiwan_and_culture
japanese	onnadaigaku	女大学	jmnedict:5742638	taiwan_and_culture
japanese	onnakoroshiaburanojigoku	onnakoroshiaburanojigoku	jmnedict:5741293	taiwan_and_culture
japanese	onnakoroshiaburanojigoku	おんなころしあぶらのじごく	jmnedict:5741293	taiwan_and_culture
japanese	onnakoroshiaburanojigoku	女殺油地獄	jmnedict:5741293	taiwan_and_culture
japanese	onoyooko	onoyooko	jmnedict:5019934	taiwan_and_culture
japanese	onoyooko	オノヨーコ	jmnedict:5019934	taiwan_and_culture
japanese	onoyouko	onoyouko	jmnedict:5378508	taiwan_and_culture
japanese	onoyouko	おのようこ	jmnedict:5378508	taiwan_and_culture
japanese	onoyouko	小野洋子	jmnedict:5378508	taiwan_and_culture
japanese	onzaroodo	onzaroodo	jmnedict:5741278	taiwan_and_culture
japanese	onzaroodo	オンザロード	jmnedict:5741278	taiwan_and_culture
japanese	oogarasu	oogarasu	jmnedict:5488298	taiwan_and_culture
japanese	oogarasu	oogarasu	jmnedict:5741351	taiwan_and_culture
japanese	oogarasu	おおがらす	jmnedict:5488298	taiwan_and_culture
japanese	oogarasu	おおがらす	jmnedict:5741351	taiwan_and_culture
japanese	oogarasu	大烏	jmnedict:5488298	taiwan_and_culture
japanese	oogarasu	大鴉	jmnedict:5741351	taiwan_and_culture
japanese	oojou	oojou	jmnedict:5000057	taiwan_and_culture
japanese	oojou	オーじょう	jmnedict:5000057	taiwan_and_culture
japanese	oojou	Ｏ嬢	jmnedict:5000057	taiwan_and_culture
japanese	oomenfuoo	oomenfuoo	jmnedict:5018995	taiwan_and_culture
japanese	oomenfuoo	オーメンフォー	jmnedict:5018995	taiwan_and_culture
japanese	oomenfuoo	オーメン４	jmnedict:5018995	taiwan_and_culture
japanese	oookaechizen	oookaechizen	jmnedict:5488583	taiwan_and_culture
japanese	oookaechizen	おおおかえちぜん	jmnedict:5488583	taiwan_and_culture
japanese	oookaechizen	大岡越前	jmnedict:5488583	taiwan_and_culture
japanese	oopunsutoriitomappu	oopunsutoriitomappu	jmnedict:5742194	taiwan_and_culture
japanese	oopunsutoriitomappu	オープンストリートマップ	jmnedict:5742194	taiwan_and_culture
japanese	oororanokanatahe	oororanokanatahe	jmnedict:5019085	taiwan_and_culture
japanese	oororanokanatahe	オーロラのかなたへ	jmnedict:5019085	taiwan_and_culture
japanese	oorudoburakkujoo	oorudoburakkujoo	jmnedict:5742058	taiwan_and_culture
japanese	oorudoburakkujoo	オールドブラックジョー	jmnedict:5742058	taiwan_and_culture
japanese	oorudoranguzain	oorudoranguzain	jmnedict:5742059	taiwan_and_culture
japanese	oorudoranguzain	オールドラングザイン	jmnedict:5742059	taiwan_and_culture
japanese	oorumanribaa	oorumanribaa	jmnedict:5742062	taiwan_and_culture
japanese	oorumanribaa	オールマンリバー	jmnedict:5742062	taiwan_and_culture
japanese	ooson'ueruzunoosero	ooson'ueruzunoosero	jmnedict:5018825	taiwan_and_culture
japanese	ooson'ueruzunoosero	オーソンウェルズのオセロ	jmnedict:5018825	taiwan_and_culture
japanese	oosuteinpawaazugoorudomenbaa	oosuteinpawaazugoorudomenbaa	jmnedict:5018790	taiwan_and_culture
japanese	oosuteinpawaazugoorudomenbaa	オースティンパワーズゴールドメンバー	jmnedict:5018790	taiwan_and_culture
japanese	operazanokaijin	operazanokaijin	jmnedict:5020114	taiwan_and_culture
japanese	operazanokaijin	オペラざのかいじん	jmnedict:5020114	taiwan_and_culture
japanese	operazanokaijin	オペラ座の怪人	jmnedict:5020114	taiwan_and_culture
japanese	oppenhaimaa	oppenhaimaa	jmnedict:5019774	taiwan_and_culture
japanese	oppenhaimaa	オッペンハイマー	jmnedict:5019774	taiwan_and_culture
japanese	orientokyuukousatsujinjiken	orientokyuukousatsujinjiken	jmnedict:5742569	taiwan_and_culture
japanese	orientokyuukousatsujinjiken	オリエントきゅうこうさつじんじけん	jmnedict:5742569	taiwan_and_culture
japanese	orientokyuukousatsujinjiken	オリエント急行殺人事件	jmnedict:5742569	taiwan_and_culture
japanese	orivuatsuisuto	orivuatsuisuto	jmnedict:5020394	taiwan_and_culture
japanese	orivuatsuisuto	オリヴァツィスト	jmnedict:5020394	taiwan_and_culture
japanese	orufyeo	orufyeo	jmnedict:5020542	taiwan_and_culture
japanese	orufyeo	オルフェオ	jmnedict:5020542	taiwan_and_culture
japanese	orufyeotoeurideiiche	orufyeotoeurideiiche	jmnedict:5020543	taiwan_and_culture
japanese	orufyeotoeurideiiche	オルフェオとエウリディーチェ	jmnedict:5020543	taiwan_and_culture
japanese	oseroo	oseroo	jmnedict:5740964	taiwan_and_culture
japanese	oseroo	オセロー	jmnedict:5740964	taiwan_and_culture
japanese	osukaatorushinda	osukaatorushinda	jmnedict:5019500	taiwan_and_culture
japanese	osukaatorushinda	オスカーとルシンダ	jmnedict:5019500	taiwan_and_culture
japanese	otobokepaireetsu	otobokepaireetsu	jmnedict:5001493	taiwan_and_culture
japanese	otobokepaireetsu	おとぼけパイレーツ	jmnedict:5001493	taiwan_and_culture
japanese	otokohatsuraiyo	otokohatsuraiyo	jmnedict:5507342	taiwan_and_culture
japanese	otokohatsuraiyo	おとこはつらいよ	jmnedict:5507342	taiwan_and_culture
japanese	otokohatsuraiyo	男はつらいよ	jmnedict:5507342	taiwan_and_culture
japanese	ougai	ougai	jmnedict:5149944	taiwan_and_culture
japanese	ougai	おうがい	jmnedict:5149944	taiwan_and_culture
japanese	ougai	鴎外	jmnedict:5149944	taiwan_and_culture
japanese	ougai	鷗外	jmnedict:5149944	taiwan_and_culture
japanese	ougonchuu	ougonchuu	jmnedict:5150040	taiwan_and_culture
japanese	ougonchuu	おうごんちゅう	jmnedict:5150040	taiwan_and_culture
japanese	ougonchuu	黄金虫	jmnedict:5150040	taiwan_and_culture
japanese	oumiryou	oumiryou	jmnedict:5742399	taiwan_and_culture
japanese	oumiryou	おうみりょう	jmnedict:5742399	taiwan_and_culture
japanese	oumiryou	近江令	jmnedict:5742399	taiwan_and_culture
japanese	ousamanotsurugi	ousamanotsurugi	jmnedict:5741793	taiwan_and_culture
japanese	ousamanotsurugi	おうさまのつるぎ	jmnedict:5741793	taiwan_and_culture
japanese	ousamanotsurugi	王様の剣	jmnedict:5741793	taiwan_and_culture
japanese	outo	outo	jmnedict:5741758	taiwan_and_culture
japanese	outo	おうと	jmnedict:5741758	taiwan_and_culture
japanese	outo	嘔吐	jmnedict:5741758	taiwan_and_culture
japanese	owariyokerebasubeteyoshi	owariyokerebasubeteyoshi	jmnedict:5747015	taiwan_and_culture
japanese	owariyokerebasubeteyoshi	おわりよければすべてよし	jmnedict:5747015	taiwan_and_culture
japanese	owariyokerebasubeteyoshi	終わりよければすべてよし	jmnedict:5747015	taiwan_and_culture
japanese	owariyokerebasubeteyoshi	終わりよければ全てよし	jmnedict:5747015	taiwan_and_culture
japanese	owariyokerebasubeteyoshi	終わり良ければ全て良し	jmnedict:5747015	taiwan_and_culture
japanese	ozunomahoutsukai	ozunomahoutsukai	jmnedict:5019582	taiwan_and_culture
japanese	ozunomahoutsukai	オズのまほうつかい	jmnedict:5019582	taiwan_and_culture
japanese	ozunomahoutsukai	オズの魔法使	jmnedict:5019582	taiwan_and_culture
japanese	ozunomahoutsukai	オズの魔法使い	jmnedict:5019582	taiwan_and_culture
japanese	paapururein	paapururein	jmnedict:5064227	taiwan_and_culture
japanese	paapururein	パープルレイン	jmnedict:5064227	taiwan_and_culture
japanese	padeinton	padeinton	jmnedict:5064719	taiwan_and_culture
japanese	padeinton	パディントン	jmnedict:5064719	taiwan_and_culture
japanese	pakkuman	pakkuman	jmnedict:5064638	taiwan_and_culture
japanese	pakkuman	パックマン	jmnedict:5064638	taiwan_and_culture
japanese	pannoryakushu	pannoryakushu	jmnedict:5742068	taiwan_and_culture
japanese	pannoryakushu	パンのりゃくしゅ	jmnedict:5742068	taiwan_and_culture
japanese	pannoryakushu	パンの略取	jmnedict:5742068	taiwan_and_culture
japanese	papatomachiruda	papatomachiruda	jmnedict:5064865	taiwan_and_culture
japanese	papatomachiruda	パパとマチルダ	jmnedict:5064865	taiwan_and_culture
japanese	papettomasutaatsuu	papettomasutaatsuu	jmnedict:5064946	taiwan_and_culture
japanese	papettomasutaatsuu	パペットマスターツー	jmnedict:5064946	taiwan_and_culture
japanese	papettomasutaatsuu	パペットマスター２	jmnedict:5064946	taiwan_and_culture
japanese	parimatchi	parimatchi	jmnedict:5065120	taiwan_and_culture
japanese	parimatchi	パリマッチ	jmnedict:5065120	taiwan_and_culture
japanese	paripikoumei	paripikoumei	jmnedict:5743950	taiwan_and_culture
japanese	paripikoumei	パリピこうめい	jmnedict:5743950	taiwan_and_culture
japanese	paripikoumei	パリピ孔明	jmnedict:5743950	taiwan_and_culture
japanese	passenjaafyifuteiiseben	passenjaafyifuteiiseben	jmnedict:5064651	taiwan_and_culture
japanese	passenjaafyifuteiiseben	パッセンジャーフィフティーセベン	jmnedict:5064651	taiwan_and_culture
japanese	passenjaafyifuteiiseben	パッセンジャー５７	jmnedict:5064651	taiwan_and_culture
japanese	pasupoototsuupari	pasupoototsuupari	jmnedict:5064570	taiwan_and_culture
japanese	pasupoototsuupari	パスポートツーパリ	jmnedict:5064570	taiwan_and_culture
japanese	pasupoototsuupari	パスポートｔｏパリ	jmnedict:5064570	taiwan_and_culture
japanese	patapon	patapon	jmnedict:5745064	taiwan_and_culture
japanese	patapon	パタポン	jmnedict:5745064	taiwan_and_culture
japanese	patoriotto	patoriotto	jmnedict:5741671	taiwan_and_culture
japanese	patoriotto	パトリオット	jmnedict:5741671	taiwan_and_culture
japanese	pazuruandodoragonzu	pazuruandodoragonzu	jmnedict:5740753	taiwan_and_culture
japanese	pazuruandodoragonzu	パズルアンドドラゴンズ	jmnedict:5740753	taiwan_and_culture
japanese	pazuruandodoragonzu	パズル＆ドラゴンズ	jmnedict:5740753	taiwan_and_culture
japanese	peerugyunto	peerugyunto	jmnedict:5741850	taiwan_and_culture
japanese	peerugyunto	ペールギュント	jmnedict:5741850	taiwan_and_culture
japanese	pegiihayama	pegiihayama	jmnedict:5075815	taiwan_and_culture
japanese	pegiihayama	ペギーはやま	jmnedict:5075815	taiwan_and_culture
japanese	pegiihayama	ペギー葉山	jmnedict:5075815	taiwan_and_culture
japanese	petoruushuka	petoruushuka	jmnedict:5741262	taiwan_and_culture
japanese	petoruushuka	ペトルーシュカ	jmnedict:5741262	taiwan_and_culture
japanese	pettosematarii	pettosematarii	jmnedict:5075934	taiwan_and_culture
japanese	pettosematarii	ペットセマタリー	jmnedict:5075934	taiwan_and_culture
japanese	pettosemetariitsuu	pettosemetariitsuu	jmnedict:5075935	taiwan_and_culture
japanese	pettosemetariitsuu	ペットセメタリーツー	jmnedict:5075935	taiwan_and_culture
japanese	pettosemetariitsuu	ペットセメタリー２	jmnedict:5075935	taiwan_and_culture
japanese	pieerutojan	pieerutojan	jmnedict:5067355	taiwan_and_culture
japanese	pieerutojan	ピエールとジャン	jmnedict:5067355	taiwan_and_culture
japanese	pigumarion	pigumarion	jmnedict:5067456	taiwan_and_culture
japanese	pigumarion	ピグマリオン	jmnedict:5067456	taiwan_and_culture
japanese	piitaapantouendei	piitaapantouendei	jmnedict:5067221	taiwan_and_culture
japanese	piitaapantouendei	ピーターパンとウェンディ	jmnedict:5067221	taiwan_and_culture
japanese	piitaarabittonoohanashi	piitaarabittonoohanashi	jmnedict:5067234	taiwan_and_culture
japanese	piitaarabittonoohanashi	ピーターラビットのおはなし	jmnedict:5067234	taiwan_and_culture
japanese	piitotodoragon	piitotodoragon	jmnedict:5067255	taiwan_and_culture
japanese	piitotodoragon	ピートとドラゴン	jmnedict:5067255	taiwan_and_culture
japanese	pikunikkuattohangingurokku	pikunikkuattohangingurokku	jmnedict:5067451	taiwan_and_culture
japanese	pikunikkuattohangingurokku	ピクニックアットハンギングロック	jmnedict:5067451	taiwan_and_culture
japanese	pikunikkuattohangingurokku	ピクニックａｔハンギングロック	jmnedict:5067451	taiwan_and_culture
japanese	pinkupansaafuoo	pinkupansaafuoo	jmnedict:5067927	taiwan_and_culture
japanese	pinkupansaafuoo	ピンクパンサーフォー	jmnedict:5067927	taiwan_and_culture
japanese	pinkupansaafuoo	ピンクパンサー４	jmnedict:5067927	taiwan_and_culture
japanese	pinkupansaasurii	pinkupansaasurii	jmnedict:5067926	taiwan_and_culture
japanese	pinkupansaasurii	ピンクパンサースリー	jmnedict:5067926	taiwan_and_culture
japanese	pinkupansaasurii	ピンクパンサー３	jmnedict:5067926	taiwan_and_culture
japanese	pinkupansaatsuu	pinkupansaatsuu	jmnedict:5067925	taiwan_and_culture
japanese	pinkupansaatsuu	ピンクパンサーツー	jmnedict:5067925	taiwan_and_culture
japanese	pinkupansaatsuu	ピンクパンサー２	jmnedict:5067925	taiwan_and_culture
japanese	pinton	pinton	jmnedict:5723075	taiwan_and_culture
japanese	pinton	ピントン	jmnedict:5723075	taiwan_and_culture
japanese	pinton	屏東	jmnedict:5723075	taiwan_and_culture
japanese	pitagorasuitchi	pitagorasuitchi	jmnedict:5067543	taiwan_and_culture
japanese	pitagorasuitchi	ピタゴラスイッチ	jmnedict:5067543	taiwan_and_culture
japanese	pobiitodeingan	pobiitodeingan	jmnedict:5078855	taiwan_and_culture
japanese	pobiitodeingan	ポビーとディンガン	jmnedict:5078855	taiwan_and_culture
japanese	pootopia	pootopia	jmnedict:5747611	taiwan_and_culture
japanese	pootopia	ポートピア	jmnedict:5747611	taiwan_and_culture
japanese	poppeanotaikan	poppeanotaikan	jmnedict:5741442	taiwan_and_culture
japanese	poppeanotaikan	ポッペアのたいかん	jmnedict:5741442	taiwan_and_culture
japanese	poppeanotaikan	ポッペアの戴冠	jmnedict:5741442	taiwan_and_culture
japanese	poseidon'adobenchaatsuu	poseidon'adobenchaatsuu	jmnedict:5078737	taiwan_and_culture
japanese	poseidon'adobenchaatsuu	ポセイドンアドベンチャーツー	jmnedict:5078737	taiwan_and_culture
japanese	poseidon'adobenchaatsuu	ポセイドンアドベンチャー２	jmnedict:5078737	taiwan_and_culture
japanese	puradawokitaakuma	puradawokitaakuma	jmnedict:5747624	taiwan_and_culture
japanese	puradawokitaakuma	プラダをきたあくま	jmnedict:5747624	taiwan_and_culture
japanese	puradawokitaakuma	プラダを着た悪魔	jmnedict:5747624	taiwan_and_culture
japanese	purinkipia	purinkipia	jmnedict:5747510	taiwan_and_culture
japanese	purinkipia	プリンキピア	jmnedict:5747510	taiwan_and_culture
japanese	puroburemuchairudotsuu	puroburemuchairudotsuu	jmnedict:5073654	taiwan_and_culture
japanese	puroburemuchairudotsuu	プロブレムチャイルドツー	jmnedict:5073654	taiwan_and_culture
japanese	puroburemuchairudotsuu	プロブレムチャイルド２	jmnedict:5073654	taiwan_and_culture
japanese	puroguresshibuwaeichuujiten	puroguresshibuwaeichuujiten	jmnedict:5073575	taiwan_and_culture
japanese	puroguresshibuwaeichuujiten	プログレッシブわえいちゅうじてん	jmnedict:5073575	taiwan_and_culture
japanese	puroguresshibuwaeichuujiten	プログレッシブ和英中辞典	jmnedict:5073575	taiwan_and_culture
japanese	raamaayana	raamaayana	jmnedict:5088387	taiwan_and_culture
japanese	raamaayana	ラーマーヤナ	jmnedict:5088387	taiwan_and_culture
japanese	rabanba	rabanba	jmnedict:5089574	taiwan_and_culture
japanese	rabanba	ラバンバ	jmnedict:5089574	taiwan_and_culture
japanese	rabufyiirudo	rabufyiirudo	jmnedict:5089753	taiwan_and_culture
japanese	rabufyiirudo	ラブフィールド	jmnedict:5089753	taiwan_and_culture
japanese	rabuinrooma	rabuinrooma	jmnedict:5089735	taiwan_and_culture
japanese	rabuinrooma	ラブインローマ	jmnedict:5089735	taiwan_and_culture
japanese	rabuinrooma	ラブｉｎローマ	jmnedict:5089735	taiwan_and_culture
japanese	raburaibu	raburaibu	jmnedict:5741360	taiwan_and_culture
japanese	raburaibu	ラブライブ	jmnedict:5741360	taiwan_and_culture
japanese	raichintoo	raichintoo	jmnedict:5746879	taiwan_and_culture
japanese	raichintoo	ライチントー	jmnedict:5746879	taiwan_and_culture
japanese	raichintoo	頼清徳	jmnedict:5746879	taiwan_and_culture
japanese	raifuhiiringu	raifuhiiringu	jmnedict:5741586	taiwan_and_culture
japanese	raifuhiiringu	ライフヒーリング	jmnedict:5741586	taiwan_and_culture
japanese	raifuuizumaikii	raifuuizumaikii	jmnedict:5088578	taiwan_and_culture
japanese	raifuuizumaikii	ライフウィズマイキー	jmnedict:5088578	taiwan_and_culture
japanese	raifuuizumaikii	ライフｗｉｔｈマイキー	jmnedict:5088578	taiwan_and_culture
japanese	raimonda	raimonda	jmnedict:5088624	taiwan_and_culture
japanese	raimonda	ライモンダ	jmnedict:5088624	taiwan_and_culture
japanese	raimugibatakedetsukamaete	raimugibatakedetsukamaete	jmnedict:5740816	taiwan_and_culture
japanese	raimugibatakedetsukamaete	ライむぎばたけでつかまえて	jmnedict:5740816	taiwan_and_culture
japanese	raimugibatakedetsukamaete	ライ麦畑でつかまえて	jmnedict:5740816	taiwan_and_culture
japanese	raimugibatakedetsukamaete	ライ麦畑で捕まえて	jmnedict:5740816	taiwan_and_culture
japanese	rainekegitsune	rainekegitsune	jmnedict:5088556	taiwan_and_culture
japanese	rainekegitsune	ライネケぎつね	jmnedict:5088556	taiwan_and_culture
japanese	rainekegitsune	ライネケ狐	jmnedict:5088556	taiwan_and_culture
japanese	raiontomajo	raiontomajo	jmnedict:5741579	taiwan_and_culture
japanese	raiontomajo	ライオンとまじょ	jmnedict:5741579	taiwan_and_culture
japanese	raiontomajo	ライオンと魔女	jmnedict:5741579	taiwan_and_culture
japanese	rairatomajunuun	rairatomajunuun	jmnedict:5741044	taiwan_and_culture
japanese	rairatomajunuun	ライラとマジュヌーン	jmnedict:5741044	taiwan_and_culture
japanese	raiseitoku	raiseitoku	jmnedict:5746879	taiwan_and_culture
japanese	raiseitoku	らいせいとく	jmnedict:5746879	taiwan_and_culture
japanese	raiseitoku	頼清徳	jmnedict:5746879	taiwan_and_culture
japanese	ransho	ransho	jmnedict:5742117	taiwan_and_culture
japanese	ransho	らんしょ	jmnedict:5742117	taiwan_and_culture
japanese	ransho	蘭嶼	jmnedict:5742117	taiwan_and_culture
japanese	raponichijiten	raponichijiten	jmnedict:5741912	taiwan_and_culture
japanese	raponichijiten	らぽにちじてん	jmnedict:5741912	taiwan_and_culture
japanese	raponichijiten	羅萄日辞典	jmnedict:5741912	taiwan_and_culture
japanese	raponichijiten	羅葡日辞典	jmnedict:5741912	taiwan_and_culture
japanese	raponichitaiyakujisho	raponichitaiyakujisho	jmnedict:5742292	taiwan_and_culture
japanese	raponichitaiyakujisho	raponichitaiyakujisho	jmnedict:5743305	taiwan_and_culture
japanese	raponichitaiyakujisho	らぽにちたいやくじしょ	jmnedict:5743305	taiwan_and_culture
japanese	raponichitaiyakujisho	ラポにちたいやくじしょ	jmnedict:5742292	taiwan_and_culture
japanese	raponichitaiyakujisho	拉葡日対訳辞書	jmnedict:5742292	taiwan_and_culture
japanese	raponichitaiyakujisho	羅葡日対訳辞書	jmnedict:5743305	taiwan_and_culture
japanese	rashoumon	rashoumon	jmnedict:5693882	taiwan_and_culture
japanese	rashoumon	らしょうもん	jmnedict:5693882	taiwan_and_culture
japanese	rashoumon	羅生門	jmnedict:5693882	taiwan_and_culture
japanese	rasshuawaatsuu	rasshuawaatsuu	jmnedict:5089296	taiwan_and_culture
japanese	rasshuawaatsuu	ラッシュアワーツー	jmnedict:5089296	taiwan_and_culture
japanese	rasshuawaatsuu	ラッシュアワー２	jmnedict:5089296	taiwan_and_culture
japanese	rasutochansuwoanatani	rasutochansuwoanatani	jmnedict:5089150	taiwan_and_culture
japanese	rasutochansuwoanatani	ラストチャンスをあなたに	jmnedict:5089150	taiwan_and_culture
japanese	rasutopuratoontsuu	rasutopuratoontsuu	jmnedict:5089151	taiwan_and_culture
japanese	rasutopuratoontsuu	ラストプラトーンツー	jmnedict:5089151	taiwan_and_culture
japanese	rasutopuratoontsuu	ラストプラトーン２	jmnedict:5089151	taiwan_and_culture
japanese	rasutosamaatsuu	rasutosamaatsuu	jmnedict:5089148	taiwan_and_culture
japanese	rasutosamaatsuu	ラストサマーツー	jmnedict:5089148	taiwan_and_culture
japanese	rasutosamaatsuu	ラストサマー２	jmnedict:5089148	taiwan_and_culture
japanese	rasutoshootsuu	rasutoshootsuu	jmnedict:5089149	taiwan_and_culture
japanese	rasutoshootsuu	ラストショーツー	jmnedict:5089149	taiwan_and_culture
japanese	rasutoshootsuu	ラストショー２	jmnedict:5089149	taiwan_and_culture
japanese	ratou	ratou	jmnedict:5693889	taiwan_and_culture
japanese	ratou	らとう	jmnedict:5693889	taiwan_and_culture
japanese	ratou	羅東	jmnedict:5693889	taiwan_and_culture
japanese	ravuandokatasutorofyi	ravuandokatasutorofyi	jmnedict:5090521	taiwan_and_culture
japanese	ravuandokatasutorofyi	ラヴアンドカタストロフィ	jmnedict:5090521	taiwan_and_culture
japanese	ravuandokatasutorofyi	ラヴ＆カタストロフィ	jmnedict:5090521	taiwan_and_culture
japanese	ravuhappii	ravuhappii	jmnedict:5090550	taiwan_and_culture
japanese	ravuhappii	ラヴハッピー	jmnedict:5090550	taiwan_and_culture
japanese	ravuravugoosuto	ravuravugoosuto	jmnedict:5090551	taiwan_and_culture
japanese	ravuravugoosuto	ラヴラヴゴースト	jmnedict:5090551	taiwan_and_culture
japanese	ravusutoriimusu	ravusutoriimusu	jmnedict:5090549	taiwan_and_culture
japanese	ravusutoriimusu	ラヴストリームス	jmnedict:5090549	taiwan_and_culture
japanese	reddookutoobaawooe	reddookutoobaawooe	jmnedict:5746952	taiwan_and_culture
japanese	reddookutoobaawooe	レッドオクトーバーをおえ	jmnedict:5746952	taiwan_and_culture
japanese	reddookutoobaawooe	レッド・オクトーバーを追え	jmnedict:5746952	taiwan_and_culture
japanese	reiketsu	reiketsu	jmnedict:5741280	taiwan_and_culture
japanese	reiketsu	れいけつ	jmnedict:5741280	taiwan_and_culture
japanese	reiketsu	冷血	jmnedict:5741280	taiwan_and_culture
japanese	reinman	reinman	jmnedict:5093676	taiwan_and_culture
japanese	reinman	レインマン	jmnedict:5093676	taiwan_and_culture
japanese	reinosho	reinosho	jmnedict:5742175	taiwan_and_culture
japanese	reinosho	れいのしょ	jmnedict:5742175	taiwan_and_culture
japanese	reinosho	霊の書	jmnedict:5742175	taiwan_and_culture
japanese	rekosumikomike	rekosumikomike	jmnedict:5093828	taiwan_and_culture
japanese	rekosumikomike	レコスミコミケ	jmnedict:5093828	taiwan_and_culture
japanese	remizeraburu	remizeraburu	jmnedict:5094358	taiwan_and_culture
japanese	remizeraburu	レミゼラブル	jmnedict:5094358	taiwan_and_culture
japanese	rendeitonnosupaisutoorii	rendeitonnosupaisutoorii	jmnedict:5094499	taiwan_and_culture
japanese	rendeitonnosupaisutoorii	レンデイトンのスパイストーリー	jmnedict:5094499	taiwan_and_culture
japanese	renkou	renkou	jmnedict:5742253	taiwan_and_culture
japanese	renkou	れんこう	jmnedict:5742253	taiwan_and_culture
japanese	renkou	連江	jmnedict:5742253	taiwan_and_culture
japanese	reonarudodeikapurio	reonarudodeikapurio	jmnedict:5093707	taiwan_and_culture
japanese	reonarudodeikapurio	レオナルドディカプリオ	jmnedict:5093707	taiwan_and_culture
japanese	resshi	resshi	jmnedict:5712361	taiwan_and_culture
japanese	resshi	れっし	jmnedict:5712361	taiwan_and_culture
japanese	resshi	列子	jmnedict:5712361	taiwan_and_culture
japanese	rettoittobii	rettoittobii	jmnedict:5094023	taiwan_and_culture
japanese	rettoittobii	レットイットビー	jmnedict:5094023	taiwan_and_culture
japanese	ribinguontoukyoutaimu	ribinguontoukyoutaimu	jmnedict:5091511	taiwan_and_culture
japanese	ribinguontoukyoutaimu	リビングオンとうきょうタイム	jmnedict:5091511	taiwan_and_culture
japanese	ribinguontoukyoutaimu	リビングオンＴＯＫＹＯタイム	jmnedict:5091511	taiwan_and_culture
japanese	rienjian	rienjian	jmnedict:5742253	taiwan_and_culture
japanese	rienjian	リエンジアン	jmnedict:5742253	taiwan_and_culture
japanese	rienjian	連江	jmnedict:5742253	taiwan_and_culture
japanese	rigoretto	rigoretto	jmnedict:5090990	taiwan_and_culture
japanese	rigoretto	リゴレット	jmnedict:5090990	taiwan_and_culture
japanese	riisarupansaa	riisarupansaa	jmnedict:5090579	taiwan_and_culture
japanese	riisarupansaa	リーサルパンサー	jmnedict:5090579	taiwan_and_culture
japanese	riisaruuepon	riisaruuepon	jmnedict:5090578	taiwan_and_culture
japanese	riisaruuepon	リーサルウェポン	jmnedict:5090578	taiwan_and_culture
japanese	rikkiihoi	rikkiihoi	jmnedict:5218761	taiwan_and_culture
japanese	rikkiihoi	リッキーホイ	jmnedict:5218761	taiwan_and_culture
japanese	rikkiihoi	許冠英	jmnedict:5218761	taiwan_and_culture
japanese	rikotekinaidenshi	rikotekinaidenshi	jmnedict:5696074	taiwan_and_culture
japanese	rikotekinaidenshi	りこてきないでんし	jmnedict:5696074	taiwan_and_culture
japanese	rikotekinaidenshi	利己的な遺伝子	jmnedict:5696074	taiwan_and_culture
japanese	ringonouta	ringonouta	jmnedict:5743390	taiwan_and_culture
japanese	ringonouta	リンゴのうた	jmnedict:5743390	taiwan_and_culture
japanese	ringonouta	リンゴの唄	jmnedict:5743390	taiwan_and_culture
japanese	rippuvuan'uinkuru	rippuvuan'uinkuru	jmnedict:5091264	taiwan_and_culture
japanese	rippuvuan'uinkuru	リップヴァンウィンクル	jmnedict:5091264	taiwan_and_culture
japanese	ritouki	ritouki	jmnedict:5697024	taiwan_and_culture
japanese	ritouki	りとうき	jmnedict:5697024	taiwan_and_culture
japanese	ritouki	李登輝	jmnedict:5697024	taiwan_and_culture
japanese	robinfuddopurinsuobuueeruzu	robinfuddopurinsuobuueeruzu	jmnedict:5095752	taiwan_and_culture
japanese	robinfuddopurinsuobuueeruzu	ロビンフッドプリンスオブウェールズ	jmnedict:5095752	taiwan_and_culture
japanese	robinsonhyouryuuki	robinsonhyouryuuki	jmnedict:5741083	taiwan_and_culture
japanese	robinsonhyouryuuki	ロビンソンひょうりゅうき	jmnedict:5741083	taiwan_and_culture
japanese	robinsonhyouryuuki	魯敏孫漂流記	jmnedict:5741083	taiwan_and_culture
japanese	robinsonkuruusoo	robinsonkuruusoo	jmnedict:5741082	taiwan_and_culture
japanese	robinsonkuruusoo	ロビンソンクルーソー	jmnedict:5741082	taiwan_and_culture
japanese	robintomarian	robintomarian	jmnedict:5095741	taiwan_and_culture
japanese	robintomarian	ロビンとマリアン	jmnedict:5095741	taiwan_and_culture
japanese	robokon	robokon	jmnedict:5095840	taiwan_and_culture
japanese	robokon	ロボコン	jmnedict:5095840	taiwan_and_culture
japanese	rohan	rohan	jmnedict:5713729	taiwan_and_culture
japanese	rohan	ろはん	jmnedict:5713729	taiwan_and_culture
japanese	rohan	露伴	jmnedict:5713729	taiwan_and_culture
japanese	rojaaandomii	rojaaandomii	jmnedict:5095257	taiwan_and_culture
japanese	rojaaandomii	ロジャーアンドミー	jmnedict:5095257	taiwan_and_culture
japanese	rojaaandomii	ロジャー＆ミー	jmnedict:5095257	taiwan_and_culture
japanese	rojou	rojou	jmnedict:5741279	taiwan_and_culture
japanese	rojou	ろじょう	jmnedict:5741279	taiwan_and_culture
japanese	rojou	路上	jmnedict:5741279	taiwan_and_culture
japanese	roka	roka	jmnedict:5736152	taiwan_and_culture
japanese	roka	ろか	jmnedict:5736152	taiwan_and_culture
japanese	roka	蘆花	jmnedict:5736152	taiwan_and_culture
japanese	rokkii	rokkii	jmnedict:5095413	taiwan_and_culture
japanese	rokkii	ロッキー	jmnedict:5095413	taiwan_and_culture
japanese	rokkiisurii	rokkiisurii	jmnedict:5095415	taiwan_and_culture
japanese	rokkiisurii	ロッキースリー	jmnedict:5095415	taiwan_and_culture
japanese	rokkiisurii	ロッキー３	jmnedict:5095415	taiwan_and_culture
japanese	rokkiitsuu	rokkiitsuu	jmnedict:5095414	taiwan_and_culture
japanese	rokkiitsuu	ロッキーツー	jmnedict:5095414	taiwan_and_culture
japanese	rokkiitsuu	ロッキー２	jmnedict:5095414	taiwan_and_culture
japanese	rokkushoo	rokkushoo	jmnedict:5095432	taiwan_and_culture
japanese	rokkushoo	ロックショー	jmnedict:5095432	taiwan_and_culture
japanese	rokomooshon	rokomooshon	jmnedict:5742535	taiwan_and_culture
japanese	rokomooshon	ロコモーション	jmnedict:5742535	taiwan_and_culture
japanese	romanporuno	romanporuno	jmnedict:5741253	taiwan_and_culture
japanese	romanporuno	ロマンポルノ	jmnedict:5741253	taiwan_and_culture
japanese	romijuri	romijuri	jmnedict:5745256	taiwan_and_culture
japanese	romijuri	ロミジュリ	jmnedict:5745256	taiwan_and_culture
japanese	romioandojuria	romioandojuria	jmnedict:5095890	taiwan_and_culture
japanese	romioandojuria	ロミオアンドジュリア	jmnedict:5095890	taiwan_and_culture
japanese	romioandojuria	ロミオ＆ジュリア	jmnedict:5095890	taiwan_and_culture
japanese	romioandojurietto	romioandojurietto	jmnedict:5095891	taiwan_and_culture
japanese	romioandojurietto	ロミオアンドジュリエット	jmnedict:5095891	taiwan_and_culture
japanese	romioandojurietto	ロミオ＆ジュリエット	jmnedict:5095891	taiwan_and_culture
japanese	romiotojurietto	romiotojurietto	jmnedict:5095892	taiwan_and_culture
japanese	romiotojurietto	ロミオとジュリエット	jmnedict:5095892	taiwan_and_culture
japanese	ronkou	ronkou	jmnedict:5715520	taiwan_and_culture
japanese	ronkou	ろんこう	jmnedict:5715520	taiwan_and_culture
japanese	ronkou	論衡	jmnedict:5715520	taiwan_and_culture
japanese	roodoobuzaringu	roodoobuzaringu	jmnedict:5741575	taiwan_and_culture
japanese	roodoobuzaringu	ロードオブザリング	jmnedict:5741575	taiwan_and_culture
japanese	roriita	roriita	jmnedict:5095940	taiwan_and_culture
japanese	roriita	ロリータ	jmnedict:5095940	taiwan_and_culture
japanese	rosuto	rosuto	jmnedict:5095307	taiwan_and_culture
japanese	rosuto	ロスト	jmnedict:5095307	taiwan_and_culture
japanese	rosutowaarudojurashikkupaaku	rosutowaarudojurashikkupaaku	jmnedict:5095322	taiwan_and_culture
japanese	rosutowaarudojurashikkupaaku	ロストワールドジュラシックパーク	jmnedict:5095322	taiwan_and_culture
japanese	roujintoumi	roujintoumi	jmnedict:5746680	taiwan_and_culture
japanese	roujintoumi	ろうじんとうみ	jmnedict:5746680	taiwan_and_culture
japanese	roujintoumi	老人と海	jmnedict:5746680	taiwan_and_culture
japanese	roushidoutokukyou	roushidoutokukyou	jmnedict:5714332	taiwan_and_culture
japanese	roushidoutokukyou	ろうしどうとくきょう	jmnedict:5714332	taiwan_and_culture
japanese	roushidoutokukyou	老子道徳経	jmnedict:5714332	taiwan_and_culture
japanese	rozannanotameni	rozannanotameni	jmnedict:5095203	taiwan_and_culture
japanese	rozannanotameni	ロザンナのために	jmnedict:5095203	taiwan_and_culture
japanese	ruifuan	ruifuan	jmnedict:5742119	taiwan_and_culture
japanese	ruifuan	ルイファン	jmnedict:5742119	taiwan_and_culture
japanese	ruifuan	瑞芳	jmnedict:5742119	taiwan_and_culture
japanese	ruiizutokerii	ruiizutokerii	jmnedict:5092464	taiwan_and_culture
japanese	ruiizutokerii	ルイーズとケリー	jmnedict:5092464	taiwan_and_culture
japanese	ruijukarin	ruijukarin	jmnedict:5746557	taiwan_and_culture
japanese	ruijukarin	るいじゅかりん	jmnedict:5746557	taiwan_and_culture
japanese	ruijukarin	類聚歌林	jmnedict:5746557	taiwan_and_culture
japanese	ruijumyougishou	ruijumyougishou	jmnedict:5709396	taiwan_and_culture
japanese	ruijumyougishou	るいじゅみょうぎしょう	jmnedict:5709396	taiwan_and_culture
japanese	ruijumyougishou	類聚名義抄	jmnedict:5709396	taiwan_and_culture
japanese	ruijuukarin	ruijuukarin	jmnedict:5746557	taiwan_and_culture
japanese	ruijuukarin	るいじゅうかりん	jmnedict:5746557	taiwan_and_culture
japanese	ruijuukarin	類聚歌林	jmnedict:5746557	taiwan_and_culture
japanese	ruijuumyougishou	ruijuumyougishou	jmnedict:5709396	taiwan_and_culture
japanese	ruijuumyougishou	るいじゅうみょうぎしょう	jmnedict:5709396	taiwan_and_culture
japanese	ruijuumyougishou	類聚名義抄	jmnedict:5709396	taiwan_and_culture
japanese	rupansansei	rupansansei	jmnedict:5743379	taiwan_and_culture
japanese	rupansansei	ルパンさんせい	jmnedict:5743379	taiwan_and_culture
japanese	rupansansei	ルパン三世	jmnedict:5743379	taiwan_and_culture
japanese	rusaaruka	rusaaruka	jmnedict:5745834	taiwan_and_culture
japanese	rusaaruka	ルサールカ	jmnedict:5745834	taiwan_and_culture
japanese	rusaruka	rusaruka	jmnedict:5745834	taiwan_and_culture
japanese	rusaruka	ルサルカ	jmnedict:5745834	taiwan_and_culture
japanese	rutsubo	rutsubo	jmnedict:5741324	taiwan_and_culture
japanese	rutsubo	るつぼ	jmnedict:5741324	taiwan_and_culture
japanese	ryoujinhishou	ryoujinhishou	jmnedict:5705740	taiwan_and_culture
japanese	ryoujinhishou	りょうじんひしょう	jmnedict:5705740	taiwan_and_culture
japanese	ryoujinhishou	梁塵秘抄	jmnedict:5705740	taiwan_and_culture
japanese	ryoumagayuku	ryoumagayuku	jmnedict:5747621	taiwan_and_culture
japanese	ryoumagayuku	りょうまがゆく	jmnedict:5747621	taiwan_and_culture
japanese	ryoumagayuku	竜馬がゆく	jmnedict:5747621	taiwan_and_culture
japanese	ryounogige	ryounogige	jmnedict:5742265	taiwan_and_culture
japanese	ryounogige	りょうのぎげ	jmnedict:5742265	taiwan_and_culture
japanese	ryounogige	令義解	jmnedict:5742265	taiwan_and_culture
japanese	ryourinotetsujin	ryourinotetsujin	jmnedict:5705690	taiwan_and_culture
japanese	ryourinotetsujin	りょうりのてつじん	jmnedict:5705690	taiwan_and_culture
japanese	ryourinotetsujin	料理の鉄人	jmnedict:5705690	taiwan_and_culture
japanese	ryousaishii	ryousaishii	jmnedict:5733185	taiwan_and_culture
japanese	ryousaishii	りょうさいしい	jmnedict:5733185	taiwan_and_culture
japanese	ryousaishii	聊斎志異	jmnedict:5733185	taiwan_and_culture
japanese	ryuugagotoku	ryuugagotoku	jmnedict:5746867	taiwan_and_culture
japanese	ryuugagotoku	りゅうがごとく	jmnedict:5746867	taiwan_and_culture
japanese	ryuugagotoku	龍が如く	jmnedict:5746867	taiwan_and_culture
japanese	ryuukishizeronana	ryuukishizeronana	jmnedict:5747050	taiwan_and_culture
japanese	ryuukishizeronana	りゅうきしぜろなな	jmnedict:5747050	taiwan_and_culture
japanese	ryuukishizeronana	竜騎士０７	jmnedict:5747050	taiwan_and_culture
japanese	ryuukyoushinshi	ryuukyoushinshi	jmnedict:5676243	taiwan_and_culture
japanese	ryuukyoushinshi	りゅうきょうしんし	jmnedict:5676243	taiwan_and_culture
japanese	ryuukyoushinshi	柳橋新誌	jmnedict:5676243	taiwan_and_culture
japanese	ryuukyuu	ryuukyuu	jmnedict:5701643	taiwan_and_culture
japanese	ryuukyuu	りゅうきゅう	jmnedict:5701643	taiwan_and_culture
japanese	ryuukyuu	流求	jmnedict:5701643	taiwan_and_culture
japanese	saieibun	saieibun	jmnedict:5742266	taiwan_and_culture
japanese	saieibun	さいえいぶん	jmnedict:5742266	taiwan_and_culture
japanese	saieibun	蔡英文	jmnedict:5742266	taiwan_and_culture
japanese	saiyuuki	saiyuuki	jmnedict:5741627	taiwan_and_culture
japanese	saiyuuki	さいゆうき	jmnedict:5741627	taiwan_and_culture
japanese	saiyuuki	西遊記	jmnedict:5741627	taiwan_and_culture
japanese	sakazakishiran	sakazakishiran	jmnedict:5747619	taiwan_and_culture
japanese	sakazakishiran	さかざきしらん	jmnedict:5747619	taiwan_and_culture
japanese	sakazakishiran	坂崎紫瀾	jmnedict:5747619	taiwan_and_culture
japanese	sakuranosono	sakuranosono	jmnedict:5312610	taiwan_and_culture
japanese	sakuranosono	さくらのその	jmnedict:5312610	taiwan_and_culture
japanese	sakuranosono	桜の園	jmnedict:5312610	taiwan_and_culture
japanese	sakurataisen	sakurataisen	jmnedict:5034793	taiwan_and_culture
japanese	sakurataisen	サクラたいせん	jmnedict:5034793	taiwan_and_culture
japanese	sakurataisen	サクラ大戦	jmnedict:5034793	taiwan_and_culture
japanese	samayoeruorandajin	samayoeruorandajin	jmnedict:5002894	taiwan_and_culture
japanese	samayoeruorandajin	さまよえるオランダじん	jmnedict:5002894	taiwan_and_culture
japanese	samayoeruorandajin	さまよえるオランダ人	jmnedict:5002894	taiwan_and_culture
japanese	samuraijakku	samuraijakku	jmnedict:5742360	taiwan_and_culture
japanese	samuraijakku	サムライジャック	jmnedict:5742360	taiwan_and_culture
japanese	samusontoderira	samusontoderira	jmnedict:5035427	taiwan_and_culture
japanese	samusontoderira	サムソンとデリラ	jmnedict:5035427	taiwan_and_culture
japanese	sanbaan	sanbaan	jmnedict:5036392	taiwan_and_culture
japanese	sanbaan	サンバーン	jmnedict:5036392	taiwan_and_culture
japanese	sandaabaado	sandaabaado	jmnedict:5741666	taiwan_and_culture
japanese	sandaabaado	サンダーバード	jmnedict:5741666	taiwan_and_culture
japanese	sangokushi	sangokushi	jmnedict:5316814	taiwan_and_culture
japanese	sangokushi	さんごくし	jmnedict:5316814	taiwan_and_culture
japanese	sangokushi	三国志	jmnedict:5316814	taiwan_and_culture
japanese	sangokushiengi	sangokushiengi	jmnedict:5741628	taiwan_and_culture
japanese	sangokushiengi	さんごくしえんぎ	jmnedict:5741628	taiwan_and_culture
japanese	sangokushiengi	三国志演義	jmnedict:5741628	taiwan_and_culture
japanese	sangokushiki	sangokushiki	jmnedict:5745901	taiwan_and_culture
japanese	sangokushiki	さんごくしき	jmnedict:5745901	taiwan_and_culture
japanese	sangokushiki	三国史記	jmnedict:5745901	taiwan_and_culture
japanese	sanjuushi	sanjuushi	jmnedict:5317470	taiwan_and_culture
japanese	sanjuushi	さんじゅうし	jmnedict:5317470	taiwan_and_culture
japanese	sanjuushi	三銃士	jmnedict:5317470	taiwan_and_culture
japanese	sankasaikei	sankasaikei	jmnedict:5742402	taiwan_and_culture
japanese	sankasaikei	さんかさいけい	jmnedict:5742402	taiwan_and_culture
japanese	sankasaikei	三歌斎経	jmnedict:5742402	taiwan_and_culture
japanese	sankashuu	sankashuu	jmnedict:5321322	taiwan_and_culture
japanese	sankashuu	さんかしゅう	jmnedict:5321322	taiwan_and_culture
japanese	sankashuu	山家集	jmnedict:5321322	taiwan_and_culture
japanese	sankoku	sankoku	jmnedict:5744975	taiwan_and_culture
japanese	sankoku	さんこく	jmnedict:5744975	taiwan_and_culture
japanese	sankoku	三国	jmnedict:5744975	taiwan_and_culture
japanese	sanmon'opera	sanmon'opera	jmnedict:5747720	taiwan_and_culture
japanese	sanmon'opera	さんもんオペラ	jmnedict:5747720	taiwan_and_culture
japanese	sanmon'opera	三文オペラ	jmnedict:5747720	taiwan_and_culture
japanese	sanpikinokobuta	sanpikinokobuta	jmnedict:5747298	taiwan_and_culture
japanese	sanpikinokobuta	さんぴきのこぶた	jmnedict:5747298	taiwan_and_culture
japanese	sanpikinokobuta	三匹のこぶた	jmnedict:5747298	taiwan_and_culture
japanese	sanpikinokobuta	三匹のコブタ	jmnedict:5747298	taiwan_and_culture
japanese	sanpikinokobuta	三匹の子ぶた	jmnedict:5747298	taiwan_and_culture
japanese	sanpikinokobuta	三匹の子ブタ	jmnedict:5747298	taiwan_and_culture
japanese	sanpikinokobuta	三匹の子豚	jmnedict:5747298	taiwan_and_culture
japanese	sanpikinokobuta	３匹のコブタ	jmnedict:5747298	taiwan_and_culture
japanese	sanpurazanakano	sanpurazanakano	jmnedict:5036487	taiwan_and_culture
japanese	sanpurazanakano	サンプラザなかの	jmnedict:5036487	taiwan_and_culture
japanese	sanpurazanakano	サンプラザ中野	jmnedict:5036487	taiwan_and_culture
japanese	sanseidougendaishinkokugojiten	sanseidougendaishinkokugojiten	jmnedict:5747396	taiwan_and_culture
japanese	sanseidougendaishinkokugojiten	さんせいどうげんだいしんこくごじてん	jmnedict:5747396	taiwan_and_culture
japanese	sanseidougendaishinkokugojiten	三省堂現代新国語辞典	jmnedict:5747396	taiwan_and_culture
japanese	sanseidoukokugojiten	sanseidoukokugojiten	jmnedict:5744974	taiwan_and_culture
japanese	sanseidoukokugojiten	さんせいどうこくごじてん	jmnedict:5744974	taiwan_and_culture
japanese	sanseidoukokugojiten	三省堂国語辞典	jmnedict:5744974	taiwan_and_culture
japanese	santai	santai	jmnedict:5745919	taiwan_and_culture
japanese	santai	さんたい	jmnedict:5745919	taiwan_and_culture
japanese	santai	三体	jmnedict:5745919	taiwan_and_culture
japanese	sarabakyuuba	sarabakyuuba	jmnedict:5002958	taiwan_and_culture
japanese	sarabakyuuba	さらばキューバ	jmnedict:5002958	taiwan_and_culture
japanese	sarawaretadeebiddo	sarawaretadeebiddo	jmnedict:5002961	taiwan_and_culture
japanese	sarawaretadeebiddo	さらわれたデービッド	jmnedict:5002961	taiwan_and_culture
japanese	sarukanigassen	sarukanigassen	jmnedict:5742091	taiwan_and_culture
japanese	sarukanigassen	さるかにがっせん	jmnedict:5742091	taiwan_and_culture
japanese	sarukanigassen	さるかに合戦	jmnedict:5742091	taiwan_and_culture
japanese	sarukanigassen	猿蟹合戦	jmnedict:5742091	taiwan_and_culture
japanese	sarumanrashudei	sarumanrashudei	jmnedict:5035775	taiwan_and_culture
japanese	sarumanrashudei	サルマンラシュディ	jmnedict:5035775	taiwan_and_culture
japanese	sarunowakusei	sarunowakusei	jmnedict:5741551	taiwan_and_culture
japanese	sarunowakusei	さるのわくせい	jmnedict:5741551	taiwan_and_culture
japanese	sarunowakusei	猿の惑星	jmnedict:5741551	taiwan_and_culture
japanese	sasameyuki	sasameyuki	jmnedict:5746288	taiwan_and_culture
japanese	sasameyuki	ささめゆき	jmnedict:5746288	taiwan_and_culture
japanese	sasameyuki	細雪	jmnedict:5746288	taiwan_and_culture
japanese	satomihakkenden	satomihakkenden	jmnedict:5747728	taiwan_and_culture
japanese	satomihakkenden	さとみはっけんでん	jmnedict:5747728	taiwan_and_culture
japanese	satomihakkenden	里見八犬伝	jmnedict:5747728	taiwan_and_culture
japanese	satomiton	satomiton	jmnedict:5740150	taiwan_and_culture
japanese	satomiton	さとみとん	jmnedict:5740150	taiwan_and_culture
japanese	satomiton	里見弴	jmnedict:5740150	taiwan_and_culture
japanese	satoumuneyuki	satoumuneyuki	jmnedict:5002840	taiwan_and_culture
japanese	satoumuneyuki	さとうむねゆき	jmnedict:5002840	taiwan_and_culture
japanese	satoumuneyuki	さとう宗幸	jmnedict:5002840	taiwan_and_culture
japanese	sayonarageemu	sayonarageemu	jmnedict:5002945	taiwan_and_culture
japanese	sayonarageemu	さよならゲーム	jmnedict:5002945	taiwan_and_culture
japanese	sayonarahappiibaasudei	sayonarahappiibaasudei	jmnedict:5002948	taiwan_and_culture
japanese	sayonarahappiibaasudei	さよならハッピーバースデイ	jmnedict:5002948	taiwan_and_culture
japanese	sayonarajoojia	sayonarajoojia	jmnedict:5002947	taiwan_and_culture
japanese	sayonarajoojia	さよならジョージア	jmnedict:5002947	taiwan_and_culture
japanese	sayonarakoronbasu	sayonarakoronbasu	jmnedict:5002942	taiwan_and_culture
japanese	sayonarakoronbasu	さよならコロンバス	jmnedict:5002942	taiwan_and_culture
japanese	sayonaramisuwaikofu	sayonaramisuwaikofu	jmnedict:5002949	taiwan_and_culture
japanese	sayonaramisuwaikofu	さよならミスワイコフ	jmnedict:5002949	taiwan_and_culture
japanese	sayounarakoronbasu	sayounarakoronbasu	jmnedict:5002942	taiwan_and_culture
japanese	sayounarakoronbasu	さようならコロンバス	jmnedict:5002942	taiwan_and_culture
japanese	sayounarausagi	sayounarausagi	jmnedict:5002941	taiwan_and_culture
japanese	sayounarausagi	さようならウサギ	jmnedict:5002941	taiwan_and_culture
japanese	seerusumannoshi	seerusumannoshi	jmnedict:5741616	taiwan_and_culture
japanese	seerusumannoshi	セールスマンのし	jmnedict:5741616	taiwan_and_culture
japanese	seerusumannoshi	セールスマンの死	jmnedict:5741616	taiwan_and_culture
japanese	seibusensen'ijounashi	seibusensen'ijounashi	jmnedict:5745288	taiwan_and_culture
japanese	seibusensen'ijounashi	せいぶせんせんいじょうなし	jmnedict:5745288	taiwan_and_culture
japanese	seibusensen'ijounashi	西部戦線異常なし	jmnedict:5745288	taiwan_and_culture
japanese	seibusensen'ijounashi	西部戦線異状なし	jmnedict:5745288	taiwan_and_culture
japanese	seigo	seigo	jmnedict:5746588	taiwan_and_culture
japanese	seigo	せいご	jmnedict:5746588	taiwan_and_culture
japanese	seigo	勢語	jmnedict:5746588	taiwan_and_culture
japanese	seikai	seikai	jmnedict:5743525	taiwan_and_culture
japanese	seikai	せいかい	jmnedict:5743525	taiwan_and_culture
japanese	seikai	星界	jmnedict:5743525	taiwan_and_culture
japanese	seikainohoukoku	seikainohoukoku	jmnedict:5743529	taiwan_and_culture
japanese	seikainohoukoku	せいかいのほうこく	jmnedict:5743529	taiwan_and_culture
japanese	seikainohoukoku	星界の報告	jmnedict:5743529	taiwan_and_culture
japanese	seimonchou	seimonchou	jmnedict:5741927	taiwan_and_culture
japanese	seimonchou	せいもんちょう	jmnedict:5741927	taiwan_and_culture
japanese	seimonchou	西門町	jmnedict:5741927	taiwan_and_culture
japanese	seishingenshougaku	seishingenshougaku	jmnedict:5747622	taiwan_and_culture
japanese	seishingenshougaku	せいしんげんしょうがく	jmnedict:5747622	taiwan_and_culture
japanese	seishingenshougaku	精神現象学	jmnedict:5747622	taiwan_and_culture
japanese	seivuzataigaa	seivuzataigaa	jmnedict:5045750	taiwan_and_culture
japanese	seivuzataigaa	セイヴザタイガー	jmnedict:5045750	taiwan_and_culture
japanese	seiyuuki	seiyuuki	jmnedict:5741627	taiwan_and_culture
japanese	seiyuuki	せいゆうき	jmnedict:5741627	taiwan_and_culture
japanese	seiyuuki	西遊記	jmnedict:5741627	taiwan_and_culture
japanese	sekaidaihyakkajiten	sekaidaihyakkajiten	jmnedict:5744231	taiwan_and_culture
japanese	sekaidaihyakkajiten	せかいだいひゃっかじてん	jmnedict:5744231	taiwan_and_culture
japanese	sekaidaihyakkajiten	世界大百科事典	jmnedict:5744231	taiwan_and_culture
japanese	sekainihitotsudakenohana	sekainihitotsudakenohana	jmnedict:5746463	taiwan_and_culture
japanese	sekainihitotsudakenohana	せかいにひとつだけのはな	jmnedict:5746463	taiwan_and_culture
japanese	sekainihitotsudakenohana	世界に一つだけの花	jmnedict:5746463	taiwan_and_culture
japanese	sekitouki	sekitouki	jmnedict:5455020	taiwan_and_culture
japanese	sekitouki	せきとうき	jmnedict:5455020	taiwan_and_culture
japanese	sekitouki	石頭記	jmnedict:5455020	taiwan_and_culture
japanese	sen'ichiyamonogatari	sen'ichiyamonogatari	jmnedict:5743101	taiwan_and_culture
japanese	sen'ichiyamonogatari	せんいちやものがたり	jmnedict:5743101	taiwan_and_culture
japanese	sen'ichiyamonogatari	千一夜物語	jmnedict:5743101	taiwan_and_culture
japanese	sen'yaichiyamonogatari	sen'yaichiyamonogatari	jmnedict:5743077	taiwan_and_culture
japanese	sen'yaichiyamonogatari	せんやいちやものがたり	jmnedict:5743077	taiwan_and_culture
japanese	sen'yaichiyamonogatari	千夜一夜物語	jmnedict:5743077	taiwan_and_culture
japanese	sengaikyou	sengaikyou	jmnedict:5743945	taiwan_and_culture
japanese	sengaikyou	せんがいきょう	jmnedict:5743945	taiwan_and_culture
japanese	sengaikyou	山海経	jmnedict:5743945	taiwan_and_culture
japanese	senjimon	senjimon	jmnedict:5740620	taiwan_and_culture
japanese	senjimon	せんじもん	jmnedict:5740620	taiwan_and_culture
japanese	senjimon	千字文	jmnedict:5740620	taiwan_and_culture
japanese	senjounomeriikurisumasu	senjounomeriikurisumasu	jmnedict:5747328	taiwan_and_culture
japanese	senjounomeriikurisumasu	せんじょうのメリークリスマス	jmnedict:5747328	taiwan_and_culture
japanese	senjounomeriikurisumasu	戦場のメリークリスマス	jmnedict:5747328	taiwan_and_culture
japanese	senkanpochomukin	senkanpochomukin	jmnedict:5747653	taiwan_and_culture
japanese	senkanpochomukin	せんかんポチョムキン	jmnedict:5747653	taiwan_and_culture
japanese	senkanpochomukin	戦艦ポチョムキン	jmnedict:5747653	taiwan_and_culture
japanese	senkyuuhyakuhachijuuyonen	senkyuuhyakuhachijuuyonen	jmnedict:5747637	taiwan_and_culture
japanese	senkyuuhyakuhachijuuyonen	せんきゅうひゃくはちじゅうよねん	jmnedict:5747637	taiwan_and_culture
japanese	senkyuuhyakuhachijuuyonen	一九八四年	jmnedict:5747637	taiwan_and_culture
japanese	senkyuuhyakuhachijuuyonen	１９８４年	jmnedict:5747637	taiwan_and_culture
japanese	senseijutsusatsujinjiken	senseijutsusatsujinjiken	jmnedict:5746170	taiwan_and_culture
japanese	senseijutsusatsujinjiken	せんせいじゅつさつじんじけん	jmnedict:5746170	taiwan_and_culture
japanese	senseijutsusatsujinjiken	占星術殺人事件	jmnedict:5746170	taiwan_and_culture
japanese	sensoutoheiwa	sensoutoheiwa	jmnedict:5746828	taiwan_and_culture
japanese	sensoutoheiwa	せんそうとへいわ	jmnedict:5746828	taiwan_and_culture
japanese	sensoutoheiwa	戦争と平和	jmnedict:5746828	taiwan_and_culture
japanese	sentetsuzouden	sentetsuzouden	jmnedict:5743420	taiwan_and_culture
japanese	sentetsuzouden	せんてつぞうでん	jmnedict:5743420	taiwan_and_culture
japanese	sentetsuzouden	先哲像伝	jmnedict:5743420	taiwan_and_culture
japanese	sentetsuzouden	先哲像傳	jmnedict:5743420	taiwan_and_culture
japanese	sentochihironokamikakushi	sentochihironokamikakushi	jmnedict:5742640	taiwan_and_culture
japanese	sentochihironokamikakushi	せんとちひろのかみかくし	jmnedict:5742640	taiwan_and_culture
japanese	sentochihironokamikakushi	千と千尋の神隠し	jmnedict:5742640	taiwan_and_culture
japanese	senzaiwakashuu	senzaiwakashuu	jmnedict:5747240	taiwan_and_culture
japanese	senzaiwakashuu	せんざいわかしゅう	jmnedict:5747240	taiwan_and_culture
japanese	senzaiwakashuu	千載和歌集	jmnedict:5747240	taiwan_and_culture
japanese	seotou	seotou	jmnedict:5742148	taiwan_and_culture
japanese	seotou	せおとう	jmnedict:5742148	taiwan_and_culture
japanese	seotou	青鞜	jmnedict:5742148	taiwan_and_culture
japanese	setsumonkaiji	setsumonkaiji	jmnedict:5458335	taiwan_and_culture
japanese	setsumonkaiji	せつもんかいじ	jmnedict:5458335	taiwan_and_culture
japanese	setsumonkaiji	説文解字	jmnedict:5458335	taiwan_and_culture
japanese	shaarokkuhoomuzunobouken	shaarokkuhoomuzunobouken	jmnedict:5741584	taiwan_and_culture
japanese	shaarokkuhoomuzunobouken	シャーロックホームズのぼうけん	jmnedict:5741584	taiwan_and_culture
japanese	shaarokkuhoomuzunobouken	シャーロックホームズの冒険	jmnedict:5741584	taiwan_and_culture
japanese	shaarokkuhoomuzunobouken	シャーロック・ホームズの冒険	jmnedict:5741584	taiwan_and_culture
japanese	shaarottonookurimono	shaarottonookurimono	jmnedict:5038564	taiwan_and_culture
japanese	shaarottonookurimono	シャーロットのおくりもの	jmnedict:5038564	taiwan_and_culture
japanese	shadouobuvuanpaia	shadouobuvuanpaia	jmnedict:5038760	taiwan_and_culture
japanese	shadouobuvuanpaia	シャドウオブヴァンパイア	jmnedict:5038760	taiwan_and_culture
japanese	shainaraburetaa	shainaraburetaa	jmnedict:5038577	taiwan_and_culture
japanese	shainaraburetaa	シャイなラブレター	jmnedict:5038577	taiwan_and_culture
japanese	shakunihongi	shakunihongi	jmnedict:5742652	taiwan_and_culture
japanese	shakunihongi	しゃくにほんぎ	jmnedict:5742652	taiwan_and_culture
japanese	shakunihongi	釈日本紀	jmnedict:5742652	taiwan_and_culture
japanese	shanikusai	shanikusai	jmnedict:5742304	taiwan_and_culture
japanese	shanikusai	しゃにくさい	jmnedict:5742304	taiwan_and_culture
japanese	shanikusai	謝肉祭	jmnedict:5742304	taiwan_and_culture
japanese	sharuriebudo	sharuriebudo	jmnedict:5740756	taiwan_and_culture
japanese	sharuriebudo	シャルリエブド	jmnedict:5740756	taiwan_and_culture
japanese	shayou	shayou	jmnedict:5343891	taiwan_and_culture
japanese	shayou	しゃよう	jmnedict:5343891	taiwan_and_culture
japanese	shayou	斜陽	jmnedict:5343891	taiwan_and_culture
japanese	shibiru	shibiru	jmnedict:5038252	taiwan_and_culture
japanese	shibiru	シビル	jmnedict:5038252	taiwan_and_culture
japanese	shichininnosamurai	shichininnosamurai	jmnedict:5339455	taiwan_and_culture
japanese	shichininnosamurai	しちにんのさむらい	jmnedict:5339455	taiwan_and_culture
japanese	shichininnosamurai	七人の侍	jmnedict:5339455	taiwan_and_culture
japanese	shichirianobanshou	shichirianobanshou	jmnedict:5743160	taiwan_and_culture
japanese	shichirianobanshou	シチリアのばんしょう	jmnedict:5743160	taiwan_and_culture
japanese	shichirianobanshou	シチリアの晩鐘	jmnedict:5743160	taiwan_and_culture
japanese	shihonron	shihonron	jmnedict:5742679	taiwan_and_culture
japanese	shihonron	しほんろん	jmnedict:5742679	taiwan_and_culture
japanese	shihonron	資本論	jmnedict:5742679	taiwan_and_culture
japanese	shiizaatokureopatora	shiizaatokureopatora	jmnedict:5037175	taiwan_and_culture
japanese	shiizaatokureopatora	シーザーとクレオパトラ	jmnedict:5037175	taiwan_and_culture
japanese	shiizugattahavuitto	shiizugattahavuitto	jmnedict:5037183	taiwan_and_culture
japanese	shiizugattahavuitto	シーズガッタハヴイット	jmnedict:5037183	taiwan_and_culture
japanese	shikan	shikan	jmnedict:5331773	taiwan_and_culture
japanese	shikan	しかん	jmnedict:5331773	taiwan_and_culture
japanese	shikan	止観	jmnedict:5331773	taiwan_and_culture
japanese	shikiteisanba	shikiteisanba	jmnedict:5338536	taiwan_and_culture
japanese	shikiteisanba	しきていさんば	jmnedict:5338536	taiwan_and_culture
japanese	shikiteisanba	式亭三馬	jmnedict:5338536	taiwan_and_culture
japanese	shikouhagenjitsukasuru	shikouhagenjitsukasuru	jmnedict:5741582	taiwan_and_culture
japanese	shikouhagenjitsukasuru	しこうはげんじつかする	jmnedict:5741582	taiwan_and_culture
japanese	shikouhagenjitsukasuru	思考は現実化する	jmnedict:5741582	taiwan_and_culture
japanese	shikozensho	shikozensho	jmnedict:5743977	taiwan_and_culture
japanese	shikozensho	しこぜんしょ	jmnedict:5743977	taiwan_and_culture
japanese	shikozensho	四庫全書	jmnedict:5743977	taiwan_and_culture
japanese	shimojouatomu	shimojouatomu	jmnedict:5160845	taiwan_and_culture
japanese	shimojouatomu	しもじょうアトム	jmnedict:5160845	taiwan_and_culture
japanese	shimojouatomu	下條アトム	jmnedict:5160845	taiwan_and_culture
japanese	shinchiku	shinchiku	jmnedict:5742097	taiwan_and_culture
japanese	shinchiku	しんちく	jmnedict:5742097	taiwan_and_culture
japanese	shinchiku	新竹	jmnedict:5742097	taiwan_and_culture
japanese	shinchuu	shinchuu	jmnedict:5040585	taiwan_and_culture
japanese	shinchuu	シンチュー	jmnedict:5040585	taiwan_and_culture
japanese	shinderera	shinderera	jmnedict:5741053	taiwan_and_culture
japanese	shinderera	シンデレラ	jmnedict:5741053	taiwan_and_culture
japanese	shindoraanorisuto	shindoraanorisuto	jmnedict:5745158	taiwan_and_culture
japanese	shindoraanorisuto	シンドラーのリスト	jmnedict:5745158	taiwan_and_culture
japanese	shingaa	shingaa	jmnedict:5040531	taiwan_and_culture
japanese	shingaa	シンガー	jmnedict:5040531	taiwan_and_culture
japanese	shingekinokyojin	shingekinokyojin	jmnedict:5746039	taiwan_and_culture
japanese	shingekinokyojin	しんげきのきょじん	jmnedict:5746039	taiwan_and_culture
japanese	shingekinokyojin	進撃の巨人	jmnedict:5746039	taiwan_and_culture
japanese	shingenshi	shingenshi	jmnedict:5406637	taiwan_and_culture
japanese	shingenshi	しんげんし	jmnedict:5406637	taiwan_and_culture
japanese	shingenshi	新元史	jmnedict:5406637	taiwan_and_culture
japanese	shinhokushi	shinhokushi	jmnedict:5742093	taiwan_and_culture
japanese	shinhokushi	しんほくし	jmnedict:5742093	taiwan_and_culture
japanese	shinhokushi	新北市	jmnedict:5742093	taiwan_and_culture
japanese	shinjuan	shinjuan	jmnedict:5743062	taiwan_and_culture
japanese	shinjuan	シンジュアン	jmnedict:5743062	taiwan_and_culture
japanese	shinjuan	新荘	jmnedict:5743062	taiwan_and_culture
japanese	shinjuu	shinjuu	jmnedict:5742097	taiwan_and_culture
japanese	shinjuu	シンジュー	jmnedict:5742097	taiwan_and_culture
japanese	shinjuu	新竹	jmnedict:5742097	taiwan_and_culture
japanese	shinjuutennoamijima	shinjuutennoamijima	jmnedict:5405006	taiwan_and_culture
japanese	shinjuutennoamijima	しんじゅうてんのあみじま	jmnedict:5405006	taiwan_and_culture
japanese	shinjuutennoamijima	心中天網島	jmnedict:5405006	taiwan_and_culture
japanese	shinkyoku	shinkyoku	jmnedict:5416680	taiwan_and_culture
japanese	shinkyoku	しんきょく	jmnedict:5416680	taiwan_and_culture
japanese	shinkyoku	神曲	jmnedict:5416680	taiwan_and_culture
japanese	shinmeikai	shinmeikai	jmnedict:5409414	taiwan_and_culture
japanese	shinmeikai	しんめいかい	jmnedict:5409414	taiwan_and_culture
japanese	shinmeikai	新明解	jmnedict:5409414	taiwan_and_culture
japanese	shinmeikaikokugojiten	shinmeikaikokugojiten	jmnedict:5409415	taiwan_and_culture
japanese	shinmeikaikokugojiten	しんめいかいこくごじてん	jmnedict:5409415	taiwan_and_culture
japanese	shinmeikaikokugojiten	新明解国語辞典	jmnedict:5409415	taiwan_and_culture
japanese	shinoharaemi	shinoharaemi	jmnedict:5342581	taiwan_and_culture
japanese	shinoharaemi	しのはらえみ	jmnedict:5342581	taiwan_and_culture
japanese	shinoharaemi	篠原恵美	jmnedict:5342581	taiwan_and_culture
japanese	shinpeishi	shinpeishi	jmnedict:5742093	taiwan_and_culture
japanese	shinpeishi	シンペイし	jmnedict:5742093	taiwan_and_culture
japanese	shinpeishi	新北市	jmnedict:5742093	taiwan_and_culture
japanese	shinsangokubusou	shinsangokubusou	jmnedict:5746797	taiwan_and_culture
japanese	shinsangokubusou	しんさんごくぶそう	jmnedict:5746797	taiwan_and_culture
japanese	shinsangokubusou	真・三国無双	jmnedict:5746797	taiwan_and_culture
japanese	shinsangokubusou	真・三國無双	jmnedict:5746797	taiwan_and_culture
japanese	shinsangokubusou	真三国無双	jmnedict:5746797	taiwan_and_culture
japanese	shinsangokubusou	真三國無双	jmnedict:5746797	taiwan_and_culture
japanese	shinsannameko	shinsannameko	jmnedict:5419471	taiwan_and_culture
japanese	shinsannameko	しんさんなめこ	jmnedict:5419471	taiwan_and_culture
japanese	shinsannameko	辛酸なめ子	jmnedict:5419471	taiwan_and_culture
japanese	shinseikievuangerion	shinseikievuangerion	jmnedict:5407613	taiwan_and_culture
japanese	shinseikievuangerion	しんせいきエヴァンゲリオン	jmnedict:5407613	taiwan_and_culture
japanese	shinseikievuangerion	新世紀エヴァンゲリオン	jmnedict:5407613	taiwan_and_culture
japanese	shinsenjikyou	shinsenjikyou	jmnedict:5747390	taiwan_and_culture
japanese	shinsenjikyou	しんせんじきょう	jmnedict:5747390	taiwan_and_culture
japanese	shinsenjikyou	新撰字鏡	jmnedict:5747390	taiwan_and_culture
japanese	shinsenkokugojiten	shinsenkokugojiten	jmnedict:5407890	taiwan_and_culture
japanese	shinsenkokugojiten	しんせんこくごじてん	jmnedict:5407890	taiwan_and_culture
japanese	shinsenkokugojiten	新選国語辞典	jmnedict:5407890	taiwan_and_culture
japanese	shinsenshoujiroku	shinsenshoujiroku	jmnedict:5407860	taiwan_and_culture
japanese	shinsenshoujiroku	しんせんしょうじろく	jmnedict:5407860	taiwan_and_culture
japanese	shinsenshoujiroku	新撰姓氏録	jmnedict:5407860	taiwan_and_culture
japanese	shinshou	shinshou	jmnedict:5743062	taiwan_and_culture
japanese	shinshou	しんしょう	jmnedict:5743062	taiwan_and_culture
japanese	shinshou	新荘	jmnedict:5743062	taiwan_and_culture
japanese	shinsutaatorekku	shinsutaatorekku	jmnedict:5740793	taiwan_and_culture
japanese	shinsutaatorekku	しんスタートレック	jmnedict:5740793	taiwan_and_culture
japanese	shinsutaatorekku	新スタートレック	jmnedict:5740793	taiwan_and_culture
japanese	shintoujo	shintoujo	jmnedict:5741765	taiwan_and_culture
japanese	shintoujo	しんとうじょ	jmnedict:5741765	taiwan_and_culture
japanese	shintoujo	新唐書	jmnedict:5741765	taiwan_and_culture
japanese	shintoushuu	shintoushuu	jmnedict:5418028	taiwan_and_culture
japanese	shintoushuu	しんとうしゅう	jmnedict:5418028	taiwan_and_culture
japanese	shintoushuu	神道集	jmnedict:5418028	taiwan_and_culture
japanese	shiranamigonin'otoko	shiranamigonin'otoko	jmnedict:5594048	taiwan_and_culture
japanese	shiranamigonin'otoko	しらなみごにんおとこ	jmnedict:5594048	taiwan_and_culture
japanese	shiranamigonin'otoko	白浪五人男	jmnedict:5594048	taiwan_and_culture
japanese	shirumarirunomonogatari	shirumarirunomonogatari	jmnedict:5743059	taiwan_and_culture
japanese	shirumarirunomonogatari	シルマリルのものがたり	jmnedict:5743059	taiwan_and_culture
japanese	shirumarirunomonogatari	シルマリルの物語	jmnedict:5743059	taiwan_and_culture
japanese	shiruvyiitoburuuno	shiruvyiitoburuuno	jmnedict:5040458	taiwan_and_culture
japanese	shiruvyiitoburuuno	シルヴィーとブルーノ	jmnedict:5040458	taiwan_and_culture
japanese	shiserutamashii	shiserutamashii	jmnedict:5741220	taiwan_and_culture
japanese	shiserutamashii	しせるたましい	jmnedict:5741220	taiwan_and_culture
japanese	shiserutamashii	死せる魂	jmnedict:5741220	taiwan_and_culture
japanese	shisupuri	shisupuri	jmnedict:5740825	taiwan_and_culture
japanese	shisupuri	シスプリ	jmnedict:5740825	taiwan_and_culture
japanese	shiteimamabuiesukantoriipapa	shiteimamabuiesukantoriipapa	jmnedict:5038093	taiwan_and_culture
japanese	shiteimamabuiesukantoriipapa	シティママブイエスカントリーパパ	jmnedict:5038093	taiwan_and_culture
japanese	shiteimamabuiesukantoriipapa	シティママｖｓカントリーパパ	jmnedict:5038093	taiwan_and_culture
japanese	shitsurakuen	shitsurakuen	jmnedict:5740845	taiwan_and_culture
japanese	shitsurakuen	しつらくえん	jmnedict:5740845	taiwan_and_culture
japanese	shitsurakuen	失楽園	jmnedict:5740845	taiwan_and_culture
japanese	shizaichiryuu	shizaichiryuu	jmnedict:5326611	taiwan_and_culture
japanese	shizaichiryuu	しざいちりゅう	jmnedict:5326611	taiwan_and_culture
japanese	shizaichiryuu	四座一流	jmnedict:5326611	taiwan_and_culture
japanese	shokatsukoumei	shokatsukoumei	jmnedict:5747648	taiwan_and_culture
japanese	shokatsukoumei	しょかつこうめい	jmnedict:5747648	taiwan_and_culture
japanese	shokatsukoumei	諸葛孔明	jmnedict:5747648	taiwan_and_culture
japanese	shooshankunosorani	shooshankunosorani	jmnedict:5747197	taiwan_and_culture
japanese	shooshankunosorani	ショーシャンクのそらに	jmnedict:5747197	taiwan_and_culture
japanese	shooshankunosorani	ショーシャンクの空に	jmnedict:5747197	taiwan_and_culture
japanese	shougekitekiden'eibako	shougekitekiden'eibako	jmnedict:5389488	taiwan_and_culture
japanese	shougekitekiden'eibako	しょうげきてきでんえいばこ	jmnedict:5389488	taiwan_and_culture
japanese	shougekitekiden'eibako	笑撃的電影箱	jmnedict:5389488	taiwan_and_culture
japanese	shouka	shouka	jmnedict:5742094	taiwan_and_culture
japanese	shouka	しょうか	jmnedict:5742094	taiwan_and_culture
japanese	shouka	彰化	jmnedict:5742094	taiwan_and_culture
japanese	shoukanron	shoukanron	jmnedict:5367812	taiwan_and_culture
japanese	shoukanron	しょうかんろん	jmnedict:5367812	taiwan_and_culture
japanese	shoukanron	傷寒論	jmnedict:5367812	taiwan_and_culture
japanese	shoukoujo	shoukoujo	jmnedict:5371836	taiwan_and_culture
japanese	shoukoujo	しょうこうじょ	jmnedict:5371836	taiwan_and_culture
japanese	shoukoujo	小公女	jmnedict:5371836	taiwan_and_culture
japanese	shoukoushi	shoukoushi	jmnedict:5371835	taiwan_and_culture
japanese	shoukoushi	しょうこうし	jmnedict:5371835	taiwan_and_culture
japanese	shoukoushi	小公子	jmnedict:5371835	taiwan_and_culture
japanese	shoumonki	shoumonki	jmnedict:5742527	taiwan_and_culture
japanese	shoumonki	しょうもんき	jmnedict:5742527	taiwan_and_culture
japanese	shoumonki	将門記	jmnedict:5742527	taiwan_and_culture
japanese	shounenjanpu	shounenjanpu	jmnedict:5379582	taiwan_and_culture
japanese	shounenjanpu	しょうねんジャンプ	jmnedict:5379582	taiwan_and_culture
japanese	shounenjanpu	少年ジャンプ	jmnedict:5379582	taiwan_and_culture
japanese	shouten	shouten	jmnedict:5741352	taiwan_and_culture
japanese	shouten	しょうてん	jmnedict:5741352	taiwan_and_culture
japanese	shouten	笑点	jmnedict:5741352	taiwan_and_culture
japanese	shouyouroku	shouyouroku	jmnedict:5358615	taiwan_and_culture
japanese	shouyouroku	しょうようろく	jmnedict:5358615	taiwan_and_culture
japanese	shouyouroku	従容録	jmnedict:5358615	taiwan_and_culture
japanese	showosuteyomachihedeyou	showosuteyomachihedeyou	jmnedict:5742103	taiwan_and_culture
japanese	showosuteyomachihedeyou	しょをすてよまちへでよう	jmnedict:5742103	taiwan_and_culture
japanese	showosuteyomachihedeyou	書を捨てよ町へ出よう	jmnedict:5742103	taiwan_and_culture
japanese	shugaashakku	shugaashakku	jmnedict:5747341	taiwan_and_culture
japanese	shugaashakku	シュガーシャック	jmnedict:5747341	taiwan_and_culture
japanese	shukuyoukyou	shukuyoukyou	jmnedict:5360139	taiwan_and_culture
japanese	shukuyoukyou	しゅくようきょう	jmnedict:5360139	taiwan_and_culture
japanese	shukuyoukyou	宿曜経	jmnedict:5360139	taiwan_and_culture
japanese	shukuzu	shukuzu	jmnedict:5746451	taiwan_and_culture
japanese	shukuzu	しゅくず	jmnedict:5746451	taiwan_and_culture
japanese	shukuzu	縮図	jmnedict:5746451	taiwan_and_culture
japanese	shunjuukuyouden	shunjuukuyouden	jmnedict:5746775	taiwan_and_culture
japanese	shunjuukuyouden	しゅんじゅうくようでん	jmnedict:5746775	taiwan_and_culture
japanese	shunjuukuyouden	春秋公羊伝	jmnedict:5746775	taiwan_and_culture
japanese	shunjuusashiden	shunjuusashiden	jmnedict:5742389	taiwan_and_culture
japanese	shunjuusashiden	しゅんじゅうさしでん	jmnedict:5742389	taiwan_and_culture
japanese	shunjuusashiden	春秋左氏伝	jmnedict:5742389	taiwan_and_culture
japanese	shunpuubateinokyoku	shunpuubateinokyoku	jmnedict:5363172	taiwan_and_culture
japanese	shunpuubateinokyoku	しゅんぷうばていのきょく	jmnedict:5363172	taiwan_and_culture
japanese	shunpuubateinokyoku	春風馬堤曲	jmnedict:5363172	taiwan_and_culture
japanese	shurekku	shurekku	jmnedict:5039941	taiwan_and_culture
japanese	shurekku	シュレック	jmnedict:5039941	taiwan_and_culture
japanese	shushougi	shushougi	jmnedict:5741370	taiwan_and_culture
japanese	shushougi	しゅしょうぎ	jmnedict:5741370	taiwan_and_culture
japanese	shushougi	修証義	jmnedict:5741370	taiwan_and_culture
japanese	shuuhisankei	shuuhisankei	jmnedict:5745038	taiwan_and_culture
japanese	shuuhisankei	しゅうひさんけい	jmnedict:5745038	taiwan_and_culture
japanese	shuuhisankei	周髀算経	jmnedict:5745038	taiwan_and_culture
japanese	shuujunhatsu	shuujunhatsu	jmnedict:5351651	taiwan_and_culture
japanese	shuujunhatsu	しゅうじゅんはつ	jmnedict:5351651	taiwan_and_culture
japanese	shuujunhatsu	周潤發	jmnedict:5351651	taiwan_and_culture
japanese	shuukanbunshun	shuukanbunshun	jmnedict:5356288	taiwan_and_culture
japanese	shuukanbunshun	しゅうかんぶんしゅん	jmnedict:5356288	taiwan_and_culture
japanese	shuukanbunshun	週刊文春	jmnedict:5356288	taiwan_and_culture
japanese	shuukanpureibooi	shuukanpureibooi	jmnedict:5741406	taiwan_and_culture
japanese	shuukanpureibooi	しゅうかんプレイボーイ	jmnedict:5741406	taiwan_and_culture
japanese	shuukanpureibooi	週刊プレイボーイ	jmnedict:5741406	taiwan_and_culture
japanese	shuupure	shuupure	jmnedict:5741407	taiwan_and_culture
japanese	shuupure	しゅうプレ	jmnedict:5741407	taiwan_and_culture
japanese	shuupure	週プレ	jmnedict:5741407	taiwan_and_culture
japanese	shuutaa	shuutaa	jmnedict:5039129	taiwan_and_culture
japanese	shuutaa	シューター	jmnedict:5039129	taiwan_and_culture
japanese	sogamonogatari	sogamonogatari	jmnedict:5744353	taiwan_and_culture
japanese	sogamonogatari	そがものがたり	jmnedict:5744353	taiwan_and_culture
japanese	sogamonogatari	曽我物語	jmnedict:5744353	taiwan_and_culture
japanese	sokkyoushijin	sokkyoushijin	jmnedict:5746685	taiwan_and_culture
japanese	sokkyoushijin	そっきょうしじん	jmnedict:5746685	taiwan_and_culture
japanese	sokkyoushijin	即興詩人	jmnedict:5746685	taiwan_and_culture
japanese	sokuratesunobenmei	sokuratesunobenmei	jmnedict:5046964	taiwan_and_culture
japanese	sokuratesunobenmei	ソクラテスのべんめい	jmnedict:5046964	taiwan_and_culture
japanese	sokuratesunobenmei	ソクラテスの弁明	jmnedict:5046964	taiwan_and_culture
japanese	sonezakishinjuu	sonezakishinjuu	jmnedict:5746332	taiwan_and_culture
japanese	sonezakishinjuu	そねざきしんじゅう	jmnedict:5746332	taiwan_and_culture
japanese	sonezakishinjuu	曾根崎心中	jmnedict:5746332	taiwan_and_culture
japanese	soniitosheerunoguddotaimusu	soniitosheerunoguddotaimusu	jmnedict:5047048	taiwan_and_culture
japanese	soniitosheerunoguddotaimusu	ソニーとシェールのグッドタイムス	jmnedict:5047048	taiwan_and_culture
japanese	sonshinoheihou	sonshinoheihou	jmnedict:5743419	taiwan_and_culture
japanese	sonshinoheihou	そんしのへいほう	jmnedict:5743419	taiwan_and_culture
japanese	sonshinoheihou	孫子の兵法	jmnedict:5743419	taiwan_and_culture
japanese	sonzainotaerarenaikarusa	sonzainotaerarenaikarusa	jmnedict:5742120	taiwan_and_culture
japanese	sonzainotaerarenaikarusa	そんざいのたえられないかるさ	jmnedict:5742120	taiwan_and_culture
japanese	sonzainotaerarenaikarusa	存在の耐えられない軽さ	jmnedict:5742120	taiwan_and_culture
japanese	soou	soou	jmnedict:5472740	taiwan_and_culture
japanese	soou	そおう	jmnedict:5472740	taiwan_and_culture
japanese	soou	蘇澳	jmnedict:5472740	taiwan_and_culture
japanese	soshitechichininaru	soshitechichininaru	jmnedict:5741712	taiwan_and_culture
japanese	soshitechichininaru	そしてちちになる	jmnedict:5741712	taiwan_and_culture
japanese	soshitechichininaru	そして父になる	jmnedict:5741712	taiwan_and_culture
japanese	soshitedaremoinakunatta	soshitedaremoinakunatta	jmnedict:5741578	taiwan_and_culture
japanese	soshitedaremoinakunatta	そしてだれもいなくなった	jmnedict:5741578	taiwan_and_culture
japanese	soshitedaremoinakunatta	そして誰もいなくなった	jmnedict:5741578	taiwan_and_culture
japanese	souji	souji	jmnedict:5478936	taiwan_and_culture
japanese	souji	そうじ	jmnedict:5478936	taiwan_and_culture
japanese	souji	荘子	jmnedict:5478936	taiwan_and_culture
japanese	soumataizou	soumataizou	jmnedict:5741488	taiwan_and_culture
japanese	soumataizou	そうまたいぞう	jmnedict:5741488	taiwan_and_culture
japanese	soumataizou	相馬泰三	jmnedict:5741488	taiwan_and_culture
japanese	sououbu	sououbu	jmnedict:5743388	taiwan_and_culture
japanese	sououbu	そうおうぶ	jmnedict:5743388	taiwan_and_culture
japanese	sououbu	相応部	jmnedict:5743388	taiwan_and_culture
japanese	souseki	souseki	jmnedict:5728481	taiwan_and_culture
japanese	souseki	そうせき	jmnedict:5728481	taiwan_and_culture
japanese	souseki	漱石	jmnedict:5728481	taiwan_and_culture
japanese	soushi	soushi	jmnedict:5742070	taiwan_and_culture
japanese	soushi	そうし	jmnedict:5742070	taiwan_and_culture
japanese	soushi	宋史	jmnedict:5742070	taiwan_and_culture
japanese	subarashiioo	subarashiioo	jmnedict:5003447	taiwan_and_culture
japanese	subarashiioo	すばらしいオー	jmnedict:5003447	taiwan_and_culture
japanese	subarashiioo	すばらしいＯ	jmnedict:5003447	taiwan_and_culture
japanese	subarashikinichiyoubi	subarashikinichiyoubi	jmnedict:5472342	taiwan_and_culture
japanese	subarashikinichiyoubi	すばらしきにちようび	jmnedict:5472342	taiwan_and_culture
japanese	subarashikinichiyoubi	素晴らしき日曜日	jmnedict:5472342	taiwan_and_culture
japanese	subetewoanatani	subetewoanatani	jmnedict:5003451	taiwan_and_culture
japanese	subetewoanatani	すべてをあなたに	jmnedict:5003451	taiwan_and_culture
japanese	suikoden	suikoden	jmnedict:5425517	taiwan_and_culture
japanese	suikoden	すいこでん	jmnedict:5425517	taiwan_and_culture
japanese	suikoden	水滸伝	jmnedict:5425517	taiwan_and_culture
japanese	sukuyougyou	sukuyougyou	jmnedict:5360139	taiwan_and_culture
japanese	sukuyougyou	すくようぎょう	jmnedict:5360139	taiwan_and_culture
japanese	sukuyougyou	宿曜経	jmnedict:5360139	taiwan_and_culture
japanese	sukuyoukyou	sukuyoukyou	jmnedict:5360139	taiwan_and_culture
japanese	sukuyoukyou	すくようきょう	jmnedict:5360139	taiwan_and_culture
japanese	sukuyoukyou	宿曜経	jmnedict:5360139	taiwan_and_culture
japanese	sukyanaazusurii	sukyanaazusurii	jmnedict:5043151	taiwan_and_culture
japanese	sukyanaazusurii	スキャナーズスリー	jmnedict:5043151	taiwan_and_culture
japanese	sukyanaazusurii	スキャナーズ３	jmnedict:5043151	taiwan_and_culture
japanese	sukyanaazutsuu	sukyanaazutsuu	jmnedict:5043150	taiwan_and_culture
japanese	sukyanaazutsuu	スキャナーズツー	jmnedict:5043150	taiwan_and_culture
japanese	sukyanaazutsuu	スキャナーズ２	jmnedict:5043150	taiwan_and_culture
japanese	sumirehaburuu	sumirehaburuu	jmnedict:5045013	taiwan_and_culture
japanese	sumirehaburuu	スミレはブルー	jmnedict:5045013	taiwan_and_culture
japanese	sumisuniomakase	sumisuniomakase	jmnedict:5044981	taiwan_and_culture
japanese	sumisuniomakase	スミスにおまかせ	jmnedict:5044981	taiwan_and_culture
japanese	sunanoyousei	sunanoyousei	jmnedict:5742104	taiwan_and_culture
japanese	sunanoyousei	すなのようせい	jmnedict:5742104	taiwan_and_culture
japanese	sunanoyousei	砂の妖精	jmnedict:5742104	taiwan_and_culture
japanese	suou	suou	jmnedict:5472739	taiwan_and_culture
japanese	suou	suou	jmnedict:5736113	taiwan_and_culture
japanese	suou	すおう	jmnedict:5472739	taiwan_and_culture
japanese	suou	すおう	jmnedict:5736113	taiwan_and_culture
japanese	suou	蘇澳	jmnedict:5472739	taiwan_and_culture
japanese	suou	蘓澳	jmnedict:5736113	taiwan_and_culture
japanese	supaidaaman	supaidaaman	jmnedict:5044583	taiwan_and_culture
japanese	supaidaaman	スパイダーマン	jmnedict:5044583	taiwan_and_culture
japanese	supaishiirabusuupu	supaishiirabusuupu	jmnedict:5044580	taiwan_and_culture
japanese	supaishiirabusuupu	スパイシーラブスープ	jmnedict:5044580	taiwan_and_culture
japanese	supokkuhakasenoikujisho	supokkuhakasenoikujisho	jmnedict:5741589	taiwan_and_culture
japanese	supokkuhakasenoikujisho	スポックはかせのいくじしょ	jmnedict:5741589	taiwan_and_culture
japanese	supokkuhakasenoikujisho	スポック博士の育児書	jmnedict:5741589	taiwan_and_culture
japanese	suramudanku	suramudanku	jmnedict:5740914	taiwan_and_culture
japanese	suramudanku	スラムダンク	jmnedict:5740914	taiwan_and_culture
japanese	suriimen'andobebii	suriimen'andobebii	jmnedict:5045178	taiwan_and_culture
japanese	suriimen'andobebii	スリーメンアンドベビー	jmnedict:5045178	taiwan_and_culture
japanese	suriimen'andobebii	スリーメン＆ベビー	jmnedict:5045178	taiwan_and_culture
japanese	suriimen'andoritoruredei	suriimen'andoritoruredei	jmnedict:5045179	taiwan_and_culture
japanese	suriimen'andoritoruredei	スリーメンアンドリトルレディ	jmnedict:5045179	taiwan_and_culture
japanese	suriimen'andoritoruredei	スリーメン＆リトルレディ	jmnedict:5045179	taiwan_and_culture
japanese	suriipiihorou	suriipiihorou	jmnedict:5747583	taiwan_and_culture
japanese	suriipiihorou	スリーピーホロウ	jmnedict:5747583	taiwan_and_culture
japanese	surootaahausufuaibu	surootaahausufuaibu	jmnedict:5045323	taiwan_and_culture
japanese	surootaahausufuaibu	スローターハウスファイブ	jmnedict:5045323	taiwan_and_culture
japanese	surootaahausufuaibu	スローターハウス５	jmnedict:5045323	taiwan_and_culture
japanese	sutaaeiteii	sutaaeiteii	jmnedict:5043452	taiwan_and_culture
japanese	sutaaeiteii	スターエイティー	jmnedict:5043452	taiwan_and_culture
japanese	sutaaeiteii	スター８０	jmnedict:5043452	taiwan_and_culture
japanese	sutaafuraitowan	sutaafuraitowan	jmnedict:5043490	taiwan_and_culture
japanese	sutaafuraitowan	スターフライトワン	jmnedict:5043490	taiwan_and_culture
japanese	sutaafuraitowan	スターフライト１	jmnedict:5043490	taiwan_and_culture
japanese	sutaakurafuto	sutaakurafuto	jmnedict:5043460	taiwan_and_culture
japanese	sutaakurafuto	スタークラフト	jmnedict:5043460	taiwan_and_culture
japanese	sutaashipputouruupaazu	sutaashipputouruupaazu	jmnedict:5741571	taiwan_and_culture
japanese	sutaashipputouruupaazu	スターシップトゥルーパーズ	jmnedict:5741571	taiwan_and_culture
japanese	sutaatorekku	sutaatorekku	jmnedict:5740794	taiwan_and_culture
japanese	sutaatorekku	スタートレック	jmnedict:5740794	taiwan_and_culture
japanese	sutaauoozu	sutaauoozu	jmnedict:5043453	taiwan_and_culture
japanese	sutaauoozu	スターウォーズ	jmnedict:5043453	taiwan_and_culture
japanese	sutaauoozu	スターウオーズ	jmnedict:5043453	taiwan_and_culture
japanese	sutekinakataomoi	sutekinakataomoi	jmnedict:5741631	taiwan_and_culture
japanese	sutekinakataomoi	すてきなかたおもい	jmnedict:5741631	taiwan_and_culture
japanese	sutekinakataomoi	すてきな片想い	jmnedict:5741631	taiwan_and_culture
japanese	suteppingureezaa	suteppingureezaa	jmnedict:5043993	taiwan_and_culture
japanese	suteppingureezaa	ステッピングレーザー	jmnedict:5043993	taiwan_and_culture
japanese	sutoraisando	sutoraisando	jmnedict:5044229	taiwan_and_culture
japanese	sutoraisando	ストライサンド	jmnedict:5044229	taiwan_and_culture
japanese	sutoriitofuaitaa	sutoriitofuaitaa	jmnedict:5044310	taiwan_and_culture
japanese	sutoriitofuaitaa	ストリートファイター	jmnedict:5044310	taiwan_and_culture
japanese	sutoriitogaaruyuuesuee	sutoriitogaaruyuuesuee	jmnedict:5044309	taiwan_and_culture
japanese	sutoriitogaaruyuuesuee	ストリートガールユーエスエー	jmnedict:5044309	taiwan_and_culture
japanese	sutoriitogaaruyuuesuee	ストリートガールＵＳＡ	jmnedict:5044309	taiwan_and_culture
japanese	suupaafuoosutsuu	suupaafuoosutsuu	jmnedict:5042811	taiwan_and_culture
japanese	suupaafuoosutsuu	スーパーフォースツー	jmnedict:5042811	taiwan_and_culture
japanese	suupaafuoosutsuu	スーパーフォース２	jmnedict:5042811	taiwan_and_culture
japanese	suupaaman	suupaaman	jmnedict:5743317	taiwan_and_culture
japanese	suupaaman	スーパーマン	jmnedict:5743317	taiwan_and_culture
japanese	suwarouteiru	suwarouteiru	jmnedict:5747590	taiwan_and_culture
japanese	suwarouteiru	スワロウテイル	jmnedict:5747590	taiwan_and_culture
japanese	suzukimiekichi	suzukimiekichi	jmnedict:5711461	taiwan_and_culture
japanese	suzukimiekichi	すずきみえきち	jmnedict:5711461	taiwan_and_culture
japanese	suzukimiekichi	鈴木三重吉	jmnedict:5711461	taiwan_and_culture
japanese	taaheruanatomia	taaheruanatomia	jmnedict:5747718	taiwan_and_culture
japanese	taaheruanatomia	ターヘルアナトミア	jmnedict:5747718	taiwan_and_culture
japanese	taakau	taakau	jmnedict:5742315	taiwan_and_culture
japanese	taakau	ターカウ	jmnedict:5742315	taiwan_and_culture
japanese	taakau	打狗	jmnedict:5742315	taiwan_and_culture
japanese	taazan	taazan	jmnedict:5047511	taiwan_and_culture
japanese	taazan	ターザン	jmnedict:5047511	taiwan_and_culture
japanese	tagatamenikanehanaru	tagatamenikanehanaru	jmnedict:5746343	taiwan_and_culture
japanese	tagatamenikanehanaru	たがためにかねはなる	jmnedict:5746343	taiwan_and_culture
japanese	tagatamenikanehanaru	誰がために鐘は鳴る	jmnedict:5746343	taiwan_and_culture
japanese	tagatamenikanehanaru	誰が為に鐘は鳴る	jmnedict:5746343	taiwan_and_culture
japanese	taharaaruno	taharaaruno	jmnedict:5542625	taiwan_and_culture
japanese	taharaaruno	たはらアルノ	jmnedict:5542625	taiwan_and_culture
japanese	taharaaruno	田原アルノ	jmnedict:5542625	taiwan_and_culture
japanese	taibao	taibao	jmnedict:5742095	taiwan_and_culture
japanese	taibao	タイバオ	jmnedict:5742095	taiwan_and_culture
japanese	taibao	太保	jmnedict:5742095	taiwan_and_culture
japanese	taichuu	taichuu	jmnedict:5742250	taiwan_and_culture
japanese	taichuu	たいちゅう	jmnedict:5742250	taiwan_and_culture
japanese	taichuu	台中	jmnedict:5742250	taiwan_and_culture
japanese	taiheiki	taiheiki	jmnedict:5485443	taiwan_and_culture
japanese	taiheiki	たいへいき	jmnedict:5485443	taiwan_and_culture
japanese	taiheiki	太平記	jmnedict:5485443	taiwan_and_culture
japanese	taiheitou	taiheitou	jmnedict:5743049	taiwan_and_culture
japanese	taiheitou	たいへいとう	jmnedict:5743049	taiwan_and_culture
japanese	taiheitou	太平島	jmnedict:5743049	taiwan_and_culture
japanese	taiho	taiho	jmnedict:5742095	taiwan_and_culture
japanese	taiho	たいほ	jmnedict:5742095	taiwan_and_culture
japanese	taiho	太保	jmnedict:5742095	taiwan_and_culture
japanese	taihoku	taihoku	jmnedict:5487841	taiwan_and_culture
japanese	taihoku	たいほく	jmnedict:5487841	taiwan_and_culture
japanese	taihoku	台北	jmnedict:5487841	taiwan_and_culture
japanese	taijon	taijon	jmnedict:5742250	taiwan_and_culture
japanese	taijon	タイジョン	jmnedict:5742250	taiwan_and_culture
japanese	taijon	台中	jmnedict:5742250	taiwan_and_culture
japanese	taimumagajin	taimumagajin	jmnedict:5741775	taiwan_and_culture
japanese	taimumagajin	タイムマガジン	jmnedict:5741775	taiwan_and_culture
japanese	taimumashiinnionegai	taimumashiinnionegai	jmnedict:5047675	taiwan_and_culture
japanese	taimumashiinnionegai	タイムマシーンにおねがい	jmnedict:5047675	taiwan_and_culture
japanese	taimumashiinnionegai	タイムマシーンにお願い	jmnedict:5047675	taiwan_and_culture
japanese	tainan	tainan	jmnedict:5047649	taiwan_and_culture
japanese	tainan	tainan	jmnedict:5486182	taiwan_and_culture
japanese	tainan	tainan	jmnedict:5486967	taiwan_and_culture
japanese	tainan	tainan	jmnedict:5487029	taiwan_and_culture
japanese	tainan	tainan	jmnedict:5742098	taiwan_and_culture
japanese	tainan	たいなん	jmnedict:5486182	taiwan_and_culture
japanese	tainan	たいなん	jmnedict:5486967	taiwan_and_culture
japanese	tainan	たいなん	jmnedict:5487029	taiwan_and_culture
japanese	tainan	たいなん	jmnedict:5742098	taiwan_and_culture
japanese	tainan	タイナン	jmnedict:5047649	taiwan_and_culture
japanese	tainan	台南	jmnedict:5742098	taiwan_and_culture
japanese	tainan	対楠	jmnedict:5486182	taiwan_and_culture
japanese	tainan	泰南	jmnedict:5487029	taiwan_and_culture
japanese	tainan	泰男	jmnedict:5486967	taiwan_and_culture
japanese	tainan	臺南	jmnedict:5742098	taiwan_and_culture
japanese	taipei	taipei	jmnedict:5487841	taiwan_and_culture
japanese	taipei	タイペイ	jmnedict:5487841	taiwan_and_culture
japanese	taipei	台北	jmnedict:5487841	taiwan_and_culture
japanese	taipeichuunichikeizaibunkadaihyousho	taipeichuunichikeizaibunkadaihyousho	jmnedict:5487844	taiwan_and_culture
japanese	taipeichuunichikeizaibunkadaihyousho	たいぺいちゅうにちけいざいぶんかだいひょうしょ	jmnedict:5487844	taiwan_and_culture
japanese	taipeichuunichikeizaibunkadaihyousho	台北駐日経済文化代表処	jmnedict:5487844	taiwan_and_culture
japanese	taipeishiritsutoshokan	taipeishiritsutoshokan	jmnedict:5487843	taiwan_and_culture
japanese	taipeishiritsutoshokan	たいぺいしりつとしょかん	jmnedict:5487843	taiwan_and_culture
japanese	taipeishiritsutoshokan	台北市立図書館	jmnedict:5487843	taiwan_and_culture
japanese	taisei	taisei	jmnedict:5747021	taiwan_and_culture
japanese	taisei	たいせい	jmnedict:5747021	taiwan_and_culture
japanese	taisei	台西	jmnedict:5747021	taiwan_and_culture
japanese	taishii	taishii	jmnedict:5747021	taiwan_and_culture
japanese	taishii	タイシー	jmnedict:5747021	taiwan_and_culture
japanese	taishii	台西	jmnedict:5747021	taiwan_and_culture
japanese	taitanikku	taitanikku	jmnedict:5047629	taiwan_and_culture
japanese	taitanikku	タイタニック	jmnedict:5047629	taiwan_and_culture
japanese	taitannogeemupureeyaa	taitannogeemupureeyaa	jmnedict:5047632	taiwan_and_culture
japanese	taitannogeemupureeyaa	タイタンのゲームプレーヤー	jmnedict:5047632	taiwan_and_culture
japanese	taitetsu	taitetsu	jmnedict:5743452	taiwan_and_culture
japanese	taitetsu	たいてつ	jmnedict:5743452	taiwan_and_culture
japanese	taitetsu	台鉄	jmnedict:5743452	taiwan_and_culture
japanese	taitetsu	台鐵	jmnedict:5743452	taiwan_and_culture
japanese	taitou	taitou	jmnedict:5487815	taiwan_and_culture
japanese	taitou	たいとう	jmnedict:5487815	taiwan_and_culture
japanese	taitou	台東	jmnedict:5487815	taiwan_and_culture
japanese	taitsuon	taitsuon	jmnedict:5742250	taiwan_and_culture
japanese	taitsuon	タイツォン	jmnedict:5742250	taiwan_and_culture
japanese	taitsuon	台中	jmnedict:5742250	taiwan_and_culture
japanese	taiwan	taiwan	jmnedict:5047699	taiwan_and_culture
japanese	taiwan	taiwan	jmnedict:5487862	taiwan_and_culture
japanese	taiwan	たいわん	jmnedict:5487862	taiwan_and_culture
japanese	taiwan	タイワン	jmnedict:5047699	taiwan_and_culture
japanese	taiwan	台湾	jmnedict:5487862	taiwan_and_culture
japanese	taiwangenshiryokukousha	taiwangenshiryokukousha	jmnedict:5487865	taiwan_and_culture
japanese	taiwangenshiryokukousha	たいわんげんしりょくこうしゃ	jmnedict:5487865	taiwan_and_culture
japanese	taiwangenshiryokukousha	台湾原子力公社	jmnedict:5487865	taiwan_and_culture
japanese	taiwankankoukyoukai	taiwankankoukyoukai	jmnedict:5487863	taiwan_and_culture
japanese	taiwankankoukyoukai	たいわんかんこうきょうかい	jmnedict:5487863	taiwan_and_culture
japanese	taiwankankoukyoukai	台湾観光協会	jmnedict:5487863	taiwan_and_culture
japanese	taiwankeizaikenkyuujo	taiwankeizaikenkyuujo	jmnedict:5487864	taiwan_and_culture
japanese	taiwankeizaikenkyuujo	たいわんけいざいけんきゅうじょ	jmnedict:5487864	taiwan_and_culture
japanese	taiwankeizaikenkyuujo	台湾経済研究所	jmnedict:5487864	taiwan_and_culture
japanese	taiwankokumintou	taiwankokumintou	jmnedict:5746897	taiwan_and_culture
japanese	taiwankokumintou	たいわんこくみんとう	jmnedict:5746897	taiwan_and_culture
japanese	taiwankokumintou	台湾国民党	jmnedict:5746897	taiwan_and_culture
japanese	taiwansekitaidenroseizou	taiwansekitaidenroseizou	jmnedict:5743216	taiwan_and_culture
japanese	taiwansekitaidenroseizou	たいわんせきたいでんろせいぞう	jmnedict:5743216	taiwan_and_culture
japanese	taiwansekitaidenroseizou	台湾積体電路製造	jmnedict:5743216	taiwan_and_culture
japanese	taiwansen'irenmei	taiwansen'irenmei	jmnedict:5487866	taiwan_and_culture
japanese	taiwansen'irenmei	たいわんせんいれんめい	jmnedict:5487866	taiwan_and_culture
japanese	taiwansen'irenmei	台湾繊維連盟	jmnedict:5487866	taiwan_and_culture
japanese	taiwanshou	taiwanshou	jmnedict:5743765	taiwan_and_culture
japanese	taiwanshou	たいわんしょう	jmnedict:5743765	taiwan_and_culture
japanese	taiwanshou	台湾省	jmnedict:5743765	taiwan_and_culture
japanese	taiwanshoukentorihikijo	taiwanshoukentorihikijo	jmnedict:5745063	taiwan_and_culture
japanese	taiwanshoukentorihikijo	たいわんしょうけんとりひきじょ	jmnedict:5745063	taiwan_and_culture
japanese	taiwanshoukentorihikijo	台湾証券取引所	jmnedict:5745063	taiwan_and_culture
japanese	taiwanshuwa	taiwanshuwa	jmnedict:5745247	taiwan_and_culture
japanese	taiwanshuwa	たいわんしゅわ	jmnedict:5745247	taiwan_and_culture
japanese	taiwanshuwa	台湾手話	jmnedict:5745247	taiwan_and_culture
japanese	takanakahiroyuki	takanakahiroyuki	jmnedict:5746715	taiwan_and_culture
japanese	takanakahiroyuki	たかなかひろゆき	jmnedict:5746715	taiwan_and_culture
japanese	takanakahiroyuki	高中宏之	jmnedict:5746715	taiwan_and_culture
japanese	takanakahiroyuki	高仲祐之	jmnedict:5746715	taiwan_and_culture
japanese	takao	takao	jmnedict:5292019	taiwan_and_culture
japanese	takao	たかお	jmnedict:5292019	taiwan_and_culture
japanese	takao	高雄	jmnedict:5292019	taiwan_and_culture
japanese	takaokashinnoukoukaiki	takaokashinnoukoukaiki	jmnedict:5747782	taiwan_and_culture
japanese	takaokashinnoukoukaiki	たかおかしんのうこうかいき	jmnedict:5747782	taiwan_and_culture
japanese	takaokashinnoukoukaiki	高丘親王航海記	jmnedict:5747782	taiwan_and_culture
japanese	takekurabe	takekurabe	jmnedict:5741605	taiwan_and_culture
japanese	takekurabe	たけくらべ	jmnedict:5741605	taiwan_and_culture
japanese	takeshijou	takeshijou	jmnedict:5003744	taiwan_and_culture
japanese	takeshijou	たけしじょう	jmnedict:5003744	taiwan_and_culture
japanese	takeshijou	たけし城	jmnedict:5003744	taiwan_and_culture
japanese	taketorimonogatari	taketorimonogatari	jmnedict:5741464	taiwan_and_culture
japanese	taketorimonogatari	たけとりものがたり	jmnedict:5741464	taiwan_and_culture
japanese	taketorimonogatari	竹取物語	jmnedict:5741464	taiwan_and_culture
japanese	tanakaatsuko	tanakaatsuko	jmnedict:5544060	taiwan_and_culture
japanese	tanakaatsuko	たなかあつこ	jmnedict:5544060	taiwan_and_culture
japanese	tanakaatsuko	田中敦子	jmnedict:5544060	taiwan_and_culture
japanese	tanezakiatsumi	tanezakiatsumi	jmnedict:5747095	taiwan_and_culture
japanese	tanezakiatsumi	たねざきあつみ	jmnedict:5747095	taiwan_and_culture
japanese	tanezakiatsumi	種崎敦美	jmnedict:5747095	taiwan_and_culture
japanese	tanezakiatsumi	種﨑敦美	jmnedict:5747095	taiwan_and_culture
japanese	taniguchijiroo	taniguchijiroo	jmnedict:5504262	taiwan_and_culture
japanese	taniguchijiroo	たにぐちジロー	jmnedict:5504262	taiwan_and_culture
japanese	taniguchijiroo	谷口ジロー	jmnedict:5504262	taiwan_and_culture
japanese	tansuiga	tansuiga	jmnedict:5747976	taiwan_and_culture
japanese	tansuiga	たんすいが	jmnedict:5747976	taiwan_and_culture
japanese	tansuiga	淡水河	jmnedict:5747976	taiwan_and_culture
japanese	taoyuen	taoyuen	jmnedict:5742092	taiwan_and_culture
japanese	taoyuen	タオユエン	jmnedict:5742092	taiwan_and_culture
japanese	taoyuen	桃園	jmnedict:5742092	taiwan_and_culture
japanese	taroko	taroko	jmnedict:5485634	taiwan_and_culture
japanese	taroko	タロコ	jmnedict:5485634	taiwan_and_culture
japanese	taroko	太魯閣	jmnedict:5485634	taiwan_and_culture
japanese	tarokokokkakouen	tarokokokkakouen	jmnedict:5485635	taiwan_and_culture
japanese	tarokokokkakouen	タロコこっかこうえん	jmnedict:5485635	taiwan_and_culture
japanese	tarokokokkakouen	太魯閣国家公園	jmnedict:5485635	taiwan_and_culture
japanese	tarokokyoukoku	tarokokyoukoku	jmnedict:5746804	taiwan_and_culture
japanese	tarokokyoukoku	タロコきょうこく	jmnedict:5746804	taiwan_and_culture
japanese	tarokokyoukoku	太魯閣峡谷	jmnedict:5746804	taiwan_and_culture
japanese	teebemonogatari	teebemonogatari	jmnedict:5740928	taiwan_and_culture
japanese	teebemonogatari	テーベものがたり	jmnedict:5740928	taiwan_and_culture
japanese	teebemonogatari	テーベ物語	jmnedict:5740928	taiwan_and_culture
japanese	teienjon	teienjon	jmnedict:5747840	taiwan_and_culture
japanese	teienjon	ティエンジョン	jmnedict:5747840	taiwan_and_culture
japanese	teienjon	田中	jmnedict:5747840	taiwan_and_culture
japanese	tekisasusuwatto	tekisasusuwatto	jmnedict:5052322	taiwan_and_culture
japanese	tekisasusuwatto	テキサススワット	jmnedict:5052322	taiwan_and_culture
japanese	tekisasusuwatto	テキサスＳＷＡＴ	jmnedict:5052322	taiwan_and_culture
japanese	tekken	tekken	jmnedict:5538907	taiwan_and_culture
japanese	tekken	てっけん	jmnedict:5538907	taiwan_and_culture
japanese	tekken	鉄拳	jmnedict:5538907	taiwan_and_culture
japanese	tenjousajikinohitobito	tenjousajikinohitobito	jmnedict:5746317	taiwan_and_culture
japanese	tenjousajikinohitobito	てんじょうさじきのひとびと	jmnedict:5746317	taiwan_and_culture
japanese	tenjousajikinohitobito	天井桟敷の人々	jmnedict:5746317	taiwan_and_culture
japanese	tenkuunoshirorapyuta	tenkuunoshirorapyuta	jmnedict:5741625	taiwan_and_culture
japanese	tenkuunoshirorapyuta	てんくうのしろラピュタ	jmnedict:5741625	taiwan_and_culture
japanese	tenkuunoshirorapyuta	天空の城ラピュタ	jmnedict:5741625	taiwan_and_culture
japanese	tenmon	tenmon	jmnedict:5743122	taiwan_and_culture
japanese	tenmon	てんもん	jmnedict:5743122	taiwan_and_culture
japanese	tenmon	天問	jmnedict:5743122	taiwan_and_culture
japanese	tennoujikitsune	tennoujikitsune	jmnedict:5539710	taiwan_and_culture
japanese	tennoujikitsune	てんのうじきつね	jmnedict:5539710	taiwan_and_culture
japanese	tennoujikitsune	天王寺きつね	jmnedict:5539710	taiwan_and_culture
japanese	tenpesuto	tenpesuto	jmnedict:5052823	taiwan_and_culture
japanese	tenpesuto	テンペスト	jmnedict:5052823	taiwan_and_culture
japanese	tensaibakabon	tensaibakabon	jmnedict:5743218	taiwan_and_culture
japanese	tensaibakabon	てんさいバカボン	jmnedict:5743218	taiwan_and_culture
japanese	tensaibakabon	天才バカボン	jmnedict:5743218	taiwan_and_culture
japanese	tentosen	tentosen	jmnedict:5541685	taiwan_and_culture
japanese	tentosen	てんとせん	jmnedict:5541685	taiwan_and_culture
japanese	tentosen	点と線	jmnedict:5541685	taiwan_and_culture
japanese	teraha	teraha	jmnedict:5742470	taiwan_and_culture
japanese	teraha	テラハ	jmnedict:5742470	taiwan_and_culture
japanese	terasuhausu	terasuhausu	jmnedict:5742471	taiwan_and_culture
japanese	terasuhausu	テラスハウス	jmnedict:5742471	taiwan_and_culture
japanese	terumaandoruiizu	terumaandoruiizu	jmnedict:5052698	taiwan_and_culture
japanese	terumaandoruiizu	テルマアンドルイーズ	jmnedict:5052698	taiwan_and_culture
japanese	terumaandoruiizu	テルマ＆ルイーズ	jmnedict:5052698	taiwan_and_culture
japanese	tetorisu	tetorisu	jmnedict:5746771	taiwan_and_culture
japanese	tetorisu	テトリス	jmnedict:5746771	taiwan_and_culture
japanese	toisutoorii	toisutoorii	jmnedict:5743463	taiwan_and_culture
japanese	toisutoorii	トイストーリー	jmnedict:5743463	taiwan_and_culture
japanese	toisutooriitsuu	toisutooriitsuu	jmnedict:5054577	taiwan_and_culture
japanese	toisutooriitsuu	トイストーリーツー	jmnedict:5054577	taiwan_and_culture
japanese	toisutooriitsuu	トイストーリー２	jmnedict:5054577	taiwan_and_culture
japanese	toisutooriitsuu	トイ・ストーリー２	jmnedict:5054577	taiwan_and_culture
japanese	tokeijikakenoorenji	tokeijikakenoorenji	jmnedict:5742545	taiwan_and_culture
japanese	tokeijikakenoorenji	とけいじかけのオレンジ	jmnedict:5742545	taiwan_and_culture
japanese	tokeijikakenoorenji	時計じかけのオレンジ	jmnedict:5742545	taiwan_and_culture
japanese	tokiedabunpou	tokiedabunpou	jmnedict:5741499	taiwan_and_culture
japanese	tokiedabunpou	ときえだぶんぽう	jmnedict:5741499	taiwan_and_culture
japanese	tokiedabunpou	時枝文法	jmnedict:5741499	taiwan_and_culture
japanese	tokutomiroka	tokutomiroka	jmnedict:5566855	taiwan_and_culture
japanese	tokutomiroka	とくとみろか	jmnedict:5566855	taiwan_and_culture
japanese	tokutomiroka	徳冨蘆花	jmnedict:5566855	taiwan_and_culture
japanese	tokutomiroka	徳富蘆花	jmnedict:5566855	taiwan_and_culture
japanese	tomujonzu	tomujonzu	jmnedict:5055306	taiwan_and_culture
japanese	tomujonzu	トムジョンズ	jmnedict:5055306	taiwan_and_culture
japanese	tomujounzu	tomujounzu	jmnedict:5055305	taiwan_and_culture
japanese	tomujounzu	トムジョウンズ	jmnedict:5055305	taiwan_and_culture
japanese	tonarinosainfyerudo	tonarinosainfyerudo	jmnedict:5740777	taiwan_and_culture
japanese	tonarinosainfyerudo	となりのサインフェルド	jmnedict:5740777	taiwan_and_culture
japanese	tonarinototoro	tonarinototoro	jmnedict:5004509	taiwan_and_culture
japanese	tonarinototoro	となりのトトロ	jmnedict:5004509	taiwan_and_culture
japanese	tonshaaguntou	tonshaaguntou	jmnedict:5056165	taiwan_and_culture
japanese	tonshaaguntou	トンシャーぐんとう	jmnedict:5056165	taiwan_and_culture
japanese	tonshaaguntou	東沙群島	jmnedict:5056165	taiwan_and_culture
japanese	tonshaashotou	tonshaashotou	jmnedict:5743951	taiwan_and_culture
japanese	tonshaashotou	トンシャーしょとう	jmnedict:5743951	taiwan_and_culture
japanese	tonshaashotou	東沙諸島	jmnedict:5743951	taiwan_and_culture
japanese	tooryanse	tooryanse	jmnedict:5743640	taiwan_and_culture
japanese	tooryanse	とおりゃんせ	jmnedict:5743640	taiwan_and_culture
japanese	tooryanse	通りゃんせ	jmnedict:5743640	taiwan_and_culture
japanese	toraboruta	toraboruta	jmnedict:5055513	taiwan_and_culture
japanese	toraboruta	トラボルタ	jmnedict:5055513	taiwan_and_culture
japanese	torakkutouenteiinain	torakkutouenteiinain	jmnedict:5055467	taiwan_and_culture
japanese	torakkutouenteiinain	トラックトゥエンティーナイン	jmnedict:5055467	taiwan_and_culture
japanese	torakkutouenteiinain	トラック２９	jmnedict:5055467	taiwan_and_culture
japanese	toransufuoomaa	toransufuoomaa	jmnedict:5744983	taiwan_and_culture
japanese	toransufuoomaa	トランスフォーマー	jmnedict:5744983	taiwan_and_culture
japanese	toravuoruta	toravuoruta	jmnedict:5055513	taiwan_and_culture
japanese	toravuoruta	トラヴォルタ	jmnedict:5055513	taiwan_and_culture
japanese	toreinsupotteingu	toreinsupotteingu	jmnedict:5055859	taiwan_and_culture
japanese	toreinsupotteingu	トレインスポッティング	jmnedict:5055859	taiwan_and_culture
japanese	torikahebayamonogatari	torikahebayamonogatari	jmnedict:5742208	taiwan_and_culture
japanese	torikahebayamonogatari	とりかへばやものがたり	jmnedict:5742208	taiwan_and_culture
japanese	torikahebayamonogatari	とりかへばや物語	jmnedict:5742208	taiwan_and_culture
japanese	torindorureina	torindorureina	jmnedict:5743434	taiwan_and_culture
japanese	torindorureina	トリンドルれいな	jmnedict:5743434	taiwan_and_culture
japanese	torindorureina	トリンドル玲奈	jmnedict:5743434	taiwan_and_culture
japanese	toripuruekkusu	toripuruekkusu	jmnedict:5055669	taiwan_and_culture
japanese	toripuruekkusu	トリプルエックス	jmnedict:5055669	taiwan_and_culture
japanese	toripuruekkusu	トリプルＸ	jmnedict:5055669	taiwan_and_culture
japanese	toriyamaakira	toriyamaakira	jmnedict:5529752	taiwan_and_culture
japanese	toriyamaakira	とりやまあきら	jmnedict:5529752	taiwan_and_culture
japanese	toriyamaakira	鳥山明	jmnedict:5529752	taiwan_and_culture
japanese	toroimerai	toroimerai	jmnedict:5747687	taiwan_and_culture
japanese	toroimerai	トロイメライ	jmnedict:5747687	taiwan_and_culture
japanese	toroirasutokureshida	toroirasutokureshida	jmnedict:5056048	taiwan_and_culture
japanese	toroirasutokureshida	トロイラスとクレシダ	jmnedict:5056048	taiwan_and_culture
japanese	tosanikki	tosanikki	jmnedict:5549095	taiwan_and_culture
japanese	tosanikki	とさにっき	jmnedict:5549095	taiwan_and_culture
japanese	tosanikki	土佐日記	jmnedict:5549095	taiwan_and_culture
japanese	tottokohamutarou	tottokohamutarou	jmnedict:5742281	taiwan_and_culture
japanese	tottokohamutarou	とっとこハムたろう	jmnedict:5742281	taiwan_and_culture
japanese	tottokohamutarou	とっとこハム太郎	jmnedict:5742281	taiwan_and_culture
japanese	toudajunkou	toudajunkou	jmnedict:5584578	taiwan_and_culture
japanese	toudajunkou	とうだじゅんこう	jmnedict:5584578	taiwan_and_culture
japanese	toudajunkou	任田順好	jmnedict:5584578	taiwan_and_culture
japanese	touen	touen	jmnedict:5742092	taiwan_and_culture
japanese	touen	とうえん	jmnedict:5742092	taiwan_and_culture
japanese	touen	桃園	jmnedict:5742092	taiwan_and_culture
japanese	touga	touga	jmnedict:5552683	taiwan_and_culture
japanese	touga	とうが	jmnedict:5552683	taiwan_and_culture
japanese	touga	東雅	jmnedict:5552683	taiwan_and_culture
japanese	touhoukenbunroku	touhoukenbunroku	jmnedict:5557474	taiwan_and_culture
japanese	touhoukenbunroku	とうほうけんぶんろく	jmnedict:5557474	taiwan_and_culture
japanese	touhoukenbunroku	東方見聞録	jmnedict:5557474	taiwan_and_culture
japanese	tousaguntou	tousaguntou	jmnedict:5056165	taiwan_and_culture
japanese	tousaguntou	とうさぐんとう	jmnedict:5056165	taiwan_and_culture
japanese	tousaguntou	東沙群島	jmnedict:5056165	taiwan_and_culture
japanese	tousashotou	tousashotou	jmnedict:5743951	taiwan_and_culture
japanese	tousashotou	とうさしょとう	jmnedict:5743951	taiwan_and_culture
japanese	tousashotou	東沙諸島	jmnedict:5743951	taiwan_and_culture
japanese	touurandotto	touurandotto	jmnedict:5054633	taiwan_and_culture
japanese	touurandotto	トゥーランドット	jmnedict:5054633	taiwan_and_culture
japanese	tsuaiin'uen	tsuaiin'uen	jmnedict:5742266	taiwan_and_culture
japanese	tsuaiin'uen	ツァイインウェン	jmnedict:5742266	taiwan_and_culture
japanese	tsuaiin'uen	蔡英文	jmnedict:5742266	taiwan_and_culture
japanese	tsubakihime	tsubakihime	jmnedict:5747402	taiwan_and_culture
japanese	tsubakihime	つばきひめ	jmnedict:5747402	taiwan_and_culture
japanese	tsubakihime	椿姫	jmnedict:5747402	taiwan_and_culture
japanese	tsuchikikinkai	tsuchikikinkai	jmnedict:5335269	taiwan_and_culture
japanese	tsuchikikinkai	つちききんかい	jmnedict:5335269	taiwan_and_culture
japanese	tsuchikikinkai	慈濟基金会	jmnedict:5335269	taiwan_and_culture
japanese	tsuigoineruwaizen	tsuigoineruwaizen	jmnedict:5051384	taiwan_and_culture
japanese	tsuigoineruwaizen	ツィゴイネルワイゼン	jmnedict:5051384	taiwan_and_culture
japanese	tsukihamujihinayorunojoou	tsukihamujihinayorunojoou	jmnedict:5741572	taiwan_and_culture
japanese	tsukihamujihinayorunojoou	つきはむじひなよるのじょおう	jmnedict:5741572	taiwan_and_culture
japanese	tsukihamujihinayorunojoou	月は無慈悲な夜の女王	jmnedict:5741572	taiwan_and_culture
japanese	tsukishiro	tsukishiro	jmnedict:5246344	taiwan_and_culture
japanese	tsukishiro	つきしろ	jmnedict:5246344	taiwan_and_culture
japanese	tsukishiro	月魄	jmnedict:5246344	taiwan_and_culture
japanese	tsumitobatsu	tsumitobatsu	jmnedict:5742171	taiwan_and_culture
japanese	tsumitobatsu	つみとばつ	jmnedict:5742171	taiwan_and_culture
japanese	tsumitobatsu	罪と罰	jmnedict:5742171	taiwan_and_culture
japanese	tsurezuregusa	tsurezuregusa	jmnedict:5545571	taiwan_and_culture
japanese	tsurezuregusa	つれづれぐさ	jmnedict:5545571	taiwan_and_culture
japanese	tsurezuregusa	徒然草	jmnedict:5545571	taiwan_and_culture
japanese	tsuruginomai	tsuruginomai	jmnedict:5745246	taiwan_and_culture
japanese	tsuruginomai	つるぎのまい	jmnedict:5745246	taiwan_and_culture
japanese	tsuruginomai	剣の舞	jmnedict:5745246	taiwan_and_culture
japanese	tsurunoongaeshi	tsurunoongaeshi	jmnedict:5747567	taiwan_and_culture
japanese	tsurunoongaeshi	つるのおんがえし	jmnedict:5747567	taiwan_and_culture
japanese	tsurunoongaeshi	鶴の恩返し	jmnedict:5747567	taiwan_and_culture
japanese	uchidahyakken	uchidahyakken	jmnedict:5746769	taiwan_and_culture
japanese	uchidahyakken	うちだひゃっけん	jmnedict:5746769	taiwan_and_culture
japanese	uchidahyakken	内田百けん	jmnedict:5746769	taiwan_and_culture
japanese	uchidahyakken	内田百聞	jmnedict:5746769	taiwan_and_culture
japanese	uchidahyakken	内田百閒	jmnedict:5746769	taiwan_and_culture
japanese	uchidahyakken	内田百間	jmnedict:5746769	taiwan_and_culture
japanese	uchidamasato	uchidamasato	jmnedict:5571566	taiwan_and_culture
japanese	uchidamasato	うちだまさと	jmnedict:5571566	taiwan_and_culture
japanese	uchidamasato	内田正人	jmnedict:5571566	taiwan_and_culture
japanese	uchuudaisakusen	uchuudaisakusen	jmnedict:5130455	taiwan_and_culture
japanese	uchuudaisakusen	うちゅうだいさくせん	jmnedict:5130455	taiwan_and_culture
japanese	uchuudaisakusen	宇宙大作戦	jmnedict:5130455	taiwan_and_culture
japanese	uchuunosenshi	uchuunosenshi	jmnedict:5741570	taiwan_and_culture
japanese	uchuunosenshi	うちゅうのせんし	jmnedict:5741570	taiwan_and_culture
japanese	uchuunosenshi	宇宙の戦士	jmnedict:5741570	taiwan_and_culture
japanese	uesutosaidomonogatari	uesutosaidomonogatari	jmnedict:5014916	taiwan_and_culture
japanese	uesutosaidomonogatari	ウェストサイドものがたり	jmnedict:5014916	taiwan_and_culture
japanese	uesutosaidomonogatari	ウェストサイド物語	jmnedict:5014916	taiwan_and_culture
japanese	uewomuitearukou	uewomuitearukou	jmnedict:5745382	taiwan_and_culture
japanese	uewomuitearukou	うえをむいてあるこう	jmnedict:5745382	taiwan_and_culture
japanese	uewomuitearukou	上を向いて歩こう	jmnedict:5745382	taiwan_and_culture
japanese	uiire	uiire	jmnedict:5741750	taiwan_and_culture
japanese	uiire	ウイイレ	jmnedict:5741750	taiwan_and_culture
japanese	uikibaashitei	uikibaashitei	jmnedict:5741907	taiwan_and_culture
japanese	uikibaashitei	ウィキバーシティ	jmnedict:5741907	taiwan_and_culture
japanese	uikiboyaaju	uikiboyaaju	jmnedict:5741903	taiwan_and_culture
japanese	uikiboyaaju	ウィキボヤージュ	jmnedict:5741903	taiwan_and_culture
japanese	uikibukkusu	uikibukkusu	jmnedict:5741901	taiwan_and_culture
japanese	uikibukkusu	ウィキブックス	jmnedict:5741901	taiwan_and_culture
japanese	uikideeta	uikideeta	jmnedict:5741837	taiwan_and_culture
japanese	uikideeta	ウィキデータ	jmnedict:5741837	taiwan_and_culture
japanese	uikikuooto	uikikuooto	jmnedict:5741902	taiwan_and_culture
japanese	uikikuooto	ウィキクォート	jmnedict:5741902	taiwan_and_culture
japanese	uikimedeiakomonzu	uikimedeiakomonzu	jmnedict:5741905	taiwan_and_culture
japanese	uikimedeiakomonzu	ウィキメディアコモンズ	jmnedict:5741905	taiwan_and_culture
japanese	uikinyuusu	uikinyuusu	jmnedict:5743933	taiwan_and_culture
japanese	uikinyuusu	ウィキニュース	jmnedict:5743933	taiwan_and_culture
japanese	uikisoosu	uikisoosu	jmnedict:5741904	taiwan_and_culture
japanese	uikisoosu	ウィキソース	jmnedict:5741904	taiwan_and_culture
japanese	uikisupiishiizu	uikisupiishiizu	jmnedict:5741906	taiwan_and_culture
japanese	uikisupiishiizu	ウィキスピーシーズ	jmnedict:5741906	taiwan_and_culture
japanese	uininguirebun	uininguirebun	jmnedict:5741751	taiwan_and_culture
japanese	uininguirebun	ウイニングイレブン	jmnedict:5741751	taiwan_and_culture
japanese	uirobiicheisunoookami	uirobiicheisunoookami	jmnedict:5014574	taiwan_and_culture
japanese	uirobiicheisunoookami	ウィロビーチェイスのおおかみ	jmnedict:5014574	taiwan_and_culture
japanese	uizaadorii	uizaadorii	jmnedict:5746174	taiwan_and_culture
japanese	uizaadorii	ウィザードリー	jmnedict:5746174	taiwan_and_culture
japanese	uizaadoryi	uizaadoryi	jmnedict:5746174	taiwan_and_culture
japanese	uizaadoryi	ウィザードリィ	jmnedict:5746174	taiwan_and_culture
japanese	uizaadoryi	ウイザードリィ	jmnedict:5746174	taiwan_and_culture
japanese	ujishuuimonogatari	ujishuuimonogatari	jmnedict:5130108	taiwan_and_culture
japanese	ujishuuimonogatari	うじしゅういものがたり	jmnedict:5130108	taiwan_and_culture
japanese	ujishuuimonogatari	宇治拾遺物語	jmnedict:5130108	taiwan_and_culture
japanese	ukiyoburo	ukiyoburo	jmnedict:5620144	taiwan_and_culture
japanese	ukiyoburo	うきよぶろ	jmnedict:5620144	taiwan_and_culture
japanese	ukiyoburo	浮世風呂	jmnedict:5620144	taiwan_and_culture
japanese	undeiine	undeiine	jmnedict:5746851	taiwan_and_culture
japanese	undeiine	ウンディーネ	jmnedict:5746851	taiwan_and_culture
japanese	unmeinochikara	unmeinochikara	jmnedict:5747802	taiwan_and_culture
japanese	unmeinochikara	うんめいのちから	jmnedict:5747802	taiwan_and_culture
japanese	unmeinochikara	運命の力	jmnedict:5747802	taiwan_and_culture
japanese	unpoirohashuu	unpoirohashuu	jmnedict:5135506	taiwan_and_culture
japanese	unpoirohashuu	うんぽいろはしゅう	jmnedict:5135506	taiwan_and_culture
japanese	unpoirohashuu	運歩色葉集	jmnedict:5135506	taiwan_and_culture
japanese	unrin	unrin	jmnedict:5087916	taiwan_and_culture
japanese	unrin	うんりん	jmnedict:5087916	taiwan_and_culture
japanese	unrin	雲林	jmnedict:5087916	taiwan_and_culture
japanese	uonkaakui	uonkaakui	jmnedict:5149993	taiwan_and_culture
japanese	uonkaakui	ウォンカークイ	jmnedict:5149993	taiwan_and_culture
japanese	uonkaakui	黃家駒	jmnedict:5149993	taiwan_and_culture
japanese	uonkaakui	黄家駒	jmnedict:5149993	taiwan_and_culture
japanese	uonkaauai	uonkaauai	jmnedict:5149450	taiwan_and_culture
japanese	uonkaauai	ウォンカーウァイ	jmnedict:5149450	taiwan_and_culture
japanese	uonkaauai	王家衛	jmnedict:5149450	taiwan_and_culture
japanese	uookingudeddo	uookingudeddo	jmnedict:5741599	taiwan_and_culture
japanese	uookingudeddo	ウォーキングデッド	jmnedict:5741599	taiwan_and_culture
japanese	uooriiwosagase	uooriiwosagase	jmnedict:5745106	taiwan_and_culture
japanese	uooriiwosagase	ウォーリーをさがせ	jmnedict:5745106	taiwan_and_culture
japanese	uootaashippudaunnousagitachi	uootaashippudaunnousagitachi	jmnedict:5741593	taiwan_and_culture
japanese	uootaashippudaunnousagitachi	ウォーターシップダウンのうさぎたち	jmnedict:5741593	taiwan_and_culture
japanese	uoresutogurumitto	uoresutogurumitto	jmnedict:5015589	taiwan_and_culture
japanese	uoresutogurumitto	ウォレスとグルミット	jmnedict:5015589	taiwan_and_culture
japanese	uruseiyatsura	uruseiyatsura	jmnedict:5743946	taiwan_and_culture
japanese	uruseiyatsura	うるせいやつら	jmnedict:5743946	taiwan_and_culture
japanese	uruseiyatsura	うる星やつら	jmnedict:5743946	taiwan_and_culture
japanese	ushinawaretatokiwomotomete	ushinawaretatokiwomotomete	jmnedict:5745381	taiwan_and_culture
japanese	ushinawaretatokiwomotomete	うしなわれたときをもとめて	jmnedict:5745381	taiwan_and_culture
japanese	ushinawaretatokiwomotomete	失われた時を求めて	jmnedict:5745381	taiwan_and_culture
japanese	usotsukikurabu	usotsukikurabu	jmnedict:5001221	taiwan_and_culture
japanese	usotsukikurabu	うそつきくらぶ	jmnedict:5001221	taiwan_and_culture
japanese	utsuhomonogatari	utsuhomonogatari	jmnedict:5741389	taiwan_and_culture
japanese	utsuhomonogatari	utsuhomonogatari	jmnedict:5741390	taiwan_and_culture
japanese	utsuhomonogatari	うつほものがたり	jmnedict:5741389	taiwan_and_culture
japanese	utsuhomonogatari	うつほものがたり	jmnedict:5741390	taiwan_and_culture
japanese	utsuhomonogatari	うつほ物語	jmnedict:5741390	taiwan_and_culture
japanese	utsuhomonogatari	宇津保物語	jmnedict:5741389	taiwan_and_culture
japanese	utsukushikuaokidonau	utsukushikuaokidonau	jmnedict:5743376	taiwan_and_culture
japanese	utsukushikuaokidonau	うつくしくあおきドナウ	jmnedict:5743376	taiwan_and_culture
japanese	utsukushikuaokidonau	美しく青きドナウ	jmnedict:5743376	taiwan_and_culture
japanese	vuanputsuu	vuanputsuu	jmnedict:5097153	taiwan_and_culture
japanese	vuanputsuu	ヴァンプツー	jmnedict:5097153	taiwan_and_culture
japanese	vuanputsuu	ヴァンプ２	jmnedict:5097153	taiwan_and_culture
japanese	vyenisunoshounin	vyenisunoshounin	jmnedict:5097474	taiwan_and_culture
japanese	vyenisunoshounin	ヴェニスのしょうにん	jmnedict:5097474	taiwan_and_culture
japanese	vyenisunoshounin	ヴェニスの商人	jmnedict:5097474	taiwan_and_culture
japanese	vyeroovyen	vyeroovyen	jmnedict:5097551	taiwan_and_culture
japanese	vyeroovyen	ヴェローヴェン	jmnedict:5097551	taiwan_and_culture
japanese	waeigorinshuusei	waeigorinshuusei	jmnedict:5741514	taiwan_and_culture
japanese	waeigorinshuusei	わえいごりんしゅうせい	jmnedict:5741514	taiwan_and_culture
japanese	waeigorinshuusei	和英語林集成	jmnedict:5741514	taiwan_and_culture
japanese	wagahaihanekodearu	wagahaihanekodearu	jmnedict:5262945	taiwan_and_culture
japanese	wagahaihanekodearu	わがはいはねこである	jmnedict:5262945	taiwan_and_culture
japanese	wagahaihanekodearu	吾輩は猫である	jmnedict:5262945	taiwan_and_culture
japanese	wagamamaenjeru	wagamamaenjeru	jmnedict:5008081	taiwan_and_culture
japanese	wagamamaenjeru	わがままエンジェル	jmnedict:5008081	taiwan_and_culture
japanese	wagaseishunnokagayaki	wagaseishunnokagayaki	jmnedict:5008082	taiwan_and_culture
japanese	wagaseishunnokagayaki	わがせいしゅんのかがやき	jmnedict:5008082	taiwan_and_culture
japanese	wagaseishunnokagayaki	わが青春の輝き	jmnedict:5008082	taiwan_and_culture
japanese	wagatousou	wagatousou	jmnedict:5741073	taiwan_and_culture
japanese	wagatousou	わがとうそう	jmnedict:5741073	taiwan_and_culture
japanese	wagatousou	わが闘争	jmnedict:5741073	taiwan_and_culture
japanese	wagatousou	我が闘争	jmnedict:5741073	taiwan_and_culture
japanese	wagokuhen	wagokuhen	jmnedict:5746847	taiwan_and_culture
japanese	wagokuhen	わごくへん	jmnedict:5746847	taiwan_and_culture
japanese	wagokuhen	倭玉篇	jmnedict:5746847	taiwan_and_culture
japanese	waimarunorotte	waimarunorotte	jmnedict:5096385	taiwan_and_culture
japanese	waimarunorotte	ワイマルのロッテ	jmnedict:5096385	taiwan_and_culture
japanese	wajinden	wajinden	jmnedict:5747644	taiwan_and_culture
japanese	wajinden	わじんでん	jmnedict:5747644	taiwan_and_culture
japanese	wajinden	倭人伝	jmnedict:5747644	taiwan_and_culture
japanese	wakansansaizue	wakansansaizue	jmnedict:5716285	taiwan_and_culture
japanese	wakansansaizue	わかんさんさいずえ	jmnedict:5716285	taiwan_and_culture
japanese	wakansansaizue	和漢三才図会	jmnedict:5716285	taiwan_and_culture
japanese	wannaitosutando	wannaitosutando	jmnedict:5741394	taiwan_and_culture
japanese	wannaitosutando	ワンナイトスタンド	jmnedict:5741394	taiwan_and_culture
japanese	wanpakudenisu	wanpakudenisu	jmnedict:5008127	taiwan_and_culture
japanese	wanpakudenisu	わんぱくデニス	jmnedict:5008127	taiwan_and_culture
japanese	wanpi	wanpi	jmnedict:5747491	taiwan_and_culture
japanese	wanpi	ワンピ	jmnedict:5747491	taiwan_and_culture
japanese	wanpiisu	wanpiisu	jmnedict:5740764	taiwan_and_culture
japanese	wanpiisu	ワンピース	jmnedict:5740764	taiwan_and_culture
japanese	wanwanmonogatari	wanwanmonogatari	jmnedict:5008129	taiwan_and_culture
japanese	wanwanmonogatari	わんわんものがたり	jmnedict:5008129	taiwan_and_culture
japanese	wanwanmonogatari	わんわん物語	jmnedict:5008129	taiwan_and_culture
japanese	warashibechouja	warashibechouja	jmnedict:5743304	taiwan_and_culture
japanese	warashibechouja	わらしべちょうじゃ	jmnedict:5743304	taiwan_and_culture
japanese	warashibechouja	わらしべ長者	jmnedict:5743304	taiwan_and_culture
japanese	warashibechouja	藁稭長者	jmnedict:5743304	taiwan_and_culture
japanese	wareharobotto	wareharobotto	jmnedict:5008123	taiwan_and_culture
japanese	wareharobotto	われはロボット	jmnedict:5008123	taiwan_and_culture
japanese	wareranogeemu	wareranogeemu	jmnedict:5008125	taiwan_and_culture
japanese	wareranogeemu	われらのゲーム	jmnedict:5008125	taiwan_and_culture
japanese	wareranogyangu	wareranogyangu	jmnedict:5008124	taiwan_and_culture
japanese	wareranogyangu	われらのギャング	jmnedict:5008124	taiwan_and_culture
japanese	warukyuure	warukyuure	jmnedict:5096712	taiwan_and_culture
japanese	warukyuure	ワルキューレ	jmnedict:5096712	taiwan_and_culture
japanese	washihamaiorita	washihamaiorita	jmnedict:5741592	taiwan_and_culture
japanese	washihamaiorita	わしはまいおりた	jmnedict:5741592	taiwan_and_culture
japanese	washihamaiorita	鷲は舞い降りた	jmnedict:5741592	taiwan_and_culture
japanese	washintonhiroba	washintonhiroba	jmnedict:5743154	taiwan_and_culture
japanese	washintonhiroba	ワシントンひろば	jmnedict:5743154	taiwan_and_culture
japanese	washintonhiroba	ワシントン広場	jmnedict:5743154	taiwan_and_culture
japanese	watashietosetora	watashietosetora	jmnedict:5008099	taiwan_and_culture
japanese	watashietosetora	わたしエトセトラ	jmnedict:5008099	taiwan_and_culture
japanese	yakei	yakei	jmnedict:5743531	taiwan_and_culture
japanese	yakei	やけい	jmnedict:5743531	taiwan_and_culture
japanese	yakei	夜警	jmnedict:5743531	taiwan_and_culture
japanese	yamadabunpou	yamadabunpou	jmnedict:5741498	taiwan_and_culture
japanese	yamadabunpou	やまだぶんぽう	jmnedict:5741498	taiwan_and_culture
japanese	yamadabunpou	山田文法	jmnedict:5741498	taiwan_and_culture
japanese	yamatomonogatari	yamatomonogatari	jmnedict:5741530	taiwan_and_culture
japanese	yamatomonogatari	やまとものがたり	jmnedict:5741530	taiwan_and_culture
japanese	yamatomonogatari	大和物語	jmnedict:5741530	taiwan_and_culture
japanese	yamatoyaatsushi	yamatoyaatsushi	jmnedict:5499513	taiwan_and_culture
japanese	yamatoyaatsushi	やまとやあつし	jmnedict:5499513	taiwan_and_culture
japanese	yamatoyaatsushi	大和屋竺	jmnedict:5499513	taiwan_and_culture
japanese	yanagidaru	yanagidaru	jmnedict:5745273	taiwan_and_culture
japanese	yanagidaru	やなぎだる	jmnedict:5745273	taiwan_and_culture
japanese	yanagidaru	柳多留	jmnedict:5745273	taiwan_and_culture
japanese	yanagiyuurei	yanagiyuurei	jmnedict:5676063	taiwan_and_culture
japanese	yanagiyuurei	やなぎユーレイ	jmnedict:5676063	taiwan_and_culture
japanese	yanagiyuurei	柳ユーレイ	jmnedict:5676063	taiwan_and_culture
japanese	yankiidouudourudandei	yankiidouudourudandei	jmnedict:5087374	taiwan_and_culture
japanese	yankiidouudourudandei	ヤンキードゥードゥルダンディ	jmnedict:5087374	taiwan_and_culture
japanese	yogenshuu	yogenshuu	jmnedict:5747629	taiwan_and_culture
japanese	yogenshuu	よげんしゅう	jmnedict:5747629	taiwan_and_culture
japanese	yogenshuu	予言集	jmnedict:5747629	taiwan_and_culture
japanese	yogoretate	yogoretate	jmnedict:5743479	taiwan_and_culture
japanese	yogoretate	よごれたて	jmnedict:5743479	taiwan_and_culture
japanese	yogoretate	汚れた手	jmnedict:5743479	taiwan_and_culture
japanese	yokokusatsujin	yokokusatsujin	jmnedict:5747587	taiwan_and_culture
japanese	yokokusatsujin	よこくさつじん	jmnedict:5747587	taiwan_and_culture
japanese	yokokusatsujin	予告殺人	jmnedict:5747587	taiwan_and_culture
japanese	yonsama	yonsama	jmnedict:5742009	taiwan_and_culture
japanese	yonsama	ヨンさま	jmnedict:5742009	taiwan_and_culture
japanese	yonsama	ヨン様	jmnedict:5742009	taiwan_and_culture
japanese	yoruhenonagaitabiji	yoruhenonagaitabiji	jmnedict:5741602	taiwan_and_culture
japanese	yoruhenonagaitabiji	よるへのながいたびじ	jmnedict:5741602	taiwan_and_culture
japanese	yoruhenonagaitabiji	夜への長い旅路	jmnedict:5741602	taiwan_and_culture
japanese	yoshidasensha	yoshidasensha	jmnedict:5210051	taiwan_and_culture
japanese	yoshidasensha	よしだせんしゃ	jmnedict:5210051	taiwan_and_culture
japanese	yoshidasensha	吉田戦車	jmnedict:5210051	taiwan_and_culture
japanese	yotsunoshomei	yotsunoshomei	jmnedict:5741307	taiwan_and_culture
japanese	yotsunoshomei	よつのしょめい	jmnedict:5741307	taiwan_and_culture
japanese	yotsunoshomei	四つの署名	jmnedict:5741307	taiwan_and_culture
japanese	youkaidouchuuki	youkaidouchuuki	jmnedict:5745042	taiwan_and_culture
japanese	youkaidouchuuki	ようかいどうちゅうき	jmnedict:5745042	taiwan_and_culture
japanese	youkaidouchuuki	妖怪道中記	jmnedict:5745042	taiwan_and_culture
japanese	yubiwamonogatari	yubiwamonogatari	jmnedict:5331253	taiwan_and_culture
japanese	yubiwamonogatari	ゆびわものがたり	jmnedict:5331253	taiwan_and_culture
japanese	yubiwamonogatari	指輪物語	jmnedict:5331253	taiwan_and_culture
japanese	yuenrin	yuenrin	jmnedict:5747979	taiwan_and_culture
japanese	yuenrin	ユエンリン	jmnedict:5747979	taiwan_and_culture
japanese	yuenrin	員林	jmnedict:5747979	taiwan_and_culture
japanese	yuishan	yuishan	jmnedict:5742123	taiwan_and_culture
japanese	yuishan	ユイシャン	jmnedict:5742123	taiwan_and_culture
japanese	yuishan	玉山	jmnedict:5742123	taiwan_and_culture
japanese	yukainabokujou	yukainabokujou	jmnedict:5745073	taiwan_and_culture
japanese	yukainabokujou	ゆかいなぼくじょう	jmnedict:5745073	taiwan_and_culture
japanese	yukainabokujou	ゆかいな牧場	jmnedict:5745073	taiwan_and_culture
japanese	yukainabokujou	愉快な牧場	jmnedict:5745073	taiwan_and_culture
japanese	yukiguni	yukiguni	jmnedict:5458517	taiwan_and_culture
japanese	yukiguni	ゆきぐに	jmnedict:5458517	taiwan_and_culture
japanese	yukiguni	雪国	jmnedict:5458517	taiwan_and_culture
japanese	yumenonakanoyume	yumenonakanoyume	jmnedict:5741675	taiwan_and_culture
japanese	yumenonakanoyume	ゆめのなかのゆめ	jmnedict:5741675	taiwan_and_culture
japanese	yumenonakanoyume	夢の中の夢	jmnedict:5741675	taiwan_and_culture
japanese	yumenoukihashi	yumenoukihashi	jmnedict:5747736	taiwan_and_culture
japanese	yumenoukihashi	ゆめのうきはし	jmnedict:5747736	taiwan_and_culture
japanese	yumenoukihashi	夢の浮き橋	jmnedict:5747736	taiwan_and_culture
japanese	yumenoukihashi	夢の浮橋	jmnedict:5747736	taiwan_and_culture
japanese	yumenoukihashi	夢浮橋	jmnedict:5747736	taiwan_and_culture
japanese	yunrin	yunrin	jmnedict:5087916	taiwan_and_culture
japanese	yunrin	ユンリン	jmnedict:5087916	taiwan_and_culture
japanese	yunrin	雲林	jmnedict:5087916	taiwan_and_culture
japanese	yupiteru	yupiteru	jmnedict:5042029	taiwan_and_culture
japanese	yupiteru	ユピテル	jmnedict:5042029	taiwan_and_culture
japanese	yuppiteru	yuppiteru	jmnedict:5042029	taiwan_and_culture
japanese	yuppiteru	ユッピテル	jmnedict:5042029	taiwan_and_culture
japanese	yuugiou	yuugiou	jmnedict:5741377	taiwan_and_culture
japanese	yuugiou	ゆうぎおう	jmnedict:5741377	taiwan_and_culture
japanese	yuugiou	遊戯王	jmnedict:5741377	taiwan_and_culture
japanese	yuupiteru	yuupiteru	jmnedict:5042029	taiwan_and_culture
japanese	yuupiteru	ユーピテル	jmnedict:5042029	taiwan_and_culture
japanese	yuutopiadayori	yuutopiadayori	jmnedict:5087495	taiwan_and_culture
japanese	yuutopiadayori	ユートピアだより	jmnedict:5087495	taiwan_and_culture
japanese	yuuyakekoyake	yuuyakekoyake	jmnedict:5741945	taiwan_and_culture
japanese	yuuyakekoyake	ゆうやけこやけ	jmnedict:5741945	taiwan_and_culture
japanese	yuuyakekoyake	夕焼け小焼け	jmnedict:5741945	taiwan_and_culture
japanese	yuuyakekoyake	夕焼小焼	jmnedict:5741945	taiwan_and_culture
japanese	yuuyouzasso	yuuyouzasso	jmnedict:5747142	taiwan_and_culture
japanese	yuuyouzasso	ゆうようざっそ	jmnedict:5747142	taiwan_and_culture
japanese	yuuyouzasso	酉陽雑俎	jmnedict:5747142	taiwan_and_culture
japanese	zaamachua	zaamachua	jmnedict:5036700	taiwan_and_culture
japanese	zaamachua	ザアマチュア	jmnedict:5036700	taiwan_and_culture
japanese	zabaiorensaa	zabaiorensaa	jmnedict:5036927	taiwan_and_culture
japanese	zabaiorensaa	ザバイオレンサー	jmnedict:5036927	taiwan_and_culture
japanese	zabesutoobujeejiibaraado	zabesutoobujeejiibaraado	jmnedict:5036974	taiwan_and_culture
japanese	zabesutoobujeejiibaraado	ザベストオブジェージーバラード	jmnedict:5036974	taiwan_and_culture
japanese	zabesutoobujeejiibaraado	ザベストオブＪＧバラード	jmnedict:5036974	taiwan_and_culture
japanese	zabiggubatoru	zabiggubatoru	jmnedict:5036943	taiwan_and_culture
japanese	zabiggubatoru	ザビッグバトル	jmnedict:5036943	taiwan_and_culture
japanese	zabigguwan	zabigguwan	jmnedict:5036944	taiwan_and_culture
japanese	zabigguwan	ザビッグワン	jmnedict:5036944	taiwan_and_culture
japanese	zabiichi	zabiichi	jmnedict:5036937	taiwan_and_culture
japanese	zabiichi	ザビーチ	jmnedict:5036937	taiwan_and_culture
japanese	zabiitoruzugureitesutosutoorii	zabiitoruzugureitesutosutoorii	jmnedict:5036938	taiwan_and_culture
japanese	zabiitoruzugureitesutosutoorii	ザビートルズグレイテストストーリー	jmnedict:5036938	taiwan_and_culture
japanese	zabureiku	zabureiku	jmnedict:5036966	taiwan_and_culture
japanese	zabureiku	ザブレイク	jmnedict:5036966	taiwan_and_culture
japanese	zacheisu	zacheisu	jmnedict:5036852	taiwan_and_culture
japanese	zacheisu	ザチェイス	jmnedict:5036852	taiwan_and_culture
japanese	zadaibaa	zadaibaa	jmnedict:5036849	taiwan_and_culture
japanese	zadaibaa	ザダイバー	jmnedict:5036849	taiwan_and_culture
japanese	zadeiafutaa	zadeiafutaa	jmnedict:5036884	taiwan_and_culture
japanese	zadeiafutaa	ザデイアフター	jmnedict:5036884	taiwan_and_culture
japanese	zadeiipu	zadeiipu	jmnedict:5036883	taiwan_and_culture
japanese	zadeiipu	ザディープ	jmnedict:5036883	taiwan_and_culture
japanese	zadekurain	zadekurain	jmnedict:5036885	taiwan_and_culture
japanese	zadekurain	ザデクライン	jmnedict:5036885	taiwan_and_culture
japanese	zadepusu	zadepusu	jmnedict:5036886	taiwan_and_culture
japanese	zadepusu	ザデプス	jmnedict:5036886	taiwan_and_culture
japanese	zadoraibaa	zadoraibaa	jmnedict:5036893	taiwan_and_culture
japanese	zadoraibaa	ザドライバー	jmnedict:5036893	taiwan_and_culture
japanese	zadoriimingu	zadoriimingu	jmnedict:5036894	taiwan_and_culture
japanese	zadoriimingu	ザドリーミング	jmnedict:5036894	taiwan_and_culture
japanese	zadoroppaazu	zadoroppaazu	jmnedict:5036897	taiwan_and_culture
japanese	zadoroppaazu	ザドロッパーズ	jmnedict:5036897	taiwan_and_culture
japanese	zaeejenshii	zaeejenshii	jmnedict:5036772	taiwan_and_culture
japanese	zaeejenshii	ザエージェンシー	jmnedict:5036772	taiwan_and_culture
japanese	zaeejento	zaeejento	jmnedict:5036773	taiwan_and_culture
japanese	zaeejento	ザエージェント	jmnedict:5036773	taiwan_and_culture
japanese	zafuaito	zafuaito	jmnedict:5036947	taiwan_and_culture
japanese	zafuaito	ザファイト	jmnedict:5036947	taiwan_and_culture
japanese	zafuoggu	zafuoggu	jmnedict:5036952	taiwan_and_culture
japanese	zafuoggu	ザフォッグ	jmnedict:5036952	taiwan_and_culture
japanese	zafurai	zafurai	jmnedict:5036953	taiwan_and_culture
japanese	zafurai	ザフライ	jmnedict:5036953	taiwan_and_culture
japanese	zafuronto	zafuronto	jmnedict:5036958	taiwan_and_culture
japanese	zafuronto	ザフロント	jmnedict:5036958	taiwan_and_culture
japanese	zafyiirudo	zafyiirudo	jmnedict:5036950	taiwan_and_culture
japanese	zafyiirudo	ザフィールド	jmnedict:5036950	taiwan_and_culture
japanese	zageeto	zageeto	jmnedict:5036819	taiwan_and_culture
japanese	zageeto	ザゲート	jmnedict:5036819	taiwan_and_culture
japanese	zagureetofuaitaa	zagureetofuaitaa	jmnedict:5036814	taiwan_and_culture
japanese	zagureetofuaitaa	ザグレートファイター	jmnedict:5036814	taiwan_and_culture
japanese	zagyanburaa	zagyanburaa	jmnedict:5036800	taiwan_and_culture
japanese	zagyanburaa	ザギャンブラー	jmnedict:5036800	taiwan_and_culture
japanese	zaijarin	zaijarin	jmnedict:5724697	taiwan_and_culture
japanese	zaijarin	ざいじゃりん	jmnedict:5724697	taiwan_and_culture
japanese	zaijarin	摧邪輪	jmnedict:5724697	taiwan_and_culture
japanese	zaintaanetto	zaintaanetto	jmnedict:5036753	taiwan_and_culture
japanese	zaintaanetto	ザインターネット	jmnedict:5036753	taiwan_and_culture
japanese	zakaraiya	zakaraiya	jmnedict:5036782	taiwan_and_culture
japanese	zakaraiya	ザカライヤ	jmnedict:5036782	taiwan_and_culture
japanese	zakiipu	zakiipu	jmnedict:5036795	taiwan_and_culture
japanese	zakiipu	ザキープ	jmnedict:5036795	taiwan_and_culture
japanese	zakiraabiizu	zakiraabiizu	jmnedict:5036798	taiwan_and_culture
japanese	zakiraabiizu	ザキラービーズ	jmnedict:5036798	taiwan_and_culture
japanese	zakoa	zakoa	jmnedict:5036821	taiwan_and_culture
japanese	zakoa	ザコア	jmnedict:5036821	taiwan_and_culture
japanese	zakomittomentsu	zakomittomentsu	jmnedict:5036824	taiwan_and_culture
japanese	zakomittomentsu	ザコミットメンツ	jmnedict:5036824	taiwan_and_culture
japanese	zakoppu	zakoppu	jmnedict:5036822	taiwan_and_culture
japanese	zakoppu	ザコップ	jmnedict:5036822	taiwan_and_culture
japanese	zakuuria	zakuuria	jmnedict:5036801	taiwan_and_culture
japanese	zakuuria	ザクーリア	jmnedict:5036801	taiwan_and_culture
japanese	zamonsutaa	zamonsutaa	jmnedict:5037003	taiwan_and_culture
japanese	zamonsutaa	ザモンスター	jmnedict:5037003	taiwan_and_culture
japanese	zanesuto	zanesuto	jmnedict:5036909	taiwan_and_culture
japanese	zanesuto	ザネスト	jmnedict:5036909	taiwan_and_culture
japanese	zangeroku	zangeroku	jmnedict:5741485	taiwan_and_culture
japanese	zangeroku	ざんげろく	jmnedict:5741485	taiwan_and_culture
japanese	zangeroku	懺悔録	jmnedict:5741485	taiwan_and_culture
japanese	zapeepaa	zapeepaa	jmnedict:5036976	taiwan_and_culture
japanese	zapeepaa	ザペーパー	jmnedict:5036976	taiwan_and_culture
japanese	zapureiyaa	zapureiyaa	jmnedict:5036970	taiwan_and_culture
japanese	zapureiyaa	ザプレイヤー	jmnedict:5036970	taiwan_and_culture
japanese	zapurodeyuusaa	zapurodeyuusaa	jmnedict:5036972	taiwan_and_culture
japanese	zapurodeyuusaa	ザプロデューサー	jmnedict:5036972	taiwan_and_culture
japanese	zarasutosutanto	zarasutosutanto	jmnedict:5037017	taiwan_and_culture
japanese	zarasutosutanto	ザラストスタント	jmnedict:5037017	taiwan_and_culture
japanese	zarasutoueebu	zarasutoueebu	jmnedict:5037016	taiwan_and_culture
japanese	zarasutoueebu	ザラストウェーブ	jmnedict:5037016	taiwan_and_culture
japanese	zarattoruzu	zarattoruzu	jmnedict:5037018	taiwan_and_culture
japanese	zarattoruzu	ザラットルズ	jmnedict:5037018	taiwan_and_culture
japanese	zaribaa	zaribaa	jmnedict:5037028	taiwan_and_culture
japanese	zaribaa	ザリバー	jmnedict:5037028	taiwan_and_culture
japanese	zaroiyarutenenbaumuzu	zaroiyarutenenbaumuzu	jmnedict:5037071	taiwan_and_culture
japanese	zaroiyarutenenbaumuzu	ザロイヤルテネンバウムズ	jmnedict:5037071	taiwan_and_culture
japanese	zarokku	zarokku	jmnedict:5037073	taiwan_and_culture
japanese	zarokku	ザロック	jmnedict:5037073	taiwan_and_culture
japanese	zaronrii	zaronrii	jmnedict:5037076	taiwan_and_culture
japanese	zaronrii	ザロンリー	jmnedict:5037076	taiwan_and_culture
japanese	zaseru	zaseru	jmnedict:5036845	taiwan_and_culture
japanese	zaseru	ザセル	jmnedict:5036845	taiwan_and_culture
japanese	zashiikurettosaabisu	zashiikurettosaabisu	jmnedict:5036830	taiwan_and_culture
japanese	zashiikurettosaabisu	ザシークレットサービス	jmnedict:5036830	taiwan_and_culture
japanese	zasopuranozuhigekinomafyia	zasopuranozuhigekinomafyia	jmnedict:5741609	taiwan_and_culture
japanese	zasopuranozuhigekinomafyia	ザソプラノズひげきのマフィア	jmnedict:5741609	taiwan_and_culture
japanese	zasopuranozuhigekinomafyia	ザソプラノズ哀愁のマフィア	jmnedict:5741609	taiwan_and_culture
japanese	zasopuranozuhigekinomafyia	ザ・ソプラノズ哀愁のマフィア	jmnedict:5741609	taiwan_and_culture
japanese	zasorujaa	zasorujaa	jmnedict:5036846	taiwan_and_culture
japanese	zasorujaa	ザソルジャー	jmnedict:5036846	taiwan_and_culture
japanese	zasukeakurou	zasukeakurou	jmnedict:5036837	taiwan_and_culture
japanese	zasukeakurou	ザスケアクロウ	jmnedict:5036837	taiwan_and_culture
japanese	zasutaffu	zasutaffu	jmnedict:5036838	taiwan_and_culture
japanese	zasutaffu	ザスタッフ	jmnedict:5036838	taiwan_and_culture
japanese	zasutando	zasutando	jmnedict:5036840	taiwan_and_culture
japanese	zasutando	ザスタンド	jmnedict:5036840	taiwan_and_culture
japanese	zattsuentateinmento	zattsuentateinmento	jmnedict:5036869	taiwan_and_culture
japanese	zattsuentateinmento	ザッツエンタテインメント	jmnedict:5036869	taiwan_and_culture
japanese	zauooru	zauooru	jmnedict:5036763	taiwan_and_culture
japanese	zauooru	ザウォール	jmnedict:5036763	taiwan_and_culture
japanese	zauotchaa	zauotchaa	jmnedict:5036765	taiwan_and_culture
japanese	zauotchaa	ザウォッチャー	jmnedict:5036765	taiwan_and_culture
japanese	zayakuza	zayakuza	jmnedict:5037004	taiwan_and_culture
japanese	zayakuza	ザヤクザ	jmnedict:5037004	taiwan_and_culture
japanese	zekka	zekka	jmnedict:5747610	taiwan_and_culture
japanese	zekka	ぜっか	jmnedict:5747610	taiwan_and_culture
japanese	zekka	絶歌	jmnedict:5747610	taiwan_and_culture
japanese	zennokenkyuu	zennokenkyuu	jmnedict:5470036	taiwan_and_culture
japanese	zennokenkyuu	ぜんのけんきゅう	jmnedict:5470036	taiwan_and_culture
japanese	zennokenkyuu	善の研究	jmnedict:5470036	taiwan_and_culture
japanese	zentoushi	zentoushi	jmnedict:5745251	taiwan_and_culture
japanese	zentoushi	ぜんとうし	jmnedict:5745251	taiwan_and_culture
japanese	zentoushi	全唐詩	jmnedict:5745251	taiwan_and_culture
japanese	zerudanodensetsu	zerudanodensetsu	jmnedict:5046755	taiwan_and_culture
japanese	zerudanodensetsu	ゼルダのでんせつ	jmnedict:5046755	taiwan_and_culture
japanese	zerudanodensetsu	ゼルダの伝説	jmnedict:5046755	taiwan_and_culture
japanese	zoushibu	zoushibu	jmnedict:5743386	taiwan_and_culture
japanese	zoushibu	ぞうしぶ	jmnedict:5743386	taiwan_and_culture
japanese	zoushibu	増支部	jmnedict:5743386	taiwan_and_culture
japanese	zuihou	zuihou	jmnedict:5742119	taiwan_and_culture
japanese	zuihou	ずいほう	jmnedict:5742119	taiwan_and_culture
japanese	zuihou	瑞芳	jmnedict:5742119	taiwan_and_culture
japanese	zuisho	zuisho	jmnedict:5741662	taiwan_and_culture
japanese	zuisho	ずいしょ	jmnedict:5741662	taiwan_and_culture
japanese	zuisho	隋書	jmnedict:5741662	taiwan_and_culture
japanese	zuisouroku	zuisouroku	jmnedict:5746996	taiwan_and_culture
japanese	zuisouroku	ずいそうろく	jmnedict:5746996	taiwan_and_culture
japanese	zuisouroku	随想録	jmnedict:5746996	taiwan_and_culture
poj	a-lak-a	A-la̍k-á	itaigi:2456	common_short_expressions
poj	a-lak8-a2	A-la̍k-á	itaigi:2456	common_short_expressions
poj	a-pa	a-pa	itaigi:6548	common_short_expressions
poj	am-si-a	àm-sî-á	itaigi:7881	common_short_expressions
poj	am-thau-a	àm-thâu-á	itaigi:7874	common_short_expressions
poj	am3-si5-a2	àm-sî-á	itaigi:7881	common_short_expressions
poj	am3-thau5-a2	àm-thâu-á	itaigi:7874	common_short_expressions
poj	an-hoe	án-hōe	itaigi:3796	common_short_expressions
poj	an-na	án-ná	itaigi:7931	common_short_expressions
poj	an-ne	án-ne	itaigi:739	common_short_expressions
poj	an-ne-sinn	án-ne-siⁿ	itaigi:315	common_short_expressions
poj	an-nia	án-nia	itaigi:19247	common_short_expressions
poj	an2-hoe7	án-hōe	itaigi:3796	common_short_expressions
poj	an2-na2	án-ná	itaigi:7931	common_short_expressions
poj	an2-ne	án-ne	itaigi:739	common_short_expressions
poj	an2-ne-sinn	án-ne-siⁿ	itaigi:315	common_short_expressions
poj	an2-nia	án-nia	itaigi:19247	common_short_expressions
poj	au-jit-a	āu-ji̍t-á	itaigi:7861	common_short_expressions
poj	au-lai	āu-lâi	itaigi:7854	common_short_expressions
poj	au-pian	āu-piàn	itaigi:7858	common_short_expressions
poj	au7-jit8-a2	āu-ji̍t-á	itaigi:7861	common_short_expressions
poj	au7-lai5	āu-lâi	itaigi:7854	common_short_expressions
poj	au7-pian3	āu-piàn	itaigi:7858	common_short_expressions
poj	bang-iah	bāng-ia̍h	itaigi:17119	common_short_expressions
poj	bang-tiam	bāng-tiám	itaigi:12828	common_short_expressions
poj	bang7-iah8	bāng-ia̍h	itaigi:17119	common_short_expressions
poj	bang7-tiam2	bāng-tiám	itaigi:12828	common_short_expressions
poj	be	bē	itaigi:10375	common_short_expressions
poj	be	bē	itaigi:15139	common_short_expressions
poj	be-chio	bē-chió	itaigi:9911	common_short_expressions
poj	be-eng-tit	bē-ēng-tit	itaigi:15171	common_short_expressions
poj	be-gian	bē-giàn	itaigi:2323	common_short_expressions
poj	be-tang	bē-tàng	itaigi:9915	common_short_expressions
poj	be7	bē	itaigi:10375	common_short_expressions
poj	be7	bē	itaigi:15139	common_short_expressions
poj	be7-chio2	bē-chió	itaigi:9911	common_short_expressions
poj	be7-eng7-tit	bē-ēng-tit	itaigi:15171	common_short_expressions
poj	be7-gian3	bē-giàn	itaigi:2323	common_short_expressions
poj	be7-tang3	bē-tàng	itaigi:9915	common_short_expressions
poj	beng-thian	bêng-thian	itaigi:11501	common_short_expressions
poj	beng5-thian	bêng-thian	itaigi:11501	common_short_expressions
poj	bi-kok	bí-kok	itaigi:17996	common_short_expressions
poj	bi2-kok	bí-kok	itaigi:17996	common_short_expressions
poj	bo m-tioh	bô m̄-tio̍h	itaigi:10428	common_short_expressions
poj	bo-kann-teng	bô-káⁿ-tēng	itaigi:7955	common_short_expressions
poj	bo-kho-leng	bô-khó-lêng	itaigi:6897	common_short_expressions
poj	bo-tek-khak	bô-tek-khak	itaigi:17826	common_short_expressions
poj	bo-tiann-tioh	bô-tiāⁿ-tio̍h	itaigi:17827	common_short_expressions
poj	bo5 m7-tioh8	bô m̄-tio̍h	itaigi:10428	common_short_expressions
poj	bo5-kann2-teng7	bô-káⁿ-tēng	itaigi:7955	common_short_expressions
poj	bo5-kho2-leng5	bô-khó-lêng	itaigi:6897	common_short_expressions
poj	bo5-tek-khak	bô-tek-khak	itaigi:17826	common_short_expressions
poj	bo5-tiann7-tioh8	bô-tiāⁿ-tio̍h	itaigi:17827	common_short_expressions
poj	boe-a	bóe-á	itaigi:7862	common_short_expressions
poj	boe-chhiu	bóe-chhiú	itaigi:11913	common_short_expressions
poj	boe-chhiu	bóe-chhiú	itaigi:7852	common_short_expressions
poj	boe2-a2	bóe-á	itaigi:7862	common_short_expressions
poj	boe2-chhiu2	bóe-chhiú	itaigi:11913	common_short_expressions
poj	boe2-chhiu2	bóe-chhiú	itaigi:7852	common_short_expressions
poj	boh-li-tng	Bo̍h-lí-tǹg	itaigi:13681	common_short_expressions
poj	boh8-li2-tng3	Bo̍h-lí-tǹg	itaigi:13681	common_short_expressions
poj	cha-huinn	cha-huiⁿ	itaigi:11502	common_short_expressions
poj	chai	chāi	itaigi:18057	common_short_expressions
poj	chai-chui	chāi-chúi	itaigi:16785	common_short_expressions
poj	chai-chun	chāi-chún	itaigi:16786	common_short_expressions
poj	chai-ti	chāi-tī	itaigi:18841	common_short_expressions
poj	chai7	chāi	itaigi:18057	common_short_expressions
poj	chai7-chui2	chāi-chúi	itaigi:16785	common_short_expressions
poj	chai7-chun2	chāi-chún	itaigi:16786	common_short_expressions
poj	chai7-ti7	chāi-tī	itaigi:18841	common_short_expressions
poj	che si	che sī	itaigi:13591	common_short_expressions
poj	che si7	che sī	itaigi:13591	common_short_expressions
poj	chek-kek	chek-ke̍k	itaigi:1304	common_short_expressions
poj	chek-kek8	chek-ke̍k	itaigi:1304	common_short_expressions
poj	cheng-siong	chèng-siông	itaigi:1016	common_short_expressions
poj	cheng3-siong5	chèng-siông	itaigi:1016	common_short_expressions
poj	chham-ka	chham-ka	itaigi:1522	common_short_expressions
poj	chham-ka	chham-ka	itaigi:2057	common_short_expressions
poj	chhat-thau	chha̍t-thâu	itaigi:11487	common_short_expressions
poj	chhat8-thau5	chha̍t-thâu	itaigi:11487	common_short_expressions
poj	chhi-tionn	chhī-tiôⁿ	itaigi:17674	common_short_expressions
poj	chhi7-tionn5	chhī-tiôⁿ	itaigi:17674	common_short_expressions
poj	chhit-iau	chhit-iāu	itaigi:15010	common_short_expressions
poj	chhit-iau7	chhit-iāu	itaigi:15010	common_short_expressions
poj	chhit-tho	chhit-thô	itaigi:15051	common_short_expressions
poj	chhit-tho5	chhit-thô	itaigi:15051	common_short_expressions
poj	chhoe--tioh	chhōe--tio̍h	itaigi:7012	common_short_expressions
poj	chhoe7--tioh8	chhōe--tio̍h	itaigi:7012	common_short_expressions
poj	chhoo-tiong	chho͘-tiong	itaigi:13663	common_short_expressions
poj	chi-na	Chi-ná	itaigi:2912	common_short_expressions
poj	chi-na-bun	Chi-ná-bûn	itaigi:15160	common_short_expressions
poj	chi-na-lang	Chi-ná-lâng	itaigi:15360	common_short_expressions
poj	chi-na2	Chi-ná	itaigi:2912	common_short_expressions
poj	chi-na2-bun5	Chi-ná-bûn	itaigi:15160	common_short_expressions
poj	chi-na2-lang5	Chi-ná-lâng	itaigi:15360	common_short_expressions
poj	chiah kam-a	chia̍h kam-á	itaigi:8011	common_short_expressions
poj	chiah-ni	chiah-nī	itaigi:7935	common_short_expressions
poj	chiah-ni7	chiah-nī	itaigi:7935	common_short_expressions
poj	chiah8 kam-a2	chia̍h kam-á	itaigi:8011	common_short_expressions
poj	chiang-si	chiàng-sî	itaigi:12657	common_short_expressions
poj	chiang-si	chiàng-sî	itaigi:7866	common_short_expressions
poj	chiang3-si5	chiàng-sî	itaigi:12657	common_short_expressions
poj	chiang3-si5	chiàng-sî	itaigi:7866	common_short_expressions
poj	chiann-kang	chiàⁿ-káng	itaigi:14487	common_short_expressions
poj	chiann3-kang2	chiàⁿ-káng	itaigi:14487	common_short_expressions
poj	chiat-bokchiat-bok	chiat-bokchia̍t-bo̍k	itaigi:11468	common_short_expressions
poj	chiat-bokchiat8-bok8	chiat-bokchia̍t-bo̍k	itaigi:11468	common_short_expressions
poj	chim	chím	itaigi:952	common_short_expressions
poj	chim2	chím	itaigi:952	common_short_expressions
poj	chin-chiann	chin-chiàⁿ	itaigi:1515	common_short_expressions
poj	chin-chiann	chin-chiàⁿ	itaigi:4322	common_short_expressions
poj	chin-chiann3	chin-chiàⁿ	itaigi:1515	common_short_expressions
poj	chin-chiann3	chin-chiàⁿ	itaigi:4322	common_short_expressions
poj	chiong-a	chiong-á	itaigi:2647	common_short_expressions
poj	chiong-a2	chiong-á	itaigi:2647	common_short_expressions
poj	chiong-ki-boe	chiong-kî-bóe	itaigi:6549	common_short_expressions
poj	chiong-ki5-boe2	chiong-kî-bóe	itaigi:6549	common_short_expressions
poj	chiong-lai	chiong-lâi	itaigi:7856	common_short_expressions
poj	chiong-lai5	chiong-lâi	itaigi:7856	common_short_expressions
poj	chiong-u	chiong-û	itaigi:14797	common_short_expressions
poj	chiong-u5	chiong-û	itaigi:14797	common_short_expressions
poj	chit e	chi̍t ê	itaigi:1049	common_short_expressions
poj	chit hoan	chit hoan	itaigi:2950	common_short_expressions
poj	chit kang	chi̍t kang	itaigi:16713	common_short_expressions
poj	chit loo-boe	chit lō͘-bóe	itaigi:7865	common_short_expressions
poj	chit loo7-boe2	chit lō͘-bóe	itaigi:7865	common_short_expressions
poj	chit ni	chi̍t nî	itaigi:4536	common_short_expressions
poj	chit-kai	chit-kái	itaigi:13118	common_short_expressions
poj	chit-kai2	chit-kái	itaigi:13118	common_short_expressions
poj	chit-kang	chi̍t-kang	itaigi:7872	common_short_expressions
poj	chit-pa	chi̍t-pà	itaigi:1632	common_short_expressions
poj	chit-pah	chi̍t-pah	itaigi:3591	common_short_expressions
poj	chit-si	chit-sî	itaigi:3592	common_short_expressions
poj	chit-si5	chit-sî	itaigi:3592	common_short_expressions
poj	chit-tau	chit-táu	itaigi:19139	common_short_expressions
poj	chit-tau2	chit-táu	itaigi:19139	common_short_expressions
poj	chit-tiam-a	chit-tiám-á	itaigi:13074	common_short_expressions
poj	chit-tiam2-a2	chit-tiám-á	itaigi:13074	common_short_expressions
poj	chit8 e5	chi̍t ê	itaigi:1049	common_short_expressions
poj	chit8 kang	chi̍t kang	itaigi:16713	common_short_expressions
poj	chit8 ni5	chi̍t nî	itaigi:4536	common_short_expressions
poj	chit8-kang	chi̍t-kang	itaigi:7872	common_short_expressions
poj	chit8-pa3	chi̍t-pà	itaigi:1632	common_short_expressions
poj	chit8-pah	chi̍t-pah	itaigi:3591	common_short_expressions
poj	chiu-am	chiū-àm	itaigi:7878	common_short_expressions
poj	chiu-mi	chiū-mî	itaigi:7879	common_short_expressions
poj	chiu7-am3	chiū-àm	itaigi:7878	common_short_expressions
poj	chiu7-mi5	chiū-mî	itaigi:7879	common_short_expressions
poj	choa--e	choa--ê	itaigi:12519	common_short_expressions
poj	choa--e5	choa--ê	itaigi:12519	common_short_expressions
poj	choan-oan	choân-oân	itaigi:2520	common_short_expressions
poj	choan-se-kai	choân-sè-kài	itaigi:2521	common_short_expressions
poj	choan5-oan5	choân-oân	itaigi:2520	common_short_expressions
poj	choan5-se3-kai3	choân-sè-kài	itaigi:2521	common_short_expressions
poj	chong-si	chóng-sī	itaigi:7957	common_short_expressions
poj	chong2-si7	chóng-sī	itaigi:7957	common_short_expressions
poj	e-cha	ē-chá	itaigi:3553	common_short_expressions
poj	e-chai-a	e-chái-á	itaigi:16486	common_short_expressions
poj	e-chai2-a2	e-chái-á	itaigi:16486	common_short_expressions
poj	e-hng-am	e-hng-àm	itaigi:7876	common_short_expressions
poj	e-hng-am3	e-hng-àm	itaigi:7876	common_short_expressions
poj	e-huinn	e-huiⁿ	itaigi:11515	common_short_expressions
poj	e-poo-si-a	ē-po͘-sî-á	itaigi:7894	common_short_expressions
poj	e-tau-si-a	ē-tàu-sî-á	itaigi:7906	common_short_expressions
poj	e-thang	ē-thang	itaigi:7944	common_short_expressions
poj	e7-cha2	ē-chá	itaigi:3553	common_short_expressions
poj	e7-poo-si5-a2	ē-po͘-sî-á	itaigi:7894	common_short_expressions
poj	e7-tau3-si5-a2	ē-tàu-sî-á	itaigi:7906	common_short_expressions
poj	e7-thang	ē-thang	itaigi:7944	common_short_expressions
poj	eng-am	eng-àm	itaigi:7875	common_short_expressions
poj	eng-am si	eng-àm sî	itaigi:7880	common_short_expressions
poj	eng-am3	eng-àm	itaigi:7875	common_short_expressions
poj	eng-am3 si5	eng-àm sî	itaigi:7880	common_short_expressions
poj	eng-kok-bun	Eng-kok-bûn	itaigi:15105	common_short_expressions
poj	eng-kok-bun5	Eng-kok-bûn	itaigi:15105	common_short_expressions
poj	eng-si	eng-sî	itaigi:7877	common_short_expressions
poj	eng-si5	eng-sî	itaigi:7877	common_short_expressions
poj	gian-gi	giân-gí	itaigi:14381	common_short_expressions
poj	gian-gur	giân-gṳ́	itaigi:14395	common_short_expressions
poj	gian-kiu-soo	gián-kiù-só͘	itaigi:7020	common_short_expressions
poj	gian2-kiu3-soo2	gián-kiù-só͘	itaigi:7020	common_short_expressions
poj	gian5-gi2	giân-gí	itaigi:14381	common_short_expressions
poj	gian5-gur2	giân-gṳ́	itaigi:14395	common_short_expressions
poj	gin-a	gín-á	itaigi:1699	common_short_expressions
poj	gin-a-che	gín-á-ché	itaigi:491	common_short_expressions
poj	gin-a-hiann	gín-á-hiaⁿ	itaigi:490	common_short_expressions
poj	gin2-a2	gín-á	itaigi:1699	common_short_expressions
poj	gin2-a2-che2	gín-á-ché	itaigi:491	common_short_expressions
poj	gin2-a2-hiann	gín-á-hiaⁿ	itaigi:490	common_short_expressions
poj	goa jin-ui	góa jīn-ûi	itaigi:10597	common_short_expressions
poj	goa kam-kak	góa kám-kak	itaigi:10596	common_short_expressions
poj	goa-ni	gōa-nī	itaigi:7936	common_short_expressions
poj	goa2 jin7-ui5	góa jīn-ûi	itaigi:10597	common_short_expressions
poj	goa2 kam2-kak	góa kám-kak	itaigi:10596	common_short_expressions
poj	goa7-ni7	gōa-nī	itaigi:7936	common_short_expressions
poj	goan-cha	goân-chá	itaigi:7842	common_short_expressions
poj	goan5-cha2	goân-chá	itaigi:7842	common_short_expressions
poj	gur-gian	gṳ́-giân	itaigi:14396	common_short_expressions
poj	gur2-gian5	gṳ́-giân	itaigi:14396	common_short_expressions
poj	hah-tai	ha̍h-tâi	itaigi:18734	common_short_expressions
poj	hah8-tai5	ha̍h-tâi	itaigi:18734	common_short_expressions
poj	hak-seng-a	ha̍k-seng-á	itaigi:2077	common_short_expressions
poj	hak8-seng-a2	ha̍k-seng-á	itaigi:2077	common_short_expressions
poj	hek-tek	he̍k-tek	itaigi:18340	common_short_expressions
poj	hek-tit	he̍k-tit	itaigi:18339	common_short_expressions
poj	hek8-tek	he̍k-tek	itaigi:18340	common_short_expressions
poj	hek8-tit	he̍k-tit	itaigi:18339	common_short_expressions
poj	heng-cheng-inn	hêng-chèng-īⁿ	itaigi:13597	common_short_expressions
poj	heng-chhu	hèng-chhù	itaigi:1021	common_short_expressions
poj	heng3-chhu3	hèng-chhù	itaigi:1021	common_short_expressions
poj	heng5-cheng3-inn7	hêng-chèng-īⁿ	itaigi:13597	common_short_expressions
poj	hiam	hiàm	itaigi:18557	common_short_expressions
poj	hiam-eh	hiám-eh	itaigi:3771	common_short_expressions
poj	hiam-lan	hiám-lān	itaigi:3770	common_short_expressions
poj	hiam2-eh	hiám-eh	itaigi:3771	common_short_expressions
poj	hiam2-lan7	hiám-lān	itaigi:3770	common_short_expressions
poj	hiam3	hiàm	itaigi:18557	common_short_expressions
poj	hian-chia	hiān-chia	itaigi:11452	common_short_expressions
poj	hian7-chia	hiān-chia	itaigi:11452	common_short_expressions
poj	hiang-si	hiàng-sî	itaigi:12658	common_short_expressions
poj	hiang-si	hiàng-sî	itaigi:12659	common_short_expressions
poj	hiang-si	hiàng-sî	itaigi:7848	common_short_expressions
poj	hiang3-si5	hiàng-sî	itaigi:12658	common_short_expressions
poj	hiang3-si5	hiàng-sî	itaigi:12659	common_short_expressions
poj	hiang3-si5	hiàng-sî	itaigi:7848	common_short_expressions
poj	hit-chun	hit-chūn	itaigi:18983	common_short_expressions
poj	hit-chun7	hit-chūn	itaigi:18983	common_short_expressions
poj	hit-ku	hit-kú	itaigi:18959	common_short_expressions
poj	hit-ku2	hit-kú	itaigi:18959	common_short_expressions
poj	hit-tang-chun	hit-tang-chūn	itaigi:19118	common_short_expressions
poj	hit-tang-chun	hit-tang-chūn	itaigi:7845	common_short_expressions
poj	hit-tang-chun7	hit-tang-chūn	itaigi:19118	common_short_expressions
poj	hit-tang-chun7	hit-tang-chūn	itaigi:7845	common_short_expressions
poj	hit-tang-si	hit-tang-sî	itaigi:7844	common_short_expressions
poj	hit-tang-si5	hit-tang-sî	itaigi:7844	common_short_expressions
poj	ho-cho	ho-chò	itaigi:12843	common_short_expressions
poj	ho-cho3	ho-chò	itaigi:12843	common_short_expressions
poj	ho-choe	hō-chòe	itaigi:14491	common_short_expressions
poj	ho7-choe3	hō-chòe	itaigi:14491	common_short_expressions
poj	hoa-bun	Hôa-bûn	itaigi:15186	common_short_expressions
poj	hoa5-bun5	Hôa-bûn	itaigi:15186	common_short_expressions
poj	hoan-hiam	hoān-hiám	itaigi:3773	common_short_expressions
poj	hoan-se	hoān-sè	itaigi:17991	common_short_expressions
poj	hoan7-hiam2	hoān-hiám	itaigi:3773	common_short_expressions
poj	hoan7-se3	hoān-sè	itaigi:17991	common_short_expressions
poj	hoat-lan-se	Hoat-lân-se	itaigi:17797	common_short_expressions
poj	hoat-lan5-se	Hoat-lân-se	itaigi:17797	common_short_expressions
poj	hun	hūn	itaigi:18798	common_short_expressions
poj	hun-su	hun-su	itaigi:16742	common_short_expressions
poj	hun-sun	hun-sun	itaigi:11745	common_short_expressions
poj	hun7	hūn	itaigi:18798	common_short_expressions
poj	hut-kok	Hu̍t-kok	itaigi:12911	common_short_expressions
poj	hut8-kok	Hu̍t-kok	itaigi:12911	common_short_expressions
poj	i e	i ê	itaigi:2946	common_short_expressions
poj	i e5	i ê	itaigi:2946	common_short_expressions
poj	i--a	i--á	itaigi:1986	common_short_expressions
poj	i--a	î--á	itaigi:2475	common_short_expressions
poj	i--a2	i--á	itaigi:1986	common_short_expressions
poj	i-a	î-á	itaigi:11292	common_short_expressions
poj	i-koan	i-koán	itaigi:17492	common_short_expressions
poj	i-koan2	i-koán	itaigi:17492	common_short_expressions
poj	i-mih-a	ī-mih-á	itaigi:14880	common_short_expressions
poj	i-sng	ī-sńg	itaigi:376	common_short_expressions
poj	i5--a2	î--á	itaigi:2475	common_short_expressions
poj	i5-a2	î-á	itaigi:11292	common_short_expressions
poj	i7-mih-a2	ī-mih-á	itaigi:14880	common_short_expressions
poj	i7-sng2	ī-sńg	itaigi:376	common_short_expressions
poj	ia-be	iá-bē	itaigi:16480	common_short_expressions
poj	ia-boe	iá-bōe	itaigi:16479	common_short_expressions
poj	ia2-be7	iá-bē	itaigi:16480	common_short_expressions
poj	ia2-boe7	iá-bōe	itaigi:16479	common_short_expressions
poj	iah-be	iah-bē	itaigi:16477	common_short_expressions
poj	iah-be7	iah-bē	itaigi:16477	common_short_expressions
poj	iah-boe	iah-bōe	itaigi:16476	common_short_expressions
poj	iah-boe7	iah-bōe	itaigi:16476	common_short_expressions
poj	iah-si	ia̍h-sī	itaigi:10557	common_short_expressions
poj	iah8-si7	ia̍h-sī	itaigi:10557	common_short_expressions
poj	iann-siong	iáⁿ-siōng	itaigi:13501	common_short_expressions
poj	iann2-siong7	iáⁿ-siōng	itaigi:13501	common_short_expressions
poj	it-chin	it-chīn	itaigi:18320	common_short_expressions
poj	it-chin7	it-chīn	itaigi:18320	common_short_expressions
poj	it-liap-it	it-lia̍p-it	itaigi:12682	common_short_expressions
poj	it-liap8-it	it-lia̍p-it	itaigi:12682	common_short_expressions
poj	iu-i	iû-î	itaigi:874	common_short_expressions
poj	iu-koan-tioh	iú-koan-tio̍h	itaigi:4229	common_short_expressions
poj	iu-sng	iû-sńg	itaigi:13937	common_short_expressions
poj	iu2-koan-tioh8	iú-koan-tio̍h	itaigi:4229	common_short_expressions
poj	iu5-i5	iû-î	itaigi:874	common_short_expressions
poj	iu5-sng2	iû-sńg	itaigi:13937	common_short_expressions
poj	ji--goeh	jī--goe̍h	itaigi:6695	common_short_expressions
poj	ji-au	jî-āu	itaigi:2169	common_short_expressions
poj	ji-boe	jî-bóe	itaigi:7863	common_short_expressions
poj	ji-chap	ji-cha̍p	itaigi:3157	common_short_expressions
poj	ji-chap	jī-cha̍p	itaigi:13924	common_short_expressions
poj	ji-chap8	ji-cha̍p	itaigi:3157	common_short_expressions
poj	ji-chhiann	jî-chhiáⁿ	itaigi:7948	common_short_expressions
poj	ji-goeh	jī-goe̍h	itaigi:6654	common_short_expressions
poj	ji-lo-sia	ji-lò-sià	itaigi:6528	common_short_expressions
poj	ji-lo3-sia3	ji-lò-sià	itaigi:6528	common_short_expressions
poj	ji-loo-sia	ji-lò͘-sià	itaigi:6527	common_short_expressions
poj	ji-loo3-sia3	ji-lò͘-sià	itaigi:6527	common_short_expressions
poj	ji5-au7	jî-āu	itaigi:2169	common_short_expressions
poj	ji5-boe2	jî-bóe	itaigi:7863	common_short_expressions
poj	ji5-chhiann2	jî-chhiáⁿ	itaigi:7948	common_short_expressions
poj	ji7--goeh8	jī--goe̍h	itaigi:6695	common_short_expressions
poj	ji7-chap8	jī-cha̍p	itaigi:13924	common_short_expressions
poj	ji7-goeh8	jī-goe̍h	itaigi:6654	common_short_expressions
poj	jin-bat	jīn-bat	itaigi:4202	common_short_expressions
poj	jin-khi	jîn-khì	itaigi:4439	common_short_expressions
poj	jin5-khi3	jîn-khì	itaigi:4439	common_short_expressions
poj	jin7-bat	jīn-bat	itaigi:4202	common_short_expressions
poj	jit	ji̍t	itaigi:7495	common_short_expressions
poj	jit8	ji̍t	itaigi:7495	common_short_expressions
poj	ka-siok	ka-siok	itaigi:14972	common_short_expressions
poj	ka-ti	ka-ti	itaigi:15068	common_short_expressions
poj	ka-ti	ka-tī	itaigi:16628	common_short_expressions
poj	ka-ti7	ka-tī	itaigi:16628	common_short_expressions
poj	kai seng	kài sêng	itaigi:3578	common_short_expressions
poj	kai-seng	kài-sêng	itaigi:17434	common_short_expressions
poj	kai-seng	kài-sêng	itaigi:17435	common_short_expressions
poj	kai3 seng5	kài sêng	itaigi:3578	common_short_expressions
poj	kai3-seng5	kài-sêng	itaigi:17434	common_short_expressions
poj	kai3-seng5	kài-sêng	itaigi:17435	common_short_expressions
poj	kam u	kám ū	itaigi:2928	common_short_expressions
poj	kam-kak	kám-kak	itaigi:19606	common_short_expressions
poj	kam-un	kám-un	itaigi:11756	common_short_expressions
poj	kam2 u7	kám ū	itaigi:2928	common_short_expressions
poj	kam2-kak	kám-kak	itaigi:19606	common_short_expressions
poj	kam2-un	kám-un	itaigi:11756	common_short_expressions
poj	kan-he	kan-hē	itaigi:15151	common_short_expressions
poj	kan-he7	kan-hē	itaigi:15151	common_short_expressions
poj	kan-i	kan-î	itaigi:13805	common_short_expressions
poj	kan-i5	kan-î	itaigi:13805	common_short_expressions
poj	kan-tan	kán-tan	itaigi:4161	common_short_expressions
poj	kan-tann e-tang	kan-taⁿ ē-tàng	itaigi:2425	common_short_expressions
poj	kan-tann e7-tang3	kan-taⁿ ē-tàng	itaigi:2425	common_short_expressions
poj	kan2-tan	kán-tan	itaigi:4161	common_short_expressions
poj	kang chit-iunn	kāng chi̍t-iūⁿ	itaigi:8457	common_short_expressions
poj	kang-khoan	kâng-khoán	itaigi:8458	common_short_expressions
poj	kang5-khoan2	kâng-khoán	itaigi:8458	common_short_expressions
poj	kang7 chit8-iunn7	kāng chi̍t-iūⁿ	itaigi:8457	common_short_expressions
poj	kann-chiah-ni	káⁿ-chiah-nī	itaigi:7937	common_short_expressions
poj	kann-tan	káⁿ-tān	itaigi:7950	common_short_expressions
poj	kann2-chiah-ni7	káⁿ-chiah-nī	itaigi:7937	common_short_expressions
poj	kann2-tan7	káⁿ-tān	itaigi:7950	common_short_expressions
poj	kau--ah	kàu--ah	itaigi:6892	common_short_expressions
poj	kau-oan	kàu-oân	itaigi:16779	common_short_expressions
poj	kau-oan	kàu-oân	itaigi:16781	common_short_expressions
poj	kau-su	kàu-su	itaigi:16778	common_short_expressions
poj	kau3--ah	kàu--ah	itaigi:6892	common_short_expressions
poj	kau3-oan5	kàu-oân	itaigi:16779	common_short_expressions
poj	kau3-oan5	kàu-oân	itaigi:16781	common_short_expressions
poj	kau3-su	kàu-su	itaigi:16778	common_short_expressions
poj	ke-hoe-a	ke-hóe-á	itaigi:7923	common_short_expressions
poj	ke-hoe2-a2	ke-hóe-á	itaigi:7923	common_short_expressions
poj	ke-si-thau-a	ke-si-thâu-á	itaigi:7921	common_short_expressions
poj	ke-si-thau5-a2	ke-si-thâu-á	itaigi:7921	common_short_expressions
poj	kha-chiang	khà-chiàng	itaigi:5602	common_short_expressions
poj	kha-sang	khà-sàng	itaigi:5601	common_short_expressions
poj	kha-sek	kha-sek	itaigi:15188	common_short_expressions
poj	kha-siau	kha-siàu	itaigi:2031	common_short_expressions
poj	kha-siau3	kha-siàu	itaigi:2031	common_short_expressions
poj	kha3-chiang3	khà-chiàng	itaigi:5602	common_short_expressions
poj	kha3-sang3	khà-sàng	itaigi:5601	common_short_expressions
poj	khah-cha	khah-chá	itaigi:7843	common_short_expressions
poj	khah-cha2	khah-chá	itaigi:7843	common_short_expressions
poj	khah-su	khah-su	itaigi:10388	common_short_expressions
poj	khan-gai	khan-gāi	itaigi:1279	common_short_expressions
poj	khan-gai7	khan-gāi	itaigi:1279	common_short_expressions
poj	khe-hak	khe-ha̍k	itaigi:17409	common_short_expressions
poj	khe-hak8	khe-ha̍k	itaigi:17409	common_short_expressions
poj	khe-kho	khe-khó	itaigi:13755	common_short_expressions
poj	khe-kho2	khe-khó	itaigi:13755	common_short_expressions
poj	khi-moo-chih	khi-mó͘-chih	itaigi:5611	common_short_expressions
poj	khi-moo2-chih	khi-mó͘-chih	itaigi:5611	common_short_expressions
poj	khiok-si	khiok-sī	itaigi:7958	common_short_expressions
poj	khiok-si7	khiok-sī	itaigi:7958	common_short_expressions
poj	khng	khǹg	itaigi:14009	common_short_expressions
poj	khng3	khǹg	itaigi:14009	common_short_expressions
poj	khoan mih-kiann	khoán mi̍h-kiāⁿ	itaigi:2426	common_short_expressions
poj	khoan2 mih8-kiann7	khoán mi̍h-kiāⁿ	itaigi:2426	common_short_expressions
poj	khoo-khoo	kho͘-kho͘	itaigi:18921	common_short_expressions
poj	khui-hong	khui-hòng	itaigi:14244	common_short_expressions
poj	khui-hong3	khui-hòng	itaigi:14244	common_short_expressions
poj	kian-muh	kián-muh	itaigi:5408	common_short_expressions
poj	kian2-muh	kián-muh	itaigi:5408	common_short_expressions
poj	kiann-jit	kiăⁿ-ji̍t	itaigi:953	common_short_expressions
poj	kiann-tah	kiâⁿ-ta̍h	itaigi:17072	common_short_expressions
poj	kiann5-tah8	kiâⁿ-ta̍h	itaigi:17072	common_short_expressions
poj	kiann9-jit8	kiăⁿ-ji̍t	itaigi:953	common_short_expressions
poj	kiat-sok	kiat-sok	itaigi:7342	common_short_expressions
poj	kim-oo	kim-o͘	itaigi:7975	common_short_expressions
poj	kin-jit	kīn-ji̍t	itaigi:11500	common_short_expressions
poj	kin-thian	kin-thian	itaigi:11499	common_short_expressions
poj	kin7-jit8	kīn-ji̍t	itaigi:11500	common_short_expressions
poj	kioh-siau	kioh-siàu	itaigi:1240	common_short_expressions
poj	kioh-siau3	kioh-siàu	itaigi:1240	common_short_expressions
poj	kiu-kham	kiù-khàm	itaigi:13756	common_short_expressions
poj	kiu-sit	kiù-si̍t	itaigi:12302	common_short_expressions
poj	kiu3-kham3	kiù-khàm	itaigi:13756	common_short_expressions
poj	kiu3-sit8	kiù-si̍t	itaigi:12302	common_short_expressions
poj	ko-teng	ko-téng	itaigi:1635	common_short_expressions
poj	ko-teng2	ko-téng	itaigi:1635	common_short_expressions
poj	koan-he-tioh	koan-hē-tio̍h	itaigi:19065	common_short_expressions
poj	koan-he7-tioh8	koan-hē-tio̍h	itaigi:19065	common_short_expressions
poj	koe-khi	kòe-khì	itaigi:7846	common_short_expressions
poj	koe-tau	kòe-tàu	itaigi:7905	common_short_expressions
poj	koe3-khi3	kòe-khì	itaigi:7846	common_short_expressions
poj	koe3-tau3	kòe-tàu	itaigi:7905	common_short_expressions
poj	koh u	koh ū	itaigi:3071	common_short_expressions
poj	koh u7	koh ū	itaigi:3071	common_short_expressions
poj	koh-khah	koh-khah	itaigi:10859	common_short_expressions
poj	kok-bin-tong	Kok-bîn-tóng	itaigi:2005	common_short_expressions
poj	kok-bin5-tong2	Kok-bîn-tóng	itaigi:2005	common_short_expressions
poj	kok-hau	kok-hāu	itaigi:11318	common_short_expressions
poj	kok-hau-a	kok-hāu-á	itaigi:11323	common_short_expressions
poj	kok-hau7	kok-hāu	itaigi:11318	common_short_expressions
poj	kok-hau7-a2	kok-hāu-á	itaigi:11323	common_short_expressions
poj	kong-kho	kong-khò	itaigi:19774	common_short_expressions
poj	kong-kho3	kong-khò	itaigi:19774	common_short_expressions
poj	kong-si	Kong-sī	itaigi:15624	common_short_expressions
poj	kong-si7	Kong-sī	itaigi:15624	common_short_expressions
poj	ku-si	kū-sî	itaigi:12264	common_short_expressions
poj	ku7-si5	kū-sî	itaigi:12264	common_short_expressions
poj	kui e	kúi ê	itaigi:4489	common_short_expressions
poj	kui ni	kúi nî	itaigi:1938	common_short_expressions
poj	kui2 e5	kúi ê	itaigi:4489	common_short_expressions
poj	kui2 ni5	kúi nî	itaigi:1938	common_short_expressions
poj	lai-jioo-bu	lăi-jiò͘-bù	itaigi:5636	common_short_expressions
poj	lai9-jioo3-bu3	lăi-jiò͘-bù	itaigi:5636	common_short_expressions
poj	lan-kok	lán-kok	itaigi:4716	common_short_expressions
poj	lan2-kok	lán-kok	itaigi:4716	common_short_expressions
poj	lau-su	lāu-su	itaigi:16780	common_short_expressions
poj	lau7-su	lāu-su	itaigi:16780	common_short_expressions
poj	leng-pai-a	lēng-pái-á	itaigi:1040	common_short_expressions
poj	leng7-pai2-a2	lēng-pái-á	itaigi:1040	common_short_expressions
poj	li	lí	itaigi:18833	common_short_expressions
poj	li2	lí	itaigi:18833	common_short_expressions
poj	liah-chun kong	lia̍h-chún kóng	itaigi:3123	common_short_expressions
poj	liah8-chun2 kong2	lia̍h-chún kóng	itaigi:3123	common_short_expressions
poj	lian-khin	liân-khin	itaigi:1340	common_short_expressions
poj	lian5-khin	liân-khin	itaigi:1340	common_short_expressions
poj	liat-ui	lia̍t-ūi	itaigi:13895	common_short_expressions
poj	liat8-ui7	lia̍t-ūi	itaigi:13895	common_short_expressions
poj	liok-iann	lio̍k-iáⁿ	itaigi:4728	common_short_expressions
poj	liok8-iann2	lio̍k-iáⁿ	itaigi:4728	common_short_expressions
poj	loh-boe	lo̍h-bóe	itaigi:7853	common_short_expressions
poj	loh-boe-a	lo̍h-bóe-á	itaigi:7864	common_short_expressions
poj	loh-boe-chhiu	lo̍h-bóe-chhiú	itaigi:7855	common_short_expressions
poj	loh8-boe2	lo̍h-bóe	itaigi:7853	common_short_expressions
poj	loh8-boe2-a2	lo̍h-bóe-á	itaigi:7864	common_short_expressions
poj	loh8-boe2-chhiu2	lo̍h-bóe-chhiú	itaigi:7855	common_short_expressions
poj	long si	lóng sī	itaigi:3993	common_short_expressions
poj	long u	lóng ū	itaigi:19513	common_short_expressions
poj	long2 si7	lóng sī	itaigi:3993	common_short_expressions
poj	long2 u7	lóng ū	itaigi:19513	common_short_expressions
poj	loo-boe	lō͘-bóe	itaigi:11584	common_short_expressions
poj	loo-boe	lō͘-bóe	itaigi:17559	common_short_expressions
poj	loo-boe	lō͘-bóe	itaigi:7857	common_short_expressions
poj	loo7-boe2	lō͘-bóe	itaigi:11584	common_short_expressions
poj	loo7-boe2	lō͘-bóe	itaigi:17559	common_short_expressions
poj	loo7-boe2	lō͘-bóe	itaigi:7857	common_short_expressions
poj	lun-chin	lūn-chin	itaigi:373	common_short_expressions
poj	lun7-chin	lūn-chin	itaigi:373	common_short_expressions
poj	lut-hoat	lu̍t-hoat	itaigi:6135	common_short_expressions
poj	lut8-hoat	lu̍t-hoat	itaigi:6135	common_short_expressions
poj	m	m̄	itaigi:10220	common_short_expressions
poj	m chhap	m̄ chhap	itaigi:4127	common_short_expressions
poj	m tan na	m̄ tān nā	itaigi:9938	common_short_expressions
poj	m-ai	m̄-ài	itaigi:10221	common_short_expressions
poj	m-chi	m̄-chí	itaigi:7951	common_short_expressions
poj	m-chi	m̄-chí	itaigi:7953	common_short_expressions
poj	m-koan	m̄-koán	itaigi:10406	common_short_expressions
poj	m-koh	m̄-koh	itaigi:12073	common_short_expressions
poj	m-na	m̄-nā	itaigi:6553	common_short_expressions
poj	m-nia	m̄-niā	itaigi:7954	common_short_expressions
poj	m-sai	m̄-sài	itaigi:9958	common_short_expressions
poj	m7	m̄	itaigi:10220	common_short_expressions
poj	m7 chhap	m̄ chhap	itaigi:4127	common_short_expressions
poj	m7 tan7 na7	m̄ tān nā	itaigi:9938	common_short_expressions
poj	m7-ai3	m̄-ài	itaigi:10221	common_short_expressions
poj	m7-chi2	m̄-chí	itaigi:7951	common_short_expressions
poj	m7-chi2	m̄-chí	itaigi:7953	common_short_expressions
poj	m7-koan2	m̄-koán	itaigi:10406	common_short_expressions
poj	m7-koh	m̄-koh	itaigi:12073	common_short_expressions
poj	m7-na7	m̄-nā	itaigi:6553	common_short_expressions
poj	m7-nia7	m̄-niā	itaigi:7954	common_short_expressions
poj	m7-sai3	m̄-sài	itaigi:9958	common_short_expressions
poj	ma u	mā ū	itaigi:2419	common_short_expressions
poj	ma7 u7	mā ū	itaigi:2419	common_short_expressions
poj	mia	miâ	itaigi:19581	common_short_expressions
poj	mia-a-chai	miâ-á-chài	itaigi:6758	common_short_expressions
poj	mia5	miâ	itaigi:19581	common_short_expressions
poj	mia5-a2-chai3	miâ-á-chài	itaigi:6758	common_short_expressions
poj	moa-lau-lau	Môa-láu-lāu	itaigi:15637	common_short_expressions
poj	moa-ni	môa-nî	itaigi:16301	common_short_expressions
poj	moa5-lau2-lau7	Môa-láu-lāu	itaigi:15637	common_short_expressions
poj	moa5-ni5	môa-nî	itaigi:16301	common_short_expressions
poj	moo-hiam	mō͘-hiám	itaigi:3772	common_short_expressions
poj	moo7-hiam2	mō͘-hiám	itaigi:3772	common_short_expressions
poj	na-si	nā-sī	itaigi:7939	common_short_expressions
poj	na7-si7	nā-sī	itaigi:7939	common_short_expressions
poj	ng-bang	ǹg-bāng	itaigi:1416	common_short_expressions
poj	ng3-bang7	ǹg-bāng	itaigi:1416	common_short_expressions
poj	ni-a	nî-á	itaigi:5931	common_short_expressions
poj	ni5-a2	nî-á	itaigi:5931	common_short_expressions
poj	nng-e	nn̄g-ê	itaigi:6660	common_short_expressions
poj	nng7-e5	nn̄g-ê	itaigi:6660	common_short_expressions
poj	oa-beh	óa-beh	itaigi:19450	common_short_expressions
poj	oa2-beh	óa-beh	itaigi:19450	common_short_expressions
poj	oah-mia	oa̍h-miā	itaigi:18286	common_short_expressions
poj	oah8-mia7	oa̍h-miā	itaigi:18286	common_short_expressions
poj	oan-a	oân-á	itaigi:370	common_short_expressions
poj	oan5-a2	oân-á	itaigi:370	common_short_expressions
poj	oe-gi	ōe-gí	itaigi:17249	common_short_expressions
poj	oe7-gi2	ōe-gí	itaigi:17249	common_short_expressions
poj	oo-am-mi	o͘-àm-mî	itaigi:2388	common_short_expressions
poj	oo-am3-mi5	o͘-àm-mî	itaigi:2388	common_short_expressions
poj	oo-kha-sang	o͘-khà-sàng	itaigi:6536	common_short_expressions
poj	oo-kha3-sang3	o͘-khà-sàng	itaigi:6536	common_short_expressions
poj	pat-jit	pa̍t-ji̍t	itaigi:7859	common_short_expressions
poj	pat-jit-a	pa̍t-ji̍t-á	itaigi:7860	common_short_expressions
poj	pat8-jit8	pa̍t-ji̍t	itaigi:7859	common_short_expressions
poj	pat8-jit8-a2	pa̍t-ji̍t-á	itaigi:7860	common_short_expressions
poj	peng-chhiann	pēng-chhiáⁿ	itaigi:7947	common_short_expressions
poj	peng7-chhiann2	pēng-chhiáⁿ	itaigi:7947	common_short_expressions
poj	phah-hai	phah-hāi	itaigi:16402	common_short_expressions
poj	phah-hai7	phah-hāi	itaigi:16402	common_short_expressions
poj	phah-sng	phah-sǹg	itaigi:19664	common_short_expressions
poj	phah-sng	phah-sǹg	itaigi:19665	common_short_expressions
poj	phah-sng	phah-sǹg	itaigi:9088	common_short_expressions
poj	phah-sng	phah-sǹg	itaigi:9518	common_short_expressions
poj	phah-sng3	phah-sǹg	itaigi:19664	common_short_expressions
poj	phah-sng3	phah-sǹg	itaigi:19665	common_short_expressions
poj	phah-sng3	phah-sǹg	itaigi:9088	common_short_expressions
poj	phah-sng3	phah-sǹg	itaigi:9518	common_short_expressions
poj	phah-suinn	phah-sùiⁿ	itaigi:17877	common_short_expressions
poj	phah-suinn3	phah-sùiⁿ	itaigi:17877	common_short_expressions
poj	phiat-poo	phiat-pō͘	itaigi:12832	common_short_expressions
poj	phiat-poo	phiat-pō͘	itaigi:2829	common_short_expressions
poj	phiat-poo7	phiat-pō͘	itaigi:12832	common_short_expressions
poj	phiat-poo7	phiat-pō͘	itaigi:2829	common_short_expressions
poj	phoo ki liok a	phó͘ kî lio̍k á	itaigi:9519	common_short_expressions
poj	phoo2 ki5 liok8 a2	phó͘ kî lio̍k á	itaigi:9519	common_short_expressions
poj	pian-na	piān-nā	itaigi:13541	common_short_expressions
poj	pian-poo-na	piān-pō͘-nā	itaigi:18757	common_short_expressions
poj	pian7-na7	piān-nā	itaigi:13541	common_short_expressions
poj	pian7-poo7-na7	piān-pō͘-nā	itaigi:18757	common_short_expressions
poj	pinn-inn	pīⁿ-īⁿ	itaigi:17443	common_short_expressions
poj	pinn7-inn7	pīⁿ-īⁿ	itaigi:17443	common_short_expressions
poj	pun-jian	pún-jiân	itaigi:18310	common_short_expressions
poj	pun-tiunn	pun-tiuⁿ	itaigi:11307	common_short_expressions
poj	pun2-jian5	pún-jiân	itaigi:18310	common_short_expressions
poj	sann-poann	saⁿ-poaⁿ	itaigi:16419	common_short_expressions
poj	sann-tang	saⁿ-tâng	itaigi:18316	common_short_expressions
poj	sann-tang5	saⁿ-tâng	itaigi:18316	common_short_expressions
poj	se-hu	sè-hù	itaigi:5702	common_short_expressions
poj	se3-hu3	sè-hù	itaigi:5702	common_short_expressions
poj	seh-seh	seh-seh	itaigi:5457	common_short_expressions
poj	sek-sai	se̍k-sāi	itaigi:7730	common_short_expressions
poj	sek8-sai7	se̍k-sāi	itaigi:7730	common_short_expressions
poj	si m si	sī m̄ sī	itaigi:4537	common_short_expressions
poj	si--bo	sī--bô	itaigi:5857	common_short_expressions
poj	si-an-hoe	sī-án-hōe	itaigi:3797	common_short_expressions
poj	si-cham	sî-chām	itaigi:18467	common_short_expressions
poj	si-kiok	sî-kio̍k	itaigi:14822	common_short_expressions
poj	si-kiok	sî-kio̍k	itaigi:16193	common_short_expressions
poj	si-si	sî-sî	itaigi:18910	common_short_expressions
poj	si5-cham7	sî-chām	itaigi:18467	common_short_expressions
poj	si5-kiok8	sî-kio̍k	itaigi:14822	common_short_expressions
poj	si5-kiok8	sî-kio̍k	itaigi:16193	common_short_expressions
poj	si5-si5	sî-sî	itaigi:18910	common_short_expressions
poj	si7 m7 si7	sī m̄ sī	itaigi:4537	common_short_expressions
poj	si7--bo5	sī--bô	itaigi:5857	common_short_expressions
poj	si7-an2-hoe7	sī-án-hōe	itaigi:3797	common_short_expressions
poj	sia-sin	sia-sín	itaigi:5705	common_short_expressions
poj	sia-sin2	sia-sín	itaigi:5705	common_short_expressions
poj	siang-khu	siang-khu	itaigi:16741	common_short_expressions
poj	sin-kang	Sin-káng	itaigi:15676	common_short_expressions
poj	sin-kang2	Sin-káng	itaigi:15676	common_short_expressions
poj	sin-lo	sin-lô	itaigi:15192	common_short_expressions
poj	sin-lo5	sin-lô	itaigi:15192	common_short_expressions
poj	sin-ni	sin-nî	itaigi:7867	common_short_expressions
poj	sin-ni5	sin-nî	itaigi:7867	common_short_expressions
poj	sin-tek	Sin-tek	itaigi:15165	common_short_expressions
poj	sio-hak	sió-ha̍k	itaigi:13880	common_short_expressions
poj	sio-kang	sio-kāng	itaigi:2200	common_short_expressions
poj	sio-kang7	sio-kāng	itaigi:2200	common_short_expressions
poj	sio-peng-iu	sió-pêng-iú	itaigi:497	common_short_expressions
poj	sio-thin	sio-thīn	itaigi:15606	common_short_expressions
poj	sio-thin7	sio-thīn	itaigi:15606	common_short_expressions
poj	sio2-hak8	sió-ha̍k	itaigi:13880	common_short_expressions
poj	sio2-peng5-iu2	sió-pêng-iú	itaigi:497	common_short_expressions
poj	siok-ti	sio̍k-tī	itaigi:18842	common_short_expressions
poj	siok8-ti7	sio̍k-tī	itaigi:18842	common_short_expressions
poj	siong-chhiann	siōng-chhiáⁿ	itaigi:7949	common_short_expressions
poj	siong7-chhiann2	siōng-chhiáⁿ	itaigi:7949	common_short_expressions
poj	siunn-chhiang	siūⁿ-chhiāng	itaigi:4815	common_short_expressions
poj	siunn-siong	siūⁿ-sióng	itaigi:18109	common_short_expressions
poj	siunn7-chhiang7	siūⁿ-chhiāng	itaigi:4815	common_short_expressions
poj	siunn7-siong2	siūⁿ-sióng	itaigi:18109	common_short_expressions
poj	sng-hi	sńg-hì	itaigi:5428	common_short_expressions
poj	sng-i	sńg-ī	itaigi:375	common_short_expressions
poj	sng2-hi3	sńg-hì	itaigi:5428	common_short_expressions
poj	sng2-i7	sńg-ī	itaigi:375	common_short_expressions
poj	soa--loh-lai	sòa--lo̍h-lâi	itaigi:3974	common_short_expressions
poj	soa3--loh8-lai5	sòa--lo̍h-lâi	itaigi:3974	common_short_expressions
poj	soo-be	sò͘-bé	itaigi:15154	common_short_expressions
poj	soo-ma	sò͘-má	itaigi:14980	common_short_expressions
poj	soo-pai	só͘-pái	itaigi:7297	common_short_expressions
poj	soo2-pai2	só͘-pái	itaigi:7297	common_short_expressions
poj	soo3-be2	sò͘-bé	itaigi:15154	common_short_expressions
poj	soo3-ma2	sò͘-má	itaigi:14980	common_short_expressions
poj	su-iann	su-iâⁿ	itaigi:7059	common_short_expressions
poj	su-iann5	su-iâⁿ	itaigi:7059	common_short_expressions
poj	ta-kau	Tá-káu	itaigi:326	common_short_expressions
poj	ta-poo-kiann	ta-po͘-kiáⁿ	itaigi:16327	common_short_expressions
poj	ta-poo-kiann2	ta-po͘-kiáⁿ	itaigi:16327	common_short_expressions
poj	ta2-kau2	Tá-káu	itaigi:326	common_short_expressions
poj	tai-oan	Tâi-oân	itaigi:70	common_short_expressions
poj	tai5-oan5	Tâi-oân	itaigi:70	common_short_expressions
poj	tam-tng	tam-tng	itaigi:1046	common_short_expressions
poj	tan-tan	tān-tān	itaigi:7956	common_short_expressions
poj	tan7-tan7	tān-tān	itaigi:7956	common_short_expressions
poj	tang-si-a	tang-sî-á	itaigi:6829	common_short_expressions
poj	tang-si5-a2	tang-sî-á	itaigi:6829	common_short_expressions
poj	tau-e-tit-tit	tàu-ê-ti̍t-ti̍t	itaigi:19229	common_short_expressions
poj	tau3-e5-tit8-tit8	tàu-ê-ti̍t-ti̍t	itaigi:19229	common_short_expressions
poj	tauh-tauh	ta̍uh-ta̍uh	itaigi:19070	common_short_expressions
poj	tauh-tauh-a	ta̍uh-ta̍uh-á	itaigi:13900	common_short_expressions
poj	tauh8-tauh8	ta̍uh-ta̍uh	itaigi:19070	common_short_expressions
poj	tauh8-tauh8-a2	ta̍uh-ta̍uh-á	itaigi:13900	common_short_expressions
poj	te-ti	té-tì	itaigi:17441	common_short_expressions
poj	te2-ti3	té-tì	itaigi:17441	common_short_expressions
poj	tek-cham	Tek-chām	itaigi:15719	common_short_expressions
poj	tek-cham7	Tek-chām	itaigi:15719	common_short_expressions
poj	tek-chham	Tek-chhàm	itaigi:15166	common_short_expressions
poj	tek-chham3	Tek-chhàm	itaigi:15166	common_short_expressions
poj	tek-i-chi	Tek-ì-chì	itaigi:8129	common_short_expressions
poj	tek-i3-chi3	Tek-ì-chì	itaigi:8129	common_short_expressions
poj	teng-hoe	téng-hôe	itaigi:7847	common_short_expressions
poj	teng-kai	téng-kái	itaigi:7850	common_short_expressions
poj	teng-pang	téng-pang	itaigi:7851	common_short_expressions
poj	teng-peng	téng-pêng	itaigi:3870	common_short_expressions
poj	teng2-hoe5	téng-hôe	itaigi:7847	common_short_expressions
poj	teng2-kai2	téng-kái	itaigi:7850	common_short_expressions
poj	teng2-pang	téng-pang	itaigi:7851	common_short_expressions
poj	teng2-peng5	téng-pêng	itaigi:3870	common_short_expressions
poj	thah-tu-a	tha̍h-tú-á	itaigi:3198	common_short_expressions
poj	thah8-tu2-a2	tha̍h-tú-á	itaigi:3198	common_short_expressions
poj	thai-iang	thài-iâng	itaigi:7741	common_short_expressions
poj	thai3-iang5	thài-iâng	itaigi:7741	common_short_expressions
poj	thau-chhui	thâu-chhùi	itaigi:8586	common_short_expressions
poj	thau-pai	thâu-pái	itaigi:7849	common_short_expressions
poj	thau5-chhui3	thâu-chhùi	itaigi:8586	common_short_expressions
poj	thau5-pai2	thâu-pái	itaigi:7849	common_short_expressions
poj	thong-se-kai	thong-sè-kài	itaigi:2522	common_short_expressions
poj	thong-se3-kai3	thong-sè-kài	itaigi:2522	common_short_expressions
poj	tian-chi	tiān-chí	itaigi:17455	common_short_expressions
poj	tian-hoe hi	tiān-hōe hì	itaigi:2060	common_short_expressions
poj	tian-tong	tiān-tōng	itaigi:2991	common_short_expressions
poj	tian7-chi2	tiān-chí	itaigi:17455	common_short_expressions
poj	tian7-hoe7 hi3	tiān-hōe hì	itaigi:2060	common_short_expressions
poj	tian7-tong7	tiān-tōng	itaigi:2991	common_short_expressions
poj	tiau-tit	tiâu-ti̍t	itaigi:16571	common_short_expressions
poj	tiau5-tit8	tiâu-ti̍t	itaigi:16571	common_short_expressions
poj	tioh	tio̍h	itaigi:2203	common_short_expressions
poj	tioh8	tio̍h	itaigi:2203	common_short_expressions
poj	tiong-kok	Tiong-kok	itaigi:3867	common_short_expressions
poj	tit--tioh	tit--tio̍h	itaigi:18275	common_short_expressions
poj	tit--tioh8	tit--tio̍h	itaigi:18275	common_short_expressions
poj	tng--chhu	tńg--chhù	itaigi:6781	common_short_expressions
poj	tng-soann	Tn̂g-soaⁿ	itaigi:17819	common_short_expressions
poj	tng2--chhu3	tńg--chhù	itaigi:6781	common_short_expressions
poj	tng5-soann	Tn̂g-soaⁿ	itaigi:17819	common_short_expressions
poj	to-ai	tō-ài	itaigi:18110	common_short_expressions
poj	to-tng--lai	tò-tńg--lâi	itaigi:17778	common_short_expressions
poj	to3-tng2--lai5	tò-tńg--lâi	itaigi:17778	common_short_expressions
poj	to7-ai3	tō-ài	itaigi:18110	common_short_expressions
poj	toa-bin	tōa-bīn	itaigi:19576	common_short_expressions
poj	toa-poo-hun	tōa-pō͘-hūn	itaigi:827	common_short_expressions
poj	toa-tun	Tōa-tun	itaigi:17790	common_short_expressions
poj	toa7-bin7	tōa-bīn	itaigi:19576	common_short_expressions
poj	toa7-poo7-hun7	tōa-pō͘-hūn	itaigi:827	common_short_expressions
poj	toa7-tun	Tōa-tun	itaigi:17790	common_short_expressions
poj	toe	tòe	itaigi:4517	common_short_expressions
poj	toe3	tòe	itaigi:4517	common_short_expressions
poj	toh-chit-ui	toh-chi̍t-ūi	itaigi:7920	common_short_expressions
poj	toh-chit8-ui7	toh-chi̍t-ūi	itaigi:7920	common_short_expressions
poj	toh-loh	toh-lo̍h	itaigi:7919	common_short_expressions
poj	toh-loh8	toh-lo̍h	itaigi:7919	common_short_expressions
poj	toh-ui-a	toh-ūi-á	itaigi:7902	common_short_expressions
poj	toh-ui7-a2	toh-ūi-á	itaigi:7902	common_short_expressions
poj	tok-ek	To̍k-e̍k	itaigi:8127	common_short_expressions
poj	tok-it	To̍k-it	itaigi:8128	common_short_expressions
poj	tok-kok	To̍k-kok	itaigi:8126	common_short_expressions
poj	tok8-ek8	To̍k-e̍k	itaigi:8127	common_short_expressions
poj	tok8-it	To̍k-it	itaigi:8128	common_short_expressions
poj	tok8-kok	To̍k-kok	itaigi:8126	common_short_expressions
poj	tong-chhia	tōng-chhia	itaigi:11969	common_short_expressions
poj	tong7-chhia	tōng-chhia	itaigi:11969	common_short_expressions
poj	too-sang	tò͘-sàng	itaigi:6520	common_short_expressions
poj	too-sang	tó͘-sàng	itaigi:5737	common_short_expressions
poj	too2-sang3	tó͘-sàng	itaigi:5737	common_short_expressions
poj	too3-sang3	tò͘-sàng	itaigi:6520	common_short_expressions
poj	tu-chiah	tú-chiah	itaigi:14213	common_short_expressions
poj	tu-tioh	tú-tio̍h	itaigi:11128	common_short_expressions
poj	tu-tu-a	tú-tú-á	itaigi:11458	common_short_expressions
poj	tu2-chiah	tú-chiah	itaigi:14213	common_short_expressions
poj	tu2-tioh8	tú-tio̍h	itaigi:11128	common_short_expressions
poj	tu2-tu2-a2	tú-tú-á	itaigi:11458	common_short_expressions
poj	tui-keh	tùi-ke̍h	itaigi:10673	common_short_expressions
poj	tui-tioh	tùi-tio̍h	itaigi:19404	common_short_expressions
poj	tui3-keh8	tùi-ke̍h	itaigi:10673	common_short_expressions
poj	tui3-tioh8	tùi-tio̍h	itaigi:19404	common_short_expressions
poj	u--bo	ū--bô	itaigi:6880	common_short_expressions
poj	u-jiam	u-jiám	itaigi:1651	common_short_expressions
poj	u-jiam2	u-jiám	itaigi:1651	common_short_expressions
poj	u-tang-tioh-a	ū-tang-tio̍h-á	itaigi:16347	common_short_expressions
poj	u-tang-tioh-a	ū-tang-tio̍h-á	itaigi:16348	common_short_expressions
poj	u7--bo5	ū--bô	itaigi:6880	common_short_expressions
poj	u7-tang-tioh8-a2	ū-tang-tio̍h-á	itaigi:16347	common_short_expressions
poj	u7-tang-tioh8-a2	ū-tang-tio̍h-á	itaigi:16348	common_short_expressions
poj	ui-chhi	ûi-chhî	itaigi:19327	common_short_expressions
poj	ui5-chhi5	ûi-chhî	itaigi:19327	common_short_expressions
taiwan	a'bu'da'bi	阿布達比	cedict:line:114333	taiwan_usage
taiwan	a'di'si'a'bei'ba	阿迪斯阿貝巴	cedict:line:114563	taiwan_usage
taiwan	a'gong	阿公	cedict:line:114261	taiwan_usage
taiwan	a'jiao	阿膠	cedict:line:114525	taiwan_usage
taiwan	a'la'bo'lian'he'da'gong'guo	阿拉伯聯合大公國	cedict:line:114360	taiwan_usage
taiwan	a'li'shan	阿里山	cedict:line:114569	mountains
taiwan	a'lian'qu	阿蓮區	cedict:line:114543	places
taiwan	a'lu'ba	阿魯巴	cedict:line:114589	plants
taiwan	a'ma	阿媽	cedict:line:114318	taiwan_usage
taiwan	a'ma	阿嬤	cedict:line:114319	taiwan_usage
taiwan	a'mei'zu	阿美族	cedict:line:114514	indigenous
taiwan	a'piao	阿飄	cedict:line:114585	taiwan_usage
taiwan	a'sha'li	阿莎力	cedict:line:114535	taiwan_usage
taiwan	a'shi'ha'ba'te	阿什哈巴特	cedict:line:114231	taiwan_usage
taiwan	a'si'pi'ling	阿斯匹靈	cedict:line:114397	taiwan_usage
taiwan	a'zi'hai'mo'zheng	阿茲海默症	cedict:line:114533	taiwan_usage
taiwan	aa	安安	cedict:line:31967	taiwan_usage
taiwan	abdb	阿布達比	cedict:line:114333	taiwan_usage
taiwan	adkjbbd	安地卡及巴布達	cedict:line:31944	taiwan_usage
taiwan	adq	安定器	cedict:line:31971	taiwan_usage
taiwan	adsabb	阿迪斯阿貝巴	cedict:line:114563	taiwan_usage
taiwan	afett	艾菲爾鐵塔	cedict:line:92921	taiwan_usage
taiwan	ag	阿公	cedict:line:114261	taiwan_usage
taiwan	agn	暗光鳥	cedict:line:53944	taiwan_usage
taiwan	agn	暗公鳥	cedict:line:53945	taiwan_usage
taiwan	ah	奧會	cedict:line:29726	taiwan_usage
taiwan	ahh	愛荷華	cedict:line:42788	taiwan_usage
taiwan	ai	堐	cedict:line:26025	taiwan_usage
taiwan	ai	欸	cedict:line:60004	taiwan_usage
taiwan	ai	鑀	cedict:line:112683	taiwan_usage
taiwan	ai'fei'er'tie'ta	艾菲爾鐵塔	cedict:line:92921	taiwan_usage
taiwan	ai'he'hua	愛荷華	cedict:line:42788	taiwan_usage
taiwan	ai'ni	愛你	wikidata:Q139677375+cedict:derived	songs
taiwan	ai'wei'yang	愛維養	cedict:line:42783	taiwan_usage
taiwan	ai'yu'bing	愛玉冰	cedict:line:42767	foods
taiwan	aj	阿膠	cedict:line:114525	taiwan_usage
taiwan	ajs	胺基酸	cedict:line:90376	taiwan_usage
taiwan	ak	奧客	cedict:line:29702	taiwan_usage
taiwan	aklhm	奧克拉荷馬	cedict:line:29681	taiwan_usage
taiwan	al	暗鷺	cedict:line:54033	taiwan_usage
taiwan	alb	阿魯巴	cedict:line:114589	plants
taiwan	alblhdgg	阿拉伯聯合大公國	cedict:line:114360	taiwan_usage
taiwan	alq	安樂區	cedict:line:32055	places
taiwan	alq	阿蓮區	cedict:line:114543	places
taiwan	als	阿里山	cedict:line:114569	mountains
taiwan	am	阿媽	cedict:line:114318	taiwan_usage
taiwan	am	阿嬤	cedict:line:114319	taiwan_usage
taiwan	amz	阿美族	cedict:line:114514	indigenous
taiwan	an	安南	cedict:line:31925	history
taiwan	an	愛你	wikidata:Q139677375+cedict:derived	songs
taiwan	an	桉	cedict:line:57652	taiwan_usage
taiwan	an	胺	cedict:line:90375	taiwan_usage
taiwan	an	鮟	cedict:line:122458	taiwan_usage
taiwan	an'an	安安	cedict:line:31967	taiwan_usage
taiwan	an'di'ka'ji'ba'bu'da	安地卡及巴布達	cedict:line:31944	taiwan_usage
taiwan	an'ding'qi	安定器	cedict:line:31971	taiwan_usage
taiwan	an'gong'niao	暗公鳥	cedict:line:53945	taiwan_usage
taiwan	an'guang'niao	暗光鳥	cedict:line:53944	taiwan_usage
taiwan	an'ji'suan	胺基酸	cedict:line:90376	taiwan_usage
taiwan	an'le'qu	安樂區	cedict:line:32055	places
taiwan	an'lu	暗鷺	cedict:line:54033	taiwan_usage
taiwan	an'nan	安南	cedict:line:31925	history
taiwan	an'nan'qu	安南區	cedict:line:31926	places
taiwan	an'ping'qu	安平區	cedict:line:31998	places
taiwan	an'qin'ban	安親班	cedict:line:32110	taiwan_usage
taiwan	an'ta'na'na'li'fo	安塔那那利佛	cedict:line:31950	taiwan_usage
taiwan	an'yang'yuan	安養院	cedict:line:32155	taiwan_usage
taiwan	an'ying'zha'zhai	安營紮寨	cedict:line:32075	taiwan_usage
taiwan	an'zan	按讚	cedict:line:46926	taiwan_usage
taiwan	ang	腌	cedict:line:90658	taiwan_usage
taiwan	ang'zang	腌臢	cedict:line:90660	taiwan_usage
taiwan	anq	安南區	cedict:line:31926	places
taiwan	ao	坳	cedict:line:25429	taiwan_usage
taiwan	ao	驁	cedict:line:121019	taiwan_usage
taiwan	ao'hui	奧會	cedict:line:29726	taiwan_usage
taiwan	ao'ke	奧客	cedict:line:29702	taiwan_usage
taiwan	ao'ke'la'he'ma	奧克拉荷馬	cedict:line:29681	taiwan_usage
taiwan	ap	阿飄	cedict:line:114585	taiwan_usage
taiwan	apq	安平區	cedict:line:31998	places
taiwan	aqb	安親班	cedict:line:32110	taiwan_usage
taiwan	ashbt	阿什哈巴特	cedict:line:114231	taiwan_usage
taiwan	asl	阿莎力	cedict:line:114535	taiwan_usage
taiwan	aspl	阿斯匹靈	cedict:line:114397	taiwan_usage
taiwan	atnnlf	安塔那那利佛	cedict:line:31950	taiwan_usage
taiwan	awy	愛維養	cedict:line:42783	taiwan_usage
taiwan	ayb	愛玉冰	cedict:line:42767	foods
taiwan	ayy	安養院	cedict:line:32155	taiwan_usage
taiwan	ayzz	安營紮寨	cedict:line:32075	taiwan_usage
taiwan	az	按讚	cedict:line:46926	taiwan_usage
taiwan	az	腌臢	cedict:line:90660	taiwan_usage
taiwan	azhmz	阿茲海默症	cedict:line:114533	taiwan_usage
taiwan	ba	波昂	cedict:line:64049	places
taiwan	ba	鈀	cedict:line:111376	taiwan_usage
taiwan	ba'ba	把拔	cedict:line:45344	taiwan_usage
taiwan	ba'bei	跋桮	cedict:line:104776	taiwan_usage
taiwan	ba'bei'duo	巴貝多	cedict:line:36889	places
taiwan	ba'bu'la'zu	巴布拉族	cedict:line:36794	indigenous
taiwan	ba'bu'ya'niu'ji'nei'ya	巴布亞紐幾內亞	cedict:line:36792	taiwan_usage
taiwan	ba'cha	巴剎	cedict:line:36743	taiwan_usage
taiwan	ba'dian'dang	八點檔	cedict:line:11705	taiwan_usage
taiwan	ba'er'san'pao'zhan	八二三炮戰	cedict:line:11575	taiwan_usage
taiwan	ba'gua'shan	八卦山	cedict:line:11593	mountains
taiwan	ba'ha	巴哈	cedict:line:36756	taiwan_usage
taiwan	ba'ji	霸機	cedict:line:117318	taiwan_usage
taiwan	ba'jia'jiang	八家將	cedict:line:11619	places
taiwan	ba'la	芭拉	cedict:line:93038	taiwan_usage
taiwan	ba'la'ma'li'bo	巴拉馬利波	cedict:line:36811	taiwan_usage
taiwan	ba'le	芭樂	cedict:line:93041	taiwan_usage
taiwan	ba'le'ge	芭樂歌	cedict:line:93042	taiwan_usage
taiwan	ba'le'piao	芭樂票	cedict:line:93043	taiwan_usage
taiwan	ba'li	峇里	cedict:line:35898	places
taiwan	ba'niu	巴紐	cedict:line:36869	taiwan_usage
taiwan	ba'sai'long'na	巴塞隆納	cedict:line:36769	taiwan_usage
taiwan	ba'shi'hai'xia	巴士海峽	cedict:line:36773	taiwan_usage
taiwan	ba'song'guan	巴頌管	cedict:line:36912	taiwan_usage
taiwan	ba'tan'qun'dao	巴坦群島	cedict:line:36763	taiwan_usage
taiwan	ba'zai'zu	巴宰族	cedict:line:36778	indigenous
taiwan	bai'bai	拜拜	cedict:line:46533	taiwan_usage
taiwan	bai'bai	掰掰	cedict:line:48095	taiwan_usage
taiwan	bai'bi'xin	白鼻心	cedict:line:76821	taiwan_usage
taiwan	bai'bing'bing	白冰冰	cedict:line:76376	performers
taiwan	bai'jiu	白酒	cedict:line:76708	beverages
taiwan	bai'mu'da	百慕達	cedict:line:76904	taiwan_usage
taiwan	bai'piao	拜票	cedict:line:46541	taiwan_usage
taiwan	bai'xian'yong	白先勇	cedict:line:76369	taiwan_usage
taiwan	ban'dai	班代	cedict:line:73223	people
taiwan	ban'dao	班導	cedict:line:73236	taiwan_usage
taiwan	ban'dao'shi	班導師	cedict:line:73237	taiwan_usage
taiwan	ban'ji	班基	cedict:line:73234	taiwan_usage
taiwan	ban'jia'jia'jiu	扮家家酒	cedict:line:45020	taiwan_usage
taiwan	ban'qiao	板橋	cedict:line:56536	places
taiwan	ban'qiao'shi	板橋市	cedict:line:56537	places
taiwan	ban'shou'li	伴手禮	cedict:line:7000	taiwan_usage
taiwan	ban'zhu	班竹	cedict:line:73255	taiwan_usage
taiwan	ban'zhuo	辦桌	cedict:line:106636	taiwan_usage
taiwan	bang	磅	cedict:line:79944	taiwan_usage
taiwan	bang'bang'tui	棒棒腿	cedict:line:58083	taiwan_usage
taiwan	bang'sai	棒賽	cedict:line:58093	taiwan_usage
taiwan	bang'zhuang	綁樁	cedict:line:85806	taiwan_usage
taiwan	bao'bao	包包	cedict:line:15966	taiwan_usage
taiwan	bao'dao	寶島	cedict:line:33712	taiwan_usage
taiwan	bao'lei	爆雷	cedict:line:71096	taiwan_usage
taiwan	bao'quan	保全	cedict:line:8122	taiwan_usage
taiwan	bao'quan'yuan	保全員	cedict:line:8123	taiwan_usage
taiwan	bao'shan	寶山	cedict:line:33710	places
taiwan	bao'shang	包商	cedict:line:15969	taiwan_usage
taiwan	bao'yang'pin	保養品	cedict:line:8252	taiwan_usage
taiwan	bao'zi	堡子	cedict:line:26037	places
taiwan	bao'zou'zu	暴走族	cedict:line:54138	taiwan_usage
taiwan	baz	博愛座	cedict:line:17291	taiwan_usage
taiwan	bb	兵變	cedict:line:12205	taiwan_usage
taiwan	bb	包包	cedict:line:15966	taiwan_usage
taiwan	bb	把拔	cedict:line:45344	taiwan_usage
taiwan	bb	拜拜	cedict:line:46533	taiwan_usage
taiwan	bb	掰掰	cedict:line:48095	taiwan_usage
taiwan	bb	比捕	cedict:line:61492	taiwan_usage
taiwan	bb	薄板	cedict:line:95785	taiwan_usage
taiwan	bb	跋桮	cedict:line:104776	taiwan_usage
taiwan	bbb	白冰冰	cedict:line:76376	performers
taiwan	bbd	巴貝多	cedict:line:36889	places
taiwan	bblz	巴布拉族	cedict:line:36794	indigenous
taiwan	bbnc	波霸奶茶	cedict:line:64121	beverages
taiwan	bbt	棒棒腿	cedict:line:58083	taiwan_usage
taiwan	bbx	白鼻心	cedict:line:76821	taiwan_usage
taiwan	bbynjny	巴布亞紐幾內亞	cedict:line:36792	taiwan_usage
taiwan	bc	北車	cedict:line:16358	places
taiwan	bc	巴剎	cedict:line:36743	taiwan_usage
taiwan	bd	冰店	cedict:line:12622	taiwan_usage
taiwan	bd	寶島	cedict:line:33712	taiwan_usage
taiwan	bd	班代	cedict:line:73223	people
taiwan	bd	班導	cedict:line:73236	taiwan_usage
taiwan	bd	畢典	cedict:line:75083	taiwan_usage
taiwan	bdbtq	不逮捕特權	cedict:line:2948	taiwan_usage
taiwan	bdd	八點檔	cedict:line:11705	taiwan_usage
taiwan	bdgy	步登公寓	cedict:line:60567	taiwan_usage
taiwan	bdlc	波德里查	cedict:line:64025	taiwan_usage
taiwan	bds	班導師	cedict:line:73237	taiwan_usage
taiwan	bdxo	布袋戲偶	cedict:line:37121	taiwan_usage
taiwan	be	伯恩	cedict:line:6955	taiwan_usage
taiwan	begl	貝爾格勒	cedict:line:102860	taiwan_usage
taiwan	bei	鉳	cedict:line:111527	taiwan_usage
taiwan	bei'che	北車	cedict:line:16358	places
taiwan	bei'er'ge'le	貝爾格勒	cedict:line:102860	taiwan_usage
taiwan	bei'er'mo'bang	貝爾墨邦	cedict:line:102858	taiwan_usage
taiwan	bei'gan	北竿	cedict:line:16346	places
taiwan	bei'li'si	貝里斯	cedict:line:102872	taiwan_usage
taiwan	bei'nan	貝南	cedict:line:102832	taiwan_usage
taiwan	bei'nan'zu	卑南族	cedict:line:16944	indigenous
taiwan	bei'shi	北市	cedict:line:16275	taiwan_usage
taiwan	bei'tou'qu	北投區	cedict:line:16285	places
taiwan	bei'tun'qu	北屯區	cedict:line:16266	places
taiwan	bei'yuan	備援	cedict:line:9595	taiwan_usage
taiwan	bemb	貝爾墨邦	cedict:line:102858	taiwan_usage
taiwan	ben	奔	cedict:line:29555	taiwan_usage
taiwan	ben'sheng'ren	本省人	cedict:line:55716	taiwan_usage
taiwan	ben'tu'pai	本土派	cedict:line:55656	taiwan_usage
taiwan	ben'zei'yi'luo'kuang	笨賊一籮筐	wikidata:Q19853269+cedict:derived	books
taiwan	beng	榜	cedict:line:58669	taiwan_usage
taiwan	bespz	八二三炮戰	cedict:line:11575	taiwan_usage
taiwan	bfd	便服店	cedict:line:7969	taiwan_usage
taiwan	bfgs	部分工時	cedict:line:109600	taiwan_usage
taiwan	bg	北竿	cedict:line:16346	places
taiwan	bgq	搏感情	cedict:line:48540	taiwan_usage
taiwan	bgs	八卦山	cedict:line:11593	mountains
taiwan	bh	不會	cedict:line:2613	taiwan_usage
taiwan	bh	巴哈	cedict:line:36756	taiwan_usage
taiwan	bh	波赫	cedict:line:64113	taiwan_usage
taiwan	bi	俾	cedict:line:8524	taiwan_usage
taiwan	bi	比	cedict:line:61439	taiwan_usage
taiwan	bi	睥	cedict:line:78624	taiwan_usage
taiwan	bi	鐾	cedict:line:112681	taiwan_usage
taiwan	bi	鰏	cedict:line:122590	taiwan_usage
taiwan	bi'bu	比捕	cedict:line:61492	taiwan_usage
taiwan	bi'dian	畢典	cedict:line:75083	taiwan_usage
taiwan	bi'ji	比及	cedict:line:61469	taiwan_usage
taiwan	bi'jian	比肩	cedict:line:61526	taiwan_usage
taiwan	bi'ka'suo	畢卡索	cedict:line:75085	taiwan_usage
taiwan	bi'la'ti'si	彼拉提斯	cedict:line:39817	taiwan_usage
taiwan	bi'nian	比年	cedict:line:61485	taiwan_usage
taiwan	bi'pan	比拚	cedict:line:61490	taiwan_usage
taiwan	bi'suo	比索	cedict:line:61519	taiwan_usage
taiwan	bi'tan	碧潭	cedict:line:79759	places
taiwan	bi'wan'li	比腕力	cedict:line:61527	taiwan_usage
taiwan	bi'zhen'xie	避震鞋	cedict:line:109220	taiwan_usage
taiwan	bian'fu'dian	便服店	cedict:line:7969	taiwan_usage
taiwan	bian'li'shang'dian	便利商店	cedict:line:7945	taiwan_usage
taiwan	biao	俵	cedict:line:8512	taiwan_usage
taiwan	biao'zhang	標章	cedict:line:59105	taiwan_usage
taiwan	bin	檳	cedict:line:59750	taiwan_usage
taiwan	bin'shi	賓士	cedict:line:103578	taiwan_usage
taiwan	bing'bian	兵變	cedict:line:12205	taiwan_usage
taiwan	bing'dian	冰店	cedict:line:12622	taiwan_usage
taiwan	bing'lang'xi'shi	檳榔西施	cedict:line:59757	taiwan_usage
taiwan	bing'xing'ji'suan	並行計算	cedict:line:3237	taiwan_usage
taiwan	bj	比及	cedict:line:61469	taiwan_usage
taiwan	bj	比肩	cedict:line:61526	taiwan_usage
taiwan	bj	班基	cedict:line:73234	taiwan_usage
taiwan	bj	白酒	cedict:line:76708	beverages
taiwan	bj	霸機	cedict:line:117318	taiwan_usage
taiwan	bjj	八家將	cedict:line:11619	places
taiwan	bjjj	扮家家酒	cedict:line:45020	taiwan_usage
taiwan	bjnfs	布吉納法索	cedict:line:37032	taiwan_usage
taiwan	bks	畢卡索	cedict:line:75085	taiwan_usage
taiwan	bl	峇里	cedict:line:35898	places
taiwan	bl	布林	cedict:line:37077	taiwan_usage
taiwan	bl	帛琉	cedict:line:37277	taiwan_usage
taiwan	bl	爆雷	cedict:line:71096	taiwan_usage
taiwan	bl	芭拉	cedict:line:93038	taiwan_usage
taiwan	bl	芭樂	cedict:line:93041	taiwan_usage
taiwan	blg	芭樂歌	cedict:line:93042	taiwan_usage
taiwan	blg	部落格	cedict:line:109607	taiwan_usage
taiwan	blk	部落客	cedict:line:109606	taiwan_usage
taiwan	blmlb	巴拉馬利波	cedict:line:36811	taiwan_usage
taiwan	blnxy	玻里尼西亞	cedict:line:73115	taiwan_usage
taiwan	blp	芭樂票	cedict:line:93043	taiwan_usage
taiwan	bls	波麗士	cedict:line:64127	taiwan_usage
taiwan	bls	貝里斯	cedict:line:102872	taiwan_usage
taiwan	blsd	便利商店	cedict:line:7945	taiwan_usage
taiwan	blsl	布萊氏鷚	cedict:line:37109	animals
taiwan	blss	布拉薩市	cedict:line:37060	taiwan_usage
taiwan	blts	彼拉提斯	cedict:line:39817	taiwan_usage
taiwan	bltslw	布拉提斯拉瓦	cedict:line:37056	taiwan_usage
taiwan	blxs	檳榔西施	cedict:line:59757	taiwan_usage
taiwan	bmd	百慕達	cedict:line:76904	taiwan_usage
taiwan	bn	巴紐	cedict:line:36869	taiwan_usage
taiwan	bn	比年	cedict:line:61485	taiwan_usage
taiwan	bn	貝南	cedict:line:102832	taiwan_usage
taiwan	bnz	卑南族	cedict:line:16944	indigenous
taiwan	bnz	布農族	cedict:line:37123	indigenous
taiwan	bo	嚗	cedict:line:23529	taiwan_usage
taiwan	bo	播	cedict:line:49291	taiwan_usage
taiwan	bo	柏	cedict:line:56854	taiwan_usage
taiwan	bo	柏	cedict:line:56855	taiwan_usage
taiwan	bo	柏	cedict:line:56857	taiwan_usage
taiwan	bo	桲	cedict:line:57746	taiwan_usage
taiwan	bo	泊	cedict:line:63722	taiwan_usage
taiwan	bo'ai'zuo	博愛座	cedict:line:17291	taiwan_usage
taiwan	bo'ang	波昂	cedict:line:64049	places
taiwan	bo'ba'nai'cha	波霸奶茶	cedict:line:64121	beverages
taiwan	bo'ban	薄板	cedict:line:95785	taiwan_usage
taiwan	bo'de'li'cha	波德里查	cedict:line:64025	taiwan_usage
taiwan	bo'en	伯恩	cedict:line:6955	taiwan_usage
taiwan	bo'gan'qing	搏感情	cedict:line:48540	taiwan_usage
taiwan	bo'he	波赫	cedict:line:64113	taiwan_usage
taiwan	bo'li'ni'xi'ya	玻里尼西亞	cedict:line:73115	taiwan_usage
taiwan	bo'li'shi	波麗士	cedict:line:64127	taiwan_usage
taiwan	bo'liu	帛琉	cedict:line:37277	taiwan_usage
taiwan	bo'pian	薄片	cedict:line:95790	taiwan_usage
taiwan	bo'qing'ge	柏青哥	cedict:line:56882	taiwan_usage
taiwan	bo'rui'guang	薄瑞光	cedict:line:95791	taiwan_usage
taiwan	bo'shi'ni'ya	波士尼亞	cedict:line:64005	taiwan_usage
taiwan	bo'shi'ni'ya'yu'he'se'ge'wei'na	波士尼亞與赫塞哥維納	cedict:line:64006	taiwan_usage
taiwan	bo'shu	柏樹	cedict:line:56872	plants
taiwan	bo'zha'na	波札那	cedict:line:64051	taiwan_usage
taiwan	bp	拜票	cedict:line:46541	taiwan_usage
taiwan	bp	比拚	cedict:line:61490	taiwan_usage
taiwan	bp	薄片	cedict:line:95790	taiwan_usage
taiwan	bq	保全	cedict:line:8122	taiwan_usage
taiwan	bq	板橋	cedict:line:56536	places
taiwan	bqg	柏青哥	cedict:line:56882	taiwan_usage
taiwan	bqs	板橋市	cedict:line:56537	places
taiwan	bqy	保全員	cedict:line:8123	taiwan_usage
taiwan	brg	薄瑞光	cedict:line:95791	taiwan_usage
taiwan	bs	包商	cedict:line:15969	taiwan_usage
taiwan	bs	北市	cedict:line:16275	taiwan_usage
taiwan	bs	寶山	cedict:line:33710	places
taiwan	bs	柏樹	cedict:line:56872	plants
taiwan	bs	棒賽	cedict:line:58093	taiwan_usage
taiwan	bs	比索	cedict:line:61519	taiwan_usage
taiwan	bs	賓士	cedict:line:103578	taiwan_usage
taiwan	bsbl	布松布拉	cedict:line:37076	taiwan_usage
taiwan	bsg	巴頌管	cedict:line:36912	taiwan_usage
taiwan	bshx	巴士海峽	cedict:line:36773	taiwan_usage
taiwan	bsl	伴手禮	cedict:line:7000	taiwan_usage
taiwan	bsln	巴塞隆納	cedict:line:36769	taiwan_usage
taiwan	bsny	波士尼亞	cedict:line:64005	taiwan_usage
taiwan	bsnyyhsgwn	波士尼亞與赫塞哥維納	cedict:line:64006	taiwan_usage
taiwan	bsr	本省人	cedict:line:55716	taiwan_usage
taiwan	bt	碧潭	cedict:line:79759	places
taiwan	btp	本土派	cedict:line:55656	taiwan_usage
taiwan	btq	北屯區	cedict:line:16266	places
taiwan	btq	北投區	cedict:line:16285	places
taiwan	btqd	巴坦群島	cedict:line:36763	taiwan_usage
taiwan	bu	埠	cedict:line:25713	places
taiwan	bu	鈽	cedict:line:111436	taiwan_usage
taiwan	bu'dai'bu'te'quan	不逮捕特權	cedict:line:2948	taiwan_usage
taiwan	bu'dai'xi'ou	布袋戲偶	cedict:line:37121	taiwan_usage
taiwan	bu'deng'gong'yu	步登公寓	cedict:line:60567	taiwan_usage
taiwan	bu'fen'gong'shi	部分工時	cedict:line:109600	taiwan_usage
taiwan	bu'hui	不會	cedict:line:2613	taiwan_usage
taiwan	bu'ji'na'fa'suo	布吉納法索	cedict:line:37032	taiwan_usage
taiwan	bu'la'sa'shi	布拉薩市	cedict:line:37060	taiwan_usage
taiwan	bu'la'ti'si'la'wa	布拉提斯拉瓦	cedict:line:37056	taiwan_usage
taiwan	bu'lai'shi'liu	布萊氏鷚	cedict:line:37109	animals
taiwan	bu'lin	布林	cedict:line:37077	taiwan_usage
taiwan	bu'luo'ge	部落格	cedict:line:109607	taiwan_usage
taiwan	bu'luo'ke	部落客	cedict:line:109606	taiwan_usage
taiwan	bu'nong'zu	布農族	cedict:line:37123	indigenous
taiwan	bu'song'bu'la	布松布拉	cedict:line:37076	taiwan_usage
taiwan	bu'xi	布希	cedict:line:37044	taiwan_usage
taiwan	bu'xi'xie	布希鞋	cedict:line:37046	taiwan_usage
taiwan	bu'yao'wen'wo	不要問我	wikidata:Q112052271+cedict:derived	songs
taiwan	bu'yi'yang'you'zen'yang	不一樣又怎樣	wikidata:Q114391976+cedict:derived	songs
taiwan	bu'you'zi'ji	不由自己	wikidata:Q112311979+cedict:derived	songs
taiwan	bu'zhan'guo	不沾鍋	cedict:line:2649	taiwan_usage
taiwan	bwl	比腕力	cedict:line:61527	taiwan_usage
taiwan	bx	布希	cedict:line:37044	taiwan_usage
taiwan	bxjs	並行計算	cedict:line:3237	taiwan_usage
taiwan	bxx	布希鞋	cedict:line:37046	taiwan_usage
taiwan	bxy	白先勇	cedict:line:76369	taiwan_usage
taiwan	by	備援	cedict:line:9595	taiwan_usage
taiwan	byp	保養品	cedict:line:8252	taiwan_usage
taiwan	byww	不要問我	wikidata:Q112052271+cedict:derived	songs
taiwan	byyyzy	不一樣又怎樣	wikidata:Q114391976+cedict:derived	songs
taiwan	byzj	不由自己	wikidata:Q112311979+cedict:derived	songs
taiwan	bz	堡子	cedict:line:26037	places
taiwan	bz	標章	cedict:line:59105	taiwan_usage
taiwan	bz	班竹	cedict:line:73255	taiwan_usage
taiwan	bz	綁樁	cedict:line:85806	taiwan_usage
taiwan	bz	辦桌	cedict:line:106636	taiwan_usage
taiwan	bzg	不沾鍋	cedict:line:2649	taiwan_usage
taiwan	bzn	波札那	cedict:line:64051	taiwan_usage
taiwan	bzx	避震鞋	cedict:line:109220	taiwan_usage
taiwan	bzylk	笨賊一籮筐	wikidata:Q19853269+cedict:derived	books
taiwan	bzz	巴宰族	cedict:line:36778	indigenous
taiwan	bzz	暴走族	cedict:line:54138	taiwan_usage
taiwan	ca	吃案	cedict:line:19562	taiwan_usage
taiwan	ca	嚓	cedict:line:23524	taiwan_usage
taiwan	cai'se'bi	彩色筆	cedict:line:39664	taiwan_usage
taiwan	cai'shi'chang'ming	菜市場名	cedict:line:94316	taiwan_usage
taiwan	cai'shi'zi'ming	菜市仔名	cedict:line:94314	taiwan_usage
taiwan	cai'tou	菜頭	cedict:line:94338	taiwan_usage
taiwan	cai'yi'lin	蔡依林	cedict:line:95581	performers
taiwan	cai'ying'wen	蔡英文	cedict:line:95591	people
taiwan	cai'zhi'zhong	蔡志忠	cedict:line:95586	taiwan_usage
taiwan	can'jiu'guan	餐酒館	cedict:line:119915	taiwan_usage
taiwan	cang'si	藏私	cedict:line:96135	taiwan_usage
taiwan	cao	槽	cedict:line:58882	taiwan_usage
taiwan	cao'mei	草莓	cedict:line:93953	taiwan_usage
taiwan	cao'mei'zu	草莓族	cedict:line:93954	taiwan_usage
taiwan	cas	茶胺酸	cedict:line:93824	taiwan_usage
taiwan	cb	剉冰	cedict:line:14347	taiwan_usage
taiwan	cbs	超博士	cedict:line:104421	taiwan_usage
taiwan	cc	出草	cedict:line:13271	indigenous
taiwan	ccg	臭臭鍋	cedict:line:91983	foods
taiwan	cd	查德	cedict:line:56997	taiwan_usage
taiwan	cdb	吃到飽	cedict:line:19527	foods
taiwan	cejzx	齒顎矯正學	cedict:line:124739	taiwan_usage
taiwan	cf	炒飯	cedict:line:69209	foods
taiwan	cf	赤匪	cedict:line:104006	taiwan_usage
taiwan	cfhdd	吃飯皇帝大	cedict:line:19622	taiwan_usage
taiwan	cg	臭蓋	cedict:line:91984	taiwan_usage
taiwan	cg	踹共	cedict:line:105243	taiwan_usage
taiwan	cgdx	成功大學	cedict:line:43706	taiwan_usage
taiwan	cha	差	cedict:line:36638	taiwan_usage
taiwan	cha'an'suan	茶胺酸	cedict:line:93824	taiwan_usage
taiwan	cha'de	查德	cedict:line:56997	taiwan_usage
taiwan	chan'lu	產露	cedict:line:74557	taiwan_usage
taiwan	chang'huo'zhong'xin	暢貨中心	cedict:line:54052	taiwan_usage
taiwan	chang'rong	長榮	cedict:line:112927	taiwan_usage
taiwan	chang'rong'hai'yun	長榮海運	cedict:line:112928	taiwan_usage
taiwan	chang'rong'hang'kong	長榮航空	cedict:line:112929	taiwan_usage
taiwan	chang'tai'fen'ban	常態分班	cedict:line:37466	taiwan_usage
taiwan	chang'zhao	長照	cedict:line:112976	taiwan_usage
taiwan	chao	吵	cedict:line:20635	taiwan_usage
taiwan	chao'bo'shi	超博士	cedict:line:104421	taiwan_usage
taiwan	chao'fan	炒飯	cedict:line:69209	foods
taiwan	chao'ji'dian'nao	超級電腦	cedict:line:104483	taiwan_usage
taiwan	chao'lian'jie	超連結	cedict:line:104511	taiwan_usage
taiwan	chao'lian'jie	超鏈結	cedict:line:104517	taiwan_usage
taiwan	che	扯	cedict:line:45027	taiwan_usage
taiwan	che	轍	cedict:line:106510	taiwan_usage
taiwan	che'ji	車籍	cedict:line:105642	taiwan_usage
taiwan	che'shou	車手	cedict:line:105615	taiwan_usage
taiwan	chen'jian'ren	陳建仁	cedict:line:114987	people
taiwan	chen'qi'mai	陳其邁	cedict:line:114966	people
taiwan	chen'shui'bian	陳水扁	cedict:line:115001	people
taiwan	chen'yun'lin	陳雲林	cedict:line:115032	taiwan_usage
taiwan	cheng	稱	cedict:line:81636	taiwan_usage
taiwan	cheng'gong'da'xue	成功大學	cedict:line:43706	taiwan_usage
taiwan	cheng'shi	程式	cedict:line:81511	taiwan_usage
taiwan	cheng'shi'ma	程式碼	cedict:line:81514	taiwan_usage
taiwan	cheng'shi'shi	程式師	cedict:line:81513	taiwan_usage
taiwan	cheng'shi'yu'yan	程式語言	cedict:line:81515	taiwan_usage
taiwan	cheng'shi'yuan	程式員	cedict:line:81512	taiwan_usage
taiwan	chi'an	吃案	cedict:line:19562	taiwan_usage
taiwan	chi'dao'bao	吃到飽	cedict:line:19527	foods
taiwan	chi'e'jiao'zheng'xue	齒顎矯正學	cedict:line:124739	taiwan_usage
taiwan	chi'fan'huang'di'da	吃飯皇帝大	cedict:line:19622	taiwan_usage
taiwan	chi'fei	赤匪	cedict:line:104006	taiwan_usage
taiwan	chi'kan'lou	赤崁樓	cedict:line:104024	taiwan_usage
taiwan	chi'kan'lou	赤嵌樓	cedict:line:104025	taiwan_usage
taiwan	chi'lao'fan	吃牢飯	cedict:line:19572	taiwan_usage
taiwan	chi'luo'si	吃螺絲	cedict:line:19601	performers
taiwan	chi'zha'feng'yun	叱咤風雲	wikidata:Q105675308+cedict:derived	films
taiwan	chong	埫	cedict:line:25720	taiwan_usage
taiwan	chong'ya	沖壓	cedict:line:63219	taiwan_usage
taiwan	chou'chou'guo	臭臭鍋	cedict:line:91983	foods
taiwan	chou'gai	臭蓋	cedict:line:91984	taiwan_usage
taiwan	chu	儲	cedict:line:10273	taiwan_usage
taiwan	chu	儲	cedict:line:10274	taiwan_usage
taiwan	chu	褚	cedict:line:99033	taiwan_usage
taiwan	chu'cao	出草	cedict:line:13271	indigenous
taiwan	chu'kong'ban	觸控板	cedict:line:100143	taiwan_usage
taiwan	chu'mei	觸媒	cedict:line:100131	taiwan_usage
taiwan	chu'xian	出線	cedict:line:13257	taiwan_usage
taiwan	chu'zhi	儲值	cedict:line:10275	taiwan_usage
taiwan	chu'zu'che	出租車	cedict:line:13250	taiwan_usage
taiwan	chu'zu'qi'che	出租汽車	cedict:line:13249	taiwan_usage
taiwan	chuai	揣	cedict:line:48400	taiwan_usage
taiwan	chuai'gong	踹共	cedict:line:105243	taiwan_usage
taiwan	chuan'liu	串流	cedict:line:3848	taiwan_usage
taiwan	chuan'xun	傳訊	cedict:line:9793	taiwan_usage
taiwan	chuan'yue'zheng'yi'du'ben	穿越正義讀本	wikidata:Q98066087+cedict:derived	books
taiwan	chuang	幢	cedict:line:37565	taiwan_usage
taiwan	chuang'shang'hou'ya'li'zheng'hou'qun	創傷後壓力症候群	cedict:line:14818	taiwan_usage
taiwan	chun	焞	cedict:line:69673	taiwan_usage
taiwan	chzx	暢貨中心	cedict:line:54052	taiwan_usage
taiwan	ci	雌	cedict:line:115826	taiwan_usage
taiwan	ci'ji	慈濟	cedict:line:42943	taiwan_usage
taiwan	cj	慈濟	cedict:line:42943	taiwan_usage
taiwan	cj	車籍	cedict:line:105642	taiwan_usage
taiwan	cjdn	超級電腦	cedict:line:104483	taiwan_usage
taiwan	cjg	餐酒館	cedict:line:119915	taiwan_usage
taiwan	cjr	陳建仁	cedict:line:114987	people
taiwan	ckb	觸控板	cedict:line:100143	taiwan_usage
taiwan	ckl	赤崁樓	cedict:line:104024	taiwan_usage
taiwan	ckl	赤嵌樓	cedict:line:104025	taiwan_usage
taiwan	cl	串流	cedict:line:3848	taiwan_usage
taiwan	cl	產露	cedict:line:74557	taiwan_usage
taiwan	clf	吃牢飯	cedict:line:19572	taiwan_usage
taiwan	clj	超連結	cedict:line:104511	taiwan_usage
taiwan	clj	超鏈結	cedict:line:104517	taiwan_usage
taiwan	cls	吃螺絲	cedict:line:19601	performers
taiwan	cm	草莓	cedict:line:93953	taiwan_usage
taiwan	cm	觸媒	cedict:line:100131	taiwan_usage
taiwan	cmz	草莓族	cedict:line:93954	taiwan_usage
taiwan	cong'rong	從容	cedict:line:40287	taiwan_usage
taiwan	cqm	陳其邁	cedict:line:114966	people
taiwan	cr	從容	cedict:line:40287	taiwan_usage
taiwan	cr	長榮	cedict:line:112927	taiwan_usage
taiwan	crhk	長榮航空	cedict:line:112929	taiwan_usage
taiwan	crhy	長榮海運	cedict:line:112928	taiwan_usage
taiwan	cs	程式	cedict:line:81511	taiwan_usage
taiwan	cs	藏私	cedict:line:96135	taiwan_usage
taiwan	cs	車手	cedict:line:105615	taiwan_usage
taiwan	csb	彩色筆	cedict:line:39664	taiwan_usage
taiwan	csb	陳水扁	cedict:line:115001	people
taiwan	cscm	菜市場名	cedict:line:94316	taiwan_usage
taiwan	cshylzhq	創傷後壓力症候群	cedict:line:14818	taiwan_usage
taiwan	csm	程式碼	cedict:line:81514	taiwan_usage
taiwan	css	程式師	cedict:line:81513	taiwan_usage
taiwan	csy	程式員	cedict:line:81512	taiwan_usage
taiwan	csyy	程式語言	cedict:line:81515	taiwan_usage
taiwan	cszm	菜市仔名	cedict:line:94314	taiwan_usage
taiwan	ct	菜頭	cedict:line:94338	taiwan_usage
taiwan	ctfb	常態分班	cedict:line:37466	taiwan_usage
taiwan	cu	槭	cedict:line:58862	taiwan_usage
taiwan	cuo	撮	cedict:line:49311	taiwan_usage
taiwan	cuo	撮	cedict:line:49312	taiwan_usage
taiwan	cuo'bing	剉冰	cedict:line:14347	taiwan_usage
taiwan	cx	傳訊	cedict:line:9793	taiwan_usage
taiwan	cx	出線	cedict:line:13257	taiwan_usage
taiwan	cy	沖壓	cedict:line:63219	taiwan_usage
taiwan	cyl	蔡依林	cedict:line:95581	performers
taiwan	cyl	陳雲林	cedict:line:115032	taiwan_usage
taiwan	cyw	蔡英文	cedict:line:95591	people
taiwan	cyzydb	穿越正義讀本	wikidata:Q98066087+cedict:derived	books
taiwan	cz	儲值	cedict:line:10275	taiwan_usage
taiwan	cz	長照	cedict:line:112976	taiwan_usage
taiwan	czc	出租車	cedict:line:13250	taiwan_usage
taiwan	czfy	叱咤風雲	wikidata:Q105675308+cedict:derived	films
taiwan	czqc	出租汽車	cedict:line:13249	taiwan_usage
taiwan	czz	蔡志忠	cedict:line:95586	taiwan_usage
taiwan	da	打	cedict:line:44548	taiwan_usage
taiwan	da'an'qu	大安區	cedict:line:27872	places
taiwan	da'bu	大埔	cedict:line:27818	places
taiwan	da'bu'tie	大補帖	cedict:line:28392	taiwan_usage
taiwan	da'chang'bao'xiao'chang	大腸包小腸	cedict:line:28328	foods
taiwan	da'dang	打檔	cedict:line:44725	taiwan_usage
taiwan	da'dang'che	打檔車	cedict:line:44726	taiwan_usage
taiwan	da'dian'dong	打電動	cedict:line:44857	taiwan_usage
taiwan	da'fu'weng	大富翁	cedict:line:27885	taiwan_usage
taiwan	da'gou	打狗	cedict:line:44749	taiwan_usage
taiwan	da'jie'tou	大姐頭	cedict:line:27847	taiwan_usage
taiwan	da'ka	達卡	cedict:line:108637	taiwan_usage
taiwan	da'kao	大考	cedict:line:28305	taiwan_usage
taiwan	da'keng	大坑	cedict:line:27811	places
taiwan	da'lu'ke	大陸客	cedict:line:28516	taiwan_usage
taiwan	da'lu'mei	大陸妹	cedict:line:28515	taiwan_usage
taiwan	da'mai'ke	大麥克	cedict:line:28603	taiwan_usage
taiwan	da'mo'da'yang	大模大樣	cedict:line:28072	taiwan_usage
taiwan	da'nei	大內	cedict:line:27690	places
taiwan	da'sheng	大生	cedict:line:28204	taiwan_usage
taiwan	da'shu	答數	cedict:line:83074	taiwan_usage
taiwan	da'tong'qu	大同區	cedict:line:27764	places
taiwan	da'wen'xi	達文西	cedict:line:108665	taiwan_usage
taiwan	da'wu'ma	大五碼	cedict:line:27657	taiwan_usage
taiwan	da'wu'zu	達悟族	cedict:line:108657	indigenous
taiwan	da'xi'di	大溪地	cedict:line:28142	places
taiwan	da'xi'dou'gan	大溪豆乾	cedict:line:28143	foods
taiwan	da'xiao'sheng	大小聲	cedict:line:27906	taiwan_usage
taiwan	da'xin	大心	cedict:line:27948	taiwan_usage
taiwan	da'xue'bu	大學部	cedict:line:27868	taiwan_usage
taiwan	da'xue'ru'xue'zhi'ding'ke'mu'kao'shi	大學入學指定科目考試	cedict:line:27863	taiwan_usage
taiwan	da'xue'xue'ke'neng'li'ce'yan	大學學科能力測驗	cedict:line:27865	taiwan_usage
taiwan	da'ying'guo'xie	大英國協	cedict:line:28356	taiwan_usage
taiwan	da'zhong'hua	大中華	cedict:line:27648	taiwan_usage
taiwan	da'zhong'yun'shu	大眾運輸	cedict:line:28239	taiwan_usage
taiwan	dai	逮	cedict:line:108009	taiwan_usage
taiwan	dai'ao'xin	戴奧辛	cedict:line:44099	taiwan_usage
taiwan	dai'ban	代班	cedict:line:6357	taiwan_usage
taiwan	dai'lei	帶累	cedict:line:37406	taiwan_usage
taiwan	dai'li'yun'mu	代理孕母	cedict:line:6361	taiwan_usage
taiwan	dai'mei	玳瑁	cedict:line:73084	taiwan_usage
taiwan	dai'ming	歹命	cedict:line:60877	taiwan_usage
taiwan	dai'sai	帶賽	cedict:line:37413	taiwan_usage
taiwan	dai'shi	歹勢	cedict:line:60876	taiwan_usage
taiwan	dai'yong'can	待用餐	cedict:line:39902	taiwan_usage
taiwan	dai'zhi	代誌	cedict:line:6386	taiwan_usage
taiwan	dan'bing	蛋餅	cedict:line:96987	foods
taiwan	dan'che	單車	cedict:line:22886	taiwan_usage
taiwan	dan'che'zu	單車族	cedict:line:22887	taiwan_usage
taiwan	dan'shui	淡水	cedict:line:65930	places
taiwan	dan'shui'qu	淡水區	cedict:line:65932	places
taiwan	dan'tiao	單挑	cedict:line:22800	taiwan_usage
taiwan	dan'yan'xiang'ji	單眼相機	cedict:line:22838	taiwan_usage
taiwan	dan'yi'deng'ru	單一登入	cedict:line:22735	taiwan_usage
taiwan	dan'zi	單字	cedict:line:22781	taiwan_usage
taiwan	dang	檔	cedict:line:59664	taiwan_usage
taiwan	dang	檔	cedict:line:59665	taiwan_usage
taiwan	dao	蹈	cedict:line:105270	taiwan_usage
taiwan	dao'bian	倒扁	cedict:line:8656	people
taiwan	dao'fu'fu'wu	到府服務	cedict:line:14155	taiwan_usage
taiwan	dao'hang	道行	cedict:line:108613	taiwan_usage
taiwan	dao'hu	導護	cedict:line:34322	taiwan_usage
taiwan	dao'ka'si'zu	道卡斯族	cedict:line:108562	indigenous
taiwan	dao'mang'dao	導盲道	cedict:line:34311	taiwan_usage
taiwan	dao'mang'zhuan	導盲磚	cedict:line:34310	taiwan_usage
taiwan	dao'zheng	導正	cedict:line:34301	taiwan_usage
taiwan	daq	大安區	cedict:line:27872	places
taiwan	dax	戴奧辛	cedict:line:44099	taiwan_usage
taiwan	db	代班	cedict:line:6357	taiwan_usage
taiwan	db	倒扁	cedict:line:8656	people
taiwan	db	大埔	cedict:line:27818	places
taiwan	db	杜拜	cedict:line:56060	taiwan_usage
taiwan	db	蛋餅	cedict:line:96987	foods
taiwan	db	豆包	cedict:line:102455	taiwan_usage
taiwan	db	電棒	cedict:line:116900	taiwan_usage
taiwan	dbt	大補帖	cedict:line:28392	taiwan_usage
taiwan	dc	單車	cedict:line:22886	taiwan_usage
taiwan	dcbxc	大腸包小腸	cedict:line:28328	foods
taiwan	dcz	單車族	cedict:line:22887	taiwan_usage
taiwan	dd	堆疊	cedict:line:26003	taiwan_usage
taiwan	dd	底定	cedict:line:38233	taiwan_usage
taiwan	dd	打檔	cedict:line:44725	taiwan_usage
taiwan	dd	電動	cedict:line:116786	taiwan_usage
taiwan	ddc	定點茶	cedict:line:32500	taiwan_usage
taiwan	ddc	打檔車	cedict:line:44726	taiwan_usage
taiwan	ddd	吊點滴	cedict:line:19996	taiwan_usage
taiwan	ddd	打電動	cedict:line:44857	taiwan_usage
taiwan	dddjm	點對點加密	cedict:line:124298	taiwan_usage
taiwan	ddm	杜篤瑪	cedict:line:56078	taiwan_usage
taiwan	ddwj	電動玩具	cedict:line:116791	taiwan_usage
taiwan	de'gu'xi'jia'ba	德古西加巴	cedict:line:40615	taiwan_usage
taiwan	de'guo'xue'shu'jiao'liu'zong'shu	德國學術交流總署	cedict:line:40619	taiwan_usage
taiwan	de'le'si'deng	德勒斯登	cedict:line:40609	taiwan_usage
taiwan	de'xing	德行	cedict:line:40694	taiwan_usage
taiwan	deng	蹬	cedict:line:105325	taiwan_usage
taiwan	deng'li'jun	鄧麗君	cedict:line:109873	taiwan_usage
taiwan	deng'shan'che	登山車	cedict:line:76072	mountains
taiwan	df	冬粉	cedict:line:12569	taiwan_usage
taiwan	df	電訪	cedict:line:117010	taiwan_usage
taiwan	dffw	到府服務	cedict:line:14155	taiwan_usage
taiwan	dfw	大富翁	cedict:line:27885	taiwan_usage
taiwan	dg	度估	cedict:line:38308	taiwan_usage
taiwan	dg	度姑	cedict:line:38314	taiwan_usage
taiwan	dg	打狗	cedict:line:44749	taiwan_usage
taiwan	dg	督龜	cedict:line:78623	taiwan_usage
taiwan	dg	肚孤	cedict:line:89806	taiwan_usage
taiwan	dg	電鍋	cedict:line:117042	foods
taiwan	dg	頂港	cedict:line:118386	taiwan_usage
taiwan	dgbt	蝶古巴特	cedict:line:97294	taiwan_usage
taiwan	dgxjb	德古西加巴	cedict:line:40615	taiwan_usage
taiwan	dgxsjlzs	德國學術交流總署	cedict:line:40619	taiwan_usage
taiwan	dh	地函	cedict:line:24991	taiwan_usage
taiwan	dh	導護	cedict:line:34322	taiwan_usage
taiwan	dh	杜哈	cedict:line:56050	taiwan_usage
taiwan	dh	道行	cedict:line:108613	taiwan_usage
taiwan	dhdx	東海大學	cedict:line:56319	taiwan_usage
taiwan	di	菂	cedict:line:94249	taiwan_usage
taiwan	di'ding	底定	cedict:line:38233	taiwan_usage
taiwan	di'han	地函	cedict:line:24991	taiwan_usage
taiwan	di'meng	第蒙	cedict:line:82903	taiwan_usage
taiwan	di'niu'fan'shen	地牛翻身	cedict:line:25093	taiwan_usage
taiwan	di'si'ke	迪斯可	cedict:line:106991	taiwan_usage
taiwan	di'si'tai	第四臺	cedict:line:82898	taiwan_usage
taiwan	di'yi'dao'lian	第一島鏈	cedict:line:82842	places
taiwan	dian	踮	cedict:line:105231	taiwan_usage
taiwan	dian'bang	電棒	cedict:line:116900	taiwan_usage
taiwan	dian'dong	電動	cedict:line:116786	taiwan_usage
taiwan	dian'dong'wan'ju	電動玩具	cedict:line:116791	taiwan_usage
taiwan	dian'dui'dian'jia'mi	點對點加密	cedict:line:124298	taiwan_usage
taiwan	dian'fang	電訪	cedict:line:117010	taiwan_usage
taiwan	dian'guo	電鍋	cedict:line:117042	foods
taiwan	dian'ji'gong	奠濟宮	cedict:line:29658	places
taiwan	dian'jing'ti	電晶體	cedict:line:116893	taiwan_usage
taiwan	diao'dian'di	吊點滴	cedict:line:19996	taiwan_usage
taiwan	diao'qi	掉漆	cedict:line:47443	taiwan_usage
taiwan	diao'yu	釣魚	cedict:line:111346	animals
taiwan	diao'yu	鯛魚	cedict:line:122538	taiwan_usage
taiwan	diao'yu'tai	釣魚臺	cedict:line:111353	taiwan_usage
taiwan	die	跌	cedict:line:104780	taiwan_usage
taiwan	die'gu'ba'te	蝶古巴特	cedict:line:97294	taiwan_usage
taiwan	ding	耵	cedict:line:88960	taiwan_usage
taiwan	ding'dian'cha	定點茶	cedict:line:32500	taiwan_usage
taiwan	ding'gang	頂港	cedict:line:118386	taiwan_usage
taiwan	ding'rang	頂讓	cedict:line:118406	taiwan_usage
taiwan	dj	東加	cedict:line:56197	taiwan_usage
taiwan	dj	渡假	cedict:line:66603	taiwan_usage
taiwan	djg	奠濟宮	cedict:line:29658	places
taiwan	djq	督進去	cedict:line:78622	taiwan_usage
taiwan	djt	大姐頭	cedict:line:27847	taiwan_usage
taiwan	djt	電晶體	cedict:line:116893	taiwan_usage
taiwan	dk	大坑	cedict:line:27811	places
taiwan	dk	大考	cedict:line:28305	taiwan_usage
taiwan	dk	達卡	cedict:line:108637	taiwan_usage
taiwan	dksz	道卡斯族	cedict:line:108562	indigenous
taiwan	dl	帶累	cedict:line:37406	taiwan_usage
taiwan	dl	斗六	cedict:line:51516	places
taiwan	dl	端賴	cedict:line:82589	taiwan_usage
taiwan	dl	賭爛	cedict:line:103815	taiwan_usage
taiwan	dlj	鄧麗君	cedict:line:109873	taiwan_usage
taiwan	dlk	大陸客	cedict:line:28516	taiwan_usage
taiwan	dlm	大陸妹	cedict:line:28515	taiwan_usage
taiwan	dlmy	哆囉美遠	cedict:line:21573	indigenous
taiwan	dlmyz	哆囉美遠族	cedict:line:21574	indigenous
taiwan	dls	斗六市	cedict:line:51517	places
taiwan	dlsd	德勒斯登	cedict:line:40609	taiwan_usage
taiwan	dlym	代理孕母	cedict:line:6361	taiwan_usage
taiwan	dm	歹命	cedict:line:60877	taiwan_usage
taiwan	dm	玳瑁	cedict:line:73084	taiwan_usage
taiwan	dm	第蒙	cedict:line:82903	taiwan_usage
taiwan	dmd	導盲道	cedict:line:34311	taiwan_usage
taiwan	dmdy	大模大樣	cedict:line:28072	taiwan_usage
taiwan	dmk	大麥克	cedict:line:28603	taiwan_usage
taiwan	dmnj	多明尼加	cedict:line:27379	taiwan_usage
taiwan	dmnjghg	多明尼加共和國	cedict:line:27380	taiwan_usage
taiwan	dmz	導盲磚	cedict:line:34310	taiwan_usage
taiwan	dn	大內	cedict:line:27690	places
taiwan	dn	斗內	cedict:line:51515	taiwan_usage
taiwan	dnfs	地牛翻身	cedict:line:25093	taiwan_usage
taiwan	dnygx	東南亞國協	cedict:line:56212	taiwan_usage
taiwan	dong	丼	cedict:line:4077	foods
taiwan	dong'fen	冬粉	cedict:line:12569	taiwan_usage
taiwan	dong'hai'da'xue	東海大學	cedict:line:56319	taiwan_usage
taiwan	dong'jia	東加	cedict:line:56197	taiwan_usage
taiwan	dong'nan'ya'guo'xie	東南亞國協	cedict:line:56212	taiwan_usage
taiwan	dong'wu'da'xue	東吳大學	cedict:line:56223	taiwan_usage
taiwan	dong'xie	東協	cedict:line:56209	taiwan_usage
taiwan	dong'yang'zi	董陽孜	cedict:line:95095	taiwan_usage
taiwan	dong'yin	東引	cedict:line:56262	places
taiwan	dong'zhang	凍漲	cedict:line:12886	taiwan_usage
taiwan	dong'zuo	董座	cedict:line:95092	taiwan_usage
taiwan	dou	剅	cedict:line:14340	rivers
taiwan	dou'bao	豆包	cedict:line:102455	taiwan_usage
taiwan	dou'liu	斗六	cedict:line:51516	places
taiwan	dou'liu'shi	斗六市	cedict:line:51517	places
taiwan	dou'nei	斗內	cedict:line:51515	taiwan_usage
taiwan	dq	掉漆	cedict:line:47443	taiwan_usage
taiwan	dr	頂讓	cedict:line:118406	taiwan_usage
taiwan	ds	大生	cedict:line:28204	taiwan_usage
taiwan	ds	帶賽	cedict:line:37413	taiwan_usage
taiwan	ds	歹勢	cedict:line:60876	taiwan_usage
taiwan	ds	淡水	cedict:line:65930	places
taiwan	ds	答數	cedict:line:83074	taiwan_usage
taiwan	dsc	登山車	cedict:line:76072	mountains
taiwan	dsdf	杜塞道夫	cedict:line:56054	places
taiwan	dsk	迪斯可	cedict:line:106991	taiwan_usage
taiwan	dsq	淡水區	cedict:line:65932	places
taiwan	dst	第四臺	cedict:line:82898	taiwan_usage
taiwan	dt	單挑	cedict:line:22800	taiwan_usage
taiwan	dtq	大同區	cedict:line:27764	places
taiwan	du	碡	cedict:line:79748	taiwan_usage
taiwan	du'bai	杜拜	cedict:line:56060	taiwan_usage
taiwan	du'du'ma	杜篤瑪	cedict:line:56078	taiwan_usage
taiwan	du'gu	度估	cedict:line:38308	taiwan_usage
taiwan	du'gu	度姑	cedict:line:38314	taiwan_usage
taiwan	du'gu	肚孤	cedict:line:89806	taiwan_usage
taiwan	du'gui	督龜	cedict:line:78623	taiwan_usage
taiwan	du'ha	杜哈	cedict:line:56050	taiwan_usage
taiwan	du'jia	渡假	cedict:line:66603	taiwan_usage
taiwan	du'jin'qu	督進去	cedict:line:78622	taiwan_usage
taiwan	du'lan	賭爛	cedict:line:103815	taiwan_usage
taiwan	du'se'dao'fu	杜塞道夫	cedict:line:56054	places
taiwan	duan'lai	端賴	cedict:line:82589	taiwan_usage
taiwan	dui'die	堆疊	cedict:line:26003	taiwan_usage
taiwan	dun	噸	cedict:line:23477	taiwan_usage
taiwan	dun	飩	cedict:line:119681	taiwan_usage
taiwan	duo	咄	cedict:line:21170	taiwan_usage
taiwan	duo	多	cedict:line:27267	taiwan_usage
taiwan	duo	度	cedict:line:38307	taiwan_usage
taiwan	duo	踱	cedict:line:105234	taiwan_usage
taiwan	duo'luo'mei'yuan	哆囉美遠	cedict:line:21573	indigenous
taiwan	duo'luo'mei'yuan'zu	哆囉美遠族	cedict:line:21574	indigenous
taiwan	duo'ming'ni'jia	多明尼加	cedict:line:27379	taiwan_usage
taiwan	duo'ming'ni'jia'gong'he'guo	多明尼加共和國	cedict:line:27380	taiwan_usage
taiwan	duo'yi	多益	cedict:line:27421	taiwan_usage
taiwan	dwdx	東吳大學	cedict:line:56223	taiwan_usage
taiwan	dwm	大五碼	cedict:line:27657	taiwan_usage
taiwan	dwx	達文西	cedict:line:108665	taiwan_usage
taiwan	dwz	達悟族	cedict:line:108657	indigenous
taiwan	dx	大心	cedict:line:27948	taiwan_usage
taiwan	dx	德行	cedict:line:40694	taiwan_usage
taiwan	dx	東協	cedict:line:56209	taiwan_usage
taiwan	dxb	大學部	cedict:line:27868	taiwan_usage
taiwan	dxd	大溪地	cedict:line:28142	places
taiwan	dxdg	大溪豆乾	cedict:line:28143	foods
taiwan	dxrxzdkmks	大學入學指定科目考試	cedict:line:27863	taiwan_usage
taiwan	dxs	大小聲	cedict:line:27906	taiwan_usage
taiwan	dxxknlcy	大學學科能力測驗	cedict:line:27865	taiwan_usage
taiwan	dy	多益	cedict:line:27421	taiwan_usage
taiwan	dy	東引	cedict:line:56262	places
taiwan	dy	釣魚	cedict:line:111346	animals
taiwan	dy	鯛魚	cedict:line:122538	taiwan_usage
taiwan	dyc	待用餐	cedict:line:39902	taiwan_usage
taiwan	dydl	第一島鏈	cedict:line:82842	places
taiwan	dydr	單一登入	cedict:line:22735	taiwan_usage
taiwan	dygx	大英國協	cedict:line:28356	taiwan_usage
taiwan	dyt	釣魚臺	cedict:line:111353	taiwan_usage
taiwan	dyxj	單眼相機	cedict:line:22838	taiwan_usage
taiwan	dyz	董陽孜	cedict:line:95095	taiwan_usage
taiwan	dz	代誌	cedict:line:6386	taiwan_usage
taiwan	dz	凍漲	cedict:line:12886	taiwan_usage
taiwan	dz	單字	cedict:line:22781	taiwan_usage
taiwan	dz	導正	cedict:line:34301	taiwan_usage
taiwan	dz	董座	cedict:line:95092	taiwan_usage
taiwan	dzh	大中華	cedict:line:27648	taiwan_usage
taiwan	dzys	大眾運輸	cedict:line:28239	taiwan_usage
taiwan	e	俄	cedict:line:8016	taiwan_usage
taiwan	e	砈	cedict:line:79266	taiwan_usage
taiwan	e	蚵	cedict:line:96897	taiwan_usage
taiwan	e'gua'duo	厄瓜多	cedict:line:17827	taiwan_usage
taiwan	e'li'chui'ya	厄利垂亞	cedict:line:17818	taiwan_usage
taiwan	e'luan'bi	鵝鑾鼻	cedict:line:122971	places
taiwan	e'ran'shi'xiao	啞然失笑	cedict:line:22301	taiwan_usage
taiwan	e'tu'man'di'guo	鄂圖曼帝國	cedict:line:109734	taiwan_usage
taiwan	e'zi	蚵仔	cedict:line:96898	taiwan_usage
taiwan	e'zi'jian	蚵仔煎	cedict:line:96899	taiwan_usage
taiwan	egd	厄瓜多	cedict:line:17827	taiwan_usage
taiwan	ehdc	二號電池	cedict:line:4862	taiwan_usage
taiwan	elb	鵝鑾鼻	cedict:line:122971	places
taiwan	elcy	厄利垂亞	cedict:line:17818	taiwan_usage
taiwan	elsfp	二聯式發票	cedict:line:4852	taiwan_usage
taiwan	er'hao'dian'chi	二號電池	cedict:line:4862	taiwan_usage
taiwan	er'lian'shi'fa'piao	二聯式發票	cedict:line:4852	taiwan_usage
taiwan	ersx	啞然失笑	cedict:line:22301	taiwan_usage
taiwan	etmdg	鄂圖曼帝國	cedict:line:109734	taiwan_usage
taiwan	ez	蚵仔	cedict:line:96898	taiwan_usage
taiwan	ezj	蚵仔煎	cedict:line:96899	taiwan_usage
taiwan	fa	伐	cedict:line:6872	taiwan_usage
taiwan	fa	法	cedict:line:63746	taiwan_usage
taiwan	fa	鍅	cedict:line:112156	taiwan_usage
taiwan	fa	飛安	cedict:line:119488	taiwan_usage
taiwan	fa	髮	cedict:line:121898	taiwan_usage
taiwan	fa'cai'che	發財車	cedict:line:76317	taiwan_usage
taiwan	fa'guang'er'ji'ti	發光二極體	cedict:line:76130	taiwan_usage
taiwan	fa'lan'rong	法蘭絨	cedict:line:63864	taiwan_usage
taiwan	fa'lang'zhi	琺瑯質	cedict:line:73581	taiwan_usage
taiwan	fa'meng	發懵	cedict:line:76193	taiwan_usage
taiwan	fa'meng	發蒙	cedict:line:76292	taiwan_usage
taiwan	fa'zi	法子	cedict:line:63783	taiwan_usage
taiwan	fan	帆	cedict:line:37158	taiwan_usage
taiwan	fan	藩	cedict:line:96284	taiwan_usage
taiwan	fan	颿	cedict:line:119426	taiwan_usage
taiwan	fan'dao	番刀	cedict:line:75139	indigenous
taiwan	fan'de'lin	泛得林	cedict:line:63917	taiwan_usage
taiwan	fan'fen'lie'fa	反分裂法	cedict:line:18268	taiwan_usage
taiwan	fan'gu	梵谷	cedict:line:57989	taiwan_usage
taiwan	fan'jie	番界	cedict:line:75147	indigenous
taiwan	fan'mai	番麥	cedict:line:75163	taiwan_usage
taiwan	fan'mai'ji	販賣機	cedict:line:103112	taiwan_usage
taiwan	fan'ren'ge	凡人歌	wikidata:Q18651692+cedict:derived	songs
taiwan	fan'sai'si	凡賽斯	cedict:line:12956	taiwan_usage
taiwan	fan'shen'tou'fa	反滲透法	cedict:line:18387	taiwan_usage
taiwan	fan'tai	返臺	cedict:line:106951	taiwan_usage
taiwan	fan'wei'qi	范瑋琪	cedict:line:93686	performers
taiwan	fang	坊	cedict:line:25250	taiwan_usage
taiwan	fang'da'pian	放大片	cedict:line:50298	taiwan_usage
taiwan	fang'kong'bi'nan	防空避難	cedict:line:114160	taiwan_usage
taiwan	fang'kong'bi'nan'suo	防空避難所	cedict:line:114161	taiwan_usage
taiwan	fang'niu'ban	放牛班	cedict:line:50362	taiwan_usage
taiwan	fang'tai	訪臺	cedict:line:100506	taiwan_usage
taiwan	fang'wen	訪問	cedict:line:100494	taiwan_usage
taiwan	fang'wen'shan	方文山	cedict:line:52179	taiwan_usage
taiwan	fang'zhi	防制	cedict:line:114086	taiwan_usage
taiwan	fang'zhong	房仲	cedict:line:44156	taiwan_usage
taiwan	fc	風城	cedict:line:119261	places
taiwan	fcc	發財車	cedict:line:76317	taiwan_usage
taiwan	fd	番刀	cedict:line:75139	indigenous
taiwan	fd	飛彈	cedict:line:119490	taiwan_usage
taiwan	fdj	輔導金	cedict:line:106037	taiwan_usage
taiwan	fdl	泛得林	cedict:line:63917	taiwan_usage
taiwan	fdm	副檔名	cedict:line:14740	taiwan_usage
taiwan	fdp	放大片	cedict:line:50298	taiwan_usage
taiwan	fdts	伏地挺身	cedict:line:6839	taiwan_usage
taiwan	fei'an	飛安	cedict:line:119488	taiwan_usage
taiwan	fei'dan	飛彈	cedict:line:119490	taiwan_usage
taiwan	fei'lun'hai	飛輪海	cedict:line:119566	performers
taiwan	fei'qi'lai	飛起來	wikidata:Q130526700+cedict:derived	songs
taiwan	fei'ran	怫然	cedict:line:41682	taiwan_usage
taiwan	fems	福爾摩沙	cedict:line:80799	taiwan_usage
taiwan	fen'guo	粉粿	cedict:line:83842	taiwan_usage
taiwan	fen'hong'duan'dai	粉紅緞帶	wikidata:Q113989750+cedict:derived	books
taiwan	fen'jia'wan	酚甲烷	cedict:line:110154	taiwan_usage
taiwan	fen'jiao'xian	分角線	cedict:line:13601	taiwan_usage
taiwan	fen'tan'ni	吩坦尼	cedict:line:20508	taiwan_usage
taiwan	fen'zi	分子	cedict:line:13453	taiwan_usage
taiwan	feng	渢	cedict:line:66617	taiwan_usage
taiwan	feng	諷	cedict:line:101669	taiwan_usage
taiwan	feng'cheng	風城	cedict:line:119261	places
taiwan	feng'lang'ban	風浪板	cedict:line:119308	taiwan_usage
taiwan	feng'li'shi'jia	鳳梨釋迦	cedict:line:122798	plants
taiwan	feng'li'su	鳳梨酥	cedict:line:122797	foods
taiwan	feng'shan'shi	鳳山市	cedict:line:122788	places
taiwan	fflf	反分裂法	cedict:line:18268	taiwan_usage
taiwan	fg	副睪	cedict:line:14752	taiwan_usage
taiwan	fg	梵谷	cedict:line:57989	taiwan_usage
taiwan	fg	粉粿	cedict:line:83842	taiwan_usage
taiwan	fgejt	發光二極體	cedict:line:76130	taiwan_usage
taiwan	fgj	富貴角	cedict:line:33211	places
taiwan	fhdd	粉紅緞帶	wikidata:Q113989750+cedict:derived	books
taiwan	fj	復健	cedict:line:40361	taiwan_usage
taiwan	fj	番界	cedict:line:75147	indigenous
taiwan	fjw	酚甲烷	cedict:line:110154	taiwan_usage
taiwan	fjx	分角線	cedict:line:13601	taiwan_usage
taiwan	fjzx	副甲狀腺	cedict:line:14747	taiwan_usage
taiwan	fjzxs	副甲狀腺素	cedict:line:14748	taiwan_usage
taiwan	fk	傅柯	cedict:line:9514	taiwan_usage
taiwan	fkbn	防空避難	cedict:line:114160	taiwan_usage
taiwan	fkbns	防空避難所	cedict:line:114161	taiwan_usage
taiwan	flb	風浪板	cedict:line:119308	taiwan_usage
taiwan	flh	飛輪海	cedict:line:119566	performers
taiwan	flls	佛羅倫斯	cedict:line:7403	taiwan_usage
taiwan	flmg	佛朗明哥	cedict:line:7389	taiwan_usage
taiwan	flmg	弗拉明戈	cedict:line:39113	taiwan_usage
taiwan	flr	法蘭絨	cedict:line:63864	taiwan_usage
taiwan	fls	鳳梨酥	cedict:line:122797	foods
taiwan	flsj	鳳梨釋迦	cedict:line:122798	plants
taiwan	flz	琺瑯質	cedict:line:73581	taiwan_usage
taiwan	fm	番麥	cedict:line:75163	taiwan_usage
taiwan	fm	發懵	cedict:line:76193	taiwan_usage
taiwan	fm	發蒙	cedict:line:76292	taiwan_usage
taiwan	fmj	販賣機	cedict:line:103112	taiwan_usage
taiwan	fml	福馬林	cedict:line:80820	taiwan_usage
taiwan	fms	福摩薩	cedict:line:80776	taiwan_usage
taiwan	fnb	放牛班	cedict:line:50362	taiwan_usage
taiwan	fo'lang'ming'ge	佛朗明哥	cedict:line:7389	taiwan_usage
taiwan	fo'luo'lun'si	佛羅倫斯	cedict:line:7403	taiwan_usage
taiwan	fou	芣	cedict:line:93003	taiwan_usage
taiwan	fql	飛起來	wikidata:Q130526700+cedict:derived	songs
taiwan	fr	怫然	cedict:line:41682	taiwan_usage
taiwan	frdx	輔仁大學	cedict:line:106024	places
taiwan	frg	凡人歌	wikidata:Q18651692+cedict:derived	songs
taiwan	fs	福斯	cedict:line:80777	taiwan_usage
taiwan	fsf	複身犯	wikidata:Q106020064+cedict:derived	films
taiwan	fsp	副食品	cedict:line:14768	foods
taiwan	fss	凡賽斯	cedict:line:12956	taiwan_usage
taiwan	fss	鳳山市	cedict:line:122788	places
taiwan	fstf	反滲透法	cedict:line:18387	taiwan_usage
taiwan	ft	訪臺	cedict:line:100506	taiwan_usage
taiwan	ft	赴臺	cedict:line:104276	taiwan_usage
taiwan	ft	返臺	cedict:line:106951	taiwan_usage
taiwan	ftn	吩坦尼	cedict:line:20508	taiwan_usage
taiwan	fu	服	cedict:line:55165	taiwan_usage
taiwan	fu	縛	cedict:line:86679	taiwan_usage
taiwan	fu'dang'ming	副檔名	cedict:line:14740	taiwan_usage
taiwan	fu'dao'jin	輔導金	cedict:line:106037	taiwan_usage
taiwan	fu'di'ting'shen	伏地挺身	cedict:line:6839	taiwan_usage
taiwan	fu'er'mo'sha	福爾摩沙	cedict:line:80799	taiwan_usage
taiwan	fu'gao	副睪	cedict:line:14752	taiwan_usage
taiwan	fu'gui'jiao	富貴角	cedict:line:33211	places
taiwan	fu'jia'zhuang'xian	副甲狀腺	cedict:line:14747	taiwan_usage
taiwan	fu'jia'zhuang'xian'su	副甲狀腺素	cedict:line:14748	taiwan_usage
taiwan	fu'jian	復健	cedict:line:40361	taiwan_usage
taiwan	fu'ke	傅柯	cedict:line:9514	taiwan_usage
taiwan	fu'la'ming'ge	弗拉明戈	cedict:line:39113	taiwan_usage
taiwan	fu'ma'lin	福馬林	cedict:line:80820	taiwan_usage
taiwan	fu'mo'sa	福摩薩	cedict:line:80776	taiwan_usage
taiwan	fu'ren'da'xue	輔仁大學	cedict:line:106024	places
taiwan	fu'shen'fan	複身犯	wikidata:Q106020064+cedict:derived	films
taiwan	fu'shi'pin	副食品	cedict:line:14768	foods
taiwan	fu'si	福斯	cedict:line:80777	taiwan_usage
taiwan	fu'tai	赴臺	cedict:line:104276	taiwan_usage
taiwan	fu'xi	輔系	cedict:line:106041	taiwan_usage
taiwan	fw	訪問	cedict:line:100494	taiwan_usage
taiwan	fwq	范瑋琪	cedict:line:93686	performers
taiwan	fws	方文山	cedict:line:52179	taiwan_usage
taiwan	fx	輔系	cedict:line:106041	taiwan_usage
taiwan	fz	分子	cedict:line:13453	taiwan_usage
taiwan	fz	房仲	cedict:line:44156	taiwan_usage
taiwan	fz	法子	cedict:line:63783	taiwan_usage
taiwan	fz	防制	cedict:line:114086	taiwan_usage
taiwan	ga'dian	尬電	cedict:line:35001	taiwan_usage
taiwan	ga'ha'wu'zu	噶哈巫族	cedict:line:23458	indigenous
taiwan	ga'ma'lan	噶瑪蘭	cedict:line:23470	indigenous
taiwan	ga'ma'lan'zu	噶瑪蘭族	cedict:line:23471	indigenous
taiwan	ga'wu	尬舞	cedict:line:35000	taiwan_usage
taiwan	ga'yi	尬意	cedict:line:34998	taiwan_usage
taiwan	gai'tai'guang'gao	蓋台廣告	cedict:line:95409	taiwan_usage
taiwan	gai'tou'huan'mian	改頭換面	cedict:line:50236	taiwan_usage
taiwan	gai'ya'na	蓋亞那	cedict:line:95406	taiwan_usage
taiwan	gan	撖	cedict:line:49153	taiwan_usage
taiwan	gan'bi'ya	甘比亞	cedict:line:74113	taiwan_usage
taiwan	gan'ce'qi	感測器	cedict:line:42866	taiwan_usage
taiwan	gan'hua	幹話	cedict:line:38038	taiwan_usage
taiwan	gan'mao	感冒	cedict:line:42819	taiwan_usage
taiwan	gan'nai'di	甘迺迪	cedict:line:74144	taiwan_usage
taiwan	gan'ni'niang	幹你娘	cedict:line:38019	taiwan_usage
taiwan	gan'tang	肝醣	cedict:line:89835	taiwan_usage
taiwan	gang'ao'tai	港澳臺	cedict:line:66719	taiwan_usage
taiwan	gang'gui	槓龜	cedict:line:58847	taiwan_usage
taiwan	gang'shan'qu	岡山區	cedict:line:35801	places
taiwan	gang'tai	港臺	cedict:line:66728	taiwan_usage
taiwan	gang'tie'mei'gui	鋼鐵玫瑰	wikidata:Q7605708+cedict:derived	books
taiwan	gao'da	高達	cedict:line:121826	taiwan_usage
taiwan	gao'gong	高工	cedict:line:121604	taiwan_usage
taiwan	gao'gui'ji	高貴雞	cedict:line:121805	taiwan_usage
taiwan	gao'jia'xi	高甲戲	cedict:line:121712	taiwan_usage
taiwan	gao'jie'li	高接梨	cedict:line:121629	taiwan_usage
taiwan	gao'kao	高考	cedict:line:121764	taiwan_usage
taiwan	gao'kong'tan'tiao	高空彈跳	cedict:line:121734	taiwan_usage
taiwan	gao'shan'zu	高山族	cedict:line:121588	indigenous
taiwan	gao'xiong	高雄	cedict:line:121848	taiwan_usage
taiwan	gao'xiong'shi	高雄市	cedict:line:121849	places
taiwan	gao'yang	高陽	cedict:line:121843	history
taiwan	gao'zhi	高職	cedict:line:121770	taiwan_usage
taiwan	gat	港澳臺	cedict:line:66719	taiwan_usage
taiwan	gb	假掰	cedict:line:8992	taiwan_usage
taiwan	gb	刈包	cedict:line:13744	foods
taiwan	gb	國保	cedict:line:24195	taiwan_usage
taiwan	gbdx	各奔東西	cedict:line:19646	taiwan_usage
taiwan	gby	甘比亞	cedict:line:74113	taiwan_usage
taiwan	gc	公尺	cedict:line:11832	taiwan_usage
taiwan	gc	詭扯	wikidata:Q107985568+cedict:derived	films
taiwan	gc	貢茶	cedict:line:103009	beverages
taiwan	gcb	棺材板	cedict:line:58273	foods
taiwan	gcq	感測器	cedict:line:42866	taiwan_usage
taiwan	gd	哥德	cedict:line:21739	people
taiwan	gd	尬電	cedict:line:35001	taiwan_usage
taiwan	gd	高達	cedict:line:121826	taiwan_usage
taiwan	gdml	瓜地馬拉	cedict:line:73916	taiwan_usage
taiwan	gds	哥德式	cedict:line:21742	taiwan_usage
taiwan	gdx	工地秀	cedict:line:36381	taiwan_usage
taiwan	ge	戈	cedict:line:43620	taiwan_usage
taiwan	ge	擱	cedict:line:49675	animals
taiwan	ge	牁	cedict:line:71337	taiwan_usage
taiwan	ge'ben'dong'xi	各奔東西	cedict:line:19646	taiwan_usage
taiwan	ge'de	哥德	cedict:line:21739	people
taiwan	ge'de'shi	哥德式	cedict:line:21742	taiwan_usage
taiwan	ge'ji'la	哥吉拉	cedict:line:21734	taiwan_usage
taiwan	ge'lai'mei'jiang	葛萊美獎	cedict:line:95049	taiwan_usage
taiwan	ge'lei	戈雷	cedict:line:43636	taiwan_usage
taiwan	ge'lin'wei'zhi'biao'zhun'shi'jian	格林威治標準時間	cedict:line:57492	taiwan_usage
taiwan	ge'mo	葛摩	cedict:line:95041	taiwan_usage
taiwan	ge'rui'na'da	格瑞那達	cedict:line:57514	places
taiwan	ge'si'da'li'jia	哥斯大黎加	cedict:line:21744	taiwan_usage
taiwan	ge'ti'jing'ji'xue	個體經濟學	cedict:line:8601	taiwan_usage
taiwan	ge'zai'xi	歌仔戲	cedict:line:60099	taiwan_usage
taiwan	ge'zi	個資	cedict:line:8594	taiwan_usage
taiwan	gei'bai	假掰	cedict:line:8992	taiwan_usage
taiwan	gen'jian	跟監	cedict:line:104906	taiwan_usage
taiwan	gen'ni'lao'po'qu'lv'xing	跟你老婆去旅行	wikidata:Q106020072+cedict:derived	films
taiwan	geng	梗	cedict:line:57852	foods
taiwan	geng	焿	cedict:line:70144	taiwan_usage
taiwan	geng	粳	cedict:line:83967	foods
taiwan	geng'tu	梗圖	cedict:line:57854	taiwan_usage
taiwan	gf	光復	cedict:line:10623	history
taiwan	gf	共匪	cedict:line:12085	taiwan_usage
taiwan	gfc	功夫茶	cedict:line:15127	beverages
taiwan	gfhtnsxdjz	光復後臺南市現代建築	wikidata:Q112031735+cedict:derived	books
taiwan	gfs	國防色	cedict:line:24431	taiwan_usage
taiwan	gg	廣柑	cedict:line:38715	taiwan_usage
taiwan	gg	掛鉤	cedict:line:47679	taiwan_usage
taiwan	gg	槓龜	cedict:line:58847	taiwan_usage
taiwan	gg	高工	cedict:line:121604	taiwan_usage
taiwan	ggj	高貴雞	cedict:line:121805	taiwan_usage
taiwan	gh	光害	cedict:line:10612	taiwan_usage
taiwan	gh	國會	cedict:line:24328	taiwan_usage
taiwan	gh	幹話	cedict:line:38038	taiwan_usage
taiwan	ghwz	噶哈巫族	cedict:line:23458	indigenous
taiwan	gj	跟監	cedict:line:104906	taiwan_usage
taiwan	gjaqj	國家安全局	cedict:line:24260	taiwan_usage
taiwan	gjbzzwjhm	國家標準中文交換碼	cedict:line:24269	taiwan_usage
taiwan	gjl	哥吉拉	cedict:line:21734	taiwan_usage
taiwan	gjl	高接梨	cedict:line:121629	taiwan_usage
taiwan	gjqt	古鏡奇譚	wikidata:Q27728527+cedict:derived	books
taiwan	gjx	高甲戲	cedict:line:121712	taiwan_usage
taiwan	gk	國考	cedict:line:24392	taiwan_usage
taiwan	gk	怪咖	cedict:line:41653	taiwan_usage
taiwan	gk	高考	cedict:line:121764	taiwan_usage
taiwan	gkmc	公筷母匙	cedict:line:11938	taiwan_usage
taiwan	gktt	高空彈跳	cedict:line:121734	taiwan_usage
taiwan	gl	古龍	cedict:line:18976	taiwan_usage
taiwan	gl	工寮	cedict:line:36391	taiwan_usage
taiwan	gl	戈雷	cedict:line:43636	taiwan_usage
taiwan	glm	桂綸鎂	cedict:line:57579	performers
taiwan	glmj	葛萊美獎	cedict:line:95049	taiwan_usage
taiwan	glwzbzsj	格林威治標準時間	cedict:line:57492	taiwan_usage
taiwan	gm	感冒	cedict:line:42819	taiwan_usage
taiwan	gm	葛摩	cedict:line:95041	taiwan_usage
taiwan	gm	過貓	cedict:line:108502	plants
taiwan	gm	關廟	cedict:line:113959	places
taiwan	gm	龜毛	cedict:line:124993	taiwan_usage
taiwan	gml	噶瑪蘭	cedict:line:23470	indigenous
taiwan	gmlz	噶瑪蘭族	cedict:line:23471	indigenous
taiwan	gmnj	國民年金	cedict:line:24352	taiwan_usage
taiwan	gmnjbx	國民年金保險	cedict:line:24353	taiwan_usage
taiwan	gmscme	國民生產毛額	cedict:line:24357	taiwan_usage
taiwan	gmxx	國民小學	cedict:line:24351	taiwan_usage
taiwan	gmzx	國民中學	cedict:line:24350	taiwan_usage
taiwan	gn	蝸牛	cedict:line:97309	taiwan_usage
taiwan	gnd	甘迺迪	cedict:line:74144	taiwan_usage
taiwan	gnj	官能基	cedict:line:32346	taiwan_usage
taiwan	gnlpqlx	跟你老婆去旅行	wikidata:Q106020072+cedict:derived	films
taiwan	gnn	幹你娘	cedict:line:38019	taiwan_usage
taiwan	gnscme	國內生產毛額	cedict:line:24202	taiwan_usage
taiwan	gong	供	cedict:line:7798	taiwan_usage
taiwan	gong	玒	cedict:line:72997	taiwan_usage
taiwan	gong'cha	貢茶	cedict:line:103009	beverages
taiwan	gong'chi	公尺	cedict:line:11832	taiwan_usage
taiwan	gong'di'xiu	工地秀	cedict:line:36381	taiwan_usage
taiwan	gong'fei	共匪	cedict:line:12085	taiwan_usage
taiwan	gong'fu'cha	功夫茶	cedict:line:15127	beverages
taiwan	gong'kuai'mu'chi	公筷母匙	cedict:line:11938	taiwan_usage
taiwan	gong'liao	工寮	cedict:line:36391	taiwan_usage
taiwan	gong'she'bi	公設比	cedict:line:11956	taiwan_usage
taiwan	gong'shi	工事	cedict:line:36322	taiwan_usage
taiwan	gong'shi'bao	公事包	cedict:line:11719	taiwan_usage
taiwan	gong'si'hang'hao	公司行號	cedict:line:11791	taiwan_usage
taiwan	gong'tong'zhu'chi'ren	共同主持人	cedict:line:12087	taiwan_usage
taiwan	gong'xiu	公休	cedict:line:11727	taiwan_usage
taiwan	gong'yong'jiao'huan'dian'hua'wang	公用交換電話網	cedict:line:11909	taiwan_usage
taiwan	gong'zuo'fang	工作坊	cedict:line:36333	taiwan_usage
taiwan	gong'zuo'guan'li'yuan	工作管理員	cedict:line:36346	taiwan_usage
taiwan	gong'zuo'lie	工作列	cedict:line:36331	taiwan_usage
taiwan	gou	搆	cedict:line:48512	taiwan_usage
taiwan	gp	骨盤	cedict:line:121264	taiwan_usage
taiwan	gq	國企	cedict:line:24194	taiwan_usage
taiwan	gr	歸仁	cedict:line:60811	places
taiwan	grnd	格瑞那達	cedict:line:57514	places
taiwan	gs	工事	cedict:line:36322	taiwan_usage
taiwan	gs	怪手	cedict:line:41657	taiwan_usage
taiwan	gs	滾石	cedict:line:67548	performers
taiwan	gs	鼓山	cedict:line:124501	places
taiwan	gsb	公事包	cedict:line:11719	taiwan_usage
taiwan	gsb	公設比	cedict:line:11956	taiwan_usage
taiwan	gsdlj	哥斯大黎加	cedict:line:21744	taiwan_usage
taiwan	gshh	公司行號	cedict:line:11791	taiwan_usage
taiwan	gsj	國稅局	cedict:line:24382	taiwan_usage
taiwan	gsq	岡山區	cedict:line:35801	places
taiwan	gsq	鼓山區	cedict:line:124502	places
taiwan	gsz	高山族	cedict:line:121588	indigenous
taiwan	gt	怪胎	wikidata:Q104051129+cedict:derived	films
taiwan	gt	梗圖	cedict:line:57854	taiwan_usage
taiwan	gt	港臺	cedict:line:66728	taiwan_usage
taiwan	gt	肝醣	cedict:line:89835	taiwan_usage
taiwan	gt	骨頭	cedict:line:121289	taiwan_usage
taiwan	gtb	國臺辦	cedict:line:24395	taiwan_usage
taiwan	gtgg	蓋台廣告	cedict:line:95409	taiwan_usage
taiwan	gthm	改頭換面	cedict:line:50236	taiwan_usage
taiwan	gtjjx	個體經濟學	cedict:line:8601	taiwan_usage
taiwan	gtm	郭台銘	cedict:line:109628	taiwan_usage
taiwan	gtmg	鋼鐵玫瑰	wikidata:Q7605708+cedict:derived	books
taiwan	gtzcr	共同主持人	cedict:line:12087	taiwan_usage
taiwan	gu	蓇	cedict:line:95394	taiwan_usage
taiwan	gu	鈷	cedict:line:111430	taiwan_usage
taiwan	gu'jing'qi'tan	古鏡奇譚	wikidata:Q27728527+cedict:derived	books
taiwan	gu'long	古龍	cedict:line:18976	taiwan_usage
taiwan	gu'pan	骨盤	cedict:line:121264	taiwan_usage
taiwan	gu'shan	鼓山	cedict:line:124501	places
taiwan	gu'shan'qu	鼓山區	cedict:line:124502	places
taiwan	gu'tou	骨頭	cedict:line:121289	taiwan_usage
taiwan	gu'wei	孤味	wikidata:Q104051116+cedict:derived	films
taiwan	gu'xing'liang	固形量	cedict:line:24131	taiwan_usage
taiwan	gu'zao	古早	cedict:line:18902	taiwan_usage
taiwan	gu'zao'wei	古早味	cedict:line:18903	taiwan_usage
taiwan	gu'zhen'fu	辜振甫	cedict:line:106584	taiwan_usage
taiwan	gu'zhi	骨殖	cedict:line:121244	taiwan_usage
taiwan	gua	括	cedict:line:46559	taiwan_usage
taiwan	gua	蝸	cedict:line:97303	taiwan_usage
taiwan	gua'bao	刈包	cedict:line:13744	foods
taiwan	gua'di'ma'la	瓜地馬拉	cedict:line:73916	taiwan_usage
taiwan	gua'gou	掛鉤	cedict:line:47679	taiwan_usage
taiwan	gua'niu	蝸牛	cedict:line:97309	taiwan_usage
taiwan	guai'ka	怪咖	cedict:line:41653	taiwan_usage
taiwan	guai'shou	怪手	cedict:line:41657	taiwan_usage
taiwan	guai'tai	怪胎	wikidata:Q104051129+cedict:derived	films
taiwan	guan'cai'ban	棺材板	cedict:line:58273	foods
taiwan	guan'miao	關廟	cedict:line:113959	places
taiwan	guan'neng'ji	官能基	cedict:line:32346	taiwan_usage
taiwan	guan'xi	關西	cedict:line:114003	places
taiwan	guang'fu	光復	cedict:line:10623	history
taiwan	guang'fu'hou'tai'nan'shi'xian'dai'jian'zhu	光復後臺南市現代建築	wikidata:Q112031735+cedict:derived	books
taiwan	guang'gan	廣柑	cedict:line:38715	taiwan_usage
taiwan	guang'hai	光害	cedict:line:10612	taiwan_usage
taiwan	guang'xian'fen'san'shi'zi'liao'jie'mian	光纖分散式資料介面	cedict:line:10688	taiwan_usage
taiwan	gui'che	詭扯	wikidata:Q107985568+cedict:derived	films
taiwan	gui'lun'mei	桂綸鎂	cedict:line:57579	performers
taiwan	gui'mao	龜毛	cedict:line:124993	taiwan_usage
taiwan	gui'ren	歸仁	cedict:line:60811	places
taiwan	gui'yu	軌域	cedict:line:105706	taiwan_usage
taiwan	gun'shi	滾石	cedict:line:67548	performers
taiwan	guo'bao	國保	cedict:line:24195	taiwan_usage
taiwan	guo'fang'se	國防色	cedict:line:24431	taiwan_usage
taiwan	guo'hui	國會	cedict:line:24328	taiwan_usage
taiwan	guo'jia'an'quan'ju	國家安全局	cedict:line:24260	taiwan_usage
taiwan	guo'jia'biao'zhun'zhong'wen'jiao'huan'ma	國家標準中文交換碼	cedict:line:24269	taiwan_usage
taiwan	guo'kao	國考	cedict:line:24392	taiwan_usage
taiwan	guo'mao	過貓	cedict:line:108502	plants
taiwan	guo'min'nian'jin	國民年金	cedict:line:24352	taiwan_usage
taiwan	guo'min'nian'jin'bao'xian	國民年金保險	cedict:line:24353	taiwan_usage
taiwan	guo'min'sheng'chan'mao'e	國民生產毛額	cedict:line:24357	taiwan_usage
taiwan	guo'min'xiao'xue	國民小學	cedict:line:24351	taiwan_usage
taiwan	guo'min'zhong'xue	國民中學	cedict:line:24350	taiwan_usage
taiwan	guo'nei'sheng'chan'mao'e	國內生產毛額	cedict:line:24202	taiwan_usage
taiwan	guo'qi	國企	cedict:line:24194	taiwan_usage
taiwan	guo'shui'ju	國稅局	cedict:line:24382	taiwan_usage
taiwan	guo'tai'ban	國臺辦	cedict:line:24395	taiwan_usage
taiwan	guo'tai'ming	郭台銘	cedict:line:109628	taiwan_usage
taiwan	guo'wu'yuan'tai'wan'shi'wu'ban'gong'shi	國務院台灣事務辦公室	cedict:line:24218	taiwan_usage
taiwan	guo'xi	果昔	cedict:line:56726	taiwan_usage
taiwan	guo'xiao	國小	cedict:line:24304	taiwan_usage
taiwan	guo'yu'zhu'yin'fu'hao'di'yi'shi	國語注音符號第一式	cedict:line:24409	taiwan_usage
taiwan	guo'zhong	國中	cedict:line:24189	taiwan_usage
taiwan	gw	孤味	wikidata:Q104051116+cedict:derived	films
taiwan	gw	尬舞	cedict:line:35000	taiwan_usage
taiwan	gwytwswbgs	國務院台灣事務辦公室	cedict:line:24218	taiwan_usage
taiwan	gx	公休	cedict:line:11727	taiwan_usage
taiwan	gx	國小	cedict:line:24304	taiwan_usage
taiwan	gx	果昔	cedict:line:56726	taiwan_usage
taiwan	gx	關西	cedict:line:114003	places
taiwan	gx	高雄	cedict:line:121848	taiwan_usage
taiwan	gxfsszljm	光纖分散式資料介面	cedict:line:10688	taiwan_usage
taiwan	gxl	固形量	cedict:line:24131	taiwan_usage
taiwan	gxs	高雄市	cedict:line:121849	places
taiwan	gy	尬意	cedict:line:34998	taiwan_usage
taiwan	gy	軌域	cedict:line:105706	taiwan_usage
taiwan	gy	高陽	cedict:line:121843	history
taiwan	gyjhdhw	公用交換電話網	cedict:line:11909	taiwan_usage
taiwan	gyn	蓋亞那	cedict:line:95406	taiwan_usage
taiwan	gyzyfhdys	國語注音符號第一式	cedict:line:24409	taiwan_usage
taiwan	gz	個資	cedict:line:8594	taiwan_usage
taiwan	gz	古早	cedict:line:18902	taiwan_usage
taiwan	gz	國中	cedict:line:24189	taiwan_usage
taiwan	gz	骨殖	cedict:line:121244	taiwan_usage
taiwan	gz	高職	cedict:line:121770	taiwan_usage
taiwan	gzf	工作坊	cedict:line:36333	taiwan_usage
taiwan	gzf	辜振甫	cedict:line:106584	taiwan_usage
taiwan	gzgly	工作管理員	cedict:line:36346	taiwan_usage
taiwan	gzl	工作列	cedict:line:36331	taiwan_usage
taiwan	gzw	古早味	cedict:line:18903	taiwan_usage
taiwan	gzx	歌仔戲	cedict:line:60099	taiwan_usage
taiwan	ha'bang	哈棒	cedict:line:21651	taiwan_usage
taiwan	ha'jiu	哈啾	cedict:line:21608	taiwan_usage
taiwan	ha'la	哈拉	cedict:line:21639	taiwan_usage
taiwan	ha'ri'zu	哈日族	cedict:line:21646	taiwan_usage
taiwan	ha'shi'ma	哈士蟆	cedict:line:21616	animals
taiwan	hai'ji'hui	海基會	cedict:line:65228	taiwan_usage
taiwan	hai'ma'hui	海馬迴	cedict:line:65482	taiwan_usage
taiwan	hai'xia'liang'an'guan'xi'xie'hui	海峽兩岸關係協會	cedict:line:65253	taiwan_usage
taiwan	hai'xie'hui	海協會	cedict:line:65198	taiwan_usage
taiwan	han	和	cedict:line:21188	taiwan_usage
taiwan	han'de'er	韓德爾	cedict:line:118170	people
taiwan	han'gua	含括	cedict:line:20522	taiwan_usage
taiwan	han'guo'yu	韓國瑜	cedict:line:118155	people
taiwan	han'ta'bing'du	漢他病毒	cedict:line:67840	taiwan_usage
taiwan	hang	行	cedict:line:97883	taiwan_usage
taiwan	hang'hao	行號	cedict:line:98015	taiwan_usage
taiwan	hang'jian	航艦	cedict:line:92578	taiwan_usage
taiwan	hang'sha	航廈	cedict:line:92538	taiwan_usage
taiwan	hang'yuan	行員	cedict:line:97924	taiwan_usage
taiwan	hao'kang	好康	cedict:line:30077	taiwan_usage
taiwan	hao'liao	好料	cedict:line:30091	foods
taiwan	hao'shi'duo	好市多	cedict:line:30074	taiwan_usage
taiwan	hao'zi	號子	cedict:line:96778	taiwan_usage
taiwan	hb	哈棒	cedict:line:21651	taiwan_usage
taiwan	hb	後壁	cedict:line:39966	places
taiwan	hb	護貝	cedict:line:102203	taiwan_usage
taiwan	hbjm	護貝膠膜	cedict:line:102206	taiwan_usage
taiwan	hbk	環保筷	cedict:line:73792	taiwan_usage
taiwan	hbl	虎不拉	cedict:line:96568	taiwan_usage
taiwan	hbq	黑白切	cedict:line:124076	mountains
taiwan	hbr	紅不讓	cedict:line:84441	taiwan_usage
taiwan	hc	鬍碴	cedict:line:121984	taiwan_usage
taiwan	hcbd	恆春半島	cedict:line:41730	places
taiwan	hd	回堵	cedict:line:23891	taiwan_usage
taiwan	hde	韓德爾	cedict:line:118170	people
taiwan	hdlj	紅頂綠鳩	cedict:line:84678	animals
taiwan	hdls	宏都拉斯	cedict:line:32252	taiwan_usage
taiwan	he	耠	cedict:line:88870	taiwan_usage
taiwan	he	褐	cedict:line:98979	taiwan_usage
taiwan	he'feng	和風	cedict:line:21284	taiwan_usage
taiwan	he'jun'xiang	賀軍翔	cedict:line:103442	performers
taiwan	he'ke	核可	cedict:line:57322	taiwan_usage
taiwan	he'lao'ren	鶴佬人	cedict:line:123038	taiwan_usage
taiwan	he'luo'ren	河洛人	cedict:line:63453	taiwan_usage
taiwan	he'mang	喝茫	cedict:line:22634	taiwan_usage
taiwan	he'ni'a'la	荷尼阿拉	cedict:line:94052	taiwan_usage
taiwan	he'pin	合聘	cedict:line:19806	taiwan_usage
taiwan	he'se'ge'wei'na	赫塞哥維納	cedict:line:104100	taiwan_usage
taiwan	he'si	核四	cedict:line:57325	plants
taiwan	he'tou'feng'mei	褐頭鳳鶥	cedict:line:99011	animals
taiwan	he'zhong	核種	cedict:line:57376	taiwan_usage
taiwan	he'zi'yi'xue	核子醫學	cedict:line:57335	taiwan_usage
taiwan	hei'bai'qie	黑白切	cedict:line:124076	mountains
taiwan	hei'han	黑函	cedict:line:123944	taiwan_usage
taiwan	hei'shou	黑手	cedict:line:124010	taiwan_usage
taiwan	heng'chun'ban'dao	恆春半島	cedict:line:41730	places
taiwan	hez	華爾滋	cedict:line:94441	taiwan_usage
taiwan	hf	和風	cedict:line:21284	taiwan_usage
taiwan	hg	含括	cedict:line:20522	taiwan_usage
taiwan	hg	紅檜	cedict:line:84534	taiwan_usage
taiwan	hg	貨櫃	cedict:line:103081	taiwan_usage
taiwan	hgc	貨櫃車	cedict:line:103082	taiwan_usage
taiwan	hgy	韓國瑜	cedict:line:118155	people
taiwan	hh	華航	cedict:line:94461	taiwan_usage
taiwan	hh	行號	cedict:line:98015	taiwan_usage
taiwan	hh	鴻海	cedict:line:122923	taiwan_usage
taiwan	hh	黑函	cedict:line:123944	taiwan_usage
taiwan	hhz	猴猴族	cedict:line:72400	indigenous
taiwan	hhz	胡慧中	cedict:line:90212	performers
taiwan	hj	哈啾	cedict:line:21608	taiwan_usage
taiwan	hj	宏碁	cedict:line:32245	taiwan_usage
taiwan	hj	航艦	cedict:line:92578	taiwan_usage
taiwan	hjczj	回家吃自己	cedict:line:23900	taiwan_usage
taiwan	hjh	海基會	cedict:line:65228	taiwan_usage
taiwan	hjjt	宏碁集團	cedict:line:32246	taiwan_usage
taiwan	hjx	賀軍翔	cedict:line:103442	performers
taiwan	hk	好康	cedict:line:30077	taiwan_usage
taiwan	hk	核可	cedict:line:57322	taiwan_usage
taiwan	hkh	護孔環	cedict:line:102170	taiwan_usage
taiwan	hkmb	戶口名簿	cedict:line:44125	taiwan_usage
taiwan	hl	哈拉	cedict:line:21639	taiwan_usage
taiwan	hl	唬爛	cedict:line:22006	taiwan_usage
taiwan	hl	好料	cedict:line:30091	foods
taiwan	hl	花蓮	cedict:line:93232	places
taiwan	hll	火辣辣	cedict:line:68991	taiwan_usage
taiwan	hlr	河洛人	cedict:line:63453	taiwan_usage
taiwan	hlr	鶴佬人	cedict:line:123038	taiwan_usage
taiwan	hls	花蓮市	cedict:line:93233	places
taiwan	hlx	花蓮縣	cedict:line:93234	places
taiwan	hly	花臉鴨	cedict:line:93213	animals
taiwan	hm	喝茫	cedict:line:22634	taiwan_usage
taiwan	hmh	海馬迴	cedict:line:65482	taiwan_usage
taiwan	hml	後母臉	cedict:line:40011	taiwan_usage
taiwan	hnal	荷尼阿拉	cedict:line:94052	taiwan_usage
taiwan	hong	蕻	cedict:line:95752	taiwan_usage
taiwan	hong	訌	cedict:line:100335	taiwan_usage
taiwan	hong	魟	cedict:line:122376	taiwan_usage
taiwan	hong'bu'rang	紅不讓	cedict:line:84441	taiwan_usage
taiwan	hong'ding'lv'jiu	紅頂綠鳩	cedict:line:84678	animals
taiwan	hong'du'la'si	宏都拉斯	cedict:line:32252	taiwan_usage
taiwan	hong'gui	紅檜	cedict:line:84534	taiwan_usage
taiwan	hong'hai	鴻海	cedict:line:122923	taiwan_usage
taiwan	hong'ji	宏碁	cedict:line:32245	taiwan_usage
taiwan	hong'ji'ji'tuan	宏碁集團	cedict:line:32246	taiwan_usage
taiwan	hong'pa	轟趴	cedict:line:106540	taiwan_usage
taiwan	hong'xiu'zhu	洪秀柱	cedict:line:64662	people
taiwan	hong'ya'zu	洪雅族	cedict:line:64666	indigenous
taiwan	hou'bi	後壁	cedict:line:39966	places
taiwan	hou'hou'zu	猴猴族	cedict:line:72400	indigenous
taiwan	hou'mu'lian	後母臉	cedict:line:40011	taiwan_usage
taiwan	hou'she	後設	cedict:line:40059	taiwan_usage
taiwan	hou'she'ren'zhi	後設認知	cedict:line:40060	taiwan_usage
taiwan	hou'she'zi'liao	後設資料	cedict:line:40061	taiwan_usage
taiwan	hou'zhao'jing	後照鏡	cedict:line:40016	taiwan_usage
taiwan	hp	合聘	cedict:line:19806	taiwan_usage
taiwan	hp	耲耙	cedict:line:88886	taiwan_usage
taiwan	hp	轟趴	cedict:line:106540	taiwan_usage
taiwan	hq	迴圈	cedict:line:107032	taiwan_usage
taiwan	hrz	哈日族	cedict:line:21646	taiwan_usage
taiwan	hs	後設	cedict:line:40059	taiwan_usage
taiwan	hs	核四	cedict:line:57325	plants
taiwan	hs	滑鼠	cedict:line:67416	taiwan_usage
taiwan	hs	航廈	cedict:line:92538	taiwan_usage
taiwan	hs	花式	cedict:line:93112	taiwan_usage
taiwan	hs	華視	cedict:line:94467	taiwan_usage
taiwan	hs	黑手	cedict:line:124010	taiwan_usage
taiwan	hsd	好市多	cedict:line:30074	taiwan_usage
taiwan	hsd	滑鼠墊	cedict:line:67417	taiwan_usage
taiwan	hsgwn	赫塞哥維納	cedict:line:104100	taiwan_usage
taiwan	hshb	花式滑冰	cedict:line:93115	taiwan_usage
taiwan	hsm	哈士蟆	cedict:line:21616	animals
taiwan	hsrz	後設認知	cedict:line:40060	taiwan_usage
taiwan	hss	滑鼠手	cedict:line:67418	taiwan_usage
taiwan	hsyy	花式游泳	cedict:line:93113	taiwan_usage
taiwan	hszl	後設資料	cedict:line:40061	taiwan_usage
taiwan	htbd	漢他病毒	cedict:line:67840	taiwan_usage
taiwan	htfm	褐頭鳳鶥	cedict:line:99011	animals
taiwan	hu	糊	cedict:line:84149	taiwan_usage
taiwan	hu'bei	護貝	cedict:line:102203	taiwan_usage
taiwan	hu'bei'jiao'mo	護貝膠膜	cedict:line:102206	taiwan_usage
taiwan	hu'bu'la	虎不拉	cedict:line:96568	taiwan_usage
taiwan	hu'cha	鬍碴	cedict:line:121984	taiwan_usage
taiwan	hu'hui'zhong	胡慧中	cedict:line:90212	performers
taiwan	hu'kong'huan	護孔環	cedict:line:102170	taiwan_usage
taiwan	hu'kou'ming'bu	戶口名簿	cedict:line:44125	taiwan_usage
taiwan	hu'lan	唬爛	cedict:line:22006	taiwan_usage
taiwan	hu'zhi'qiang	胡志強	cedict:line:90207	taiwan_usage
taiwan	hua'er'zi	華爾滋	cedict:line:94441	taiwan_usage
taiwan	hua'hang	華航	cedict:line:94461	taiwan_usage
taiwan	hua'lian	花蓮	cedict:line:93232	places
taiwan	hua'lian'shi	花蓮市	cedict:line:93233	places
taiwan	hua'lian'xian	花蓮縣	cedict:line:93234	places
taiwan	hua'lian'ya	花臉鴨	cedict:line:93213	animals
taiwan	hua'shi	花式	cedict:line:93112	taiwan_usage
taiwan	hua'shi	華視	cedict:line:94467	taiwan_usage
taiwan	hua'shi'hua'bing	花式滑冰	cedict:line:93115	taiwan_usage
taiwan	hua'shi'you'yong	花式游泳	cedict:line:93113	taiwan_usage
taiwan	hua'shu	滑鼠	cedict:line:67416	taiwan_usage
taiwan	hua'shu'dian	滑鼠墊	cedict:line:67417	taiwan_usage
taiwan	hua'shu'shou	滑鼠手	cedict:line:67418	taiwan_usage
taiwan	hua'wei	劃位	cedict:line:14893	taiwan_usage
taiwan	hua'zhuang'shi	化妝室	cedict:line:16110	taiwan_usage
taiwan	huai'pa	耲耙	cedict:line:88886	taiwan_usage
taiwan	huan	浣	cedict:line:65000	history
taiwan	huan'bao'kuai	環保筷	cedict:line:73792	taiwan_usage
taiwan	huan'yuan'ru	還原乳	cedict:line:109267	taiwan_usage
taiwan	hui	會	cedict:line:54607	taiwan_usage
taiwan	hui'du	回堵	cedict:line:23891	taiwan_usage
taiwan	hui'jia'chi'zi'ji	回家吃自己	cedict:line:23900	taiwan_usage
taiwan	hui'quan	迴圈	cedict:line:107032	taiwan_usage
taiwan	hun	混	cedict:line:66204	taiwan_usage
taiwan	huo	和	cedict:line:21191	taiwan_usage
taiwan	huo	壑	cedict:line:26734	taiwan_usage
taiwan	huo	矱	cedict:line:79050	taiwan_usage
taiwan	huo	砉	cedict:line:79267	taiwan_usage
taiwan	huo	鍃	cedict:line:112154	taiwan_usage
taiwan	huo'gui	貨櫃	cedict:line:103081	taiwan_usage
taiwan	huo'gui'che	貨櫃車	cedict:line:103082	taiwan_usage
taiwan	huo'la'la	火辣辣	cedict:line:68991	taiwan_usage
taiwan	hw	劃位	cedict:line:14893	taiwan_usage
taiwan	hxh	海協會	cedict:line:65198	taiwan_usage
taiwan	hxlagxxh	海峽兩岸關係協會	cedict:line:65253	taiwan_usage
taiwan	hxz	洪秀柱	cedict:line:64662	people
taiwan	hy	行員	cedict:line:97924	taiwan_usage
taiwan	hyr	還原乳	cedict:line:109267	taiwan_usage
taiwan	hyz	洪雅族	cedict:line:64666	indigenous
taiwan	hz	核種	cedict:line:57376	taiwan_usage
taiwan	hz	號子	cedict:line:96778	taiwan_usage
taiwan	hzj	後照鏡	cedict:line:40016	taiwan_usage
taiwan	hzq	胡志強	cedict:line:90207	taiwan_usage
taiwan	hzs	化妝室	cedict:line:16110	taiwan_usage
taiwan	hzyx	核子醫學	cedict:line:57335	taiwan_usage
taiwan	jat	捷安特	cedict:line:47330	taiwan_usage
taiwan	jb	健保	cedict:line:9308	taiwan_usage
taiwan	jb	雞掰	cedict:line:116216	taiwan_usage
taiwan	jbd	吉布地	cedict:line:19881	taiwan_usage
taiwan	jbd	江八點	cedict:line:62717	taiwan_usage
taiwan	jbll	嘉柏隆里	cedict:line:23112	taiwan_usage
taiwan	jbrf	間不容髮	cedict:line:113693	taiwan_usage
taiwan	jc	加持	cedict:line:15258	taiwan_usage
taiwan	jc	基測	cedict:line:25860	taiwan_usage
taiwan	jc	機車	cedict:line:59474	taiwan_usage
taiwan	jc	眷村	cedict:line:78348	places
taiwan	jcc	計程車	cedict:line:100303	taiwan_usage
taiwan	jcjs	基礎建設	cedict:line:25880	taiwan_usage
taiwan	jctx	近場通訊	cedict:line:106887	taiwan_usage
taiwan	jcy	監察院	cedict:line:77444	taiwan_usage
taiwan	jcz	金城鎮	cedict:line:110980	places
taiwan	jczz	檢察總長	cedict:line:59696	taiwan_usage
taiwan	jd	酒店	cedict:line:110065	beverages
taiwan	jegs	九二共識	cedict:line:4288	taiwan_usage
taiwan	jf	九份	cedict:line:4289	places
taiwan	jf	就服	cedict:line:35020	taiwan_usage
taiwan	jg	基改	cedict:line:25828	taiwan_usage
taiwan	jg	撿骨	cedict:line:49367	taiwan_usage
taiwan	jg	莒光	cedict:line:94126	places
taiwan	jgc	金龜車	cedict:line:111259	taiwan_usage
taiwan	jgn	九官鳥	cedict:line:4304	animals
taiwan	jgs	金瓜石	cedict:line:111104	places
taiwan	jgy	節骨眼	cedict:line:83376	taiwan_usage
taiwan	jh	漿糊	cedict:line:68033	taiwan_usage
taiwan	jhbf	加護病房	cedict:line:15327	taiwan_usage
taiwan	ji	墼	cedict:line:26691	taiwan_usage
taiwan	ji	寂	cedict:line:32992	taiwan_usage
taiwan	ji	擊	cedict:line:49419	taiwan_usage
taiwan	ji	祭	cedict:line:80632	taiwan_usage
taiwan	ji	績	cedict:line:86943	taiwan_usage
taiwan	ji	舌	cedict:line:92390	taiwan_usage
taiwan	ji	跡	cedict:line:104919	taiwan_usage
taiwan	ji	騎	cedict:line:120912	taiwan_usage
taiwan	ji'bai	雞掰	cedict:line:116216	taiwan_usage
taiwan	ji'bu'di	吉布地	cedict:line:19881	taiwan_usage
taiwan	ji'ce	基測	cedict:line:25860	taiwan_usage
taiwan	ji'che	機車	cedict:line:59474	taiwan_usage
taiwan	ji'cheng'che	計程車	cedict:line:100303	taiwan_usage
taiwan	ji'chu'jian'she	基礎建設	cedict:line:25880	taiwan_usage
taiwan	ji'gai	基改	cedict:line:25828	taiwan_usage
taiwan	ji'jia'li	吉佳利	cedict:line:19854	taiwan_usage
taiwan	ji'jing	雞精	cedict:line:116240	taiwan_usage
taiwan	ji'li'ba'si	吉里巴斯	cedict:line:19927	taiwan_usage
taiwan	ji'li'gua'la	機哩瓜拉	cedict:line:59403	taiwan_usage
taiwan	ji'liang	脊梁	cedict:line:90470	taiwan_usage
taiwan	ji'liu'tiao	雞柳條	cedict:line:116221	taiwan_usage
taiwan	ji'long	基隆	cedict:line:25909	places
taiwan	ji'long'shi	基隆市	cedict:line:25910	places
taiwan	ji'lu	紀錄	cedict:line:84357	taiwan_usage
taiwan	ji'lv	機率	cedict:line:59455	taiwan_usage
taiwan	ji'mi	幾米	cedict:line:38166	people
taiwan	ji'nai	基奈	cedict:line:25810	taiwan_usage
taiwan	ji'nei'ya'bi'suo	幾內亞比索	cedict:line:38145	taiwan_usage
taiwan	ji'ni'xi'shu	吉尼係數	cedict:line:19875	taiwan_usage
taiwan	ji'pan	基盤	cedict:line:25866	taiwan_usage
taiwan	ji'po	雞婆	cedict:line:116207	taiwan_usage
taiwan	ji'qi'pin	即期品	cedict:line:17725	taiwan_usage
taiwan	ji'shi	技士	cedict:line:45271	taiwan_usage
taiwan	ji'suan'ji	計算機	cedict:line:100310	taiwan_usage
taiwan	ji'ta'che	機踏車	cedict:line:59472	taiwan_usage
taiwan	ji'ti'dian'lu	積體電路	cedict:line:81833	taiwan_usage
taiwan	ji'xi'niu	基西紐	cedict:line:25895	taiwan_usage
taiwan	ji'yi'ti	記憶體	cedict:line:100444	taiwan_usage
taiwan	ji'yin'ti	基因體	cedict:line:25801	taiwan_usage
taiwan	ji'zheng	技正	cedict:line:45278	taiwan_usage
taiwan	ji'zheng	跡證	cedict:line:104921	taiwan_usage
taiwan	ji'zuo	技佐	cedict:line:45268	taiwan_usage
taiwan	jia	夾	cedict:line:29338	taiwan_usage
taiwan	jia	梜	cedict:line:57862	taiwan_usage
taiwan	jia	浹	cedict:line:65517	taiwan_usage
taiwan	jia	舺	cedict:line:92673	taiwan_usage
taiwan	jia'bo'long'li	嘉柏隆里	cedict:line:23112	taiwan_usage
taiwan	jia'chi	加持	cedict:line:15258	taiwan_usage
taiwan	jia'hu'bing'fang	加護病房	cedict:line:15327	taiwan_usage
taiwan	jia'jia'jiu	家家酒	cedict:line:32809	taiwan_usage
taiwan	jia'li	佳里	cedict:line:7590	places
taiwan	jia'li'zhen'jin'tang'dian	佳里鎮金唐殿	wikidata:Q112458068+cedict:derived	books
taiwan	jia'na	迦納	cedict:line:106973	taiwan_usage
taiwan	jia'peng	加彭	cedict:line:15237	taiwan_usage
taiwan	jia'wa'wa	夾娃娃	cedict:line:29344	taiwan_usage
taiwan	jia'xian	假仙	cedict:line:8947	taiwan_usage
taiwan	jia'yi	嘉義	cedict:line:23119	places
taiwan	jia'yi'di'qu'hui'hua'zhi'yan'jiu	嘉義地區繪畫之研究	wikidata:Q111600093+cedict:derived	books
taiwan	jia'yi'shi	嘉義市	cedict:line:23120	places
taiwan	jia'yi'xian	嘉義縣	cedict:line:23121	places
taiwan	jia'zhi	加值	cedict:line:15177	taiwan_usage
taiwan	jian'bao	健保	cedict:line:9308	taiwan_usage
taiwan	jian'bu'rong'fa	間不容髮	cedict:line:113693	taiwan_usage
taiwan	jian'cha'yuan	監察院	cedict:line:77444	taiwan_usage
taiwan	jian'cha'zong'zhang	檢察總長	cedict:line:59696	taiwan_usage
taiwan	jian'gu	撿骨	cedict:line:49367	taiwan_usage
taiwan	jian'jian	健檢	cedict:line:9328	taiwan_usage
taiwan	jian'jiao'he'zuo	建教合作	cedict:line:38867	taiwan_usage
taiwan	jian'jing'diao	檢警調	cedict:line:59724	taiwan_usage
taiwan	jian'wu	建物	cedict:line:38882	taiwan_usage
taiwan	jian'xing	健行	cedict:line:9334	taiwan_usage
taiwan	jian'xun	簡訊	cedict:line:83576	taiwan_usage
taiwan	jian'ying'da'qiao	箭瑛大橋	wikidata:Q107708868+cedict:derived	films
taiwan	jian'zi	囝仔	cedict:line:23854	taiwan_usage
taiwan	jiang'ba'dian	江八點	cedict:line:62717	taiwan_usage
taiwan	jiang'hu	漿糊	cedict:line:68033	taiwan_usage
taiwan	jiang'jie'shi	蔣介石	cedict:line:95596	taiwan_usage
taiwan	jiao	敫	cedict:line:50917	taiwan_usage
taiwan	jiao'liu'dao	交流道	cedict:line:5452	taiwan_usage
taiwan	jiao'shi'jie	教師節	cedict:line:50733	taiwan_usage
taiwan	jiao'ta'che	腳踏車	cedict:line:90929	taiwan_usage
taiwan	jiao'tong'da'xue	交通大學	cedict:line:5491	taiwan_usage
taiwan	jiao'xue'ruan'ti	教學軟體	cedict:line:50724	taiwan_usage
taiwan	jie	姊	cedict:line:30424	taiwan_usage
taiwan	jie	擷	cedict:line:49717	taiwan_usage
taiwan	jie	櫛	cedict:line:59795	taiwan_usage
taiwan	jie	癤	cedict:line:76016	taiwan_usage
taiwan	jie	結	cedict:line:85414	plants
taiwan	jie'an'te	捷安特	cedict:line:47330	taiwan_usage
taiwan	jie'gu'yan	節骨眼	cedict:line:83376	taiwan_usage
taiwan	jie'jie	姊姊	cedict:line:30428	taiwan_usage
taiwan	jie'jing	借鏡	cedict:line:8853	taiwan_usage
taiwan	jie'mian	介面	cedict:line:6163	taiwan_usage
taiwan	jie'shu	解數	cedict:line:100039	taiwan_usage
taiwan	jie'xi'ci	介係詞	cedict:line:6144	taiwan_usage
taiwan	jie'xi'du	解析度	cedict:line:100046	taiwan_usage
taiwan	jie'xun	結訓	cedict:line:85508	taiwan_usage
taiwan	jie'yong	捷泳	cedict:line:47332	taiwan_usage
taiwan	jie'yun	捷運	cedict:line:47338	taiwan_usage
taiwan	jin	斤	cedict:line:51614	taiwan_usage
taiwan	jin	瑧	cedict:line:73671	taiwan_usage
taiwan	jin'chang'tong'xun	近場通訊	cedict:line:106887	taiwan_usage
taiwan	jin'cheng'zhen	金城鎮	cedict:line:110980	places
taiwan	jin'gua'shi	金瓜石	cedict:line:111104	places
taiwan	jin'gui'che	金龜車	cedict:line:111259	taiwan_usage
taiwan	jin'men	金門	cedict:line:111212	places
taiwan	jin'men'dao	金門島	cedict:line:111213	taiwan_usage
taiwan	jin'men'xian	金門縣	cedict:line:111214	places
taiwan	jin'shan	金山	cedict:line:111008	places
taiwan	jin'shi	金氏	cedict:line:111065	taiwan_usage
taiwan	jin'shu	儘數	cedict:line:10199	taiwan_usage
taiwan	jin'xia'sha	金夏沙	cedict:line:110987	taiwan_usage
taiwan	jin'yao	金鑰	cedict:line:111210	taiwan_usage
taiwan	jing	勁	cedict:line:15458	taiwan_usage
taiwan	jing'pian	晶片	cedict:line:53798	taiwan_usage
taiwan	jing'si'dun	京斯敦	cedict:line:5588	taiwan_usage
taiwan	jing'su'hua'bing	競速滑冰	cedict:line:82627	taiwan_usage
taiwan	jing'zhang	精障	cedict:line:84134	taiwan_usage
taiwan	jing'zheng'shu	警政署	cedict:line:102084	taiwan_usage
taiwan	jiu	啾	cedict:line:22380	taiwan_usage
taiwan	jiu	究	cedict:line:81904	taiwan_usage
taiwan	jiu	轇	cedict:line:106317	taiwan_usage
taiwan	jiu'dian	酒店	cedict:line:110065	beverages
taiwan	jiu'er'gong'shi	九二共識	cedict:line:4288	taiwan_usage
taiwan	jiu'fen	九份	cedict:line:4289	places
taiwan	jiu'fu	就服	cedict:line:35020	taiwan_usage
taiwan	jiu'guan'niao	九官鳥	cedict:line:4304	animals
taiwan	jiu'meng	舊夢	wikidata:Q30945652+cedict:derived	songs
taiwan	jiu'ye'an'ding'fei	就業安定費	cedict:line:35023	taiwan_usage
taiwan	jj	借鏡	cedict:line:8853	taiwan_usage
taiwan	jj	健檢	cedict:line:9328	taiwan_usage
taiwan	jj	姊姊	cedict:line:30428	taiwan_usage
taiwan	jj	巨集	cedict:line:36608	taiwan_usage
taiwan	jj	雞精	cedict:line:116240	taiwan_usage
taiwan	jjd	檢警調	cedict:line:59724	taiwan_usage
taiwan	jjhz	建教合作	cedict:line:38867	taiwan_usage
taiwan	jjj	家家酒	cedict:line:32809	taiwan_usage
taiwan	jjl	吉佳利	cedict:line:19854	taiwan_usage
taiwan	jjs	蔣介石	cedict:line:95596	taiwan_usage
taiwan	jl	佳里	cedict:line:7590	places
taiwan	jl	基隆	cedict:line:25909	places
taiwan	jl	機率	cedict:line:59455	taiwan_usage
taiwan	jl	紀錄	cedict:line:84357	taiwan_usage
taiwan	jl	脊梁	cedict:line:90470	taiwan_usage
taiwan	jlbs	吉里巴斯	cedict:line:19927	taiwan_usage
taiwan	jld	交流道	cedict:line:5452	taiwan_usage
taiwan	jlgl	機哩瓜拉	cedict:line:59403	taiwan_usage
taiwan	jls	基隆市	cedict:line:25910	places
taiwan	jlt	雞柳條	cedict:line:116221	taiwan_usage
taiwan	jlzjtd	佳里鎮金唐殿	wikidata:Q112458068+cedict:derived	books
taiwan	jm	介面	cedict:line:6163	taiwan_usage
taiwan	jm	幾米	cedict:line:38166	people
taiwan	jm	舊夢	wikidata:Q30945652+cedict:derived	songs
taiwan	jm	金門	cedict:line:111212	places
taiwan	jmd	金門島	cedict:line:111213	taiwan_usage
taiwan	jmx	金門縣	cedict:line:111214	places
taiwan	jn	基奈	cedict:line:25810	taiwan_usage
taiwan	jn	迦納	cedict:line:106973	taiwan_usage
taiwan	jnxs	吉尼係數	cedict:line:19875	taiwan_usage
taiwan	jnybs	幾內亞比索	cedict:line:38145	taiwan_usage
taiwan	jp	加彭	cedict:line:15237	taiwan_usage
taiwan	jp	基盤	cedict:line:25866	taiwan_usage
taiwan	jp	晶片	cedict:line:53798	taiwan_usage
taiwan	jp	雞婆	cedict:line:116207	taiwan_usage
taiwan	jqp	即期品	cedict:line:17725	taiwan_usage
taiwan	js	儘數	cedict:line:10199	taiwan_usage
taiwan	js	技士	cedict:line:45271	taiwan_usage
taiwan	js	解數	cedict:line:100039	taiwan_usage
taiwan	js	金山	cedict:line:111008	places
taiwan	js	金氏	cedict:line:111065	taiwan_usage
taiwan	jsd	京斯敦	cedict:line:5588	taiwan_usage
taiwan	jsg	爵士鼓	cedict:line:71261	taiwan_usage
taiwan	jshb	競速滑冰	cedict:line:82627	taiwan_usage
taiwan	jsj	教師節	cedict:line:50733	taiwan_usage
taiwan	jsj	計算機	cedict:line:100310	taiwan_usage
taiwan	jtc	機踏車	cedict:line:59472	taiwan_usage
taiwan	jtc	腳踏車	cedict:line:90929	taiwan_usage
taiwan	jtdl	積體電路	cedict:line:81833	taiwan_usage
taiwan	jtdx	交通大學	cedict:line:5491	taiwan_usage
taiwan	ju	掬	cedict:line:48083	taiwan_usage
taiwan	ju	泃	cedict:line:63688	rivers
taiwan	ju	瞿	cedict:line:78789	taiwan_usage
taiwan	ju	苣	cedict:line:93407	taiwan_usage
taiwan	ju	菹	cedict:line:94539	taiwan_usage
taiwan	ju	踘	cedict:line:105185	taiwan_usage
taiwan	ju	鞠	cedict:line:118061	taiwan_usage
taiwan	ju	鞫	cedict:line:118075	taiwan_usage
taiwan	ju'guang	莒光	cedict:line:94126	places
taiwan	ju'ji	巨集	cedict:line:36608	taiwan_usage
taiwan	juan'cun	眷村	cedict:line:78348	places
taiwan	jue	屩	cedict:line:35523	taiwan_usage
taiwan	jue'shi'gu	爵士鼓	cedict:line:71261	taiwan_usage
taiwan	jun	囷	cedict:line:24106	taiwan_usage
taiwan	jun	睃	cedict:line:78535	taiwan_usage
taiwan	jun	菌	cedict:line:94267	taiwan_usage
taiwan	jw	建物	cedict:line:38882	taiwan_usage
taiwan	jww	夾娃娃	cedict:line:29344	taiwan_usage
taiwan	jx	假仙	cedict:line:8947	taiwan_usage
taiwan	jx	健行	cedict:line:9334	taiwan_usage
taiwan	jx	簡訊	cedict:line:83576	taiwan_usage
taiwan	jx	結訓	cedict:line:85508	taiwan_usage
taiwan	jxc	介係詞	cedict:line:6144	taiwan_usage
taiwan	jxd	解析度	cedict:line:100046	taiwan_usage
taiwan	jxn	基西紐	cedict:line:25895	taiwan_usage
taiwan	jxrt	教學軟體	cedict:line:50724	taiwan_usage
taiwan	jxs	金夏沙	cedict:line:110987	taiwan_usage
taiwan	jy	嘉義	cedict:line:23119	places
taiwan	jy	捷泳	cedict:line:47332	taiwan_usage
taiwan	jy	捷運	cedict:line:47338	taiwan_usage
taiwan	jy	金鑰	cedict:line:111210	taiwan_usage
taiwan	jyadf	就業安定費	cedict:line:35023	taiwan_usage
taiwan	jydq	箭瑛大橋	wikidata:Q107708868+cedict:derived	films
taiwan	jydqhhzyj	嘉義地區繪畫之研究	wikidata:Q111600093+cedict:derived	books
taiwan	jys	嘉義市	cedict:line:23120	places
taiwan	jyt	基因體	cedict:line:25801	taiwan_usage
taiwan	jyt	記憶體	cedict:line:100444	taiwan_usage
taiwan	jyx	嘉義縣	cedict:line:23121	places
taiwan	jz	加值	cedict:line:15177	taiwan_usage
taiwan	jz	囝仔	cedict:line:23854	taiwan_usage
taiwan	jz	技佐	cedict:line:45268	taiwan_usage
taiwan	jz	技正	cedict:line:45278	taiwan_usage
taiwan	jz	精障	cedict:line:84134	taiwan_usage
taiwan	jz	跡證	cedict:line:104921	taiwan_usage
taiwan	jzs	警政署	cedict:line:102084	taiwan_usage
taiwan	ka	卡	cedict:line:17400	places
taiwan	ka	咖	cedict:line:21317	taiwan_usage
taiwan	ka	鉲	cedict:line:111526	taiwan_usage
taiwan	ka	髂	cedict:line:121331	taiwan_usage
taiwan	ka'bi	咖逼	cedict:line:21336	taiwan_usage
taiwan	ka'da	卡達	cedict:line:17531	taiwan_usage
taiwan	ka'dao'yin	卡到陰	cedict:line:17418	taiwan_usage
taiwan	ka'dian'xi'de	卡典西德	cedict:line:17413	taiwan_usage
taiwan	ka'la	卡拉	cedict:line:17451	taiwan_usage
taiwan	ka'la'ka'si	卡拉卡斯	cedict:line:17454	taiwan_usage
taiwan	ka'li	咖哩	cedict:line:21319	taiwan_usage
taiwan	ka'shi'da	卡士達	cedict:line:17428	taiwan_usage
taiwan	ka'si	卡司	cedict:line:17419	taiwan_usage
taiwan	ka'si'cui	卡斯翠	cedict:line:17466	taiwan_usage
taiwan	kai	凱	cedict:line:12967	taiwan_usage
taiwan	kai'da'ge'lan	凱達格蘭	cedict:line:12992	indigenous
taiwan	kai'da'ge'lan'zu	凱達格蘭族	cedict:line:12993	indigenous
taiwan	kai'mai'la	開麥拉	cedict:line:113630	taiwan_usage
taiwan	kan'cheng	坎城	cedict:line:25269	taiwan_usage
taiwan	kan'pei'la	坎培拉	cedict:line:25270	taiwan_usage
taiwan	kang	閌	cedict:line:113635	taiwan_usage
taiwan	kang'nai'di'ke	康乃狄克	cedict:line:38423	taiwan_usage
taiwan	kao'bei	靠北	cedict:line:117813	taiwan_usage
taiwan	kao'gu'ti	考古題	cedict:line:88693	taiwan_usage
taiwan	kao'ji	考紀	cedict:line:88715	taiwan_usage
taiwan	kao'lao	犒勞	cedict:line:71966	beverages
taiwan	kao'shi'yuan	考試院	cedict:line:88725	taiwan_usage
taiwan	kao'xuan'bu	考選部	cedict:line:88729	taiwan_usage
taiwan	kao'yao	靠腰	cedict:line:117825	taiwan_usage
taiwan	kb	咖逼	cedict:line:21336	taiwan_usage
taiwan	kb	哭悲	wikidata:Q105697891+cedict:derived	films
taiwan	kb	靠北	cedict:line:117813	taiwan_usage
taiwan	kc	坎城	cedict:line:25269	taiwan_usage
taiwan	kcd	快炒店	cedict:line:41208	taiwan_usage
taiwan	kd	卡達	cedict:line:17531	taiwan_usage
taiwan	kd	墾丁	cedict:line:26693	places
taiwan	kd	庫德	cedict:line:38371	taiwan_usage
taiwan	kdgjgy	墾丁國家公園	cedict:line:26694	places
taiwan	kdgl	凱達格蘭	cedict:line:12992	indigenous
taiwan	kdglz	凱達格蘭族	cedict:line:12993	indigenous
taiwan	kdst	庫德斯坦	cedict:line:38372	taiwan_usage
taiwan	kdxd	卡典西德	cedict:line:17413	taiwan_usage
taiwan	kdy	卡到陰	cedict:line:17418	taiwan_usage
taiwan	ke	克	cedict:line:10745	taiwan_usage
taiwan	ke	殼	cedict:line:61252	taiwan_usage
taiwan	ke'guo	克國	cedict:line:10761	taiwan_usage
taiwan	ke'li'lu	可麗露	cedict:line:19291	taiwan_usage
taiwan	ke'lin'dun	柯林頓	cedict:line:57062	people
taiwan	ke'liu'gan	克流感	cedict:line:10804	taiwan_usage
taiwan	ke'lou'zi	克漏字	cedict:line:10805	taiwan_usage
taiwan	ke'lun'po	可倫坡	cedict:line:19137	taiwan_usage
taiwan	ke'luo'ai'xi'ya	克羅埃西亞	cedict:line:10813	taiwan_usage
taiwan	ke'na'ke'li	柯那克里	cedict:line:57073	taiwan_usage
taiwan	ke'wen'zhe	柯文哲	cedict:line:57059	people
taiwan	ke'yun	客運	cedict:line:32606	taiwan_usage
taiwan	ke'zhi'hua	客製化	cedict:line:32595	taiwan_usage
taiwan	ken'ding	墾丁	cedict:line:26693	places
taiwan	ken'ding'guo'jia'gong'yuan	墾丁國家公園	cedict:line:26694	places
taiwan	ken'ya	肯亞	cedict:line:89944	taiwan_usage
taiwan	kg	克國	cedict:line:10761	taiwan_usage
taiwan	kg	快鍋	cedict:line:41235	taiwan_usage
taiwan	kg	恐攻	cedict:line:41779	taiwan_usage
taiwan	kgt	考古題	cedict:line:88693	taiwan_usage
taiwan	khj	口紅膠	cedict:line:18788	taiwan_usage
taiwan	kj	考紀	cedict:line:88715	taiwan_usage
taiwan	kj	跨距	cedict:line:104956	taiwan_usage
taiwan	kl	卡拉	cedict:line:17451	taiwan_usage
taiwan	kl	咖哩	cedict:line:21319	taiwan_usage
taiwan	kl	犒勞	cedict:line:71966	beverages
taiwan	klaxy	克羅埃西亞	cedict:line:10813	taiwan_usage
taiwan	kld	柯林頓	cedict:line:57062	people
taiwan	klg	克流感	cedict:line:10804	taiwan_usage
taiwan	klks	卡拉卡斯	cedict:line:17454	taiwan_usage
taiwan	kll	可麗露	cedict:line:19291	taiwan_usage
taiwan	klp	可倫坡	cedict:line:19137	taiwan_usage
taiwan	klz	克漏字	cedict:line:10805	taiwan_usage
taiwan	km	酷馬	wikidata:Q10563779+cedict:derived	films
taiwan	kml	開麥拉	cedict:line:113630	taiwan_usage
taiwan	kndk	康乃狄克	cedict:line:38423	taiwan_usage
taiwan	knkl	柯那克里	cedict:line:57073	taiwan_usage
taiwan	kong	焢	cedict:line:70102	taiwan_usage
taiwan	kong'gong	恐攻	cedict:line:41779	taiwan_usage
taiwan	kong'pai	空拍	cedict:line:81987	taiwan_usage
taiwan	kong'rou	焢肉	cedict:line:70103	taiwan_usage
taiwan	kong'rou	爌肉	cedict:line:71108	taiwan_usage
taiwan	kou	佝	cedict:line:7513	taiwan_usage
taiwan	kou	扣	cedict:line:44963	taiwan_usage
taiwan	kou'hong'jiao	口紅膠	cedict:line:18788	taiwan_usage
taiwan	kou'ying	扣應	cedict:line:44977	taiwan_usage
taiwan	kp	空拍	cedict:line:81987	taiwan_usage
taiwan	kp	酷碰	cedict:line:110246	taiwan_usage
taiwan	kpl	坎培拉	cedict:line:25270	taiwan_usage
taiwan	kpq	酷碰券	cedict:line:110247	taiwan_usage
taiwan	kq	快取	cedict:line:41182	taiwan_usage
taiwan	kr	焢肉	cedict:line:70103	taiwan_usage
taiwan	kr	爌肉	cedict:line:71108	taiwan_usage
taiwan	ks	卡司	cedict:line:17419	taiwan_usage
taiwan	ksc	卡斯翠	cedict:line:17466	taiwan_usage
taiwan	ksd	卡士達	cedict:line:17428	taiwan_usage
taiwan	ksl	酷斯拉	cedict:line:110240	taiwan_usage
taiwan	ksy	考試院	cedict:line:88725	taiwan_usage
taiwan	ku	矻	cedict:line:79228	taiwan_usage
taiwan	ku'bei	哭悲	wikidata:Q105697891+cedict:derived	films
taiwan	ku'de	庫德	cedict:line:38371	taiwan_usage
taiwan	ku'de'si'tan	庫德斯坦	cedict:line:38372	taiwan_usage
taiwan	ku'ma	酷馬	wikidata:Q10563779+cedict:derived	films
taiwan	ku'peng	酷碰	cedict:line:110246	taiwan_usage
taiwan	ku'peng'quan	酷碰券	cedict:line:110247	taiwan_usage
taiwan	ku'si'la	酷斯拉	cedict:line:110240	taiwan_usage
taiwan	ku'zhu	苦主	cedict:line:93443	taiwan_usage
taiwan	ku'zhuang	褲裝	cedict:line:99075	taiwan_usage
taiwan	kua'ju	跨距	cedict:line:104956	taiwan_usage
taiwan	kuai	咼	cedict:line:21444	taiwan_usage
taiwan	kuai	喎	cedict:line:22515	taiwan_usage
taiwan	kuai	擓	cedict:line:49512	taiwan_usage
taiwan	kuai	檜	cedict:line:59680	taiwan_usage
taiwan	kuai	檜	cedict:line:59681	taiwan_usage
taiwan	kuai'chao'dian	快炒店	cedict:line:41208	taiwan_usage
taiwan	kuai'guo	快鍋	cedict:line:41235	taiwan_usage
taiwan	kuai'qu	快取	cedict:line:41182	taiwan_usage
taiwan	kuai'zhu'hu	快煮壺	cedict:line:41210	taiwan_usage
taiwan	kuang	框	cedict:line:57625	taiwan_usage
taiwan	kuang	眶	cedict:line:78340	taiwan_usage
taiwan	kui	潰	cedict:line:68238	taiwan_usage
taiwan	kuo	彍	cedict:line:39534	taiwan_usage
taiwan	kwz	柯文哲	cedict:line:57059	people
taiwan	kxb	考選部	cedict:line:88729	taiwan_usage
taiwan	ky	客運	cedict:line:32606	taiwan_usage
taiwan	ky	扣應	cedict:line:44977	taiwan_usage
taiwan	ky	肯亞	cedict:line:89944	taiwan_usage
taiwan	ky	靠腰	cedict:line:117825	taiwan_usage
taiwan	kz	苦主	cedict:line:93443	taiwan_usage
taiwan	kz	褲裝	cedict:line:99075	taiwan_usage
taiwan	kzh	客製化	cedict:line:32595	taiwan_usage
taiwan	kzh	快煮壺	cedict:line:41210	taiwan_usage
taiwan	la	兩岸	cedict:line:11483	taiwan_usage
taiwan	la	剌	cedict:line:14372	taiwan_usage
taiwan	la	李安	cedict:line:55882	performers
taiwan	la	鞡	cedict:line:118065	taiwan_usage
taiwan	la'ji	喇舌	cedict:line:22480	taiwan_usage
taiwan	la'sai	喇賽	cedict:line:22481	taiwan_usage
taiwan	la'tai	拉抬	cedict:line:46020	taiwan_usage
taiwan	lad	盧安達	cedict:line:77561	taiwan_usage
taiwan	lai	賴	cedict:line:103825	taiwan_usage
taiwan	lai'bi'rui'ya	賴比瑞亞	cedict:line:103834	taiwan_usage
taiwan	lai'dian'da'ling	來電答鈴	cedict:line:7731	taiwan_usage
taiwan	lai'qing'de	賴清德	cedict:line:103836	people
taiwan	lai'sheng'chuan	賴聲川	cedict:line:103840	performers
taiwan	lai'suo'tuo	賴索托	cedict:line:103839	taiwan_usage
taiwan	lai'tai	來台	cedict:line:7676	taiwan_usage
taiwan	lai'zhu	萊豬	cedict:line:94593	taiwan_usage
taiwan	lan'nong	藍儂	cedict:line:96029	performers
taiwan	lan'ren'bao	懶人包	cedict:line:43474	taiwan_usage
taiwan	lan'wei	欄位	cedict:line:59842	taiwan_usage
taiwan	lao	勞	cedict:line:15724	taiwan_usage
taiwan	lao	粩	cedict:line:83960	taiwan_usage
taiwan	lao'geng	老梗	cedict:line:88543	taiwan_usage
taiwan	lao'nong	酪農	cedict:line:110197	taiwan_usage
taiwan	lao'nong'ye	酪農業	cedict:line:110198	taiwan_usage
taiwan	lao'ren	落忍	cedict:line:94839	animals
taiwan	lao'shen'zai'zai	老神在在	cedict:line:88584	taiwan_usage
taiwan	lasd	兩岸三地	cedict:line:11484	taiwan_usage
taiwan	lb	淋病	cedict:line:65835	taiwan_usage
taiwan	lb	聾胞	cedict:line:89615	taiwan_usage
taiwan	lb	路霸	cedict:line:105068	taiwan_usage
taiwan	lb	類比	cedict:line:119100	taiwan_usage
taiwan	lban	盧比安納	cedict:line:77570	taiwan_usage
taiwan	lbdfz	羅必達法則	cedict:line:87557	taiwan_usage
taiwan	lbh	魯冰花	wikidata:Q111800091+cedict:derived	songs
taiwan	lbry	賴比瑞亞	cedict:line:103834	taiwan_usage
taiwan	lc	劉禪	cedict:line:14992	taiwan_usage
taiwan	lc	旅充	cedict:line:52326	taiwan_usage
taiwan	ld	柳丁	cedict:line:57090	taiwan_usage
taiwan	ld	碌碡	cedict:line:79685	taiwan_usage
taiwan	lddl	來電答鈴	cedict:line:7731	taiwan_usage
taiwan	ldh	李登輝	cedict:line:55945	people
taiwan	ldty	領導統御	cedict:line:118696	taiwan_usage
taiwan	le	垃	cedict:line:25476	taiwan_usage
taiwan	le	埒	cedict:line:25698	taiwan_usage
taiwan	le	肋	cedict:line:89747	taiwan_usage
taiwan	le'se	垃圾	cedict:line:25477	taiwan_usage
taiwan	le'se	樂色	cedict:line:58972	taiwan_usage
taiwan	le'se'tong	垃圾桶	cedict:line:25481	taiwan_usage
taiwan	lei	擂	cedict:line:49386	taiwan_usage
taiwan	lei	礌	cedict:line:80109	taiwan_usage
taiwan	lei	累	cedict:line:85181	taiwan_usage
taiwan	lei	雷	cedict:line:116693	taiwan_usage
taiwan	lei'bi	類比	cedict:line:119100	taiwan_usage
taiwan	lei'gen	雷根	cedict:line:116731	taiwan_usage
taiwan	lei'ke'ya'wei'ke	雷克雅維克	cedict:line:116700	taiwan_usage
taiwan	lei'lang	雷朗	cedict:line:116729	indigenous
taiwan	lei'lang'zu	雷朗族	cedict:line:116730	indigenous
taiwan	lei'lei	累累	cedict:line:85195	taiwan_usage
taiwan	lei'she	鐳射	cedict:line:112540	taiwan_usage
taiwan	lei'she	雷射	cedict:line:116712	taiwan_usage
taiwan	lei'she'bi	雷射筆	cedict:line:116713	taiwan_usage
taiwan	leng	怔	cedict:line:41372	taiwan_usage
taiwan	lf	離峰	cedict:line:116298	mountains
taiwan	lfd	禮服店	cedict:line:80895	taiwan_usage
taiwan	lfg	羅浮宮	cedict:line:87590	taiwan_usage
taiwan	lfgc	立方公尺	cedict:line:82396	taiwan_usage
taiwan	lft	理髮廳	cedict:line:73500	taiwan_usage
taiwan	lfwy	立法委員	cedict:line:82408	taiwan_usage
taiwan	lfz	林豐正	cedict:line:56677	people
taiwan	lg	寮國	cedict:line:33668	taiwan_usage
taiwan	lg	老梗	cedict:line:88543	taiwan_usage
taiwan	lg	雷根	cedict:line:116731	taiwan_usage
taiwan	lgb	龍宮貝	cedict:line:124824	taiwan_usage
taiwan	lhb	聯合報	cedict:line:89320	taiwan_usage
taiwan	lhm	林懷民	cedict:line:56647	taiwan_usage
taiwan	li	喱	cedict:line:22913	taiwan_usage
taiwan	li	琍	cedict:line:73520	taiwan_usage
taiwan	li	粒	cedict:line:83865	taiwan_usage
taiwan	li	里	cedict:line:110535	taiwan_usage
taiwan	li'an	李安	cedict:line:55882	performers
taiwan	li'deng'hui	李登輝	cedict:line:55945	people
taiwan	li'fa'ting	理髮廳	cedict:line:73500	taiwan_usage
taiwan	li'fa'wei'yuan	立法委員	cedict:line:82408	taiwan_usage
taiwan	li'fang'gong'chi	立方公尺	cedict:line:82396	taiwan_usage
taiwan	li'feng	離峰	cedict:line:116298	mountains
taiwan	li'fu'dian	禮服店	cedict:line:80895	taiwan_usage
taiwan	li'ji	里肌	cedict:line:110566	taiwan_usage
taiwan	li'kai'fu	李開復	cedict:line:55977	people
taiwan	li'ke'bai	立可白	cedict:line:82378	taiwan_usage
taiwan	li'lang'wei	里朗威	cedict:line:110549	taiwan_usage
taiwan	li'min'yong	李敏勇	cedict:line:55907	people
taiwan	li'pan	力拚	cedict:line:15085	taiwan_usage
taiwan	li'ren'man	儷人蠻	wikidata:Q107535347+cedict:derived	books
taiwan	li'shi	麗鳾	cedict:line:123338	animals
taiwan	li'tian'lu	李天祿	cedict:line:55876	taiwan_usage
taiwan	li'wei	立委	cedict:line:82383	taiwan_usage
taiwan	li'wei'ye'la	里維耶拉	cedict:line:110565	taiwan_usage
taiwan	li'xing'liao'mei	麗星鷯鶥	cedict:line:123324	animals
taiwan	li'ya'de	利雅德	cedict:line:14110	taiwan_usage
taiwan	li'yuan	立院	cedict:line:82430	taiwan_usage
taiwan	li'yuan'zhe	李遠哲	cedict:line:55972	people
taiwan	li'yue	里約	cedict:line:110562	places
taiwan	li'zong'sheng	李宗盛	cedict:line:55884	taiwan_usage
taiwan	lian	斂	cedict:line:51232	taiwan_usage
taiwan	lian	薟	cedict:line:95861	taiwan_usage
taiwan	lian	薟	cedict:line:95862	taiwan_usage
taiwan	lian'he'bao	聯合報	cedict:line:89320	taiwan_usage
taiwan	lian'ji	聯集	cedict:line:89406	taiwan_usage
taiwan	lian'jiang'xian	連江縣	cedict:line:107918	places
taiwan	lian'jie	連結	cedict:line:107937	taiwan_usage
taiwan	lian'jie'che	聯結車	cedict:line:89363	taiwan_usage
taiwan	lian'luo'ren	聯絡人	cedict:line:89365	taiwan_usage
taiwan	lian'ren	斂衽	cedict:line:51236	taiwan_usage
taiwan	lian'xi'sheng	練習生	cedict:line:86652	performers
taiwan	lian'xian	連線	cedict:line:107946	taiwan_usage
taiwan	lian'zhan	連戰	cedict:line:107893	people
taiwan	liang'an	兩岸	cedict:line:11483	taiwan_usage
taiwan	liang'an'san'di	兩岸三地	cedict:line:11484	taiwan_usage
taiwan	liang'kuai	涼快	cedict:line:65775	taiwan_usage
taiwan	liao	釕	cedict:line:111263	taiwan_usage
taiwan	liao'guo	寮國	cedict:line:33668	taiwan_usage
taiwan	lie	列	cedict:line:13813	taiwan_usage
taiwan	lie'yin	列印	cedict:line:13823	taiwan_usage
taiwan	lie'zhi'dun'si'deng	列支敦斯登	cedict:line:13836	taiwan_usage
taiwan	lin'bing	淋病	cedict:line:65835	taiwan_usage
taiwan	lin'feng'zheng	林豐正	cedict:line:56677	people
taiwan	lin'huai'min	林懷民	cedict:line:56647	taiwan_usage
taiwan	lin'qing'xia	林青霞	cedict:line:56684	performers
taiwan	lin'shu'hao	林書豪	cedict:line:56649	taiwan_usage
taiwan	lin'xin'ru	林心如	cedict:line:56644	performers
taiwan	lin'zhi'ling	林志玲	cedict:line:56645	performers
taiwan	ling	令	cedict:line:6398	taiwan_usage
taiwan	ling	呤	cedict:line:20896	taiwan_usage
taiwan	ling	拎	cedict:line:46211	taiwan_usage
taiwan	ling'dao'tong'yu	領導統御	cedict:line:118696	taiwan_usage
taiwan	ling'ma	零碼	cedict:line:116668	mountains
taiwan	ling'ya	苓雅	cedict:line:93345	places
taiwan	ling'ya'qu	苓雅區	cedict:line:93346	places
taiwan	liu	鎦	cedict:line:112290	taiwan_usage
taiwan	liu	鎦	cedict:line:112291	taiwan_usage
taiwan	liu'chan	劉禪	cedict:line:14992	taiwan_usage
taiwan	liu'ding	柳丁	cedict:line:57090	taiwan_usage
taiwan	liu'li'tai	流理台	cedict:line:64918	mountains
taiwan	liu'ni'wang	留尼旺	cedict:line:75005	places
taiwan	liu'qiu	流球	cedict:line:64916	taiwan_usage
taiwan	liu'qiu	琉球	cedict:line:73506	places
taiwan	liu'qiu'hai	琉球海	cedict:line:73509	taiwan_usage
taiwan	liu'ying	柳營	cedict:line:57124	places
taiwan	liu'zhi'ting'xin	留職停薪	cedict:line:75040	taiwan_usage
taiwan	lj	喇舌	cedict:line:22480	taiwan_usage
taiwan	lj	聯集	cedict:line:89406	taiwan_usage
taiwan	lj	連結	cedict:line:107937	taiwan_usage
taiwan	lj	里肌	cedict:line:110566	taiwan_usage
taiwan	ljc	聯結車	cedict:line:89363	taiwan_usage
taiwan	ljq	龍井區	cedict:line:124795	places
taiwan	ljx	連江縣	cedict:line:107918	places
taiwan	lk	涼快	cedict:line:65775	taiwan_usage
taiwan	lk	陸客	cedict:line:115096	taiwan_usage
taiwan	lkb	立可白	cedict:line:82378	taiwan_usage
taiwan	lkf	李開復	cedict:line:55977	people
taiwan	lkywk	雷克雅維克	cedict:line:116700	taiwan_usage
taiwan	lkz	魯凱族	cedict:line:122390	indigenous
taiwan	ll	累累	cedict:line:85195	taiwan_usage
taiwan	ll	陸勞	cedict:line:115088	taiwan_usage
taiwan	ll	雷朗	cedict:line:116729	indigenous
taiwan	llr	聯絡人	cedict:line:89365	taiwan_usage
taiwan	llt	流理台	cedict:line:64918	mountains
taiwan	llw	里朗威	cedict:line:110549	taiwan_usage
taiwan	llz	雷朗族	cedict:line:116730	indigenous
taiwan	lm	零碼	cedict:line:116668	mountains
taiwan	lm	鱸鰻	cedict:line:122700	taiwan_usage
taiwan	lm	龍妹	cedict:line:124817	taiwan_usage
taiwan	lmdc	路面電車	cedict:line:105070	taiwan_usage
taiwan	lmy	李敏勇	cedict:line:55907	people
taiwan	ln	藍儂	cedict:line:96029	performers
taiwan	ln	酪農	cedict:line:110197	taiwan_usage
taiwan	lnw	留尼旺	cedict:line:75005	places
taiwan	lny	酪農業	cedict:line:110198	taiwan_usage
taiwan	long	籠	cedict:line:83706	taiwan_usage
taiwan	long'bao	聾胞	cedict:line:89615	taiwan_usage
taiwan	long'gong'bei	龍宮貝	cedict:line:124824	taiwan_usage
taiwan	long'jing'qu	龍井區	cedict:line:124795	places
taiwan	long'mei	龍妹	cedict:line:124817	taiwan_usage
taiwan	long'qi	龍崎	cedict:line:124829	places
taiwan	long'xu'cai	龍鬚菜	cedict:line:124947	taiwan_usage
taiwan	lp	力拚	cedict:line:15085	taiwan_usage
taiwan	lp	陸配	cedict:line:115130	taiwan_usage
taiwan	lq	流球	cedict:line:64916	taiwan_usage
taiwan	lq	琉球	cedict:line:73506	places
taiwan	lq	龍崎	cedict:line:124829	places
taiwan	lqd	賴清德	cedict:line:103836	people
taiwan	lqh	琉球海	cedict:line:73509	taiwan_usage
taiwan	lqx	林青霞	cedict:line:56684	performers
taiwan	lr	斂衽	cedict:line:51236	taiwan_usage
taiwan	lr	落忍	cedict:line:94839	animals
taiwan	lrb	懶人包	cedict:line:43474	taiwan_usage
taiwan	lrm	儷人蠻	wikidata:Q107535347+cedict:derived	books
taiwan	ls	亂數	cedict:line:4571	taiwan_usage
taiwan	ls	亂視	cedict:line:4586	taiwan_usage
taiwan	ls	喇賽	cedict:line:22481	taiwan_usage
taiwan	ls	垃圾	cedict:line:25477	taiwan_usage
taiwan	ls	樂色	cedict:line:58972	taiwan_usage
taiwan	ls	鐳射	cedict:line:112540	taiwan_usage
taiwan	ls	雷射	cedict:line:116712	taiwan_usage
taiwan	ls	魯蛇	cedict:line:122414	taiwan_usage
taiwan	ls	麗鳾	cedict:line:123338	animals
taiwan	lsb	雷射筆	cedict:line:116713	taiwan_usage
taiwan	lsc	賴聲川	cedict:line:103840	performers
taiwan	lsh	林書豪	cedict:line:56649	taiwan_usage
taiwan	lshx	呂宋海峽	cedict:line:20791	places
taiwan	lsk	路沙卡	cedict:line:105028	taiwan_usage
taiwan	lst	垃圾桶	cedict:line:25481	taiwan_usage
taiwan	lst	賴索托	cedict:line:103839	taiwan_usage
taiwan	lszz	老神在在	cedict:line:88584	taiwan_usage
taiwan	lt	來台	cedict:line:7676	taiwan_usage
taiwan	lt	拉抬	cedict:line:46020	taiwan_usage
taiwan	ltl	李天祿	cedict:line:55876	taiwan_usage
taiwan	lu	盧	cedict:line:77554	foods
taiwan	lu	碌	cedict:line:79679	taiwan_usage
taiwan	lu'an'da	盧安達	cedict:line:77561	taiwan_usage
taiwan	lu'ba	路霸	cedict:line:105068	taiwan_usage
taiwan	lu'bi'an'na	盧比安納	cedict:line:77570	taiwan_usage
taiwan	lu'bing'hua	魯冰花	wikidata:Q111800091+cedict:derived	songs
taiwan	lu'du	碌碡	cedict:line:79685	taiwan_usage
taiwan	lu'kai'zu	魯凱族	cedict:line:122390	indigenous
taiwan	lu'ke	陸客	cedict:line:115096	taiwan_usage
taiwan	lu'lao	陸勞	cedict:line:115088	taiwan_usage
taiwan	lu'man	鱸鰻	cedict:line:122700	taiwan_usage
taiwan	lu'mian'dian'che	路面電車	cedict:line:105070	taiwan_usage
taiwan	lu'pei	陸配	cedict:line:115130	taiwan_usage
taiwan	lu'sha'ka	路沙卡	cedict:line:105028	taiwan_usage
taiwan	lu'she	魯蛇	cedict:line:122414	taiwan_usage
taiwan	lu'wei'hui	陸委會	cedict:line:115095	taiwan_usage
taiwan	lu'ying'dai	錄影帶	cedict:line:111949	taiwan_usage
taiwan	lu'ying'ji	錄影機	cedict:line:111950	taiwan_usage
taiwan	lu'yu'feng'dian	陸域風電	cedict:line:115092	taiwan_usage
taiwan	lu'zhou	蘆洲	cedict:line:96327	places
taiwan	lu'zhou'shi	蘆洲市	cedict:line:96328	places
taiwan	luan'shi	亂視	cedict:line:4586	taiwan_usage
taiwan	luan'shu	亂數	cedict:line:4571	taiwan_usage
taiwan	luo	酪	cedict:line:110188	foods
taiwan	luo	馲	cedict:line:120722	taiwan_usage
taiwan	luo'bi'da'fa'ze	羅必達法則	cedict:line:87557	taiwan_usage
taiwan	luo'fu'gong	羅浮宮	cedict:line:87590	taiwan_usage
taiwan	luo'zhi'xiang	羅志祥	cedict:line:87558	taiwan_usage
taiwan	lv'chong	旅充	cedict:line:52326	taiwan_usage
taiwan	lv'song'hai'xia	呂宋海峽	cedict:line:20791	places
taiwan	lw	欄位	cedict:line:59842	taiwan_usage
taiwan	lw	立委	cedict:line:82383	taiwan_usage
taiwan	lwh	陸委會	cedict:line:115095	taiwan_usage
taiwan	lwyl	里維耶拉	cedict:line:110565	taiwan_usage
taiwan	lx	連線	cedict:line:107946	taiwan_usage
taiwan	lxc	龍鬚菜	cedict:line:124947	taiwan_usage
taiwan	lxlm	麗星鷯鶥	cedict:line:123324	animals
taiwan	lxr	林心如	cedict:line:56644	performers
taiwan	lxs	練習生	cedict:line:86652	performers
taiwan	ly	列印	cedict:line:13823	taiwan_usage
taiwan	ly	柳營	cedict:line:57124	places
taiwan	ly	立院	cedict:line:82430	taiwan_usage
taiwan	ly	苓雅	cedict:line:93345	places
taiwan	ly	里約	cedict:line:110562	places
taiwan	lyd	利雅德	cedict:line:14110	taiwan_usage
taiwan	lyd	錄影帶	cedict:line:111949	taiwan_usage
taiwan	lyfd	陸域風電	cedict:line:115092	taiwan_usage
taiwan	lyj	錄影機	cedict:line:111950	taiwan_usage
taiwan	lyq	苓雅區	cedict:line:93346	places
taiwan	lyz	李遠哲	cedict:line:55972	people
taiwan	lz	萊豬	cedict:line:94593	taiwan_usage
taiwan	lz	蘆洲	cedict:line:96327	places
taiwan	lz	連戰	cedict:line:107893	people
taiwan	lzdsd	列支敦斯登	cedict:line:13836	taiwan_usage
taiwan	lzl	林志玲	cedict:line:56645	performers
taiwan	lzs	李宗盛	cedict:line:55884	taiwan_usage
taiwan	lzs	蘆洲市	cedict:line:96328	places
taiwan	lztx	留職停薪	cedict:line:75040	taiwan_usage
taiwan	lzx	羅志祥	cedict:line:87558	taiwan_usage
taiwan	ma	嘛	cedict:line:23181	taiwan_usage
taiwan	ma	嬤	cedict:line:31141	taiwan_usage
taiwan	ma	獁	cedict:line:72450	taiwan_usage
taiwan	ma'bu'duo	馬布多	cedict:line:120476	taiwan_usage
taiwan	ma'dao'chou'tou	罵到臭頭	cedict:line:87461	taiwan_usage
taiwan	ma'er'di'fu	馬爾地夫	cedict:line:120556	taiwan_usage
taiwan	ma'er'ta	馬爾他	cedict:line:120550	taiwan_usage
taiwan	ma'gong	馬公	cedict:line:120405	places
taiwan	ma'gong'shi	馬公市	cedict:line:120406	places
taiwan	ma'ji	麻吉	cedict:line:123494	taiwan_usage
taiwan	ma'ke'hong	馬克宏	cedict:line:120391	people
taiwan	ma'la'wei	馬拉威	cedict:line:120505	taiwan_usage
taiwan	ma'li	馬利	cedict:line:120416	taiwan_usage
taiwan	ma'lv	瑪律	cedict:line:73684	taiwan_usage
taiwan	ma'na'gua	馬拿瓜	cedict:line:120513	taiwan_usage
taiwan	ma'sai	馬賽	cedict:line:120619	indigenous
taiwan	ma'sai'zu	馬賽族	cedict:line:120621	indigenous
taiwan	ma'ying'jiu	馬英九	cedict:line:120602	people
taiwan	ma'zu	馬祖	cedict:line:120575	taiwan_usage
taiwan	mai'ke	麥可	cedict:line:123378	taiwan_usage
taiwan	mai'kuai	麥塊	cedict:line:123383	taiwan_usage
taiwan	mai'na'ma	麥納瑪	cedict:line:123407	taiwan_usage
taiwan	mai'piao	買票	cedict:line:103292	taiwan_usage
taiwan	mai'xiang'bao	麥香堡	cedict:line:123429	taiwan_usage
taiwan	man	蹣	cedict:line:105300	taiwan_usage
taiwan	man'dao	曼島	cedict:line:54482	taiwan_usage
taiwan	man'fu'bao	滿福堡	cedict:line:67647	taiwan_usage
taiwan	mang'bao	盲胞	cedict:line:77685	taiwan_usage
taiwan	mao'li'ta'ni'ya	茅利塔尼亞	cedict:line:93702	taiwan_usage
taiwan	mao'wu'zu	貓霧族	cedict:line:102807	indigenous
taiwan	mb	盲胞	cedict:line:77685	taiwan_usage
taiwan	mbb	墨巴本	cedict:line:26618	taiwan_usage
taiwan	mbd	馬布多	cedict:line:120476	taiwan_usage
taiwan	mc	免持	cedict:line:10872	taiwan_usage
taiwan	mc	媒材	cedict:line:30923	taiwan_usage
taiwan	md	曼島	cedict:line:54482	taiwan_usage
taiwan	md	木笛	cedict:line:55457	taiwan_usage
taiwan	mdct	罵到臭頭	cedict:line:87461	taiwan_usage
taiwan	mdkl	蒙地卡羅	cedict:line:95190	taiwan_usage
taiwan	mds	美杜莎	wikidata:Q115665318+cedict:derived	songs
taiwan	me	莫耳	cedict:line:94216	taiwan_usage
taiwan	medf	馬爾地夫	cedict:line:120556	taiwan_usage
taiwan	mei	鋂	cedict:line:111769	taiwan_usage
taiwan	mei'cai	媒材	cedict:line:30923	taiwan_usage
taiwan	mei'du'sha	美杜莎	wikidata:Q115665318+cedict:derived	songs
taiwan	mei'gui'shao'nian	玫瑰少年	wikidata:Q63877544+cedict:derived	songs
taiwan	mei'jiao	眉角	cedict:line:78088	taiwan_usage
taiwan	mei'lao	美勞	cedict:line:87773	taiwan_usage
taiwan	mei'li'dao	美麗島	cedict:line:87945	places
taiwan	mei'li'dao'shi'jian	美麗島事件	cedict:line:87946	history
taiwan	mei'ling	美玲	cedict:line:87881	performers
taiwan	mei'nai'min	美耐皿	cedict:line:87900	taiwan_usage
taiwan	mei'nai'zi	美乃滋	cedict:line:87750	taiwan_usage
taiwan	mei'nong'gua	美濃瓜	cedict:line:87879	taiwan_usage
taiwan	mei'ren'tui	美人腿	cedict:line:87757	plants
taiwan	mei'zhong'tai	美中台	cedict:line:87749	taiwan_usage
taiwan	men'hao	門號	cedict:line:113174	taiwan_usage
taiwan	meng	獴	cedict:line:72673	taiwan_usage
taiwan	meng	蒙	cedict:line:95165	taiwan_usage
taiwan	meng'di'ka'luo	蒙地卡羅	cedict:line:95190	taiwan_usage
taiwan	meng'hun	矇混	cedict:line:78797	taiwan_usage
taiwan	meng'hun'guo'guan	矇混過關	cedict:line:78798	taiwan_usage
taiwan	meng'te'lou	蒙特婁	cedict:line:95220	places
taiwan	meng'te'nei'ge'luo	蒙特內哥羅	cedict:line:95214	taiwan_usage
taiwan	meng'te'wei'duo	蒙特維多	cedict:line:95221	taiwan_usage
taiwan	met	馬爾他	cedict:line:120550	taiwan_usage
taiwan	mfb	滿福堡	cedict:line:67647	taiwan_usage
taiwan	mg	民國	cedict:line:61758	taiwan_usage
taiwan	mg	馬公	cedict:line:120405	places
taiwan	mgs	馬公市	cedict:line:120406	places
taiwan	mgsn	玫瑰少年	wikidata:Q63877544+cedict:derived	songs
taiwan	mgz	魔鬼氈	cedict:line:122270	taiwan_usage
taiwan	mgz	魔鬼粘	cedict:line:122271	taiwan_usage
taiwan	mh	明和	cedict:line:52893	places
taiwan	mh	矇混	cedict:line:78797	taiwan_usage
taiwan	mh	門號	cedict:line:113174	taiwan_usage
taiwan	mhgg	矇混過關	cedict:line:78798	taiwan_usage
taiwan	mi	眯	cedict:line:78332	taiwan_usage
taiwan	mi'jing	米精	cedict:line:83779	foods
taiwan	mi'kai'lan'ji'luo	米開蘭基羅	cedict:line:83798	taiwan_usage
taiwan	mi'tuo	彌陀	cedict:line:39533	places
taiwan	mi'xi'gen	密西根	cedict:line:33118	taiwan_usage
taiwan	mian'chi	免持	cedict:line:10872	taiwan_usage
taiwan	mian'xi'bei	免洗杯	cedict:line:10876	taiwan_usage
taiwan	mian'xi'kuai	免洗筷	cedict:line:10877	taiwan_usage
taiwan	mian'xiang	面向	cedict:line:117847	taiwan_usage
taiwan	miao'kou	廟口	cedict:line:38569	places
taiwan	miao'li	苗栗	cedict:line:93363	places
taiwan	miao'li'shi	苗栗市	cedict:line:93364	places
taiwan	miao'li'xian	苗栗縣	cedict:line:93365	places
taiwan	min'guo	民國	cedict:line:61758	taiwan_usage
taiwan	min'jin'dang	民進黨	cedict:line:61840	taiwan_usage
taiwan	min'yu	閩語	cedict:line:113782	taiwan_usage
taiwan	min'zhu'jin'bu'dang	民主進步黨	cedict:line:61739	taiwan_usage
taiwan	ming'he	明和	cedict:line:52893	places
taiwan	ming'ling'lie	命令列	cedict:line:21130	taiwan_usage
taiwan	mj	眉角	cedict:line:78088	taiwan_usage
taiwan	mj	米精	cedict:line:83779	foods
taiwan	mj	麻吉	cedict:line:123494	taiwan_usage
taiwan	mjd	民進黨	cedict:line:61840	taiwan_usage
taiwan	mjdx	摩加迪休	cedict:line:48880	taiwan_usage
taiwan	mk	廟口	cedict:line:38569	places
taiwan	mk	麥可	cedict:line:123378	taiwan_usage
taiwan	mk	麥塊	cedict:line:123383	taiwan_usage
taiwan	mkh	馬克宏	cedict:line:120391	people
taiwan	mkljl	米開蘭基羅	cedict:line:83798	taiwan_usage
taiwan	ml	瑪律	cedict:line:73684	taiwan_usage
taiwan	ml	美勞	cedict:line:87773	taiwan_usage
taiwan	ml	美玲	cedict:line:87881	performers
taiwan	ml	苗栗	cedict:line:93363	places
taiwan	ml	馬利	cedict:line:120416	taiwan_usage
taiwan	mld	美麗島	cedict:line:87945	places
taiwan	mldsj	美麗島事件	cedict:line:87946	history
taiwan	mll	命令列	cedict:line:21130	taiwan_usage
taiwan	mln	莫洛尼	cedict:line:94209	taiwan_usage
taiwan	mls	苗栗市	cedict:line:93364	places
taiwan	mltny	茅利塔尼亞	cedict:line:93702	taiwan_usage
taiwan	mlw	馬拉威	cedict:line:120505	taiwan_usage
taiwan	mlx	苗栗縣	cedict:line:93365	places
taiwan	mlxs	模里西斯	cedict:line:59196	taiwan_usage
taiwan	mn	莫內	cedict:line:94184	taiwan_usage
taiwan	mng	美濃瓜	cedict:line:87879	taiwan_usage
taiwan	mng	馬拿瓜	cedict:line:120513	taiwan_usage
taiwan	mnm	美耐皿	cedict:line:87900	taiwan_usage
taiwan	mnm	麥納瑪	cedict:line:123407	taiwan_usage
taiwan	mnz	美乃滋	cedict:line:87750	taiwan_usage
taiwan	mo	霢	cedict:line:117233	taiwan_usage
taiwan	mo'ba'ben	墨巴本	cedict:line:26618	taiwan_usage
taiwan	mo'er	莫耳	cedict:line:94216	taiwan_usage
taiwan	mo'gui'zhan	魔鬼氈	cedict:line:122270	taiwan_usage
taiwan	mo'gui'zhan	魔鬼粘	cedict:line:122271	taiwan_usage
taiwan	mo'jia'di'xiu	摩加迪休	cedict:line:48880	taiwan_usage
taiwan	mo'li'xi'si	模里西斯	cedict:line:59196	taiwan_usage
taiwan	mo'luo'ni	莫洛尼	cedict:line:94209	taiwan_usage
taiwan	mo'nei	莫內	cedict:line:94184	taiwan_usage
taiwan	mo'pian	抹片	cedict:line:45805	taiwan_usage
taiwan	mo'san'bi'ke	莫三比克	cedict:line:94174	taiwan_usage
taiwan	mo'tie	摩鐵	cedict:line:48943	taiwan_usage
taiwan	mo'zha'te	莫札特	cedict:line:94206	taiwan_usage
taiwan	mp	抹片	cedict:line:45805	taiwan_usage
taiwan	mp	買票	cedict:line:103292	taiwan_usage
taiwan	mqsss	母親三十歲	wikidata:Q106080046+cedict:derived	films
taiwan	mrt	美人腿	cedict:line:87757	plants
taiwan	ms	慕絲	cedict:line:42992	taiwan_usage
taiwan	ms	馬賽	cedict:line:120619	indigenous
taiwan	msbk	莫三比克	cedict:line:94174	taiwan_usage
taiwan	msz	馬賽族	cedict:line:120621	indigenous
taiwan	mt	彌陀	cedict:line:39533	places
taiwan	mt	摩鐵	cedict:line:48943	taiwan_usage
taiwan	mt	母湯	cedict:line:61330	taiwan_usage
taiwan	mtl	蒙特婁	cedict:line:95220	places
taiwan	mtngl	蒙特內哥羅	cedict:line:95214	taiwan_usage
taiwan	mtwd	蒙特維多	cedict:line:95221	taiwan_usage
taiwan	mu'di	木笛	cedict:line:55457	taiwan_usage
taiwan	mu'qin'san'shi'sui	母親三十歲	wikidata:Q106080046+cedict:derived	films
taiwan	mu'si	慕絲	cedict:line:42992	taiwan_usage
taiwan	mu'tang	母湯	cedict:line:61330	taiwan_usage
taiwan	mwz	貓霧族	cedict:line:102807	indigenous
taiwan	mx	面向	cedict:line:117847	taiwan_usage
taiwan	mxb	免洗杯	cedict:line:10876	taiwan_usage
taiwan	mxb	麥香堡	cedict:line:123429	taiwan_usage
taiwan	mxg	密西根	cedict:line:33118	taiwan_usage
taiwan	mxk	免洗筷	cedict:line:10877	taiwan_usage
taiwan	my	閩語	cedict:line:113782	taiwan_usage
taiwan	myj	馬英九	cedict:line:120602	people
taiwan	mz	馬祖	cedict:line:120575	taiwan_usage
taiwan	mzjbd	民主進步黨	cedict:line:61739	taiwan_usage
taiwan	mzt	美中台	cedict:line:87749	taiwan_usage
taiwan	mzt	莫札特	cedict:line:94206	taiwan_usage
taiwan	na	南	cedict:line:17017	taiwan_usage
taiwan	na'miao	納秒	cedict:line:84785	taiwan_usage
taiwan	na'mo	南無	cedict:line:17173	taiwan_usage
taiwan	na'si'da'ke	那斯達克	cedict:line:109430	taiwan_usage
taiwan	na'suo	拿索	cedict:line:46746	taiwan_usage
taiwan	na'ti	那堤	cedict:line:109424	taiwan_usage
taiwan	nai	錼	cedict:line:112151	taiwan_usage
taiwan	nai'cao	耐操	cedict:line:88805	taiwan_usage
taiwan	nai'ji'li'ya	奈及利亞	cedict:line:29467	taiwan_usage
taiwan	nai'luo'bi	奈洛比	cedict:line:29471	taiwan_usage
taiwan	nai'mi	奈米	cedict:line:29473	taiwan_usage
taiwan	nai'miao	奈秒	cedict:line:29472	taiwan_usage
taiwan	nan'fang'ao'yu'gang	南方澳漁港	cedict:line:17107	places
taiwan	nan'gan	南竿	cedict:line:17187	places
taiwan	nan'gang'qu	南港區	cedict:line:17155	places
taiwan	nan'quan'ma'ma	南拳媽媽	cedict:line:17102	taiwan_usage
taiwan	nan'sha'qun'dao	南沙群島	cedict:line:17140	taiwan_usage
taiwan	nan'tou	南投	cedict:line:17098	places
taiwan	nan'tou'shi	南投市	cedict:line:17099	places
taiwan	nan'tou'xian	南投縣	cedict:line:17100	places
taiwan	nan'tun'qu	南屯區	cedict:line:17074	places
taiwan	nan'zi	楠梓	cedict:line:58478	places
taiwan	nan'zi'qu	楠梓區	cedict:line:58479	places
taiwan	nao'qu	鬧區	cedict:line:122051	places
taiwan	nas	鳥胺酸	cedict:line:122736	taiwan_usage
taiwan	nbsyw	你不屬於我	wikidata:Q124054980+cedict:derived	songs
taiwan	nc	耐操	cedict:line:88805	taiwan_usage
taiwan	nd	內地	cedict:line:11109	taiwan_usage
taiwan	ndk	內搭褲	cedict:line:11146	taiwan_usage
taiwan	nei'da'ku	內搭褲	cedict:line:11146	taiwan_usage
taiwan	nei'di	內地	cedict:line:11109	taiwan_usage
taiwan	nei'fei'di	內飛地	cedict:line:11254	taiwan_usage
taiwan	nei'hu	內湖	cedict:line:11165	places
taiwan	nei'hu'qu	內湖區	cedict:line:11166	places
taiwan	nei'xian	內餡	cedict:line:11256	taiwan_usage
taiwan	nei'yong	內用	cedict:line:11176	taiwan_usage
taiwan	nei'zheng'bu'jing'zheng'shu	內政部警政署	cedict:line:11149	taiwan_usage
taiwan	nf	膩煩	cedict:line:91144	taiwan_usage
taiwan	nfayg	南方澳漁港	cedict:line:17107	places
taiwan	nfd	內飛地	cedict:line:11254	taiwan_usage
taiwan	ng	南竿	cedict:line:17187	places
taiwan	nglf	努瓜婁發	cedict:line:15421	taiwan_usage
taiwan	ngq	南港區	cedict:line:17155	places
taiwan	ngxy	尼古西亞	cedict:line:35089	taiwan_usage
taiwan	nh	內湖	cedict:line:11165	places
taiwan	nhq	內湖區	cedict:line:11166	places
taiwan	ni	妮	cedict:line:30375	taiwan_usage
taiwan	ni	妳	cedict:line:30384	taiwan_usage
taiwan	ni'bu'shu'yu'wo	你不屬於我	wikidata:Q124054980+cedict:derived	songs
taiwan	ni'fan	膩煩	cedict:line:91144	taiwan_usage
taiwan	ni'gu'xi'ya	尼古西亞	cedict:line:35089	taiwan_usage
taiwan	ni'jia'la'pu'bu	尼加拉瀑布	cedict:line:35083	taiwan_usage
taiwan	ni'ri	尼日	cedict:line:35104	taiwan_usage
taiwan	ni'te'zu	尼特族	cedict:line:35118	taiwan_usage
taiwan	nian	拈	cedict:line:45941	taiwan_usage
taiwan	nian	黏	cedict:line:123884	taiwan_usage
taiwan	nian'kou'dai	黏扣帶	cedict:line:123895	taiwan_usage
taiwan	nian'tie	粘貼	cedict:line:83940	taiwan_usage
taiwan	niao'an'suan	鳥胺酸	cedict:line:122736	taiwan_usage
taiwan	ning	寧	cedict:line:33456	taiwan_usage
taiwan	niu'xi'lan	紐西蘭	cedict:line:84847	taiwan_usage
taiwan	niu'ze'xi	紐澤西	cedict:line:84830	taiwan_usage
taiwan	niu'zhang	牛樟	cedict:line:71515	indigenous
taiwan	njlpb	尼加拉瀑布	cedict:line:35083	taiwan_usage
taiwan	njly	奈及利亞	cedict:line:29467	taiwan_usage
taiwan	nkd	黏扣帶	cedict:line:123895	taiwan_usage
taiwan	nks	諾克少	cedict:line:101711	taiwan_usage
taiwan	nl	諾魯	cedict:line:101736	places
taiwan	nlb	奈洛比	cedict:line:29471	taiwan_usage
taiwan	nlbd	諾羅病毒	cedict:line:101728	taiwan_usage
taiwan	nm	南無	cedict:line:17173	taiwan_usage
taiwan	nm	奈秒	cedict:line:29472	taiwan_usage
taiwan	nm	奈米	cedict:line:29473	taiwan_usage
taiwan	nm	納秒	cedict:line:84785	taiwan_usage
taiwan	nn	暖暖	cedict:line:53918	places
taiwan	nnb	暖暖包	cedict:line:53919	taiwan_usage
taiwan	nnq	暖暖區	cedict:line:53920	places
taiwan	nong'ye'sheng'ji	農業生技	cedict:line:106765	taiwan_usage
taiwan	nong'you	農友	cedict:line:106726	taiwan_usage
taiwan	nq	鬧區	cedict:line:122051	places
taiwan	nqmm	南拳媽媽	cedict:line:17102	taiwan_usage
taiwan	nr	尼日	cedict:line:35104	taiwan_usage
taiwan	ns	拿索	cedict:line:46746	taiwan_usage
taiwan	nsdk	那斯達克	cedict:line:109430	taiwan_usage
taiwan	nsqd	南沙群島	cedict:line:17140	taiwan_usage
taiwan	nt	南投	cedict:line:17098	places
taiwan	nt	粘貼	cedict:line:83940	taiwan_usage
taiwan	nt	那堤	cedict:line:109424	taiwan_usage
taiwan	ntq	南屯區	cedict:line:17074	places
taiwan	nts	南投市	cedict:line:17099	places
taiwan	ntx	南投縣	cedict:line:17100	places
taiwan	ntz	尼特族	cedict:line:35118	taiwan_usage
taiwan	nu'gua'lou'fa	努瓜婁發	cedict:line:15421	taiwan_usage
taiwan	nuan'nuan	暖暖	cedict:line:53918	places
taiwan	nuan'nuan'bao	暖暖包	cedict:line:53919	taiwan_usage
taiwan	nuan'nuan'qu	暖暖區	cedict:line:53920	places
taiwan	nuo	哪	cedict:line:21782	taiwan_usage
taiwan	nuo	挼	cedict:line:47110	taiwan_usage
taiwan	nuo'ke'shao	諾克少	cedict:line:101711	taiwan_usage
taiwan	nuo'lu	諾魯	cedict:line:101736	places
taiwan	nuo'luo'bing'du	諾羅病毒	cedict:line:101728	taiwan_usage
taiwan	nx	內餡	cedict:line:11256	taiwan_usage
taiwan	nxl	紐西蘭	cedict:line:84847	taiwan_usage
taiwan	ny	內用	cedict:line:11176	taiwan_usage
taiwan	ny	農友	cedict:line:106726	taiwan_usage
taiwan	nysj	農業生技	cedict:line:106765	taiwan_usage
taiwan	nz	楠梓	cedict:line:58478	places
taiwan	nz	牛樟	cedict:line:71515	indigenous
taiwan	nzbjzs	內政部警政署	cedict:line:11149	taiwan_usage
taiwan	nzq	楠梓區	cedict:line:58479	places
taiwan	nzx	紐澤西	cedict:line:84830	taiwan_usage
taiwan	o	喔	cedict:line:22523	taiwan_usage
taiwan	ob	漚步	cedict:line:67821	taiwan_usage
taiwan	obm	歐巴馬	cedict:line:60169	people
taiwan	omd	歐姆蛋	cedict:line:60162	taiwan_usage
taiwan	omyg	歐咪呀給	cedict:line:60159	taiwan_usage
taiwan	ou'ba'ma	歐巴馬	cedict:line:60169	people
taiwan	ou'bu	漚步	cedict:line:67821	taiwan_usage
taiwan	ou'mi'ya'gei	歐咪呀給	cedict:line:60159	taiwan_usage
taiwan	ou'mu'dan	歐姆蛋	cedict:line:60162	taiwan_usage
taiwan	pa	趴	cedict:line:104734	taiwan_usage
taiwan	pa'de'nen'shen'miao	帕德嫩神廟	cedict:line:37226	places
taiwan	pa'pa'zou	趴趴走	cedict:line:104737	taiwan_usage
taiwan	pai'dang	排檔	cedict:line:47543	taiwan_usage
taiwan	pai'li'de	拍立得	cedict:line:46196	taiwan_usage
taiwan	pai'wan'zu	排灣族	cedict:line:47572	indigenous
taiwan	pai'xie	拍謝	cedict:line:46200	taiwan_usage
taiwan	pan	潘	cedict:line:68084	foods
taiwan	pang	傍	cedict:line:9525	taiwan_usage
taiwan	pang	磅	cedict:line:79945	taiwan_usage
taiwan	pang'ke	龐克	cedict:line:124959	taiwan_usage
taiwan	pao'ka	跑咖	cedict:line:104827	taiwan_usage
taiwan	pao'mian	泡麵	cedict:line:63989	taiwan_usage
taiwan	pao'tang	泡湯	cedict:line:63967	taiwan_usage
taiwan	pb	撇步	cedict:line:49037	taiwan_usage
taiwan	pb	椪餅	cedict:line:58342	taiwan_usage
taiwan	pb	瀑布	wikidata:Q108393005+cedict:derived	films
taiwan	pc	劈叉	cedict:line:14941	taiwan_usage
taiwan	pd	屏東	cedict:line:35385	places
taiwan	pd	排檔	cedict:line:47543	taiwan_usage
taiwan	pd	普丁	cedict:line:53593	people
taiwan	pd	普渡	cedict:line:53650	taiwan_usage
taiwan	pdnsm	帕德嫩神廟	cedict:line:37226	places
taiwan	pds	屏東市	cedict:line:35386	places
taiwan	pdx	屏東縣	cedict:line:35387	places
taiwan	pei	坯	cedict:line:25420	taiwan_usage
taiwan	pei'lin	培林	cedict:line:25772	taiwan_usage
taiwan	pei'ya	培亞	cedict:line:25768	taiwan_usage
taiwan	peng	澎	cedict:line:68311	taiwan_usage
taiwan	peng'bing	椪餅	cedict:line:58342	taiwan_usage
taiwan	peng'hu	彭湖	cedict:line:39725	places
taiwan	peng'hu	澎湖	cedict:line:68313	places
taiwan	peng'hu'dao	彭湖島	cedict:line:39726	places
taiwan	peng'hu'dao	澎湖島	cedict:line:68315	places
taiwan	peng'hu'lie'dao	澎湖列島	cedict:line:68314	taiwan_usage
taiwan	peng'hu'qun'dao	澎湖群島	cedict:line:68317	taiwan_usage
taiwan	peng'hu'xian	澎湖縣	cedict:line:68316	places
taiwan	peng'jia'yu	彭佳嶼	cedict:line:39710	places
taiwan	peng'lai'mi	蓬萊米	cedict:line:95486	foods
taiwan	pg	曝光	cedict:line:54211	taiwan_usage
taiwan	pg	破梗	cedict:line:79410	taiwan_usage
taiwan	pg	迫供	cedict:line:107005	taiwan_usage
taiwan	pg	鋪梗	cedict:line:111838	taiwan_usage
taiwan	ph	彭湖	cedict:line:39725	places
taiwan	ph	澎湖	cedict:line:68313	places
taiwan	phd	彭湖島	cedict:line:39726	places
taiwan	phd	澎湖島	cedict:line:68315	places
taiwan	phld	澎湖列島	cedict:line:68314	taiwan_usage
taiwan	phqd	澎湖群島	cedict:line:68317	taiwan_usage
taiwan	phx	澎湖縣	cedict:line:68316	places
taiwan	pi	匹	cedict:line:16469	taiwan_usage
taiwan	pi	陂	cedict:line:114604	mountains
taiwan	pi	鮍	cedict:line:122439	taiwan_usage
taiwan	pi'cha	劈叉	cedict:line:14941	taiwan_usage
taiwan	pi'jia	皮夾	cedict:line:77146	taiwan_usage
taiwan	pi'jian	闢建	cedict:line:114039	taiwan_usage
taiwan	pi'pi	皮皮	wikidata:Q19853211+cedict:derived	books
taiwan	pi'suo	披索	cedict:line:45690	taiwan_usage
taiwan	pi'ti'ti	批踢踢	cedict:line:45140	taiwan_usage
taiwan	pi'ti'ti'shi'ye'fang	批踢踢實業坊	cedict:line:45141	taiwan_usage
taiwan	pi'tui	劈腿	cedict:line:14951	taiwan_usage
taiwan	pi'zi'cai	痞子蔡	cedict:line:75797	people
taiwan	pian	萹	cedict:line:94801	taiwan_usage
taiwan	pian	諞	cedict:line:101606	taiwan_usage
taiwan	piao	剽	cedict:line:14876	taiwan_usage
taiwan	piao	嘌	cedict:line:23137	taiwan_usage
taiwan	piao	縹	cedict:line:86826	taiwan_usage
taiwan	piao'ka	票卡	cedict:line:80611	taiwan_usage
taiwan	piao'piao	飄飄	cedict:line:119462	taiwan_usage
taiwan	piao'yuan	票源	cedict:line:80622	taiwan_usage
taiwan	pie'bu	撇步	cedict:line:49037	taiwan_usage
taiwan	pin'kuan	頻寬	cedict:line:118949	taiwan_usage
taiwan	ping	坪	cedict:line:25415	taiwan_usage
taiwan	ping	聘	cedict:line:89198	taiwan_usage
taiwan	ping'dong	屏東	cedict:line:35385	places
taiwan	ping'dong'shi	屏東市	cedict:line:35386	places
taiwan	ping'dong'xian	屏東縣	cedict:line:35387	places
taiwan	ping'pu'zu	平埔族	cedict:line:37672	indigenous
taiwan	ping'xing'ji'suan	平行計算	cedict:line:37822	taiwan_usage
taiwan	pj	皮夾	cedict:line:77146	taiwan_usage
taiwan	pj	闢建	cedict:line:114039	taiwan_usage
taiwan	pjp	迫擊炮	cedict:line:107011	taiwan_usage
taiwan	pjy	彭佳嶼	cedict:line:39710	places
taiwan	pk	普考	cedict:line:53671	taiwan_usage
taiwan	pk	票卡	cedict:line:80611	taiwan_usage
taiwan	pk	跑咖	cedict:line:104827	taiwan_usage
taiwan	pk	頻寬	cedict:line:118949	taiwan_usage
taiwan	pk	龐克	cedict:line:124959	taiwan_usage
taiwan	pl	噗浪	cedict:line:23335	taiwan_usage
taiwan	pl	培林	cedict:line:25772	taiwan_usage
taiwan	pl	普林	cedict:line:53634	taiwan_usage
taiwan	pld	拍立得	cedict:line:46196	taiwan_usage
taiwan	pld	蒲隆地	cedict:line:95297	taiwan_usage
taiwan	plm	蓬萊米	cedict:line:95486	foods
taiwan	pltly	普利托里亞	cedict:line:53602	taiwan_usage
taiwan	plzj	普立茲獎	cedict:line:53655	taiwan_usage
taiwan	pm	泡麵	cedict:line:63989	taiwan_usage
taiwan	po	醱	cedict:line:110462	taiwan_usage
taiwan	po	醱	cedict:line:110463	taiwan_usage
taiwan	po	釙	cedict:line:111283	taiwan_usage
taiwan	po	頗	cedict:line:118666	taiwan_usage
taiwan	po	頗	cedict:line:118667	taiwan_usage
taiwan	po'geng	破梗	cedict:line:79410	taiwan_usage
taiwan	po'gong	迫供	cedict:line:107005	taiwan_usage
taiwan	po'ji'pao	迫擊炮	cedict:line:107011	taiwan_usage
taiwan	po'xiao'shi'fen	破曉時分	wikidata:Q106080060+cedict:derived	films
taiwan	po'yin'zi	破音字	cedict:line:79468	taiwan_usage
taiwan	pou	剖	cedict:line:14590	taiwan_usage
taiwan	pp	皮皮	wikidata:Q19853211+cedict:derived	books
taiwan	pp	飄飄	cedict:line:119462	taiwan_usage
taiwan	ppys	普普藝術	cedict:line:53630	taiwan_usage
taiwan	ppz	平埔族	cedict:line:37672	indigenous
taiwan	ppz	趴趴走	cedict:line:104737	taiwan_usage
taiwan	ps	披索	cedict:line:45690	taiwan_usage
taiwan	pt	劈腿	cedict:line:14951	taiwan_usage
taiwan	pt	泡湯	cedict:line:63967	taiwan_usage
taiwan	ptpy	普通朋友	wikidata:Q137588044+cedict:derived	songs
taiwan	ptt	批踢踢	cedict:line:45140	taiwan_usage
taiwan	pttsyf	批踢踢實業坊	cedict:line:45141	taiwan_usage
taiwan	pu	幞	cedict:line:37557	taiwan_usage
taiwan	pu	曝	cedict:line:54209	taiwan_usage
taiwan	pu	樸	cedict:line:59223	taiwan_usage
taiwan	pu	襆	cedict:line:99118	taiwan_usage
taiwan	pu'bu	瀑布	wikidata:Q108393005+cedict:derived	films
taiwan	pu'ding	普丁	cedict:line:53593	people
taiwan	pu'du	普渡	cedict:line:53650	taiwan_usage
taiwan	pu'geng	鋪梗	cedict:line:111838	taiwan_usage
taiwan	pu'guang	曝光	cedict:line:54211	taiwan_usage
taiwan	pu'kao	普考	cedict:line:53671	taiwan_usage
taiwan	pu'lang	噗浪	cedict:line:23335	taiwan_usage
taiwan	pu'li'tuo'li'ya	普利托里亞	cedict:line:53602	taiwan_usage
taiwan	pu'li'zi'jiang	普立茲獎	cedict:line:53655	taiwan_usage
taiwan	pu'lin	普林	cedict:line:53634	taiwan_usage
taiwan	pu'long'di	蒲隆地	cedict:line:95297	taiwan_usage
taiwan	pu'pu'yi'shu	普普藝術	cedict:line:53630	taiwan_usage
taiwan	pu'tong'peng'you	普通朋友	wikidata:Q137588044+cedict:derived	songs
taiwan	pu'zi	朴子	cedict:line:55817	places
taiwan	pu'zi'shi	朴子市	cedict:line:55818	places
taiwan	pwz	排灣族	cedict:line:47572	indigenous
taiwan	px	拍謝	cedict:line:46200	taiwan_usage
taiwan	pxjs	平行計算	cedict:line:37822	taiwan_usage
taiwan	pxsf	破曉時分	wikidata:Q106080060+cedict:derived	films
taiwan	py	培亞	cedict:line:25768	taiwan_usage
taiwan	py	票源	cedict:line:80622	taiwan_usage
taiwan	pyz	破音字	cedict:line:79468	taiwan_usage
taiwan	pz	朴子	cedict:line:55817	places
taiwan	pzc	痞子蔡	cedict:line:75797	people
taiwan	pzs	朴子市	cedict:line:55818	places
taiwan	qb	去背	cedict:line:18088	taiwan_usage
taiwan	qbt	邱比特	cedict:line:109503	taiwan_usage
taiwan	qc	區處	cedict:line:16511	taiwan_usage
taiwan	qcc	青草茶	cedict:line:117548	animals
taiwan	qdq	七堵區	cedict:line:1114	places
taiwan	qex	雀兒喜	cedict:line:115571	taiwan_usage
taiwan	qf	青發	cedict:line:117511	taiwan_usage
taiwan	qfj	丘逢甲	cedict:line:3141	people
taiwan	qg	強國	cedict:line:39354	taiwan_usage
taiwan	qg	青果	cedict:line:117484	taiwan_usage
taiwan	qgb	屈公病	cedict:line:35312	taiwan_usage
taiwan	qgs	去光水	cedict:line:18054	taiwan_usage
taiwan	qgyl	傾國怨伶	wikidata:Q27728095+cedict:derived	books
taiwan	qgzayws	情歌最愛夜霧時	wikidata:Q135208492+cedict:derived	songs
taiwan	qh	拳皇	wikidata:Q1046883+cedict:derived	films
taiwan	qhc	青花瓷	wikidata:Q22100125+cedict:derived	songs
taiwan	qhdc	七號電池	cedict:line:1161	taiwan_usage
taiwan	qhdx	清華大學	cedict:line:66478	taiwan_usage
taiwan	qhp	去回票	cedict:line:18062	taiwan_usage
taiwan	qi	仡	cedict:line:6298	taiwan_usage
taiwan	qi	企	cedict:line:6694	taiwan_usage
taiwan	qi	期	cedict:line:55366	taiwan_usage
taiwan	qi	瘛	cedict:line:75888	taiwan_usage
taiwan	qi	緝	cedict:line:86505	taiwan_usage
taiwan	qi	鏚	cedict:line:112413	taiwan_usage
taiwan	qi'du'qu	七堵區	cedict:line:1114	places
taiwan	qi'hao'dian'chi	七號電池	cedict:line:1161	taiwan_usage
taiwan	qi'jin	旗津	cedict:line:52448	places
taiwan	qi'jin'qu	旗津區	cedict:line:52449	places
taiwan	qi'li'xiang	七里香	cedict:line:1167	foods
taiwan	qi'pi'lang	七匹狼	wikidata:Q10864501+cedict:derived	films
taiwan	qi'shi	起士	cedict:line:104298	taiwan_usage
taiwan	qi'shi	騎士	cedict:line:120917	taiwan_usage
taiwan	qi'si	起司	cedict:line:104292	taiwan_usage
taiwan	qi'tou	企投	cedict:line:6700	taiwan_usage
taiwan	qi'ye'ba'ye	七爺八爺	cedict:line:1149	taiwan_usage
taiwan	qian	嵌	cedict:line:36129	taiwan_usage
taiwan	qian'jia	錢夾	cedict:line:112017	taiwan_usage
taiwan	qian'jin'qu	前金區	cedict:line:14554	places
taiwan	qian'li'da'ji'tuo'ba'ge	千里達及托巴哥	cedict:line:16704	taiwan_usage
taiwan	qian'nian'yi'wen	千年一問	wikidata:Q106450519+cedict:derived	films
taiwan	qian'zhen'qu	前鎮區	cedict:line:14559	places
taiwan	qiang	嗆	cedict:line:22945	taiwan_usage
taiwan	qiang	戕	cedict:line:43885	taiwan_usage
taiwan	qiang'guo	強國	cedict:line:39354	taiwan_usage
taiwan	qiang'xing	強行	cedict:line:39400	taiwan_usage
taiwan	qiang'zhi	槍枝	cedict:line:58806	taiwan_usage
taiwan	qiao'ren	巧人	cedict:line:36534	animals
taiwan	qiao'sheng	僑生	cedict:line:10024	taiwan_usage
taiwan	qiao'wu'wei'yuan'hui	僑務委員會	cedict:line:10021	taiwan_usage
taiwan	qiao'zhen	橋鎮	cedict:line:59336	taiwan_usage
taiwan	qiao'zhi'ya	喬治亞	cedict:line:22718	taiwan_usage
taiwan	qie'xian	竊嫌	cedict:line:82350	taiwan_usage
taiwan	qin'jiu	琴酒	cedict:line:73564	taiwan_usage
taiwan	qin'min'dang	親民黨	cedict:line:99803	taiwan_usage
taiwan	qin'tong'ni	琴通尼	cedict:line:73563	taiwan_usage
taiwan	qin'tong'ning	琴通寧	cedict:line:73562	taiwan_usage
taiwan	qing	氰	cedict:line:62143	taiwan_usage
taiwan	qing'cao'cha	青草茶	cedict:line:117548	animals
taiwan	qing'fa	青發	cedict:line:117511	taiwan_usage
taiwan	qing'ge'zui'ai'ye'wu'shi	情歌最愛夜霧時	wikidata:Q135208492+cedict:derived	songs
taiwan	qing'guo	青果	cedict:line:117484	taiwan_usage
taiwan	qing'guo'yuan'ling	傾國怨伶	wikidata:Q27728095+cedict:derived	books
taiwan	qing'hua'ci	青花瓷	wikidata:Q22100125+cedict:derived	songs
taiwan	qing'hua'da'xue	清華大學	cedict:line:66478	taiwan_usage
taiwan	qing'ren'guo	情人果	cedict:line:42178	taiwan_usage
taiwan	qing'shang	情商	cedict:line:42197	taiwan_usage
taiwan	qing'xiu'shan'zhuang	清秀山莊	wikidata:Q106514245+cedict:derived	films
taiwan	qiong	芎	cedict:line:92953	taiwan_usage
taiwan	qiong'yao	瓊瑤	cedict:line:73900	people
taiwan	qiu'bi'te	邱比特	cedict:line:109503	taiwan_usage
taiwan	qiu'feng'jia	丘逢甲	cedict:line:3141	people
taiwan	qiu'tuan	球團	cedict:line:73368	taiwan_usage
taiwan	qj	旗津	cedict:line:52448	places
taiwan	qj	琴酒	cedict:line:73564	taiwan_usage
taiwan	qj	錢夾	cedict:line:112017	taiwan_usage
taiwan	qjq	前金區	cedict:line:14554	places
taiwan	qjq	旗津區	cedict:line:52449	places
taiwan	ql	全聯	cedict:line:11414	taiwan_usage
taiwan	ql	全錄	cedict:line:11442	taiwan_usage
taiwan	qldjtbg	千里達及托巴哥	cedict:line:16704	taiwan_usage
taiwan	qlx	七里香	cedict:line:1167	foods
taiwan	qmd	親民黨	cedict:line:99803	taiwan_usage
taiwan	qmjb	全民健保	cedict:line:11355	taiwan_usage
taiwan	qmjkbx	全民健康保險	cedict:line:11356	taiwan_usage
taiwan	qmyj	全民英檢	cedict:line:11360	taiwan_usage
taiwan	qnyw	千年一問	wikidata:Q106450519+cedict:derived	films
taiwan	qpc	圈票處	cedict:line:24178	taiwan_usage
taiwan	qpl	七匹狼	wikidata:Q10864501+cedict:derived	films
taiwan	qqbn	全球變暖	cedict:line:11382	taiwan_usage
taiwan	qqnh	全球暖化	cedict:line:11376	taiwan_usage
taiwan	qqzxw	全球資訊網	cedict:line:11383	taiwan_usage
taiwan	qr	巧人	cedict:line:36534	animals
taiwan	qrg	情人果	cedict:line:42178	taiwan_usage
taiwan	qs	僑生	cedict:line:10024	taiwan_usage
taiwan	qs	情商	cedict:line:42197	taiwan_usage
taiwan	qs	起司	cedict:line:104292	taiwan_usage
taiwan	qs	起士	cedict:line:104298	taiwan_usage
taiwan	qs	騎士	cedict:line:120917	taiwan_usage
taiwan	qsgz	全時工作	cedict:line:11341	taiwan_usage
taiwan	qt	企投	cedict:line:6700	taiwan_usage
taiwan	qt	去臺	cedict:line:18089	taiwan_usage
taiwan	qt	球團	cedict:line:73368	taiwan_usage
taiwan	qtn	琴通寧	cedict:line:73562	taiwan_usage
taiwan	qtn	琴通尼	cedict:line:73563	taiwan_usage
taiwan	qtry	去臺人員	cedict:line:18090	taiwan_usage
taiwan	qu	麴	cedict:line:123442	taiwan_usage
taiwan	qu'bei	去背	cedict:line:18088	taiwan_usage
taiwan	qu'chu	區處	cedict:line:16511	taiwan_usage
taiwan	qu'gong'bing	屈公病	cedict:line:35312	taiwan_usage
taiwan	qu'guang'shui	去光水	cedict:line:18054	taiwan_usage
taiwan	qu'hui'piao	去回票	cedict:line:18062	taiwan_usage
taiwan	qu'tai	去臺	cedict:line:18089	taiwan_usage
taiwan	qu'tai'ren'yuan	去臺人員	cedict:line:18090	taiwan_usage
taiwan	quan'huang	拳皇	wikidata:Q1046883+cedict:derived	films
taiwan	quan'lian	全聯	cedict:line:11414	taiwan_usage
taiwan	quan'lu	全錄	cedict:line:11442	taiwan_usage
taiwan	quan'min'jian'bao	全民健保	cedict:line:11355	taiwan_usage
taiwan	quan'min'jian'kang'bao'xian	全民健康保險	cedict:line:11356	taiwan_usage
taiwan	quan'min'ying'jian	全民英檢	cedict:line:11360	taiwan_usage
taiwan	quan'piao'chu	圈票處	cedict:line:24178	taiwan_usage
taiwan	quan'qiu'bian'nuan	全球變暖	cedict:line:11382	taiwan_usage
taiwan	quan'qiu'nuan'hua	全球暖化	cedict:line:11376	taiwan_usage
taiwan	quan'qiu'zi'xun'wang	全球資訊網	cedict:line:11383	taiwan_usage
taiwan	quan'shi'gong'zuo	全時工作	cedict:line:11341	taiwan_usage
taiwan	quan'xu'bu	銓敘部	cedict:line:111681	taiwan_usage
taiwan	que	怯	cedict:line:41684	taiwan_usage
taiwan	que'er'xi	雀兒喜	cedict:line:115571	taiwan_usage
taiwan	qwwyh	僑務委員會	cedict:line:10021	taiwan_usage
taiwan	qx	強行	cedict:line:39400	taiwan_usage
taiwan	qx	竊嫌	cedict:line:82350	taiwan_usage
taiwan	qxb	銓敘部	cedict:line:111681	taiwan_usage
taiwan	qxsz	清秀山莊	wikidata:Q106514245+cedict:derived	films
taiwan	qy	瓊瑤	cedict:line:73900	people
taiwan	qyby	七爺八爺	cedict:line:1149	taiwan_usage
taiwan	qz	槍枝	cedict:line:58806	taiwan_usage
taiwan	qz	橋鎮	cedict:line:59336	taiwan_usage
taiwan	qzq	前鎮區	cedict:line:14559	places
taiwan	qzy	喬治亞	cedict:line:22718	taiwan_usage
taiwan	rang	攘	cedict:line:49838	taiwan_usage
taiwan	raq	仁愛區	cedict:line:6065	places
taiwan	rc	熱炒	cedict:line:70695	foods
taiwan	re'chao	熱炒	cedict:line:70695	foods
taiwan	ren	恁	cedict:line:41704	taiwan_usage
taiwan	ren'ai'qu	仁愛區	cedict:line:6065	places
taiwan	ren'gong'zhi'hui	人工智慧	cedict:line:5761	taiwan_usage
taiwan	ren'mo'gou'yang	人模狗樣	cedict:line:5825	taiwan_usage
taiwan	ren'tou	人頭	cedict:line:5992	taiwan_usage
taiwan	ren'zhe'gui	忍者龜	cedict:line:41058	taiwan_usage
taiwan	rgzh	人工智慧	cedict:line:5761	taiwan_usage
taiwan	ri'ju	日據	cedict:line:52540	history
taiwan	ri'yue'tan	日月潭	cedict:line:52559	places
taiwan	ri'zhi'shi'qi'tai'wan'xian'dai'wen'xue'ci'dian	日治時期台灣現代文學辭典	wikidata:Q110163427+cedict:derived	books
taiwan	rj	日據	cedict:line:52540	history
taiwan	rl	軟爛	cedict:line:105876	foods
taiwan	rlb	乳酪餅	cedict:line:4443	taiwan_usage
taiwan	rm	榮民	cedict:line:58722	taiwan_usage
taiwan	rmgy	人模狗樣	cedict:line:5825	taiwan_usage
taiwan	rong'min	榮民	cedict:line:58722	taiwan_usage
taiwan	rong'yu'guo'min	榮譽國民	cedict:line:58734	taiwan_usage
taiwan	rong'zong	榮總	cedict:line:58727	taiwan_usage
taiwan	rou'ruan'jing	柔軟精	cedict:line:56941	taiwan_usage
taiwan	rou'sao	肉燥	cedict:line:89709	foods
taiwan	rou'sou	肉搜	cedict:line:89694	taiwan_usage
taiwan	rou'yuan	肉圓	cedict:line:89684	plants
taiwan	rrj	柔軟精	cedict:line:56941	taiwan_usage
taiwan	rs	肉搜	cedict:line:89694	taiwan_usage
taiwan	rs	肉燥	cedict:line:89709	foods
taiwan	rs	芮氏	cedict:line:93056	taiwan_usage
taiwan	rsgm	芮氏規模	cedict:line:93057	taiwan_usage
taiwan	rt	人頭	cedict:line:5992	taiwan_usage
taiwan	rt	軟體	cedict:line:105912	taiwan_usage
taiwan	ru	辱	cedict:line:106714	taiwan_usage
taiwan	ru'lao'bing	乳酪餅	cedict:line:4443	taiwan_usage
taiwan	ruan	蠕	cedict:line:97606	taiwan_usage
taiwan	ruan'lan	軟爛	cedict:line:105876	foods
taiwan	ruan'ti	軟體	cedict:line:105912	taiwan_usage
taiwan	rui'shi	芮氏	cedict:line:93056	taiwan_usage
taiwan	rui'shi'gui'mo	芮氏規模	cedict:line:93057	taiwan_usage
taiwan	ry	肉圓	cedict:line:89684	plants
taiwan	rygm	榮譽國民	cedict:line:58734	taiwan_usage
taiwan	ryt	日月潭	cedict:line:52559	places
taiwan	rz	榮總	cedict:line:58727	taiwan_usage
taiwan	rzg	忍者龜	cedict:line:41058	taiwan_usage
taiwan	rzsqtwxdwxcd	日治時期台灣現代文學辭典	wikidata:Q110163427+cedict:derived	books
taiwan	sai	偲	cedict:line:9350	taiwan_usage
taiwan	sai'de'ke'zu	賽德克族	cedict:line:103887	indigenous
taiwan	sai'la'ye'fo	塞拉耶佛	cedict:line:26375	taiwan_usage
taiwan	sai'pu'le'si	賽普勒斯	cedict:line:103890	taiwan_usage
taiwan	sai'xi'er	塞席爾	cedict:line:26373	taiwan_usage
taiwan	sai'xia'zu	賽夏族	cedict:line:103885	indigenous
taiwan	san'ban	三斑	cedict:line:1342	animals
taiwan	san'bu'wu'shi	三不五時	cedict:line:1201	taiwan_usage
taiwan	san'chong	三重	cedict:line:1544	places
taiwan	san'diao'jiao	三貂角	cedict:line:1511	places
taiwan	san'hao'dian'chi	三號電池	cedict:line:1479	taiwan_usage
taiwan	san'lian'shi'fa'piao	三聯式發票	cedict:line:1452	taiwan_usage
taiwan	san'luan	散亂	cedict:line:50824	taiwan_usage
taiwan	san'luo	散落	cedict:line:50886	taiwan_usage
taiwan	san'miao'jiao	三秒膠	cedict:line:1432	taiwan_usage
taiwan	san'min'qu	三民區	cedict:line:1379	places
taiwan	san'shi'miao'guo'hou	三十秒過後	wikidata:Q10865428+cedict:derived	films
taiwan	san'tie	三鐵	cedict:line:1548	taiwan_usage
taiwan	san'wen'nuan	三溫暖	cedict:line:1405	taiwan_usage
taiwan	san'xia	三峽	cedict:line:1320	places
taiwan	san'xiao	三小	cedict:line:1313	taiwan_usage
taiwan	san'zhen	三振	cedict:line:1336	taiwan_usage
taiwan	sang'men'xing	喪門星	cedict:line:22695	taiwan_usage
taiwan	sao	燥	cedict:line:71005	taiwan_usage
taiwan	sao	瘙	cedict:line:75883	taiwan_usage
taiwan	sao	艘	cedict:line:92692	taiwan_usage
taiwan	sao'zi	燥子	cedict:line:71006	taiwan_usage
taiwan	sas	色胺酸	cedict:line:92832	taiwan_usage
taiwan	sas	蘇胺酸	cedict:line:96414	taiwan_usage
taiwan	sb	三斑	cedict:line:1342	animals
taiwan	sb	山胞	cedict:line:35692	indigenous
taiwan	sb	雙北	cedict:line:115914	places
taiwan	sb	鬆餅	cedict:line:121976	taiwan_usage
taiwan	sbt	山本頭	cedict:line:35629	taiwan_usage
taiwan	sbw	森巴舞	cedict:line:58233	taiwan_usage
taiwan	sbws	三不五時	cedict:line:1201	taiwan_usage
taiwan	sby	尚比亞	cedict:line:34957	taiwan_usage
taiwan	sbz	松阪豬	cedict:line:56494	taiwan_usage
taiwan	sbz	識別證	cedict:line:102002	taiwan_usage
taiwan	sc	三重	cedict:line:1544	places
taiwan	sck	速賜康	cedict:line:107782	taiwan_usage
taiwan	scy	宋楚瑜	cedict:line:32175	people
taiwan	sd	似的	cedict:line:7056	taiwan_usage
taiwan	sd	死當	cedict:line:60957	taiwan_usage
taiwan	sd	煞到	cedict:line:70291	taiwan_usage
taiwan	sd	豎笛	cedict:line:102543	taiwan_usage
taiwan	sdf	史丹佛	cedict:line:19361	taiwan_usage
taiwan	sdhgx	山頂黑狗兄	wikidata:Q139576250+cedict:derived	songs
taiwan	sdj	三貂角	cedict:line:1511	places
taiwan	sdkz	賽德克族	cedict:line:103887	indigenous
taiwan	sdmg	聖多明哥	cedict:line:89080	taiwan_usage
taiwan	sdtb	山地同胞	cedict:line:35590	indigenous
taiwan	sdyg	聖地牙哥	cedict:line:89075	taiwan_usage
taiwan	se	圾	cedict:line:25215	taiwan_usage
taiwan	se	鈒	cedict:line:111399	taiwan_usage
taiwan	se'an'suan	色胺酸	cedict:line:92832	taiwan_usage
taiwan	sen'ba'wu	森巴舞	cedict:line:58233	taiwan_usage
taiwan	sf	師父	cedict:line:37340	taiwan_usage
taiwan	sf	耍廢	cedict:line:88766	taiwan_usage
taiwan	sf	說服	cedict:line:101278	taiwan_usage
taiwan	sff	舒肥法	cedict:line:92449	taiwan_usage
taiwan	sfg	司法官	cedict:line:19466	taiwan_usage
taiwan	sfq	伺服器	cedict:line:7042	taiwan_usage
taiwan	sfy	司法院	cedict:line:19471	taiwan_usage
taiwan	sg	沙國	cedict:line:63271	taiwan_usage
taiwan	sg	索國	cedict:line:85054	history
taiwan	sg	鎖管	cedict:line:112273	taiwan_usage
taiwan	sg	食管	cedict:line:119638	foods
taiwan	sgby	史高比耶	cedict:line:19411	taiwan_usage
taiwan	sh	使喚	cedict:line:7626	taiwan_usage
taiwan	sha	煞	cedict:line:70289	taiwan_usage
taiwan	sha'dao	煞到	cedict:line:70291	taiwan_usage
taiwan	sha'guo	沙國	cedict:line:63271	taiwan_usage
taiwan	sha'na	沙那	cedict:line:63373	taiwan_usage
taiwan	sha'wu'di'a'la'bo	沙烏地阿拉伯	cedict:line:63333	taiwan_usage
taiwan	shan'bao	山胞	cedict:line:35692	indigenous
taiwan	shan'ben'tou	山本頭	cedict:line:35629	taiwan_usage
taiwan	shan'di'tong'bao	山地同胞	cedict:line:35590	indigenous
taiwan	shan'ding'hei'gou'xiong	山頂黑狗兄	wikidata:Q139576250+cedict:derived	songs
taiwan	shan'jiao'yu	山椒魚	cedict:line:35647	taiwan_usage
taiwan	shan'ling	閃靈	cedict:line:113254	performers
taiwan	shang'bi'ya	尚比亞	cedict:line:34957	taiwan_usage
taiwan	shang'kong	上空	cedict:line:1791	taiwan_usage
taiwan	shang'lv	商旅	cedict:line:22169	taiwan_usage
taiwan	shang'pian	上片	cedict:line:1767	taiwan_usage
taiwan	shao'nian'ren	少年人	cedict:line:34858	taiwan_usage
taiwan	shao'zu	邵族	cedict:line:109515	indigenous
taiwan	shdc	三號電池	cedict:line:1479	taiwan_usage
taiwan	shdc	四號電池	cedict:line:23817	taiwan_usage
taiwan	she	猞	cedict:line:72365	taiwan_usage
taiwan	she'hu'xian	攝護腺	cedict:line:49895	taiwan_usage
taiwan	she'qun'mei'ti	社群媒體	cedict:line:80275	taiwan_usage
taiwan	she'wei'fa	社維法	cedict:line:80273	taiwan_usage
taiwan	shen	甚	cedict:line:74150	taiwan_usage
taiwan	shen'li'sheng	身歷聲	cedict:line:105511	taiwan_usage
taiwan	sheng	勝	cedict:line:15698	animals
taiwan	sheng'di'ya'ge	聖地牙哥	cedict:line:89075	taiwan_usage
taiwan	sheng'duo'ming'ge	聖多明哥	cedict:line:89080	taiwan_usage
taiwan	sheng'he'xi	聖荷西	cedict:line:89159	taiwan_usage
taiwan	sheng'huo'jiao'yu	生活教育	cedict:line:74340	taiwan_usage
taiwan	sheng'ji	生技	cedict:line:74291	taiwan_usage
taiwan	sheng'jiao	生教	cedict:line:74298	taiwan_usage
taiwan	sheng'li'jia	生理假	cedict:line:74413	taiwan_usage
taiwan	sheng'lu'xi'ya	聖露西亞	cedict:line:89187	taiwan_usage
taiwan	sheng'ma'li'nuo	聖馬利諾	cedict:line:89192	taiwan_usage
taiwan	sheng'mu'feng	聖母峰	cedict:line:89118	taiwan_usage
taiwan	sheng'tai'xi	生態系	cedict:line:74285	taiwan_usage
taiwan	sheng'wen'sen'ji'ge'rui'na'ding	聖文森及格瑞那丁	cedict:line:89105	taiwan_usage
taiwan	shgl	蘇花公路	cedict:line:96415	taiwan_usage
taiwan	shi	纚	cedict:line:87262	taiwan_usage
taiwan	shi	蒔	cedict:line:95160	taiwan_usage
taiwan	shi	識	cedict:line:101997	taiwan_usage
taiwan	shi'bie'zheng	識別證	cedict:line:102002	taiwan_usage
taiwan	shi'dan'fo	史丹佛	cedict:line:19361	taiwan_usage
taiwan	shi'fu	師父	cedict:line:37340	taiwan_usage
taiwan	shi'gao'bi'ye	史高比耶	cedict:line:19411	taiwan_usage
taiwan	shi'guan	食管	cedict:line:119638	foods
taiwan	shi'huan	使喚	cedict:line:7626	taiwan_usage
taiwan	shi'jian'zhi'pei'zhe	時間支配者	wikidata:Q24871099+cedict:derived	books
taiwan	shi'kong'jiao'nang	時空膠囊	cedict:line:53417	taiwan_usage
taiwan	shi'lin	士林	cedict:line:26864	places
taiwan	shi'lin'qu	士林區	cedict:line:26865	places
taiwan	shi'luo'bian'jing	失落邊境	wikidata:Q105675163+cedict:derived	films
taiwan	shi'ming'de	施明德	cedict:line:52257	people
taiwan	shi'te'lao'si	史特勞斯	cedict:line:19390	taiwan_usage
taiwan	shi'wa'di'ni	史瓦帝尼	cedict:line:19391	taiwan_usage
taiwan	shi'wa'ji'lan	史瓦濟蘭	cedict:line:19392	taiwan_usage
taiwan	shi'wa'xin'ge	史瓦辛格	cedict:line:19393	taiwan_usage
taiwan	shi'wan'qing'nian'shi'wan'jun	十萬青年十萬軍	wikidata:Q108084788+cedict:derived	films
taiwan	shi'xun	視訊	cedict:line:99740	taiwan_usage
taiwan	shi'ye'dan'wei	事業單位	cedict:line:4680	taiwan_usage
taiwan	shi'ye'shi	始業式	cedict:line:30437	taiwan_usage
taiwan	shi'yong'zhe	使用者	cedict:line:7641	taiwan_usage
taiwan	shi'zhi'zheng	失智症	cedict:line:29245	taiwan_usage
taiwan	shi'zi	獅子	cedict:line:72458	places
taiwan	shi'zi'shan	獅子山	cedict:line:72461	taiwan_usage
taiwan	shi'zu	世足	cedict:line:3117	taiwan_usage
taiwan	shjy	生活教育	cedict:line:74340	taiwan_usage
taiwan	shou'ji'tiao'ma	手機條碼	cedict:line:44381	taiwan_usage
taiwan	shou'pai	手排	cedict:line:44358	taiwan_usage
taiwan	shu	倏	cedict:line:8615	taiwan_usage
taiwan	shu	叔	cedict:line:18496	taiwan_usage
taiwan	shu	曙	cedict:line:54201	taiwan_usage
taiwan	shu	淑	cedict:line:65843	taiwan_usage
taiwan	shu	署	cedict:line:87454	taiwan_usage
taiwan	shu'di	豎笛	cedict:line:102543	taiwan_usage
taiwan	shu'fei'fa	舒肥法	cedict:line:92449	taiwan_usage
taiwan	shu'ju'ji	數據機	cedict:line:51166	taiwan_usage
taiwan	shu'juan'jiang	書卷獎	cedict:line:54377	people
taiwan	shu'lin	樹林	cedict:line:59245	places
taiwan	shu'lin'shi	樹林市	cedict:line:59247	places
taiwan	shu'qi	舒淇	cedict:line:92444	performers
taiwan	shu'wei	數位	cedict:line:51111	taiwan_usage
taiwan	shu'wei'hua	數位化	cedict:line:51113	taiwan_usage
taiwan	shu'wei'huo'bi	數位貨幣	cedict:line:51115	taiwan_usage
taiwan	shu'yao	書腰	cedict:line:54427	performers
taiwan	shua'fei	耍廢	cedict:line:88766	taiwan_usage
taiwan	shua'kou	刷扣	cedict:line:14223	taiwan_usage
taiwan	shuang'bei	雙北	cedict:line:115914	places
taiwan	shuang'shi'jie	雙十節	cedict:line:115916	history
taiwan	shui'fu	說服	cedict:line:101278	taiwan_usage
taiwan	shui'jing'jiao	水晶餃	cedict:line:62262	foods
taiwan	shui'xing'xia	水行俠	cedict:line:62411	taiwan_usage
taiwan	shuo	嗍	cedict:line:22958	taiwan_usage
taiwan	shx	攝護腺	cedict:line:49895	taiwan_usage
taiwan	shx	聖荷西	cedict:line:89159	taiwan_usage
taiwan	si	賜	cedict:line:103611	taiwan_usage
taiwan	si	釃	cedict:line:110492	beverages
taiwan	si'dang	死當	cedict:line:60957	taiwan_usage
taiwan	si'de	似的	cedict:line:7056	taiwan_usage
taiwan	si'fa'guan	司法官	cedict:line:19466	taiwan_usage
taiwan	si'fa'yuan	司法院	cedict:line:19471	taiwan_usage
taiwan	si'fu'qi	伺服器	cedict:line:7042	taiwan_usage
taiwan	si'hao'dian'chi	四號電池	cedict:line:23817	taiwan_usage
taiwan	si'kan'di'na'wei'ya	斯堪地納維亞	cedict:line:51671	taiwan_usage
taiwan	si'luo'wei'ni'ya	斯洛維尼亞	cedict:line:51710	taiwan_usage
taiwan	si'pu'la'te'li'qun'dao	斯普拉特利群島	cedict:line:51698	taiwan_usage
taiwan	si'tao'te	司陶特	cedict:line:19483	beverages
taiwan	si'xiao'long	四小龍	cedict:line:23735	taiwan_usage
taiwan	si'xun	私訊	cedict:line:81069	taiwan_usage
taiwan	sj	塑膠	cedict:line:26245	taiwan_usage
taiwan	sj	生技	cedict:line:74291	taiwan_usage
taiwan	sj	生教	cedict:line:74298	taiwan_usage
taiwan	sjc	塑膠車	cedict:line:26250	taiwan_usage
taiwan	sjd	塑膠袋	cedict:line:26248	taiwan_usage
taiwan	sjj	數據機	cedict:line:51166	taiwan_usage
taiwan	sjj	書卷獎	cedict:line:54377	people
taiwan	sjj	水晶餃	cedict:line:62262	foods
taiwan	sjtm	手機條碼	cedict:line:44381	taiwan_usage
taiwan	sjy	山椒魚	cedict:line:35647	taiwan_usage
taiwan	sjzpz	時間支配者	wikidata:Q24871099+cedict:derived	books
taiwan	sk	上空	cedict:line:1791	taiwan_usage
taiwan	sk	刷扣	cedict:line:14223	taiwan_usage
taiwan	skdnwy	斯堪地納維亞	cedict:line:51671	taiwan_usage
taiwan	skjn	時空膠囊	cedict:line:53417	taiwan_usage
taiwan	sl	俗辣	cedict:line:8093	taiwan_usage
taiwan	sl	商旅	cedict:line:22169	taiwan_usage
taiwan	sl	士林	cedict:line:26864	places
taiwan	sl	散亂	cedict:line:50824	taiwan_usage
taiwan	sl	散落	cedict:line:50886	taiwan_usage
taiwan	sl	樹林	cedict:line:59245	places
taiwan	sl	閃靈	cedict:line:113254	performers
taiwan	slbj	失落邊境	wikidata:Q105675163+cedict:derived	films
taiwan	slj	生理假	cedict:line:74413	taiwan_usage
taiwan	sln	蘇利南	cedict:line:96357	taiwan_usage
taiwan	slq	士林區	cedict:line:26865	places
taiwan	sls	樹林市	cedict:line:59247	places
taiwan	sls	身歷聲	cedict:line:105511	taiwan_usage
taiwan	slsfp	三聯式發票	cedict:line:1452	taiwan_usage
taiwan	slwny	斯洛維尼亞	cedict:line:51710	taiwan_usage
taiwan	slxy	聖露西亞	cedict:line:89187	taiwan_usage
taiwan	slyf	塞拉耶佛	cedict:line:26375	taiwan_usage
taiwan	sm	酸民	cedict:line:110268	taiwan_usage
taiwan	smd	施明德	cedict:line:52257	people
taiwan	smf	聖母峰	cedict:line:89118	taiwan_usage
taiwan	smj	三秒膠	cedict:line:1432	taiwan_usage
taiwan	smln	聖馬利諾	cedict:line:89192	taiwan_usage
taiwan	smly	索馬利亞	cedict:line:85089	taiwan_usage
taiwan	smq	三民區	cedict:line:1379	places
taiwan	smx	喪門星	cedict:line:22695	taiwan_usage
taiwan	sn	沙那	cedict:line:63373	taiwan_usage
taiwan	snr	少年人	cedict:line:34858	taiwan_usage
taiwan	song'ban'zhu	松阪豬	cedict:line:56494	taiwan_usage
taiwan	song'bing	鬆餅	cedict:line:121976	taiwan_usage
taiwan	song'chu'yu	宋楚瑜	cedict:line:32175	people
taiwan	song'shan	松山	cedict:line:56452	places
taiwan	song'shan'qu	松山區	cedict:line:56453	places
taiwan	sou	擻	cedict:line:49764	taiwan_usage
taiwan	sou'suo'piao	搜索票	cedict:line:48643	taiwan_usage
taiwan	sp	上片	cedict:line:1767	taiwan_usage
taiwan	sp	手排	cedict:line:44358	taiwan_usage
taiwan	sp	速配	cedict:line:107785	taiwan_usage
taiwan	spls	賽普勒斯	cedict:line:103890	taiwan_usage
taiwan	spltlqd	斯普拉特利群島	cedict:line:51698	taiwan_usage
taiwan	sq	舒淇	cedict:line:92444	performers
taiwan	sqmt	社群媒體	cedict:line:80275	taiwan_usage
taiwan	ss	松山	cedict:line:56452	places
taiwan	ss	速食	cedict:line:107787	foods
taiwan	ss	鎖匙	cedict:line:112260	taiwan_usage
taiwan	ssd	隨身碟	cedict:line:115428	taiwan_usage
taiwan	ssj	雙十節	cedict:line:115916	history
taiwan	ssmgh	三十秒過後	wikidata:Q10865428+cedict:derived	films
taiwan	ssp	搜索票	cedict:line:48643	taiwan_usage
taiwan	ssq	松山區	cedict:line:56453	places
taiwan	st	三鐵	cedict:line:1548	taiwan_usage
taiwan	stls	史特勞斯	cedict:line:19390	taiwan_usage
taiwan	stt	司陶特	cedict:line:19483	beverages
taiwan	stx	生態系	cedict:line:74285	taiwan_usage
taiwan	su	窣	cedict:line:82222	taiwan_usage
taiwan	su	蓿	cedict:line:95534	taiwan_usage
taiwan	su'an'suan	蘇胺酸	cedict:line:96414	taiwan_usage
taiwan	su'ci'kang	速賜康	cedict:line:107782	taiwan_usage
taiwan	su'hua'gong'lu	蘇花公路	cedict:line:96415	taiwan_usage
taiwan	su'jiao	塑膠	cedict:line:26245	taiwan_usage
taiwan	su'jiao'che	塑膠車	cedict:line:26250	taiwan_usage
taiwan	su'jiao'dai	塑膠袋	cedict:line:26248	taiwan_usage
taiwan	su'la	俗辣	cedict:line:8093	taiwan_usage
taiwan	su'li'nan	蘇利南	cedict:line:96357	taiwan_usage
taiwan	su'pei	速配	cedict:line:107785	taiwan_usage
taiwan	su'shi	速食	cedict:line:107787	foods
taiwan	su'wu	宿霧	cedict:line:32987	places
taiwan	su'wu'yu	宿霧語	cedict:line:32988	taiwan_usage
taiwan	su'zhen'chang	蘇貞昌	cedict:line:96420	people
taiwan	suan'min	酸民	cedict:line:110268	taiwan_usage
taiwan	sui	綏	cedict:line:85823	taiwan_usage
taiwan	sui	遂	cedict:line:108183	taiwan_usage
taiwan	sui'shen'die	隨身碟	cedict:line:115428	taiwan_usage
taiwan	suo'guan	鎖管	cedict:line:112273	taiwan_usage
taiwan	suo'guo	索國	cedict:line:85054	history
taiwan	suo'ma'li'ya	索馬利亞	cedict:line:85089	taiwan_usage
taiwan	suo'shi	鎖匙	cedict:line:112260	taiwan_usage
taiwan	suo'ying	縮影	cedict:line:86739	taiwan_usage
taiwan	sw	宿霧	cedict:line:32987	places
taiwan	sw	數位	cedict:line:51111	taiwan_usage
taiwan	swdalb	沙烏地阿拉伯	cedict:line:63333	taiwan_usage
taiwan	swdn	史瓦帝尼	cedict:line:19391	taiwan_usage
taiwan	swf	社維法	cedict:line:80273	taiwan_usage
taiwan	swh	數位化	cedict:line:51113	taiwan_usage
taiwan	swhb	數位貨幣	cedict:line:51115	taiwan_usage
taiwan	swjl	史瓦濟蘭	cedict:line:19392	taiwan_usage
taiwan	swn	三溫暖	cedict:line:1405	taiwan_usage
taiwan	swqnswj	十萬青年十萬軍	wikidata:Q108084788+cedict:derived	films
taiwan	swsjgrnd	聖文森及格瑞那丁	cedict:line:89105	taiwan_usage
taiwan	swxg	史瓦辛格	cedict:line:19393	taiwan_usage
taiwan	swy	宿霧語	cedict:line:32988	taiwan_usage
taiwan	sx	三小	cedict:line:1313	taiwan_usage
taiwan	sx	三峽	cedict:line:1320	places
taiwan	sx	私訊	cedict:line:81069	taiwan_usage
taiwan	sx	視訊	cedict:line:99740	taiwan_usage
taiwan	sxe	塞席爾	cedict:line:26373	taiwan_usage
taiwan	sxl	四小龍	cedict:line:23735	taiwan_usage
taiwan	sxx	水行俠	cedict:line:62411	taiwan_usage
taiwan	sxz	賽夏族	cedict:line:103885	indigenous
taiwan	sy	書腰	cedict:line:54427	performers
taiwan	sy	縮影	cedict:line:86739	taiwan_usage
taiwan	sydw	事業單位	cedict:line:4680	taiwan_usage
taiwan	sys	始業式	cedict:line:30437	taiwan_usage
taiwan	syz	使用者	cedict:line:7641	taiwan_usage
taiwan	sz	三振	cedict:line:1336	taiwan_usage
taiwan	sz	世足	cedict:line:3117	taiwan_usage
taiwan	sz	燥子	cedict:line:71006	taiwan_usage
taiwan	sz	獅子	cedict:line:72458	places
taiwan	sz	邵族	cedict:line:109515	indigenous
taiwan	szc	蘇貞昌	cedict:line:96420	people
taiwan	szs	獅子山	cedict:line:72461	taiwan_usage
taiwan	szz	失智症	cedict:line:29245	taiwan_usage
taiwan	ta	沓	cedict:line:63210	taiwan_usage
taiwan	ta	獺	cedict:line:72725	taiwan_usage
taiwan	ta	遢	cedict:line:108889	taiwan_usage
taiwan	ta	鎝	cedict:line:112284	taiwan_usage
taiwan	ta'shi	踏實	cedict:line:105151	taiwan_usage
taiwan	ta'si'ma'ni'ya	塔斯馬尼亞	cedict:line:26304	taiwan_usage
taiwan	tai	台	cedict:line:19293	taiwan_usage
taiwan	tai	呔	cedict:line:20881	taiwan_usage
taiwan	tai	臺	cedict:line:92056	taiwan_usage
taiwan	tai'ba'zi	臺巴子	cedict:line:92074	taiwan_usage
taiwan	tai'bao	太保	cedict:line:28992	places
taiwan	tai'bao	臺胞	cedict:line:92108	taiwan_usage
taiwan	tai'bao'shi	太保市	cedict:line:28994	places
taiwan	tai'bao'zheng	台胞證	cedict:line:19343	taiwan_usage
taiwan	tai'bei	台北	cedict:line:19304	taiwan_usage
taiwan	tai'bei	臺北	cedict:line:92064	taiwan_usage
taiwan	tai'bei'shi	台北市	cedict:line:19305	taiwan_usage
taiwan	tai'bei'shi	臺北市	cedict:line:92065	taiwan_usage
taiwan	tai'bei'xian	臺北縣	cedict:line:92066	places
taiwan	tai'bi	台幣	cedict:line:19318	taiwan_usage
taiwan	tai'cai	台菜	cedict:line:19344	foods
taiwan	tai'ci	臺詞	cedict:line:92112	performers
taiwan	tai'die	台諜	cedict:line:19346	taiwan_usage
taiwan	tai'die	臺諜	cedict:line:92113	taiwan_usage
taiwan	tai'dong	台東	cedict:line:19323	places
taiwan	tai'dong'shi	台東市	cedict:line:19324	places
taiwan	tai'dong'xian	台東縣	cedict:line:19325	places
taiwan	tai'dong'xian	臺東縣	cedict:line:92079	places
taiwan	tai'du	台獨	cedict:line:19335	taiwan_usage
taiwan	tai'gu	台股	cedict:line:19342	taiwan_usage
taiwan	tai'hai	臺海	cedict:line:92081	taiwan_usage
taiwan	tai'ji'dian	台積電	cedict:line:19340	taiwan_usage
taiwan	tai'jin	臺斤	cedict:line:92077	taiwan_usage
taiwan	tai'ju	抬舉	cedict:line:45709	taiwan_usage
taiwan	tai'ke	台客	cedict:line:19312	taiwan_usage
taiwan	tai'lu'ge	太魯閣	cedict:line:29142	places
taiwan	tai'lu'ge'zu	太魯閣族	cedict:line:29143	indigenous
taiwan	tai'luo'zi	臺羅字	cedict:line:92107	taiwan_usage
taiwan	tai'mei	台妹	cedict:line:19310	taiwan_usage
taiwan	tai'mei	臺媒	cedict:line:92072	taiwan_usage
taiwan	tai'nan	台南	cedict:line:19308	places
taiwan	tai'nan'fu	臺南府	cedict:line:92068	taiwan_usage
taiwan	tai'nan'shi	臺南市	cedict:line:92067	places
taiwan	tai'shan	泰山	cedict:line:64239	places
taiwan	tai'shang	台商	cedict:line:19309	taiwan_usage
taiwan	tai'shi	台式	cedict:line:19320	taiwan_usage
taiwan	tai'shi	臺視	cedict:line:92111	taiwan_usage
taiwan	tai'wa	臺蛙	cedict:line:92110	taiwan_usage
taiwan	tai'wan	臺灣	cedict:line:92082	taiwan_usage
taiwan	tai'wan'ban'chi'mei	臺灣斑翅鶥	cedict:line:92089	animals
taiwan	tai'wan'bei	臺灣鵯	cedict:line:92102	animals
taiwan	tai'wan'da'xue	臺灣大學	cedict:line:92084	taiwan_usage
taiwan	tai'wan'dao	臺灣島	cedict:line:92086	places
taiwan	tai'wan'duan'chi'ying	臺灣短翅鶯	cedict:line:92097	animals
taiwan	tai'wan'gu'jian'zhu'tu'jie'shi'dian	臺灣古建築圖解事典	wikidata:Q112629154+cedict:derived	books
taiwan	tai'wan'guan'xi'fa	台灣關係法	cedict:line:19334	taiwan_usage
taiwan	tai'wan'hai'xia	台灣海峽	cedict:line:19331	taiwan_usage
taiwan	tai'wan'hua	台灣話	cedict:line:19333	taiwan_usage
taiwan	tai'wan'hua'mei	臺灣畫眉	cedict:line:92094	animals
taiwan	tai'wan'jiao'mei	臺灣鷦鶥	cedict:line:92103	animals
taiwan	tai'wan'jiu'hong'zhu'que	臺灣酒紅朱雀	cedict:line:92100	animals
taiwan	tai'wan'jiu'tie'dao'san'bu'di'tu	臺灣舊鐵道散步地圖	wikidata:Q111633094+cedict:derived	books
taiwan	tai'wan'lan'que	臺灣藍鵲	cedict:line:92099	animals
taiwan	tai'wan'min'zhu'zi'zhi'tong'meng	台灣民主自治同盟	cedict:line:19330	taiwan_usage
taiwan	tai'wan'ni'zhuo'mu'niao	臺灣擬啄木鳥	cedict:line:92088	animals
taiwan	tai'wan'ren'zai'man'zhou'guo	臺灣人在滿洲國	wikidata:Q10494920+cedict:derived	films
taiwan	tai'wan'shan'zhe'gu	臺灣山鷓鴣	cedict:line:92085	animals
taiwan	tai'wan'sheng	臺灣省	cedict:line:92096	taiwan_usage
taiwan	tai'wan'tu'gou	臺灣土狗	cedict:line:92083	mountains
taiwan	tai'wan'wen'xue'jia'lie'zhuan	臺灣文學家列傳	wikidata:Q111788878+cedict:derived	books
taiwan	tai'wan'zi'xiao'dong	臺灣紫嘯鶇	cedict:line:92098	animals
taiwan	tai'wan'zong'jing'gou'zui'mei	臺灣棕頸鉤嘴鶥	cedict:line:92093	animals
taiwan	tai'wo	臺倭	cedict:line:92062	taiwan_usage
taiwan	tai'ya'zu	泰雅族	cedict:line:64285	indigenous
taiwan	tai'yang'bing	太陽餅	cedict:line:29139	foods
taiwan	tai'yu	台語	cedict:line:19345	taiwan_usage
taiwan	tai'zhong	臺中	cedict:line:92060	places
taiwan	tai'zhong'shi	臺中市	cedict:line:92061	places
taiwan	tai'zi	台資	cedict:line:19347	taiwan_usage
taiwan	tan	賧	cedict:line:103745	rivers
taiwan	tan	鐔	cedict:line:112483	taiwan_usage
taiwan	tan'shang'ni'ya	坦尚尼亞	cedict:line:25397	taiwan_usage
taiwan	tang'gan	醣苷	cedict:line:110393	taiwan_usage
taiwan	tang'shi'zheng	唐氏症	cedict:line:21959	taiwan_usage
taiwan	tao	濤	cedict:line:68568	taiwan_usage
taiwan	tao'fang	套房	cedict:line:29603	taiwan_usage
taiwan	tao'li'yang	桃莉羊	cedict:line:57617	animals
taiwan	tao'pai	討拍	cedict:line:100361	taiwan_usage
taiwan	tao'tai'lang	桃太郎	cedict:line:57592	taiwan_usage
taiwan	tao'yong	套用	cedict:line:29612	taiwan_usage
taiwan	tao'yuan	桃園	cedict:line:57586	places
taiwan	tao'yuan'shi	桃園市	cedict:line:57588	places
taiwan	tao'zhe	陶喆	cedict:line:115055	performers
taiwan	tb	台北	cedict:line:19304	taiwan_usage
taiwan	tb	台幣	cedict:line:19318	taiwan_usage
taiwan	tb	太保	cedict:line:28992	places
taiwan	tb	統編	cedict:line:85731	taiwan_usage
taiwan	tb	臺北	cedict:line:92064	taiwan_usage
taiwan	tb	臺胞	cedict:line:92108	taiwan_usage
taiwan	tb	銅板	cedict:line:111642	taiwan_usage
taiwan	tbky	同步口譯	cedict:line:20096	taiwan_usage
taiwan	tbl	甜不辣	cedict:line:74169	animals
taiwan	tbq	徒步區	cedict:line:40160	taiwan_usage
taiwan	tbs	台北市	cedict:line:19305	taiwan_usage
taiwan	tbs	太保市	cedict:line:28994	places
taiwan	tbs	臺北市	cedict:line:92065	taiwan_usage
taiwan	tbx	臺北縣	cedict:line:92066	places
taiwan	tbz	台胞證	cedict:line:19343	taiwan_usage
taiwan	tbz	臺巴子	cedict:line:92074	taiwan_usage
taiwan	tc	凸槌	cedict:line:13027	taiwan_usage
taiwan	tc	台菜	cedict:line:19344	foods
taiwan	tc	脫窗	cedict:line:90579	taiwan_usage
taiwan	tc	臺詞	cedict:line:92112	performers
taiwan	tc	透抽	cedict:line:107428	taiwan_usage
taiwan	tc	通車	cedict:line:107716	taiwan_usage
taiwan	tc	鐵齒	cedict:line:112670	taiwan_usage
taiwan	tcq	土城區	cedict:line:24781	places
taiwan	tcsc	同儕審查	cedict:line:20023	taiwan_usage
taiwan	tczs	同儕諮商	cedict:line:20024	taiwan_usage
taiwan	td	停當	cedict:line:9278	taiwan_usage
taiwan	td	台東	cedict:line:19323	places
taiwan	td	台獨	cedict:line:19335	taiwan_usage
taiwan	td	台諜	cedict:line:19346	taiwan_usage
taiwan	td	土豆	cedict:line:24857	taiwan_usage
taiwan	td	臺諜	cedict:line:92113	taiwan_usage
taiwan	td	鐵蛋	cedict:line:112631	foods
taiwan	tdnh	鐵達尼號	cedict:line:112649	taiwan_usage
taiwan	tds	台東市	cedict:line:19324	places
taiwan	tdx	台東縣	cedict:line:19325	places
taiwan	tdx	臺東縣	cedict:line:92079	places
taiwan	te'shu'chuan'shuo	特殊傳說	wikidata:Q15903001+cedict:derived	books
taiwan	te'zhen'zu	特偵組	cedict:line:71755	taiwan_usage
taiwan	tf	套房	cedict:line:29603	taiwan_usage
taiwan	tf	提防	cedict:line:48257	taiwan_usage
taiwan	tfl	鐵氟龍	cedict:line:112597	taiwan_usage
taiwan	tg	台股	cedict:line:19342	taiwan_usage
taiwan	tg	醣苷	cedict:line:110393	taiwan_usage
taiwan	th	統合	cedict:line:85709	taiwan_usage
taiwan	th	臺海	cedict:line:92081	taiwan_usage
taiwan	ti	堤	cedict:line:26040	taiwan_usage
taiwan	ti	體	cedict:line:121365	taiwan_usage
taiwan	ti	鬄	cedict:line:121949	taiwan_usage
taiwan	ti'fang	提防	cedict:line:48257	taiwan_usage
taiwan	ti'liu	提溜	cedict:line:48204	taiwan_usage
taiwan	tian'bu'la	甜不辣	cedict:line:74169	animals
taiwan	tian'long'guo	天龍國	cedict:line:28986	taiwan_usage
taiwan	tian'long'ren	天龍人	cedict:line:28984	taiwan_usage
taiwan	tian'mi'mi	甜蜜蜜	wikidata:Q6900474+cedict:derived	songs
taiwan	tian'ping	天秤	cedict:line:28872	taiwan_usage
taiwan	tian'shi'mi'meng	天使迷夢	wikidata:Q66675942+cedict:derived	books
taiwan	tiao'tuo	跳脫	cedict:line:105101	taiwan_usage
taiwan	tie'chi	鐵齒	cedict:line:112670	taiwan_usage
taiwan	tie'da'ni'hao	鐵達尼號	cedict:line:112649	taiwan_usage
taiwan	tie'dan	鐵蛋	cedict:line:112631	foods
taiwan	tie'fu'long	鐵氟龍	cedict:line:112597	taiwan_usage
taiwan	tie'ma	鐵馬	cedict:line:112667	taiwan_usage
taiwan	tie'mu	鐵幕	cedict:line:112569	plants
taiwan	tie'piao	鐵票	cedict:line:112615	taiwan_usage
taiwan	tie'piao'qu	鐵票區	cedict:line:112617	places
taiwan	tie'tu	貼圖	cedict:line:103363	taiwan_usage
taiwan	ting	聽	cedict:line:89536	taiwan_usage
taiwan	ting'dang	停當	cedict:line:9278	taiwan_usage
taiwan	tj	抬舉	cedict:line:45709	taiwan_usage
taiwan	tj	臺斤	cedict:line:92077	taiwan_usage
taiwan	tjd	台積電	cedict:line:19340	taiwan_usage
taiwan	tk	台客	cedict:line:19312	taiwan_usage
taiwan	tl	提溜	cedict:line:48204	taiwan_usage
taiwan	tl	腿了	cedict:line:91005	taiwan_usage
taiwan	tlg	天龍國	cedict:line:28986	taiwan_usage
taiwan	tlg	太魯閣	cedict:line:29142	places
taiwan	tlgz	太魯閣族	cedict:line:29143	indigenous
taiwan	tlr	天龍人	cedict:line:28984	taiwan_usage
taiwan	tly	桃莉羊	cedict:line:57617	animals
taiwan	tlz	臺羅字	cedict:line:92107	taiwan_usage
taiwan	tm	台妹	cedict:line:19310	taiwan_usage
taiwan	tm	臺媒	cedict:line:92072	taiwan_usage
taiwan	tm	鐵幕	cedict:line:112569	plants
taiwan	tm	鐵馬	cedict:line:112667	taiwan_usage
taiwan	tmm	甜蜜蜜	wikidata:Q6900474+cedict:derived	songs
taiwan	tn	台南	cedict:line:19308	places
taiwan	tnf	臺南府	cedict:line:92068	taiwan_usage
taiwan	tns	臺南市	cedict:line:92067	places
taiwan	tnxy	突尼西亞	cedict:line:82134	taiwan_usage
taiwan	tong	熥	cedict:line:70588	foods
taiwan	tong	艟	cedict:line:92699	taiwan_usage
taiwan	tong'ban	銅板	cedict:line:111642	taiwan_usage
taiwan	tong'bian	統編	cedict:line:85731	taiwan_usage
taiwan	tong'bu'kou'yi	同步口譯	cedict:line:20096	taiwan_usage
taiwan	tong'chai'shen'cha	同儕審查	cedict:line:20023	taiwan_usage
taiwan	tong'chai'zi'shang	同儕諮商	cedict:line:20024	taiwan_usage
taiwan	tong'che	通車	cedict:line:107716	taiwan_usage
taiwan	tong'he	統合	cedict:line:85709	taiwan_usage
taiwan	tong'peng	通膨	cedict:line:107679	taiwan_usage
taiwan	tong'wan	童玩	cedict:line:82527	taiwan_usage
taiwan	tong'xun'xie'ding	通訊協定	cedict:line:107691	taiwan_usage
taiwan	tong'yi'bian'hao	統一編號	cedict:line:85702	taiwan_usage
taiwan	tong'yi'chao'shang	統一超商	cedict:line:85705	people
taiwan	tong'yi'fa'piao	統一發票	cedict:line:85699	taiwan_usage
taiwan	tong'yong'han'zi'biao'zhun'jiao'huan'ma	通用漢字標準交換碼	cedict:line:107654	taiwan_usage
taiwan	tong'yong'ma	通用碼	cedict:line:107655	taiwan_usage
taiwan	tong'yong'pin'yin	通用拼音	cedict:line:107651	taiwan_usage
taiwan	tong'zi'mi'gao	筒子米糕	cedict:line:83061	plants
taiwan	tou'chou	透抽	cedict:line:107428	taiwan_usage
taiwan	tou'piao'gui	投票匭	cedict:line:45491	taiwan_usage
taiwan	tou'tian'cuo	透天厝	cedict:line:107422	taiwan_usage
taiwan	tou'xiang	頭香	cedict:line:118900	taiwan_usage
taiwan	tou'ying'ji'he	投影幾何	cedict:line:45459	taiwan_usage
taiwan	tou'ying'pian	投影片	cedict:line:45461	taiwan_usage
taiwan	tp	天秤	cedict:line:28872	taiwan_usage
taiwan	tp	討拍	cedict:line:100361	taiwan_usage
taiwan	tp	通膨	cedict:line:107679	taiwan_usage
taiwan	tp	鐵票	cedict:line:112615	taiwan_usage
taiwan	tpg	投票匭	cedict:line:45491	taiwan_usage
taiwan	tpq	鐵票區	cedict:line:112617	places
taiwan	tq	屯區	cedict:line:35548	places
taiwan	ts	台商	cedict:line:19309	taiwan_usage
taiwan	ts	台式	cedict:line:19320	taiwan_usage
taiwan	ts	圖示	cedict:line:24690	taiwan_usage
taiwan	ts	泰山	cedict:line:64239	places
taiwan	ts	臺視	cedict:line:92111	taiwan_usage
taiwan	ts	踏實	cedict:line:105151	taiwan_usage
taiwan	tscs	特殊傳說	wikidata:Q15903001+cedict:derived	books
taiwan	tsl	土石流	cedict:line:24833	taiwan_usage
taiwan	tsmm	天使迷夢	wikidata:Q66675942+cedict:derived	books
taiwan	tsmny	塔斯馬尼亞	cedict:line:26304	taiwan_usage
taiwan	tsny	坦尚尼亞	cedict:line:25397	taiwan_usage
taiwan	tsz	唐氏症	cedict:line:21959	taiwan_usage
taiwan	tt	貼圖	cedict:line:103363	taiwan_usage
taiwan	tt	跳脫	cedict:line:105101	taiwan_usage
taiwan	ttc	透天厝	cedict:line:107422	taiwan_usage
taiwan	ttl	桃太郎	cedict:line:57592	taiwan_usage
taiwan	tty	土魠魚	cedict:line:24876	taiwan_usage
taiwan	tu	凸	cedict:line:13018	taiwan_usage
taiwan	tu	突	cedict:line:82125	taiwan_usage
taiwan	tu	芏	cedict:line:92955	taiwan_usage
taiwan	tu	葖	cedict:line:94969	taiwan_usage
taiwan	tu'bu'qu	徒步區	cedict:line:40160	taiwan_usage
taiwan	tu'cheng'qu	土城區	cedict:line:24781	places
taiwan	tu'chui	凸槌	cedict:line:13027	taiwan_usage
taiwan	tu'dou	土豆	cedict:line:24857	taiwan_usage
taiwan	tu'ni'xi'ya	突尼西亞	cedict:line:82134	taiwan_usage
taiwan	tu'shi	圖示	cedict:line:24690	taiwan_usage
taiwan	tu'shi'liu	土石流	cedict:line:24833	taiwan_usage
taiwan	tu'tuo'yu	土魠魚	cedict:line:24876	taiwan_usage
taiwan	tu'wa'lu	吐瓦魯	cedict:line:20344	places
taiwan	tui	腿	wikidata:Q101215862+cedict:derived	films
taiwan	tui'le	腿了	cedict:line:91005	taiwan_usage
taiwan	tui'wen	推文	cedict:line:47988	taiwan_usage
taiwan	tui'zhen	推甄	cedict:line:48005	taiwan_usage
taiwan	tun	褪	cedict:line:99046	taiwan_usage
taiwan	tun'qu	屯區	cedict:line:35548	places
taiwan	tuo'chuang	脫窗	cedict:line:90579	taiwan_usage
taiwan	tuo'xie	妥協	wikidata:Q130758906+cedict:derived	songs
taiwan	tuo'xie'mian'bao	拖鞋麵包	cedict:line:46369	taiwan_usage
taiwan	tw	推文	cedict:line:47988	taiwan_usage
taiwan	tw	童玩	cedict:line:82527	taiwan_usage
taiwan	tw	臺倭	cedict:line:92062	taiwan_usage
taiwan	tw	臺灣	cedict:line:92082	taiwan_usage
taiwan	tw	臺蛙	cedict:line:92110	taiwan_usage
taiwan	twb	臺灣鵯	cedict:line:92102	animals
taiwan	twbcm	臺灣斑翅鶥	cedict:line:92089	animals
taiwan	twd	臺灣島	cedict:line:92086	places
taiwan	twdcy	臺灣短翅鶯	cedict:line:92097	animals
taiwan	twdx	臺灣大學	cedict:line:92084	taiwan_usage
taiwan	twgjztjsd	臺灣古建築圖解事典	wikidata:Q112629154+cedict:derived	books
taiwan	twgxf	台灣關係法	cedict:line:19334	taiwan_usage
taiwan	twh	台灣話	cedict:line:19333	taiwan_usage
taiwan	twhm	臺灣畫眉	cedict:line:92094	animals
taiwan	twhx	台灣海峽	cedict:line:19331	taiwan_usage
taiwan	twjhzq	臺灣酒紅朱雀	cedict:line:92100	animals
taiwan	twjm	臺灣鷦鶥	cedict:line:92103	animals
taiwan	twjtdsbdt	臺灣舊鐵道散步地圖	wikidata:Q111633094+cedict:derived	books
taiwan	twl	吐瓦魯	cedict:line:20344	places
taiwan	twlq	臺灣藍鵲	cedict:line:92099	animals
taiwan	twmzzztm	台灣民主自治同盟	cedict:line:19330	taiwan_usage
taiwan	twnzmn	臺灣擬啄木鳥	cedict:line:92088	animals
taiwan	twrzmzg	臺灣人在滿洲國	wikidata:Q10494920+cedict:derived	films
taiwan	tws	臺灣省	cedict:line:92096	taiwan_usage
taiwan	twszg	臺灣山鷓鴣	cedict:line:92085	animals
taiwan	twtg	臺灣土狗	cedict:line:92083	mountains
taiwan	twwxjlz	臺灣文學家列傳	wikidata:Q111788878+cedict:derived	books
taiwan	twzjgzm	臺灣棕頸鉤嘴鶥	cedict:line:92093	animals
taiwan	twzxd	臺灣紫嘯鶇	cedict:line:92098	animals
taiwan	tx	妥協	wikidata:Q130758906+cedict:derived	songs
taiwan	tx	頭香	cedict:line:118900	taiwan_usage
taiwan	txmb	拖鞋麵包	cedict:line:46369	taiwan_usage
taiwan	txxd	通訊協定	cedict:line:107691	taiwan_usage
taiwan	ty	台語	cedict:line:19345	taiwan_usage
taiwan	ty	套用	cedict:line:29612	taiwan_usage
taiwan	ty	桃園	cedict:line:57586	places
taiwan	tyb	太陽餅	cedict:line:29139	foods
taiwan	tybh	統一編號	cedict:line:85702	taiwan_usage
taiwan	tycs	統一超商	cedict:line:85705	people
taiwan	tyfp	統一發票	cedict:line:85699	taiwan_usage
taiwan	tyhzbzjhm	通用漢字標準交換碼	cedict:line:107654	taiwan_usage
taiwan	tyjh	投影幾何	cedict:line:45459	taiwan_usage
taiwan	tym	通用碼	cedict:line:107655	taiwan_usage
taiwan	typ	投影片	cedict:line:45461	taiwan_usage
taiwan	typy	通用拼音	cedict:line:107651	taiwan_usage
taiwan	tys	桃園市	cedict:line:57588	places
taiwan	tyz	泰雅族	cedict:line:64285	indigenous
taiwan	tz	台資	cedict:line:19347	taiwan_usage
taiwan	tz	推甄	cedict:line:48005	taiwan_usage
taiwan	tz	臺中	cedict:line:92060	places
taiwan	tz	陶喆	cedict:line:115055	performers
taiwan	tzmg	筒子米糕	cedict:line:83061	plants
taiwan	tzs	臺中市	cedict:line:92061	places
taiwan	tzz	特偵組	cedict:line:71755	taiwan_usage
taiwan	wa	呱	cedict:line:21009	taiwan_usage
taiwan	wa'du'zi	瓦都茲	cedict:line:74004	taiwan_usage
taiwan	wa'jiao	挖角	cedict:line:47009	taiwan_usage
taiwan	wa'kao	哇靠	cedict:line:21582	taiwan_usage
taiwan	wa'le'ta	瓦勒他	cedict:line:73966	taiwan_usage
taiwan	wa'sha'bi	哇沙比	cedict:line:21580	taiwan_usage
taiwan	wa'sha'mi	哇沙米	cedict:line:21581	taiwan_usage
taiwan	wai	歪	cedict:line:60717	taiwan_usage
taiwan	wai'da'cheng'shi	外搭程式	cedict:line:27133	taiwan_usage
taiwan	wai'fei'di	外飛地	cedict:line:27247	taiwan_usage
taiwan	wai'gua'cheng'shi	外掛程式	cedict:line:27127	taiwan_usage
taiwan	wai'hui	外燴	cedict:line:27158	taiwan_usage
taiwan	wai'hui'cun'di	外匯存底	cedict:line:27076	taiwan_usage
taiwan	wai'mao'xie'hui	外貿協會	cedict:line:27207	taiwan_usage
taiwan	wai'qi	外企	cedict:line:27036	taiwan_usage
taiwan	wan	惋	cedict:line:42277	taiwan_usage
taiwan	wan	玩	cedict:line:73016	taiwan_usage
taiwan	wan	箢	cedict:line:83287	taiwan_usage
taiwan	wan	翫	cedict:line:88245	taiwan_usage
taiwan	wan'gong	碗公	cedict:line:79731	taiwan_usage
taiwan	wan'guo	碗粿	cedict:line:79734	foods
taiwan	wan'hua	萬華	cedict:line:94758	places
taiwan	wan'hua'qu	萬華區	cedict:line:94759	places
taiwan	wan'na'du	萬那杜	cedict:line:94770	taiwan_usage
taiwan	wan'tou'zuan'dong	萬頭鑽動	cedict:line:94786	taiwan_usage
taiwan	wan'wan	彎彎	cedict:line:39538	taiwan_usage
taiwan	wan'yong'zi'yuan	萬用字元	cedict:line:94734	taiwan_usage
taiwan	wang'dao'han	汪道涵	cedict:line:62873	people
taiwan	wang'dong'cheng	汪東城	cedict:line:62867	performers
taiwan	wang'ji'wang'lu	網際網路	cedict:line:86308	taiwan_usage
taiwan	wang'jun'ru	王君如	cedict:line:72919	performers
taiwan	wang'lai	旺來	cedict:line:52774	taiwan_usage
taiwan	wang'li'hong	王力宏	cedict:line:72912	performers
taiwan	wang'lu	網路	cedict:line:86286	taiwan_usage
taiwan	wang'lu'jia'gou	網路架構	cedict:line:86291	taiwan_usage
taiwan	wang'lu'ying'yong	網路應用	cedict:line:86289	taiwan_usage
taiwan	wang'zhan'dao'lan	網站導覽	cedict:line:86229	taiwan_usage
taiwan	wang'zu'xian	王祖賢	cedict:line:72973	performers
taiwan	wdc	汪東城	cedict:line:62867	performers
taiwan	wdcs	外搭程式	cedict:line:27133	taiwan_usage
taiwan	wdh	汪道涵	cedict:line:62873	people
taiwan	wdj	維德角	cedict:line:86131	taiwan_usage
taiwan	wdz	瓦都茲	cedict:line:74004	taiwan_usage
taiwan	weg	威而鋼	cedict:line:30688	taiwan_usage
taiwan	wei	偽	cedict:line:9477	taiwan_usage
taiwan	wei	危	cedict:line:17662	taiwan_usage
taiwan	wei	巍	cedict:line:36233	taiwan_usage
taiwan	wei	微	cedict:line:40448	taiwan_usage
taiwan	wei	微	cedict:line:40449	taiwan_usage
taiwan	wei	萎	cedict:line:94619	taiwan_usage
taiwan	wei	薇	cedict:line:95817	animals
taiwan	wei'de'jiao	維德角	cedict:line:86131	taiwan_usage
taiwan	wei'er'gang	威而鋼	cedict:line:30688	taiwan_usage
taiwan	wei'er'rong	維爾容	cedict:line:86150	taiwan_usage
taiwan	wei'ji'ni'ya	維吉尼亞	cedict:line:86101	taiwan_usage
taiwan	wei'ling'dun	威靈頓	cedict:line:30699	taiwan_usage
taiwan	wei'lu	圍爐	cedict:line:24547	taiwan_usage
taiwan	wei'ma	威瑪	cedict:line:30681	taiwan_usage
taiwan	wei'sheng'mian	衛生棉	cedict:line:98146	taiwan_usage
taiwan	wei'sheng'xia'shui'dao	衛生下水道	cedict:line:98139	taiwan_usage
taiwan	wei'xing	微星	cedict:line:40496	taiwan_usage
taiwan	wei'yu	鮪魚	cedict:line:122467	taiwan_usage
taiwan	wei'yu'du	鮪魚肚	cedict:line:122468	taiwan_usage
taiwan	wei'yuan	位元	cedict:line:7113	taiwan_usage
taiwan	wei'yuan'zu	位元組	cedict:line:7115	taiwan_usage
taiwan	wei'zhong'zi	微中子	cedict:line:40451	taiwan_usage
taiwan	wen	紊	cedict:line:84723	taiwan_usage
taiwan	wen'kang'huo'dong	文康活動	cedict:line:51319	taiwan_usage
taiwan	wen'lai	汶萊	cedict:line:62896	taiwan_usage
taiwan	wen'shan'qu	文山區	cedict:line:51309	places
taiwan	wen'shu'chu'li	文書處理	cedict:line:51346	taiwan_usage
taiwan	wen'zi'guan	蚊子館	cedict:line:96852	taiwan_usage
taiwan	wer	維爾容	cedict:line:86150	taiwan_usage
taiwan	wfd	外飛地	cedict:line:27247	taiwan_usage
taiwan	wfjg	無縫接軌	cedict:line:69990	taiwan_usage
taiwan	wg	碗公	cedict:line:79731	taiwan_usage
taiwan	wg	碗粿	cedict:line:79734	foods
taiwan	wgcs	外掛程式	cedict:line:27127	taiwan_usage
taiwan	wgjll	無國界料理	cedict:line:69761	taiwan_usage
taiwan	wgy	吳郭魚	cedict:line:20632	taiwan_usage
taiwan	wh	外燴	cedict:line:27158	taiwan_usage
taiwan	wh	萬華	cedict:line:94758	places
taiwan	whcd	外匯存底	cedict:line:27076	taiwan_usage
taiwan	whdc	五號電池	cedict:line:5118	taiwan_usage
taiwan	whq	萬華區	cedict:line:94759	places
taiwan	wj	挖角	cedict:line:47009	taiwan_usage
taiwan	wjds	五角大廈	cedict:line:5123	taiwan_usage
taiwan	wjh	吳建豪	cedict:line:20600	performers
taiwan	wjny	維吉尼亞	cedict:line:86101	taiwan_usage
taiwan	wjr	王君如	cedict:line:72919	performers
taiwan	wjwl	網際網路	cedict:line:86308	taiwan_usage
taiwan	wk	哇靠	cedict:line:21582	taiwan_usage
taiwan	wkhd	文康活動	cedict:line:51319	taiwan_usage
taiwan	wkll	烏克麗麗	cedict:line:69402	taiwan_usage
taiwan	wl	圍爐	cedict:line:24547	taiwan_usage
taiwan	wl	旺來	cedict:line:52774	taiwan_usage
taiwan	wl	汶萊	cedict:line:62896	taiwan_usage
taiwan	wl	烏龍	cedict:line:69522	beverages
taiwan	wl	網路	cedict:line:86286	taiwan_usage
taiwan	wld	威靈頓	cedict:line:30699	taiwan_usage
taiwan	wlh	王力宏	cedict:line:72912	performers
taiwan	wljg	網路架構	cedict:line:86291	taiwan_usage
taiwan	wlq	烏來區	cedict:line:69397	places
taiwan	wlt	瓦勒他	cedict:line:73966	taiwan_usage
taiwan	wlyy	網路應用	cedict:line:86289	taiwan_usage
taiwan	wm	威瑪	cedict:line:30681	taiwan_usage
taiwan	wmxh	外貿協會	cedict:line:27207	taiwan_usage
taiwan	wnd	萬那杜	cedict:line:94770	taiwan_usage
taiwan	wo	喔	cedict:line:22524	taiwan_usage
taiwan	wo'xiang'xin	我相信	wikidata:Q112889090+cedict:derived	songs
taiwan	wq	外企	cedict:line:27036	taiwan_usage
taiwan	wqxf	五權憲法	cedict:line:5055	taiwan_usage
taiwan	wr	烏日	cedict:line:69432	places
taiwan	ws	無聲	wikidata:Q100270990+cedict:derived	films
taiwan	wsb	哇沙比	cedict:line:21580	taiwan_usage
taiwan	wscl	文書處理	cedict:line:51346	taiwan_usage
taiwan	wsm	哇沙米	cedict:line:21581	taiwan_usage
taiwan	wsm	衛生棉	cedict:line:98146	taiwan_usage
taiwan	wsq	文山區	cedict:line:51309	places
taiwan	wsxsd	衛生下水道	cedict:line:98139	taiwan_usage
taiwan	wt	武統	cedict:line:60668	taiwan_usage
taiwan	wtzd	萬頭鑽動	cedict:line:94786	taiwan_usage
taiwan	wu'feng'jie'gui	無縫接軌	cedict:line:69990	taiwan_usage
taiwan	wu'guo'jie'liao'li	無國界料理	cedict:line:69761	taiwan_usage
taiwan	wu'guo'yu	吳郭魚	cedict:line:20632	taiwan_usage
taiwan	wu'hao'dian'chi	五號電池	cedict:line:5118	taiwan_usage
taiwan	wu'jian'hao	吳建豪	cedict:line:20600	performers
taiwan	wu'jiao'da'sha	五角大廈	cedict:line:5123	taiwan_usage
taiwan	wu'ke'li'li	烏克麗麗	cedict:line:69402	taiwan_usage
taiwan	wu'lai'qu	烏來區	cedict:line:69397	places
taiwan	wu'long	烏龍	cedict:line:69522	beverages
taiwan	wu'quan'xian'fa	五權憲法	cedict:line:5055	taiwan_usage
taiwan	wu'ri	烏日	cedict:line:69432	places
taiwan	wu'sheng	無聲	wikidata:Q100270990+cedict:derived	films
taiwan	wu'tong	武統	cedict:line:60668	taiwan_usage
taiwan	wu'xia'mi	嘸蝦米	cedict:line:23294	taiwan_usage
taiwan	wu'xian'wang'lu	無線網路	cedict:line:69980	taiwan_usage
taiwan	wu'ye'song	五葉松	cedict:line:5111	taiwan_usage
taiwan	ww	彎彎	cedict:line:39538	taiwan_usage
taiwan	wx	微星	cedict:line:40496	taiwan_usage
taiwan	wxm	嘸蝦米	cedict:line:23294	taiwan_usage
taiwan	wxwl	無線網路	cedict:line:69980	taiwan_usage
taiwan	wxx	我相信	wikidata:Q112889090+cedict:derived	songs
taiwan	wy	位元	cedict:line:7113	taiwan_usage
taiwan	wy	鮪魚	cedict:line:122467	taiwan_usage
taiwan	wyd	鮪魚肚	cedict:line:122468	taiwan_usage
taiwan	wys	五葉松	cedict:line:5111	taiwan_usage
taiwan	wyz	位元組	cedict:line:7115	taiwan_usage
taiwan	wyzy	萬用字元	cedict:line:94734	taiwan_usage
taiwan	wzdl	網站導覽	cedict:line:86229	taiwan_usage
taiwan	wzg	蚊子館	cedict:line:96852	taiwan_usage
taiwan	wzx	王祖賢	cedict:line:72973	performers
taiwan	wzz	微中子	cedict:line:40451	taiwan_usage
taiwan	xb	型別	cedict:line:25492	taiwan_usage
taiwan	xb	蕭邦	cedict:line:95742	taiwan_usage
taiwan	xb	辛布	cedict:line:106565	taiwan_usage
taiwan	xbg	消保官	cedict:line:65545	taiwan_usage
taiwan	xbgb	細胞廣播	cedict:line:85264	taiwan_usage
taiwan	xbr	雪巴人	cedict:line:116488	taiwan_usage
taiwan	xbs	新北市	cedict:line:51781	places
taiwan	xbw	辛巴威	cedict:line:106564	taiwan_usage
taiwan	xby	西北雨	cedict:line:99208	taiwan_usage
taiwan	xc	行程	cedict:line:98003	taiwan_usage
taiwan	xcb	小赤壁	cedict:line:34734	places
taiwan	xct	謝長廷	cedict:line:101896	people
taiwan	xd	下檔	cedict:line:1997	taiwan_usage
taiwan	xd	宣導	cedict:line:32628	taiwan_usage
taiwan	xd	攜帶	cedict:line:49868	taiwan_usage
taiwan	xd	新店	cedict:line:51847	places
taiwan	xd	校地	cedict:line:57243	taiwan_usage
taiwan	xdc	訓導處	cedict:line:100385	taiwan_usage
taiwan	xddh	行動電話	cedict:line:97923	taiwan_usage
taiwan	xddy	行動電源	cedict:line:97922	taiwan_usage
taiwan	xdj	行動劇	cedict:line:97914	taiwan_usage
taiwan	xdl	選單列	cedict:line:109042	taiwan_usage
taiwan	xds	新店市	cedict:line:51848	places
taiwan	xdx	新店溪	cedict:line:51849	taiwan_usage
taiwan	xdz	行動值	cedict:line:97913	taiwan_usage
taiwan	xdzz	行動裝置	cedict:line:97920	taiwan_usage
taiwan	xfc	咸豐草	cedict:line:21432	taiwan_usage
taiwan	xfc	小發財	cedict:line:34617	taiwan_usage
taiwan	xg	下港	cedict:line:2019	taiwan_usage
taiwan	xg	小港	cedict:line:34588	places
taiwan	xg	小管	cedict:line:34642	taiwan_usage
taiwan	xgq	小港區	cedict:line:34589	places
taiwan	xh	小黃	cedict:line:34820	taiwan_usage
taiwan	xhe	喜憨兒	cedict:line:22581	taiwan_usage
taiwan	xhs	血紅素	cedict:line:97828	taiwan_usage
taiwan	xhzb	星海爭霸	cedict:line:53137	taiwan_usage
taiwan	xi	夕	cedict:line:27009	taiwan_usage
taiwan	xi	息	cedict:line:41940	taiwan_usage
taiwan	xi	惜	cedict:line:42298	taiwan_usage
taiwan	xi	昔	cedict:line:53087	taiwan_usage
taiwan	xi	汐	cedict:line:62656	taiwan_usage
taiwan	xi	熄	cedict:line:70447	taiwan_usage
taiwan	xi	畦	cedict:line:75135	taiwan_usage
taiwan	xi	矽	cedict:line:79231	taiwan_usage
taiwan	xi	翕	cedict:line:88214	taiwan_usage
taiwan	xi	肸	cedict:line:89982	taiwan_usage
taiwan	xi	蹊	cedict:line:105274	taiwan_usage
taiwan	xi	錫	cedict:line:112060	taiwan_usage
taiwan	xi'bao'guang'bo	細胞廣播	cedict:line:85264	taiwan_usage
taiwan	xi'bei'yu	西北雨	cedict:line:99208	taiwan_usage
taiwan	xi'dai	攜帶	cedict:line:49868	taiwan_usage
taiwan	xi'han'er	喜憨兒	cedict:line:22581	taiwan_usage
taiwan	xi'la'rui	希拉蕊	cedict:line:37181	taiwan_usage
taiwan	xi'la'ya'zu	西拉雅族	cedict:line:99293	indigenous
taiwan	xi'lai'an	西來庵	cedict:line:99193	places
taiwan	xi'li'kang	矽利康	cedict:line:79232	taiwan_usage
taiwan	xi'pi	嬉皮	cedict:line:31093	taiwan_usage
taiwan	xi'pian	矽片	cedict:line:79235	taiwan_usage
taiwan	xi'shi'zi	洗石子	cedict:line:64457	taiwan_usage
taiwan	xi'tun'qu	西屯區	cedict:line:99265	places
taiwan	xi'xiang'jiao	矽橡膠	cedict:line:79234	taiwan_usage
taiwan	xi'yuan	西元	cedict:line:99195	taiwan_usage
taiwan	xi'zhi	汐止	cedict:line:62657	places
taiwan	xi'zhi'shi	汐止市	cedict:line:62658	places
taiwan	xia	呷	cedict:line:21053	beverages
taiwan	xia	廈	cedict:line:38503	taiwan_usage
taiwan	xia	挾	cedict:line:47124	taiwan_usage
taiwan	xia'dang	下檔	cedict:line:1997	taiwan_usage
taiwan	xia'gang	下港	cedict:line:2019	taiwan_usage
taiwan	xia'mi	蝦米	cedict:line:97257	taiwan_usage
taiwan	xia'pin	瞎拼	cedict:line:78683	taiwan_usage
taiwan	xia'shi'qiu	下視丘	cedict:line:2063	taiwan_usage
taiwan	xia'xia'jiao	嚇嚇叫	cedict:line:23506	taiwan_usage
taiwan	xian	癬	cedict:line:76028	taiwan_usage
taiwan	xian	銑	cedict:line:111675	taiwan_usage
taiwan	xian'feng'cao	咸豐草	cedict:line:21432	taiwan_usage
taiwan	xian'shi	鹹濕	cedict:line:123190	taiwan_usage
taiwan	xiang	蠁	cedict:line:97576	taiwan_usage
taiwan	xiang'ju	薌劇	cedict:line:95827	taiwan_usage
taiwan	xiang'li	襄理	cedict:line:99113	taiwan_usage
taiwan	xiang'min	鄉民	cedict:line:109783	taiwan_usage
taiwan	xiang'mo'xiang'yang	像模像樣	cedict:line:10011	taiwan_usage
taiwan	xiang'qin	相親	cedict:line:77964	taiwan_usage
taiwan	xiang'shan'qu	香山區	cedict:line:120237	places
taiwan	xiang'xing'che	廂型車	cedict:line:38496	taiwan_usage
taiwan	xiang'xing'che	箱型車	cedict:line:83309	taiwan_usage
taiwan	xiang'ya'hai'an	象牙海岸	cedict:line:102640	taiwan_usage
taiwan	xiang'zhong	相中	cedict:line:77830	taiwan_usage
taiwan	xiao	哮	cedict:line:21822	taiwan_usage
taiwan	xiao	洨	cedict:line:64606	taiwan_usage
taiwan	xiao	肖	cedict:line:89784	taiwan_usage
taiwan	xiao	酵	cedict:line:110225	taiwan_usage
taiwan	xiao'bang	蕭邦	cedict:line:95742	taiwan_usage
taiwan	xiao'bao'guan	消保官	cedict:line:65545	taiwan_usage
taiwan	xiao'chi'bi	小赤壁	cedict:line:34734	places
taiwan	xiao'di	校地	cedict:line:57243	taiwan_usage
taiwan	xiao'fa'cai	小發財	cedict:line:34617	taiwan_usage
taiwan	xiao'gang	小港	cedict:line:34588	places
taiwan	xiao'gang'qu	小港區	cedict:line:34589	places
taiwan	xiao'guan	小管	cedict:line:34642	taiwan_usage
taiwan	xiao'huang	小黃	cedict:line:34820	taiwan_usage
taiwan	xiao'juan	小卷	cedict:line:34392	taiwan_usage
taiwan	xiao'ke'ai	小可愛	cedict:line:34397	taiwan_usage
taiwan	xiao'lv'ren	小綠人	cedict:line:34665	taiwan_usage
taiwan	xiao'mei	小妹	cedict:line:34436	taiwan_usage
taiwan	xiao'nian'ye	小年夜	cedict:line:34485	taiwan_usage
taiwan	xiao'peng'you	小朋友	cedict:line:34551	taiwan_usage
taiwan	xiao'wan'chang	蕭萬長	cedict:line:95740	people
taiwan	xiao'xiang	肖想	cedict:line:89791	taiwan_usage
taiwan	xiao'xun	小薰	cedict:line:34696	performers
taiwan	xie'chang'ting	謝長廷	cedict:line:101896	people
taiwan	xie'tong'zhu'chi'ren	協同主持人	cedict:line:16988	taiwan_usage
taiwan	xie'yun	血暈	cedict:line:97765	taiwan_usage
taiwan	xie'ze	卸責	cedict:line:17797	taiwan_usage
taiwan	xin	芯	cedict:line:93059	taiwan_usage
taiwan	xin	鄩	cedict:line:109874	taiwan_usage
taiwan	xin'ba'wei	辛巴威	cedict:line:106564	taiwan_usage
taiwan	xin'bei'shi	新北市	cedict:line:51781	places
taiwan	xin'bu	辛布	cedict:line:106565	taiwan_usage
taiwan	xin'dian	新店	cedict:line:51847	places
taiwan	xin'dian'shi	新店市	cedict:line:51848	places
taiwan	xin'dian'xi	新店溪	cedict:line:51849	taiwan_usage
taiwan	xin'ji'geng'se	心肌梗塞	cedict:line:40916	taiwan_usage
taiwan	xin'li	新力	cedict:line:51773	taiwan_usage
taiwan	xin'mi	新秘	cedict:line:51949	taiwan_usage
taiwan	xin'niang'mi'shu	新娘秘書	cedict:line:51811	taiwan_usage
taiwan	xin'shi'qu	新市區	cedict:line:51834	places
taiwan	xin'tai'bi	新台幣	cedict:line:51787	taiwan_usage
taiwan	xin'xiang	薪餉	cedict:line:95971	taiwan_usage
taiwan	xin'xing'fa'zong'ze	新刑法總則	wikidata:Q116744007+cedict:derived	books
taiwan	xin'xing'qu	新興區	cedict:line:51988	places
taiwan	xin'yi'qu	信義區	cedict:line:8366	places
taiwan	xin'ying'er	心影兒	cedict:line:40788	taiwan_usage
taiwan	xin'zhu	新竹	cedict:line:51951	places
taiwan	xin'zhu'shi	新竹市	cedict:line:51952	places
taiwan	xin'zhu'xian	新竹縣	cedict:line:51953	places
taiwan	xin'zhuang	新莊	cedict:line:51995	places
taiwan	xin'zhuang'shi	新莊市	cedict:line:51996	places
taiwan	xing	行	cedict:line:97885	taiwan_usage
taiwan	xing'bie	型別	cedict:line:25492	taiwan_usage
taiwan	xing'cheng	行程	cedict:line:98003	taiwan_usage
taiwan	xing'dong'dian'hua	行動電話	cedict:line:97923	taiwan_usage
taiwan	xing'dong'dian'yuan	行動電源	cedict:line:97922	taiwan_usage
taiwan	xing'dong'ju	行動劇	cedict:line:97914	taiwan_usage
taiwan	xing'dong'zhi	行動值	cedict:line:97913	taiwan_usage
taiwan	xing'dong'zhuang'zhi	行動裝置	cedict:line:97920	taiwan_usage
taiwan	xing'hai'zheng'ba	星海爭霸	cedict:line:53137	taiwan_usage
taiwan	xing'ji'da'zhan	星際大戰	cedict:line:53165	taiwan_usage
taiwan	xing'lin'yi'yuan	杏林醫院	wikidata:Q105084604+cedict:derived	films
taiwan	xing'ren'guo	杏仁果	cedict:line:55990	taiwan_usage
taiwan	xing'xiao'zhang	行銷長	cedict:line:98041	taiwan_usage
taiwan	xing'yun'er	幸運兒	wikidata:Q131859913+cedict:derived	books
taiwan	xing'zheng'yuan	行政院	cedict:line:97965	taiwan_usage
taiwan	xing'zhuang	行狀	cedict:line:97997	taiwan_usage
taiwan	xiu'shi'dun	休士頓	cedict:line:6884	taiwan_usage
taiwan	xj	小卷	cedict:line:34392	taiwan_usage
taiwan	xj	薌劇	cedict:line:95827	taiwan_usage
taiwan	xjdz	星際大戰	cedict:line:53165	taiwan_usage
taiwan	xjgs	心肌梗塞	cedict:line:40916	taiwan_usage
taiwan	xka	小可愛	cedict:line:34397	taiwan_usage
taiwan	xl	新力	cedict:line:51773	taiwan_usage
taiwan	xl	襄理	cedict:line:99113	taiwan_usage
taiwan	xl	雪梨	cedict:line:116495	taiwan_usage
taiwan	xla	西來庵	cedict:line:99193	places
taiwan	xlk	矽利康	cedict:line:79232	taiwan_usage
taiwan	xlr	小綠人	cedict:line:34665	taiwan_usage
taiwan	xlr	希拉蕊	cedict:line:37181	taiwan_usage
taiwan	xlyy	杏林醫院	wikidata:Q105084604+cedict:derived	films
taiwan	xlyz	西拉雅族	cedict:line:99293	indigenous
taiwan	xm	學門	cedict:line:31758	taiwan_usage
taiwan	xm	小妹	cedict:line:34436	taiwan_usage
taiwan	xm	新秘	cedict:line:51949	taiwan_usage
taiwan	xm	蝦米	cedict:line:97257	taiwan_usage
taiwan	xm	鄉民	cedict:line:109783	taiwan_usage
taiwan	xmxy	像模像樣	cedict:line:10011	taiwan_usage
taiwan	xnms	新娘秘書	cedict:line:51811	taiwan_usage
taiwan	xnsj	虛擬實境	cedict:line:96702	taiwan_usage
taiwan	xny	小年夜	cedict:line:34485	taiwan_usage
taiwan	xp	嬉皮	cedict:line:31093	taiwan_usage
taiwan	xp	瞎拼	cedict:line:78683	taiwan_usage
taiwan	xp	矽片	cedict:line:79235	taiwan_usage
taiwan	xpy	小朋友	cedict:line:34551	taiwan_usage
taiwan	xq	相親	cedict:line:77964	taiwan_usage
taiwan	xrg	杏仁果	cedict:line:55990	taiwan_usage
taiwan	xs	學舍	cedict:line:31743	taiwan_usage
taiwan	xs	鹹濕	cedict:line:123190	taiwan_usage
taiwan	xsd	休士頓	cedict:line:6884	taiwan_usage
taiwan	xsq	下視丘	cedict:line:2063	taiwan_usage
taiwan	xsq	新市區	cedict:line:51834	places
taiwan	xsq	香山區	cedict:line:120237	places
taiwan	xsz	洗石子	cedict:line:64457	taiwan_usage
taiwan	xt	噱頭	cedict:line:23402	taiwan_usage
taiwan	xtb	新台幣	cedict:line:51787	taiwan_usage
taiwan	xtq	西屯區	cedict:line:99265	places
taiwan	xtzcr	協同主持人	cedict:line:16988	taiwan_usage
taiwan	xu	煦	cedict:line:70336	taiwan_usage
taiwan	xu	頊	cedict:line:118539	taiwan_usage
taiwan	xu	頊	cedict:line:118540	taiwan_usage
taiwan	xu	魆	cedict:line:122197	taiwan_usage
taiwan	xu'ni'shi'jing	虛擬實境	cedict:line:96702	taiwan_usage
taiwan	xu'xi'yuan	徐熙媛	cedict:line:40119	taiwan_usage
taiwan	xu'xin'liang	許信良	cedict:line:100546	people
taiwan	xuan'dan'lie	選單列	cedict:line:109042	taiwan_usage
taiwan	xuan'dao	宣導	cedict:line:32628	taiwan_usage
taiwan	xuan'yun	眩暈	cedict:line:78326	taiwan_usage
taiwan	xue	削	cedict:line:14350	taiwan_usage
taiwan	xue	穴	cedict:line:81894	taiwan_usage
taiwan	xue'ba'ren	雪巴人	cedict:line:116488	taiwan_usage
taiwan	xue'hong'su	血紅素	cedict:line:97828	taiwan_usage
taiwan	xue'li	雪梨	cedict:line:116495	taiwan_usage
taiwan	xue'men	學門	cedict:line:31758	taiwan_usage
taiwan	xue'she	學舍	cedict:line:31743	taiwan_usage
taiwan	xue'tou	噱頭	cedict:line:23402	taiwan_usage
taiwan	xun	徇	cedict:line:39912	taiwan_usage
taiwan	xun	馴	cedict:line:120732	taiwan_usage
taiwan	xun'dao'chu	訓導處	cedict:line:100385	taiwan_usage
taiwan	xwc	蕭萬長	cedict:line:95740	people
taiwan	xx	小薰	cedict:line:34696	performers
taiwan	xx	肖想	cedict:line:89791	taiwan_usage
taiwan	xx	薪餉	cedict:line:95971	taiwan_usage
taiwan	xxc	廂型車	cedict:line:38496	taiwan_usage
taiwan	xxc	箱型車	cedict:line:83309	taiwan_usage
taiwan	xxfzz	新刑法總則	wikidata:Q116744007+cedict:derived	books
taiwan	xxj	嚇嚇叫	cedict:line:23506	taiwan_usage
taiwan	xxj	矽橡膠	cedict:line:79234	taiwan_usage
taiwan	xxl	許信良	cedict:line:100546	people
taiwan	xxq	新興區	cedict:line:51988	places
taiwan	xxy	徐熙媛	cedict:line:40119	taiwan_usage
taiwan	xxz	行銷長	cedict:line:98041	taiwan_usage
taiwan	xy	眩暈	cedict:line:78326	taiwan_usage
taiwan	xy	血暈	cedict:line:97765	taiwan_usage
taiwan	xy	西元	cedict:line:99195	taiwan_usage
taiwan	xye	幸運兒	wikidata:Q131859913+cedict:derived	books
taiwan	xye	心影兒	cedict:line:40788	taiwan_usage
taiwan	xyha	象牙海岸	cedict:line:102640	taiwan_usage
taiwan	xyq	信義區	cedict:line:8366	places
taiwan	xz	卸責	cedict:line:17797	taiwan_usage
taiwan	xz	新竹	cedict:line:51951	places
taiwan	xz	新莊	cedict:line:51995	places
taiwan	xz	汐止	cedict:line:62657	places
taiwan	xz	相中	cedict:line:77830	taiwan_usage
taiwan	xz	行狀	cedict:line:97997	taiwan_usage
taiwan	xzs	新竹市	cedict:line:51952	places
taiwan	xzs	新莊市	cedict:line:51996	places
taiwan	xzs	汐止市	cedict:line:62658	places
taiwan	xzx	新竹縣	cedict:line:51953	places
taiwan	xzy	行政院	cedict:line:97965	taiwan_usage
taiwan	ya	亞	cedict:line:5195	taiwan_usage
taiwan	ya	亞	cedict:line:5196	taiwan_usage
taiwan	ya'ba	鴨霸	cedict:line:122908	taiwan_usage
taiwan	ya'fang	雅房	cedict:line:115668	taiwan_usage
taiwan	ya'ke'li	壓克力	cedict:line:26746	taiwan_usage
taiwan	ya'ma'lu	壓馬路	cedict:line:26798	taiwan_usage
taiwan	ya'mei'zu	雅美族	cedict:line:115699	indigenous
taiwan	ya'mu'suo'ge	雅穆索戈	cedict:line:115697	taiwan_usage
taiwan	ya'pi	雅痞	cedict:line:115690	taiwan_usage
taiwan	ya'sai'bai'ran	亞塞拜然	cedict:line:5218	taiwan_usage
taiwan	yai	崖	cedict:line:36038	taiwan_usage
taiwan	yan'cheng	鹽埕	cedict:line:123232	places
taiwan	yan'cheng'qu	鹽埕區	cedict:line:123233	places
taiwan	yan'jian'su	菸鹼素	cedict:line:94536	taiwan_usage
taiwan	yan'jian'xi'an	菸鹼醯胺	cedict:line:94538	taiwan_usage
taiwan	yan'jing'chi'bing'qi'lin	眼睛吃冰淇淋	cedict:line:78428	taiwan_usage
taiwan	yan'lao	唁勞	cedict:line:21867	taiwan_usage
taiwan	yan'su'ji	鹽酥雞	cedict:line:123262	taiwan_usage
taiwan	yan'suan'fa	演算法	cedict:line:67795	taiwan_usage
taiwan	yan'tie'hua	閻鐵花	wikidata:Q136398954+cedict:derived	books
taiwan	yan'xi'an	菸醯胺	cedict:line:94533	taiwan_usage
taiwan	yan'ya'lun	炎亞綸	cedict:line:69174	performers
taiwan	yang'cheng'lin	楊丞琳	cedict:line:58382	taiwan_usage
taiwan	yang'chun'xing	陽春型	cedict:line:115169	taiwan_usage
taiwan	yang'jiang	洋將	cedict:line:64332	taiwan_usage
taiwan	yang'le'se	洋垃圾	cedict:line:64322	taiwan_usage
taiwan	yang'ming'shan	陽明山	cedict:line:115166	taiwan_usage
taiwan	yang'shui'chuan'ci	羊水穿刺	cedict:line:87694	taiwan_usage
taiwan	yang'xiang'gua	洋香瓜	cedict:line:64401	taiwan_usage
taiwan	yang'yu'pian	洋芋片	cedict:line:64381	taiwan_usage
taiwan	yang'zhi'yuan	楊致遠	cedict:line:58417	taiwan_usage
taiwan	yao	淆	cedict:line:65808	taiwan_usage
taiwan	yao'gun'kuang'chao	搖滾狂潮	wikidata:Q8059211+cedict:derived	books
taiwan	yao'shou	夭壽	cedict:line:29166	taiwan_usage
taiwan	yao'zhuang'dian	藥妝店	cedict:line:96238	taiwan_usage
taiwan	yb	液胞	cedict:line:65740	taiwan_usage
taiwan	yb	游標	cedict:line:66754	taiwan_usage
taiwan	yb	鴨霸	cedict:line:122908	taiwan_usage
taiwan	ybd	御便當	cedict:line:40335	taiwan_usage
taiwan	ybj	印表機	cedict:line:17642	taiwan_usage
taiwan	ybjw	一八九五	wikidata:Q10863829+cedict:derived	films
taiwan	ybs	因變數	cedict:line:24066	taiwan_usage
taiwan	yc	幼齒	cedict:line:38090	taiwan_usage
taiwan	yc	鹽埕	cedict:line:123232	places
taiwan	ycl	楊丞琳	cedict:line:58382	taiwan_usage
taiwan	ycq	鹽埕區	cedict:line:123233	places
taiwan	ycx	陽春型	cedict:line:115169	taiwan_usage
taiwan	yd	硬碟	cedict:line:79624	taiwan_usage
taiwan	ydb	原典版	cedict:line:17889	taiwan_usage
taiwan	yde	英代爾	cedict:line:93554	taiwan_usage
taiwan	ydj	耶誕節	cedict:line:88992	taiwan_usage
taiwan	ydl	義大利	cedict:line:88055	taiwan_usage
taiwan	ydlm	義大利麵	cedict:line:88057	taiwan_usage
taiwan	ydly	義大利語	cedict:line:88056	taiwan_usage
taiwan	ydqh	郵遞區號	cedict:line:109686	taiwan_usage
taiwan	ye	椰	cedict:line:58343	taiwan_usage
taiwan	ye	殜	cedict:line:61105	taiwan_usage
taiwan	ye	琊	cedict:line:73519	taiwan_usage
taiwan	ye'bao	液胞	cedict:line:65740	taiwan_usage
taiwan	ye'dan'jie	耶誕節	cedict:line:88992	taiwan_usage
taiwan	ye'jian'bu	夜間部	cedict:line:27569	taiwan_usage
taiwan	ye'li'wen	葉里溫	cedict:line:94955	taiwan_usage
taiwan	ye'men	葉門	cedict:line:94956	taiwan_usage
taiwan	ye'pei	業配	cedict:line:58513	taiwan_usage
taiwan	ye'pei'wen	業配文	cedict:line:58514	taiwan_usage
taiwan	ye'yin'che	曳引車	cedict:line:54322	taiwan_usage
taiwan	ye'zi'ban	葉子板	cedict:line:94929	taiwan_usage
taiwan	yf	幽浮	cedict:line:38104	taiwan_usage
taiwan	yf	雅房	cedict:line:115668	taiwan_usage
taiwan	yfm	幽浮迷	cedict:line:38105	taiwan_usage
taiwan	yg	移工	cedict:line:81418	taiwan_usage
taiwan	yg	螢光	cedict:line:97381	taiwan_usage
taiwan	ygb	螢光棒	cedict:line:97383	taiwan_usage
taiwan	ygd	螢光燈	cedict:line:97384	taiwan_usage
taiwan	ygkc	搖滾狂潮	wikidata:Q8059211+cedict:derived	books
taiwan	yglz	一國兩制	cedict:line:501	taiwan_usage
taiwan	ygm	熒光幕	cedict:line:70494	taiwan_usage
taiwan	ygtlgd	一個頭兩個大	cedict:line:421	taiwan_usage
taiwan	yh	圓環	cedict:line:24615	taiwan_usage
taiwan	yh	意涵	cedict:line:42615	taiwan_usage
taiwan	yhs	永和市	cedict:line:62493	places
taiwan	yi	嗌	cedict:line:22956	taiwan_usage
taiwan	yi	曳	cedict:line:54319	taiwan_usage
taiwan	yi	洟	cedict:line:64581	taiwan_usage
taiwan	yi	義	cedict:line:88038	taiwan_usage
taiwan	yi'ba'jiu'wu	一八九五	wikidata:Q10863829+cedict:derived	films
taiwan	yi'da'li	義大利	cedict:line:88055	taiwan_usage
taiwan	yi'da'li'mian	義大利麵	cedict:line:88057	taiwan_usage
taiwan	yi'da'li'yu	義大利語	cedict:line:88056	taiwan_usage
taiwan	yi'ge'tou'liang'ge'da	一個頭兩個大	cedict:line:421	taiwan_usage
taiwan	yi'gong	移工	cedict:line:81418	taiwan_usage
taiwan	yi'guo'liang'zhi	一國兩制	cedict:line:501	taiwan_usage
taiwan	yi'han	意涵	cedict:line:42615	taiwan_usage
taiwan	yi'jiao	義交	cedict:line:88041	taiwan_usage
taiwan	yi'jin'huan'xiang	衣錦還鄉	cedict:line:98278	taiwan_usage
taiwan	yi'ka'tong	一卡通	cedict:line:460	taiwan_usage
taiwan	yi'kai'guan	易開罐	cedict:line:53084	taiwan_usage
taiwan	yi'ke'fa'jin	易科罰金	cedict:line:53070	taiwan_usage
taiwan	yi'lan	宜蘭	cedict:line:32536	places
taiwan	yi'lan'shi	宜蘭市	cedict:line:32537	places
taiwan	yi'lan'xian	宜蘭縣	cedict:line:32538	places
taiwan	yi'lang	藝廊	cedict:line:96189	taiwan_usage
taiwan	yi'mian	意麵	cedict:line:42640	foods
taiwan	yi'nan	異男	cedict:line:75278	taiwan_usage
taiwan	yi'nian'zhi'chu	一年之初	wikidata:Q10863917+cedict:derived	films
taiwan	yi'nv	異女	cedict:line:75241	taiwan_usage
taiwan	yi'po	姨婆	cedict:line:30579	taiwan_usage
taiwan	yi'qin	依親	cedict:line:7878	taiwan_usage
taiwan	yi'shi	義式	cedict:line:88064	taiwan_usage
taiwan	yi'si'lan'ma'ba'de	伊斯蘭馬巴德	cedict:line:6770	taiwan_usage
taiwan	yi'si'tan'bao	伊斯坦堡	cedict:line:6760	taiwan_usage
taiwan	yi'suo'bi'ya	衣索比亞	cedict:line:98260	taiwan_usage
taiwan	yi'suo'bi'ya'jie	衣索比亞界	cedict:line:98261	taiwan_usage
taiwan	yi'tai'wang'lu	乙太網路	cedict:line:4244	taiwan_usage
taiwan	yi'wei	意味	cedict:line:42579	taiwan_usage
taiwan	yi'xi'zhi'di	一席之地	wikidata:Q10863911+cedict:derived	films
taiwan	yi'you'wang	易遊網	cedict:line:53081	taiwan_usage
taiwan	yi'zhong'yi'tai	一中一台	cedict:line:387	taiwan_usage
taiwan	yi'zhong'yuan'ze	一中原則	cedict:line:388	taiwan_usage
taiwan	yi'zhou	夷洲	cedict:line:29324	taiwan_usage
taiwan	yin	唫	cedict:line:22001	taiwan_usage
taiwan	yin	湮	cedict:line:66943	taiwan_usage
taiwan	yin'bian'shu	因變數	cedict:line:24066	taiwan_usage
taiwan	yin'biao'ji	印表機	cedict:line:17642	taiwan_usage
taiwan	ying	應	cedict:line:43322	taiwan_usage
taiwan	ying'dai'er	英代爾	cedict:line:93554	taiwan_usage
taiwan	ying'die	硬碟	cedict:line:79624	taiwan_usage
taiwan	ying'guang	螢光	cedict:line:97381	taiwan_usage
taiwan	ying'guang'bang	螢光棒	cedict:line:97383	taiwan_usage
taiwan	ying'guang'deng	螢光燈	cedict:line:97384	taiwan_usage
taiwan	ying'guang'mu	熒光幕	cedict:line:70494	taiwan_usage
taiwan	ying'ji	影集	cedict:line:39782	taiwan_usage
taiwan	ying'mu	螢幕	cedict:line:97386	taiwan_usage
taiwan	ying'mu'bao'hu'cheng'shi	螢幕保護程式	cedict:line:97387	taiwan_usage
taiwan	ying'mu'bao'hu'zhuang'zhi	螢幕保護裝置	cedict:line:97388	taiwan_usage
taiwan	ying'pian	影片	cedict:line:39772	taiwan_usage
taiwan	ying'rui	硬蕊	cedict:line:79637	taiwan_usage
taiwan	ying'ti	硬體	cedict:line:79647	taiwan_usage
taiwan	ying'xiang'guan	映像管	cedict:line:53178	taiwan_usage
taiwan	ying'yan	映演	cedict:line:53185	taiwan_usage
taiwan	ying'yin	影音	cedict:line:39783	taiwan_usage
taiwan	ying'yin'ji	影印機	cedict:line:39758	taiwan_usage
taiwan	ying'yong'cheng'shi	應用程式	cedict:line:43389	taiwan_usage
taiwan	ying'yong'cheng'shi'jie'mian	應用程式介面	cedict:line:43390	taiwan_usage
taiwan	ying'yong'ruan'ti	應用軟體	cedict:line:43392	taiwan_usage
taiwan	ying'yun	應允	cedict:line:43331	taiwan_usage
taiwan	ying'yun'zhang	營運長	cedict:line:70991	taiwan_usage
taiwan	yj	員警	cedict:line:21719	taiwan_usage
taiwan	yj	影集	cedict:line:39782	taiwan_usage
taiwan	yj	洋將	cedict:line:64332	taiwan_usage
taiwan	yj	義交	cedict:line:88041	taiwan_usage
taiwan	yj	運將	cedict:line:108309	taiwan_usage
taiwan	yjb	夜間部	cedict:line:27569	taiwan_usage
taiwan	yjcbql	眼睛吃冰淇淋	cedict:line:78428	taiwan_usage
taiwan	yjhx	衣錦還鄉	cedict:line:98278	taiwan_usage
taiwan	yjs	菸鹼素	cedict:line:94536	taiwan_usage
taiwan	yjxa	菸鹼醯胺	cedict:line:94538	taiwan_usage
taiwan	yk	運科	cedict:line:108324	taiwan_usage
taiwan	ykfj	易科罰金	cedict:line:53070	taiwan_usage
taiwan	ykg	易開罐	cedict:line:53084	taiwan_usage
taiwan	ykl	壓克力	cedict:line:26746	taiwan_usage
taiwan	ykq	永康區	cedict:line:62524	places
taiwan	ykt	一卡通	cedict:line:460	taiwan_usage
taiwan	yl	唁勞	cedict:line:21867	taiwan_usage
taiwan	yl	宜蘭	cedict:line:32536	places
taiwan	yl	月老	wikidata:Q107272486+cedict:derived	films
taiwan	yl	育樂	cedict:line:89972	foods
taiwan	yl	藝廊	cedict:line:96189	taiwan_usage
taiwan	yl	雲林	cedict:line:116576	places
taiwan	ylb	月亮杯	cedict:line:54703	taiwan_usage
taiwan	ylr	優酪乳	cedict:line:10267	taiwan_usage
taiwan	yls	宜蘭市	cedict:line:32537	places
taiwan	yls	洋垃圾	cedict:line:64322	taiwan_usage
taiwan	ylw	葉里溫	cedict:line:94955	taiwan_usage
taiwan	ylx	宜蘭縣	cedict:line:32538	places
taiwan	ylx	雲林縣	cedict:line:116577	places
taiwan	ym	意麵	cedict:line:42640	foods
taiwan	ym	葉門	cedict:line:94956	taiwan_usage
taiwan	ym	螢幕	cedict:line:97386	taiwan_usage
taiwan	ymbhcs	螢幕保護程式	cedict:line:97387	taiwan_usage
taiwan	ymbhzz	螢幕保護裝置	cedict:line:97388	taiwan_usage
taiwan	yml	壓馬路	cedict:line:26798	taiwan_usage
taiwan	yms	陽明山	cedict:line:115166	taiwan_usage
taiwan	ymsg	雅穆索戈	cedict:line:115697	taiwan_usage
taiwan	ymz	雅美族	cedict:line:115699	indigenous
taiwan	yn	異女	cedict:line:75241	taiwan_usage
taiwan	yn	異男	cedict:line:75278	taiwan_usage
taiwan	ynzc	一年之初	wikidata:Q10863917+cedict:derived	films
taiwan	yong	擁	cedict:line:49370	taiwan_usage
taiwan	yong	蕹	cedict:line:95748	taiwan_usage
taiwan	yong'he'shi	永和市	cedict:line:62493	places
taiwan	yong'kang'qu	永康區	cedict:line:62524	places
taiwan	yong'xu'cheng'shi	永續城市	cedict:line:62558	places
taiwan	yong'zhe'xi'lie	勇者系列	wikidata:Q112823068+cedict:derived	books
taiwan	yong'zhen	永珍	cedict:line:62547	taiwan_usage
taiwan	you	鈾	cedict:line:111437	taiwan_usage
taiwan	you'biao	游標	cedict:line:66754	taiwan_usage
taiwan	you'chi	幼齒	cedict:line:38090	taiwan_usage
taiwan	you'di'qu'hao	郵遞區號	cedict:line:109686	taiwan_usage
taiwan	you'fu	幽浮	cedict:line:38104	taiwan_usage
taiwan	you'fu'mi	幽浮迷	cedict:line:38105	taiwan_usage
taiwan	you'luo'ru	優酪乳	cedict:line:10267	taiwan_usage
taiwan	you'wu'shi	郵務士	cedict:line:109652	taiwan_usage
taiwan	you'xi'kun	游錫堃	cedict:line:66772	people
taiwan	you'xi'shou'ba	遊戲手把	cedict:line:108239	taiwan_usage
taiwan	you'you'ka	悠遊卡	cedict:line:42062	taiwan_usage
taiwan	you'zheng	油症	cedict:line:63561	foods
taiwan	you'zhi'yuan	幼稚園	cedict:line:38082	taiwan_usage
taiwan	yp	姨婆	cedict:line:30579	taiwan_usage
taiwan	yp	影片	cedict:line:39772	taiwan_usage
taiwan	yp	業配	cedict:line:58513	taiwan_usage
taiwan	yp	雅痞	cedict:line:115690	taiwan_usage
taiwan	ypw	業配文	cedict:line:58514	taiwan_usage
taiwan	yq	依親	cedict:line:7878	taiwan_usage
taiwan	yr	昱日	cedict:line:53340	taiwan_usage
taiwan	yr	硬蕊	cedict:line:79637	taiwan_usage
taiwan	ys	夭壽	cedict:line:29166	taiwan_usage
taiwan	ys	玉山	cedict:line:72809	mountains
taiwan	ys	義式	cedict:line:88064	taiwan_usage
taiwan	ysbr	亞塞拜然	cedict:line:5218	taiwan_usage
taiwan	ysby	衣索比亞	cedict:line:98260	taiwan_usage
taiwan	ysbyj	衣索比亞界	cedict:line:98261	taiwan_usage
taiwan	yscc	羊水穿刺	cedict:line:87694	taiwan_usage
taiwan	ysf	演算法	cedict:line:67795	taiwan_usage
taiwan	ysj	鹽酥雞	cedict:line:123262	taiwan_usage
taiwan	yslmbd	伊斯蘭馬巴德	cedict:line:6770	taiwan_usage
taiwan	ysqm	玉山雀鶥	cedict:line:72813	animals
taiwan	ystb	伊斯坦堡	cedict:line:6760	taiwan_usage
taiwan	yt	硬體	cedict:line:79647	taiwan_usage
taiwan	yth	閻鐵花	wikidata:Q136398954+cedict:derived	books
taiwan	ytr	閱聽人	cedict:line:113804	taiwan_usage
taiwan	ytwl	乙太網路	cedict:line:4244	taiwan_usage
taiwan	yu	於	cedict:line:52227	taiwan_usage
taiwan	yu'bian'dang	御便當	cedict:line:40335	taiwan_usage
taiwan	yu'le	育樂	cedict:line:89972	foods
taiwan	yu'ri	昱日	cedict:line:53340	taiwan_usage
taiwan	yu'shan	玉山	cedict:line:72809	mountains
taiwan	yu'shan'que'mei	玉山雀鶥	cedict:line:72813	animals
taiwan	yu'wen	魚塭	cedict:line:122289	animals
taiwan	yu'ying'jia	育嬰假	cedict:line:89967	taiwan_usage
taiwan	yu'yuan	芋圓	cedict:line:92943	taiwan_usage
taiwan	yu'zu	鬱卒	cedict:line:122095	taiwan_usage
taiwan	yuan	元	cedict:line:10331	taiwan_usage
taiwan	yuan	媛	cedict:line:30944	taiwan_usage
taiwan	yuan'dian'ban	原典版	cedict:line:17889	taiwan_usage
taiwan	yuan'huan	圓環	cedict:line:24615	taiwan_usage
taiwan	yuan'jing	員警	cedict:line:21719	taiwan_usage
taiwan	yuan'you'hui	園遊會	cedict:line:24574	places
taiwan	yue	噦	cedict:line:23354	taiwan_usage
taiwan	yue'lao	月老	wikidata:Q107272486+cedict:derived	films
taiwan	yue'liang'bei	月亮杯	cedict:line:54703	taiwan_usage
taiwan	yue'ting'ren	閱聽人	cedict:line:113804	taiwan_usage
taiwan	yue'zhong	月中	cedict:line:54699	taiwan_usage
taiwan	yun'jiang	運將	cedict:line:108309	taiwan_usage
taiwan	yun'ke	運科	cedict:line:108324	taiwan_usage
taiwan	yun'lin	雲林	cedict:line:116576	places
taiwan	yun'lin'xian	雲林縣	cedict:line:116577	places
taiwan	yw	意味	cedict:line:42579	taiwan_usage
taiwan	yw	魚塭	cedict:line:122289	animals
taiwan	yws	郵務士	cedict:line:109652	taiwan_usage
taiwan	yxa	菸醯胺	cedict:line:94533	taiwan_usage
taiwan	yxcs	永續城市	cedict:line:62558	places
taiwan	yxg	映像管	cedict:line:53178	taiwan_usage
taiwan	yxg	洋香瓜	cedict:line:64401	taiwan_usage
taiwan	yxk	游錫堃	cedict:line:66772	people
taiwan	yxsb	遊戲手把	cedict:line:108239	taiwan_usage
taiwan	yxzd	一席之地	wikidata:Q10863911+cedict:derived	films
taiwan	yy	影音	cedict:line:39783	taiwan_usage
taiwan	yy	應允	cedict:line:43331	taiwan_usage
taiwan	yy	映演	cedict:line:53185	taiwan_usage
taiwan	yy	芋圓	cedict:line:92943	taiwan_usage
taiwan	yyc	曳引車	cedict:line:54322	taiwan_usage
taiwan	yycs	應用程式	cedict:line:43389	taiwan_usage
taiwan	yycsjm	應用程式介面	cedict:line:43390	taiwan_usage
taiwan	yyh	園遊會	cedict:line:24574	places
taiwan	yyj	影印機	cedict:line:39758	taiwan_usage
taiwan	yyj	育嬰假	cedict:line:89967	taiwan_usage
taiwan	yyk	悠遊卡	cedict:line:42062	taiwan_usage
taiwan	yyl	炎亞綸	cedict:line:69174	performers
taiwan	yyp	洋芋片	cedict:line:64381	taiwan_usage
taiwan	yyrt	應用軟體	cedict:line:43392	taiwan_usage
taiwan	yyw	易遊網	cedict:line:53081	taiwan_usage
taiwan	yyz	營運長	cedict:line:70991	taiwan_usage
taiwan	yz	夷洲	cedict:line:29324	taiwan_usage
taiwan	yz	月中	cedict:line:54699	taiwan_usage
taiwan	yz	永珍	cedict:line:62547	taiwan_usage
taiwan	yz	油症	cedict:line:63561	foods
taiwan	yz	鬱卒	cedict:line:122095	taiwan_usage
taiwan	yzb	葉子板	cedict:line:94929	taiwan_usage
taiwan	yzd	藥妝店	cedict:line:96238	taiwan_usage
taiwan	yzxl	勇者系列	wikidata:Q112823068+cedict:derived	books
taiwan	yzy	幼稚園	cedict:line:38082	taiwan_usage
taiwan	yzy	楊致遠	cedict:line:58417	taiwan_usage
taiwan	yzyt	一中一台	cedict:line:387	taiwan_usage
taiwan	yzyz	一中原則	cedict:line:388	taiwan_usage
taiwan	za	資安	cedict:line:103469	taiwan_usage
taiwan	za'jiao'pai'dui	雜交派對	cedict:line:116120	taiwan_usage
taiwan	za'xun	雜訊	cedict:line:116168	taiwan_usage
taiwan	zai	載	cedict:line:105982	taiwan_usage
taiwan	zai'ai'yi'ci	再愛一次	wikidata:Q138330347+cedict:derived	songs
taiwan	zai'di	在地	cedict:line:24901	taiwan_usage
taiwan	zai'ju	載具	cedict:line:105988	taiwan_usage
taiwan	zai'lai'mi	在來米	cedict:line:24893	foods
taiwan	zai'tai	在台	cedict:line:24899	taiwan_usage
taiwan	zang	臢	cedict:line:91334	taiwan_usage
taiwan	zao'zao'ban	早早班	cedict:line:52694	taiwan_usage
taiwan	zayc	再愛一次	wikidata:Q138330347+cedict:derived	songs
taiwan	zb	桌布	cedict:line:57661	taiwan_usage
taiwan	zb	竹北	cedict:line:82635	places
taiwan	zbs	竹北市	cedict:line:82636	places
taiwan	zbt	長輩圖	cedict:line:113064	taiwan_usage
taiwan	zc	字串	cedict:line:31329	taiwan_usage
taiwan	zcr	主持人	cedict:line:3983	performers
taiwan	zd	在地	cedict:line:24901	taiwan_usage
taiwan	zd	正點	cedict:line:60511	taiwan_usage
taiwan	zd	直笛	cedict:line:77764	taiwan_usage
taiwan	zd	閘道	cedict:line:113735	taiwan_usage
taiwan	zdfwgj	阻斷服務攻擊	cedict:line:114207	taiwan_usage
taiwan	ze	咋	cedict:line:21182	taiwan_usage
taiwan	ze	咋	cedict:line:21184	taiwan_usage
taiwan	ze	萴	cedict:line:94796	plants
taiwan	zei	賊	cedict:line:103549	taiwan_usage
taiwan	zfd	制服店	cedict:line:14201	taiwan_usage
taiwan	zg	志工	cedict:line:41088	taiwan_usage
taiwan	zg	正港	cedict:line:60423	taiwan_usage
taiwan	zg	阻攻	cedict:line:114205	taiwan_usage
taiwan	zgdsgs	中國電視公司	cedict:line:3451	taiwan_usage
taiwan	zgjmp	子宮頸抹片	cedict:line:31213	taiwan_usage
taiwan	zglb	札格雷布	cedict:line:55757	taiwan_usage
taiwan	zgrb	札格瑞布	cedict:line:55756	taiwan_usage
taiwan	zgsb	中國時報	cedict:line:3391	taiwan_usage
taiwan	zgt	中港臺	cedict:line:3638	taiwan_usage
taiwan	zh	中和	cedict:line:3315	places
taiwan	zh	彰化	cedict:line:39738	places
taiwan	zh	抓猴	cedict:line:45414	taiwan_usage
taiwan	zh	總匯	cedict:line:86845	taiwan_usage
taiwan	zha	吒	cedict:line:20399	taiwan_usage
taiwan	zha	哳	cedict:line:21839	taiwan_usage
taiwan	zha	炸	cedict:line:69283	taiwan_usage
taiwan	zha	紮	cedict:line:85172	taiwan_usage
taiwan	zha	紮	cedict:line:85173	taiwan_usage
taiwan	zha'dao	閘道	cedict:line:113735	taiwan_usage
taiwan	zha'ge'lei'bu	札格雷布	cedict:line:55757	taiwan_usage
taiwan	zha'ge'rui'bu	札格瑞布	cedict:line:55756	taiwan_usage
taiwan	zha'wu	炸物	cedict:line:69299	foods
taiwan	zha'ying	紮營	cedict:line:85177	taiwan_usage
taiwan	zha'zhu	扎住	cedict:line:44500	taiwan_usage
taiwan	zhai'pei	宅配	cedict:line:31799	taiwan_usage
taiwan	zhan	暫	cedict:line:54064	taiwan_usage
taiwan	zhan	皽	cedict:line:77238	taiwan_usage
taiwan	zhan	覘	cedict:line:99749	taiwan_usage
taiwan	zhan	顫	cedict:line:119143	taiwan_usage
taiwan	zhan'nian	沾黏	cedict:line:63658	taiwan_usage
taiwan	zhan'tai	站臺	cedict:line:82466	places
taiwan	zhang	長	cedict:line:112813	taiwan_usage
taiwan	zhang'bei'tu	長輩圖	cedict:line:113064	taiwan_usage
taiwan	zhang'hua	彰化	cedict:line:39738	places
taiwan	zhang'hua'shi	彰化市	cedict:line:39739	places
taiwan	zhang'hua'xian	彰化縣	cedict:line:39740	places
taiwan	zhang'hui'mei	張惠妹	cedict:line:39273	indigenous
taiwan	zhang'shao'han	張韶涵	cedict:line:39323	performers
taiwan	zhang'wu	長物	cedict:line:112980	taiwan_usage
taiwan	zhang'zhen	張震	cedict:line:39321	performers
taiwan	zhao	兆	cedict:line:10457	taiwan_usage
taiwan	zhao	罩	cedict:line:87366	animals
taiwan	zhao'liang	著涼	cedict:line:95002	taiwan_usage
taiwan	zhao'zi'ji	找自己	wikidata:Q137588072+cedict:derived	songs
taiwan	zhcc	智慧財產	cedict:line:53826	taiwan_usage
taiwan	zhd	震撼彈	cedict:line:117098	taiwan_usage
taiwan	zhds	中華電視	cedict:line:3738	taiwan_usage
taiwan	zhe	慴	cedict:line:43122	taiwan_usage
taiwan	zhe	懾	cedict:line:43581	taiwan_usage
taiwan	zhe	褶	cedict:line:99082	taiwan_usage
taiwan	zhe'zhi'zhan'shi	摺紙戰士	wikidata:Q488524+cedict:derived	books
taiwan	zhen	抌	cedict:line:45366	taiwan_usage
taiwan	zhen	枕	cedict:line:56587	taiwan_usage
taiwan	zhen'han'dan	震撼彈	cedict:line:117098	taiwan_usage
taiwan	zhen'jia'gong'zhu	真假公主	wikidata:Q7300804+cedict:derived	books
taiwan	zhen'kong'she'ying'ji	針孔攝影機	cedict:line:111296	taiwan_usage
taiwan	zhen'lie	陣列	cedict:line:114786	taiwan_usage
taiwan	zhen'mo	診脈	cedict:line:100593	taiwan_usage
taiwan	zhen'xun	甄訓	cedict:line:74053	taiwan_usage
taiwan	zhen'yang	震央	cedict:line:117089	taiwan_usage
taiwan	zheng	幀	cedict:line:37520	taiwan_usage
taiwan	zheng	諍	cedict:line:101559	taiwan_usage
taiwan	zheng	錚	cedict:line:111993	taiwan_usage
taiwan	zheng'dian	正點	cedict:line:60511	taiwan_usage
taiwan	zheng'gang	正港	cedict:line:60423	taiwan_usage
taiwan	zheng'hou'qun	症候群	cedict:line:75725	taiwan_usage
taiwan	zheng'mei	正妹	cedict:line:60357	taiwan_usage
taiwan	zheng'pai	正派	cedict:line:60422	taiwan_usage
taiwan	zheng'ti	正體	cedict:line:60509	taiwan_usage
taiwan	zheng'ti'zi	正體字	cedict:line:60510	taiwan_usage
taiwan	zheng'tuo	掙脫	cedict:line:47632	taiwan_usage
taiwan	zheng'xin'she	徵信社	cedict:line:40569	taiwan_usage
taiwan	zheng'xing	整型	cedict:line:51000	taiwan_usage
taiwan	zheng'yi'mo'ren	正義魔人	cedict:line:60453	taiwan_usage
taiwan	zhhkgs	中華航空公司	cedict:line:3736	taiwan_usage
taiwan	zhi	抵	cedict:line:45756	taiwan_usage
taiwan	zhi	擲	cedict:line:49681	taiwan_usage
taiwan	zhi	疧	cedict:line:75570	taiwan_usage
taiwan	zhi	質	cedict:line:103748	taiwan_usage
taiwan	zhi'di	直笛	cedict:line:77764	taiwan_usage
taiwan	zhi'fu'dian	制服店	cedict:line:14201	taiwan_usage
taiwan	zhi'gong	志工	cedict:line:41088	taiwan_usage
taiwan	zhi'hui'cai'chan	智慧財產	cedict:line:53826	taiwan_usage
taiwan	zhi'hui'xing'shou'ji	智慧型手機	cedict:line:53824	taiwan_usage
taiwan	zhi'jun	職軍	cedict:line:89531	taiwan_usage
taiwan	zhi'kao	指考	cedict:line:46870	taiwan_usage
taiwan	zhi'pian	製片	cedict:line:98891	taiwan_usage
taiwan	zhi'xing'xu	執行緒	cedict:line:25760	taiwan_usage
taiwan	zhi'xing'zhang	執行長	cedict:line:25761	taiwan_usage
taiwan	zhj	周華健	cedict:line:20978	performers
taiwan	zhm	張惠妹	cedict:line:39273	indigenous
taiwan	zhong'gang'tai	中港臺	cedict:line:3638	taiwan_usage
taiwan	zhong'guo'dian'shi'gong'si	中國電視公司	cedict:line:3451	taiwan_usage
taiwan	zhong'guo'shi'bao	中國時報	cedict:line:3391	taiwan_usage
taiwan	zhong'he	中和	cedict:line:3315	places
taiwan	zhong'he'shi	中和市	cedict:line:3318	places
taiwan	zhong'hua'dian'shi	中華電視	cedict:line:3738	taiwan_usage
taiwan	zhong'hua'hang'kong'gong'si	中華航空公司	cedict:line:3736	taiwan_usage
taiwan	zhong'hua'tai'bei	中華臺北	cedict:line:3735	taiwan_usage
taiwan	zhong'jie	仲介	cedict:line:6583	taiwan_usage
taiwan	zhong'juan	中卷	cedict:line:3307	taiwan_usage
taiwan	zhong'kan	中看	cedict:line:3661	taiwan_usage
taiwan	zhong'liang'xun'lian	重量訓練	cedict:line:110792	taiwan_usage
taiwan	zhong'shan'qu	中山區	cedict:line:3525	places
taiwan	zhong'shen'feng	終身俸	cedict:line:85355	taiwan_usage
taiwan	zhong'shi	中時	cedict:line:3591	taiwan_usage
taiwan	zhong'shi	中視	cedict:line:3759	taiwan_usage
taiwan	zhong'tai	中臺	cedict:line:3716	taiwan_usage
taiwan	zhong'ting	中聽	cedict:line:3712	taiwan_usage
taiwan	zhong'tu'zhi'jia	中途之家	cedict:line:3781	taiwan_usage
taiwan	zhong'xun	重訓	cedict:line:110758	taiwan_usage
taiwan	zhong'yang'guang'bo'dian'tai	中央廣播電臺	cedict:line:3476	taiwan_usage
taiwan	zhong'yang'she	中央社	cedict:line:3486	taiwan_usage
taiwan	zhong'yong	中用	cedict:line:3655	taiwan_usage
taiwan	zhong'you	中油	cedict:line:3627	taiwan_usage
taiwan	zhong'yuan'da'xue	中原大學	cedict:line:3310	taiwan_usage
taiwan	zhou	啁	cedict:line:22112	taiwan_usage
taiwan	zhou	軸	cedict:line:105932	taiwan_usage
taiwan	zhou'hua'jian	周華健	cedict:line:20978	performers
taiwan	zhou'jie'lun	周杰倫	cedict:line:20949	taiwan_usage
taiwan	zhou'xiu'er'ri	週休二日	cedict:line:108018	taiwan_usage
taiwan	zhou'yu'min	周渝民	cedict:line:20956	performers
taiwan	zhq	症候群	cedict:line:75725	taiwan_usage
taiwan	zhs	中和市	cedict:line:3318	places
taiwan	zhs	彰化市	cedict:line:39739	places
taiwan	zhsmz	總匯三明治	cedict:line:86846	taiwan_usage
taiwan	zhsmz	總會三明治	cedict:line:86873	taiwan_usage
taiwan	zhtb	中華臺北	cedict:line:3735	taiwan_usage
taiwan	zhu	筑	cedict:line:83057	taiwan_usage
taiwan	zhu	築	cedict:line:83402	taiwan_usage
taiwan	zhu	貯	cedict:line:103185	taiwan_usage
taiwan	zhu'bei	竹北	cedict:line:82635	places
taiwan	zhu'bei'shi	竹北市	cedict:line:82636	places
taiwan	zhu'chi'ren	主持人	cedict:line:3983	performers
taiwan	zhu'li'lun	朱立倫	cedict:line:55791	people
taiwan	zhu'xiao'tian	朱孝天	cedict:line:55778	performers
taiwan	zhu'xie'gao	豬血糕	cedict:line:102727	foods
taiwan	zhu'xuan	助選	cedict:line:15408	taiwan_usage
taiwan	zhu'yin'fu'hao	注音符號	cedict:line:64208	taiwan_usage
taiwan	zhua'hou	抓猴	cedict:line:45414	taiwan_usage
taiwan	zhua'kuang	抓狂	cedict:line:45413	taiwan_usage
taiwan	zhuai'wen	跩文	cedict:line:104963	taiwan_usage
taiwan	zhuan'wan'zhi'hou	轉彎之後	wikidata:Q106612979+cedict:derived	films
taiwan	zhuan'wen	轉文	cedict:line:106404	taiwan_usage
taiwan	zhuan'wen	轉文	cedict:line:106405	taiwan_usage
taiwan	zhuan'zai	轉載	cedict:line:106478	taiwan_usage
taiwan	zhuang'jiao	樁腳	cedict:line:58899	taiwan_usage
taiwan	zhui'jia'ji	追加劑	cedict:line:107124	taiwan_usage
taiwan	zhui'meng'ren	追夢人	wikidata:Q106899256+cedict:derived	songs
taiwan	zhun	隼	cedict:line:115568	taiwan_usage
taiwan	zhuo	倬	cedict:line:8901	taiwan_usage
taiwan	zhuo	拙	cedict:line:46403	taiwan_usage
taiwan	zhuo	琢	cedict:line:73527	taiwan_usage
taiwan	zhuo	著	cedict:line:94970	taiwan_usage
taiwan	zhuo	踔	cedict:line:105183	taiwan_usage
taiwan	zhuo'bu	桌布	cedict:line:57661	taiwan_usage
taiwan	zhuo'mo	琢磨	cedict:line:73529	taiwan_usage
taiwan	zhuo'qiu	桌球	cedict:line:57666	taiwan_usage
taiwan	zhx	彰化縣	cedict:line:39740	places
taiwan	zhxsj	智慧型手機	cedict:line:53824	taiwan_usage
taiwan	zi'an	資安	cedict:line:103469	taiwan_usage
taiwan	zi'chuan	字串	cedict:line:31329	taiwan_usage
taiwan	zi'gong'jing'mo'pian	子宮頸抹片	cedict:line:31213	taiwan_usage
taiwan	zi'jia'che	自駕車	cedict:line:91945	taiwan_usage
taiwan	zi'ka'bing'du	茲卡病毒	cedict:line:93786	taiwan_usage
taiwan	zi'liao'ku	資料庫	cedict:line:103479	taiwan_usage
taiwan	zi'liao'zhong'xin	資料中心	cedict:line:103474	taiwan_usage
taiwan	zi'qian'fei	資遣費	cedict:line:103526	taiwan_usage
taiwan	zi'ran'fa'yin	自然發音	cedict:line:91766	taiwan_usage
taiwan	zi'shang	諮商	cedict:line:101650	taiwan_usage
taiwan	zi'xun'gong'cheng	資訊工程	cedict:line:103520	taiwan_usage
taiwan	zi'you	資優	cedict:line:103465	taiwan_usage
taiwan	zi'you'ban	資優班	cedict:line:103466	taiwan_usage
taiwan	zi'you'cheng	自由城	cedict:line:91796	taiwan_usage
taiwan	zi'you'shi	自由市	cedict:line:91800	taiwan_usage
taiwan	zi'you'ye	自由業	cedict:line:91808	taiwan_usage
taiwan	zi'you'zhong'guo	自由中國	cedict:line:91789	taiwan_usage
taiwan	zi'yuan	字元	cedict:line:31330	taiwan_usage
taiwan	zi'zheng	資政	cedict:line:103471	people
taiwan	zj	中卷	cedict:line:3307	taiwan_usage
taiwan	zj	仲介	cedict:line:6583	taiwan_usage
taiwan	zj	樁腳	cedict:line:58899	taiwan_usage
taiwan	zj	職軍	cedict:line:89531	taiwan_usage
taiwan	zj	載具	cedict:line:105988	taiwan_usage
taiwan	zjc	自駕車	cedict:line:91945	taiwan_usage
taiwan	zjgz	真假公主	wikidata:Q7300804+cedict:derived	books
taiwan	zjj	追加劑	cedict:line:107124	taiwan_usage
taiwan	zjl	周杰倫	cedict:line:20949	taiwan_usage
taiwan	zjpd	雜交派對	cedict:line:116120	taiwan_usage
taiwan	zk	中看	cedict:line:3661	taiwan_usage
taiwan	zk	抓狂	cedict:line:45413	taiwan_usage
taiwan	zk	指考	cedict:line:46870	taiwan_usage
taiwan	zkbd	茲卡病毒	cedict:line:93786	taiwan_usage
taiwan	zksyj	針孔攝影機	cedict:line:111296	taiwan_usage
taiwan	zl	作料	cedict:line:7464	taiwan_usage
taiwan	zl	著涼	cedict:line:95002	taiwan_usage
taiwan	zl	陣列	cedict:line:114786	taiwan_usage
taiwan	zlk	資料庫	cedict:line:103479	taiwan_usage
taiwan	zll	朱立倫	cedict:line:55791	people
taiwan	zlm	在來米	cedict:line:24893	foods
taiwan	zlxl	重量訓練	cedict:line:110792	taiwan_usage
taiwan	zlzx	資料中心	cedict:line:103474	taiwan_usage
taiwan	zm	正妹	cedict:line:60357	taiwan_usage
taiwan	zm	琢磨	cedict:line:73529	taiwan_usage
taiwan	zm	診脈	cedict:line:100593	taiwan_usage
taiwan	zmr	追夢人	wikidata:Q106899256+cedict:derived	songs
taiwan	zn	沾黏	cedict:line:63658	taiwan_usage
taiwan	zong	從	cedict:line:40258	taiwan_usage
taiwan	zong	綜	cedict:line:85963	taiwan_usage
taiwan	zong	綜	cedict:line:85964	taiwan_usage
taiwan	zong	縱	cedict:line:86769	taiwan_usage
taiwan	zong'hui	總匯	cedict:line:86845	taiwan_usage
taiwan	zong'hui'san'ming'zhi	總匯三明治	cedict:line:86846	taiwan_usage
taiwan	zong'hui'san'ming'zhi	總會三明治	cedict:line:86873	taiwan_usage
taiwan	zong'ti'jing'ji'xue	總體經濟學	cedict:line:86941	taiwan_usage
taiwan	zou	謅	cedict:line:101776	taiwan_usage
taiwan	zou	驟	cedict:line:121199	taiwan_usage
taiwan	zou'zu	鄒族	cedict:line:109812	indigenous
taiwan	zp	宅配	cedict:line:31799	taiwan_usage
taiwan	zp	正派	cedict:line:60422	taiwan_usage
taiwan	zp	製片	cedict:line:98891	taiwan_usage
taiwan	zq	嘴秋	cedict:line:23270	taiwan_usage
taiwan	zq	桌球	cedict:line:57666	taiwan_usage
taiwan	zqf	資遣費	cedict:line:103526	taiwan_usage
taiwan	zrfy	自然發音	cedict:line:91766	taiwan_usage
taiwan	zs	中時	cedict:line:3591	taiwan_usage
taiwan	zs	中視	cedict:line:3759	taiwan_usage
taiwan	zs	諮商	cedict:line:101650	taiwan_usage
taiwan	zsf	終身俸	cedict:line:85355	taiwan_usage
taiwan	zsh	張韶涵	cedict:line:39323	performers
taiwan	zsq	中山區	cedict:line:3525	places
taiwan	zt	中聽	cedict:line:3712	taiwan_usage
taiwan	zt	中臺	cedict:line:3716	taiwan_usage
taiwan	zt	在台	cedict:line:24899	taiwan_usage
taiwan	zt	掙脫	cedict:line:47632	taiwan_usage
taiwan	zt	正體	cedict:line:60509	taiwan_usage
taiwan	zt	站臺	cedict:line:82466	places
taiwan	ztjjx	總體經濟學	cedict:line:86941	taiwan_usage
taiwan	ztz	正體字	cedict:line:60510	taiwan_usage
taiwan	ztzj	中途之家	cedict:line:3781	taiwan_usage
taiwan	zu	捽	cedict:line:47345	taiwan_usage
taiwan	zu'duan'fu'wu'gong'ji	阻斷服務攻擊	cedict:line:114207	taiwan_usage
taiwan	zu'gong	阻攻	cedict:line:114205	taiwan_usage
taiwan	zui'qiu	嘴秋	cedict:line:23270	taiwan_usage
taiwan	zui'xiao'ping'fang'fa	最小平方法	cedict:line:54579	taiwan_usage
taiwan	zun	圳	cedict:line:25213	taiwan_usage
taiwan	zun	鱒	cedict:line:122650	taiwan_usage
taiwan	zuo'liao	作料	cedict:line:7464	taiwan_usage
taiwan	zuo'ye'xi'tong	作業系統	cedict:line:7474	taiwan_usage
taiwan	zuo'ying	左營	cedict:line:36505	places
taiwan	zuo'ying'qu	左營區	cedict:line:36506	places
taiwan	zw	炸物	cedict:line:69299	foods
taiwan	zw	跩文	cedict:line:104963	taiwan_usage
taiwan	zw	轉文	cedict:line:106404	taiwan_usage
taiwan	zw	轉文	cedict:line:106405	taiwan_usage
taiwan	zw	長物	cedict:line:112980	taiwan_usage
taiwan	zwzh	轉彎之後	wikidata:Q106612979+cedict:derived	films
taiwan	zx	助選	cedict:line:15408	taiwan_usage
taiwan	zx	整型	cedict:line:51000	taiwan_usage
taiwan	zx	甄訓	cedict:line:74053	taiwan_usage
taiwan	zx	重訓	cedict:line:110758	taiwan_usage
taiwan	zx	雜訊	cedict:line:116168	taiwan_usage
taiwan	zxer	週休二日	cedict:line:108018	taiwan_usage
taiwan	zxg	豬血糕	cedict:line:102727	foods
taiwan	zxgc	資訊工程	cedict:line:103520	taiwan_usage
taiwan	zxpff	最小平方法	cedict:line:54579	taiwan_usage
taiwan	zxs	徵信社	cedict:line:40569	taiwan_usage
taiwan	zxt	朱孝天	cedict:line:55778	performers
taiwan	zxx	執行緒	cedict:line:25760	taiwan_usage
taiwan	zxz	執行長	cedict:line:25761	taiwan_usage
taiwan	zy	中油	cedict:line:3627	taiwan_usage
taiwan	zy	中用	cedict:line:3655	taiwan_usage
taiwan	zy	字元	cedict:line:31330	taiwan_usage
taiwan	zy	左營	cedict:line:36505	places
taiwan	zy	紮營	cedict:line:85177	taiwan_usage
taiwan	zy	資優	cedict:line:103465	taiwan_usage
taiwan	zy	震央	cedict:line:117089	taiwan_usage
taiwan	zyb	資優班	cedict:line:103466	taiwan_usage
taiwan	zyc	自由城	cedict:line:91796	taiwan_usage
taiwan	zydx	中原大學	cedict:line:3310	taiwan_usage
taiwan	zyfh	注音符號	cedict:line:64208	taiwan_usage
taiwan	zygbdt	中央廣播電臺	cedict:line:3476	taiwan_usage
taiwan	zym	周渝民	cedict:line:20956	performers
taiwan	zymr	正義魔人	cedict:line:60453	taiwan_usage
taiwan	zyq	左營區	cedict:line:36506	places
taiwan	zys	中央社	cedict:line:3486	taiwan_usage
taiwan	zys	自由市	cedict:line:91800	taiwan_usage
taiwan	zyxt	作業系統	cedict:line:7474	taiwan_usage
taiwan	zyy	自由業	cedict:line:91808	taiwan_usage
taiwan	zyzg	自由中國	cedict:line:91789	taiwan_usage
taiwan	zz	張震	cedict:line:39321	performers
taiwan	zz	扎住	cedict:line:44500	taiwan_usage
taiwan	zz	資政	cedict:line:103471	people
taiwan	zz	轉載	cedict:line:106478	taiwan_usage
taiwan	zz	鄒族	cedict:line:109812	indigenous
taiwan	zzb	早早班	cedict:line:52694	taiwan_usage
taiwan	zzj	找自己	wikidata:Q137588072+cedict:derived	songs
taiwan	zzzs	摺紙戰士	wikidata:Q488524+cedict:derived	books
taiwan	ㄅㄚˇㄅㄚˊ	把拔	cedict:line:45344	taiwan_usage
taiwan	ㄅㄚˉ	鈀	cedict:line:111376	taiwan_usage
taiwan	ㄅㄚˉㄅㄟˋㄉㄨㄛˉ	巴貝多	cedict:line:36889	places
taiwan	ㄅㄚˉㄅㄨˋㄌㄚˉㄗㄨˊ	巴布拉族	cedict:line:36794	indigenous
taiwan	ㄅㄚˉㄅㄨˋㄧㄚˋㄋㄧㄡˇㄐㄧˉㄋㄟˋㄧㄚˋ	巴布亞紐幾內亞	cedict:line:36792	taiwan_usage
taiwan	ㄅㄚˉㄉㄧㄢˇㄉㄤˋ	八點檔	cedict:line:11705	taiwan_usage
taiwan	ㄅㄚˉㄊㄢˇㄑㄩㄣˊㄉㄠˇ	巴坦群島	cedict:line:36763	taiwan_usage
taiwan	ㄅㄚˉㄋㄧㄡˇ	巴紐	cedict:line:36869	taiwan_usage
taiwan	ㄅㄚˉㄌㄚˉ	芭拉	cedict:line:93038	taiwan_usage
taiwan	ㄅㄚˉㄌㄚˉㄇㄚˇㄌㄧˋㄅㄛˉ	巴拉馬利波	cedict:line:36811	taiwan_usage
taiwan	ㄅㄚˉㄌㄜˋ	芭樂	cedict:line:93041	taiwan_usage
taiwan	ㄅㄚˉㄌㄜˋㄆㄧㄠˋ	芭樂票	cedict:line:93043	taiwan_usage
taiwan	ㄅㄚˉㄌㄜˋㄍㄜˉ	芭樂歌	cedict:line:93042	taiwan_usage
taiwan	ㄅㄚˉㄌㄧˇ	峇里	cedict:line:35898	places
taiwan	ㄅㄚˉㄍㄨㄚˋㄕㄢˉ	八卦山	cedict:line:11593	mountains
taiwan	ㄅㄚˉㄏㄚˉ	巴哈	cedict:line:36756	taiwan_usage
taiwan	ㄅㄚˉㄐㄧㄚˉㄐㄧㄤˋ	八家將	cedict:line:11619	places
taiwan	ㄅㄚˉㄔㄚˋ	巴剎	cedict:line:36743	taiwan_usage
taiwan	ㄅㄚˉㄕˋㄏㄞˇㄒㄧㄚˊ	巴士海峽	cedict:line:36773	taiwan_usage
taiwan	ㄅㄚˉㄗㄞˇㄗㄨˊ	巴宰族	cedict:line:36778	indigenous
taiwan	ㄅㄚˉㄙㄞˋㄌㄨㄥˊㄋㄚˋ	巴塞隆納	cedict:line:36769	taiwan_usage
taiwan	ㄅㄚˉㄙㄨㄥˋㄍㄨㄢˇ	巴頌管	cedict:line:36912	taiwan_usage
taiwan	ㄅㄚˉㄦˋㄙㄢˉㄆㄠˋㄓㄢˋ	八二三炮戰	cedict:line:11575	taiwan_usage
taiwan	ㄅㄚˊㄅㄟˉ	跋桮	cedict:line:104776	taiwan_usage
taiwan	ㄅㄚˋㄐㄧˉ	霸機	cedict:line:117318	taiwan_usage
taiwan	ㄅㄛˉ	嚗	cedict:line:23529	taiwan_usage
taiwan	ㄅㄛˉㄅㄚˋㄋㄞˇㄔㄚˊ	波霸奶茶	cedict:line:64121	beverages
taiwan	ㄅㄛˉㄉㄜˊㄌㄧˇㄔㄚˊ	波德里查	cedict:line:64025	taiwan_usage
taiwan	ㄅㄛˉㄌㄧˇㄋㄧˊㄒㄧˉㄧㄚˋ	玻里尼西亞	cedict:line:73115	taiwan_usage
taiwan	ㄅㄛˉㄌㄧˋㄕˋ	波麗士	cedict:line:64127	taiwan_usage
taiwan	ㄅㄛˉㄏㄜˋ	波赫	cedict:line:64113	taiwan_usage
taiwan	ㄅㄛˉㄓㄚˊㄋㄚˋ	波札那	cedict:line:64051	taiwan_usage
taiwan	ㄅㄛˉㄕˋㄋㄧˊㄧㄚˋ	波士尼亞	cedict:line:64005	taiwan_usage
taiwan	ㄅㄛˉㄕˋㄋㄧˊㄧㄚˋㄩˇㄏㄜˋㄙㄜˋㄍㄜˉㄨㄟˊㄋㄚˋ	波士尼亞與赫塞哥維納	cedict:line:64006	taiwan_usage
taiwan	ㄅㄛˉㄤˊ	波昂	cedict:line:64049	places
taiwan	ㄅㄛˊ	柏	cedict:line:56854	taiwan_usage
taiwan	ㄅㄛˊ	柏	cedict:line:56855	taiwan_usage
taiwan	ㄅㄛˊ	柏	cedict:line:56857	taiwan_usage
taiwan	ㄅㄛˊ	桲	cedict:line:57746	taiwan_usage
taiwan	ㄅㄛˊ	泊	cedict:line:63722	taiwan_usage
taiwan	ㄅㄛˊㄅㄢˇ	薄板	cedict:line:95785	taiwan_usage
taiwan	ㄅㄛˊㄆㄧㄢˋ	薄片	cedict:line:95790	taiwan_usage
taiwan	ㄅㄛˊㄌㄧㄡˊ	帛琉	cedict:line:37277	taiwan_usage
taiwan	ㄅㄛˊㄍㄢˇㄑㄧㄥˊ	搏感情	cedict:line:48540	taiwan_usage
taiwan	ㄅㄛˊㄑㄧㄥˉㄍㄜˉ	柏青哥	cedict:line:56882	taiwan_usage
taiwan	ㄅㄛˊㄕㄨˋ	柏樹	cedict:line:56872	plants
taiwan	ㄅㄛˊㄖㄨㄟˋㄍㄨㄤˉ	薄瑞光	cedict:line:95791	taiwan_usage
taiwan	ㄅㄛˊㄞˋㄗㄨㄛˋ	博愛座	cedict:line:17291	taiwan_usage
taiwan	ㄅㄛˊㄣˉ	伯恩	cedict:line:6955	taiwan_usage
taiwan	ㄅㄛˋ	播	cedict:line:49291	taiwan_usage
taiwan	ㄅㄞˇㄇㄨˋㄉㄚˊ	百慕達	cedict:line:76904	taiwan_usage
taiwan	ㄅㄞˉㄅㄞˉ	掰掰	cedict:line:48095	taiwan_usage
taiwan	ㄅㄞˊㄅㄧˊㄒㄧㄣˉ	白鼻心	cedict:line:76821	taiwan_usage
taiwan	ㄅㄞˊㄅㄧㄥˉㄅㄧㄥˉ	白冰冰	cedict:line:76376	performers
taiwan	ㄅㄞˊㄐㄧㄡˇ	白酒	cedict:line:76708	beverages
taiwan	ㄅㄞˊㄒㄧㄢˉㄩㄥˇ	白先勇	cedict:line:76369	taiwan_usage
taiwan	ㄅㄞˋㄅㄞ˙	拜拜	cedict:line:46533	taiwan_usage
taiwan	ㄅㄞˋㄆㄧㄠˋ	拜票	cedict:line:46541	taiwan_usage
taiwan	ㄅㄟˇ	鉳	cedict:line:111527	taiwan_usage
taiwan	ㄅㄟˇㄊㄡˊㄑㄩˉ	北投區	cedict:line:16285	places
taiwan	ㄅㄟˇㄊㄨㄣˊㄑㄩˉ	北屯區	cedict:line:16266	places
taiwan	ㄅㄟˇㄍㄢˉ	北竿	cedict:line:16346	places
taiwan	ㄅㄟˇㄔㄜˉ	北車	cedict:line:16358	places
taiwan	ㄅㄟˇㄕˋ	北市	cedict:line:16275	taiwan_usage
taiwan	ㄅㄟˉㄋㄢˊㄗㄨˊ	卑南族	cedict:line:16944	indigenous
taiwan	ㄅㄟˋㄋㄢˊ	貝南	cedict:line:102832	taiwan_usage
taiwan	ㄅㄟˋㄌㄧˇㄙˉ	貝里斯	cedict:line:102872	taiwan_usage
taiwan	ㄅㄟˋㄦˇㄇㄛˋㄅㄤˉ	貝爾墨邦	cedict:line:102858	taiwan_usage
taiwan	ㄅㄟˋㄦˇㄍㄜˊㄌㄜˋ	貝爾格勒	cedict:line:102860	taiwan_usage
taiwan	ㄅㄟˋㄩㄢˊ	備援	cedict:line:9595	taiwan_usage
taiwan	ㄅㄠˇㄉㄠˇ	寶島	cedict:line:33712	taiwan_usage
taiwan	ㄅㄠˇㄑㄩㄢˊ	保全	cedict:line:8122	taiwan_usage
taiwan	ㄅㄠˇㄑㄩㄢˊㄩㄢˊ	保全員	cedict:line:8123	taiwan_usage
taiwan	ㄅㄠˇㄕㄢˉ	寶山	cedict:line:33710	places
taiwan	ㄅㄠˇㄗ˙	堡子	cedict:line:26037	places
taiwan	ㄅㄠˇㄧㄤˇㄆㄧㄣˇ	保養品	cedict:line:8252	taiwan_usage
taiwan	ㄅㄠˉㄅㄠˉ	包包	cedict:line:15966	taiwan_usage
taiwan	ㄅㄠˉㄕㄤˉ	包商	cedict:line:15969	taiwan_usage
taiwan	ㄅㄠˋㄌㄟˊ	爆雷	cedict:line:71096	taiwan_usage
taiwan	ㄅㄠˋㄗㄡˇㄗㄨˊ	暴走族	cedict:line:54138	taiwan_usage
taiwan	ㄅㄢˇㄑㄧㄠˊ	板橋	cedict:line:56536	places
taiwan	ㄅㄢˇㄑㄧㄠˊㄕˋ	板橋市	cedict:line:56537	places
taiwan	ㄅㄢˉㄉㄞˋ	班代	cedict:line:73223	people
taiwan	ㄅㄢˉㄉㄠˇ	班導	cedict:line:73236	taiwan_usage
taiwan	ㄅㄢˉㄉㄠˇㄕˉ	班導師	cedict:line:73237	taiwan_usage
taiwan	ㄅㄢˉㄐㄧˉ	班基	cedict:line:73234	taiwan_usage
taiwan	ㄅㄢˉㄓㄨˊ	班竹	cedict:line:73255	taiwan_usage
taiwan	ㄅㄢˋㄐㄧㄚˉㄐㄧㄚˉㄐㄧㄡˇ	扮家家酒	cedict:line:45020	taiwan_usage
taiwan	ㄅㄢˋㄓㄨㄛˉ	辦桌	cedict:line:106636	taiwan_usage
taiwan	ㄅㄢˋㄕㄡˇㄌㄧˇ	伴手禮	cedict:line:7000	taiwan_usage
taiwan	ㄅㄣˇㄊㄨˇㄆㄞˋ	本土派	cedict:line:55656	taiwan_usage
taiwan	ㄅㄣˇㄕㄥˇㄖㄣˊ	本省人	cedict:line:55716	taiwan_usage
taiwan	ㄅㄣˉ	奔	cedict:line:29555	taiwan_usage
taiwan	ㄅㄣˋㄗㄟˊㄧˉㄌㄨㄛˊㄎㄨㄤˉ	笨賊一籮筐	wikidata:Q19853269+cedict:derived	books
taiwan	ㄅㄤˇㄓㄨㄤˉ	綁樁	cedict:line:85806	taiwan_usage
taiwan	ㄅㄤˋ	磅	cedict:line:79944	taiwan_usage
taiwan	ㄅㄤˋㄅㄤˋㄊㄨㄟˇ	棒棒腿	cedict:line:58083	taiwan_usage
taiwan	ㄅㄤˋㄙㄞˋ	棒賽	cedict:line:58093	taiwan_usage
taiwan	ㄅㄥˋ	榜	cedict:line:58669	taiwan_usage
taiwan	ㄅㄧˇㄆㄢˋ	比拚	cedict:line:61490	taiwan_usage
taiwan	ㄅㄧˇㄌㄚˉㄊㄧˊㄙˉ	彼拉提斯	cedict:line:39817	taiwan_usage
taiwan	ㄅㄧˇㄙㄨㄛˇ	比索	cedict:line:61519	taiwan_usage
taiwan	ㄅㄧˇㄨㄢˋㄌㄧˋ	比腕力	cedict:line:61527	taiwan_usage
taiwan	ㄅㄧˋ	俾	cedict:line:8524	taiwan_usage
taiwan	ㄅㄧˋ	比	cedict:line:61439	taiwan_usage
taiwan	ㄅㄧˋ	睥	cedict:line:78624	taiwan_usage
taiwan	ㄅㄧˋ	鐾	cedict:line:112681	taiwan_usage
taiwan	ㄅㄧˋ	鰏	cedict:line:122590	taiwan_usage
taiwan	ㄅㄧˋㄅㄨˇ	比捕	cedict:line:61492	taiwan_usage
taiwan	ㄅㄧˋㄉㄧㄢˇ	畢典	cedict:line:75083	taiwan_usage
taiwan	ㄅㄧˋㄊㄢˊ	碧潭	cedict:line:79759	places
taiwan	ㄅㄧˋㄋㄧㄢˊ	比年	cedict:line:61485	taiwan_usage
taiwan	ㄅㄧˋㄎㄚˇㄙㄨㄛˇ	畢卡索	cedict:line:75085	taiwan_usage
taiwan	ㄅㄧˋㄐㄧˊ	比及	cedict:line:61469	taiwan_usage
taiwan	ㄅㄧˋㄐㄧㄢˉ	比肩	cedict:line:61526	taiwan_usage
taiwan	ㄅㄧˋㄓㄣˋㄒㄧㄝˊ	避震鞋	cedict:line:109220	taiwan_usage
taiwan	ㄅㄧㄠˇ	俵	cedict:line:8512	taiwan_usage
taiwan	ㄅㄧㄠˉㄓㄤˉ	標章	cedict:line:59105	taiwan_usage
taiwan	ㄅㄧㄢˋㄈㄨˊㄉㄧㄢˋ	便服店	cedict:line:7969	taiwan_usage
taiwan	ㄅㄧㄢˋㄌㄧˋㄕㄤˉㄉㄧㄢˋ	便利商店	cedict:line:7945	taiwan_usage
taiwan	ㄅㄧㄣˉ	檳	cedict:line:59750	taiwan_usage
taiwan	ㄅㄧㄣˉㄕˋ	賓士	cedict:line:103578	taiwan_usage
taiwan	ㄅㄧㄥˉㄅㄧㄢˋ	兵變	cedict:line:12205	taiwan_usage
taiwan	ㄅㄧㄥˉㄉㄧㄢˋ	冰店	cedict:line:12622	taiwan_usage
taiwan	ㄅㄧㄥˉㄌㄤ˙ㄒㄧˉㄕˉ	檳榔西施	cedict:line:59757	taiwan_usage
taiwan	ㄅㄧㄥˋㄒㄧㄥˊㄐㄧˋㄙㄨㄢˋ	並行計算	cedict:line:3237	taiwan_usage
taiwan	ㄅㄨˋ	埠	cedict:line:25713	places
taiwan	ㄅㄨˋ	鈽	cedict:line:111436	taiwan_usage
taiwan	ㄅㄨˋㄈㄣ˙ㄍㄨㄥˉㄕˊ	部分工時	cedict:line:109600	taiwan_usage
taiwan	ㄅㄨˋㄉㄞˋㄅㄨˇㄊㄜˋㄑㄩㄢˊ	不逮捕特權	cedict:line:2948	taiwan_usage
taiwan	ㄅㄨˋㄉㄞˋㄒㄧˋㄡˇ	布袋戲偶	cedict:line:37121	taiwan_usage
taiwan	ㄅㄨˋㄉㄥˉㄍㄨㄥˉㄩˋ	步登公寓	cedict:line:60567	taiwan_usage
taiwan	ㄅㄨˋㄋㄨㄥˊㄗㄨˊ	布農族	cedict:line:37123	indigenous
taiwan	ㄅㄨˋㄌㄚˉㄊㄧˊㄙˉㄌㄚˉㄨㄚˇ	布拉提斯拉瓦	cedict:line:37056	taiwan_usage
taiwan	ㄅㄨˋㄌㄚˉㄙㄚˋㄕˋ	布拉薩市	cedict:line:37060	taiwan_usage
taiwan	ㄅㄨˋㄌㄞˊㄕˋㄌㄧㄡˋ	布萊氏鷚	cedict:line:37109	animals
taiwan	ㄅㄨˋㄌㄧㄣˊ	布林	cedict:line:37077	taiwan_usage
taiwan	ㄅㄨˋㄌㄨㄛˋㄍㄜˊ	部落格	cedict:line:109607	taiwan_usage
taiwan	ㄅㄨˋㄌㄨㄛˋㄎㄜˋ	部落客	cedict:line:109606	taiwan_usage
taiwan	ㄅㄨˋㄏㄨㄟˋ	不會	cedict:line:2613	taiwan_usage
taiwan	ㄅㄨˋㄐㄧˊㄋㄚˋㄈㄚˇㄙㄨㄛˇ	布吉納法索	cedict:line:37032	taiwan_usage
taiwan	ㄅㄨˋㄒㄧˉ	布希	cedict:line:37044	taiwan_usage
taiwan	ㄅㄨˋㄒㄧˉㄒㄧㄝˊ	布希鞋	cedict:line:37046	taiwan_usage
taiwan	ㄅㄨˋㄓㄢˉㄍㄨㄛˉ	不沾鍋	cedict:line:2649	taiwan_usage
taiwan	ㄅㄨˋㄙㄨㄥˉㄅㄨˋㄌㄚˉ	布松布拉	cedict:line:37076	taiwan_usage
taiwan	ㄅㄨˋㄧˉㄧㄤˋㄧㄡˋㄗㄣˇㄧㄤˋ	不一樣又怎樣	wikidata:Q114391976+cedict:derived	songs
taiwan	ㄅㄨˋㄧㄠˋㄨㄣˋㄨㄛˇ	不要問我	wikidata:Q112052271+cedict:derived	songs
taiwan	ㄅㄨˋㄧㄡˊㄗˋㄐㄧˇ	不由自己	wikidata:Q112311979+cedict:derived	songs
taiwan	ㄆㄚˉ	趴	cedict:line:104734	taiwan_usage
taiwan	ㄆㄚˉㄆㄚˉㄗㄡˇ	趴趴走	cedict:line:104737	taiwan_usage
taiwan	ㄆㄚˋㄉㄜˊㄋㄣˋㄕㄣˊㄇㄧㄠˋ	帕德嫩神廟	cedict:line:37226	places
taiwan	ㄆㄛˇ	頗	cedict:line:118666	taiwan_usage
taiwan	ㄆㄛˇ	頗	cedict:line:118667	taiwan_usage
taiwan	ㄆㄛˋ	醱	cedict:line:110462	taiwan_usage
taiwan	ㄆㄛˋ	醱	cedict:line:110463	taiwan_usage
taiwan	ㄆㄛˋ	釙	cedict:line:111283	taiwan_usage
taiwan	ㄆㄛˋㄍㄥˇ	破梗	cedict:line:79410	taiwan_usage
taiwan	ㄆㄛˋㄍㄨㄥˉ	迫供	cedict:line:107005	taiwan_usage
taiwan	ㄆㄛˋㄐㄧˊㄆㄠˋ	迫擊炮	cedict:line:107011	taiwan_usage
taiwan	ㄆㄛˋㄒㄧㄠˇㄕˊㄈㄣˉ	破曉時分	wikidata:Q106080060+cedict:derived	films
taiwan	ㄆㄛˋㄧㄣˉㄗˋ	破音字	cedict:line:79468	taiwan_usage
taiwan	ㄆㄞˉㄌㄧˋㄉㄜˊ	拍立得	cedict:line:46196	taiwan_usage
taiwan	ㄆㄞˉㄒㄧㄝˋ	拍謝	cedict:line:46200	taiwan_usage
taiwan	ㄆㄞˊㄉㄤˋ	排檔	cedict:line:47543	taiwan_usage
taiwan	ㄆㄞˊㄨㄢˉㄗㄨˊ	排灣族	cedict:line:47572	indigenous
taiwan	ㄆㄟˉ	坯	cedict:line:25420	taiwan_usage
taiwan	ㄆㄟˊㄌㄧㄣˊ	培林	cedict:line:25772	taiwan_usage
taiwan	ㄆㄟˊㄧㄚˋ	培亞	cedict:line:25768	taiwan_usage
taiwan	ㄆㄠˇㄎㄚˉ	跑咖	cedict:line:104827	taiwan_usage
taiwan	ㄆㄠˋㄇㄧㄢˋ	泡麵	cedict:line:63989	taiwan_usage
taiwan	ㄆㄠˋㄊㄤˉ	泡湯	cedict:line:63967	taiwan_usage
taiwan	ㄆㄡˇ	剖	cedict:line:14590	taiwan_usage
taiwan	ㄆㄢˉ	潘	cedict:line:68084	foods
taiwan	ㄆㄤˉ	磅	cedict:line:79945	taiwan_usage
taiwan	ㄆㄤˊ	傍	cedict:line:9525	taiwan_usage
taiwan	ㄆㄤˊㄎㄜˋ	龐克	cedict:line:124959	taiwan_usage
taiwan	ㄆㄥˉ	澎	cedict:line:68311	taiwan_usage
taiwan	ㄆㄥˊㄌㄞˊㄇㄧˇ	蓬萊米	cedict:line:95486	foods
taiwan	ㄆㄥˊㄏㄨˊ	彭湖	cedict:line:39725	places
taiwan	ㄆㄥˊㄏㄨˊ	澎湖	cedict:line:68313	places
taiwan	ㄆㄥˊㄏㄨˊㄉㄠˇ	彭湖島	cedict:line:39726	places
taiwan	ㄆㄥˊㄏㄨˊㄉㄠˇ	澎湖島	cedict:line:68315	places
taiwan	ㄆㄥˊㄏㄨˊㄌㄧㄝˋㄉㄠˇ	澎湖列島	cedict:line:68314	taiwan_usage
taiwan	ㄆㄥˊㄏㄨˊㄑㄩㄣˊㄉㄠˇ	澎湖群島	cedict:line:68317	taiwan_usage
taiwan	ㄆㄥˊㄏㄨˊㄒㄧㄢˋ	澎湖縣	cedict:line:68316	places
taiwan	ㄆㄥˊㄐㄧㄚˉㄩˇ	彭佳嶼	cedict:line:39710	places
taiwan	ㄆㄥˋㄅㄧㄥˇ	椪餅	cedict:line:58342	taiwan_usage
taiwan	ㄆㄧˇㄔㄚˉ	劈叉	cedict:line:14941	taiwan_usage
taiwan	ㄆㄧˇㄗ˙ㄘㄞˋ	痞子蔡	cedict:line:75797	people
taiwan	ㄆㄧˉ	匹	cedict:line:16469	taiwan_usage
taiwan	ㄆㄧˉ	鮍	cedict:line:122439	taiwan_usage
taiwan	ㄆㄧˉㄊㄧˉㄊㄧˉ	批踢踢	cedict:line:45140	taiwan_usage
taiwan	ㄆㄧˉㄊㄧˉㄊㄧˉㄕˊㄧㄝˋㄈㄤˉ	批踢踢實業坊	cedict:line:45141	taiwan_usage
taiwan	ㄆㄧˉㄊㄨㄟˇ	劈腿	cedict:line:14951	taiwan_usage
taiwan	ㄆㄧˉㄙㄨㄛˇ	披索	cedict:line:45690	taiwan_usage
taiwan	ㄆㄧˊ	陂	cedict:line:114604	mountains
taiwan	ㄆㄧˊㄆㄧˊ	皮皮	wikidata:Q19853211+cedict:derived	books
taiwan	ㄆㄧˊㄐㄧㄚˊ	皮夾	cedict:line:77146	taiwan_usage
taiwan	ㄆㄧˋㄐㄧㄢˋ	闢建	cedict:line:114039	taiwan_usage
taiwan	ㄆㄧㄝˇㄅㄨˋ	撇步	cedict:line:49037	taiwan_usage
taiwan	ㄆㄧㄠˇ	縹	cedict:line:86826	taiwan_usage
taiwan	ㄆㄧㄠˉ	嘌	cedict:line:23137	taiwan_usage
taiwan	ㄆㄧㄠˉㄆㄧㄠˉ	飄飄	cedict:line:119462	taiwan_usage
taiwan	ㄆㄧㄠˋ	剽	cedict:line:14876	taiwan_usage
taiwan	ㄆㄧㄠˋㄎㄚˇ	票卡	cedict:line:80611	taiwan_usage
taiwan	ㄆㄧㄠˋㄩㄢˊ	票源	cedict:line:80622	taiwan_usage
taiwan	ㄆㄧㄢˉ	萹	cedict:line:94801	taiwan_usage
taiwan	ㄆㄧㄢˊ	諞	cedict:line:101606	taiwan_usage
taiwan	ㄆㄧㄣˊㄎㄨㄢˉ	頻寬	cedict:line:118949	taiwan_usage
taiwan	ㄆㄧㄥˊ	坪	cedict:line:25415	taiwan_usage
taiwan	ㄆㄧㄥˊㄆㄨˇㄗㄨˊ	平埔族	cedict:line:37672	indigenous
taiwan	ㄆㄧㄥˊㄉㄨㄥˉ	屏東	cedict:line:35385	places
taiwan	ㄆㄧㄥˊㄉㄨㄥˉㄒㄧㄢˋ	屏東縣	cedict:line:35387	places
taiwan	ㄆㄧㄥˊㄉㄨㄥˉㄕˋ	屏東市	cedict:line:35386	places
taiwan	ㄆㄧㄥˊㄒㄧㄥˊㄐㄧˋㄙㄨㄢˋ	平行計算	cedict:line:37822	taiwan_usage
taiwan	ㄆㄧㄥˋ	聘	cedict:line:89198	taiwan_usage
taiwan	ㄆㄨˇㄆㄨˇㄧˋㄕㄨˋ	普普藝術	cedict:line:53630	taiwan_usage
taiwan	ㄆㄨˇㄉㄧㄥˉ	普丁	cedict:line:53593	people
taiwan	ㄆㄨˇㄉㄨˋ	普渡	cedict:line:53650	taiwan_usage
taiwan	ㄆㄨˇㄊㄨㄥˉㄆㄥˊㄧㄡ˙	普通朋友	wikidata:Q137588044+cedict:derived	songs
taiwan	ㄆㄨˇㄌㄧˋㄊㄨㄛˉㄌㄧˇㄧㄚˋ	普利托里亞	cedict:line:53602	taiwan_usage
taiwan	ㄆㄨˇㄌㄧˋㄗˉㄐㄧㄤˇ	普立茲獎	cedict:line:53655	taiwan_usage
taiwan	ㄆㄨˇㄌㄧㄣˊ	普林	cedict:line:53634	taiwan_usage
taiwan	ㄆㄨˇㄎㄠˇ	普考	cedict:line:53671	taiwan_usage
taiwan	ㄆㄨˉㄌㄤˋ	噗浪	cedict:line:23335	taiwan_usage
taiwan	ㄆㄨˉㄍㄥˇ	鋪梗	cedict:line:111838	taiwan_usage
taiwan	ㄆㄨˊ	幞	cedict:line:37557	taiwan_usage
taiwan	ㄆㄨˊ	樸	cedict:line:59223	taiwan_usage
taiwan	ㄆㄨˊ	襆	cedict:line:99118	taiwan_usage
taiwan	ㄆㄨˊㄌㄨㄥˊㄉㄧˋ	蒲隆地	cedict:line:95297	taiwan_usage
taiwan	ㄆㄨˊㄗˇ	朴子	cedict:line:55817	places
taiwan	ㄆㄨˊㄗˇㄕˋ	朴子市	cedict:line:55818	places
taiwan	ㄆㄨˋ	曝	cedict:line:54209	taiwan_usage
taiwan	ㄆㄨˋㄅㄨˋ	瀑布	wikidata:Q108393005+cedict:derived	films
taiwan	ㄆㄨˋㄍㄨㄤˉ	曝光	cedict:line:54211	taiwan_usage
taiwan	ㄇㄚˇㄅㄨˋㄉㄨㄛˉ	馬布多	cedict:line:120476	taiwan_usage
taiwan	ㄇㄚˇㄋㄚˊㄍㄨㄚˉ	馬拿瓜	cedict:line:120513	taiwan_usage
taiwan	ㄇㄚˇㄌㄚˉㄨㄟˉ	馬拉威	cedict:line:120505	taiwan_usage
taiwan	ㄇㄚˇㄌㄧˋ	馬利	cedict:line:120416	taiwan_usage
taiwan	ㄇㄚˇㄌㄩˋ	瑪律	cedict:line:73684	taiwan_usage
taiwan	ㄇㄚˇㄍㄨㄥˉ	馬公	cedict:line:120405	places
taiwan	ㄇㄚˇㄍㄨㄥˉㄕˋ	馬公市	cedict:line:120406	places
taiwan	ㄇㄚˇㄎㄜˋㄏㄨㄥˊ	馬克宏	cedict:line:120391	people
taiwan	ㄇㄚˇㄗㄨˇ	馬祖	cedict:line:120575	taiwan_usage
taiwan	ㄇㄚˇㄙㄞˋ	馬賽	cedict:line:120619	indigenous
taiwan	ㄇㄚˇㄙㄞˋㄗㄨˊ	馬賽族	cedict:line:120621	indigenous
taiwan	ㄇㄚˇㄦˇㄉㄧˋㄈㄨˉ	馬爾地夫	cedict:line:120556	taiwan_usage
taiwan	ㄇㄚˇㄦˇㄊㄚˉ	馬爾他	cedict:line:120550	taiwan_usage
taiwan	ㄇㄚˇㄧㄥˉㄐㄧㄡˇ	馬英九	cedict:line:120602	people
taiwan	ㄇㄚˉ	嬤	cedict:line:31141	taiwan_usage
taiwan	ㄇㄚˊ	嘛	cedict:line:23181	taiwan_usage
taiwan	ㄇㄚˊㄐㄧˊ	麻吉	cedict:line:123494	taiwan_usage
taiwan	ㄇㄚˋ	獁	cedict:line:72450	taiwan_usage
taiwan	ㄇㄚˋㄉㄠˋㄔㄡˋㄊㄡˊ	罵到臭頭	cedict:line:87461	taiwan_usage
taiwan	ㄇㄛˇㄆㄧㄢˋ	抹片	cedict:line:45805	taiwan_usage
taiwan	ㄇㄛˊㄊㄧㄝˇ	摩鐵	cedict:line:48943	taiwan_usage
taiwan	ㄇㄛˊㄌㄧˇㄒㄧˉㄙˉ	模里西斯	cedict:line:59196	taiwan_usage
taiwan	ㄇㄛˊㄍㄨㄟˇㄓㄢˉ	魔鬼氈	cedict:line:122270	taiwan_usage
taiwan	ㄇㄛˊㄍㄨㄟˇㄓㄢˉ	魔鬼粘	cedict:line:122271	taiwan_usage
taiwan	ㄇㄛˊㄐㄧㄚˉㄉㄧˊㄒㄧㄡˉ	摩加迪休	cedict:line:48880	taiwan_usage
taiwan	ㄇㄛˋ	霢	cedict:line:117233	taiwan_usage
taiwan	ㄇㄛˋㄅㄚˉㄅㄣˇ	墨巴本	cedict:line:26618	taiwan_usage
taiwan	ㄇㄛˋㄋㄟˋ	莫內	cedict:line:94184	taiwan_usage
taiwan	ㄇㄛˋㄌㄨㄛˋㄋㄧˊ	莫洛尼	cedict:line:94209	taiwan_usage
taiwan	ㄇㄛˋㄓㄚˊㄊㄜˋ	莫札特	cedict:line:94206	taiwan_usage
taiwan	ㄇㄛˋㄙㄢˉㄅㄧˇㄎㄜˋ	莫三比克	cedict:line:94174	taiwan_usage
taiwan	ㄇㄛˋㄦˇ	莫耳	cedict:line:94216	taiwan_usage
taiwan	ㄇㄞˇㄆㄧㄠˋ	買票	cedict:line:103292	taiwan_usage
taiwan	ㄇㄞˋㄋㄚˋㄇㄚˇ	麥納瑪	cedict:line:123407	taiwan_usage
taiwan	ㄇㄞˋㄎㄜˇ	麥可	cedict:line:123378	taiwan_usage
taiwan	ㄇㄞˋㄎㄨㄞˋ	麥塊	cedict:line:123383	taiwan_usage
taiwan	ㄇㄞˋㄒㄧㄤˉㄅㄠˇ	麥香堡	cedict:line:123429	taiwan_usage
taiwan	ㄇㄟˇㄉㄨˋㄕㄚˉ	美杜莎	wikidata:Q115665318+cedict:derived	songs
taiwan	ㄇㄟˇㄋㄞˇㄗˉ	美乃滋	cedict:line:87750	taiwan_usage
taiwan	ㄇㄟˇㄋㄞˋㄇㄧㄣˇ	美耐皿	cedict:line:87900	taiwan_usage
taiwan	ㄇㄟˇㄋㄨㄥˊㄍㄨㄚˉ	美濃瓜	cedict:line:87879	taiwan_usage
taiwan	ㄇㄟˇㄌㄠˊ	美勞	cedict:line:87773	taiwan_usage
taiwan	ㄇㄟˇㄌㄧˋㄉㄠˇ	美麗島	cedict:line:87945	places
taiwan	ㄇㄟˇㄌㄧˋㄉㄠˇㄕˋㄐㄧㄢˋ	美麗島事件	cedict:line:87946	history
taiwan	ㄇㄟˇㄌㄧㄥˊ	美玲	cedict:line:87881	performers
taiwan	ㄇㄟˇㄓㄨㄥˉㄊㄞˊ	美中台	cedict:line:87749	taiwan_usage
taiwan	ㄇㄟˇㄖㄣˊㄊㄨㄟˇ	美人腿	cedict:line:87757	plants
taiwan	ㄇㄟˊ	鋂	cedict:line:111769	taiwan_usage
taiwan	ㄇㄟˊㄍㄨㄟˉㄕㄠˋㄋㄧㄢˊ	玫瑰少年	wikidata:Q63877544+cedict:derived	songs
taiwan	ㄇㄟˊㄐㄧㄠˇ	眉角	cedict:line:78088	taiwan_usage
taiwan	ㄇㄟˊㄘㄞˊ	媒材	cedict:line:30923	taiwan_usage
taiwan	ㄇㄠˉㄨˋㄗㄨˊ	貓霧族	cedict:line:102807	indigenous
taiwan	ㄇㄠˊㄌㄧˋㄊㄚˇㄋㄧˊㄧㄚˋ	茅利塔尼亞	cedict:line:93702	taiwan_usage
taiwan	ㄇㄢˇㄈㄨˊㄅㄠˇ	滿福堡	cedict:line:67647	taiwan_usage
taiwan	ㄇㄢˊ	蹣	cedict:line:105300	taiwan_usage
taiwan	ㄇㄢˋㄉㄠˇ	曼島	cedict:line:54482	taiwan_usage
taiwan	ㄇㄣˊㄏㄠˋ	門號	cedict:line:113174	taiwan_usage
taiwan	ㄇㄤˊㄅㄠˉ	盲胞	cedict:line:77685	taiwan_usage
taiwan	ㄇㄥˉㄏㄨㄣˋ	矇混	cedict:line:78797	taiwan_usage
taiwan	ㄇㄥˉㄏㄨㄣˋㄍㄨㄛˋㄍㄨㄢˉ	矇混過關	cedict:line:78798	taiwan_usage
taiwan	ㄇㄥˊ	獴	cedict:line:72673	taiwan_usage
taiwan	ㄇㄥˊ	蒙	cedict:line:95165	taiwan_usage
taiwan	ㄇㄥˊㄉㄧˋㄎㄚˇㄌㄨㄛˊ	蒙地卡羅	cedict:line:95190	taiwan_usage
taiwan	ㄇㄥˊㄊㄜˋㄋㄟˋㄍㄜˉㄌㄨㄛˊ	蒙特內哥羅	cedict:line:95214	taiwan_usage
taiwan	ㄇㄥˊㄊㄜˋㄌㄡˊ	蒙特婁	cedict:line:95220	places
taiwan	ㄇㄥˊㄊㄜˋㄨㄟˊㄉㄨㄛˉ	蒙特維多	cedict:line:95221	taiwan_usage
taiwan	ㄇㄧˇ	眯	cedict:line:78332	taiwan_usage
taiwan	ㄇㄧˇㄎㄞˉㄌㄢˊㄐㄧˉㄌㄨㄛˊ	米開蘭基羅	cedict:line:83798	taiwan_usage
taiwan	ㄇㄧˇㄐㄧㄥˉ	米精	cedict:line:83779	foods
taiwan	ㄇㄧˊㄊㄨㄛˊ	彌陀	cedict:line:39533	places
taiwan	ㄇㄧˋㄒㄧˉㄍㄣˉ	密西根	cedict:line:33118	taiwan_usage
taiwan	ㄇㄧㄠˊㄌㄧˋ	苗栗	cedict:line:93363	places
taiwan	ㄇㄧㄠˊㄌㄧˋㄒㄧㄢˋ	苗栗縣	cedict:line:93365	places
taiwan	ㄇㄧㄠˊㄌㄧˋㄕˋ	苗栗市	cedict:line:93364	places
taiwan	ㄇㄧㄠˋㄎㄡˇ	廟口	cedict:line:38569	places
taiwan	ㄇㄧㄢˇㄒㄧˇㄅㄟˉ	免洗杯	cedict:line:10876	taiwan_usage
taiwan	ㄇㄧㄢˇㄒㄧˇㄎㄨㄞˋ	免洗筷	cedict:line:10877	taiwan_usage
taiwan	ㄇㄧㄢˇㄔˊ	免持	cedict:line:10872	taiwan_usage
taiwan	ㄇㄧㄢˋㄒㄧㄤˋ	面向	cedict:line:117847	taiwan_usage
taiwan	ㄇㄧㄣˇㄩˇ	閩語	cedict:line:113782	taiwan_usage
taiwan	ㄇㄧㄣˊㄍㄨㄛˊ	民國	cedict:line:61758	taiwan_usage
taiwan	ㄇㄧㄣˊㄐㄧㄣˋㄉㄤˇ	民進黨	cedict:line:61840	taiwan_usage
taiwan	ㄇㄧㄣˊㄓㄨˇㄐㄧㄣˋㄅㄨˋㄉㄤˇ	民主進步黨	cedict:line:61739	taiwan_usage
taiwan	ㄇㄧㄥˊㄏㄜˊ	明和	cedict:line:52893	places
taiwan	ㄇㄧㄥˋㄌㄧㄥˋㄌㄧㄝˋ	命令列	cedict:line:21130	taiwan_usage
taiwan	ㄇㄨˇㄊㄤˉ	母湯	cedict:line:61330	taiwan_usage
taiwan	ㄇㄨˇㄑㄧㄣˉㄙㄢˉㄕˊㄙㄨㄟˋ	母親三十歲	wikidata:Q106080046+cedict:derived	films
taiwan	ㄇㄨˋㄉㄧˊ	木笛	cedict:line:55457	taiwan_usage
taiwan	ㄇㄨˋㄙˉ	慕絲	cedict:line:42992	taiwan_usage
taiwan	ㄈㄚˇ	鍅	cedict:line:112156	taiwan_usage
taiwan	ㄈㄚˇ	髮	cedict:line:121898	taiwan_usage
taiwan	ㄈㄚˉ	伐	cedict:line:6872	taiwan_usage
taiwan	ㄈㄚˉㄇㄥˊ	發懵	cedict:line:76193	taiwan_usage
taiwan	ㄈㄚˉㄇㄥˊ	發蒙	cedict:line:76292	taiwan_usage
taiwan	ㄈㄚˉㄍㄨㄤˉㄦˋㄐㄧˊㄊㄧˇ	發光二極體	cedict:line:76130	taiwan_usage
taiwan	ㄈㄚˉㄘㄞˊㄔㄜˉ	發財車	cedict:line:76317	taiwan_usage
taiwan	ㄈㄚˊㄗ˙	法子	cedict:line:63783	taiwan_usage
taiwan	ㄈㄚˋ	法	cedict:line:63746	taiwan_usage
taiwan	ㄈㄚˋㄌㄢˊㄖㄨㄥˊ	法蘭絨	cedict:line:63864	taiwan_usage
taiwan	ㄈㄚˋㄌㄤˊㄓˋ	琺瑯質	cedict:line:73581	taiwan_usage
taiwan	ㄈㄛˊㄌㄤˇㄇㄧㄥˊㄍㄜˉ	佛朗明哥	cedict:line:7389	taiwan_usage
taiwan	ㄈㄛˊㄌㄨㄛˊㄌㄨㄣˊㄙˉ	佛羅倫斯	cedict:line:7403	taiwan_usage
taiwan	ㄈㄟˉㄉㄢˋ	飛彈	cedict:line:119490	taiwan_usage
taiwan	ㄈㄟˉㄌㄨㄣˊㄏㄞˇ	飛輪海	cedict:line:119566	performers
taiwan	ㄈㄟˉㄑㄧˇㄌㄞˊ	飛起來	wikidata:Q130526700+cedict:derived	songs
taiwan	ㄈㄟˉㄢˉ	飛安	cedict:line:119488	taiwan_usage
taiwan	ㄈㄟˋㄖㄢˊ	怫然	cedict:line:41682	taiwan_usage
taiwan	ㄈㄡˊ	芣	cedict:line:93003	taiwan_usage
taiwan	ㄈㄢˇㄈㄣˉㄌㄧㄝˋㄈㄚˇ	反分裂法	cedict:line:18268	taiwan_usage
taiwan	ㄈㄢˇㄊㄞˊ	返臺	cedict:line:106951	taiwan_usage
taiwan	ㄈㄢˇㄕㄣˋㄊㄡˋㄈㄚˇ	反滲透法	cedict:line:18387	taiwan_usage
taiwan	ㄈㄢˉㄇㄞˋ	番麥	cedict:line:75163	taiwan_usage
taiwan	ㄈㄢˉㄉㄠˉ	番刀	cedict:line:75139	indigenous
taiwan	ㄈㄢˉㄐㄧㄝˋ	番界	cedict:line:75147	indigenous
taiwan	ㄈㄢˊ	帆	cedict:line:37158	taiwan_usage
taiwan	ㄈㄢˊ	藩	cedict:line:96284	taiwan_usage
taiwan	ㄈㄢˊ	颿	cedict:line:119426	taiwan_usage
taiwan	ㄈㄢˊㄖㄣˊㄍㄜˉ	凡人歌	wikidata:Q18651692+cedict:derived	songs
taiwan	ㄈㄢˊㄙㄞˋㄙˉ	凡賽斯	cedict:line:12956	taiwan_usage
taiwan	ㄈㄢˋㄇㄞˋㄐㄧˉ	販賣機	cedict:line:103112	taiwan_usage
taiwan	ㄈㄢˋㄉㄜˊㄌㄧㄣˊ	泛得林	cedict:line:63917	taiwan_usage
taiwan	ㄈㄢˋㄍㄨˇ	梵谷	cedict:line:57989	taiwan_usage
taiwan	ㄈㄢˋㄨㄟˇㄑㄧˊ	范瑋琪	cedict:line:93686	performers
taiwan	ㄈㄣˇㄍㄨㄛˇ	粉粿	cedict:line:83842	taiwan_usage
taiwan	ㄈㄣˇㄏㄨㄥˊㄉㄨㄢˋㄉㄞˋ	粉紅緞帶	wikidata:Q113989750+cedict:derived	books
taiwan	ㄈㄣˉㄊㄢˇㄋㄧˊ	吩坦尼	cedict:line:20508	taiwan_usage
taiwan	ㄈㄣˉㄐㄧㄚˇㄨㄢˊ	酚甲烷	cedict:line:110154	taiwan_usage
taiwan	ㄈㄣˉㄐㄧㄠˇㄒㄧㄢˋ	分角線	cedict:line:13601	taiwan_usage
taiwan	ㄈㄣˋㄗ˙	分子	cedict:line:13453	taiwan_usage
taiwan	ㄈㄤˇㄊㄞˊ	訪臺	cedict:line:100506	taiwan_usage
taiwan	ㄈㄤˇㄨㄣˋ	訪問	cedict:line:100494	taiwan_usage
taiwan	ㄈㄤˉ	坊	cedict:line:25250	taiwan_usage
taiwan	ㄈㄤˉㄨㄣˊㄕㄢˉ	方文山	cedict:line:52179	taiwan_usage
taiwan	ㄈㄤˊㄎㄨㄥˉㄅㄧˋㄋㄢˋ	防空避難	cedict:line:114160	taiwan_usage
taiwan	ㄈㄤˊㄎㄨㄥˉㄅㄧˋㄋㄢˋㄙㄨㄛˇ	防空避難所	cedict:line:114161	taiwan_usage
taiwan	ㄈㄤˊㄓˋ	防制	cedict:line:114086	taiwan_usage
taiwan	ㄈㄤˊㄓㄨㄥˋ	房仲	cedict:line:44156	taiwan_usage
taiwan	ㄈㄤˋㄉㄚˋㄆㄧㄢˋ	放大片	cedict:line:50298	taiwan_usage
taiwan	ㄈㄤˋㄋㄧㄡˊㄅㄢˉ	放牛班	cedict:line:50362	taiwan_usage
taiwan	ㄈㄥˉㄌㄤˋㄅㄢˇ	風浪板	cedict:line:119308	taiwan_usage
taiwan	ㄈㄥˉㄔㄥˊ	風城	cedict:line:119261	places
taiwan	ㄈㄥˊ	渢	cedict:line:66617	taiwan_usage
taiwan	ㄈㄥˋ	諷	cedict:line:101669	taiwan_usage
taiwan	ㄈㄥˋㄌㄧˊㄕˋㄐㄧㄚˉ	鳳梨釋迦	cedict:line:122798	plants
taiwan	ㄈㄥˋㄌㄧˊㄙㄨˉ	鳳梨酥	cedict:line:122797	foods
taiwan	ㄈㄥˋㄕㄢˉㄕˋ	鳳山市	cedict:line:122788	places
taiwan	ㄈㄨˇㄉㄠˇㄐㄧㄣˉ	輔導金	cedict:line:106037	taiwan_usage
taiwan	ㄈㄨˇㄒㄧˋ	輔系	cedict:line:106041	taiwan_usage
taiwan	ㄈㄨˇㄖㄣˊㄉㄚˋㄒㄩㄝˊ	輔仁大學	cedict:line:106024	places
taiwan	ㄈㄨˊ	服	cedict:line:55165	taiwan_usage
taiwan	ㄈㄨˊ	縛	cedict:line:86679	taiwan_usage
taiwan	ㄈㄨˊㄇㄚˇㄌㄧㄣˊ	福馬林	cedict:line:80820	taiwan_usage
taiwan	ㄈㄨˊㄇㄛˊㄙㄚˋ	福摩薩	cedict:line:80776	taiwan_usage
taiwan	ㄈㄨˊㄉㄧˋㄊㄧㄥˇㄕㄣˉ	伏地挺身	cedict:line:6839	taiwan_usage
taiwan	ㄈㄨˊㄌㄚˉㄇㄧㄥˊㄍㄜˉ	弗拉明戈	cedict:line:39113	taiwan_usage
taiwan	ㄈㄨˊㄙˉ	福斯	cedict:line:80777	taiwan_usage
taiwan	ㄈㄨˊㄦˇㄇㄛˊㄕㄚˉ	福爾摩沙	cedict:line:80799	taiwan_usage
taiwan	ㄈㄨˋㄉㄤˋㄇㄧㄥˊ	副檔名	cedict:line:14740	taiwan_usage
taiwan	ㄈㄨˋㄊㄞˊ	赴臺	cedict:line:104276	taiwan_usage
taiwan	ㄈㄨˋㄍㄠˉ	副睪	cedict:line:14752	taiwan_usage
taiwan	ㄈㄨˋㄍㄨㄟˋㄐㄧㄠˇ	富貴角	cedict:line:33211	places
taiwan	ㄈㄨˋㄎㄜˉ	傅柯	cedict:line:9514	taiwan_usage
taiwan	ㄈㄨˋㄐㄧㄚˇㄓㄨㄤˋㄒㄧㄢˋ	副甲狀腺	cedict:line:14747	taiwan_usage
taiwan	ㄈㄨˋㄐㄧㄚˇㄓㄨㄤˋㄒㄧㄢˋㄙㄨˋ	副甲狀腺素	cedict:line:14748	taiwan_usage
taiwan	ㄈㄨˋㄐㄧㄢˋ	復健	cedict:line:40361	taiwan_usage
taiwan	ㄈㄨˋㄕˊㄆㄧㄣˇ	副食品	cedict:line:14768	foods
taiwan	ㄈㄨˋㄕㄣˉㄈㄢˋ	複身犯	wikidata:Q106020064+cedict:derived	films
taiwan	ㄉㄚˇ	打	cedict:line:44548	taiwan_usage
taiwan	ㄉㄚˇㄉㄤˇ	打檔	cedict:line:44725	taiwan_usage
taiwan	ㄉㄚˇㄉㄤˇㄔㄜˉ	打檔車	cedict:line:44726	taiwan_usage
taiwan	ㄉㄚˇㄉㄧㄢˋㄉㄨㄥˋ	打電動	cedict:line:44857	taiwan_usage
taiwan	ㄉㄚˇㄍㄡˇ	打狗	cedict:line:44749	taiwan_usage
taiwan	ㄉㄚˊㄎㄚˇ	達卡	cedict:line:108637	taiwan_usage
taiwan	ㄉㄚˊㄕㄨˋ	答數	cedict:line:83074	taiwan_usage
taiwan	ㄉㄚˊㄨˋㄗㄨˊ	達悟族	cedict:line:108657	indigenous
taiwan	ㄉㄚˊㄨㄣˊㄒㄧˉ	達文西	cedict:line:108665	taiwan_usage
taiwan	ㄉㄚˋㄅㄨˇㄊㄧㄝˇ	大補帖	cedict:line:28392	taiwan_usage
taiwan	ㄉㄚˋㄅㄨˋ	大埔	cedict:line:27818	places
taiwan	ㄉㄚˋㄇㄛˊㄉㄚˋㄧㄤˋ	大模大樣	cedict:line:28072	taiwan_usage
taiwan	ㄉㄚˋㄇㄞˋㄎㄜˋ	大麥克	cedict:line:28603	taiwan_usage
taiwan	ㄉㄚˋㄈㄨˋㄨㄥˉ	大富翁	cedict:line:27885	taiwan_usage
taiwan	ㄉㄚˋㄊㄨㄥˊㄑㄩˉ	大同區	cedict:line:27764	places
taiwan	ㄉㄚˋㄋㄟˋ	大內	cedict:line:27690	places
taiwan	ㄉㄚˋㄌㄨˋㄇㄟˋ	大陸妹	cedict:line:28515	taiwan_usage
taiwan	ㄉㄚˋㄌㄨˋㄎㄜˋ	大陸客	cedict:line:28516	taiwan_usage
taiwan	ㄉㄚˋㄎㄠˇ	大考	cedict:line:28305	taiwan_usage
taiwan	ㄉㄚˋㄎㄥˉ	大坑	cedict:line:27811	places
taiwan	ㄉㄚˋㄐㄧㄝˇㄊㄡˊ	大姐頭	cedict:line:27847	taiwan_usage
taiwan	ㄉㄚˋㄒㄧˉㄉㄡˋㄍㄢˉ	大溪豆乾	cedict:line:28143	foods
taiwan	ㄉㄚˋㄒㄧˉㄉㄧˋ	大溪地	cedict:line:28142	places
taiwan	ㄉㄚˋㄒㄧㄠˇㄕㄥˉ	大小聲	cedict:line:27906	taiwan_usage
taiwan	ㄉㄚˋㄒㄧㄣˉ	大心	cedict:line:27948	taiwan_usage
taiwan	ㄉㄚˋㄒㄩㄝˊㄅㄨˋ	大學部	cedict:line:27868	taiwan_usage
taiwan	ㄉㄚˋㄒㄩㄝˊㄒㄩㄝˊㄎㄜˉㄋㄥˊㄌㄧˋㄘㄜˋㄧㄢˋ	大學學科能力測驗	cedict:line:27865	taiwan_usage
taiwan	ㄉㄚˋㄒㄩㄝˊㄖㄨˋㄒㄩㄝˊㄓˇㄉㄧㄥˋㄎㄜˉㄇㄨˋㄎㄠˇㄕˋ	大學入學指定科目考試	cedict:line:27863	taiwan_usage
taiwan	ㄉㄚˋㄓㄨㄥˉㄏㄨㄚˊ	大中華	cedict:line:27648	taiwan_usage
taiwan	ㄉㄚˋㄓㄨㄥˋㄩㄣˋㄕㄨˉ	大眾運輸	cedict:line:28239	taiwan_usage
taiwan	ㄉㄚˋㄔㄤˊㄅㄠˉㄒㄧㄠˇㄔㄤˊ	大腸包小腸	cedict:line:28328	foods
taiwan	ㄉㄚˋㄕㄥˉ	大生	cedict:line:28204	taiwan_usage
taiwan	ㄉㄚˋㄢˉㄑㄩˉ	大安區	cedict:line:27872	places
taiwan	ㄉㄚˋㄧㄥˉㄍㄨㄛˊㄒㄧㄝˊ	大英國協	cedict:line:28356	taiwan_usage
taiwan	ㄉㄚˋㄨˇㄇㄚˇ	大五碼	cedict:line:27657	taiwan_usage
taiwan	ㄉㄜˊㄌㄜˋㄙˉㄉㄥˉ	德勒斯登	cedict:line:40609	taiwan_usage
taiwan	ㄉㄜˊㄍㄨˇㄒㄧˉㄐㄧㄚˉㄅㄚˉ	德古西加巴	cedict:line:40615	taiwan_usage
taiwan	ㄉㄜˊㄍㄨㄛˊㄒㄩㄝˊㄕㄨˋㄐㄧㄠˉㄌㄧㄡˊㄗㄨㄥˇㄕㄨˇ	德國學術交流總署	cedict:line:40619	taiwan_usage
taiwan	ㄉㄜˊㄒㄧㄥˋ	德行	cedict:line:40694	taiwan_usage
taiwan	ㄉㄞˇ	逮	cedict:line:108009	taiwan_usage
taiwan	ㄉㄞˇㄇㄧㄥˋ	歹命	cedict:line:60877	taiwan_usage
taiwan	ㄉㄞˇㄕˋ	歹勢	cedict:line:60876	taiwan_usage
taiwan	ㄉㄞˋㄅㄢˉ	代班	cedict:line:6357	taiwan_usage
taiwan	ㄉㄞˋㄇㄟˋ	玳瑁	cedict:line:73084	taiwan_usage
taiwan	ㄉㄞˋㄌㄟˋ	帶累	cedict:line:37406	taiwan_usage
taiwan	ㄉㄞˋㄌㄧˇㄩㄣˋㄇㄨˇ	代理孕母	cedict:line:6361	taiwan_usage
taiwan	ㄉㄞˋㄓˋ	代誌	cedict:line:6386	taiwan_usage
taiwan	ㄉㄞˋㄙㄞˋ	帶賽	cedict:line:37413	taiwan_usage
taiwan	ㄉㄞˋㄠˋㄒㄧㄣˉ	戴奧辛	cedict:line:44099	taiwan_usage
taiwan	ㄉㄞˋㄩㄥˋㄘㄢˉ	待用餐	cedict:line:39902	taiwan_usage
taiwan	ㄉㄠˇㄅㄧㄢˇ	倒扁	cedict:line:8656	people
taiwan	ㄉㄠˇㄇㄤˊㄉㄠˋ	導盲道	cedict:line:34311	taiwan_usage
taiwan	ㄉㄠˇㄇㄤˊㄓㄨㄢˉ	導盲磚	cedict:line:34310	taiwan_usage
taiwan	ㄉㄠˇㄏㄨˋ	導護	cedict:line:34322	taiwan_usage
taiwan	ㄉㄠˇㄓㄥˋ	導正	cedict:line:34301	taiwan_usage
taiwan	ㄉㄠˋ	蹈	cedict:line:105270	taiwan_usage
taiwan	ㄉㄠˋㄈㄨˇㄈㄨˊㄨˋ	到府服務	cedict:line:14155	taiwan_usage
taiwan	ㄉㄠˋㄎㄚˇㄙˉㄗㄨˊ	道卡斯族	cedict:line:108562	indigenous
taiwan	ㄉㄠˋㄏㄤ˙	道行	cedict:line:108613	taiwan_usage
taiwan	ㄉㄡˇㄋㄟˋ	斗內	cedict:line:51515	taiwan_usage
taiwan	ㄉㄡˇㄌㄧㄡˋ	斗六	cedict:line:51516	places
taiwan	ㄉㄡˇㄌㄧㄡˋㄕˋ	斗六市	cedict:line:51517	places
taiwan	ㄉㄡˉ	剅	cedict:line:14340	rivers
taiwan	ㄉㄡˋㄅㄠˉ	豆包	cedict:line:102455	taiwan_usage
taiwan	ㄉㄢˉㄊㄧㄠˉ	單挑	cedict:line:22800	taiwan_usage
taiwan	ㄉㄢˉㄔㄜˉ	單車	cedict:line:22886	taiwan_usage
taiwan	ㄉㄢˉㄔㄜˉㄗㄨˊ	單車族	cedict:line:22887	taiwan_usage
taiwan	ㄉㄢˉㄗˋ	單字	cedict:line:22781	taiwan_usage
taiwan	ㄉㄢˉㄧˉㄉㄥˉㄖㄨˋ	單一登入	cedict:line:22735	taiwan_usage
taiwan	ㄉㄢˉㄧㄢˇㄒㄧㄤˋㄐㄧˉ	單眼相機	cedict:line:22838	taiwan_usage
taiwan	ㄉㄢˋㄅㄧㄥˇ	蛋餅	cedict:line:96987	foods
taiwan	ㄉㄢˋㄕㄨㄟˇ	淡水	cedict:line:65930	places
taiwan	ㄉㄢˋㄕㄨㄟˇㄑㄩˉ	淡水區	cedict:line:65932	places
taiwan	ㄉㄤˇ	檔	cedict:line:59664	taiwan_usage
taiwan	ㄉㄤˇ	檔	cedict:line:59665	taiwan_usage
taiwan	ㄉㄥˉㄕㄢˉㄔㄜˉ	登山車	cedict:line:76072	mountains
taiwan	ㄉㄥˋ	蹬	cedict:line:105325	taiwan_usage
taiwan	ㄉㄥˋㄌㄧˋㄐㄩㄣˉ	鄧麗君	cedict:line:109873	taiwan_usage
taiwan	ㄉㄧˇㄉㄧㄥˋ	底定	cedict:line:38233	taiwan_usage
taiwan	ㄉㄧˉ	菂	cedict:line:94249	taiwan_usage
taiwan	ㄉㄧˊㄙˉㄎㄜˇ	迪斯可	cedict:line:106991	taiwan_usage
taiwan	ㄉㄧˋㄇㄥˊ	第蒙	cedict:line:82903	taiwan_usage
taiwan	ㄉㄧˋㄋㄧㄡˊㄈㄢˉㄕㄣˉ	地牛翻身	cedict:line:25093	taiwan_usage
taiwan	ㄉㄧˋㄏㄢˊ	地函	cedict:line:24991	taiwan_usage
taiwan	ㄉㄧˋㄙˋㄊㄞˊ	第四臺	cedict:line:82898	taiwan_usage
taiwan	ㄉㄧˋㄧˉㄉㄠˇㄌㄧㄢˋ	第一島鏈	cedict:line:82842	places
taiwan	ㄉㄧㄝˊ	跌	cedict:line:104780	taiwan_usage
taiwan	ㄉㄧㄝˊㄍㄨˇㄅㄚˉㄊㄜˋ	蝶古巴特	cedict:line:97294	taiwan_usage
taiwan	ㄉㄧㄠˉㄩˊ	鯛魚	cedict:line:122538	taiwan_usage
taiwan	ㄉㄧㄠˋㄉㄧㄢˇㄉㄧˉ	吊點滴	cedict:line:19996	taiwan_usage
taiwan	ㄉㄧㄠˋㄑㄧˉ	掉漆	cedict:line:47443	taiwan_usage
taiwan	ㄉㄧㄠˋㄩˊ	釣魚	cedict:line:111346	animals
taiwan	ㄉㄧㄠˋㄩˊㄊㄞˊ	釣魚臺	cedict:line:111353	taiwan_usage
taiwan	ㄉㄧㄢˇㄉㄨㄟˋㄉㄧㄢˇㄐㄧㄚˉㄇㄧˋ	點對點加密	cedict:line:124298	taiwan_usage
taiwan	ㄉㄧㄢˋ	踮	cedict:line:105231	taiwan_usage
taiwan	ㄉㄧㄢˋㄅㄤˋ	電棒	cedict:line:116900	taiwan_usage
taiwan	ㄉㄧㄢˋㄈㄤˇ	電訪	cedict:line:117010	taiwan_usage
taiwan	ㄉㄧㄢˋㄉㄨㄥˋ	電動	cedict:line:116786	taiwan_usage
taiwan	ㄉㄧㄢˋㄉㄨㄥˋㄨㄢˊㄐㄩˋ	電動玩具	cedict:line:116791	taiwan_usage
taiwan	ㄉㄧㄢˋㄍㄨㄛˉ	電鍋	cedict:line:117042	foods
taiwan	ㄉㄧㄢˋㄐㄧˋㄍㄨㄥˉ	奠濟宮	cedict:line:29658	places
taiwan	ㄉㄧㄢˋㄐㄧㄥˉㄊㄧˇ	電晶體	cedict:line:116893	taiwan_usage
taiwan	ㄉㄧㄥˇ	耵	cedict:line:88960	taiwan_usage
taiwan	ㄉㄧㄥˇㄍㄤˇ	頂港	cedict:line:118386	taiwan_usage
taiwan	ㄉㄧㄥˇㄖㄤˋ	頂讓	cedict:line:118406	taiwan_usage
taiwan	ㄉㄧㄥˋㄉㄧㄢˇㄔㄚˊ	定點茶	cedict:line:32500	taiwan_usage
taiwan	ㄉㄨˇㄌㄢˋ	賭爛	cedict:line:103815	taiwan_usage
taiwan	ㄉㄨˉㄍㄨㄟˉ	督龜	cedict:line:78623	taiwan_usage
taiwan	ㄉㄨˉㄐㄧㄣˋㄑㄩˋ	督進去	cedict:line:78622	taiwan_usage
taiwan	ㄉㄨˊ	碡	cedict:line:79748	taiwan_usage
taiwan	ㄉㄨˋㄅㄞˋ	杜拜	cedict:line:56060	taiwan_usage
taiwan	ㄉㄨˋㄉㄨˇㄇㄚˇ	杜篤瑪	cedict:line:56078	taiwan_usage
taiwan	ㄉㄨˋㄍㄨˉ	度估	cedict:line:38308	taiwan_usage
taiwan	ㄉㄨˋㄍㄨˉ	度姑	cedict:line:38314	taiwan_usage
taiwan	ㄉㄨˋㄍㄨˉ	肚孤	cedict:line:89806	taiwan_usage
taiwan	ㄉㄨˋㄏㄚˉ	杜哈	cedict:line:56050	taiwan_usage
taiwan	ㄉㄨˋㄐㄧㄚˋ	渡假	cedict:line:66603	taiwan_usage
taiwan	ㄉㄨˋㄙㄜˋㄉㄠˋㄈㄨˉ	杜塞道夫	cedict:line:56054	places
taiwan	ㄉㄨㄛˉㄇㄧㄥˊㄋㄧˊㄐㄧㄚˉ	多明尼加	cedict:line:27379	taiwan_usage
taiwan	ㄉㄨㄛˉㄇㄧㄥˊㄋㄧˊㄐㄧㄚˉㄍㄨㄥˋㄏㄜˊㄍㄨㄛˊ	多明尼加共和國	cedict:line:27380	taiwan_usage
taiwan	ㄉㄨㄛˉㄌㄨㄛˉㄇㄟˇㄩㄢˇ	哆囉美遠	cedict:line:21573	indigenous
taiwan	ㄉㄨㄛˉㄌㄨㄛˉㄇㄟˇㄩㄢˇㄗㄨˊ	哆囉美遠族	cedict:line:21574	indigenous
taiwan	ㄉㄨㄛˉㄧˋ	多益	cedict:line:27421	taiwan_usage
taiwan	ㄉㄨㄛˊ	多	cedict:line:27267	taiwan_usage
taiwan	ㄉㄨㄛˋ	咄	cedict:line:21170	taiwan_usage
taiwan	ㄉㄨㄛˋ	度	cedict:line:38307	taiwan_usage
taiwan	ㄉㄨㄛˋ	踱	cedict:line:105234	taiwan_usage
taiwan	ㄉㄨㄟˉㄉㄧㄝˊ	堆疊	cedict:line:26003	taiwan_usage
taiwan	ㄉㄨㄢˉㄌㄞˋ	端賴	cedict:line:82589	taiwan_usage
taiwan	ㄉㄨㄣˋ	噸	cedict:line:23477	taiwan_usage
taiwan	ㄉㄨㄣˋ	飩	cedict:line:119681	taiwan_usage
taiwan	ㄉㄨㄥˇㄗㄨㄛˋ	董座	cedict:line:95092	taiwan_usage
taiwan	ㄉㄨㄥˇㄧㄤˊㄗˉ	董陽孜	cedict:line:95095	taiwan_usage
taiwan	ㄉㄨㄥˉㄈㄣˇ	冬粉	cedict:line:12569	taiwan_usage
taiwan	ㄉㄨㄥˉㄋㄢˊㄧㄚˋㄍㄨㄛˊㄒㄧㄝˊ	東南亞國協	cedict:line:56212	taiwan_usage
taiwan	ㄉㄨㄥˉㄏㄞˇㄉㄚˋㄒㄩㄝˊ	東海大學	cedict:line:56319	taiwan_usage
taiwan	ㄉㄨㄥˉㄐㄧㄚˉ	東加	cedict:line:56197	taiwan_usage
taiwan	ㄉㄨㄥˉㄒㄧㄝˊ	東協	cedict:line:56209	taiwan_usage
taiwan	ㄉㄨㄥˉㄧㄣˇ	東引	cedict:line:56262	places
taiwan	ㄉㄨㄥˉㄨˊㄉㄚˋㄒㄩㄝˊ	東吳大學	cedict:line:56223	taiwan_usage
taiwan	ㄉㄨㄥˋ	丼	cedict:line:4077	foods
taiwan	ㄉㄨㄥˋㄓㄤˇ	凍漲	cedict:line:12886	taiwan_usage
taiwan	ㄊㄚˇ	鎝	cedict:line:112284	taiwan_usage
taiwan	ㄊㄚˇㄙˉㄇㄚˇㄋㄧˊㄧㄚˋ	塔斯馬尼亞	cedict:line:26304	taiwan_usage
taiwan	ㄊㄚˋ	沓	cedict:line:63210	taiwan_usage
taiwan	ㄊㄚˋ	獺	cedict:line:72725	taiwan_usage
taiwan	ㄊㄚˋ	遢	cedict:line:108889	taiwan_usage
taiwan	ㄊㄚˋㄕˊ	踏實	cedict:line:105151	taiwan_usage
taiwan	ㄊㄜˋㄓㄣˉㄗㄨˇ	特偵組	cedict:line:71755	taiwan_usage
taiwan	ㄊㄜˋㄕㄨˉㄔㄨㄢˊㄕㄨㄛˉ	特殊傳說	wikidata:Q15903001+cedict:derived	books
taiwan	ㄊㄞˊ	台	cedict:line:19293	taiwan_usage
taiwan	ㄊㄞˊ	臺	cedict:line:92056	taiwan_usage
taiwan	ㄊㄞˊㄅㄚˉㄗ˙	臺巴子	cedict:line:92074	taiwan_usage
taiwan	ㄊㄞˊㄅㄟˇ	台北	cedict:line:19304	taiwan_usage
taiwan	ㄊㄞˊㄅㄟˇ	臺北	cedict:line:92064	taiwan_usage
taiwan	ㄊㄞˊㄅㄟˇㄒㄧㄢˋ	臺北縣	cedict:line:92066	places
taiwan	ㄊㄞˊㄅㄟˇㄕˋ	台北市	cedict:line:19305	taiwan_usage
taiwan	ㄊㄞˊㄅㄟˇㄕˋ	臺北市	cedict:line:92065	taiwan_usage
taiwan	ㄊㄞˊㄅㄠˉ	臺胞	cedict:line:92108	taiwan_usage
taiwan	ㄊㄞˊㄅㄠˉㄓㄥˋ	台胞證	cedict:line:19343	taiwan_usage
taiwan	ㄊㄞˊㄅㄧˋ	台幣	cedict:line:19318	taiwan_usage
taiwan	ㄊㄞˊㄇㄟˊ	臺媒	cedict:line:92072	taiwan_usage
taiwan	ㄊㄞˊㄇㄟˋ	台妹	cedict:line:19310	taiwan_usage
taiwan	ㄊㄞˊㄉㄧㄝˊ	台諜	cedict:line:19346	taiwan_usage
taiwan	ㄊㄞˊㄉㄧㄝˊ	臺諜	cedict:line:92113	taiwan_usage
taiwan	ㄊㄞˊㄉㄨˊ	台獨	cedict:line:19335	taiwan_usage
taiwan	ㄊㄞˊㄉㄨㄥˉ	台東	cedict:line:19323	places
taiwan	ㄊㄞˊㄉㄨㄥˉㄒㄧㄢˋ	台東縣	cedict:line:19325	places
taiwan	ㄊㄞˊㄉㄨㄥˉㄒㄧㄢˋ	臺東縣	cedict:line:92079	places
taiwan	ㄊㄞˊㄉㄨㄥˉㄕˋ	台東市	cedict:line:19324	places
taiwan	ㄊㄞˊㄋㄢˊ	台南	cedict:line:19308	places
taiwan	ㄊㄞˊㄋㄢˊㄈㄨˇ	臺南府	cedict:line:92068	taiwan_usage
taiwan	ㄊㄞˊㄋㄢˊㄕˋ	臺南市	cedict:line:92067	places
taiwan	ㄊㄞˊㄌㄨㄛˊㄗˋ	臺羅字	cedict:line:92107	taiwan_usage
taiwan	ㄊㄞˊㄍㄨˇ	台股	cedict:line:19342	taiwan_usage
taiwan	ㄊㄞˊㄎㄜˋ	台客	cedict:line:19312	taiwan_usage
taiwan	ㄊㄞˊㄏㄞˇ	臺海	cedict:line:92081	taiwan_usage
taiwan	ㄊㄞˊㄐㄧˉㄉㄧㄢˋ	台積電	cedict:line:19340	taiwan_usage
taiwan	ㄊㄞˊㄐㄧㄣˉ	臺斤	cedict:line:92077	taiwan_usage
taiwan	ㄊㄞˊㄐㄩˇ	抬舉	cedict:line:45709	taiwan_usage
taiwan	ㄊㄞˊㄓㄨㄥˉ	臺中	cedict:line:92060	places
taiwan	ㄊㄞˊㄓㄨㄥˉㄕˋ	臺中市	cedict:line:92061	places
taiwan	ㄊㄞˊㄕˋ	台式	cedict:line:19320	taiwan_usage
taiwan	ㄊㄞˊㄕˋ	臺視	cedict:line:92111	taiwan_usage
taiwan	ㄊㄞˊㄕㄤˉ	台商	cedict:line:19309	taiwan_usage
taiwan	ㄊㄞˊㄗˉ	台資	cedict:line:19347	taiwan_usage
taiwan	ㄊㄞˊㄘˊ	臺詞	cedict:line:92112	performers
taiwan	ㄊㄞˊㄘㄞˋ	台菜	cedict:line:19344	foods
taiwan	ㄊㄞˊㄨㄚˉ	臺蛙	cedict:line:92110	taiwan_usage
taiwan	ㄊㄞˊㄨㄛˉ	臺倭	cedict:line:92062	taiwan_usage
taiwan	ㄊㄞˊㄨㄢˉ	臺灣	cedict:line:92082	taiwan_usage
taiwan	ㄊㄞˊㄨㄢˉㄅㄟˉ	臺灣鵯	cedict:line:92102	animals
taiwan	ㄊㄞˊㄨㄢˉㄅㄢˉㄔˋㄇㄟˊ	臺灣斑翅鶥	cedict:line:92089	animals
taiwan	ㄊㄞˊㄨㄢˉㄇㄧㄣˊㄓㄨˇㄗˋㄓˋㄊㄨㄥˊㄇㄥˊ	台灣民主自治同盟	cedict:line:19330	taiwan_usage
taiwan	ㄊㄞˊㄨㄢˉㄉㄚˋㄒㄩㄝˊ	臺灣大學	cedict:line:92084	taiwan_usage
taiwan	ㄊㄞˊㄨㄢˉㄉㄠˇ	臺灣島	cedict:line:92086	places
taiwan	ㄊㄞˊㄨㄢˉㄉㄨㄢˇㄔˋㄧㄥˉ	臺灣短翅鶯	cedict:line:92097	animals
taiwan	ㄊㄞˊㄨㄢˉㄊㄨˇㄍㄡˇ	臺灣土狗	cedict:line:92083	mountains
taiwan	ㄊㄞˊㄨㄢˉㄋㄧˇㄓㄨㄛˊㄇㄨˋㄋㄧㄠˇ	臺灣擬啄木鳥	cedict:line:92088	animals
taiwan	ㄊㄞˊㄨㄢˉㄌㄢˊㄑㄩㄝˋ	臺灣藍鵲	cedict:line:92099	animals
taiwan	ㄊㄞˊㄨㄢˉㄍㄨˇㄐㄧㄢˋㄓㄨˊㄊㄨˊㄐㄧㄝˇㄕˋㄉㄧㄢˇ	臺灣古建築圖解事典	wikidata:Q112629154+cedict:derived	books
taiwan	ㄊㄞˊㄨㄢˉㄍㄨㄢˉㄒㄧˋㄈㄚˇ	台灣關係法	cedict:line:19334	taiwan_usage
taiwan	ㄊㄞˊㄨㄢˉㄏㄞˇㄒㄧㄚˊ	台灣海峽	cedict:line:19331	taiwan_usage
taiwan	ㄊㄞˊㄨㄢˉㄏㄨㄚˋ	台灣話	cedict:line:19333	taiwan_usage
taiwan	ㄊㄞˊㄨㄢˉㄏㄨㄚˋㄇㄟˊ	臺灣畫眉	cedict:line:92094	animals
taiwan	ㄊㄞˊㄨㄢˉㄐㄧㄠˉㄇㄟˊ	臺灣鷦鶥	cedict:line:92103	animals
taiwan	ㄊㄞˊㄨㄢˉㄐㄧㄡˇㄏㄨㄥˊㄓㄨˉㄑㄩㄝˋ	臺灣酒紅朱雀	cedict:line:92100	animals
taiwan	ㄊㄞˊㄨㄢˉㄐㄧㄡˋㄊㄧㄝˇㄉㄠˋㄙㄢˋㄅㄨˋㄉㄧˋㄊㄨˊ	臺灣舊鐵道散步地圖	wikidata:Q111633094+cedict:derived	books
taiwan	ㄊㄞˊㄨㄢˉㄕㄢˉㄓㄜˋㄍㄨˉ	臺灣山鷓鴣	cedict:line:92085	animals
taiwan	ㄊㄞˊㄨㄢˉㄕㄥˇ	臺灣省	cedict:line:92096	taiwan_usage
taiwan	ㄊㄞˊㄨㄢˉㄖㄣˊㄗㄞˋㄇㄢˇㄓㄡˉㄍㄨㄛˊ	臺灣人在滿洲國	wikidata:Q10494920+cedict:derived	films
taiwan	ㄊㄞˊㄨㄢˉㄗˇㄒㄧㄠˋㄉㄨㄥˉ	臺灣紫嘯鶇	cedict:line:92098	animals
taiwan	ㄊㄞˊㄨㄢˉㄗㄨㄥˉㄐㄧㄥˇㄍㄡˉㄗㄨㄟˇㄇㄟˊ	臺灣棕頸鉤嘴鶥	cedict:line:92093	animals
taiwan	ㄊㄞˊㄨㄢˉㄨㄣˊㄒㄩㄝˊㄐㄧㄚˉㄌㄧㄝˋㄓㄨㄢˋ	臺灣文學家列傳	wikidata:Q111788878+cedict:derived	books
taiwan	ㄊㄞˊㄩˇ	台語	cedict:line:19345	taiwan_usage
taiwan	ㄊㄞˋㄅㄠˇ	太保	cedict:line:28992	places
taiwan	ㄊㄞˋㄅㄠˇㄕˋ	太保市	cedict:line:28994	places
taiwan	ㄊㄞˋㄌㄨˇㄍㄜˊ	太魯閣	cedict:line:29142	places
taiwan	ㄊㄞˋㄌㄨˇㄍㄜˊㄗㄨˊ	太魯閣族	cedict:line:29143	indigenous
taiwan	ㄊㄞˋㄕㄢˉ	泰山	cedict:line:64239	places
taiwan	ㄊㄞˋㄧㄚˇㄗㄨˊ	泰雅族	cedict:line:64285	indigenous
taiwan	ㄊㄞˋㄧㄤˊㄅㄧㄥˇ	太陽餅	cedict:line:29139	foods
taiwan	ㄊㄞ˙	呔	cedict:line:20881	taiwan_usage
taiwan	ㄊㄠˇㄆㄞˉ	討拍	cedict:line:100361	taiwan_usage
taiwan	ㄊㄠˊ	濤	cedict:line:68568	taiwan_usage
taiwan	ㄊㄠˊㄊㄞˋㄌㄤˊ	桃太郎	cedict:line:57592	taiwan_usage
taiwan	ㄊㄠˊㄌㄧˋㄧㄤˊ	桃莉羊	cedict:line:57617	animals
taiwan	ㄊㄠˊㄓㄜˊ	陶喆	cedict:line:115055	performers
taiwan	ㄊㄠˊㄩㄢˊ	桃園	cedict:line:57586	places
taiwan	ㄊㄠˊㄩㄢˊㄕˋ	桃園市	cedict:line:57588	places
taiwan	ㄊㄠˋㄈㄤˊ	套房	cedict:line:29603	taiwan_usage
taiwan	ㄊㄠˋㄩㄥˋ	套用	cedict:line:29612	taiwan_usage
taiwan	ㄊㄡˊㄆㄧㄠˋㄍㄨㄟˇ	投票匭	cedict:line:45491	taiwan_usage
taiwan	ㄊㄡˊㄒㄧㄤˉ	頭香	cedict:line:118900	taiwan_usage
taiwan	ㄊㄡˊㄧㄥˇㄆㄧㄢˋ	投影片	cedict:line:45461	taiwan_usage
taiwan	ㄊㄡˊㄧㄥˇㄐㄧˇㄏㄜˊ	投影幾何	cedict:line:45459	taiwan_usage
taiwan	ㄊㄡˋㄊㄧㄢˉㄘㄨㄛˋ	透天厝	cedict:line:107422	taiwan_usage
taiwan	ㄊㄡˋㄔㄡˉ	透抽	cedict:line:107428	taiwan_usage
taiwan	ㄊㄢˇㄕㄤˋㄋㄧˊㄧㄚˋ	坦尚尼亞	cedict:line:25397	taiwan_usage
taiwan	ㄊㄢˊ	鐔	cedict:line:112483	taiwan_usage
taiwan	ㄊㄢˋ	賧	cedict:line:103745	rivers
taiwan	ㄊㄤˊㄍㄢˉ	醣苷	cedict:line:110393	taiwan_usage
taiwan	ㄊㄤˊㄕˋㄓㄥˋ	唐氏症	cedict:line:21959	taiwan_usage
taiwan	ㄊㄧˇ	體	cedict:line:121365	taiwan_usage
taiwan	ㄊㄧˊ	堤	cedict:line:26040	taiwan_usage
taiwan	ㄊㄧˊㄈㄤˊ	提防	cedict:line:48257	taiwan_usage
taiwan	ㄊㄧˊㄌㄧㄡ˙	提溜	cedict:line:48204	taiwan_usage
taiwan	ㄊㄧˋ	鬄	cedict:line:121949	taiwan_usage
taiwan	ㄊㄧㄝˇㄆㄧㄠˋ	鐵票	cedict:line:112615	taiwan_usage
taiwan	ㄊㄧㄝˇㄆㄧㄠˋㄑㄩˉ	鐵票區	cedict:line:112617	places
taiwan	ㄊㄧㄝˇㄇㄚˇ	鐵馬	cedict:line:112667	taiwan_usage
taiwan	ㄊㄧㄝˇㄇㄨˋ	鐵幕	cedict:line:112569	plants
taiwan	ㄊㄧㄝˇㄈㄨˊㄌㄨㄥˊ	鐵氟龍	cedict:line:112597	taiwan_usage
taiwan	ㄊㄧㄝˇㄉㄚˊㄋㄧˊㄏㄠˋ	鐵達尼號	cedict:line:112649	taiwan_usage
taiwan	ㄊㄧㄝˇㄉㄢˋ	鐵蛋	cedict:line:112631	foods
taiwan	ㄊㄧㄝˇㄔˇ	鐵齒	cedict:line:112670	taiwan_usage
taiwan	ㄊㄧㄝˉㄊㄨˊ	貼圖	cedict:line:103363	taiwan_usage
taiwan	ㄊㄧㄠˋㄊㄨㄛˉ	跳脫	cedict:line:105101	taiwan_usage
taiwan	ㄊㄧㄢˉㄆㄧㄥˊ	天秤	cedict:line:28872	taiwan_usage
taiwan	ㄊㄧㄢˉㄌㄨㄥˊㄍㄨㄛˊ	天龍國	cedict:line:28986	taiwan_usage
taiwan	ㄊㄧㄢˉㄌㄨㄥˊㄖㄣˊ	天龍人	cedict:line:28984	taiwan_usage
taiwan	ㄊㄧㄢˉㄕˇㄇㄧˊㄇㄥˋ	天使迷夢	wikidata:Q66675942+cedict:derived	books
taiwan	ㄊㄧㄢˊㄅㄨˋㄌㄚˋ	甜不辣	cedict:line:74169	animals
taiwan	ㄊㄧㄢˊㄇㄧˋㄇㄧˋ	甜蜜蜜	wikidata:Q6900474+cedict:derived	songs
taiwan	ㄊㄧㄥˊㄉㄤˋ	停當	cedict:line:9278	taiwan_usage
taiwan	ㄊㄧㄥˋ	聽	cedict:line:89536	taiwan_usage
taiwan	ㄊㄨˇ	芏	cedict:line:92955	taiwan_usage
taiwan	ㄊㄨˇㄉㄡˋ	土豆	cedict:line:24857	taiwan_usage
taiwan	ㄊㄨˇㄊㄨㄛˉㄩˊ	土魠魚	cedict:line:24876	taiwan_usage
taiwan	ㄊㄨˇㄔㄥˊㄑㄩˉ	土城區	cedict:line:24781	places
taiwan	ㄊㄨˇㄕˊㄌㄧㄡˊ	土石流	cedict:line:24833	taiwan_usage
taiwan	ㄊㄨˇㄨㄚˇㄌㄨˇ	吐瓦魯	cedict:line:20344	places
taiwan	ㄊㄨˉㄋㄧˊㄒㄧˉㄧㄚˋ	突尼西亞	cedict:line:82134	taiwan_usage
taiwan	ㄊㄨˉㄔㄨㄟˊ	凸槌	cedict:line:13027	taiwan_usage
taiwan	ㄊㄨˊ	凸	cedict:line:13018	taiwan_usage
taiwan	ㄊㄨˊ	突	cedict:line:82125	taiwan_usage
taiwan	ㄊㄨˊ	葖	cedict:line:94969	taiwan_usage
taiwan	ㄊㄨˊㄅㄨˋㄑㄩˉ	徒步區	cedict:line:40160	taiwan_usage
taiwan	ㄊㄨˊㄕˋ	圖示	cedict:line:24690	taiwan_usage
taiwan	ㄊㄨㄛˇㄒㄧㄝˊ	妥協	wikidata:Q130758906+cedict:derived	songs
taiwan	ㄊㄨㄛˉㄒㄧㄝˊㄇㄧㄢˋㄅㄠˉ	拖鞋麵包	cedict:line:46369	taiwan_usage
taiwan	ㄊㄨㄛˉㄔㄨㄤˉ	脫窗	cedict:line:90579	taiwan_usage
taiwan	ㄊㄨㄟˇ	腿	wikidata:Q101215862+cedict:derived	films
taiwan	ㄊㄨㄟˇㄌㄜ˙	腿了	cedict:line:91005	taiwan_usage
taiwan	ㄊㄨㄟˉㄓㄣˉ	推甄	cedict:line:48005	taiwan_usage
taiwan	ㄊㄨㄟˉㄨㄣˊ	推文	cedict:line:47988	taiwan_usage
taiwan	ㄊㄨㄣˊㄑㄩˉ	屯區	cedict:line:35548	places
taiwan	ㄊㄨㄣˋ	褪	cedict:line:99046	taiwan_usage
taiwan	ㄊㄨㄥˇㄅㄧㄢˉ	統編	cedict:line:85731	taiwan_usage
taiwan	ㄊㄨㄥˇㄏㄜˊ	統合	cedict:line:85709	taiwan_usage
taiwan	ㄊㄨㄥˇㄗˇㄇㄧˇㄍㄠˉ	筒子米糕	cedict:line:83061	plants
taiwan	ㄊㄨㄥˇㄧˉㄅㄧㄢˉㄏㄠˋ	統一編號	cedict:line:85702	taiwan_usage
taiwan	ㄊㄨㄥˇㄧˉㄈㄚˉㄆㄧㄠˋ	統一發票	cedict:line:85699	taiwan_usage
taiwan	ㄊㄨㄥˇㄧˉㄔㄠˉㄕㄤˉ	統一超商	cedict:line:85705	people
taiwan	ㄊㄨㄥˉ	熥	cedict:line:70588	foods
taiwan	ㄊㄨㄥˉㄆㄥˊ	通膨	cedict:line:107679	taiwan_usage
taiwan	ㄊㄨㄥˉㄒㄩㄣˋㄒㄧㄝˊㄉㄧㄥˋ	通訊協定	cedict:line:107691	taiwan_usage
taiwan	ㄊㄨㄥˉㄔㄜˉ	通車	cedict:line:107716	taiwan_usage
taiwan	ㄊㄨㄥˉㄩㄥˋㄆㄧㄣˉㄧㄣˉ	通用拼音	cedict:line:107651	taiwan_usage
taiwan	ㄊㄨㄥˉㄩㄥˋㄇㄚˇ	通用碼	cedict:line:107655	taiwan_usage
taiwan	ㄊㄨㄥˉㄩㄥˋㄏㄢˋㄗˋㄅㄧㄠˉㄓㄨㄣˇㄐㄧㄠˉㄏㄨㄢˋㄇㄚˇ	通用漢字標準交換碼	cedict:line:107654	taiwan_usage
taiwan	ㄊㄨㄥˊ	艟	cedict:line:92699	taiwan_usage
taiwan	ㄊㄨㄥˊㄅㄢˇ	銅板	cedict:line:111642	taiwan_usage
taiwan	ㄊㄨㄥˊㄅㄨˋㄎㄡˇㄧˋ	同步口譯	cedict:line:20096	taiwan_usage
taiwan	ㄊㄨㄥˊㄔㄞˊㄕㄣˇㄔㄚˊ	同儕審查	cedict:line:20023	taiwan_usage
taiwan	ㄊㄨㄥˊㄔㄞˊㄗˉㄕㄤˉ	同儕諮商	cedict:line:20024	taiwan_usage
taiwan	ㄊㄨㄥˊㄨㄢˊ	童玩	cedict:line:82527	taiwan_usage
taiwan	ㄋㄚˊ	南	cedict:line:17017	taiwan_usage
taiwan	ㄋㄚˊㄇㄛˊ	南無	cedict:line:17173	taiwan_usage
taiwan	ㄋㄚˊㄙㄨㄛˇ	拿索	cedict:line:46746	taiwan_usage
taiwan	ㄋㄚˋㄇㄧㄠˇ	納秒	cedict:line:84785	taiwan_usage
taiwan	ㄋㄚˋㄊㄧˊ	那堤	cedict:line:109424	taiwan_usage
taiwan	ㄋㄚˋㄙˉㄉㄚˊㄎㄜˋ	那斯達克	cedict:line:109430	taiwan_usage
taiwan	ㄋㄞˋ	錼	cedict:line:112151	taiwan_usage
taiwan	ㄋㄞˋㄇㄧˇ	奈米	cedict:line:29473	taiwan_usage
taiwan	ㄋㄞˋㄇㄧㄠˇ	奈秒	cedict:line:29472	taiwan_usage
taiwan	ㄋㄞˋㄌㄨㄛˋㄅㄧˇ	奈洛比	cedict:line:29471	taiwan_usage
taiwan	ㄋㄞˋㄐㄧˊㄌㄧˋㄧㄚˋ	奈及利亞	cedict:line:29467	taiwan_usage
taiwan	ㄋㄞˋㄘㄠˉ	耐操	cedict:line:88805	taiwan_usage
taiwan	ㄋㄟˋㄈㄟˉㄉㄧˋ	內飛地	cedict:line:11254	taiwan_usage
taiwan	ㄋㄟˋㄉㄚˉㄎㄨˋ	內搭褲	cedict:line:11146	taiwan_usage
taiwan	ㄋㄟˋㄉㄧˋ	內地	cedict:line:11109	taiwan_usage
taiwan	ㄋㄟˋㄏㄨˊ	內湖	cedict:line:11165	places
taiwan	ㄋㄟˋㄏㄨˊㄑㄩˉ	內湖區	cedict:line:11166	places
taiwan	ㄋㄟˋㄒㄧㄢˋ	內餡	cedict:line:11256	taiwan_usage
taiwan	ㄋㄟˋㄓㄥˋㄅㄨˋㄐㄧㄥˇㄓㄥˋㄕㄨˇ	內政部警政署	cedict:line:11149	taiwan_usage
taiwan	ㄋㄟˋㄩㄥˋ	內用	cedict:line:11176	taiwan_usage
taiwan	ㄋㄠˋㄑㄩˉ	鬧區	cedict:line:122051	places
taiwan	ㄋㄢˊㄈㄤˉㄠˋㄩˊㄍㄤˇ	南方澳漁港	cedict:line:17107	places
taiwan	ㄋㄢˊㄊㄡˊ	南投	cedict:line:17098	places
taiwan	ㄋㄢˊㄊㄡˊㄒㄧㄢˋ	南投縣	cedict:line:17100	places
taiwan	ㄋㄢˊㄊㄡˊㄕˋ	南投市	cedict:line:17099	places
taiwan	ㄋㄢˊㄊㄨㄣˊㄑㄩˉ	南屯區	cedict:line:17074	places
taiwan	ㄋㄢˊㄍㄢˉ	南竿	cedict:line:17187	places
taiwan	ㄋㄢˊㄍㄤˇㄑㄩˉ	南港區	cedict:line:17155	places
taiwan	ㄋㄢˊㄑㄩㄢˊㄇㄚˉㄇㄚˉ	南拳媽媽	cedict:line:17102	taiwan_usage
taiwan	ㄋㄢˊㄕㄚˉㄑㄩㄣˊㄉㄠˇ	南沙群島	cedict:line:17140	taiwan_usage
taiwan	ㄋㄢˊㄗˇ	楠梓	cedict:line:58478	places
taiwan	ㄋㄢˊㄗˇㄑㄩˉ	楠梓區	cedict:line:58479	places
taiwan	ㄋㄧˇ	妳	cedict:line:30384	taiwan_usage
taiwan	ㄋㄧˇㄅㄨˋㄕㄨˇㄩˊㄨㄛˇ	你不屬於我	wikidata:Q124054980+cedict:derived	songs
taiwan	ㄋㄧˊ	妮	cedict:line:30375	taiwan_usage
taiwan	ㄋㄧˊㄊㄜˋㄗㄨˊ	尼特族	cedict:line:35118	taiwan_usage
taiwan	ㄋㄧˊㄍㄨˇㄒㄧˉㄧㄚˋ	尼古西亞	cedict:line:35089	taiwan_usage
taiwan	ㄋㄧˊㄐㄧㄚˉㄌㄚˉㄆㄨˋㄅㄨˋ	尼加拉瀑布	cedict:line:35083	taiwan_usage
taiwan	ㄋㄧˊㄖˋ	尼日	cedict:line:35104	taiwan_usage
taiwan	ㄋㄧˋㄈㄢˊ	膩煩	cedict:line:91144	taiwan_usage
taiwan	ㄋㄧㄠˇㄢˋㄙㄨㄢˉ	鳥胺酸	cedict:line:122736	taiwan_usage
taiwan	ㄋㄧㄡˇㄒㄧˉㄌㄢˊ	紐西蘭	cedict:line:84847	taiwan_usage
taiwan	ㄋㄧㄡˇㄗㄜˊㄒㄧˉ	紐澤西	cedict:line:84830	taiwan_usage
taiwan	ㄋㄧㄡˊㄓㄤˉ	牛樟	cedict:line:71515	indigenous
taiwan	ㄋㄧㄢˊ	拈	cedict:line:45941	taiwan_usage
taiwan	ㄋㄧㄢˊ	黏	cedict:line:123884	taiwan_usage
taiwan	ㄋㄧㄢˊㄊㄧㄝˉ	粘貼	cedict:line:83940	taiwan_usage
taiwan	ㄋㄧㄢˊㄎㄡˋㄉㄞˋ	黏扣帶	cedict:line:123895	taiwan_usage
taiwan	ㄋㄧㄥˊ	寧	cedict:line:33456	taiwan_usage
taiwan	ㄋㄨˇㄍㄨㄚˉㄌㄡˊㄈㄚˉ	努瓜婁發	cedict:line:15421	taiwan_usage
taiwan	ㄋㄨㄛˊ	哪	cedict:line:21782	taiwan_usage
taiwan	ㄋㄨㄛˊ	挼	cedict:line:47110	taiwan_usage
taiwan	ㄋㄨㄛˋㄌㄨˇ	諾魯	cedict:line:101736	places
taiwan	ㄋㄨㄛˋㄌㄨㄛˊㄅㄧㄥˋㄉㄨˊ	諾羅病毒	cedict:line:101728	taiwan_usage
taiwan	ㄋㄨㄛˋㄎㄜˋㄕㄠˇ	諾克少	cedict:line:101711	taiwan_usage
taiwan	ㄋㄨㄢˇㄋㄨㄢˇ	暖暖	cedict:line:53918	places
taiwan	ㄋㄨㄢˇㄋㄨㄢˇㄅㄠˉ	暖暖包	cedict:line:53919	taiwan_usage
taiwan	ㄋㄨㄢˇㄋㄨㄢˇㄑㄩˉ	暖暖區	cedict:line:53920	places
taiwan	ㄋㄨㄥˊㄧㄝˋㄕㄥˉㄐㄧˋ	農業生技	cedict:line:106765	taiwan_usage
taiwan	ㄋㄨㄥˊㄧㄡˇ	農友	cedict:line:106726	taiwan_usage
taiwan	ㄌㄚˇㄐㄧˉ	喇舌	cedict:line:22480	taiwan_usage
taiwan	ㄌㄚˉ	鞡	cedict:line:118065	taiwan_usage
taiwan	ㄌㄚˉㄊㄞˊ	拉抬	cedict:line:46020	taiwan_usage
taiwan	ㄌㄚˉㄙㄞˋ	喇賽	cedict:line:22481	taiwan_usage
taiwan	ㄌㄚˊ	剌	cedict:line:14372	taiwan_usage
taiwan	ㄌㄜˋ	垃	cedict:line:25476	taiwan_usage
taiwan	ㄌㄜˋ	埒	cedict:line:25698	taiwan_usage
taiwan	ㄌㄜˋ	肋	cedict:line:89747	taiwan_usage
taiwan	ㄌㄜˋㄙㄜˋ	垃圾	cedict:line:25477	taiwan_usage
taiwan	ㄌㄜˋㄙㄜˋ	樂色	cedict:line:58972	taiwan_usage
taiwan	ㄌㄜˋㄙㄜˋㄊㄨㄥˇ	垃圾桶	cedict:line:25481	taiwan_usage
taiwan	ㄌㄞˊㄉㄧㄢˋㄉㄚˊㄌㄧㄥˊ	來電答鈴	cedict:line:7731	taiwan_usage
taiwan	ㄌㄞˊㄊㄞˊ	來台	cedict:line:7676	taiwan_usage
taiwan	ㄌㄞˊㄓㄨˉ	萊豬	cedict:line:94593	taiwan_usage
taiwan	ㄌㄞˋ	賴	cedict:line:103825	taiwan_usage
taiwan	ㄌㄞˋㄅㄧˇㄖㄨㄟˋㄧㄚˋ	賴比瑞亞	cedict:line:103834	taiwan_usage
taiwan	ㄌㄞˋㄑㄧㄥˉㄉㄜˊ	賴清德	cedict:line:103836	people
taiwan	ㄌㄞˋㄕㄥˉㄔㄨㄢˉ	賴聲川	cedict:line:103840	performers
taiwan	ㄌㄞˋㄙㄨㄛˇㄊㄨㄛˉ	賴索托	cedict:line:103839	taiwan_usage
taiwan	ㄌㄟˇㄌㄟˇ	累累	cedict:line:85195	taiwan_usage
taiwan	ㄌㄟˊ	擂	cedict:line:49386	taiwan_usage
taiwan	ㄌㄟˊ	雷	cedict:line:116693	taiwan_usage
taiwan	ㄌㄟˊㄌㄤˇ	雷朗	cedict:line:116729	indigenous
taiwan	ㄌㄟˊㄌㄤˇㄗㄨˊ	雷朗族	cedict:line:116730	indigenous
taiwan	ㄌㄟˊㄍㄣˉ	雷根	cedict:line:116731	taiwan_usage
taiwan	ㄌㄟˊㄎㄜˋㄧㄚˇㄨㄟˊㄎㄜˋ	雷克雅維克	cedict:line:116700	taiwan_usage
taiwan	ㄌㄟˊㄕㄜˋ	鐳射	cedict:line:112540	taiwan_usage
taiwan	ㄌㄟˊㄕㄜˋ	雷射	cedict:line:116712	taiwan_usage
taiwan	ㄌㄟˊㄕㄜˋㄅㄧˇ	雷射筆	cedict:line:116713	taiwan_usage
taiwan	ㄌㄟˋ	礌	cedict:line:80109	taiwan_usage
taiwan	ㄌㄟˋ	累	cedict:line:85181	taiwan_usage
taiwan	ㄌㄟˋㄅㄧˇ	類比	cedict:line:119100	taiwan_usage
taiwan	ㄌㄠˇ	粩	cedict:line:83960	taiwan_usage
taiwan	ㄌㄠˇㄍㄥˇ	老梗	cedict:line:88543	taiwan_usage
taiwan	ㄌㄠˇㄕㄣˊㄗㄞˋㄗㄞˋ	老神在在	cedict:line:88584	taiwan_usage
taiwan	ㄌㄠˋ	勞	cedict:line:15724	taiwan_usage
taiwan	ㄌㄠˋㄋㄨㄥˊ	酪農	cedict:line:110197	taiwan_usage
taiwan	ㄌㄠˋㄋㄨㄥˊㄧㄝˋ	酪農業	cedict:line:110198	taiwan_usage
taiwan	ㄌㄠˋㄖㄣˇ	落忍	cedict:line:94839	animals
taiwan	ㄌㄢˇㄖㄣˊㄅㄠˉ	懶人包	cedict:line:43474	taiwan_usage
taiwan	ㄌㄢˊㄋㄨㄥˊ	藍儂	cedict:line:96029	performers
taiwan	ㄌㄢˊㄨㄟˋ	欄位	cedict:line:59842	taiwan_usage
taiwan	ㄌㄥˋ	怔	cedict:line:41372	taiwan_usage
taiwan	ㄌㄧˇ	喱	cedict:line:22913	taiwan_usage
taiwan	ㄌㄧˇ	里	cedict:line:110535	taiwan_usage
taiwan	ㄌㄧˇㄇㄧㄣˇㄩㄥˇ	李敏勇	cedict:line:55907	people
taiwan	ㄌㄧˇㄈㄚˋㄊㄧㄥˉ	理髮廳	cedict:line:73500	taiwan_usage
taiwan	ㄌㄧˇㄈㄨˊㄉㄧㄢˋ	禮服店	cedict:line:80895	taiwan_usage
taiwan	ㄌㄧˇㄉㄥˉㄏㄨㄟˉ	李登輝	cedict:line:55945	people
taiwan	ㄌㄧˇㄊㄧㄢˉㄌㄨˋ	李天祿	cedict:line:55876	taiwan_usage
taiwan	ㄌㄧˇㄌㄤˇㄨㄟˉ	里朗威	cedict:line:110549	taiwan_usage
taiwan	ㄌㄧˇㄎㄞˉㄈㄨˋ	李開復	cedict:line:55977	people
taiwan	ㄌㄧˇㄐㄧˉ	里肌	cedict:line:110566	taiwan_usage
taiwan	ㄌㄧˇㄗㄨㄥˉㄕㄥˋ	李宗盛	cedict:line:55884	taiwan_usage
taiwan	ㄌㄧˇㄢˉ	李安	cedict:line:55882	performers
taiwan	ㄌㄧˇㄨㄟˊㄧㄝˉㄌㄚˉ	里維耶拉	cedict:line:110565	taiwan_usage
taiwan	ㄌㄧˇㄩㄝˉ	里約	cedict:line:110562	places
taiwan	ㄌㄧˇㄩㄢˇㄓㄜˊ	李遠哲	cedict:line:55972	people
taiwan	ㄌㄧˊㄈㄥˉ	離峰	cedict:line:116298	mountains
taiwan	ㄌㄧˋ	琍	cedict:line:73520	taiwan_usage
taiwan	ㄌㄧˋ	粒	cedict:line:83865	taiwan_usage
taiwan	ㄌㄧˋㄆㄢˋ	力拚	cedict:line:15085	taiwan_usage
taiwan	ㄌㄧˋㄈㄚˇㄨㄟˇㄩㄢˊ	立法委員	cedict:line:82408	taiwan_usage
taiwan	ㄌㄧˋㄈㄤˉㄍㄨㄥˉㄔˇ	立方公尺	cedict:line:82396	taiwan_usage
taiwan	ㄌㄧˋㄎㄜˇㄅㄞˊ	立可白	cedict:line:82378	taiwan_usage
taiwan	ㄌㄧˋㄒㄧㄥˉㄌㄧㄠˊㄇㄟˊ	麗星鷯鶥	cedict:line:123324	animals
taiwan	ㄌㄧˋㄕˉ	麗鳾	cedict:line:123338	animals
taiwan	ㄌㄧˋㄖㄣˊㄇㄢˊ	儷人蠻	wikidata:Q107535347+cedict:derived	books
taiwan	ㄌㄧˋㄧㄚˇㄉㄜˊ	利雅德	cedict:line:14110	taiwan_usage
taiwan	ㄌㄧˋㄨㄟˇ	立委	cedict:line:82383	taiwan_usage
taiwan	ㄌㄧˋㄩㄢˋ	立院	cedict:line:82430	taiwan_usage
taiwan	ㄌㄧㄝˋ	列	cedict:line:13813	taiwan_usage
taiwan	ㄌㄧㄝˋㄓˉㄉㄨㄣˉㄙˉㄉㄥˉ	列支敦斯登	cedict:line:13836	taiwan_usage
taiwan	ㄌㄧㄝˋㄧㄣˋ	列印	cedict:line:13823	taiwan_usage
taiwan	ㄌㄧㄠˇ	釕	cedict:line:111263	taiwan_usage
taiwan	ㄌㄧㄠˊㄍㄨㄛˊ	寮國	cedict:line:33668	taiwan_usage
taiwan	ㄌㄧㄡˇㄉㄧㄥˉ	柳丁	cedict:line:57090	taiwan_usage
taiwan	ㄌㄧㄡˇㄧㄥˊ	柳營	cedict:line:57124	places
taiwan	ㄌㄧㄡˊ	鎦	cedict:line:112290	taiwan_usage
taiwan	ㄌㄧㄡˊ	鎦	cedict:line:112291	taiwan_usage
taiwan	ㄌㄧㄡˊㄋㄧˊㄨㄤˋ	留尼旺	cedict:line:75005	places
taiwan	ㄌㄧㄡˊㄌㄧˇㄊㄞˊ	流理台	cedict:line:64918	mountains
taiwan	ㄌㄧㄡˊㄑㄧㄡˊ	流球	cedict:line:64916	taiwan_usage
taiwan	ㄌㄧㄡˊㄑㄧㄡˊ	琉球	cedict:line:73506	places
taiwan	ㄌㄧㄡˊㄑㄧㄡˊㄏㄞˇ	琉球海	cedict:line:73509	taiwan_usage
taiwan	ㄌㄧㄡˊㄓˊㄊㄧㄥˊㄒㄧㄣˉ	留職停薪	cedict:line:75040	taiwan_usage
taiwan	ㄌㄧㄡˊㄔㄢˊ	劉禪	cedict:line:14992	taiwan_usage
taiwan	ㄌㄧㄢˊㄌㄨㄛˋㄖㄣˊ	聯絡人	cedict:line:89365	taiwan_usage
taiwan	ㄌㄧㄢˊㄏㄜˊㄅㄠˋ	聯合報	cedict:line:89320	taiwan_usage
taiwan	ㄌㄧㄢˊㄐㄧˊ	聯集	cedict:line:89406	taiwan_usage
taiwan	ㄌㄧㄢˊㄐㄧㄝˊ	連結	cedict:line:107937	taiwan_usage
taiwan	ㄌㄧㄢˊㄐㄧㄝˊㄔㄜˉ	聯結車	cedict:line:89363	taiwan_usage
taiwan	ㄌㄧㄢˊㄐㄧㄤˉㄒㄧㄢˋ	連江縣	cedict:line:107918	places
taiwan	ㄌㄧㄢˊㄒㄧㄢˋ	連線	cedict:line:107946	taiwan_usage
taiwan	ㄌㄧㄢˊㄓㄢˋ	連戰	cedict:line:107893	people
taiwan	ㄌㄧㄢˋ	斂	cedict:line:51232	taiwan_usage
taiwan	ㄌㄧㄢˋ	薟	cedict:line:95861	taiwan_usage
taiwan	ㄌㄧㄢˋ	薟	cedict:line:95862	taiwan_usage
taiwan	ㄌㄧㄢˋㄒㄧˊㄕㄥˉ	練習生	cedict:line:86652	performers
taiwan	ㄌㄧㄢˋㄖㄣˋ	斂衽	cedict:line:51236	taiwan_usage
taiwan	ㄌㄧㄣˊㄅㄧㄥˋ	淋病	cedict:line:65835	taiwan_usage
taiwan	ㄌㄧㄣˊㄈㄥˉㄓㄥˋ	林豐正	cedict:line:56677	people
taiwan	ㄌㄧㄣˊㄏㄨㄞˊㄇㄧㄣˊ	林懷民	cedict:line:56647	taiwan_usage
taiwan	ㄌㄧㄣˊㄑㄧㄥˉㄒㄧㄚˊ	林青霞	cedict:line:56684	performers
taiwan	ㄌㄧㄣˊㄒㄧㄣˉㄖㄨˊ	林心如	cedict:line:56644	performers
taiwan	ㄌㄧㄣˊㄓˋㄌㄧㄥˊ	林志玲	cedict:line:56645	performers
taiwan	ㄌㄧㄣˊㄕㄨˉㄏㄠˊ	林書豪	cedict:line:56649	taiwan_usage
taiwan	ㄌㄧㄤˇㄢˋ	兩岸	cedict:line:11483	taiwan_usage
taiwan	ㄌㄧㄤˇㄢˋㄙㄢˉㄉㄧˋ	兩岸三地	cedict:line:11484	taiwan_usage
taiwan	ㄌㄧㄤˊㄎㄨㄞ˙	涼快	cedict:line:65775	taiwan_usage
taiwan	ㄌㄧㄥˇㄉㄠˇㄊㄨㄥˇㄩˋ	領導統御	cedict:line:118696	taiwan_usage
taiwan	ㄌㄧㄥˉ	拎	cedict:line:46211	taiwan_usage
taiwan	ㄌㄧㄥˊ	呤	cedict:line:20896	taiwan_usage
taiwan	ㄌㄧㄥˊㄇㄚˇ	零碼	cedict:line:116668	mountains
taiwan	ㄌㄧㄥˊㄧㄚˇ	苓雅	cedict:line:93345	places
taiwan	ㄌㄧㄥˊㄧㄚˇㄑㄩˉ	苓雅區	cedict:line:93346	places
taiwan	ㄌㄧㄥˋ	令	cedict:line:6398	taiwan_usage
taiwan	ㄌㄨˇㄅㄧㄥˉㄏㄨㄚˉ	魯冰花	wikidata:Q111800091+cedict:derived	songs
taiwan	ㄌㄨˇㄎㄞˇㄗㄨˊ	魯凱族	cedict:line:122390	indigenous
taiwan	ㄌㄨˇㄕㄜˊ	魯蛇	cedict:line:122414	taiwan_usage
taiwan	ㄌㄨˊ	盧	cedict:line:77554	foods
taiwan	ㄌㄨˊㄅㄧˇㄢˉㄋㄚˋ	盧比安納	cedict:line:77570	taiwan_usage
taiwan	ㄌㄨˊㄇㄢˊ	鱸鰻	cedict:line:122700	taiwan_usage
taiwan	ㄌㄨˊㄓㄡˉ	蘆洲	cedict:line:96327	places
taiwan	ㄌㄨˊㄓㄡˉㄕˋ	蘆洲市	cedict:line:96328	places
taiwan	ㄌㄨˊㄢˉㄉㄚˊ	盧安達	cedict:line:77561	taiwan_usage
taiwan	ㄌㄨˋ	碌	cedict:line:79679	taiwan_usage
taiwan	ㄌㄨˋㄅㄚˋ	路霸	cedict:line:105068	taiwan_usage
taiwan	ㄌㄨˋㄆㄟˋ	陸配	cedict:line:115130	taiwan_usage
taiwan	ㄌㄨˋㄇㄧㄢˋㄉㄧㄢˋㄔㄜˉ	路面電車	cedict:line:105070	taiwan_usage
taiwan	ㄌㄨˋㄉㄨˊ	碌碡	cedict:line:79685	taiwan_usage
taiwan	ㄌㄨˋㄌㄠˊ	陸勞	cedict:line:115088	taiwan_usage
taiwan	ㄌㄨˋㄎㄜˋ	陸客	cedict:line:115096	taiwan_usage
taiwan	ㄌㄨˋㄕㄚˉㄎㄚˇ	路沙卡	cedict:line:105028	taiwan_usage
taiwan	ㄌㄨˋㄧㄥˇㄉㄞˋ	錄影帶	cedict:line:111949	taiwan_usage
taiwan	ㄌㄨˋㄧㄥˇㄐㄧˉ	錄影機	cedict:line:111950	taiwan_usage
taiwan	ㄌㄨˋㄨㄟˇㄏㄨㄟˋ	陸委會	cedict:line:115095	taiwan_usage
taiwan	ㄌㄨˋㄩˋㄈㄥˉㄉㄧㄢˋ	陸域風電	cedict:line:115092	taiwan_usage
taiwan	ㄌㄨㄛˊㄅㄧˋㄉㄚˊㄈㄚˇㄗㄜˊ	羅必達法則	cedict:line:87557	taiwan_usage
taiwan	ㄌㄨㄛˊㄈㄨˊㄍㄨㄥˉ	羅浮宮	cedict:line:87590	taiwan_usage
taiwan	ㄌㄨㄛˊㄓˋㄒㄧㄤˊ	羅志祥	cedict:line:87558	taiwan_usage
taiwan	ㄌㄨㄛˋ	酪	cedict:line:110188	foods
taiwan	ㄌㄨㄛˋ	馲	cedict:line:120722	taiwan_usage
taiwan	ㄌㄨㄢˋㄕˋ	亂視	cedict:line:4586	taiwan_usage
taiwan	ㄌㄨㄢˋㄕㄨˋ	亂數	cedict:line:4571	taiwan_usage
taiwan	ㄌㄨㄥˊ	籠	cedict:line:83706	taiwan_usage
taiwan	ㄌㄨㄥˊㄅㄠˉ	聾胞	cedict:line:89615	taiwan_usage
taiwan	ㄌㄨㄥˊㄇㄟˋ	龍妹	cedict:line:124817	taiwan_usage
taiwan	ㄌㄨㄥˊㄍㄨㄥˉㄅㄟˋ	龍宮貝	cedict:line:124824	taiwan_usage
taiwan	ㄌㄨㄥˊㄐㄧㄥˇㄑㄩˉ	龍井區	cedict:line:124795	places
taiwan	ㄌㄨㄥˊㄑㄧˊ	龍崎	cedict:line:124829	places
taiwan	ㄌㄨㄥˊㄒㄩˉㄘㄞˋ	龍鬚菜	cedict:line:124947	taiwan_usage
taiwan	ㄌㄩˇㄔㄨㄥˉ	旅充	cedict:line:52326	taiwan_usage
taiwan	ㄌㄩˇㄙㄨㄥˋㄏㄞˇㄒㄧㄚˊ	呂宋海峽	cedict:line:20791	places
taiwan	ㄍㄚˊㄇㄚˇㄌㄢˊ	噶瑪蘭	cedict:line:23470	indigenous
taiwan	ㄍㄚˊㄇㄚˇㄌㄢˊㄗㄨˊ	噶瑪蘭族	cedict:line:23471	indigenous
taiwan	ㄍㄚˊㄏㄚˉㄨˉㄗㄨˊ	噶哈巫族	cedict:line:23458	indigenous
taiwan	ㄍㄚˋㄉㄧㄢˋ	尬電	cedict:line:35001	taiwan_usage
taiwan	ㄍㄚˋㄧˋ	尬意	cedict:line:34998	taiwan_usage
taiwan	ㄍㄚˋㄨˇ	尬舞	cedict:line:35000	taiwan_usage
taiwan	ㄍㄜˇㄇㄛˊ	葛摩	cedict:line:95041	taiwan_usage
taiwan	ㄍㄜˉ	戈	cedict:line:43620	taiwan_usage
taiwan	ㄍㄜˉ	擱	cedict:line:49675	animals
taiwan	ㄍㄜˉ	牁	cedict:line:71337	taiwan_usage
taiwan	ㄍㄜˉㄉㄜˊ	哥德	cedict:line:21739	people
taiwan	ㄍㄜˉㄉㄜˊㄕˋ	哥德式	cedict:line:21742	taiwan_usage
taiwan	ㄍㄜˉㄌㄟˊ	戈雷	cedict:line:43636	taiwan_usage
taiwan	ㄍㄜˉㄐㄧˊㄌㄚˉ	哥吉拉	cedict:line:21734	taiwan_usage
taiwan	ㄍㄜˉㄗㄞˇㄒㄧˋ	歌仔戲	cedict:line:60099	taiwan_usage
taiwan	ㄍㄜˉㄙˉㄉㄚˋㄌㄧˊㄐㄧㄚˉ	哥斯大黎加	cedict:line:21744	taiwan_usage
taiwan	ㄍㄜˊㄌㄞˊㄇㄟˇㄐㄧㄤˇ	葛萊美獎	cedict:line:95049	taiwan_usage
taiwan	ㄍㄜˊㄌㄧㄣˊㄨㄟˉㄓˋㄅㄧㄠˉㄓㄨㄣˇㄕˊㄐㄧㄢˉ	格林威治標準時間	cedict:line:57492	taiwan_usage
taiwan	ㄍㄜˊㄖㄨㄟˋㄋㄚˋㄉㄚˊ	格瑞那達	cedict:line:57514	places
taiwan	ㄍㄜˋㄅㄣˉㄉㄨㄥˉㄒㄧˉ	各奔東西	cedict:line:19646	taiwan_usage
taiwan	ㄍㄜˋㄊㄧˇㄐㄧㄥˉㄐㄧˋㄒㄩㄝˊ	個體經濟學	cedict:line:8601	taiwan_usage
taiwan	ㄍㄜˋㄗˉ	個資	cedict:line:8594	taiwan_usage
taiwan	ㄍㄞˇㄊㄡˊㄏㄨㄢˋㄇㄧㄢˋ	改頭換面	cedict:line:50236	taiwan_usage
taiwan	ㄍㄞˋㄊㄞˊㄍㄨㄤˇㄍㄠˋ	蓋台廣告	cedict:line:95409	taiwan_usage
taiwan	ㄍㄞˋㄧㄚˋㄋㄚˋ	蓋亞那	cedict:line:95406	taiwan_usage
taiwan	ㄍㄟˉㄅㄞˉ	假掰	cedict:line:8992	taiwan_usage
taiwan	ㄍㄠˉㄉㄚˊ	高達	cedict:line:121826	taiwan_usage
taiwan	ㄍㄠˉㄍㄨㄟˋㄐㄧˉ	高貴雞	cedict:line:121805	taiwan_usage
taiwan	ㄍㄠˉㄍㄨㄥˉ	高工	cedict:line:121604	taiwan_usage
taiwan	ㄍㄠˉㄎㄠˇ	高考	cedict:line:121764	taiwan_usage
taiwan	ㄍㄠˉㄎㄨㄥˉㄊㄢˊㄊㄧㄠˋ	高空彈跳	cedict:line:121734	taiwan_usage
taiwan	ㄍㄠˉㄐㄧㄚˇㄒㄧˋ	高甲戲	cedict:line:121712	taiwan_usage
taiwan	ㄍㄠˉㄐㄧㄝˉㄌㄧˊ	高接梨	cedict:line:121629	taiwan_usage
taiwan	ㄍㄠˉㄒㄩㄥˊ	高雄	cedict:line:121848	taiwan_usage
taiwan	ㄍㄠˉㄒㄩㄥˊㄕˋ	高雄市	cedict:line:121849	places
taiwan	ㄍㄠˉㄓˊ	高職	cedict:line:121770	taiwan_usage
taiwan	ㄍㄠˉㄕㄢˉㄗㄨˊ	高山族	cedict:line:121588	indigenous
taiwan	ㄍㄠˉㄧㄤˊ	高陽	cedict:line:121843	history
taiwan	ㄍㄡˋ	搆	cedict:line:48512	taiwan_usage
taiwan	ㄍㄢˇ	撖	cedict:line:49153	taiwan_usage
taiwan	ㄍㄢˇㄇㄠˋ	感冒	cedict:line:42819	taiwan_usage
taiwan	ㄍㄢˇㄘㄜˋㄑㄧˋ	感測器	cedict:line:42866	taiwan_usage
taiwan	ㄍㄢˉㄅㄧˇㄧㄚˋ	甘比亞	cedict:line:74113	taiwan_usage
taiwan	ㄍㄢˉㄊㄤˊ	肝醣	cedict:line:89835	taiwan_usage
taiwan	ㄍㄢˉㄋㄞˇㄉㄧˊ	甘迺迪	cedict:line:74144	taiwan_usage
taiwan	ㄍㄢˋㄋㄧˇㄋㄧㄤˊ	幹你娘	cedict:line:38019	taiwan_usage
taiwan	ㄍㄢˋㄏㄨㄚˋ	幹話	cedict:line:38038	taiwan_usage
taiwan	ㄍㄣˉㄋㄧˇㄌㄠˇㄆㄛˊㄑㄩˋㄌㄩˇㄒㄧㄥˊ	跟你老婆去旅行	wikidata:Q106020072+cedict:derived	films
taiwan	ㄍㄣˉㄐㄧㄢˉ	跟監	cedict:line:104906	taiwan_usage
taiwan	ㄍㄤˇㄊㄞˊ	港臺	cedict:line:66728	taiwan_usage
taiwan	ㄍㄤˇㄠˋㄊㄞˊ	港澳臺	cedict:line:66719	taiwan_usage
taiwan	ㄍㄤˉㄊㄧㄝˇㄇㄟˊㄍㄨㄟˉ	鋼鐵玫瑰	wikidata:Q7605708+cedict:derived	books
taiwan	ㄍㄤˉㄕㄢˉㄑㄩˉ	岡山區	cedict:line:35801	places
taiwan	ㄍㄤˋㄍㄨㄟˉ	槓龜	cedict:line:58847	taiwan_usage
taiwan	ㄍㄥˇ	梗	cedict:line:57852	foods
taiwan	ㄍㄥˇㄊㄨˊ	梗圖	cedict:line:57854	taiwan_usage
taiwan	ㄍㄥˉ	焿	cedict:line:70144	taiwan_usage
taiwan	ㄍㄥˉ	粳	cedict:line:83967	foods
taiwan	ㄍㄨˇ	蓇	cedict:line:95394	taiwan_usage
taiwan	ㄍㄨˇㄆㄢˊ	骨盤	cedict:line:121264	taiwan_usage
taiwan	ㄍㄨˇㄌㄨㄥˊ	古龍	cedict:line:18976	taiwan_usage
taiwan	ㄍㄨˇㄐㄧㄥˋㄑㄧˊㄊㄢˊ	古鏡奇譚	wikidata:Q27728527+cedict:derived	books
taiwan	ㄍㄨˇㄓˊ	骨殖	cedict:line:121244	taiwan_usage
taiwan	ㄍㄨˇㄕㄢˉ	鼓山	cedict:line:124501	places
taiwan	ㄍㄨˇㄕㄢˉㄑㄩˉ	鼓山區	cedict:line:124502	places
taiwan	ㄍㄨˇㄗㄠˇ	古早	cedict:line:18902	taiwan_usage
taiwan	ㄍㄨˇㄗㄠˇㄨㄟˋ	古早味	cedict:line:18903	taiwan_usage
taiwan	ㄍㄨˉ	鈷	cedict:line:111430	taiwan_usage
taiwan	ㄍㄨˉㄓㄣˋㄈㄨˇ	辜振甫	cedict:line:106584	taiwan_usage
taiwan	ㄍㄨˉㄨㄟˋ	孤味	wikidata:Q104051116+cedict:derived	films
taiwan	ㄍㄨˊㄊㄡ˙	骨頭	cedict:line:121289	taiwan_usage
taiwan	ㄍㄨˋㄒㄧㄥˊㄌㄧㄤˋ	固形量	cedict:line:24131	taiwan_usage
taiwan	ㄍㄨㄚˉ	括	cedict:line:46559	taiwan_usage
taiwan	ㄍㄨㄚˉ	蝸	cedict:line:97303	taiwan_usage
taiwan	ㄍㄨㄚˉㄉㄧˋㄇㄚˇㄌㄚˉ	瓜地馬拉	cedict:line:73916	taiwan_usage
taiwan	ㄍㄨㄚˉㄋㄧㄡˊ	蝸牛	cedict:line:97309	taiwan_usage
taiwan	ㄍㄨㄚˋㄅㄠˉ	刈包	cedict:line:13744	foods
taiwan	ㄍㄨㄚˋㄍㄡˉ	掛鉤	cedict:line:47679	taiwan_usage
taiwan	ㄍㄨㄛˇㄒㄧˉ	果昔	cedict:line:56726	taiwan_usage
taiwan	ㄍㄨㄛˉㄊㄞˊㄇㄧㄥˊ	郭台銘	cedict:line:109628	taiwan_usage
taiwan	ㄍㄨㄛˊㄅㄠˇ	國保	cedict:line:24195	taiwan_usage
taiwan	ㄍㄨㄛˊㄇㄧㄣˊㄋㄧㄢˊㄐㄧㄣˉ	國民年金	cedict:line:24352	taiwan_usage
taiwan	ㄍㄨㄛˊㄇㄧㄣˊㄋㄧㄢˊㄐㄧㄣˉㄅㄠˇㄒㄧㄢˇ	國民年金保險	cedict:line:24353	taiwan_usage
taiwan	ㄍㄨㄛˊㄇㄧㄣˊㄒㄧㄠˇㄒㄩㄝˊ	國民小學	cedict:line:24351	taiwan_usage
taiwan	ㄍㄨㄛˊㄇㄧㄣˊㄓㄨㄥˉㄒㄩㄝˊ	國民中學	cedict:line:24350	taiwan_usage
taiwan	ㄍㄨㄛˊㄇㄧㄣˊㄕㄥˉㄔㄢˇㄇㄠˊㄝˊ	國民生產毛額	cedict:line:24357	taiwan_usage
taiwan	ㄍㄨㄛˊㄈㄤˊㄙㄜˋ	國防色	cedict:line:24431	taiwan_usage
taiwan	ㄍㄨㄛˊㄊㄞˊㄅㄢˋ	國臺辦	cedict:line:24395	taiwan_usage
taiwan	ㄍㄨㄛˊㄋㄟˋㄕㄥˉㄔㄢˇㄇㄠˊㄝˊ	國內生產毛額	cedict:line:24202	taiwan_usage
taiwan	ㄍㄨㄛˊㄎㄠˇ	國考	cedict:line:24392	taiwan_usage
taiwan	ㄍㄨㄛˊㄏㄨㄟˋ	國會	cedict:line:24328	taiwan_usage
taiwan	ㄍㄨㄛˊㄐㄧㄚˉㄅㄧㄠˉㄓㄨㄣˇㄓㄨㄥˉㄨㄣˊㄐㄧㄠˉㄏㄨㄢˋㄇㄚˇ	國家標準中文交換碼	cedict:line:24269	taiwan_usage
taiwan	ㄍㄨㄛˊㄐㄧㄚˉㄢˉㄑㄩㄢˊㄐㄩˊ	國家安全局	cedict:line:24260	taiwan_usage
taiwan	ㄍㄨㄛˊㄑㄧˇ	國企	cedict:line:24194	taiwan_usage
taiwan	ㄍㄨㄛˊㄒㄧㄠˇ	國小	cedict:line:24304	taiwan_usage
taiwan	ㄍㄨㄛˊㄓㄨㄥˉ	國中	cedict:line:24189	taiwan_usage
taiwan	ㄍㄨㄛˊㄕㄨㄟˋㄐㄩˊ	國稅局	cedict:line:24382	taiwan_usage
taiwan	ㄍㄨㄛˊㄨˋㄩㄢˋㄊㄞˊㄨㄢˉㄕˋㄨˋㄅㄢˋㄍㄨㄥˉㄕˋ	國務院台灣事務辦公室	cedict:line:24218	taiwan_usage
taiwan	ㄍㄨㄛˊㄩˇㄓㄨˋㄧㄣˉㄈㄨˊㄏㄠˋㄉㄧˋㄧˉㄕˋ	國語注音符號第一式	cedict:line:24409	taiwan_usage
taiwan	ㄍㄨㄛˋㄇㄠˉ	過貓	cedict:line:108502	plants
taiwan	ㄍㄨㄞˋㄊㄞˉ	怪胎	wikidata:Q104051129+cedict:derived	films
taiwan	ㄍㄨㄞˋㄎㄚˉ	怪咖	cedict:line:41653	taiwan_usage
taiwan	ㄍㄨㄞˋㄕㄡˇ	怪手	cedict:line:41657	taiwan_usage
taiwan	ㄍㄨㄟˇㄔㄜˇ	詭扯	wikidata:Q107985568+cedict:derived	films
taiwan	ㄍㄨㄟˇㄩˋ	軌域	cedict:line:105706	taiwan_usage
taiwan	ㄍㄨㄟˉㄇㄠˊ	龜毛	cedict:line:124993	taiwan_usage
taiwan	ㄍㄨㄟˉㄖㄣˊ	歸仁	cedict:line:60811	places
taiwan	ㄍㄨㄟˋㄌㄨㄣˊㄇㄟˇ	桂綸鎂	cedict:line:57579	performers
taiwan	ㄍㄨㄢˉㄇㄧㄠˋ	關廟	cedict:line:113959	places
taiwan	ㄍㄨㄢˉㄋㄥˊㄐㄧˉ	官能基	cedict:line:32346	taiwan_usage
taiwan	ㄍㄨㄢˉㄒㄧˉ	關西	cedict:line:114003	places
taiwan	ㄍㄨㄢˉㄘㄞ˙ㄅㄢˇ	棺材板	cedict:line:58273	foods
taiwan	ㄍㄨㄣˇㄕˊ	滾石	cedict:line:67548	performers
taiwan	ㄍㄨㄤˇㄍㄢˉ	廣柑	cedict:line:38715	taiwan_usage
taiwan	ㄍㄨㄤˉㄈㄨˋ	光復	cedict:line:10623	history
taiwan	ㄍㄨㄤˉㄈㄨˋㄏㄡˋㄊㄞˊㄋㄢˊㄕˋㄒㄧㄢˋㄉㄞˋㄐㄧㄢˋㄓㄨˋ	光復後臺南市現代建築	wikidata:Q112031735+cedict:derived	books
taiwan	ㄍㄨㄤˉㄏㄞˋ	光害	cedict:line:10612	taiwan_usage
taiwan	ㄍㄨㄤˉㄒㄧㄢˉㄈㄣˉㄙㄢˋㄕˋㄗˉㄌㄧㄠˋㄐㄧㄝˋㄇㄧㄢˋ	光纖分散式資料介面	cedict:line:10688	taiwan_usage
taiwan	ㄍㄨㄥˉ	供	cedict:line:7798	taiwan_usage
taiwan	ㄍㄨㄥˉ	玒	cedict:line:72997	taiwan_usage
taiwan	ㄍㄨㄥˉㄈㄨ˙ㄔㄚˊ	功夫茶	cedict:line:15127	beverages
taiwan	ㄍㄨㄥˉㄉㄧˋㄒㄧㄡˋ	工地秀	cedict:line:36381	taiwan_usage
taiwan	ㄍㄨㄥˉㄌㄧㄠˊ	工寮	cedict:line:36391	taiwan_usage
taiwan	ㄍㄨㄥˉㄎㄨㄞˋㄇㄨˇㄔˊ	公筷母匙	cedict:line:11938	taiwan_usage
taiwan	ㄍㄨㄥˉㄒㄧㄡˉ	公休	cedict:line:11727	taiwan_usage
taiwan	ㄍㄨㄥˉㄔˇ	公尺	cedict:line:11832	taiwan_usage
taiwan	ㄍㄨㄥˉㄕˋ	工事	cedict:line:36322	taiwan_usage
taiwan	ㄍㄨㄥˉㄕˋㄅㄠˉ	公事包	cedict:line:11719	taiwan_usage
taiwan	ㄍㄨㄥˉㄕㄜˋㄅㄧˇ	公設比	cedict:line:11956	taiwan_usage
taiwan	ㄍㄨㄥˉㄗㄨㄛˋㄈㄤˉ	工作坊	cedict:line:36333	taiwan_usage
taiwan	ㄍㄨㄥˉㄗㄨㄛˋㄌㄧㄝˋ	工作列	cedict:line:36331	taiwan_usage
taiwan	ㄍㄨㄥˉㄗㄨㄛˋㄍㄨㄢˇㄌㄧˇㄩㄢˊ	工作管理員	cedict:line:36346	taiwan_usage
taiwan	ㄍㄨㄥˉㄙˉㄏㄤˊㄏㄠˋ	公司行號	cedict:line:11791	taiwan_usage
taiwan	ㄍㄨㄥˉㄩㄥˋㄐㄧㄠˉㄏㄨㄢˋㄉㄧㄢˋㄏㄨㄚˋㄨㄤˇ	公用交換電話網	cedict:line:11909	taiwan_usage
taiwan	ㄍㄨㄥˋㄈㄟˇ	共匪	cedict:line:12085	taiwan_usage
taiwan	ㄍㄨㄥˋㄊㄨㄥˊㄓㄨˇㄔˊㄖㄣˊ	共同主持人	cedict:line:12087	taiwan_usage
taiwan	ㄍㄨㄥˋㄔㄚˊ	貢茶	cedict:line:103009	beverages
taiwan	ㄎㄚˇ	卡	cedict:line:17400	places
taiwan	ㄎㄚˇ	鉲	cedict:line:111526	taiwan_usage
taiwan	ㄎㄚˇㄉㄚˊ	卡達	cedict:line:17531	taiwan_usage
taiwan	ㄎㄚˇㄉㄠˋㄧㄣˉ	卡到陰	cedict:line:17418	taiwan_usage
taiwan	ㄎㄚˇㄉㄧㄢˇㄒㄧˉㄉㄜˊ	卡典西德	cedict:line:17413	taiwan_usage
taiwan	ㄎㄚˇㄌㄚˉ	卡拉	cedict:line:17451	taiwan_usage
taiwan	ㄎㄚˇㄌㄚˉㄎㄚˇㄙˉ	卡拉卡斯	cedict:line:17454	taiwan_usage
taiwan	ㄎㄚˇㄕˋㄉㄚˊ	卡士達	cedict:line:17428	taiwan_usage
taiwan	ㄎㄚˇㄙˉ	卡司	cedict:line:17419	taiwan_usage
taiwan	ㄎㄚˇㄙˉㄘㄨㄟˋ	卡斯翠	cedict:line:17466	taiwan_usage
taiwan	ㄎㄚˉ	咖	cedict:line:21317	taiwan_usage
taiwan	ㄎㄚˉㄅㄧˉ	咖逼	cedict:line:21336	taiwan_usage
taiwan	ㄎㄚˉㄌㄧˇ	咖哩	cedict:line:21319	taiwan_usage
taiwan	ㄎㄚˋ	髂	cedict:line:121331	taiwan_usage
taiwan	ㄎㄜˇㄌㄧˋㄌㄨˋ	可麗露	cedict:line:19291	taiwan_usage
taiwan	ㄎㄜˇㄌㄨㄣˊㄆㄛˉ	可倫坡	cedict:line:19137	taiwan_usage
taiwan	ㄎㄜˉㄋㄚˋㄎㄜˋㄌㄧˇ	柯那克里	cedict:line:57073	taiwan_usage
taiwan	ㄎㄜˉㄌㄧㄣˊㄉㄨㄣˋ	柯林頓	cedict:line:57062	people
taiwan	ㄎㄜˉㄨㄣˊㄓㄜˊ	柯文哲	cedict:line:57059	people
taiwan	ㄎㄜˊ	殼	cedict:line:61252	taiwan_usage
taiwan	ㄎㄜˋ	克	cedict:line:10745	taiwan_usage
taiwan	ㄎㄜˋㄌㄡˋㄗˋ	克漏字	cedict:line:10805	taiwan_usage
taiwan	ㄎㄜˋㄌㄧㄡˊㄍㄢˇ	克流感	cedict:line:10804	taiwan_usage
taiwan	ㄎㄜˋㄌㄨㄛˊㄞˉㄒㄧˉㄧㄚˋ	克羅埃西亞	cedict:line:10813	taiwan_usage
taiwan	ㄎㄜˋㄍㄨㄛˊ	克國	cedict:line:10761	taiwan_usage
taiwan	ㄎㄜˋㄓˋㄏㄨㄚˋ	客製化	cedict:line:32595	taiwan_usage
taiwan	ㄎㄜˋㄩㄣˋ	客運	cedict:line:32606	taiwan_usage
taiwan	ㄎㄞˇ	凱	cedict:line:12967	taiwan_usage
taiwan	ㄎㄞˇㄉㄚˊㄍㄜˊㄌㄢˊ	凱達格蘭	cedict:line:12992	indigenous
taiwan	ㄎㄞˇㄉㄚˊㄍㄜˊㄌㄢˊㄗㄨˊ	凱達格蘭族	cedict:line:12993	indigenous
taiwan	ㄎㄞˉㄇㄞˋㄌㄚˉ	開麥拉	cedict:line:113630	taiwan_usage
taiwan	ㄎㄠˇㄍㄨˇㄊㄧˊ	考古題	cedict:line:88693	taiwan_usage
taiwan	ㄎㄠˇㄐㄧˋ	考紀	cedict:line:88715	taiwan_usage
taiwan	ㄎㄠˇㄒㄩㄢˇㄅㄨˋ	考選部	cedict:line:88729	taiwan_usage
taiwan	ㄎㄠˇㄕˋㄩㄢˋ	考試院	cedict:line:88725	taiwan_usage
taiwan	ㄎㄠˋㄅㄟˇ	靠北	cedict:line:117813	taiwan_usage
taiwan	ㄎㄠˋㄌㄠˋ	犒勞	cedict:line:71966	beverages
taiwan	ㄎㄠˋㄧㄠˉ	靠腰	cedict:line:117825	taiwan_usage
taiwan	ㄎㄡˇㄏㄨㄥˊㄐㄧㄠˉ	口紅膠	cedict:line:18788	taiwan_usage
taiwan	ㄎㄡˋ	佝	cedict:line:7513	taiwan_usage
taiwan	ㄎㄡˋ	扣	cedict:line:44963	taiwan_usage
taiwan	ㄎㄡˋㄧㄥˋ	扣應	cedict:line:44977	taiwan_usage
taiwan	ㄎㄢˇㄆㄟˊㄌㄚˉ	坎培拉	cedict:line:25270	taiwan_usage
taiwan	ㄎㄢˇㄔㄥˊ	坎城	cedict:line:25269	taiwan_usage
taiwan	ㄎㄣˇㄉㄧㄥˉ	墾丁	cedict:line:26693	places
taiwan	ㄎㄣˇㄉㄧㄥˉㄍㄨㄛˊㄐㄧㄚˉㄍㄨㄥˉㄩㄢˊ	墾丁國家公園	cedict:line:26694	places
taiwan	ㄎㄣˇㄧㄚˋ	肯亞	cedict:line:89944	taiwan_usage
taiwan	ㄎㄤˉㄋㄞˇㄉㄧˊㄎㄜˋ	康乃狄克	cedict:line:38423	taiwan_usage
taiwan	ㄎㄤˋ	閌	cedict:line:113635	taiwan_usage
taiwan	ㄎㄨˇㄓㄨˇ	苦主	cedict:line:93443	taiwan_usage
taiwan	ㄎㄨˉㄅㄟˉ	哭悲	wikidata:Q105697891+cedict:derived	films
taiwan	ㄎㄨˋ	矻	cedict:line:79228	taiwan_usage
taiwan	ㄎㄨˋㄆㄥˋ	酷碰	cedict:line:110246	taiwan_usage
taiwan	ㄎㄨˋㄆㄥˋㄑㄩㄢˋ	酷碰券	cedict:line:110247	taiwan_usage
taiwan	ㄎㄨˋㄇㄚˇ	酷馬	wikidata:Q10563779+cedict:derived	films
taiwan	ㄎㄨˋㄉㄜˊ	庫德	cedict:line:38371	taiwan_usage
taiwan	ㄎㄨˋㄉㄜˊㄙˉㄊㄢˇ	庫德斯坦	cedict:line:38372	taiwan_usage
taiwan	ㄎㄨˋㄓㄨㄤˉ	褲裝	cedict:line:99075	taiwan_usage
taiwan	ㄎㄨˋㄙˉㄌㄚˉ	酷斯拉	cedict:line:110240	taiwan_usage
taiwan	ㄎㄨㄚˋㄐㄩˋ	跨距	cedict:line:104956	taiwan_usage
taiwan	ㄎㄨㄛˋ	彍	cedict:line:39534	taiwan_usage
taiwan	ㄎㄨㄞˉ	咼	cedict:line:21444	taiwan_usage
taiwan	ㄎㄨㄞˉ	喎	cedict:line:22515	taiwan_usage
taiwan	ㄎㄨㄞˉ	擓	cedict:line:49512	taiwan_usage
taiwan	ㄎㄨㄞˋ	檜	cedict:line:59680	taiwan_usage
taiwan	ㄎㄨㄞˋ	檜	cedict:line:59681	taiwan_usage
taiwan	ㄎㄨㄞˋㄍㄨㄛˉ	快鍋	cedict:line:41235	taiwan_usage
taiwan	ㄎㄨㄞˋㄑㄩˇ	快取	cedict:line:41182	taiwan_usage
taiwan	ㄎㄨㄞˋㄓㄨˇㄏㄨˊ	快煮壺	cedict:line:41210	taiwan_usage
taiwan	ㄎㄨㄞˋㄔㄠˇㄉㄧㄢˋ	快炒店	cedict:line:41208	taiwan_usage
taiwan	ㄎㄨㄟˋ	潰	cedict:line:68238	taiwan_usage
taiwan	ㄎㄨㄤˉ	框	cedict:line:57625	taiwan_usage
taiwan	ㄎㄨㄤˉ	眶	cedict:line:78340	taiwan_usage
taiwan	ㄎㄨㄥˇㄍㄨㄥˉ	恐攻	cedict:line:41779	taiwan_usage
taiwan	ㄎㄨㄥˉㄆㄞˉ	空拍	cedict:line:81987	taiwan_usage
taiwan	ㄎㄨㄥˋ	焢	cedict:line:70102	taiwan_usage
taiwan	ㄎㄨㄥˋㄖㄡˋ	焢肉	cedict:line:70103	taiwan_usage
taiwan	ㄎㄨㄥˋㄖㄡˋ	爌肉	cedict:line:71108	taiwan_usage
taiwan	ㄏㄚˉㄅㄤˋ	哈棒	cedict:line:21651	taiwan_usage
taiwan	ㄏㄚˉㄌㄚˉ	哈拉	cedict:line:21639	taiwan_usage
taiwan	ㄏㄚˉㄐㄧㄡˉ	哈啾	cedict:line:21608	taiwan_usage
taiwan	ㄏㄚˉㄕˋㄇㄚˊ	哈士蟆	cedict:line:21616	animals
taiwan	ㄏㄚˉㄖˋㄗㄨˊ	哈日族	cedict:line:21646	taiwan_usage
taiwan	ㄏㄜˉㄇㄤˊ	喝茫	cedict:line:22634	taiwan_usage
taiwan	ㄏㄜˊ	耠	cedict:line:88870	taiwan_usage
taiwan	ㄏㄜˊ	褐	cedict:line:98979	taiwan_usage
taiwan	ㄏㄜˊㄆㄧㄣˋ	合聘	cedict:line:19806	taiwan_usage
taiwan	ㄏㄜˊㄈㄥˉ	和風	cedict:line:21284	taiwan_usage
taiwan	ㄏㄜˊㄋㄧˊㄚˉㄌㄚˉ	荷尼阿拉	cedict:line:94052	taiwan_usage
taiwan	ㄏㄜˊㄌㄨㄛˋㄖㄣˊ	河洛人	cedict:line:63453	taiwan_usage
taiwan	ㄏㄜˊㄎㄜˇ	核可	cedict:line:57322	taiwan_usage
taiwan	ㄏㄜˊㄓㄨㄥˇ	核種	cedict:line:57376	taiwan_usage
taiwan	ㄏㄜˊㄗˇㄧˉㄒㄩㄝˊ	核子醫學	cedict:line:57335	taiwan_usage
taiwan	ㄏㄜˊㄙˋ	核四	cedict:line:57325	plants
taiwan	ㄏㄜˋㄊㄡˊㄈㄥˋㄇㄟˊ	褐頭鳳鶥	cedict:line:99011	animals
taiwan	ㄏㄜˋㄌㄠˇㄖㄣˊ	鶴佬人	cedict:line:123038	taiwan_usage
taiwan	ㄏㄜˋㄐㄩㄣˉㄒㄧㄤˊ	賀軍翔	cedict:line:103442	performers
taiwan	ㄏㄜˋㄙㄜˋㄍㄜˉㄨㄟˊㄋㄚˋ	赫塞哥維納	cedict:line:104100	taiwan_usage
taiwan	ㄏㄞˇㄇㄚˇㄏㄨㄟˊ	海馬迴	cedict:line:65482	taiwan_usage
taiwan	ㄏㄞˇㄐㄧˉㄏㄨㄟˋ	海基會	cedict:line:65228	taiwan_usage
taiwan	ㄏㄞˇㄒㄧㄚˊㄌㄧㄤˇㄢˋㄍㄨㄢˉㄒㄧ˙ㄒㄧㄝˊㄏㄨㄟˋ	海峽兩岸關係協會	cedict:line:65253	taiwan_usage
taiwan	ㄏㄞˇㄒㄧㄝˊㄏㄨㄟˋ	海協會	cedict:line:65198	taiwan_usage
taiwan	ㄏㄟˉㄅㄞˊㄑㄧㄝˉ	黑白切	cedict:line:124076	mountains
taiwan	ㄏㄟˉㄏㄢˊ	黑函	cedict:line:123944	taiwan_usage
taiwan	ㄏㄟˉㄕㄡˇ	黑手	cedict:line:124010	taiwan_usage
taiwan	ㄏㄠˇㄌㄧㄠˋ	好料	cedict:line:30091	foods
taiwan	ㄏㄠˇㄎㄤˉ	好康	cedict:line:30077	taiwan_usage
taiwan	ㄏㄠˇㄕˋㄉㄨㄛˉ	好市多	cedict:line:30074	taiwan_usage
taiwan	ㄏㄠˋㄗ˙	號子	cedict:line:96778	taiwan_usage
taiwan	ㄏㄡˊㄏㄡˊㄗㄨˊ	猴猴族	cedict:line:72400	indigenous
taiwan	ㄏㄡˋㄅㄧˋ	後壁	cedict:line:39966	places
taiwan	ㄏㄡˋㄇㄨˇㄌㄧㄢˇ	後母臉	cedict:line:40011	taiwan_usage
taiwan	ㄏㄡˋㄓㄠˋㄐㄧㄥˋ	後照鏡	cedict:line:40016	taiwan_usage
taiwan	ㄏㄡˋㄕㄜˋ	後設	cedict:line:40059	taiwan_usage
taiwan	ㄏㄡˋㄕㄜˋㄖㄣˋㄓˉ	後設認知	cedict:line:40060	taiwan_usage
taiwan	ㄏㄡˋㄕㄜˋㄗˉㄌㄧㄠˋ	後設資料	cedict:line:40061	taiwan_usage
taiwan	ㄏㄢˊㄉㄜˊㄦˇ	韓德爾	cedict:line:118170	people
taiwan	ㄏㄢˊㄍㄨㄚˉ	含括	cedict:line:20522	taiwan_usage
taiwan	ㄏㄢˊㄍㄨㄛˊㄩˊ	韓國瑜	cedict:line:118155	people
taiwan	ㄏㄢˋ	和	cedict:line:21188	taiwan_usage
taiwan	ㄏㄢˋㄊㄚˉㄅㄧㄥˋㄉㄨˊ	漢他病毒	cedict:line:67840	taiwan_usage
taiwan	ㄏㄤˊ	行	cedict:line:97883	taiwan_usage
taiwan	ㄏㄤˊㄏㄠˋ	行號	cedict:line:98015	taiwan_usage
taiwan	ㄏㄤˊㄐㄧㄢˋ	航艦	cedict:line:92578	taiwan_usage
taiwan	ㄏㄤˊㄕㄚˋ	航廈	cedict:line:92538	taiwan_usage
taiwan	ㄏㄤˊㄩㄢˊ	行員	cedict:line:97924	taiwan_usage
taiwan	ㄏㄥˊㄔㄨㄣˉㄅㄢˋㄉㄠˇ	恆春半島	cedict:line:41730	places
taiwan	ㄏㄨˇㄅㄨ˙ㄌㄚˉ	虎不拉	cedict:line:96568	taiwan_usage
taiwan	ㄏㄨˇㄌㄢˋ	唬爛	cedict:line:22006	taiwan_usage
taiwan	ㄏㄨˊ	糊	cedict:line:84149	taiwan_usage
taiwan	ㄏㄨˊㄏㄨㄟˋㄓㄨㄥˉ	胡慧中	cedict:line:90212	performers
taiwan	ㄏㄨˊㄓˋㄑㄧㄤˊ	胡志強	cedict:line:90207	taiwan_usage
taiwan	ㄏㄨˊㄔㄚˊ	鬍碴	cedict:line:121984	taiwan_usage
taiwan	ㄏㄨˋㄅㄟˋ	護貝	cedict:line:102203	taiwan_usage
taiwan	ㄏㄨˋㄅㄟˋㄐㄧㄠˉㄇㄛˊ	護貝膠膜	cedict:line:102206	taiwan_usage
taiwan	ㄏㄨˋㄎㄡˇㄇㄧㄥˊㄅㄨˋ	戶口名簿	cedict:line:44125	taiwan_usage
taiwan	ㄏㄨˋㄎㄨㄥˇㄏㄨㄢˊ	護孔環	cedict:line:102170	taiwan_usage
taiwan	ㄏㄨㄚˉㄌㄧㄢˇㄧㄚˉ	花臉鴨	cedict:line:93213	animals
taiwan	ㄏㄨㄚˉㄌㄧㄢˊ	花蓮	cedict:line:93232	places
taiwan	ㄏㄨㄚˉㄌㄧㄢˊㄒㄧㄢˋ	花蓮縣	cedict:line:93234	places
taiwan	ㄏㄨㄚˉㄌㄧㄢˊㄕˋ	花蓮市	cedict:line:93233	places
taiwan	ㄏㄨㄚˉㄕˋ	花式	cedict:line:93112	taiwan_usage
taiwan	ㄏㄨㄚˉㄕˋㄏㄨㄚˊㄅㄧㄥˉ	花式滑冰	cedict:line:93115	taiwan_usage
taiwan	ㄏㄨㄚˉㄕˋㄧㄡˊㄩㄥˇ	花式游泳	cedict:line:93113	taiwan_usage
taiwan	ㄏㄨㄚˊㄏㄤˊ	華航	cedict:line:94461	taiwan_usage
taiwan	ㄏㄨㄚˊㄕˋ	華視	cedict:line:94467	taiwan_usage
taiwan	ㄏㄨㄚˊㄕㄨˇ	滑鼠	cedict:line:67416	taiwan_usage
taiwan	ㄏㄨㄚˊㄕㄨˇㄉㄧㄢˋ	滑鼠墊	cedict:line:67417	taiwan_usage
taiwan	ㄏㄨㄚˊㄕㄨˇㄕㄡˇ	滑鼠手	cedict:line:67418	taiwan_usage
taiwan	ㄏㄨㄚˊㄦˇㄗˉ	華爾滋	cedict:line:94441	taiwan_usage
taiwan	ㄏㄨㄚˋㄓㄨㄤˉㄕˋ	化妝室	cedict:line:16110	taiwan_usage
taiwan	ㄏㄨㄚˋㄨㄟˋ	劃位	cedict:line:14893	taiwan_usage
taiwan	ㄏㄨㄛˇㄌㄚˋㄌㄚˋ	火辣辣	cedict:line:68991	taiwan_usage
taiwan	ㄏㄨㄛˋ	和	cedict:line:21191	taiwan_usage
taiwan	ㄏㄨㄛˋ	壑	cedict:line:26734	taiwan_usage
taiwan	ㄏㄨㄛˋ	矱	cedict:line:79050	taiwan_usage
taiwan	ㄏㄨㄛˋ	砉	cedict:line:79267	taiwan_usage
taiwan	ㄏㄨㄛˋ	鍃	cedict:line:112154	taiwan_usage
taiwan	ㄏㄨㄛˋㄍㄨㄟˋ	貨櫃	cedict:line:103081	taiwan_usage
taiwan	ㄏㄨㄛˋㄍㄨㄟˋㄔㄜˉ	貨櫃車	cedict:line:103082	taiwan_usage
taiwan	ㄏㄨㄞˊㄆㄚˊ	耲耙	cedict:line:88886	taiwan_usage
taiwan	ㄏㄨㄟˇ	會	cedict:line:54607	taiwan_usage
taiwan	ㄏㄨㄟˊㄉㄨˇ	回堵	cedict:line:23891	taiwan_usage
taiwan	ㄏㄨㄟˊㄐㄧㄚˉㄔˉㄗˋㄐㄧˇ	回家吃自己	cedict:line:23900	taiwan_usage
taiwan	ㄏㄨㄟˊㄑㄩㄢˉ	迴圈	cedict:line:107032	taiwan_usage
taiwan	ㄏㄨㄢˇ	浣	cedict:line:65000	history
taiwan	ㄏㄨㄢˊㄅㄠˇㄎㄨㄞˋ	環保筷	cedict:line:73792	taiwan_usage
taiwan	ㄏㄨㄢˊㄩㄢˊㄖㄨˇ	還原乳	cedict:line:109267	taiwan_usage
taiwan	ㄏㄨㄣˋ	混	cedict:line:66204	taiwan_usage
taiwan	ㄏㄨㄥˉ	魟	cedict:line:122376	taiwan_usage
taiwan	ㄏㄨㄥˉㄆㄚˉ	轟趴	cedict:line:106540	taiwan_usage
taiwan	ㄏㄨㄥˊ	訌	cedict:line:100335	taiwan_usage
taiwan	ㄏㄨㄥˊㄅㄨˋㄖㄤˋ	紅不讓	cedict:line:84441	taiwan_usage
taiwan	ㄏㄨㄥˊㄉㄧㄥˇㄌㄩˋㄐㄧㄡˉ	紅頂綠鳩	cedict:line:84678	animals
taiwan	ㄏㄨㄥˊㄉㄨˉㄌㄚˉㄙˉ	宏都拉斯	cedict:line:32252	taiwan_usage
taiwan	ㄏㄨㄥˊㄍㄨㄟˋ	紅檜	cedict:line:84534	taiwan_usage
taiwan	ㄏㄨㄥˊㄏㄞˇ	鴻海	cedict:line:122923	taiwan_usage
taiwan	ㄏㄨㄥˊㄐㄧˉ	宏碁	cedict:line:32245	taiwan_usage
taiwan	ㄏㄨㄥˊㄐㄧˉㄐㄧˊㄊㄨㄢˊ	宏碁集團	cedict:line:32246	taiwan_usage
taiwan	ㄏㄨㄥˊㄒㄧㄡˋㄓㄨˋ	洪秀柱	cedict:line:64662	people
taiwan	ㄏㄨㄥˊㄧㄚˇㄗㄨˊ	洪雅族	cedict:line:64666	indigenous
taiwan	ㄏㄨㄥˋ	蕻	cedict:line:95752	taiwan_usage
taiwan	ㄐㄧˇㄌㄧㄤ˙	脊梁	cedict:line:90470	taiwan_usage
taiwan	ㄐㄧˉ	績	cedict:line:86943	taiwan_usage
taiwan	ㄐㄧˉ	舌	cedict:line:92390	taiwan_usage
taiwan	ㄐㄧˉ	跡	cedict:line:104919	taiwan_usage
taiwan	ㄐㄧˉㄅㄞˉ	雞掰	cedict:line:116216	taiwan_usage
taiwan	ㄐㄧˉㄆㄛˊ	雞婆	cedict:line:116207	taiwan_usage
taiwan	ㄐㄧˉㄆㄢˊ	基盤	cedict:line:25866	taiwan_usage
taiwan	ㄐㄧˉㄇㄧˇ	幾米	cedict:line:38166	people
taiwan	ㄐㄧˉㄊㄚˋㄔㄜˉ	機踏車	cedict:line:59472	taiwan_usage
taiwan	ㄐㄧˉㄊㄧˇㄉㄧㄢˋㄌㄨˋ	積體電路	cedict:line:81833	taiwan_usage
taiwan	ㄐㄧˉㄋㄞˋ	基奈	cedict:line:25810	taiwan_usage
taiwan	ㄐㄧˉㄋㄟˋㄧㄚˋㄅㄧˇㄙㄨㄛˇ	幾內亞比索	cedict:line:38145	taiwan_usage
taiwan	ㄐㄧˉㄌㄧˉㄍㄨㄚˉㄌㄚˉ	機哩瓜拉	cedict:line:59403	taiwan_usage
taiwan	ㄐㄧˉㄌㄧㄡˇㄊㄧㄠˊ	雞柳條	cedict:line:116221	taiwan_usage
taiwan	ㄐㄧˉㄌㄨㄥˊ	基隆	cedict:line:25909	places
taiwan	ㄐㄧˉㄌㄨㄥˊㄕˋ	基隆市	cedict:line:25910	places
taiwan	ㄐㄧˉㄌㄩˋ	機率	cedict:line:59455	taiwan_usage
taiwan	ㄐㄧˉㄍㄞˇ	基改	cedict:line:25828	taiwan_usage
taiwan	ㄐㄧˉㄐㄧㄥˉ	雞精	cedict:line:116240	taiwan_usage
taiwan	ㄐㄧˉㄒㄧˉㄋㄧㄡˇ	基西紐	cedict:line:25895	taiwan_usage
taiwan	ㄐㄧˉㄔㄜˉ	機車	cedict:line:59474	taiwan_usage
taiwan	ㄐㄧˉㄔㄨˇㄐㄧㄢˋㄕㄜˋ	基礎建設	cedict:line:25880	taiwan_usage
taiwan	ㄐㄧˉㄘㄜˋ	基測	cedict:line:25860	taiwan_usage
taiwan	ㄐㄧˉㄧㄣˉㄊㄧˇ	基因體	cedict:line:25801	taiwan_usage
taiwan	ㄐㄧˊ	墼	cedict:line:26691	taiwan_usage
taiwan	ㄐㄧˊ	寂	cedict:line:32992	taiwan_usage
taiwan	ㄐㄧˊ	擊	cedict:line:49419	taiwan_usage
taiwan	ㄐㄧˊㄅㄨˋㄉㄧˋ	吉布地	cedict:line:19881	taiwan_usage
taiwan	ㄐㄧˊㄋㄧˊㄒㄧˋㄕㄨˋ	吉尼係數	cedict:line:19875	taiwan_usage
taiwan	ㄐㄧˊㄌㄧˇㄅㄚˉㄙˉ	吉里巴斯	cedict:line:19927	taiwan_usage
taiwan	ㄐㄧˊㄐㄧㄚˉㄌㄧˋ	吉佳利	cedict:line:19854	taiwan_usage
taiwan	ㄐㄧˊㄑㄧˉㄆㄧㄣˇ	即期品	cedict:line:17725	taiwan_usage
taiwan	ㄐㄧˋ	祭	cedict:line:80632	taiwan_usage
taiwan	ㄐㄧˋ	騎	cedict:line:120912	taiwan_usage
taiwan	ㄐㄧˋㄌㄨˋ	紀錄	cedict:line:84357	taiwan_usage
taiwan	ㄐㄧˋㄓㄥˋ	技正	cedict:line:45278	taiwan_usage
taiwan	ㄐㄧˋㄓㄥˋ	跡證	cedict:line:104921	taiwan_usage
taiwan	ㄐㄧˋㄔㄥˊㄔㄜˉ	計程車	cedict:line:100303	taiwan_usage
taiwan	ㄐㄧˋㄕˋ	技士	cedict:line:45271	taiwan_usage
taiwan	ㄐㄧˋㄗㄨㄛˇ	技佐	cedict:line:45268	taiwan_usage
taiwan	ㄐㄧˋㄙㄨㄢˋㄐㄧˉ	計算機	cedict:line:100310	taiwan_usage
taiwan	ㄐㄧˋㄧˋㄊㄧˇ	記憶體	cedict:line:100444	taiwan_usage
taiwan	ㄐㄧㄚˇ	舺	cedict:line:92673	taiwan_usage
taiwan	ㄐㄧㄚˇㄒㄧㄢˉ	假仙	cedict:line:8947	taiwan_usage
taiwan	ㄐㄧㄚˉㄅㄛˊㄌㄨㄥˊㄌㄧˇ	嘉柏隆里	cedict:line:23112	taiwan_usage
taiwan	ㄐㄧㄚˉㄆㄥˊ	加彭	cedict:line:15237	taiwan_usage
taiwan	ㄐㄧㄚˉㄋㄚˋ	迦納	cedict:line:106973	taiwan_usage
taiwan	ㄐㄧㄚˉㄌㄧˇ	佳里	cedict:line:7590	places
taiwan	ㄐㄧㄚˉㄌㄧˇㄓㄣˋㄐㄧㄣˉㄊㄤˊㄉㄧㄢˋ	佳里鎮金唐殿	wikidata:Q112458068+cedict:derived	books
taiwan	ㄐㄧㄚˉㄏㄨˋㄅㄧㄥˋㄈㄤˊ	加護病房	cedict:line:15327	taiwan_usage
taiwan	ㄐㄧㄚˉㄐㄧㄚˉㄐㄧㄡˇ	家家酒	cedict:line:32809	taiwan_usage
taiwan	ㄐㄧㄚˉㄓˊ	加值	cedict:line:15177	taiwan_usage
taiwan	ㄐㄧㄚˉㄔˊ	加持	cedict:line:15258	taiwan_usage
taiwan	ㄐㄧㄚˉㄧˋ	嘉義	cedict:line:23119	places
taiwan	ㄐㄧㄚˉㄧˋㄉㄧˋㄑㄩˉㄏㄨㄟˋㄏㄨㄚˋㄓˉㄧㄢˊㄐㄧㄡˉ	嘉義地區繪畫之研究	wikidata:Q111600093+cedict:derived	books
taiwan	ㄐㄧㄚˉㄧˋㄒㄧㄢˋ	嘉義縣	cedict:line:23121	places
taiwan	ㄐㄧㄚˉㄧˋㄕˋ	嘉義市	cedict:line:23120	places
taiwan	ㄐㄧㄚˉㄨㄚˊㄨㄚ˙	夾娃娃	cedict:line:29344	taiwan_usage
taiwan	ㄐㄧㄚˊ	夾	cedict:line:29338	taiwan_usage
taiwan	ㄐㄧㄚˊ	梜	cedict:line:57862	taiwan_usage
taiwan	ㄐㄧㄚˊ	浹	cedict:line:65517	taiwan_usage
taiwan	ㄐㄧㄝˇ	姊	cedict:line:30424	taiwan_usage
taiwan	ㄐㄧㄝˇㄐㄧㄝ˙	姊姊	cedict:line:30428	taiwan_usage
taiwan	ㄐㄧㄝˇㄒㄧˉㄉㄨˋ	解析度	cedict:line:100046	taiwan_usage
taiwan	ㄐㄧㄝˇㄕㄨˋ	解數	cedict:line:100039	taiwan_usage
taiwan	ㄐㄧㄝˊ	擷	cedict:line:49717	taiwan_usage
taiwan	ㄐㄧㄝˊ	櫛	cedict:line:59795	taiwan_usage
taiwan	ㄐㄧㄝˊ	癤	cedict:line:76016	taiwan_usage
taiwan	ㄐㄧㄝˊ	結	cedict:line:85414	plants
taiwan	ㄐㄧㄝˊㄍㄨ˙ㄧㄢˇ	節骨眼	cedict:line:83376	taiwan_usage
taiwan	ㄐㄧㄝˊㄒㄩㄣˋ	結訓	cedict:line:85508	taiwan_usage
taiwan	ㄐㄧㄝˊㄢˉㄊㄜˋ	捷安特	cedict:line:47330	taiwan_usage
taiwan	ㄐㄧㄝˊㄩㄣˋ	捷運	cedict:line:47338	taiwan_usage
taiwan	ㄐㄧㄝˊㄩㄥˇ	捷泳	cedict:line:47332	taiwan_usage
taiwan	ㄐㄧㄝˋㄇㄧㄢˋ	介面	cedict:line:6163	taiwan_usage
taiwan	ㄐㄧㄝˋㄐㄧㄥˋ	借鏡	cedict:line:8853	taiwan_usage
taiwan	ㄐㄧㄝˋㄒㄧˋㄘˊ	介係詞	cedict:line:6144	taiwan_usage
taiwan	ㄐㄧㄠˇㄊㄚˋㄔㄜˉ	腳踏車	cedict:line:90929	taiwan_usage
taiwan	ㄐㄧㄠˉㄊㄨㄥˉㄉㄚˋㄒㄩㄝˊ	交通大學	cedict:line:5491	taiwan_usage
taiwan	ㄐㄧㄠˉㄌㄧㄡˊㄉㄠˋ	交流道	cedict:line:5452	taiwan_usage
taiwan	ㄐㄧㄠˋ	敫	cedict:line:50917	taiwan_usage
taiwan	ㄐㄧㄠˋㄒㄩㄝˊㄖㄨㄢˇㄊㄧˇ	教學軟體	cedict:line:50724	taiwan_usage
taiwan	ㄐㄧㄠˋㄕˉㄐㄧㄝˊ	教師節	cedict:line:50733	taiwan_usage
taiwan	ㄐㄧㄡˇㄈㄣˋ	九份	cedict:line:4289	places
taiwan	ㄐㄧㄡˇㄉㄧㄢˋ	酒店	cedict:line:110065	beverages
taiwan	ㄐㄧㄡˇㄍㄨㄢˉㄋㄧㄠˇ	九官鳥	cedict:line:4304	animals
taiwan	ㄐㄧㄡˇㄦˋㄍㄨㄥˋㄕˊ	九二共識	cedict:line:4288	taiwan_usage
taiwan	ㄐㄧㄡˉ	啾	cedict:line:22380	taiwan_usage
taiwan	ㄐㄧㄡˉ	轇	cedict:line:106317	taiwan_usage
taiwan	ㄐㄧㄡˋ	究	cedict:line:81904	taiwan_usage
taiwan	ㄐㄧㄡˋㄇㄥˋ	舊夢	wikidata:Q30945652+cedict:derived	songs
taiwan	ㄐㄧㄡˋㄈㄨˊ	就服	cedict:line:35020	taiwan_usage
taiwan	ㄐㄧㄡˋㄧㄝˋㄢˉㄉㄧㄥˋㄈㄟˋ	就業安定費	cedict:line:35023	taiwan_usage
taiwan	ㄐㄧㄢˇㄍㄨˇ	撿骨	cedict:line:49367	taiwan_usage
taiwan	ㄐㄧㄢˇㄐㄧㄥˇㄉㄧㄠˋ	檢警調	cedict:line:59724	taiwan_usage
taiwan	ㄐㄧㄢˇㄒㄩㄣˋ	簡訊	cedict:line:83576	taiwan_usage
taiwan	ㄐㄧㄢˇㄔㄚˊㄗㄨㄥˇㄓㄤˇ	檢察總長	cedict:line:59696	taiwan_usage
taiwan	ㄐㄧㄢˇㄗˇ	囝仔	cedict:line:23854	taiwan_usage
taiwan	ㄐㄧㄢˉㄔㄚˊㄩㄢˋ	監察院	cedict:line:77444	taiwan_usage
taiwan	ㄐㄧㄢˋㄅㄠˇ	健保	cedict:line:9308	taiwan_usage
taiwan	ㄐㄧㄢˋㄅㄨˋㄖㄨㄥˊㄈㄚˇ	間不容髮	cedict:line:113693	taiwan_usage
taiwan	ㄐㄧㄢˋㄐㄧㄠˋㄏㄜˊㄗㄨㄛˋ	建教合作	cedict:line:38867	taiwan_usage
taiwan	ㄐㄧㄢˋㄐㄧㄢˇ	健檢	cedict:line:9328	taiwan_usage
taiwan	ㄐㄧㄢˋㄒㄧㄥˊ	健行	cedict:line:9334	taiwan_usage
taiwan	ㄐㄧㄢˋㄧㄥˉㄉㄚˋㄑㄧㄠˊ	箭瑛大橋	wikidata:Q107708868+cedict:derived	films
taiwan	ㄐㄧㄢˋㄨˋ	建物	cedict:line:38882	taiwan_usage
taiwan	ㄐㄧㄣˇㄕㄨˋ	儘數	cedict:line:10199	taiwan_usage
taiwan	ㄐㄧㄣˉ	斤	cedict:line:51614	taiwan_usage
taiwan	ㄐㄧㄣˉ	瑧	cedict:line:73671	taiwan_usage
taiwan	ㄐㄧㄣˉㄇㄣˊ	金門	cedict:line:111212	places
taiwan	ㄐㄧㄣˉㄇㄣˊㄉㄠˇ	金門島	cedict:line:111213	taiwan_usage
taiwan	ㄐㄧㄣˉㄇㄣˊㄒㄧㄢˋ	金門縣	cedict:line:111214	places
taiwan	ㄐㄧㄣˉㄍㄨㄚˉㄕˊ	金瓜石	cedict:line:111104	places
taiwan	ㄐㄧㄣˉㄍㄨㄟˉㄔㄜˉ	金龜車	cedict:line:111259	taiwan_usage
taiwan	ㄐㄧㄣˉㄒㄧㄚˋㄕㄚˉ	金夏沙	cedict:line:110987	taiwan_usage
taiwan	ㄐㄧㄣˉㄔㄥˊㄓㄣˋ	金城鎮	cedict:line:110980	places
taiwan	ㄐㄧㄣˉㄕˋ	金氏	cedict:line:111065	taiwan_usage
taiwan	ㄐㄧㄣˉㄕㄢˉ	金山	cedict:line:111008	places
taiwan	ㄐㄧㄣˉㄧㄠˋ	金鑰	cedict:line:111210	taiwan_usage
taiwan	ㄐㄧㄣˋㄔㄤˇㄊㄨㄥˉㄒㄩㄣˋ	近場通訊	cedict:line:106887	taiwan_usage
taiwan	ㄐㄧㄤˇㄐㄧㄝˋㄕˊ	蔣介石	cedict:line:95596	taiwan_usage
taiwan	ㄐㄧㄤˉㄅㄚˉㄉㄧㄢˇ	江八點	cedict:line:62717	taiwan_usage
taiwan	ㄐㄧㄤˋㄏㄨˊ	漿糊	cedict:line:68033	taiwan_usage
taiwan	ㄐㄧㄥˇㄓㄥˋㄕㄨˇ	警政署	cedict:line:102084	taiwan_usage
taiwan	ㄐㄧㄥˉㄆㄧㄢˋ	晶片	cedict:line:53798	taiwan_usage
taiwan	ㄐㄧㄥˉㄓㄤˋ	精障	cedict:line:84134	taiwan_usage
taiwan	ㄐㄧㄥˉㄙˉㄉㄨㄣˉ	京斯敦	cedict:line:5588	taiwan_usage
taiwan	ㄐㄧㄥˋ	勁	cedict:line:15458	taiwan_usage
taiwan	ㄐㄧㄥˋㄙㄨˋㄏㄨㄚˊㄅㄧㄥˉ	競速滑冰	cedict:line:82627	taiwan_usage
taiwan	ㄐㄩˇㄍㄨㄤˉ	莒光	cedict:line:94126	places
taiwan	ㄐㄩˉ	菹	cedict:line:94539	taiwan_usage
taiwan	ㄐㄩˊ	掬	cedict:line:48083	taiwan_usage
taiwan	ㄐㄩˊ	踘	cedict:line:105185	taiwan_usage
taiwan	ㄐㄩˊ	鞠	cedict:line:118061	taiwan_usage
taiwan	ㄐㄩˊ	鞫	cedict:line:118075	taiwan_usage
taiwan	ㄐㄩˋ	泃	cedict:line:63688	rivers
taiwan	ㄐㄩˋ	瞿	cedict:line:78789	taiwan_usage
taiwan	ㄐㄩˋ	苣	cedict:line:93407	taiwan_usage
taiwan	ㄐㄩˋㄐㄧˊ	巨集	cedict:line:36608	taiwan_usage
taiwan	ㄐㄩㄝˊ	屩	cedict:line:35523	taiwan_usage
taiwan	ㄐㄩㄝˊㄕˋㄍㄨˇ	爵士鼓	cedict:line:71261	taiwan_usage
taiwan	ㄐㄩㄢˋㄘㄨㄣˉ	眷村	cedict:line:78348	places
taiwan	ㄐㄩㄣˉ	囷	cedict:line:24106	taiwan_usage
taiwan	ㄐㄩㄣˋ	睃	cedict:line:78535	taiwan_usage
taiwan	ㄐㄩㄣˋ	菌	cedict:line:94267	taiwan_usage
taiwan	ㄑㄧˇㄕˋ	起士	cedict:line:104298	taiwan_usage
taiwan	ㄑㄧˇㄙˉ	起司	cedict:line:104292	taiwan_usage
taiwan	ㄑㄧˉㄆㄧˉㄌㄤˊ	七匹狼	wikidata:Q10864501+cedict:derived	films
taiwan	ㄑㄧˉㄉㄨˇㄑㄩˉ	七堵區	cedict:line:1114	places
taiwan	ㄑㄧˉㄌㄧˇㄒㄧㄤˉ	七里香	cedict:line:1167	foods
taiwan	ㄑㄧˉㄏㄠˋㄉㄧㄢˋㄔˊ	七號電池	cedict:line:1161	taiwan_usage
taiwan	ㄑㄧˉㄧㄝˊㄅㄚˉㄧㄝˊ	七爺八爺	cedict:line:1149	taiwan_usage
taiwan	ㄑㄧˊ	期	cedict:line:55366	taiwan_usage
taiwan	ㄑㄧˊㄐㄧㄣˉ	旗津	cedict:line:52448	places
taiwan	ㄑㄧˊㄐㄧㄣˉㄑㄩˉ	旗津區	cedict:line:52449	places
taiwan	ㄑㄧˊㄕˋ	騎士	cedict:line:120917	taiwan_usage
taiwan	ㄑㄧˋ	仡	cedict:line:6298	taiwan_usage
taiwan	ㄑㄧˋ	企	cedict:line:6694	taiwan_usage
taiwan	ㄑㄧˋ	瘛	cedict:line:75888	taiwan_usage
taiwan	ㄑㄧˋ	緝	cedict:line:86505	taiwan_usage
taiwan	ㄑㄧˋ	鏚	cedict:line:112413	taiwan_usage
taiwan	ㄑㄧˋㄊㄡˊ	企投	cedict:line:6700	taiwan_usage
taiwan	ㄑㄧㄝˋㄒㄧㄢˊ	竊嫌	cedict:line:82350	taiwan_usage
taiwan	ㄑㄧㄠˇㄖㄣˊ	巧人	cedict:line:36534	animals
taiwan	ㄑㄧㄠˊㄓˋㄧㄚˋ	喬治亞	cedict:line:22718	taiwan_usage
taiwan	ㄑㄧㄠˊㄓㄣˋ	橋鎮	cedict:line:59336	taiwan_usage
taiwan	ㄑㄧㄠˊㄕㄥˉ	僑生	cedict:line:10024	taiwan_usage
taiwan	ㄑㄧㄠˊㄨˋㄨㄟˇㄩㄢˊㄏㄨㄟˋ	僑務委員會	cedict:line:10021	taiwan_usage
taiwan	ㄑㄧㄡˉㄅㄧˇㄊㄜˋ	邱比特	cedict:line:109503	taiwan_usage
taiwan	ㄑㄧㄡˉㄈㄥˊㄐㄧㄚˇ	丘逢甲	cedict:line:3141	people
taiwan	ㄑㄧㄡˊㄊㄨㄢˊ	球團	cedict:line:73368	taiwan_usage
taiwan	ㄑㄧㄢˉ	嵌	cedict:line:36129	taiwan_usage
taiwan	ㄑㄧㄢˉㄋㄧㄢˊㄧˉㄨㄣˋ	千年一問	wikidata:Q106450519+cedict:derived	films
taiwan	ㄑㄧㄢˉㄌㄧˇㄉㄚˊㄐㄧˊㄊㄨㄛˉㄅㄚˉㄍㄜˉ	千里達及托巴哥	cedict:line:16704	taiwan_usage
taiwan	ㄑㄧㄢˊㄐㄧㄚˊ	錢夾	cedict:line:112017	taiwan_usage
taiwan	ㄑㄧㄢˊㄐㄧㄣˉㄑㄩˉ	前金區	cedict:line:14554	places
taiwan	ㄑㄧㄢˊㄓㄣˋㄑㄩˉ	前鎮區	cedict:line:14559	places
taiwan	ㄑㄧㄣˉㄇㄧㄣˊㄉㄤˇ	親民黨	cedict:line:99803	taiwan_usage
taiwan	ㄑㄧㄣˊㄊㄨㄥˉㄋㄧˊ	琴通尼	cedict:line:73563	taiwan_usage
taiwan	ㄑㄧㄣˊㄊㄨㄥˉㄋㄧㄥˊ	琴通寧	cedict:line:73562	taiwan_usage
taiwan	ㄑㄧㄣˊㄐㄧㄡˇ	琴酒	cedict:line:73564	taiwan_usage
taiwan	ㄑㄧㄤˇㄒㄧㄥˊ	強行	cedict:line:39400	taiwan_usage
taiwan	ㄑㄧㄤˉㄓˉ	槍枝	cedict:line:58806	taiwan_usage
taiwan	ㄑㄧㄤˊ	戕	cedict:line:43885	taiwan_usage
taiwan	ㄑㄧㄤˊㄍㄨㄛˊ	強國	cedict:line:39354	taiwan_usage
taiwan	ㄑㄧㄤˋ	嗆	cedict:line:22945	taiwan_usage
taiwan	ㄑㄧㄥˉ	氰	cedict:line:62143	taiwan_usage
taiwan	ㄑㄧㄥˉㄈㄚˉ	青發	cedict:line:117511	taiwan_usage
taiwan	ㄑㄧㄥˉㄍㄨㄛˇ	青果	cedict:line:117484	taiwan_usage
taiwan	ㄑㄧㄥˉㄍㄨㄛˊㄩㄢˋㄌㄧㄥˊ	傾國怨伶	wikidata:Q27728095+cedict:derived	books
taiwan	ㄑㄧㄥˉㄏㄨㄚˉㄘˊ	青花瓷	wikidata:Q22100125+cedict:derived	songs
taiwan	ㄑㄧㄥˉㄏㄨㄚˊㄉㄚˋㄒㄩㄝˊ	清華大學	cedict:line:66478	taiwan_usage
taiwan	ㄑㄧㄥˉㄒㄧㄡˋㄕㄢˉㄓㄨㄤˉ	清秀山莊	wikidata:Q106514245+cedict:derived	films
taiwan	ㄑㄧㄥˉㄘㄠˇㄔㄚˊ	青草茶	cedict:line:117548	animals
taiwan	ㄑㄧㄥˊㄍㄜˉㄗㄨㄟˋㄞˋㄧㄝˋㄨˋㄕˊ	情歌最愛夜霧時	wikidata:Q135208492+cedict:derived	songs
taiwan	ㄑㄧㄥˊㄕㄤˉ	情商	cedict:line:42197	taiwan_usage
taiwan	ㄑㄧㄥˊㄖㄣˊㄍㄨㄛˇ	情人果	cedict:line:42178	taiwan_usage
taiwan	ㄑㄩˉㄍㄨㄥˉㄅㄧㄥˋ	屈公病	cedict:line:35312	taiwan_usage
taiwan	ㄑㄩˉㄔㄨˋ	區處	cedict:line:16511	taiwan_usage
taiwan	ㄑㄩˊ	麴	cedict:line:123442	taiwan_usage
taiwan	ㄑㄩˋㄅㄟˋ	去背	cedict:line:18088	taiwan_usage
taiwan	ㄑㄩˋㄊㄞˊ	去臺	cedict:line:18089	taiwan_usage
taiwan	ㄑㄩˋㄊㄞˊㄖㄣˊㄩㄢˊ	去臺人員	cedict:line:18090	taiwan_usage
taiwan	ㄑㄩˋㄍㄨㄤˉㄕㄨㄟˇ	去光水	cedict:line:18054	taiwan_usage
taiwan	ㄑㄩˋㄏㄨㄟˊㄆㄧㄠˋ	去回票	cedict:line:18062	taiwan_usage
taiwan	ㄑㄩㄝˋ	怯	cedict:line:41684	taiwan_usage
taiwan	ㄑㄩㄝˋㄦˊㄒㄧˇ	雀兒喜	cedict:line:115571	taiwan_usage
taiwan	ㄑㄩㄢˉㄆㄧㄠˋㄔㄨˋ	圈票處	cedict:line:24178	taiwan_usage
taiwan	ㄑㄩㄢˊㄇㄧㄣˊㄐㄧㄢˋㄅㄠˇ	全民健保	cedict:line:11355	taiwan_usage
taiwan	ㄑㄩㄢˊㄇㄧㄣˊㄐㄧㄢˋㄎㄤˉㄅㄠˇㄒㄧㄢˇ	全民健康保險	cedict:line:11356	taiwan_usage
taiwan	ㄑㄩㄢˊㄇㄧㄣˊㄧㄥˉㄐㄧㄢˇ	全民英檢	cedict:line:11360	taiwan_usage
taiwan	ㄑㄩㄢˊㄌㄧㄢˊ	全聯	cedict:line:11414	taiwan_usage
taiwan	ㄑㄩㄢˊㄌㄨˋ	全錄	cedict:line:11442	taiwan_usage
taiwan	ㄑㄩㄢˊㄏㄨㄤˊ	拳皇	wikidata:Q1046883+cedict:derived	films
taiwan	ㄑㄩㄢˊㄑㄧㄡˊㄅㄧㄢˋㄋㄨㄢˇ	全球變暖	cedict:line:11382	taiwan_usage
taiwan	ㄑㄩㄢˊㄑㄧㄡˊㄋㄨㄢˇㄏㄨㄚˋ	全球暖化	cedict:line:11376	taiwan_usage
taiwan	ㄑㄩㄢˊㄑㄧㄡˊㄗˉㄒㄩㄣˋㄨㄤˇ	全球資訊網	cedict:line:11383	taiwan_usage
taiwan	ㄑㄩㄢˊㄒㄩˋㄅㄨˋ	銓敘部	cedict:line:111681	taiwan_usage
taiwan	ㄑㄩㄢˊㄕˊㄍㄨㄥˉㄗㄨㄛˋ	全時工作	cedict:line:11341	taiwan_usage
taiwan	ㄑㄩㄥˉ	芎	cedict:line:92953	taiwan_usage
taiwan	ㄑㄩㄥˊㄧㄠˊ	瓊瑤	cedict:line:73900	people
taiwan	ㄒㄧˇㄏㄢˉㄦˊ	喜憨兒	cedict:line:22581	taiwan_usage
taiwan	ㄒㄧˇㄕˊㄗ˙	洗石子	cedict:line:64457	taiwan_usage
taiwan	ㄒㄧˉ	畦	cedict:line:75135	taiwan_usage
taiwan	ㄒㄧˉ	蹊	cedict:line:105274	taiwan_usage
taiwan	ㄒㄧˉㄅㄟˇㄩˇ	西北雨	cedict:line:99208	taiwan_usage
taiwan	ㄒㄧˉㄆㄧˊ	嬉皮	cedict:line:31093	taiwan_usage
taiwan	ㄒㄧˉㄆㄧㄢˋ	矽片	cedict:line:79235	taiwan_usage
taiwan	ㄒㄧˉㄉㄞˋ	攜帶	cedict:line:49868	taiwan_usage
taiwan	ㄒㄧˉㄊㄨㄣˊㄑㄩˉ	西屯區	cedict:line:99265	places
taiwan	ㄒㄧˉㄌㄚˉㄖㄨㄟˇ	希拉蕊	cedict:line:37181	taiwan_usage
taiwan	ㄒㄧˉㄌㄚˉㄧㄚˇㄗㄨˊ	西拉雅族	cedict:line:99293	indigenous
taiwan	ㄒㄧˉㄌㄞˊㄢˉ	西來庵	cedict:line:99193	places
taiwan	ㄒㄧˉㄌㄧˋㄎㄤˉ	矽利康	cedict:line:79232	taiwan_usage
taiwan	ㄒㄧˉㄒㄧㄤˋㄐㄧㄠˉ	矽橡膠	cedict:line:79234	taiwan_usage
taiwan	ㄒㄧˉㄓˇ	汐止	cedict:line:62657	places
taiwan	ㄒㄧˉㄓˇㄕˋ	汐止市	cedict:line:62658	places
taiwan	ㄒㄧˉㄩㄢˊ	西元	cedict:line:99195	taiwan_usage
taiwan	ㄒㄧˊ	息	cedict:line:41940	taiwan_usage
taiwan	ㄒㄧˊ	惜	cedict:line:42298	taiwan_usage
taiwan	ㄒㄧˊ	昔	cedict:line:53087	taiwan_usage
taiwan	ㄒㄧˊ	熄	cedict:line:70447	taiwan_usage
taiwan	ㄒㄧˊ	錫	cedict:line:112060	taiwan_usage
taiwan	ㄒㄧˋ	夕	cedict:line:27009	taiwan_usage
taiwan	ㄒㄧˋ	汐	cedict:line:62656	taiwan_usage
taiwan	ㄒㄧˋ	矽	cedict:line:79231	taiwan_usage
taiwan	ㄒㄧˋ	翕	cedict:line:88214	taiwan_usage
taiwan	ㄒㄧˋ	肸	cedict:line:89982	taiwan_usage
taiwan	ㄒㄧˋㄅㄠˉㄍㄨㄤˇㄅㄛˉ	細胞廣播	cedict:line:85264	taiwan_usage
taiwan	ㄒㄧㄚˉㄆㄧㄣˉ	瞎拼	cedict:line:78683	taiwan_usage
taiwan	ㄒㄧㄚˉㄇㄧˇ	蝦米	cedict:line:97257	taiwan_usage
taiwan	ㄒㄧㄚˊ	呷	cedict:line:21053	beverages
taiwan	ㄒㄧㄚˊ	挾	cedict:line:47124	taiwan_usage
taiwan	ㄒㄧㄚˋ	廈	cedict:line:38503	taiwan_usage
taiwan	ㄒㄧㄚˋㄉㄤˋ	下檔	cedict:line:1997	taiwan_usage
taiwan	ㄒㄧㄚˋㄍㄤˇ	下港	cedict:line:2019	taiwan_usage
taiwan	ㄒㄧㄚˋㄒㄧㄚˋㄐㄧㄠˋ	嚇嚇叫	cedict:line:23506	taiwan_usage
taiwan	ㄒㄧㄚˋㄕˋㄑㄧㄡˉ	下視丘	cedict:line:2063	taiwan_usage
taiwan	ㄒㄧㄝˇㄩㄣˉ	血暈	cedict:line:97765	taiwan_usage
taiwan	ㄒㄧㄝˊㄊㄨㄥˊㄓㄨˇㄔˊㄖㄣˊ	協同主持人	cedict:line:16988	taiwan_usage
taiwan	ㄒㄧㄝˋㄔㄤˊㄊㄧㄥˊ	謝長廷	cedict:line:101896	people
taiwan	ㄒㄧㄝˋㄗㄜˊ	卸責	cedict:line:17797	taiwan_usage
taiwan	ㄒㄧㄠˇㄆㄥˊㄧㄡˇ	小朋友	cedict:line:34551	taiwan_usage
taiwan	ㄒㄧㄠˇㄇㄟˋ	小妹	cedict:line:34436	taiwan_usage
taiwan	ㄒㄧㄠˇㄈㄚˉㄘㄞˊ	小發財	cedict:line:34617	taiwan_usage
taiwan	ㄒㄧㄠˇㄋㄧㄢˊㄧㄝˋ	小年夜	cedict:line:34485	taiwan_usage
taiwan	ㄒㄧㄠˇㄌㄩˋㄖㄣˊ	小綠人	cedict:line:34665	taiwan_usage
taiwan	ㄒㄧㄠˇㄍㄤˇ	小港	cedict:line:34588	places
taiwan	ㄒㄧㄠˇㄍㄤˇㄑㄩˉ	小港區	cedict:line:34589	places
taiwan	ㄒㄧㄠˇㄍㄨㄢˇ	小管	cedict:line:34642	taiwan_usage
taiwan	ㄒㄧㄠˇㄎㄜˇㄞˋ	小可愛	cedict:line:34397	taiwan_usage
taiwan	ㄒㄧㄠˇㄏㄨㄤˊ	小黃	cedict:line:34820	taiwan_usage
taiwan	ㄒㄧㄠˇㄐㄩㄢˇ	小卷	cedict:line:34392	taiwan_usage
taiwan	ㄒㄧㄠˇㄒㄩㄣˉ	小薰	cedict:line:34696	performers
taiwan	ㄒㄧㄠˇㄔˋㄅㄧˋ	小赤壁	cedict:line:34734	places
taiwan	ㄒㄧㄠˉ	哮	cedict:line:21822	taiwan_usage
taiwan	ㄒㄧㄠˉㄅㄠˇㄍㄨㄢˉ	消保官	cedict:line:65545	taiwan_usage
taiwan	ㄒㄧㄠˉㄅㄤˉ	蕭邦	cedict:line:95742	taiwan_usage
taiwan	ㄒㄧㄠˉㄨㄢˋㄔㄤˊ	蕭萬長	cedict:line:95740	people
taiwan	ㄒㄧㄠˊ	洨	cedict:line:64606	taiwan_usage
taiwan	ㄒㄧㄠˋ	肖	cedict:line:89784	taiwan_usage
taiwan	ㄒㄧㄠˋ	酵	cedict:line:110225	taiwan_usage
taiwan	ㄒㄧㄠˋㄉㄧˋ	校地	cedict:line:57243	taiwan_usage
taiwan	ㄒㄧㄠˋㄒㄧㄤˇ	肖想	cedict:line:89791	taiwan_usage
taiwan	ㄒㄧㄡˉㄕˋㄉㄨㄣˋ	休士頓	cedict:line:6884	taiwan_usage
taiwan	ㄒㄧㄢˇ	癬	cedict:line:76028	taiwan_usage
taiwan	ㄒㄧㄢˇ	銑	cedict:line:111675	taiwan_usage
taiwan	ㄒㄧㄢˊㄈㄥˉㄘㄠˇ	咸豐草	cedict:line:21432	taiwan_usage
taiwan	ㄒㄧㄢˊㄕˉ	鹹濕	cedict:line:123190	taiwan_usage
taiwan	ㄒㄧㄣˉ	芯	cedict:line:93059	taiwan_usage
taiwan	ㄒㄧㄣˉㄅㄚˉㄨㄟˉ	辛巴威	cedict:line:106564	taiwan_usage
taiwan	ㄒㄧㄣˉㄅㄟˇㄕˋ	新北市	cedict:line:51781	places
taiwan	ㄒㄧㄣˉㄅㄨˋ	辛布	cedict:line:106565	taiwan_usage
taiwan	ㄒㄧㄣˉㄇㄧˋ	新秘	cedict:line:51949	taiwan_usage
taiwan	ㄒㄧㄣˉㄉㄧㄢˋ	新店	cedict:line:51847	places
taiwan	ㄒㄧㄣˉㄉㄧㄢˋㄒㄧˉ	新店溪	cedict:line:51849	taiwan_usage
taiwan	ㄒㄧㄣˉㄉㄧㄢˋㄕˋ	新店市	cedict:line:51848	places
taiwan	ㄒㄧㄣˉㄊㄞˊㄅㄧˋ	新台幣	cedict:line:51787	taiwan_usage
taiwan	ㄒㄧㄣˉㄋㄧㄤˊㄇㄧˋㄕㄨˉ	新娘秘書	cedict:line:51811	taiwan_usage
taiwan	ㄒㄧㄣˉㄌㄧˋ	新力	cedict:line:51773	taiwan_usage
taiwan	ㄒㄧㄣˉㄐㄧˉㄍㄥˇㄙㄜˋ	心肌梗塞	cedict:line:40916	taiwan_usage
taiwan	ㄒㄧㄣˉㄒㄧㄤˇ	薪餉	cedict:line:95971	taiwan_usage
taiwan	ㄒㄧㄣˉㄒㄧㄥˉㄑㄩˉ	新興區	cedict:line:51988	places
taiwan	ㄒㄧㄣˉㄒㄧㄥˊㄈㄚˇㄗㄨㄥˇㄗㄜˊ	新刑法總則	wikidata:Q116744007+cedict:derived	books
taiwan	ㄒㄧㄣˉㄓㄨˊ	新竹	cedict:line:51951	places
taiwan	ㄒㄧㄣˉㄓㄨˊㄒㄧㄢˋ	新竹縣	cedict:line:51953	places
taiwan	ㄒㄧㄣˉㄓㄨˊㄕˋ	新竹市	cedict:line:51952	places
taiwan	ㄒㄧㄣˉㄓㄨㄤˉ	新莊	cedict:line:51995	places
taiwan	ㄒㄧㄣˉㄓㄨㄤˉㄕˋ	新莊市	cedict:line:51996	places
taiwan	ㄒㄧㄣˉㄕˋㄑㄩˉ	新市區	cedict:line:51834	places
taiwan	ㄒㄧㄣˉㄧㄥˇㄦˊ	心影兒	cedict:line:40788	taiwan_usage
taiwan	ㄒㄧㄣˊ	鄩	cedict:line:109874	taiwan_usage
taiwan	ㄒㄧㄣˋㄧˋㄑㄩˉ	信義區	cedict:line:8366	places
taiwan	ㄒㄧㄤˉㄇㄧㄣˊ	鄉民	cedict:line:109783	taiwan_usage
taiwan	ㄒㄧㄤˉㄌㄧˇ	襄理	cedict:line:99113	taiwan_usage
taiwan	ㄒㄧㄤˉㄐㄩˋ	薌劇	cedict:line:95827	taiwan_usage
taiwan	ㄒㄧㄤˉㄒㄧㄥˊㄔㄜˉ	廂型車	cedict:line:38496	taiwan_usage
taiwan	ㄒㄧㄤˉㄒㄧㄥˊㄔㄜˉ	箱型車	cedict:line:83309	taiwan_usage
taiwan	ㄒㄧㄤˉㄕㄢˉㄑㄩˉ	香山區	cedict:line:120237	places
taiwan	ㄒㄧㄤˋ	蠁	cedict:line:97576	taiwan_usage
taiwan	ㄒㄧㄤˋㄇㄛˊㄒㄧㄤˋㄧㄤˋ	像模像樣	cedict:line:10011	taiwan_usage
taiwan	ㄒㄧㄤˋㄑㄧㄣˉ	相親	cedict:line:77964	taiwan_usage
taiwan	ㄒㄧㄤˋㄓㄨㄥˋ	相中	cedict:line:77830	taiwan_usage
taiwan	ㄒㄧㄤˋㄧㄚˊㄏㄞˇㄢˋ	象牙海岸	cedict:line:102640	taiwan_usage
taiwan	ㄒㄧㄥˉㄏㄞˇㄓㄥˉㄅㄚˋ	星海爭霸	cedict:line:53137	taiwan_usage
taiwan	ㄒㄧㄥˉㄐㄧˋㄉㄚˋㄓㄢˋ	星際大戰	cedict:line:53165	taiwan_usage
taiwan	ㄒㄧㄥˊㄅㄧㄝˊ	型別	cedict:line:25492	taiwan_usage
taiwan	ㄒㄧㄥˊㄉㄨㄥˋㄉㄧㄢˋㄏㄨㄚˋ	行動電話	cedict:line:97923	taiwan_usage
taiwan	ㄒㄧㄥˊㄉㄨㄥˋㄉㄧㄢˋㄩㄢˊ	行動電源	cedict:line:97922	taiwan_usage
taiwan	ㄒㄧㄥˊㄉㄨㄥˋㄐㄩˋ	行動劇	cedict:line:97914	taiwan_usage
taiwan	ㄒㄧㄥˊㄉㄨㄥˋㄓˊ	行動值	cedict:line:97913	taiwan_usage
taiwan	ㄒㄧㄥˊㄉㄨㄥˋㄓㄨㄤˉㄓˋ	行動裝置	cedict:line:97920	taiwan_usage
taiwan	ㄒㄧㄥˊㄒㄧㄠˉㄓㄤˇ	行銷長	cedict:line:98041	taiwan_usage
taiwan	ㄒㄧㄥˊㄓㄥˋㄩㄢˋ	行政院	cedict:line:97965	taiwan_usage
taiwan	ㄒㄧㄥˊㄔㄥˊ	行程	cedict:line:98003	taiwan_usage
taiwan	ㄒㄧㄥˋ	行	cedict:line:97885	taiwan_usage
taiwan	ㄒㄧㄥˋㄌㄧㄣˊㄧˉㄩㄢˋ	杏林醫院	wikidata:Q105084604+cedict:derived	films
taiwan	ㄒㄧㄥˋㄓㄨㄤˋ	行狀	cedict:line:97997	taiwan_usage
taiwan	ㄒㄧㄥˋㄖㄣˊㄍㄨㄛˇ	杏仁果	cedict:line:55990	taiwan_usage
taiwan	ㄒㄧㄥˋㄩㄣˋㄦˊ	幸運兒	wikidata:Q131859913+cedict:derived	books
taiwan	ㄒㄩˇ	煦	cedict:line:70336	taiwan_usage
taiwan	ㄒㄩˇㄒㄧㄣˋㄌㄧㄤˊ	許信良	cedict:line:100546	people
taiwan	ㄒㄩˉㄋㄧˇㄕˊㄐㄧㄥˋ	虛擬實境	cedict:line:96702	taiwan_usage
taiwan	ㄒㄩˊㄒㄧˉㄩㄢˊ	徐熙媛	cedict:line:40119	taiwan_usage
taiwan	ㄒㄩˋ	頊	cedict:line:118539	taiwan_usage
taiwan	ㄒㄩˋ	頊	cedict:line:118540	taiwan_usage
taiwan	ㄒㄩˋ	魆	cedict:line:122197	taiwan_usage
taiwan	ㄒㄩㄝˇㄅㄚˉㄖㄣˊ	雪巴人	cedict:line:116488	taiwan_usage
taiwan	ㄒㄩㄝˇㄌㄧˊ	雪梨	cedict:line:116495	taiwan_usage
taiwan	ㄒㄩㄝˉㄊㄡˊ	噱頭	cedict:line:23402	taiwan_usage
taiwan	ㄒㄩㄝˊㄇㄣˊ	學門	cedict:line:31758	taiwan_usage
taiwan	ㄒㄩㄝˊㄕㄜˋ	學舍	cedict:line:31743	taiwan_usage
taiwan	ㄒㄩㄝˋ	削	cedict:line:14350	taiwan_usage
taiwan	ㄒㄩㄝˋ	穴	cedict:line:81894	taiwan_usage
taiwan	ㄒㄩㄝˋㄏㄨㄥˊㄙㄨˋ	血紅素	cedict:line:97828	taiwan_usage
taiwan	ㄒㄩㄢˇㄉㄢˉㄌㄧㄝˋ	選單列	cedict:line:109042	taiwan_usage
taiwan	ㄒㄩㄢˉㄉㄠˇ	宣導	cedict:line:32628	taiwan_usage
taiwan	ㄒㄩㄢˋㄩㄣˉ	眩暈	cedict:line:78326	taiwan_usage
taiwan	ㄒㄩㄣˊ	徇	cedict:line:39912	taiwan_usage
taiwan	ㄒㄩㄣˊ	馴	cedict:line:120732	taiwan_usage
taiwan	ㄒㄩㄣˋㄉㄠˇㄔㄨˋ	訓導處	cedict:line:100385	taiwan_usage
taiwan	ㄓˇ	抵	cedict:line:45756	taiwan_usage
taiwan	ㄓˇㄎㄠˇ	指考	cedict:line:46870	taiwan_usage
taiwan	ㄓˉ	疧	cedict:line:75570	taiwan_usage
taiwan	ㄓˊ	擲	cedict:line:49681	taiwan_usage
taiwan	ㄓˊ	質	cedict:line:103748	taiwan_usage
taiwan	ㄓˊㄉㄧˊ	直笛	cedict:line:77764	taiwan_usage
taiwan	ㄓˊㄐㄩㄣˉ	職軍	cedict:line:89531	taiwan_usage
taiwan	ㄓˊㄒㄧㄥˊㄒㄩˋ	執行緒	cedict:line:25760	taiwan_usage
taiwan	ㄓˊㄒㄧㄥˊㄓㄤˇ	執行長	cedict:line:25761	taiwan_usage
taiwan	ㄓˋㄆㄧㄢˋ	製片	cedict:line:98891	taiwan_usage
taiwan	ㄓˋㄈㄨˊㄉㄧㄢˋ	制服店	cedict:line:14201	taiwan_usage
taiwan	ㄓˋㄍㄨㄥˉ	志工	cedict:line:41088	taiwan_usage
taiwan	ㄓˋㄏㄨㄟˋㄒㄧㄥˊㄕㄡˇㄐㄧˉ	智慧型手機	cedict:line:53824	taiwan_usage
taiwan	ㄓˋㄏㄨㄟˋㄘㄞˊㄔㄢˇ	智慧財產	cedict:line:53826	taiwan_usage
taiwan	ㄓㄚˇㄓㄨˋ	扎住	cedict:line:44500	taiwan_usage
taiwan	ㄓㄚˊ	哳	cedict:line:21839	taiwan_usage
taiwan	ㄓㄚˊ	紮	cedict:line:85172	taiwan_usage
taiwan	ㄓㄚˊ	紮	cedict:line:85173	taiwan_usage
taiwan	ㄓㄚˊㄉㄠˋ	閘道	cedict:line:113735	taiwan_usage
taiwan	ㄓㄚˊㄍㄜˊㄌㄟˊㄅㄨˋ	札格雷布	cedict:line:55757	taiwan_usage
taiwan	ㄓㄚˊㄍㄜˊㄖㄨㄟˋㄅㄨˋ	札格瑞布	cedict:line:55756	taiwan_usage
taiwan	ㄓㄚˊㄧㄥˊ	紮營	cedict:line:85177	taiwan_usage
taiwan	ㄓㄚˊㄨˋ	炸物	cedict:line:69299	foods
taiwan	ㄓㄚˋ	吒	cedict:line:20399	taiwan_usage
taiwan	ㄓㄚˋ	炸	cedict:line:69283	taiwan_usage
taiwan	ㄓㄜˊ	慴	cedict:line:43122	taiwan_usage
taiwan	ㄓㄜˊ	懾	cedict:line:43581	taiwan_usage
taiwan	ㄓㄜˊ	褶	cedict:line:99082	taiwan_usage
taiwan	ㄓㄜˊㄓˇㄓㄢˋㄕˋ	摺紙戰士	wikidata:Q488524+cedict:derived	books
taiwan	ㄓㄞˊㄆㄟˋ	宅配	cedict:line:31799	taiwan_usage
taiwan	ㄓㄠˇㄗˋㄐㄧˇ	找自己	wikidata:Q137588072+cedict:derived	songs
taiwan	ㄓㄠˉㄌㄧㄤˊ	著涼	cedict:line:95002	taiwan_usage
taiwan	ㄓㄠˋ	兆	cedict:line:10457	taiwan_usage
taiwan	ㄓㄠˋ	罩	cedict:line:87366	animals
taiwan	ㄓㄡˉ	啁	cedict:line:22112	taiwan_usage
taiwan	ㄓㄡˉㄏㄨㄚˊㄐㄧㄢˋ	周華健	cedict:line:20978	performers
taiwan	ㄓㄡˉㄐㄧㄝˊㄌㄨㄣˊ	周杰倫	cedict:line:20949	taiwan_usage
taiwan	ㄓㄡˉㄒㄧㄡˉㄦˋㄖˋ	週休二日	cedict:line:108018	taiwan_usage
taiwan	ㄓㄡˉㄩˊㄇㄧㄣˊ	周渝民	cedict:line:20956	performers
taiwan	ㄓㄡˊ	軸	cedict:line:105932	taiwan_usage
taiwan	ㄓㄢˇ	皽	cedict:line:77238	taiwan_usage
taiwan	ㄓㄢˉ	覘	cedict:line:99749	taiwan_usage
taiwan	ㄓㄢˉㄋㄧㄢˊ	沾黏	cedict:line:63658	taiwan_usage
taiwan	ㄓㄢˋ	暫	cedict:line:54064	taiwan_usage
taiwan	ㄓㄢˋ	顫	cedict:line:119143	taiwan_usage
taiwan	ㄓㄢˋㄊㄞˊ	站臺	cedict:line:82466	places
taiwan	ㄓㄣˇ	抌	cedict:line:45366	taiwan_usage
taiwan	ㄓㄣˇㄇㄛˋ	診脈	cedict:line:100593	taiwan_usage
taiwan	ㄓㄣˉㄎㄨㄥˇㄕㄜˋㄧㄥˇㄐㄧˉ	針孔攝影機	cedict:line:111296	taiwan_usage
taiwan	ㄓㄣˉㄐㄧㄚˇㄍㄨㄥˉㄓㄨˇ	真假公主	wikidata:Q7300804+cedict:derived	books
taiwan	ㄓㄣˉㄒㄩㄣˋ	甄訓	cedict:line:74053	taiwan_usage
taiwan	ㄓㄣˋ	枕	cedict:line:56587	taiwan_usage
taiwan	ㄓㄣˋㄌㄧㄝˋ	陣列	cedict:line:114786	taiwan_usage
taiwan	ㄓㄣˋㄏㄢˋㄉㄢˋ	震撼彈	cedict:line:117098	taiwan_usage
taiwan	ㄓㄣˋㄧㄤˉ	震央	cedict:line:117089	taiwan_usage
taiwan	ㄓㄤˇㄅㄟˋㄊㄨˊ	長輩圖	cedict:line:113064	taiwan_usage
taiwan	ㄓㄤˉㄏㄨㄚˋ	彰化	cedict:line:39738	places
taiwan	ㄓㄤˉㄏㄨㄚˋㄒㄧㄢˋ	彰化縣	cedict:line:39740	places
taiwan	ㄓㄤˉㄏㄨㄚˋㄕˋ	彰化市	cedict:line:39739	places
taiwan	ㄓㄤˉㄏㄨㄟˋㄇㄟˋ	張惠妹	cedict:line:39273	indigenous
taiwan	ㄓㄤˉㄓㄣˋ	張震	cedict:line:39321	performers
taiwan	ㄓㄤˉㄕㄠˊㄏㄢˊ	張韶涵	cedict:line:39323	performers
taiwan	ㄓㄤˋ	長	cedict:line:112813	taiwan_usage
taiwan	ㄓㄤˋㄨˋ	長物	cedict:line:112980	taiwan_usage
taiwan	ㄓㄥˇㄒㄧㄥˊ	整型	cedict:line:51000	taiwan_usage
taiwan	ㄓㄥˉ	諍	cedict:line:101559	taiwan_usage
taiwan	ㄓㄥˉ	錚	cedict:line:111993	taiwan_usage
taiwan	ㄓㄥˉㄊㄨㄛˉ	掙脫	cedict:line:47632	taiwan_usage
taiwan	ㄓㄥˉㄒㄧㄣˋㄕㄜˋ	徵信社	cedict:line:40569	taiwan_usage
taiwan	ㄓㄥˋ	幀	cedict:line:37520	taiwan_usage
taiwan	ㄓㄥˋㄆㄞˋ	正派	cedict:line:60422	taiwan_usage
taiwan	ㄓㄥˋㄇㄟˋ	正妹	cedict:line:60357	taiwan_usage
taiwan	ㄓㄥˋㄉㄧㄢˇ	正點	cedict:line:60511	taiwan_usage
taiwan	ㄓㄥˋㄊㄧˇ	正體	cedict:line:60509	taiwan_usage
taiwan	ㄓㄥˋㄊㄧˇㄗˋ	正體字	cedict:line:60510	taiwan_usage
taiwan	ㄓㄥˋㄍㄤˇ	正港	cedict:line:60423	taiwan_usage
taiwan	ㄓㄥˋㄏㄡˋㄑㄩㄣˊ	症候群	cedict:line:75725	taiwan_usage
taiwan	ㄓㄥˋㄧˋㄇㄛˊㄖㄣˊ	正義魔人	cedict:line:60453	taiwan_usage
taiwan	ㄓㄨˇ	貯	cedict:line:103185	taiwan_usage
taiwan	ㄓㄨˇㄔˊㄖㄣˊ	主持人	cedict:line:3983	performers
taiwan	ㄓㄨˉㄌㄧˋㄌㄨㄣˊ	朱立倫	cedict:line:55791	people
taiwan	ㄓㄨˉㄒㄧㄝˇㄍㄠˉ	豬血糕	cedict:line:102727	foods
taiwan	ㄓㄨˉㄒㄧㄠˋㄊㄧㄢˉ	朱孝天	cedict:line:55778	performers
taiwan	ㄓㄨˊ	筑	cedict:line:83057	taiwan_usage
taiwan	ㄓㄨˊ	築	cedict:line:83402	taiwan_usage
taiwan	ㄓㄨˊㄅㄟˇ	竹北	cedict:line:82635	places
taiwan	ㄓㄨˊㄅㄟˇㄕˋ	竹北市	cedict:line:82636	places
taiwan	ㄓㄨˋㄒㄩㄢˇ	助選	cedict:line:15408	taiwan_usage
taiwan	ㄓㄨˋㄧㄣˉㄈㄨˊㄏㄠˋ	注音符號	cedict:line:64208	taiwan_usage
taiwan	ㄓㄨㄚˉㄎㄨㄤˊ	抓狂	cedict:line:45413	taiwan_usage
taiwan	ㄓㄨㄚˉㄏㄡˊ	抓猴	cedict:line:45414	taiwan_usage
taiwan	ㄓㄨㄛˉㄅㄨˋ	桌布	cedict:line:57661	taiwan_usage
taiwan	ㄓㄨㄛˉㄑㄧㄡˊ	桌球	cedict:line:57666	taiwan_usage
taiwan	ㄓㄨㄛˊ	倬	cedict:line:8901	taiwan_usage
taiwan	ㄓㄨㄛˊ	拙	cedict:line:46403	taiwan_usage
taiwan	ㄓㄨㄛˊ	琢	cedict:line:73527	taiwan_usage
taiwan	ㄓㄨㄛˊ	著	cedict:line:94970	taiwan_usage
taiwan	ㄓㄨㄛˊ	踔	cedict:line:105183	taiwan_usage
taiwan	ㄓㄨㄛˊㄇㄛˊ	琢磨	cedict:line:73529	taiwan_usage
taiwan	ㄓㄨㄞˇㄨㄣˊ	跩文	cedict:line:104963	taiwan_usage
taiwan	ㄓㄨㄟˉㄇㄥˋㄖㄣˊ	追夢人	wikidata:Q106899256+cedict:derived	songs
taiwan	ㄓㄨㄟˉㄐㄧㄚˉㄐㄧˋ	追加劑	cedict:line:107124	taiwan_usage
taiwan	ㄓㄨㄢˇㄗㄞˋ	轉載	cedict:line:106478	taiwan_usage
taiwan	ㄓㄨㄢˇㄨㄢˉㄓˉㄏㄡˋ	轉彎之後	wikidata:Q106612979+cedict:derived	films
taiwan	ㄓㄨㄢˇㄨㄣˊ	轉文	cedict:line:106404	taiwan_usage
taiwan	ㄓㄨㄢˇㄨㄣˊ	轉文	cedict:line:106405	taiwan_usage
taiwan	ㄓㄨㄣˇ	隼	cedict:line:115568	taiwan_usage
taiwan	ㄓㄨㄤˉㄐㄧㄠˇ	樁腳	cedict:line:58899	taiwan_usage
taiwan	ㄓㄨㄥˉㄊㄞˊ	中臺	cedict:line:3716	taiwan_usage
taiwan	ㄓㄨㄥˉㄊㄨˊㄓˉㄐㄧㄚˉ	中途之家	cedict:line:3781	taiwan_usage
taiwan	ㄓㄨㄥˉㄍㄤˇㄊㄞˊ	中港臺	cedict:line:3638	taiwan_usage
taiwan	ㄓㄨㄥˉㄍㄨㄛˊㄉㄧㄢˋㄕˋㄍㄨㄥˉㄙˉ	中國電視公司	cedict:line:3451	taiwan_usage
taiwan	ㄓㄨㄥˉㄍㄨㄛˊㄕˊㄅㄠˋ	中國時報	cedict:line:3391	taiwan_usage
taiwan	ㄓㄨㄥˉㄏㄜˊ	中和	cedict:line:3315	places
taiwan	ㄓㄨㄥˉㄏㄜˊㄕˋ	中和市	cedict:line:3318	places
taiwan	ㄓㄨㄥˉㄏㄨㄚˊㄉㄧㄢˋㄕˋ	中華電視	cedict:line:3738	taiwan_usage
taiwan	ㄓㄨㄥˉㄏㄨㄚˊㄊㄞˊㄅㄟˇ	中華臺北	cedict:line:3735	taiwan_usage
taiwan	ㄓㄨㄥˉㄏㄨㄚˊㄏㄤˊㄎㄨㄥˉㄍㄨㄥˉㄙˉ	中華航空公司	cedict:line:3736	taiwan_usage
taiwan	ㄓㄨㄥˉㄐㄩㄢˇ	中卷	cedict:line:3307	taiwan_usage
taiwan	ㄓㄨㄥˉㄕˊ	中時	cedict:line:3591	taiwan_usage
taiwan	ㄓㄨㄥˉㄕˋ	中視	cedict:line:3759	taiwan_usage
taiwan	ㄓㄨㄥˉㄕㄢˉㄑㄩˉ	中山區	cedict:line:3525	places
taiwan	ㄓㄨㄥˉㄕㄣˉㄈㄥˋ	終身俸	cedict:line:85355	taiwan_usage
taiwan	ㄓㄨㄥˉㄧㄡˊ	中油	cedict:line:3627	taiwan_usage
taiwan	ㄓㄨㄥˉㄧㄤˉㄍㄨㄤˇㄅㄛˉㄉㄧㄢˋㄊㄞˊ	中央廣播電臺	cedict:line:3476	taiwan_usage
taiwan	ㄓㄨㄥˉㄧㄤˉㄕㄜˋ	中央社	cedict:line:3486	taiwan_usage
taiwan	ㄓㄨㄥˉㄩㄢˊㄉㄚˋㄒㄩㄝˊ	中原大學	cedict:line:3310	taiwan_usage
taiwan	ㄓㄨㄥˋㄊㄧㄥˉ	中聽	cedict:line:3712	taiwan_usage
taiwan	ㄓㄨㄥˋㄌㄧㄤˋㄒㄩㄣˋㄌㄧㄢˋ	重量訓練	cedict:line:110792	taiwan_usage
taiwan	ㄓㄨㄥˋㄎㄢˋ	中看	cedict:line:3661	taiwan_usage
taiwan	ㄓㄨㄥˋㄐㄧㄝˋ	仲介	cedict:line:6583	taiwan_usage
taiwan	ㄓㄨㄥˋㄒㄩㄣˋ	重訓	cedict:line:110758	taiwan_usage
taiwan	ㄓㄨㄥˋㄩㄥˋ	中用	cedict:line:3655	taiwan_usage
taiwan	ㄔˇㄝˋㄐㄧㄠˇㄓㄥˋㄒㄩㄝˊ	齒顎矯正學	cedict:line:124739	taiwan_usage
taiwan	ㄔˉㄈㄢˋㄏㄨㄤˊㄉㄧˋㄉㄚˋ	吃飯皇帝大	cedict:line:19622	taiwan_usage
taiwan	ㄔˉㄉㄠˋㄅㄠˇ	吃到飽	cedict:line:19527	foods
taiwan	ㄔˉㄌㄠˊㄈㄢˋ	吃牢飯	cedict:line:19572	taiwan_usage
taiwan	ㄔˉㄌㄨㄛˊㄙˉ	吃螺絲	cedict:line:19601	performers
taiwan	ㄔˉㄢˋ	吃案	cedict:line:19562	taiwan_usage
taiwan	ㄔˋㄈㄟˇ	赤匪	cedict:line:104006	taiwan_usage
taiwan	ㄔˋㄎㄢˇㄌㄡˊ	赤崁樓	cedict:line:104024	taiwan_usage
taiwan	ㄔˋㄎㄢˇㄌㄡˊ	赤嵌樓	cedict:line:104025	taiwan_usage
taiwan	ㄔˋㄓㄚˋㄈㄥˉㄩㄣˊ	叱咤風雲	wikidata:Q105675308+cedict:derived	films
taiwan	ㄔㄚˉ	差	cedict:line:36638	taiwan_usage
taiwan	ㄔㄚˊㄉㄜˊ	查德	cedict:line:56997	taiwan_usage
taiwan	ㄔㄚˊㄢˋㄙㄨㄢˉ	茶胺酸	cedict:line:93824	taiwan_usage
taiwan	ㄔㄜˇ	扯	cedict:line:45027	taiwan_usage
taiwan	ㄔㄜˉㄐㄧˊ	車籍	cedict:line:105642	taiwan_usage
taiwan	ㄔㄜˉㄕㄡˇ	車手	cedict:line:105615	taiwan_usage
taiwan	ㄔㄜˋ	轍	cedict:line:106510	taiwan_usage
taiwan	ㄔㄠˇ	吵	cedict:line:20635	taiwan_usage
taiwan	ㄔㄠˇㄈㄢˋ	炒飯	cedict:line:69209	foods
taiwan	ㄔㄠˉㄅㄛˊㄕˋ	超博士	cedict:line:104421	taiwan_usage
taiwan	ㄔㄠˉㄌㄧㄢˊㄐㄧㄝˊ	超連結	cedict:line:104511	taiwan_usage
taiwan	ㄔㄠˉㄌㄧㄢˋㄐㄧㄝˊ	超鏈結	cedict:line:104517	taiwan_usage
taiwan	ㄔㄠˉㄐㄧˊㄉㄧㄢˋㄋㄠˇ	超級電腦	cedict:line:104483	taiwan_usage
taiwan	ㄔㄡˋㄍㄞˋ	臭蓋	cedict:line:91984	taiwan_usage
taiwan	ㄔㄡˋㄔㄡˋㄍㄨㄛˉ	臭臭鍋	cedict:line:91983	foods
taiwan	ㄔㄢˇㄌㄨˋ	產露	cedict:line:74557	taiwan_usage
taiwan	ㄔㄣˊㄐㄧㄢˋㄖㄣˊ	陳建仁	cedict:line:114987	people
taiwan	ㄔㄣˊㄑㄧˊㄇㄞˋ	陳其邁	cedict:line:114966	people
taiwan	ㄔㄣˊㄕㄨㄟˇㄅㄧㄢˇ	陳水扁	cedict:line:115001	people
taiwan	ㄔㄣˊㄩㄣˊㄌㄧㄣˊ	陳雲林	cedict:line:115032	taiwan_usage
taiwan	ㄔㄤˊㄊㄞˋㄈㄣˉㄅㄢˉ	常態分班	cedict:line:37466	taiwan_usage
taiwan	ㄔㄤˊㄓㄠˋ	長照	cedict:line:112976	taiwan_usage
taiwan	ㄔㄤˊㄖㄨㄥˊ	長榮	cedict:line:112927	taiwan_usage
taiwan	ㄔㄤˊㄖㄨㄥˊㄏㄞˇㄩㄣˋ	長榮海運	cedict:line:112928	taiwan_usage
taiwan	ㄔㄤˊㄖㄨㄥˊㄏㄤˊㄎㄨㄥˉ	長榮航空	cedict:line:112929	taiwan_usage
taiwan	ㄔㄤˋㄏㄨㄛˋㄓㄨㄥˉㄒㄧㄣˉ	暢貨中心	cedict:line:54052	taiwan_usage
taiwan	ㄔㄥˊㄍㄨㄥˉㄉㄚˋㄒㄩㄝˊ	成功大學	cedict:line:43706	taiwan_usage
taiwan	ㄔㄥˊㄕˋ	程式	cedict:line:81511	taiwan_usage
taiwan	ㄔㄥˊㄕˋㄇㄚˇ	程式碼	cedict:line:81514	taiwan_usage
taiwan	ㄔㄥˊㄕˋㄕˉ	程式師	cedict:line:81513	taiwan_usage
taiwan	ㄔㄥˊㄕˋㄩˇㄧㄢˊ	程式語言	cedict:line:81515	taiwan_usage
taiwan	ㄔㄥˊㄕˋㄩㄢˊ	程式員	cedict:line:81512	taiwan_usage
taiwan	ㄔㄥˋ	稱	cedict:line:81636	taiwan_usage
taiwan	ㄔㄨˇ	褚	cedict:line:99033	taiwan_usage
taiwan	ㄔㄨˇㄓˊ	儲值	cedict:line:10275	taiwan_usage
taiwan	ㄔㄨˉㄒㄧㄢˋ	出線	cedict:line:13257	taiwan_usage
taiwan	ㄔㄨˉㄗㄨˉㄑㄧˋㄔㄜˉ	出租汽車	cedict:line:13249	taiwan_usage
taiwan	ㄔㄨˉㄗㄨˉㄔㄜˉ	出租車	cedict:line:13250	taiwan_usage
taiwan	ㄔㄨˉㄘㄠˇ	出草	cedict:line:13271	indigenous
taiwan	ㄔㄨˊ	儲	cedict:line:10273	taiwan_usage
taiwan	ㄔㄨˊ	儲	cedict:line:10274	taiwan_usage
taiwan	ㄔㄨˋㄇㄟˊ	觸媒	cedict:line:100131	taiwan_usage
taiwan	ㄔㄨˋㄎㄨㄥˋㄅㄢˇ	觸控板	cedict:line:100143	taiwan_usage
taiwan	ㄔㄨㄞˇ	揣	cedict:line:48400	taiwan_usage
taiwan	ㄔㄨㄞˋㄍㄨㄥˋ	踹共	cedict:line:105243	taiwan_usage
taiwan	ㄔㄨㄢˉㄩㄝˋㄓㄥˋㄧˋㄉㄨˊㄅㄣˇ	穿越正義讀本	wikidata:Q98066087+cedict:derived	books
taiwan	ㄔㄨㄢˊㄒㄩㄣˋ	傳訊	cedict:line:9793	taiwan_usage
taiwan	ㄔㄨㄢˋㄌㄧㄡˊ	串流	cedict:line:3848	taiwan_usage
taiwan	ㄔㄨㄣˊ	焞	cedict:line:69673	taiwan_usage
taiwan	ㄔㄨㄤˉㄕㄤˉㄏㄡˋㄧㄚˉㄌㄧˋㄓㄥˋㄏㄡˋㄑㄩㄣˊ	創傷後壓力症候群	cedict:line:14818	taiwan_usage
taiwan	ㄔㄨㄤˊ	幢	cedict:line:37565	taiwan_usage
taiwan	ㄔㄨㄥˇ	埫	cedict:line:25720	taiwan_usage
taiwan	ㄔㄨㄥˉㄧㄚˉ	沖壓	cedict:line:63219	taiwan_usage
taiwan	ㄕˇ	纚	cedict:line:87262	taiwan_usage
taiwan	ㄕˇㄉㄢˉㄈㄛˊ	史丹佛	cedict:line:19361	taiwan_usage
taiwan	ㄕˇㄊㄜˋㄌㄠˊㄙˉ	史特勞斯	cedict:line:19390	taiwan_usage
taiwan	ㄕˇㄍㄠˉㄅㄧˇㄧㄝˉ	史高比耶	cedict:line:19411	taiwan_usage
taiwan	ㄕˇㄏㄨㄢˋ	使喚	cedict:line:7626	taiwan_usage
taiwan	ㄕˇㄧㄝˋㄕˋ	始業式	cedict:line:30437	taiwan_usage
taiwan	ㄕˇㄨㄚˇㄉㄧˋㄋㄧˊ	史瓦帝尼	cedict:line:19391	taiwan_usage
taiwan	ㄕˇㄨㄚˇㄐㄧˋㄌㄢˊ	史瓦濟蘭	cedict:line:19392	taiwan_usage
taiwan	ㄕˇㄨㄚˇㄒㄧㄣˉㄍㄜˊ	史瓦辛格	cedict:line:19393	taiwan_usage
taiwan	ㄕˇㄩㄥˋㄓㄜˇ	使用者	cedict:line:7641	taiwan_usage
taiwan	ㄕˉㄇㄧㄥˊㄉㄜˊ	施明德	cedict:line:52257	people
taiwan	ㄕˉㄈㄨ˙	師父	cedict:line:37340	taiwan_usage
taiwan	ㄕˉㄌㄨㄛˋㄅㄧㄢˉㄐㄧㄥˋ	失落邊境	wikidata:Q105675163+cedict:derived	films
taiwan	ㄕˉㄓˋㄓㄥˋ	失智症	cedict:line:29245	taiwan_usage
taiwan	ㄕˉㄗˇ	獅子	cedict:line:72458	places
taiwan	ㄕˉㄗ˙ㄕㄢˉ	獅子山	cedict:line:72461	taiwan_usage
taiwan	ㄕˊ	蒔	cedict:line:95160	taiwan_usage
taiwan	ㄕˊㄅㄧㄝˊㄓㄥˋ	識別證	cedict:line:102002	taiwan_usage
taiwan	ㄕˊㄍㄨㄢˇ	食管	cedict:line:119638	foods
taiwan	ㄕˊㄎㄨㄥˉㄐㄧㄠˉㄋㄤˊ	時空膠囊	cedict:line:53417	taiwan_usage
taiwan	ㄕˊㄐㄧㄢˉㄓˉㄆㄟˋㄓㄜˇ	時間支配者	wikidata:Q24871099+cedict:derived	books
taiwan	ㄕˊㄨㄢˋㄑㄧㄥˉㄋㄧㄢˊㄕˊㄨㄢˋㄐㄩㄣˉ	十萬青年十萬軍	wikidata:Q108084788+cedict:derived	films
taiwan	ㄕˋ	識	cedict:line:101997	taiwan_usage
taiwan	ㄕˋㄌㄧㄣˊ	士林	cedict:line:26864	places
taiwan	ㄕˋㄌㄧㄣˊㄑㄩˉ	士林區	cedict:line:26865	places
taiwan	ㄕˋㄒㄩㄣˋ	視訊	cedict:line:99740	taiwan_usage
taiwan	ㄕˋㄗㄨˊ	世足	cedict:line:3117	taiwan_usage
taiwan	ㄕˋㄧㄝˋㄉㄢˉㄨㄟˋ	事業單位	cedict:line:4680	taiwan_usage
taiwan	ㄕㄚˉㄋㄚˋ	沙那	cedict:line:63373	taiwan_usage
taiwan	ㄕㄚˉㄍㄨㄛˊ	沙國	cedict:line:63271	taiwan_usage
taiwan	ㄕㄚˉㄨˉㄉㄧˋㄚˉㄌㄚˉㄅㄛˊ	沙烏地阿拉伯	cedict:line:63333	taiwan_usage
taiwan	ㄕㄚˋ	煞	cedict:line:70289	taiwan_usage
taiwan	ㄕㄚˋㄉㄠˋ	煞到	cedict:line:70291	taiwan_usage
taiwan	ㄕㄜˋ	猞	cedict:line:72365	taiwan_usage
taiwan	ㄕㄜˋㄏㄨˋㄒㄧㄢˋ	攝護腺	cedict:line:49895	taiwan_usage
taiwan	ㄕㄜˋㄑㄩㄣˊㄇㄟˊㄊㄧˇ	社群媒體	cedict:line:80275	taiwan_usage
taiwan	ㄕㄜˋㄨㄟˊㄈㄚˇ	社維法	cedict:line:80273	taiwan_usage
taiwan	ㄕㄠˋㄋㄧㄢˊㄖㄣˊ	少年人	cedict:line:34858	taiwan_usage
taiwan	ㄕㄠˋㄗㄨˊ	邵族	cedict:line:109515	indigenous
taiwan	ㄕㄡˇㄆㄞˊ	手排	cedict:line:44358	taiwan_usage
taiwan	ㄕㄡˇㄐㄧˉㄊㄧㄠˊㄇㄚˇ	手機條碼	cedict:line:44381	taiwan_usage
taiwan	ㄕㄢˇㄌㄧㄥˊ	閃靈	cedict:line:113254	performers
taiwan	ㄕㄢˉㄅㄠˉ	山胞	cedict:line:35692	indigenous
taiwan	ㄕㄢˉㄅㄣˇㄊㄡˊ	山本頭	cedict:line:35629	taiwan_usage
taiwan	ㄕㄢˉㄉㄧˋㄊㄨㄥˊㄅㄠˉ	山地同胞	cedict:line:35590	indigenous
taiwan	ㄕㄢˉㄉㄧㄥˇㄏㄟˉㄍㄡˇㄒㄩㄥˉ	山頂黑狗兄	wikidata:Q139576250+cedict:derived	songs
taiwan	ㄕㄢˉㄐㄧㄠˉㄩˊ	山椒魚	cedict:line:35647	taiwan_usage
taiwan	ㄕㄣˉㄌㄧˋㄕㄥˉ	身歷聲	cedict:line:105511	taiwan_usage
taiwan	ㄕㄣˊ	甚	cedict:line:74150	taiwan_usage
taiwan	ㄕㄤˉㄌㄩˇ	商旅	cedict:line:22169	taiwan_usage
taiwan	ㄕㄤˋㄅㄧˇㄧㄚˋ	尚比亞	cedict:line:34957	taiwan_usage
taiwan	ㄕㄤˋㄆㄧㄢˋ	上片	cedict:line:1767	taiwan_usage
taiwan	ㄕㄤˋㄎㄨㄥˉ	上空	cedict:line:1791	taiwan_usage
taiwan	ㄕㄥˉ	勝	cedict:line:15698	animals
taiwan	ㄕㄥˉㄊㄞˋㄒㄧˋ	生態系	cedict:line:74285	taiwan_usage
taiwan	ㄕㄥˉㄌㄧˇㄐㄧㄚˋ	生理假	cedict:line:74413	taiwan_usage
taiwan	ㄕㄥˉㄏㄨㄛˊㄐㄧㄠˋㄩˋ	生活教育	cedict:line:74340	taiwan_usage
taiwan	ㄕㄥˉㄐㄧˋ	生技	cedict:line:74291	taiwan_usage
taiwan	ㄕㄥˉㄐㄧㄠˋ	生教	cedict:line:74298	taiwan_usage
taiwan	ㄕㄥˋㄇㄚˇㄌㄧˋㄋㄨㄛˋ	聖馬利諾	cedict:line:89192	taiwan_usage
taiwan	ㄕㄥˋㄇㄨˇㄈㄥˉ	聖母峰	cedict:line:89118	taiwan_usage
taiwan	ㄕㄥˋㄉㄧˋㄧㄚˊㄍㄜˉ	聖地牙哥	cedict:line:89075	taiwan_usage
taiwan	ㄕㄥˋㄉㄨㄛˉㄇㄧㄥˊㄍㄜˉ	聖多明哥	cedict:line:89080	taiwan_usage
taiwan	ㄕㄥˋㄌㄨˋㄒㄧˉㄧㄚˋ	聖露西亞	cedict:line:89187	taiwan_usage
taiwan	ㄕㄥˋㄏㄜˊㄒㄧˉ	聖荷西	cedict:line:89159	taiwan_usage
taiwan	ㄕㄥˋㄨㄣˊㄙㄣˉㄐㄧˊㄍㄜˊㄖㄨㄟˋㄋㄚˋㄉㄧㄥˉ	聖文森及格瑞那丁	cedict:line:89105	taiwan_usage
taiwan	ㄕㄨˉㄈㄟˊㄈㄚˇ	舒肥法	cedict:line:92449	taiwan_usage
taiwan	ㄕㄨˉㄐㄩㄢˋㄐㄧㄤˇ	書卷獎	cedict:line:54377	people
taiwan	ㄕㄨˉㄑㄧˊ	舒淇	cedict:line:92444	performers
taiwan	ㄕㄨˉㄧㄠˉ	書腰	cedict:line:54427	performers
taiwan	ㄕㄨˊ	叔	cedict:line:18496	taiwan_usage
taiwan	ㄕㄨˊ	淑	cedict:line:65843	taiwan_usage
taiwan	ㄕㄨˋ	倏	cedict:line:8615	taiwan_usage
taiwan	ㄕㄨˋ	曙	cedict:line:54201	taiwan_usage
taiwan	ㄕㄨˋ	署	cedict:line:87454	taiwan_usage
taiwan	ㄕㄨˋㄉㄧˊ	豎笛	cedict:line:102543	taiwan_usage
taiwan	ㄕㄨˋㄌㄧㄣˊ	樹林	cedict:line:59245	places
taiwan	ㄕㄨˋㄌㄧㄣˊㄕˋ	樹林市	cedict:line:59247	places
taiwan	ㄕㄨˋㄐㄩˋㄐㄧˉ	數據機	cedict:line:51166	taiwan_usage
taiwan	ㄕㄨˋㄨㄟˋ	數位	cedict:line:51111	taiwan_usage
taiwan	ㄕㄨˋㄨㄟˋㄏㄨㄚˋ	數位化	cedict:line:51113	taiwan_usage
taiwan	ㄕㄨˋㄨㄟˋㄏㄨㄛˋㄅㄧˋ	數位貨幣	cedict:line:51115	taiwan_usage
taiwan	ㄕㄨㄚˇㄈㄟˋ	耍廢	cedict:line:88766	taiwan_usage
taiwan	ㄕㄨㄚˉㄎㄡˋ	刷扣	cedict:line:14223	taiwan_usage
taiwan	ㄕㄨㄛˋ	嗍	cedict:line:22958	taiwan_usage
taiwan	ㄕㄨㄟˇㄐㄧㄥˉㄐㄧㄠˇ	水晶餃	cedict:line:62262	foods
taiwan	ㄕㄨㄟˇㄒㄧㄥˊㄒㄧㄚˊ	水行俠	cedict:line:62411	taiwan_usage
taiwan	ㄕㄨㄟˋㄈㄨˊ	說服	cedict:line:101278	taiwan_usage
taiwan	ㄕㄨㄤˉㄅㄟˇ	雙北	cedict:line:115914	places
taiwan	ㄕㄨㄤˉㄕˊㄐㄧㄝˊ	雙十節	cedict:line:115916	history
taiwan	ㄖˋㄐㄩˋ	日據	cedict:line:52540	history
taiwan	ㄖˋㄓˋㄕˊㄑㄧˉㄊㄞˊㄨㄢˉㄒㄧㄢˋㄉㄞˋㄨㄣˊㄒㄩㄝˊㄘˊㄉㄧㄢˇ	日治時期台灣現代文學辭典	wikidata:Q110163427+cedict:derived	books
taiwan	ㄖˋㄩㄝˋㄊㄢˊ	日月潭	cedict:line:52559	places
taiwan	ㄖㄜˋㄔㄠˇ	熱炒	cedict:line:70695	foods
taiwan	ㄖㄡˊㄖㄨㄢˇㄐㄧㄥˉ	柔軟精	cedict:line:56941	taiwan_usage
taiwan	ㄖㄡˋㄙㄠˋ	肉燥	cedict:line:89709	foods
taiwan	ㄖㄡˋㄙㄡˉ	肉搜	cedict:line:89694	taiwan_usage
taiwan	ㄖㄡˋㄩㄢˊ	肉圓	cedict:line:89684	plants
taiwan	ㄖㄣˇㄓㄜˇㄍㄨㄟˉ	忍者龜	cedict:line:41058	taiwan_usage
taiwan	ㄖㄣˊㄇㄛˊㄍㄡˇㄧㄤˋ	人模狗樣	cedict:line:5825	taiwan_usage
taiwan	ㄖㄣˊㄊㄡˊ	人頭	cedict:line:5992	taiwan_usage
taiwan	ㄖㄣˊㄍㄨㄥˉㄓˋㄏㄨㄟˋ	人工智慧	cedict:line:5761	taiwan_usage
taiwan	ㄖㄣˊㄞˋㄑㄩˉ	仁愛區	cedict:line:6065	places
taiwan	ㄖㄣˋ	恁	cedict:line:41704	taiwan_usage
taiwan	ㄖㄤˊ	攘	cedict:line:49838	taiwan_usage
taiwan	ㄖㄨˇㄌㄠˋㄅㄧㄥˇ	乳酪餅	cedict:line:4443	taiwan_usage
taiwan	ㄖㄨˋ	辱	cedict:line:106714	taiwan_usage
taiwan	ㄖㄨㄟˋㄕˋ	芮氏	cedict:line:93056	taiwan_usage
taiwan	ㄖㄨㄟˋㄕˋㄍㄨㄟˉㄇㄛˊ	芮氏規模	cedict:line:93057	taiwan_usage
taiwan	ㄖㄨㄢˇ	蠕	cedict:line:97606	taiwan_usage
taiwan	ㄖㄨㄢˇㄊㄧˇ	軟體	cedict:line:105912	taiwan_usage
taiwan	ㄖㄨㄢˇㄌㄢˋ	軟爛	cedict:line:105876	foods
taiwan	ㄖㄨㄥˊㄇㄧㄣˊ	榮民	cedict:line:58722	taiwan_usage
taiwan	ㄖㄨㄥˊㄗㄨㄥˇ	榮總	cedict:line:58727	taiwan_usage
taiwan	ㄖㄨㄥˊㄩˋㄍㄨㄛˊㄇㄧㄣˊ	榮譽國民	cedict:line:58734	taiwan_usage
taiwan	ㄗˇㄍㄨㄥˉㄐㄧㄥˇㄇㄛˇㄆㄧㄢˋ	子宮頸抹片	cedict:line:31213	taiwan_usage
taiwan	ㄗˉㄌㄧㄠˋㄎㄨˋ	資料庫	cedict:line:103479	taiwan_usage
taiwan	ㄗˉㄌㄧㄠˋㄓㄨㄥˉㄒㄧㄣˉ	資料中心	cedict:line:103474	taiwan_usage
taiwan	ㄗˉㄎㄚˇㄅㄧㄥˋㄉㄨˊ	茲卡病毒	cedict:line:93786	taiwan_usage
taiwan	ㄗˉㄑㄧㄢˇㄈㄟˋ	資遣費	cedict:line:103526	taiwan_usage
taiwan	ㄗˉㄒㄩㄣˋㄍㄨㄥˉㄔㄥˊ	資訊工程	cedict:line:103520	taiwan_usage
taiwan	ㄗˉㄓㄥˋ	資政	cedict:line:103471	people
taiwan	ㄗˉㄕㄤˉ	諮商	cedict:line:101650	taiwan_usage
taiwan	ㄗˉㄢˉ	資安	cedict:line:103469	taiwan_usage
taiwan	ㄗˉㄧㄡˉ	資優	cedict:line:103465	taiwan_usage
taiwan	ㄗˉㄧㄡˉㄅㄢˉ	資優班	cedict:line:103466	taiwan_usage
taiwan	ㄗˋㄐㄧㄚˋㄔㄜˉ	自駕車	cedict:line:91945	taiwan_usage
taiwan	ㄗˋㄔㄨㄢˋ	字串	cedict:line:31329	taiwan_usage
taiwan	ㄗˋㄖㄢˊㄈㄚˉㄧㄣˉ	自然發音	cedict:line:91766	taiwan_usage
taiwan	ㄗˋㄧㄡˊㄓㄨㄥˉㄍㄨㄛˊ	自由中國	cedict:line:91789	taiwan_usage
taiwan	ㄗˋㄧㄡˊㄔㄥˊ	自由城	cedict:line:91796	taiwan_usage
taiwan	ㄗˋㄧㄡˊㄕˋ	自由市	cedict:line:91800	taiwan_usage
taiwan	ㄗˋㄧㄡˊㄧㄝˋ	自由業	cedict:line:91808	taiwan_usage
taiwan	ㄗˋㄩㄢˊ	字元	cedict:line:31330	taiwan_usage
taiwan	ㄗㄚˊㄐㄧㄠˉㄆㄞˋㄉㄨㄟˋ	雜交派對	cedict:line:116120	taiwan_usage
taiwan	ㄗㄚˊㄒㄩㄣˋ	雜訊	cedict:line:116168	taiwan_usage
taiwan	ㄗㄜˊ	咋	cedict:line:21182	taiwan_usage
taiwan	ㄗㄜˊ	咋	cedict:line:21184	taiwan_usage
taiwan	ㄗㄜˊ	萴	cedict:line:94796	plants
taiwan	ㄗㄞˇㄐㄩˋ	載具	cedict:line:105988	taiwan_usage
taiwan	ㄗㄞˋ	載	cedict:line:105982	taiwan_usage
taiwan	ㄗㄞˋㄉㄧˋ	在地	cedict:line:24901	taiwan_usage
taiwan	ㄗㄞˋㄊㄞˊ	在台	cedict:line:24899	taiwan_usage
taiwan	ㄗㄞˋㄌㄞˊㄇㄧˇ	在來米	cedict:line:24893	foods
taiwan	ㄗㄞˋㄞˋㄧˉㄘˋ	再愛一次	wikidata:Q138330347+cedict:derived	songs
taiwan	ㄗㄟˊ	賊	cedict:line:103549	taiwan_usage
taiwan	ㄗㄠˇㄗㄠˇㄅㄢˉ	早早班	cedict:line:52694	taiwan_usage
taiwan	ㄗㄡˉ	謅	cedict:line:101776	taiwan_usage
taiwan	ㄗㄡˉㄗㄨˊ	鄒族	cedict:line:109812	indigenous
taiwan	ㄗㄡˋ	驟	cedict:line:121199	taiwan_usage
taiwan	ㄗㄤˉ	臢	cedict:line:91334	taiwan_usage
taiwan	ㄗㄨˇㄉㄨㄢˋㄈㄨˊㄨˋㄍㄨㄥˉㄐㄧˉ	阻斷服務攻擊	cedict:line:114207	taiwan_usage
taiwan	ㄗㄨˇㄍㄨㄥˉ	阻攻	cedict:line:114205	taiwan_usage
taiwan	ㄗㄨˊ	捽	cedict:line:47345	taiwan_usage
taiwan	ㄗㄨㄛˇㄧㄥˊ	左營	cedict:line:36505	places
taiwan	ㄗㄨㄛˇㄧㄥˊㄑㄩˉ	左營區	cedict:line:36506	places
taiwan	ㄗㄨㄛˊㄌㄧㄠˋ	作料	cedict:line:7464	taiwan_usage
taiwan	ㄗㄨㄛˋㄧㄝˋㄒㄧˋㄊㄨㄥˇ	作業系統	cedict:line:7474	taiwan_usage
taiwan	ㄗㄨㄟˇㄑㄧㄡˉ	嘴秋	cedict:line:23270	taiwan_usage
taiwan	ㄗㄨㄟˋㄒㄧㄠˇㄆㄧㄥˊㄈㄤˉㄈㄚˇ	最小平方法	cedict:line:54579	taiwan_usage
taiwan	ㄗㄨㄣˋ	圳	cedict:line:25213	taiwan_usage
taiwan	ㄗㄨㄣˋ	鱒	cedict:line:122650	taiwan_usage
taiwan	ㄗㄨㄥˇㄊㄧˇㄐㄧㄥˉㄐㄧˋㄒㄩㄝˊ	總體經濟學	cedict:line:86941	taiwan_usage
taiwan	ㄗㄨㄥˇㄏㄨㄟˋ	總匯	cedict:line:86845	taiwan_usage
taiwan	ㄗㄨㄥˇㄏㄨㄟˋㄙㄢˉㄇㄧㄥˊㄓˋ	總匯三明治	cedict:line:86846	taiwan_usage
taiwan	ㄗㄨㄥˇㄏㄨㄟˋㄙㄢˉㄇㄧㄥˊㄓˋ	總會三明治	cedict:line:86873	taiwan_usage
taiwan	ㄗㄨㄥˉ	縱	cedict:line:86769	taiwan_usage
taiwan	ㄗㄨㄥˋ	從	cedict:line:40258	taiwan_usage
taiwan	ㄗㄨㄥˋ	綜	cedict:line:85963	taiwan_usage
taiwan	ㄗㄨㄥˋ	綜	cedict:line:85964	taiwan_usage
taiwan	ㄘˉ	雌	cedict:line:115826	taiwan_usage
taiwan	ㄘˊㄐㄧˋ	慈濟	cedict:line:42943	taiwan_usage
taiwan	ㄘㄚˉ	嚓	cedict:line:23524	taiwan_usage
taiwan	ㄘㄞˇㄙㄜˋㄅㄧˇ	彩色筆	cedict:line:39664	taiwan_usage
taiwan	ㄘㄞˋㄊㄡˊ	菜頭	cedict:line:94338	taiwan_usage
taiwan	ㄘㄞˋㄓˋㄓㄨㄥˉ	蔡志忠	cedict:line:95586	taiwan_usage
taiwan	ㄘㄞˋㄕˋㄔㄤˇㄇㄧㄥˊ	菜市場名	cedict:line:94316	taiwan_usage
taiwan	ㄘㄞˋㄕˋㄗˇㄇㄧㄥˊ	菜市仔名	cedict:line:94314	taiwan_usage
taiwan	ㄘㄞˋㄧˉㄌㄧㄣˊ	蔡依林	cedict:line:95581	performers
taiwan	ㄘㄞˋㄧㄥˉㄨㄣˊ	蔡英文	cedict:line:95591	people
taiwan	ㄘㄠˇㄇㄟˊ	草莓	cedict:line:93953	taiwan_usage
taiwan	ㄘㄠˇㄇㄟˊㄗㄨˊ	草莓族	cedict:line:93954	taiwan_usage
taiwan	ㄘㄠˊ	槽	cedict:line:58882	taiwan_usage
taiwan	ㄘㄢˉㄐㄧㄡˇㄍㄨㄢˇ	餐酒館	cedict:line:119915	taiwan_usage
taiwan	ㄘㄤˊㄙˉ	藏私	cedict:line:96135	taiwan_usage
taiwan	ㄘㄨˋ	槭	cedict:line:58862	taiwan_usage
taiwan	ㄘㄨㄛˋ	撮	cedict:line:49311	taiwan_usage
taiwan	ㄘㄨㄛˋ	撮	cedict:line:49312	taiwan_usage
taiwan	ㄘㄨㄛˋㄅㄧㄥˉ	剉冰	cedict:line:14347	taiwan_usage
taiwan	ㄘㄨㄥˉㄖㄨㄥˊ	從容	cedict:line:40287	taiwan_usage
taiwan	ㄙˇㄉㄤˋ	死當	cedict:line:60957	taiwan_usage
taiwan	ㄙˉ	釃	cedict:line:110492	beverages
taiwan	ㄙˉㄆㄨˇㄌㄚˉㄊㄜˋㄌㄧˋㄑㄩㄣˊㄉㄠˇ	斯普拉特利群島	cedict:line:51698	taiwan_usage
taiwan	ㄙˉㄈㄚˇㄍㄨㄢˉ	司法官	cedict:line:19466	taiwan_usage
taiwan	ㄙˉㄈㄚˇㄩㄢˋ	司法院	cedict:line:19471	taiwan_usage
taiwan	ㄙˉㄊㄠˊㄊㄜˋ	司陶特	cedict:line:19483	beverages
taiwan	ㄙˉㄌㄨㄛˋㄨㄟˊㄋㄧˊㄧㄚˋ	斯洛維尼亞	cedict:line:51710	taiwan_usage
taiwan	ㄙˉㄎㄢˉㄉㄧˋㄋㄚˋㄨㄟˊㄧㄚˋ	斯堪地納維亞	cedict:line:51671	taiwan_usage
taiwan	ㄙˉㄒㄩㄣˋ	私訊	cedict:line:81069	taiwan_usage
taiwan	ㄙˋ	賜	cedict:line:103611	taiwan_usage
taiwan	ㄙˋㄈㄨˊㄑㄧˋ	伺服器	cedict:line:7042	taiwan_usage
taiwan	ㄙˋㄉㄜ˙	似的	cedict:line:7056	taiwan_usage
taiwan	ㄙˋㄏㄠˋㄉㄧㄢˋㄔˊ	四號電池	cedict:line:23817	taiwan_usage
taiwan	ㄙˋㄒㄧㄠˇㄌㄨㄥˊ	四小龍	cedict:line:23735	taiwan_usage
taiwan	ㄙㄜˋ	圾	cedict:line:25215	taiwan_usage
taiwan	ㄙㄜˋ	鈒	cedict:line:111399	taiwan_usage
taiwan	ㄙㄜˋㄢˋㄙㄨㄢˉ	色胺酸	cedict:line:92832	taiwan_usage
taiwan	ㄙㄞˉ	偲	cedict:line:9350	taiwan_usage
taiwan	ㄙㄞˋㄆㄨˇㄌㄜˋㄙˉ	賽普勒斯	cedict:line:103890	taiwan_usage
taiwan	ㄙㄞˋㄉㄜˊㄎㄜˋㄗㄨˊ	賽德克族	cedict:line:103887	indigenous
taiwan	ㄙㄞˋㄌㄚˉㄧㄝˉㄈㄛˊ	塞拉耶佛	cedict:line:26375	taiwan_usage
taiwan	ㄙㄞˋㄒㄧˊㄦˇ	塞席爾	cedict:line:26373	taiwan_usage
taiwan	ㄙㄞˋㄒㄧㄚˋㄗㄨˊ	賽夏族	cedict:line:103885	indigenous
taiwan	ㄙㄠˉ	瘙	cedict:line:75883	taiwan_usage
taiwan	ㄙㄠˉ	艘	cedict:line:92692	taiwan_usage
taiwan	ㄙㄠˋ	燥	cedict:line:71005	taiwan_usage
taiwan	ㄙㄠˋㄗ˙	燥子	cedict:line:71006	taiwan_usage
taiwan	ㄙㄡˇ	擻	cedict:line:49764	taiwan_usage
taiwan	ㄙㄡˉㄙㄨㄛˇㄆㄧㄠˋ	搜索票	cedict:line:48643	taiwan_usage
taiwan	ㄙㄢˉㄅㄢˉ	三斑	cedict:line:1342	animals
taiwan	ㄙㄢˉㄅㄨˋㄨˇㄕˊ	三不五時	cedict:line:1201	taiwan_usage
taiwan	ㄙㄢˉㄇㄧㄠˇㄐㄧㄠˉ	三秒膠	cedict:line:1432	taiwan_usage
taiwan	ㄙㄢˉㄇㄧㄣˊㄑㄩˉ	三民區	cedict:line:1379	places
taiwan	ㄙㄢˉㄉㄧㄠˉㄐㄧㄠˇ	三貂角	cedict:line:1511	places
taiwan	ㄙㄢˉㄊㄧㄝˇ	三鐵	cedict:line:1548	taiwan_usage
taiwan	ㄙㄢˉㄌㄧㄢˊㄕˋㄈㄚˉㄆㄧㄠˋ	三聯式發票	cedict:line:1452	taiwan_usage
taiwan	ㄙㄢˉㄏㄠˋㄉㄧㄢˋㄔˊ	三號電池	cedict:line:1479	taiwan_usage
taiwan	ㄙㄢˉㄒㄧㄚˊ	三峽	cedict:line:1320	places
taiwan	ㄙㄢˉㄒㄧㄠˇ	三小	cedict:line:1313	taiwan_usage
taiwan	ㄙㄢˉㄓㄣˋ	三振	cedict:line:1336	taiwan_usage
taiwan	ㄙㄢˉㄔㄨㄥˊ	三重	cedict:line:1544	places
taiwan	ㄙㄢˉㄕˊㄇㄧㄠˇㄍㄨㄛˋㄏㄡˋ	三十秒過後	wikidata:Q10865428+cedict:derived	films
taiwan	ㄙㄢˉㄨㄣˉㄋㄨㄢˇ	三溫暖	cedict:line:1405	taiwan_usage
taiwan	ㄙㄢˋㄌㄨㄛˋ	散落	cedict:line:50886	taiwan_usage
taiwan	ㄙㄢˋㄌㄨㄢˋ	散亂	cedict:line:50824	taiwan_usage
taiwan	ㄙㄣˉㄅㄚˉㄨˇ	森巴舞	cedict:line:58233	taiwan_usage
taiwan	ㄙㄤˉㄇㄣˊㄒㄧㄥˉ	喪門星	cedict:line:22695	taiwan_usage
taiwan	ㄙㄨˉㄌㄧˋㄋㄢˊ	蘇利南	cedict:line:96357	taiwan_usage
taiwan	ㄙㄨˉㄏㄨㄚˉㄍㄨㄥˉㄌㄨˋ	蘇花公路	cedict:line:96415	taiwan_usage
taiwan	ㄙㄨˉㄓㄣˉㄔㄤˉ	蘇貞昌	cedict:line:96420	people
taiwan	ㄙㄨˉㄢˋㄙㄨㄢˉ	蘇胺酸	cedict:line:96414	taiwan_usage
taiwan	ㄙㄨˊㄌㄚˋ	俗辣	cedict:line:8093	taiwan_usage
taiwan	ㄙㄨˋ	窣	cedict:line:82222	taiwan_usage
taiwan	ㄙㄨˋ	蓿	cedict:line:95534	taiwan_usage
taiwan	ㄙㄨˋㄆㄟˋ	速配	cedict:line:107785	taiwan_usage
taiwan	ㄙㄨˋㄐㄧㄠˉ	塑膠	cedict:line:26245	taiwan_usage
taiwan	ㄙㄨˋㄐㄧㄠˉㄉㄞˋ	塑膠袋	cedict:line:26248	taiwan_usage
taiwan	ㄙㄨˋㄐㄧㄠˉㄔㄜˉ	塑膠車	cedict:line:26250	taiwan_usage
taiwan	ㄙㄨˋㄕˊ	速食	cedict:line:107787	foods
taiwan	ㄙㄨˋㄘˋㄎㄤˉ	速賜康	cedict:line:107782	taiwan_usage
taiwan	ㄙㄨˋㄨˋ	宿霧	cedict:line:32987	places
taiwan	ㄙㄨˋㄨˋㄩˇ	宿霧語	cedict:line:32988	taiwan_usage
taiwan	ㄙㄨㄛˇㄇㄚˇㄌㄧˋㄧㄚˋ	索馬利亞	cedict:line:85089	taiwan_usage
taiwan	ㄙㄨㄛˇㄍㄨㄛˊ	索國	cedict:line:85054	history
taiwan	ㄙㄨㄛˇㄍㄨㄢˇ	鎖管	cedict:line:112273	taiwan_usage
taiwan	ㄙㄨㄛˇㄕ˙	鎖匙	cedict:line:112260	taiwan_usage
taiwan	ㄙㄨㄛˉㄧㄥˇ	縮影	cedict:line:86739	taiwan_usage
taiwan	ㄙㄨㄟˉ	綏	cedict:line:85823	taiwan_usage
taiwan	ㄙㄨㄟˊㄕㄣˉㄉㄧㄝˊ	隨身碟	cedict:line:115428	taiwan_usage
taiwan	ㄙㄨㄟˋ	遂	cedict:line:108183	taiwan_usage
taiwan	ㄙㄨㄢˉㄇㄧㄣˊ	酸民	cedict:line:110268	taiwan_usage
taiwan	ㄙㄨㄥˉㄅㄢˇㄓㄨˉ	松阪豬	cedict:line:56494	taiwan_usage
taiwan	ㄙㄨㄥˉㄅㄧㄥˇ	鬆餅	cedict:line:121976	taiwan_usage
taiwan	ㄙㄨㄥˉㄕㄢˉ	松山	cedict:line:56452	places
taiwan	ㄙㄨㄥˉㄕㄢˉㄑㄩˉ	松山區	cedict:line:56453	places
taiwan	ㄙㄨㄥˋㄔㄨˇㄩˊ	宋楚瑜	cedict:line:32175	people
taiwan	ㄚˉㄅㄨˋㄉㄚˊㄅㄧˇ	阿布達比	cedict:line:114333	taiwan_usage
taiwan	ㄚˉㄆㄧㄠˉ	阿飄	cedict:line:114585	taiwan_usage
taiwan	ㄚˉㄇㄚˉ	阿媽	cedict:line:114318	taiwan_usage
taiwan	ㄚˉㄇㄚˉ	阿嬤	cedict:line:114319	taiwan_usage
taiwan	ㄚˉㄇㄟˇㄗㄨˊ	阿美族	cedict:line:114514	indigenous
taiwan	ㄚˉㄉㄧˊㄙˉㄚˉㄅㄟˋㄅㄚˉ	阿迪斯阿貝巴	cedict:line:114563	taiwan_usage
taiwan	ㄚˉㄌㄚˉㄅㄛˊㄌㄧㄢˊㄏㄜˊㄉㄚˋㄍㄨㄥˉㄍㄨㄛˊ	阿拉伯聯合大公國	cedict:line:114360	taiwan_usage
taiwan	ㄚˉㄌㄧˇㄕㄢˉ	阿里山	cedict:line:114569	mountains
taiwan	ㄚˉㄌㄧㄢˊㄑㄩˉ	阿蓮區	cedict:line:114543	places
taiwan	ㄚˉㄌㄨˇㄅㄚˉ	阿魯巴	cedict:line:114589	plants
taiwan	ㄚˉㄍㄨㄥˉ	阿公	cedict:line:114261	taiwan_usage
taiwan	ㄚˉㄐㄧㄠˉ	阿膠	cedict:line:114525	taiwan_usage
taiwan	ㄚˉㄕˊㄏㄚˉㄅㄚˉㄊㄜˋ	阿什哈巴特	cedict:line:114231	taiwan_usage
taiwan	ㄚˉㄕㄚˉㄌㄧˋ	阿莎力	cedict:line:114535	taiwan_usage
taiwan	ㄚˉㄗˉㄏㄞˇㄇㄛˋㄓㄥˋ	阿茲海默症	cedict:line:114533	taiwan_usage
taiwan	ㄚˉㄙˉㄆㄧˉㄌㄧㄥˊ	阿斯匹靈	cedict:line:114397	taiwan_usage
taiwan	ㄛ˙	喔	cedict:line:22523	taiwan_usage
taiwan	ㄝˊ	蚵	cedict:line:96897	taiwan_usage
taiwan	ㄝˊㄌㄨㄢˊㄅㄧˊ	鵝鑾鼻	cedict:line:122971	places
taiwan	ㄝˊㄗˇㄐㄧㄢˉ	蚵仔煎	cedict:line:96899	taiwan_usage
taiwan	ㄝˊㄗ˙	蚵仔	cedict:line:96898	taiwan_usage
taiwan	ㄝˋ	俄	cedict:line:8016	taiwan_usage
taiwan	ㄝˋ	砈	cedict:line:79266	taiwan_usage
taiwan	ㄝˋㄊㄨˊㄇㄢˋㄉㄧˋㄍㄨㄛˊ	鄂圖曼帝國	cedict:line:109734	taiwan_usage
taiwan	ㄝˋㄌㄧˋㄔㄨㄟˊㄧㄚˋ	厄利垂亞	cedict:line:17818	taiwan_usage
taiwan	ㄝˋㄍㄨㄚˉㄉㄨㄛˉ	厄瓜多	cedict:line:17827	taiwan_usage
taiwan	ㄝˋㄖㄢˊㄕˉㄒㄧㄠˋ	啞然失笑	cedict:line:22301	taiwan_usage
taiwan	ㄞˇ	欸	cedict:line:60004	taiwan_usage
taiwan	ㄞˊ	堐	cedict:line:26025	taiwan_usage
taiwan	ㄞˋ	鑀	cedict:line:112683	taiwan_usage
taiwan	ㄞˋㄈㄟˉㄦˇㄊㄧㄝˇㄊㄚˇ	艾菲爾鐵塔	cedict:line:92921	taiwan_usage
taiwan	ㄞˋㄋㄧˇ	愛你	wikidata:Q139677375+cedict:derived	songs
taiwan	ㄞˋㄏㄜˊㄏㄨㄚˊ	愛荷華	cedict:line:42788	taiwan_usage
taiwan	ㄞˋㄨㄟˊㄧㄤˇ	愛維養	cedict:line:42783	taiwan_usage
taiwan	ㄞˋㄩˋㄅㄧㄥˉ	愛玉冰	cedict:line:42767	foods
taiwan	ㄠˉ	坳	cedict:line:25429	taiwan_usage
taiwan	ㄠˊ	驁	cedict:line:121019	taiwan_usage
taiwan	ㄠˋㄎㄜˋ	奧客	cedict:line:29702	taiwan_usage
taiwan	ㄠˋㄎㄜˋㄌㄚˉㄏㄜˊㄇㄚˇ	奧克拉荷馬	cedict:line:29681	taiwan_usage
taiwan	ㄠˋㄏㄨㄟˋ	奧會	cedict:line:29726	taiwan_usage
taiwan	ㄡˉㄅㄚˉㄇㄚˇ	歐巴馬	cedict:line:60169	people
taiwan	ㄡˉㄇㄧˉㄧㄚˉㄍㄟˇ	歐咪呀給	cedict:line:60159	taiwan_usage
taiwan	ㄡˉㄇㄨˇㄉㄢˋ	歐姆蛋	cedict:line:60162	taiwan_usage
taiwan	ㄡˋㄅㄨˋ	漚步	cedict:line:67821	taiwan_usage
taiwan	ㄢˉ	胺	cedict:line:90375	taiwan_usage
taiwan	ㄢˉㄆㄧㄥˊㄑㄩˉ	安平區	cedict:line:31998	places
taiwan	ㄢˉㄉㄧˋㄎㄚˇㄐㄧˊㄅㄚˉㄅㄨˋㄉㄚˊ	安地卡及巴布達	cedict:line:31944	taiwan_usage
taiwan	ㄢˉㄉㄧㄥˋㄑㄧˋ	安定器	cedict:line:31971	taiwan_usage
taiwan	ㄢˉㄊㄚˇㄋㄚˋㄋㄚˋㄌㄧˋㄈㄛˊ	安塔那那利佛	cedict:line:31950	taiwan_usage
taiwan	ㄢˉㄋㄢˊ	安南	cedict:line:31925	history
taiwan	ㄢˉㄋㄢˊㄑㄩˉ	安南區	cedict:line:31926	places
taiwan	ㄢˉㄌㄜˋㄑㄩˉ	安樂區	cedict:line:32055	places
taiwan	ㄢˉㄑㄧㄣˉㄅㄢˉ	安親班	cedict:line:32110	taiwan_usage
taiwan	ㄢˉㄢˉ	安安	cedict:line:31967	taiwan_usage
taiwan	ㄢˉㄧㄤˇㄩㄢˋ	安養院	cedict:line:32155	taiwan_usage
taiwan	ㄢˉㄧㄥˊㄓㄚˊㄓㄞˋ	安營紮寨	cedict:line:32075	taiwan_usage
taiwan	ㄢˋ	桉	cedict:line:57652	taiwan_usage
taiwan	ㄢˋ	鮟	cedict:line:122458	taiwan_usage
taiwan	ㄢˋㄌㄨˋ	暗鷺	cedict:line:54033	taiwan_usage
taiwan	ㄢˋㄍㄨㄤˉㄋㄧㄠˇ	暗光鳥	cedict:line:53944	taiwan_usage
taiwan	ㄢˋㄍㄨㄥˉㄋㄧㄠˇ	暗公鳥	cedict:line:53945	taiwan_usage
taiwan	ㄢˋㄐㄧˉㄙㄨㄢˉ	胺基酸	cedict:line:90376	taiwan_usage
taiwan	ㄢˋㄗㄢˋ	按讚	cedict:line:46926	taiwan_usage
taiwan	ㄤˉ	腌	cedict:line:90658	taiwan_usage
taiwan	ㄤˉㄗㄤˉ	腌臢	cedict:line:90660	taiwan_usage
taiwan	ㄦˋㄌㄧㄢˊㄕˋㄈㄚˉㄆㄧㄠˋ	二聯式發票	cedict:line:4852	taiwan_usage
taiwan	ㄦˋㄏㄠˋㄉㄧㄢˋㄔˊ	二號電池	cedict:line:4862	taiwan_usage
taiwan	ㄧˇㄊㄞˋㄨㄤˇㄌㄨˋ	乙太網路	cedict:line:4244	taiwan_usage
taiwan	ㄧˉㄅㄚˉㄐㄧㄡˇㄨˇ	一八九五	wikidata:Q10863829+cedict:derived	films
taiwan	ㄧˉㄋㄧㄢˊㄓˉㄔㄨˉ	一年之初	wikidata:Q10863917+cedict:derived	films
taiwan	ㄧˉㄍㄜ˙ㄊㄡˊㄌㄧㄤˇㄍㄜ˙ㄉㄚˋ	一個頭兩個大	cedict:line:421	taiwan_usage
taiwan	ㄧˉㄍㄨㄛˊㄌㄧㄤˇㄓˋ	一國兩制	cedict:line:501	taiwan_usage
taiwan	ㄧˉㄎㄚˇㄊㄨㄥˉ	一卡通	cedict:line:460	taiwan_usage
taiwan	ㄧˉㄑㄧㄣˉ	依親	cedict:line:7878	taiwan_usage
taiwan	ㄧˉㄒㄧˊㄓˉㄉㄧˋ	一席之地	wikidata:Q10863911+cedict:derived	films
taiwan	ㄧˉㄓㄨㄥˉㄧˉㄊㄞˊ	一中一台	cedict:line:387	taiwan_usage
taiwan	ㄧˉㄓㄨㄥˉㄩㄢˊㄗㄜˊ	一中原則	cedict:line:388	taiwan_usage
taiwan	ㄧˉㄙˉㄊㄢˇㄅㄠˇ	伊斯坦堡	cedict:line:6760	taiwan_usage
taiwan	ㄧˉㄙˉㄌㄢˊㄇㄚˇㄅㄚˉㄉㄜˊ	伊斯蘭馬巴德	cedict:line:6770	taiwan_usage
taiwan	ㄧˉㄙㄨㄛˇㄅㄧˇㄧㄚˋ	衣索比亞	cedict:line:98260	taiwan_usage
taiwan	ㄧˉㄙㄨㄛˇㄅㄧˇㄧㄚˋㄐㄧㄝˋ	衣索比亞界	cedict:line:98261	taiwan_usage
taiwan	ㄧˊ	洟	cedict:line:64581	taiwan_usage
taiwan	ㄧˊㄆㄛˊ	姨婆	cedict:line:30579	taiwan_usage
taiwan	ㄧˊㄌㄢˊ	宜蘭	cedict:line:32536	places
taiwan	ㄧˊㄌㄢˊㄒㄧㄢˋ	宜蘭縣	cedict:line:32538	places
taiwan	ㄧˊㄌㄢˊㄕˋ	宜蘭市	cedict:line:32537	places
taiwan	ㄧˊㄍㄨㄥˉ	移工	cedict:line:81418	taiwan_usage
taiwan	ㄧˊㄓㄡˉ	夷洲	cedict:line:29324	taiwan_usage
taiwan	ㄧˋ	嗌	cedict:line:22956	taiwan_usage
taiwan	ㄧˋ	曳	cedict:line:54319	taiwan_usage
taiwan	ㄧˋ	義	cedict:line:88038	taiwan_usage
taiwan	ㄧˋㄇㄧㄢˋ	意麵	cedict:line:42640	foods
taiwan	ㄧˋㄉㄚˋㄌㄧˋ	義大利	cedict:line:88055	taiwan_usage
taiwan	ㄧˋㄉㄚˋㄌㄧˋㄇㄧㄢˋ	義大利麵	cedict:line:88057	taiwan_usage
taiwan	ㄧˋㄉㄚˋㄌㄧˋㄩˇ	義大利語	cedict:line:88056	taiwan_usage
taiwan	ㄧˋㄋㄢˊ	異男	cedict:line:75278	taiwan_usage
taiwan	ㄧˋㄋㄩˇ	異女	cedict:line:75241	taiwan_usage
taiwan	ㄧˋㄌㄤˊ	藝廊	cedict:line:96189	taiwan_usage
taiwan	ㄧˋㄎㄜˉㄈㄚˊㄐㄧㄣˉ	易科罰金	cedict:line:53070	taiwan_usage
taiwan	ㄧˋㄎㄞˉㄍㄨㄢˋ	易開罐	cedict:line:53084	taiwan_usage
taiwan	ㄧˋㄏㄢˊ	意涵	cedict:line:42615	taiwan_usage
taiwan	ㄧˋㄐㄧㄠˉ	義交	cedict:line:88041	taiwan_usage
taiwan	ㄧˋㄐㄧㄣˇㄏㄨㄢˊㄒㄧㄤˉ	衣錦還鄉	cedict:line:98278	taiwan_usage
taiwan	ㄧˋㄕˋ	義式	cedict:line:88064	taiwan_usage
taiwan	ㄧˋㄧㄡˊㄨㄤˇ	易遊網	cedict:line:53081	taiwan_usage
taiwan	ㄧˋㄨㄟˋ	意味	cedict:line:42579	taiwan_usage
taiwan	ㄧㄚˇ	亞	cedict:line:5195	taiwan_usage
taiwan	ㄧㄚˇ	亞	cedict:line:5196	taiwan_usage
taiwan	ㄧㄚˇㄆㄧˇ	雅痞	cedict:line:115690	taiwan_usage
taiwan	ㄧㄚˇㄇㄟˇㄗㄨˊ	雅美族	cedict:line:115699	indigenous
taiwan	ㄧㄚˇㄇㄨˋㄙㄨㄛˇㄍㄜˉ	雅穆索戈	cedict:line:115697	taiwan_usage
taiwan	ㄧㄚˇㄈㄤˊ	雅房	cedict:line:115668	taiwan_usage
taiwan	ㄧㄚˉㄅㄚˋ	鴨霸	cedict:line:122908	taiwan_usage
taiwan	ㄧㄚˉㄇㄚˇㄌㄨˋ	壓馬路	cedict:line:26798	taiwan_usage
taiwan	ㄧㄚˉㄎㄜˋㄌㄧˋ	壓克力	cedict:line:26746	taiwan_usage
taiwan	ㄧㄚˋㄙㄞˋㄅㄞˋㄖㄢˊ	亞塞拜然	cedict:line:5218	taiwan_usage
taiwan	ㄧㄝˉㄉㄢˋㄐㄧㄝˊ	耶誕節	cedict:line:88992	taiwan_usage
taiwan	ㄧㄝˊ	椰	cedict:line:58343	taiwan_usage
taiwan	ㄧㄝˊ	琊	cedict:line:73519	taiwan_usage
taiwan	ㄧㄝˋ	殜	cedict:line:61105	taiwan_usage
taiwan	ㄧㄝˋㄅㄠˉ	液胞	cedict:line:65740	taiwan_usage
taiwan	ㄧㄝˋㄆㄟˋ	業配	cedict:line:58513	taiwan_usage
taiwan	ㄧㄝˋㄆㄟˋㄨㄣˊ	業配文	cedict:line:58514	taiwan_usage
taiwan	ㄧㄝˋㄇㄣˊ	葉門	cedict:line:94956	taiwan_usage
taiwan	ㄧㄝˋㄌㄧˇㄨㄣˉ	葉里溫	cedict:line:94955	taiwan_usage
taiwan	ㄧㄝˋㄐㄧㄢˉㄅㄨˋ	夜間部	cedict:line:27569	taiwan_usage
taiwan	ㄧㄝˋㄗ˙ㄅㄢˇ	葉子板	cedict:line:94929	taiwan_usage
taiwan	ㄧㄝˋㄧㄣˇㄔㄜˉ	曳引車	cedict:line:54322	taiwan_usage
taiwan	ㄧㄞˊ	崖	cedict:line:36038	taiwan_usage
taiwan	ㄧㄠˉㄕㄡˋ	夭壽	cedict:line:29166	taiwan_usage
taiwan	ㄧㄠˊ	淆	cedict:line:65808	taiwan_usage
taiwan	ㄧㄠˊㄍㄨㄣˇㄎㄨㄤˊㄔㄠˊ	搖滾狂潮	wikidata:Q8059211+cedict:derived	books
taiwan	ㄧㄠˋㄓㄨㄤˉㄉㄧㄢˋ	藥妝店	cedict:line:96238	taiwan_usage
taiwan	ㄧㄡˉㄈㄨˊ	幽浮	cedict:line:38104	taiwan_usage
taiwan	ㄧㄡˉㄈㄨˊㄇㄧˊ	幽浮迷	cedict:line:38105	taiwan_usage
taiwan	ㄧㄡˉㄌㄨㄛˋㄖㄨˇ	優酪乳	cedict:line:10267	taiwan_usage
taiwan	ㄧㄡˉㄧㄡˊㄎㄚˇ	悠遊卡	cedict:line:42062	taiwan_usage
taiwan	ㄧㄡˊㄅㄧㄠˉ	游標	cedict:line:66754	taiwan_usage
taiwan	ㄧㄡˊㄉㄧˋㄑㄩˉㄏㄠˋ	郵遞區號	cedict:line:109686	taiwan_usage
taiwan	ㄧㄡˊㄒㄧˉㄎㄨㄣˉ	游錫堃	cedict:line:66772	people
taiwan	ㄧㄡˊㄒㄧˋㄕㄡˇㄅㄚˋ	遊戲手把	cedict:line:108239	taiwan_usage
taiwan	ㄧㄡˊㄓㄥˋ	油症	cedict:line:63561	foods
taiwan	ㄧㄡˊㄨˋㄕˋ	郵務士	cedict:line:109652	taiwan_usage
taiwan	ㄧㄡˋ	鈾	cedict:line:111437	taiwan_usage
taiwan	ㄧㄡˋㄓˋㄩㄢˊ	幼稚園	cedict:line:38082	taiwan_usage
taiwan	ㄧㄡˋㄔˇ	幼齒	cedict:line:38090	taiwan_usage
taiwan	ㄧㄢˇㄐㄧㄥ˙ㄔˉㄅㄧㄥˉㄑㄧˊㄌㄧㄣˊ	眼睛吃冰淇淋	cedict:line:78428	taiwan_usage
taiwan	ㄧㄢˇㄙㄨㄢˋㄈㄚˇ	演算法	cedict:line:67795	taiwan_usage
taiwan	ㄧㄢˉㄐㄧㄢˇㄒㄧˉㄢˋ	菸鹼醯胺	cedict:line:94538	taiwan_usage
taiwan	ㄧㄢˉㄐㄧㄢˇㄙㄨˋ	菸鹼素	cedict:line:94536	taiwan_usage
taiwan	ㄧㄢˉㄒㄧˉㄢˋ	菸醯胺	cedict:line:94533	taiwan_usage
taiwan	ㄧㄢˊㄊㄧㄝˇㄏㄨㄚˉ	閻鐵花	wikidata:Q136398954+cedict:derived	books
taiwan	ㄧㄢˊㄔㄥˊ	鹽埕	cedict:line:123232	places
taiwan	ㄧㄢˊㄔㄥˊㄑㄩˉ	鹽埕區	cedict:line:123233	places
taiwan	ㄧㄢˊㄙㄨˉㄐㄧˉ	鹽酥雞	cedict:line:123262	taiwan_usage
taiwan	ㄧㄢˊㄧㄚˋㄌㄨㄣˊ	炎亞綸	cedict:line:69174	performers
taiwan	ㄧㄢˋㄌㄠˋ	唁勞	cedict:line:21867	taiwan_usage
taiwan	ㄧㄣˉ	湮	cedict:line:66943	taiwan_usage
taiwan	ㄧㄣˉㄅㄧㄢˋㄕㄨˋ	因變數	cedict:line:24066	taiwan_usage
taiwan	ㄧㄣˊ	唫	cedict:line:22001	taiwan_usage
taiwan	ㄧㄣˋㄅㄧㄠˇㄐㄧˉ	印表機	cedict:line:17642	taiwan_usage
taiwan	ㄧㄤˊㄇㄧㄥˊㄕㄢˉ	陽明山	cedict:line:115166	taiwan_usage
taiwan	ㄧㄤˊㄌㄜˋㄙㄜˋ	洋垃圾	cedict:line:64322	taiwan_usage
taiwan	ㄧㄤˊㄐㄧㄤˋ	洋將	cedict:line:64332	taiwan_usage
taiwan	ㄧㄤˊㄒㄧㄤˉㄍㄨㄚˉ	洋香瓜	cedict:line:64401	taiwan_usage
taiwan	ㄧㄤˊㄓˋㄩㄢˇ	楊致遠	cedict:line:58417	taiwan_usage
taiwan	ㄧㄤˊㄔㄥˊㄌㄧㄣˊ	楊丞琳	cedict:line:58382	taiwan_usage
taiwan	ㄧㄤˊㄔㄨㄣˉㄒㄧㄥˊ	陽春型	cedict:line:115169	taiwan_usage
taiwan	ㄧㄤˊㄕㄨㄟˇㄔㄨㄢˉㄘˋ	羊水穿刺	cedict:line:87694	taiwan_usage
taiwan	ㄧㄤˊㄩˋㄆㄧㄢˋ	洋芋片	cedict:line:64381	taiwan_usage
taiwan	ㄧㄥˇㄆㄧㄢˋ	影片	cedict:line:39772	taiwan_usage
taiwan	ㄧㄥˇㄐㄧˊ	影集	cedict:line:39782	taiwan_usage
taiwan	ㄧㄥˇㄧㄣˉ	影音	cedict:line:39783	taiwan_usage
taiwan	ㄧㄥˇㄧㄣˋㄐㄧˉ	影印機	cedict:line:39758	taiwan_usage
taiwan	ㄧㄥˉㄉㄞˋㄦˇ	英代爾	cedict:line:93554	taiwan_usage
taiwan	ㄧㄥˊㄇㄨˋ	螢幕	cedict:line:97386	taiwan_usage
taiwan	ㄧㄥˊㄇㄨˋㄅㄠˇㄏㄨˋㄓㄨㄤˉㄓˋ	螢幕保護裝置	cedict:line:97388	taiwan_usage
taiwan	ㄧㄥˊㄇㄨˋㄅㄠˇㄏㄨˋㄔㄥˊㄕˋ	螢幕保護程式	cedict:line:97387	taiwan_usage
taiwan	ㄧㄥˊㄍㄨㄤˉ	螢光	cedict:line:97381	taiwan_usage
taiwan	ㄧㄥˊㄍㄨㄤˉㄅㄤˋ	螢光棒	cedict:line:97383	taiwan_usage
taiwan	ㄧㄥˊㄍㄨㄤˉㄇㄨˋ	熒光幕	cedict:line:70494	taiwan_usage
taiwan	ㄧㄥˊㄍㄨㄤˉㄉㄥˉ	螢光燈	cedict:line:97384	taiwan_usage
taiwan	ㄧㄥˊㄩㄣˋㄓㄤˇ	營運長	cedict:line:70991	taiwan_usage
taiwan	ㄧㄥˋ	應	cedict:line:43322	taiwan_usage
taiwan	ㄧㄥˋㄉㄧㄝˊ	硬碟	cedict:line:79624	taiwan_usage
taiwan	ㄧㄥˋㄊㄧˇ	硬體	cedict:line:79647	taiwan_usage
taiwan	ㄧㄥˋㄒㄧㄤˋㄍㄨㄢˇ	映像管	cedict:line:53178	taiwan_usage
taiwan	ㄧㄥˋㄖㄨㄟˇ	硬蕊	cedict:line:79637	taiwan_usage
taiwan	ㄧㄥˋㄧㄢˇ	映演	cedict:line:53185	taiwan_usage
taiwan	ㄧㄥˋㄩㄣˇ	應允	cedict:line:43331	taiwan_usage
taiwan	ㄧㄥˋㄩㄥˋㄔㄥˊㄕˋ	應用程式	cedict:line:43389	taiwan_usage
taiwan	ㄧㄥˋㄩㄥˋㄔㄥˊㄕˋㄐㄧㄝˋㄇㄧㄢˋ	應用程式介面	cedict:line:43390	taiwan_usage
taiwan	ㄧㄥˋㄩㄥˋㄖㄨㄢˇㄊㄧˇ	應用軟體	cedict:line:43392	taiwan_usage
taiwan	ㄨˇㄊㄨㄥˇ	武統	cedict:line:60668	taiwan_usage
taiwan	ㄨˇㄏㄠˋㄉㄧㄢˋㄔˊ	五號電池	cedict:line:5118	taiwan_usage
taiwan	ㄨˇㄐㄧㄠˇㄉㄚˋㄕㄚˋ	五角大廈	cedict:line:5123	taiwan_usage
taiwan	ㄨˇㄑㄩㄢˊㄒㄧㄢˋㄈㄚˇ	五權憲法	cedict:line:5055	taiwan_usage
taiwan	ㄨˇㄧㄝˋㄙㄨㄥˉ	五葉松	cedict:line:5111	taiwan_usage
taiwan	ㄨˉㄌㄞˊㄑㄩˉ	烏來區	cedict:line:69397	places
taiwan	ㄨˉㄌㄨㄥˊ	烏龍	cedict:line:69522	beverages
taiwan	ㄨˉㄎㄜˋㄌㄧˋㄌㄧˋ	烏克麗麗	cedict:line:69402	taiwan_usage
taiwan	ㄨˉㄖˋ	烏日	cedict:line:69432	places
taiwan	ㄨˊㄈㄥˋㄐㄧㄝˉㄍㄨㄟˇ	無縫接軌	cedict:line:69990	taiwan_usage
taiwan	ㄨˊㄍㄨㄛˉㄩˊ	吳郭魚	cedict:line:20632	taiwan_usage
taiwan	ㄨˊㄍㄨㄛˊㄐㄧㄝˋㄌㄧㄠˋㄌㄧˇ	無國界料理	cedict:line:69761	taiwan_usage
taiwan	ㄨˊㄐㄧㄢˋㄏㄠˊ	吳建豪	cedict:line:20600	performers
taiwan	ㄨˊㄒㄧㄚˉㄇㄧˇ	嘸蝦米	cedict:line:23294	taiwan_usage
taiwan	ㄨˊㄒㄧㄢˋㄨㄤˇㄌㄨˋ	無線網路	cedict:line:69980	taiwan_usage
taiwan	ㄨˊㄕㄥˉ	無聲	wikidata:Q100270990+cedict:derived	films
taiwan	ㄨㄚˇㄉㄨˉㄗˉ	瓦都茲	cedict:line:74004	taiwan_usage
taiwan	ㄨㄚˇㄌㄜˋㄊㄚˉ	瓦勒他	cedict:line:73966	taiwan_usage
taiwan	ㄨㄚˉ	呱	cedict:line:21009	taiwan_usage
taiwan	ㄨㄚˉㄎㄠˋ	哇靠	cedict:line:21582	taiwan_usage
taiwan	ㄨㄚˉㄐㄧㄠˇ	挖角	cedict:line:47009	taiwan_usage
taiwan	ㄨㄚˉㄕㄚˉㄅㄧˇ	哇沙比	cedict:line:21580	taiwan_usage
taiwan	ㄨㄚˉㄕㄚˉㄇㄧˇ	哇沙米	cedict:line:21581	taiwan_usage
taiwan	ㄨㄛˇㄒㄧㄤˉㄒㄧㄣˋ	我相信	wikidata:Q112889090+cedict:derived	songs
taiwan	ㄨㄛˋ	喔	cedict:line:22524	taiwan_usage
taiwan	ㄨㄞˇ	歪	cedict:line:60717	taiwan_usage
taiwan	ㄨㄞˋㄇㄠˋㄒㄧㄝˊㄏㄨㄟˋ	外貿協會	cedict:line:27207	taiwan_usage
taiwan	ㄨㄞˋㄈㄟˉㄉㄧˋ	外飛地	cedict:line:27247	taiwan_usage
taiwan	ㄨㄞˋㄉㄚˉㄔㄥˊㄕˋ	外搭程式	cedict:line:27133	taiwan_usage
taiwan	ㄨㄞˋㄍㄨㄚˋㄔㄥˊㄕˋ	外掛程式	cedict:line:27127	taiwan_usage
taiwan	ㄨㄞˋㄏㄨㄟˋ	外燴	cedict:line:27158	taiwan_usage
taiwan	ㄨㄞˋㄏㄨㄟˋㄘㄨㄣˊㄉㄧˇ	外匯存底	cedict:line:27076	taiwan_usage
taiwan	ㄨㄞˋㄑㄧˇ	外企	cedict:line:27036	taiwan_usage
taiwan	ㄨㄟˇㄩˊ	鮪魚	cedict:line:122467	taiwan_usage
taiwan	ㄨㄟˇㄩˊㄉㄨˋ	鮪魚肚	cedict:line:122468	taiwan_usage
taiwan	ㄨㄟˉ	萎	cedict:line:94619	taiwan_usage
taiwan	ㄨㄟˉㄇㄚˇ	威瑪	cedict:line:30681	taiwan_usage
taiwan	ㄨㄟˉㄌㄧㄥˊㄉㄨㄣˋ	威靈頓	cedict:line:30699	taiwan_usage
taiwan	ㄨㄟˉㄒㄧㄥˉ	微星	cedict:line:40496	taiwan_usage
taiwan	ㄨㄟˉㄓㄨㄥˉㄗˇ	微中子	cedict:line:40451	taiwan_usage
taiwan	ㄨㄟˉㄦˊㄍㄤˉ	威而鋼	cedict:line:30688	taiwan_usage
taiwan	ㄨㄟˊ	危	cedict:line:17662	taiwan_usage
taiwan	ㄨㄟˊ	巍	cedict:line:36233	taiwan_usage
taiwan	ㄨㄟˊ	微	cedict:line:40448	taiwan_usage
taiwan	ㄨㄟˊ	微	cedict:line:40449	taiwan_usage
taiwan	ㄨㄟˊ	薇	cedict:line:95817	animals
taiwan	ㄨㄟˊㄉㄜˊㄐㄧㄠˇ	維德角	cedict:line:86131	taiwan_usage
taiwan	ㄨㄟˊㄌㄨˊ	圍爐	cedict:line:24547	taiwan_usage
taiwan	ㄨㄟˊㄐㄧˊㄋㄧˊㄧㄚˋ	維吉尼亞	cedict:line:86101	taiwan_usage
taiwan	ㄨㄟˊㄦˇㄖㄨㄥˊ	維爾容	cedict:line:86150	taiwan_usage
taiwan	ㄨㄟˋ	偽	cedict:line:9477	taiwan_usage
taiwan	ㄨㄟˋㄕㄥˉㄇㄧㄢˊ	衛生棉	cedict:line:98146	taiwan_usage
taiwan	ㄨㄟˋㄕㄥˉㄒㄧㄚˋㄕㄨㄟˇㄉㄠˋ	衛生下水道	cedict:line:98139	taiwan_usage
taiwan	ㄨㄟˋㄩㄢˊ	位元	cedict:line:7113	taiwan_usage
taiwan	ㄨㄟˋㄩㄢˊㄗㄨˇ	位元組	cedict:line:7115	taiwan_usage
taiwan	ㄨㄢˇ	箢	cedict:line:83287	taiwan_usage
taiwan	ㄨㄢˇㄍㄨㄛˇ	碗粿	cedict:line:79734	foods
taiwan	ㄨㄢˇㄍㄨㄥˉ	碗公	cedict:line:79731	taiwan_usage
taiwan	ㄨㄢˉㄨㄢˉ	彎彎	cedict:line:39538	taiwan_usage
taiwan	ㄨㄢˋ	惋	cedict:line:42277	taiwan_usage
taiwan	ㄨㄢˋ	玩	cedict:line:73016	taiwan_usage
taiwan	ㄨㄢˋ	翫	cedict:line:88245	taiwan_usage
taiwan	ㄨㄢˋㄊㄡˊㄗㄨㄢˉㄉㄨㄥˋ	萬頭鑽動	cedict:line:94786	taiwan_usage
taiwan	ㄨㄢˋㄋㄚˋㄉㄨˋ	萬那杜	cedict:line:94770	taiwan_usage
taiwan	ㄨㄢˋㄏㄨㄚˊ	萬華	cedict:line:94758	places
taiwan	ㄨㄢˋㄏㄨㄚˊㄑㄩˉ	萬華區	cedict:line:94759	places
taiwan	ㄨㄢˋㄩㄥˋㄗˋㄩㄢˊ	萬用字元	cedict:line:94734	taiwan_usage
taiwan	ㄨㄣˊㄎㄤˉㄏㄨㄛˊㄉㄨㄥˋ	文康活動	cedict:line:51319	taiwan_usage
taiwan	ㄨㄣˊㄕㄢˉㄑㄩˉ	文山區	cedict:line:51309	places
taiwan	ㄨㄣˊㄕㄨˉㄔㄨˇㄌㄧˇ	文書處理	cedict:line:51346	taiwan_usage
taiwan	ㄨㄣˊㄗ˙ㄍㄨㄢˇ	蚊子館	cedict:line:96852	taiwan_usage
taiwan	ㄨㄣˋ	紊	cedict:line:84723	taiwan_usage
taiwan	ㄨㄣˋㄌㄞˊ	汶萊	cedict:line:62896	taiwan_usage
taiwan	ㄨㄤˇㄌㄨˋ	網路	cedict:line:86286	taiwan_usage
taiwan	ㄨㄤˇㄌㄨˋㄐㄧㄚˋㄍㄡˋ	網路架構	cedict:line:86291	taiwan_usage
taiwan	ㄨㄤˇㄌㄨˋㄧㄥˋㄩㄥˋ	網路應用	cedict:line:86289	taiwan_usage
taiwan	ㄨㄤˇㄐㄧˋㄨㄤˇㄌㄨˋ	網際網路	cedict:line:86308	taiwan_usage
taiwan	ㄨㄤˇㄓㄢˋㄉㄠˇㄌㄢˇ	網站導覽	cedict:line:86229	taiwan_usage
taiwan	ㄨㄤˉㄉㄠˋㄏㄢˊ	汪道涵	cedict:line:62873	people
taiwan	ㄨㄤˉㄉㄨㄥˉㄔㄥˊ	汪東城	cedict:line:62867	performers
taiwan	ㄨㄤˊㄌㄧˋㄏㄨㄥˊ	王力宏	cedict:line:72912	performers
taiwan	ㄨㄤˊㄐㄩㄣˉㄖㄨˊ	王君如	cedict:line:72919	performers
taiwan	ㄨㄤˊㄗㄨˇㄒㄧㄢˊ	王祖賢	cedict:line:72973	performers
taiwan	ㄨㄤˋㄌㄞˊ	旺來	cedict:line:52774	taiwan_usage
taiwan	ㄩˊ	於	cedict:line:52227	taiwan_usage
taiwan	ㄩˊㄨㄣˉ	魚塭	cedict:line:122289	animals
taiwan	ㄩˋㄅㄧㄢˋㄉㄤˉ	御便當	cedict:line:40335	taiwan_usage
taiwan	ㄩˋㄌㄜˋ	育樂	cedict:line:89972	foods
taiwan	ㄩˋㄕㄢˉ	玉山	cedict:line:72809	mountains
taiwan	ㄩˋㄕㄢˉㄑㄩㄝˋㄇㄟˊ	玉山雀鶥	cedict:line:72813	animals
taiwan	ㄩˋㄖˋ	昱日	cedict:line:53340	taiwan_usage
taiwan	ㄩˋㄗㄨˊ	鬱卒	cedict:line:122095	taiwan_usage
taiwan	ㄩˋㄧㄥˉㄐㄧㄚˋ	育嬰假	cedict:line:89967	taiwan_usage
taiwan	ㄩˋㄩㄢˊ	芋圓	cedict:line:92943	taiwan_usage
taiwan	ㄩㄝˉ	噦	cedict:line:23354	taiwan_usage
taiwan	ㄩㄝˋㄊㄧㄥˉㄖㄣˊ	閱聽人	cedict:line:113804	taiwan_usage
taiwan	ㄩㄝˋㄌㄠˇ	月老	wikidata:Q107272486+cedict:derived	films
taiwan	ㄩㄝˋㄌㄧㄤ˙ㄅㄟˉ	月亮杯	cedict:line:54703	taiwan_usage
taiwan	ㄩㄝˋㄓㄨㄥˉ	月中	cedict:line:54699	taiwan_usage
taiwan	ㄩㄢˊ	元	cedict:line:10331	taiwan_usage
taiwan	ㄩㄢˊ	媛	cedict:line:30944	taiwan_usage
taiwan	ㄩㄢˊㄉㄧㄢˇㄅㄢˇ	原典版	cedict:line:17889	taiwan_usage
taiwan	ㄩㄢˊㄏㄨㄢˊ	圓環	cedict:line:24615	taiwan_usage
taiwan	ㄩㄢˊㄐㄧㄥˇ	員警	cedict:line:21719	taiwan_usage
taiwan	ㄩㄢˊㄧㄡˊㄏㄨㄟˋ	園遊會	cedict:line:24574	places
taiwan	ㄩㄣˊㄌㄧㄣˊ	雲林	cedict:line:116576	places
taiwan	ㄩㄣˊㄌㄧㄣˊㄒㄧㄢˋ	雲林縣	cedict:line:116577	places
taiwan	ㄩㄣˋㄎㄜˉ	運科	cedict:line:108324	taiwan_usage
taiwan	ㄩㄣˋㄐㄧㄤˋ	運將	cedict:line:108309	taiwan_usage
taiwan	ㄩㄥˇ	擁	cedict:line:49370	taiwan_usage
taiwan	ㄩㄥˇㄎㄤˉㄑㄩˉ	永康區	cedict:line:62524	places
taiwan	ㄩㄥˇㄏㄜˊㄕˋ	永和市	cedict:line:62493	places
taiwan	ㄩㄥˇㄒㄩˋㄔㄥˊㄕˋ	永續城市	cedict:line:62558	places
taiwan	ㄩㄥˇㄓㄜˇㄒㄧˋㄌㄧㄝˋ	勇者系列	wikidata:Q112823068+cedict:derived	books
taiwan	ㄩㄥˇㄓㄣˉ	永珍	cedict:line:62547	taiwan_usage
taiwan	ㄩㄥˉ	蕹	cedict:line:95748	taiwan_usage
