poj	--hioh	諾	itaigi:6370
poj	--khih-lih	起去	itaigi:372
poj	A-bí-cho̍k	阿美族	itaigi:5770
poj	A-bān	阿曼	itaigi:3116
poj	A-hui-peh	阿輝伯	itaigi:8780
poj	A-hù-hān	阿富汗	itaigi:12471
poj	A-ióng	阿勇	itaigi:5141
poj	A-ióng-peh	阿勇伯	itaigi:5143
poj	A-jia̍t-bâi-chiàⁿ	亞熱眉正	itaigi:6678
poj	A-kong-tiàm	阿公店	itaigi:18665
poj	A-la	阿拉	itaigi:8152
poj	A-la̍k-á	阿六仔	itaigi:2456
poj	A-lian	阿蓮	itaigi:12491
poj	A-lí-koan	阿里關	itaigi:18136
poj	A-lí-sú	阿里史	itaigi:11432
poj	A-má-sùn	亞馬遜	itaigi:12952
poj	A-pah-nî	阿百尼	itaigi:6667
poj	A-pek-la-hán	亞伯拉罕	itaigi:6192
poj	A-poh-chôa	阿卜蛇	itaigi:233
poj	A-poh-koài	阿卜怪	itaigi:234
poj	A-píⁿ-á	阿扁仔	itaigi:8779
poj	A-pún-á	阿本仔	itaigi:3949
poj	A-siu-lô	阿修羅	itaigi:3187
poj	A-tong	亞當	itaigi:6359
poj	A-tà-bū	阿罩霧	itaigi:15929
poj	Ah-bó-ông	鴨母王	itaigi:5101
poj	Ah-pà	鴨霸	itaigi:5099
poj	Ai-jíⁿ-lân	哀耳蘭	itaigi:14091
poj	Ai-le̍k-pek	哀勒伯	itaigi:14092
poj	An-hui	安徽	itaigi:18560
poj	An-pêng-kó͘-pó	安平古堡	itaigi:1242
poj	Ang--ê góa ài--lí	翁的我愛你	itaigi:117
poj	Au-chiu-chîⁿ	歐洲錢	itaigi:13285
poj	Au-phiò	歐票	itaigi:3039
poj	Ba̍k-cha̍t-á-bé	墨賊仔馬	itaigi:5301
poj	Ba̍k-ka-liu	目加溜	itaigi:15710
poj	Ba̍k-ka-liu-oan	目加溜灣	itaigi:3397
poj	Be̍h-liâu	麥寮	itaigi:12685
poj	Be̍h-tang-lô	麥當勞	itaigi:17580
poj	Be̍h-ta̍t-lō͘	麥達路	itaigi:3784
poj	Be̍h-tng-lô	麥當勞	itaigi:17579
poj	Be̍h-tong-lô	麥當勞	itaigi:691
poj	Be̍k-se-ko	墨西哥	itaigi:6661
poj	Be̍k-tong-lô	麥當勞	itaigi:12915
poj	Bi-long-tìn	美濃鎮	itaigi:2827
poj	Biâu Phok-ngá	苗博雅	itaigi:12547
poj	Bi̍t-hi-kó͘	蜜希古	itaigi:1672
poj	Boán-chiu	滿洲	itaigi:7221
poj	Boán-chiu-kok	滿洲國	itaigi:7223
poj	Boán-chiu-lī-a	滿洲利亞	itaigi:7222
poj	Boán-chiu-sió-chhân-lê	滿洲小田螺	itaigi:7216
poj	Bo̍h-lí-tǹg	莫理頓	itaigi:13681
poj	Bo̍k-su-lîm	穆斯林	itaigi:2961
poj	Bâ-kong	貓公	itaigi:14698
poj	Bâ-lí-chek-kháu	麻里折口	itaigi:15633
poj	Bân-chheng	閩清	itaigi:12994
poj	Bân-gí	閩語	itaigi:12533
poj	Bân-hâu	閩侯	itaigi:12995
poj	Bân-lâm-ōe	閩南話	itaigi:1812
poj	Bân-oa̍t	閩越	itaigi:2913
poj	Bâu-lô-khoe	貓羅溪	itaigi:14505
poj	Béng-chúi-liông	猛水龍	itaigi:5339
poj	Bê-hûn-chúi-ke	迷魂水雞	itaigi:5121
poj	Bêng-kan	名間	itaigi:15656
poj	Bêng-khe	明溪	itaigi:12980
poj	Bêng-kó͘-ok	名古屋	itaigi:3683
poj	Bêng-tī î-sin	明治維新	itaigi:9814
poj	Bêng-tōng	明洞	itaigi:18790
poj	Bí-chhí	米鼠	itaigi:15890
poj	Bí-hi-ko	美希哥	itaigi:17800
poj	Bí-kim	美金	itaigi:16883
poj	Bí-kok chúi siông	美國水松	itaigi:7725
poj	Bí-kok koah-pau	美國割包	itaigi:439
poj	Bí-kok sian-tan	米國仙丹	itaigi:1673
poj	Bí-kok-chian-piáⁿ	美國煎餅	itaigi:12136
poj	Bí-kok-koah-pau	美國割包	itaigi:69
poj	Bí-kok-sian-tan	美國仙丹	itaigi:13686
poj	Bí-kok-thô͘-tāu	美國塗豆	itaigi:14440
poj	Bí-kî-lîm	米其林	itaigi:19699
poj	Bí-lē-tó sū-kiāⁿ	美麗島事件	itaigi:8773
poj	Bí-lī-kian Ha̍p-chiòng-kok	美利堅合眾國	itaigi:8301
poj	Bí-niáu-chhí	米鳥鼠	itaigi:3016
poj	Bí-se-kan	米西干	itaigi:17799
poj	Bî-loán	微軟	itaigi:13065
poj	Bî-nńg	微軟	itaigi:12953
poj	Bîn-chòng-ûi	民壯圍	itaigi:17822
poj	Bîn-chú Chìn-pō͘ Tóng	民主進步黨	itaigi:7391
poj	Bîn-hiông	民雄	itaigi:18697
poj	Bîn-kok-á sian	民國仔仙	itaigi:7214
poj	Bîn-kok-á to̍k	民國仔獨	itaigi:7212
poj	Bîn-náu	眠腦	itaigi:19108
poj	Bîn-sī	民視	itaigi:8776
poj	Bóe-liu-hóe	尾溜火	itaigi:4886
poj	Bông-te̍k-lāi-ko-lô	蒙特內哥羅	itaigi:7145
poj	Bú-gī	武義	itaigi:12776
poj	Bú-hoat-thian-lú	舞法天女	itaigi:5452
poj	Bú-hàn-hì-iām	武漢肺炎	itaigi:12868
poj	Bú-pêng	武平	itaigi:13032
poj	Bú-sèng	武聖	itaigi:19638
poj	Bú-î-soaⁿ	武夷山	itaigi:13022
poj	Bûn-hôa Ko-tiong	文華高中	itaigi:3110
poj	Bûn-sêng	文成	itaigi:12756
poj	Bûn-tek-lōe-kek-lô	門德內革羅	itaigi:17798
poj	Bān-ia̍p-chi̍p	萬葉集	itaigi:8184
poj	Bān-liân-khe	萬年溪	itaigi:6979
poj	Bān-sèng-cheh	萬聖節	itaigi:933
poj	Bāng Chhun-hong	望春風	itaigi:19162
poj	Bōng-châi-niau	望財貓	itaigi:5091
poj	Cha-bó͘-iâⁿ	查某營	itaigi:17748
poj	Chan Pek-goân	曾柏元	itaigi:4028
poj	Cha̍p-saⁿ-hâng	十三行	itaigi:11408
poj	Cha̍p-sì-tiuⁿ	十四張	itaigi:13644
poj	Che góa it-tēng kiat	這我一定吉	itaigi:7282
poj	Cheng Ka-pin	鍾佳濱	itaigi:12550
poj	Cheng Lâm-san	鍾南山	itaigi:12872
poj	Cheng-lêng-káu	精靈狗	itaigi:5349
poj	Chhek-pek	赤壁	itaigi:12211
poj	Chheng-chhun-niá	青春嶺	itaigi:8149
poj	Chheng-chúi-kau	清水溝	itaigi:11426
poj	Chheng-chúi-ô͘	清水湖	itaigi:11439
poj	Chheng-hôa Tāi-ha̍k	清華大學	itaigi:7409
poj	Chheng-sim	青森	itaigi:18581
poj	Chheng-sim-koān	青森縣	itaigi:18582
poj	Chheng-soaⁿ-ông	青山王	itaigi:3340
poj	Chheng-tiân	青田	itaigi:12761
poj	Chheⁿ-chhì-mo͘-thâng	青刺毛蟲	itaigi:223
poj	Chheⁿ-mô͘-thâng	青毛蟲	itaigi:4913
poj	Chhia-lián kî-á	車輪旗仔	itaigi:3014
poj	Chhia-lián-pâi	車輪牌	itaigi:3013
poj	Chhiah-hong-káu	赤風狗	itaigi:5113
poj	Chhiah-hái-bé	刺海馬	itaigi:5305
poj	Chhiah-soaⁿ-pó	赤山堡	itaigi:18251
poj	Chhian-ia̍p	千葉	itaigi:18584
poj	Chhian-ia̍p-koān	千葉縣	itaigi:18583
poj	Chhiong-sêng	沖繩	itaigi:3625
poj	Chhiu-tiân	秋田	itaigi:18580
poj	Chhiu-tiân-koān	秋田縣	itaigi:18579
poj	Chhiâ-á-oan	斜仔灣	itaigi:4138
poj	Chhiú-pà	手霸	itaigi:5139
poj	Chhiū-nâ-á	樹林仔	itaigi:13213
poj	Chhiūⁿ-phīⁿ-ô͘	象鼻湖	itaigi:15666
poj	Chhng-soaⁿ	倉山	itaigi:12990
poj	Chhoan-phó͘	川普	itaigi:8163
poj	Chhong-lâm	蒼南	itaigi:12755
poj	Chhun-chiú	春酒	itaigi:6485
poj	Chhut-su-piáu	出師表	itaigi:19660
poj	Chhài-chiáu-á	菜鳥仔	itaigi:4947
poj	Chhài-liâu	菜寮	itaigi:2828
poj	Chhàu-chhàu-hoe	臭臭花	itaigi:650
poj	Chhàu-chúi	臭水	itaigi:15562
poj	Chhàu-leng-hoe	臭奶花	itaigi:5063
poj	Chhái-sek-bé	彩色馬	itaigi:3526
poj	Chháu-soaⁿ	草山	itaigi:1810
poj	Chhân-eⁿ-ia̍h	田嬰蝶	itaigi:4925
poj	Chhân-liâu-káng	田寮港	itaigi:7345
poj	Chhân-sim-á	田心仔	itaigi:11431
poj	Chhân-tiong-ng	田中央	itaigi:15711
poj	Chhì-liông-kang	刺龍公	itaigi:5021
poj	Chhì-liông-pē	刺龍爸	itaigi:5019
poj	Chhì-liông-á	刺龍仔	itaigi:5017
poj	Chhì-ti-chhí	刺豬鼠	itaigi:5009
poj	Chhî Him-êng	徐欣瑩	itaigi:12552
poj	Chhòa E̍k-û	蔡易餘	itaigi:12553
poj	Chhòa Lîn-kian	蔡仁堅	itaigi:12551
poj	Chhòa Pôe-hóe	蔡培火	itaigi:2787
poj	Chhó͘-kok	楚國	itaigi:6997
poj	Chi-lân-it-pó	芝蘭一堡	itaigi:18821
poj	Chi-ná	支那	itaigi:2912
poj	Chi-ná-bûn	支那文	itaigi:15160
poj	Chi-ná-jī	支那字	itaigi:16071
poj	Chi-ná-koaⁿ-khip-thâng	支那肝吸蟲	itaigi:7215
poj	Chi-ná-lâng	支那人	itaigi:13171
poj	Chi-ná-á sian	支那仔仙	itaigi:7213
poj	Chi-ná-ōe	支那話	itaigi:15161
poj	Chi-pek-lia̍p-tek	支伯拉的	itaigi:14093
poj	Chiam-koh-chu-tó	尖閣諸島	itaigi:4485
poj	Chiam-koh-chu-tó͘	尖閣諸島	itaigi:4486
poj	Chiam-mái-ka	占買加	itaigi:3581
poj	Chiam-mái-kah	占買甲	itaigi:3619
poj	Chiam-mái-kak	占買角	itaigi:16646
poj	Chiam-soaⁿ	尖山	itaigi:15717
poj	Chiang-hòa	彰化	itaigi:3348
poj	Chiang-kun-ò	將軍澳	itaigi:17682
poj	Chiau-kang	椒江	itaigi:12739
poj	Chia̍h-bāng-ti	食夢豬	itaigi:5233
poj	Chin-chu-ku	真珠龜	itaigi:4902
poj	Chio-siâⁿ	蕉城	itaigi:13035
poj	Chiong-chìn-chiú	將進酒	itaigi:19349
poj	Chiong-kun-chng	將軍莊	itaigi:15579
poj	Chiong-kun-ò	將軍澳	itaigi:3730
poj	Chiong-lo̍k	將樂	itaigi:12981
poj	Chio̍h-koan-im	石觀音	itaigi:15715
poj	Chio̍h-kám-tong	石敢當	itaigi:5165
poj	Chio̍h-lêng-chiáu	石龍鳥	itaigi:5367
poj	Chio̍h-mn̂g-tōng	石門洞	itaigi:4503
poj	Chio̍h-siâⁿ-á	石城仔	itaigi:11393
poj	Chio̍h-thâu-kong	石頭公	itaigi:5163
poj	Chiu Chú-jû	周子瑜	itaigi:1795
poj	Chiu Pek-ngá	周柏雅	itaigi:12554
poj	Chiu-jû	周瑜	itaigi:2876
poj	Chiu-lâm	周南	itaigi:3764
poj	Chiu-lêng	周寧	itaigi:13041
poj	Chiu-san	舟山	itaigi:12822
poj	Chiu-î-î	周怡怡	itaigi:2104
poj	Chiáu-chhêng	鳥松	taihoa:13737
poj	Chiúⁿ Keng-kok	蔣經國	itaigi:12555
poj	Chiúⁿ Kng-thâu	蔣光頭	itaigi:7430
poj	Chiúⁿ Kài-se̍k	蔣介石	itaigi:1517
poj	Chiúⁿ Sòng Bí-lêng	蔣宋美齡	itaigi:12609
poj	Chiúⁿ Tiong-chèng	蔣中正	itaigi:2788
poj	Chi̍p-bí	集美	itaigi:12975
poj	Choân-káng	泉港	itaigi:2920
poj	Choân-liân	全聯	itaigi:609
poj	Chu It-kùi	朱一貴	itaigi:8174
poj	Chu Li̍p-lûn	朱立倫	itaigi:12556
poj	Chu-kì	諸暨	itaigi:12737
poj	Cháiⁿ Ngó͘	宰我	itaigi:14059
poj	Cháu-bé-khak	走馬殼	itaigi:4937
poj	Cháu-kang-ô͘	走江湖	itaigi:5061
poj	Chèng-hô	政和	itaigi:13025
poj	Chê-hong	齊風	itaigi:3753
poj	Chê-kok	齊國	itaigi:8185
poj	Chêng-khong-thah	晴空塔	itaigi:3572
poj	Chìn-an	晉安	itaigi:12988
poj	Chìn-kang	晉江	itaigi:13016
poj	Chìn-kang-ōe	晉江話	itaigi:12524
poj	Chìn-kek chi Kī-jîn	進擊之巨人	itaigi:19727
poj	Chìn-kek ê Kī-jîn	進擊的巨人	itaigi:4372
poj	Chí-mô͘-thó͘	紫毛土	itaigi:5209
poj	Chîn-hong	秦風	itaigi:3763
poj	Chîn-tiâu	秦朝	itaigi:8182
poj	Chò-som chò-kùi	做參做桂	itaigi:7151
poj	Chò-tun	佐敦	itaigi:4095
poj	Chòng-ûi	壯圍	itaigi:11425
poj	Chó-tìn	左鎮	itaigi:2915
poj	Chóng-iâ Gē-bûn Tiong-sim	總爺藝文中心	itaigi:18369
poj	Chóng-tok-hú	總督府	itaigi:5932
poj	Chô Chhò	曹操	itaigi:7307
poj	Chô-cho̍k	曹族	itaigi:2037
poj	Chô-hong	曹風	itaigi:3748
poj	Chôa-peh-á	蛇伯仔	itaigi:4993
poj	Chông-kiàⁿ-jîn	藏鏡人	itaigi:15500
poj	Chú-hā	子夏	itaigi:14060
poj	Chú-iû	子游	itaigi:14068
poj	Chú-kòng	子貢	itaigi:14067
poj	Chú-lō͘	子路	itaigi:14061
poj	Chúi-bé	水尾	itaigi:17610
poj	Chúi-bóe	水尾	itaigi:7192
poj	Chúi-chheⁿ tò-thâu kiâⁿ	水星倒頭行	itaigi:119
poj	Chúi-chhàn-nâ	水燦林	itaigi:15705
poj	Chúi-chiaⁿ-lêng	水精靈	itaigi:5351
poj	Chúi-chìⁿ-ku	水箭龜	itaigi:222
poj	Chúi-ke-chháu	水雞草	itaigi:4872
poj	Chúi-ke-hoe	水雞花	itaigi:4878
poj	Chúi-ke-sai	水雞師	itaigi:5125
poj	Chúi-mī-ku	水麵龜	itaigi:4861
poj	Chúi-nâ	水林	itaigi:15704
poj	Chúi-pân-chō	水瓶座	itaigi:16376
poj	Chúi-siū-ku	水壽龜	itaigi:4911
poj	Chúi-soa-liân	水沙連	itaigi:3370
poj	Chúi-thiāu-ku	水柱龜	itaigi:4907
poj	Chû-hūi-tn̂g	慈惠堂	itaigi:11032
poj	Chû-lī	慈利	itaigi:2000
poj	Chāi-thian-liông	在天龍	itaigi:5391
poj	Chū-iû Sî-pò	自由時報	itaigi:8180
poj	Chū-iû-chi-chiàn	自由之戰	itaigi:4783
poj	Chū-iû-sî-pò	自由時報	itaigi:12124
poj	Chū-iû-sî-pō͘	自由時報	itaigi:1502
poj	Chṳ́-iû	子游	itaigi:14084
poj	Chṳ̄-iû-kóng-tiûⁿ	自由廣場	itaigi:3344
poj	Ek-cháiⁿ-kim-sêng	億載金城	itaigi:18375
poj	Eng-hiông Liân-bêng	英雄聯盟	itaigi:16459
poj	Eng-kok-bûn	英國文	itaigi:15105
poj	Eng-kok-chian-piáⁿ	英國煎餅	itaigi:12137
poj	Eng-kok-ōe	英國話	itaigi:16815
poj	Eng-lân	英蘭	itaigi:17796
poj	Eng-thô Oân-á	櫻桃丸子	itaigi:15339
poj	Eng-thô-oân-á	櫻桃丸仔	itaigi:15406
poj	Eng-tó	櫻島	itaigi:2893
poj	Ga̍k-chheng	樂清	itaigi:12753
poj	Gio̍k-khoân	玉環	itaigi:12744
poj	Gio̍k-lú-sim-keng	玉女心經	itaigi:1189
poj	Gio̍k-san Soaⁿ-me̍h	玉山山脈	itaigi:8165
poj	Gio̍k-san o͘-liông-tê	玉山烏龍茶	itaigi:12057
poj	Gio̍k-thò͘	玉兔	itaigi:5485
poj	Giû-iok	牛約	itaigi:17801
poj	Goa̍t-tin-káng	月津港	itaigi:15703
poj	Goe̍h-niû-chháu	月娘草	itaigi:5057
poj	Goe̍h-sè-kài	月世界	itaigi:1603
poj	Goân-chho͘-chiáu	原初鳥	itaigi:19063
poj	Goân-chióng	元掌	itaigi:13949
poj	Goân-khek	元曲	itaigi:8154
poj	Goân-siau	元宵	itaigi:11550
poj	Gá-suh-kiû	瓦斯球	itaigi:5271
poj	Gân Hôe	顏回	itaigi:14063
poj	Gân Khoan-hông	顏寬恆	itaigi:12558
poj	Gân-tì	顏智	itaigi:2297
poj	Gî-lân Tông-goán-cheh	宜蘭童玩節	itaigi:3385
poj	Góa beh khì sńg	我欲去玩	itaigi:1419
poj	Góa beh lâi tńg	我欲來轉	itaigi:1995
poj	Góa kā lí kóng	我共你講	itaigi:1472
poj	Góa sī Hiong-káng-lâng	我是香港人	itaigi:1735
poj	Gô-kok	俄國	itaigi:7049
poj	Gô-lô	俄羅	itaigi:547
poj	Gô-lô-su	俄羅斯	itaigi:546
poj	Gô-lô-su tàu-sì-kak	俄羅斯鬥四角	itaigi:1847
poj	Gô-lô-su-thiap-chng-á	俄羅斯疊磚仔	itaigi:2930
poj	Gông-chûn-chiu	昂船洲	itaigi:17656
poj	Gû-sio-tak	牛相觸	itaigi:3491
poj	Gû-thâu-á	牛頭仔	itaigi:11440
poj	Gī-o͘	義烏	itaigi:12774
poj	Gī-tek	義竹	itaigi:17687
poj	Gī-tāi-lī-mī	義大利麵	itaigi:2150
poj	Gōa-ò-á	外澳仔	itaigi:2500
poj	Gō͘-chhe-chúi-lō͘	五叉水路	itaigi:15701
poj	Gō͘-goe̍h-thiⁿ	五月天	itaigi:2904
poj	Gō͘-kah	五甲	itaigi:6482
poj	Gō͘-kiat	五結	itaigi:11422
poj	Gō͘-lâu lí án-chóaⁿ khòaⁿ	五樓你按怎看	itaigi:7272
poj	Gō͘-ûi	五圍	itaigi:11416
poj	Gūi-hong	魏風	itaigi:3754
poj	Ha-iâ-kok	哈耶國	itaigi:6677
poj	Ha̍k-kah-pó	學甲堡	itaigi:18243
poj	Hek-liông-kang	黑龍江	itaigi:3726
poj	Hek-pe̍k Bû-siông	黑白無常	itaigi:2709
poj	Hiang-e̍k-chháu	香浴草	itaigi:17913
poj	Hiang-á-chiam	香仔針	itaigi:14191
poj	Hiok-éng-hô	郁永河	itaigi:1260
poj	Hoa-liân Chio̍h-tiau-cheh	花蓮石雕節	itaigi:3387
poj	Hoa-tong Chiòng-kok	花東縱谷	itaigi:3957
poj	Hoa-tong Chiòng-kok Pêng-goân	花東縱谷平原	itaigi:3958
poj	Hoan-lō͘	番路	itaigi:15663
poj	Hoan-siā	番社	itaigi:11433
poj	Hoan-á-chhân	番仔田	itaigi:15659
poj	Hoan-á-chng	番仔莊	itaigi:15661
poj	Hoan-á-lō͘	番仔路	itaigi:2504
poj	Hoan-á-oat	番仔挖	itaigi:15660
poj	Hoat-kok-nn̄g-piáⁿ	法國卵餅	itaigi:12135
poj	Hoat-lân-khek-hok	法蘭克福	itaigi:2956
poj	Hoat-lân-se	法蘭西	itaigi:17797
poj	Hoe-liân-káng	花蓮港	itaigi:17608
poj	Hoe-pà-ông	花霸王	itaigi:5069
poj	Hok-chheng	福清	itaigi:12997
poj	Hok-chiu	福州	itaigi:2756
poj	Hok-chéng	福井	itaigi:18588
poj	Hok-chéng-koān	福井縣	itaigi:18587
poj	Hok-sêng	福成	itaigi:11404
poj	Hok-tek-chèng-sîn	福德正神	itaigi:13401
poj	Hok-téng	福鼎	itaigi:13036
poj	Hok-tó	福島	itaigi:18589
poj	Hok-tó-koān	福島縣	itaigi:18590
poj	Hong-hóe-káu	風火狗	itaigi:5115
poj	Hong-te̍k	豐澤	itaigi:13014
poj	Ho̍k-bō͘ Hia̍p-gī	服貿協議	itaigi:12670
poj	Hui-chiu	非洲	itaigi:16639
poj	Hun-lūi-hāi-tàu	分類械鬥	itaigi:2953
poj	Hu̍t-kok	佛國	itaigi:12911
poj	Hu̍t-lo̍k-i-te̍k	佛洛伊德	itaigi:5821
poj	Hu̍t-lân-se	佛蘭西	itaigi:12912
poj	Hàn Bú-tè	漢武帝	itaigi:7416
poj	Hàn-bûn	漢文	itaigi:15163
poj	Hàn-jī	漢字	itaigi:15162
poj	Hàn-pó-ông	漢堡王	itaigi:3601
poj	Há-má-seng	哈馬星	itaigi:6176
poj	Hái-bé-chiaⁿ	海馬精	itaigi:5299
poj	Hái-chhat-ông	海賊王	itaigi:508
poj	Hái-chhì-liông	海刺龍	itaigi:5303
poj	Hái-gâ	海牙	itaigi:2964
poj	Hái-kháu	海口	itaigi:15555
poj	Hâ-phó͘	霞浦	itaigi:13037
poj	Hân kok-jû	韓國瑜	itaigi:2635
poj	Hân-bûn	韓文	itaigi:7431
poj	Hân-kok-bûn	韓國文	itaigi:16819
poj	Hân-kok-chhut	韓國齣	itaigi:4083
poj	Hân-kok-hì	韓國戲	itaigi:8136
poj	Hân-kok-ōe	韓國話	itaigi:16820
poj	Hâng-liông-si̍p-pat-chiáng	降龍十八掌	itaigi:1190
poj	Hâu-peh-liâu	侯伯寮	itaigi:18009
poj	Hê-siūⁿ-chiu	和尚洲	itaigi:17741
poj	Hê-sò͘-phiò	回數票	itaigi:9809
poj	Hì-lāng-cheh	戲弄節	itaigi:3148
poj	Hî-tîn-koài	魚藤怪	itaigi:5293
poj	Hòe-tang-soaⁿ	霍童山	itaigi:13046
poj	Hó-chhī-to	好市多	itaigi:7173
poj	Hóe-ah-liông	火鴨龍	itaigi:5327
poj	Hóe-chiaⁿ-lêng	火精靈	itaigi:5355
poj	Hóe-chìⁿ-bé	火箭馬	itaigi:5175
poj	Hóe-iáⁿ Jím-chiá	火影忍者	itaigi:16516
poj	Hóe-kak-bé	火角馬	itaigi:5171
poj	Hóe-ke-bó	火雞母	itaigi:5379
poj	Hóe-khióng-liông	火恐龍	itaigi:219
poj	Hóe-liông-chāi-thian	火龍在天	itaigi:4896
poj	Hóe-sio-bé	火燒馬	itaigi:5169
poj	Hóe-sèng-kâu	火性猴	itaigi:5109
poj	Hóe-tō͘-peh	火杜伯	itaigi:4892
poj	Hóe-tō͘-tēng	火杜定	itaigi:4888
poj	Hô-lân-chian-piáⁿ	荷蘭煎餅	itaigi:12138
poj	Hô-lân-chúi	荷蘭水	itaigi:15892
poj	Hô-ló-ōe	河老話	itaigi:8150
poj	Hô-siōng-chiu	河上洲	itaigi:4080
poj	Hôa-an	華安	itaigi:13012
poj	Hôa-bûn	華文	itaigi:15186
poj	Hôe-siūⁿ-ku	和尚龜	itaigi:4898
poj	Hông-giâm	黃岩	itaigi:12740
poj	Hông-gâ-lī	洪牙利	itaigi:6666
poj	Hông-kah	逢甲	itaigi:1066
poj	Hù-iông	富陽	itaigi:12806
poj	Hù-kùi-kak	富貴角	itaigi:15647
poj	Hù-sū-soaⁿ	富士山	itaigi:11197
poj	Hú- gio̍k	府玉	itaigi:7999
poj	Hún-bī	粉味	itaigi:5025
poj	Hún-bī-ông	粉味王	itaigi:5029
poj	Hún-chhiâng-bāng	粉腸夢	itaigi:5395
poj	Hún-chiáu-ông	粉鳥王	itaigi:4963
poj	Hún-îⁿ-á	粉圓仔	itaigi:5041
poj	Hûn-hô	雲和	itaigi:12765
poj	Hā-óa-ì	夏威夷	itaigi:2098
poj	Hōng-bêng	鳳鳴	itaigi:17616
poj	Hōng-hòa	奉化	itaigi:12793
poj	Hū-chhin-chiat	父親節	itaigi:2870
poj	Hūi-oaⁿ-ōe	惠安話	itaigi:2785
poj	Ia̍p Gî-tin	葉宜津	itaigi:12561
poj	Ia̍p Kiok-lân	葉菊蘭	itaigi:12562
poj	Ia̍p-bûn	葉門	itaigi:3728
poj	Iok-su-a	約書亞	itaigi:7206
poj	Iok-tàn	約旦	itaigi:3115
poj	It-kok lióng-chè	一國兩制	itaigi:11127
poj	It-sim jī-iōng	一心二用	itaigi:8124
poj	It-thài-hng	乙太坊	itaigi:3612
poj	It-thài-hong	乙太坊	itaigi:3611
poj	It-thài-pè	乙太幣	itaigi:3610
poj	Iu-khek-lân	優克蘭	itaigi:13622
poj	Iàm-lú	厭女	itaigi:5934
poj	Iàn-châu-hiong	燕巢鄉	itaigi:3064
poj	Iàn-châu-khu	燕巢區	itaigi:3065
poj	Iâ-nn̄g-chhiū	椰卵樹	itaigi:5247
poj	Iâu Ka-bûn	姚嘉文	itaigi:12563
poj	Iù-khí	幼齒	itaigi:4967
poj	Iû Sek-khun	游錫堃	itaigi:12564
poj	Iû-hì-ông	遊戲王	itaigi:16458
poj	Iû-khe	尤溪	itaigi:12982
poj	Iû-thài-lâng	猶太人	itaigi:18230
poj	Iûⁿ Chhiu-heng	楊秋興	itaigi:12565
poj	Iûⁿ Eng	楊英	itaigi:12566
poj	Iûⁿ Ki-sian	楊基先	itaigi:12570
poj	Iûⁿ Kim-hó͘	楊金虎	itaigi:12571
poj	Iûⁿ-lō͘-oan	洋路灣	itaigi:18878
poj	Iûⁿ-á-oan	洋仔灣	itaigi:18879
poj	Iā-pô-kiap	夜婆俠	itaigi:16453
poj	Jia̍t-lân-jia-siâⁿ	熱蘭遮城	itaigi:14151
poj	Jio̍k-lōe-hut	若內弗	itaigi:3186
poj	Ji̍t-phiò	日票	itaigi:19062
poj	Ji̍t-pún liāu-lí	日本料理	itaigi:8771
poj	Ji̍t-pún sî-tāi	日本時代	itaigi:7422
poj	Ji̍t-pún-bûn	日本文	itaigi:16814
poj	Ji̍t-pún-chhut	日本齣	itaigi:17215
poj	Ji̍t-pún-chîⁿ	日本錢	itaigi:16884
poj	Ji̍t-pún-náu-iām	日本腦炎	itaigi:2923
poj	Ji̍t-pún-phiò	日本票	itaigi:16885
poj	Ji̍t-pún-ōe	日本話	itaigi:14382
poj	Jîn-chong	仁宗	itaigi:12529
poj	Jû-oa̍t-cheh	逾越節	itaigi:1007
poj	Jī-chat Thiàu-tōng	字節跳動	itaigi:16135
poj	Jī-chiat Thiàu-tōng	字節跳動	itaigi:3509
poj	Jī-chiàn	二戰	itaigi:4530
poj	Jī-jī-pat	二二八	itaigi:8176
poj	Jī-jī-pat sū-kiāⁿ	二二八事件	itaigi:19163
poj	Jī-lîm	二林	itaigi:2191
poj	Jī-tek-ûi	二竹圍	itaigi:12823
poj	Jī-ûi	二圍	itaigi:11411
poj	Ka-gī Lông-lîm Ha̍k-hāu	嘉義農林學校	itaigi:7427
poj	Ka-gī-sai-pó	嘉義西堡	itaigi:18254
poj	Ka-gī-tang-pó	嘉義東堡	itaigi:18253
poj	Ka-liân-hôa	嘉年華	itaigi:12126
poj	Ka-lo̍k-hok	家樂福	itaigi:160
poj	Ka-lông	嘉農	itaigi:7426
poj	Ka-ná-ta	加拿大	itaigi:1747
poj	Ka-sat-khek	佳薩克	itaigi:6675
poj	Ka-siān	嘉善	itaigi:12783
poj	Ka-tâu	茄投	itaigi:19306
poj	Kah-chí-hn̂g	甲子園	itaigi:3613
poj	Kah-sian-po͘	甲仙埔	itaigi:3823
poj	Kak-kim-hî	角金魚	itaigi:5307
poj	Kak-sún-phang	角筍蜂	itaigi:4943
poj	Kak-sún-thâng	角筍蟲	itaigi:4931
poj	Kan-o-ta̍t	干阿達	itaigi:17802
poj	Kan-tāu	干豆	itaigi:3292
poj	Kan-á-bū	干仔霧	itaigi:17519
poj	Kang Kài-sè	江蓋世	itaigi:12572
poj	Kang Pêng-kian	江鵬堅	itaigi:12573
poj	Kang Te̍k-bîn	江澤民	itaigi:8168
poj	Kang Éng-chhiong	江永昌	itaigi:12629
poj	Kang-gia̍p-kek-bēng	工業革命	itaigi:2872
poj	Kang-kan	江干	itaigi:12801
poj	Kang-pak	江北	itaigi:12789
poj	Kau-á-bóe	溝仔尾	itaigi:3354
poj	Ke-ke	加加	itaigi:13141
poj	Ke-lâng	雞籠	itaigi:14778
poj	Ke-á	街仔	itaigi:11414
poj	Kek-tàng-chiáu	激凍鳥	itaigi:5373
poj	Keng-chiá iú kî tiân	耕者有其田	itaigi:15788
poj	Keng-ha̍k	經學	itaigi:14071
poj	Khah-pí-siù	卡比獸	itaigi:333
poj	Khai-san Sîn-siā	開山神社	itaigi:17282
poj	Khai-san-ông	開山王	itaigi:17281
poj	Khai-san-ông-biō	開山王廟	itaigi:17283
poj	Khan-bāng-koài	牽夢怪	itaigi:5235
poj	Khan-ti-ko thàn thiòng	牽豬哥趁暢	itaigi:16449
poj	Khan-tîn-koài	牽藤怪	itaigi:5291
poj	Khe-chiu	溪州	itaigi:15678
poj	Kheh-gí	客語	itaigi:13142
poj	Kheh-ka-lâng	客家人	itaigi:15357
poj	Kheh-ka-ōe	客家話	itaigi:15356
poj	Kheh-lâng-á-ōe	客人仔話	itaigi:15340
poj	Kheh-ōe	客話	itaigi:13112
poj	Kheng-goân	慶元	itaigi:2815
poj	Kheⁿ-á-kháu	坑仔口	itaigi:13646
poj	Khin-sang-hîm	輕鬆熊	itaigi:3525
poj	Khip-chio̍h-koài	吸石怪	itaigi:5187
poj	Khiáu	巧	itaigi:18211
poj	Kho-ki-pō͘	科技部	itaigi:8148
poj	Kho-kiô	柯橋	itaigi:12735
poj	Kho-siâⁿ	柯城	itaigi:12768
poj	Kho-soh-ho̍k	科索伏	itaigi:6686
poj	Khong-hi	康熙	itaigi:12125
poj	Khoân-chōng-sòaⁿ	環狀線	itaigi:13357
poj	Khoân-le̍k Iû-hì	權力遊戲	itaigi:8133
poj	Khu Hián-tì	邱顯智	itaigi:12667
poj	Khá-su-kò͘	巧司購	itaigi:12904
poj	Khá-sū-kò͘	巧士購	itaigi:12903
poj	Khái-soân-mn̂g	凱旋門	itaigi:8171
poj	Khái-tō	凱道	itaigi:2491
poj	Khéng-tek-ki	肯德基	itaigi:12916
poj	Khí-kóng	齒管	itaigi:7301
poj	Khí-lāi-tī-liâu	齒內治療	itaigi:7300
poj	Khó-pí	可比	itaigi:16349
poj	Khóng-biō Bûn-hòa Oân-khu	孔廟文化園區	itaigi:18400
poj	Khóng-chhiok-piáⁿ	孔雀餅	itaigi:12144
poj	Khóng-chú-kàu	孔子教	itaigi:17277
poj	Khóng-kàu	孔教	itaigi:17278
poj	Khó͘ Chông-chhun Kò͘-ku	許藏春故居	itaigi:18437
poj	Khó͘ Kok-hui	許國輝	itaigi:6484
poj	Khó͘ Sìn-liông	許信良	itaigi:12577
poj	Khó͘-táng--ê	許董的	itaigi:6224
poj	Ki-tok-kàu chheng-liân-hōe	基督教青年會	itaigi:6230
poj	Ki-tok-kàu-tô͘	基督教徒	itaigi:1885
poj	Kiat-iá	吉野	itaigi:15716
poj	Kiat-lîm-séng	吉林省	itaigi:18561
poj	Kiat-siông-nn̄g	吉祥卵	itaigi:5287
poj	Kim Chèng-un	金正恩	itaigi:8179
poj	Kim-bīn	金面	itaigi:11398
poj	Kim-gû-chō	金牛座	itaigi:16379
poj	Kim-hî-ông	金魚王	itaigi:5309
poj	Kim-kong Chiàn-sū	金剛戰士	itaigi:16461
poj	Kim-tang	金東	itaigi:12772
poj	Kiok-goân Pah-hòe	菊元百貨	itaigi:12727
poj	Kiàm Lêng	劍靈	itaigi:16460
poj	Kiàn-iông	建陽	itaigi:13021
poj	Kiàn-lêng	建寧	itaigi:12983
poj	Kiàn-siàu-chháu-chúi-ke	見笑草水雞	itaigi:4876
poj	Kiàn-tek	建德	itaigi:12808
poj	Kiâm-chhài-pêⁿ	鹹菜棚	itaigi:15954
poj	Kiâm-chúi	鹽水	itaigi:15702
poj	Kiâm-chúi-káng-pó	鹽水港堡	itaigi:18244
poj	Kiâu-tī-a	喬治亞	itaigi:3114
poj	Kiâⁿ-lō͘-chháu	行路草	itaigi:649
poj	Kiô-hô	橋和	itaigi:13642
poj	Kiô-mn̂g-kiû	茄毛球	itaigi:5075
poj	Kiô-phî-chhí	茄皮鼠	itaigi:4965
poj	Kiô-á-thâu	橋仔頭	itaigi:2680
poj	Kiû-á	球仔	itaigi:5778
poj	Kiōng-kong	共工	itaigi:14836
poj	Kng-bóe-chháu	光尾草	itaigi:5059
poj	Kng-thâu Ko--koh	光頭哥哥	itaigi:16462
poj	Ko Kim Sò͘-mûi	高金素梅	itaigi:12578
poj	Ko Sêng-iām	高成炎	itaigi:12579
poj	Ko-chhiū	高樹	itaigi:15572
poj	Ko-hiông	高雄	itaigi:18698
poj	Ko-hiông Tián-lám-koán	高雄展覽館	itaigi:2890
poj	Ko-jū-lī-a	哥裕利亞	itaigi:6689
poj	Ko-kù-lê	高句麗	itaigi:8186
poj	Koa Bûn-tiat	柯文哲	itaigi:936
poj	Koa-tì-a	柯智亞	itaigi:6680
poj	Koan-biō-mī	關廟麵	itaigi:15621
poj	Koan-im-má	觀音媽	itaigi:12203
poj	Koan-sèng-tè-kun	關聖帝君	itaigi:2878
poj	Koeh Pek-chhoan Kì-liām-koán	郭柏川紀念館	itaigi:18438
poj	Koeh Ú-sin	郭雨新	itaigi:12580
poj	Kok-bîn-tóng	國民黨	itaigi:2005
poj	Kok-li̍p Tiong-san-tāi-ha̍k	國立中山大學	itaigi:3061
poj	Kok-po͘	谷埔	itaigi:3817
poj	Kok-sèng	國姓	itaigi:15578
poj	Kok-sèng-iâ	國姓爺	itaigi:2902
poj	Kok-sèng-po͘	國姓埔	itaigi:15577
poj	Kok-thài-pēⁿ-īⁿ	國泰病院	itaigi:13345
poj	Kong Khok Ki-tōng Tùi	攻殼機動隊	itaigi:16447
poj	Kong Khok Ki-tōng-tùi	攻殼機動隊	itaigi:16448
poj	Kong Khok Ki-tōng-tūi	攻殼機動隊	itaigi:16450
poj	Kong-bêng-hōe	光明會	itaigi:4395
poj	Kong-chhia-liông	公車龍	itaigi:5341
poj	Kong-ho̍k	光復	itaigi:4081
poj	Kong-kiōng-tiān-sī	公共電視	itaigi:921
poj	Kong-kó	剛果	itaigi:1746
poj	Kong-sī	公視	itaigi:15624
poj	Kong-te̍k	光澤	itaigi:13026
poj	Koán Phek-lêng	管碧玲	itaigi:12581
poj	Koân-le̍k Iû-hì	權力遊戲	itaigi:8132
poj	Ko͘ Chín-hú	辜振甫	itaigi:12549
poj	Ku-hái-ang	龜海翁	itaigi:4909
poj	Ku-hái-ti	龜海豬	itaigi:4904
poj	Ku-khang Hî-káng	龜空漁港	itaigi:19570
poj	Ku-piah-oan	龜壁灣	itaigi:4280
poj	Ku-pí-lō͘	居比路	itaigi:6691
poj	Ku-soaⁿ-tó	龜山島	itaigi:5167
poj	Kám-siā-chn̄g	感謝狀	itaigi:6637
poj	Kán Gí-soan	簡語宣	itaigi:1019
poj	Kán-á-bū	簡仔霧	itaigi:17518
poj	Káu-bóe-kim	九尾金	itaigi:5035
poj	Káu-hūn-á	九份仔	itaigi:11443
poj	Káu-ki-bóe	九支尾	itaigi:5037
poj	Kâu Chê-thian	猴齊天	itaigi:15047
poj	Kâu-chhiū-káng	猴樹港	itaigi:15658
poj	Kâu-koài	猴怪	itaigi:653
poj	Kâu-tōng-á	猴洞仔	itaigi:4137
poj	Kéng Chho	景差	itaigi:3745
poj	Kéng-heng Kok-sió	景興國小	itaigi:6490
poj	Kéng-lêng	景寧	itaigi:2816
poj	Kî-bí Phok-bu̍t-koán	奇美博物館	itaigi:18427
poj	Kî-le̍k-kán	奇力簡	itaigi:11442
poj	Kî-lâi	奇萊	itaigi:3388
poj	Kî-tin	旗津	itaigi:12487
poj	Kî-tin-khu	旗津區	itaigi:2696
poj	Kò͘-kiong phok-bu̍t-koán	故宮博物館	itaigi:3296
poj	Kó-gī-āu-pó	果毅後堡	itaigi:18248
poj	Kóng-heng	廣興	itaigi:11427
poj	Kóng-te̍k chun-ông	廣澤尊王	itaigi:3122
poj	Kóng-tó-koān	廣島縣	itaigi:18595
poj	Kó͘-chhoe-chháu	鼓吹草	itaigi:5147
poj	Kó͘-chhoe-hoe	鼓吹花	itaigi:5149
poj	Kó͘-chhân	古田	itaigi:13038
poj	Kó͘-kheⁿ	古坑	itaigi:15582
poj	Kó͘-lâu	鼓樓	itaigi:2916
poj	Kó͘-san	鼓山	itaigi:12116
poj	Kùi-chiu	貴州	itaigi:18562
poj	Kùi-chiu-séng	貴州省	itaigi:18563
poj	Kûn-bó-chio̍h	拳母石	itaigi:5161
poj	Kûn-bó-kâu	拳母猴	itaigi:5107
poj	Kûn-má	群馬	itaigi:18594
poj	Kûn-má-koān	群馬縣	itaigi:18593
poj	Kûn-thâu-sai	拳頭師	itaigi:5263
poj	Kā-ha̍p	咬合	itaigi:7302
poj	Kī-hē	巨蟹	itaigi:6850
poj	Kńg-chhiu	廣州	itaigi:6876
poj	Kńg-chiu-ōe	廣州話	itaigi:1588
poj	Kńg-hú-ōe	廣府話	itaigi:1586
poj	Kńg-tang	廣東	itaigi:698
poj	Kńg-tang-ōe	廣東話	itaigi:1587
poj	Kū-lí-cho̍k	舊里族	itaigi:16664
poj	Kǹg-thih-kiap	鋼鐵俠	itaigi:16454
poj	La-teng-jī	拉丁字	itaigi:15362
poj	La̍k-bóe-âng	六尾紅	itaigi:5031
poj	La̍k-cha̍p-chio̍h-soaⁿ	六十石山	itaigi:4625
poj	La̍k-ki-bóe	六支尾	itaigi:5033
poj	La̍k-ku-lí-siā	六龜里社	itaigi:17740
poj	La̍k-tó͘	六堵	itaigi:17613
poj	La̍t-bí-kok	栗美國	itaigi:6673
poj	Lio̍k-tiâu	六朝	itaigi:14614
poj	Lio̍k-tui	六堆	itaigi:17851
poj	Liân Chiàn	連戰	itaigi:12583
poj	Liân-ha̍p-kok	聯合國	itaigi:6093
poj	Liân-kang	連江	itaigi:12999
poj	Liân-to͘	蓮都	itaigi:12759
poj	Lióng-hân	兩韓	itaigi:3486
poj	Liông-bûn	龍文	itaigi:13002
poj	Liông-choân	龍泉	itaigi:12760
poj	Liông-hái	龍海	itaigi:13003
poj	Liông-iû	龍游	itaigi:12770
poj	Liông-oan	龍灣	itaigi:12750
poj	Liú-chi-lân	紐芝蘭	itaigi:12908
poj	Liú-iâⁿ	柳營	itaigi:18011
poj	Liû-khiû	琉球	itaigi:3874
poj	Li̍t-gṳ́	日語	itaigi:14394
poj	Loa̍h-chhiú	辣手	itaigi:5319
poj	Lo̍h-khì niá gō͘-pah	落去領五百	itaigi:7277
poj	Lo̍k-boán	鹿滿	itaigi:15640
poj	Lo̍k-chháu	鹿草	itaigi:15630
poj	Lo̍k-kang	洛江	itaigi:13015
poj	Lo̍k-ki-soaⁿ-be̍h	洛磯山脈	itaigi:17390
poj	Lo̍k-ki-soaⁿ-me̍h	洛磯山脈	itaigi:17389
poj	Lo̍k-liâu	鹿寮	itaigi:15642
poj	Lo̍k-môa-sán	鹿麻產	itaigi:15639
poj	Lo̍k-ní-mn̂g	鹿耳門	itaigi:3355
poj	Lo̍k-sam-ki	洛杉磯	itaigi:17387
poj	Lo̍k-siâⁿ	鹿城	itaigi:12748
poj	Lo̍k-á-káng	鹿仔港	itaigi:15632
poj	Làu-phâu-khak	落跑殼	itaigi:4939
poj	Lán-si-koài	懶屍怪	itaigi:5179
poj	Lâm-bông-kó͘	南蒙古	itaigi:19053
poj	Lâm-hong Kong-hn̂g	南方公園	itaigi:16465
poj	Lâm-hong-ò-á	南方澳仔	itaigi:11435
poj	Lâm-hoâiⁿ	南橫	itaigi:15256
poj	Lâm-hôe-kui-sòaⁿ	南迴歸線	itaigi:18651
poj	Lâm-kan	南竿	itaigi:3596
poj	Lâm-ke̍k-chiu	南極洲	itaigi:5796
poj	Lâm-kiaⁿ Sam-bîn	南京三民	itaigi:12672
poj	Lâm-káng Tián-lám-koán	南港展覽館	itaigi:2889
poj	Lâm-oaⁿ	南安	itaigi:13017
poj	Lâm-tó-gí-hē	南島語系	itaigi:5819
poj	Lâm-tūn	南屯	itaigi:15627
poj	Lâm-ô͘	南湖	itaigi:12779
poj	Lân-chiu	蘭州	itaigi:19714
poj	Lân-khe	蘭溪	itaigi:12773
poj	Lân-sū-niau-thâu-chiáu	蘭嶼貓頭鳥	itaigi:13343
poj	Lâu Bêng-thoân	劉銘傳	itaigi:14904
poj	Lâu Pī	劉備	itaigi:13495
poj	Lâu Éng-hok	劉永福	itaigi:12584
poj	Lé-kì	禮記	itaigi:2935
poj	Léng-tòng-chiáu	冷凍鳥	itaigi:5375
poj	Lê-iâng	螺陽	itaigi:19555
poj	Lê-khak-koài	螺殼怪	itaigi:5359
poj	Lê-á-chhì	螺仔刺	itaigi:5361
poj	Lê-á-chúi-ke	螺仔水雞	itaigi:5123
poj	Lêng-chhú-pô	龍鼠婆	itaigi:5015
poj	Lêng-chhú-ḿ	龍鼠姆	itaigi:5013
poj	Lêng-hái	寧海	itaigi:12797
poj	Lêng-hòa	寧化	itaigi:12984
poj	Lêng-pho	寧波	itaigi:12816
poj	Lêng-sî-chèng-hú	零時政府	itaigi:6087
poj	Lêng-tek	寧德	itaigi:12969
poj	Lí Jîn-kùi	李仁貴	itaigi:12585
poj	Lí Khek-kiōng	李克強	itaigi:12870
poj	Lí Oán-tiat	李遠哲	itaigi:7437
poj	Lí khì sí	你去死	itaigi:19177
poj	Lí sī siáng	你是啥人	itaigi:113
poj	Lí sī siáⁿ-lâng	你是啥人	itaigi:484
poj	Lí Èng-goân	李應元	itaigi:12582
poj	Lí ū-kàu hāi	你有夠害	itaigi:7280
poj	Lí-kho-thài-thài	理科太太	itaigi:2837
poj	Lîm Be̍k-liông Kong-hn̂g	林默娘公園	itaigi:18376
poj	Lîm Bān-ek	林萬億	itaigi:12587
poj	Lîm Choân	林全	itaigi:12546
poj	Lîm Chu-miāu	林姿妙	itaigi:12631
poj	Lîm Chèng-chek	林政則	itaigi:12588
poj	Lîm Chùn-kia̍t	林俊傑	itaigi:7418
poj	Lîm Gī-hiông	林義雄	itaigi:12589
poj	Lîm Hiàn-tông	林獻堂	itaigi:7393
poj	Lîm Ka-liông	林佳龍	itaigi:12590
poj	Lîm Kéng-goân	林景元	itaigi:12591
poj	Lîm Lē-bêng	林麗明	itaigi:12592
poj	Lîm Sóng-bûn	林爽文	itaigi:8175
poj	Lîm Tì-kian	林智堅	itaigi:12593
poj	Lîm-an	臨安	itaigi:12807
poj	Lîm-hái	臨海	itaigi:12743
poj	Lîm-sim	林森	itaigi:17619
poj	Lô Chì-siông	羅志祥	itaigi:14085
poj	Lô Siok-lúi	羅淑蕾	itaigi:12594
poj	Lô-goân	羅源	itaigi:12998
poj	Lô-goân-koān	羅源縣	itaigi:2918
poj	Lô-le̍k-sū	勞力士	itaigi:628
poj	Lô-lí-sán	勞里散	itaigi:15645
poj	Lô-má-nî	羅馬尼	itaigi:6670
poj	Lô-tōng-ki-chún-hoat	勞動基準法	itaigi:5828
poj	Lô͘-chiu	蘆洲	itaigi:4079
poj	Lô͘-sim-pó	盧森堡	itaigi:13619
poj	Lú-ông-thâu	女王頭	itaigi:2997
poj	Lûi-chiaⁿ-lêng	雷精靈	itaigi:5353
poj	Lûi-khu	雷丘	itaigi:235
poj	Lûi-kong-bóe	雷公尾	itaigi:5001
poj	Lûi-kong-ô͘	雷公壺	itaigi:5155
poj	Lûi-tiān-kiû	雷電球	itaigi:701
poj	Lāi-bông-kó͘ Chū-tī-khu	內蒙古自治區	itaigi:18570
poj	Lāu-kiàm-sian	老劍仙	itaigi:5133
poj	Lāu-ku-chiaⁿ	老龜精	itaigi:5137
poj	Lē-chúi	麗水	itaigi:12818
poj	Lēng-hô	令和	itaigi:17948
poj	Lī-hi-tùn-su-thán	利希頓斯坦	itaigi:6690
poj	Lōa Chheng-tek	賴清德	itaigi:12595
poj	Lōa Hô	賴和	itaigi:7394
poj	Lōe-hoa-ta̍t	內華達	itaigi:3834
poj	Lō͘-chiu	鷺洲	itaigi:17773
poj	Lō͘-kiô	路橋	itaigi:12741
poj	Lō͘-se-a	露西亞	itaigi:548
poj	Lō͘-se-a tàu-sì-kak	露西亞鬥四角	itaigi:6944
poj	Lō͘-tóng	老懂	itaigi:15722
poj	Lū Siù-liân	呂秀蓮	itaigi:12596
poj	Lū-sòng	呂宋	itaigi:3347
poj	Ma-tá-án	馬大安	itaigi:15569
poj	Má-bóe	馬尾	itaigi:12991
poj	Má-bóe-khu	馬尾區	itaigi:12993
poj	Má-cha-lân	馬查蘭	itaigi:14561
poj	Má-chhâ-lân	馬查蘭	itaigi:14697
poj	Má-chó͘-chhân	媽祖田	itaigi:15669
poj	Má-chó͘-hî	媽祖魚	itaigi:5449
poj	Má-ka-tì	馬加智	itaigi:15297
poj	Má-keng	媽宮	itaigi:15326
poj	Má-kî-tùn	馬其頓	itaigi:6674
poj	Má-lâi-se-a	馬來西亞	itaigi:6154
poj	Má-lí-bu̍t	馬里勿	itaigi:15570
poj	Má-tong-lô͘	媽當奴	itaigi:310
poj	Má-tāi-an	馬大安	itaigi:15568
poj	Môa-hn̂g-liâu	麻園寮	itaigi:15641
poj	Môa-sat-chu-sài	麻薩諸塞	itaigi:19669
poj	Mô͘ Te̍k-tong	毛澤東	itaigi:8142
poj	Mô͘-hoat Siàu-lú	魔法少女	itaigi:4271
poj	Mô͘-kiô-á	毛茄仔	itaigi:5077
poj	Mûi-lia̍t	梅列	itaigi:12978
poj	Mī-pau chhiau-jîn	麵包超人	itaigi:859
poj	Na-má-siah	那瑪夏	itaigi:14477
poj	Ngeh-á-hē	夾仔蟹	itaigi:5237
poj	Ngá-tián	雅典	itaigi:14097
poj	Ngó͘-kak Tāi-hā	五角大廈	itaigi:18451
poj	Ngó͘-kak Tōa-lâu	五角大樓	itaigi:4011
poj	Ngô͘ Kong	吳剛	itaigi:897
poj	Ngô͘-heng	吳興	itaigi:2814
poj	Ngô͘-oân Gē-bûn Tiong-sim	吳園藝文中心	itaigi:18370
poj	Ni-bó-chhia-liông	奶母車龍	itaigi:5345
poj	Niau-láu-tōa	貓老大	itaigi:652
poj	Niàu-khang	貓空	itaigi:2495
poj	Niû Khó͘ Chhun-kiok	梁許春菊	itaigi:12597
poj	Niû-hio̍h-thâng	娘葉蟲	itaigi:4915
poj	Ná ē án-ne	哪會按呢	itaigi:19160
poj	Nâ-á-piⁿ	林仔邊	itaigi:12059
poj	Nōa-kô͘-kô͘	爛糊糊	itaigi:5213
poj	Nōa-thô͘-koài	爛塗怪	itaigi:5207
poj	N̂g Chia̍p	黃捷	itaigi:12598
poj	N̂g Kok-chhiong	黃國昌	itaigi:12664
poj	N̂g Sìn-kài	黃信介	itaigi:12599
poj	N̂g chùn-tiat	黃俊哲	itaigi:12630
poj	N̂g-chng-chhí	黃磚鼠	itaigi:5005
poj	N̂g-niá-chôa	黃領蛇	itaigi:4985
poj	N̂g-tè	黃帝	itaigi:14840
poj	Oa̍t-siâⁿ	越城	itaigi:12734
poj	Ok-kiú-tó	屋久島	itaigi:13092
poj	Oán-tong Pah-hòe	遠東百貨	itaigi:3437
poj	Oân-á	丸仔	itaigi:3433
poj	Oān-châu-iū	援巢右	itaigi:15650
poj	O͘-gû-lân	烏牛欄	itaigi:13174
poj	O͘-gû-nôa	烏牛欄	itaigi:15950
poj	O͘-kan-ta̍t	烏干達	itaigi:17516
poj	O͘-kúi-á-tōng	烏鬼仔洞	itaigi:3876
poj	O͘-niau bú-lú	烏貓母女	itaigi:635
poj	O͘-niau-chí-á	烏貓姐仔	itaigi:5321
poj	O͘-soaⁿ	烏山	itaigi:6663
poj	Pa-hí	巴喜	itaigi:6294
poj	Pa-khek-lé	巴克禮	itaigi:14122
poj	Pa-la̍uh	巴落	itaigi:3527
poj	Pa-le̍k-su-thán	巴勒斯坦	itaigi:18229
poj	Pa-lóng-óe	巴壟衛	itaigi:15706
poj	Pa-pí-lûn	巴比倫	itaigi:6356
poj	Pah-bīn-koài	百面怪	itaigi:5347
poj	Pak-gō͘-tó͘	北五堵	itaigi:17614
poj	Pak-hôe-kui-sòaⁿ	北迴歸線	itaigi:2129
poj	Pak-kiaⁿ-ah	北京鴨	itaigi:5197
poj	Pak-kiaⁿ-ōe	北京話	itaigi:15164
poj	Pak-mn̂g-sū	北門嶼	itaigi:15707
poj	Pak-siâⁿ	北城	itaigi:11429
poj	Pak-sêng	北成	itaigi:11428
poj	Pang-kiô	板橋	taihoa:57561
poj	Pang-lâm-sòaⁿ	板南線	itaigi:13356
poj	Pang-soaⁿ	崩山	itaigi:15580
poj	Pat-hong-hûn-chi̍p	八方雲集	itaigi:3435
poj	Pat-sian Lo̍k-hn̂g	八仙樂園	itaigi:1356
poj	Pat-tiân Ú-it	八田與一	itaigi:1742
poj	Peh-táu-á	八斗仔	itaigi:3425
poj	Pek Iông Bûn-bu̍t-koán	柏楊文物館	itaigi:18436
poj	Pek-chè	百濟	itaigi:8188
poj	Pek-giû	伯牛	itaigi:14064
poj	Pek-lī-hêng	伯利恆	itaigi:18228
poj	Pek-lū-sek-le̍k	伯呂色勒	itaigi:14099
poj	Peng-khò͘	兵庫	itaigi:18597
poj	Peng-khò͘-koān	兵庫縣	itaigi:18596
poj	Peng-soat-kî-iân	冰雪奇緣	itaigi:3154
poj	Peng-tó	冰島	itaigi:13621
poj	Peng-tē	冰地	itaigi:19588
poj	Peng-á-chiáu	兵仔鳥	itaigi:4949
poj	Pe̍h-ba̍k-kiû	白目球	itaigi:5243
poj	Pe̍h-chiam-phang	白針蜂	itaigi:4941
poj	Pe̍h-chiam-thâng	白針蟲	itaigi:4929
poj	Pe̍h-hái-sai	白海獅	itaigi:5205
poj	Pe̍h-hê	白蝦	itaigi:15617
poj	Pe̍h-hīⁿ-liông	白耳龍	itaigi:5383
poj	Pe̍h-ke	白雞	itaigi:4789
poj	Pe̍h-kut-hiaⁿ	白骨兄	itaigi:5253
poj	Pe̍h-kut-kiap	白骨俠	itaigi:5251
poj	Pe̍h-kut-liông	白骨龍	itaigi:5249
poj	Pe̍h-kut-lông-kun	白骨郎君	itaigi:5255
poj	Pe̍h-lô-su	白羅斯	itaigi:3618
poj	Pe̍h-phau-phau	白拋拋	itaigi:7139
poj	Pe̍h-phīⁿ-liông	白鼻龍	itaigi:5381
poj	Pe̍h-soat-kong-chú	白雪公主	itaigi:3015
poj	Pe̍h-tō͘-îⁿ-á	白肚圓仔	itaigi:5045
poj	Pe̍h-ōe-jī	白話字	itaigi:15361
poj	Phah-kûn-sai	拍拳師	itaigi:5261
poj	Phek-nâ-hoàn-sióng	碧藍幻想	itaigi:1987
poj	Phiau-liông	飆龍	itaigi:5385
poj	Pho-pho	波波	itaigi:229
poj	Pho-sū-nî	波士尼	itaigi:6683
poj	Pho-sū-nî-a	波士尼亞	itaigi:6685
poj	Phài-tōa-chheⁿ	派大星	itaigi:714
poj	Phái-mi̍h-á	歹物仔	itaigi:5221
poj	Phêⁿ Bêng-bín	彭明敏	itaigi:12600
poj	Phêⁿ Chheng-khò	彭清靠	itaigi:12601
poj	Phî-khah-khu	皮卡丘	itaigi:328
poj	Phî-phî	皮皮	itaigi:5023
poj	Phòa-táⁿ-chôa	破膽蛇	itaigi:4987
poj	Phó͘-iu-má	普悠瑪	itaigi:3885
poj	Phó͘-kang	浦江	itaigi:12777
poj	Phó͘-siâⁿ	浦城	itaigi:13027
poj	Phó͘-tô	普陀	itaigi:12785
poj	Phô-tô-gê-kok	葡萄牙國	itaigi:15117
poj	Phùn-hóe-liông	噴火龍	itaigi:220
poj	Phû-chiu	浮洲	itaigi:2507
poj	Phû-chiu-á	浮洲仔	itaigi:13214
poj	Phû-tô-gâ	葡萄牙	itaigi:12071
poj	Phōaⁿ-lī-bêng	伴侶盟	itaigi:2490
poj	Pi-lâm	卑南	itaigi:3840
poj	Pin-chiu	賓州	itaigi:4849
poj	Pin-kang	濱江	itaigi:12803
poj	Poa̍h-bé-siā	拔馬社	itaigi:4204
poj	Pok-jī	駁二	itaigi:4010
poj	Po͘-kiuⁿ-thâu	埔姜頭	itaigi:17055
poj	Put-kiàn-thian	不見天	itaigi:5085
poj	Put-kiàn-thian-ông	不見天王	itaigi:5089
poj	Put-tan	不丹	itaigi:3112
poj	Pu̍t-gâ-lī	勃牙利	itaigi:6669
poj	Pà-ông-hoe	霸王花	itaigi:651
poj	Pài-jîn-chiu	拜仁州	itaigi:4758
poj	Pêng-an Sî-tāi	平安時代	itaigi:4333
poj	Pêng-iông	平陽	itaigi:12754
poj	Pêng-khoe	平溪	itaigi:14082
poj	Pêng-lâm	屏南	itaigi:13039
poj	Pêng-thâm	平潭	itaigi:13000
poj	Pêng-thâm-koān	平潭縣	itaigi:2919
poj	Pêng-tìn	平鎮	itaigi:2879
poj	Pêng-tìn-khu	平鎮區	itaigi:2995
poj	Pêng-ô͘	平湖	itaigi:2817
poj	Pì-ló͘	祕魯	itaigi:3582
poj	Pí-pí-chiáu	比比鳥	itaigi:230
poj	Pîⁿ-nâ	坪林	itaigi:1596
poj	Pîⁿ-ô͘	平湖	itaigi:15709
poj	Pó-khó-bōng	寶可夢	itaigi:400
poj	Pó-song-chng	寶桑莊	itaigi:17771
poj	Pó-táu	寶斗	itaigi:320
poj	Pó-táu-tìn	寶斗鎮	itaigi:321
poj	Re-gon-kiu	雷公球	itaigi:5241
poj	Sai-chú-hōe	獅子會	itaigi:6840
poj	Sai-káng	西港	itaigi:15723
poj	Sai-káng-á	西港仔	itaigi:15724
poj	Sai-siat-cho̍k	獅設族	itaigi:7338
poj	Sai-thâm	獅潭	itaigi:16651
poj	Sai-á	獅仔	itaigi:6839
poj	Sai-á-chō	獅仔座	itaigi:16382
poj	Sai-á-ông	獅仔王	itaigi:3017
poj	Sai-ô͘	西湖	itaigi:12802
poj	Sam-bêng	三明	itaigi:12972
poj	Sam-bîn-chú-gī	三民主義	itaigi:12496
poj	Sam-bûn	三門	itaigi:12745
poj	Sam-chhe-hô	三叉河	itaigi:17436
poj	Sam-goân	三元	itaigi:12979
poj	Sam-hông Ngó͘-tè	三皇五帝	itaigi:14845
poj	Sam-koan Tāi-tè	三官大帝	itaigi:14922
poj	Sam-kok-chì	三國志	itaigi:1473
poj	Sam-kok-ián-gī	三國演義	itaigi:7417
poj	Sam-li̍p	三立	itaigi:2003
poj	Sam-lîm-tìn	三林鎮	itaigi:7050
poj	Sam-nâ	杉林	itaigi:12495
poj	Sam-pó-gân	三寶顏	itaigi:14886
poj	Sam-pó-gân-chhī	三寶顏市	itaigi:14887
poj	Sam-seng	三星	itaigi:11436
poj	Sam-sian-tâi	三仙台	itaigi:2684
poj	Sam-tiông	三重	itaigi:15698
poj	Sam-tiông-po͘	三重埔	itaigi:15697
poj	Sam-tē-mn̂g	三地門	itaigi:19022
poj	Saⁿ-ba̍k-thih	三目鐵	itaigi:5191
poj	Saⁿ-chhe-hô	三叉河	itaigi:17582
poj	Saⁿ-kak-tiàm	三角店	itaigi:17722
poj	Saⁿ-kài-kong-seⁿ	三界公生	itaigi:11544
poj	Saⁿ-thâu-chiáu	三頭鳥	itaigi:5201
poj	Se-a-tô͘	西亞圖	itaigi:3820
poj	Se-bīn	西面	itaigi:18791
poj	Se-chōng Chū-tī-khu	西藏自治區	itaigi:18573
poj	Se-la-ngá	西拉雅	itaigi:18397
poj	Se-liâu	西寮	itaigi:11407
poj	Se-ngá-tô͘	西雅圖	itaigi:2954
poj	Se-siang-pán-la̍p	西雙版納	itaigi:19615
poj	Sek-hui-a	瑟輝亞	itaigi:6665
poj	Sek-kháu	錫口	itaigi:19628
poj	Sek-lân	錫蘭	itaigi:13910
poj	Seng-chè Tāi-chiàn	星際大戰	itaigi:8774
poj	Seng-pa-khek	星巴克	itaigi:12950
poj	Si Bêng-tek	施明德	itaigi:12602
poj	Si-lá-iah	西拉雅	itaigi:3320
poj	Sian-iû	仙遊	itaigi:13051
poj	Sian-ku	仙居	itaigi:12747
poj	Siang-bīn-gá-suh	雙面瓦斯	itaigi:5277
poj	Siang-chú	雙子	itaigi:6848
poj	Siang-chú-chō	雙子座	itaigi:16380
poj	Siang-hî	雙魚	itaigi:6837
poj	Siang-hî-chō	雙魚座	itaigi:16377
poj	Siang-khe-kháu	雙溪口	itaigi:17680
poj	Siang-seⁿ-gá-suh	雙生瓦斯	itaigi:5275
poj	Siang-thâu-ah	雙頭鳥	itaigi:5199
poj	Siang-to-chháu-kâu	雙刀草猴	itaigi:5317
poj	Siau Bí-khîm	蕭美琴	itaigi:12604
poj	Siau Bān-tiông	蕭萬長	itaigi:12605
poj	Siau-hông-sú	消防署	itaigi:7399
poj	Siau-san	蕭山	itaigi:12804
poj	Sin-chhiong	新昌	itaigi:12738
poj	Sin-gong	神岡	itaigi:2417
poj	Sin-kài	新界	itaigi:12394
poj	Sin-kàn-sòaⁿ	新幹線	itaigi:2017
poj	Sin-káng	新港	itaigi:15674
poj	Sin-káng thn̂g-á	新港糖仔	itaigi:7229
poj	Sin-kóng	神岡	itaigi:13909
poj	Sin-lô	新羅	itaigi:8187
poj	Sin-pa-ui	辛巴威	itaigi:3648
poj	Sin-siok	新宿	itaigi:3646
poj	Sin-siâⁿ	新城	itaigi:18007
poj	Sin-sok	新宿	itaigi:3645
poj	Sin-tek	新竹	itaigi:15165
poj	Siok-bū	宿霧	itaigi:16540
poj	Siàu-lí-sî-tāi	少女時代	itaigi:1749
poj	Siâ-á-oan	斜仔灣	itaigi:18880
poj	Siâⁿ Tiōng-bô͘	城仲模	itaigi:2795
poj	Siâⁿ-mn̂g-á	城門仔	itaigi:14911
poj	Sió-hóe-liông	小火龍	itaigi:208
poj	Sió-kim-bīn	小金面	itaigi:11400
poj	Sió-liû-khiû	小琉球	itaigi:3875
poj	Sió-ò	小澳	itaigi:11392
poj	Siông-an	翔安	itaigi:12977
poj	Siông-iông	松陽	itaigi:12764
poj	Siông-kang Lâm-kiaⁿ	松江南京	itaigi:12671
poj	Siông-khe	松溪	itaigi:13028
poj	Siù-chiu	秀洲	itaigi:12780
poj	Siù-lóng-kiô	秀朗橋	itaigi:13643
poj	Siù-sū	秀嶼	itaigi:13050
poj	Siú-ní	首爾	itaigi:752
poj	Siú-siâⁿ-hūn	守城份	itaigi:15350
poj	Siā Soat-hông	謝雪紅	itaigi:8155
poj	Siā Tiông-têng	謝長廷	itaigi:12606
poj	Siā-chhiú-chō	射手座	itaigi:16386
poj	Siāng-hái	上海	itaigi:8775
poj	Siāu-lâm	召南	itaigi:17426
poj	Siōng-hái mo͘-hē	上海毛蟹	itaigi:7322
poj	Siōng-san	象山	itaigi:12796
poj	Siōng-siâⁿ	上城	itaigi:12799
poj	Siōng-sṳ	尚書	itaigi:3361
poj	Siū-lêng	壽寧	itaigi:13040
poj	Si̍p Kīn-pêng	習近平	itaigi:8143
poj	Si̍p-jī-kun	十字軍	itaigi:3825
poj	Si̍p-lī-kun	十字軍	itaigi:3826
poj	Si̍t-chāi kóng	實在講	itaigi:12632
poj	Soa-koān	沙縣	itaigi:12985
poj	Soa-thâu-kak	沙頭角	itaigi:3815
poj	Soaⁿ-phīⁿ-á	山鼻仔	itaigi:13647
poj	Soaⁿ-sai	山西	itaigi:18568
poj	Soaⁿ-sai-séng	山西省	itaigi:18567
poj	Soaⁿ-ti-mn̂g	山豬毛	itaigi:19023
poj	Soaⁿ-ti-mn̂g-hiong	山豬毛鄉	itaigi:19025
poj	Soaⁿ-tē-mn̂g	山地門	itaigi:19021
poj	Soaⁿ-tē-mn̂g-hiong	山地門鄉	itaigi:19024
poj	Soaⁿ-á-káng	山仔港	itaigi:11444
poj	Sok-bū	宿霧	itaigi:16539
poj	Som-pa	森巴	itaigi:3715
poj	So͘ Cheng-chhiong	蘇貞昌	itaigi:12400
poj	So͘ Ka-choân	蘇嘉全	itaigi:12607
poj	So͘ Lâm-sêng	蘇南成	itaigi:2789
poj	So͘-keh-lân	蘇格蘭	itaigi:613
poj	So͘-ut	蘇鬱	itaigi:1609
poj	So͘-ûi-ia Liân-bêng	蘇維埃聯盟	itaigi:4405
poj	Su-bêng	思明	itaigi:12976
poj	Su-hoat Phok-bu̍t-koán	司法博物館	itaigi:18425
poj	Su-kak Sit-tiâu Chèng	思覺失調症	itaigi:5445
poj	Su-keng	書經	itaigi:14852
poj	Su-kú-le̍k	斯久勒	itaigi:7218
poj	Su-lo̍k-biân	斯洛綿	itaigi:6682
poj	Sài-phó͘-le̍k-su	賽普勒斯	itaigi:3113
poj	Sái-sèng-chiáu	使性鳥	itaigi:4979
poj	Sè-kài Hia̍p-tiau Sî-kan	世界協調時間	itaigi:2712
poj	Sè-kí tè-kok	世紀帝國	itaigi:641
poj	Sè-sin Tāi-ha̍k	世新大學	itaigi:1291
poj	Sèng-bó-īⁿ	聖母院	itaigi:18270
poj	Sèng-kiat-se̍k	聖潔石	itaigi:7395
poj	Sèng-lêng	聖靈	itaigi:12536
poj	Sèng-sîn	聖神	itaigi:17259
poj	Sèng-tàn-lāu-a-kong	聖誕老阿公	itaigi:2943
poj	Sèng-tàn-lāu-lâng	聖誕老人	itaigi:2922
poj	Sé-hîm	洗熊	itaigi:7339
poj	Sêng-tāi Pēⁿ-īⁿ	成大病院	itaigi:4310
poj	Sì-ki-chhiú	四支手	itaigi:5145
poj	Sì-kiat	四結	itaigi:11418
poj	Sì-siâⁿ	四城	itaigi:11417
poj	Sì-ûi	四圍	itaigi:11419
poj	Sím-bûn-têng	沈文程	itaigi:10592
poj	Sî-tāi Le̍k-liōng	時代力量	itaigi:12668
poj	Sîn-góng	神岡	itaigi:12683
poj	Sîn-keng thiàⁿ	神經疼	itaigi:139
poj	Sîn-kî-pó-pòe	神奇寶貝	itaigi:868
poj	Sîn-kóng	神廣	itaigi:15559
poj	Sîn-lông	神農	itaigi:14848
poj	Sòaⁿ-hêng-koài	散形怪	itaigi:5181
poj	Sòng Bí-lêng	宋美齡	itaigi:12608
poj	Sòng-sû	宋詞	itaigi:8097
poj	Sò͘ Hoân-chin	素還真	itaigi:3652
poj	Só͘-lô-bûn	所羅門	itaigi:1998
poj	Só͘-lô-bûn Kûn-tó	所羅門群島	itaigi:1999
poj	Sù-chhoan-séng	四川省	itaigi:18569
poj	Sù-hái-iû-liông	四海遊龍	itaigi:3436
poj	Sù-siù-soaⁿ	四獸山	itaigi:4434
poj	Sú Tiat	史哲	itaigi:12611
poj	Sú-kì	史記	itaigi:14846
poj	Sū-koaⁿ-chiáu	士官鳥	itaigi:4955
poj	Sūi-chhiong	遂昌	itaigi:12763
poj	Sūi-hong	瑞芳	itaigi:18696
poj	Sūn-chhiong	順昌	itaigi:13029
poj	Sṳ-keng	書經	itaigi:14874
poj	Sṳ́-kì	史記	itaigi:14875
poj	Ta-khe	乾溪	itaigi:15574
poj	Tah-lân	罩蘭	itaigi:18952
poj	Tah-lân-tìn	罩蘭鎮	itaigi:18951
poj	Tang-Lam-Sai-Pak	東南西北	itaigi:10731
poj	Tang-cheh chia̍h îⁿ	冬節食圓	itaigi:7813
poj	Tang-chio̍h	東石	itaigi:798
poj	Tang-kiaⁿ Thih-thah	東京鐵塔	itaigi:8170
poj	Tang-koe-soaⁿ	冬瓜山	itaigi:11445
poj	Tang-lêng	東寧	itaigi:12567
poj	Tang-lêng-kok	東寧國	itaigi:12568
poj	Tang-po͘	東埔	itaigi:3349
poj	Tang-soaⁿ	東山	itaigi:13007
poj	Tang-sì-kak	東勢角	itaigi:3827
poj	Tang-ô͘	東湖	itaigi:13176
poj	Tek-an	竹安	itaigi:11396
poj	Tek-chheng	德清	itaigi:2813
poj	Tek-hòa	德化	itaigi:13020
poj	Tek-kho	竹科	itaigi:13196
poj	Tek-tang	竹東	itaigi:17733
poj	Tek-á-ô͘	竹仔湖	itaigi:15314
poj	Tek-ì-chì	德意志	itaigi:8129
poj	Teng-boat-kok	丁抹國	itaigi:15088
poj	Thah-chì-khek	塔志克	itaigi:13616
poj	Thah-lô-pâi	塔羅牌	itaigi:390
poj	Thian-an-bûn	天安門	itaigi:14448
poj	Thian-an-bûn kóng-tiûⁿ	天安門廣場	itaigi:14447
poj	Thian-an-mn̂g	天安門	itaigi:14444
poj	Thian-káu-kim	天九金	itaigi:5039
poj	Thian-liông-kok	天龍國	itaigi:7383
poj	Thian-lêng	天能	itaigi:16697
poj	Thian-tâi	天台	itaigi:12746
poj	Thih-bō-thâng	鐵帽蟲	itaigi:5363
poj	Thih-kah-gû	鐵甲牛	itaigi:5279
poj	Thih-kah-liông	鐵甲龍	itaigi:5283
poj	Thih-kah-tāu	鐵甲豆	itaigi:224
poj	Thih-khak-tāu	鐵殼豆	itaigi:227
poj	Thih-khí-tâng-gê-chhí	鐵齒銅牙鼠	itaigi:4973
poj	Thih-khí-á	鐵齒仔	itaigi:4971
poj	Thih-nn̄g-chhí	鐵卵鼠	itaigi:5087
poj	Thih-sai-gû	鐵犀牛	itaigi:5281
poj	Thih-sòaⁿ-kiô-pó	鐵線橋堡	itaigi:18246
poj	Thiⁿ-kong-chó͘	天公祖	itaigi:14022
poj	Thiⁿ-pē	天爸	itaigi:18935
poj	Thng-á-siâⁿ	湯仔城	itaigi:11420
poj	Thui--ê	推的	itaigi:14184
poj	Thài-Bú	泰武	itaigi:12686
poj	Thài-chú-kiong-pó	太子宮堡	itaigi:18245
poj	Thài-iâng seng-kun	太陽星君	itaigi:10828
poj	Thài-kok goe̍h-niû-hê-piáⁿ	泰國月娘蝦餅	itaigi:13535
poj	Thài-kok-hê	泰國蝦	itaigi:15615
poj	Thài-kok-kûn	泰國拳	itaigi:3852
poj	Thài-kûn	泰拳	itaigi:3863
poj	Thài-lêng	泰寧	itaigi:12987
poj	Thài-pêng-tó͘	太平島	itaigi:102
poj	Thài-sūn	泰順	itaigi:12749
poj	Thâu--ê góa ài--lí	頭的我愛你	itaigi:118
poj	Thâu-ba̍k-chiáu	頭目鳥	itaigi:4961
poj	Thâu-lâng-po͘	頭人埔	itaigi:4626
poj	Thâu-ok	頭屋	itaigi:15649
poj	Thâu-ûi	頭圍	itaigi:2498
poj	Thâu-ûi-tē-saⁿ-pó	頭圍第三堡	itaigi:11409
poj	Thâu-ûi-á	頭圍仔	itaigi:2497
poj	Thêng-chhia-tiûⁿ	停車場	itaigi:1116
poj	Thó͘-jíⁿ-kî	土耳其	itaigi:14152
poj	Thó͘-ka-cho̍k	土家族	itaigi:18576
poj	Thó͘-khò͘-bān	土庫曼	itaigi:13617
poj	Thó͘-kio̍k-hûn	吐谷渾	itaigi:11056
poj	Thó͘-lī-kong	土地公	itaigi:13400
poj	Thó͘-ní-kî	土耳其	itaigi:545
poj	Thó͘-tē-kong biō-á	土地公廟仔	itaigi:9684
poj	Thó͘-tī-kong	土地公	itaigi:13399
poj	Thô-chì-kî	桃志其	itaigi:6688
poj	Thô-goân Pō͘-lo̍k	桃源部落	itaigi:4291
poj	Thô-hn̂g chia̍t-ūn	桃園捷運	itaigi:7000
poj	Thô-á-hûiⁿ	桃仔園	itaigi:3464
poj	Thô͘-khò͘-chng	塗庫莊	itaigi:15668
poj	Ti-su-nî	知斯彌	itaigi:2971
poj	Tiong-chhiu	中秋	itaigi:903
poj	Tiong-chong	中宗	itaigi:12528
poj	Tiong-chèng-lō͘	中正路	itaigi:8167
poj	Tiong-hoân	中環	itaigi:18062
poj	Tiong-hàu-tang-lō͘	忠孝東路	itaigi:8172
poj	Tiong-hô	中和	itaigi:3886
poj	Tiong-hôa Bîn-kok	中華民國	itaigi:3597
poj	Tiong-iong Tai-ha̍k	中央大學	itaigi:3155
poj	Tiong-khoân	中環	itaigi:18106
poj	Tiong-kok	中國	itaigi:3867
poj	Tiong-kok Tāi-lio̍k	中國大陸	itaigi:1940
poj	Tiong-kok liāu-lí	中國料理	itaigi:10473
poj	Tiong-kok-ōe	中國話	itaigi:6220
poj	Tiong-ng-khì-siōng-kio̍k	中央氣象局	itaigi:3316
poj	Tiong-san-lō͘	中山路	itaigi:8166
poj	Tio̍h-kiaⁿ-chôa	著驚蛇	itaigi:4989
poj	Tio̍h-kâu	著猴	itaigi:5105
poj	Tiuⁿ Chhit-lông	張七郎	itaigi:12612
poj	Tiuⁿ Un-eng	張溫鷹	itaigi:2804
poj	Tiuⁿ-ēng-siâng	張詠翔	itaigi:2083
poj	Tiám-á-ka	點仔膠	itaigi:5211
poj	Tiám-á-kháu	店仔口	itaigi:16192
poj	Tiâng-keⁿ	長庚	itaigi:17428
poj	Tiâng-kiⁿ	長庚	itaigi:17535
poj	Tiâng-kiⁿ Pēⁿ-īⁿ	長庚病院	itaigi:4072
poj	Tiâu-sián Ji̍t-pún sî-tāi	朝鮮日本時代	itaigi:7421
poj	Tiâu-sián ông-tiâu	朝鮮王朝	itaigi:12527
poj	Tiâu-sián-gí	朝鮮語	itaigi:12731
poj	Tióng-êng Tāi-ha̍k	長榮大學	itaigi:3806
poj	Tiô-chiu-ōe	潮州話	itaigi:12523
poj	Tiông-heng	長興	itaigi:12758
poj	Tiông-keng Pēⁿ-īⁿ	長庚病院	itaigi:13649
poj	Tiông-keⁿ	長庚	itaigi:1234
poj	Tiông-keⁿ Pēⁿ-īⁿ	長庚病院	itaigi:13648
poj	Tiông-kiⁿ	長庚	itaigi:17534
poj	Tiông-lo̍k	長樂	itaigi:12992
poj	Tiông-thòa	長泰	itaigi:1800
poj	Tiông-êng Tāi-ha̍k	長榮大學	itaigi:3808
poj	Tiúⁿ-ló Kàu-hōe	長老教會	itaigi:6098
poj	Tiān-chû-koài	電磁怪	itaigi:5189
poj	Tiān-hó͘-iâ	電虎爺	itaigi:5323
poj	Tiōng Iû	仲由	itaigi:14062
poj	Tn̂g-ah-á	唐鴨仔	itaigi:19017
poj	Tn̂g-soa-oan	長沙灣	itaigi:3837
poj	Tn̂g-soaⁿ	唐山	itaigi:17819
poj	To-ek	多益	itaigi:2887
poj	Toh Êng-thài	卓榮泰	itaigi:2806
poj	Toh-khe	卓溪	itaigi:15573
poj	Toh-lân	卓蘭	itaigi:4290
poj	Tong-iông	東陽	itaigi:12775
poj	Tong-san	東山	itaigi:13927
poj	To̍k-e̍k	獨逸	itaigi:8127
poj	To̍k-it	獨乙	itaigi:8128
poj	To̍k-kak-thâng	獨角蟲	itaigi:226
poj	To̍k-kok	獨國	itaigi:8126
poj	To͘-lân	都蘭	itaigi:3496
poj	Tu̍t-bián	突勉	itaigi:6679
poj	Tu̍t-nî-se-a	突尼西亞	itaigi:2957
poj	Tá-káu	打狗	itaigi:326
poj	Tá-má-ian	打馬煙	itaigi:11412
poj	Táu-kat	斗葛	itaigi:5943
poj	Táu-kat-cho̍k	斗葛族	itaigi:5942
poj	Táu-kat-ōe	斗葛話	itaigi:1012
poj	Táⁿ-kó͘-niá	打鼓嶺	itaigi:17683
poj	Táⁿ-kó͘-siā	打鼓社	itaigi:3818
poj	Táⁿ-niau	打貓	itaigi:327
poj	Tâi-Lô-jī	台羅字	itaigi:14452
poj	Tâi-bûn	台文	itaigi:14315
poj	Tâi-chek-tiān	台積電	itaigi:7432
poj	Tâi-chiu	台州	itaigi:12820
poj	Tâi-gí Lô-má-jī	台語羅馬字	itaigi:14378
poj	Tâi-gí án-chóaⁿ liām	台語按怎唸	itaigi:788
poj	Tâi-gí-tâi	台語台	itaigi:15623
poj	Tâi-gṳ́	台語	itaigi:3243
poj	Tâi-gṳ́ Lô-má-lī	台語羅馬字	itaigi:14397
poj	Tâi-kang Bûn-hòa Tiong-sim	台江文化中心	itaigi:18363
poj	Tâi-kang Kok-ka Kong-hn̂g	台江國家公園	itaigi:18364
poj	Tâi-kang-lāi-hái	台江內海	itaigi:2963
poj	Tâi-kang-lōe-hái	台江內海	itaigi:18394
poj	Tâi-lô-jī	台羅字	itaigi:3268
poj	Tâi-oân	台灣	taihoa:74129
poj	Tâi-oân Chek-thé Tiān-lō͘	台灣積體電路	itaigi:7433
poj	Tâi-oân Chóng-tok	台灣總督	itaigi:8173
poj	Tâi-oân Hái-kiap	台灣海峽	itaigi:3371
poj	Tâi-oân Ji̍t-pún sî-tāi	台灣日本時代	itaigi:7420
poj	Tâi-oân O͘-hîm	台灣烏熊	itaigi:4837
poj	Tâi-oân cha-po͘-lâng	台灣查埔人	itaigi:6128
poj	Tâi-oân giân-gí pêng-tâi	台灣言語平台	itaigi:6266
poj	Tâi-oân kâu-san-á	台灣猴山仔	itaigi:7004
poj	Tâi-oân liāu-lí	台灣料理	itaigi:19562
poj	Tâi-oân to̍k-li̍p ūn-tōng	台灣獨立運動	itaigi:7415
poj	Tâi-oân tō sī Tâi-oân	台灣就是台灣	itaigi:941
poj	Tâi-oân-bûn	台灣文	itaigi:15182
poj	Tâi-oân-chhài	台灣菜	itaigi:19563
poj	Tâi-oân-lâng	台灣人	itaigi:15198
poj	Tâi-oân-o͘-hîm	台灣烏熊	itaigi:13375
poj	Tâi-oân-soaⁿ-iûⁿ-á	台灣山羊仔	itaigi:13342
poj	Tâi-oân-tó	台灣島	itaigi:8164
poj	Tâi-oân-ōe	台灣話	itaigi:7981
poj	Tâi-oân-ōe-bûn	台灣話文	itaigi:3252
poj	Tâi-pak-koān	台北縣	taihoa:74150
poj	Tâi-phiò	台票	itaigi:16456
poj	Tâi-se	台西	taihoa:74152
poj	Tâi-tang	台東	itaigi:17898
poj	Tâi-thih	台鐵	itaigi:6160
poj	Tâi-tiong	台中	itaigi:18725
poj	Tâi-tāi I-ha̍k-īⁿ	台大醫學院	itaigi:1750
poj	Tâi-ōe	台話	itaigi:3236
poj	Tâi-ōe-bûn	台話文	itaigi:14316
poj	Tân Bêng-bûn	陳明文	itaigi:12697
poj	Tân Bí-kun	陳美君	itaigi:12698
poj	Tân Būn-giân	陳問言	itaigi:12699
poj	Tân Chi-hàn	陳之漢	itaigi:2865
poj	Tân Chì-liông	陳志隆	itaigi:12702
poj	Tân Chìn	陳進	itaigi:12703
poj	Tân Chùn-siù	陳俊秀	itaigi:12705
poj	Tân Chúi-píⁿ	陳水扁	itaigi:7381
poj	Tân Goân-kong	陳元光	itaigi:12710
poj	Tân Ha̍k-sèng	陳學聖	itaigi:12713
poj	Tân Hek	陳赫	itaigi:2866
poj	Tân Hong-bêng	陳芳明	itaigi:12714
poj	Tân Ho̍k-chì	陳復志	itaigi:12715
poj	Tân Hun-lân	陳芬蘭	itaigi:12716
poj	Tân Hàn-lêng	陳漢玲	itaigi:12717
poj	Tân Hái-hông	陳海虹	itaigi:12718
poj	Tân Hông-iāu	陳弘耀	itaigi:12720
poj	Tân Ji̍t-kun	陳日君	itaigi:12724
poj	Tân Ka-êng	陳佳瑩	itaigi:12726
poj	Tân Khé-chhoan	陳啟川	itaigi:12613
poj	Tân Kiok	陳菊	itaigi:12401
poj	Tân Kiàn-jîn	陳建仁	itaigi:12614
poj	Tân Pek-ûi	陳柏惟	itaigi:12615
poj	Tân Séng	陳誠	itaigi:2808
poj	Tân Sî-tiong	陳時中	itaigi:3176
poj	Tân Têng-pho	陳澄波	itaigi:7425
poj	Tân Têng-pho kò͘-ki	陳澄波故居	itaigi:4715
poj	Tân Tēng-lâm	陳定南	itaigi:12616
poj	Tân cha-bó͘	陳查某	itaigi:12700
poj	Tân Éng-hôa	陳永華	itaigi:12711
poj	Tân Éng-tô	陳永淘	itaigi:12707
poj	Tân Êng	陳瑩	itaigi:2809
poj	Tân Êng-kiat	陳盈潔	itaigi:12708
poj	Tân Ì-hâm	陳意涵	itaigi:12722
poj	Tân-bûn-kia̍t	陳文傑	itaigi:9815
poj	Tê-hái-chheⁿ	茶海星	itaigi:5311
poj	Tê-nn̄g-chhí	茶卵鼠	itaigi:5083
poj	Tê-thng-hōe	茶湯會	itaigi:3568
poj	Têng-chi̍h-koài	重舌怪	itaigi:5269
poj	Tìn-hái	鎮海	itaigi:12791
poj	Tîn-hong	陳風	itaigi:3755
poj	Tò-hong-lōe-hái	倒風內海	itaigi:18395
poj	Tò͘-tīn-te̍k-kong	鬥陣特攻	itaigi:143
poj	Tông Sam-chōng	唐三藏	itaigi:1671
poj	Tông-hong	唐風	itaigi:3756
poj	Tông-si Sam-pek-siú	唐詩三百首	itaigi:8153
poj	Tùn-bu̍t	頓物	itaigi:19305
poj	Tùn-lāi-chhù-khek	頓內次克	itaigi:3616
poj	Tùn-pa-su	頓巴斯	itaigi:3614
poj	Tā-lí-buh	搭里霧	itaigi:15670
poj	Tāi Ji̍t-pún Tè-kok	大日本帝國	itaigi:8169
poj	Tāi-bo̍k Phok-sū	大木博士	itaigi:4270
poj	Tāi-chhoan-hiong	大村鄉	itaigi:10944
poj	Tāi-chhân	大田	itaigi:12986
poj	Tāi-chiòng-iâ	大眾爺	itaigi:5225
poj	Tāi-hô	大和	itaigi:17609
poj	Tāi-iâng	大揚	itaigi:7217
poj	Tāi-jūn-hoat	大潤發	itaigi:15347
poj	Tāi-lí-kán	大里簡	itaigi:11395
poj	Tāi-ngé	大雅	itaigi:5944
poj	Tāi-oân	大員	itaigi:3328
poj	Tāi-pi̍t	大闢	itaigi:11026
poj	Tāi-put-lia̍t-tian-kok	大不列顛國	itaigi:15118
poj	Tāi-tông-á-chúi-ke	大同仔水雞	itaigi:4862
poj	Tām-kang Tāi-ha̍k	淡江大學	itaigi:3333
poj	Tē-chhí-liông	袋鼠龍	itaigi:5295
poj	Tē-chio̍h-liông	地石龍	itaigi:5229
poj	Tē-á-hoe	袋仔花	itaigi:5151
poj	Tēng-hong	鄭風	itaigi:3752
poj	Tēⁿ Bûn-chhàn	鄭文燦	itaigi:12617
poj	Tēⁿ Keng	鄭經	itaigi:2810
poj	Tēⁿ Sim	鄭森	itaigi:12569
poj	Tīⁿ Iōng-sek	鄭用錫	itaigi:11071
poj	Tńg-êng Tāi-ha̍k	長榮大學	itaigi:3809
poj	Tō-khêng kang-gia̍p-chí-sò͘	道瓊工業指數	itaigi:16892
poj	Tōa-ba̍k-kàng	大目降	itaigi:17495
poj	Tōa-chhiū	大樹	itaigi:19279
poj	Tōa-chiam-phang	大針蜂	itaigi:228
poj	Tōa-chiam-soaⁿ	大尖山	itaigi:3422
poj	Tōa-chi̍h-koài	大舌怪	itaigi:5265
poj	Tōa-hn̂g-á	大園仔	itaigi:13645
poj	Tōa-hūn-chhân-á-té	大份田仔底	itaigi:11410
poj	Tōa-iûⁿ-chiu	大洋洲	itaigi:2965
poj	Tōa-khe	大溪	itaigi:11391
poj	Tōa-kim-bīn	大金面	itaigi:11399
poj	Tōa-káng lí iâⁿ--ah	大港你贏矣	itaigi:18280
poj	Tōa-pí-chiáu	大比鳥	itaigi:231
poj	Tōa-pēⁿ-īⁿ	大病院	itaigi:2509
poj	Tōa-pūn-cheng	大笨鐘	itaigi:3839
poj	Tōa-siā	大社	itaigi:15696
poj	Tōa-thâu-hê	大頭蝦	itaigi:15622
poj	Tōa-ti̍t	大直	itaigi:2949
poj	Tōa-tâng-á-phang	大筒仔蜂	itaigi:4945
poj	Tōa-ò	大澳	itaigi:2501
poj	Tōa-ô͘-té	大湖底	itaigi:2592
poj	Tōng-le̍k-hóe-chhia	動力火車	itaigi:2881
poj	Tōng-thâu	洞頭	itaigi:12752
poj	Ui-su-khong-sin	威斯康辛	itaigi:3707
poj	Un-chiu	溫州	itaigi:12821
poj	Un-chú-kong-biō	恩主公廟	itaigi:2926
poj	Un-ko-hôa	溫哥華	itaigi:3602
poj	Un-niá	溫嶺	itaigi:12742
poj	a	亞	itaigi:12948
poj	a-bêng	阿明	itaigi:155
poj	a-bú	阿母	itaigi:5470
poj	a-bú-sioh	阿母惜	itaigi:19539
poj	a-bú-sioh--ê	阿母惜的	itaigi:19548
poj	a-chek	阿叔	taihoa:19
poj	a-chiu	亞洲	taihoa:23
poj	a-chím	阿嬸	taihoa:21
poj	a-chó͘	阿祖	itaigi:3667
poj	a-hiaⁿ	阿兄	taihoa:85
poj	a-ko-á kong-chú	阿哥仔公子	itaigi:4420
poj	a-kong	阿公	taihoa:311
poj	a-ko͘	阿姑	taihoa:315
poj	a-kīm	阿妗	taihoa:305
poj	a-kū	阿舅	taihoa:322
poj	a-la-pek	阿拉伯	itaigi:6780
poj	a-lí-a-cha	阿里阿查	itaigi:18118
poj	a-lí-put-tah	阿里不達	itaigi:18122
poj	a-má	阿媽	itaigi:11191
poj	a-mōe-á	阿妹仔	itaigi:4027
poj	a-pa	阿爸	itaigi:6548
poj	a-peh	阿伯	taihoa:1349
poj	a-phiàn	鴉片	taihoa:1358
poj	a-pu̍t-á	阿勃仔	itaigi:4742
poj	a-pô lí mài chhá	阿婆你莫吵	itaigi:1357
poj	a-sa-puh-luh	阿沙不魯	itaigi:3972
poj	a-siā	阿舍	itaigi:1804
poj	a-sài-pài-jiân	亞塞拜然	itaigi:16617
poj	a-só	阿嫂	taihoa:1395
poj	a-the̍h	阿宅	itaigi:5455
poj	a-thài	阿太	itaigi:16715
poj	a-è	亞裔	itaigi:14593
poj	a-î	阿姨	taihoa:233
poj	a-ḿ	阿姆	taihoa:338
poj	a-ḿ sat-chhiú	阿姆殺手	itaigi:3488
poj	ah	壓	taihoa:32
poj	ah-bah	鴨肉	taihoa:53
poj	ah-bó	鴨母	taihoa:58
poj	ah-hêng	鴨雄	itaigi:16468
poj	ah-hêng-á	鴨雄仔	itaigi:16466
poj	ah-kak	鴨角	taihoa:88
poj	ah-kang	鴨公	taihoa:90
poj	ah-le̍k-sek	鴨綠色	itaigi:11171
poj	ah-nn̄g	鴨卵	taihoa:115
poj	ah-pà	壓霸	itaigi:6583
poj	ah-thô͘-chu	鴨塗珠	itaigi:9765
poj	ah-á thiaⁿ lûi	鴨仔聽雷	itaigi:13522
poj	ah-á thiaⁿ-lûi	鴨仔聽雷	itaigi:10142
poj	ai-kiû	哀求	taihoa:260
poj	ai-oàn	哀怨	itaigi:1110
poj	ai-pē-kiò-bú	哀父叫母	itaigi:19020
poj	ak-chhiú	握手	taihoa:301
poj	ak-chúi	沃水	taihoa:302
poj	ak-hō͘	沃雨	taihoa:304
poj	am	掩	itaigi:4677
poj	am-bīn	掩面	itaigi:12409
poj	am-lâi-chhé-khì	掩來差去	itaigi:1663
poj	an-chhin-pan	安親班	itaigi:530
poj	an-choân	安全	taihoa:840
poj	an-choân-chiam	安全針	itaigi:3242
poj	an-choân-thò	安全套	itaigi:11117
poj	an-choân-í	安全椅	itaigi:13659
poj	an-iâⁿ	安營	itaigi:15015
poj	an-khok	安酷	itaigi:18845
poj	an-lo̍k	安樂	taihoa:1301
poj	an-lo̍k-o	安樂窩	itaigi:19102
poj	an-sim	安心	taihoa:1317
poj	an-tah	安搭	itaigi:4413
poj	an-thò	安套	itaigi:2298
poj	an-thò-á	安套仔	itaigi:2299
poj	an-ùi	安慰	taihoa:1336
poj	an-ún	安穩	taihoa:1338
poj	ang	翁	taihoa:850
poj	ang-bó͘	翁某	taihoa:1250
poj	ang-bó͘ bô-hó	翁某無好	itaigi:10806
poj	ang-á	尪仔	itaigi:2423
poj	ang-á-bó͘ bīn	翁仔某面	itaigi:10807
poj	ang-á-tô͘	尪仔圖	taihoa:1248
poj	ap-le̍k-hái-chhim	壓力海深	itaigi:4247
poj	ap-le̍k-pán	壓力板	itaigi:14984
poj	ap-pek	壓迫	taihoa:1369
poj	ap-pek-kám	壓迫感	itaigi:19192
poj	ap-sok-ki	壓縮機	itaigi:5960
poj	at	遏	taihoa:1401
poj	au	凹	taihoa:1438
poj	au-bú	後母	itaigi:123
poj	au-lô	歐羅	itaigi:13283
poj	au-á	甌仔	taihoa:1798
poj	a̍p-á-piáⁿ	盒仔餅	itaigi:15626
poj	bah	肉	taihoa:1911
poj	bah-bâ	肉麻	itaigi:168
poj	bah-chhah	肉插	itaigi:13331
poj	bah-chhiau	肉搜	itaigi:7271
poj	bah-chiùⁿ	肉醬	itaigi:14198
poj	bah-chìⁿ	肉箭	taihoa:1924
poj	bah-kut-tê	肉骨茶	itaigi:16496
poj	bah-kám mē-á	肉感妹仔	itaigi:189
poj	bah-kńg	肉捲	itaigi:3272
poj	bah-oân	肉丸	itaigi:17937
poj	bah-pau	肉包	itaigi:3881
poj	bah-piáⁿ	肉餅	itaigi:6015
poj	bah-sò	肉燥	itaigi:341
poj	bah-sò-pn̄g	肉燥飯	itaigi:10984
poj	bah-sún	肉筍	itaigi:13221
poj	bah-tiong-chhì	肉中刺	itaigi:2544
poj	bah-tāu-á	肉豆仔	itaigi:1684
poj	bah-îⁿ	肉圓	itaigi:3451
poj	bah-îⁿ-á	肉圓仔	itaigi:3455
poj	ba̍k-bâi	目眉	taihoa:2028
poj	ba̍k-bóe khan tiān-sòaⁿ	目尾牽電線	itaigi:12345
poj	ba̍k-chap-sang-lâu	目汁雙流	itaigi:17213
poj	ba̍k-cha̍t-á	墨賊仔	itaigi:10689
poj	ba̍k-chhiūⁿ sai-hū	木匠師傅	itaigi:11836
poj	ba̍k-chhiūⁿ-sai	木匠師	itaigi:11833
poj	ba̍k-chhái	目彩	itaigi:94
poj	ba̍k-chiap	目汁	itaigi:11663
poj	ba̍k-chiap-siang-lâu	目汁雙流	itaigi:17212
poj	ba̍k-chiu	目睭	taihoa:2072
poj	ba̍k-chiu-jîn	目睭仁	taihoa:2090
poj	ba̍k-chiu-phôe	目睭皮	taihoa:2104
poj	ba̍k-chúi	墨水	taihoa:2115
poj	ba̍k-io̍h	目藥	taihoa:2134
poj	ba̍k-iû	目油	taihoa:2135
poj	ba̍k-kang	木工	itaigi:11834
poj	ba̍k-khang-chhiah	目空赤	itaigi:13853
poj	ba̍k-khóng	目孔	itaigi:17318
poj	ba̍k-kia̍h	木屐	itaigi:1554
poj	ba̍k-kiàⁿ	目鏡	taihoa:2162
poj	ba̍k-sek	目識	itaigi:3372
poj	ba̍k-sái	目屎	taihoa:2202
poj	ba̍k-sái-ko	目屎膏	taihoa:2206
poj	ba̍k-sîn sio-phah-tiān	目神相拍電	itaigi:12346
poj	ba̍k-thâu chi̍t-ē kat	目頭一下結	itaigi:787
poj	ba̍k-thâu kat	目頭結	itaigi:351
poj	ba̍k-thâu-khiáu	目頭巧	itaigi:17958
poj	ba̍k-tē	目袋	itaigi:6499
poj	ba̍t	密	taihoa:2541
poj	ba̍t-chhùi	密嘴	taihoa:2548
poj	ba̍uh	貿	itaigi:16868
poj	beh hang siáⁿ-mi̍h	欲烘啥物	itaigi:5752
poj	beh kiâⁿ--bô	欲行無	itaigi:2123
poj	beh lo̍h-hō͘	欲落雨	itaigi:896
poj	beh oân--ah	欲完矣	itaigi:1188
poj	beh sio-phah--nih	欲相拍呢	itaigi:1137
poj	beh siōng-pan	欲上班	itaigi:19165
poj	beh án-chóaⁿ	欲按怎	itaigi:1284
poj	beh án-chóaⁿ chāi lí	欲按怎在你	itaigi:6568
poj	beh án-chóaⁿ iōng--ah	欲按怎用啊	itaigi:1821
poj	beh-àm-ah	欲暗矣	itaigi:7908
poj	beh-àm-lo	欲暗囉	itaigi:7895
poj	be̍h-chhân	麥田	itaigi:3961
poj	be̍h-gê	麥芽	itaigi:19748
poj	be̍h-á	麥仔	taihoa:2873
poj	be̍h-á-chiú	麥仔酒	taihoa:2875
poj	be̍h-á-kak	麥仔角	itaigi:17835
poj	be̍k-ai	默哀	itaigi:4260
poj	be̍k-bi̍t-koân	默密權	itaigi:17397
poj	be̍k-tong-lô	麥當勞	itaigi:17581
poj	bi-lóng-koe	美濃瓜	itaigi:5867
poj	bia̍t	滅	taihoa:3279
poj	bia̍t-bông	滅亡	taihoa:3281
poj	bih	覕	itaigi:4799
poj	bián	免	taihoa:3218
poj	bián kheh-khì	免客氣	itaigi:282
poj	bián kóng mā chai	免講嘛知	itaigi:10081
poj	bián sè-jī	免細膩	itaigi:16630
poj	bián-chit	免職	taihoa:3227
poj	bián-e̍k hē-thóng	免疫系統	itaigi:6541
poj	bián-kheh-khì	別客氣	itaigi:6786
poj	bián-lē	勉勵	taihoa:3248
poj	bián-mūi mā-chai	免問嘛知	itaigi:10273
poj	bián-siah-iân-pit	免削鉛筆	itaigi:14587
poj	bián-sòe-phín	免稅品	itaigi:1704
poj	biâu-soat	描說	itaigi:19767
poj	bió	秒	taihoa:3565
poj	biô	描	taihoa:3568
poj	biān-bo̍k	面目	taihoa:3274
poj	biān-chú	面子	taihoa:3276
poj	biō	廟	taihoa:3569
poj	biō--lí	廟裡	itaigi:2091
poj	biō-kong	廟公	itaigi:14716
poj	biō-sī	廟寺	itaigi:17673
poj	bi̍t	密	taihoa:3577
poj	bi̍t-bé hòe-pè	密碼貨幣	itaigi:3608
poj	bi̍t-bé-chîⁿ	密碼錢	itaigi:3722
poj	bi̍t-bé-hòe-pè	密碼貨幣	itaigi:15040
poj	bi̍t-chhú-lí	蜜處理	itaigi:13484
poj	bi̍t-chiap	密接	itaigi:19347
poj	bi̍t-chìm	蜜浸	itaigi:18528
poj	bi̍t-goa̍t	蜜月	taihoa:3586
poj	bi̍t-hō	密號	itaigi:15135
poj	bi̍t-kò	密告	taihoa:3591
poj	bi̍t-phang	蜜蜂	taihoa:3596
poj	bi̍t-phang-o͘-liông	蜜芳烏龍	itaigi:6333
poj	bi̍t-pô	密婆	itaigi:715
poj	bi̍t-tâm	密談	taihoa:3605
poj	boah	抹	taihoa:4410
poj	boah-hún	抹粉	itaigi:4753
poj	boah-phìⁿ	抹片	itaigi:14367
poj	boah-piah siang-bīn kng	抹壁雙面光	itaigi:8821
poj	boat-tê	抹茶	itaigi:7038
poj	boa̍h-boa̍h	末末	itaigi:13135
poj	boe̍h-á	襪仔	taihoa:4616
poj	bong	摸	taihoa:4746
poj	bong pak-tó͘	摸腹肚	itaigi:1329
poj	bong-khòng	摸控	itaigi:1018
poj	boán tē kim-chîⁿ	滿地金錢	itaigi:9661
poj	boán-chiok	滿足	taihoa:4434
poj	bo̍k-biân-hoa	木棉花	itaigi:13574
poj	bo̍k-bêng-kî-miāu	莫名其妙	itaigi:6320
poj	bo̍k-châi	木材	taihoa:4672
poj	bo̍k-koe	木瓜	taihoa:4703
poj	bo̍k-koe-gû-leng	木瓜牛奶	itaigi:13878
poj	bo̍k-koe-leng	木瓜奶	itaigi:19465
poj	bo̍k-lân-tî	木蘭池	itaigi:15087
poj	bo̍k-nái-i	木乃伊	itaigi:12907
poj	bo̍k-ní	莫耳	itaigi:1297
poj	bo̍k-su	牧師	taihoa:4738
poj	bo̍k-tiûⁿ	牧場	taihoa:4745
poj	bu̍t-chit	物質	taihoa:5226
poj	bu̍t-chu	物資	taihoa:5227
poj	bu̍t-chè-bāng-lō͘	物際網路	itaigi:16954
poj	bu̍t-kè	物價	taihoa:5229
poj	bu̍t-liân-bāng	物聯網	itaigi:16953
poj	bu̍t-liû	物流	itaigi:17731
poj	bu̍t-lí	物理	taihoa:5233
poj	bu̍t-lí hòa-ha̍k	物理化學	itaigi:7403
poj	bu̍t-lí tī-liâu-su	物理治療師	itaigi:2874
poj	bu̍t-lí-tī-liâu	物理治療	itaigi:13308
poj	bu̍t-sek	物色	taihoa:5239
poj	bá-suh	巴士	itaigi:14832
poj	bái	寐	taihoa:1985
poj	bán	挽	itaigi:14006
poj	bán chháu	挽草	itaigi:14418
poj	bán io̍h-chháu	挽藥草	itaigi:3275
poj	bán-chhài	挽菜	itaigi:2355
poj	bán-chháu	挽草	itaigi:4694
poj	bán-io̍h	挽藥	itaigi:14407
poj	bán-kin	挽筋	itaigi:14081
poj	báng	蚊	taihoa:2448
poj	báng-bui	蚊微	taihoa:2462
poj	báng-tà	蚊罩	taihoa:2470
poj	báng-tàu	蠓罩	taihoa:2472
poj	báng-á	蚊仔	taihoa:2454
poj	báng-á-chúi	蚊仔水	taihoa:2455
poj	bâ	麻	taihoa:1815
poj	bâ-bū-kng	貓霧光	itaigi:14554
poj	bâ-bū-á-kng	貓霧仔光	itaigi:14256
poj	bâ-chùi-kho	麻醉科	itaigi:13055
poj	bâ-io̍h	麻藥	taihoa:1857
poj	bâ-loa̍h	麻辣	itaigi:3968
poj	bâi-boa̍t	埋沒	itaigi:14753
poj	bâi-pit	眉筆	itaigi:12323
poj	bân	蠻	taihoa:2308
poj	bân-lâm-lâng	閩南人	itaigi:12074
poj	bé	馬	taihoa:2595
poj	bé chhài	買菜	itaigi:994
poj	bé-bē	買賣	taihoa:2604
poj	bé-chháu	馬草	itaigi:17182
poj	bé-chiá	買者	itaigi:16717
poj	bé-cháu-pio	馬走標	itaigi:17575
poj	bé-khang	買空	itaigi:12062
poj	bé-kha̍h-liông	馬卡龍	itaigi:11051
poj	bé-káu-khîm	馬狗琴	itaigi:17089
poj	bé-nn̄g	馬卵	itaigi:7132
poj	bé-thâu	碼頭	itaigi:7618
poj	bé-tiâu	馬椆	taihoa:2723
poj	bé-tê-hoe	馬茶花	itaigi:9839
poj	béng	猛	taihoa:2892
poj	béng-po̍k	猛爆	itaigi:1798
poj	béng-siù	猛獸	taihoa:2909
poj	bê	迷	itaigi:1813
poj	bê-chiòng	迷眾	itaigi:12347
poj	bê-chiòng-ia̍h	迷眾頁	itaigi:13473
poj	bê-in	迷因	itaigi:13370
poj	bê-le̍k	迷力	itaigi:17549
poj	bê-sìn	迷信	taihoa:2749
poj	bêng á āu--ji̍t	明仔後日	itaigi:9408
poj	bêng-bêng	明明	taihoa:2913
poj	bêng-bêng chai-iáⁿ	明明知影	itaigi:10927
poj	bêng-ho͘-bêng-chhiàng	明呼明唱	itaigi:18637
poj	bêng-jîn-tông	名人堂	itaigi:2019
poj	bêng-kî	明其	itaigi:19049
poj	bêng-pe̍k	明白	taihoa:2995
poj	bêng-phìⁿ	名片	taihoa:2999
poj	bêng-thian	明天	itaigi:11501
poj	bêng-thé	明體	itaigi:12153
poj	bêng-ti-kò͘-būn	明知故問	itaigi:4248
poj	bí	米	taihoa:3035
poj	bí-boán	美滿	taihoa:3045
poj	bí-chhau	美鈔	taihoa:3048
poj	bí-chin	米升	itaigi:13271
poj	bí-hoeh	米血	itaigi:7102
poj	bí-iông-īⁿ	美容院	taihoa:3072
poj	bí-jîn	美人	taihoa:3074
poj	bí-jîn-hî	美人魚	itaigi:7321
poj	bí-kang-to	美工刀	itaigi:1495
poj	bí-kok	米國	itaigi:17996
poj	bí-kok koah-pau-tiàm	美國割包店	itaigi:720
poj	bí-kó	米果	itaigi:1060
poj	bí-lí koe	美女瓜	itaigi:2087
poj	bí-lē	美麗	taihoa:3107
poj	bí-móa	美滿	taihoa:3118
poj	bí-seh	米雪	itaigi:19753
poj	bí-su̍t	美術	taihoa:3135
poj	bí-su̍t-to	美術刀	itaigi:18897
poj	bí-tē	米袋	itaigi:6934
poj	bín	抿	taihoa:3346
poj	bín-kám	敏感	itaigi:4595
poj	bín-á	抿仔	taihoa:3349
poj	bî	微	taihoa:3157
poj	bî-bî-á-kng	微微仔光	itaigi:14255
poj	bî-chek-hun	微積分	itaigi:6398
poj	bî-chhòng	微創	itaigi:3607
poj	bî-chún-chún	微準準	itaigi:19768
poj	bî-hun	微分	itaigi:7405
poj	bî-tiān-iáⁿ	微電影	itaigi:6869
poj	bî-tiān-náu	微電腦	itaigi:801
poj	bîn-bîn	眠眠	taihoa:3370
poj	bîn-bāng	眠夢	itaigi:7287
poj	bîn-bōng	民望	taihoa:3371
poj	bîn-chhn̂g	眠床	taihoa:3375
poj	bîn-chhn̂g-té	眠床底	itaigi:7292
poj	bîn-chhùi	民粹	itaigi:7396
poj	bîn-chiòng	民眾	taihoa:3385
poj	bîn-cho̍k	民族	taihoa:3388
poj	bîn-cho̍k-chú-gī	民族主義	itaigi:7379
poj	bîn-lo-āu-ji̍t	明仔後日	itaigi:7870
poj	bîn-siok	民宿	itaigi:11028
poj	bîn-sok	民宿	itaigi:10978
poj	bîn-soán	民選	taihoa:3420
poj	bîn-ì	民意	taihoa:3398
poj	bîn-āu-ji̍t	明後日	itaigi:7871
poj	bó	母	taihoa:3608
poj	bó-chhin	母親	taihoa:3617
poj	bó-sin-to̍k-sin	母身獨身	itaigi:13153
poj	bóe	尾	taihoa:4472
poj	bóe-chhiú	尾手	itaigi:7852
poj	bóe-chiap	尾接	itaigi:4145
poj	bóe-cháiⁿ-á	尾指仔	itaigi:11729
poj	bóe-chéng-cháiⁿ	尾指指	itaigi:9660
poj	bóe-chéng-cháiⁿ-á	尾指指仔	itaigi:11731
poj	bóe-hō	尾號	itaigi:6298
poj	bóe-sûi	尾隨	itaigi:3273
poj	bóe-àm-má	尾暗矣	itaigi:2173
poj	bóe-àm-á	尾暗仔	itaigi:7896
poj	bóe-àm-á-sî	尾暗仔時	itaigi:7909
poj	bóe-á	尾仔	itaigi:7862
poj	bóe-á sǹg--lâi	尾仔算來	itaigi:5948
poj	bóe-á-cháiⁿ	尾仔指	itaigi:11733
poj	bó̤-kháu	尾口	itaigi:17878
poj	bó͘	某	taihoa:4889
poj	bô	無	taihoa:3664
poj	bô būn-tê	無問題	itaigi:1031
poj	bô cheng-sîn	無精神	itaigi:1748
poj	bô chhin-chhiūⁿ khoán	無親像款	itaigi:10397
poj	bô chhut-mn̂g	無出門	itaigi:4705
poj	bô chhái kang	無采工	itaigi:14714
poj	bô chhîⁿ	無錢	itaigi:6622
poj	bô chio	無招	itaigi:16433
poj	bô chiàu chú-ngó͘	無照子午	itaigi:10185
poj	bô chi̍t-lō͘ tn̂g	無一路長	itaigi:8399
poj	bô chi̍t-pō͘ chhú	無一步取	itaigi:8389
poj	bô chi̍t-tn̂g khó-chhú	無一長可取	itaigi:8388
poj	bô chi̍t-tè hó	無一塊好	itaigi:5810
poj	bô chi̍t-ē tio̍h	無一下著	itaigi:8406
poj	bô chîⁿ	無錢	itaigi:5806
poj	bô chún-sǹg	無準算	itaigi:2279
poj	bô chām-chat	無站節	itaigi:10168
poj	bô giàn	無癮	itaigi:4385
poj	bô gû sái-bé	無牛駛馬	itaigi:17482
poj	bô ha̍h sin-hūn	無合身份	itaigi:9971
poj	bô hiâm tio̍h bôa	無嫌著磨	itaigi:10466
poj	bô hèng-chhù	無興趣	itaigi:13156
poj	bô hó-siaⁿ thâu	無好聲頭	itaigi:10443
poj	bô hān-tiāⁿ	無限定	itaigi:3229
poj	bô jīn-hūn	無認份	itaigi:9998
poj	bô khui-mn̂g	無開門	itaigi:6554
poj	bô khòaⁿ--tio̍h	無看著	itaigi:1164
poj	bô kiù--ah	無救矣	itaigi:6950
poj	bô ki̍p-keh	無及格	itaigi:8131
poj	bô koh-iūⁿ	無各樣	itaigi:7027
poj	bô kāng-khoán	無仝款	itaigi:17806
poj	bô lio̍k-chúi-chîⁿ	無陸水錢	itaigi:10384
poj	bô lio̍k-súi-chîⁿ	無陸水錢	itaigi:10313
poj	bô liáu-kái	無了解	itaigi:1166
poj	bô loān kún-chhiò	無亂滾笑	itaigi:10218
poj	bô móa-ì	無滿意	itaigi:6576
poj	bô phah-chheⁿ-kiaⁿ	無拍生驚	itaigi:10271
poj	bô phah-sùiⁿ	無拍算	itaigi:10398
poj	bô siú pún-hūn	無守本份	itaigi:9997
poj	bô sî bô hāu	無時無候	itaigi:10097
poj	bô sî-kan	無時間	itaigi:4701
poj	bô ta̍t-chîⁿ	無值錢	itaigi:9670
poj	bô thé bô thóng	無體無統	itaigi:10052
poj	bô tit bô tiāⁿ	無得無定	itaigi:10005
poj	bô tit tiāⁿ	無得定	itaigi:10004
poj	bô tùi-tâng	無對同	itaigi:4139
poj	bô tē-jī -kù ōe	無第二句話	itaigi:8578
poj	bô tī--leh	無佇咧	itaigi:11799
poj	bô tī-tāi	無底代	itaigi:10212
poj	bô tō-tek chîⁿ	無道德錢	itaigi:10385
poj	bô tōa-sè-ba̍k	無大細目	itaigi:8424
poj	bô ài koh-chài	無愛閣再	itaigi:4342
poj	bô ōe kóng	無話講	itaigi:1950
poj	bô- chām-bô-chat	無站無節	itaigi:10167
poj	bô- hē-bô-lo̍h	無下無落	itaigi:10230
poj	bô- tiuⁿ-bô-tî	無張無持	itaigi:10117
poj	bô--ah	無矣	itaigi:7091
poj	bô--khì	無去	taihoa:3947
poj	bô--khì ah	無去矣	itaigi:11807
poj	bô-ba̍k-chí	無目子	itaigi:2252
poj	bô-bêng-bô-lóng	無明無朗	itaigi:10302
poj	bô-bóe-niáu-chhí	無尾鳥鼠	itaigi:5941
poj	bô-chai-chèng-bêng	無知證明	itaigi:3392
poj	bô-cheng-chhái	無精彩	itaigi:12675
poj	bô-chheng-bô-chhó	無清無楚	itaigi:4376
poj	bô-chhái	無采	taihoa:3711
poj	bô-chhái-kang	無彩工	itaigi:5811
poj	bô-chhùi-chúi	無嘴水	taihoa:3734
poj	bô-chhûn āu-pō͘	無存後步	itaigi:10250
poj	bô-chhēng-ê	無穿鞋	itaigi:17310
poj	bô-chiūⁿ-ba̍k	無上目	itaigi:14768
poj	bô-chi̍t-tè-hó	無一塊好	itaigi:2613
poj	bô-chá-bô-àm	無早無暗	itaigi:9903
poj	bô-chîⁿ kóng bô-ōe	無錢講無話	itaigi:8725
poj	bô-chām-bô-chat	無站無節	itaigi:10295
poj	bô-chū-iû tan-jī-goân	無自由單字元	itaigi:3691
poj	bô-ha̍h sî-ki	無合時機	itaigi:9975
poj	bô-hioh	無歇	itaigi:19152
poj	bô-hoat-tō͘	無法度	itaigi:6132
poj	bô-hun-bô-hōe	無分無會	itaigi:9899
poj	bô-hāu	無效	itaigi:1695
poj	bô-hē-bô-lo̍h	無下無落	itaigi:10293
poj	bô-iàu-ì	無要意	itaigi:5923
poj	bô-iáⁿ	無影	taihoa:3861
poj	bô-iáⁿ-bô-chiah	無影無跡	itaigi:9506
poj	bô-iáⁿ-bô-chi̍t-chiah	無影無一隻	itaigi:17566
poj	bô-iáⁿ-tāi	無影代	itaigi:9593
poj	bô-iáⁿ-ōe	無影話	itaigi:11447
poj	bô-iân bô-kò͘	無緣無故	itaigi:11169
poj	bô-iân khì-iû	無鉛汽油	itaigi:1983
poj	bô-khòaⁿ--ê hó-liáu-liáu	無看的好了了	itaigi:4208
poj	bô-khó-lêng	無可能	itaigi:6897
poj	bô-khùi	無氣	itaigi:5977
poj	bô-kiaⁿ-bô-loān	無驚無亂	itaigi:3400
poj	bô-koán-bô-chhap	無管無插	itaigi:10410
poj	bô-kàu thé-la̍t	無夠體力	itaigi:4700
poj	bô-káⁿ-tēng	無敢定	itaigi:7955
poj	bô-kì-tî-chèng	無記持症	itaigi:18683
poj	bô-kāng-khoán	無共款	taihoa:3913
poj	bô-liap	無攝	itaigi:10108
poj	bô-lâng	無人	itaigi:1888
poj	bô-lâng-gîn-hâng	無人銀行	itaigi:16891
poj	bô-lām	無濫	itaigi:18678
poj	bô-lām-bô-lām	無濫無濫	itaigi:18679
poj	bô-lōa-kú	無偌久	taihoa:4036
poj	bô-lō͘-sái	無路使	itaigi:18713
poj	bô-miâ	無名	itaigi:11727
poj	bô-miâ bô-siaⁿ	無名無聲	itaigi:2548
poj	bô-miâ-hòa	無名化	itaigi:16945
poj	bô-miâ-sin-seⁿ	無名先生	itaigi:11900
poj	bô-niú-bô-siūⁿ	無兩無想	itaigi:10278
poj	bô-nāi	無奈	itaigi:11242
poj	bô-phah-sùiⁿ	無拍算	itaigi:10247
poj	bô-phín	無品	itaigi:18896
poj	bô-pâi-i-seng	無牌醫生	itaigi:2455
poj	bô-saⁿ-bô-nn̄g	無三無兩	itaigi:10280
poj	bô-siaⁿ-bô-seh	無聲無說	itaigi:10272
poj	bô-sim-koaⁿ-chèng	無心肝症	itaigi:18680
poj	bô-siáⁿ-mi̍h	無啥物	itaigi:5479
poj	bô-siūⁿ-beh	無想欲	itaigi:1654
poj	bô-siūⁿ-tio̍h	無想著	itaigi:10246
poj	bô-si̍t-io̍k-chèng	無食欲症	itaigi:17527
poj	bô-soa-bô-sap	無沙無圾	itaigi:8442
poj	bô-su bô-iâⁿ	無輸無贏	itaigi:9907
poj	bô-su-bô-iâⁿ	無輸無贏	itaigi:10210
poj	bô-sè	無勢	itaigi:3859
poj	bô-sêng thé-thóng	無成體統	itaigi:10051
poj	bô-sù-siông	無四常	itaigi:19081
poj	bô-sùiⁿ-pái	無算擺	itaigi:10228
poj	bô-teh-nńg	無塊軟	itaigi:9952
poj	bô-tek-khak	無的確	itaigi:7030
poj	bô-thang	無通	itaigi:7969
poj	bô-thau-bô-lāu	無偷無漏	itaigi:10266
poj	bô-thâu-sîn	無頭神	itaigi:6738
poj	bô-thâu-sîn-chèng	無頭神證	itaigi:18682
poj	bô-tiong-sim-hòa	無中心化	itaigi:17543
poj	bô-tiuⁿ-bô-tî	無張無持	itaigi:9894
poj	bô-tiâu	無牢	itaigi:11791
poj	bô-tiān	無電	itaigi:16068
poj	bô-tiāⁿ-tio̍h	無定著	itaigi:17827
poj	bô-tiāⁿ-tio̍h sî-kan	無定著時間	itaigi:10096
poj	bô-tá-bô-sáⁿ	無打無啥	itaigi:3258
poj	bô-têng-sûn	無重巡	itaigi:15391
poj	bô-tāi-bô-chì	無代無誌	itaigi:1367
poj	bô-tāng-bô-tio̍h	無動無著	itaigi:10270
poj	bô-êng	無閒	itaigi:6129
poj	bô-êng-chhì-chhì	無閒刺刺	itaigi:4487
poj	bô-ì bô-ì	無意無意	itaigi:3424
poj	bô-ì-sîn	無意神	itaigi:13154
poj	bô-ì-tiong-o̍h	無意中學	itaigi:4174
poj	bô-ún-sī	無穩是	itaigi:3850
poj	bô-ōe-bô-kù	無話無句	itaigi:10380
poj	bô-ōe-kóng	無話講	itaigi:7121
poj	bôa	覓	itaigi:16773
poj	bôa-hún	磨粉	itaigi:13890
poj	bôa-kiàⁿ--ê	磨鏡的	itaigi:7058
poj	bôa-lo̍k	磨碌	itaigi:17768
poj	bôa-tāu-á-ki	磨豆仔機	itaigi:13143
poj	bôe-á	梅仔	taihoa:4592
poj	bông	亡	taihoa:4789
poj	bông-bông	茫茫	taihoa:4798
poj	bông-bēng thian-gâi	亡命天涯	itaigi:11224
poj	bông-bū	茫霧	itaigi:2841
poj	bông-ian-sàn-bū	茫煙散霧	itaigi:17571
poj	bông-kok lô͘	亡國奴	itaigi:9095
poj	bông-tn̂g	盲腸	taihoa:4835
poj	bô̤-koan-hē	無關係	itaigi:16739
poj	bô̤-á-kín	無要緊	itaigi:16740
poj	bô͘-gí-khí-pôaⁿ	模擬齒盤	itaigi:3767
poj	bô͘-hoān	模範	taihoa:4933
poj	bô͘-á	模仔	itaigi:6018
poj	bú	舞	taihoa:4973
poj	bú hāi--khì	舞害去	itaigi:4327
poj	bú tōa-ki koan-to	舞大支關刀	itaigi:9514
poj	bú-chheng	武青	itaigi:12304
poj	bú-chhin-cheh	母親節	itaigi:3054
poj	bú-chhin-cheh khoài-lo̍k	母親節快樂	itaigi:3055
poj	bú-chiá	舞者	itaigi:10993
poj	bú-chong	武裝	taihoa:4983
poj	bú-gē	武藝	taihoa:4984
poj	bú-jio̍k	侮辱	taihoa:4989
poj	bú-khì	武器	taihoa:4991
poj	bú-kéng	武警	itaigi:12878
poj	bú-leng	母奶	itaigi:11265
poj	bú-le̍k	武力	taihoa:5002
poj	bú-lêng	武凌	itaigi:5881
poj	bú-lí	武理	itaigi:6767
poj	bú-pō͘	舞步	itaigi:1214
poj	bú-siáⁿ	舞啥	itaigi:6455
poj	bú-thng	母湯	itaigi:17825
poj	bú-tâi	舞台	taihoa:5018
poj	bû-bêng-sī	無名氏	itaigi:15370
poj	bû-hoa-kó	無花果	taihoa:5040
poj	bû-i	巫醫	itaigi:7160
poj	bû-iáⁿ-bû-chiah	無影無隻	itaigi:17567
poj	bû-jîn-ki	無人機	itaigi:12431
poj	bû-khe-chi-tâm	無稽之談	itaigi:17453
poj	bû-khó bû put-khó	無可無不可	itaigi:10382
poj	bû-ki hòa-ha̍k	無機化學	itaigi:8784
poj	bû-ki hòa-ha̍p-bu̍t	無機化合物	itaigi:2458
poj	bû-sîn-lūn	無神論	itaigi:8795
poj	bû-sún kiám-chhek	無損檢測	itaigi:8160
poj	bû-te̍k	無敵	itaigi:1497
poj	bû-ti	無知	itaigi:7323
poj	bû-ì-sek	無意識	itaigi:1024
poj	bûn-bêng	文明	taihoa:5117
poj	bûn-bú siang-châi	文武雙才	itaigi:10563
poj	bûn-chheng	文青	itaigi:6330
poj	bûn-chhòng	文創	itaigi:489
poj	bûn-chiuⁿ	文章	taihoa:5131
poj	bûn-giân-bûn	文言文	itaigi:8787
poj	bûn-gē-chheng-liân	文藝青年	itaigi:6331
poj	bûn-ha̍k	文學	taihoa:5140
poj	bûn-hoat	文法	taihoa:5148
poj	bûn-hong-phò-tám	聞風破膽	itaigi:17376
poj	bûn-hòa	文化	taihoa:5145
poj	bûn-jîn ngá-sū	文人雅士	itaigi:8312
poj	bûn-jī-ga̍k	文字獄	itaigi:15076
poj	bûn-kho	文科	taihoa:5162
poj	bûn-khò͘	文庫	itaigi:19399
poj	bûn-kong-chhioh	文光尺	itaigi:16019
poj	bûn-kū tiàm	文具店	itaigi:12924
poj	bûn-pan	紋斑	itaigi:12921
poj	bûn-phài	門派	itaigi:1583
poj	bûn-pún	文本	itaigi:7064
poj	bûn-siá-kó	文寫稿	itaigi:4547
poj	bûn-tho̍k	文讀	itaigi:10992
poj	bā	碼	taihoa:1882
poj	bā-ko̤e-á	覓雞仔	itaigi:16769
poj	bā-tah bā-tah	覓搭覓搭	itaigi:14713
poj	bāi	覓	taihoa:2000
poj	bān	萬	taihoa:2323
poj	bān to chhùi koah	萬刀碎割	itaigi:9096
poj	bān tô hoe	蔓桃花	itaigi:9405
poj	bān-bān put-khó	萬萬不可	itaigi:9127
poj	bān-chhia	慢車	itaigi:11481
poj	bān-chhiáⁿ-sī	慢且是	itaigi:14973
poj	bān-hun lîm-kip	萬分臨急	itaigi:8858
poj	bān-it	萬一	taihoa:2361
poj	bān-liân-pit	萬年筆	taihoa:2379
poj	bān-mi̍h	萬物	itaigi:17334
poj	bān-nî kiú-oán	萬年久遠	itaigi:10751
poj	bān-pho	萬波	itaigi:3682
poj	bān-siū-bû-kiong	萬壽無疆	itaigi:4692
poj	bān-sok iá-kiû	慢速野球	itaigi:10981
poj	bān-sū jû-ì	萬事如意	itaigi:18948
poj	bān-sū sià-lo̍h tōa-hái	萬事卸落大海	itaigi:8032
poj	bān-tiám	慢點	itaigi:11479
poj	bāng	網	taihoa:2489
poj	bāng-chhiⁿ	網星	itaigi:7320
poj	bāng-chhèng	網衝	itaigi:7313
poj	bāng-chèng	網衝	itaigi:7319
poj	bāng-chì	網誌	itaigi:17942
poj	bāng-goe̍h-chiam-chheⁿ	望月占星	itaigi:10885
poj	bāng-hông	網紅	itaigi:7312
poj	bāng-ia̍h siat-kè	網頁設計	itaigi:557
poj	bāng-kiû	網球	taihoa:2506
poj	bāng-kun	網軍	itaigi:5892
poj	bāng-kìⁿ	夢見	taihoa:2505
poj	bāng-kî-hāng-pōe	望其項背	itaigi:6598
poj	bāng-le	網絡	itaigi:11283
poj	bāng-liān	網鍊	itaigi:2369
poj	bāng-lō͘ kàu-ha̍k	網路教學	itaigi:19556
poj	bāng-lō͘-khah	網路卡	itaigi:19598
poj	bāng-lō͘-o̍h	網路學	itaigi:19655
poj	bāng-lō͘-âng	網路紅	itaigi:7349
poj	bāng-lō͘-âng-lâng	網路紅人	itaigi:6343
poj	bāng-me̍h	網脈	itaigi:4787
poj	bāng-se	網紗	itaigi:5974
poj	bāng-sióng	夢想	itaigi:1264
poj	bāng-siā-á	網社仔	itaigi:18518
poj	bāng-tiám	網點	itaigi:12828
poj	bāng-téng	網頂	itaigi:15231
poj	bāng-téng kàu-ha̍k	網頂教學	itaigi:19557
poj	bāng-téng tiān-tōng	網頂電動	itaigi:3420
poj	bāng-á	網仔	taihoa:2491
poj	bāng-á-koe	網仔瓜	itaigi:2335
poj	bāng-á-mn̂g	網仔門	taihoa:2492
poj	bē	賣	taihoa:2755
poj	bē-chhài--ê	賣菜的	itaigi:3238
poj	bē-chiá	賣者	itaigi:16720
poj	bē-kàu	未到	itaigi:7970
poj	bē-phiò-ki	賣票機	itaigi:4538
poj	bē-tàng	袂當	itaigi:9915
poj	bēng	命	taihoa:3025
poj	bēng-lēng	命令	taihoa:3031
poj	bī	味	taihoa:3182
poj	bī-hun-hu	未婚夫	itaigi:4617
poj	bī-lâi-sek	未來式	itaigi:17103
poj	bīn	面	taihoa:3426
poj	bīn chhàu-chhàu	面臭臭	itaigi:6125
poj	bīn chiok chhàu	面足臭	itaigi:1325
poj	bīn-chheh	面冊	itaigi:429
poj	bīn-chhiuⁿ	面腔	itaigi:10533
poj	bīn-chú	面子	taihoa:3465
poj	bīn-iu-bīn-kat	面憂面結	itaigi:2607
poj	bīn-kin	面巾	taihoa:3497
poj	bīn-kô͘	面糊	itaigi:15968
poj	bīn-phè	面帕	itaigi:15967
poj	bīn-phó͘	面譜	itaigi:13948
poj	bīn-phôe-kāu-kāu	面皮厚厚	itaigi:14585
poj	bīn-piah su-kò	面壁思過	itaigi:4748
poj	bīn-pò͘	面布	taihoa:3520
poj	bīn-sek	面色	taihoa:3525
poj	bīn-sek pe̍h-si	面色白屍	itaigi:196
poj	bīn-siān	面善	itaigi:4122
poj	bīn-tháng	面桶	taihoa:3549
poj	bō-á	磨仔	taihoa:4375
poj	bōe	未	taihoa:4594
poj	bōe-chhài--ê	賣菜的	itaigi:14293
poj	bōe-phok-ké-phok	未博假博	itaigi:10434
poj	bōng	墓	itaigi:11812
poj	bōng-gán-kiàⁿ	望眼鏡	itaigi:12103
poj	bōng-kheⁿ-chiáu	墓坑鳥	itaigi:11483
poj	bōng-pâi-khí	墓牌齒	itaigi:11676
poj	bōng-siat	夢洩	taihoa:4864
poj	bōng-un-pōe-gī	忘恩背義	itaigi:12289
poj	bō͘-chi̍p	募集	taihoa:4956
poj	bō͘-e̍k	貿易	taihoa:4957
poj	bō͘-hú	幕府	itaigi:8183
poj	bō͘-khoán	募款	itaigi:17022
poj	bō͘-koan	募捐	taihoa:4964
poj	bū	霧	itaigi:7754
poj	bū-bū	霧霧	itaigi:11953
poj	bū-pho	霧泡	itaigi:7577
poj	bū-sà-sà	霧煞煞	taihoa:5088
poj	būn-būn-put-lo̍k	悶悶不樂	itaigi:11611
poj	būn-pn̄g	悶飯	itaigi:520
poj	būn-tap	問答	taihoa:5216
poj	būn-tê	問題	taihoa:5217
poj	būn-tô͘	問徒	itaigi:12247
poj	cha	查	taihoa:5242
poj	cha hō͘-kháu	查戶口	itaigi:4559
poj	cha-bó͘	查某	taihoa:5312
poj	cha-bó͘ ián-oân	查某演員	itaigi:8139
poj	cha-bó͘ kúi-á	查某鬼仔	itaigi:9067
poj	cha-bó͘ pêng-iú	查某朋友	itaigi:9579
poj	cha-bó͘-hō͘	查某雨	itaigi:7506
poj	cha-bó͘-kúi á	查某鬼仔	itaigi:9658
poj	cha-bó͘-kúi-á	查某鬼仔	itaigi:9605
poj	cha-bó͘-lí-á	查某李仔	itaigi:6827
poj	cha-bó͘-po͘	查某埔	itaigi:4160
poj	cha-hng	昨昏	taihoa:5399
poj	cha-huiⁿ	昨昏	itaigi:11502
poj	cha-ji̍t	昨日	taihoa:5697
poj	cha-po͘ ián-oân	查埔演員	itaigi:8141
poj	cha-po͘--ê	查埔的	itaigi:1093
poj	chah	扎	taihoa:5357
poj	chah-cháu	紮走	itaigi:13159
poj	chah-sin-ji̍p-tiān-a̍p	紮身入電盒	itaigi:111
poj	chai-iáⁿ	知影	taihoa:5631
poj	chai-iáⁿ lah	知影啦	itaigi:2062
poj	chai-lān	災難	taihoa:5656
poj	chai-á	栽仔	itaigi:19245
poj	chat	節	taihoa:6044
poj	chat--chi̍t-ē	節一下	itaigi:4404
poj	chat-la̍t	節力	itaigi:19395
poj	chat-pió-á	節錶仔	itaigi:16413
poj	chat-tiám	節點	itaigi:16334
poj	cha̍h	閘	taihoa:5362
poj	cha̍p chò káu put-sêng	十做九不成	itaigi:2197
poj	cha̍p hun chiàm káu hun káu	十分佔九分九	itaigi:8846
poj	cha̍p saⁿ thiⁿ gōa	十三天外	itaigi:8567
poj	cha̍p tōa kong-lô	十大功勞	itaigi:8845
poj	cha̍p ān káu bô-iáⁿ	十限九無影	itaigi:9215
poj	cha̍p-bū	雜務	taihoa:5924
poj	cha̍p-chhap	雜插	itaigi:15882
poj	cha̍p-chhe kiam koán-ke	雜差兼管家	itaigi:8034
poj	cha̍p-chhe-á	雜差仔	itaigi:11850
poj	cha̍p-chhè-á	雜脆仔	itaigi:18274
poj	cha̍p-chn̂g	十全	itaigi:14510
poj	cha̍p-chéng	雜種	taihoa:5928
poj	cha̍p-chéng-á	雜種仔	itaigi:18718
poj	cha̍p-chê-gō͘-choân	十齊五全	itaigi:8482
poj	cha̍p-chì	雜誌	taihoa:5954
poj	cha̍p-hòe	雜貨	taihoa:5971
poj	cha̍p-hòe-á-tiàm	雜貨仔店	itaigi:11909
poj	cha̍p-hùi	雜費	taihoa:5973
poj	cha̍p-it-hō-á	十一號仔	itaigi:11486
poj	cha̍p-it-ko-á	十一哥仔	itaigi:11590
poj	cha̍p-liām	雜唸	taihoa:5993
poj	cha̍p-sì-chōa-si	十四逝詩	itaigi:13740
poj	cha̍p-thâu	雜頭	itaigi:17814
poj	cha̍p-tōa kong-lô	十大功勞	itaigi:9845
poj	cha̍t	實	taihoa:6049
poj	cha̍t-ba̍k	實目	itaigi:16079
poj	cha̍t-thâu	實頭	itaigi:12133
poj	cha̍t-thâu-cha̍t-náu	實頭實腦	itaigi:15986
poj	cha̍t-thâu-keng	實頭間	itaigi:15988
poj	cha̍t-âu	實喉	itaigi:13904
poj	che	這	taihoa:6344
poj	che ke-mn̄g--ê	這加問的	itaigi:4261
poj	che sī	這是	itaigi:13591
poj	che sī siáⁿ-mi̍h	這是啥物	itaigi:1756
poj	chek-chū	積聚	itaigi:18299
poj	chek-hoa̍t	責罰	taihoa:6576
poj	chek-jīm	責任	taihoa:6579
poj	chek-ke̍k	積極	itaigi:1304
poj	chek-peh a-chí	叔伯阿姊	itaigi:10021
poj	chek-peh a-hiaⁿ	叔伯阿兄	itaigi:7369
poj	chek-peh sió-mōe	叔伯小妹	itaigi:10023
poj	chek-peh sió-tī	叔伯小弟	itaigi:10019
poj	chek-sî	即時	taihoa:6616
poj	chek-sî-thong	即時通	itaigi:249
poj	chek-thé tiān-lō͘	積體電路	itaigi:4582
poj	cheng	爭	taihoa:6674
poj	cheng-chhek-khì	偵測器	itaigi:3377
poj	cheng-chho	貞操	itaigi:15768
poj	cheng-chhùi	精粹	itaigi:16176
poj	cheng-chu	晶珠	itaigi:12191
poj	cheng-hiáng	鐘響	itaigi:19586
poj	cheng-khì	蒸氣	itaigi:7530
poj	cheng-kim	精金	itaigi:15936
poj	cheng-leng-chio̍h	鐘奶石	itaigi:12438
poj	cheng-siaⁿ	鐘聲	itaigi:19585
poj	cheng-soàn-su	精算師	itaigi:16901
poj	cheng-sîn	精神	taihoa:7132
poj	cheng-sîn-pēⁿ-īⁿ	精神病院	itaigi:6957
poj	cheng-sùi	精粹	itaigi:16177
poj	cheng-súi	精粹	itaigi:16178
poj	che̍k-hoān	疾患	itaigi:17829
poj	che̍k-pēⁿ-koán-chè-sú	疾病管制署	itaigi:12943
poj	chha	差	taihoa:7172
poj	chha chi̍t thiⁿ-tē	差一天地	itaigi:10759
poj	chha-chhò	差錯	itaigi:14746
poj	chha-put-to	差不多	taihoa:7915
poj	chha-sio	叉燒	itaigi:295
poj	chhah-chhah-chhah	插插插	itaigi:12960
poj	chhah-chhia	插車	itaigi:15259
poj	chhah-kóng	插管	itaigi:13114
poj	chhah-pit	插筆	itaigi:19290
poj	chhah-tiâu	插條	itaigi:15879
poj	chhai	猜	taihoa:7358
poj	chhak	漆	itaigi:13418
poj	chham	參	taihoa:7634
poj	chham-ka	參加	itaigi:1522
poj	chham-khó	參考	taihoa:7699
poj	chham-khó-su	參考書	taihoa:7700
poj	chham-koan	參觀	taihoa:7701
poj	chham-sài-chiá	參賽者	itaigi:13091
poj	chham-sím-chè	參審制	itaigi:16182
poj	chhang-thâu	蔥頭	taihoa:7864
poj	chhap	插	itaigi:4851
poj	chhap-chhùi	插嘴	taihoa:7893
poj	chhap-lām	插濫	itaigi:15880
poj	chhat	擦	taihoa:7922
poj	chhat-kâu	賊猴	itaigi:18239
poj	chhat-seh	漆刷	itaigi:3507
poj	chhat-á	擦仔	itaigi:12837
poj	chhau	操	itaigi:15763
poj	chhau-chok-hē-thóng	操作系統	itaigi:6354
poj	chhau-khek	操曲	itaigi:15759
poj	chhau-peng	操兵	itaigi:15761
poj	chhau-sim	操心	itaigi:15488
poj	chhau-té	抄底	itaigi:5904
poj	chha̍t khì chiah koaiⁿ-mûi	賊去才關門	itaigi:9094
poj	chha̍t-thau	賊偷	itaigi:19462
poj	chha̍t-thâu	賊頭	itaigi:11487
poj	chha̍t-á-hòe	賊仔貨	itaigi:2693
poj	chha̍t-á-pó	賊仔保	itaigi:19448
poj	chhe	妻	itaigi:13676
poj	chhe-kái	叉改	itaigi:4356
poj	chhe-á-kiû	叉仔球	itaigi:13330
poj	chheh	冊	taihoa:8497
poj	chheh-hêng tiān-náu	冊型電腦	itaigi:98
poj	chheh-ku-á	冊龜仔	itaigi:593
poj	chheh-kè	冊架	taihoa:8512
poj	chheh-tiàm	冊店	taihoa:8546
poj	chheh-tû	冊櫥	taihoa:8547
poj	chhek-chhì	測試	itaigi:619
poj	chhek-á	粟仔	taihoa:8565
poj	chheng	清	itaigi:14008
poj	chheng hō͘ thong	清予通	itaigi:7614
poj	chheng-bêng	清明	itaigi:7912
poj	chheng-bêng-chháu	清明草	itaigi:14030
poj	chheng-chheng-pe̍h-pe̍h	清清白白	itaigi:14693
poj	chheng-chheng-pe̍k-pe̍k	清清白白	itaigi:8361
poj	chheng-chhun-kî	青春期	itaigi:15501
poj	chheng-chhó	清楚	taihoa:8915
poj	chheng-chhó-tō͘	清楚度	itaigi:14507
poj	chheng-chúi	清水	taihoa:8928
poj	chheng-chúi chí peh-bí	清水煮白米	itaigi:8360
poj	chheng-hiu	清休	itaigi:19275
poj	chheng-im	清音	itaigi:16186
poj	chheng-ka-pi	清咖啡	itaigi:14317
poj	chheng-kang-á-chhài	青江仔菜	itaigi:19408
poj	chheng-khì	清氣	itaigi:6332
poj	chheng-khì liu-liu	清氣溜溜	itaigi:8347
poj	chheng-kiat-tūi	清潔隊	itaigi:15102
poj	chheng-mûi-tek-má	青梅竹馬	itaigi:14690
poj	chheng-niáu	青鳥	itaigi:17432
poj	chheng-phiò	千票	itaigi:10995
poj	chheng-thian pe̍h-ji̍t	青天白日	itaigi:9344
poj	chheng-thian-pe̍k-ji̍t	青天白日	itaigi:12303
poj	chheⁿ	生	taihoa:8635
poj	chheⁿ hoe-á-chhài	青花仔菜	itaigi:6574
poj	chheⁿ-chhau	生臊	taihoa:8686
poj	chheⁿ-chhài-chhan	生菜餐	itaigi:14164
poj	chheⁿ-hoe-chhài	青花菜	itaigi:6509
poj	chheⁿ-hē	星系	itaigi:19207
poj	chheⁿ-kâu-hō͘	青猴雨	itaigi:7690
poj	chheⁿ-liông thò͘ -bū	青龍吐霧	itaigi:8566
poj	chheⁿ-léng khí-lâi	生冷起來	itaigi:10333
poj	chheⁿ-mê	青盲	itaigi:12011
poj	chheⁿ-mê-oàn-piah	青盲怨壁	itaigi:11594
poj	chheⁿ-mê-á ba̍k-kiàⁿ	青盲仔目鏡	itaigi:10829
poj	chheⁿ-sek	青色	itaigi:1144
poj	chheⁿ-tō͘-tēng	青杜定	itaigi:19401
poj	chhi	癡	taihoa:9265
poj	chhia	車	taihoa:9478
poj	chhia-bú	車母	itaigi:12109
poj	chhia-chiah	車隻	itaigi:14949
poj	chhia-chúi	車水	itaigi:17322
poj	chhia-chām	車站	itaigi:11975
poj	chhia-chōa	車逝	itaigi:8198
poj	chhia-ke-lō͘	車街路	itaigi:18953
poj	chhia-khò͘	車庫	taihoa:9678
poj	chhia-kòa	車蓋	itaigi:2339
poj	chhia-kó͘	車鼓	itaigi:2751
poj	chhia-lián piáⁿ	車輪餅	itaigi:7325
poj	chhia-lián-kóng-piáⁿ	車輪管餅	itaigi:6338
poj	chhia-pang	車幫	itaigi:8199
poj	chhia-piàⁿ	車拼	taihoa:9951
poj	chhia-poaⁿ-iô-iô	車搬搖搖	itaigi:6853
poj	chhia-toaⁿ	車單	taihoa:10040
poj	chhia-téng-bīn	車頂面	itaigi:2338
poj	chhia-tòng	車擋	itaigi:15776
poj	chhia-tó	推倒	taihoa:10034
poj	chhia-á	車仔	itaigi:13509
poj	chhiah	刺	taihoa:9539
poj	chhiah cha-bó͘	赤查某	itaigi:7456
poj	chhiah-bīn	刺面	itaigi:14012
poj	chhiah-hoeh-kiû	赤血球	itaigi:731
poj	chhiah-ia̍h	刺疫	itaigi:60
poj	chhiah-kúi	赤鬼	taihoa:9614
poj	chhiah-lūn-thô͘	赤潤塗	itaigi:11383
poj	chhiah-sin--ê	赤身的	itaigi:12440
poj	chhiah-sió-tāu	赤小豆	itaigi:1898
poj	chhiah-thé	赤體	itaigi:19441
poj	chhiah-tō	赤道	itaigi:1478
poj	chhiam	簽	taihoa:9704
poj	chhiam-miâ	簽名	taihoa:9727
poj	chhiam-tiâu	簽條	itaigi:19140
poj	chhiam-á	籤仔	itaigi:1558
poj	chhian giân bān gí	千言萬語	itaigi:9103
poj	chhian su bān sióng	千思萬想	itaigi:9115
poj	chhian to bān koah	千刀萬割	itaigi:9097
poj	chhian-bān hù ong	千萬富翁	itaigi:9129
poj	chhian-bān put-khó	千萬不可	itaigi:9126
poj	chhian-chhiu	韆鞦	taihoa:9853
poj	chhian-chin-bān-khak	千真萬確	itaigi:9119
poj	chhian-jîn-kiōng-kiàn	千人共見	itaigi:8847
poj	chhian-pù-bān-nōa	千富萬爛	itaigi:9130
poj	chhian-pún-eng	千本櫻	itaigi:15499
poj	chhiat	切	taihoa:10002
poj	chhiat chhài	切菜	itaigi:14278
poj	chhiat-bu̍t	切勿	itaigi:16254
poj	chhiat-kiat-su	切結書	itaigi:1053
poj	chhiat-pak	切腹	itaigi:13168
poj	chhiat-á-kiû	切仔球	itaigi:13332
poj	chhiau	搜	itaigi:18664
poj	chhiau-bē	超賣	itaigi:12176
poj	chhiau-chhōe	抄找	taihoa:10097
poj	chhiau-hiān-si̍t chú-gī	超現實主義	itaigi:12164
poj	chhiau-im-bi̍t-pô	超音密婆	itaigi:290
poj	chhiau-kip-chhī-tiûⁿ	超級市場	itaigi:103
poj	chhiau-kàⁿ	搜酵	itaigi:15855
poj	chhiau-kòe chi̍t-pà-hun	超過一百分	itaigi:1816
poj	chhiau-liân-kiat	超連結	itaigi:17947
poj	chhiau-lâng-kê	抄人鮭	taihoa:10114
poj	chhiau-lêng-le̍k	超能力	itaigi:1123
poj	chhiau-thô͘	搜塗	itaigi:15854
poj	chhiau-té	搜底	itaigi:6769
poj	chhiau-âng-teng	超紅燈	itaigi:2357
poj	chhim	深	taihoa:10172
poj	chhim-chhim	深深	taihoa:10205
poj	chhim-chiàm	侵佔	taihoa:10210
poj	chhim-chân-ha̍k-si̍p	深層學習	itaigi:16951
poj	chhim-hang	深烘	itaigi:12452
poj	chhim-ha̍k-si̍p	深學習	itaigi:17025
poj	chhim-khoân	侵權	itaigi:13626
poj	chhim-khoân hêng-ûi	侵權行為	itaigi:13625
poj	chhim-mn̂g-ta̍h-hō͘	侵門踏戶	itaigi:2162
poj	chhim-soaⁿ	深山	taihoa:10252
poj	chhim-soaⁿ nâ té	深山林底	itaigi:9799
poj	chhim-soaⁿ nâ-lāi	深山林內	itaigi:9798
poj	chhim-sìn	深信	taihoa:10249
poj	chhim-tō͘ ha̍k-si̍p	深度學習	itaigi:7408
poj	chhim-tō͘-ha̍k-si̍p	深度學習	itaigi:16950
poj	chhin-ba̍k	親目	taihoa:10356
poj	chhin-chhek	親戚	taihoa:10364
poj	chhin-chhiat	親切	taihoa:10368
poj	chhin-chhiūⁿ	親像	itaigi:12957
poj	chhin-chiâⁿ	親情	taihoa:10382
poj	chhin-cho̍k	親族	taihoa:10386
poj	chhin-kò-chōe	親告罪	itaigi:2800
poj	chhin-pit	親筆	taihoa:10410
poj	chhin-sin	親身	taihoa:10413
poj	chhin-tông	親同	itaigi:3727
poj	chhin-ài--ê	親愛的	itaigi:1421
poj	chhioh	尺	taihoa:10492
poj	chhioh-kut	尺骨	itaigi:1486
poj	chhiok-khòng	觸控	itaigi:990
poj	chhiong phòa tōng-tu̍t	衝破撞突	itaigi:4002
poj	chhiong-kong	充公	itaigi:2547
poj	chhiong-koàn kong-lō͘	縱貫公路	itaigi:18305
poj	chhiong-koàn thih-lō͘	縱貫鐵路	itaigi:18304
poj	chhiong-koàn-sòaⁿ	縱貫線	itaigi:4000
poj	chhiong-ní-put-bûn	充耳不聞	itaigi:15794
poj	chhiong-thian-phàu	沖天炮	itaigi:19529
poj	chhiong-tiān-khì	充電器	itaigi:6219
poj	chhiong-âng-teng	衝紅燈	itaigi:12060
poj	chhiong-éng	衝湧	itaigi:969
poj	chhit	七	taihoa:10641
poj	chhit chá peh chá	七早八早	itaigi:9458
poj	chhit kî peh koài	七奇八怪	itaigi:9109
poj	chhit oai peh chhoa̍h	七歪八斜	itaigi:9545
poj	chhit soah peh pāi	七煞八敗	itaigi:8357
poj	chhit ā peh ā	七也八也	itaigi:8119
poj	chhit--á chhiò peh--á	七仔笑八仔	itaigi:855
poj	chhit-chhái-pit	七彩筆	itaigi:17643
poj	chhit-chhòng-peh-chhòng	七創八創	itaigi:8539
poj	chhit-chá-peh-chá	七早八早	itaigi:3240
poj	chhit-chá-poeh-chá	七早八早	itaigi:14292
poj	chhit-goe̍h-bóe	七月尾	itaigi:11558
poj	chhit-goe̍h-pòaⁿ	七月半	itaigi:11556
poj	chhit-hio̍h-lân	七葉蘭	itaigi:14035
poj	chhit-iâ-peh-iâ	七爺八爺	itaigi:8541
poj	chhit-khàu-peh-khàu	七扣八扣	itaigi:8529
poj	chhit-khàu-peh-tû	七扣八除	itaigi:8528
poj	chhit-khí-peh-lo̍h	七起八落	itaigi:9443
poj	chhit-lāu-peh-lāu	七老八老	itaigi:8525
poj	chhit-phak-peh-chhiò	七覆八笑	itaigi:8551
poj	chhit-pìⁿ-peh-pìⁿ	七變八變	itaigi:8540
poj	chhit-sek-tô͘	七色圖	itaigi:17271
poj	chhit-se̍k	七夕	itaigi:11555
poj	chhit-sin bô-kàu sí	七身無夠死	itaigi:10269
poj	chhit-tian-peh-chhiò	七顛八笑	itaigi:8552
poj	chhit-tiám	七點	itaigi:9671
poj	chhit-tàu-peh-tàu	七鬥八鬥	itaigi:8536
poj	chhit-tû-peh-khàu	七除八扣	itaigi:8531
poj	chhit-á-khoe	七仔科	taihoa:10648
poj	chhiu-bō	秋帽	itaigi:18148
poj	chhiu-chaiⁿ	手指	itaigi:14965
poj	chhiu-chhìn	秋凊	itaigi:11348
poj	chhiu-hêng-kun-thâng	秋行軍蟲	itaigi:12432
poj	chhiu-sò	秋燥	itaigi:16172
poj	chhiu-thiⁿ	秋天	taihoa:11191
poj	chhiu-tiân-khián	秋田犬	itaigi:14229
poj	chhiu-āu-joa̍h	秋後熱	itaigi:16173
poj	chhiuⁿ	槍	taihoa:11069
poj	chhiuⁿ-á	鯧仔	taihoa:11180
poj	chhiàng-siaⁿ	唱聲	itaigi:18695
poj	chhiàⁿ	倩	taihoa:9810
poj	chhiám	攕	itaigi:13856
poj	chhián	淺	taihoa:9741
poj	chhián-hang	淺烘	itaigi:12450
poj	chhián-tiong-hang	淺中烘	itaigi:12454
poj	chhián-á-tiáⁿ	淺仔鼎	itaigi:12122
poj	chhiáⁿ	請	taihoa:9742
poj	chhiáⁿ kúi i-pēⁿ	請鬼醫病	itaigi:10873
poj	chhiáⁿ-mn̄g	請問	taihoa:9781
poj	chhiáⁿ-thiap	請帖	taihoa:9800
poj	chhiâ-chōa	斜逝	itaigi:17040
poj	chhiâ-lu̍t	斜率	itaigi:2780
poj	chhiâ-tu-hêng	斜株形	itaigi:13372
poj	chhiân	遷	taihoa:9827
poj	chhiâng-chāi	常在	itaigi:18912
poj	chhiâⁿ-keh	成格	itaigi:16787
poj	chhiâⁿ-kek	成格	itaigi:16727
poj	chhiâⁿ-kông	誠狂	itaigi:6347
poj	chhiò	笑	taihoa:10433
poj	chhiò kah li̍h-sai-sai	笑甲裂獅獅	itaigi:1900
poj	chhiò kah péng--kòe	笑甲反過	itaigi:13799
poj	chhiò--chi̍t-ē	笑一下	itaigi:5970
poj	chhiò--sí	笑死	itaigi:1723
poj	chhiò-chhiò-á-khàu	笑笑仔哭	itaigi:13958
poj	chhiò-khoe	笑詼	taihoa:10458
poj	chhiò-sí-lâng	笑死人	itaigi:2312
poj	chhiò-tāu	笑豆	itaigi:13456
poj	chhiòng-tn̄g-bīn	縱斷面	itaigi:18406
poj	chhiòⁿ-pôaⁿ-ki	唱盤機	itaigi:17091
poj	chhióⁿ-hì	搶戲	itaigi:13965
poj	chhiùⁿ	唱	taihoa:11111
poj	chhiùⁿ-ki	唱機	itaigi:16700
poj	chhiùⁿ-phìⁿ	唱片	taihoa:11118
poj	chhiùⁿ-pôaⁿ-ki	唱盤機	itaigi:17090
poj	chhiú	手	taihoa:10722
poj	chhiú-bong	手摸	itaigi:991
poj	chhiú-chhèng	手銃	taihoa:10758
poj	chhiú-chí	手只	taihoa:10769
poj	chhiú-gē	手藝	itaigi:1689
poj	chhiú-kang	手工	itaigi:16560
poj	chhiú-kang-gia̍p	手工業	taihoa:10809
poj	chhiú-khoân	手環	taihoa:10821
poj	chhiú-khàu	手銬	taihoa:10812
poj	chhiú-khòng	手控	itaigi:6032
poj	chhiú-ki-á la̍p-chîⁿ	手機仔納錢	itaigi:16898
poj	chhiú-ki-á-khak	手機仔殼	itaigi:13794
poj	chhiú-ki-á-tiān-tōng	手機仔電動	itaigi:13935
poj	chhiú-kin	手巾	taihoa:10829
poj	chhiú-ko	手膏	itaigi:14231
poj	chhiú-kut	手骨	taihoa:10842
poj	chhiú-kìm	手禁	itaigi:17167
poj	chhiú-lông	手囊	taihoa:10858
poj	chhiú-oán	手腕	taihoa:10887
poj	chhiú-pit	手筆	taihoa:10901
poj	chhiú-pió	手錶	taihoa:10900
poj	chhiú-sio	手燒	itaigi:4074
poj	chhiú-sio̍k	手續	taihoa:10914
poj	chhiú-su̍t	手術	taihoa:10923
poj	chhiú-sîn-tāng	手神重	itaigi:3938
poj	chhiú-sûi	手隨	itaigi:11758
poj	chhiú-the̍h tiān-náu	手提電腦	itaigi:3794
poj	chhiú-tiān	手電	taihoa:10945
poj	chhiú-tiān-hóe	手電火	itaigi:13883
poj	chhiú-tòng	手擋	itaigi:829
poj	chhiú-tòng-á	手擋仔	itaigi:830
poj	chhiú-tó͘-bah	手肚肉	itaigi:19330
poj	chhiú-tó͘-jîn	手肚仁	itaigi:19329
poj	chhiú-tōaⁿ	手段	itaigi:17128
poj	chhiú-āu-tó͘	手後肚	itaigi:12439
poj	chhiú-ńg	手袂	taihoa:10875
poj	chhiúⁿ	廠	taihoa:11072
poj	chhiúⁿ-chhiú	搶手	itaigi:1335
poj	chhiúⁿ-hì	搶戲	itaigi:13956
poj	chhiúⁿ-sî-kan	搶時間	itaigi:15832
poj	chhiúⁿ-thâu-hiuⁿ	搶頭香	itaigi:15833
poj	chhiúⁿ-thâu-pio	搶頭標	itaigi:15834
poj	chhiúⁿ-tūi	搶兌	itaigi:16906
poj	chhiúⁿ-àm-o͘	搶暗烏	itaigi:16397
poj	chhiûⁿ-ûi	牆圍	taihoa:11136
poj	chhiū-chòng	樹葬	itaigi:1837
poj	chhiū-hîm	樹熊	itaigi:4457
poj	chhiū-ki-tô͘	樹枝圖	itaigi:10999
poj	chhiū-ku	樹龜	itaigi:670
poj	chhiū-leng	樹奶	taihoa:11008
poj	chhiū-leng-chhat-á	樹奶擦仔	itaigi:15743
poj	chhiū-leng-sok-á	樹奶束仔	itaigi:13797
poj	chhiū-leng-thò-á	樹奶套仔	itaigi:4203
poj	chhiū-lin-kiû	樹奶球	itaigi:16044
poj	chhiū-lám	樹攬	itaigi:6502
poj	chhiū-nâ	樹林	taihoa:11021
poj	chhiū-si	樹絲	itaigi:16596
poj	chhiū-á	樹仔	taihoa:10969
poj	chhiū-á-bóe	樹仔尾	itaigi:2727
poj	chhiūⁿ	像	taihoa:11143
poj	chhiūⁿ-hu	象夫	itaigi:19265
poj	chhiⁿ-ko͘-sò͘	青菇素	itaigi:585
poj	chhng	穿	taihoa:11193
poj	chhng-chhí	倉鼠	itaigi:12947
poj	chhng-khò͘	倉庫	taihoa:11239
poj	chhn̂g-té	床底	itaigi:7290
poj	chho-chiu	操舟	itaigi:15765
poj	chho-to	操刀	itaigi:15766
poj	chhoan	村	taihoa:11386
poj	chhoan-tiúⁿ	村長	taihoa:11466
poj	chhoan-á-kau	川仔溝	itaigi:16850
poj	chhoa̍h-kak-sòaⁿ	斜角線	itaigi:15886
poj	chhoa̍h-sòaⁿ	斜線	itaigi:15887
poj	chhoa̍h-tùi-bīn	斜對面	itaigi:4264
poj	chhoe	初	taihoa:11476
poj	chhoe thâu-mo͘	吹頭毛	itaigi:9685
poj	chhoe-hong	吹風	taihoa:11508
poj	chhoe-ta	吹焦	itaigi:7544
poj	chhong-bêng	聰明	taihoa:11590
poj	chhong-heng	窗兄	itaigi:3666
poj	chhoàn kóng	串講	itaigi:17757
poj	chhoàn-íⁿ	串穎	itaigi:17713
poj	chhoán	喘	taihoa:11387
poj	chhoán-khùi	喘氣	taihoa:11390
poj	chhoán-tōa-khùi	喘大氣	itaigi:5432
poj	chhoân	攢	itaigi:13314
poj	chho͘	初	taihoa:11604
poj	chho͘-chho͘	初初	taihoa:11625
poj	chho͘-chhài	粗菜	taihoa:11615
poj	chho͘-chhân	粗殘	itaigi:1550
poj	chho͘-chhùi	粗嘴	taihoa:11627
poj	chho͘-chín	初診	itaigi:12444
poj	chho͘-chóa	粗紙	itaigi:8048
poj	chho͘-gâ	粗牙	itaigi:11875
poj	chho͘-hoe	粗花	itaigi:7983
poj	chho͘-hu-sio̍k-chú	粗夫俗子	itaigi:9071
poj	chho͘-im-bī-lâi	初音未來	itaigi:10988
poj	chho͘-jī-pēⁿ	初二病	itaigi:3605
poj	chho͘-kang	粗工	taihoa:11649
poj	chho͘-kiāⁿ	粗健	itaigi:18816
poj	chho͘-loa̍t	粗劣	itaigi:18825
poj	chho͘-pō͘	初步	taihoa:11691
poj	chho͘-sio̍k	粗俗	itaigi:19034
poj	chho͘-sè	粗細	itaigi:1148
poj	chho͘-tiong	初中	itaigi:13663
poj	chho͘-tiong-seng	初中生	itaigi:13806
poj	chhu	趨	taihoa:11719
poj	chhu bé-liu	趨馬溜	itaigi:15919
poj	chhu lâu-á	趨樓仔	itaigi:7465
poj	chhu-chúi-to	趨水道	itaigi:3902
poj	chhu-kiû	趨球	itaigi:13327
poj	chhu-liu-lông	趨溜廊	itaigi:18003
poj	chhu-liu-tō	趨溜道	itaigi:3901
poj	chhu-lúi	趨壘	itaigi:3851
poj	chhu-pán	趨板	itaigi:13223
poj	chhu-éng	趨湧	itaigi:14825
poj	chhui-bîn-khiok	催眠曲	itaigi:4735
poj	chhui-chhiok	推促	taihoa:12080
poj	chhui-chiàn	推薦	taihoa:12083
poj	chhui-lūi-tôaⁿ	催淚彈	itaigi:16494
poj	chhui-sok-khì	催速器	itaigi:17049
poj	chhun	春	taihoa:12108
poj	chhun hā chhiu tang	春夏秋冬	itaigi:6976
poj	chhun-im	春陰	itaigi:17479
poj	chhun-lo̍h	村落	itaigi:18744
poj	chhun-thiⁿ	春天	taihoa:12219
poj	chhun-á	春仔	itaigi:19413
poj	chhut	出	taihoa:12233
poj	chhut ji̍t-thâu	出日頭	itaigi:7501
poj	chhut--lâi--ah	出來矣	itaigi:4624
poj	chhut-chu	出珠	itaigi:12000
poj	chhut-chèng	出眾	itaigi:14576
poj	chhut-chîⁿ	出錢	taihoa:12285
poj	chhut-chôaⁿ	出泉	itaigi:871
poj	chhut-chúi-chu	出水珠	itaigi:12001
poj	chhut-chúi-tâng	出水筒	itaigi:16538
poj	chhut-gia̍p	出業	taihoa:12320
poj	chhut-gōa	出外	itaigi:1409
poj	chhut-hoat	出發	taihoa:12333
poj	chhut-hoat-tiám	出發點	taihoa:12334
poj	chhut-hái	出海	itaigi:7593
poj	chhut-ióng	出養	itaigi:6094
poj	chhut-ji̍t	出日	itaigi:7532
poj	chhut-keng  ji̍p-tián	出經入典	itaigi:10878
poj	chhut-khēng	出虹	itaigi:17159
poj	chhut-kiong	出恭	itaigi:3127
poj	chhut-kiò	出叫	itaigi:19326
poj	chhut-kè	出價	taihoa:12361
poj	chhut-kéng	出境	itaigi:13098
poj	chhut-la̍t	出力	taihoa:12407
poj	chhut-liāu	出料	itaigi:15280
poj	chhut-lâi-kóng	出來講	itaigi:6551
poj	chhut-miâ	出名	taihoa:12414
poj	chhut-môa	出麻	taihoa:12422
poj	chhut-seng ji̍t-kî	出生日期	itaigi:92
poj	chhut-seng-ji̍p-sú	出生入死	itaigi:13639
poj	chhut-sì	出世	taihoa:12459
poj	chhut-sì ê só͘-chāi	出世的所在	itaigi:13487
poj	chhut-sì--ê só͘-chāi	出世的所在	itaigi:13513
poj	chhut-sûn	出巡	itaigi:1077
poj	chhut-thâu	出頭	itaigi:4737
poj	chhut-thâu-lo̍h-kak	出頭落角	itaigi:18534
poj	chhut-thâu-thiⁿ	出頭天	itaigi:427
poj	chhài	菜	taihoa:7417
poj	chhài-chhī-á	菜市仔	taihoa:7429
poj	chhài-chhī-á-miâ	菜市仔名	itaigi:2526
poj	chhài-chio	菜椒	itaigi:7108
poj	chhài-chí	菜籽	taihoa:7433
poj	chhài-hn̂g	菜園	taihoa:7444
poj	chhài-hoe	菜花	itaigi:11945
poj	chhài-hoàn-á	菜販仔	itaigi:14209
poj	chhài-hûiⁿ-á	菜園仔	itaigi:11378
poj	chhài-keh-á	菜格仔	itaigi:14249
poj	chhài-kiû	菜球	itaigi:15740
poj	chhài-koe-tîn	菜瓜藤	itaigi:17756
poj	chhài-thâu	菜頭	itaigi:6975
poj	chhài-thâu-hio̍h	菜頭葉	itaigi:14206
poj	chhài-thâu-lông-á	菜頭籠仔	itaigi:6557
poj	chhài-tiàm	菜店	itaigi:11966
poj	chhài-to	菜刀	taihoa:7549
poj	chhài-toaⁿ	菜單	taihoa:7550
poj	chhài-tû	菜廚	taihoa:7556
poj	chhàng	藏	taihoa:7816
poj	chhàng-chúi-kàm	藏水艦	itaigi:14130
poj	chhàng-chúi-lām	藏水艦	itaigi:3181
poj	chhàng-chúi-théng	藏水艇	itaigi:16066
poj	chhàng-khang	藏空	itaigi:7803
poj	chhàng-kiàⁿ	藏鏡	itaigi:19594
poj	chhàng-miâ	藏名	itaigi:588
poj	chhàng-miâ-hòa	藏名化	itaigi:16944
poj	chhàng-mn̂g	聳毛	itaigi:4030
poj	chhàu	臭	taihoa:8089
poj	chhàu io̍h-oân-á	臭藥丸仔	itaigi:8015
poj	chhàu-chhùi	臭嘴	taihoa:8139
poj	chhàu-chhùi-piⁿ	臭嘴邊	taihoa:8142
poj	chhàu-hia̍k	臭肉	itaigi:14817
poj	chhàu-hóe-hun	臭火燻	taihoa:8193
poj	chhàu-hóe-ta	臭火焦	itaigi:5748
poj	chhàu-iâng-chân	臭氧層	itaigi:15033
poj	chhàu-iû-ai	臭油埃	itaigi:6812
poj	chhàu-iû-bī	臭油味	itaigi:5421
poj	chhàu-khám	湊勘	taihoa:8229
poj	chhàu-ku-á	臭龜仔	itaigi:7996
poj	chhàu-kut-siòng	臭骨相	itaigi:13287
poj	chhàu-lâng	臭人	taihoa:8248
poj	chhàu-oân	臭丸	taihoa:8279
poj	chhàu-phùi	臭屁	taihoa:8297
poj	chhàu-sio̍h	臭液	itaigi:2081
poj	chhàu-ta kiam tio̍h-hóe	臭焦兼著火	itaigi:8404
poj	chhàu-ta pó͘ bô-se̍k	臭焦補無熟	itaigi:1923
poj	chhàu-thâu ke-á	臭頭雞仔	itaigi:10090
poj	chhàu-thâu nōa-hīⁿ	臭頭爛耳	itaigi:14402
poj	chhàu-thâu-chiáu	臭頭鳥	itaigi:1383
poj	chhàu-tú-khám	湊抵勘	taihoa:8381
poj	chhàu-tōaⁿ	臭彈	taihoa:8367
poj	chhá	吵	taihoa:7181
poj	chhá-bah	炒肉	itaigi:19342
poj	chhá-chhài	炒菜	itaigi:1343
poj	chhá-im	吵音	itaigi:4458
poj	chhá-pan	吵班	itaigi:7080
poj	chhái io̍h-chháu	採藥草	itaigi:14406
poj	chhái-hong-būn-sio̍k	採風問俗	itaigi:17368
poj	chhái-iōng	採用	taihoa:7374
poj	chhái-ke	踩街	itaigi:12129
poj	chhái-sek iân-pit	彩色鉛筆	itaigi:4696
poj	chhái-sek-chóa	彩色紙	itaigi:19709
poj	chhái-sek-pit	彩色筆	itaigi:6180
poj	chhái-á-chóa	彩仔紙	itaigi:2981
poj	chhái-ōe	彩畫	itaigi:13844
poj	chhám	慘	taihoa:7639
poj	chháu	草	taihoa:7987
poj	chháu kî lio̍k á	草其略仔	itaigi:9414
poj	chháu kî tāi-iok á	草其大約仔	itaigi:9413
poj	chháu-chhio̍h	草蓆	taihoa:8001
poj	chháu-chhèng	草沖	taihoa:7999
poj	chháu-khiáu	湊巧	itaigi:15127
poj	chháu-koe-á	草雞仔	itaigi:18990
poj	chháu-kâu	草猴	itaigi:18856
poj	chháu-po͘-á	草埔仔	itaigi:4418
poj	chháu-pîⁿ	草坪	itaigi:7597
poj	chháu-ta̍h	草踏	itaigi:5978
poj	chháu-tē-lâng	草地人	taihoa:8080
poj	chháu-á-po͘	草仔埔	itaigi:7600
poj	chháu-á-sek	草仔色	itaigi:2013
poj	chháu-ê-thâng	草鞋蟲	itaigi:17666
poj	chhâ	查	taihoa:7209
poj	chhâ-ba̍k	柴目	itaigi:13691
poj	chhâ-chhiûⁿ	柴牆	itaigi:15937
poj	chhâ-chng-á	柴磚仔	itaigi:19645
poj	chhâ-chúi-pió	查水表	itaigi:3969
poj	chhâ-kak-á	柴角仔	itaigi:940
poj	chhâ-khek	柴刻	itaigi:18838
poj	chhâ-khián	柴犬	itaigi:1653
poj	chhâ-kiô	柴橋	itaigi:15940
poj	chhâ-kiû	柴球	itaigi:15942
poj	chhâ-ku	柴龜	itaigi:671
poj	chhâ-lûi	柴雷	itaigi:4364
poj	chhâ-thia̍p-á	柴疊仔	itaigi:791
poj	chhâ-thn̂g	柴糖	itaigi:17577
poj	chhâ-tiau	柴雕	itaigi:18839
poj	chhâ-to	柴刀	taihoa:7314
poj	chhâ-tè-á	柴塊仔	itaigi:789
poj	chhâi-chió	裁少	itaigi:18641
poj	chhâi-hông	裁縫	itaigi:4550
poj	chhâi-tō͘	裁度	itaigi:17291
poj	chhân	田	itaigi:5987
poj	chhân-chng	田庄	taihoa:7745
poj	chhân-chng sông	田庄倯	itaigi:9257
poj	chhân-chng-lâng	田庄人	itaigi:6494
poj	chhân-eⁿ-ki	田嬰機	itaigi:16597
poj	chhân-iôⁿ	田洋	itaigi:3007
poj	chhân-iûⁿ	田洋	itaigi:324
poj	chhân-iûⁿ-á	田洋仔	itaigi:325
poj	chhân-iⁿ	田嬰	itaigi:6722
poj	chhân-kiâu-á	田僑仔	itaigi:1807
poj	chhân-kèng	田徑	itaigi:6395
poj	chhân-lê-á-piáⁿ	田螺仔餅	itaigi:12186
poj	chhân-niau-á	田貓仔	itaigi:9651
poj	chhân-poe	田貝	taihoa:7796
poj	chhè	脆	taihoa:8446
poj	chhè-lûi	脆雷	taihoa:8455
poj	chhèng	沖	taihoa:8788
poj	chhèng-chúi	衝水	itaigi:7677
poj	chhèng-kek	衝激	itaigi:4181
poj	chhèng-koân	衝懸	itaigi:4180
poj	chhé	扯	itaigi:4175
poj	chhé-siau	扯消	itaigi:8412
poj	chhé-soah	扯煞	itaigi:8411
poj	chhéng	請	taihoa:8759
poj	chhéng-an	請安	taihoa:8764
poj	chhéng-kàu	請教	taihoa:8775
poj	chhêng-peh-chhiū	松柏樹	itaigi:1387
poj	chhêng-pek	松柏	itaigi:14568
poj	chhì	試	taihoa:9289
poj	chhì khòaⁿ-māi	試看覓	itaigi:1315
poj	chhì kiâm-tāⁿ	試鹹淡	itaigi:17083
poj	chhì mn̂g á thâng	刺毛仔蟲	itaigi:7739
poj	chhì-chhí-ko͘	刺鼠菇	itaigi:3977
poj	chhì-chiu	試週	itaigi:17105
poj	chhì-giām	試驗	taihoa:9330
poj	chhì-khak-á	刺殼仔	itaigi:19040
poj	chhì-kiû	刺球	itaigi:181
poj	chhì-kiû-ti	刺球豬	itaigi:13232
poj	chhì-koe	刺瓜	taihoa:9354
poj	chhì-koe-á	刺瓜仔	itaigi:1947
poj	chhì-lô-thâng	刺羅蟲	itaigi:2165
poj	chhì-lô-á-thâng	刺羅仔蟲	itaigi:16473
poj	chhì-mo͘-thâng-á	刺毛蟲仔	itaigi:7796
poj	chhì-mô͘-káu thâng	刺毛狗蟲	itaigi:7795
poj	chhì-pho	刺波	itaigi:1967
poj	chhìn-chhái	凊采	taihoa:10282
poj	chhìn-á	稱仔	taihoa:10278
poj	chhí-bóe-hong	鼠尾風	itaigi:7762
poj	chhò	錯	taihoa:11274
poj	chhò--kòe	錯過	itaigi:2316
poj	chhò-bí	糙米	itaigi:14577
poj	chhò-gō͘	錯誤	taihoa:11284
poj	chhò-hīⁿ	噪耳	itaigi:18686
poj	chhò-hīⁿ-siaⁿ	噪耳聲	itaigi:19550
poj	chhò-siong	挫傷	itaigi:769
poj	chhòaⁿ	闖	taihoa:11406
poj	chhòng	創	taihoa:11537
poj	chhòng siáⁿ	創啥	itaigi:135
poj	chhòng siáⁿ lah	創啥啦	itaigi:6965
poj	chhòng siáⁿ-hòe	創啥貨	itaigi:1443
poj	chhòng siáⁿ-mih	創啥物	itaigi:1402
poj	chhòng-chō	創造	taihoa:11542
poj	chhòng-khang	創空	itaigi:1604
poj	chhòng-khang-kiû	創空球	itaigi:2242
poj	chhòng-kéng	創景	itaigi:19382
poj	chhòng-pān-jîn	創辦人	itaigi:19602
poj	chhòng-siáⁿ	創啥	itaigi:238
poj	chhòng-tī	創治	itaigi:17649
poj	chhò͘	醋	taihoa:11607
poj	chhó	草	itaigi:1030
poj	chhó-nî-má	草泥馬	itaigi:3343
poj	chhôe-kè-siàu	摧價數	itaigi:14771
poj	chhôe-á	摧仔	itaigi:16073
poj	chhù	次	taihoa:11775
poj	chhù-bī	趣味	taihoa:11785
poj	chhù-chú	次子	taihoa:11796
poj	chhù-goân	次元	itaigi:15437
poj	chhù-hong	次方	itaigi:18631
poj	chhù-kip-chhī-tiûⁿ	次級市場	itaigi:16987
poj	chhù-sí	處暑	itaigi:11534
poj	chhù-sòe	厝稅	taihoa:11850
poj	chhù-téng	次等	taihoa:11858
poj	chhùi	嘴	taihoa:11900
poj	chhùi-ba̍k-phīⁿ	嘴目鼻	taihoa:11905
poj	chhùi-ba̍t	嘴密	taihoa:11909
poj	chhùi-chhiu	嘴鬚	taihoa:11925
poj	chhùi-chio̍h	碎石	itaigi:4171
poj	chhùi-chi̍h	嘴舌	taihoa:11933
poj	chhùi-hoe	嘴花	taihoa:11954
poj	chhùi-ho͘	嘴呼	taihoa:11957
poj	chhùi-iok	嘴約	taihoa:11964
poj	chhùi-iâm-iâm	碎鹽鹽	itaigi:13730
poj	chhùi-kak	嘴角	taihoa:11968
poj	chhùi-kháu	嘴口	taihoa:11975
poj	chhùi-kháu-goān	嘴口願	taihoa:11977
poj	chhùi-kháu-ōe	嘴口話	taihoa:11978
poj	chhùi-khí	嘴齒	taihoa:11981
poj	chhùi-khîm	嘴琴	taihoa:11996
poj	chhùi-ku̍t	嘴滑	taihoa:12008
poj	chhùi-kín	嘴緊	taihoa:12000
poj	chhùi-kóng	嘴講	taihoa:12003
poj	chhùi-kô͘-kô͘	碎糊糊	itaigi:13732
poj	chhùi-lō͘	嘴路	taihoa:12011
poj	chhùi-ngē	嘴硬	taihoa:12014
poj	chhùi-nōa	嘴瀾	taihoa:12016
poj	chhùi-peng	碎冰	itaigi:12932
poj	chhùi-phìⁿ	脆片	itaigi:4172
poj	chhùi-piⁿ	嘴邊	taihoa:12039
poj	chhùi-súi	嘴水	taihoa:12050
poj	chhùi-tà	嘴罩	taihoa:12053
poj	chhùi-táu	嘴斗	taihoa:12057
poj	chhùi-tûn	嘴唇	taihoa:12064
poj	chhùi-ān	嘴限	taihoa:11903
poj	chhùn	寸	taihoa:12114
poj	chhú hiông gán	雌雄眼	itaigi:9312
poj	chhú-bóe-chó	鼠尾藻	itaigi:18732
poj	chhú-siau	取消	taihoa:11765
poj	chhē	坐	itaigi:9006
poj	chhē-lo̍h	坐落	itaigi:9007
poj	chhēng	穿	taihoa:8873
poj	chhēng ūn-tōng-ê	穿運動鞋	itaigi:8053
poj	chhī	市	taihoa:9404
poj	chhī-chúi	飼水	itaigi:15612
poj	chhī-kè	市價	taihoa:9447
poj	chhī-leng tōng-bu̍t	飼奶動物	itaigi:12335
poj	chhī-leng-keng	飼奶間	itaigi:1394
poj	chhī-leng-pâng	飼奶房	itaigi:6390
poj	chhī-lāi	市內	taihoa:9456
poj	chhī-ti-sek kàu-io̍k	飼豬式教育	itaigi:12393
poj	chhī-tiôⁿ	市場	itaigi:17674
poj	chhī-tiúⁿ	市長	taihoa:9472
poj	chhī-á	市仔	itaigi:13485
poj	chhōa	娶	taihoa:11310
poj	chhōa-bó͘	娶某	itaigi:6768
poj	chhōa-cha-bó͘	娶查某	itaigi:11763
poj	chhōa-ke-āu	娶家後	itaigi:11761
poj	chhōa-khan-chhiú	娶牽手	itaigi:11762
poj	chhōa-sin-niû	娶新娘	itaigi:19601
poj	chhōe	揣	itaigi:6620
poj	chhōe--tio̍h	揣著	itaigi:7012
poj	chhū-liu-lông	趨流籠	itaigi:11005
poj	chi-ku-la̍t	芝車力	itaigi:744
poj	chi-lí	支理	itaigi:12649
poj	chi-phiò	支票	taihoa:14906
poj	chia	遮	itaigi:1608
poj	chia chia̍h	遮食	itaigi:2998
poj	chiah	才	taihoa:12752
poj	chiah chē	遮濟	itaigi:5967
poj	chiah kiaⁿ thiàⁿ	遮驚疼	itaigi:976
poj	chiah-nī	遮爾	itaigi:7935
poj	chiam	針	taihoa:13067
poj	chiam-iû	針油	itaigi:15534
poj	chiam-piáⁿ-khak	尖餅殼	itaigi:2978
poj	chian	煎	taihoa:13231
poj	chian-nn̄g pau-pn̄g	煎卵包飯	itaigi:1925
poj	chian-nn̄g pn̄g-pau	煎卵飯包	itaigi:1924
poj	chian-pau	煎包	itaigi:248
poj	chiang-kūn	將近	itaigi:16197
poj	chiap	接	taihoa:13577
poj	chiap-kut	接骨	taihoa:13633
poj	chiap-siū	接受	itaigi:12215
poj	chiap-sû	接辭	itaigi:4143
poj	chiat	節	taihoa:13673
poj	chiat-bokchia̍t-bo̍k	節目節目	itaigi:11468
poj	chiat-iok	節約	taihoa:13697
poj	chiau-khó-le̍k	昭可力	itaigi:3783
poj	chiau-khó-lo̍k	昭可洛	itaigi:3810
poj	chia̍h	食	taihoa:12762
poj	chia̍h bí-pn̄g pài chhân-thâu	食米飯拜田頭	itaigi:1707
poj	chia̍h chho͘-pá	食粗飽	itaigi:6697
poj	chia̍h chin pá	食真飽	itaigi:9682
poj	chia̍h chái-khí	食早起	itaigi:11524
poj	chia̍h hun	食薰	itaigi:6912
poj	chia̍h hó-liāu--ê	食好料的	itaigi:1341
poj	chia̍h io̍h	食藥	itaigi:2725
poj	chia̍h io̍h-á	食藥仔	itaigi:2672
poj	chia̍h kah pá	食甲飽	itaigi:7814
poj	chia̍h mi̍h-kiāⁿ	食物件	itaigi:1347
poj	chia̍h nńg-pn̄g	食軟飯	itaigi:2319
poj	chia̍h pn̄g	食飯	itaigi:397
poj	chia̍h pn̄g-oân	食飯丸	itaigi:6212
poj	chia̍h tiong-tàu	食中晝	itaigi:7812
poj	chia̍h to-á-bah	食刀仔肉	itaigi:8021
poj	chia̍h tōa-toh	食大桌	itaigi:8007
poj	chia̍h--lo̍h-khì	食落去	itaigi:1602
poj	chia̍h-ba̍k	食目	itaigi:17770
poj	chia̍h-bián-chîⁿ-pn̄g	食免錢飯	itaigi:14153
poj	chia̍h-bô-chîⁿ-pn̄g	食無錢飯	itaigi:12219
poj	chia̍h-bô-chîⁿ-pūiⁿ	食無錢飯	itaigi:11466
poj	chia̍h-chhan-thiaⁿ	食餐廳	itaigi:13690
poj	chia̍h-chheⁿ-chhau	食腥臊	itaigi:8006
poj	chia̍h-chhài--ê	食菜的	itaigi:6089
poj	chia̍h-chhài-pô-á	食菜婆仔	itaigi:11891
poj	chia̍h-chhò͘	食醋	taihoa:12811
poj	chia̍h-chhēng	食穿	itaigi:11465
poj	chia̍h-chhī	食市	itaigi:16924
poj	chia̍h-chá-tùiⁿ	食早頓	itaigi:11525
poj	chia̍h-chái-khí-pūiⁿ	食早起飯	itaigi:11526
poj	chia̍h-hiā-siù	食蟻獸	itaigi:19055
poj	chia̍h-hong	食風	itaigi:13688
poj	chia̍h-hó-liāu	食好料	itaigi:8005
poj	chia̍h-koe-chí-pài-chhiū-thâu	食果子拜樹頭	itaigi:6719
poj	chia̍h-káu-hiā-siù	食狗蟻獸	itaigi:4255
poj	chia̍h-leng tōng-bu̍t	食奶動物	itaigi:12334
poj	chia̍h-leng á la̍t	食奶仔力	itaigi:8562
poj	chia̍h-liâng	食涼	itaigi:2536
poj	chia̍h-lâng	食人	itaigi:2529
poj	chia̍h-lô͘	食爐	itaigi:18063
poj	chia̍h-lāu-tò-siàu-liân	食老倒少年	itaigi:14326
poj	chia̍h-mi̍h	食物	taihoa:12931
poj	chia̍h-mī	食麵	itaigi:2050
poj	chia̍h-núi-kiaⁿ-ngī	食軟驚硬	itaigi:17500
poj	chia̍h-pn̄g	食飯	itaigi:36
poj	chia̍h-pn̄g--lah	食飯啦	itaigi:7123
poj	chia̍h-pn̄g-hōe	食飯會	itaigi:13689
poj	chia̍h-pá siuⁿ êng	食飽傷閒	itaigi:1178
poj	chia̍h-pá--ah	食飽啊	itaigi:13516
poj	chia̍h-pá--bōe	食飽未	itaigi:1839
poj	chia̍h-pó͘ khah iâⁿ chia̍h-khó͘	食補較贏食苦	itaigi:9981
poj	chia̍h-sin-siùⁿ	食新相	itaigi:19343
poj	chia̍h-thau	食偷	itaigi:12355
poj	chia̍h-thâu-lō͘ lâng	食頭路人	itaigi:9050
poj	chia̍h-thô͘	食塗	itaigi:14810
poj	chia̍h-tiān	食電	itaigi:19154
poj	chia̍h-to̍k	食毒	itaigi:2959
poj	chia̍h-àm-tùiⁿ	食暗頓	itaigi:11528
poj	chia̍p	習	taihoa:13581
poj	chia̍p sé-chhiú	捷洗手	itaigi:4738
poj	chia̍p-chia̍p	捷捷	itaigi:19334
poj	chia̍p-iōng	捷用	itaigi:16106
poj	chia̍t-ki	截肢	itaigi:19335
poj	chia̍t-kûn-tō	截拳道	itaigi:15380
poj	chia̍t-tô͘	截圖	itaigi:14813
poj	chia̍t-ūn	捷運	itaigi:2044
poj	chia̍t-ūn-chām	捷運站	itaigi:12883
poj	chiaⁿ-bah	精肉	taihoa:13537
poj	chiaⁿ-goe̍h chhe-it	正月初一	itaigi:9365
poj	chiaⁿ-goe̍h chhe-jī	正月初二	itaigi:14939
poj	chiaⁿ-goe̍h chhe-ngó͘	正月初五	itaigi:14945
poj	chiaⁿ-goe̍h chhe-sam	正月初三	itaigi:14941
poj	chiaⁿ-goe̍h chhe-sù	正月初四	itaigi:14943
poj	chih	折	taihoa:13960
poj	chih-gōa-ke	接外家	itaigi:12220
poj	chin	真	taihoa:14099
poj	chin bí-lē	真美麗	itaigi:19168
poj	chin bô lé-māu	真無禮貌	itaigi:7069
poj	chin bô-liâu	真無聊	itaigi:4645
poj	chin chhù-bī	真趣味	itaigi:1490
poj	chin chin chiàⁿ chiàⁿ	真真正正	itaigi:9123
poj	chin chán	真讚	itaigi:6245
poj	chin chē lâng	真濟人	itaigi:1218
poj	chin chū-chāi	真自在	itaigi:5784
poj	chin hoaⁿ-hí	真歡喜	itaigi:6084
poj	chin hán-kìⁿ	真罕見	itaigi:4398
poj	chin hán-tit	真罕得	itaigi:4300
poj	chin hó chia̍h	真好食	itaigi:2897
poj	chin hó-iōng	真好用	itaigi:4308
poj	chin ia̍h-sī ké	真抑是假	itaigi:3233
poj	chin khó-liân	真可憐	itaigi:6116
poj	chin kiú-kiàn	真久見	itaigi:12396
poj	chin lāi	真利	itaigi:6290
poj	chin lī-hāi	真厲害	itaigi:8759
poj	chin nau-jiat	真鬧熱	itaigi:7442
poj	chin pháiⁿ	真歹	itaigi:4568
poj	chin si̍t-chāi	真實在	itaigi:6121
poj	chin ū ìn-siōng	真有印象	itaigi:4522
poj	chin--ê ia̍h ké--ê	真的抑假的	itaigi:4490
poj	chin-bēng-thian-chú	真命天子	itaigi:16502
poj	chin-chiàⁿ	真正	itaigi:1515
poj	chin-chiàⁿ chiok	真正足	itaigi:6130
poj	chin-chiàⁿ sī	真正是	itaigi:4065
poj	chin-chiàⁿ-sī	真正是	itaigi:17809
poj	chin-chu leng-tê	真珠奶茶	itaigi:911
poj	chin-chu-hoan-be̍h	真珠番麥	itaigi:16366
poj	chin-chu-sún	真珠筍	itaigi:16371
poj	chin-hó	真好	itaigi:2074
poj	chin-kú	真久	taihoa:14420
poj	chin-pháiⁿ-sè	真歹勢	itaigi:11759
poj	chin-si̍t sè-kài	真實世界	itaigi:16714
poj	chio	招	itaigi:1568
poj	chio-ang	招翁	taihoa:14497
poj	chio-châi-chhiū	招財樹	itaigi:14449
poj	chioh	借	taihoa:14503
poj	chioh chhia	借車	itaigi:4791
poj	chioh--góa	借我	itaigi:13594
poj	chioh-khak chiūⁿ-chhī	借殼上市	itaigi:17000
poj	chioh-tio̍h	藉著	itaigi:3577
poj	chiok	足	taihoa:14725
poj	chiok chhù-bī	足趣味	itaigi:4309
poj	chiok chia̍p	足捷	itaigi:4062
poj	chiok chē	足濟	itaigi:6430
poj	chiok hoaⁿ-hí	足歡喜	itaigi:1503
poj	chiok joa̍h	足熱	itaigi:6917
poj	chiok kùi	足貴	itaigi:6558
poj	chiok kú bô khoàiⁿ	足久無看見	itaigi:902
poj	chiok kú bô khòaⁿ	足久無看	itaigi:4407
poj	chiok kú bô lâi--ah	足久無來矣	itaigi:19184
poj	chiok léng	足冷	itaigi:1399
poj	chiok mâ-hoân	足麻煩	itaigi:1348
poj	chiok phang	足芳	itaigi:4835
poj	chiok pi-ai	足悲哀	itaigi:5971
poj	chiok ài	足愛	itaigi:12319
poj	chiok ū-miâ	足有名	itaigi:4591
poj	chiok--ê	足的	itaigi:19501
poj	chiok-chán--ê	足讚的	itaigi:4196
poj	chiok-hó	足好	taihoa:14749
poj	chiok-hō	祝賀	taihoa:14751
poj	chiok-kú	足久	itaigi:11454
poj	chiok-lí seⁿ-ji̍t khoài-lo̍k	祝你生日快樂	itaigi:7733
poj	chiok-ngē	足硬	itaigi:17973
poj	chiok-ngē-táu	足硬鬥	itaigi:17972
poj	chiok-sû	祝詞	taihoa:14774
poj	chiong-kun-tiùⁿ	將軍帳	itaigi:14361
poj	chiong-kài	終界	itaigi:14988
poj	chiong-kài sú-chiá	終界使者	itaigi:3384
poj	chiong-kî-bóe	終其尾	itaigi:6549
poj	chiong-lâi	將來	itaigi:7856
poj	chiong-sim-pí-sim	將心比心	itaigi:4717
poj	chiong-á	終仔	itaigi:2647
poj	chiong-û	終於	itaigi:14797
poj	chio̍h	石	taihoa:14504
poj	chio̍h-ba̍k	石墨	itaigi:19198
poj	chio̍h-bó-leng	石母奶	itaigi:7982
poj	chio̍h-bō-á-sim	石磨仔心	itaigi:19351
poj	chio̍h-chhiāng	石像	itaigi:4816
poj	chio̍h-hó͘	石虎	itaigi:246
poj	chio̍h-iû	石油	taihoa:14556
poj	chio̍h-ki-á	石磯仔	itaigi:12086
poj	chio̍h-kong	石岡	itaigi:15712
poj	chio̍h-ku	石龜	itaigi:11281
poj	chio̍h-lo̍h-chhu	石落趨	itaigi:17755
poj	chio̍h-mng chúi-khò͘	石門水庫	itaigi:6706
poj	chio̍h-pan	石斑	itaigi:6155
poj	chio̍h-piah-soaⁿ	石壁山	itaigi:7630
poj	chio̍h-poh	石駁	itaigi:7776
poj	chio̍h-ta	石礁	itaigi:16307
poj	chio̍h-ta-á	石礁仔	itaigi:11366
poj	chio̍h-thaukêh-á	石頭格仔	itaigi:8976
poj	chio̍h-thiap-á	石貼仔	itaigi:11135
poj	chio̍h-thui	石梯	itaigi:14582
poj	chio̍h-thâu	石頭	taihoa:14665
poj	chio̍h-thâu iù á	石頭幼仔	itaigi:7535
poj	chio̍h-thâu liap-á	石頭粒仔	itaigi:7516
poj	chio̍h-thâu-siâⁿ	石頭城	itaigi:11394
poj	chio̍h-thâu-soaⁿ	石頭山	itaigi:7629
poj	chio̍h-un-loán	石溫暖	itaigi:630
poj	chip-bê put-ngō͘	執迷不悟	itaigi:15232
poj	chip-chiàu	執照	taihoa:14901
poj	chit	這	taihoa:14941
poj	chit hoan	這番	itaigi:2950
poj	chit jiah	這跡	itaigi:17632
poj	chit jī	這字	itaigi:3290
poj	chit khoán lâng	這款人	itaigi:6367
poj	chit lō͘-bóe	這路尾	itaigi:7865
poj	chit siú koa chin hó-thiaⁿ	這首歌真好聽	itaigi:19183
poj	chit-bū	職務	taihoa:15104
poj	chit-būn	質問	taihoa:15105
poj	chit-chú	質子	itaigi:12055
poj	chit-chām-á	這站仔	itaigi:14199
poj	chit-gia̍p	職業	taihoa:15135
poj	chit-kang	職工	taihoa:15154
poj	chit-kái	這改	itaigi:13118
poj	chit-kú	這久	itaigi:18966
poj	chit-lêng tī-liâu	職能治療	itaigi:13573
poj	chit-lú-chheⁿ	織女星	itaigi:7748
poj	chit-má-kúi-tiám	這馬幾點	itaigi:12034
poj	chit-oân	職員	taihoa:15184
poj	chit-pang	職棒	itaigi:17114
poj	chit-pò͘	織布	taihoa:15192
poj	chit-sì-lâng	這世人	itaigi:6984
poj	chit-sî	這時	itaigi:3592
poj	chit-tiám-á	一點仔	itaigi:13074
poj	chit-táu	這斗	itaigi:19139
poj	chit-ē	這下	taihoa:15131
poj	chiu-khan	周刊	taihoa:15414
poj	chiu-tiúⁿ	州長	itaigi:17245
poj	chiu-ûi	周圍	taihoa:15580
poj	chiuⁿ	章	taihoa:15417
poj	chiàm	占	itaigi:6856
poj	chiàm iâⁿ-thâu	站贏頭	itaigi:10951
poj	chiàm pân-gî	占便宜	itaigi:1025
poj	chiàm-sòaⁿ	佔線	itaigi:15680
poj	chiàn-cheng	戰爭	itaigi:1705
poj	chiàn-chhia	戰車	taihoa:13294
poj	chiàn-kah-thâng	戰甲蟲	itaigi:237
poj	chiàn-lông	戰狼	itaigi:14913
poj	chiàn-lông-sek gōa-kau	戰狼式外交	itaigi:3366
poj	chiàn-pāi	戰敗	itaigi:19746
poj	chiàn-su̍t	戰術	taihoa:13406
poj	chiàn-sí	戰死	taihoa:13395
poj	chiàn-sî	戰時	taihoa:13396
poj	chiàn-sòaⁿ	戰線	taihoa:13402
poj	chiàn-tiûⁿ	戰場	taihoa:13423
poj	chiàn-éng	戰湧	itaigi:3353
poj	chiàng-sî	將時	itaigi:7866
poj	chiàu	照	taihoa:13772
poj	chiàu kui-kí lâi	照規矩來	itaigi:5420
poj	chiàu-khí-kang-lâi	照起工來	itaigi:19041
poj	chiàu-kò͘	照顧	taihoa:13815
poj	chiàu-lûn	照輪	taihoa:13834
poj	chiàu-siông	照常	taihoa:13846
poj	chiàu-thâu	照頭	itaigi:15538
poj	chiàu-ti̍t	照直	itaigi:17510
poj	chiàⁿ sì kak hêng	正四角形	itaigi:10600
poj	chiàⁿ-bīn	正面	itaigi:7917
poj	chiàⁿ-chhiú	正手	taihoa:13298
poj	chiàⁿ-chhiú-pêng	正手旁	taihoa:13301
poj	chiàⁿ-chhiú-á	正手仔	itaigi:12142
poj	chiàⁿ-gia̍p	正業	itaigi:18460
poj	chiàⁿ-goe̍h cha̍p-gō͘	正月十五	itaigi:11551
poj	chiàⁿ-goe̍h chhe-it	正月初一	itaigi:11542
poj	chiàⁿ-hoan-kang	正番公	itaigi:16470
poj	chiàⁿ-hán-kiâⁿ	正罕行	itaigi:19239
poj	chiàⁿ-hó͘-thâu-phang	正虎頭蜂	itaigi:11061
poj	chiàⁿ-káng	正港	itaigi:14487
poj	chiàⁿ-ngē-táu	正硬鬥	itaigi:17974
poj	chiàⁿ-pêng	正旁	taihoa:13388
poj	chiàⁿ-pān	正範	itaigi:15951
poj	chiàⁿ-tiān	正電	itaigi:17169
poj	chián	剪	taihoa:13237
poj	chián-chhia	剪車	itaigi:16098
poj	chián-ku-á	剪龜仔	itaigi:17225
poj	chián-thâng	剪蟲	itaigi:2598
poj	chián-thâu	剪頭	itaigi:7048
poj	chián-á	剪仔	itaigi:2596
poj	chián-á-ku	剪仔龜	itaigi:12403
poj	chiáng-chì	長志	itaigi:11084
poj	chiáng-siōng-ap	掌上壓	itaigi:10980
poj	chiáu-kak	鳥角	taihoa:13746
poj	chiáu-á	鳥仔	itaigi:4076
poj	chiáu-á -mo͘ kiû	鳥仔毛球	itaigi:7454
poj	chiáu-á che	鳥仔災	itaigi:6473
poj	chiáu-á-lam	鳥仔籠	itaigi:17645
poj	chiáu-á-lang	鳥仔籠	itaigi:17646
poj	chiáu-á-lâng	鳥仔籠	itaigi:17647
poj	chiáⁿ	汫	itaigi:1104
poj	chiâm-ho̍k-kî	潛伏期	itaigi:13103
poj	chiân-chiam kè-ōe	前瞻計畫	itaigi:19545
poj	chiân-sòaⁿ	前線	itaigi:2711
poj	chiâⁿ	成	taihoa:13435
poj	chiâⁿ bô kán-tan	誠無簡單	itaigi:13506
poj	chiâⁿ bô-êng	誠無閒	itaigi:1183
poj	chiâⁿ chán	誠讚	itaigi:950
poj	chiâⁿ chē	誠濟	itaigi:1397
poj	chiâⁿ chē lâng	誠濟人	itaigi:1271
poj	chiâⁿ hiông	誠雄	itaigi:4640
poj	chiâⁿ kín	誠緊	itaigi:3200
poj	chiâⁿ kùi	誠貴	itaigi:1540
poj	chiâⁿ siong-sim	誠傷心	itaigi:6910
poj	chiâⁿ êng	誠閒	itaigi:13566
poj	chiâⁿ-chiâⁿ	成成	itaigi:12208
poj	chiâⁿ-hó	誠好	itaigi:5850
poj	chiâⁿ-kú	誠久	itaigi:11456
poj	chiâⁿ-mi̍h	成物	taihoa:13485
poj	chiâⁿ-siàⁿ-lâng	成聖人	itaigi:11803
poj	chiò	照	taihoa:14482
poj	chiòng-châi	將才	itaigi:3125
poj	chió	少	taihoa:14468
poj	chióng-chióng	種種	taihoa:14794
poj	chióng-lē	獎勵	taihoa:14801
poj	chióng-siōng-bîn-chu	掌上明珠	itaigi:4757
poj	chiông	從	taihoa:14822
poj	chiông-chiân	從前	taihoa:14825
poj	chiù	咒	taihoa:15321
poj	chiù-chōa	咒誓	itaigi:1768
poj	chiù-chōa hō͘ pa̍t-lâng sí	咒誓予別人死	itaigi:10491
poj	chiù-gí	咒語	itaigi:6745
poj	chiù-thiⁿ-chiù-tē	咒天咒地	itaigi:11593
poj	chiùⁿ	醬	taihoa:15432
poj	chiú	酒	taihoa:15236
poj	chiú-cheng	酒精	taihoa:15242
poj	chiú-cheng tiòng-to̍k	酒精中毒	itaigi:407
poj	chiú-chhài	酒菜	taihoa:15244
poj	chiú-chùi	酒醉	taihoa:15249
poj	chiām-bān	暫慢	itaigi:19764
poj	chiām-chat	暫節	itaigi:19604
poj	chiām-chiām	漸漸	taihoa:13128
poj	chiām-sî	暫時	taihoa:13135
poj	chiān	賤	itaigi:4832
poj	chiū	就	itaigi:2489
poj	chiū chá-khí	此早起	itaigi:7884
poj	chiū-chit	就職	taihoa:15369
poj	chiū-gia̍p	就業	taihoa:15371
poj	chiū-sî	此時	itaigi:2170
poj	chiū-sī	就是	taihoa:15383
poj	chiū-àm	此暗	itaigi:7878
poj	chiū-ūi	就位	itaigi:14010
poj	chiūⁿ	上	taihoa:15454
poj	chiūⁿ chhè-só͘	上廁所	itaigi:15014
poj	chiūⁿ thâu chiūⁿ bīn	上頭上面	itaigi:10151
poj	chiūⁿ-chiūⁿ-lo̍h-lo̍h	上上落落	itaigi:9031
poj	chiūⁿ-kè	上架	itaigi:17654
poj	chiūⁿ-lo̍h	上落	itaigi:18432
poj	chiūⁿ-lī-tiàu	上離吊	itaigi:11688
poj	chiūⁿ-sek	上色	itaigi:11321
poj	chi̍h-kut	舌骨	itaigi:18428
poj	chi̍p-ha̍p	集合	taihoa:14886
poj	chi̍p-sòaⁿ-khì	集線器	itaigi:13165
poj	chi̍p-tiong-chhī-tiûⁿ	集中市場	itaigi:16988
poj	chi̍p-tiong-iâⁿ	集中營	itaigi:13278
poj	chi̍p-tiong-la̍t	集中力	itaigi:14120
poj	chi̍p-tiám-khá	集點卡	itaigi:1620
poj	chi̍t	疾	taihoa:14945
poj	chi̍t chhut chhài	一齣菜	itaigi:13408
poj	chi̍t chiah	一隻	itaigi:4770
poj	chi̍t chiat khò	一節課	itaigi:3105
poj	chi̍t hng phòa chi̍t hng	一方破一方	itaigi:8262
poj	chi̍t hun-cheng	一分鐘	itaigi:6998
poj	chi̍t hūn	一份	itaigi:3219
poj	chi̍t kang	一工	itaigi:16713
poj	chi̍t kang tah-tah	一工貼貼	itaigi:14272
poj	chi̍t khu chhân	一坵田	itaigi:13812
poj	chi̍t kńg	一捲	itaigi:6985
poj	chi̍t lia̍t	一列	itaigi:4820
poj	chi̍t lâng ge̍k chiòng lâng	一人逆眾人	itaigi:8840
poj	chi̍t lâng kóng chi̍t khoán	一人講一款	itaigi:8679
poj	chi̍t lâng kóng chi̍t ōe	一人講一話	itaigi:8678
poj	chi̍t lē chi̍t hioh	一例一歇	itaigi:5802
poj	chi̍t nî	一年	itaigi:4536
poj	chi̍t pak tô͘	一幅圖	itaigi:4509
poj	chi̍t pit chîⁿ	一筆錢	itaigi:12385
poj	chi̍t piàn	一遍	itaigi:3228
poj	chi̍t sn̂g pau-á	一床包仔	itaigi:17232
poj	chi̍t tiuⁿ bîn-chhn̂g	一張眠床	itaigi:13823
poj	chi̍t tiâu chîⁿ	一條錢	itaigi:12384
poj	chi̍t tn̄g chha káu chhioh	一丈差九尺	itaigi:9321
poj	chi̍t téng bîn-chhn̂g	一頂眠床	itaigi:13813
poj	chi̍t tù chîⁿ	一注錢	itaigi:12386
poj	chi̍t tīn lâng	一陣人	itaigi:3299
poj	chi̍t-chhiú pau-pān	一手包辦	itaigi:8072
poj	chi̍t-chhùi-khùi	一嘴氣	taihoa:14963
poj	chi̍t-hoān	疾患	itaigi:17830
poj	chi̍t-ji̍t saⁿ hâng-chêng	一日三行情	itaigi:8078
poj	chi̍t-jí	一子	itaigi:8377
poj	chi̍t-kang	一工	itaigi:7872
poj	chi̍t-kang kàu-àm	一工到暗	itaigi:8066
poj	chi̍t-khai-sí	一開始	itaigi:1308
poj	chi̍t-kiò-chi̍t-èng	一叫一應	itaigi:8481
poj	chi̍t-koán-sú	疾管署	itaigi:13113
poj	chi̍t-kòe-pòaⁿ-kòe	一過半過	itaigi:8227
poj	chi̍t-kûn bô-kàu sí	一拳無夠死	itaigi:10268
poj	chi̍t-lâng ge̍k chèng-lâng	一人逆眾人	itaigi:9875
poj	chi̍t-lâng kiâⁿ chi̍t-lō͘	一人行一路	itaigi:10613
poj	chi̍t-lé-pài	一禮拜	itaigi:11498
poj	chi̍t-lō͘ sūn-hong	一路順風	itaigi:8437
poj	chi̍t-nî thàu-tang	一年透冬	itaigi:8218
poj	chi̍t-pah	一百	itaigi:3591
poj	chi̍t-pà	一百	itaigi:1632
poj	chi̍t-pái	一擺	itaigi:6133
poj	chi̍t-pái koh chi̍t-pái	一擺閣一擺	itaigi:8209
poj	chi̍t-pái pòaⁿ-pái	一擺半擺	itaigi:8233
poj	chi̍t-pòaⁿ-kòe-á	一半過仔	itaigi:8897
poj	chi̍t-pòaⁿ-pái-á	一半擺仔	itaigi:8896
poj	chi̍t-sin	一身	itaigi:10964
poj	chi̍t-sin thâu-bóe	一身頭尾	itaigi:2194
poj	chi̍t-siú-koa	一首歌	itaigi:9820
poj	chi̍t-sî bô-chù-ì	一時無注意	itaigi:8329
poj	chi̍t-sî bô-tiuⁿ-tî	一時無張持	itaigi:8331
poj	chi̍t-sî sim-sek heng	一時心適興	itaigi:8333
poj	chi̍t-sî sit-kak-chhat	一時失覺察	itaigi:8330
poj	chi̍t-tiám-tiám-á	一點點仔	itaigi:8030
poj	chi̍t-tiâu-koa	一條歌	itaigi:9821
poj	chi̍t-tn̄g chha káu-chhioh	一丈差九尺	itaigi:10760
poj	chi̍t-to  kìⁿ-bah	一刀見肉	itaigi:12106
poj	chi̍t-to kìⁿ-bah	一刀見肉	itaigi:8343
poj	chi̍t-ē-á	一下子	taihoa:14977
poj	chng	裝	taihoa:15591
poj	chng-kha-lâng	莊腳人	taihoa:15671
poj	chng-pôaⁿ	裝盤	itaigi:18671
poj	chng-á	磚仔	taihoa:15650
poj	chn̄g-su	狀師	itaigi:11856
poj	cho	糟	taihoa:15718
poj	choa--ê	遮的	itaigi:12519
poj	choan	專	taihoa:16251
poj	choan-bûn tan-jī	專門單字	itaigi:16598
poj	choan-iōng-tō	專用道	itaigi:19718
poj	choan-ka	專家	taihoa:16410
poj	choan-kang	專工	taihoa:16411
poj	choan-sim	專心	taihoa:16435
poj	choa̍h-bī	差味	itaigi:13164
poj	choa̍t-bōng	絕望	taihoa:16457
poj	choa̍t-iân	絕緣	taihoa:16467
poj	choa̍t-kau	絕交	taihoa:16469
poj	choa̍t-pit	絕筆	taihoa:16480
poj	choa̍t-tùi	絕對	taihoa:16492
poj	chok-sit	作息	itaigi:479
poj	chong-ha̍p sún-ek	綜合損益	itaigi:4649
poj	chong-ha̍p-kek-tò͘	綜合格鬥	itaigi:14437
poj	chong-kàu	宗教	taihoa:16781
poj	chong-kàu sìn-gióng	宗教信仰	itaigi:4841
poj	chong-tiōng	莊重	itaigi:13110
poj	choán-chîⁿ	賺錢	itaigi:1127
poj	choán-lûn	轉輪	itaigi:18688
poj	choán-piàn	轉變	itaigi:14498
poj	choán-siá	轉寫	itaigi:14808
poj	choán-tâi-khì	轉台器	itaigi:7298
poj	choân	全	taihoa:16314
poj	choân pan	全班	itaigi:4704
poj	choân sit-ji̍t	全蝕日	itaigi:3335
poj	choân-bîn kiān-pó	全民健保	itaigi:5809
poj	choân-bīn-tek	全面的	itaigi:13226
poj	choân-hoat	全髮	itaigi:16808
poj	choân-kok	全國	taihoa:16340
poj	choân-lêng	全能	taihoa:16347
poj	choân-oân	全員	itaigi:2520
poj	choân-sit-ji̍t	全失日	itaigi:14860
poj	choân-sè-kài	全世界	itaigi:2521
poj	cho͘	組	taihoa:16797
poj	cho͘-chit	組織	taihoa:16885
poj	chu	珠	itaigi:638
poj	chu-bui-á-chu-bui	滋微仔滋微	itaigi:7164
poj	chu-chu-âng	朱朱紅	itaigi:15995
poj	chu-chìn-tóng	資進黨	itaigi:2222
poj	chu-hô͘	諸侯	itaigi:2868
poj	chu-ióng-chân	滋養層	itaigi:18290
poj	chu-jūn	滋潤	itaigi:2484
poj	chu-kang	資工	itaigi:5496
poj	chu-keh	資格	taihoa:17801
poj	chu-kó͘-la̍t	朱古力	itaigi:754
poj	chu-liāu-khò͘	資料庫	itaigi:16948
poj	chu-lūi	珠淚	itaigi:19744
poj	chu-pún	資本	taihoa:17995
poj	chu-soàn	珠算	taihoa:18010
poj	chu-tai	書呆	itaigi:589
poj	chu-tó	諸島	itaigi:19536
poj	chu-á-ku	珠仔龜	itaigi:13696
poj	chu-á-tâi	珠仔台	itaigi:7340
poj	chu-âng sek	朱紅色	itaigi:4643
poj	chui-sok--ê	催速的	itaigi:16963
poj	chui-sok-á	催速仔	itaigi:16962
poj	chun	尊	taihoa:17822
poj	chun-kèng	尊敬	taihoa:17980
poj	chun-pi	尊卑	itaigi:13290
poj	chun-siú kui-kí	遵守規矩	itaigi:19
poj	chu̍t-bí	秫米	taihoa:18020
poj	chà	炸	taihoa:5294
poj	chà-khi	詐欺	taihoa:5302
poj	chà-khi-hoān	詐欺犯	itaigi:14150
poj	chà-phiàn chi̍p-thoân	詐騙集團	itaigi:3169
poj	chài	再	taihoa:5420
poj	chài saⁿ chài sì	再三再四	itaigi:8234
poj	chài-chîⁿ	載錢	itaigi:15396
poj	chài-kang	載工	itaigi:15398
poj	chài-pāi	再敗	itaigi:4754
poj	chàm	斬	taihoa:5738
poj	chàn	層	taihoa:5803
poj	chàn-bí	讚美	taihoa:5805
poj	chàn-chō͘	贊助	taihoa:5810
poj	chàn-siaⁿ	贊聲	itaigi:4149
poj	chàn-siaⁿ-tūi	贊聲隊	itaigi:15376
poj	chàn-sêng	贊成	taihoa:5824
poj	chàu	灶	taihoa:6283
poj	chàu-kha	灶腳	taihoa:6302
poj	chá	早	taihoa:5243
poj	chá-bān	早慢	taihoa:5248
poj	chá-chêng	早前	taihoa:5252
poj	chá-chū-si̍p	早自習	itaigi:2936
poj	chá-khí	早起	taihoa:5261
poj	chá-seⁿ-kùi-chú	早生貴子	itaigi:6491
poj	chá-sí	早死	taihoa:5280
poj	chá-sî	早時	itaigi:7882
poj	chá-sî-á	早時仔	itaigi:7903
poj	chá-thâu	早頭	itaigi:7883
poj	chá-tǹg-tiàm	早頓店	itaigi:2012
poj	chái-chhī	早市	itaigi:14796
poj	chái-khí	早起	taihoa:5417
poj	chái-sî-á	早時仔	itaigi:11510
poj	cháiⁿ-ia̍p-á	指葉仔	itaigi:11137
poj	cháiⁿ-iūⁿ	怎樣	taihoa:5667
poj	cháiⁿ-khòng	指控	itaigi:15505
poj	chán	讚	itaigi:1227
poj	chán-chán-chán	讚讚讚	itaigi:18847
poj	cháu	走	taihoa:6099
poj	cháu liáu-liáu	走了了	itaigi:9688
poj	cháu tn̂g bá	走長碼	itaigi:9810
poj	cháu-bé-lông	走馬廊	itaigi:13971
poj	cháu-bé-lō͘	走馬路	itaigi:7116
poj	cháu-bé-teng	走馬燈	itaigi:6217
poj	cháu-cheng	走精	itaigi:2106
poj	cháu-chhia-le̍k-lō͘	走車碌路	itaigi:12306
poj	cháu-chhōe	走找	taihoa:6134
poj	cháu-choa̍h	走差	itaigi:16092
poj	cháu-chōa	走逝	itaigi:18094
poj	cháu-gîn	走銀	itaigi:3782
poj	cháu-ji̍t	走日	itaigi:15176
poj	cháu-khiuⁿ	走腔	itaigi:18655
poj	cháu-kiān-ki	走健機	itaigi:13557
poj	cháu-kiāⁿ	走健	itaigi:18796
poj	cháu-lō͘	走路	itaigi:1380
poj	cháu-phek	走拍	itaigi:2532
poj	cháu-pio	走標	itaigi:814
poj	cháu-saⁿ-chip	走相逐	itaigi:15094
poj	cháu-sio-chip	走相逐	itaigi:16202
poj	cháu-sio-giok	走相逐	itaigi:16114
poj	cháu-sio-jiok	走相逐	itaigi:2363
poj	cháu-sio-lip	走相逐	itaigi:15225
poj	cháu-soaⁿ	走山	itaigi:11484
poj	cháu-âng-teng	走紅燈	itaigi:1477
poj	châi so͘ ha̍k chhián	才疏學淺	itaigi:2220
poj	châi-bu̍t	財物	taihoa:5450
poj	châi-goân	財源	taihoa:5468
poj	châi-liāu	材料	taihoa:5491
poj	châi-liāu kho-ha̍k	材料科學	itaigi:8197
poj	châi-liāu le̍k-ha̍k	材料力學	itaigi:7412
poj	châi-lêng	才能	taihoa:5487
poj	châi-sán	財產	taihoa:5494
poj	châi-sán chèng-bêng	財產證明	itaigi:6111
poj	châi-thoân-hoat-jîn	財團法人	itaigi:12222
poj	châi-tiāu	才調	itaigi:1864
poj	chân-hûn	層雲	itaigi:17382
poj	chân-jím	殘忍	taihoa:5847
poj	chân-táⁿ	殘膽	itaigi:16077
poj	châng	叢	taihoa:5901
poj	chè	制	taihoa:6350
poj	chè-bū	債務	taihoa:6361
poj	chè-chú	債主	taihoa:6379
poj	chè-hān	制限	taihoa:6383
poj	chè-phín-bûn	祭品文	itaigi:7260
poj	chè-tô͘	製圖	taihoa:6422
poj	chè-tō͘	制度	taihoa:6423
poj	chèng	種	taihoa:6737
poj	chèng-bêng	證明	taihoa:6740
poj	chèng-bêng-su	證明書	taihoa:6741
poj	chèng-chhek gián-gí	政策研擬	itaigi:2639
poj	chèng-chhek kui-ōe	政策規劃	itaigi:12095
poj	chèng-chu	種珠	itaigi:677
poj	chèng-hoe	種花	itaigi:7447
poj	chèng-hú	政府	taihoa:6774
poj	chèng-hāu-kûn	症候群	itaigi:11146
poj	chèng-jîn kun-chú	正人君子	itaigi:14924
poj	chèng-kui	正規	itaigi:7402
poj	chèng-kui-hòa	正規化	itaigi:6090
poj	chèng-kì	證據	taihoa:6794
poj	chèng-kìⁿ	證見	taihoa:6798
poj	chèng-lâng	眾人	taihoa:6806
poj	chèng-si	證書	itaigi:15409
poj	chèng-siông	正常	itaigi:1016
poj	chèng-siông thé-ūi	正常體位	itaigi:12149
poj	chèng-thâu	症頭	taihoa:6837
poj	chèng-tī jîn-bu̍t	政治人物	itaigi:9689
poj	ché-hu	姊夫	taihoa:6349
poj	chéng	種	taihoa:6690
poj	chéng-chéng	整整	taihoa:6698
poj	chéng-chí	種子	taihoa:6699
poj	chéng-chîⁿ	整錢	itaigi:18768
poj	chéng-hêng gōa-kho	整形外科	itaigi:6268
poj	chéng-hōe	整匯	itaigi:16998
poj	chéng-kah-chhái	指甲彩	itaigi:695
poj	chéng-kah-chián	指甲剪	itaigi:5448
poj	chéng-kah-chián-á	指甲剪仔	itaigi:185
poj	chéng-kah-iû	指甲油	itaigi:263
poj	chéng-kah-to-á	指甲刀仔	itaigi:5451
poj	chéng-thn̂g	種傳	itaigi:16429
poj	chéng-thâu-á	指頭仔	itaigi:11715
poj	chéng-thâu-á-kan-lo̍k	指頭仔干樂	itaigi:2237
poj	chéng-tio̍h	種著	itaigi:9674
poj	chéⁿ-khàm	井勘	taihoa:6648
poj	chéⁿ-té chúi-ke	井底水雞	itaigi:16121
poj	chê	齊	taihoa:6425
poj	chêng sè-hàn kah tōa-hàn	從細漢甲大漢	itaigi:3097
poj	chêng-bīn	前面	taihoa:6867
poj	chêng-chho	情操	itaigi:15767
poj	chêng-chi̍t-kang	前一工	itaigi:15289
poj	chêng-jîn-cheh	情人節	itaigi:6811
poj	chêng-khok	前擴	itaigi:985
poj	chêng-kàu-taⁿ	從到今	itaigi:14514
poj	chêng-mn̂g	前毛	itaigi:3976
poj	chêng-nî	前年	itaigi:7868
poj	chêng-sí	情死	itaigi:19356
poj	chêng-sò͘-āu-pó͘	前數後補	itaigi:19729
poj	chêng-tan-jī	情單字	itaigi:17100
poj	chêng-á	前仔	itaigi:7915
poj	chì-kong-bû-su	至公無私	itaigi:17284
poj	chìm	浸	taihoa:14056
poj	chìm-chúi-sek kàu-ha̍k	浸水式教學	itaigi:6600
poj	chìm-chúi-tháng	浸水桶	itaigi:7253
poj	chìm-thàu	浸透	itaigi:16681
poj	chìn-chi̍t-pō͘	進一步	itaigi:4455
poj	chìn-chêng	進前	itaigi:11580
poj	chìn-tō͘	震度	itaigi:7028
poj	chìⁿ	箭	taihoa:14146
poj	chí	子	itaigi:15999
poj	chí-bí	紫米	itaigi:419
poj	chí-chhài	煮菜	taihoa:12588
poj	chí-chháu-ko	紫草膏	itaigi:11217
poj	chí-chiam kan-lo̍k	指尖干樂	itaigi:10969
poj	chí-chia̍h-sai-hū	煮食師傅	itaigi:11853
poj	chí-chia̍h-ê	煮食的	itaigi:11854
poj	chí-hu	姊夫	itaigi:6378
poj	chí-hui	指揮	taihoa:12611
poj	chí-hui-kut-á	指揮骨仔	itaigi:7177
poj	chí-hui-só͘	指揮所	itaigi:12265
poj	chí-kàu	指教	taihoa:12624
poj	chí-la̍t	止力	itaigi:18692
poj	chí-lēng sù-hong-thé	指令四方體	itaigi:3380
poj	chí-sek	紫色	taihoa:12656
poj	chí-sò͘-hêng ki-kim	指數型基金	itaigi:17004
poj	chí-thiàⁿ	止疼	itaigi:4630
poj	chí-thiàⁿ-io̍h	止疼藥	itaigi:11264
poj	chí-tē-koe	紫地瓜	itaigi:2482
poj	chí-tō	指導	taihoa:12679
poj	chí-á	子仔	itaigi:13881
poj	chí-ū	只有	taihoa:12682
poj	chím	這馬	itaigi:952
poj	chím sio-chúi	浸燒水	itaigi:18276
poj	chím-má	嬸媽	taihoa:14045
poj	chím-thâu	枕頭	taihoa:14048
poj	chín-chai	賑災	taihoa:14118
poj	chín-toān	診斷	taihoa:14135
poj	chíⁿ	茈	itaigi:6388
poj	chî-chhiam	薯簽	itaigi:13804
poj	chî-tiâu	薯條	itaigi:11206
poj	chîm	蟳	taihoa:14067
poj	chîn	繩	itaigi:16676
poj	chîⁿ	錢	taihoa:14239
poj	chîⁿ bô-hó thàn	錢無好趁	itaigi:9558
poj	chîⁿ bô-kè	錢無價	itaigi:16909
poj	chîⁿ bô-la̍t	錢無力	itaigi:15060
poj	chîⁿ khai-bô-tin	錢開無津	itaigi:13438
poj	chîⁿ lo̍h-kè	錢落價	itaigi:16908
poj	chîⁿ pháiⁿ thàn	錢歹趁	itaigi:9559
poj	chîⁿ piàn-kāu	錢變厚	itaigi:15061
poj	chîⁿ piàn-po̍h	錢變薄	itaigi:15059
poj	chîⁿ po̍h--khì	錢薄去	itaigi:16886
poj	chîⁿ ū-la̍t	錢有力	itaigi:15062
poj	chîⁿ-kin	錢根	itaigi:16917
poj	chîⁿ-kūi-á	錢櫃仔	itaigi:12236
poj	chîⁿ-phiò	錢票	itaigi:11911
poj	chîⁿ-pún	錢本	itaigi:3699
poj	chîⁿ-toaⁿ	錢單	itaigi:18609
poj	chîⁿ-tâng	錢筒	itaigi:14872
poj	chîⁿ-tâng-á	錢筒仔	itaigi:3012
poj	chò	做	taihoa:15736
poj	chò bô-chèng-keng thâu-lō͘	做無正經頭路	itaigi:10267
poj	chò gû bô-sioh la̍t	做牛無惜力	itaigi:10426
poj	chò khong-khì-tiûⁿ	做空氣場	itaigi:12479
poj	chò kioh bô siang-têng châi	做腳無雙重才	itaigi:8697
poj	chò sim-sng--ê	做心酸的	itaigi:5813
poj	chò tāi-chì--ê pán-lō͘	做代誌的板路	itaigi:14616
poj	chò ē kàu	做會到	itaigi:6488
poj	chò--hō͘-lâng	做予人	itaigi:11770
poj	chò--lâng	做人	itaigi:1032
poj	chò--lâng-ah	做人矣	itaigi:11766
poj	chò-ba̍k	做木	itaigi:11832
poj	chò-ba̍k sai-hū	做木師傅	itaigi:11837
poj	chò-ba̍k-ê	做木的	itaigi:11831
poj	chò-chhit	做七	itaigi:11809
poj	chò-chhàu-thâu-ke-á	做臭頭雞仔	itaigi:2531
poj	chò-chhân	做田	itaigi:11828
poj	chò-goe̍h	做月	itaigi:11794
poj	chò-gī-niū	做議量	itaigi:13824
poj	chò-hóe	做夥	taihoa:15842
poj	chò-hóe kek thâu-náu	做伙激頭腦	itaigi:6216
poj	chò-hóe-khì-sí	做伙去死	itaigi:19379
poj	chò-hûiⁿ	做園	itaigi:11829
poj	chò-hûiⁿ-ê	做園的	itaigi:11827
poj	chò-hōaⁿ	做旱	itaigi:7610
poj	chò-kang	做工	taihoa:15869
poj	chò-kang-á-lâng	做工仔人	itaigi:13961
poj	chò-khang-khòe	做工課	itaigi:11825
poj	chò-khí	做起	taihoa:15910
poj	chò-kong-chhin	做公親	itaigi:19188
poj	chò-kong-tek	做功德	itaigi:11811
poj	chò-kù	做句	itaigi:12885
poj	chò-lâng	做人	itaigi:4797
poj	chò-sai-kong	做司公	itaigi:11810
poj	chò-sek	做色	itaigi:13847
poj	chò-sit-lâng	做穡人	taihoa:16019
poj	chò-soaⁿ	做山	itaigi:11830
poj	chò-sêng	做成	itaigi:17950
poj	chò-thô͘	做塗	itaigi:11845
poj	chò-thô͘-chúi	做塗水	itaigi:11842
poj	chò-thô͘-chúi-ê	做塗水的	itaigi:11846
poj	chò-tīn	做陣	taihoa:16049
poj	chò-tōa-chúi	做大水	itaigi:11352
poj	chò-ōaⁿ	做旱	itaigi:11349
poj	chòaⁿ	炸	itaigi:3221
poj	chòaⁿ ti-thâu-phôe	炸豬頭皮	itaigi:9425
poj	chòe	最	taihoa:16502
poj	chòe-ko hoat-īⁿ	最高法院	itaigi:7100
poj	chòe-kīn	最近	taihoa:16513
poj	chòe-kīn hó--bô	最近好無	itaigi:6954
poj	chòe-āu	最後	itaigi:14493
poj	chòng-sek	葬式	taihoa:16735
poj	chòng-ōng	壯旺	itaigi:17151
poj	chó-chúi	藻水	itaigi:15613
poj	chó-iū-lîn	左右鄰	itaigi:18285
poj	chó-lūi	藻類	itaigi:18730
poj	chó-ta	藻礁	itaigi:19678
poj	chóa	紙	taihoa:16137
poj	chóa-kiap-á	紙夾仔	itaigi:11300
poj	chóa-lī	紙字	itaigi:11910
poj	chóa-phiò piàn po̍h	紙票變薄	itaigi:15055
poj	chóa-phiò piàn-kāu	紙票變厚	itaigi:15057
poj	chóa-poe-á	紙杯仔	itaigi:4833
poj	chóa-po̍h	紙泊	taihoa:16189
poj	chóa-siuⁿ-á	紙箱仔	itaigi:13515
poj	chóng--sī án-ne	總是按呢	itaigi:10390
poj	chóng-la̍p	總納	itaigi:16978
poj	chóng-pho͘	總鋪	itaigi:16567
poj	chóng-phò͘	總舖	itaigi:16568
poj	chóng-su-kì	總書記	itaigi:8315
poj	chóng-sī	總是	itaigi:7957
poj	chóng-thóng	總統	taihoa:16716
poj	chó͘-khiok ûi-hoat sū-iû	阻卻違法事由	itaigi:19686
poj	chó͘-kong chó͘-má	祖公祖媽	itaigi:10717
poj	chó͘-kong thài-má	祖公太媽	itaigi:10716
poj	chó͘-sian	祖先	taihoa:16847
poj	chó͘-tòng	阻擋	taihoa:16859
poj	chôa	蛇	taihoa:16204
poj	chôa-bo̍k	蛇木	itaigi:13580
poj	chôaⁿ-chúi	泉水	taihoa:16327
poj	chông-kiàⁿ-gîn-hâng	藏鏡銀行	itaigi:3660
poj	chông-tâm	叢談	itaigi:3729
poj	chù tōa-tâng	注大筒	itaigi:2931
poj	chù êng-ióng-siā	注營養射	itaigi:19461
poj	chù ī-hông-siā	注預防射	itaigi:19701
poj	chù ū-hông-chiam	注預防針	itaigi:6397
poj	chù-ba̍k	注目	itaigi:13120
poj	chù-bûn	注文	itaigi:296
poj	chù-hoeh	注血	itaigi:12459
poj	chù-im hû-hō	注音符號	itaigi:12538
poj	chù-kái	註解	itaigi:583
poj	chù-siā	注射	itaigi:34
poj	chù-sí	註死	itaigi:9947
poj	chù-sîn	注神	itaigi:2341
poj	chù-tiāⁿ	註定	itaigi:4601
poj	chù-ì	注意	taihoa:17057
poj	chùi	醉	taihoa:17769
poj	chú	主	taihoa:16916
poj	chú àm-tǹg	煮暗頓	itaigi:4724
poj	chú-cháiⁿ	主宰	taihoa:16919
poj	chú-gī	主義	taihoa:16936
poj	chú-iàu	主要	taihoa:16944
poj	chú-kiong-kéng	子宮頸	itaigi:2940
poj	chú-kiong-thâu	子宮頭	itaigi:13082
poj	chú-koân cheng-gī	主權爭議	itaigi:8158
poj	chú-kàu	主教	taihoa:16953
poj	chú-lâng	主人	taihoa:16976
poj	chú-ngó͘-gî	子午儀	itaigi:18509
poj	chú-pin	主賓	taihoa:16996
poj	chú-pit	主筆	taihoa:16997
poj	chú-se̍k	煮熟	itaigi:4636
poj	chú-tiuⁿ	主張	taihoa:17032
poj	chúi	水	taihoa:17367
poj	chúi pang-soaⁿ	水崩山	itaigi:7373
poj	chúi-ah-chhia	水鴨車	itaigi:130
poj	chúi-bīn pó-hiám	水面保險	itaigi:3583
poj	chúi-bū-kio̍k	水務局	itaigi:15320
poj	chúi-chai	水災	itaigi:11350
poj	chúi-cheng-khì	水蒸氣	taihoa:17407
poj	chúi-chheⁿ tò-thâu kiâⁿ	水星倒頭行	itaigi:9
poj	chúi-chhia	水車	taihoa:17426
poj	chúi-chhiûⁿ	水牆	itaigi:7700
poj	chúi-chhái-ōe	水彩畫	itaigi:13843
poj	chúi-chio̍h-thiàu	水石跳	itaigi:3487
poj	chúi-chn̄g	水旋	itaigi:18102
poj	chúi-choān-á	水轉仔	itaigi:19672
poj	chúi-cho̍k siuⁿ	水族箱	itaigi:4313
poj	chúi-cho̍k-koán	水族館	itaigi:4312
poj	chúi-chu	水珠	taihoa:17470
poj	chúi-chôaⁿ-thâu	水泉頭	itaigi:14966
poj	chúi-chúi--ê	水水的	itaigi:13319
poj	chúi-chún	水準	taihoa:17471
poj	chúi-ge̍k	水逆	itaigi:362
poj	chúi-goân-thâu	水源頭	itaigi:7467
poj	chúi-gîn	水銀	taihoa:17482
poj	chúi-gû	水牛	taihoa:17485
poj	chúi-hún	水粉	itaigi:2337
poj	chúi-iû	水油	taihoa:17524
poj	chúi-ka	水膠	taihoa:17528
poj	chúi-kau	水溝	itaigi:11372
poj	chúi-ke	水雞	itaigi:16525
poj	chúi-ke-phôe-á	水雞皮仔	itaigi:2612
poj	chúi-khok-á	水酷仔	itaigi:18633
poj	chúi-khò͘	水庫	itaigi:7531
poj	chúi-kng	水缸	taihoa:17580
poj	chúi-ku	水龜	itaigi:17084
poj	chúi-kái	水解	itaigi:13521
poj	chúi-káu	水狗	taihoa:17537
poj	chúi-kó-koaⁿ	水果乾	itaigi:19715
poj	chúi-kó-sng bán-bīn	水果酸挽面	itaigi:2761
poj	chúi-kóng	水管	taihoa:17586
poj	chúi-kúi-á	水鬼仔	itaigi:7989
poj	chúi-kún-nn̄g	水滾卵	itaigi:13636
poj	chúi-kńg	水管	taihoa:17581
poj	chúi-liông-chhia	水龍車	itaigi:16108
poj	chúi-lo̍h	水落	itaigi:1607
poj	chúi-lo̍k	水鹿	itaigi:2718
poj	chúi-lêng	水龍	itaigi:17054
poj	chúi-lō͘	水路	taihoa:17647
poj	chúi-nî	水呢	taihoa:17652
poj	chúi-ong-ong-lâu	水汪汪流	itaigi:8105
poj	chúi-pang-soaⁿ	水崩山	itaigi:12259
poj	chúi-phòe	水帕	itaigi:7836
poj	chúi-piàn-tē-gím	水遍地錦	itaigi:18731
poj	chúi-pió	水錶	taihoa:17679
poj	chúi-siang-chhe	水雙叉	itaigi:7835
poj	chúi-siaⁿ	水聲	itaigi:18605
poj	chúi-siōng	水象	itaigi:16388
poj	chúi-sng-hòa-bu̍t	水酸化物	itaigi:2447
poj	chúi-sé	水洗	itaigi:13480
poj	chúi-sò͘	水素	itaigi:12166
poj	chúi-thiāu	水柱	itaigi:17295
poj	chúi-tháng	水桶	taihoa:17730
poj	chúi-thò	水套	itaigi:10031
poj	chúi-thó͘	水土	taihoa:17743
poj	chúi-thó͘ put-ho̍k	水土不服	itaigi:7510
poj	chúi-tâng	水筒	itaigi:14702
poj	chúi-tî-á	水池仔	itaigi:7538
poj	chúi-tò	水倒	itaigi:363
poj	chúi-tō	水道	taihoa:17759
poj	chúi-tō-kio̍k	水道局	itaigi:15319
poj	chúi-tō-thâu	水道頭	itaigi:15321
poj	chúi-éng	水湧	itaigi:11353
poj	chúi-óaⁿ	水碗	itaigi:4224
poj	chúi-ô͘	水壺	itaigi:582
poj	chún	準	taihoa:17827
poj	chún-bô-khòaⁿ-tio̍h	準無看著	itaigi:19603
poj	chún-chò	準做	itaigi:318
poj	chún-kòe	準過	itaigi:4511
poj	chún-pī	準備	taihoa:17846
poj	chún-soah	準煞	itaigi:4233
poj	chû-bó	慈母	itaigi:4533
poj	chû-chín-chō-iáⁿ	磁振造影	itaigi:3201
poj	chû-siān	慈善	taihoa:17108
poj	chû-tiâu	薯條	itaigi:13453
poj	chûi-kè-siàu	摧價數	taihoa:17783
poj	chûn	存	taihoa:17871
poj	chûn-phòa hái-té chē	船破海底坐	itaigi:9594
poj	chûn-thâu	船頭	itaigi:7619
poj	chûn-tiúⁿ	船長	taihoa:17941
poj	chûn-toaⁿ	船單	itaigi:18343
poj	chûn-á chháu	船仔草	itaigi:9527
poj	chāi	在	itaigi:18057
poj	chāi-chhú	在此	itaigi:14455
poj	chāi-chit-oàn-chit	在職怨職	itaigi:10404
poj	chāi-chéng	在種	itaigi:6832
poj	chāi-chúi	在水	itaigi:16785
poj	chāi-chún	在準	itaigi:16786
poj	chāi-lâi	在來	taihoa:5549
poj	chāi-lâi-bí	在來米	taihoa:5552
poj	chāi-lí-khì	在你去	itaigi:15906
poj	chāi-ngó͘	在伍	itaigi:18078
poj	chām	站	taihoa:5763
poj	chāu	找	taihoa:6321
poj	chāu lân-san--ê	找零星的	itaigi:416
poj	chāu-chîⁿ	找錢	itaigi:424
poj	chē	座	taihoa:6445
poj	chē -kē	坐低	itaigi:9003
poj	chē hì chē lâng khòaⁿ	濟戲濟人看	itaigi:8695
poj	chē lo̍h-lâi	坐落來	itaigi:9004
poj	chē tiong-tó͘-chûn	坐中堵船	itaigi:10130
poj	chē-cha̍p-it-hō-á	坐十一號仔	itaigi:17780
poj	chē-chheng	坐清	itaigi:4438
poj	chē-chhia	坐車	itaigi:15839
poj	chē-chéⁿ khòaⁿ-thiⁿ	坐井看天	itaigi:10500
poj	chē-chûn	坐船	itaigi:15838
poj	chē-chē-lâng ūn-tōng	濟濟人運動	itaigi:3460
poj	chē-hûn	濟雲	itaigi:5962
poj	chē-lâng-pēⁿ-pâng	濟人病房	itaigi:6273
poj	chē-sè	坐勢	itaigi:15933
poj	chē-tiām	坐墊	itaigi:13997
poj	chēng	從	taihoa:6962
poj	chēng-khòng pâi-hòng	淨空排放	itaigi:19506
poj	chēng-khòng pâi-tû	淨空排除	itaigi:19507
poj	chēng-lêng pâi-hòng	淨零排放	itaigi:19505
poj	chēng-than	淨灘	itaigi:13816
poj	chēng-ú sòe	贈與稅	itaigi:4592
poj	chīn-hù-tong-liû	盡付東流	itaigi:13297
poj	chīn-ke	盡加	itaigi:4500
poj	chīn-le̍k	盡力	taihoa:14341
poj	chīn-liōng	盡量	itaigi:4819
poj	chō	造	taihoa:16100
poj	chō-iū-bêng	座右銘	itaigi:573
poj	chōa	誓	taihoa:16232
poj	chōe	睡	taihoa:16520
poj	chōe-hêng hoat tēng	罪刑法定	itaigi:6458
poj	chōe-hāng-khoán	濟項款	itaigi:18928
poj	chōe-jîn	罪人	taihoa:16529
poj	chōng-hóng	狀況	taihoa:16764
poj	chōng-su	狀師	itaigi:16185
poj	chō͘-chhiú	助手	taihoa:16870
poj	chō͘-chān	助贊	taihoa:16868
poj	chō͘-pha̍k	助曝	itaigi:18636
poj	chō͘-sán-sū	助產士	taihoa:16878
poj	chō͘-thiaⁿ-khì	助聽器	itaigi:13088
poj	chū	自	taihoa:17116
poj	chū sè-hàn kah tōa-hàn	自細漢甲大漢	itaigi:3099
poj	chū-chiau	聚焦	itaigi:14404
poj	chū-chi̍p	聚集	taihoa:17153
poj	chū-chok	自作	itaigi:19521
poj	chū-chok-chū-choan	自作自專	itaigi:19574
poj	chū-chok-to-chêng	自作多情	itaigi:4587
poj	chū-chun-sim	自尊心	taihoa:17169
poj	chū-chí	住址	taihoa:17146
poj	chū-chú-koán-lí	自主管理	itaigi:13474
poj	chū-hoàn-ki	自販機	itaigi:15790
poj	chū-hûi	自肥	itaigi:18519
poj	chū-iû	自由	taihoa:17193
poj	chū-iû tan-jī-goân	自由單字元	itaigi:3690
poj	chū-iû-chō	自由座	itaigi:15316
poj	chū-iû-chū-chāi	自由自在	itaigi:2741
poj	chū-iû-kiû	自由球	itaigi:11040
poj	chū-iû-kóng-tiûⁿ	自由廣場	itaigi:14458
poj	chū-jiân	自然	taihoa:17201
poj	chū-ka-iōng--ê	自家用的	itaigi:16005
poj	chū-kí	自己	taihoa:17221
poj	chū-lián-chhia	自輪車	itaigi:11917
poj	chū-ngó͘ kài-siāu	自我介紹	itaigi:6704
poj	chū-ngó͘ si̍t-hiān	自我實現	itaigi:6920
poj	chū-pì	自閉	itaigi:4651
poj	chū-pì-chèng	自閉症	itaigi:6389
poj	chū-pō-chū-khì	自暴自棄	itaigi:14296
poj	chū-sat	自殺	taihoa:17262
poj	chū-sin lân pó	自身難保	itaigi:3246
poj	chū-siong-mâu-tún	自相矛盾	itaigi:14299
poj	chū-siú	自首	taihoa:17274
poj	chū-su	自私	taihoa:17279
poj	chū-sìn	自信	taihoa:17270
poj	chū-só͘	住所	taihoa:17276
poj	chū-thâu	自頭	itaigi:11460
poj	chū-tâu-lô-bāng	自投羅網	itaigi:19141
poj	chū-tī	自治	taihoa:17295
poj	chū-tī-koān	自治縣	itaigi:12767
poj	chū-tī-thé	自治體	itaigi:8181
poj	chū-tōng iân-pit	自動鉛筆	itaigi:13389
poj	chū-tōng-kūi-oân-ki	自動櫃員機	itaigi:16889
poj	chū-tōng-kūi-tâi-ki	自動櫃台機	itaigi:16890
poj	chū-tōng-niá-chîⁿ-ki-á	自動領錢機仔	itaigi:16792
poj	chūn	陣	taihoa:17954
poj	chǹg	鑽	taihoa:15606
poj	chǹg-á	鑽仔	taihoa:15608
poj	chṳ̄-chō͘-chhan	自助餐	itaigi:18985
poj	chṳ̄-sin lân pó	自身難保	itaigi:14322
poj	e	鍋	taihoa:18041
poj	e sió-thê-khîm	挨小提琴	itaigi:2944
poj	e-chio̍h-bō	挨石磨	itaigi:13549
poj	e-chái-pn̄g	下早飯	itaigi:16488
poj	e-chái-tǹg	下早頓	itaigi:16487
poj	e-chái-á	下早仔	itaigi:16485
poj	e-hng-àm	下昏暗	itaigi:7876
poj	e-huiⁿ	下昏	itaigi:11515
poj	e-àm-pn̄g	下暗飯	itaigi:16552
poj	e-àm-tǹg	下暗頓	itaigi:16551
poj	ek-cheng êng-bō͘	液晶螢幕	itaigi:13668
poj	ek-eng-kòe-tiāⁿ	已經過定	itaigi:11772
poj	ek-seng-khún	益生菌	itaigi:13493
poj	eng	英	taihoa:18503
poj	eng-chio̍h	英石	itaigi:15695
poj	eng-hiông	英雄	taihoa:18805
poj	eng-hoe	櫻花	taihoa:18808
poj	eng-kai	應該	taihoa:18824
poj	eng-sî	下昏時	itaigi:7877
poj	eng-thô-ah	櫻桃鴨	itaigi:13662
poj	eng-àm	下昏暗	itaigi:7875
poj	eng-àm sî	下昏暗時	itaigi:7880
poj	e̍h	狹	taihoa:18402
poj	e̍k	譯	taihoa:18437
poj	e̍k-bō	浴帽	itaigi:4619
poj	e̍k-chêng kî-kan	疫情期間	itaigi:4714
poj	e̍k-keng	易經	taihoa:18451
poj	e̍k-pâng	浴房	itaigi:17701
poj	e̍k-ô͘	浴壺	itaigi:3939
poj	eⁿ-á-tiâu	嬰仔潮	itaigi:16478
poj	ga̍k-tūi	樂隊	taihoa:18921
poj	geng-chiap	迎接	itaigi:11446
poj	ge̍h-ge̍h-kng	月月光	itaigi:7742
poj	ge̍k-ba̍k	逆目	itaigi:10370
poj	ge̍k-kháu	逆口	itaigi:9178
poj	ge̍k-koaiⁿ	逆乖	itaigi:2205
poj	gia̍h	額	taihoa:19393
poj	gia̍h-chhiú	舉手	taihoa:19402
poj	gia̍h-tan-jī	額單字	itaigi:17106
poj	gia̍h-thâu	舉頭	taihoa:19423
poj	gia̍p	業	taihoa:19576
poj	gia̍p-miā	業命	itaigi:18782
poj	gia̍p-sîn	業神	itaigi:16279
poj	gio̍k-bí-sún	玉米筍	itaigi:15196
poj	gio̍k-káng	虐講	itaigi:19482
poj	gio̍k-sim	玉參	itaigi:9250
poj	giàn-bāng-lō͘	癮網路	itaigi:3396
poj	giàn-thâu	癮頭	itaigi:1029
poj	giàn-thâu giàn-thâu	癮頭癮頭	itaigi:2148
poj	giám	噞	taihoa:19437
poj	gián-kiù	研究	taihoa:19503
poj	gián-kiù-só͘	研究所	itaigi:7020
poj	gián-tè-tè	娟塊塊	taihoa:19514
poj	giâ	鵝	taihoa:19341
poj	giâm	嚴	taihoa:19451
poj	giâm-chioⁿ	岩漿	itaigi:17201
poj	giâm-chiuⁿ	岩漿	itaigi:17199
poj	giâm-chiuⁿ-gâm	岩漿岩	itaigi:17135
poj	giâm-tiōng	嚴重	taihoa:19483
poj	giân-gí	言語	itaigi:14381
poj	giân-gṳ́	言語	itaigi:14395
poj	giân-hêng-lio̍k	言行錄	itaigi:17293
poj	giâu-gî	憢疑	taihoa:19624
poj	giú-seng-lí	扭生理	taihoa:19910
poj	giú-āu-kha	扭後腳	taihoa:19902
poj	giû-kúi-siâ-sîn	牛鬼蛇神	itaigi:13258
poj	giām	驗	taihoa:19485
poj	giām-siong-toaⁿ	驗傷單	itaigi:6100
poj	goa̍t-kiû	月球	itaigi:14323
poj	goa̍t-nó͘	月老	itaigi:1734
poj	goe̍h	月	taihoa:20302
poj	goe̍h chia̍h ji̍t	月食日	itaigi:7507
poj	goe̍h-bâi	月眉	itaigi:13349
poj	goe̍h-keng	月經	itaigi:710
poj	goe̍h-keng-bûn	月經文	itaigi:6286
poj	goe̍h-khó	月考	taihoa:20333
poj	goe̍h-kip	月給	taihoa:20336
poj	goe̍h-kuiⁿ	月光	itaigi:7744
poj	goe̍h-liāng	月亮	itaigi:7743
poj	goe̍h-niû	月娘	taihoa:20355
poj	goe̍h-sìn	月信	itaigi:711
poj	goe̍h-sū	月事	itaigi:712
poj	goe̍h-sū bûn-chiong	月事文章	itaigi:6302
poj	goe̍h-tâi	月台	taihoa:20370
poj	goán	阮	taihoa:20166
poj	goán tau	阮兜	itaigi:5958
poj	goán-chiá	玩者	itaigi:13658
poj	goân-bé	原碼	itaigi:17490
poj	goân-choân	原全	itaigi:18863
poj	goân-chá	原早	itaigi:7842
poj	goân-chí	原子	itaigi:17456
poj	goân-chí-cheng	原子鐘	itaigi:17462
poj	goân-chí-lêng	原子能	itaigi:17463
poj	goân-chí-tōaⁿ	原子彈	itaigi:3776
poj	goân-chú chit-liōng	原子質量	itaigi:2467
poj	goân-chú hoan-hō	原子番號	itaigi:2466
poj	goân-chú-lêng	原子能	taihoa:20211
poj	goân-goân chiàu-kū	原原照舊	itaigi:8222
poj	goân-goân tāu-chiùⁿ-tiàm	原原豆醬店	itaigi:10558
poj	goân-goân-chiàu-kū	原原照舊	itaigi:13264
poj	goân-goân-tāu-chiùⁿ-tiàm	原原豆醬店	itaigi:13235
poj	goân-hêng-chit	原形質	itaigi:18292
poj	goân-in	原因	taihoa:20227
poj	goân-khì	元氣	taihoa:20237
poj	goân-kè	原價	taihoa:20235
poj	goân-kó	原稿	taihoa:20239
poj	goân-liāu	原料	taihoa:20244
poj	goân-liōng	原諒	taihoa:20245
poj	goân-lâi	原來	taihoa:20242
poj	goân-lâi jû-chhú	原來如此	itaigi:2875
poj	goân-lí	原理	taihoa:20243
poj	goân-sán	原產	itaigi:4768
poj	goân-sèng-put-kái	原性不改	itaigi:13236
poj	goân-sí	原始	taihoa:20261
poj	goân-sí-bé	原始碼	itaigi:4573
poj	goân-sòe	元帥	taihoa:20268
poj	goân-sú thian-chun	元始天尊	itaigi:10561
poj	goân-tàn	元旦	taihoa:20272
poj	goân-á	原仔	itaigi:17299
poj	goân-ūi	原位	taihoa:20287
poj	goān-ì	願意	taihoa:20291
poj	go̤̍̍h-kiû	月球	itaigi:14345
poj	gá-suh	瓦斯	taihoa:18870
poj	gá-suh-tân	瓦斯彈	itaigi:268
poj	gá-suh-tôaⁿ	瓦斯彈	itaigi:702
poj	gán--chi̍t-ē	眼一下	itaigi:17635
poj	gán-bêng-i	眼明衣	itaigi:12189
poj	gán-kho	眼科	taihoa:18970
poj	gán-náu-sòaⁿ	眼腦線	itaigi:12193
poj	gán-náu-sòaⁿ-ui	眼腦腺衣	itaigi:2662
poj	gán-pe̍h-i	眼白衣	itaigi:12188
poj	gán-sûn	眼巡	itaigi:12322
poj	gâm	癌	taihoa:18929
poj	gâm-chioⁿ	岩漿	itaigi:17200
poj	gâm-chiuⁿ-giâm	岩漿岩	itaigi:17134
poj	géng-hu	研灰	taihoa:19163
poj	géng-tê	研茶	itaigi:7083
poj	gê	牙	taihoa:19055
poj	gê-chiu-pēⁿ	牙周病	itaigi:12543
poj	gê-chô-hōaⁿ	牙槽岸	itaigi:15949
poj	gê-chô-thâu	牙槽頭	itaigi:11665
poj	gê-kho sian-siⁿ	牙科先生	itaigi:7082
poj	gê-khí	牙齒	taihoa:19079
poj	gêng-hoeh kong-lêng ī-siông	凝血功能異常	itaigi:19569
poj	gêng-ok-ok	凝惡惡	itaigi:19528
poj	gí-giân tī-liâu	語言治療	itaigi:6101
poj	gí-liû	擬流	itaigi:12248
poj	gí-sò͘	語素	itaigi:17097
poj	gí-sò͘-bûn-jī	語素文字	itaigi:16833
poj	gí-tô͘	擬徒	itaigi:12249
poj	gî	騎	itaigi:14547
poj	gî-būn	疑問	taihoa:19227
poj	gî-sîn-gî-kúi	疑神疑鬼	itaigi:5872
poj	gîm-si-tap-tùi	吟詩答對	itaigi:16495
poj	gîn	銀	taihoa:19760
poj	gîn-hâng	銀行	taihoa:19779
poj	gîn-hô	銀河	itaigi:7753
poj	gîn-kak-á	銀角仔	itaigi:11962
poj	gîn-kho	銀顆	itaigi:10562
poj	gîn-khòng	銀礦	itaigi:19651
poj	gîn-kin	銀根	itaigi:16916
poj	gîn-liú	銀柳	itaigi:12038
poj	gîn-phiò	銀票	taihoa:19811
poj	gîn-som	人參	itaigi:17445
poj	gîn-á-kak	銀仔角	itaigi:11912
poj	góa	我	taihoa:19962
poj	góa beh	我欲	itaigi:2389
poj	góa beh khì piān-só͘	我欲去便所	itaigi:6194
poj	góa beh kóng--ê	我欲講的	itaigi:14155
poj	góa bô chîⁿ	我無錢	itaigi:6804
poj	góa bô chîⁿ--lah	我無錢啦	itaigi:1342
poj	góa bô ài	我無愛	itaigi:2146
poj	góa bô-chîⁿ	我沒錢	itaigi:6702
poj	góa bô-thang chia̍h	我無通食	itaigi:1289
poj	góa chai-iáⁿ	我知影	itaigi:2136
poj	góa chia	我遮	itaigi:4635
poj	góa hūn --lí	我恨你	itaigi:1776
poj	góa jīn-ûi	我認為	itaigi:10597
poj	góa kan-na ài--lí	我干焦愛你	itaigi:6933
poj	góa khì	我去	itaigi:6236
poj	góa khòaⁿ bô	我看無	itaigi:6623
poj	góa kám-kak	我感覺	itaigi:10596
poj	góa kā lí kóng	我共你講	itaigi:6259
poj	góa mā beh	我嘛欲	itaigi:15234
poj	góa mā sī lâng	我嘛是人	itaigi:1216
poj	góa siūⁿ-beh khì piān-só͘	我想欲去便所	itaigi:6252
poj	góa sī Tâi-oân-lâng	我是台灣人	itaigi:1177
poj	góa sī iân-tâu-á sáng	我是緣投仔桑	itaigi:6882
poj	góa sī siáng	我是啥人	itaigi:13102
poj	góa sī siáⁿ-lâng	我是啥人	itaigi:2925
poj	góa thiaⁿ-bô	我聽無	itaigi:7125
poj	góa ài Tâi-gí	我愛台語	itaigi:1862
poj	góa ài Tâi-oân	我愛台灣	itaigi:7324
poj	góa ài lí	我愛你	itaigi:6313
poj	góa ài--lí	我愛你	itaigi:293
poj	góa ē kiaⁿ	我會驚	itaigi:7450
poj	góa ē-hiáu	我會曉	itaigi:4361
poj	góa ē-hiáu kóng	我會曉講	itaigi:45
poj	gô	鵝	taihoa:19927
poj	gô-bah	鵝肉	itaigi:6158
poj	gô-lô-su	俄羅斯	itaigi:4859
poj	gô-mn̂g-kiû	鵝毛球	itaigi:14762
poj	gô-nn̄g	鵝卵	itaigi:6381
poj	gông	昂	taihoa:20383
poj	gô͘-hun gô͘-hun	五分五分	itaigi:10508
poj	gô͘-lo̍k-tiûⁿ-só͘	娛樂場所	itaigi:1972
poj	gún	阮	taihoa:20725
poj	gû	牛	taihoa:20553
poj	gû siaⁿ bé âu	牛聲馬喉	itaigi:9551
poj	gû-bah	牛肉	taihoa:20557
poj	gû-bah-mī	牛肉麵	itaigi:7130
poj	gû-bîn	漁民	itaigi:13396
poj	gû-bó chi chhì	牛母芝刺	itaigi:9761
poj	gû-chhia	牛車	taihoa:20577
poj	gû-chhī	牛市	itaigi:16921
poj	gû-iû	牛油	taihoa:20593
poj	gû-jîn-cheh	愚人節	itaigi:4389
poj	gû-kak	牛角	taihoa:20597
poj	gû-kak-tāu	牛角豆	itaigi:946
poj	gû-kang	牛公	itaigi:7736
poj	gû-leng	牛奶	itaigi:16034
poj	gû-leng-hún	牛奶粉	taihoa:20629
poj	gû-leng-hún-chîⁿ	牛奶粉錢	itaigi:6069
poj	gû-leng-tàng	牛奶凍	itaigi:11248
poj	gû-leng-tê	牛奶茶	itaigi:1872
poj	gû-le̍k	牛力	itaigi:11291
poj	gû-lông	牛郎	itaigi:12905
poj	gû-nn̂g	牛郎	itaigi:12906
poj	gû-nn̂g-chheⁿ	牛郎星	itaigi:7747
poj	gû-nôa	牛欄	itaigi:14950
poj	gû-ong	漁翁	itaigi:13394
poj	gû-po͘	牛埔	itaigi:1686
poj	gû-pòe-lō͘	牛背鷺	itaigi:3766
poj	gû-tiâu lāi tak gû-bó	牛牢內觸牛母	itaigi:10570
poj	gûi-hiám	危險	taihoa:20712
poj	gûi-ki	危機	taihoa:20713
poj	gûi-kip	危急	taihoa:20714
poj	gûn-hô	銀河	itaigi:17684
poj	gûn-khòng	銀礦	itaigi:19652
poj	gāi-gio̍h	礙虐	itaigi:810
poj	gāi-hīⁿ	礙耳	itaigi:14286
poj	gām	儑	taihoa:18943
poj	gē-bûn oa̍h-tāng	藝文活動	itaigi:927
poj	gē-su̍t	藝術	taihoa:19118
poj	gē-su̍t-ka	藝術家	taihoa:19121
poj	gē-su̍t-phín	藝術品	itaigi:242
poj	gī-bí	義美	itaigi:19637
poj	gī-hōe	議會	taihoa:19292
poj	gī-lūn	議論	taihoa:19316
poj	gī-niū	議量	itaigi:2840
poj	gī-oân	議員	taihoa:19319
poj	gōa	外	taihoa:19976
poj	gōa-bīn	外面	taihoa:19983
poj	gōa-chhiûⁿ	外牆	itaigi:6560
poj	gōa-chó͘	外祖	taihoa:20011
poj	gōa-hêng	外形	taihoa:20022
poj	gōa-iân	外緣	itaigi:11024
poj	gōa-kau	外交	taihoa:20051
poj	gōa-kau-koaⁿ	外交官	taihoa:20053
poj	gōa-ke	外家	taihoa:20055
poj	gōa-kho	外科	taihoa:20074
poj	gōa-khoán	外款	itaigi:2537
poj	gōa-koan	外觀	taihoa:20080
poj	gōa-kok	外國	taihoa:20082
poj	gōa-kok-chhut	外國齣	itaigi:17216
poj	gōa-kok-chîⁿ	外國錢	itaigi:3640
poj	gōa-kok-ōe	外國話	itaigi:15106
poj	gōa-kong	外公	taihoa:20088
poj	gōa-kong lāi-èng	外攻內應	itaigi:10567
poj	gōa-leng	外奶	taihoa:20097
poj	gōa-lián	外輪	itaigi:13263
poj	gōa-lô	外勞	itaigi:15386
poj	gōa-má	外媽	taihoa:20104
poj	gōa-phiò	外票	itaigi:13079
poj	gōa-phôe	外皮	taihoa:20115
poj	gōa-pin	外賓	taihoa:20121
poj	gōa-pè	外幣	itaigi:16881
poj	gōa-sek-á	外室仔	itaigi:2397
poj	gōa-sun	外孫	taihoa:20141
poj	gōa-sàng	外送	itaigi:13584
poj	gōa-séng-lâng	外省人	itaigi:1767
poj	gōa-séng-ti	外省豬	itaigi:7331
poj	gōa-thâu ke-sîn	外頭家神	itaigi:9576
poj	gōng	戇	itaigi:12831
poj	gōng-gín-ná	戇囝仔	taihoa:20417
poj	gō͘	五	taihoa:20489
poj	gō͘ hoe gō͘ hoe	五花五花	itaigi:10205
poj	gō͘ hun gō͘ hun	五分五分	itaigi:10204
poj	gō͘-hoe	五花	itaigi:16475
poj	gō͘-hun-á-chhia	五分仔車	itaigi:1843
poj	gō͘-hōe	誤會	taihoa:20507
poj	gō͘-iâⁿ-gō͘-thiaⁿ	五營五廳	itaigi:9493
poj	gō͘-jiáu-á	五爪仔	itaigi:3941
poj	gō͘-ji̍t-cheh	五日節	itaigi:11553
poj	gō͘-ji̍t-cheh-hō͘	五日節雨	itaigi:3226
poj	gō͘-keⁿ thàu-chá	五更透早	itaigi:8524
poj	gō͘-kái	誤解	taihoa:20515
poj	gō͘-lâu	五樓	itaigi:7257
poj	gō͘-siā	誤射	itaigi:5822
poj	gō͘-sài	五賽	itaigi:3303
poj	gō͘-sì-saⁿ	五四三	itaigi:1491
poj	gṳ́-giân	語言	itaigi:14396
poj	gṳ̂n-hô	銀河	itaigi:17685
poj	ha--lo͘h	哈囉	itaigi:6908
poj	ha-ha-kiàⁿ	哈哈鏡	itaigi:19005
poj	ha-pa-káu	哈巴狗	itaigi:19007
poj	ha-ta̍t	哈達	itaigi:19006
poj	hah Hân	哈韓	itaigi:151
poj	hah Ji̍t	哈日	itaigi:152
poj	haiⁿ	哼	taihoa:21189
poj	hak	蓄	itaigi:12898
poj	han-chî	番薯	taihoa:21599
poj	han-chî-hio̍h	番薯葉	itaigi:58
poj	han-chî-kiû	番薯球	itaigi:4150
poj	han-chî-oân	番薯丸	itaigi:12313
poj	han-chî-phìⁿ	番薯片	itaigi:16644
poj	han-chî-phòng	番薯膨	itaigi:3255
poj	han-chî-á-chiáu	番薯仔鳥	itaigi:13336
poj	han-chî-îⁿ	番薯圓	itaigi:16643
poj	hang	烘	itaigi:14434
poj	hang hō͘ se̍k	烘予熟	itaigi:4558
poj	hang tāu-á	烘豆仔	itaigi:14007
poj	hang-ke	烘雞	itaigi:13862
poj	hang-lô͘	烘爐	taihoa:21716
poj	hat-tok	喝卓	itaigi:5894
poj	hau-siâu	嘐潲	itaigi:1334
poj	ha̍h	合	taihoa:20847
poj	ha̍h-iân	合緣	itaigi:19635
poj	ha̍h-jīm	合任	itaigi:18647
poj	ha̍h-nôa	合欄	itaigi:4400
poj	ha̍k jû ge̍k-súi hêng-chiu	學如逆水行舟	itaigi:13298
poj	ha̍k-chhek	學測	itaigi:1754
poj	ha̍k-chí	學姐	itaigi:12877
poj	ha̍k-chí-á	學姊仔	itaigi:1298
poj	ha̍k-hùi	學費	taihoa:21236
poj	ha̍k-hāu	學校	taihoa:21228
poj	ha̍k-hāu ê kak--á	學校的角仔	itaigi:6983
poj	ha̍k-kî	學期	taihoa:21248
poj	ha̍k-mōe	學妹	itaigi:12422
poj	ha̍k-pà	學霸	itaigi:7201
poj	ha̍k-seng	學生	taihoa:21263
poj	ha̍k-seng-hōe	學生會	itaigi:6904
poj	ha̍k-seng-á	學生仔	itaigi:2077
poj	ha̍k-tē-á	學弟仔	itaigi:13950
poj	ha̍k-tī	學弟	itaigi:12891
poj	ha̍k-īⁿ	學院	taihoa:21240
poj	ha̍k-ūn	學運	itaigi:482
poj	ha̍p-chhiùⁿ	合唱	taihoa:21745
poj	ha̍p-chhiùⁿ-thoân	合唱團	itaigi:12041
poj	ha̍p-chêng ha̍p-lí	合情合理	itaigi:8799
poj	ha̍p-kim	合金	itaigi:1884
poj	ha̍p-kûn	合群	itaigi:1152
poj	ha̍p-lí	合理	taihoa:21806
poj	ha̍p-tiám	合點	itaigi:16352
poj	ha̍p-tâng	合銅	itaigi:12201
poj	ha̍t-tiāⁿ-tio̍h	乏定著	itaigi:14016
poj	haⁿ--nih	嚇呢	itaigi:5768
poj	he-ku	痚呴	itaigi:6734
poj	he-phôe	蝦皮	itaigi:3523
poj	he-á-phôe	蝦仔皮	itaigi:3522
poj	heh-chí	嚇止	itaigi:19366
poj	heh-tang	歇冬	itaigi:7646
poj	hek-pe̍k	黑白	itaigi:14079
poj	hek-sin	肉身	itaigi:7054
poj	hek-tōng	黑洞	itaigi:12115
poj	heng bāng-lō͘ chèng-thâu	興網路症頭	itaigi:15100
poj	heng-chhun	鄉村	itaigi:11377
poj	heng-ngá	興雅	itaigi:18271
poj	heng-siaⁿ	胸聲	itaigi:15900
poj	he̍k-chú bú-khì	核子武器	itaigi:3922
poj	he̍k-hùi-liāu	核廢料	itaigi:5855
poj	he̍k-hūi-liāu	核廢料	itaigi:1370
poj	he̍k-lêng hoat-tiān	核能發電	itaigi:6091
poj	he̍k-tek	獲得	itaigi:18340
poj	he̍k-tit	獲得	itaigi:18339
poj	hi--ê	虛的	itaigi:19500
poj	hi-bî	稀微	itaigi:6727
poj	hi-bōng	希望	taihoa:23279
poj	hi-hoa	虛華	itaigi:974
poj	hi-hoa-sim	虛華心	itaigi:5858
poj	hi-hán	稀罕	taihoa:23288
poj	hi-iú	希有	itaigi:13607
poj	hi-jī	虛字	itaigi:13946
poj	hi-kò͘	虛構	itaigi:15504
poj	hi-seng	犧牲	taihoa:23709
poj	hi-sû	虛詞	itaigi:13947
poj	hi-ti-siuⁿ	魚池箱	itaigi:17595
poj	hia	遐	taihoa:22728
poj	hiam	薟	taihoa:22793
poj	hian	掀	taihoa:22832
poj	hian-khui	掀開	taihoa:23085
poj	hiat-ap	血壓	taihoa:23142
poj	hiat-hūn	血暈	itaigi:11930
poj	hiat-sió-pán	血小板	itaigi:13068
poj	hiat-thóng	血統	taihoa:23193
poj	hiat-tîn	血藤	itaigi:2144
poj	hiau-pai	花斑	taihoa:23258
poj	hia̍h	額	itaigi:11661
poj	hia̍h-thâu-kut	額頭骨	itaigi:5502
poj	hia̍h-thâu-tō͘-chiam	額頭度針	itaigi:13903
poj	hia̍h-tō͘-chiam	額度針	itaigi:14036
poj	hia̍h-á	額仔	itaigi:11660
poj	hia̍h-á-tō͘-chiam	額仔度針	itaigi:14018
poj	hia̍p-chok	協作	itaigi:12091
poj	hia̍p-chok hōe-gī	協作會議	itaigi:12092
poj	hiaⁿ-tī	兄弟	itaigi:2131
poj	him-sióng	欣賞	taihoa:23332
poj	him-sióng hun-sek	欣賞分析	itaigi:6571
poj	hioh	歇	taihoa:23448
poj	hioh-chhī	歇市	itaigi:16059
poj	hioh-joa̍h	歇熱	taihoa:23490
poj	hioh-khùn	歇息	taihoa:23500
poj	hioh-kôaⁿ	歇寒	taihoa:23506
poj	hioh-tiong-tâi	歇中台	itaigi:7119
poj	hiong	香	taihoa:23533
poj	hiong sí phah	兇死拍	itaigi:9337
poj	hiong-chhin-hū-ló	鄉親父老	itaigi:6729
poj	hiong-chiong	胸章	itaigi:18090
poj	hiong-kông	兇狂	itaigi:4099
poj	hio̍h-á	葉仔	taihoa:23452
poj	hip	翕	taihoa:23669
poj	hip-siòng	翕相	taihoa:23695
poj	hip-siòng-ki	翕相機	itaigi:17413
poj	hit	彼	taihoa:23719
poj	hit jī	彼字	itaigi:3289
poj	hit sî-chūn	彼時陣	itaigi:1744
poj	hit thâu	彼頭	itaigi:1331
poj	hit àm	彼暗	itaigi:14550
poj	hit-chūn	彼陣	itaigi:18983
poj	hit-kú	彼久	itaigi:18959
poj	hit-tang-chūn	彼當陣	itaigi:7845
poj	hit-tang-sî	彼當時	itaigi:7844
poj	hiu-keng	休耕	itaigi:1434
poj	hiu-khan	休刊	itaigi:15595
poj	hiuⁿ-koe-á-sim	香瓜仔心	itaigi:6802
poj	hiàm	喊	itaigi:18549
poj	hiàm chhia	喊車	itaigi:18384
poj	hiàm hō͘ i cháu	喊予伊走	itaigi:18383
poj	hiàn-hoeh	獻血	itaigi:19446
poj	hiàng-sî	向時	itaigi:7848
poj	hiám	險	taihoa:22795
poj	hiám-hiám chha chi̍t-tiám	險險差一點	itaigi:8517
poj	hiám-lān	險難	itaigi:3770
poj	hián-sī-phìⁿ	顯示片	itaigi:14146
poj	hiáng- lûi	響雷	itaigi:7783
poj	hiáng-lûi-kong	響雷公	itaigi:7763
poj	hiáng-thàu	響透	itaigi:19048
poj	hiáⁿ-tiûⁿ	顯場	itaigi:19712
poj	hiâm	嫌	taihoa:22818
poj	hiâm-tang-hiâm-sai	嫌東嫌西	itaigi:13926
poj	hiân chhe liông bió	賢妻良母	itaigi:3260
poj	hiân-beh-suh	弦倍司	itaigi:3673
poj	hiân-bú	玄武	itaigi:2629
poj	hiân-gî	玄疑	itaigi:18256
poj	hiân-hōng	玄鳳	itaigi:18761
poj	hiâⁿ	燃	taihoa:22948
poj	hiâⁿ-chhâ-thiⁿ-hóe-to̍h	燃柴添火著	itaigi:19262
poj	hiâⁿ-chúi	燃水	itaigi:19285
poj	hiâⁿ-kún-chúi	燃滾水	itaigi:6618
poj	hiòng-a-kiōng	向阿共	itaigi:13419
poj	hiòng-chiân kiâⁿ	向前行	itaigi:247
poj	hióng-pán	響板	itaigi:12474
poj	hiông-hiông-gán-tio̍h	雄雄眼著	itaigi:2610
poj	hiông-sam hui-tôaⁿ	雄三飛彈	itaigi:14
poj	hiā	瓦	taihoa:22737
poj	hiān-bán	現挽	itaigi:14248
poj	hiān-bán--ê	現挽的	itaigi:1321
poj	hiān-chia	現遮	itaigi:11452
poj	hiān-chāi	現在	taihoa:22988
poj	hiān-hòe-chhī-tiûⁿ	現貨市場	itaigi:3661
poj	hiān-kim	現今	taihoa:23015
poj	hiān-kim kó͘-lī-lu̍t	現金股利率	itaigi:17014
poj	hiān-lâu	現流	itaigi:3434
poj	hiān-lâu-á	現流仔	itaigi:13671
poj	hiān-tiûⁿ	現場	taihoa:23038
poj	hiān-tāi	現代	taihoa:23035
poj	hm̍h-hm̍h	默默	taihoa:23896
poj	hng-hng-hùi-hùi	荒荒廢廢	itaigi:8109
poj	hn̂g	園	taihoa:23910
poj	hn̄g	遠	taihoa:23921
poj	hn̄g-khòaⁿ	遠看	itaigi:4469
poj	hn̄g-toan	遠端	itaigi:6284
poj	hn̄g-toan kàu-ha̍k	遠端教學	itaigi:19560
poj	hn̄g-toan--ê	遠端的	itaigi:6278
poj	ho-chò	予做	itaigi:12843
poj	hoa-chi-chiau-tián	花枝招展	itaigi:8310
poj	hoa-kong-chio̍h	花崗石	itaigi:17144
poj	hoa-liú-chèng	花柳症	itaigi:11943
poj	hoa-pa-li-niau	花巴哩貓	itaigi:16857
poj	hoah chúi ē kian-tàng	喝水會堅凍	itaigi:2929
poj	hoah hîm hoah hó͘	喝熊喝虎	itaigi:9548
poj	hoah o͘ hoah pe̍h	喝烏喝白	itaigi:9398
poj	hoah-chi̍t-ē-sī	喝一下是	itaigi:18111
poj	hoah-chúi ē kian-tàng	喝水會堅凍	itaigi:2937
poj	hoan-be̍h	番麥	taihoa:25020
poj	hoan-be̍h hio̍h	番麥葉	itaigi:9883
poj	hoan-be̍h khak	番麥殼	itaigi:9884
poj	hoan-be̍h-bí	番麥米	itaigi:2988
poj	hoan-be̍h-kô͘-thng	番麥糊湯	itaigi:965
poj	hoan-be̍h-lia̍p	番麥粒	itaigi:2989
poj	hoan-be̍h-lông-thng	番麥濃湯	itaigi:13786
poj	hoan-be̍h-sún	番麥筍	itaigi:1125
poj	hoan-chhí	番鼠	itaigi:7737
poj	hoan-e̍k	翻譯	taihoa:25039
poj	hoan-e̍k-chiá	翻譯者	itaigi:18746
poj	hoan-e̍k-pún	翻譯本	itaigi:18747
poj	hoan-gêng	歡迎	taihoa:25040
poj	hoan-gêng kong-lîm	歡迎光臨	itaigi:1107
poj	hoan-hoan	番番	itaigi:175
poj	hoan-hòe	番貨	itaigi:2742
poj	hoan-hù	番咐	taihoa:25062
poj	hoan-kiuⁿ-á	番薑仔	taihoa:25078
poj	hoan-lâi-hoan-khì	翻來翻去	itaigi:10645
poj	hoan-sin	翻身	taihoa:25119
poj	hoan-tiáⁿ-á	番鼎仔	itaigi:12123
poj	hoan-toh	翻桌	itaigi:15920
poj	hoan-tó	翻倒	itaigi:2641
poj	hoan-tē	番地	itaigi:11451
poj	hoan-tńg-kang	翻轉工	itaigi:15336
poj	hoan-á bé-chí	番仔碼子	itaigi:10012
poj	hoan-á chiaⁿ	番仔正	itaigi:10014
poj	hoan-á han-chî	番仔番薯	itaigi:10013
poj	hoan-á han-chû	番仔番薯	itaigi:15948
poj	hoan-á kòe-nî	番仔過年	itaigi:11587
poj	hoan-á-hóe	番仔火	itaigi:1255
poj	hoan-á-hóe a̍h-á	番仔火盒仔	itaigi:11259
poj	hoan-á-káu	番仔狗	itaigi:11566
poj	hoan-á-lâu	番仔樓	itaigi:11478
poj	hoang hô̤-hô̤	風回回	itaigi:17873
poj	hoang khah hô̤	風較回	itaigi:17872
poj	hoat	法	taihoa:25165
poj	hoat-bêng	發明	taihoa:25190
poj	hoat-bêng-ka	發明家	itaigi:4779
poj	hoat-bông	法盲	itaigi:16549
poj	hoat-bē	法賣	itaigi:3177
poj	hoat-chek	法則	itaigi:2444
poj	hoat-cheng	髮僧	itaigi:16804
poj	hoat-châi	發財	taihoa:25195
poj	hoat-châi-chhiū	發財樹	itaigi:14450
poj	hoat-châi-á-chhia	發財仔車	itaigi:1836
poj	hoat-hêng	發行	taihoa:25236
poj	hoat-hún	發粉	itaigi:10011
poj	hoat-im	發音	taihoa:25265
poj	hoat-io̍k put-liông	發育不良	itaigi:807
poj	hoat-iām	發炎	taihoa:25263
poj	hoat-jia̍t	發熱	taihoa:25277
poj	hoat-jîn	法人	itaigi:16974
poj	hoat-jī-thâu	髮字頭	itaigi:16805
poj	hoat-khui	發開	itaigi:19504
poj	hoat-khí	發起	taihoa:25289
poj	hoat-kok-bûn	法國文	itaigi:16816
poj	hoat-kok-hō	法國號	itaigi:3703
poj	hoat-kok-mī-pau	法國麵包	itaigi:18000
poj	hoat-kok-ōe	法國話	itaigi:16817
poj	hoat-lu̍t	法律	taihoa:25321
poj	hoat-lê	法螺	itaigi:14592
poj	hoat-ló	法老	itaigi:12913
poj	hoat-piáu	發表	taihoa:25337
poj	hoat-seng	發生	taihoa:25344
poj	hoat-sio	發燒	taihoa:25366
poj	hoat-ta̍t	發達	taihoa:25373
poj	hoat-tián	發展	taihoa:25381
poj	hoat-tiâu	發條	itaigi:817
poj	hoat-tiān	發電	taihoa:25385
poj	hoat-tiān-ki	發電機	taihoa:25386
poj	hoat-têng	法庭	taihoa:25375
poj	hoat-tō͘	法度	taihoa:25394
poj	hoat-íⁿ-tián	發穎典	itaigi:384
poj	hoat-īⁿ	法院	taihoa:25268
poj	hoa̍t	活	taihoa:25168
poj	hoa̍t-chîⁿ	罰錢	itaigi:4767
poj	hoa̍t-kiû	罰球	itaigi:11039
poj	hoa̍t-lo̍k	活樂	itaigi:11564
poj	hoa̍t-mô͘-chúi	發毛水	itaigi:6715
poj	hoaⁿ-hí	歡喜	itaigi:12214
poj	hoaⁿ-hí kam-goān	歡喜甘願	itaigi:10905
poj	hoaⁿ-hí--bô	歡喜無	itaigi:1758
poj	hoaⁿ-sim-hí-goān	歡心喜願	itaigi:10904
poj	hoaⁿ-thâu-hí-bīn	歡頭喜面	itaigi:9476
poj	hoe	花	taihoa:25400
poj	hoe-bî kū-á	花眉舅仔	itaigi:9774
poj	hoe-chit	灰質	itaigi:5505
poj	hoe-chng	花磚	itaigi:13565
poj	hoe-chéng-kah	灰指甲	itaigi:975
poj	hoe-chí	花子	taihoa:25984
poj	hoe-chōa-bé	花逝馬	itaigi:13409
poj	hoe-hn̂g	花園	taihoa:26041
poj	hoe-hoe-chháu-chháu	花花草草	itaigi:10391
poj	hoe-hui	花飛	itaigi:12896
poj	hoe-kan	花矸	taihoa:26097
poj	hoe-khak-á	花殼仔	itaigi:17651
poj	hoe-ki-oân	花枝丸	itaigi:13369
poj	hoe-koe	花瓜	itaigi:19749
poj	hoe-koe-á	花瓜仔	itaigi:13220
poj	hoe-ku-á	花龜仔	itaigi:19161
poj	hoe-m̂	花莓	itaigi:12469
poj	hoe-pa-lí-niau	花巴哩貓	itaigi:10539
poj	hoe-phûn	花盆	taihoa:26204
poj	hoe-si-hiat-kái	花施血解	itaigi:8107
poj	hoe-thiāu	花柱	itaigi:14429
poj	hoe-tiám-ku-á	花點龜仔	itaigi:13697
poj	hoe-á hôe-siūⁿ	花仔和尚	itaigi:10532
poj	hoe-á-chhài	花仔菜	itaigi:1369
poj	hoe-âng liú le̍k	花紅柳綠	itaigi:9410
poj	hoeh	血	taihoa:25999
poj	hoeh-ap koân	血壓懸	itaigi:6393
poj	hoeh-e̍k kian-tàng ī-siông	血液堅凍異常	itaigi:19568
poj	hoeh-kun	血筋	itaigi:15924
poj	hoeh-kńg	血管	taihoa:26035
poj	hoeh-thn̂g kē	血糖低	itaigi:4760
poj	hok-bah	福肉	itaigi:2679
poj	hok-bīn	覆面	itaigi:2669
poj	hok-chúi-lân-siu	覆水難收	itaigi:14133
poj	hok-im	福音	taihoa:26342
poj	hok-khì	福氣	taihoa:26344
poj	hok-kim	福金	itaigi:14574
poj	hok-loān	霍亂	itaigi:11924
poj	hok-phûn-chú	覆盆子	itaigi:13486
poj	hong	風	itaigi:3888
poj	hong piàn nńg	風變軟	itaigi:17839
poj	hong tiāⁿ khì--ah	風定去矣	itaigi:11334
poj	hong tńg jio̍k	風轉弱	itaigi:17842
poj	hong-biū	荒謬	itaigi:7429
poj	hong-bóe	風尾	taihoa:26662
poj	hong-bīn	方面	taihoa:26656
poj	hong-chhoe	風吹	taihoa:26684
poj	hong-chhoe-kiû	風吹球	itaigi:13329
poj	hong-chhùi	封嘴	taihoa:26692
poj	hong-chng	封裝	itaigi:4579
poj	hong-chúi-sian	風水仙	itaigi:11886
poj	hong-hiòng-teng	方向燈	itaigi:2676
poj	hong-hoān	風範	itaigi:17178
poj	hong-kiû	風球	itaigi:17357
poj	hong-kó͘	風鼓	taihoa:26820
poj	hong-liû-chú	風流子	itaigi:18502
poj	hong-liû-kúi	風流鬼	itaigi:18501
poj	hong-poe-soa	風飛沙	itaigi:7541
poj	hong-siaⁿ	風聲	taihoa:26896
poj	hong-siaⁿ-pò-iáⁿ	風聲報影	itaigi:17369
poj	hong-sio̍k	風俗	taihoa:26919
poj	hong-siâⁿ	封城	itaigi:14088
poj	hong-siōng	風象	itaigi:16389
poj	hong-súi	風水	itaigi:5834
poj	hong-súi-sai	風水師	itaigi:11880
poj	hong-thai	風颱	taihoa:26943
poj	hong-thai-thiⁿ	風颱天	itaigi:1936
poj	hong-thoân	風傳	itaigi:17365
poj	hong-tháng	風桶	itaigi:3891
poj	hong-thâu	風頭	taihoa:26954
poj	hong-tiau	風潮	itaigi:17371
poj	hong-tâng	封筒	itaigi:17230
poj	hong-tīn	方陣	itaigi:19371
poj	hong-ú-ha̍k	風雨學	itaigi:14991
poj	hoàn-im	泛音	itaigi:4274
poj	hoàn-le̍k	泛綠	itaigi:13581
poj	hoán-chha	反差	itaigi:3713
poj	hoán-chhùi	反嘴	taihoa:24674
poj	hoán-chéng	反種	itaigi:18719
poj	hoán-hiòng	反向	itaigi:4228
poj	hoán-hêng	反形	itaigi:1205
poj	hoán-hāu-ji̍t	返校日	itaigi:18044
poj	hoán-khí-hoán-tó	反起反倒	itaigi:10642
poj	hoán-khòng-kî	反抗期	itaigi:19624
poj	hoán-lia̍p-chú	反粒子	itaigi:4319
poj	hoán-o͘	反烏	itaigi:1488
poj	hoán-pōe	反背	itaigi:3449
poj	hoán-thiⁿ	反天	itaigi:10763
poj	hoán-tùi	反對	taihoa:24795
poj	hoán-tōng-phài	反動派	itaigi:6657
poj	hoâi-gî-chú-gī	懷疑主義	itaigi:8797
poj	hoâi-lô͘	懷爐	itaigi:6319
poj	hoâiⁿ-chhiat-bīn	橫切面	itaigi:6279
poj	hoâiⁿ-koàn kong-lō͘	橫貫公路	itaigi:12316
poj	hoâiⁿ-lâi-ti̍t-khì	橫來直去	itaigi:13465
poj	hoâiⁿ-pà	橫霸	itaigi:16112
poj	hoâiⁿ-tn̄g-bīn	橫斷面	itaigi:18409
poj	hoân	還	taihoa:24831
poj	hoân-chāi	還在	itaigi:11269
poj	hoân-ló	煩惱	taihoa:24855
poj	hoân-nā-sī	凡若是	itaigi:7941
poj	hoān	範	taihoa:24886
poj	hoān-chiá	患者	taihoa:24892
poj	hoān-chōe	犯罪	taihoa:24897
poj	hoān-hiám	犯險	itaigi:3773
poj	hoān-lâng	犯人	taihoa:24932
poj	hoān-lâng-khia	犯人欺	taihoa:24933
poj	hoān-sè	反勢	itaigi:17991
poj	hoān-ûi	範圍	taihoa:24981
poj	ho̍k-bīn	服面	itaigi:12466
poj	ho̍k-bū-lêng	服務鈴	itaigi:6739
poj	ho̍k-cha̍p	複雜	taihoa:26273
poj	ho̍k-chhì	複試	itaigi:4524
poj	ho̍k-chit	復職	taihoa:26277
poj	ho̍k-chiông	服從	taihoa:26276
poj	ho̍k-chín	復振	itaigi:12204
poj	ho̍k-heng	復興	taihoa:26285
poj	ho̍k-hoa̍t	復活	itaigi:18235
poj	ho̍k-hoa̍t-chiat	復活節	itaigi:18234
poj	ho̍k-io̍k	復育	itaigi:7293
poj	ho̍k-koa	複歌	itaigi:2404
poj	ho̍k-kū	復舊	taihoa:26301
poj	ho̍k-lī	複利	itaigi:17011
poj	ho̍k-siû	復仇	taihoa:26320
poj	ho̍k-si̍p	復習	taihoa:26318
poj	ho̍k-sāi	服事	taihoa:26306
poj	ho̍k-tò-tńg	復倒轉	itaigi:17058
poj	ho̍k-ìn	複印	itaigi:2821
poj	ho͘-chhiáⁿ	呼請	itaigi:15075
poj	ho͘-khip tī-liâu-su	呼吸治療師	itaigi:2894
poj	ho͘-khip-khì	呼吸器	itaigi:18323
poj	ho͘-khip-tō	呼吸道	itaigi:13127
poj	ho͘-khùi tī-liâu-su	呼氣治療師	itaigi:2757
poj	ho͘-lú-bóng	荷爾蒙	itaigi:648
poj	ho͘-pat-im	呼八音	itaigi:18307
poj	hu niau	敷貓	itaigi:2845
poj	hu-hū	夫婦	taihoa:27627
poj	hu-jîn	夫人	taihoa:27764
poj	hui su put kho	非思不可	itaigi:6127
poj	hui-hoat	揮發	itaigi:7702
poj	hui-hêng-chûn	飛行船	itaigi:18347
poj	hui-hêng-ki	飛行機	itaigi:13653
poj	hui-ki	飛機	taihoa:27745
poj	hui-ki-tiûⁿ	飛機場	taihoa:27746
poj	hui-koaⁿ	飛官	itaigi:19289
poj	hui-kong-sek	非公式	itaigi:17285
poj	hui-lûn	飛輪	itaigi:18308
poj	hui-pôaⁿ	飛盤	itaigi:11076
poj	hui-siông	非常	taihoa:27758
poj	hui-è	非裔	itaigi:14594
poj	huih-kin	血筋	itaigi:15923
poj	hun	分	taihoa:27772
poj	hun-bú	分母	itaigi:15369
poj	hun-chiong	勳章	taihoa:27967
poj	hun-chí	分子	itaigi:17457
poj	hun-gia̍p	分業	itaigi:18829
poj	hun-in pêng-khoân	婚姻平權	itaigi:6025
poj	hun-ká	婚假	itaigi:15974
poj	hun-kî	分歧	itaigi:1573
poj	hun-phòe	分配	taihoa:28048
poj	hun-pia̍t	分別	taihoa:28055
poj	hun-si	分屍	itaigi:6962
poj	hun-si-thiah-thúi	分屍拆腿	itaigi:10541
poj	hun-su	分書	taihoa:28089
poj	hun-tan-jī	分單字	itaigi:17102
poj	hun-thâu	昏頭	itaigi:15294
poj	hun-ûi	氛圍	itaigi:18378
poj	hut-jiân	忽然	taihoa:28163
poj	hu̍t khì chiah-chai hu̍t siàⁿ	佛去才知佛聖	itaigi:8637
poj	hu̍t-bú	核武	itaigi:17461
poj	hu̍t-chí	核子	itaigi:17460
poj	hu̍t-chí-tōaⁿ	核子彈	itaigi:3774
poj	hu̍t-tōaⁿ	核彈	itaigi:3775
poj	hàiⁿ	幌	itaigi:19147
poj	hàm-kiàⁿ	泛鏡	taihoa:21322
poj	hàn	漢	taihoa:21491
poj	hàn-bûn	漢文	itaigi:8788
poj	hàn-chháu chin hó	漢草真好	itaigi:3133
poj	hàn-chháu chán	漢草讚	itaigi:1615
poj	hàn-chháu hó	漢草好	itaigi:6774
poj	hàn-chháu-hó	漢草好	itaigi:6584
poj	hàn-ho̍k	漢服	itaigi:2633
poj	hàn-i-ha̍k	漢醫學	itaigi:8790
poj	hàn-io̍h-pâng	漢藥房	itaigi:15120
poj	hàn-jī	漢字	taihoa:21514
poj	hàn-lô	漢羅	itaigi:7390
poj	hàn-pó	漢堡	itaigi:595
poj	hàn-tē	旱地	itaigi:7473
poj	hàng-leng	泛奶	taihoa:21645
poj	hàu-ko͘	孝孤	itaigi:2469
poj	hàu-pá-siuⁿ-êng	孝飽傷閒	itaigi:18643
poj	hàu-tai	孝呆	itaigi:7136
poj	hái	海	itaigi:19706
poj	hái-chha̍t-chûn	海賊船	itaigi:13186
poj	hái-chheng	海青	itaigi:6374
poj	hái-chhiâng	海沖	itaigi:1033
poj	hái-chháu-ta	海草礁	itaigi:7794
poj	hái-chiáu	海鳥	itaigi:15587
poj	hái-chó	海藻	taihoa:20928
poj	hái-chúi	海水	taihoa:20931
poj	hái-chúi tó-kek	海水倒激	itaigi:18907
poj	hái-chúi-e̍k	海水浴	taihoa:20932
poj	hái-gān-sòaⁿ	海岸線	taihoa:20944
poj	hái-gōa	海外	taihoa:20953
poj	hái-hong	海風	taihoa:20964
poj	hái-hōaⁿ	海岸	itaigi:7616
poj	hái-hōaⁿ-sòaⁿ	海岸線	itaigi:14583
poj	hái-hōe	海蟹	itaigi:19010
poj	hái-im	海淹	itaigi:19710
poj	hái-kat-á-thâu	海結仔頭	itaigi:16021
poj	hái-kau	海溝	itaigi:4353
poj	hái-kha	海腳	taihoa:21002
poj	hái-koan	海關	taihoa:21019
poj	hái-ku	海龜	itaigi:1499
poj	hái-káu	海狗	itaigi:8001
poj	hái-kîⁿ	海墘	itaigi:6422
poj	hái-lê-á-hong	海螺仔風	itaigi:19722
poj	hái-mî	海綿	taihoa:21062
poj	hái-mî-chit	海綿質	itaigi:18408
poj	hái-oan	海灣	itaigi:11361
poj	hái-phiâⁿ-á	海坪仔	itaigi:7546
poj	hái-piⁿ-á	海邊仔	itaigi:7774
poj	hái-po͘	海埔	itaigi:7547
poj	hái-pô-á	海婆仔	itaigi:15180
poj	hái-se-á	海蔬仔	itaigi:17241
poj	hái-soa-po͘	海沙埔	itaigi:7519
poj	hái-soaⁿ-phiâⁿ	海沙坪	itaigi:7520
poj	hái-sàu	海掃	itaigi:6028
poj	hái-sán-chian-piáⁿ	海產煎餅	itaigi:13450
poj	hái-tiò	海釣	itaigi:18669
poj	hái-té bong-chiam	海底摸針	itaigi:9434
poj	hái-á	海仔	itaigi:13991
poj	hái-éng	海湧	itaigi:7556
poj	hái-óaⁿ	海碗	itaigi:19008
poj	hám-á	撼仔	itaigi:13425
poj	hán	喊	taihoa:21450
poj	hán--tit	罕得	taihoa:21487
poj	háng	哄	taihoa:21624
poj	háⁿ-thâu	嚇頭	itaigi:10971
poj	hâm	含	taihoa:21360
poj	hâm chu put thò͘	含珠不吐	itaigi:8960
poj	hâm-chi-hô͘-chi	含之糊之	itaigi:13358
poj	hâm-iông	涵容	itaigi:12099
poj	hâm-sàng	函送	itaigi:14420
poj	hân-jú	韓愈	itaigi:1591
poj	hân-jī	韓字	itaigi:16067
poj	hân-khó͘	反抗	itaigi:1022
poj	hân-kok chiùⁿ-chhài	韓國醬菜	itaigi:19564
poj	hân-kok kiâm-chhài	韓國鹹菜	itaigi:19565
poj	hân-liû	寒流	taihoa:21547
poj	hân-tài	寒帶	taihoa:21560
poj	hâng	行	taihoa:21648
poj	hâng hâng chhut chiōng-goân	行行出狀元	itaigi:6921
poj	hâng-ho̍k	降服	taihoa:21658
poj	hâng-khong-bú-lām	航空母艦	itaigi:1355
poj	hâng-lia̍t	行列	itaigi:8191
poj	hèng-chhù	興趣	itaigi:1021
poj	hé-khek	火刻	itaigi:17578
poj	hé-sêng-giâm	火成岩	itaigi:17143
poj	hé-sêng-gâm	火成岩	itaigi:17142
poj	hê-piáⁿ	蝦餅	itaigi:12926
poj	hê-á	蝦仔	taihoa:22042
poj	hêng	行	taihoa:22306
poj	hêng-bū-só͘	刑務所	itaigi:12887
poj	hêng-chhia kì-lio̍k-khì	行車記錄器	itaigi:4727
poj	hêng-chhia lio̍k-iáⁿ-ki	行車錄影機	itaigi:4730
poj	hêng-chèng-īⁿ	行政院	itaigi:13597
poj	hêng-chèng-īⁿ-tiúⁿ	行政院長	itaigi:10945
poj	hêng-iông	形容	taihoa:22364
poj	hêng-iông-lō͘	衡陽路	itaigi:6746
poj	hêng-iông-sû	形容詞	itaigi:13944
poj	hêng-jîn chhoan-oat-tō	行人穿越道	itaigi:2142
poj	hêng-koàn thih-lō͘	橫貫公路	itaigi:18306
poj	hêng-lí	行李	taihoa:22381
poj	hêng-sek	形式	taihoa:22389
poj	hêng-siau	行銷	itaigi:2636
poj	hêng-siông	恆常	itaigi:12163
poj	hêng-siông-sèng	恆常性	itaigi:12162
poj	hêng-tēng	恆定	itaigi:12160
poj	hêng-tēng-sèng	恆定性	itaigi:12161
poj	hêng-tōng-kho-ki	行動科技	itaigi:16931
poj	hì	戲	taihoa:22538
poj	hì-bah	戲肉	itaigi:17087
poj	hì-chiaⁿ	戲精	itaigi:12470
poj	hì-iām	肺炎	taihoa:22561
poj	hì-pēⁿ	肺病	taihoa:22591
poj	hì-īⁿ	戲院	taihoa:22562
poj	hìⁿ-heh-kiò	噓嚇叫	itaigi:2824
poj	hí-chiú	喜酒	itaigi:16033
poj	hî	魚	taihoa:22608
poj	hî-chhì	魚刺	taihoa:22624
poj	hî-chhì-tâng-á	魚翅筒仔	itaigi:2392
poj	hî-chûn	漁船	itaigi:2962
poj	hî-hu	漁夫	itaigi:13395
poj	hî-hî-bah-bah	魚魚肉肉	itaigi:9472
poj	hî-kak	魚角	itaigi:2791
poj	hî-káu	魚狗	itaigi:11482
poj	hî-niá	魚嶺	itaigi:16180
poj	hî-nn̄g-chiùⁿ	魚卵醬	itaigi:14167
poj	hî-ong	漁翁	itaigi:13393
poj	hî-oân bí-hún	魚丸米粉	itaigi:2508
poj	hî-peng-hê-chiòng	魚兵蝦將	itaigi:18180
poj	hî-si̍t	魚翼	taihoa:22689
poj	hî-tî	魚池	taihoa:22691
poj	hî-tî-á	魚池仔	itaigi:11376
poj	hî-á	魚仔	taihoa:22609
poj	hî-á-piáⁿ	魚仔餅	itaigi:14534
poj	hîm	熊	taihoa:23321
poj	hîm-chhī	熊市	itaigi:16922
poj	hîm-chiúⁿ	熊掌	itaigi:14132
poj	hîm-niau	熊貓	itaigi:5988
poj	hîm-á	熊仔	itaigi:13338
poj	hîn	眩	taihoa:23354
poj	hîn-chûn	眩船	taihoa:23359
poj	hòa-chong-chúi	化妝水	itaigi:13795
poj	hòa-chong-keng	化妝間	itaigi:2095
poj	hòa-chong-phín	化妝品	itaigi:6763
poj	hòa-ha̍k	化礐	taihoa:24421
poj	hòa-ha̍k kang-têng	化學工程	itaigi:7410
poj	hòa-kéng	化景	itaigi:12301
poj	hòe	歲	taihoa:25704
poj	hòe-bu̍t	貨物	taihoa:25710
poj	hòe-pè	貨幣	taihoa:25749
poj	hòe-siū	歲壽	taihoa:25761
poj	hòe-thâu ū ah	歲頭有矣	itaigi:9027
poj	hòng-chhiáⁿ	況且	itaigi:7963
poj	hòng-ká	放假	taihoa:26448
poj	hòng-sàng	放送	itaigi:6077
poj	hòng-sàng-kio̍k	放送局	itaigi:15971
poj	hòng-sàng-oân	放送員	itaigi:2694
poj	hòng-sàng-thâu	放送頭	itaigi:1456
poj	hòng-tōa	放大	taihoa:26470
poj	hòng-tōa sok-sió	放大縮小	itaigi:6589
poj	hòⁿ	好	taihoa:26380
poj	hòⁿ-kiông	好強	itaigi:5909
poj	hòⁿ-kî	好奇	taihoa:26384
poj	hòⁿ-sek	好色	taihoa:26386
poj	hòⁿ-tiong-kiû	好中球	itaigi:11116
poj	hó	好	itaigi:954
poj	hó bîn	好眠	itaigi:2883
poj	hó tàu-tīn	好鬥陣	itaigi:2043
poj	hó-ang-bó͘	好翁某	itaigi:19144
poj	hó-chhiò	好笑	taihoa:23979
poj	hó-chhiò-sîn	好笑神	itaigi:3019
poj	hó-chhī-chháu	好市草	itaigi:15835
poj	hó-chia̍h	好食	taihoa:23996
poj	hó-chia̍h ê mi̍h-kiāⁿ	好食的物件	itaigi:6198
poj	hó-chia̍h--bô	好食無	itaigi:13790
poj	hó-chia̍h-mi̍h	好食物	itaigi:6239
poj	hó-gia̍h	好額	taihoa:24006
poj	hó-gia̍h-lâng	好額人	itaigi:2055
poj	hó-hî-hó-bah	好魚好肉	itaigi:9469
poj	hó-ka-chài	好佳哉	itaigi:3215
poj	hó-khang	好空	itaigi:2470
poj	hó-khòaⁿ	好看	taihoa:24068
poj	hó-khòaⁿ bô hó-chia̍h	好看無好食	itaigi:10475
poj	hó-kiông	好強	itaigi:5893
poj	hó-lim	好啉	itaigi:1863
poj	hó-liāu	好料	itaigi:5791
poj	hó-lâng-á bô-tī-tāi	好人仔無底代	itaigi:987
poj	hó-lí-ka-chài	好得佳哉	itaigi:1168
poj	hó-mih-á	好物仔	itaigi:2691
poj	hó-miā	好命	itaigi:11804
poj	hó-sim	好心	taihoa:24166
poj	hó-sim-hó-hēng	好心好行	itaigi:10906
poj	hó-sim-hó-liōng	好心好量	itaigi:10907
poj	hó-sè	好勢	itaigi:18673
poj	hó-só͘-chāi	好所在	itaigi:11192
poj	hó-thiaⁿ	好聽	taihoa:24203
poj	hó-thiⁿ hó-sî	好天好時	itaigi:9355
poj	hó-tàu-tīn	好鬥陣	itaigi:1296
poj	hó-táⁿ	好膽	taihoa:24189
poj	hó-táⁿ mài cháu	好膽莫走	itaigi:17189
poj	hó-ì	好意	taihoa:24026
poj	hó-ēng	好用	taihoa:24003
poj	hó-ūn	好運	itaigi:1883
poj	hóe	火	taihoa:25403
poj	hóe hoa-khì ah	火化去矣	itaigi:9494
poj	hóe liông hóe-bé	火龍火馬	itaigi:8859
poj	hóe-chhia	火車	taihoa:25429
poj	hóe-chhia-thâu	火車頭	taihoa:25435
poj	hóe-chhiⁿ chio̍h	火星石	itaigi:7317
poj	hóe-chi̍h	火舌	taihoa:25444
poj	hóe-hoa	火化	itaigi:1890
poj	hóe-hu	火灰	taihoa:25479
poj	hóe-iû	火油	taihoa:25521
poj	hóe-ka-la̍uh	火加落	itaigi:7765
poj	hóe-ke	火雞	taihoa:25524
poj	hóe-ke-bah-pn̄g	火雞肉飯	itaigi:13876
poj	hóe-kì-bó͘	夥計某	itaigi:5928
poj	hóe-kì-á	伙計仔	itaigi:6031
poj	hóe-sio	火燒	itaigi:4169
poj	hóe-sio-chhia	火燒車	itaigi:4555
poj	hóe-sio-sim	火燒心	itaigi:90
poj	hóe-sio-soaⁿ	火燒山	itaigi:7764
poj	hóe-sio-tó	火燒島	itaigi:1597
poj	hóe-sái	火屎	taihoa:25605
poj	hóe-sêng-giâm	火成岩	itaigi:17141
poj	hóe-sêng-gâm	火成岩	itaigi:17140
poj	hóe-thòaⁿ	火炭	taihoa:25674
poj	hóe-thúi	火腿	taihoa:25679
poj	hóe-tiáⁿ-keng phiàn-kio̍k	火鼎間騙局	itaigi:16992
poj	hóe-to̍h	火著	itaigi:6698
poj	hóng-būn	訪問	taihoa:26413
poj	hóng-chhì	諷刺	itaigi:11029
poj	hóng-seng-jîn	仿生人	itaigi:15157
poj	hó͘	虎	taihoa:26987
poj	hó͘-bō	虎帽	itaigi:3953
poj	hó͘-hî	虎魚	itaigi:17316
poj	hó͘-thâu niáu-chhí-bóe	虎頭鳥鼠尾	itaigi:5829
poj	hó͘-á-bō	虎仔帽	itaigi:18191
poj	hô ba̍k-kiàⁿ	和目鏡	itaigi:13193
poj	hô só-sî	和鎖匙	itaigi:13194
poj	hô-bé	河馬	itaigi:683
poj	hô-bí-pho	毫米波	itaigi:2729
poj	hô-gû	和牛	itaigi:6990
poj	hô-hó	和好	taihoa:24258
poj	hô-khe	河溪	itaigi:7752
poj	hô-khoe	河溪	itaigi:17686
poj	hô-lân-ti	荷蘭豬	itaigi:18765
poj	hô-lân-tāu	荷蘭豆	itaigi:6326
poj	hô-ní-bông	荷爾蒙	itaigi:647
poj	hô-piⁿ	河邊	itaigi:7555
poj	hô-pêng	和平	taihoa:24316
poj	hô-siōng-chiu	河上洲	itaigi:17930
poj	hô-sū-ló	和事老	itaigi:15457
poj	hô-ti	河豬	itaigi:1930
poj	hô-tông	河童	itaigi:3964
poj	hôaⁿ	鼾	taihoa:24832
poj	hôe	和	taihoa:25783
poj	hôe-bûn	回文	itaigi:7249
poj	hôe-hóe	回火	itaigi:3571
poj	hôe-liân-tāu	荷蘭豆	itaigi:6363
poj	hôe-lâm	回南	itaigi:11340
poj	hôe-lông	迴廊	itaigi:19636
poj	hôe-siūⁿ	和尚	taihoa:25829
poj	hôe-thiô sī gān	回頭是岸	itaigi:13090
poj	hôe-thâu sī gān	回頭是岸	itaigi:13089
poj	hôe-tn̂g	迴腸	itaigi:6361
poj	hôe-tóng	回檔	itaigi:16995
poj	hông-chng	紅妝	itaigi:4609
poj	hông-gāi kong-bū	妨礙公務	itaigi:6171
poj	hông-hiō	皇后	taihoa:26518
poj	hông-hâi-jî	紅孩兒	itaigi:1717
poj	hông-hō͘	防護	taihoa:26538
poj	hông-pha̍k	防曝	itaigi:452
poj	hông-pha̍k-ko	防曝膏	itaigi:387
poj	hông-pho-thê	防波堤	itaigi:7777
poj	hông-tè	皇帝	taihoa:26584
poj	hông-tè-chhài	皇帝菜	itaigi:4198
poj	hông-tè-niû	皇帝娘	taihoa:26591
poj	hông-tān-siáu-liân-thoân	防彈少年團	itaigi:6728
poj	hô͘-chhiu	鬍鬚	itaigi:11751
poj	hô͘-chio	胡椒	taihoa:27137
poj	hô͘-chio-hê	胡椒蝦	itaigi:4739
poj	hô͘-chio-iâm	胡椒鹽	itaigi:4682
poj	hô͘-sîn	胡蠅	taihoa:27177
poj	hù	副	taihoa:27432
poj	hù-chok-iōng	副作用	itaigi:808
poj	hù-chu-tong-liû	付諸東流	itaigi:13299
poj	hù-koa	副歌	itaigi:4569
poj	hù-mô͘	附魔	itaigi:14986
poj	hù-sán-bu̍t	副產物	taihoa:27504
poj	hù-sû	副詞	itaigi:11055
poj	hù-tio̍k	附著	itaigi:19205
poj	hùi khì hùi tak	費氣費觸	itaigi:9491
poj	hùi-bûn	廢文	itaigi:5895
poj	hùi-iām	肺炎	taihoa:27664
poj	hùi-khì	費氣	taihoa:27669
poj	hùi-khì-hùi-tak	費氣費觸	itaigi:12681
poj	hùi-sîn	費神	taihoa:27683
poj	hùi-ōe kiám kóng	廢話減講	itaigi:4498
poj	hùn-liān	訓練	taihoa:27842
poj	hú-gio̍k	府玉	itaigi:2554
poj	húi chiâⁿ pêⁿ-po͘	毀成平埔	itaigi:13554
poj	húi-lūi	匪類	itaigi:5887
poj	húi-pòng	毀謗	itaigi:19676
poj	hún	粉	taihoa:27784
poj	hún-bī iú--ê	粉味友的	itaigi:633
poj	hún-chiáu	粉鳥	taihoa:27797
poj	hún-keng	粉間	itaigi:13144
poj	hún-pit	粉筆	taihoa:27818
poj	hún-si	粉絲	itaigi:1510
poj	hún-té	粉底	itaigi:2381
poj	hún-âng-sek	粉紅色	itaigi:13901
poj	hún-îⁿ gû-leng-tê	粉圓牛奶茶	itaigi:5469
poj	hún-îⁿ leng-tê	粉圓奶茶	itaigi:7093
poj	hún-îⁿ tê-leng	粉圓茶奶	itaigi:17900
poj	hû-si̍t	扶植	itaigi:13448
poj	hû-song-hoe	扶桑花	itaigi:6051
poj	hûi	瓷	taihoa:27692
poj	hûi-á	瓷仔	itaigi:6143
poj	hûi-á-tiàm	瓷仔店	itaigi:1690
poj	hûn	雲	taihoa:27859
poj	hûn tà ba̍t-ba̍t	雲罩密密	itaigi:3781
poj	hûn-chio̍h	雲石	itaigi:17383
poj	hûn-hái	雲海	taihoa:27865
poj	hûn-iû-sù-hái	雲遊四海	itaigi:17384
poj	hûn-thun	雲吞	itaigi:17198
poj	hûn-toan	雲端	itaigi:602
poj	hûn-toan hoat-phiò	雲端發票	itaigi:17472
poj	hûn-téng	雲頂	itaigi:601
poj	hûn-téng ngē-tia̍p	雲頂硬碟	itaigi:3822
poj	hûn-téng-ūn-soàn	雲頂運算	itaigi:16946
poj	hûn-téng-ūn-sǹg	雲頂運算	itaigi:16947
poj	hûn-éng	雲湧	itaigi:12050
poj	hā	下	taihoa:20764
poj	hā-chúi-tō	下水道	itaigi:17202
poj	hā-goân	下元	itaigi:11547
poj	hā-ha-o͘	夏哈烏	itaigi:16320
poj	hā-ngó͘-tê	下午茶	itaigi:1064
poj	hā-siau	下消	taihoa:20819
poj	hāi	害	taihoa:21161
poj	hāi kah thô͘-thô͘-thô͘	害甲塗塗塗	itaigi:8490
poj	hāi--ah	害矣	itaigi:3843
poj	hāi--khì--ah	害去矣	itaigi:6099
poj	hāi-chhám-chhám	害慘慘	itaigi:19451
poj	hāi-liú-liú	害扭扭	itaigi:17804
poj	hāi-mi̍h	害物	itaigi:16404
poj	hāi-tò͘	械鬥	itaigi:19033
poj	hām-bîn	陷眠	itaigi:674
poj	hām-bîn-ōe	陷眠話	itaigi:5924
poj	hām-chhài	陷菜	itaigi:3301
poj	hām-pûi	陷肥	itaigi:3300
poj	hān-siōng	旱象	itaigi:4668
poj	hāng	項	taihoa:21682
poj	hāu-hn̂g-pà-lêng	校園霸凌	itaigi:13476
poj	hāu-iú-hōe	校友會	taihoa:21958
poj	hāu-kang	校工	taihoa:21961
poj	hāu-koa	校歌	taihoa:21979
poj	hāu-kó	效果	taihoa:21977
poj	hāu-seⁿ	後生	taihoa:21996
poj	hāu-tiâⁿ	校庭	taihoa:22006
poj	hāu-tiúⁿ	校長	taihoa:22009
poj	hē	會	taihoa:22110
poj	hē--lí	系裡	itaigi:15795
poj	hē-choh	下作	itaigi:13294
poj	hē-hāng	係項	itaigi:14512
poj	hē-kim-koe	夏金瓜	itaigi:4813
poj	hē-nî	繫年	itaigi:16457
poj	hē-pān	系辦	itaigi:15797
poj	hīn	恨	taihoa:23373
poj	hīⁿ-chu-khang	耳珠空	itaigi:5917
poj	hīⁿ-hong	耳風	itaigi:5886
poj	hīⁿ-khang	耳孔	taihoa:23394
poj	hīⁿ-khang chhut-iû	耳空出油	itaigi:12003
poj	hīⁿ-khang seⁿ pau-phôe	耳空生包皮	itaigi:463
poj	hīⁿ-khang á tîn	耳空仔藤	itaigi:9852
poj	hīⁿ-khang-piⁿ-ōe	耳口邊話	itaigi:2603
poj	hīⁿ-khang-tōaⁿ	耳空彈	itaigi:11485
poj	hīⁿ-kòa	耳掛	itaigi:17791
poj	hīⁿ-phīⁿ-âu-kho	耳鼻喉科	itaigi:762
poj	hīⁿ-sái	耳屎	taihoa:23427
poj	hīⁿ-thâng	耳蟲	itaigi:5775
poj	hīⁿ-tûn	耳唇	taihoa:23431
poj	hīⁿ-á	耳仔	taihoa:23376
poj	hīⁿ-á-hóng	耳仔訪	itaigi:3627
poj	hīⁿ-á-ki	耳仔機	itaigi:17852
poj	hīⁿ-á-tō͘-chiam	耳仔度針	itaigi:13902
poj	hō-chò	號做	taihoa:24359
poj	hō-chòe	號做	itaigi:14491
poj	hō-ūi	號位	itaigi:11114
poj	hōaⁿ	岸	taihoa:24883
poj	hōe	會	taihoa:25858
poj	hōe-bûn-jī	繪文字	itaigi:737
poj	hōe-chiòng	會眾	itaigi:6357
poj	hōe-chéng	匯整	itaigi:5861
poj	hōe-chîⁿ	匯錢	itaigi:15272
poj	hōe-chúi	匯水	itaigi:18607
poj	hōe-gī	會議	taihoa:25888
poj	hōe-hùi	會費	taihoa:25894
poj	hōe-kè	會計	taihoa:25898
poj	hōe-liû-pâi	匯流排	itaigi:4583
poj	hōe-oân	會員	taihoa:25914
poj	hōe-phiò	匯票	taihoa:25918
poj	hōe-pún	繪本	itaigi:6162
poj	hōe-sit-lé	會失禮	itaigi:625
poj	hōe-siā	會社	taihoa:25922
poj	hōe-sū	繪士	itaigi:16725
poj	hōe-tiúⁿ	會長	taihoa:25937
poj	hōe-tiûⁿ	會場	taihoa:25938
poj	hōe-toaⁿ	匯單	taihoa:25940
poj	hōng-chhiáⁿ	奉請	itaigi:18969
poj	hōng-gán	鳳眼	itaigi:13564
poj	hōng-lê	鳳螺	itaigi:14767
poj	hōng-thâu-bóe-ke	鳳頭尾雞	itaigi:9772
poj	hō͘	予	itaigi:13398
poj	hō͘ góa chhiáⁿ	予我請	itaigi:6570
poj	hō͘ lán	予咱	itaigi:13560
poj	hō͘ lâng chhiáⁿ	予人請	itaigi:18941
poj	hō͘ lâng khí ke-bó-phôe	予人起雞母皮	itaigi:606
poj	hō͘ lâng khòaⁿ-hiān-hiān	予人看現現	itaigi:6925
poj	hō͘ lí	予你	itaigi:1962
poj	hō͘ lí ioh	予你臆	itaigi:12893
poj	hō͘ lāng khi-hū	予人欺負	itaigi:6955
poj	hō͘ ta--lah	予焦啦	itaigi:1617
poj	hō͘--lí	予你	itaigi:7021
poj	hō͘-bō	雨帽	itaigi:18167
poj	hō͘-chiò	護照	taihoa:27229
poj	hō͘-chúi-hiā	雨水蟻	itaigi:4375
poj	hō͘-chām	雨站	itaigi:13761
poj	hō͘-hōaⁿ	護岸	itaigi:7617
poj	hō͘-i	雨衣	taihoa:27251
poj	hō͘-kháu chheh	戶口冊	itaigi:8050
poj	hō͘-kháu phō͘-á	戶口簿仔	itaigi:8049
poj	hō͘-liân-bāng	互聯網	itaigi:1191
poj	hō͘-lâng	予人	itaigi:7971
poj	hō͘-lí-chām	護理站	itaigi:5435
poj	hō͘-lí-hē	護理系	itaigi:2362
poj	hō͘-lí-su	護理師	itaigi:2424
poj	hō͘-lī-ū	互利有	itaigi:7299
poj	hō͘-mûi-á	雨毛仔	itaigi:11343
poj	hō͘-sap-á	雨屑仔	taihoa:27313
poj	hō͘-saⁿ	雨衫	taihoa:27311
poj	hō͘-siong tàu-saⁿ-kāng	互相門相共	itaigi:2176
poj	hō͘-sîn	雨神	itaigi:14202
poj	hō͘-sòaⁿ	雨傘	taihoa:27329
poj	hō͘-sòaⁿ chhiū	雨傘樹	itaigi:8014
poj	hō͘-sòaⁿ tō͘-tēng	雨傘杜定	itaigi:4763
poj	hō͘-sòaⁿ-tiàm	雨傘店	itaigi:8017
poj	hō͘-sū	後事	taihoa:27336
poj	hō͘-thek	互斥	itaigi:12156
poj	hō͘-thek sū-kiān	互斥事件	itaigi:12157
poj	hō͘-tiám-á	雨點仔	itaigi:11175
poj	hū-bió	父母	taihoa:27560
poj	hū-chhin-cheh	父親節	itaigi:3056
poj	hū-chhin-cheh khoài-lo̍k	父親節快樂	itaigi:3057
poj	hū-chè	負債	taihoa:27563
poj	hū-jîn-lâng	婦人人	itaigi:4811
poj	hū-kho	婦科	itaigi:554
poj	hū-tiān	負電	itaigi:17170
poj	hūi-kin	慧根	itaigi:4691
poj	hūn	份	itaigi:18798
poj	hūn-pó	份保	itaigi:4393
poj	hūn-siaⁿ	混聲	itaigi:15901
poj	hūn-thiⁿ oàn-tē	恨天怨地	itaigi:11598
poj	hṳ-chêng-ké-ì	虛情假意	itaigi:14757
poj	i	醫	taihoa:28175
poj	i bô-kiù--ah	伊無救矣	itaigi:1818
poj	i ê	伊的	itaigi:2946
poj	i-bī	伊未	itaigi:11210
poj	i-ha̍k-hōe	醫學會	itaigi:13072
poj	i-ho̍k	衣服	taihoa:29297
poj	i-i-oa̍t-oa̍t	依依曰曰	itaigi:10366
poj	i-koán	醫館	itaigi:17492
poj	i-lāi-tē	依賴地	itaigi:14328
poj	i-seng	醫生	taihoa:30177
poj	i-su	醫師	itaigi:16699
poj	iah	益	taihoa:28588
poj	iah-bē	猶未	itaigi:16477
poj	iah-bōe	猶未	itaigi:16476
poj	iah-thô͘	挖土	taihoa:28640
poj	iam	陰	taihoa:28644
poj	iam-ke	閹雞	taihoa:28726
poj	ian	煙	taihoa:28737
poj	ian-bah	煙肉	taihoa:28980
poj	ian-bū-chit	煙霧質	itaigi:19751
poj	ian-chhiân	煙腸	itaigi:19199
poj	ian-chhiâng	煙腸	taihoa:28988
poj	ian-chhiâng-chhiū-á	煙腸樹仔	itaigi:12045
poj	ian-chhiâng-káu	煙腸狗	itaigi:14228
poj	ian-hoa-ī-léng	煙花易冷	itaigi:6754
poj	ian-hoe-ki	煙花枝	itaigi:14224
poj	ian-hóe	煙火	taihoa:29061
poj	ian-thûn	煙塵	taihoa:29084
poj	ian-tâng	煙筒	taihoa:29070
poj	iang-saⁿ-thok-sì	央三託四	itaigi:15366
poj	iau-hoa	腰花	itaigi:18441
poj	iau-koài	妖怪	taihoa:29243
poj	iau-kúi	枵鬼	itaigi:6059
poj	iau-su̍t	妖術	taihoa:29278
poj	iau-sí	枵死	itaigi:4320
poj	ia̍h	易	taihoa:28591
poj	ia̍h bīn	頁面	itaigi:9813
poj	ia̍h-chêng	疫情	itaigi:3357
poj	ia̍h-sī	抑是	itaigi:10557
poj	ia̍h-tiûⁿ	役場	itaigi:8046
poj	ia̍h-á	蝶仔	itaigi:2040
poj	ia̍h-á-kat	蝶仔結	itaigi:6565
poj	ia̍h-á-kiû	蝶仔球	itaigi:13328
poj	ia̍p-sng	葉酸	itaigi:6958
poj	im	音	taihoa:29327
poj	im tōa-chúi	淹大水	itaigi:7502
poj	im-bô͘	陰謀	taihoa:29372
poj	im-chat	音節	itaigi:17120
poj	im-chí	音子	itaigi:19648
poj	im-chúi	淹水	itaigi:7515
poj	im-e̍k	音譯	itaigi:14807
poj	im-ga̍k	音樂	taihoa:29385
poj	im-ga̍k-hōe	音樂會	taihoa:29387
poj	im-goân	音元	itaigi:17112
poj	im-hāu-phìⁿ	音效片	itaigi:19597
poj	im-iông-ba̍k	陰陽目	itaigi:15983
poj	im-iông-gàn	陰陽眼	itaigi:15980
poj	im-iông-su	陰陽師	itaigi:6987
poj	im-jī	陰字	itaigi:18201
poj	im-ke̍k	陰極	itaigi:19220
poj	im-khì	淹去	itaigi:7660
poj	im-le̍k	陰曆	taihoa:29426
poj	im-phiau	音標	itaigi:17855
poj	im-piau	音標	itaigi:17856
poj	im-piàn	音變	itaigi:18658
poj	im-siaⁿ	音聲	itaigi:18844
poj	im-sèng	陰性	itaigi:14570
poj	im-sí	淹死	itaigi:7662
poj	im-tek	陰德	taihoa:29447
poj	im-thiⁿ	陰天	taihoa:29463
poj	im-tiān	陰電	itaigi:17172
poj	im-tōa-chúi	淹大水	itaigi:11351
poj	im-àm	今暗	itaigi:18142
poj	in-iân	因緣	taihoa:29751
poj	in-ūi	因為	taihoa:29790
poj	io	邀	taihoa:29796
poj	io-chhī	育飼	itaigi:6466
poj	io-chiah-kut	腰脊骨	itaigi:678
poj	io-chí chio̍h-á	腰子石仔	itaigi:6826
poj	io-chí kiat-chio̍h	腰子結石	itaigi:1313
poj	ioh	溢	taihoa:29875
poj	iok-sok	約束	taihoa:30017
poj	iok-tēng-sio̍k-sêng	約定俗成	itaigi:15512
poj	io̍h-chng-tiàm	藥妝店	itaigi:4693
poj	io̍h-chúi	藥水	taihoa:29896
poj	io̍h-hún	藥粉	taihoa:29906
poj	io̍h-ko	藥膏	taihoa:29914
poj	io̍h-oân	藥丸	taihoa:29923
poj	io̍h-oân-ka-pi	藥丸咖啡	itaigi:1904
poj	io̍h-thâu-á	藥頭仔	itaigi:18819
poj	io̍h-thâu-á pâi-kut	藥頭仔排骨	itaigi:18729
poj	io̍h-tiàm	藥店	taihoa:29953
poj	io̍h-tē-á	藥袋仔	itaigi:4823
poj	io̍h-á-tiàm	藥仔店	taihoa:29881
poj	it -kí- lióng -tit	一舉兩得	itaigi:8499
poj	it bōng bô7 chīn	一望無盡	itaigi:8368
poj	it chheng jī chhó	一清二楚	itaigi:8362
poj	it chheng jī pe̍k	一清二白	itaigi:8371
poj	it chhò chài chhò	一錯再錯	itaigi:8493
poj	it gō͘ it cha̍p	一五一十	itaigi:8059
poj	it gō͘ jī koàn chhit	一五二貫七	itaigi:8060
poj	it lo̍k chhian-kim	一諾千金	itaigi:8492
poj	it pán it gán	一板一眼	itaigi:8269
poj	it pún bān lī	一本萬利	itaigi:2179
poj	it pō͘ teng-thian	一步登天	itaigi:8231
poj	it sú pah liáu	一死百了	itaigi:8210
poj	it-bû-só͘-tiông	一無所長	itaigi:17269
poj	it-bûn-put-ti̍t	一文不值	itaigi:8300
poj	it-chhè	一切	taihoa:30207
poj	it-chīn	一盡	itaigi:18320
poj	it-chōng-kiat-tn̂g	乙狀結腸	itaigi:1484
poj	it-gán hun-bêng	一眼分明	itaigi:8372
poj	it-hoan-chióng	一番獎	itaigi:15404
poj	it-hoat	益發	itaigi:18267
poj	it-hong-thong-hêng	一方通行	itaigi:19109
poj	it-khá-thong	一卡通	itaigi:618
poj	it-khì p hôe-thâu	一去不回頭	itaigi:8122
poj	it-kiú-khàu	一九扣	itaigi:12105
poj	it-koat chhu-hiông	一決雌雄	itaigi:8247
poj	it-kí lióng tit	一舉兩得	itaigi:8205
poj	it-kí-lióng-tit	一舉兩得	itaigi:8471
poj	it-lia̍p-it	一粒一	itaigi:12682
poj	it-liû	一流	taihoa:30250
poj	it-lûi thian-hā hiáng	一雷天下響	itaigi:8451
poj	it-lē-it-hioh	一例一歇	itaigi:5805
poj	it-lē-it-hiu	一例一休	itaigi:8178
poj	it-mô͘-put-poa̍t	一毛不拔	itaigi:8194
poj	it-poaⁿ	一般	taihoa:30268
poj	it-seng	一生	taihoa:30274
poj	it-sim nn̄g iōng	一心二用	itaigi:8067
poj	it-sit it-tit	一失一得	itaigi:8352
poj	it-thài	乙太	itaigi:3373
poj	it-thài-hng	乙太坊	itaigi:15042
poj	it-thài-hong	乙太坊	itaigi:15134
poj	it-tit it-sit	一得一失	itaigi:8353
poj	it-téng	一等	itaigi:999
poj	it-tēng	一定	taihoa:30294
poj	iu-be̍k-kám	幽默感	itaigi:13363
poj	iu-chhiû	憂愁	taihoa:30688
poj	iu-hong-hō	悠風號	itaigi:17670
poj	iu-iu-á-thiàⁿ	幽幽仔疼	itaigi:773
poj	iu-kat-kat	憂結結	itaigi:15211
poj	iu-lu	憂慮	itaigi:6720
poj	iu-siù	優秀	taihoa:30856
poj	iu-ut-chèng	憂鬱症	itaigi:15372
poj	ià	厭	taihoa:28497
poj	ià-lán	厭懶	itaigi:19317
poj	ià-sè	厭世	itaigi:6638
poj	iàm-si̍t-chèng	厭食症	itaigi:17525
poj	iàm-sè	厭世	taihoa:28664
poj	iàn-be̍h	燕麥	itaigi:13134
poj	iàn-châu	燕巢	itaigi:12490
poj	iàn-hōe	宴會	taihoa:28829
poj	iàn-khì	厭氣	itaigi:4297
poj	iàu-jī	要字	itaigi:2706
poj	iàu-kín	要緊	taihoa:29195
poj	iàu-léng	要領	taihoa:29198
poj	iàu-sò͘	要素	taihoa:29203
poj	iàu-sû	要詞	itaigi:2707
poj	iàu-tiám	要點	taihoa:29206
poj	iàu-ì	要意	itaigi:15513
poj	iá-bân	野蠻	taihoa:28434
poj	iá-bē	猶未	itaigi:16480
poj	iá-bōe	猶未	itaigi:16479
poj	iá-iàn	野宴	itaigi:11249
poj	iá-kiû-tiûⁿ	野球場	itaigi:13877
poj	iá-liân	野蓮	itaigi:16364
poj	iá-seng	野生	taihoa:28478
poj	iá-sim	野心	taihoa:28483
poj	iá-siù	野獸	taihoa:28484
poj	iám-mn̂g	掩門	itaigi:1151
poj	iám-sin	掩身	itaigi:12368
poj	ián-chhiùⁿ-hōe	演唱會	itaigi:6112
poj	ián-chàu	演奏	taihoa:28752
poj	ián-chàu-hōe	演奏會	taihoa:28753
poj	ián-gē-kài	演藝界	itaigi:13952
poj	ián-káng	演講	taihoa:28784
poj	ián-sai	演師	itaigi:10966
poj	ián-soat	演說	taihoa:28807
poj	ián-sǹg-hoat	演算法	itaigi:13497
poj	iáu	猶	taihoa:29142
poj	iáu--ē-sái	猶會使	itaigi:6898
poj	iáu-bōe	猶未	taihoa:29148
poj	iáu-bōe ka-lí-lô	猶未咖哩囉	itaigi:8811
poj	iáu-kú	猶久	taihoa:29158
poj	iáu-ê	猶的	itaigi:16356
poj	iáⁿ	影	itaigi:3548
poj	iáⁿ--chi̍t-ē	影一下	itaigi:17634
poj	iáⁿ-gîn-hâng	影銀行	itaigi:16991
poj	iáⁿ-hì-koán	影戲館	itaigi:14758
poj	iáⁿ-siōng	影像	itaigi:13501
poj	iáⁿ-siōng-kám-un-gî	影像感溫儀	itaigi:13500
poj	iáⁿ-sìn	影訊	itaigi:17779
poj	iáⁿ-tè	影帝	itaigi:14295
poj	iâ ko sià ko	爺哥舍哥	itaigi:9110
poj	iâ-chí-chiap	椰子汁	itaigi:1861
poj	iâ-ko-sià-ko	爺哥舍哥	itaigi:10578
poj	iâ-lîm-tāi-tō	椰林大道	itaigi:2324
poj	iâ-lîm-tōa-lō͘	椰林大路	itaigi:11225
poj	iâ-teng	椰丁	itaigi:15610
poj	iâm	鹽	taihoa:28665
poj	iâm-hòa chúi-sò͘	鹽化水素	itaigi:2459
poj	iâm-sng	鹽酸	taihoa:28687
poj	iâm-sng-chháu	鹽酸草	itaigi:14031
poj	iâm-sng-á	鹽桑仔	itaigi:13104
poj	iân-chhiân	延延	itaigi:6008
poj	iân-chîⁿ	鉛錢	itaigi:14023
poj	iân-hái	沿海	taihoa:28877
poj	iân-hūn	緣份	itaigi:7306
poj	iân-jín	引擎	itaigi:10887
poj	iân-kî	延期	taihoa:28894
poj	iân-kò͘	緣故	taihoa:28909
poj	iân-kóng	鉛管	taihoa:28908
poj	iân-lō͘	沿路	taihoa:28911
poj	iân-náu	延腦	itaigi:13058
poj	iân-phiáⁿ	鉛片	taihoa:28921
poj	iân-pit	延畢	itaigi:1479
poj	iân-pit a̍p-á	鉛筆盒仔	itaigi:6188
poj	iân-pit-chhat-á	鉛筆擦仔	itaigi:12836
poj	iân-pit-iân	鉛筆鉛	itaigi:3895
poj	iân-pit-á	鉛筆仔	itaigi:10937
poj	iân-sòaⁿ	沿線	taihoa:28935
poj	iân-tháng	鉛桶	taihoa:28944
poj	iân-tn̂g-sòaⁿ	延長線	itaigi:16115
poj	iân-tâu	緣投	itaigi:2843
poj	iâu-khòng	遙控	itaigi:708
poj	iâu-khòng-khì	遙控器	itaigi:7052
poj	iâu-khòng-ki	遙控機	itaigi:354
poj	iâu-put-khó-kip	遙不可及	itaigi:4258
poj	iâu-soàn	遙算	itaigi:17035
poj	iâu-sǹg	遙算	itaigi:17036
poj	iâⁿ	營	taihoa:28847
poj	iâⁿ-tiùⁿ	營帳	itaigi:14360
poj	ió	毆	taihoa:29801
poj	ióng	勇	taihoa:30030
poj	ióng-io̍k	踴躍	taihoa:30053
poj	ióng-khì	勇氣	taihoa:30057
poj	ióng-kiap	勇俠	itaigi:13873
poj	ióng-kám	勇敢	taihoa:30056
poj	ióng-seng-leng	養生奶	itaigi:12185
poj	ióng-si̍t-gia̍p	養殖業	itaigi:14168
poj	iô	搖	taihoa:29804
poj	iô-chhn̂g	搖床	itaigi:15860
poj	iô-hong	搖風	itaigi:18818
poj	iô-iô-pái-pái	搖搖擺擺	itaigi:9516
poj	iô-kho͘-á	搖圈仔	itaigi:1199
poj	iô-koáiⁿ	搖桿	itaigi:4667
poj	iô-kó͘	搖鼓	itaigi:15858
poj	iô-nâ	搖籃	taihoa:29834
poj	iô-poe-á	搖杯仔	itaigi:15222
poj	iô-pái-chiu	搖擺州	itaigi:17720
poj	iông-hu-sio̍k-chú	庸夫俗子	itaigi:9070
poj	iông-jī	陽字	itaigi:18198
poj	iông-khì	容器	itaigi:1338
poj	iông-le̍k	陽曆	taihoa:30108
poj	iông-liû	洋流	itaigi:18918
poj	iông-tiān	陽電	itaigi:17171
poj	iông-á-ba̍k	陽仔目	itaigi:15984
poj	iông-ī	容易	taihoa:30096
poj	iông-īⁿ	容易	taihoa:30100
poj	iù	幼	itaigi:6304
poj	iù-chio̍h-á	幼石仔	itaigi:7536
poj	iù-kang	幼工	itaigi:18853
poj	iù-khí	幼齒	itaigi:11874
poj	iù-ki	幼妓	itaigi:7199
poj	iù-kioh	幼腳	itaigi:13303
poj	iù-lú	幼女	itaigi:19088
poj	iù-tī-hn̂g	幼稚園	taihoa:30474
poj	iú-chêng	友情	taihoa:30333
poj	iú-chì	有志	taihoa:30335
poj	iú-chì-chiá	有志者	taihoa:30336
poj	iú-gán-bû-chu	有眼無珠	itaigi:15167
poj	iú-gî	友誼	itaigi:340
poj	iú-he̍k	誘惑	itaigi:1010
poj	iú-hàu	有孝	taihoa:30344
poj	iú-ki hòa-ha̍k	有機化學	itaigi:7401
poj	iú-ki hòa-ha̍p-bu̍t	有機化合物	itaigi:2457
poj	iú-koan-tio̍h	有關著	itaigi:4229
poj	iú-koái	誘拐	taihoa:30359
poj	iú-lī	有利	taihoa:30365
poj	iú-sîn-lūn	有神論	itaigi:8796
poj	iú-ài	友愛	taihoa:30331
poj	iú-èng-kong	有應公	itaigi:14560
poj	iúⁿ	養	taihoa:30710
poj	iúⁿ-chhī	養飼	taihoa:30715
poj	iû	由	taihoa:30478
poj	iû-bo̍k	油木	taihoa:30491
poj	iû-bîn	遊眠	itaigi:18282
poj	iû-chhat	油漆	taihoa:30515
poj	iû-chiam-ōng	油尖旺	itaigi:17506
poj	iû-chia̍h-kóe	油炙粿	taihoa:30533
poj	iû-chèng oe̍h-poah	郵政劃撥	itaigi:16880
poj	iû-chûn	遊船	itaigi:2977
poj	iû-gē-hōe	遊藝會	itaigi:17266
poj	iû-ki-á	油機仔	itaigi:17270
poj	iû-kim	油金	itaigi:18824
poj	iû-kim-á-iû-kim	油金仔油金	itaigi:18823
poj	iû-kià soán-phiò	郵寄選票	itaigi:18105
poj	iû-kut	油骨	itaigi:19494
poj	iû-lám-chhia	遊覽車	taihoa:30597
poj	iû-lám-chûn	遊覽船	itaigi:3022
poj	iû-lám-kheh	遊覽客	itaigi:3877
poj	iû-lâi-á	油梨仔	itaigi:15888
poj	iû-lûn	郵輪	itaigi:2976
poj	iû-môa-tē	油麻地	itaigi:15133
poj	iû-mī	油麵	itaigi:269
poj	iû-o̍h-sian	遊學仙	itaigi:14996
poj	iû-phiò	郵票	taihoa:30623
poj	iû-san-oán-súi	遊山玩水	itaigi:13951
poj	iû-sàng tâu-phiò	郵送投票	itaigi:18104
poj	iû-sîn	遊神	itaigi:18472
poj	iû-tia̍p-hoe	遊蝶花	itaigi:8910
poj	iû-éng	游泳	taihoa:30542
poj	iû-éng-tî	游泳池	taihoa:30544
poj	iû-î	由於	itaigi:874
poj	iûⁿ	陽	taihoa:30729
poj	iûⁿ-bah	羊肉	taihoa:30741
poj	iûⁿ-bah-lô͘	羊肉爐	itaigi:7562
poj	iûⁿ-bīn pó-hiám	洋面保險	itaigi:3587
poj	iûⁿ-chiú	洋酒	taihoa:30749
poj	iûⁿ-hòe	洋貨	taihoa:30759
poj	iûⁿ-kak sam-kiàm	羊角三劍	itaigi:10574
poj	iûⁿ-kak-tāu	羊角豆	itaigi:2296
poj	iûⁿ-koah-pau	洋割包	itaigi:13798
poj	iûⁿ-mn̂g	羊毛	taihoa:30811
poj	iûⁿ-tô	楊桃	taihoa:30831
poj	iûⁿ-tô-chap	楊桃汁	itaigi:17250
poj	iûⁿ-tô-chiap	楊桃汁	itaigi:17251
poj	iûⁿ-tô-thng	楊桃湯	itaigi:17253
poj	iûⁿ-á	羊仔	taihoa:30735
poj	iā	夜	taihoa:28532
poj	iā-kan-pō͘	夜間部	taihoa:28564
poj	iā-kéng	夜景	taihoa:28566
poj	iā-pô-kiap	夜婆俠	itaigi:13864
poj	iā-tiàm	夜店	itaigi:4608
poj	iām	炎	taihoa:28697
poj	iām-bú	炎舞	itaigi:3141
poj	iām-hok	豔福	taihoa:28705
poj	iām-hóe	炎火	itaigi:3173
poj	iām-ji̍t	炎日	taihoa:28709
poj	iām-lē	豔麗	itaigi:2604
poj	iām-sek	豔色	itaigi:2605
poj	iām-thiⁿ chhiah ji̍t-thâu	炎天赤日頭	itaigi:9412
poj	iāng	煬	itaigi:4170
poj	iăn-jín	引擎	itaigi:16069
poj	iău-khóng	遙控	itaigi:858
poj	iōng	用	taihoa:30120
poj	iōng-hoat	用法	taihoa:30139
poj	iōng-kong	用功	taihoa:30148
poj	iōng-sim-kè-kàu	用心計較	itaigi:18625
poj	iōng-tô͘	用途	taihoa:30160
poj	iū ài iū hūn	又愛又恨	itaigi:13228
poj	iū-koh	又閣	taihoa:30676
poj	iū-á	柚仔	taihoa:30670
poj	ji-cha̍p	二十	itaigi:3157
poj	jia-jia-iám-iám	遮遮掩掩	itaigi:2858
poj	jia̍t	熱	taihoa:31105
poj	jia̍t-chhī	熱市	itaigi:16925
poj	jia̍t-chêng	熱情	itaigi:4409
poj	jia̍t-chîⁿ	熱錢	itaigi:16900
poj	jia̍t-chúi-lô͘	熱水爐	itaigi:12066
poj	jia̍t-ha̍k	熱學	itaigi:15910
poj	jia̍t-khì-kiû	熱氣球	itaigi:2781
poj	jia̍t-koàn	熱貫	itaigi:19222
poj	jia̍t-koán	熱管	itaigi:18072
poj	jia̍t-káu	熱狗	itaigi:2292
poj	jia̍t-le̍k-ha̍k	熱力學	itaigi:7404
poj	jia̍t-liân-jia-sêng	熱蘭遮城	itaigi:18374
poj	jia̍t-phû-kiû	熱浮球	itaigi:4328
poj	jia̍t-sim	熱心	taihoa:31148
poj	jia̍t-tiûⁿ	熱場	itaigi:18830
poj	jia̍t-tài	熱帶	taihoa:31158
poj	jiok	迮	taihoa:31430
poj	jio̍k	弱	taihoa:31432
poj	jio̍k-kùi	肉桂	taihoa:31436
poj	jio̍k-sin	肉身	taihoa:31439
poj	jio̍k-tiám	弱點	taihoa:31442
poj	jit-koan	日冠	itaigi:14962
poj	jiàu	抓	taihoa:31177
poj	jiàu-kéng	繞境	itaigi:2658
poj	jiáu-kéng	繞境	itaigi:6005
poj	jiân-āu	然後	taihoa:31096
poj	jiâu	饒	taihoa:31190
poj	jiō	尿	taihoa:31398
poj	jiō-tháng	尿桶	taihoa:31423
poj	ji̍h-tiàu	捏吊	taihoa:31221
poj	ji̍p hiong sûi sio̍k	入鄉隨俗	itaigi:6996
poj	ji̍p sió-ha̍k	入小學	itaigi:15023
poj	ji̍p-bîn	入眠	itaigi:1724
poj	ji̍p-chêng ji̍p-lí	入情入理	itaigi:8798
poj	ji̍p-chí	入子	itaigi:18492
poj	ji̍p-chîⁿ	入錢	itaigi:6818
poj	ji̍p-iù-ha̍k	入幼學	itaigi:14995
poj	ji̍p-jī-hoat	入字法	itaigi:6401
poj	ji̍p-khang	入空	itaigi:6297
poj	ji̍p-kheⁿ	入坑	itaigi:6339
poj	ji̍p-le̍k	入力	itaigi:19068
poj	ji̍p-lâi chē	入來坐	itaigi:1197
poj	ji̍t	日	itaigi:7495
poj	ji̍t chhiâ sai	日斜西	itaigi:19272
poj	ji̍t chia̍h goe̍h	日食月	itaigi:7529
poj	ji̍t lo̍h-soaⁿ	日落山	itaigi:7499
poj	ji̍t-beh-àm	日欲暗	itaigi:7907
poj	ji̍t-chhut	日出	taihoa:31583
poj	ji̍t-chí	日子	itaigi:1225
poj	ji̍t-ji̍t	日日	taihoa:31610
poj	ji̍t-khan	日刊	taihoa:31617
poj	ji̍t-kong	日光	taihoa:31626
poj	ji̍t-kì	日記	taihoa:31619
poj	ji̍t-kì-phō͘	日記簿	taihoa:31620
poj	ji̍t-lo̍h	日落	taihoa:31633
poj	ji̍t-lêng-goân	日能源	itaigi:16634
poj	ji̍t-pha̍k	日曝	itaigi:15422
poj	ji̍t-si̍t lân-tō͘	日食難度	itaigi:8972
poj	ji̍t-sî	日時	taihoa:31649
poj	ji̍t-sî-thâu	日時頭	itaigi:7873
poj	ji̍t-thiah	日拆	itaigi:11170
poj	ji̍t-thiah-á	日拆仔	itaigi:4683
poj	ji̍t-thâu	日頭	taihoa:31671
poj	ji̍t-thâu beh lo̍h-soaⁿ	日頭欲落山	itaigi:7910
poj	ji̍t-thâu chhiah-iām-iām	日頭赤炎炎	itaigi:2587
poj	ji̍t-thâu hō͘	日頭雨	itaigi:7498
poj	ji̍t-thâu lo̍h-soaⁿ	日頭落山	itaigi:7525
poj	ji̍t-thâu mé	日頭猛	itaigi:2860
poj	ji̍t-thâu àm	日頭暗	itaigi:7494
poj	ji̍t-thâu-kng thàm-chhek-khì	日頭光探測器	itaigi:3375
poj	ji̍t-thâu-piáⁿ	日頭餅	itaigi:2719
poj	ji̍t-thâu-taⁿ-kè	日頭擔架	itaigi:17498
poj	ji̍t-têng-pió	日程表	itaigi:2254
poj	ji̍t-á-kang	日仔工	itaigi:15179
poj	joa̍h	熱	taihoa:31732
poj	joa̍h--tio̍h	熱著	taihoa:31760
poj	joa̍h-bō	熱帽	itaigi:18147
poj	joa̍h-káu	熱狗	itaigi:2293
poj	joa̍h-thiⁿ	熱天	taihoa:31755
poj	jím-nāi	忍耐	taihoa:31228
poj	jî-bóe	而尾	itaigi:7863
poj	jî-chhiáⁿ	而且	itaigi:7948
poj	jî-tông	如同	taihoa:30922
poj	jî-tông-kio̍k	兒童局	itaigi:15252
poj	jî-āu	而後	itaigi:2169
poj	jîm	壬	taihoa:31238
poj	jîn bēng koan thian	人命關天	itaigi:8688
poj	jîn chāi jîn-chêng chāi	人在人情在	itaigi:8657
poj	jîn gī lé tì sìn	仁義禮智信	itaigi:14057
poj	jîn sū bu̍t	人事物	itaigi:5992
poj	jîn-bîn	人民	taihoa:31274
poj	jîn-bîn-phiò	人民票	itaigi:12407
poj	jîn-bûn-tē-kéng	人文地景	itaigi:14584
poj	jîn-bōng	人望	taihoa:31277
poj	jîn-chheng tāi-bêng-sû	人稱代名詞	itaigi:16483
poj	jîn-chi-siông-chêng	人之常情	itaigi:6778
poj	jîn-chè-bāng-lō͘	人際網路	itaigi:12221
poj	jîn-chéng	人種	taihoa:31288
poj	jîn-chêng gī-lí	人情義理	itaigi:10775
poj	jîn-chêng khah po̍h sìn-chóa	人情較薄信紙	itaigi:8719
poj	jîn-chêng léng loán	人情冷暖	itaigi:8716
poj	jîn-chêng-bī	人情味	itaigi:6707
poj	jîn-chō	人造	taihoa:31299
poj	jîn-chō ōe-gí	人造話語	itaigi:17601
poj	jîn-chō-tì-hùi	人造智慧	itaigi:17026
poj	jîn-kan-cheng-hoat	人間蒸發	itaigi:18337
poj	jîn-kang liû-sán	人工流產	itaigi:11010
poj	jîn-kang sîn-keng bāng-lō͘	人工神經網路	itaigi:8099
poj	jîn-kang tì-hūi	人工智慧	itaigi:7388
poj	jîn-kang tì-lêng	人工智能	itaigi:8095
poj	jîn-kang-kó͘	人公鼓	itaigi:15859
poj	jîn-kang-tì-hūi	人工智慧	itaigi:16949
poj	jîn-keh	人格	taihoa:31323
poj	jîn-keh-chiá	人格者	taihoa:31324
poj	jîn-kháu	人口	taihoa:31326
poj	jîn-khì	人氣	itaigi:4439
poj	jîn-khì-koa	人氣歌	itaigi:4442
poj	jîn-lūi	人類	taihoa:31337
poj	jîn-san-jîn-hái	人山人海	itaigi:8602
poj	jîn-seng	人生	taihoa:31350
poj	jîn-seng-jû-hì	人生如戲	itaigi:2202
poj	jîn-seng-koan	人生觀	taihoa:31352
poj	jîn-sim	人參	itaigi:8742
poj	jîn-teng hi-bî	人丁稀微	itaigi:8580
poj	jîn-tiong-khí	人中齒	itaigi:11674
poj	jîn-tē lióng-so͘	人地兩疏	itaigi:8641
poj	jîn-tē seⁿ-so͘	人地生疏	itaigi:8640
poj	jîn-tō	人道	taihoa:31378
poj	jû-chhú-jû-chhú	如此如此	itaigi:7930
poj	jû-chhú-á-jû-chhú	如此仔如此	itaigi:10389
poj	jû-i	儒醫	itaigi:17290
poj	jû-ka	儒家	taihoa:31782
poj	jī	二	taihoa:30925
poj	jī it thiam chò ngó͘	二一添作五	itaigi:2201
poj	jī pat ka-jîn	二八佳人	itaigi:8574
poj	jī--goe̍h	二月	itaigi:6695
poj	jī-cha̍p	二十	itaigi:13924
poj	jī-chhit-á	二七仔	itaigi:17969
poj	jī-chìn-ūi	二進位	itaigi:4581
poj	jī-chóa	字紙	itaigi:1158
poj	jī-goe̍h	二月	itaigi:6654
poj	jī-hiân	二弦	itaigi:4339
poj	jī-khah	字卡	itaigi:16342
poj	jī-kip-chhī-tiûⁿ	二級市場	itaigi:16986
poj	jī-kut	字骨	itaigi:18144
poj	jī-phín óaⁿ-kong	二品碗公	itaigi:10480
poj	jī-pôaⁿ	字盤	itaigi:16166
poj	jī-sì-sió-sî	二四小時	itaigi:453
poj	jī-tián	字典	itaigi:16649
poj	jīm-bēng	任命	taihoa:31246
poj	jīm-bū	任務	taihoa:31248
poj	jīm-kî	任期	taihoa:31255
poj	jīn-bó͘-sian	認某仙	itaigi:15155
poj	jīn-chhò	認錯	taihoa:31380
poj	jīn-chin	認真	taihoa:31381
poj	jīn-chit	認職	itaigi:18828
poj	jīn-kó͘-chèng	認股證	itaigi:17005
poj	jĭn-jín	人參	itaigi:3309
poj	ka	家	taihoa:31816
poj	ka hó-iú	加好友	itaigi:6895
poj	ka-bi̍t	加密	itaigi:4574
poj	ka-chhia-kó͘	加車股	itaigi:6591
poj	ka-chhiam	加簽	itaigi:5755
poj	ka-chhî	加持	itaigi:14024
poj	ka-chit	膠質	itaigi:10960
poj	ka-choa̍h	蟉蠽	taihoa:32008
poj	ka-cho̍k	家族	taihoa:32016
poj	ka-chài	佳哉	taihoa:31958
poj	ka-châi-bān-koàn	家財萬貫	itaigi:3590
poj	ka-chì-á	加薦仔	itaigi:7178
poj	ka-chōe	交睡	taihoa:32014
poj	ka-goân-nn̄g-pe̍h	膠原蛋白	itaigi:15243
poj	ka-hoat	加法	itaigi:8151
poj	ka-hō͘-pēⁿ-pâng	加護病房	itaigi:5434
poj	ka-hū	家父	taihoa:32131
poj	ka-ji̍p	加入	taihoa:32347
poj	ka-kang	加工	taihoa:32361
poj	ka-kang-hùi	加工費	itaigi:4531
poj	ka-khū	家具	taihoa:32395
poj	ka-kī	家己	taihoa:32397
poj	ka-kī chhī	家己飼	itaigi:347
poj	ka-kī chò tit lâi	家己做得來	itaigi:6986
poj	ka-kī chò-tit-lâi	家己做得來	itaigi:4244
poj	ka-kī chú sim-goān	家己主心願	itaigi:8386
poj	ka-kī lâi	家己來	itaigi:689
poj	ka-kī-chòe-tit-lâi	家己做得來	itaigi:19251
poj	ka-kū	傢俱	taihoa:32439
poj	ka-la̍uh	交落	taihoa:32450
poj	ka-léng-sún	加冷損	taihoa:32467
poj	ka-lí-hún	咖喱粉	taihoa:32473
poj	ka-lí-pn̄g	咖哩飯	itaigi:11241
poj	ka-lông	膠囊	itaigi:7154
poj	ka-lông-ka-pi	膠囊咖啡	itaigi:7159
poj	ka-lûn	加侖	taihoa:32485
poj	ka-ngó͘	佳偶	itaigi:19191
poj	ka-ná-bo͘	金棒	itaigi:188
poj	ka-pi-bō	咖啡磨	itaigi:15415
poj	ka-pi-chhiū-á	咖啡樹仔	itaigi:13481
poj	ka-pi-chhân	咖啡田	itaigi:15421
poj	ka-pi-hn̂g	咖啡園	itaigi:15417
poj	ka-pi-ki	咖啡機	itaigi:12169
poj	ka-pi-koàn	咖啡罐	itaigi:15419
poj	ka-pi-koán	咖啡館	itaigi:15420
poj	ka-pi-poe	咖啡杯	itaigi:6307
poj	ka-pi-tāu-á	咖啡豆仔	itaigi:13478
poj	ka-pi-ô͘	咖啡壺	itaigi:15418
poj	ka-pó	家寶	taihoa:33305
poj	ka-pō	家暴	itaigi:6109
poj	ka-siok	家宿	itaigi:14972
poj	ka-sok-tō͘	加速度	itaigi:8144
poj	ka-sū	家事	taihoa:33343
poj	ka-tap-jî	加答兒	itaigi:18514
poj	ka-thiam	加添	itaigi:4392
poj	ka-thè-soán	加退選	itaigi:5800
poj	ka-ti	家己	itaigi:15068
poj	ka-tiúⁿ	家長	taihoa:33378
poj	ka-to	鉸刀	taihoa:33385
poj	ka-têng	家庭	taihoa:33364
poj	ka-têng pō-le̍k	家庭暴力	itaigi:6108
poj	ka-têng-chú-hū	家庭主婦	itaigi:1953
poj	ka-tī	家治	itaigi:16628
poj	kah	到	taihoa:32041
poj	kah-chōng-sòaⁿ	甲狀腺	itaigi:13062
poj	kah-kòa	合掛	itaigi:16866
poj	kah-sī	既是	taihoa:32123
poj	kai-chài	該哉	taihoa:32324
poj	kai-sêng	階乘	itaigi:18632
poj	kak	角	itaigi:7575
poj	kak ka-sok-tō͘	角加速度	itaigi:19208
poj	kak ūn-tōng-liōng	角運動量	itaigi:19209
poj	kak-gō͘	覺悟	taihoa:32381
poj	kak-phang	角蜂	itaigi:11073
poj	kak-piáⁿ	角餅	itaigi:15083
poj	kak-pîn-lu̍t	角頻率	itaigi:2739
poj	kak-thn̂g	角糖	taihoa:32437
poj	kak-tāu	角豆	itaigi:11173
poj	kam-chhó	甘草	taihoa:32647
poj	kam-chià	甘蔗	taihoa:32648
poj	kam-chià-phoh	甘蔗粕	taihoa:32651
poj	kam-khó͘-tâm	甘苦談	itaigi:14979
poj	kam-sim chêng-goān	甘心情願	itaigi:10903
poj	kam-á-hat	甘仔轄	itaigi:14566
poj	kan-hē	干係	itaigi:15151
poj	kan-khó͘	艱苦	taihoa:33103
poj	kan-kia̍t	乾竭	itaigi:14824
poj	kan-lo̍k	干樂	itaigi:11209
poj	kan-na ē	干焦會	itaigi:6580
poj	kan-siong	奸商	taihoa:33188
poj	kan-taⁿ ē-tàng	干焦會當	itaigi:2425
poj	kan-tia̍p	間諜	taihoa:33215
poj	kan-á-kan-sun	乾仔乾孫	itaigi:12233
poj	kan-î	干於	itaigi:13805
poj	kang	公	taihoa:32791
poj	kang-chhiúⁿ	工廠	taihoa:32979
poj	kang-chok-chèng	工作證	itaigi:4854
poj	kang-chîⁿ	工錢	taihoa:32980
poj	kang-gia̍p	工業	taihoa:32999
poj	kang-hu o̍h tò-sûn	功夫學倒巡	itaigi:12004
poj	kang-hu-nn̄g	工夫卵	itaigi:5884
poj	kang-khū-keng	工具間	itaigi:6404
poj	kang-lâng	工人	taihoa:33042
poj	kang-pòaⁿ-kong-pōe	工半功倍	itaigi:16592
poj	kang-pōe-kong-pòaⁿ	工倍功半	itaigi:16593
poj	kang-sū	工事	taihoa:33062
poj	kang-tiûⁿ	工場	taihoa:33071
poj	kang-têng sò͘-ha̍k	工程數學	itaigi:7384
poj	kap chi̍t-ē thun-lo̍h	合一下吞落	itaigi:8038
poj	kap-kài	合界	taihoa:33290
poj	kap-pa	蓋仔	itaigi:3963
poj	kau	溝	itaigi:7653
poj	kau--khí-lâi	勾起來	itaigi:13779
poj	kau-chiap	交接	itaigi:2877
poj	kau-in	交姻	itaigi:3473
poj	kau-kiat	勾結	itaigi:4641
poj	kau-kiû	交球	itaigi:15694
poj	kau-koah	交割	itaigi:16912
poj	kau-koan	交關	itaigi:3915
poj	kau-pôe	交陪	taihoa:34068
poj	kau-sia̍p	交涉	taihoa:34075
poj	kau-tang	交冬	itaigi:11536
poj	kau-thong	交通	taihoa:34091
poj	kau-thong-chhia	交通車	itaigi:6147
poj	kau-tài	交帶	taihoa:34079
poj	kau-téng	溝頂	itaigi:2486
poj	kau-á	溝仔	itaigi:7652
poj	kauh	軋	taihoa:33976
poj	kaⁿ-ga̍k	監獄	taihoa:32961
poj	ke	家	taihoa:34112
poj	ke bô-êng--ê	加無閒的	itaigi:2376
poj	ke iōng	加用	itaigi:3140
poj	ke kiám sêng tû	加減乘除	itaigi:16024
poj	ke-bah	雞肉	taihoa:34422
poj	ke-bah-chng	雞肉磚	itaigi:14177
poj	ke-bah-hang	雞肉烘	itaigi:14253
poj	ke-bah-kak	雞肉角	itaigi:4473
poj	ke-ba̍k	雞目	itaigi:11956
poj	ke-bó	雞母	taihoa:34430
poj	ke-bó káu-á	雞母狗仔	itaigi:6639
poj	ke-bô-êng	加無閒	itaigi:19283
poj	ke-chng	雞磚	itaigi:14102
poj	ke-cháiⁿ	雞指	itaigi:9801
poj	ke-chû-á	雞雛仔	taihoa:34474
poj	ke-hiān-si̍t	加現實	itaigi:16970
poj	ke-hoaⁿ-hí	加歡喜	itaigi:19153
poj	ke-hu̍t	雞核	itaigi:6478
poj	ke-hu̍t-á	雞核仔	itaigi:1575
poj	ke-hóe	家伙	taihoa:34570
poj	ke-hóe-á	家伙仔	itaigi:7923
poj	ke-kak	雞角	itaigi:19485
poj	ke-kak-á	雞角仔	taihoa:34695
poj	ke-kang	雞公	itaigi:1400
poj	ke-ke-kiám-kiám	加加減減	itaigi:4206
poj	ke-khoài	雞塊	itaigi:8309
poj	ke-khu	街區	itaigi:7378
poj	ke-khì-thn̂g	機器糖	itaigi:7984
poj	ke-khí-ló͘--ê	加氣惱的	itaigi:19277
poj	ke-kiám	加減	taihoa:34773
poj	ke-kiám-á chia̍h	加減仔食	itaigi:4299
poj	ke-ko pí tāu-chiùⁿ	雞膏比豆醬	itaigi:10239
poj	ke-kòa	加掛	itaigi:820
poj	ke-liáu-kang	加了工	itaigi:18628
poj	ke-ló͘--ê	加惱的	itaigi:19278
poj	ke-mn̂g-chhéng	雞毛筅	taihoa:34976
poj	ke-mo͘ that  á	雞毛踢仔	itaigi:2059
poj	ke-mo͘-kóng-á	雞毛管仔	itaigi:8016
poj	ke-nn̄g	雞卵	taihoa:35267
poj	ke-nn̄g-ko	雞卵糕	itaigi:7092
poj	ke-nn̄g-thng	雞卵湯	itaigi:12147
poj	ke-ná	雞那	itaigi:17156
poj	ke-si	家私	taihoa:35317
poj	ke-si-lâng	家私人	itaigi:1039
poj	ke-si-thâu-á	家私頭仔	itaigi:7921
poj	ke-sim-tāu	雞心豆	itaigi:4722
poj	ke-thiⁿ	加添	taihoa:35365
poj	ke-thng	雞湯	itaigi:6894
poj	ke-têng	家庭	taihoa:35358
poj	ke-tāu	雞豆	itaigi:4723
poj	ke-á	街仔	taihoa:34399
poj	ke-á-kiáⁿ	雞仔囝	taihoa:34412
poj	ke-ê-jī	加的字	itaigi:3165
poj	ke-āu	家後	itaigi:13674
poj	ke-ōe-mài-kóng	加話莫講	itaigi:4481
poj	keh	格	taihoa:34482
poj	keh-hō	隔號	itaigi:3720
poj	keh-im-piah	隔音壁	itaigi:18795
poj	keh-ji̍t	隔日	taihoa:34546
poj	keh-keng	隔宮	itaigi:1145
poj	keh-khang	隔空	itaigi:19394
poj	keh-lī	隔離	taihoa:34560
poj	keh-mê	隔暝	taihoa:34561
poj	keh-pak a-chí	隔腹阿姊	itaigi:10022
poj	keh-pak a-hiaⁿ	隔腹阿兄	itaigi:10018
poj	keh-pak sió-mōe	隔腹小妹	itaigi:10024
poj	keh-pak sió-tī	隔腹小弟	itaigi:10020
poj	keh-pak-hiaⁿ	隔腹兄	itaigi:11326
poj	keh-piah	隔壁	taihoa:34584
poj	keh-piah-kok	隔壁國	itaigi:15123
poj	keh-piah-ūi	隔壁位	itaigi:17599
poj	keh-tang	隔冬	itaigi:7800
poj	keh-túiⁿ-kang	隔轉工	itaigi:11517
poj	keh-á-phòng-piáⁿ	格仔膨餅	itaigi:2344
poj	keh-á-piáⁿ	格仔餅	itaigi:17864
poj	kek	格	taihoa:34620
poj	kek bīn-chhiuⁿ	激面腔	itaigi:216
poj	kek chán--ê	激讚的	itaigi:4326
poj	kek hòng-hòng	激放放	itaigi:4093
poj	kek hùi-hùi	激廢廢	itaigi:1968
poj	kek phî-phî	激皮皮	itaigi:4268
poj	kek thâu-khak	激頭殼	itaigi:914
poj	kek--khì	革去	itaigi:12251
poj	kek--sí	激死	itaigi:7661
poj	kek-ah phō͘-á	家甲簿仔	itaigi:8051
poj	kek-bīn-chhiuⁿ	激面腔	itaigi:6497
poj	kek-chhut	革出	itaigi:12250
poj	kek-chán--ê	極讚的	itaigi:19281
poj	kek-chún	極準	itaigi:19769
poj	kek-gông	激昂	itaigi:17681
poj	kek-hoa-phùn	激華噴	itaigi:18548
poj	kek-ngó͘-jîn--ê	激五仁的	itaigi:14192
poj	kek-nōa-nōa	激爛爛	itaigi:5472
poj	kek-sim	激心	itaigi:15489
poj	kek-tio̍k	革逐	itaigi:12252
poj	keng	經	taihoa:35011
poj	keng-chio	香蕉	taihoa:35168
poj	keng-chè	經濟	taihoa:35159
poj	keng-chè hái-he̍k	經濟海域	itaigi:5838
poj	keng-giām	經驗	taihoa:35182
poj	keng-hong	經風	itaigi:13830
poj	keng-hí	驚喜	itaigi:16565
poj	keng-hùi	經費	taihoa:35189
poj	keng-keh	間格	itaigi:287
poj	keng-kòe	經過	taihoa:35216
poj	keng-le̍k	經歷	itaigi:15506
poj	keng-lo̍k	經絡	itaigi:4596
poj	keng-sòaⁿ	經線	itaigi:18902
poj	keng-thàn-hō	驚嘆號	itaigi:2735
poj	keng-thâu	肩頭	taihoa:35241
poj	keng-tō͘	經度	itaigi:15043
poj	ke̍k	局	taihoa:34639
poj	ke̍k-ke̍k	極極	itaigi:12297
poj	ke̍k-kng	極光	itaigi:19215
poj	keⁿ	經	itaigi:971
poj	keⁿ-chú-nî	庚子年	itaigi:13010
poj	kha	腳	taihoa:35387
poj	kha-chhia-tîn	腳車藤	taihoa:35491
poj	kha-chhiú	腳手	taihoa:35492
poj	kha-chhng	尻川	itaigi:5956
poj	kha-chiah-phiaⁿ	尻脊骿	taihoa:35525
poj	kha-khiau	腳曲	taihoa:35826
poj	kha-kut	腳骨	taihoa:35850
poj	kha-oán	腳腕	itaigi:4422
poj	kha-pō͘ chhiú-lō͘	腳步手路	taihoa:36303
poj	kha-siàu	腳數	taihoa:36321
poj	kha-ta̍h-chhia	腳踏車	taihoa:36338
poj	kha-thâu-u-kut	腳頭窩骨	taihoa:36378
poj	kha-thâu-u-ē	腳頭窩下	taihoa:36377
poj	kha-thúi	腳腿	taihoa:36383
poj	kha-tòng	腳擋	taihoa:36395
poj	kha-tó͘-bah	腳肚肉	taihoa:36401
poj	kha-tó͘-jîn	腳肚仁	taihoa:36402
poj	kha-á	腳仔	taihoa:35451
poj	kha-óaⁿ	腳腕	taihoa:36264
poj	kha-āu-kin	腳後筋	taihoa:35462
poj	kha-āu-tó͘	腳後肚	taihoa:35467
poj	khah bô hoang	較無風	itaigi:17866
poj	khah bô hong	較無風	itaigi:17844
poj	khah chhám	較慘	itaigi:9992
poj	khah chē	較濟	itaigi:1694
poj	khah iâⁿ-bīn	較贏面	itaigi:11093
poj	khah kong-tō koh hu̍t-á	較公道閣佛仔	itaigi:9326
poj	khah kui-khì	較規氣	itaigi:16586
poj	khah kín	較緊	itaigi:1011
poj	khah kín chi̍t-ē	較緊一下	itaigi:7449
poj	khah kē	較低	itaigi:6251
poj	khah tiâu-ti̍t	較條直	itaigi:16660
poj	khah-chá	較早	itaigi:7843
poj	khah-hoâiⁿ Chhòa-khan	較橫蔡牽	itaigi:11641
poj	khah-hó	較好	itaigi:18043
poj	khah-iâⁿ	較贏	itaigi:18042
poj	khah-kín	較緊	itaigi:11583
poj	khah-kóaⁿ-kín	較趕緊	itaigi:19373
poj	khah-su	較輸	itaigi:9909
poj	khah-suh	卡斯	itaigi:18939
poj	khah-sè	較細	itaigi:12024
poj	khah-sìn bô hoâi-gî	確信無懷疑	itaigi:1525
poj	khah-sī	較是	itaigi:7946
poj	khah-ta̍t	卡達	itaigi:13615
poj	khah-thong	卡通	itaigi:5899
poj	khah-tōa	較大	itaigi:12023
poj	khai	開	itaigi:17910
poj	khai-bō͘	開幕	taihoa:35680
poj	khai-chîⁿ	開錢	taihoa:35689
poj	khai-goân	開源	itaigi:19018
poj	khai-goân-chiá	開源者	itaigi:19019
poj	khai-goân-lâng	開源人	itaigi:5849
poj	khai-hong-khì	開風氣	itaigi:17367
poj	khai-hòng goân-sí-bé	開放原始碼	itaigi:493
poj	khai-hòng-chu-liāu	開放資料	itaigi:16932
poj	khai-khòng put hu	開礦不敷	itaigi:8767
poj	khai-khòng-bô-tin	開礦無津	itaigi:13439
poj	khai-koan chhiat-á	開關切仔	itaigi:2266
poj	khai-káng-keng	開講間	itaigi:558
poj	khai-káng-sek	開講室	itaigi:10952
poj	khai-sí	開始	taihoa:35773
poj	khai-thài	開泰	itaigi:6348
poj	khai-tiong-tāi-kiat	開張大吉	itaigi:10987
poj	khak	確	taihoa:35806
poj	khak-chín	確診	itaigi:14005
poj	kham-kai	堪該	itaigi:17530
poj	khan	刊	taihoa:35941
poj	khan-bán	牽挽	itaigi:14729
poj	khan-bán chò-hóe	牽挽做伙	itaigi:12212
poj	khan-bông	牽亡	itaigi:11894
poj	khan-chhin-ín-chhek	牽親引戚	itaigi:18742
poj	khan-chhiú	牽手	itaigi:11305
poj	khan-chhiú--ê	牽手的	itaigi:1450
poj	khan-cháu	牽走	itaigi:11100
poj	khan-chúi-chn̄g	牽水旋	itaigi:18099
poj	khan-gāi	牽礙	itaigi:1279
poj	khan-kau-á	牽勾仔	itaigi:17966
poj	khan-kâu-á	牽猴仔	itaigi:931
poj	khan-lô-keⁿ	牽羅經	itaigi:11885
poj	khan-si-á-thn̂g	牽絲仔糖	itaigi:4344
poj	khan-siaⁿ pu̍ih tiāu	牽聲拔調	itaigi:10870
poj	khan-siaⁿ-poe̍h-tiāu	牽聲拔調	itaigi:13739
poj	khan-siaⁿ-pu̍ih-tiāu	牽聲拔調	itaigi:10877
poj	khan-thn̂g-si	牽糖絲	itaigi:12357
poj	khan-thoa	牽拖	itaigi:6441
poj	khang	空	taihoa:36000
poj	khang-chóa-pe̍h-jī	空紙白字	itaigi:8341
poj	khang-keng	空間	taihoa:36045
poj	khang-khak-kong-si	空殼公司	itaigi:16999
poj	khang-khang	空空	taihoa:36051
poj	khang-khòe	空課	taihoa:36067
poj	khang-khòe-lō͘	工課路	itaigi:14615
poj	khang-kiâⁿ	空行	itaigi:12209
poj	khang-thiam	空添	itaigi:6048
poj	khang-thâu	空頭	itaigi:16927
poj	khang-á-kháu	空仔口	itaigi:12370
poj	khap	瞌	taihoa:36268
poj	khau	摳	taihoa:36419
poj	khau-to	剾刀	itaigi:16574
poj	kha̍h-koan	卡關	itaigi:4245
poj	kha̍p	磕	itaigi:6640
poj	khe	科	taihoa:36588
poj	khe-ha̍k	科學	itaigi:17409
poj	khe-hê-á	溪蝦仔	itaigi:13990
poj	khe-hōaⁿ	溪岸	itaigi:7552
poj	khe-kau	溪溝	itaigi:7489
poj	khe-khó	稽考	itaigi:13755
poj	khe-piⁿ	溪邊	itaigi:7553
poj	khe-pêng	溪坪	itaigi:4350
poj	kheh	客	taihoa:36667
poj	kheh-bú	契母	itaigi:1662
poj	kheh-bīn	客面	itaigi:16722
poj	kheh-chiáu-hoe	客鳥花	itaigi:14032
poj	kheh-ho̍k	客服	itaigi:19182
poj	kheh-ka-bûn	客家文	itaigi:16818
poj	kheh-khì	客氣	taihoa:36683
poj	kheh-lêng-chhia	客行車	itaigi:14870
poj	kheh-thiaⁿ	客廳	taihoa:36704
poj	kheh-thêng-chhia	客停車	itaigi:11049
poj	kheh-ūn	客運	itaigi:11972
poj	kheh-ūn-têng	客運亭	itaigi:17180
poj	kheh-ūn-ê	客運的	itaigi:11973
poj	khek-chè	克制	itaigi:1074
poj	khek-lí-bí-à	克里米亞	itaigi:12880
poj	khek-lí-bí-à-poàn-tó	克里米亞半島	itaigi:12879
poj	khek-pôaⁿ	曲盤	itaigi:16116
poj	khek-sò͘	激素	itaigi:5433
poj	kheng	傾	itaigi:1073
poj	kheng-biâu-tān-siá	輕描淡寫	itaigi:5836
poj	kheng-kúi	輕軌	itaigi:12888
poj	kheng-piān-chhia	輕便車	itaigi:13753
poj	kheng-sió-soat	輕小說	itaigi:6405
poj	kheng-sī	輕視	taihoa:36857
poj	kheng-tih	輕鐵	itaigi:12938
poj	kheng-tām	輕淡	itaigi:15684
poj	kheng-tām-chúi	輕淡水	itaigi:15685
poj	kheⁿ á	坑仔	itaigi:7484
poj	kheⁿ-tōng	坑洞	itaigi:1390
poj	kheⁿ-á	坑仔	itaigi:7840
poj	khi	敧	taihoa:36897
poj	khi-hū--lâng	欺負人	itaigi:6221
poj	khi-phiàn	欺騙	taihoa:38334
poj	khia	迦	taihoa:37509
poj	khiam-pi	謙卑	taihoa:37786
poj	khiam-sè	謙細	taihoa:37788
poj	khiang-á-liâu	姜仔寮	itaigi:15264
poj	khiap-sì	怯勢	taihoa:37877
poj	khiat-sī	揭示	itaigi:15874
poj	khiau	蹺	taihoa:37896
poj	khiau--khì	曲去	itaigi:11800
poj	khih-chhùi	缺嘴	taihoa:37996
poj	khin	輕	taihoa:38039
poj	khin-sió-soat	輕小說	itaigi:11176
poj	khin-thih	輕鐵	itaigi:18209
poj	khioh	拾	taihoa:38153
poj	khioh-chîⁿ	拾錢	taihoa:38176
poj	khioh-he̍k	拾獲	taihoa:38183
poj	khioh-si̍p	拾拾	taihoa:38283
poj	khioh-sòe	拾稅	taihoa:38287
poj	khiok-sī	卻是	itaigi:7958
poj	khiong-á-liâu	姜仔寮	itaigi:15263
poj	khip-chheng-khì	吸清器	itaigi:544
poj	khip-chio̍h-á	吸石仔	itaigi:7681
poj	khip-pôaⁿ	吸盤	itaigi:19233
poj	khip-siu put-liông	吸收不良	itaigi:803
poj	khip-sàu-khì	吸掃器	itaigi:3793
poj	khip-tîn-khì	吸塵器	itaigi:540
poj	khit-chia̍h	乞食	taihoa:38367
poj	khiuⁿ	腔	taihoa:38431
poj	khiàm	欠	taihoa:37710
poj	khiàm-bé	欠碼	itaigi:17481
poj	khiàm-bī	欠味	itaigi:14575
poj	khiàm-hòe	欠貨	itaigi:19650
poj	khiàm-khoat	欠缺	itaigi:1691
poj	khiàm-phah	欠拍	itaigi:1036
poj	khiàm-siàu	欠數	itaigi:11907
poj	khiáu	巧	taihoa:37898
poj	khiáu-chhiú-ki-á	巧手機仔	itaigi:642
poj	khiáu-khek-le̍k	巧克力	itaigi:753
poj	khiáu-ki-á	巧機仔	itaigi:772
poj	khiáu-teh-teh	巧塊塊	itaigi:15482
poj	khiâ	騎	itaigi:14701
poj	khiâ ông-iâ bé	騎王爺馬	itaigi:10832
poj	khiâ-bé	騎馬	taihoa:37513
poj	khiâ-bé-á long	騎馬仔囊	itaigi:14800
poj	khiâ-chhia sè-jī	騎車細膩	itaigi:6888
poj	khiâ-sêng thé-ūi	騎乘體位	itaigi:12150
poj	khiâ-éng	騎湧	itaigi:4354
poj	khiân-phiàn	乾片	itaigi:17294
poj	khiâu	喬	taihoa:37958
poj	khiâu-khok	喬酷	itaigi:8837
poj	khiâu-lâng	喬人	itaigi:8836
poj	khió-tàu	口罩	itaigi:14205
poj	khiā-ke	徛家	taihoa:37576
poj	khiām	儉	itaigi:2262
poj	khiⁿ-tō	坑道	itaigi:7841
poj	kho-ha̍k	科學	taihoa:39194
poj	khoah	闊	taihoa:38693
poj	khoat-hōaⁿ	缺旱	itaigi:7609
poj	khoat-tiám	缺點	taihoa:39124
poj	khoaⁿ-cháu	寬走	itaigi:12048
poj	khoaⁿ-khoaⁿ-á lâi	寬寬仔來	itaigi:2377
poj	khoe-sìⁿ	葵扇	taihoa:39193
poj	khoe-sóe	稽洗	itaigi:3971
poj	khok	扣	itaigi:709
poj	khok-kiàn kang-chhiúⁿ	擴建工廠	itaigi:4590
poj	khong--khí-lâi	框起來	itaigi:19728
poj	khong-ho̍k-oân	空服員	itaigi:7022
poj	khong-khì	空氣	taihoa:39402
poj	khong-khì-ah	空氣壓	itaigi:19703
poj	khong-khì-chân	空氣層	itaigi:19704
poj	khong-kiān	康健	taihoa:39408
poj	khong-kun	空軍	taihoa:39412
poj	khong-káng	空港	itaigi:14246
poj	khong-lûi-bô-hō͘	空雷無雨	itaigi:2573
poj	khong-ní	空耳	itaigi:3519
poj	khong-phah-ki	空拍機	itaigi:14126
poj	khong-pé-á	輸送帶	itaigi:1966
poj	khong-si̍p	空襲	taihoa:39419
poj	khong-si̍p kéng-pò	空襲警報	itaigi:4749
poj	khong-tiong	空中	taihoa:39422
poj	khoài	快	taihoa:38730
poj	khoài sí bōe lāu	快死未老	itaigi:5950
poj	khoài-chhú	快取	itaigi:2846
poj	khoài-heng-khoài-thè	快興快退	itaigi:10527
poj	khoài-liông	快龍	itaigi:15324
poj	khoài-lo̍k	快樂	taihoa:38746
poj	khoài-sìn	快信	taihoa:38755
poj	khoài-thai	快篩	itaigi:15959
poj	khoàn-kò	勸告	taihoa:38951
poj	khoán	款	taihoa:38770
poj	khoán mi̍h-kiāⁿ	款物件	itaigi:2426
poj	khoán-sè chong-chhin-hōe	勸世宗親會	itaigi:692
poj	khoán-thāi	款待	taihoa:38816
poj	khoân	權	itaigi:18957
poj	khoân-chèng	權證	itaigi:17006
poj	khoân-le̍k-hun-li̍p	權力分立	itaigi:5885
poj	kho͘	呼	taihoa:39434
poj	kho͘-ki-á	呼機仔	itaigi:8013
poj	khu	區	taihoa:39650
poj	khu-kan-chhia	區間車	itaigi:4551
poj	khu-ná-hoe	拘那花	itaigi:8564
poj	khu-pia̍t-jī	區別字	itaigi:16647
poj	khu-pia̍t-pō͘	區別部	itaigi:13943
poj	khu-sài	驅使	itaigi:6597
poj	khu-tio̍k	驅逐	itaigi:15912
poj	khu-tiúⁿ	區長	taihoa:40089
poj	khui	開	taihoa:39699
poj	khui tiān-hóe	開電火	itaigi:13514
poj	khui-heng	開胸	itaigi:18088
poj	khui-hiàng	開向	itaigi:19475
poj	khui-hoe	開花	taihoa:39783
poj	khui-hòng	開放	itaigi:14244
poj	khui-hōe	開會	taihoa:39785
poj	khui-khang	開空	taihoa:39807
poj	khui-khiàm	虧欠	itaigi:6452
poj	khui-o̍h	開學	taihoa:39839
poj	khui-to	開刀	itaigi:8022
poj	khui-to-pâng	開刀房	itaigi:441
poj	khui-téng-chhia	開頂車	itaigi:4142
poj	khui-á	開仔	itaigi:12305
poj	khut-kak	屈角	itaigi:7376
poj	khut-kē	屈低	itaigi:18891
poj	khut-lio̍k	屈辱	itaigi:16575
poj	khut-sè	屈勢	itaigi:18261
poj	khut-sí	屈死	itaigi:17811
poj	khà	扣	taihoa:35420
poj	khà -ki -á	敲機仔	itaigi:8012
poj	khà-chhiú-ki-á	敲手機仔	itaigi:142
poj	khà-iû	敲油	itaigi:4781
poj	khà-jī	敲字	itaigi:3440
poj	khà-jī-hâng	敲字行	itaigi:15532
poj	khà-jī-ki	敲字機	itaigi:15363
poj	khà-jī-pôaⁿ	敲字盤	itaigi:14131
poj	khà-nn̄g	敲卵	itaigi:12445
poj	khà-sian-kó͘	敲仙古	itaigi:3556
poj	khà-óaⁿ	敲碗	itaigi:7255
poj	khài-lu̍t	概率	itaigi:17067
poj	khài-thàn	慨嘆	itaigi:4764
poj	khàm	勘	taihoa:35906
poj	khàm-cha jîn-oân	勘查人員	itaigi:12256
poj	khàm-pō͘	勘步	taihoa:35922
poj	khàn-hō͘	看護	itaigi:14389
poj	khàn-pán	看板	itaigi:13309
poj	khàng	空	taihoa:36011
poj	khàng soaⁿ-piah	控山壁	itaigi:13589
poj	khàng-chîⁿ	控錢	itaigi:17644
poj	khàng-soaⁿ	控山	itaigi:17231
poj	khàu	哭	taihoa:36489
poj	khàu pē	哭爸	itaigi:983
poj	khàu-kiáu-pêng-toaⁿ	扣繳憑單	itaigi:12043
poj	khàu-lōa	哭賴	itaigi:18909
poj	khàu-pē	哭爸	itaigi:1917
poj	khàu-pē khàu-bó	哭爸哭母	itaigi:9547
poj	khàu-pē-khàu-bú	哭爸哭母	itaigi:128
poj	khá-teng-chhia	卡丁車	itaigi:7202
poj	khái-ta̍t-keh-lân	凱達格蘭	itaigi:6205
poj	khám	砍	taihoa:35871
poj	kháu kháu siaⁿ siaⁿ	口口聲聲	itaigi:9134
poj	kháu lêng sia̍t piān	口靈舌辯	itaigi:2211
poj	kháu ín bô-pîn chún	口允無憑準	itaigi:9228
poj	kháu-chi̍h lī-piān	口舌利便	itaigi:2212
poj	kháu-chō	口座	itaigi:783
poj	kháu-chō àm-bé	口座暗碼	itaigi:6924
poj	kháu-kám	口感	itaigi:17945
poj	kháu-tà	口罩	itaigi:12963
poj	khè-chok	契作	itaigi:19045
poj	khè-iok	契約	taihoa:36626
poj	khè-thêng-chhia	計程車	itaigi:13119
poj	khèng-chiok	慶祝	taihoa:36796
poj	khèng-kong-iàn	慶功宴	itaigi:6402
poj	khé-chha	稽查	itaigi:7044
poj	khé-tì	啟智	itaigi:4744
poj	khéng	肯	taihoa:36789
poj	khéng o̍h	肯學	itaigi:6967
poj	khêng-chiâu	窮齊	itaigi:19135
poj	khêng-chê	窮齊	itaigi:19134
poj	khêng-chîⁿ	窮錢	itaigi:718
poj	khêng-tàu	窮鬥	itaigi:19145
poj	khêng-á	虹仔	itaigi:2245
poj	khì	去	taihoa:37323
poj	khì kàu-tè á	氣到地仔	itaigi:8280
poj	khì piān-só͘	去便所	itaigi:3393
poj	khì siong kái ut	去傷解鬱	itaigi:7017
poj	khì tn̂g khì tō͘	氣腸氣肚	itaigi:8252
poj	khì-chhia	汽車	taihoa:37339
poj	khì-chà-ko	氣炸鍋	itaigi:12935
poj	khì-chúi	氣水	taihoa:37353
poj	khì-gia̍p koán-lí	企業管理	itaigi:11157
poj	khì-gia̍p-ka	企業家	itaigi:240
poj	khì-ha̍k	氣學	itaigi:14997
poj	khì-hi	氣虛	itaigi:4606
poj	khì-hoat	去髮	itaigi:16809
poj	khì-hun	氣氛	itaigi:18377
poj	khì-hāu	氣候	taihoa:37365
poj	khì-hō͘-lâng-chio	去予人招	itaigi:11777
poj	khì-ióng-hu̍t-thn̂g-hu̍t-sng	去氧核糖核酸	itaigi:796
poj	khì-iû	汽油	taihoa:37381
poj	khì-khū	器具	taihoa:37390
poj	khì-koân	棄權	taihoa:37401
poj	khì-kńg	氣管	taihoa:37396
poj	khì-nó͘-hoân-siàu	去老還少	itaigi:14324
poj	khì-nó͘-hoân-tông	去老還童	itaigi:14325
poj	khì-oe̍h	企劃	itaigi:3508
poj	khì-pho	氣泡	itaigi:15471
poj	khì-pó tô-bông	棄保逃亡	itaigi:12318
poj	khì-sin-ló͘-miā	氣身惱命	itaigi:4262
poj	khì-sip	去濕	itaigi:14432
poj	khì-sip-ki	去濕機	itaigi:14433
poj	khì-siōng-ha̍k	氣象學	itaigi:15013
poj	khì-sí	去死	itaigi:6655
poj	khì-thiòng-lún	氣暢忍	itaigi:13693
poj	khì-tiong-sim-hòa	去中心化	itaigi:16937
poj	khì-tà	氣罩	itaigi:2730
poj	khì-tò	去倒	itaigi:18649
poj	khí	起	taihoa:36898
poj	khí cha-bó͘-lâng hoan	起查某人番	itaigi:9489
poj	khí ka-iam	起交陰	itaigi:12292
poj	khí lûi-kong sèng-tē	起雷公性地	itaigi:9488
poj	khí-bah-pho	起肉波	itaigi:608
poj	khí-bín	齒抿	taihoa:36914
poj	khí-chho͘	起初	itaigi:11461
poj	khí-chhù	起厝	taihoa:36955
poj	khí-chio̍h	齒石	itaigi:13059
poj	khí-chu	起珠	itaigi:12002
poj	khí-chîⁿ-hoán	起錢反	itaigi:16907
poj	khí-goe̍h	起月	itaigi:11328
poj	khí-hoan	起番	itaigi:11637
poj	khí-hoán	起反	itaigi:19350
poj	khí-hóe	起火	taihoa:37013
poj	khí-hóe-chhâ	起火柴	itaigi:3182
poj	khí-kang	起工	itaigi:18053
poj	khí-keng	起經	taihoa:37069
poj	khí-kho i-seng	齒科醫生	itaigi:7043
poj	khí-khì	起去	itaigi:371
poj	khí-khí-lo̍h-lo̍h	起起落落	itaigi:9032
poj	khí-khí-tó-tó	起起倒倒	itaigi:10643
poj	khí-kám	豈敢	taihoa:37050
poj	khí-káu-tu	起狗株	taihoa:37057
poj	khí-kè	起價	taihoa:37066
poj	khí-lō͘	起路	itaigi:4156
poj	khí-phái	起歹	itaigi:18901
poj	khí-pháiⁿ-sè	起歹勢	itaigi:18831
poj	khí-pu̍t	起勃	itaigi:17220
poj	khí-pò-thâu	起報頭	itaigi:11337
poj	khí-pôaⁿ	齒盤	itaigi:11048
poj	khí-pôaⁿ Kho-lâm	齒盤柯南	itaigi:7265
poj	khí-siáu	起痟	taihoa:37249
poj	khí-sòaⁿ	齒線	itaigi:5437
poj	khí-thâu	起頭	taihoa:37286
poj	khí-thô͘-pô	起塗婆	itaigi:19253
poj	khî	騎	itaigi:14700
poj	khîm-heng	禽胸	itaigi:12530
poj	khîm-heng-bah	禽胸肉	itaigi:14343
poj	khîm-liû-kám	禽流感	itaigi:1559
poj	khîn	勤	taihoa:38052
poj	khîn-bián	勤勉	taihoa:38058
poj	khò	課	taihoa:38600
poj	khò-bú-chok	靠母族	itaigi:5896
poj	khò-sòe	課稅	taihoa:38650
poj	khò-tê	課題	taihoa:38654
poj	khòa-hái-tōa-kiô	跨海大橋	itaigi:3069
poj	khòa-kok	跨國	itaigi:14538
poj	khòa-liân	跨年	itaigi:8782
poj	khòa-nî	跨年	itaigi:8783
poj	khòa-sim	掛心	itaigi:15490
poj	khòaⁿ	看	taihoa:38822
poj	khòaⁿ hiān-tiûⁿ	看現場	itaigi:12366
poj	khòaⁿ kòe	看過	itaigi:4638
poj	khòaⁿ liáu ū lo̍h-ba̍k	看了有落目	itaigi:16056
poj	khòaⁿ niau-á bô tiám	看貓仔無點	itaigi:3535
poj	khòaⁿ siáⁿ	看啥	itaigi:1353
poj	khòaⁿ sū pān-sū	看事辦事	itaigi:1612
poj	khòaⁿ tiān-sī	看電視	itaigi:19187
poj	khòaⁿ--tio̍h	看著	taihoa:39045
poj	khòaⁿ-bô	看無	taihoa:38837
poj	khòaⁿ-bô ba̍k-tē	看無目地	itaigi:10216
poj	khòaⁿ-bô chiūⁿ-ba̍k	看無上目	itaigi:10217
poj	khòaⁿ-bô-tiám	看無點	itaigi:18973
poj	khòaⁿ-hiān-hiān	看現現	itaigi:18131
poj	khòaⁿ-hong-sè	看風勢	itaigi:17360
poj	khòaⁿ-hong-súi	看風水	itaigi:11881
poj	khòaⁿ-hóng	看仿	itaigi:18884
poj	khòaⁿ-khang	看空	itaigi:4359
poj	khòaⁿ-khin	看輕	taihoa:38930
poj	khòaⁿ-khui	看開	itaigi:9683
poj	khòaⁿ-khí	看起	itaigi:16926
poj	khòaⁿ-kìⁿ	看見	taihoa:38946
poj	khòaⁿ-lo̍h	看落	itaigi:16930
poj	khòaⁿ-māi	看覓	itaigi:7942
poj	khòaⁿ-tio̍h kúi	看著鬼	itaigi:19186
poj	khòaⁿ-tiān-iáⁿ	看電影	itaigi:7128
poj	khòaⁿ-ū	看有	itaigi:7732
poj	khòng	空	taihoa:39297
poj	khòng pat khòng khòng	空八空空	itaigi:13633
poj	khòng-bu̍t-ha̍k	礦物學	itaigi:15012
poj	khòng-chhia	礦車	itaigi:14985
poj	khòng-ha̍k	礦學	itaigi:14998
poj	khòng-ki-á	控機仔	itaigi:1891
poj	khòng-kó͘	控股	itaigi:17586
poj	khòng-pat-á khò͘	空八仔褲	itaigi:8521
poj	khò͘	庫	taihoa:39586
poj	khò͘ boe̍h-á	褲襪仔	itaigi:6014
poj	khò͘-boe̍h-á	褲襪仔	itaigi:1111
poj	khò͘-tòa	褲帶	taihoa:39614
poj	khò͘-tòa ka sio-liân	褲帶結相連	itaigi:3364
poj	khò͘-tòa kat sio liâm	褲帶結相黏	itaigi:8456
poj	khò͘-tòa kat sio-liâm	褲帶結相黏	itaigi:16147
poj	khò͘-tòa kat sio-liân	褲帶結相連	itaigi:15007
poj	khò͘-tē	褲袋	itaigi:6718
poj	khò͘-tē-á	褲袋仔	taihoa:39607
poj	khó	可	taihoa:38487
poj	khó-chhì	考試	taihoa:38506
poj	khó-chhì ián-si̍p	考試演習	itaigi:4534
poj	khó-chhì-tiûⁿ	考試場	itaigi:15962
poj	khó-chúi-phi	考水披	itaigi:17896
poj	khó-hêng-sèng	可行性	itaigi:2702
poj	khó-koàn	考卷	taihoa:38541
poj	khó-pí kóng	可比講	itaigi:3731
poj	khó-sioh	可惜	taihoa:38571
poj	khó-siàu	考數	itaigi:18792
poj	khó-tî-sio̍k-sèng	可持續性	itaigi:19681
poj	khó-éng-sio̍k-sèng	可永續性	itaigi:19509
poj	khó-í	可以	itaigi:7943
poj	khóng	孔	taihoa:39271
poj	khóng-bêng-teng	孔明燈	itaigi:153
poj	khóng-bûn-chhia	孔文車	itaigi:13454
poj	khóng-chú	孔子	taihoa:39281
poj	khóng-hong	孔方	itaigi:17280
poj	khó͘	許	itaigi:4197
poj	khó͘-chháu	苦草	itaigi:9859
poj	khó͘-ha̍k	苦學	taihoa:39476
poj	khó͘-kang	苦工	itaigi:13470
poj	khó͘-kiat-toh	可吉卓	itaigi:13451
poj	khó͘-lān	苦難	taihoa:39521
poj	khó͘-nâ-pôaⁿ	苦林盤	itaigi:19633
poj	khó͘-sim	苦心	taihoa:39562
poj	khó͘-sī-sim-hui	口是心非	itaigi:14159
poj	khó͘-thiāu-á	苦柱仔	itaigi:9860
poj	khó͘-tê-á-iû	苦茶仔油	itaigi:6076
poj	khó͘-î-phun-bēng	苦於奔命	itaigi:6596
poj	khô	科	taihoa:38660
poj	khùi-bóe	氣尾	itaigi:18463
poj	khùi-la̍t	氣力	itaigi:3334
poj	khùi-lō͘ ka-ap-ki	氣路加壓機	itaigi:4543
poj	khùiⁿ-oa̍h	快活	itaigi:425
poj	khùn	困	taihoa:39936
poj	khùn-saⁿ	睏衫	taihoa:39984
poj	khû	蹲	taihoa:39656
poj	khām-sàu	喊嗽	taihoa:35935
poj	khăng-páng	看板	itaigi:16070
poj	khēng	虹	itaigi:391
poj	khēng-chhái	虹彩	itaigi:4743
poj	khēng-kî	虹旗	itaigi:6263
poj	khū-khū-chùn	懼懼戰	taihoa:39677
poj	khǹg	勸	taihoa:38456
poj	khǹg-sè	勸世	itaigi:4747
poj	ki	機	taihoa:40114
poj	ki-chhia tiàm	機車店	itaigi:9557
poj	ki-chhia-hâng	機車行	itaigi:9555
poj	ki-chhó͘	基礎	taihoa:41296
poj	ki-chōa	機逝	itaigi:13994
poj	ki-gâm	基岩	itaigi:14982
poj	ki-hiuⁿ sió-sè	枝香小細	itaigi:9723
poj	ki-hâi kang-têng	機械工程	itaigi:7387
poj	ki-hāi ha̍k-si̍p	機械學習	itaigi:8138
poj	ki-hāi-jîn	機械人	itaigi:15156
poj	ki-hāi-lâng	機械人	itaigi:15189
poj	ki-hōe	機會	taihoa:41318
poj	ki-ka ho̍k-bū	居家服務	itaigi:2792
poj	ki-ke̍k	基極	itaigi:19216
poj	ki-khì	機器	taihoa:41332
poj	ki-khì ha̍k-si̍p	機器學習	itaigi:8137
poj	ki-kim	基金	taihoa:41345
poj	ki-kut-á	枝骨仔	itaigi:13206
poj	ki-pang	機幫	itaigi:13995
poj	ki-su	機司	taihoa:42334
poj	ki-su̍t	技術	taihoa:42337
poj	ki-su̍t ha̍k-īⁿ	技術學院	itaigi:4828
poj	ki-sòaⁿ	基線	itaigi:5842
poj	ki-tok-tô͘	基督徒	itaigi:1835
poj	ki-tōng-chiàn-sū	機動戰士	itaigi:2793
poj	ki-tōng-lâng	機動人	itaigi:18446
poj	ki-á	機仔	itaigi:13170
poj	ki-á-thn̂g	枝仔糖	itaigi:694
poj	kiam	兼	taihoa:40453
poj	kian-hoeh-kiû	堅血球	itaigi:13067
poj	kian-khí-lâi	堅起來	itaigi:7712
poj	kian-kò͘	堅固	taihoa:40941
poj	kian-kò͘-chit	堅固質	itaigi:18407
poj	kian-kó	堅果	itaigi:14426
poj	kian-tàng	堅凍	itaigi:7687
poj	kiap tâng kiap thih	夾銅夾鐵	itaigi:7371
poj	kiap-hù-chè-pîn	劫富濟貧	itaigi:1276
poj	kiap-sim-chèng	狹心症	itaigi:6824
poj	kiap-sò͘	劫數	itaigi:14106
poj	kiap-tiáⁿ	夾鼎	itaigi:2385
poj	kiat	結	taihoa:41056
poj	kiat-hoat--ê	結髮的	itaigi:16812
poj	kiat-hun	結婚	taihoa:41090
poj	kiat-hun chhiú-chí	結婚手指	itaigi:4666
poj	kiat-kó	結果	taihoa:41102
poj	kiat-liân	結連	itaigi:18317
poj	kiat-pài	結拜	itaigi:6427
poj	kiat-siâng	吉祥	itaigi:18241
poj	kiat-sok	結束	itaigi:7342
poj	kiat-thâu-chhài	結頭菜	itaigi:15742
poj	kiat-tiáⁿ	結鼎	itaigi:11221
poj	kiat-tiāu	吉兆	taihoa:41137
poj	kiat-tâng-chí	結蟲子	itaigi:3457
poj	kiat-tè-chit	結締織	itaigi:18315
poj	kiat-á-ku	結仔龜	itaigi:1391
poj	kiau-bân	嬌蠻	itaigi:379
poj	kiau-chhoán	嬌喘	itaigi:4165
poj	kiau-ngō͘	驕傲	taihoa:41267
poj	kiau-thâu	嬌頭	itaigi:2606
poj	kiau-á	嬌仔	taihoa:41243
poj	kiaⁿ	驚	taihoa:40597
poj	kiaⁿ kah sit-táⁿ	驚甲失膽	itaigi:19125
poj	kiaⁿ pháiⁿ-lâng	驚歹人	itaigi:342
poj	kiaⁿ-kiaⁿ	驚驚	itaigi:5877
poj	kiaⁿ-sè	驚世	itaigi:4655
poj	kiaⁿ-thiⁿ-tāng-tē	驚天動地	itaigi:432
poj	kiaⁿ-tó-lâng	驚倒人	itaigi:12244
poj	kim	今	taihoa:41372
poj	kim-chhùi	金嘴	taihoa:41450
poj	kim-chio	金蕉	itaigi:6699
poj	kim-chun	金尊	itaigi:14439
poj	kim-chíⁿ po̍k-hô	金錢薄荷	itaigi:9447
poj	kim-chîⁿ po̍h-hô	金錢薄荷	itaigi:9090
poj	kim-chîⁿ-á	金錢仔	itaigi:9624
poj	kim-chóa	金紙	taihoa:41486
poj	kim-gio̍k-móa-tông	金玉滿堂	itaigi:13011
poj	kim-goân-pó	金元寶	itaigi:4741
poj	kim-gán	金眼	itaigi:9760
poj	kim-hî	金魚	taihoa:41514
poj	kim-ji̍t	今日	itaigi:1782
poj	kim-khoân-sit-ji̍t	金環失日	itaigi:14865
poj	kim-khò͘	金庫	taihoa:41574
poj	kim-ki-gio̍k-hio̍h	金枝玉葉	itaigi:2371
poj	kim-kim khòaⁿ	金金看	itaigi:2968
poj	kim-kim siòng	金金相	itaigi:2967
poj	kim-koe	金瓜	taihoa:41594
poj	kim-koe phó͘-tō͘ cheh	金瓜普渡節	itaigi:17695
poj	kim-kong	金剛	itaigi:13630
poj	kim-kong ta̍h sió-kúi	金剛踏小鬼	itaigi:9484
poj	kim-ní	金耳	itaigi:19409
poj	kim-ok-chông-kiau	金屋藏嬌	itaigi:17267
poj	kim-o͘	金烏	itaigi:7975
poj	kim-pó-lê	金寶螺	itaigi:11181
poj	kim-siu-lâu-thiah	金收樓拆	itaigi:12107
poj	kim-siám-siám	金閃閃	itaigi:18956
poj	kin	跟	taihoa:41750
poj	kin-bah	筋肉	itaigi:408
poj	kin-bah thiàⁿ	筋肉疼	itaigi:6172
poj	kin-bah-chhia	筋肉車	itaigi:17125
poj	kin-chio	弓蕉	taihoa:41945
poj	kin-nî	今年	taihoa:41978
poj	kin-thian	今天	itaigi:11499
poj	kin-á-ji̍t	今仔日	taihoa:41932
poj	kin-á-ji̍t siōng tùi-tâng	今仔日上對同	itaigi:193
poj	kin-á-àm	今仔暗	itaigi:15793
poj	kioh-siàu	腳數	itaigi:1239
poj	kiong-e̍k	疆域	itaigi:16652
poj	kiong-he̍k	疆域	itaigi:15074
poj	kiong-hí	恭喜	taihoa:42256
poj	kiong-hí-hoat-châi	恭喜發財	itaigi:11025
poj	kiong-kèng	恭敬	taihoa:42262
poj	kiong-á-liâu	姜仔寮	itaigi:15262
poj	kio̍k	局	taihoa:42110
poj	kip-chín-sek	急診室	itaigi:285
poj	kip-kip-jû-lu̍t-lēng	急急如律令	itaigi:6756
poj	kit-kut-ōe	激骨話	itaigi:14147
poj	kiuⁿ	疆	taihoa:42519
poj	kià	寄	taihoa:40377
poj	kià-chîⁿ	寄錢	itaigi:16789
poj	kià-chú-thok-chhe	寄子託妻	itaigi:18508
poj	kià-hù	寄付	itaigi:16550
poj	kià-tòa	寄帶	taihoa:40428
poj	kiàm-chit	劍脊	itaigi:18482
poj	kiàm-eng-chháu	劍英草	itaigi:2026
poj	kiàm-kiap	劍俠	itaigi:6959
poj	kiàn kóng	見講	itaigi:17672
poj	kiàn-kó͘	建古	itaigi:15866
poj	kiàn-pún	見本	taihoa:40695
poj	kiàn-siàu	見笑	taihoa:40703
poj	kiàn-siàu bô tè pí	見笑無地比	itaigi:930
poj	kiàn-siàu bô té	見笑無底	itaigi:200
poj	kiàn-siàu-tńg-siū-khì	見笑轉受氣	itaigi:18676
poj	kiàn-tì ke-āu	建置家後	itaigi:11764
poj	kiàⁿ	鏡	taihoa:40640
poj	kiàⁿ-bôa-kiàⁿ	鏡磨鏡	itaigi:13550
poj	kiám	檢	taihoa:40460
poj	kiám kúi hòe	減幾歲	itaigi:4562
poj	kiám-chhái	檢采	itaigi:1969
poj	kiám-pún	檢本	itaigi:13160
poj	kiám-sok	減縮	itaigi:14350
poj	kiám-séng	減省	itaigi:19600
poj	kiám-un	檢溫	taihoa:40515
poj	kián-siàu bô tí-chí	見笑無底止	itaigi:201
poj	kiáu	繳	taihoa:41151
poj	kiáu-jiáu	攪擾	itaigi:1697
poj	kiáⁿ	囝	taihoa:40605
poj	kiáⁿ-sun	囝孫	taihoa:40630
poj	kiáⁿ-sài	囝婿	itaigi:11778
poj	kiâm	鹹	itaigi:1439
poj	kiâm môe-á	鹹梅仔	itaigi:7723
poj	kiâm-chháu	鹹草	itaigi:6504
poj	kiâm-kong-piáⁿ	鹹光餅	itaigi:4378
poj	kiâm-nn̄g-jîn	鹹卵仁	itaigi:4642
poj	kiâm-sí-sí	鹹死死	itaigi:13984
poj	kiâm-thô͘-tāu	鹹塗豆	itaigi:5751
poj	kiâu-bo̍k	喬木	itaigi:17246
poj	kiâⁿ	行	taihoa:40741
poj	kiâⁿ--khì ah	行去矣	itaigi:11805
poj	kiâⁿ-chûn-lâng	行船人	itaigi:16100
poj	kiâⁿ-kha-hoe	行腳花	taihoa:40781
poj	kiâⁿ-kiān-ki	行健機	itaigi:13558
poj	kiâⁿ-kî	行棋	taihoa:40802
poj	kiâⁿ-la̍h-chiá	行獵者	itaigi:3761
poj	kiâⁿ-lō͘	行路	taihoa:40811
poj	kiâⁿ-tah	行貼	itaigi:18095
poj	kiâⁿ-ta̍h	行踏	itaigi:17072
poj	kiâⁿ-ta̍h chiat-bo̍k	行踏節目	itaigi:2752
poj	kiâⁿ-tho̍k	行讀	itaigi:19619
poj	kiâⁿ-āu-soaⁿ	行後山	itaigi:17162
poj	kiò	叫	taihoa:42033
poj	kiò thiⁿ kiò tē	叫天叫地	itaigi:5979
poj	kiò tiān-ōe	叫電話	itaigi:430
poj	kiô	橋	taihoa:42087
poj	kiô-sek	茄色	taihoa:42096
poj	kiông	強	taihoa:42144
poj	kiông-chè-chōe	強制罪	itaigi:19687
poj	kiông-chú	強子	itaigi:2703
poj	kiông-le̍k-kô͘	強力糊	itaigi:17718
poj	kiù	救	taihoa:42380
poj	kiù khó͘ kiù lān	救苦救難	itaigi:623
poj	kiù-chhat-tūi	糾察隊	itaigi:1233
poj	kiù-chin	究真	itaigi:12294
poj	kiù-chè	救濟	taihoa:42383
poj	kiù-chóa	糾紙	itaigi:9804
poj	kiù-chú-tàn	救主誕	itaigi:18233
poj	kiù-jiân	究然	itaigi:12296
poj	kiù-kat	糾結	itaigi:18360
poj	kiù-khàm	究勘	itaigi:13754
poj	kiù-kî-jiân	究其然	itaigi:12298
poj	kiù-kî-si̍t	究其實	itaigi:12295
poj	kiù-miā-chûn	救命船	itaigi:18350
poj	kiù-miā-khoân	救命環	itaigi:19725
poj	kiù-seng-chûn	救生船	itaigi:18351
poj	kiù-seng-khoân	救生環	itaigi:13087
poj	kiù-sim	糾心	itaigi:6825
poj	kiù-sio̍k	救贖	itaigi:17258
poj	kiù-si̍t	究實	itaigi:12293
poj	kiù-sè-kun	救世軍	itaigi:17257
poj	kiù-tô͘	糾圖	itaigi:18357
poj	kiú-chiu	九州	itaigi:14607
poj	kiú-gióng	久仰	taihoa:42365
poj	kiú-hong-tīn	九方陣	itaigi:2985
poj	kiú-kiàn	久見	taihoa:42366
poj	kiú-kiú-ha̍p-sò͘	九九合數	itaigi:13837
poj	kiú-kiú-soàn	九九算	itaigi:13831
poj	kiú-kui	九歸	itaigi:13835
poj	kiú-kui-khak	九歸殼	itaigi:13834
poj	kiú-kui-soàn-hoat	九歸算法	itaigi:13833
poj	kiú-kui-sêng-hoat	九歸乘法	itaigi:13832
poj	kiú-ngó͘	九五	itaigi:7126
poj	kiú-pia̍t	久別	itaigi:4674
poj	kiú-thô͘-liông-siám	九頭龍閃	itaigi:15379
poj	kiû	求	taihoa:42424
poj	kiû-chān	求贊	itaigi:14075
poj	kiû-hêng	求刑	itaigi:14076
poj	kiû-hòa	求化	itaigi:3184
poj	kiû-i	求醫	itaigi:3185
poj	kiû-keng	球間	taihoa:42451
poj	kiû-khit	求乞	itaigi:14073
poj	kiû-sîn-mn̄g-pu̍t	求神問佛	itaigi:14923
poj	kiû-thé	球體	itaigi:19743
poj	kiû-á	球仔	itaigi:7156
poj	kiā	崎	taihoa:40430
poj	kiān-bōng-chèng	健忘症	itaigi:18681
poj	kiān-khong	健康	taihoa:40869
poj	kiān-khong tiong-sim	健康中心	itaigi:19587
poj	kiān-pó-sú	健保署	itaigi:12944
poj	kiān-tiu	健丟	itaigi:15830
poj	kiāⁿ	件	taihoa:40854
poj	kiăⁿ-ji̍t	今仔日	itaigi:953
poj	kiō	轎	taihoa:42097
poj	kiōng-hô-kok	共和國	taihoa:42231
poj	kiōng-iông-sek iû-kū	共融式遊具	itaigi:11001
poj	kiōng-sán-tóng	共產黨	itaigi:878
poj	ki̍p-keh	及格	taihoa:42278
poj	ki̍p-tē	及第	taihoa:42282
poj	kng	光	taihoa:42549
poj	kng-ba̍k	光目	itaigi:18899
poj	kng-bêng	光明	itaigi:19060
poj	kng-ha̍p chok-iōng	光合作用	itaigi:4775
poj	kng-ha̍p-sêng	光合成	itaigi:19747
poj	kng-hiáⁿ	光顯	itaigi:19091
poj	kng-kim	光金	itaigi:18975
poj	kng-kng	光光	itaigi:4251
poj	kng-koeh	光潔	itaigi:15266
poj	kng-liâu	光療	itaigi:5431
poj	kng-siám-siám	光閃閃	itaigi:19051
poj	ko hoeh-iû	高血油	itaigi:7014
poj	ko-bêng	高明	itaigi:10959
poj	ko-chhiâng tōa-hàn	高長大漢	itaigi:9500
poj	ko-hiat-iû	高血油	itaigi:2759
poj	ko-kang	高工	taihoa:43951
poj	ko-kip-ūi-seng-chóa	高級衛生紙	itaigi:6749
poj	ko-kiàn	高見	taihoa:44009
poj	ko-ko-tîⁿ	膏膏纏	taihoa:44057
poj	ko-kun	高根	itaigi:15431
poj	ko-lê-chhài	高麗菜	taihoa:44112
poj	ko-phín-chit	高品質	itaigi:8769
poj	ko-san-cho̍k	高山族	taihoa:44584
poj	ko-sio	鍋燒	itaigi:12928
poj	ko-sio ì-mī	鍋燒意麵	itaigi:12927
poj	ko-soaⁿ-tê	高山茶	itaigi:8772
poj	ko-sok-kong-lō͘	高速公路	itaigi:5786
poj	ko-thih-chām	高鐵站	itaigi:4632
poj	ko-tiong	高中	taihoa:44600
poj	ko-téng	高等	itaigi:1635
poj	ko-tē hông-gī ki-tē	高地防禦基地	itaigi:11138
poj	koa	歌	taihoa:42759
poj	koa-kó	柯果	itaigi:3018
poj	koa-á-chheh	歌仔冊	itaigi:8157
poj	koah	括	taihoa:42824
poj	koah chhia-toaⁿ	割車單	itaigi:82
poj	koah chháu	割草	itaigi:14415
poj	koah ti-bah	割豬肉	itaigi:3714
poj	koah tiū-á	割稻仔	itaigi:7559
poj	koah-hiuⁿ	割香	itaigi:7252
poj	koah-kim	割金	itaigi:3307
poj	koah-tiū-bóe	割稻尾	itaigi:12168
poj	koah-tiū-á	割稻仔	taihoa:42862
poj	koah-âu bô hoeh	割喉無血	itaigi:8469
poj	koai	乖	taihoa:42864
poj	koaiⁿ	關	taihoa:42937
poj	koaiⁿ--khí-lâi	關起來	taihoa:42960
poj	koaiⁿ-kaⁿ	關監	itaigi:12218
poj	koan-chat thiàⁿ	關節疼	itaigi:4788
poj	koan-chat-thiàⁿ	關節疼	itaigi:4792
poj	koan-chhiông	懸牆	itaigi:1531
poj	koan-chōng tōng-me̍h	冠狀動脈	itaigi:13669
poj	koan-chōng-pēⁿ-to̍k	冠狀病毒	itaigi:12954
poj	koan-hē	關係	taihoa:43265
poj	koan-hē-tio̍h	關係著	itaigi:19065
poj	koan-im hu̍t-chó͘	觀音佛祖	itaigi:11643
poj	koan-im tāi-sū	觀音大士	itaigi:11642
poj	koan-kiān	關鍵	itaigi:17045
poj	koan-kong-ba̍k	關公目	itaigi:12104
poj	koan-lo̍h-im	關落陰	itaigi:273
poj	koan-lám	觀覽	itaigi:4447
poj	koan-lám-khì	觀覽器	itaigi:4448
poj	koan-sai	關西	itaigi:15953
poj	koan-sòe	關稅	taihoa:43352
poj	koan-sò͘	關數	itaigi:8130
poj	koan-to	關刀	itaigi:10017
poj	koat-sim	決心	taihoa:43415
poj	koat-tēng	決定	taihoa:43421
poj	koat-ì	決意	taihoa:43409
poj	koaⁿ	官	taihoa:42984
poj	koaⁿ ngē hòa	肝硬化	itaigi:294
poj	koaⁿ-bāng	官網	itaigi:782
poj	koaⁿ-chhâ	棺柴	taihoa:43236
poj	koaⁿ-liân	肝連	itaigi:13568
poj	koaⁿ-pau-iû	肝包油	itaigi:12895
poj	koe	瓜	taihoa:43442
poj	koe sè chí se̍k	瓜細子熟	itaigi:10844
poj	koe-chí iâm	果子鹽	itaigi:8009
poj	koe-goe̍h	瓜月	itaigi:2518
poj	koe-á-bah	瓜仔肉	itaigi:14217
poj	koh	各	taihoa:43866
poj	koh chi̍t pái	閣一擺	itaigi:14456
poj	koh ū	閣有	itaigi:3071
poj	koh-chài	閣再	itaigi:7972
poj	koh-chài-kóng	閣再講	itaigi:17704
poj	koh-khah	閣較	itaigi:10859
poj	koh-khì	閣去	taihoa:43916
poj	koh-lâi	閣來	taihoa:43924
poj	kok thài bîn an	國泰民安	itaigi:4631
poj	kok-bîn	國民	taihoa:43954
poj	kok-bûn	國文	taihoa:43961
poj	kok-che̍k	國賊	itaigi:15113
poj	kok-chha̍t	國賊	itaigi:15112
poj	kok-chhek	國戚	itaigi:15111
poj	kok-chè kî-khan	國際期刊	itaigi:7419
poj	kok-chè-koan	國際觀	itaigi:12108
poj	kok-gí	國語	itaigi:6408
poj	kok-hiàn	國憲	itaigi:15110
poj	kok-hong	國風	itaigi:17424
poj	kok-hui	國徽	itaigi:14782
poj	kok-hāu	國校	itaigi:11318
poj	kok-hāu-á	國校仔	itaigi:11323
poj	kok-hōe tāi-hā	國會大廈	itaigi:18626
poj	kok-hōe tōa-lâu	國會大樓	itaigi:18627
poj	kok-jîn-pâng	個人房	itaigi:6272
poj	kok-jī-bīn	國字面	itaigi:19605
poj	kok-jī-khak	國字殼	itaigi:15107
poj	kok-ka kong-hn̂g	國家公園	itaigi:8094
poj	kok-ka-chú-gī	國家主義	itaigi:8135
poj	kok-koa	國歌	taihoa:44029
poj	kok-kî	國旗	taihoa:44026
poj	kok-li̍p kong-hn̂g	國立公園	itaigi:8098
poj	kok-lâng	各人	taihoa:44040
poj	kok-lâng kiâⁿ kok lō͘	各人行各路	itaigi:10614
poj	kok-phò-ka-bông	國破家亡	itaigi:1461
poj	kok-thài	國泰	itaigi:13344
poj	kok-thí	國恥	itaigi:15108
poj	kok-tiong	國中	itaigi:15955
poj	kok-tiong-seng	國中生	itaigi:15956
poj	kok-un	國恩	itaigi:15109
poj	kok-ông	國王	taihoa:44056
poj	kok-ūi	各位	taihoa:44107
poj	kong	公	taihoa:44131
poj	kong-bîn	公民	taihoa:44349
poj	kong-bîn-tâu-phiò	公民投票	itaigi:948
poj	kong-bū-oân	公務員	itaigi:243
poj	kong-chhe	工尺	itaigi:14837
poj	kong-chhia	公車	itaigi:14831
poj	kong-chhin	公親	itaigi:15551
poj	kong-chhioh	公尺	taihoa:44374
poj	kong-chè	公債	itaigi:17001
poj	kong-chú-phō	公主抱	itaigi:19202
poj	kong-hioh	公歇	itaigi:6988
poj	kong-hn̂g	公園	taihoa:44413
poj	kong-hun	公分	taihoa:44421
poj	kong-hùi chiap-chèng	公費接種	itaigi:19567
poj	kong-hùi chù-siā	公費注射	itaigi:19566
poj	kong-hāu	功效	taihoa:44409
poj	kong-ka-chè	公家債	itaigi:17152
poj	kong-kau-chhia	公交車	itaigi:14876
poj	kong-ke	公家	taihoa:44438
poj	kong-ke-la̍p	公家納	itaigi:3124
poj	kong-ke-pān-kong-sek	公家辦公室	itaigi:16967
poj	kong-khò	功課	itaigi:19774
poj	kong-kin	公斤	taihoa:44462
poj	kong-kiōng tiûⁿ-só͘	公共場所	itaigi:4607
poj	kong-kò-lân	公告欄	itaigi:19771
poj	kong-lí	公理	taihoa:44480
poj	kong-lô	功勞	taihoa:44487
poj	kong-pò͘-lân	公佈欄	itaigi:19770
poj	kong-seng	公升	itaigi:19741
poj	kong-si	公司	taihoa:44519
poj	kong-su	公私	taihoa:44535
poj	kong-te̍k	公敵	itaigi:17286
poj	kong-thiaⁿ-hōe	公聽會	itaigi:6468
poj	kong-tia̍p-ki	光碟機	itaigi:16670
poj	kong-tāi	公代	itaigi:3566
poj	kong-tō	公道	taihoa:44562
poj	kong-êng	公營	taihoa:44396
poj	kong-ōe bô-chiàu lí-lō͘	講話無照理路	itaigi:11634
poj	kong-ōe ū la̍t-thâu	講話有力頭	itaigi:8255
poj	koài-kî	怪奇	itaigi:4460
poj	koài-kî-kó͘	怪奇古	itaigi:14001
poj	koàn	慣	taihoa:43082
poj	koàn-bo̍k-châng	灌木叢	itaigi:15097
poj	koàn-bo̍k-chông	灌木叢	itaigi:15098
poj	koàn-chúi	灌水	itaigi:19086
poj	koàn-liān	慣練	itaigi:6063
poj	koàn-sì	慣勢	taihoa:43129
poj	koàn-thâu	罐頭	taihoa:43136
poj	koàn-thâu hî	罐頭魚	itaigi:7644
poj	koàn-tiān	灌電	itaigi:18123
poj	koán	管	taihoa:42997
poj	koán-hat	管轄	taihoa:43019
poj	koán-lí	管理	taihoa:43057
poj	koán-thāi	管待	itaigi:19775
poj	koân	高	taihoa:43142
poj	koân-ap	懸壓	itaigi:15903
poj	koân-kē keng	懸低肩	itaigi:8278
poj	koân-ta̍h	懸踏	itaigi:6036
poj	koân-ta̍h-á	懸踏仔	itaigi:1037
poj	koân-ta̍h-ê	懸踏鞋	itaigi:1034
poj	koān	縣	taihoa:43197
poj	koān-tiúⁿ	縣長	taihoa:43219
poj	ko͘ hâng to̍k chhī	孤行獨市	itaigi:3494
poj	ko͘-bī	孤味	itaigi:4182
poj	ko͘-chheⁿ-chhiah-tòa-hî	孤星赤帶魚	itaigi:8484
poj	ko͘-chheⁿ-chiú-hî	孤星酒魚	itaigi:8502
poj	ko͘-chiong bô-nāi	姑將無奈	itaigi:10288
poj	ko͘-chiàm	孤佔	itaigi:6849
poj	ko͘-chiáu	孤鳥	itaigi:1685
poj	ko͘-chiáu chhah lâng kûn	孤鳥插人群	itaigi:8710
poj	ko͘-chiáu-chhah-lâng-kûn	孤鳥插人群	itaigi:19316
poj	ko͘-chiâⁿ	姑情	itaigi:4090
poj	ko͘-hun choân-lúi-táⁿ	孤分全壘打	itaigi:3878
poj	ko͘-iû-ko	菇油膏	itaigi:4415
poj	ko͘-ji̍t	孤日	itaigi:19629
poj	ko͘-jî	孤兒	taihoa:44919
poj	ko͘-jī	孤字	itaigi:18749
poj	ko͘-jī-īⁿ	孤兒院	itaigi:1606
poj	ko͘-kioh-hì	孤腳戲	itaigi:18929
poj	ko͘-lián-chhia	孤輪車	itaigi:5871
poj	ko͘-láu	孤老	taihoa:44946
poj	ko͘-lâng-pâng	孤人房	itaigi:6271
poj	ko͘-n̂g	孤黃	taihoa:44961
poj	ko͘-n̂g-niau	孤黃貓	itaigi:17832
poj	ko͘-put-chiong	姑不終	taihoa:44978
poj	ko͘-put-jī-saⁿ-chiong	姑不二三將	itaigi:10287
poj	ko͘-sûn	姑巡	itaigi:15786
poj	ko͘-tiūⁿ	姑丈	taihoa:45025
poj	ko͘-toaⁿ chi̍t-sin	孤單一身	itaigi:9597
poj	ku	龜	taihoa:45052
poj	ku-chôa	龜蛇	itaigi:3465
poj	ku-koài	古怪	taihoa:45538
poj	ku-ku-mo͘-mo͘	龜龜毛毛	itaigi:10256
poj	ku-kun	龜根	itaigi:15432
poj	ku-piah	龜壁	itaigi:11282
poj	ku-sîn	龜神	itaigi:19106
poj	ku-á	龜仔	itaigi:15224
poj	kui	機	taihoa:45228
poj	kui koàn	規罐	itaigi:4593
poj	kui-bô͘ keng-chè	規模經濟	itaigi:12061
poj	kui-chèng siu-siàn	歸正修善	itaigi:1526
poj	kui-chōe	歸罪	itaigi:14506
poj	kui-ji̍t	規日	taihoa:45402
poj	kui-ke-hóe-á	規家伙仔	itaigi:3088
poj	kui-kí	規矩	taihoa:45425
poj	kui-pak-hóe	規腹火	itaigi:8251
poj	kui-sì-kè	規四界	itaigi:1737
poj	kui-thoa-kui-kô	規拖規膏	itaigi:19066
poj	kui-tòa	規帶	itaigi:3306
poj	kui-tīn	規陣	itaigi:4732
poj	kui-óaⁿ-phâng	歸碗捧	taihoa:45459
poj	kuiⁿ thiⁿ pe̍h ji̍t	光天白日	itaigi:9328
poj	kun-bō	軍帽	itaigi:18151
poj	kun-chèng	軍政	itaigi:18920
poj	kun-chú-só	君子鎖	itaigi:18494
poj	kun-jîn	軍人	taihoa:45703
poj	kun-sū chu-liāu	軍事資料	itaigi:12269
poj	kun-tūi	軍隊	taihoa:45725
poj	kut	滑	itaigi:16849
poj	kut-chhì	骨刺	itaigi:15095
poj	kut-la̍t	骨力	itaigi:4249
poj	kut-la̍t chò-kang	骨力做工	itaigi:7726
poj	kut-pôaⁿ	骨盤	itaigi:12067
poj	kut-thâu	骨頭	taihoa:45840
poj	kut-thâu phah-kó͘	骨頭拍鼓	itaigi:17555
poj	ku̍t	滑	taihoa:45745
poj	ku̍t-thô͘	掘塗	itaigi:16655
poj	kà	教	taihoa:31868
poj	kà-chhia	較車	itaigi:15053
poj	kà-sú	駕駛	taihoa:31891
poj	kà-sú-chō	駕駛座	itaigi:15249
poj	kà-sī	教示	taihoa:31886
poj	kài chi̍t tiâu sòaⁿ	概一條線	itaigi:12232
poj	kài sêng	蓋成	itaigi:3578
poj	kài-kip-iōng-jím	戒急用忍	itaigi:7435
poj	kài-loa̍h	芥辣	itaigi:13151
poj	kài-lu̍t	概率	itaigi:17066
poj	kài-siāu	介紹	taihoa:32296
poj	kài-sêng	概成	itaigi:17434
poj	kàiⁿ-chōa	間逝	itaigi:16345
poj	kàiⁿ-sek	間色	itaigi:16346
poj	kàm-lí-chām	監理站	itaigi:2753
poj	kàm-sī-khì	監視器	itaigi:811
poj	kàm-tok	監督	taihoa:32617
poj	kàm-tēng	鑑定	taihoa:32616
poj	kàn	幹	taihoa:32747
poj	kàn tōa khiân-khun	幹大乾坤	itaigi:9513
poj	kàn-pō͘	幹部	taihoa:32758
poj	kàn-tǹg	幹當	itaigi:4025
poj	kàn-tǹg-lān	幹當難	itaigi:18629
poj	kàng-hok	降幅	taihoa:32868
poj	kàng-lo̍h pháu-tō	降落跑道	itaigi:12072
poj	kàu	到	taihoa:33582
poj	kàu taⁿ	到今	itaigi:3441
poj	kàu--ah	到矣	itaigi:6892
poj	kàu-chhut	到齣	itaigi:16281
poj	kàu-choa̍t-hong-niá	到絕風嶺	itaigi:17379
poj	kàu-chong	教宗	taihoa:33615
poj	kàu-chú	教主	itaigi:12338
poj	kàu-chām	到站	itaigi:13587
poj	kàu-hông	教皇	taihoa:33635
poj	kàu-hùn	教訓	taihoa:33638
poj	kàu-hōe	教會	taihoa:33634
poj	kàu-io̍k	教育	taihoa:33642
poj	kàu-io̍k thêng-tō͘	教育程度	itaigi:11243
poj	kàu-iú	教友	taihoa:33649
poj	kàu-oân	教員	itaigi:16779
poj	kàu-pún	夠本	itaigi:19194
poj	kàu-sek	教室	taihoa:33715
poj	kàu-siū	教授	taihoa:33722
poj	kàu-su	教師	itaigi:16778
poj	kàu-taⁿ	到今	taihoa:33728
poj	kàu-tè	到塊	itaigi:12291
poj	kàu-ūi	到位	taihoa:33750
poj	kàⁿ-bó-khún	酵母菌	itaigi:1715
poj	ká-soat	假說	itaigi:5473
poj	ká-sú tiān-ōe-têng	假使電話亭	itaigi:3476
poj	ká-tēng	假定	taihoa:31862
poj	kái	解	taihoa:32140
poj	kái-ap-sok	解壓縮	itaigi:5430
poj	kái-bi̍t	解密	itaigi:4575
poj	kái-chit	解職	taihoa:32152
poj	kái-chong	改裝	taihoa:32157
poj	kái-chō	改造	taihoa:32156
poj	kái-hong	解封	itaigi:4726
poj	kái-hòng	解放	taihoa:32165
poj	kái-iok	解約	taihoa:32171
poj	kái-iu	解憂	itaigi:3518
poj	kái-kek	改革	taihoa:32175
poj	kái-koat	解決	taihoa:32188
poj	kái-ko͘-thóe	改孤體	itaigi:11754
poj	kái-kè-chū-sin	改過自新	itaigi:1593
poj	kái-kò͘	解雇	taihoa:32189
poj	kái-phò͘	解剖	taihoa:32203
poj	kái-piàn	改變	taihoa:32204
poj	kái-siān	改善	taihoa:32219
poj	kái-soán	改選	taihoa:32224
poj	kái-sàn	解散	taihoa:32210
poj	kái-to̍k	解毒	itaigi:19613
poj	kái-tî	解除	taihoa:32233
poj	kái-ut	改鬱	itaigi:14957
poj	kám	感	taihoa:32499
poj	kám chin--ê	敢真的	itaigi:14236
poj	kám chiâⁿ-si̍t--ê	敢誠實的	itaigi:14178
poj	kám án-ne	敢按呢	itaigi:3533
poj	kám ē bô-êng	敢會無閒	itaigi:5869
poj	kám ē chia̍h--tit	敢會食得	itaigi:6960
poj	kám ē-sái	敢會使	itaigi:2892
poj	kám ē-tàng	敢會當	itaigi:17653
poj	kám ū	敢有	itaigi:2928
poj	kám ū hoat-tō͘	敢有法度	itaigi:2726
poj	kám ū-iáⁿ	敢有影	itaigi:3197
poj	kám ū-êng	敢有閒	itaigi:4644
poj	kám--tio̍h	感著	itaigi:6054
poj	kám-chhek thih-ki-á-lō͘	感測鐵枝仔路	itaigi:3376
poj	kám-chêng	感情	taihoa:32509
poj	kám-chêng iau-hia̍p	感情要脅	itaigi:14283
poj	kám-chêng páng-phiò	感情綁票	itaigi:4256
poj	kám-chêng ui-hia̍p	感情威脅	itaigi:14284
poj	kám-ho̍k	感服	taihoa:32527
poj	kám-hòa	感化	taihoa:32524
poj	kám-kak	感覺	itaigi:19606
poj	kám-kóng	敢講	itaigi:19577
poj	kám-léng	感冷	itaigi:17337
poj	kám-mō͘	感冒	itaigi:11921
poj	kám-mō͘-e̍k	感冒液	itaigi:3702
poj	kám-sim	感心	taihoa:32563
poj	kám-siâ	感邪	itaigi:19433
poj	kám-sióng	感想	taihoa:32567
poj	kám-siā	感謝	taihoa:32561
poj	kám-siā ta̍k-ke	感謝逐家	itaigi:13488
poj	kám-tōng	感動	taihoa:32584
poj	kám-un	感恩	itaigi:11756
poj	kán	簡	itaigi:1931
poj	kán-chia̍t	簡捷	itaigi:18037
poj	kán-su̍t	簡述	itaigi:4605
poj	kán-tan	簡單	itaigi:4161
poj	káng	講	taihoa:32799
poj	káng khoah chúi chhim	港闊水深	itaigi:6953
poj	káng-hô	講和	taihoa:32811
poj	káng-ián	講演	taihoa:32812
poj	káng-kháu	港口	itaigi:7621
poj	káng-kái	講解	taihoa:32815
poj	káng-kó͘	講古	itaigi:3555
poj	káu	九	taihoa:33406
poj	káu lê-á hoe	九螺仔花	itaigi:9836
poj	káu-bó-so	狗母梭	taihoa:33432
poj	káu-bú á thâng	狗母仔蟲	itaigi:7740
poj	káu-goe̍h-tiông-iâng	九月重陽	itaigi:7887
poj	káu-gê	狗牙	itaigi:16302
poj	káu-hiaⁿ-káu-tī	狗兄狗弟	itaigi:2550
poj	káu-hiā	狗蟻	taihoa:33464
poj	káu-hun-á	九份仔	itaigi:6703
poj	káu-koài	狡怪	taihoa:33510
poj	káu-nî it-koàn	九年一貫	itaigi:11246
poj	káu-tiám-jī	九點二	itaigi:7233
poj	káu-á-kiáⁿ	狗仔囝	taihoa:33412
poj	káⁿ	敢	taihoa:32686
poj	káⁿ chia̍h khì-iû	敢食汽油	itaigi:10035
poj	káⁿ-chiah-nī	敢遮爾	itaigi:7937
poj	káⁿ-sī	敢是	itaigi:7945
poj	káⁿ-tān	敢但	itaigi:7950
poj	kâm hoeh bū thiⁿ	含血霧天	itaigi:431
poj	kâm huih bū thiⁿ	含血霧天	itaigi:19013
poj	kâm-chúi-liōng	含水量	itaigi:13479
poj	kâm-kiô	含茄	itaigi:6652
poj	kâm-pian	含鞭	itaigi:6635
poj	kâm-tûn	含唇	taihoa:32621
poj	kâng-sim	共心	taihoa:32893
poj	kâu	猴	taihoa:33752
poj	kâu--lông	九龍	itaigi:18257
poj	kâu-thâu-kó	猴頭果	itaigi:136
poj	kâu-thô-á	猴桃仔	itaigi:496
poj	kè	計	taihoa:34265
poj	kè-ang	嫁翁	itaigi:11765
poj	kè-chhōa	嫁娶	taihoa:34282
poj	kè-chng	嫁妝	taihoa:34285
poj	kè-chîⁿ	價錢	taihoa:34284
poj	kè-sio̍k	繼續	taihoa:34338
poj	kè-sǹg	計算	taihoa:34340
poj	kè-sǹg-ki	計算機	itaigi:252
poj	kè-ta̍t	價值	taihoa:34344
poj	kè-á	架仔	taihoa:34271
poj	kèng-bé	競買	itaigi:3179
poj	kèng-bé-hōe	競買會	itaigi:3178
poj	kèng-sī-teng	警示燈	itaigi:1594
poj	kèng-ì	敬意	taihoa:35098
poj	ké	解	taihoa:34121
poj	ké--ê	假的	itaigi:748
poj	ké-bô-ì	假無意	itaigi:6181
poj	ké-bīn khî-sū	假面騎士	itaigi:3395
poj	ké-chîⁿ	假錢	itaigi:9561
poj	ké-hiān-si̍t	假現實	itaigi:16969
poj	ké-hó-soe	假好衰	itaigi:12234
poj	ké-iáⁿ gîn-hâng	假影銀行	itaigi:3687
poj	ké-ióng	假勇	itaigi:7226
poj	ké-kúi-la̍k-koài	假鬼六怪	itaigi:4177
poj	ké-ná-chin	假若真	itaigi:3638
poj	ké-sian-ké-tak	假仙假觸	itaigi:1465
poj	ké-siàu	假數	itaigi:16861
poj	ké-soeh	解說	taihoa:34249
poj	ké-tōa-pān	假大範	itaigi:4382
poj	kéng	景	itaigi:12263
poj	kéng-khì	景氣	taihoa:35049
poj	kéng-sek	景色	taihoa:35067
poj	kéng-tì	景致	taihoa:35079
poj	kì	計	taihoa:40150
poj	kì-chiong	記章	itaigi:4772
poj	kì-chiá	記者	taihoa:40186
poj	kì-iáng ka-têng	寄養家庭	itaigi:13491
poj	kì-liām	紀念	taihoa:40209
poj	kì-liām-phín	紀念品	itaigi:4552
poj	kì-lo̍k	記錄	taihoa:40217
poj	kì-miâ	記名	itaigi:4800
poj	kì-siàu	記數	taihoa:40226
poj	kì-sī-kám	既視感	itaigi:12372
poj	kì-á	鋸仔	taihoa:40158
poj	kìm	禁	taihoa:41381
poj	kìm-chhùi	禁嘴	taihoa:41386
poj	kìm-chí	禁止	taihoa:41390
poj	kìm-hiàng	禁向	itaigi:19476
poj	kìm-jiō	禁尿	itaigi:1642
poj	kìm-khùi	禁氣	itaigi:6384
poj	kìⁿ	見	taihoa:41846
poj	kìⁿ kuisái-kong pe̍h-chha̍t hì	見鬼司公白賊戲	itaigi:9590
poj	kìⁿ o͘ tio̍h-tak	見烏著觸	itaigi:9900
poj	kìⁿ--tio̍h--ah	見著矣	itaigi:4464
poj	kìⁿ-kng-sí	見光死	itaigi:17912
poj	kìⁿ-thiⁿ-keh	見天格	itaigi:17348
poj	kìⁿ-tio̍h chîⁿ tio̍h piàn-tiám	見著錢著變點	itaigi:16355
poj	kí-hêng	舉行	taihoa:40128
poj	kí-soaⁿ	指山	itaigi:11720
poj	kí-tek-lī-ek-chiá	既得利益者	itaigi:1623
poj	kí-tiong-cháiⁿ	指中指	itaigi:366
poj	kín	緊	taihoa:41753
poj	kín cháu	緊走	itaigi:2721
poj	kín kì chāi sim	謹記在心	itaigi:4785
poj	kín lâi soan	緊來旋	itaigi:1171
poj	kín soan	緊旋	itaigi:4731
poj	kín tōa-hàn	緊大漢	itaigi:7129
poj	kín-cháu--ah	緊走啊	itaigi:1784
poj	kín-kip chhut-kháu	緊急出口	itaigi:8770
poj	kín-kiû	緊球	itaigi:13323
poj	kín-liâm-soa	緊黏沙	itaigi:11107
poj	kín-sok	緊速	itaigi:19591
poj	kî	其	taihoa:40255
poj	kî kî koài koài	奇奇怪怪	itaigi:9107
poj	kî-bóe	期尾	itaigi:4678
poj	kî-bāng	期望	itaigi:1147
poj	kî-chûn	期船	itaigi:18341
poj	kî-hêng	奇形	itaigi:4648
poj	kî-khó	期考	taihoa:40298
poj	kî-koài	奇怪	taihoa:40303
poj	kî-tiong-khó	期中考	itaigi:12892
poj	kî-tó	祈禱	taihoa:40346
poj	kî-á	旗仔	taihoa:40261
poj	kò	過	taihoa:42706
poj	kò-chn̄g	告狀	itaigi:11855
poj	kò-chu	個資	itaigi:1131
poj	kò-hûiⁿ-lâu	划橫流	itaigi:18906
poj	kò-jîn chu-liāu	個人資料	itaigi:1130
poj	kò-jîn-chhn̂g	個人床	itaigi:15312
poj	kòa	掛	itaigi:16613
poj	kòa bô-sū pâi	掛無事牌	itaigi:8356
poj	kòa chhùi-am	戴口罩	itaigi:12674
poj	kòa-hīⁿ-pau	掛耳包	itaigi:2850
poj	kòa-lū	掛慮	itaigi:15493
poj	kòa-pó-chèng	掛保證	itaigi:18931
poj	kòa-pó-hiám	掛保險	itaigi:18930
poj	kòa-tō͘	掛肚	itaigi:11788
poj	kòa-ì	掛意	itaigi:15491
poj	kòe	過	taihoa:43488
poj	kòe āu kò goe̍h	過後個月	itaigi:8982
poj	kòe--lâng	過人	itaigi:11042
poj	kòe-bín-sèng phīⁿ-iām	過敏性鼻炎	itaigi:5938
poj	kòe-gia̍h	過額	itaigi:16919
poj	kòe-giàn	過癮	itaigi:1075
poj	kòe-hong	過風	itaigi:818
poj	kòe-im	過音	itaigi:13888
poj	kòe-khì	過去	itaigi:7846
poj	kòe-khì-sek	過去式	itaigi:17104
poj	kòe-kiô	過橋	taihoa:43632
poj	kòe-kè	會計	taihoa:43605
poj	kòe-kéng-tiān-siong	過境電商	itaigi:16973
poj	kòe-liâu	過聊	itaigi:2540
poj	kòe-lô-sí	過勞死	itaigi:2734
poj	kòe-nî	過年	taihoa:43685
poj	kòe-nî chhe-it	過年初一	itaigi:9366
poj	kòe-nî chhe-jī	過年初二	itaigi:14940
poj	kòe-nî chhe-ngó͘	過年初五	itaigi:14946
poj	kòe-nî chhe-sam	過年初三	itaigi:14942
poj	kòe-nî chhe-sù	過年初四	itaigi:14944
poj	kòe-sit	過失	taihoa:43754
poj	kòe-sit-tì-sí	過失致死	itaigi:6340
poj	kòe-sî bē la̍h-ji̍t	過時賣曆日	itaigi:9977
poj	kòe-sûn	過巡	itaigi:3302
poj	kòe-tō͘	過度	taihoa:43810
poj	kòe-óng	過往	taihoa:43695
poj	kòe-ūi	過位	itaigi:11037
poj	kòng	貢	taihoa:44283
poj	kòng tiān-ōe	摃電話	taihoa:44289
poj	kòng-phòa	摃破	taihoa:44305
poj	kòng-thn̂g	貢糖	taihoa:44311
poj	kòng-thûi-á	摃槌仔	itaigi:13388
poj	kò͘	故	taihoa:44773
poj	kò͘ bōng	顧墓	itaigi:1117
poj	kò͘-būn	顧問	taihoa:44787
poj	kò͘-iú bêng-sû	固有名詞	itaigi:3563
poj	kò͘-kaⁿ--ê	顧監的	itaigi:17891
poj	kò͘-lâng-oàn	顧人怨	itaigi:5466
poj	kò͘-lō͘	顧路	itaigi:16009
poj	kò͘-sū	故事	itaigi:15028
poj	kò͘-sū-su	故事書	itaigi:13116
poj	kò͘-tan-jī-ha̍k	構單字學	itaigi:17117
poj	kó-chhài	果菜	itaigi:14158
poj	kó-chiap ki	果汁機	itaigi:9560
poj	kóaⁿ	趕	taihoa:42998
poj	kóaⁿ iûⁿ-á káu	趕羊仔狗	itaigi:14581
poj	kóaⁿ-kín	趕緊	itaigi:997
poj	kóaⁿ-kóaⁿ-kín-kín	趕趕緊緊	itaigi:19225
poj	kóaⁿ-tio̍k	趕逐	itaigi:12253
poj	kóe-chhoa̍h	解斜	itaigi:18933
poj	kóe-chí	果子	taihoa:43453
poj	kóe-chí-chhài-iàn	果子菜燕	itaigi:11253
poj	kóe-chí-jîn	果子仁	itaigi:14427
poj	kóe-chí-koaⁿ	果子乾	itaigi:19716
poj	kóe-chí-tāu	果子豆	itaigi:2705
poj	kóng	管	taihoa:44138
poj	kóng Eng-gí	講英語	itaigi:8297
poj	kóng bān-kó͘-tāi	講萬古代	itaigi:2583
poj	kóng cha̍p-saⁿ thiⁿ-gōa	講十三天外	itaigi:10712
poj	kóng chheng kóng bān	講千講萬	itaigi:9104
poj	kóng chi̍t kái	講一改	itaigi:7008
poj	kóng chi̍t pái	講一擺	itaigi:1948
poj	kóng gō͘-sì-saⁿ--ê	講五四三的	itaigi:5851
poj	kóng hong-thâu-ōe	講風頭話	itaigi:9388
poj	kóng kúi kù ōe	講幾句話	itaigi:4306
poj	kóng pe̍h-chha̍t-ōe	講白賊話	itaigi:13085
poj	kóng saⁿ-cha̍p-saⁿ thiⁿ-gōa	講三十三天外	itaigi:10713
poj	kóng siáⁿ	講啥	itaigi:6901
poj	kóng soah	講煞	itaigi:6085
poj	kóng sè-siaⁿ ōe	講細聲話	itaigi:5785
poj	kóng tâi-gí	講台語	itaigi:1761
poj	kóng-kiû	管球	itaigi:7155
poj	kóng-kò	廣告	taihoa:44222
poj	kóng-pe̍h-chha̍t	講白賊	itaigi:13084
poj	kóng-pò	廣播	itaigi:1373
poj	kóng-pò͘ tiān-tâi	廣播電台	itaigi:38
poj	kóng-sán-ōe	講瘦話	itaigi:2563
poj	kóng-tio̍h	講著	itaigi:11299
poj	kóng-á-chiaⁿ	管仔精	itaigi:17160
poj	kóng-ōe	講話	taihoa:44238
poj	kóng-ōe it liû-súi	講話一流水	itaigi:9186
poj	kó̤-chí-bah	果子肉	itaigi:18992
poj	kó̤-chí-chap	果子汁	itaigi:18999
poj	kó̤-chí-chhiū	果子樹	itaigi:18993
poj	kó̤-chí-hn̂g	果子園	itaigi:18996
poj	kó̤-chí-ko	果子膏	itaigi:19001
poj	kó̤-chí-phô̤	果子皮	itaigi:18991
poj	kó̤-chí-the̍h	果子宅	itaigi:18997
poj	kó͘	古	taihoa:44610
poj	kó͘ tiān-ōe	鼓電話	itaigi:3454
poj	kó͘-chheng-bêng	古清明	itaigi:11552
poj	kó͘-chhiûⁿ	鼓牆	itaigi:16298
poj	kó͘-chui	古椎	taihoa:44670
poj	kó͘-chá-bī	古早味	itaigi:13128
poj	kó͘-chéⁿ chúi-ke	鼓井水雞	itaigi:10502
poj	kó͘-hong	鼓風	itaigi:18554
poj	kó͘-kè	股價	taihoa:44696
poj	kó͘-kó͘-koài-koài	古古怪怪	itaigi:9108
poj	kó͘-ló͘-so̍k-kó͘	古魯碩古	itaigi:6843
poj	kó͘-lē	鼓勵	taihoa:44723
poj	kó͘-lī-lu̍t	股利率	itaigi:17034
poj	kó͘-têng	鼓亭	itaigi:6327
poj	kó͘-tóng	古董	taihoa:44766
poj	kó͘-á-teng	鼓仔燈	itaigi:3801
poj	kó͘-ì	古意	itaigi:4414
poj	kôaⁿ	寒	taihoa:43143
poj	kôaⁿ--tio̍h	寒著	taihoa:43185
poj	kôaⁿ-bō	寒帽	itaigi:18150
poj	kôaⁿ-kah-sí-bô-lâng	寒甲死無人	itaigi:18755
poj	kôaⁿ-thiⁿ	寒天	taihoa:43180
poj	kông	狂	itaigi:1887
poj	kô͘	糊	taihoa:44865
poj	kô͘-á	糊仔	itaigi:19333
poj	kôⁿ	齁	taihoa:44127
poj	kù	句	taihoa:45087
poj	kù-hêng	句型	itaigi:13915
poj	kùi	貴	taihoa:45305
poj	kùi-khì	貴氣	itaigi:9941
poj	kùi-sam-sam	貴參參	itaigi:1235
poj	kùi-som-som	貴參參	itaigi:1408
poj	kú	久	taihoa:45054
poj	kú nî bān tāi	久年萬代	itaigi:9116
poj	kú nî pah chài	久年百載	itaigi:9102
poj	kúi	幾	taihoa:45232
poj	kúi hoan	幾番	itaigi:3439
poj	kúi hō	幾號	itaigi:3438
poj	kúi nî	幾年	itaigi:1938
poj	kúi tiám	幾點	itaigi:10949
poj	kúi-chhe	鬼差	itaigi:6952
poj	kúi-goe̍h	鬼月	itaigi:2517
poj	kúi-lō	幾若	itaigi:3274
poj	kúi-nā pái	幾若擺	itaigi:15654
poj	kúi-phah-tio̍h	鬼拍著	itaigi:10474
poj	kúi-phìⁿ	鬼片	itaigi:4699
poj	kúi-á chhân-eⁿ	鬼仔田嬰	itaigi:9533
poj	kúi-á-hong	鬼仔風	itaigi:7769
poj	kúi-á-kó͘	鬼仔古	itaigi:4662
poj	kúi-ông	鬼王	itaigi:802
poj	kúiⁿ lê-á hong	捲螺仔風	itaigi:7698
poj	kúiⁿ sim pe̍h á	捲心白仔	itaigi:9348
poj	kúiⁿ-lê-á-chūiⁿ	捲螺仔旋	itaigi:11369
poj	kún	管	taihoa:45569
poj	kún-chúi	滾水	taihoa:45586
poj	kún-chúi ian	滾水煙	itaigi:7528
poj	kún-chúi-soaⁿ	滾水山	itaigi:7980
poj	kún-io̍h-chúi	滾藥水	itaigi:8025
poj	kún-káu-éng	滾狗湧	itaigi:2523
poj	kûn	群	taihoa:45641
poj	kûn-chhòng	群創	itaigi:1590
poj	kûn-cho͘	群組	itaigi:12930
poj	kûn-kek	拳擊	itaigi:14451
poj	kûn-tòa	裙帶	itaigi:18600
poj	kûn-tòa-chhài	裙帶菜	itaigi:18601
poj	kûn-tòa-tāu	裙帶豆	itaigi:18603
poj	kā	咬	taihoa:31901
poj	kā góa	共我	itaigi:1505
poj	kā i sio--sí	共伊燒死	itaigi:1425
poj	kā lâng khi-hū	共人欺負	itaigi:6222
poj	kā-chi̍h	咬舌	itaigi:13682
poj	kāng	共	taihoa:32900
poj	kāng-khoán	共款	taihoa:32921
poj	kāng-phōaⁿ	共伴	itaigi:19131
poj	kāng-sìⁿ	共姓	taihoa:32945
poj	kāng-tīn	共陣	itaigi:19518
poj	kāu	厚	itaigi:14173
poj	kāu-chhau-hoân	厚操煩	itaigi:5876
poj	kāu-chu-liāu	厚資料	itaigi:17028
poj	kāu-kang	厚工	itaigi:6757
poj	kāu-kin	厚筋	itaigi:17186
poj	kāu-ōe	厚話	itaigi:11124
poj	kē-ap	低壓	itaigi:15904
poj	kē-lō͘	低路	itaigi:6040
poj	kē-siu-ji̍p-hō͘	低收入戶	itaigi:6991
poj	kē-tiāu	低調	itaigi:1557
poj	kē-í-thâu-á	低椅頭仔	itaigi:18183
poj	kēng-chhia	競車	itaigi:15201
poj	kēng-ki-chhia	競技車	itaigi:15202
poj	kēng-lâi-kēng-khì	勁來勁去	itaigi:10509
poj	kī-jîn	巨人	itaigi:16211
poj	kī-jîn-lūi	巨人類	itaigi:19726
poj	kīn	近	taihoa:41901
poj	kīn-ji̍t	今日	itaigi:11500
poj	kīn-lâi	近來	taihoa:41914
poj	kīn-sī	近視	taihoa:41923
poj	kīn-toan--ê	近端的	itaigi:6276
poj	kńg-chn̄g	捲旋	itaigi:7791
poj	kńg-chn̄g-lâu	捲旋流	itaigi:7790
poj	kńg-hong	捲風	itaigi:7715
poj	kńg-lê-á	捲螺仔	itaigi:7767
poj	kńg-lê-á-chn̄g	捲螺仔旋	itaigi:7768
poj	kńg-lê-á-chúi	捲螺仔水	itaigi:7775
poj	kńg-te̍k	捲軸	itaigi:11142
poj	kńg-âu	捲喉	itaigi:11682
poj	kōaⁿ	汗	taihoa:43196
poj	kōaⁿ-lâu-chap-tih	汗流汁滴	itaigi:6740
poj	kōaⁿ-sip	汗溼	itaigi:15515
poj	kū	舊	taihoa:45104
poj	kū-chûn-nî	舊前年	itaigi:7869
poj	kū-iâⁿ	舊營	itaigi:16194
poj	kū-ke-hāng	舊街巷	itaigi:19572
poj	kū-le̍k	舊曆	taihoa:45152
poj	kū-lo-lo	舊囉囉	itaigi:6345
poj	kū-lo̍k-pō͘	俱樂部	taihoa:45157
poj	kū-nî	舊年	taihoa:45158
poj	kū-phín	舊品	itaigi:15283
poj	kū-pá-hì	舊把戲	itaigi:19657
poj	kū-si̍t-chèng	拒食症	itaigi:17526
poj	kū-sî	舊時	itaigi:12264
poj	kū-thò-thâu	舊套頭	itaigi:19656
poj	kūi	櫃	taihoa:45351
poj	kūi-ūi	歸位	itaigi:1254
poj	kǹg	卷	taihoa:42580
poj	kǹg-hīⁿ-á	貫耳仔	itaigi:13661
poj	kǹg-pit	鋼筆	taihoa:42611
poj	kǹg-pán	鋼板	itaigi:1153
poj	kǹg-thih-kiap	鋼鐵俠	itaigi:13866
poj	la-mī	拉麵	itaigi:7186
poj	lah-sap	垃圾	itaigi:488
poj	lah-sap-chúi	垃圾水	itaigi:7626
poj	lah-sap-ōe	垃圾話	itaigi:150
poj	lak	落	itaigi:17406
poj	lak bô--khì	落無去	itaigi:3744
poj	lak chîⁿ-siaⁿ	落錢聲	itaigi:16910
poj	lak--ah	落矣	itaigi:1398
poj	lak-chhat	落漆	itaigi:12826
poj	lak-khì --ah	落去矣	itaigi:1393
poj	lak-kut	落骨	itaigi:14809
poj	lak-tē-á	落袋仔	itaigi:6714
poj	lap	塌	taihoa:46963
poj	la̍h-bah	臘肉	itaigi:14195
poj	la̍h-chek	蠟燭	taihoa:45913
poj	la̍h-ji̍t	曆日	taihoa:45926
poj	la̍k	六	taihoa:46205
poj	la̍k tiám	六點	itaigi:6308
poj	la̍k-goe̍h bē hóe-lang	六月賣火籠	itaigi:9976
poj	la̍k-kak-sán	六角散	itaigi:16210
poj	la̍k-kak-sòaⁿ	六角傘	itaigi:17254
poj	la̍k-liân-la̍k	六連六	itaigi:18815
poj	la̍k-nî	六年	itaigi:4676
poj	la̍p	納	itaigi:3263
poj	la̍p-chîⁿ	納錢	itaigi:4512
poj	la̍p-kut-tông	納骨堂	itaigi:4814
poj	la̍p-sòe	納稅	itaigi:19402
poj	la̍p-tāu	納豆	itaigi:19185
poj	la̍t	力	taihoa:47029
poj	la̍t-chí	栗子	itaigi:2028
poj	la̍t-chí-thâu	栗子頭	itaigi:14219
poj	la̍t-tè	力帝	itaigi:13101
poj	lek-sek	勒索	taihoa:47998
poj	leng	奶	taihoa:48008
poj	leng-bó	奶母	taihoa:48386
poj	leng-chôaⁿ	奶泉	itaigi:765
poj	leng-sek	奶昔	itaigi:1288
poj	leng-sò͘	奶素	itaigi:2969
poj	leng-sûn	奶巡	itaigi:684
poj	leng-thàu-tê	奶透茶	itaigi:4430
poj	leng-tòng-kńg	奶凍捲	itaigi:13899
poj	leng-á-tê	奶仔茶	itaigi:18745
poj	le̍k	力	taihoa:47901
poj	le̍k-hái-ku	綠海龜	itaigi:14501
poj	le̍k-phìⁿ	綠片	itaigi:14162
poj	le̍k-phôe-su	綠皮書	itaigi:16993
poj	le̍k-sú	歷史	taihoa:47972
poj	le̍k-tāu-lō͘	綠豆露	itaigi:14572
poj	le̍k-tāu-soa	綠豆沙	itaigi:3493
poj	le̍k-tāu-thng	綠豆湯	itaigi:13179
poj	li chiòk thó-ià	你足討厭	itaigi:600
poj	li-li-khok-khok	里里擴擴	itaigi:3988
poj	li-li-lak-lak	離離落落	itaigi:8553
poj	li-lo	哩囉	itaigi:4086
poj	lian	蔫	taihoa:49206
poj	liap	攝	itaigi:15729
poj	liap-hō͘-sòaⁿ	攝雨傘	itaigi:11698
poj	liap-iáⁿ-ki	攝影機	itaigi:14026
poj	liap-jiō	攝尿	itaigi:6694
poj	liap-tiâu	攝牢	itaigi:4437
poj	lia̍h	掠	taihoa:48857
poj	lia̍h-chha̍t	掠賊	taihoa:48877
poj	lia̍h-hî	掠魚	taihoa:48901
poj	lia̍h-hî--ê	掠漁的	taihoa:48906
poj	lia̍p	粒	taihoa:49538
poj	lia̍p-chia̍p	粒捷	itaigi:3934
poj	lia̍p-chí	粒子	itaigi:17458
poj	lia̍p-chú ka-sok-khì	粒子加速器	itaigi:12054
poj	lia̍p-á	粒仔	taihoa:49544
poj	lia̍t-toaⁿ	列單	itaigi:14495
poj	lia̍t-tó	列島	itaigi:19534
poj	lia̍t-ūi	列位	itaigi:13895
poj	lio̍h-á ū	略仔有	itaigi:682
poj	lio̍k-gē	六藝	itaigi:14058
poj	lio̍k-iáⁿ	錄影	itaigi:4728
poj	lio̍k-ku	陸龜	itaigi:14034
poj	lio̍k-lio̍k-tāi-sūn	六六大順	itaigi:2869
poj	lio̍k-peng	陸兵	itaigi:18544
poj	lio̍k-thê	陸提	itaigi:18546
poj	liu--lo̍h-lâi	溜落來	itaigi:4670
poj	liu-soan	溜旋	itaigi:13727
poj	liàm	擰	taihoa:49078
poj	liàn	輾	taihoa:49234
poj	liám-bū	蓮霧	itaigi:3220
poj	liám-tó͘	廉肚	taihoa:49075
poj	lián	撚	taihoa:49210
poj	lián-kó͘-chhia-á	輪鼓車仔	itaigi:1946
poj	lián-pán	輪板	itaigi:1086
poj	liáu	了	taihoa:49644
poj	liáu ke-hóe	了家伙	itaigi:1951
poj	liáu teng sitchâi	了丁失財	itaigi:8711
poj	liáu--khì	了去	itaigi:11968
poj	liáu-chîⁿ	了錢	taihoa:49663
poj	liáu-chîⁿ-hòe	了錢貨	itaigi:6922
poj	liáu-tiān	了電	itaigi:19097
poj	liáu-āu	了後	taihoa:49649
poj	liâm	廉	taihoa:49097
poj	liâm-jī-chóa	黏字紙	itaigi:6001
poj	liâm-ka	黏膠	itaigi:19319
poj	liâm-kak-tāu-á	黏角豆仔	itaigi:16370
poj	liâm-liâm	粘粘	taihoa:49121
poj	liâm-mi tō-lâi	連鞭就來	itaigi:6651
poj	liâm-mi ū liâm-mi bô	連鞭有連鞭無	itaigi:7090
poj	liâm-mo͘-tòa	黏毛帶	itaigi:19142
poj	liâm-piⁿ	連邊	taihoa:49131
poj	liâm-tāu	黏豆	itaigi:16369
poj	liân	連	taihoa:49240
poj	liân-chiap-khang	連接空	itaigi:819
poj	liân-chiap-thé	連接體	itaigi:2151
poj	liân-ha̍p	聯合	taihoa:49272
poj	liân-hoe chiâⁿ pó-kiàⁿ	蓮花成寶鏡	itaigi:10746
poj	liân-jī-hû	聯字符	itaigi:12478
poj	liân-kang	連江	itaigi:13009
poj	liân-khin	年輕	itaigi:1340
poj	liân-khòaⁿ-māi	連看覓	itaigi:13185
poj	liân-ká	連假	itaigi:4673
poj	liân-lo̍k-ki-á	聯絡機仔	itaigi:4331
poj	liân-lo̍k-phō͘-á	聯絡簿	itaigi:338
poj	liân-sio̍k-kio̍k	連續劇	itaigi:19059
poj	liân-sòaⁿ	連線	itaigi:15258
poj	liân-sòaⁿ tiān-tōng	連線電動	itaigi:3423
poj	liâng	良	taihoa:49446
poj	liâng--ê	涼的	itaigi:15318
poj	liâng-bō	涼帽	itaigi:18152
poj	liâng-chúi	涼水	taihoa:49455
poj	liâng-hún	涼粉	itaigi:12088
poj	liâng-khiang	涼腔	itaigi:13711
poj	liâng-khiang-á-ōe	涼腔仔話	itaigi:13712
poj	liâng-mī	涼麵	itaigi:4476
poj	liâng-phōaⁿ	涼伴	itaigi:17050
poj	liâng-se-oân	涼沙丸	itaigi:13987
poj	liâng-tâi	涼台	itaigi:7117
poj	liâng-tê	涼茶	itaigi:15342
poj	liâu-sè	療勢	itaigi:12152
poj	lióng-kong	兩光	itaigi:2541
poj	liông	量	itaigi:16851
poj	liông thiû sio̍k ló-sêng	龍頭屬老成	itaigi:9540
poj	liông-be̍h	龍脈	itaigi:17394
poj	liông-kut	龍骨	itaigi:132
poj	liông-kut sîn-keng	龍骨神經	itaigi:13060
poj	liông-kut tōng-bu̍t	龍骨動物	itaigi:12333
poj	liông-kut-chúi	龍骨水	itaigi:5508
poj	liông-sîn-kiat-sî	良辰吉時	itaigi:12419
poj	liù	溜	taihoa:50434
poj	liù-bō	溜帽	taihoa:50443
poj	liù-chhiú	溜手	taihoa:50447
poj	liú	紐	taihoa:50394
poj	liú-teng	柳丁	itaigi:7071
poj	liû-ha̍k	留學	taihoa:50506
poj	liû-hêng	流形	itaigi:13320
poj	liû-hêng-koa	流行歌	itaigi:4441
poj	liû-kip	留級	taihoa:50517
poj	liû-lám-khì	瀏覽器	itaigi:12090
poj	liû-lông-chhia	溜籠車	itaigi:11480
poj	liû-lōng-hàn	流浪漢	itaigi:836
poj	liû-sán-ká	流產假	itaigi:15977
poj	liû-súi	流水	itaigi:15898
poj	liû-súi-lu̍t	流水率	itaigi:15899
poj	liû-thé le̍k-ha̍k	流體力學	itaigi:7382
poj	liām	念	taihoa:49161
poj	liām-keng	念經	taihoa:49171
poj	liām-si	念詩	itaigi:6659
poj	liām-thò-thâu	唸套頭	itaigi:19499
poj	liān	練	taihoa:49397
poj	liān-bah-keng	練肉間	itaigi:2348
poj	liān-ga̍k	煉獄	taihoa:49410
poj	liān-kong-pâng	練功房	itaigi:2273
poj	liān-lêng	煉靈	taihoa:49422
poj	liān-sin-keng	練身間	itaigi:562
poj	liān-si̍p	練習	taihoa:49438
poj	liān-tan	煉丹	itaigi:16559
poj	liān-á	鍊仔	taihoa:49399
poj	liāng-kî-iak	量其約	itaigi:19543
poj	liāu-lí	料理	taihoa:49785
poj	liāu-lí-pau	料理包	itaigi:14176
poj	liāu-siáu	料小	itaigi:11325
poj	liōng	諒	taihoa:50212
poj	liōng-chá	量早	itaigi:18215
poj	liōng-chú	量子	itaigi:3685
poj	liōng-chú le̍k-ha̍k	量子力學	itaigi:3684
poj	liōng-kái	諒解	itaigi:1048
poj	li̍h heng sàn kah	裂胸散甲	itaigi:9280
poj	li̍h lông sàn kah	裂囊散甲	itaigi:10610
poj	li̍p-hong-kong-hun	立方公分	itaigi:15000
poj	li̍p-kong-li̍p-tek	立功立德	itaigi:4425
poj	loa̍h-chio	辣椒	itaigi:13129
poj	loa̍h-chiùⁿ	辣醬	itaigi:17703
poj	loa̍h-á	捋仔	taihoa:50810
poj	loh kau-liû-tō	落交流道	itaigi:6713
poj	loh- chhē	落坐	itaigi:14627
poj	loh-che	落災	itaigi:14631
poj	lok	漉	taihoa:51182
poj	loán-bō	暖帽	itaigi:18153
poj	loán-sin	暖身	itaigi:13462
poj	loân-ài	戀愛	taihoa:50857
poj	loān	亂	taihoa:50865
poj	loān-chú-giân	亂主言	itaigi:12127
poj	loān-liû	亂流	itaigi:19189
poj	loān-sú cháu	亂使走	itaigi:3107
poj	loān-sú kóng	亂使講	itaigi:16521
poj	loān-sú-siūⁿ	亂使想	itaigi:415
poj	lo̍h chio̍h-thâu	落石頭	itaigi:8753
poj	lo̍h hō͘ chu á	落雨珠仔	itaigi:8983
poj	lo̍h hō͘ mn̂g á	落雨毛仔	itaigi:8984
poj	lo̍h lâu-thui	落樓梯	itaigi:9885
poj	lo̍h-ba̍k	落目	itaigi:16035
poj	lo̍h-bí-seh	落米雪	itaigi:1803
poj	lo̍h-bóe	落尾	itaigi:7853
poj	lo̍h-bóe-chhiú	落尾手	itaigi:7855
poj	lo̍h-bóe-á	落尾仔	itaigi:7864
poj	lo̍h-che	落災	itaigi:18621
poj	lo̍h-chhu	落趨	itaigi:18855
poj	lo̍h-chio̍h-thâu	落石頭	itaigi:11336
poj	lo̍h-chng	落妝	itaigi:12311
poj	lo̍h-chong	落莊	itaigi:12255
poj	lo̍h-chu-seh	落珠雪	itaigi:6861
poj	lo̍h-chúi kim-kong	落水金剛	itaigi:10867
poj	lo̍h-chúi pêⁿ-pêⁿ tîm	落水平平沉	itaigi:9908
poj	lo̍h-chúi-thâu	落水頭	itaigi:3474
poj	lo̍h-hā-sòaⁿ	落下傘	itaigi:15317
poj	lo̍h-hō͘	落雨	taihoa:51060
poj	lo̍h-hō͘-pe̍h	落雨白	itaigi:17696
poj	lo̍h-khì	落去	taihoa:51085
poj	lo̍h-kiā	落崎	itaigi:2765
poj	lo̍h-kè	落價	taihoa:51075
poj	lo̍h-lâi	落來	taihoa:51096
poj	lo̍h-phìⁿ	落片	itaigi:15325
poj	lo̍h-pûi	落肥	taihoa:51141
poj	lo̍h-seh	落雪	itaigi:5935
poj	lo̍h-seh-bí-á	落雪米仔	itaigi:6860
poj	lo̍h-soaⁿ	落山	itaigi:7526
poj	lo̍h-soe	落衰	itaigi:18865
poj	lo̍h-thêng-kè	落停價	itaigi:2767
poj	lo̍h-thêng-pôaⁿ	落停盤	itaigi:12174
poj	lo̍h-thêng-pôaⁿ só--khí-lâi	落停盤鎖起來	itaigi:12177
poj	lo̍h-tiāⁿ	落定	itaigi:9000
poj	lo̍h-tōa-hō͘	落大雨	itaigi:1867
poj	lo̍k-hoa-liû-súi	落花流水	itaigi:13300
poj	lo̍k-im	錄音	taihoa:51223
poj	lo̍k-jî-tó	鹿兒島	itaigi:12688
poj	lo̍k-kak-ku	鹿角龜	itaigi:669
poj	lo̍k-kak-sian	鹿角仙	itaigi:3251
poj	lo̍k-káng	鹿犅	taihoa:51236
poj	lo̍k-kéng	鹿頸	itaigi:17669
poj	lo̍k-tô	駱駝	taihoa:51280
poj	lo̍k-á	鹿仔	taihoa:51198
poj	lo̍k-á-káng	鹿仔港	itaigi:1893
poj	lu̍t-hoat	律法	itaigi:6135
poj	lu̍t-si	律詩	itaigi:7560
poj	lu̍t-su	律師	taihoa:52065
poj	làng-káng	浪港	itaigi:18471
poj	làu chhē làu chhē	落坐落坐	itaigi:9369
poj	làu-chûn	落船	itaigi:17332
poj	làu-hiat	落血	itaigi:11929
poj	làu-hong	漏風	taihoa:47156
poj	làu-hûn	落雲	itaigi:17331
poj	làu-kau	落勾	itaigi:10950
poj	làu-keh	落格	itaigi:1087
poj	làu-khang-chhia	落空車	itaigi:13734
poj	làu-khang-chōa	落空逝	itaigi:394
poj	làu-kháu	落口	itaigi:17341
poj	làu-kháu kóng--chhut-lâi	落口講出來	itaigi:17340
poj	làu-khùi	漏氣	taihoa:47184
poj	làu-khùi-làu-tak	落氣落觸	itaigi:12280
poj	làu-làu	落落	itaigi:7158
poj	làu-lêng	落龍	itaigi:11015
poj	làu-phâu	落跑	itaigi:17700
poj	làu-si̍t-á	落翼仔	itaigi:4061
poj	làu-sái	落屎	taihoa:47207
poj	làu-thiⁿ-keh	落天格	itaigi:17344
poj	lám	攬	itaigi:19434
poj	lám-heng	攬胸	itaigi:18936
poj	lán	懶	taihoa:46614
poj	lán khì chhài-chhī-á	咱去菜市仔	itaigi:2135
poj	lán-kok	咱國	itaigi:4716
poj	lán-si	懶屍	itaigi:6295
poj	lán-si-kut	懶屍骨	itaigi:4528
poj	láng	籠	taihoa:46744
poj	láng-kiû	籠球	itaigi:2528
poj	láu-liān	老練	taihoa:47091
poj	láu-phò͘	老舖	itaigi:15460
poj	láu-pún	老本	itaigi:18309
poj	láu-si̍t	老實	taihoa:47100
poj	láu-si̍t-ōe	老實話	itaigi:15591
poj	láu-á	老仔	taihoa:47064
poj	lâi	來	taihoa:45967
poj	lâi-khì	來去	taihoa:45987
poj	lâi-sê	來洗	itaigi:14391
poj	lâi-tńg	來轉	itaigi:1865
poj	lâi-á	梨仔	taihoa:45969
poj	lâi-óng	來往	taihoa:46003
poj	lâm	南	taihoa:46430
poj	lâm-hong-sù-tó	南方四島	itaigi:14586
poj	lâm-hoâiⁿ kong-lō͘	南橫公路	itaigi:12317
poj	lâm-hôe-kui-sòaⁿ	南迴歸線	itaigi:18642
poj	lâm-ián-oân	男演員	itaigi:8140
poj	lâm-iú	男友	itaigi:6047
poj	lâm-iûⁿ	南洋	taihoa:46478
poj	lâm-ke̍k	南極	taihoa:46488
poj	lâm-kim-hông	藍金黃	itaigi:15238
poj	lâm-koân	男權	itaigi:12019
poj	lâm-lâm-lí-lí	男男女女	itaigi:11308
poj	lâm-lú-pêng-iú	男女朋友	itaigi:11148
poj	lâm-pō͘-lâng	南部人	itaigi:7198
poj	lâm-si	藍絲	itaigi:17642
poj	lâm-sú	男使	itaigi:3490
poj	lâm-tông-sèng-loân	男同性戀	itaigi:6045
poj	lân	難	taihoa:46640
poj	lân-hoe	蘭花	taihoa:46649
poj	lân-san-bah	零星肉	itaigi:418
poj	lân-san-chîⁿ	零星錢	itaigi:11959
poj	lân-san-kó͘	零星股	itaigi:16913
poj	lân-ûi	難為	itaigi:14613
poj	lâng	人	taihoa:46803
poj	lâng bô-sóng-khoài	人無爽快	itaigi:7010
poj	lâng chê sī-hui chē	人濟是非濟	itaigi:8664
poj	lâng chē tāi-chì tio̍h chē	人濟代誌著濟	itaigi:8665
poj	lâng chē ōe tio̍h chē	人濟話著濟	itaigi:8558
poj	lâng koân hàn tōa	人懸漢大	itaigi:8714
poj	lâng lâi kheh khì	人來客去	itaigi:8687
poj	lâng lâi-lâi-khì-khì	人來來去去	itaigi:8685
poj	lâng móa-sì-soaⁿ	人滿四山	itaigi:8600
poj	lâng siaⁿ chhiâng-chhiâng-kún	人聲沖沖滾	itaigi:8746
poj	lâng siaⁿ hiàm hoah	人聲喊喝	itaigi:8744
poj	lâng sim káu tn̂g-tō͘	人心狗腸肚	itaigi:8708
poj	lâng-bīn	人面	itaigi:16723
poj	lâng-bīn-chheh	人面冊	itaigi:1179
poj	lâng-che	人災	itaigi:6636
poj	lâng-kang phah-chéng	人工拍種	itaigi:266
poj	lâng-kang-chhau-té	人工抄底	itaigi:5903
poj	lâng-ke-li	人家女	itaigi:11785
poj	lâng-kheh	人客	taihoa:46840
poj	lâng-leng	人奶	itaigi:11274
poj	lâng-pān	人範	itaigi:4210
poj	lâng-sek	人色	itaigi:18937
poj	lâng-sn̂g-pau-á	籠床包仔	itaigi:13222
poj	lâu	流	taihoa:47251
poj	lâu-chhut	流出	itaigi:4461
poj	lâu-hoeh	流血	taihoa:47303
poj	lâu-hoeh-lâu-tih	流血流滴	itaigi:19082
poj	lâu-kha	樓腳	taihoa:47309
poj	lâu-kòe	流過	itaigi:11297
poj	lâu-kōaⁿ	流汗	taihoa:47313
poj	lâu-kōaⁿ-hoe	流汗花	itaigi:15519
poj	lâu-nōa	流瀾	taihoa:47326
poj	lâu-pá	流飽	itaigi:11267
poj	lâu-thng	流湯	itaigi:17563
poj	lâu-thui	樓梯	taihoa:47360
poj	lâu-téng	樓頂	taihoa:47355
poj	lâu-ōe	留話	itaigi:148
poj	lé-bu̍t	禮物	taihoa:47732
poj	lé-pài	禮拜	itaigi:12272
poj	lé-pài-ji̍t	禮拜日	itaigi:12278
poj	lé-pài-sî-á	禮拜時仔	itaigi:12271
poj	lé-pài-tn̂g	禮拜堂	taihoa:47769
poj	lé-sò͘	禮數	taihoa:47780
poj	lé-tn̂g	禮堂	taihoa:47786
poj	léng	冷	taihoa:48010
poj	léng-chheng	冷清	itaigi:14624
poj	léng-chhiò-ōe	冷笑話	itaigi:4669
poj	léng-chúi	冷水	taihoa:48031
poj	léng-keng	冷宮	itaigi:17335
poj	léng-koán	冷管	itaigi:18542
poj	léng-kún-chúi	冷滾水	itaigi:14405
poj	léng-lāi	冷利	itaigi:17833
poj	léng-pâng	冷房	itaigi:17336
poj	léng-sèng	冷性	itaigi:15620
poj	léng-thó͘	領土	taihoa:48091
poj	léng-tām	冷淡	taihoa:48089
poj	lê	麗	taihoa:47809
poj	lê-á-piáⁿ	螺仔餅	itaigi:12187
poj	lêng	能	taihoa:48124
poj	lêng-chî-tiâu	鈴薯條	itaigi:13426
poj	lêng-goân-kio̍k	能源局	itaigi:4847
poj	lêng-géng	龍眼	taihoa:48176
poj	lêng-géng-koaⁿ	龍眼乾	itaigi:12865
poj	lêng-hûn	凌雲	taihoa:48202
poj	lêng-khak-chín	零確診	itaigi:14242
poj	lêng-kut-thah	靈骨塔	itaigi:19750
poj	lêng-liōng-tiûⁿ	能量場	itaigi:4622
poj	lí	理	itaigi:18833
poj	lí chin kî-koài	你真奇怪	itaigi:6309
poj	lí chin o͘	你真烏	itaigi:6776
poj	lí chiok hó tàu-tīn	你足好鬥陣	itaigi:1386
poj	lí chit-má kám ū-êng	你這馬敢有閒	itaigi:4836
poj	lí chiâⁿ iân-tâu	你誠緣投	itaigi:6375
poj	lí hiaⁿ góa tī	你兄我弟	itaigi:5968
poj	lí hó	你好	itaigi:53
poj	lí kiò siáⁿ miâ	你叫啥名	itaigi:1965
poj	lí kóng siáⁿ	你講啥	itaigi:7075
poj	lí liu góa soan	你溜我旋	itaigi:8279
poj	lí mā khah pài-thok--ê	你嘛較拜託的	itaigi:4348
poj	lí mā ē-sái	你嘛會使	itaigi:1541
poj	lí pàng-phùi	你放屁	itaigi:1481
poj	lí sí góa oa̍h	你死我活	itaigi:3143
poj	lí sī siáⁿ-mih lâng	你是啥物人	itaigi:1176
poj	lí to hó tàu-tīn	你都好鬥陣	itaigi:6438
poj	lí tō hó-tàu-tīn	你就好鬥陣	itaigi:1175
poj	lí ài--góa	你愛我	itaigi:696
poj	lí ê ì-kiàn	你的意見	itaigi:1165
poj	lí-chek	理則	itaigi:14811
poj	lí-góa-thn̂g-kam-bi̍t-tiⁿ	你我糖甘蜜甜	itaigi:4073
poj	lí-hiaⁿ góa-tī	你兄我弟	itaigi:12507
poj	lí-hêng	旅行	taihoa:48465
poj	lí-hùi	旅費	taihoa:48484
poj	lí-iû	理由	taihoa:48495
poj	lí-kái	理解	taihoa:48504
poj	lí-le̍k	履歷	taihoa:48543
poj	lí-lō͘	理路	itaigi:141
poj	lí-mā-khah-hó	你嘛卡好	itaigi:5835
poj	lí-sióng	理想	taihoa:48585
poj	lí-sū	理事	taihoa:48595
poj	lí-tiúⁿ	旅長	taihoa:48611
poj	lí-á	李仔	taihoa:48436
poj	lí-á-thn̂g	李仔糖	itaigi:17235
poj	lín	恁	taihoa:49904
poj	lî-keng	離經	itaigi:4515
poj	lî-tông-kio̍k	兒童局	itaigi:15253
poj	lî-á-kah	離仔甲	itaigi:8584
poj	lîm-pa-kńg	淋巴管	itaigi:18411
poj	lîm-sî	臨時	taihoa:49875
poj	lîm-sî chèng-hú	臨時政府	itaigi:8159
poj	lîm-sî lîm iāu	臨時臨要	itaigi:8328
poj	lîm-sî-lîm-chūn	臨時臨陣	itaigi:13768
poj	lîn-chiap-khu	鄰接區	itaigi:5837
poj	lòng	閬	taihoa:51358
poj	ló-phò͘	老舖	itaigi:15459
poj	lóng-chóng	攏總	itaigi:8208
poj	lóng-tho̍k pí-sài	朗讀比賽	itaigi:5801
poj	lóng-tho̍k-kó	朗讀稿	itaigi:11245
poj	ló͘-khì tio̍h-la̍t	魯氣著力	itaigi:9492
poj	ló͘-la̍t	勞力	itaigi:6175
poj	ló͘-sian	魯仙	itaigi:2340
poj	lô	勞	taihoa:50640
poj	lô-chek	邏則	itaigi:6789
poj	lô-hoân	勞煩	taihoa:50674
poj	lô-hàn-kó	羅漢果	itaigi:4152
poj	lô-má-jī	羅馬字	taihoa:50720
poj	lô-tōng	勞動	taihoa:50758
poj	lô-tōng-kiám-cha	勞動檢查	itaigi:935
poj	lông-bîn	農民	taihoa:51393
poj	lông-chhoan	農村	taihoa:51396
poj	lông-gia̍p	農業	taihoa:51399
poj	lông-hu	農夫	taihoa:51407
poj	lông-jîn	狼人	itaigi:11079
poj	lông-káu	狼狗	itaigi:12899
poj	lông-le̍k	農曆	taihoa:51419
poj	lông-sok-ka-pi	濃縮咖啡	itaigi:7042
poj	lông-sán	農產	itaigi:10996
poj	lông-tiûⁿ	農場	taihoa:51436
poj	lô͘-chiu	蘆洲	itaigi:17931
poj	lô͘-môa	鱸鰻	taihoa:51561
poj	lú chò lú hāi	愈做愈害	itaigi:11046
poj	lú-bû	女巫	itaigi:15480
poj	lú-chú-hàn	女子漢	itaigi:4159
poj	lú-o̍h	女學	itaigi:19730
poj	lú-sèng-chú-gī	女性主義	itaigi:12310
poj	lú-sú	女使	itaigi:3489
poj	lú-tông-chì	女同志	itaigi:14129
poj	lú-tông-sèng-loân	女同性戀	itaigi:6046
poj	lúi	壘	itaigi:14935
poj	lúi-chhùi	累碎	taihoa:51827
poj	lúi-chîⁿ	壘錢	itaigi:11182
poj	lúi-lúi-chhùi-chhùi	累累碎碎	taihoa:51838
poj	lún--chi̍t-ē	忍一下	itaigi:283
poj	lún-jiō	忍尿	itaigi:13733
poj	lûi-chiáu	雷鳥	itaigi:1781
poj	lûi-kong	雷公	taihoa:51856
poj	lûi-kong khà--sí	雷公敲死	itaigi:7671
poj	lûi-kong khà--tio̍h	雷公敲著	itaigi:7670
poj	lûi-kong tiám-sim	雷公點心	itaigi:10719
poj	lûn-liû	輪流	taihoa:51977
poj	lûn-pān	輪辦	itaigi:18753
poj	lā	撓	taihoa:45874
poj	lāi	內	itaigi:1534
poj	lāi-bīn	內面	taihoa:46021
poj	lāi-chhiâ-sī	內斜視	itaigi:1142
poj	lāi-chó͘	內祖	taihoa:46044
poj	lāi-hái-á	內海仔	itaigi:13992
poj	lāi-iân	內緣	itaigi:10572
poj	lāi-ke	內家	itaigi:10812
poj	lāi-kong	內公	taihoa:46105
poj	lāi-leng	內奶	taihoa:46113
poj	lāi-má	內媽	taihoa:46126
poj	lāi-soaⁿ chhut-chúi	內山出水	itaigi:9827
poj	lāi-soaⁿ chò-tōa-chúi	內山做大水	itaigi:9828
poj	lāi-sun	內孫	taihoa:46169
poj	lāi-sîn thong gōa-kúi	內神通外鬼	itaigi:10566
poj	lāi-sī-kiàⁿ	內視鏡	itaigi:1487
poj	lāi-té chia̍h	內底食	itaigi:2996
poj	lāi-té-chē	內底坐	itaigi:1186
poj	lāi-têng-sûn	內重巡	itaigi:12321
poj	lām	濫	taihoa:46553
poj	lām-chin-si̍t	濫真實	itaigi:17018
poj	lām-hiān-si̍t	濫現實	itaigi:16971
poj	lām-sú	濫使	taihoa:46602
poj	lāng	弄	itaigi:17717
poj	lāng-chhùi-hoe	弄嘴花	taihoa:46899
poj	lāng-chi̍h	弄舌	itaigi:4751
poj	lāng-gīn	弄恨	taihoa:46908
poj	lāng-hoe	弄花	itaigi:12235
poj	lāng-lêng lāng-sai	弄龍弄獅	itaigi:1352
poj	lāng-niau-ki	弄貓枝	itaigi:19455
poj	lāng-sai	弄獅	itaigi:6442
poj	lāng-sîn	弄臣	itaigi:4708
poj	lāu	老	itaigi:11797
poj	lāu chèng-thâu	老症頭	itaigi:5818
poj	lāu--khì	老去	itaigi:11801
poj	lāu--khì ah	老去矣	itaigi:11802
poj	lāu--ê lāu-pō͘-tiāⁿ	老的老步定	itaigi:17448
poj	lāu-bú	老母	itaigi:6117
poj	lāu-chúi-siaⁿ	漏水聲	itaigi:11493
poj	lāu-hòe-á	老歲仔	itaigi:6124
poj	lāu-hó͘	老虎	itaigi:2481
poj	lāu-jia̍t	鬧熱	taihoa:47504
poj	lāu-kau-pôe	老交陪	itaigi:15458
poj	lāu-kâu bô hún-thâu	老猴無粉頭	itaigi:8674
poj	lāu-lâng lāu-pō͘-tiāⁿ	老人老步定	itaigi:17449
poj	lāu-pē	老父	taihoa:47615
poj	lāu-pō͘-tiāⁿ	老步定	itaigi:13957
poj	lāu-su	老師	itaigi:16780
poj	lāu-ô͘	漏壺	itaigi:764
poj	lē	例	taihoa:47859
poj	lē-hêng kong-sū	例行公事	itaigi:2025
poj	lēng	另	taihoa:48334
poj	lēng ke kok si̍t	另家各食	itaigi:10605
poj	lēng-chun	令尊	taihoa:48339
poj	lēng-chōa	另逝	itaigi:1920
poj	lēng-gōa	另外	itaigi:14496
poj	lēng-pái-á	另擺仔	itaigi:1040
poj	lēng-tông	令堂	taihoa:48382
poj	lī thiⁿ chhit phò͘ gōa lō͘	離天七舖外路	itaigi:8857
poj	lī thiⁿ chhit-phò͘ gōa lō͘	離天七舖外路	itaigi:10761
poj	lī-ek	利益	taihoa:48698
poj	lī-ha̍p-khì	離合器	itaigi:889
poj	lī-hiān-si̍t chú-gī	離現實主義	itaigi:12165
poj	lī-hun	離婚	taihoa:48716
poj	lī-hāi	厲害	taihoa:48701
poj	lī-hāi koan-hē-jîn	利害關係人	itaigi:12100
poj	lī-hōaⁿ-liû	離岸流	itaigi:2640
poj	lī-iân	離緣	taihoa:48722
poj	lī-iōng	利用	taihoa:48726
poj	lī-khui	離開	taihoa:48759
poj	lī-liâu	離療	itaigi:18873
poj	lī-lo̍k-hông	利樂皇	itaigi:3706
poj	lī-pia̍t	離別	taihoa:48790
poj	lī-piān	利便	taihoa:48788
poj	lī-piān-siong-tiàm	利便商店	itaigi:18068
poj	lī-piān-tiàm	利便店	itaigi:17941
poj	lī-póng	利綁	itaigi:4125
poj	lī-sek	利息	taihoa:48794
poj	lī-te̍k-kán	利澤簡	itaigi:11441
poj	lōa	賴	taihoa:50775
poj	lōe-chōng	內臟	itaigi:1774
poj	lōng-ke-sóaⁿ-the̍h	弄家散宅	itaigi:1595
poj	lōng-to̍k	浪毒	itaigi:18264
poj	lō͘	路	taihoa:51609
poj	lō͘-bóe	路尾	itaigi:7857
poj	lō͘-chek	路則	itaigi:13502
poj	lō͘-iâⁿ-chhia	露營車	itaigi:17263
poj	lō͘-lê	露螺	itaigi:627
poj	lō͘-lê-peng	露螺冰	itaigi:12415
poj	lō͘-lê-á	露螺仔	itaigi:14222
poj	lō͘-piⁿ siau-sek	路邊消息	itaigi:9744
poj	lō͘-piⁿ-hoe	路邊花	itaigi:14298
poj	lō͘-se-a-kiōng-hô-kok	露西亞共和國	itaigi:2343
poj	lō͘-teng	路燈	taihoa:51704
poj	lō͘-tâi	露台	itaigi:643
poj	lō͘-ēng	路用	taihoa:51635
poj	lūi-pia̍t	類別	itaigi:14070
poj	lūi-sòaⁿ	淚腺	itaigi:5518
poj	lūn	論	taihoa:51999
poj	lūn-chin	論真	itaigi:373
poj	lūn-goe̍h	閏月	taihoa:52018
poj	lūn-goân	論元	itaigi:17122
poj	lūn-lí	論理	itaigi:4120
poj	ma-khá-lóng	馬卡朗	itaigi:947
poj	mi	瞇	taihoa:52480
poj	mih-tāi	物代	itaigi:10555
poj	miâ	名	itaigi:19581
poj	miâ-phìⁿ	名片	taihoa:52647
poj	miâ-phō͘	名簿	taihoa:52648
poj	miâ-siaⁿ thàu Kiaⁿ-siâⁿ	名聲透京城	itaigi:9353
poj	miâ-toaⁿ	名單	taihoa:52666
poj	miâ-á-chài	明仔載	itaigi:6758
poj	miā-chheh	命冊	itaigi:16500
poj	miā-sò͘	命數	itaigi:16501
poj	mi̍h	物	taihoa:52688
poj	mi̍h-kiāⁿ	物件	taihoa:52694
poj	mi̍h-á-pà-á	物仔霸仔	itaigi:10537
poj	mn̂g	門	taihoa:52737
poj	mn̂g-bō	毛帽	itaigi:18093
poj	mn̂g-cha̍t	毛實	itaigi:18139
poj	mn̂g-chhòaⁿ	門閂	taihoa:52749
poj	mn̂g-chiòng	門將	itaigi:11035
poj	mn̂g-kháu	門口	taihoa:52785
poj	mn̂g-khí	門齒	itaigi:11673
poj	mn̂g-kāu	毛厚	itaigi:18140
poj	mn̂g-kńg-thâng	毛管蟲	itaigi:17624
poj	mn̂g-phài	門派	itaigi:6567
poj	mn̂g-tòng-á	門擋仔	itaigi:15777
poj	mn̄g	問	taihoa:52864
poj	mn̄g-hō	問號	itaigi:2138
poj	mn̄g-tiám	問點	itaigi:16336
poj	mo͘	摸	taihoa:53032
poj	mo͘-hui	摸飛	itaigi:6481
poj	mo͘-tn̄g	毛斷	itaigi:1815
poj	mo͘h-piah	膜壁	taihoa:53167
poj	mài	莫	itaigi:15922
poj	mài chhá	莫吵	itaigi:1957
poj	mài jiá góa	莫惹我	itaigi:1973
poj	mài khì	莫去	itaigi:6926
poj	mài koh kóng	莫閣講	itaigi:2885
poj	mài koh liām--ah	莫閣唸矣	itaigi:1664
poj	mài koh mn̄g	莫閣問	itaigi:2934
poj	mài ké	莫假	itaigi:1508
poj	mài kóng hùi-ōe	莫講廢話	itaigi:4497
poj	mài mn̄g chin khióng-pò͘	莫問真恐怖	itaigi:786
poj	mài mn̄g chiok khióng-pò͘	莫問足恐怖	itaigi:7326
poj	mài siōⁿ sioⁿ chē	莫想傷濟	itaigi:13512
poj	mài siū-khì	莫受氣	itaigi:1500
poj	mài siūⁿ siuⁿ chē	莫想傷濟	itaigi:13532
poj	mài tín-tāng	莫振動	itaigi:4834
poj	mài-chhá	莫吵	itaigi:8307
poj	mài-koh tòng-lō͘	莫閣擋路	itaigi:289
poj	mài-ké	莫假	itaigi:1901
poj	mài-kóng khah bô tāi-chì	莫講較無代誌	itaigi:10858
poj	mài-kóng khah chheng-êng	莫講較清閒	itaigi:10339
poj	mài-kóng khah kui-khì	莫講較規氣	itaigi:10340
poj	mài-tang-lâu	莫東樓	itaigi:4459
poj	má-chih	麻吉	itaigi:302
poj	má-khek-poe	馬克杯	itaigi:8305
poj	má-lêng-chî-phìⁿ	馬鈴薯片	itaigi:15193
poj	má-lêng-chî-phíⁿ	馬鈴薯片	itaigi:11161
poj	má-lêng-chî-tiâu	馬鈴薯條	itaigi:13404
poj	má-lêng-chṳ̂	馬鈴薯	itaigi:14103
poj	má-nî-la	馬尼拉	itaigi:3926
poj	má-sài	馬賽	itaigi:17494
poj	mái-it-sòng-it	買一送一	itaigi:14947
poj	mâ-hoân	麻煩	taihoa:52333
poj	mâu-bî-á	毛微仔	itaigi:1641
poj	mâu-jî-á	毛兒仔	itaigi:1640
poj	mâu-tún	矛盾	taihoa:52385
poj	mê	冥	taihoa:52408
poj	mê-ji̍t	暝日	taihoa:52424
poj	mê-nî	明年	taihoa:52444
poj	mî	盲	taihoa:52484
poj	mî-chioh-phōe	棉績被	taihoa:52512
poj	mî-chiⁿ	綿精	itaigi:13748
poj	mî-hoe-thn̂g	棉花糖	itaigi:14958
poj	mî-im	綿音	itaigi:13378
poj	mî-mî	綿綿	itaigi:2551
poj	mî-mî-chiⁿ-chiⁿ	綿綿精精	itaigi:13749
poj	mî-mî-á	綿綿仔	itaigi:12199
poj	mî-nōa	綿爛	itaigi:59
poj	mî-sat	彌撒	taihoa:52553
poj	mî-se-thn̂g	棉紗糖	itaigi:19673
poj	mî-si-á-thn̂g	棉絲仔糖	itaigi:19674
poj	mî-á	棉仔	taihoa:52490
poj	mî-á-ki	綿仔枝	itaigi:456
poj	mî-á-thn̂g	棉仔糖	itaigi:12356
poj	móa	滿	taihoa:52877
poj	móa-bīn choân káu-hiā	滿面全狗蟻	itaigi:9501
poj	móa-iûⁿ-ti̍t-kài	滿洋直蓋	itaigi:8104
poj	móa-móa-sī	滿滿是	taihoa:52904
poj	móa-soaⁿ-phiâⁿ	滿山坪	itaigi:524
poj	móa-sì-kè	滿四界	taihoa:52914
poj	móa-ì	滿意	taihoa:52890
poj	môa	麻	taihoa:52942
poj	môa-chiùⁿ-mī	麻醬麵	itaigi:19442
poj	môa-jî-á	麻兒仔	itaigi:1639
poj	môa-kô͘	麻糊	itaigi:13656
poj	môa-nî	明年	itaigi:16301
poj	môa-pô-tāu-hū	麻婆豆腐	itaigi:13365
poj	môa-siáu-ong	麻少翁	itaigi:14564
poj	môa-á	麻仔	itaigi:1713
poj	môe-kùi	玫瑰	taihoa:53024
poj	mô͘	毛	taihoa:53034
poj	mô͘-chit	毛織	taihoa:53040
poj	mô͘-kiàⁿ	魔鏡	itaigi:4277
poj	mô͘-kóng-iām	毛管炎	itaigi:7335
poj	mô͘-kúi	魔鬼	itaigi:1817
poj	mô͘-kńg-iām	毛管炎	itaigi:7336
poj	mô͘-lú	魔女	itaigi:3795
poj	mô͘-lī-lu̍t	毛利率	itaigi:17012
poj	mô͘-pit	毛筆	taihoa:53091
poj	mô͘-sat-tek	摩薩德	itaigi:19670
poj	mô͘-siū-cheng-pà	魔獸爭霸	itaigi:144
poj	mô͘-su̍t kak-á	魔術角仔	itaigi:1621
poj	mô͘-su̍t-su	魔術師	itaigi:12449
poj	mô͘-sîn-á	魔神仔	itaigi:3005
poj	mô͘-thian-lûn	摩天輪	itaigi:18962
poj	mô͘-tō-sū	魔導士	itaigi:15426
poj	mô͘-ông	魔王	itaigi:15008
poj	múi	每	taihoa:53187
poj	mûi-gê	門牙	itaigi:11675
poj	mûi-hoe	梅花	taihoa:53204
poj	mûi-kùi	玫瑰	taihoa:53210
poj	mûi-kùi ko-lê-chhài-íⁿ	玫瑰高麗菜穎	itaigi:3982
poj	mûi-la̍p hoán-èng	梅納反應	itaigi:17487
poj	mûi-mûi-á-hō͘	毛毛仔雨	itaigi:11342
poj	mûi-to̍k	梅毒	itaigi:11940
poj	mûi-á-hún-han-chî-tiâu	梅仔粉番薯條	itaigi:13435
poj	mā	嘛	taihoa:52336
poj	mā ū	嘛有	itaigi:2419
poj	mā-koh-káⁿ	嘛閣敢	itaigi:6865
poj	mē	罵	taihoa:52464
poj	mī	麵	taihoa:52567
poj	mī-hún	麵粉	taihoa:52576
poj	mī-hún-chhiúⁿ	麵粉廠	itaigi:3002
poj	mī-i	麵衣	itaigi:13536
poj	mī-pau	麵包	taihoa:52589
poj	mōe-sài	妹婿	taihoa:53031
poj	mō͘-chi-mō͘-liap	冒之冒捏	itaigi:5480
poj	mō͘-hiám	冒險	itaigi:3772
poj	mūi-sian	問仙	itaigi:11898
poj	m̂	梅	taihoa:52117
poj	m̄	毋	itaigi:10220
poj	m̄ bat sè-sū	毋捌世事	itaigi:10125
poj	m̄-bián	毋免	itaigi:10249
poj	m̄-khéng	毋肯	itaigi:6072
poj	m̄-thang	毋通	itaigi:12874
poj	m̄-tio̍h	毋著	itaigi:10337
poj	ne	奶	itaigi:6021
poj	ne-ne	奶奶	itaigi:6020
poj	ng-chioh	秧績	taihoa:53678
poj	ng-á	秧仔	taihoa:53647
poj	ngeh chhài	夾菜	itaigi:19761
poj	nge̍h	挾	itaigi:16772
poj	nge̍h chhài	夾菜	itaigi:4794
poj	ngiau	撓	taihoa:53839
poj	ngiáu hīⁿ-khang	撓耳空	itaigi:863
poj	ngiâ-hong-bīn	迎風面	itaigi:12413
poj	ngiâ-sin-sàng-kū	迎新送舊	itaigi:5865
poj	ngiâ-sîn-bêng	迎神明	itaigi:12390
poj	ngâu-thn̂g	熬糖	itaigi:4242
poj	ngó͘ hó͘ hā-san	五虎下山	itaigi:9341
poj	ngó͘ jiáu kim-eng	五爪金英	itaigi:9632
poj	ngó͘-an	午安	itaigi:14015
poj	ngó͘-chhiⁿ	五星	itaigi:17313
poj	ngó͘-chhái-ōe	五彩畫	itaigi:13845
poj	ngó͘-hiang-hún	五香粉	itaigi:1822
poj	ngó͘-hoe cha̍p-sek	五花十色	itaigi:10538
poj	ngó͘-hoe-cha̍p-sek	五花十色	itaigi:10549
poj	ngó͘-hêng phòe-tah	五形配搭	itaigi:10535
poj	ngó͘-jîn	五仁	itaigi:13459
poj	ngó͘-koan-khì	五官器	itaigi:18327
poj	ngó͘-kok	五穀	itaigi:19697
poj	ngó͘-liú-ki	五柳居	itaigi:3655
poj	ngó͘-liú-ku	五柳居	itaigi:14482
poj	ngó͘-lûi kài-téng	五雷蓋頂	itaigi:10544
poj	ngó͘-má-hun-si	五馬分屍	itaigi:10540
poj	ngó͘-siōng	偶像	taihoa:53992
poj	ngāi-káng	礙講	itaigi:19396
poj	ngē	硬	taihoa:53681
poj	ngē-phīⁿ	硬鼻	itaigi:13857
poj	ngē-si	硬絲	itaigi:10016
poj	ngē-sí	硬死	itaigi:10015
poj	ngō͘-kiau	傲嬌	itaigi:17124
poj	ni-thâu kàu nî-bóe	年頭到年尾	itaigi:8219
poj	niau	貓	taihoa:54240
poj	niau Bé-chùn	貓馬俊	itaigi:1236
poj	niau-hîm	貓熊	itaigi:5986
poj	niau-khang	貓空	itaigi:11258
poj	niau-kè-á	貓架仔	itaigi:4703
poj	niau-sîn	貓神	itaigi:14334
poj	niau-á-keng	貓仔間	itaigi:17803
poj	niau-á-kiáⁿ	貓仔囝	taihoa:54269
poj	niau-á-sai-nai	貓仔司奶	itaigi:15596
poj	nih	裡	taihoa:54332
poj	niá	領	taihoa:54198
poj	niá-chîⁿ	領錢	itaigi:15205
poj	niá-chîⁿ-khah	領錢卡	itaigi:16788
poj	niá-chîⁿ-ki-á	領錢機仔	itaigi:12237
poj	niá-chîⁿ-phìⁿ	領錢片	itaigi:15204
poj	niá-ióng tāi-thè kò͘-bé	領養代替購買	itaigi:10977
poj	niá-tòa	領帶	taihoa:54229
poj	niáu-chhí	鳥鼠	taihoa:54245
poj	niáu-chhí-thn̂g-á	鳥鼠糖仔	itaigi:7228
poj	niáu-chhí-á	鳥鼠仔	itaigi:1008
poj	niáu-chhí-á-chhì	鳥鼠仔刺	itaigi:8844
poj	niú	兩	taihoa:54370
poj	niû	量	taihoa:54384
poj	niû thé-un	量體溫	itaigi:13822
poj	niû-kak-chhioh	量角尺	itaigi:2736
poj	niû-á	量仔	taihoa:54393
poj	niû-á-chhiū-chí	娘仔樹子	itaigi:13105
poj	niū	讓	taihoa:54434
poj	niū-á	量仔	taihoa:54435
poj	ni̍h	裡	taihoa:54335
poj	nn̄g	兩	taihoa:54592
poj	nn̄g ang-á-bó͘	兩翁仔某	itaigi:10808
poj	nn̄g hiaⁿ-tī	兩兄弟	itaigi:4843
poj	nn̄g pō͘ chhit-á	兩步七仔	itaigi:8069
poj	nn̄g-chhá-pn̄g	卵炒飯	itaigi:16564
poj	nn̄g-chian-piáⁿ	卵煎餅	itaigi:4646
poj	nn̄g-chu	卵珠	itaigi:2972
poj	nn̄g-chú	卵子	itaigi:2973
poj	nn̄g-jîn	卵仁	taihoa:54605
poj	nn̄g-jîn-chiùⁿ	卵仁醬	itaigi:3053
poj	nn̄g-kù-pòaⁿ-ōe	兩句半話	itaigi:8919
poj	nn̄g-pau-pn̄g	卵包飯	itaigi:1828
poj	nn̄g-pe̍h	卵白	taihoa:54611
poj	nn̄g-piáⁿ-chian	卵餅煎	itaigi:4812
poj	nn̄g-si	卵絲	itaigi:19369
poj	nn̄g-sè-pau	卵細胞	itaigi:2974
poj	nn̄g-sò	卵燥	itaigi:15543
poj	nn̄g-thah	卵塔	itaigi:23
poj	nn̄g-thng	卵湯	itaigi:12131
poj	nn̄g-tiám	兩點	itaigi:16333
poj	nn̄g-á	卵仔	itaigi:303
poj	nn̄g-ê	兩個	itaigi:6660
poj	ná	那	taihoa:53225
poj	ná lâi ná	那來那	itaigi:16667
poj	ná ē an-nē	哪會按呢	itaigi:3967
poj	ná ē àn-ne	哪會按呢	itaigi:6741
poj	ná-pà	那霸	itaigi:5891
poj	ná-ū	哪有	itaigi:2006
poj	ná-ū-khó-lêng	哪有可能	itaigi:11131
poj	náu-hā-sûi-thé	腦下垂體	itaigi:5506
poj	náu-iām	腦炎	itaigi:806
poj	náu-kin-tūiⁿ	腦筋斷	itaigi:11985
poj	náu-liû	腦瘤	itaigi:421
poj	náu-siōng-le̍k	腦像力	itaigi:2033
poj	náu-thâu-kòa-kut	腦頭蓋骨	itaigi:18426
poj	nâ	林	taihoa:53276
poj	nâ-gâ-ku̍t-chhí	藍牙滑鼠	itaigi:12875
poj	nâ-kháu-khu	林口區	itaigi:2630
poj	nâ-kim-n̂g	藍金黃	itaigi:15239
poj	nâ-kiû	籃球	taihoa:53312
poj	nâ-kiû-tūi	籃球隊	taihoa:53315
poj	nâ-pit	藍筆	itaigi:4311
poj	nâ-si	藍絲	itaigi:17181
poj	ní	爾	taihoa:54041
poj	nî	年	taihoa:54060
poj	nî-kim kái-kek	年金改革	itaigi:5848
poj	nî-ko͘	尼姑	taihoa:54141
poj	nî-ko͘ chò móa-goe̍h	尼姑做滿月	itaigi:9509
poj	nî-ko͘-am	尼姑庵	taihoa:54143
poj	nî-siù	年獸	itaigi:245
poj	nî-té chióng-kim	年底獎金	itaigi:1805
poj	nî-á	年仔	itaigi:5931
poj	nôa-thâu	欄頭	taihoa:54658
poj	nā	但	taihoa:53340
poj	nā-sī	若是	itaigi:7939
poj	nā-sī tiān-ōe-têng	若是電話亭	itaigi:3481
poj	nā-ū	若有	taihoa:53379
poj	nāi-bí	奈米	itaigi:574
poj	nāu-jia̍t kún-kún	鬧熱滾滾	itaigi:8743
poj	nńg	軟	itaigi:19452
poj	nńg thô͘ chhim ku̍t	軟塗深掘	itaigi:8724
poj	nńg-bō	軟帽	itaigi:18154
poj	nńg-chhiâ	軟斜	itaigi:13368
poj	nńg-chhī	軟市	itaigi:13716
poj	nńg-chiam	軟針	itaigi:13374
poj	nńg-ka-kó	軟膠果	itaigi:11254
poj	nńg-khak	軟殼	itaigi:15542
poj	nńg-kiû-á	軟球仔	itaigi:11226
poj	nńg-náu-mo̍͘h	軟腦膜	itaigi:5511
poj	nńg-phìⁿ	軟片	taihoa:54540
poj	nńg-piān	軟便	itaigi:1445
poj	nńg-sòaⁿ	軟線	taihoa:54567
poj	nńg-thô͘-chhim-ku̍t	軟塗深掘	itaigi:1457
poj	nōa	賴	taihoa:54660
poj	nōa-kô͘-kô͘	爛糊糊	itaigi:15071
poj	nōa-sèng	爛性	itaigi:519
poj	nōa-tāu-á	爛豆仔	itaigi:16368
poj	nō͘-chheng	怒青	itaigi:2688
poj	nūi-jîn	卵仁	itaigi:2561
poj	n̂g	黃	taihoa:53517
poj	n̂g-gû-phiò	黃牛票	itaigi:12866
poj	n̂g-hóaⁿ-hóaⁿ	黃幻幻	itaigi:14684
poj	n̂g-kim-hō͘	黃金雨	itaigi:12044
poj	n̂g-mûi sî-cheh	黃梅時節	itaigi:2782
poj	n̂g-pek-lô	黃伯勞	itaigi:17430
poj	n̂g-si	黃絲	itaigi:17203
poj	n̂g-sng	黃酸	itaigi:12009
poj	n̂g-tiám	黃點	itaigi:12192
poj	o-ló	呵咾	itaigi:4518
poj	oa-á	哇仔	itaigi:9771
poj	oai-koa	歪歌	itaigi:16052
poj	oai-thâu-chhài	歪頭菜	itaigi:809
poj	oan	灣	taihoa:55017
poj	oan-ke	冤家	taihoa:55317
poj	oan-ke piàn chhin-ke	冤家變親家	itaigi:9950
poj	oan-kesio-phah	冤家相拍	itaigi:9339
poj	oat	斡	taihoa:55378
poj	oa̍h	活	taihoa:54864
poj	oa̍h-béng-chit	活猛質	itaigi:4089
poj	oa̍h-chúi	活水	itaigi:4444
poj	oa̍h-hê	活蝦	itaigi:15616
poj	oa̍h-jī	活字	itaigi:13941
poj	oa̍h-kioh	活腳	itaigi:15829
poj	oa̍h-miā	活命	itaigi:18286
poj	oa̍h-pán ìn-soat	活版印刷	itaigi:3429
poj	oa̍t	越	taihoa:55382
poj	oa̍t-thâu	越頭	taihoa:55409
poj	oe̍h-chong-phín	畫妝品	itaigi:6724
poj	ok kah bô lâng mn̄g	惡甲無人問	itaigi:19471
poj	ok-bīn-sio-khòaⁿ	惡面相看	itaigi:2744
poj	ok-chit	惡質	itaigi:368
poj	ok-iân	惡緣	itaigi:14377
poj	ok-kiau	惡嬌	itaigi:5873
poj	ok-lâng seng tâu	惡人先投	itaigi:5989
poj	om--khí-lâi	掩起來	itaigi:17603
poj	oàn seⁿ bô oàn sí	怨生無怨死	itaigi:8211
poj	oàn-hīn	怨恨	taihoa:55124
poj	oàn-thiⁿ-iû-jîn	怨天尤人	itaigi:11595
poj	oàn-thiⁿ-oàn-tē	怨天怨地	itaigi:11596
poj	oán-chiok	遠足	itaigi:15227
poj	oán-jiân	宛然	itaigi:12849
poj	oán-khoàn	婉勸	itaigi:15300
poj	oán-le̍k	腕力	itaigi:15299
poj	oân-boán	圓滿	taihoa:55167
poj	oân-bí-sè-kài	完美世界	itaigi:6995
poj	oân-bú-khek	圓舞曲	itaigi:17763
poj	oân-hong	完封	itaigi:19766
poj	oân-kang	員工	taihoa:55187
poj	oân-niá	圓領	itaigi:15301
poj	oân-niû	完糧	itaigi:15303
poj	oân-tiúⁿ	園長	itaigi:12046
poj	oân-á	原仔	itaigi:2646
poj	oân-á-kiû	丸仔球	itaigi:10972
poj	oân-á-thâng	丸仔蟲	itaigi:15073
poj	oān-khùn	緩困	itaigi:13406
poj	o̍h	學	taihoa:55645
poj	o͘ chí-á chháu	烏子仔草	itaigi:8948
poj	o͘ hō͘	烏雨	itaigi:3992
poj	o͘-bah-té	烏肉底	itaigi:13354
poj	o͘-ba̍k-kiàⁿ	烏目鏡	itaigi:13874
poj	o͘-chu	烏珠	itaigi:19689
poj	o͘-hng	烏昏	itaigi:10989
poj	o͘-hng-bīn	烏昏面	itaigi:11230
poj	o͘-hûn sit-àm	烏雲失暗	itaigi:10739
poj	o͘-hûn tà-bū	烏雲罩霧	itaigi:17573
poj	o͘-ian	烏煙	taihoa:56153
poj	o͘-im-thiⁿ	烏陰天	taihoa:56170
poj	o͘-iáⁿ-gîn-hâng	烏影銀行	itaigi:16990
poj	o͘-iú khì-ah	烏有去矣	itaigi:10627
poj	o͘-iú--ah	烏有矣	itaigi:4367
poj	o͘-iû	烏油	taihoa:56177
poj	o͘-jîn tùi pe̍h-jîn	烏仁對白仁	itaigi:9464
poj	o͘-ka-pi	烏咖啡	itaigi:14318
poj	o͘-keh	烏格	itaigi:17997
poj	o͘-khang	烏空	itaigi:12111
poj	o͘-kut-á	烏骨仔	itaigi:16367
poj	o͘-kńg-ná	黑管仔	itaigi:17256
poj	o͘-lián	黑輪	itaigi:278
poj	o͘-lí-á-chhài	烏李仔菜	itaigi:9807
poj	o͘-ló͘-bo̍k-chè	烏魯木齊	itaigi:10238
poj	o͘-niau	烏貓	itaigi:611
poj	o͘-niau o͘-káu	烏貓烏狗	itaigi:10826
poj	o͘-niau-á-bú	烏貓仔母	itaigi:612
poj	o͘-pang	烏幫	taihoa:56338
poj	o͘-pe̍h	烏白	taihoa:56339
poj	o͘-pe̍h chhì	烏白試	itaigi:15
poj	o͘-pe̍h cháu	烏白走	itaigi:3106
poj	o͘-pe̍h kóng	烏白講	itaigi:2685
poj	o͘-pe̍h-chhiat	烏白切	itaigi:14595
poj	o͘-pe̍h-chòaⁿ	烏白炸	itaigi:1337
poj	o͘-pe̍h-kóng	烏白講	itaigi:1323
poj	o͘-pe̍h-lông-kun	烏白郎君	itaigi:2410
poj	o͘-phang	烏蜂	itaigi:11069
poj	o͘-siā-hōe	烏社會	itaigi:13208
poj	o͘-ta-chôa	烏焦蛇	itaigi:8054
poj	o͘-ta-sán	烏焦瘦	itaigi:19332
poj	o͘-ta̍t-á	烏笛仔	itaigi:6038
poj	o͘-thau-káu	烏頭狗	itaigi:6743
poj	o͘-thé hok-siā	烏體輻射	itaigi:19217
poj	o͘-tiám-keh-á	烏點格仔	itaigi:11649
poj	o͘-tiâu-té	烏牢底	itaigi:13613
poj	o͘-tāu-leng	烏豆奶	itaigi:13095
poj	o͘-tōng	烏洞	itaigi:2654
poj	o͘-àm sî-tāi	烏暗時代	itaigi:7423
poj	o͘-àm--ê	烏暗的	itaigi:6283
poj	o͘-á-ba̍k-chháu	烏仔目草	itaigi:9707
poj	pa kô͘-á	巴糊仔	itaigi:16557
poj	pa-kiat	巴結	itaigi:14733
poj	pah-bīn	百面	itaigi:5963
poj	pah-hun-sò͘	百分數	itaigi:17261
poj	pah-hòe-tiàm	百貨店	itaigi:973
poj	pah-phiò	百票	itaigi:10994
poj	pah-poaⁿ khí-thâu lân	百般起頭難	itaigi:9078
poj	pak	北	taihoa:56912
poj	pak-chúi	腹水	itaigi:1463
poj	pak-ki	腹肌	itaigi:7303
poj	pak-kiaⁿ-gí	北京語	itaigi:1405
poj	pak-kòa	腹蓋	itaigi:4140
poj	pak-kòa-kin-la̍t	腹蓋筋力	itaigi:12406
poj	pak-lāi	腹內	taihoa:57009
poj	pak-lāi-ki	腹內肌	itaigi:2240
poj	pak-phôe	剝皮	taihoa:57030
poj	pak-tn̂g	腹腸	itaigi:15373
poj	pak-tó͘	腹肚	itaigi:5500
poj	pak-tó͘ lāi chai-chai	腹肚內知知	itaigi:10929
poj	pak-tó͘ thāiⁿ thāiⁿ	腹肚挺挺	itaigi:9523
poj	pak-tó͘-tháng	腹肚桶	itaigi:1852
poj	pan	班	taihoa:57103
poj	pan chat siuⁿ-si	斑節相思	itaigi:9864
poj	pan-bé	斑馬	itaigi:13466
poj	pan-bó	班母	itaigi:6624
poj	pan-chi-hoe	斑芝花	itaigi:13575
poj	pan-kip	班級	itaigi:1605
poj	pan-tek siuⁿ-si	斑竹相思	itaigi:9863
poj	pang	幫	taihoa:57236
poj	pang--khì	崩去	itaigi:4193
poj	pang-bâng	幫忙	taihoa:57538
poj	pang-chān	幫贊	taihoa:57541
poj	pang-chō͘	幫助	taihoa:57546
poj	pang-phiâⁿ	崩坪	itaigi:19642
poj	pang-sim	崩心	itaigi:13507
poj	pang-tiúⁿ	邦長	itaigi:3725
poj	pat-kiok	八腳	itaigi:2334
poj	pat-kòa-hông	八卦紅	itaigi:16365
poj	pat-lí-sa	八里沙	itaigi:11437
poj	pat-pó-thng	八寶湯	itaigi:2393
poj	pat-sian tâu-chu-jîn	八仙投資人	itaigi:3711
poj	pat-sian-kó	八仙果	itaigi:4151
poj	pat-tin	八珍	itaigi:1385
poj	pat-tó͘	腹肚	itaigi:11692
poj	pau	包	taihoa:57728
poj	pau jiō-phè-á	包尿帕仔	itaigi:1806
poj	pau--khí-lâi	包起來	itaigi:13162
poj	pau--ê	包的	itaigi:2999
poj	pau-hâm	包含	taihoa:57752
poj	pau-hî-ko͘	鮑魚菇	itaigi:10936
poj	pau-ióng	包養	itaigi:1330
poj	pau-liâu	包療	itaigi:4570
poj	pau-pau	包包	itaigi:7208
poj	pau-pān	包辦	taihoa:57789
poj	pau-sim pe̍h á	包心白仔	itaigi:9345
poj	pau-soaⁿ pau-hái	包山包海	itaigi:9313
poj	pau-tòa	包帶	itaigi:8024
poj	pau-á-iⁿ	包仔嬰	itaigi:15945
poj	pa̍k	縛	taihoa:56919
poj	pa̍t	別	taihoa:57645
poj	pa̍t-ji̍t	別日	itaigi:7859
poj	pa̍t-ji̍t-á	別日仔	itaigi:7860
poj	pa̍t-lâng	別人	taihoa:57662
poj	peh	百	itaigi:14605
poj	peh-ha̍p-ha̍k-ūn	百合學運	itaigi:14459
poj	peh-kak kim-pôaⁿ	八角金盤	itaigi:8819
poj	peh-khak	剝殼	taihoa:58340
poj	peh-niú chhiò pòaⁿ-kin	八兩笑半斤	itaigi:10518
poj	peh-sìⁿ	百姓	taihoa:58392
poj	peng	冰	itaigi:7780
poj	peng-chím	冰枕	taihoa:58852
poj	peng-goân	冰原	itaigi:634
poj	peng-kak	冰角	itaigi:7505
poj	peng-khu-lín-mù	冰克林姆	itaigi:5845
poj	peng-khò͘	冰庫	taihoa:58873
poj	peng-siuⁿ	冰箱	itaigi:1630
poj	peng-soa	冰沙	itaigi:13353
poj	peng-soaⁿ-chit-kak	冰山一角	itaigi:15039
poj	peng-thn̂g	冰糖	itaigi:2553
poj	peng-toaⁿ	兵單	itaigi:11489
poj	peng-tē	冰袋	taihoa:58892
poj	peng-tūi	兵隊	taihoa:58903
poj	peng-á-phōaⁿ	兵仔伴	itaigi:3536
poj	pe̍h	白	taihoa:57930
poj	pe̍h chhì-á-hoe	白刺仔花	itaigi:9662
poj	pe̍h chu-á-chháu	白珠仔草	itaigi:9762
poj	pe̍h-ba̍k	白目	itaigi:6157
poj	pe̍h-ba̍k-hún	白墨粉	itaigi:2177
poj	pe̍h-bí	白米	taihoa:57961
poj	pe̍h-chhat	白漆	itaigi:254
poj	pe̍h-chha̍t	白賊	taihoa:57991
poj	pe̍h-chha̍t-ōe	白賊話	itaigi:1184
poj	pe̍h-chhi	白癡	itaigi:6247
poj	pe̍h-chia̍h	白食	itaigi:4782
poj	pe̍h-chit	白質	itaigi:5504
poj	pe̍h-chú-nn̄g	白煮卵	itaigi:13635
poj	pe̍h-gûn-hî	白銀魚	itaigi:3987
poj	pe̍h-hoe-á chháu	白花仔草	itaigi:9446
poj	pe̍h-hoe-á sim	白花仔心	itaigi:9861
poj	pe̍h-hoe-á-chháu	白花仔草	itaigi:9862
poj	pe̍h-hoeh-kiû	白血球	itaigi:2396
poj	pe̍h-hái-ti	白海豬	itaigi:5450
poj	pe̍h-kan-bô-jiân	白干無然	itaigi:18096
poj	pe̍h-ku-sîn	白龜神	itaigi:19105
poj	pe̍h-kut chu-á-chháu	白骨珠仔草	itaigi:9763
poj	pe̍h-kô͘-á	白糊仔	itaigi:16028
poj	pe̍h-liáu-kang	白了工	itaigi:5812
poj	pe̍h-mah	白肉	itaigi:18097
poj	pe̍h-mī	白麵	itaigi:7990
poj	pe̍h-pak-á	白腹仔	itaigi:13335
poj	pe̍h-pang	白板	itaigi:6107
poj	pe̍h-phau-phau	白拋拋	itaigi:6946
poj	pe̍h-sek-khióng-pò͘	白色恐怖	itaigi:6329
poj	pe̍h-soat-soat	白雪雪	itaigi:19151
poj	pe̍h-thih-á	白鐵仔	itaigi:1693
poj	pe̍h-tám	白膽	itaigi:12429
poj	pe̍h-ōe-bûn	白話文	itaigi:8177
poj	pe̍k-siú-sêng-ka	白手成家	itaigi:13972
poj	pe̍k-tho̍k	白讀	itaigi:10991
poj	pha	拋	taihoa:58914
poj	pha-pha-cháu chiat-bo̍k	拋拋走節目	itaigi:12389
poj	phah	拍	taihoa:58927
poj	phah chhe-á	拍叉仔	itaigi:11087
poj	phah chhia-phiò	拍車票	itaigi:57
poj	phah chhia-toaⁿ	拍車單	itaigi:14305
poj	phah chu-á	拍珠仔	itaigi:12339
poj	phah ian-chhiâng	拍煙腸	itaigi:7304
poj	phah lâng	拍人	itaigi:3128
poj	phah lâng--ê hoah kiù lâng	拍人的喝救人	itaigi:5990
poj	phah lûi-kong	拍雷公	itaigi:7782
poj	phah pau	拍包	itaigi:10105
poj	phah sí-kat	拍死結	itaigi:3844
poj	phah tiān-náu	拍電腦	itaigi:14203
poj	phah tiān-ōe	拍電話	itaigi:3453
poj	phah ū-hông-chiam	拍預防針	itaigi:6396
poj	phah-bô	拍無	itaigi:10074
poj	phah-chhat-siau	拍擦銷	itaigi:8413
poj	phah-chhèng	拍銃	taihoa:58965
poj	phah-heng	拍胸	itaigi:18087
poj	phah-hng	拍荒	itaigi:7596
poj	phah-hong-lûi	拍風雷	itaigi:13687
poj	phah-hoân-tōng	拍還動	itaigi:10633
poj	phah-hóe chúi-thâu	拍火水頭	itaigi:16074
poj	phah-hóe hiaⁿ-tī	拍火兄弟	itaigi:7985
poj	phah-hóe-koàn	拍火罐	itaigi:3738
poj	phah-hóe-sio	拍火燒	itaigi:3973
poj	phah-hù	拍富	itaigi:3093
poj	phah-hāi	拍害	itaigi:16400
poj	phah-jī-hoat	拍字法	itaigi:6353
poj	phah-jī-hâng	拍字行	itaigi:15466
poj	phah-jī-pôaⁿ	拍字盤	itaigi:392
poj	phah-kang	拍工	itaigi:813
poj	phah-khah	拍卡	itaigi:11143
poj	phah-kiû	拍球	itaigi:15472
poj	phah-koa	拍歌	itaigi:18777
poj	phah-kè	拍價	itaigi:17085
poj	phah-kóaⁿ	拍趕	itaigi:12254
poj	phah-kó͘	拍鼓	itaigi:2585
poj	phah-lah-sap	拍垃圾	itaigi:19668
poj	phah-la̍h	拍獵	taihoa:59071
poj	phah-la̍h-chiá	拍獵者	itaigi:17410
poj	phah-lâng bô-hong-sîn	拍人無風神	itaigi:10585
poj	phah-lâng bô-sim-sek	拍人無心適	itaigi:10584
poj	phah-phang	拍蜂	itaigi:13978
poj	phah-phek-khì	拍拍器	itaigi:14401
poj	phah-phiàn	拍騙	itaigi:13993
poj	phah-phiò	拍票	itaigi:14308
poj	phah-phàu	拍炮	itaigi:2145
poj	phah-piàⁿ	拍拚	itaigi:6191
poj	phah-piàⁿ chò-kang	拍拚做工	itaigi:7727
poj	phah-po̍h	拍薄	itaigi:15122
poj	phah-pāng-kiû	拍棒球	itaigi:1860
poj	phah-sí -lâng táⁿ	拍死人膽	itaigi:9554
poj	phah-sí-kat	拍死結	itaigi:2512
poj	phah-sí-pán	拍死板	itaigi:8408
poj	phah-sòaⁿ	拍散	itaigi:10630
poj	phah-sùiⁿ	拍算	itaigi:17877
poj	phah-sǹg	拍算	itaigi:9088
poj	phah-teng-á	拍釘仔	itaigi:360
poj	phah-thih pô	拍鐵婆	itaigi:8963
poj	phah-thih sai	拍鐵師	itaigi:11841
poj	phah-thih sai-hū	拍鐵師傅	itaigi:11839
poj	phah-thih ê	拍鐵的	itaigi:11840
poj	phah-thih-pô	拍鐵婆	itaigi:10741
poj	phah-thih-á	拍鐵仔	itaigi:2625
poj	phah-thih-á sai-hū	拍鐵仔師傅	itaigi:2626
poj	phah-thih-á-sai	拍鐵仔師	itaigi:11838
poj	phah-thoat-sin	拍脫身	itaigi:2286
poj	phah-thong-thàu	拍通透	itaigi:10621
poj	phah-thong-thò	拍通套	itaigi:10622
poj	phah-thâu-chí	拍頭子	itaigi:18498
poj	phah-tiān-iáⁿ	拍電影	itaigi:13858
poj	phah-tiāⁿ	拍定	itaigi:11767
poj	phah-tē-it	拍第一	itaigi:8409
poj	phak-chhài	覆菜	itaigi:2156
poj	phang	芳	taihoa:59784
poj	phang-hun phùn-bū	芳芬噴霧	itaigi:19511
poj	phang-liāu-chháu	芳料草	itaigi:2776
poj	phang-phang	芳芳	itaigi:13211
poj	phang-á-phàu	蜂仔炮	itaigi:2942
poj	phau-chhe-lî-chú	拋妻離子	itaigi:18506
poj	pha̍k	曝	taihoa:59659
poj	pha̍k hō͘ ta	曝予焦	itaigi:3104
poj	pha̍k hō͘ tio̍h-siong	曝予著傷	itaigi:2764
poj	pha̍k-chhek	曝粟	taihoa:59662
poj	pha̍k-ji̍t	曝日	itaigi:7719
poj	pha̍k-ta	曝焦	itaigi:7693
poj	phe-chhia	批車	itaigi:16537
poj	phe-ne-se-lîn	批呢西仁	itaigi:586
poj	pheng-im-bûn-jī	拼音文字	itaigi:16834
poj	pheⁿ-hêng	偏還	taihoa:60133
poj	pheⁿ-pho͘-hêng	偏舖還	taihoa:60137
poj	phi	披	taihoa:60161
poj	phi-saⁿ	披衫	taihoa:60738
poj	phi-á	批仔	itaigi:15315
poj	phiah-cháu	避走	itaigi:3211
poj	phian sit-ji̍t	偏蝕日	itaigi:3336
poj	phian-hiong	偏鄉	itaigi:14171
poj	phian-khe-khih	偏溪缺	itaigi:723
poj	phiat	撇	taihoa:60431
poj	phiat-á	撇仔	taihoa:60443
poj	phiau-thâu	標頭	itaigi:18890
poj	phit hu chi ióng	匹夫之勇	itaigi:10635
poj	phit--phòe-ah	匹配矣	itaigi:11769
poj	phiu kó͘ kong chhiū	飆古公樹	itaigi:9526
poj	phiàn	片	taihoa:60299
poj	phiàn chhiáⁿ hāi gō	騙請害餓	itaigi:10048
poj	phiàn- hún	片粉	itaigi:7374
poj	phiàn-chia̍h	騙食	itaigi:11262
poj	phiàu-kin	票根	itaigi:1382
poj	phián-si̍t	扁食	itaigi:17195
poj	phiò	票	taihoa:60713
poj	phiò-bīn-kè-ta̍t	票面價值	itaigi:16914
poj	phiò-hún	漂粉	taihoa:60718
poj	phiò-pe̍h-chúi	漂白水	itaigi:13583
poj	phiò-siaⁿ	票聲	itaigi:18032
poj	phiⁿ	篇	taihoa:60539
poj	phiⁿ-thâu	偏頭	itaigi:16408
poj	pho	波	itaigi:16250
poj	pho-pak	波腹	itaigi:4318
poj	pho-su-kiok	波斯菊	itaigi:13381
poj	phoe	胚	taihoa:61074
poj	phoe chúi-phoe	批水批	itaigi:17721
poj	phoe-chúi-phi	批水披	itaigi:17698
poj	phoh	朴	itaigi:18387
poj	phun	潘	itaigi:9812
poj	phài	派	itaigi:979
poj	phàiⁿ--khì--ah	歹去矣	itaigi:1129
poj	phàn-á	盼仔	itaigi:1598
poj	phàu	泡	taihoa:59926
poj	phàu-lām	炮艦	itaigi:14086
poj	phàu-á	炮仔	taihoa:59931
poj	phái-sim-to̍k-hêng	歹心毒行	itaigi:18667
poj	phái-thiⁿ	歹天	itaigi:4118
poj	phái-tâng-kū-siah	歹銅舊錫	itaigi:17405
poj	pháiⁿ hoat	歹發	itaigi:16830
poj	pháiⁿ-bú	歹舞	itaigi:17965
poj	pháiⁿ-bīn-sio-khòaⁿ	歹面相看	itaigi:2689
poj	pháiⁿ-chheⁿ ji̍p kéng	歹星入境	itaigi:9532
poj	pháiⁿ-chhoán-khùi	歹喘氣	itaigi:592
poj	pháiⁿ-chhòng	歹創	itaigi:18052
poj	pháiⁿ-chhùi	歹嘴	taihoa:59291
poj	pháiⁿ-chhùi-táu	歹嘴斗	taihoa:59299
poj	pháiⁿ-chhī-chháu	歹市草	itaigi:15836
poj	pháiⁿ-kah-sí-bô-lâng	歹甲死無人	itaigi:19463
poj	pháiⁿ-khang	歹空	itaigi:19256
poj	pháiⁿ-khùn	歹睏	taihoa:59398
poj	pháiⁿ-kiat-tiāu	歹吉兆	itaigi:6325
poj	pháiⁿ-kut-té	歹骨底	itaigi:528
poj	pháiⁿ-liám-bīn	歹臉面	itaigi:18474
poj	pháiⁿ-lâng tn̂g-hè-siū	歹人長歲壽	itaigi:10792
poj	pháiⁿ-mih-á	歹物仔	itaigi:2743
poj	pháiⁿ-miā-lâng	歹命人	itaigi:11859
poj	pháiⁿ-pak-tó͘	歹腹肚	itaigi:11589
poj	pháiⁿ-pìⁿ	歹變	itaigi:17964
poj	pháiⁿ-sim-to̍k-hēng	壞心毒行	itaigi:17962
poj	pháiⁿ-sè	歹勢	itaigi:1056
poj	pháiⁿ-sí	歹死	itaigi:19339
poj	pháiⁿ-thiⁿ	歹天	itaigi:11346
poj	pháiⁿ-tàu-tīn	歹鬥陣	itaigi:1174
poj	pháiⁿ-ē	歹下	itaigi:18646
poj	pháng	紡	taihoa:59790
poj	pháng-chit-ki	紡織機	itaigi:4755
poj	pháu-chhia-le̍k-lō͘	跑車碌路	itaigi:6820
poj	pháu-khok	跑酷	itaigi:963
poj	pháu-má	跑馬	itaigi:17485
poj	phâng	房	taihoa:59811
poj	phâng-chhài	捧菜	taihoa:59814
poj	phâng-tiûⁿ	捧場	taihoa:59828
poj	phè-á	帕仔	itaigi:16529
poj	phè-á-chong	帕仔裝	itaigi:16528
poj	phêng-phòaⁿ sin-seⁿ	評判先生	itaigi:13490
poj	phêng-sím lāu-su	評審老師	itaigi:7002
poj	phêng-thêng bān-lí	鵬程萬里	itaigi:19721
poj	phêⁿ-ka-sū	彭佳嶼	itaigi:569
poj	phì-lūn-kóng	譬論講	itaigi:13569
poj	phìⁿ-chat	片節	itaigi:15894
poj	phìⁿ-toaⁿ	片單	itaigi:11476
poj	phìⁿ-tōaⁿ	片段	itaigi:15909
poj	phín bûn phín bú	品文品武	itaigi:9338
poj	phín-bêng	品明	itaigi:3950
poj	phín-chit	品質	taihoa:60559
poj	phín-hēng	品行	itaigi:162
poj	phín-keh	品格	itaigi:11310
poj	phî	皮	taihoa:60201
poj	phî-khì	脾氣	taihoa:60206
poj	phî-lián	皮臉	itaigi:17296
poj	phî-lián-bīn	皮臉面	itaigi:17297
poj	phî-lô-kà-sú	疲勞駕駛	itaigi:3091
poj	phî-phî	皮皮	itaigi:260
poj	phî-tàn tāu-hū	皮蛋豆腐	itaigi:7103
poj	phò-chí-á	破子仔	itaigi:2024
poj	phòa	破	taihoa:60832
poj	phòa môa	破麻	itaigi:7567
poj	phòa-chhâ	破柴	itaigi:16416
poj	phòa-chûn tìn káng-kháu	破船鎮港口	itaigi:9781
poj	phòa-hong	破風	itaigi:13960
poj	phòa-keh	破格	itaigi:2546
poj	phòa-khang	破空	itaigi:4561
poj	phòa-khui	剖開	taihoa:60902
poj	phòa-pêng	剖旁	taihoa:60944
poj	phòa-pēⁿ	破病	taihoa:60927
poj	phòa-thai	破胎	itaigi:13964
poj	phòa-toaⁿ	破蛋	itaigi:13306
poj	phòe	配	taihoa:61076
poj	phòe ē lo̍h pn̄g	配會落飯	itaigi:9012
poj	phòe-chhin	配親	itaigi:12964
poj	phòe-chhài	配菜	taihoa:61082
poj	phòe-kip	配給	taihoa:61096
poj	phòng-chhn̂g	膨床	itaigi:3100
poj	phòng-hong-chúi-ke	澎風水蛙	itaigi:18031
poj	phòng-hong-ku-á	膨風龜	itaigi:3740
poj	phòng-hong-tāu	膨風豆	itaigi:17370
poj	phòng-kiàⁿ	膨鏡	itaigi:13215
poj	phòng-se-chiam	膨紗針	itaigi:12238
poj	phòng-tō͘-té-miā	膨肚短命	itaigi:18868
poj	phòng-í	膨椅	taihoa:61315
poj	phò͘	鋪	taihoa:61471
poj	phò͘-sán	破產	taihoa:61474
poj	phó͘ kî lio̍k á	普其略仔	itaigi:9519
poj	phó͘-phiàn	普遍	taihoa:61447
poj	phó͘-thai	普篩	itaigi:16373
poj	phó͘-thong	普通	itaigi:5458
poj	phó͘-thong-sî	普通時	itaigi:18666
poj	phó͘-thong-ōe	普通話	itaigi:6403
poj	phô-tô	葡萄	taihoa:60799
poj	phôe	皮	taihoa:61127
poj	phôe-châi	皮材	itaigi:4654
poj	phôe-phôe	皮皮	itaigi:6864
poj	phôe-phôe-á thiaⁿ	皮皮仔聽	itaigi:6847
poj	phôe-tòa	皮帶	taihoa:61173
poj	phôe-tô-hî-mī-sòaⁿ	葡萄魚麵線	itaigi:1897
poj	phông-kó-phài	蘋果派	itaigi:5954
poj	phô͘	扶	itaigi:4801
poj	phô͘-a-kiōng-á	扶阿共仔	itaigi:3072
poj	phô͘-phô͘-tháⁿ-tháⁿ	扶扶挺挺	itaigi:7225
poj	phô͘-tháⁿ	扶挺	itaigi:4088
poj	phùi	吐	taihoa:61701
poj	phùi-that-á	屁塞仔	taihoa:61729
poj	phùi-ōe	屁話	itaigi:18171
poj	phùn-chhut-giâm	噴出岩	itaigi:17145
poj	phùn-chhut-gâm	噴出岩	itaigi:17146
poj	phùn-kheng	噴傾	itaigi:17998
poj	phû	浮	taihoa:61592
poj	phû-chiu	浮洲	itaigi:17657
poj	phû-chúi	浮水	taihoa:61605
poj	phû-chúi-ìn	浮水印	itaigi:4586
poj	phû-khang	浮空	itaigi:18820
poj	phû-kiû	浮球	itaigi:7089
poj	phû-tōng	浮動	itaigi:7138
poj	phīⁿ	鼻	taihoa:60610
poj	phīⁿ-chiam	鼻尖	itaigi:5517
poj	phīⁿ-chúi lâu	鼻水流	itaigi:6134
poj	phīⁿ-keh-keng	鼻隔間	itaigi:766
poj	phīⁿ-khang	鼻孔	taihoa:60651
poj	phīⁿ-khian	鼻圈	itaigi:5916
poj	phīⁿ-ko	鼻膏	itaigi:11475
poj	phīⁿ-kut	鼻骨	itaigi:5521
poj	phīⁿ-liâm-mo̍͘h	鼻黏膜	itaigi:6282
poj	phīⁿ-lūi-kóng	鼻淚管	itaigi:5520
poj	phīⁿ-tiong-keh	鼻中隔	itaigi:5522
poj	phō	抱	taihoa:60802
poj	phō khì bong	抱去摸	itaigi:18
poj	phō--lâi--ê	抱來的	itaigi:15872
poj	phō-chhî	抱持	itaigi:14500
poj	phō-khí-mo͘	抱起毛	itaigi:657
poj	phō-phō-tháⁿ-tháⁿ	抱抱挺挺	itaigi:17655
poj	phō-pà-leng-tê	波霸奶茶	itaigi:1299
poj	phōaⁿ	伴	taihoa:61041
poj	phōaⁿ-chhiú	伴手	itaigi:1310
poj	phōaⁿ-kiâⁿ	伴行	itaigi:11780
poj	phōaⁿ-kéng	伴景	itaigi:19385
poj	phōe	被	taihoa:61174
poj	phōe-toaⁿ	被單	taihoa:61195
poj	phōng-kó tiān-náu	蘋果電腦	itaigi:5795
poj	phōng-kó-ji̍t-pò	蘋果日報	itaigi:1444
poj	phō͘-á	簿仔	taihoa:61529
poj	phū	浡	itaigi:5417
poj	pi-pi-á	啡啡子	itaigi:18220
poj	piah	壁	itaigi:2602
poj	piah-chôa	壁蛇	itaigi:17824
poj	piah-gâm	壁癌	itaigi:7205
poj	piah-hó͘	壁虎	itaigi:6845
poj	piak-khang	爆空	taihoa:62044
poj	pian--ê	編的	itaigi:13146
poj	pian-bé	編碼	itaigi:4576
poj	pian-e̍k khì	編譯器	itaigi:6459
poj	pian-kéng bo̍k-iûⁿ-khián	邊境牧羊犬	itaigi:4615
poj	piau-chún-chha	標準差	itaigi:16975
poj	piau-chún-phian-chha	標準偏差	itaigi:16976
poj	pih	鱉	taihoa:62493
poj	pin chú chīn hoan	賓主盡歡	itaigi:192
poj	pin-nn̂g-tàⁿ	檳榔擔	itaigi:15295
poj	pit	必	taihoa:62837
poj	pit-chah	必紮	itaigi:13667
poj	pit-gia̍p tián-lé	畢業典禮	itaigi:4698
poj	pit-gia̍p-chèng-su	畢業證書	itaigi:6961
poj	pit-hêng	筆型	itaigi:15308
poj	pit-kì-hêng tiān-náu	筆記型電腦	itaigi:16506
poj	pit-sûn	必巡	itaigi:3819
poj	pit-tiān	筆電	itaigi:5793
poj	piàn	變	taihoa:62123
poj	piàn-chit-giâm	變質岩	itaigi:17137
poj	piàn-chit-gâm	變質岩	itaigi:17138
poj	piàn-chéng	變種	itaigi:18720
poj	piàn-pîn léng-khì	變頻冷氣	itaigi:4594
poj	piàn-sek-tō͘-tēng	變色杜定	itaigi:11166
poj	piàn-sūi	變遂	itaigi:11987
poj	piàn-thiⁿ	變天	itaigi:10762
poj	piàn-thé	遍體	itaigi:18284
poj	piàn-tiāu	變調	itaigi:18982
poj	piàⁿ	拚	taihoa:62116
poj	piàⁿ chi̍t-ē kāu-po̍h	拚一下厚薄	itaigi:3560
poj	piàⁿ pe̍h-hó͘-thng	拚白虎湯	itaigi:9005
poj	piàⁿ-la̍t	拚力	itaigi:4129
poj	piàⁿ-sì	拚勢	taihoa:62243
poj	pián	扁	taihoa:62072
poj	pián-si̍t-thng	扁食湯	itaigi:1366
poj	piáu-bêng	表明	taihoa:62402
poj	piáu-iūⁿ	表樣	taihoa:62426
poj	piáu-sī	表示	taihoa:62441
poj	piáu-toaⁿ	表單	itaigi:812
poj	piáⁿ	餅	taihoa:62077
poj	piáⁿ-chhùi	餅碎	itaigi:6762
poj	piáⁿ-iù-á	餅幼仔	itaigi:6764
poj	piáⁿ-tiàm	餅店	taihoa:62112
poj	pió	表	taihoa:62806
poj	pió-toaⁿ	表單	itaigi:781
poj	piān	便	taihoa:62300
poj	piān-chhah	便插	itaigi:3136
poj	piān-chhài	便菜	taihoa:62308
poj	piān-hòe chhī-tiûⁿ	便貨市場	itaigi:16989
poj	piān-lī-siong-tiàm	便利商店	itaigi:1858
poj	piān-lī-tah	便利貼	itaigi:12093
poj	piān-mi̍h	便物	itaigi:18469
poj	piān-nā	便若	itaigi:13541
poj	piān-nā-sī	便若是	itaigi:7940
poj	piān-phín	便品	itaigi:15281
poj	piān-piān	便便	taihoa:62341
poj	piān-pō͘-nā	便步若	itaigi:18757
poj	piān-sek-bé	辨識碼	itaigi:4577
poj	piān-só͘	便所	itaigi:2786
poj	piān-sū	辯士	itaigi:2400
poj	piān-tong	便當	itaigi:1207
poj	piān-í	便椅	itaigi:4659
poj	piⁿ	邊	taihoa:62524
poj	piⁿ-á-lâng	邊仔人	itaigi:5832
poj	piⁿ-á-mn̂g	邊仔門	itaigi:7334
poj	pn̄g	飯	itaigi:533
poj	pn̄g-chian	飯煎	itaigi:3189
poj	pn̄g-ta	飯焦	itaigi:14392
poj	pn̄g-óaⁿ	飯碗	taihoa:62967
poj	po	褒	taihoa:63028
poj	po-lê iù-á	玻璃幼仔	itaigi:13975
poj	po-lê iú-á	玻璃幼仔	itaigi:18442
poj	po-lê koàn-á	玻璃罐仔	itaigi:4675
poj	po-lê-chhùi	玻璃碎	itaigi:13983
poj	po-lê-chóa	玻璃紙	itaigi:15275
poj	po-lê-sim	玻璃心	itaigi:7269
poj	po-lê-thé	玻璃體	itaigi:19739
poj	poah khui	撥開	itaigi:3367
poj	poah-kang	撥工	itaigi:15783
poj	poa̍h	跋	taihoa:63257
poj	poa̍h-lo̍h-bé	跋落馬	taihoa:63291
poj	poaⁿ	搬	itaigi:15885
poj	poaⁿ-tiān-iáⁿ	搬電影	itaigi:15842
poj	poe	飛	taihoa:63781
poj	poe-chôa	飛蛇	itaigi:11490
poj	poe-hî-nn̄g	飛魚卵	itaigi:6351
poj	poe-ki-á	飛機仔	itaigi:2692
poj	poe-liap-ki	飛攝機	itaigi:14127
poj	poe-lêng-á-chhài	菠菱仔菜	itaigi:13780
poj	poe-o͘-nn̄g	飛烏卵	itaigi:3040
poj	poe-pôaⁿ	飛盤	itaigi:5890
poj	poe-thiⁿ-sió-lú-kéng	飛天小女警	itaigi:5908
poj	poe̍h-chhut	拔出	itaigi:16430
poj	poe̍h-ko	拔高	itaigi:19671
poj	poe̍h-tōa-soh	拔大索	itaigi:15851
poj	poh-chhùi	駁嘴	taihoa:63953
poj	poh-hōaⁿ	駁岸	itaigi:4069
poj	pok-hong-seh	暴風雪	itaigi:6318
poj	poàn-hā	半夏	itaigi:14484
poj	poàn-sin-put-sūi	半身不遂	itaigi:13066
poj	poàn-tō-thé	半導體	itaigi:18708
poj	poān-ge̍k-kî	叛逆期	itaigi:19623
poj	po̍h	薄	taihoa:63929
poj	po̍h-chóa	薄紙	itaigi:16515
poj	po̍h-io̍h	薄藥	itaigi:3404
poj	po̍h-khak-á	薄殼仔	itaigi:16138
poj	po̍h-lé	薄禮	taihoa:63937
poj	po̍h-phōe	薄被	itaigi:4685
poj	po̍h-piáⁿ	薄餅	itaigi:16512
poj	po̍k-chà-sèng siau-hùi	爆炸性消費	itaigi:19526
poj	po̍k-ge̍k	薄玉	itaigi:15152
poj	po̍k-hô-ge̍k	薄荷玉	itaigi:3403
poj	po̍k-hô-ge̍k-á	薄荷玉仔	itaigi:3402
poj	po̍k-hô-peng	薄荷冰	itaigi:3406
poj	po̍k-hô-tiâu	薄荷條	itaigi:3410
poj	po̍k-kek	爆擊	itaigi:1975
poj	po̍k-kiat-bōng	爆吉夢	itaigi:161
poj	po̍k-peng	薄冰	itaigi:3401
poj	po̍k-pian	薄鞭	itaigi:3405
poj	po̍k-á-peng	薄仔冰	itaigi:3408
poj	po͘	夫	taihoa:64108
poj	po͘-chiam-éng	埔尖湧	itaigi:7587
poj	po͘-iâm	埔鹽	itaigi:14342
poj	po͘-ti̍t	埔直	itaigi:15990
poj	puh-pho	發波	itaigi:7578
poj	puh-phok-á	發波仔	itaigi:7579
poj	pun	分	taihoa:64565
poj	pun--ê khah iâⁿ bé--ê	分的較贏買的	itaigi:11211
poj	pun-chia̍h--ê	分食的	itaigi:4211
poj	pun-chí	分子	itaigi:17459
poj	pun-tiuⁿ	分張	itaigi:11307
poj	put	不	taihoa:64792
poj	put chhit  put pat	不七不八	itaigi:9892
poj	put kiōng tè thian	不共戴天	itaigi:9964
poj	put su siōng hā	不輸上下	itaigi:10203
poj	put séng jîn-sū	不省人事	itaigi:10201
poj	put ti chiá put chōe	不知者不罪	itaigi:10143
poj	put-an	不安	taihoa:64817
poj	put-boán	不滿	taihoa:64830
poj	put-bêng	不明	taihoa:64824
poj	put-chiap-it	不接一	itaigi:14170
poj	put-chiok ûi gōa-jîn tō	不足為外人道	itaigi:5957
poj	put-chèng	不正	taihoa:64841
poj	put-chí	不只	taihoa:64852
poj	put-chí-á-hó	不止仔好	itaigi:11636
poj	put-chāi	不在	itaigi:18055
poj	put-hàu	不孝	taihoa:64878
poj	put-hàu-chú	不孝子	itaigi:4733
poj	put-hēng	不幸	taihoa:64881
poj	put-iok-jî-tông	不約而同	itaigi:18523
poj	put-io̍h-jî-jú	不藥而癒	itaigi:17070
poj	put-jû	不如	itaigi:7967
poj	put-khó-ti-lūn	不可知論	itaigi:8794
poj	put-kiat	不吉	itaigi:11728
poj	put-kò	不過	taihoa:64934
poj	put-lī sam-pó	不離三寶	itaigi:2543
poj	put-pat-put-chhit	不八不七	itaigi:9890
poj	put-piān	不便	taihoa:64968
poj	put-pêng	不平	taihoa:64964
poj	put-pêng-chi-bêng	不平之鳴	itaigi:2911
poj	put-pí	不比	itaigi:7966
poj	put-sek-sî-bū	不識時務	itaigi:10458
poj	put-sok-chi-kheh	不速之客	itaigi:10312
poj	put-sî	不時	taihoa:64976
poj	put-sú-kúi	不使鬼	itaigi:19234
poj	put-tap-put-chhit	不答不七	itaigi:7329
poj	put-tek-í	不得已	taihoa:65005
poj	put-tham-put-chhú	不貪不取	itaigi:10307
poj	put-thong	不通	itaigi:15981
poj	put-thong-put	不通不	itaigi:15982
poj	put-ti-só͘-ûn	不知所云	itaigi:6406
poj	put-tit-put	不得不	itaigi:7962
poj	put-titkhai-khiau	不得開曲	itaigi:9935
poj	put-tó͘	腹肚	itaigi:11693
poj	pu̍t-sim	佛心	itaigi:17044
poj	pu̍t-sim tâu-chu-chiá	佛心投資者	itaigi:17023
poj	pà	霸	taihoa:56551
poj	pà-lêng	霸凌	itaigi:6065
poj	pà-thâu	霸頭	taihoa:56565
poj	pài	拜	taihoa:56685
poj	pài-gō͘	拜五	itaigi:6044
poj	pài-hāu	拜候	taihoa:56698
poj	pài-ji̍t	拜日	itaigi:12277
poj	pài-jī	拜二	itaigi:6169
poj	pài-la̍k	拜六	itaigi:2004
poj	pài-la̍k lé-pài	拜六禮拜	itaigi:12274
poj	pài-saⁿ	拜三	itaigi:12537
poj	pài-thok	拜託	taihoa:56737
poj	pàng	放	taihoa:57251
poj	pàng hō͘-pe̍h	放雨白	itaigi:7496
poj	pàng sán-khùi	放瘦氣	itaigi:190
poj	pàng-chhiú	放手	taihoa:57282
poj	pàng-chiáu	放鳥	itaigi:18876
poj	pàng-jiō	放尿	taihoa:57346
poj	pàng-lo̍h-nńg	放落軟	itaigi:18974
poj	pàng-mo͘	放毛	itaigi:900
poj	pàng-nōa-nōa	放懶懶	itaigi:3259
poj	pàng-o̍h	放學	taihoa:57406
poj	pàng-phùi	放屁	taihoa:57418
poj	pàng-phùi an káu sim	放屁安狗心	itaigi:9169
poj	pàng-sak	放提	taihoa:57438
poj	pàng-siaⁿ	放聲	itaigi:18694
poj	pàng-sái	放屎	itaigi:442
poj	pàng-tiāⁿ	放定	itaigi:9002
poj	pá	飽	taihoa:56489
poj	pá-koan	把關	itaigi:11309
poj	pá-lâu	飽流	itaigi:2287
poj	pá-îⁿ	飽圓	itaigi:19440
poj	pái	擺	taihoa:56645
poj	pái-kha	擺腳	taihoa:56659
poj	pái-poah	擺撥	itaigi:13771
poj	pán-chú	版主	itaigi:7019
poj	pán-kim	板金	itaigi:6582
poj	pán-si̍t	扁食	itaigi:17197
poj	pâi	排	taihoa:56741
poj	pâi thâu ûi chún	排頭為準	itaigi:2480
poj	pâi ū seⁿ-siùⁿ	排有生相	itaigi:9054
poj	pâi-chhah	排插	itaigi:13637
poj	pâi-kiû	排球	taihoa:56792
poj	pâi-sòaⁿ	排線	itaigi:4580
poj	pâi-thek	排斥	taihoa:56840
poj	pâng-keng	房間	taihoa:57500
poj	pâng-tāi	房貸	itaigi:16860
poj	pé	把	taihoa:57820
poj	pé-chúi	把水	itaigi:7676
poj	pé-koan	把關	itaigi:16417
poj	péng-chhia-hî	反車魚	itaigi:3741
poj	péng-o͘-péng-pe̍h	反烏反白	itaigi:10684
poj	péng-pak	反腹	itaigi:409
poj	péng-toh	反桌	itaigi:15911
poj	péng-tò-tńg lâi kóng	反倒轉來講	itaigi:3649
poj	pê	賠	taihoa:57855
poj	pêng	平	taihoa:58744
poj	pêng-an	平安	taihoa:58751
poj	pêng-hong-kin	平方根	itaigi:15003
poj	pêng-hong-kong-hun	平方公分	itaigi:15001
poj	pêng-hong-kun	平方根	itaigi:15002
poj	pêng-hêng sî-khong	平行時空	itaigi:12890
poj	pêng-hêng-kám	平衡感	itaigi:6992
poj	pêng-iú	朋友	taihoa:58771
poj	pêng-kin	平均	taihoa:58783
poj	pêng-kin sok-lu̍t	平均速率	itaigi:8145
poj	pêng-kin sok-tō͘	平均速度	itaigi:8096
poj	pêng-kun ka-sok-tō͘	平均加速度	itaigi:19212
poj	pêng-kun kong-lu̍t	平均功率	itaigi:19213
poj	pêng-pán	平板	itaigi:19617
poj	pêng-pêng-an-an	平平安安	itaigi:1971
poj	pêng-siông	平常	taihoa:58801
poj	pêⁿ	平	taihoa:58470
poj	pêⁿ-pêⁿ	平平	itaigi:12022
poj	pì-bi̍t	秘密	taihoa:61907
poj	pì-kiat	祕結	itaigi:404
poj	pì-sù	閉思	itaigi:1902
poj	pìⁿ	變	itaigi:17715
poj	pìⁿ-kâu-lāng	變猴弄	itaigi:17086
poj	pìⁿ-kúi	變鬼	itaigi:11102
poj	pìⁿ-lāng	變弄	itaigi:17716
poj	pí	比	taihoa:61825
poj	pí chi̍t-ê su-iâⁿ	比一下輸贏	itaigi:8246
poj	pí koân-kē	比懸低	itaigi:8438
poj	pí-jū	比喻	taihoa:61852
poj	pí-lūn-kóng	比論講	itaigi:13570
poj	pí-sài	比賽	taihoa:61893
poj	píⁿ	扁	taihoa:62525
poj	píⁿ-hōe	扁蟹	itaigi:7797
poj	píⁿ-thô-chôaⁿ	扁桃泉	itaigi:768
poj	pî	牌	taihoa:61943
poj	pî-khì	脾氣	taihoa:61949
poj	pîn-kì	憑據	taihoa:62712
poj	pò-chóa	報紙	taihoa:63151
poj	pò-ho̍k-sèng siau-hùi	報復性消費	itaigi:19525
poj	pò-hō͘-kháu	報戶口	itaigi:4556
poj	pò-keh-á	報格仔	itaigi:1627
poj	pò-kò	報告	taihoa:63173
poj	pò-lō͘	報路	itaigi:11718
poj	pò-thâu	報頭	itaigi:11338
poj	pòaⁿ	半	taihoa:63367
poj	pòaⁿ kang-bó á	半公母仔	itaigi:10067
poj	pòaⁿ kū-lo̍h á	半舊落仔	itaigi:8576
poj	pòaⁿ soaⁿ-io	半山腰	itaigi:7511
poj	pòaⁿ-am-sī-nn̄g	半掩是兩	itaigi:2226
poj	pòaⁿ-bīn	半面	itaigi:18479
poj	pòaⁿ-bīn siong-sek	半面相識	itaigi:8293
poj	pòaⁿ-chhiûⁿ-á	半牆仔	itaigi:19663
poj	pòaⁿ-chiūⁿ-lō͘-chām	半上路站	itaigi:10483
poj	pòaⁿ-chiūⁿ-lō͘-ē	半上路下	itaigi:10485
poj	pòaⁿ-hiáng-á	半響仔	itaigi:11994
poj	pòaⁿ-iam-iûⁿ	半陰陽	itaigi:1945
poj	pòaⁿ-io	半腰	itaigi:7512
poj	pòaⁿ-kang-bó-á	半公母仔	itaigi:11867
poj	pòaⁿ-kin-peh -niú	半斤八兩	itaigi:9902
poj	pòaⁿ-kiám-kî	半減期	itaigi:12373
poj	pòaⁿ-kiâⁿ-cháu	半行走	itaigi:17131
poj	pòaⁿ-lam-sī-nn̄g	半籠是兩	itaigi:10486
poj	pòaⁿ-lâm-iûⁿ	半男陽	itaigi:7086
poj	pòaⁿ-lō͘ chi̍h pùn-taⁿ	半路折扁擔	itaigi:10472
poj	pòaⁿ-lō͘-chām	半路站	itaigi:12447
poj	pòaⁿ-miā	半命	itaigi:16499
poj	pòaⁿ-phiâⁿ	半坪	itaigi:7534
poj	pòaⁿ-se̍k-nn̄g	半熟卵	itaigi:13148
poj	pòaⁿ-sio-léng chúi	半燒冷水	itaigi:19181
poj	pòaⁿ-soaⁿ-tó͘	半山肚	itaigi:239
poj	pòaⁿ-soaⁿ-á	半山仔	itaigi:7513
poj	pòaⁿ-sìn-pòaⁿ-gî	半信半疑	itaigi:14413
poj	pòaⁿ-tiong-tn̂g	半中段	itaigi:18797
poj	pòaⁿ-tiâu-miā	半條命	itaigi:16498
poj	pòng	謗	taihoa:64033
poj	pòng-hong	膨風	itaigi:6436
poj	pò͘	布	taihoa:64206
poj	pò͘-kòa-á	布掛仔	itaigi:13417
poj	pò͘-lí-su-má	布里斯瑪	itaigi:17585
poj	pò͘-lí-su-thok	布里斯托	itaigi:17590
poj	pò͘-lí-su-thuh	布里斯托	itaigi:17591
poj	pò͘-pîⁿ	布棚	itaigi:14356
poj	pò͘-ta̍t-la-keng	布達拉宮	itaigi:17147
poj	pò͘-tē-chhí	布袋鼠	itaigi:2562
poj	pò͘-ê-á	布鞋仔	itaigi:2510
poj	pó-chhiⁿ-mo̍͘h	保鮮膜	itaigi:8
poj	pó-choân	保全	itaigi:1362
poj	pó-chèng	保證	taihoa:63039
poj	pó-chúi-hiám	保水險	itaigi:16576
poj	pó-hiám-si	保險絲	itaigi:3651
poj	pó-hiám-thiāu	保險柱	itaigi:11092
poj	pó-hiám-thò	保險套	itaigi:732
poj	pó-hō͘	保護	taihoa:63064
poj	pó-hō͘-lēng	保護令	itaigi:6102
poj	pó-iū	保佑	taihoa:63070
poj	pó-jîn-siū	保人壽	itaigi:16581
poj	pó-ke-jī	保家字	itaigi:14174
poj	pó-khòng-la̍t-chúi-tek	寶礦力水得	itaigi:707
poj	pó-kiàn tiong-sim	保健中心	itaigi:4516
poj	pó-kè-bōng	寶價望	itaigi:129
poj	pó-lê	寶螺	itaigi:1519
poj	pó-pau	堡包	itaigi:13783
poj	pó-pòe-kiû	寶貝球	itaigi:309
poj	pó-pún ki-kim	保本基金	itaigi:17009
poj	pó-sian	保鮮	itaigi:4769
poj	póng-gán	榜眼	itaigi:4611
poj	pó͘	補	taihoa:64118
poj	pó͘-bîn	補眠	itaigi:4829
poj	pó͘-hong-chhiok-éng	捕風捉影	itaigi:3732
poj	pó͘-saⁿ	補衫	taihoa:64166
poj	pó͘-ê	補鞋	taihoa:64135
poj	pôaⁿ	盤	taihoa:63629
poj	pôaⁿ-cha-bó͘	盤查某	itaigi:2794
poj	pôaⁿ-chhia-thâu	盤車頭	itaigi:15187
poj	pôaⁿ-chhùi	盤嘴	taihoa:63660
poj	pôaⁿ-chhùi-gím	盤嘴錦	taihoa:63663
poj	pôaⁿ-chéng	盤整	itaigi:16997
poj	pôaⁿ-hiān-lu̍t	盤現率	itaigi:3659
poj	pôaⁿ-ki	盤機	itaigi:15132
poj	pôaⁿ-kiû	盤球	itaigi:11038
poj	pôaⁿ-soaⁿ-kòe-niá	盤山過嶺	itaigi:3574
poj	pôe	賠	taihoa:63817
poj	pôe-phōaⁿ cheng-sìn	陪伴偵訊	itaigi:6105
poj	pôe-phōaⁿ chhut-têng	陪伴出庭	itaigi:6106
poj	pôe-pin	陪賓	taihoa:63838
poj	pôe-sán-ká	陪產假	itaigi:15978
poj	pôe-sím-chè	陪審制	itaigi:16181
poj	pôe-tông cheng-sìn	陪同偵訊	itaigi:6104
poj	pôe-tông chhut-têng	陪同出庭	itaigi:6103
poj	pông-piⁿ	旁邊	itaigi:7918
poj	pùi-á	疿仔	taihoa:64486
poj	pùn-sò	糞埽	taihoa:64670
poj	pùn-táu	糞斗	taihoa:64678
poj	pún	本	taihoa:64570
poj	pún-chîⁿ	本錢	taihoa:64582
poj	pún-gîn	本銀	itaigi:15375
poj	pún-jiân	本然	itaigi:18310
poj	pún-lâi	本來	taihoa:64601
poj	pún-nî	本年	taihoa:64608
poj	pún-pang	本邦	itaigi:12920
poj	pún-ūi	本位	itaigi:358
poj	pûi	肥	taihoa:64491
poj	pûi-bah	肥肉	taihoa:64496
poj	pûi-liāu	肥料	taihoa:64515
poj	pûi-mah	肥肉	itaigi:18098
poj	pûi-nńg	肥軟	itaigi:19266
poj	pûi-thng	肥湯	itaigi:17807
poj	pûn-ke-kui	歕雞胿	itaigi:9374
poj	pā-khó	罷考	itaigi:18793
poj	pāi kah tah-té	敗甲貼底	itaigi:8359
poj	pāi kah thô͘-thô͘-thô͘	敗甲塗塗塗	itaigi:8358
poj	pāi-chhī	敗市	itaigi:16928
poj	pāi-hèng	敗興	itaigi:2749
poj	pāi-khì	敗去	itaigi:14625
poj	pāi-ki	敗機	itaigi:7131
poj	pāi-lián	敗輪	itaigi:19362
poj	pān-lí	辦理	taihoa:57188
poj	pān-thâu	扮頭	itaigi:18964
poj	pē-bó seⁿ-chiâⁿ	爸母生成	itaigi:10722
poj	pē-bú	爸母	itaigi:1081
poj	pē-kng	培根	itaigi:14214
poj	pēng-chhiáⁿ	並且	itaigi:7947
poj	pēⁿ	病	taihoa:58577
poj	pēⁿ-kiau	病嬌	itaigi:15387
poj	pēⁿ-koán-sú	病管署	itaigi:19043
poj	pēⁿ-lí-ha̍k	病理學	itaigi:18924
poj	pēⁿ-pún	病本	itaigi:7157
poj	pēⁿ-pún khah po̍h	病本較薄	itaigi:7161
poj	pēⁿ-sek-kám	病識感	itaigi:3835
poj	pēⁿ-thâng-hāi	病蟲害	itaigi:13483
poj	pēⁿ-īⁿ	病院	taihoa:58615
poj	pī-hāi-chiá	被害者	itaigi:13838
poj	pī-khò	備課	itaigi:4810
poj	pī-lûi-chiam	避雷針	taihoa:61992
poj	pī-pó͘	被捕	itaigi:15998
poj	pī-pān	備辦	taihoa:61993
poj	pīⁿ	辮	taihoa:62749
poj	pīⁿ-īⁿ	病院	itaigi:17443
poj	pō-liông	暴龍	itaigi:19083
poj	pōaⁿ	伴	taihoa:63691
poj	pōe	背	taihoa:63847
poj	pōe-chhì	背刺	itaigi:11154
poj	pōe-kheh	背客	itaigi:15502
poj	pōe-kéng hok-siā	背景輻射	itaigi:19214
poj	pōng	碰	taihoa:64051
poj	pōng-bīn	碰面	itaigi:15273
poj	pōng-khang	磅空	taihoa:64071
poj	pōng-pió	磅表	taihoa:64082
poj	pōng-á	磅仔	taihoa:64056
poj	pō͘	部	taihoa:64330
poj	pō͘-lō͘	步路	itaigi:18070
poj	pō͘-phín	部品	itaigi:16013
poj	pō͘-sò͘	步數	itaigi:17127
poj	pū	婦	taihoa:64440
poj	pūi	吠	taihoa:64547
poj	sa-bui-sa-bui	沙微沙微	itaigi:18707
poj	sa-ko hî-thâu	沙鍋魚頭	itaigi:2678
poj	sa-la	沙拉	itaigi:2093
poj	sa-long-pa-suh	沙龍巴斯	itaigi:12845
poj	sai	師	itaigi:6144
poj	sai-bí-lō͘	西米露	itaigi:15378
poj	sai-gû bāng goe̍h	犀牛望月	itaigi:9375
poj	sai-gû chiò kak	犀牛照角	itaigi:9465
poj	sai-gû-chiáu	犀牛鳥	itaigi:3082
poj	sai-hong	西風	itaigi:10938
poj	sai-hū	師傅	taihoa:65372
poj	sai-kak-kim-ku	犀角金龜	itaigi:667
poj	sai-kha	私奇	itaigi:15101
poj	sai-khia	私奇	itaigi:17897
poj	sai-khia-chîⁿ	私奇錢	itaigi:7922
poj	sai-khia-lō͘	私奇路	itaigi:10573
poj	sai-kong-á	司公仔	itaigi:11892
poj	sai-kong-á-chiáu	司公仔鳥	itaigi:13340
poj	sai-pak-hō͘	西北雨	itaigi:7438
poj	sai-sun-á	司孫仔	itaigi:2627
poj	saiǹ-piⁿ	線邊	itaigi:14895
poj	sak-chhú	索取	itaigi:16409
poj	sam	杉	taihoa:65452
poj	sam  phèng ngó͘ phèng	三聘五聘	itaigi:8979
poj	sam bûn hî	三文魚	itaigi:7643
poj	sam chhiáⁿ sì ko͘-chiâⁿ	三請四姑情	itaigi:2209
poj	sam put gō͘ sî	三不五時	itaigi:8895
poj	sam sam ngó͘ ngó͘	三三五五	itaigi:8898
poj	sam sim lióng-ì	三心兩意	itaigi:8900
poj	sam-bi̍t-chek	三密擠	itaigi:3829
poj	sam-chhan put-tō͘	三餐不度	itaigi:8970
poj	sam-chìn-samthòe	三進三退	itaigi:8901
poj	sam-hiân	三弦	itaigi:4338
poj	sam-ho̍k thiⁿ	三伏天	itaigi:16018
poj	sam-jī-keng	三字經	itaigi:2075
poj	sam-koan lióng-ì	三關兩意	itaigi:8450
poj	sam-koan-ngó͘-hok	三觀五覆	itaigi:11646
poj	sam-kok téng-li̍p	三國鼎立	itaigi:8943
poj	sam-kok-chì	三國志	itaigi:1453
poj	sam-ko͘ -lio̍k-pô	三姑六婆	itaigi:8925
poj	sam-kàu kiú-liû	三教九流	itaigi:8961
poj	sam-pat bô io̍h i	三八無藥醫	itaigi:8843
poj	sam-pat bô-io̍h-i	三八無藥醫	itaigi:8888
poj	sam-pat cha-bó͘	三八查某	itaigi:8871
poj	sam-pat ké hiân-hōe	三八假賢慧	itaigi:14264
poj	sam-pat li-lo	三八哩囉	itaigi:8872
poj	sam-pat-chi	三八芝	taihoa:65536
poj	sam-pat-hō͘	三八雨	itaigi:17697
poj	sam-sam-pat-pat	三三八八	itaigi:8875
poj	sam-sek-tāu	三色豆	itaigi:19190
poj	sam-su jî hiō-hêng	三思而後行	itaigi:8930
poj	sam-têng	三重	itaigi:6208
poj	sam-á	杉仔	itaigi:2754
poj	sam-ûi	三圍	itaigi:12398
poj	san khêng hái kiat	山窮海竭	itaigi:9854
poj	san-sī	山寺	itaigi:15240
poj	san-tin-hái-chhò	山珍海錯	itaigi:9829
poj	san-té	山短	itaigi:5471
poj	sang-phó͘-soán	雙普選	itaigi:4514
poj	sang-piáⁿ	鬆餅	itaigi:3866
poj	sap-bûn-cheng	雪文精	itaigi:6477
poj	sap-bûn-hì	雪文戲	itaigi:19058
poj	sap-bûn-ko	雪文膏	itaigi:12360
poj	sat-bó	虱母	taihoa:66064
poj	sat-jîn	殺人	taihoa:66086
poj	sat-jîn-bia̍t-khió	殺人滅口	itaigi:2857
poj	sat-kè	殺價	itaigi:14777
poj	sat-seng	殺生	taihoa:66101
poj	sat-tio̍h	煞著	itaigi:16209
poj	sau-chhiò	嘲笑	itaigi:18478
poj	sau-lián	嘲臉	itaigi:18476
poj	sau-phî	嘲皮	itaigi:18477
poj	sa̍h	煠	taihoa:65056
poj	saⁿ	參	taihoa:65570
poj	saⁿ chhian sì chhian	三遷四遷	itaigi:8267
poj	saⁿ chhit jī-cha̍p it	三七二十一	itaigi:2207
poj	saⁿ chiah ti-á	三隻豬仔	itaigi:6115
poj	saⁿ ha̍p it	三合一	itaigi:6242
poj	saⁿ jī thô͘ liân chò-hóe	三字塗連做伙	itaigi:8428
poj	saⁿ kái	三改	itaigi:1964
poj	saⁿ kóng sì làu-khùi	三講四落氣	itaigi:10876
poj	saⁿ nn̄g kang-á	三兩工仔	itaigi:8905
poj	saⁿ nn̄g kù ōe	三兩句話	itaigi:8917
poj	saⁿ oan nn̄g choán	三彎兩轉	itaigi:8926
poj	saⁿ put chèng sî	三不正時	itaigi:10095
poj	saⁿ pō͘ chò chi̍t hoa̍h	三步做一伐	itaigi:8913
poj	saⁿ siau chèng	三消症	itaigi:7992
poj	saⁿ thâu nn̄g-bīn	三頭兩面	itaigi:8952
poj	saⁿ tn̂g sì té-miā	三長四短命	itaigi:8929
poj	saⁿ á saⁿ-cha̍p it	三仔三十一	itaigi:8573
poj	saⁿ-chat-á	三節仔	itaigi:11063
poj	saⁿ-cha̍p-e-huiⁿ	三十下昏	itaigi:11540
poj	saⁿ-chhin la̍k-jīn	三親六認	itaigi:8965
poj	saⁿ-chioh-mn̄g	相借問	itaigi:4087
poj	saⁿ-choh-sì-hioh	三作四歇	itaigi:2542
poj	saⁿ-cháiⁿ	三指	itaigi:11721
poj	saⁿ-giân-lióng-gí	三言兩語	itaigi:8918
poj	saⁿ-goe̍h cheh	三月節	itaigi:7886
poj	saⁿ-hoan ngó͘ chhù	三番五次	itaigi:8955
poj	saⁿ-hun-kiû	三分球	itaigi:1418
poj	saⁿ-hô	相和	itaigi:18300
poj	saⁿ-ji̍t cheh	三日節	itaigi:7913
poj	saⁿ-kak	三角	taihoa:65871
poj	saⁿ-kak keh-á	三角格仔	itaigi:8916
poj	saⁿ-kak môe	三角梅	itaigi:8565
poj	saⁿ-kak-bah	三角肉	itaigi:18532
poj	saⁿ-kak-ba̍k	三角目	itaigi:18530
poj	saⁿ-kak-chǹg	三角鑽	itaigi:18531
poj	saⁿ-kak-hoat	三角法	itaigi:18529
poj	saⁿ-kak-ki	三角肌	itaigi:19359
poj	saⁿ-kak-la̍k-keng	三角六肩	itaigi:18524
poj	saⁿ-kak-liông	三角龍	itaigi:19084
poj	saⁿ-kak-niû-á	三角娘仔	itaigi:19354
poj	saⁿ-kak-sin	三角身	itaigi:18525
poj	saⁿ-kap	相合	taihoa:65887
poj	saⁿ-kha-bé	三腳馬	taihoa:65897
poj	saⁿ-kha-á	三腳仔	taihoa:65895
poj	saⁿ-khàu-sì-khàu	三扣四扣	itaigi:8532
poj	saⁿ-khò͘	衫褲	taihoa:65933
poj	saⁿ-lián-chhia-á	三輪車仔	itaigi:11970
poj	saⁿ-lián-á-chhia	三輪仔車	itaigi:11971
poj	saⁿ-lâng nn̄g-bīn	三人兩面	itaigi:8951
poj	saⁿ-poaⁿ	相搬	itaigi:16419
poj	saⁿ-poe-nn̄g-ko	三杯卵糕	itaigi:12441
poj	saⁿ-put-téng	三不等	itaigi:2519
poj	saⁿ-pái  nn̄g-pái	三擺兩擺	itaigi:8946
poj	saⁿ-pó	三寶	itaigi:572
poj	saⁿ-siau-pēⁿ	三消病	itaigi:2566
poj	saⁿ-sái	相駛	itaigi:7105
poj	saⁿ-thiⁿ-bé	相添買	itaigi:18976
poj	saⁿ-tn̂g-nn̄g-té	三長兩短	itaigi:9840
poj	saⁿ-tn̂g-sì-té-miā	三長四短命	itaigi:9841
poj	saⁿ-tâng	相同	itaigi:18316
poj	saⁿ-téng cha̍p-jī hō	三等十二號	itaigi:8945
poj	saⁿ-téng jī-hō	三等二號	itaigi:8954
poj	saⁿ-tōa-hoat-jîn	三大法人	itaigi:16895
poj	saⁿ-á-saⁿ-cha̍p-it	三仔三十一	itaigi:2174
poj	saⁿ-á-tû	衫仔櫥	taihoa:65705
poj	saⁿ-á-tē	衫仔袋	taihoa:65701
poj	saⁿh-sim	煞心	itaigi:4445
poj	se-io̍h-pâng	西藥房	itaigi:15119
poj	se-iûⁿ-kúi-cheh	西洋鬼節	itaigi:5907
poj	se-khí	疏齒	itaigi:6050
poj	se-koe	西瓜	itaigi:6611
poj	se-kok chhài-iàn	西國菜燕	itaigi:12083
poj	se-si	西施	itaigi:2737
poj	se-táⁿ	西打	itaigi:5422
poj	seh	雪	taihoa:66464
poj	seh-bō	雪帽	itaigi:18155
poj	seh-hoe	雪花	itaigi:6846
poj	sek	心	taihoa:66557
poj	sek-hòng lêng-liōng	釋放能量	itaigi:19179
poj	sek-jī	釋字	itaigi:11315
poj	sek-khòng	錫礦	itaigi:19653
poj	sek-mê	色盲	itaigi:3621
poj	sek-mê-lâng	色盲人	itaigi:3620
poj	sek-tì	色致	taihoa:66697
poj	sek-tòng	適當	taihoa:66705
poj	seng hiâⁿ hō͘ sio	先燃予燒	itaigi:4650
poj	seng phín-bêng	先品明	itaigi:4063
poj	seng pàng-jiō chi̍t-ē	先放尿一下	itaigi:1292
poj	seng-bu̍t	生物	taihoa:66986
poj	seng-bu̍t to-iūⁿ-sèng	生物多樣性	itaigi:244
poj	seng-bu̍t-kho-ki	生物科技	itaigi:568
poj	seng-hoat-iû	生髮油	itaigi:16807
poj	seng-hong	生風	itaigi:17355
poj	seng-khong	星空	itaigi:3209
poj	seng-khu	身軀	taihoa:67022
poj	seng-kip	升級	taihoa:67029
poj	seng-kiû	星球	itaigi:6358
poj	seng-kî	星期	itaigi:11497
poj	seng-kî-tâi	升旗台	itaigi:12267
poj	seng-lí	生理	taihoa:67039
poj	seng-lí sèng-pia̍t	生理性別	itaigi:11311
poj	seng-lí-heng-liông	生理興隆	itaigi:2833
poj	seng-lí-kiat-kò͘	生理結構	itaigi:5991
poj	seng-lí-lâng	生理人	taihoa:67049
poj	seng-oa̍h	生活	taihoa:67056
poj	seng-oa̍h si̍p-koàn	生活習慣	itaigi:6923
poj	seng-pa-khat	星巴克	itaigi:6149
poj	seng-siù	星宿	itaigi:15148
poj	seng-si̍t	生殖	itaigi:12315
poj	seng-si̍t-khì-koan	生殖器官	itaigi:870
poj	seng-thài-tî	生態池	itaigi:12934
poj	seng-tòa	聲帶	itaigi:13624
poj	seng-tô͘-hōe	生徒會	itaigi:14160
poj	se̍h	踅	taihoa:66472
poj	se̍h iā-chhī	逛夜市	itaigi:6799
poj	se̍k	熟	itaigi:14900
poj	se̍k kah tò-thâu liām	熟甲倒頭唸	itaigi:18987
poj	se̍k-chhiú	熟手	itaigi:6062
poj	se̍k-chhùi	熟嘴	taihoa:66580
poj	se̍k-hoe	熟花	itaigi:18205
poj	se̍k-kong	石岡	itaigi:15713
poj	se̍k-nn̄g-leng	熟卵乳	itaigi:4015
poj	se̍k-sek	熟悉	itaigi:13217
poj	se̍k-se̍k	熟熟	itaigi:2664
poj	se̍k-sāi	熟似	itaigi:7730
poj	se̍k-sāi-lâng	熟似人	taihoa:66624
poj	se̍k-sū	熟士	itaigi:966
poj	seⁿ	生	taihoa:66714
poj	seⁿ-ba̍k-chiam	生目針	itaigi:12012
poj	seⁿ-ba̍k-káu-chiam	生目狗針	itaigi:12016
poj	seⁿ-chhng	生穿	taihoa:66732
poj	seⁿ-eⁿ-á	生嬰仔	itaigi:11793
poj	seⁿ-hūn só͘-chai	生份所在	itaigi:8643
poj	seⁿ-pô	生婆	itaigi:11903
poj	seⁿ-sian	生鉎	taihoa:67174
poj	seⁿ-sî ji̍t-goe̍h	生時日月	itaigi:8808
poj	si	司	taihoa:67233
poj	si-boe̍h-á	絲襪仔	itaigi:2045
poj	si-koe	西瓜	taihoa:69086
poj	si-pau	絲包	itaigi:3528
poj	si-phian	詩篇	itaigi:6410
poj	si-sòaⁿ tiàu tâng-cheng	絲線吊銅鐘	itaigi:9125
poj	siah	錫	taihoa:67895
poj	siah-khì	錫器	itaigi:3304
poj	siah-phôe	削皮	taihoa:67916
poj	siak í siak toh	摔椅摔桌	itaigi:10036
poj	siak-phah	摔拍	itaigi:17136
poj	siak-sí	摔死	itaigi:1787
poj	siak-tháng	摔桶	itaigi:15819
poj	sian	仙	taihoa:67999
poj	sian-pa-chióng	仙巴掌	itaigi:179
poj	sian-pòe	先輩	itaigi:17076
poj	sian-seⁿ	先生	taihoa:68523
poj	sian-seⁿ-má	先生媽	itaigi:11901
poj	sian-seⁿ-á	先生仔	itaigi:11890
poj	sian-siⁿ-niû	先生娘	itaigi:11077
poj	sian-thô	仙桃	itaigi:13905
poj	sian-ti	先知	taihoa:68561
poj	sian-tâi	仙台	itaigi:3927
poj	siang-bīn phiau-chún	雙面標準	itaigi:3478
poj	siang-chhe-lō͘	雙叉路	taihoa:68339
poj	siang-chân-piau-chún	雙層標準	itaigi:14827
poj	siang-iân	雙沿	itaigi:15895
poj	siang-jîn-chhn̂g	雙人床	itaigi:15310
poj	siang-kak-ku-á	雙角龜仔	itaigi:2708
poj	siang-koan lióng-ì	相關兩意	itaigi:8449
poj	siang-koan-liông	雙冠龍	itaigi:3150
poj	siang-phó͘-soán	雙普選	itaigi:4513
poj	siap-àm-o͘	塞暗烏	taihoa:68582
poj	siat	設	taihoa:68607
poj	siat-hoat	設法	taihoa:68616
poj	siat-kè	設計	taihoa:68620
poj	siat-kè-su	設計師	itaigi:413
poj	siat-li̍p	設立	taihoa:68638
poj	siat-sú	設使	taihoa:68650
poj	siau-bia̍t	消滅	taihoa:68909
poj	siau-hong	消風	taihoa:68920
poj	siau-hòa	消化	taihoa:68918
poj	siau-hòa-khì	消化器	itaigi:18324
poj	siau-hông-kio̍k	消防局	itaigi:7400
poj	siau-hông-koàn	消防罐	itaigi:6451
poj	siau-hông-tūi-oân	消防隊員	itaigi:6905
poj	siau-khan-thâu	消牽頭	itaigi:18850
poj	siau-khián	消遣	itaigi:7147
poj	siau-kui-chô-sûi	蕭規曹隨	itaigi:19310
poj	siau-liâng	消涼	itaigi:7585
poj	siau-sit	消失	taihoa:69002
poj	siau-to̍k	消毒	taihoa:69041
poj	siau-to̍k-chúi	消毒水	itaigi:12473
poj	sia̍h-á	勺仔	taihoa:67897
poj	siaⁿ	聲	taihoa:68000
poj	siaⁿ-bó͘	聲母	itaigi:14610
poj	siaⁿ-hāu	聲效	itaigi:18934
poj	siaⁿ-hāu-phìⁿ	聲效片	itaigi:19596
poj	siaⁿ-kak	聲角	itaigi:12290
poj	siaⁿ-tòa	聲帶	itaigi:13634
poj	sim	心	taihoa:69090
poj	sim-chhùi	心碎	itaigi:2471
poj	sim-chi-só͘-chāi	心之所在	itaigi:4199
poj	sim-chōng phèng-phōng-thiàu	心臟碰碰跳	itaigi:6717
poj	sim-chōng-kho	心臟科	itaigi:13070
poj	sim-hiòng-só͘-chāi	心向所在	itaigi:4147
poj	sim-hoe-tong-khui	心花當開	itaigi:10931
poj	sim-keng-hóe-to̍h	心經火著	itaigi:6029
poj	sim-kiaⁿ	心驚	itaigi:3952
poj	sim-koaⁿ	心肝	itaigi:3278
poj	sim-koaⁿ bô ì-hiàng	心肝無意向	itaigi:10898
poj	sim-koaⁿ hòng-hòng	心肝放放	itaigi:10899
poj	sim-koaⁿ hó	心肝好	itaigi:2269
poj	sim-koaⁿ khah tōa gû-hì	心肝較大牛肺	itaigi:3960
poj	sim-koaⁿ kiat kui-oân	心肝結規丸	itaigi:15210
poj	sim-koaⁿ pó-pòe	心肝寶貝	itaigi:10916
poj	sim-koaⁿ ùi-ùi	心肝畏畏	itaigi:10910
poj	sim-koaⁿ--ê	心肝的	itaigi:14793
poj	sim-koaⁿ-thâu	心肝頭	itaigi:19269
poj	sim-koaⁿ-thâu chai-chai	心肝頭知知	itaigi:10925
poj	sim-koaⁿ-thâu pàng-gōa-gōa	心肝頭放外外	itaigi:2235
poj	sim-koaⁿ-thâu tám-tám	心肝頭膽膽	itaigi:10911
poj	sim-koaⁿ-té	心肝底	itaigi:19312
poj	sim-koaⁿ-á	心肝仔	itaigi:1156
poj	sim-koaⁿ-á-káu	心肝仔狗	itaigi:14792
poj	sim-koaⁿ-á-niau	心肝仔貓	itaigi:14794
poj	sim-kông-hóe-jia̍t	心狂火熱	itaigi:8868
poj	sim-kông-hóe-to̍h	心狂火著	itaigi:2261
poj	sim-kông-sò-jia̍t	心狂燥熱	itaigi:10524
poj	sim-le̍k	心力	itaigi:4408
poj	sim-liâng pî-thó͘ khui	心涼脾土開	itaigi:10932
poj	sim-lí sèng-pia̍t	心理性別	itaigi:11312
poj	sim-lîm tōa-hóe	森林大火	itaigi:3709
poj	sim-lāi	心內	itaigi:6777
poj	sim-lāi chai-chai	心內知知	itaigi:10928
poj	sim-lāi iú sò͘	心內有數	itaigi:4822
poj	sim-lāi-ōe tōa mō͘-hiám	心內話大冒險	itaigi:6066
poj	sim-pak tn̂g-tō͘	心腹腸肚	itaigi:10550
poj	sim-pau-mo̍͘h hoat-iām	心胞膜發炎	itaigi:2234
poj	sim-pau-mo̍͘h-iām	心胞膜炎	itaigi:10900
poj	sim-pū	新婦	taihoa:69300
poj	sim-sek	心適	taihoa:69303
poj	sim-sek-hèng	心適興	itaigi:9811
poj	sim-sek-khùi	心適氣	itaigi:3038
poj	sim-sek-kài	心適界	itaigi:3914
poj	sim-sim-liām-liām	心心念念	itaigi:10902
poj	sim-thâu bô-tiāⁿ	心頭無定	itaigi:8902
poj	sim-thâu kiàⁿ-kiàⁿ	心頭鏡鏡	itaigi:10926
poj	sim-tiān-tô͘	心電圖	itaigi:467
poj	sim-tì-tô͘	心智圖	itaigi:12094
poj	sim-tō-koán	心導管	itaigi:12417
poj	sim-ài--ê	心愛的	itaigi:14280
poj	sim-á	心仔	itaigi:5475
poj	sin chū-bîn	新住民	itaigi:11195
poj	sin lâm-hiòng	新南向	itaigi:2775
poj	sin-bûn	新聞	taihoa:69574
poj	sin-bûn chóa	新聞紙	itaigi:8200
poj	sin-chhéng	申請	taihoa:69587
poj	sin-chhòng--ê	新創的	itaigi:16959
poj	sin-chhòng-kong-si	新創公司	itaigi:16956
poj	sin-chhòng-á	新創仔	itaigi:16958
poj	sin-chhù	身處	taihoa:69598
poj	sin-chiaⁿ	新正	itaigi:16555
poj	sin-chiaⁿ nî-thâu	新正年頭	itaigi:1344
poj	sin-gí	新語	taihoa:69616
poj	sin-hêng	身形	itaigi:2477
poj	sin-khí-sū-gia̍p	新起事業	itaigi:16957
poj	sin-khò-kiû	伸課球	itaigi:13422
poj	sin-khó͘ pēⁿ-thiàⁿ	辛苦病疼	itaigi:8914
poj	sin-kim-san	新金山	itaigi:833
poj	sin-kio̍k	新劇	itaigi:16280
poj	sin-kàu	身教	taihoa:69659
poj	sin-le̍k	新曆	taihoa:69704
poj	sin-lô	辛勞	itaigi:15192
poj	sin-niô͘-kang	新郎公	itaigi:11779
poj	sin-niû	新娘	taihoa:69718
poj	sin-niû-thèⁿ	新娘撐	itaigi:11784
poj	sin-nî	新年	itaigi:7867
poj	sin-pū-á siòng	新婦仔相	itaigi:9741
poj	sin-pū-á sîn	新婦仔神	itaigi:9740
poj	sin-pū-á thè	新婦仔體	itaigi:2219
poj	sin-sek	新式	taihoa:69769
poj	sin-seⁿ	先生	taihoa:69771
poj	sin-seⁿ-á	新生仔	itaigi:22
poj	sin-sim-chiòng-gāi	身心障礙	itaigi:11002
poj	sin-sim-kho	身心科	itaigi:6269
poj	sin-súi	薪水	taihoa:69802
poj	sin-thé kiān-khong	身體健康	itaigi:19180
poj	sin-thé kok-iūⁿ	身體各樣	itaigi:2267
poj	sin-thé-ióng-kiāⁿ	身體勇件	itaigi:19238
poj	sin-tn̂g miā-té	身長命短	itaigi:10699
poj	sio	燒	taihoa:69844
poj	sio chhân-chháu	燒田草	itaigi:7360
poj	sio sian chháu	燒仙草	itaigi:7564
poj	sio siám-kòe	相閃過	itaigi:2257
poj	sio ông-chûn	燒王船	itaigi:14154
poj	sio-cheⁿ-niá	相爭領	itaigi:16905
poj	sio-chhiàng	相唱	itaigi:19320
poj	sio-chhiân	燒腸	itaigi:7363
poj	sio-chhé	相扯	itaigi:19124
poj	sio-chúi	燒水	taihoa:70182
poj	sio-chúi-ki	燒水機	itaigi:17963
poj	sio-hoan-be̍h	燒番麥	itaigi:15407
poj	sio-hong-kiû	燒風球	itaigi:18942
poj	sio-hūn-kó͘	相份股	itaigi:17010
poj	sio-joa̍h	燒熱	taihoa:70275
poj	sio-kek-thâu-náu	相激頭腦	itaigi:792
poj	sio-kiû	燒球	itaigi:516
poj	sio-koah-bah	燒割肉	itaigi:12476
poj	sio-koàn	燒罐	taihoa:70385
poj	sio-kàn	相幹	taihoa:70332
poj	sio-káu	燒狗	itaigi:3513
poj	sio-kāng	相共	taihoa:70335
poj	sio-mē	相罵	taihoa:70437
poj	sio-niū	相讓	taihoa:70621
poj	sio-pau	燒包	itaigi:8103
poj	sio-pau-á	燒包仔	itaigi:1237
poj	sio-phah-ku-á	相拍龜仔	itaigi:17224
poj	sio-phìⁿ-ki-á	燒片機仔	itaigi:1571
poj	sio-phōaⁿ-koan-hē	相伴關係	itaigi:13588
poj	sio-pōng	相碰	itaigi:4504
poj	sio-siám-sin	相閃身	itaigi:10983
poj	sio-siâng	相像	taihoa:70687
poj	sio-soaⁿ	燒山	itaigi:11014
poj	sio-tak	相觸	itaigi:19337
poj	sio-tak-chhùi	相觸嘴	taihoa:70715
poj	sio-thàn sio hiàm	相趁相喊	itaigi:8623
poj	sio-thàn sio-hán	相趁相喊	itaigi:10514
poj	sio-thàn-sio-hán	相趁相喊	itaigi:15870
poj	sio-thâi	相刣	itaigi:19094
poj	sio-toh	燒桌	itaigi:4157
poj	sio-tán	相等	itaigi:13627
poj	sio-tâm	相談	itaigi:17623
poj	sio-tâng	相同	taihoa:70718
poj	sio-tòa	相帶	itaigi:17552
poj	sio-ì-ài	相意愛	itaigi:13640
poj	sioh-bīn-téng-phôe	惜面頂皮	itaigi:6035
poj	sioh-hoe-liân-phûn	惜花連盆	itaigi:1644
poj	sioh-miā	惜命	itaigi:19126
poj	siok-bo̍k	寂寞	itaigi:571
poj	siok-sià	宿舍	taihoa:70389
poj	siok-tô͘	縮圖	itaigi:18358
poj	siong-gia̍p	商業	taihoa:70548
poj	siong-hông	相逢	itaigi:1303
poj	siong-hāi	傷害	taihoa:70552
poj	siong-kìⁿ	相見	itaigi:4195
poj	siong-pún	傷本	itaigi:19129
poj	siong-sim	傷心	taihoa:70596
poj	siong-sim chiú-tiàm	傷心酒店	itaigi:19252
poj	siong-tiōng	傷重	itaigi:5400
poj	siong-tâm	相談	itaigi:17622
poj	sio̍k	續	taihoa:70282
poj	sio̍k-bé	俗買	itaigi:468
poj	sio̍k-hoe-lêng-ki	俗飛行機	itaigi:164
poj	sio̍k-hôe	贖回	itaigi:16911
poj	sio̍k-kè hâng-khong	俗價航空	itaigi:5803
poj	sio̍k-mih-á	俗物仔	itaigi:1245
poj	sio̍k-mi̍h	俗物	itaigi:6365
poj	sio̍k-sio̍k-á-pēⁿ	俗俗仔病	itaigi:9722
poj	sio̍k-tan-jī	屬單字	itaigi:17101
poj	sio̍k-thok	屬託	itaigi:19128
poj	sioⁿ chhiau-kòe--ah	傷超過矣	itaigi:13561
poj	sioⁿ kòe-hūn--ah	傷過份矣	itaigi:13562
poj	sip	濕	taihoa:70789
poj	sip-jūn-tē	濕潤地	itaigi:7656
poj	sip-kōaⁿ	溼汗	itaigi:15520
poj	sip-sip á hō͘	溼溼仔雨	itaigi:9663
poj	sip-tō͘	溼度	itaigi:2907
poj	sit	式	taihoa:70822
poj	sit--khì	失去	taihoa:70965
poj	sit-bîn	失眠	taihoa:70911
poj	sit-bāng	失望	taihoa:70910
poj	sit-chhò	失錯	taihoa:70921
poj	sit-chú	失主	itaigi:4680
poj	sit-chúi	失水	itaigi:7684
poj	sit-goe̍h	失月	itaigi:14861
poj	sit-hóng-chú	實況主	itaigi:550
poj	sit-ji̍t	失日	itaigi:14859
poj	sit-kak-chhat	失覺察	itaigi:14748
poj	sit-keh	失格	itaigi:19425
poj	sit-kiám-tiám	失點點	itaigi:16350
poj	sit-lián-bīn	失臉面	itaigi:18475
poj	sit-lé	失禮	taihoa:70976
poj	sit-pāi	失敗	taihoa:70993
poj	sit-tì	失智	itaigi:917
poj	sit-tì-chèng	失智症	itaigi:12425
poj	siu	收	taihoa:71042
poj	siu-chèng	修正	itaigi:16996
poj	siu-chèng-e̍k	修正液	itaigi:11013
poj	siu-chúi	收水	itaigi:3204
poj	siu-im-ki	收音機	taihoa:71316
poj	siu-iông	收容	taihoa:71317
poj	siu-kaⁿ	收監	itaigi:14134
poj	siu-koah-chhia	收割車	itaigi:14136
poj	siu-kì	收據	taihoa:71332
poj	siu-lí	修理	taihoa:71346
poj	siu-lí se-thang	修理紗窗	itaigi:2069
poj	siu-si	壽司	itaigi:18940
poj	siu-siap-thia̍p	收塞疊	itaigi:14138
poj	siu-siap-tia̍p	收塞疊	itaigi:2014
poj	siu-sok	收束	itaigi:14354
poj	siu-sêng	收成	taihoa:71507
poj	siu-sêng chêng	收成前	itaigi:2094
poj	siu-sī-lu̍t	收視率	itaigi:8781
poj	siu-sū	收事	taihoa:71541
poj	siu-tang	收冬	taihoa:71543
poj	siu-tit	收得	itaigi:19487
poj	siu-tiâu	收條	taihoa:71554
poj	siuⁿ	相	itaigi:3249
poj	siuⁿ hn̄g	傷遠	itaigi:4652
poj	siuⁿ tiⁿ	傷甜	itaigi:6200
poj	siuⁿ òaⁿ	傷晏	itaigi:3231
poj	siuⁿ-á	箱仔	itaigi:1919
poj	sià-bián	赦免	taihoa:67759
poj	sià-chōe	赦罪	taihoa:67764
poj	sià-kah lī-lī-lī	卸甲離離離	itaigi:8355
poj	sià-keng	卸肩	itaigi:5901
poj	sià-lī-chú	舍利子	itaigi:3514
poj	sià-sià-kiò	削削叫	itaigi:19246
poj	sià-sì-chèng	卸世眾	itaigi:14039
poj	sià-sì-sià-chèng	卸世卸眾	itaigi:14040
poj	siàn	搧	itaigi:6305
poj	siàn-pò͘-piⁿ	線布邊	itaigi:14897
poj	siàn-thiu	線抽	itaigi:14896
poj	siàn-tōng	煽動	taihoa:68078
poj	siàng-heng	摔胸	itaigi:16637
poj	siàng-tōa-bîn	摔大眠	itaigi:13741
poj	siàng-tōa-hō͘	摔大雨	itaigi:17062
poj	siàu	少	taihoa:68812
poj	siàu-hō	數號	itaigi:799
poj	siàu-liân	少年	taihoa:68852
poj	siàu-liân ang-bó͘	少年翁某	itaigi:9654
poj	siàu-liân chhóng-pōng	少年衝碰	itaigi:1251
poj	siàu-liân ke-thô-á	少年雞桃仔	itaigi:10841
poj	siàu-liân ló-sêng	少年老成	itaigi:10842
poj	siàu-liân se̍k-kut	少年熟骨	itaigi:10843
poj	siàu-liân thâu-ke	少年頭家	itaigi:6120
poj	siàu-liân-lâng	少年人	taihoa:68869
poj	siàu-liām	數念	itaigi:1680
poj	siàu-liām--góa	數念我	itaigi:6562
poj	siàu-lú-sî-tāi	少女時代	itaigi:6747
poj	siàu-siūⁿ	數想	itaigi:1560
poj	siàⁿ-siàⁿ kóng tio̍h	聖聖講著	itaigi:10100
poj	siá	寫	taihoa:67728
poj	siá khó͘	寫許	itaigi:5
poj	siá kong-khò	寫功課	itaigi:4844
poj	siá kám-sióng	寫感想	itaigi:13523
poj	siá thêng sū	寫程序	itaigi:11155
poj	siá-phiò	寫票	itaigi:3889
poj	siám lî-khui	閃離開	itaigi:6209
poj	siám--tio̍h	閃著	itaigi:4048
poj	siám-hiān	閃現	itaigi:958
poj	siám-khui	閃開	itaigi:1721
poj	siám-pī-kiû	閃避球	itaigi:2140
poj	siám-taⁿ	閃擔	itaigi:5902
poj	siáng	啥	taihoa:68204
poj	siáu	痟	itaigi:6131
poj	siáu-jîn-kok	小人國	itaigi:15114
poj	siáu-koeh-káu	小郭狗	itaigi:1741
poj	siáu-kúi-á-khak	小鬼仔殼	itaigi:14786
poj	siáu-soat	小說	taihoa:68786
poj	siáu-éng	小影	taihoa:68704
poj	siáⁿ-hòe	啥貨	taihoa:68005
poj	siáⁿ-lâng	啥人	taihoa:68011
poj	siáⁿ-mih	啥物	itaigi:2030
poj	siáⁿ-mih sî-chūn	啥物時陣	itaigi:2738
poj	siáⁿ-mih tāi-chì	啥物代誌	itaigi:10554
poj	siáⁿ-mih óaⁿ-ko	啥物碗糕	itaigi:4148
poj	siáⁿ-mih-mi̍h-kiāⁿ	啥物物件	itaigi:335
poj	siáⁿ-mih-sî-chūn	啥物時陣	itaigi:12031
poj	siâ-khì	邪氣	itaigi:4541
poj	siâ-kàu	邪教	itaigi:6487
poj	siâ-sîn	邪神	taihoa:67820
poj	siâm	尋	itaigi:14485
poj	siâm-chē	禪坐	itaigi:16167
poj	siâⁿ	成	taihoa:68085
poj	siâⁿ-khang	城空	itaigi:16162
poj	siòng	相	taihoa:70453
poj	siòng-kheng	相框	itaigi:12456
poj	siòng-miā	相命	taihoa:70475
poj	sió kan-lo̍k	小干樂	itaigi:6974
poj	sió kī-tàn	小巨蛋	itaigi:690
poj	sió pok kut tan	小駁骨丹	itaigi:9752
poj	sió-bē	小賣	taihoa:69856
poj	sió-bīn-sîn	小面神	itaigi:3542
poj	sió-chhit ko-á	小七哥仔	itaigi:9610
poj	sió-chhoe	小吹	itaigi:17051
poj	sió-chhut	小齣	itaigi:9643
poj	sió-chiá	小姐	taihoa:69894
poj	sió-chu	小資	itaigi:5790
poj	sió-chèng-hú chú-gī	小政府主義	itaigi:19680
poj	sió-ha̍k	小學	itaigi:13880
poj	sió-hioh	小歇	itaigi:18970
poj	sió-hoeh-kiû	小血球	itaigi:11011
poj	sió-hân	小寒	itaigi:11537
poj	sió-iû-kheⁿ	小油坑	itaigi:5955
poj	sió-khak-hēng	小確幸	itaigi:451
poj	sió-khóa	小可	taihoa:69955
poj	sió-khóa lâng-á	小可人仔	itaigi:9621
poj	sió-khóa seng-lí	小可生理	itaigi:9628
poj	sió-khóa tāi-chì	小可代誌	itaigi:9644
poj	sió-khóa tōa-tāi-chì	小可大代誌	itaigi:9646
poj	sió-khóa-á	小可仔	itaigi:861
poj	sió-kio̍k	小局	itaigi:9645
poj	sió-kòe-nî	小過年	itaigi:11548
poj	sió-kòe-nî-á	小過年仔	itaigi:11549
poj	sió-kúi-á-khì	小鬼仔氣	itaigi:9713
poj	sió-kúi-á-siòng	小鬼仔相	itaigi:9712
poj	sió-mōe	小妹	taihoa:70031
poj	sió-náu	小腦	itaigi:5498
poj	sió-pau	小包	itaigi:7998
poj	sió-piān	小便	taihoa:70047
poj	sió-pêng-iú	小朋友	itaigi:497
poj	sió-seng-lí	小生理	itaigi:9627
poj	sió-sim sè-jī	小心細膩	itaigi:9618
poj	sió-sin-hūn	小身份	itaigi:13292
poj	sió-soat	小雪	itaigi:11535
poj	sió-sò͘-tiám	小數點	itaigi:7406
poj	sió-thèng-hāu chi̍t-ē	小聽候一下	itaigi:11462
poj	sió-tiám-á	小點仔	itaigi:6831
poj	sió-tiâu	小潮	itaigi:11363
poj	sió-tán--chi̍t-ē	小等一下	itaigi:13590
poj	sió-tán-chi̍t-ē	小等一下	itaigi:11463
poj	sió-tī	小弟	taihoa:70078
poj	siông-kái	詳解	itaigi:8785
poj	siông-kó-sòaⁿ	松果腺	itaigi:5507
poj	siông-soàn-sū	詳算士	itaigi:17032
poj	siông-á	松仔	itaigi:7459
poj	siù	秀	taihoa:71096
poj	siù-hoe	繡花	taihoa:71103
poj	siù-lâng	獸人	itaigi:15381
poj	siù-sòaⁿ	繡線	taihoa:71127
poj	siú	手	taihoa:71043
poj	siú-kui-kí	守規矩	taihoa:71073
poj	siú-tiúⁿ	首長	taihoa:71093
poj	siúⁿ-kim	賞金	itaigi:6858
poj	siúⁿ-sù	賞賜	taihoa:71374
poj	siû	酬	taihoa:71132
poj	siā	社	taihoa:67827
poj	siā-cheng	射精	itaigi:19737
poj	siā-chìⁿ	射箭	taihoa:67838
poj	siā-chōe	謝罪	taihoa:67841
poj	siā-hōe  té-chân	社會底層	itaigi:4840
poj	siā-kûn	社群	itaigi:8093
poj	siā-lé	謝禮	taihoa:67868
poj	siān-iân	善緣	itaigi:14376
poj	siān-lâng-á	蟺蟲仔	taihoa:68154
poj	siān-thâng-á	善蟲仔	taihoa:68170
poj	siāng	上	taihoa:68258
poj	siāng chē	上濟	itaigi:9318
poj	siāng tōa tāi sí soah	上大代死煞	itaigi:9319
poj	siāng-bóe--ê	上尾的	itaigi:13595
poj	siāng-khoán	像款	taihoa:68300
poj	siāng-koân	上懸	itaigi:13593
poj	siăn-pái	先輩	itaigi:1270
poj	siōng	誦	itaigi:14504
poj	siōng put chèng chek hā oai	上不正即下歪	itaigi:9039
poj	siōng ài	上愛	itaigi:2784
poj	siōng-boán-pôaⁿ	上滿盤	itaigi:4403
poj	siōng-bóe-sòaⁿ	上尾線	itaigi:6607
poj	siōng-bóe-á	上尾仔	itaigi:3338
poj	siōng-cheng	象徵	itaigi:19107
poj	siōng-chhiáⁿ	尚且	itaigi:7949
poj	siōng-hó sī	上好是	itaigi:2898
poj	siōng-khò	上課	taihoa:70523
poj	siōng-thoân	上傳	itaigi:7143
poj	siōng-thâu-chi̍t-ē	上頭一下	itaigi:11122
poj	siōng-thâu-chê	上頭一下	itaigi:11123
poj	siōng-tāi-seng	上代先	itaigi:11474
poj	siū	壽	itaigi:11821
poj	siū-hāi-chiá	受害者	itaigi:13868
poj	siū-khì	受氣	itaigi:18913
poj	siū-khū	壽具	itaigi:11824
poj	siū-sìn	授信	itaigi:16994
poj	siū-sû	受詞	itaigi:11054
poj	siūⁿ	想	taihoa:71388
poj	siūⁿ khang siūⁿ phāng	想空想縫	itaigi:9101
poj	siūⁿ khòaⁿ-māi	想看覓	itaigi:13147
poj	siūⁿ lí	想你	itaigi:2732
poj	siūⁿ tò-túiⁿ lâi	想倒轉來	itaigi:10658
poj	siūⁿ-bô	想無	itaigi:4634
poj	siūⁿ-chhiāng	想像	itaigi:4815
poj	siūⁿ-khang-siūⁿ-phāng	想空想縫	itaigi:19057
poj	siūⁿ-sióng	想像	itaigi:18109
poj	si̍h-pún	蝕本	taihoa:69058
poj	si̍p choân si̍p bí	十全十美	itaigi:8848
poj	si̍p-choân tāi pó͘	十全大補	itaigi:8850
poj	si̍p-jī lō͘-thâu	十字路頭	itaigi:8851
poj	si̍p-jī-kè	十字架	taihoa:70794
poj	si̍p-jī-lō͘	十字路	taihoa:70795
poj	si̍p-kok-bí	十穀米	itaigi:639
poj	si̍p-koàn	習慣	taihoa:70796
poj	si̍p-pat-káu	十八狗	itaigi:4124
poj	si̍t	實	taihoa:70828
poj	si̍t-bu̍t	實物	taihoa:70839
poj	si̍t-choh	實作	itaigi:13197
poj	si̍t-chāi	實在	taihoa:70842
poj	si̍t-iōng	實用	taihoa:70873
poj	si̍t-jī	實字	itaigi:13940
poj	si̍t-kó͘ ta--ah	翼股焦矣	itaigi:6608
poj	si̍t-kó͘ ta-ah	翼股焦矣	itaigi:2103
poj	si̍t-liân-chè	實聯制	itaigi:19654
poj	si̍t-lī-lu̍t	殖利率	itaigi:17013
poj	si̍t-si̍p	實習	taihoa:70897
poj	si̍t-si̍p i-su	實習醫師	itaigi:892
poj	si̍t-si̍p-seng	實習生	itaigi:12457
poj	si̍t-tn̂g	食堂	itaigi:11965
poj	si̍t-tō-gâm	食道癌	itaigi:12949
poj	siⁿ	鉎	taihoa:69361
poj	siⁿ-hêng	生形	itaigi:17861
poj	siⁿ-koe	生瓜	itaigi:6612
poj	siⁿ-tn̂g-miā-té	生長命短	itaigi:10700
poj	sng	酸	taihoa:71566
poj	sng kiù kiù	酸糾糾	itaigi:15050
poj	sng-chhò͘	酸醋	taihoa:71668
poj	sng-châi	桑材	taihoa:71665
poj	sng-châi-á	桑材仔	itaigi:13107
poj	sng-gû-leng	酸牛奶	itaigi:10940
poj	sng-gû-leng-ko	酸牛奶膏	itaigi:10941
poj	sng-hòa a-iân	酸化亞鉛	itaigi:2463
poj	sng-hòa hông-chí-chè	酸化防止劑	itaigi:17904
poj	sng-hòa-bu̍t	酸化物	itaigi:2446
poj	sng-kè-kó	酸計果	itaigi:19374
poj	sng-leng-ko	酸奶膏	itaigi:15209
poj	sng-loa̍h-thng	酸辣湯	itaigi:8303
poj	sng-sò͘	酸素	itaigi:18302
poj	sng-sò͘-pân	酸素瓶	itaigi:3990
poj	so	騷	taihoa:71732
poj	so-chháu	搓草	taihoa:72678
poj	so-jiáu	騷擾	itaigi:15374
poj	soa	施	taihoa:71814
poj	soa-hì	沙肺	itaigi:12931
poj	soa-hî	沙魚	taihoa:71967
poj	soa-hún	沙粉	itaigi:7542
poj	soa-lêng	沙鈴	itaigi:3678
poj	soa-lāu	沙漏	taihoa:72036
poj	soa-thoaⁿ	沙灘	itaigi:11354
poj	soah	撒	taihoa:71940
poj	soah-bóe	煞尾	itaigi:11735
poj	soah-bóe-cháiⁿ	煞尾指	itaigi:11732
poj	soah-hì	煞戲	itaigi:14352
poj	soah-keng	煞經	itaigi:14365
poj	soah-liáu-tāi	煞了代	itaigi:13728
poj	soan	酸	taihoa:72061
poj	soan-bîn	酸民	itaigi:759
poj	soan-chiàn	宣戰	taihoa:72293
poj	soan-giân	宣言	taihoa:72319
poj	soan-sè	宣誓	taihoa:72537
poj	soan-sò͘-tà	酸素罩	itaigi:6634
poj	soan-thoân	宣傳	taihoa:72590
poj	soan-thoân-toaⁿ	宣傳單	taihoa:72591
poj	soat-bêng	說明	taihoa:72642
poj	soat-bûn	雪文	taihoa:72644
poj	soat-chhia-khián	雪車犬	itaigi:16149
poj	soat-môe	雪梅	itaigi:7929
poj	soaⁿ	山	taihoa:72057
poj	soaⁿ khe-á chúi	山溪仔水	itaigi:7487
poj	soaⁿ-be̍h	山脈	itaigi:17393
poj	soaⁿ-bóe-liu	山尾溜	itaigi:7819
poj	soaⁿ-bûn-bó	山蚊母	itaigi:1579
poj	soaⁿ-chhân	山田	itaigi:17311
poj	soaⁿ-chiam	山尖	itaigi:2166
poj	soaⁿ-chiaⁿ	山精	itaigi:16526
poj	soaⁿ-chiⁿ	山精	itaigi:16527
poj	soaⁿ-chúi	山水	itaigi:7488
poj	soaⁿ-iûⁿ-á	山羊仔	itaigi:12430
poj	soaⁿ-koân chúi-gû tōa	山懸水牛大	itaigi:10745
poj	soaⁿ-mûi	山門	itaigi:9825
poj	soaⁿ-niau	山貓	itaigi:8010
poj	soaⁿ-niā	山陵	itaigi:9837
poj	soaⁿ-nāi	山奈	itaigi:9796
poj	soaⁿ-phiâⁿ	沙坪	itaigi:7545
poj	soaⁿ-phiâⁿ-á	山坪仔	itaigi:11380
poj	soaⁿ-sī	山寺	itaigi:15241
poj	soaⁿ-tang-pe̍h-á	山東白仔	itaigi:9346
poj	soaⁿ-tek	山竹	itaigi:2276
poj	soaⁿ-thâu	山頭	itaigi:955
poj	soaⁿ-thâu khok-bóe	山頭擴尾	itaigi:9833
poj	soaⁿ-thâu lo̍k-kak bóe	山頭鹿角尾	itaigi:9795
poj	soaⁿ-thâu niá-bóe	山頭嶺尾	itaigi:9831
poj	soaⁿ-thô͘-tāu	山塗豆	itaigi:9287
poj	soaⁿ-téng	山頂	itaigi:7818
poj	soaⁿ-téng bóe-liu	山頂尾溜	itaigi:7486
poj	soaⁿ-téng lâng ji̍p ke	山頂人入街	itaigi:9665
poj	soaⁿ-àm-kong	山暗光	itaigi:12202
poj	soaⁿ-īⁿ	山院	itaigi:15242
poj	soe-bî	衰微	itaigi:14620
poj	soe-bóe-tō-jîn	衰尾道人	itaigi:1376
poj	soe-kia̍t	衰竭	itaigi:16604
poj	soe-pāi	衰敗	itaigi:14621
poj	soeh-bêng	說明	taihoa:72755
poj	soeh-siā	說謝	taihoa:72774
poj	soh-á	索仔	taihoa:72821
poj	soh-á-hûn	索仔雲	itaigi:12460
poj	soh-á-kó͘	索仔股	itaigi:6590
poj	sok-hoat	束髮	itaigi:16801
poj	sok-i	束衣	itaigi:6186
poj	sok-ka-chhia	塑膠車	itaigi:6770
poj	sok-ka-koàn-á	塑膠罐仔	itaigi:6400
poj	sok-ka-sún	塑膠筍	itaigi:12426
poj	sok-kín	速緊	itaigi:19582
poj	sok-siá	縮寫	itaigi:11585
poj	sok-sok	速速	itaigi:19583
poj	sok-ta	縮焦	itaigi:7683
poj	sok-tòa	束帶	itaigi:6142
poj	som-lîm tōa-hóe	森林大火	itaigi:3710
poj	som-á	參仔	itaigi:8741
poj	song-chiong	喪鐘	itaigi:16374
poj	song-ká	喪假	itaigi:15972
poj	song-sū	喪事	taihoa:72974
poj	soàn-thâu	蒜頭	taihoa:72194
poj	soàn-á	蒜仔	taihoa:72114
poj	soán	選	taihoa:72063
poj	soán iâⁿ	選贏	itaigi:1536
poj	soán-chhiú	選手	taihoa:72069
poj	soán-kak	選角	itaigi:8793
poj	soán-kí	選舉	taihoa:72086
poj	soán-kó͘	選股	itaigi:4565
poj	soán-te̍k-khoân	選擇權	itaigi:17007
poj	soán-tâu-khì	選台器	itaigi:1829
poj	soân-hong	旋風	itaigi:2778
poj	so̍k-tòa	束帶	itaigi:1141
poj	so͘	蘇	taihoa:72991
poj	so͘-kó	疏果	itaigi:14706
poj	so͘-táⁿ	蘇打	itaigi:15625
poj	ssap-bûn-e̍k	雪文液	itaigi:2644
poj	su	司	taihoa:73141
poj	su-bō͘ ki-kim	私募基金	itaigi:12063
poj	su-hoeh	輸血	taihoa:73361
poj	su-hoān ha̍k-īⁿ	師範學院	itaigi:13047
poj	su-iàu	需要	taihoa:73480
poj	su-iâⁿ	輸贏	itaigi:7059
poj	su-ji̍p-hoat	輸入法	itaigi:1305
poj	su-kah tah-tah	輸甲貼貼	itaigi:8366
poj	su-kak-sit-tiâu-chèng	思覺失調症	itaigi:6139
poj	su-khia	私奇	itaigi:17730
poj	su-khong	斯康	itaigi:17692
poj	su-ki	司機	taihoa:73516
poj	su-li̍p	私立	taihoa:73538
poj	su-ong	師翁	itaigi:19611
poj	su-pó͘-chhia	司捕車	itaigi:15226
poj	su-siat	私設	taihoa:73761
poj	su-sim	私心	taihoa:73762
poj	su-sióng	思想	taihoa:73768
poj	su-su-liām-liām	思思念念	itaigi:10901
poj	su-tiūⁿ	師丈	itaigi:6936
poj	su-î	思維	itaigi:984
poj	suh	嗍	taihoa:73329
poj	sui-jiân	雖然	taihoa:73483
poj	sun-á	孫仔	taihoa:73715
poj	sut	率	taihoa:73779
poj	sut-ti̍t	率直	taihoa:73841
poj	su̍t-á	術仔	itaigi:18622
poj	sài-hā-cho̍k	賽夏族	itaigi:7350
poj	sài-ong-sit-má	塞翁失馬	itaigi:17155
poj	sàm-pō͘	散步	taihoa:65474
poj	sàn	散	taihoa:65631
poj	sàn kah bô-pòaⁿ-hāng	散甲無半項	itaigi:8382
poj	sàn kah koah-âu bô hoeh	散甲割喉無血	itaigi:8381
poj	sàn-chhiah-lâng	散赤人	itaigi:1001
poj	sàn-chhiah-lâng-á	散赤人仔	itaigi:11860
poj	sàn-chia̍h-lâng	散食人	itaigi:5947
poj	sàn-hiong-lâng	散凶人	itaigi:6039
poj	sàn-pún	散本	itaigi:17129
poj	sàng	送	taihoa:65763
poj	sàng chia̍h-si̍t	送食食	itaigi:3191
poj	sàng-kū	送舊	itaigi:943
poj	sàng-phoe-oân	送批員	itaigi:3903
poj	sàng-soaⁿ-thâu	送山頭	itaigi:11808
poj	sàng-tiong	送中	itaigi:14971
poj	sàng-tiāⁿ	送定	itaigi:1109
poj	sàu	掃	taihoa:66124
poj	sàu-lō͘--ê	掃路的	itaigi:4661
poj	sái	使	taihoa:65096
poj	sái tò-thoa-to	使倒拖刀	itaigi:10655
poj	sái-ba̍k-chìⁿ	使目箭	itaigi:15428
poj	sái-chhia-pôaⁿ	駛車盤	itaigi:14905
poj	sái-chhiūⁿ--ê	使象的	itaigi:19264
poj	sái-iā-chhia	駛夜車	itaigi:6002
poj	sái-phòa-nōa	使破爛	itaigi:1281
poj	sái-sèng-tē	使性地	itaigi:1403
poj	sám	摻	taihoa:65454
poj	sán	產	taihoa:65571
poj	sán-bah	瘦肉	taihoa:65577
poj	sán-chia̍h	瘦食	itaigi:1907
poj	sán-chêng-ká	產前假	itaigi:15975
poj	sán-kho	產科	itaigi:6088
poj	sán-ki-lo̍h-hio̍h	瘦枝落葉	itaigi:18766
poj	sán-ká	產假	itaigi:15976
poj	sán-káu-kang	瘦狗公	itaigi:2564
poj	sán-pi-pa	瘦卑巴	itaigi:4653
poj	sán-pô	產婆	taihoa:65606
poj	sè	世	taihoa:66260
poj	sè kan-lo̍k	細干樂	itaigi:6963
poj	sè koàn	細罐	itaigi:1349
poj	sè-chiah	細隻	itaigi:12933
poj	sè-choh	細作	itaigi:2493
poj	sè-chèng-hú	細政府	itaigi:19516
poj	sè-chèng-hú chú-gī	細政府主義	itaigi:19517
poj	sè-iok	誓約	itaigi:4846
poj	sè-jī	細字	itaigi:10028
poj	sè-kan	世間	taihoa:66335
poj	sè-kài	世界	taihoa:66329
poj	sè-kài ōe-seng cho͘-chit	世界衛生組織	itaigi:13931
poj	sè-kài-poe	世界杯	itaigi:4719
poj	sè-kí	世紀	taihoa:66354
poj	sè-lia̍p soaⁿ	細粒山	itaigi:7479
poj	sè-pah	細百	itaigi:2539
poj	sè-pún chu-á-chháu	細本珠仔草	itaigi:9764
poj	sè-pún gû-leng pông	細本牛奶旁	itaigi:10718
poj	sè-pún leng-á-chháu	細本奶仔草	itaigi:9708
poj	sè-pún seng-lí	細本生理	itaigi:9629
poj	sè-sn̂g-pau	細床包	itaigi:6546
poj	sè-sè-liām	細細念	itaigi:19457
poj	sè-sū	世事	taihoa:66411
poj	sè-á-gē	細仔藝	itaigi:1146
poj	sè-î	細姨	itaigi:992
poj	sè-îⁿ-kài	細圓界	itaigi:4377
poj	sè-ūi-jī	勢位字	itaigi:13945
poj	sèng	性	taihoa:66796
poj	sèng-chhim	性侵	itaigi:1786
poj	sèng-io̍k	性慾	itaigi:13115
poj	sèng-keng	聖經	taihoa:66822
poj	sèng-kheng-hiòng	性傾向	itaigi:6360
poj	sèng-khì-koan	性器官	itaigi:344
poj	sèng-koa	聖歌	taihoa:66826
poj	sèng-koan-hē	性關係	itaigi:11168
poj	sèng-pia̍t jīn-tông	性別認同	itaigi:11313
poj	sèng-pia̍t khì-chit	性別氣質	itaigi:11314
poj	sèng-pêng	性平	itaigi:11317
poj	sèng-pêng kàu-io̍k	性平教育	itaigi:11316
poj	sèng-tàn-chiat	聖誕節	itaigi:18231
poj	sèng-tàn-lāu-a-peh	聖誕老阿伯	itaigi:2861
poj	sèng-tē	性地	itaigi:12730
poj	sèⁿ saⁿh	姓啥	itaigi:13598
poj	sé	洗	taihoa:66192
poj	sé io̍h-á	洗藥仔	itaigi:12442
poj	sé-bīn	洗面	itaigi:16096
poj	sé-bīn gāi-tio̍h phīⁿ	洗面礙著鼻	itaigi:9754
poj	sé-bīn-ko	洗面膏	itaigi:13192
poj	sé-chhiú-bīn	洗手面	itaigi:2545
poj	sé-chhiú-hîm	洗手熊	itaigi:19164
poj	sé-chhiú-ko	洗手膏	itaigi:13163
poj	sé-chhiú-tâi-á	洗手台仔	itaigi:607
poj	sé-chîⁿ	洗錢	itaigi:16915
poj	sé-ek-leng	洗浴乳	itaigi:6498
poj	sé-e̍k-keng	洗浴間	taihoa:66210
poj	sé-io-chí	洗腰子	itaigi:13367
poj	sé-pán	洗版	itaigi:19087
poj	sé-thau-mn̄g-cheng	洗頭毛精	itaigi:11272
poj	sé-thōa	洗汰	itaigi:3094
poj	séng	省	taihoa:66763
poj	séng-kiám	省減	itaigi:19599
poj	séng-tiúⁿ	省長	taihoa:66792
poj	sêng	成	taihoa:66859
poj	sêng kah bô chi̍t-tè tio̍h	成甲無一塊著	itaigi:8462
poj	sêng kah bô phah-ka-la̍uh	成甲無拍交落	itaigi:8463
poj	sêng-chek	成績	taihoa:66869
poj	sêng-chú	祖先	itaigi:1042
poj	sêng-goân	上元	itaigi:11545
poj	sêng-ha̍p-á	乘合仔	itaigi:11150
poj	sêng-kong	成功	taihoa:66909
poj	sêng-pho	乘波	itaigi:4406
poj	sì hio̍h chí so͘	四葉紫蘇	itaigi:8995
poj	sì káu gō͘ goe̍h	四九五月	itaigi:10547
poj	sì-ba̍k-lo̍k	四目鹿	itaigi:2717
poj	sì-chhe-niau	四叉貓	itaigi:6287
poj	sì-cháiⁿ	四指	itaigi:11725
poj	sì-goe̍h	四月	itaigi:4736
poj	sì-kak	四角	taihoa:67450
poj	sì-kak-hêng	四角形	itaigi:4563
poj	sì-kak-jī	四角字	itaigi:19454
poj	sì-kak-khò͘	四角褲	itaigi:12939
poj	sì-khu-chhia	四驅車	itaigi:4259
poj	sì-ki-tóng	四支擋	itaigi:2525
poj	sì-lâm-sûi	四淋垂	itaigi:17211
poj	sì-sì-sòaⁿ-sòaⁿ	四四散散	itaigi:8554
poj	sì-sòaⁿ-kóng	四散講	itaigi:2445
poj	sì-sòaⁿ-lâi	四散來	itaigi:3552
poj	sìn	信	taihoa:69368
poj	sìn-gióng	信仰	taihoa:69382
poj	sìn-hō	訊號	taihoa:69389
poj	sìn-iōng	信用	taihoa:69399
poj	sìn-iōng-khah	信用卡	itaigi:6956
poj	sìn-iōng-phìⁿ	信用片	itaigi:14161
poj	sìⁿ	姓	taihoa:69367
poj	sìⁿ hêng chhia-khò͘	扇形車庫	itaigi:5853
poj	sìⁿ-miā	性命	taihoa:69410
poj	sí gō͘ che̍h la̍k	死五絕六	itaigi:10546
poj	sí-bông chi ak	死亡之握	itaigi:16464
poj	sí-cho̤̍̍h hó-chia̍h	死絕好食	itaigi:14223
poj	sí-chē	死坐	itaigi:14196
poj	sí-chē-oa̍h-chia̍h	死坐活食	itaigi:9778
poj	sí-chōe	死罪	itaigi:12508
poj	sí-giàn-giàn	死癮癮	itaigi:19304
poj	sí-kak	死角	itaigi:6214
poj	sí-khì--ah	死去矣	itaigi:402
poj	sí-la̍t	死力	itaigi:12518
poj	sí-lâng-bīn	死人面	itaigi:14300
poj	sí-oan	死彎	itaigi:2375
poj	sí-pe̍h	死白	itaigi:18802
poj	sí-phòng	死膨	itaigi:16985
poj	sí-si	死屍	itaigi:374
poj	sí-siú	死守	itaigi:12509
poj	sí-so͘-mih	死蘇物	itaigi:14148
poj	sí-sîn	死神	itaigi:17946
poj	sí-ti tìn tiâu	死豬鎮牢	itaigi:9780
poj	sí-ti-á-kè	死豬仔價	itaigi:10470
poj	sí-tiong	死忠	itaigi:13638
poj	sí-tiong bê-chiòng	死忠迷眾	itaigi:15546
poj	sí-ti̍t	死直	itaigi:12510
poj	sí-tîⁿ-nōa-kô͘	死纏爛糊	itaigi:19579
poj	sí-ūn	死運	itaigi:12512
poj	sím-mi̍h	甚物	taihoa:69107
poj	sím-phòaⁿ	審判	taihoa:69113
poj	sî	時	taihoa:67572
poj	sî-cheng	時鐘	taihoa:67580
poj	sî-cheng-koe	時鐘瓜	itaigi:4390
poj	sî-chām	時站	itaigi:18467
poj	sî-chūn	時陣	itaigi:4687
poj	sî-kan	時間	taihoa:67603
poj	sî-kan tò-sǹg	時間倒算	itaigi:12332
poj	sî-kan-pió	時間表	taihoa:67605
poj	sî-khu	時區	itaigi:5905
poj	sî-kio̍k	時局	itaigi:14822
poj	sî-kiâⁿ	時行	itaigi:19439
poj	sî-kiâⁿ-koa	時行歌	itaigi:4440
poj	sî-kè-kó	時計果	itaigi:740
poj	sî-lâi-ūn-choán	時來運轉	itaigi:3499
poj	sî-nî	辭年	itaigi:6852
poj	sî-pió	時錶	taihoa:67645
poj	sî-pió-á	時錶仔	itaigi:19123
poj	sî-sî	時時	itaigi:18910
poj	sî-sî-khek-khek	時時刻刻	itaigi:980
poj	sî-thài	時態	itaigi:17116
poj	sî-á-thn̂g	匙仔糖	itaigi:14959
poj	sîn	神	taihoa:69435
poj	sîn-bêng	神明	taihoa:69443
poj	sîn-chheⁿ	辰星	itaigi:7976
poj	sîn-chun	神尊	itaigi:14438
poj	sîn-hū	神父	taihoa:69478
poj	sîn-keng	神經	taihoa:69487
poj	sîn-keng bāng-lō͘	神經網路	itaigi:7411
poj	sîn-keng tōa tiâu	神經大條	itaigi:944
poj	sîn-keng-chit	神經質	itaigi:8792
poj	sîn-keng-kho	神經科	itaigi:597
poj	sîn-kiong	神宮	itaigi:13139
poj	sîn-kî-pó-pòe-kiû	神奇寶貝球	itaigi:12882
poj	sîn-piàn-bo̍k-chhek	神變莫測	itaigi:14078
poj	sîn-siā	神社	itaigi:7189
poj	sîn-sèng	神聖	taihoa:69526
poj	sîn-sóng	神爽	itaigi:14243
poj	sîn-tūi-iú	神隊友	itaigi:12901
poj	sò-ba̍k-chóa	燥墨紙	itaigi:15526
poj	sò-chúi	燥水	itaigi:15525
poj	sò-kōaⁿ	燥汗	itaigi:15523
poj	sò-sèng	燥性	itaigi:19340
poj	sò-ta	燥焦	itaigi:15524
poj	sòa	續	taihoa:71846
poj	sòa--lo̍h-lâi	續落來	taihoa:71887
poj	sòaⁿ	線	taihoa:72113
poj	sòaⁿ-bông-bông	散茫茫	itaigi:4207
poj	sòaⁿ-hêng	散形	itaigi:18277
poj	sòaⁿ-jiah	線跡	itaigi:4831
poj	sòaⁿ-lō͘-tô͘	線路圖	itaigi:15248
poj	sòaⁿ-seh	散雪	itaigi:7696
poj	sòaⁿ-sian	散仙	itaigi:19772
poj	sòaⁿ-siōng kàu-ha̍k	線上教學	itaigi:4483
poj	sòaⁿ-sèng tāi-sò͘	線性代數	itaigi:7385
poj	sòaⁿ-thé	腺體	itaigi:18297
poj	sòaⁿ-téng	線頂	itaigi:7112
poj	sòaⁿ-téng iû-hì	線頂遊戲	itaigi:1128
poj	sòaⁿ-téng kàu-ha̍k	線頂教學	itaigi:19608
poj	sòaⁿ-téng tiān-tōng	線頂電動	itaigi:3426
poj	sòe	稅	taihoa:72694
poj	sòe-goa̍t-jû-liû	歲月如流	itaigi:13301
poj	sòe-hàn--ê	細漢的	itaigi:4119
poj	sòe-koan	稅捐	taihoa:72725
poj	sòe-lia̍p tiān-hóe-kiû-á	細粒電火球仔	itaigi:6006
poj	sòng-si	喪屍	itaigi:6842
poj	sòng-sim-pāi-tek	喪心敗德	itaigi:16058
poj	sòng-sim-sit-tek	喪心失德	itaigi:16057
poj	sòng-táⁿ	喪膽	itaigi:4016
poj	sò͘ chán--ê	素讚的	itaigi:4295
poj	sò͘ thiāu-á	溯柱仔	itaigi:187
poj	sò͘-bé	數碼	itaigi:15154
poj	sò͘-bé la̍p-siàu	數碼納數	itaigi:3686
poj	sò͘-bé-chîⁿ	數碼錢	itaigi:3739
poj	sò͘-bé-koài-siù	數碼怪獸	itaigi:17037
poj	sò͘-bé-la̍p-siàu	數碼納數	itaigi:17033
poj	sò͘-ha̍k	數學	taihoa:73058
poj	sò͘-má	數碼	itaigi:14980
poj	sò͘-má hoat-phiò	數碼發票	itaigi:17474
poj	sò͘-má la̍p-siàu	數碼納數	itaigi:3757
poj	sò͘-má pò-chóa	數碼報紙	itaigi:17476
poj	sò͘-má siong-bū	數碼商務	itaigi:17475
poj	sò͘-má tiān-sī	數碼電視	itaigi:17414
poj	sò͘-má-chheh	數碼冊	itaigi:17465
poj	sò͘-má-chîⁿ	數碼錢	itaigi:3762
poj	sò͘-má-hòa	數碼化	itaigi:17407
poj	sò͘-má-ke	數碼雞	itaigi:17468
poj	sò͘-má-phoe	數碼批	itaigi:17466
poj	sò͘-má-siù	數碼獸	itaigi:17408
poj	sò͘-si̍t chiá	素食者	itaigi:6083
poj	sò͘-ti̍t hun-sek	數值分析	itaigi:8190
poj	sò͘-ūi-chi-hù	數位支付	itaigi:16896
poj	só	鎖	taihoa:71734
poj	só-sî	鎖匙	taihoa:71750
poj	só-sî-khian-á	鎖匙圈仔	itaigi:11652
poj	só-âu	鎖喉	itaigi:10948
poj	sóa	徙	taihoa:71818
poj	sóe-sin-e̍k	洗身液	itaigi:3151
poj	sóng-cháu	爽走	itaigi:631
poj	sóng-khoài	爽快	taihoa:72901
poj	só͘	所	taihoa:72993
poj	só͘--lí	所裡	itaigi:15796
poj	só͘-chāi	所在	taihoa:72995
poj	só͘-hùi	所費	taihoa:73007
poj	só͘-ji̍p put kip só͘ chhut	所入不及所出	itaigi:8763
poj	só͘-pái	所擺	itaigi:7297
poj	só͘-pān	所辦	itaigi:15798
poj	só͘-í	所以	taihoa:73020
poj	sô	趖	itaigi:18054
poj	sông	傖	taihoa:72947
poj	sù	四	taihoa:73172
poj	sù-hong	四方	taihoa:73191
poj	sù-hong chóa	四方紙	itaigi:7997
poj	sù-hong-kim	四方金	itaigi:14573
poj	sù-su ngó͘-keng	四書五經	itaigi:14072
poj	sù-sī	四序	itaigi:1159
poj	sú-bông-kài	死亡屆	itaigi:12516
poj	sú-bûn-koan	死門關	itaigi:12517
poj	sú-bī-to̍h	暑味著	itaigi:13361
poj	sú-iú-û-ko͘	死有餘辜	itaigi:12515
poj	sú-iōng-chiá kám-siū	使用者感受	itaigi:17024
poj	sú-iōng-chiá thé-giām	使用者體驗	itaigi:16952
poj	sú-iōng-lâng	使用人	itaigi:956
poj	sú-ká	暑假	taihoa:73162
poj	súi	媠	itaigi:6392
poj	súi-ke	水雞	itaigi:1824
poj	sún teng làu châi	損丁落財	itaigi:8713
poj	sún teng phòa châi	損丁破財	itaigi:8712
poj	sún-hāi	損害	taihoa:73556
poj	sún-ku	筍龜	itaigi:666
poj	sún-sit	損失	taihoa:73567
poj	sû	詞	itaigi:6204
poj	sû-lūi	詞彙	itaigi:2063
poj	sû-tián	詞典	itaigi:5797
poj	sûi-hêng-kho-ki	隨行科技	itaigi:17048
poj	sûi-hō͘-pe̍h	隨予白	itaigi:11019
poj	sûi-jī-tha̍k	隨字讀	itaigi:8003
poj	sûi-lâi	隨來	itaigi:6696
poj	sûi-piān	隨便	taihoa:73439
poj	sûi-pī	隨備	itaigi:12300
poj	sûi-sin-tia̍p	隨身碟	itaigi:494
poj	sûi-sin-tiān-goân	隨身電源	itaigi:3023
poj	sûi-sî	隨時	taihoa:73440
poj	sûi-tiān	隨電	itaigi:4501
poj	sûi-ē-pe̍h	隨會白	itaigi:2288
poj	sûi-ē-thong	隨會通	itaigi:685
poj	sûn	巡	itaigi:14537
poj	sûn-iûⁿ-lām	巡洋艦	itaigi:14087
poj	sûn-kéng	巡境	itaigi:1079
poj	sûn-tō͘	純度	itaigi:13069
poj	sāi-thái	撒體	itaigi:125
poj	sēng	盛	taihoa:66956
poj	sēng-àm-o͘	乘暗烏	itaigi:16396
poj	sī	是	taihoa:67673
poj	sī beh àn-chóaⁿ oa̍h	是欲按怎活	itaigi:6902
poj	sī chûi	是誰	itaigi:2941
poj	sī nî peh-chiat	是年八節	itaigi:8214
poj	sī siáⁿ-mih	是啥物	itaigi:6311
poj	sī--bô	是無	itaigi:5857
poj	sī-bāng-mo̍͘h	視網膜	itaigi:12365
poj	sī-sè	序細	taihoa:67700
poj	sī-sōa	迅速	taihoa:67706
poj	sī-tōa	序大	itaigi:1082
poj	sī-tōa-tô͘	序大圖	itaigi:5856
poj	sī-tǹg	是頓	itaigi:18644
poj	sī-án-hōe	是按會	itaigi:3797
poj	sīn--ê	剩的	itaigi:17675
poj	sīn-siōng-sián	腎上腺	itaigi:3679
poj	sīn-siōng-sián-sò͘	腎上腺素	itaigi:3680
poj	sīⁿ	豉	taihoa:69543
poj	sīⁿ-iâm	豉鹽	taihoa:69558
poj	sńg	損	itaigi:15862
poj	sńg-tn̄g	損蕩	itaigi:15863
poj	sū	事	taihoa:73247
poj	sū-chêng	事情	taihoa:73259
poj	sū-gia̍p	事業	taihoa:73265
poj	sū-gia̍p-sòaⁿ	事業線	itaigi:250
poj	sū-gia̍p-sûn	事業巡	itaigi:251
poj	sū-kiāⁿ-sī-kài	事件視界	itaigi:12112
poj	sū-ká	事假	itaigi:15973
poj	sū-kò͘	事故	taihoa:73279
poj	sū-sian	事先	itaigi:11579
poj	sū-siōng-tē-pêⁿ	事象地平	itaigi:2656
poj	sū-si̍t	事實	taihoa:73296
poj	sū-tá-pak-sú	士打北史	itaigi:6150
poj	sūn-hong	順風	taihoa:73656
poj	sūn-hong-sè	順風勢	itaigi:17359
poj	sūn-pō͘	順步	itaigi:18754
poj	sūn-sòa	順紲	taihoa:73700
poj	sūn-sī	順序	itaigi:218
poj	sūn-sū	順序	itaigi:241
poj	sǹg-pôaⁿ	算盤	taihoa:71634
poj	sǹg-siàu	算數	taihoa:71640
poj	sǹg-ē-hô	算會和	itaigi:19193
poj	sṳ̀-sṳ ngó͘-keng	四書五經	itaigi:14083
poj	ta-chhâ-hoe	焦柴花	itaigi:19527
poj	ta-châi-hoe	焦材花	itaigi:4463
poj	ta-chúi-kî	焦水期	itaigi:7445
poj	ta-hoe	焦花	itaigi:19552
poj	ta-hong-ki	焦風機	itaigi:14297
poj	ta-ke sin-pū	大家新婦	itaigi:6968
poj	ta-khì-ki	焦氣機	itaigi:14238
poj	ta-mī	焦麵	itaigi:9690
poj	ta-piān-só͘	焦便所	itaigi:632
poj	ta-sé	乾洗	taihoa:75293
poj	ta-sò tē	焦燥地	itaigi:7470
poj	ta-sò-hoe	焦燥花	itaigi:7443
poj	ta-thn̂g	焦糖	itaigi:14344
poj	ta-thô͘	焦塗	itaigi:7472
poj	ta-á	礁仔	itaigi:11367
poj	tah	搭	taihoa:73875
poj	tah chûn	搭船	itaigi:15837
poj	tah ko-io̍h	貼膏藥	itaigi:1561
poj	tah tio̍h chha̍t-chûn	搭著賊船	itaigi:9028
poj	tah-ba̍k-kiàⁿ	貼目鏡	itaigi:14763
poj	tah-ba̍k-kiàⁿ-jîn	貼目鏡仁	itaigi:99
poj	tah-bā	搭密	taihoa:73949
poj	tah-chhia	搭車	itaigi:15840
poj	tah-iû	貼油	itaigi:18877
poj	tah-liân	搭連	itaigi:18950
poj	tah-pò͘	貼布	itaigi:4545
poj	tah-sim-á	貼心仔	itaigi:10888
poj	tah-sim-á hiaⁿ	貼心仔兄	itaigi:10889
poj	tak	觸	itaigi:12661
poj	tak-chhùi	觸嘴	taihoa:74455
poj	tam	耽	taihoa:74525
poj	tam-su-iâⁿ	擔輸贏	itaigi:12309
poj	tam-tng	擔當	itaigi:1046
poj	tan-chheng	丹青	itaigi:13851
poj	tan-chháu chi̍t kô͘	單草一糊	itaigi:4495
poj	tan-goân chhau-chok	單元操作	itaigi:8786
poj	tan-hêng-tō	單行道	itaigi:19092
poj	tan-jîn-chhn̂g	單人床	itaigi:15311
poj	tan-jī	單字	itaigi:16721
poj	tan-jī-bóe	單字尾	itaigi:17094
poj	tan-jī-goân	單字元	itaigi:17099
poj	tan-jī-khò͘	單字庫	itaigi:16648
poj	tan-jī-lūi	單字彙	itaigi:17109
poj	tan-jī-sèng	單字性	itaigi:17095
poj	tan-jī-thâu	單字頭	itaigi:17096
poj	tan-sûn	單純	taihoa:75217
poj	tan-to-hù-má	單刀赴馬	itaigi:19331
poj	tang	當	taihoa:74906
poj	tang-bóe-sî-thiⁿ	冬尾時天	itaigi:11529
poj	tang-bō	冬帽	itaigi:18149
poj	tang-cheh-îⁿ	冬節圓	itaigi:1154
poj	tang-hún	冬粉	itaigi:428
poj	tang-iûⁿ	東洋	taihoa:75150
poj	tang-koe	冬瓜	taihoa:75155
poj	tang-koe-thn̂g	冬瓜糖	itaigi:2687
poj	tang-pak-kùi-hong	東北季風	itaigi:3999
poj	tang-pe̍h-á	東白仔	itaigi:9347
poj	tang-sai	東西	taihoa:75178
poj	tang-sai jia̍p chhit peh	東西廿七八	itaigi:2208
poj	tang-sî	當時	taihoa:75185
poj	tang-sî-á	當時仔	itaigi:6829
poj	tang-thiⁿ	冬天	taihoa:75190
poj	tap-chhùi-kó͘	答嘴鼓	taihoa:75246
poj	tap-èng	答應	itaigi:2038
poj	tau	兜	taihoa:75348
poj	tau-hóng	嘲諷	itaigi:14612
poj	ta̍h	踏	itaigi:18019
poj	ta̍h ĕng-jín	踏引擎	itaigi:18193
poj	ta̍h ōe-thâu	踏話頭	itaigi:18022
poj	ta̍h-khui	踏開	itaigi:19415
poj	ta̍h-tak	踏觸	itaigi:16075
poj	ta̍h-ta̍k	踏逐	itaigi:16076
poj	ta̍h-tio̍h hó-tē-pō͘	踏著好地步	itaigi:4386
poj	ta̍h-tio̍h pháiⁿ-tē-pō͘	踏著歹地步	itaigi:4387
poj	ta̍h-ōe-thâu	踏話頭	itaigi:16638
poj	ta̍k	獨	taihoa:74402
poj	ta̍k lé-pài	逐禮拜	itaigi:7006
poj	ta̍k tiâu lō͘	逐條路	itaigi:2671
poj	ta̍k-hāng-ta̍k-khoán	逐項逐款	itaigi:4276
poj	ta̍k-ji̍t	逐日	taihoa:74414
poj	ta̍k-kang	逐工	itaigi:10709
poj	ta̍k-ke	逐家	taihoa:74420
poj	ta̍k-ke lâi o̍h Tâi-gí	逐家來學台語	itaigi:6202
poj	ta̍k-ke-hó	逐家好	itaigi:1161
poj	ta̍k-pái	逐擺	itaigi:13124
poj	ta̍k-àm	逐暗	taihoa:74404
poj	ta̍t	達	taihoa:75312
poj	ta̍t-sêng bo̍k-piau	達成目標	itaigi:4839
poj	taⁿ	今	taihoa:74665
poj	taⁿ tàⁿ	擔擔	itaigi:15758
poj	taⁿ-chek-jīm	擔責任	itaigi:12098
poj	taⁿ-lang khah-hèng gē-tòaⁿ	擔籠較興藝旦	itaigi:8475
poj	taⁿ-sek	今式	itaigi:3688
poj	taⁿ-thâu	擔頭	itaigi:15755
poj	taⁿ-thâu chāi	膽頭在	itaigi:11567
poj	tek	竹	itaigi:18986
poj	tek lêng-chi	竹靈芝	itaigi:9528
poj	tek-chhân-eⁿ	竹田嬰	itaigi:5920
poj	tek-chōe	得罪	taihoa:76334
poj	tek-hēng	德行	itaigi:476
poj	tek-khak	的確	taihoa:76379
poj	tek-lá-óa	德拉瓦	itaigi:17584
poj	tek-lá-óa-chiu	德拉瓦州	itaigi:17583
poj	tek-phang	竹蜂	itaigi:11070
poj	tek-sit	得失	taihoa:76457
poj	tek-sún	竹筍	taihoa:76463
poj	tek-tio̍h	得著	itaigi:3696
poj	teng bán kū kî-hî	丁挽舊旗魚	itaigi:8520
poj	teng-chhut	登出	itaigi:2076
poj	teng-hōe	燈會	itaigi:13078
poj	teng-ji̍p	登入	itaigi:563
poj	teng-jī-khò͘	丁字褲	itaigi:3356
poj	teng-kì	登記	taihoa:76911
poj	teng-lâu	燈樓	itaigi:17714
poj	teng-nâ-á-hoe	燈籃仔花	itaigi:14830
poj	teng-san-kheh	登山客	itaigi:15540
poj	teng-san-ê	登山鞋	itaigi:12064
poj	teng-soaⁿ-ê	登山鞋	itaigi:12065
poj	teng-tâi	登台	taihoa:76942
poj	teng-á	燈仔	taihoa:76862
poj	teng-á-bé	釘仔馬	itaigi:16142
poj	teng-á-hoe	燈仔花	itaigi:1043
poj	te̍k-iú-chéng	特有種	itaigi:2882
poj	te̍k-pia̍t	特別	taihoa:76277
poj	te̍k-sim-kok	軸心國	itaigi:3924
poj	te̍k-sòaⁿ	軸線	itaigi:19346
poj	thai	胎	taihoa:76981
poj	thai-hong	颱風	itaigi:11339
poj	thai-kiám	篩檢	itaigi:12481
poj	thai-mo̍͘h chhú-iūⁿ	胎膜取樣	itaigi:7045
poj	thai-á	篩仔	itaigi:13599
poj	thai-īn thn̂g-jiō-pēⁿ	胎孕糖尿病	itaigi:2715
poj	tham-khòng	探礦	itaigi:16438
poj	tham-sim	貪心	taihoa:77225
poj	tham-sio̍k	貪俗	itaigi:14183
poj	than-chîⁿ hō͘ góa khai	趁錢予我開	itaigi:6994
poj	thang	通	taihoa:77356
poj	thang chham-khó	通參考	itaigi:12097
poj	thang-á	窗仔	itaigi:11132
poj	thang-á-mn̂g	窗仔門	taihoa:77417
poj	that	踢	taihoa:77486
poj	that  á	踢仔	itaigi:7355
poj	that-chhia	塞車	taihoa:77491
poj	that-koán	踢館	itaigi:17679
poj	that-tó-ke	塞倒街	taihoa:77525
poj	thau	偷	taihoa:77532
poj	thau-bî	偷微	itaigi:18684
poj	thau-chia̍h	偷食	taihoa:78004
poj	thau-cháu-lúi	偷走壘	itaigi:19503
poj	thau-cháu-pan	偷走班	itaigi:19376
poj	thau-khiang	偷坑	itaigi:19280
poj	thau-khòaⁿ	偷看	taihoa:78022
poj	thau-lúi	偷壘	itaigi:17857
poj	thau-the̍h	偷提	taihoa:78053
poj	thau-thiaⁿ	偷聽	itaigi:4484
poj	thau-tiān	偷電	taihoa:78058
poj	thau-ōaⁿ kài-liām	偷換概念	itaigi:3461
poj	tha̍h--khí-khì	疊起去	itaigi:1293
poj	tha̍h-sû	疊詞	itaigi:13210
poj	tha̍k--kòe bô hôe	讀過無回	itaigi:4316
poj	tha̍k-chheh	讀冊	taihoa:77112
poj	tha̍k-chheh-lâng	讀冊人	itaigi:2675
poj	tha̍k-kàu	讀教	itaigi:12217
poj	thek-chhì-só͘	畜試所	itaigi:3190
poj	the̍h	宅	taihoa:78296
poj	the̍h chio̍h-thâu tìn-lō͘	提石頭鎮路	itaigi:10038
poj	the̍h phe--ê	提批的	itaigi:13472
poj	the̍h--khì	提去	taihoa:78308
poj	the̍h-cháu	提走	itaigi:13158
poj	the̍h-kip-piān	宅急便	itaigi:912
poj	the̍h-the̍h	宅宅	itaigi:5456
poj	the̍h-tio̍h	提著	itaigi:4848
poj	the̍h-toh	提桌	itaigi:19237
poj	thiah-chia̍h	拆食	itaigi:19318
poj	thiah-chia̍h lo̍h-pak	拆食落腹	itaigi:1513
poj	thiah-ha̍h	拆合	taihoa:78496
poj	thiah-khui	拆開	taihoa:78522
poj	thiah-phiò	拆票	itaigi:14306
poj	thiah-phòa	拆破	taihoa:78537
poj	thiah-toaⁿ	拆單	itaigi:14307
poj	thiam-chin-si̍t	添真實	itaigi:17020
poj	thiam-pang	添幫	itaigi:3052
poj	thian hoan tē loān	天翻地亂	itaigi:10798
poj	thian kong tē tō	天公地道	itaigi:9325
poj	thian-bûn tan-ūi	天文單位	itaigi:19210
poj	thian-bō͘	天幕	itaigi:14362
poj	thian-chai jîn-hō	天災人禍	itaigi:10734
poj	thian-chha-ian	天差淵	itaigi:18660
poj	thian-chhia	天車	itaigi:19240
poj	thian-chin oa̍h-phoat	天真活潑	itaigi:10764
poj	thian-châi	天才	taihoa:78672
poj	thian-châi-phiò	天財票	itaigi:18659
poj	thian-chú	天子	taihoa:78701
poj	thian-chú bān-nî	天子萬年	itaigi:10710
poj	thian-hoa	天花	taihoa:78723
poj	thian-hā tāi-loān	天下大亂	itaigi:10690
poj	thian-jiân	天然	taihoa:78746
poj	thian-jiân-sek	天然色	taihoa:78749
poj	thian-káng	天港	itaigi:13819
poj	thian-káu chia̍h-goe̍h	天狗食月	itaigi:7788
poj	thian-káu chia̍h-ji̍t	天狗食日	itaigi:7771
poj	thian-káu goe̍h	天狗月	itaigi:7789
poj	thian-káu ji̍t	天狗日	itaigi:7772
poj	thian-liông-lâng	天龍人	itaigi:5823
poj	thian-pông	天房	taihoa:78823
poj	thian-seng chū-jiân	天生自然	itaigi:10721
poj	thian-su tôaⁿ chhut-kúi	天師壇出貴	itaigi:9924
poj	thian-sîn	天神	taihoa:78842
poj	thian-sú	天使	itaigi:10735
poj	thian-thian-lī-sí-tiám	天天二四點	itaigi:18002
poj	thian-tông	天堂	taihoa:78895
poj	thian-tē hêng-chai	天地行災	itaigi:10753
poj	thiat-ióng	撤勇	itaigi:15803
poj	thiat-lí	徹理	itaigi:18045
poj	thiau-chiàn	挑戰	taihoa:79063
poj	thiau-kang	刁工	taihoa:79034
poj	thiau-kò͘-ì	刁故意	taihoa:79035
poj	thiau-lāng	挑弄	taihoa:79086
poj	thiau-tî	刁持	taihoa:79037
poj	thia̍p-chhâ-chng-á	疊柴磚仔	itaigi:19644
poj	thia̍p-kha	疊腳	taihoa:78908
poj	thia̍p-poh	疊駁	itaigi:11355
poj	thia̍p-á	疊仔	itaigi:778
poj	thia̍p-á-ông	疊仔王	itaigi:11106
poj	thiaⁿ	聽	itaigi:19763
poj	thiaⁿ ū	聽有	itaigi:3041
poj	thiaⁿ--tio̍h	聽著	taihoa:78885
poj	thiaⁿ-bô	聽無	itaigi:7441
poj	thiaⁿ-kìⁿ	聽見	taihoa:78770
poj	thiaⁿ-tâng	聽筒	itaigi:15174
poj	thiaⁿ-tôa	聽帶	itaigi:1613
poj	thiaⁿ-ū	聽有	itaigi:12033
poj	thih	鐵	taihoa:79102
poj	thih-bé	鐵馬	taihoa:79116
poj	thih-bō	鐵帽	itaigi:10809
poj	thih-chia̍h-ji̍p-pak	鐵食入腹	itaigi:1943
poj	thih-gû-chhia	鐵牛車	itaigi:17158
poj	thih-gû-á	鐵牛仔	itaigi:664
poj	thih-iûⁿ-á	鐵羊仔	itaigi:14589
poj	thih-kah-bān	鐵甲萬	itaigi:3803
poj	thih-kang-chhiúⁿ	鐵工廠	taihoa:79172
poj	thih-khak-chhia	鐵殼車	itaigi:14804
poj	thih-ki	鐵支	itaigi:7070
poj	thih-ki-lō͘ bê	鐵枝路迷	itaigi:5859
poj	thih-ki-tòng	鐵枝擋	itaigi:11237
poj	thih-kái	鐵改	itaigi:4355
poj	thih-lō͘	鐵路	taihoa:79222
poj	thih-nn̄g	鐵卵	itaigi:12830
poj	thih-sǹg-pôaⁿ	鐵算盤	itaigi:14823
poj	thih-thâu-liông	鐵頭龍	itaigi:19224
poj	thih-tôaⁿ	鐵彈	itaigi:10982
poj	thih-á-thô͘	鐵仔塗	itaigi:11208
poj	thiok-im-ki	蓄音機	itaigi:16701
poj	thiok-sè tāi-hoat	蓄勢待發	itaigi:18752
poj	thiu ti-bó-sòe	抽豬母稅	itaigi:11083
poj	thiu-iû-ian-ki	抽油煙機	itaigi:17309
poj	thiu-ko	抽高	taihoa:79619
poj	thiàu	跳	taihoa:78964
poj	thiàu--khí-lâi	跳起來	taihoa:78988
poj	thiàu-bú	跳舞	taihoa:78965
poj	thiàu-chhiûⁿ	跳牆	itaigi:11247
poj	thiàu-chhiûⁿ tháng-á	跳牆桶仔	itaigi:11012
poj	thiàu-chio̍h	跳石	itaigi:3130
poj	thiàu-chúi	跳水	taihoa:78973
poj	thiàu-chōa	跳逝	itaigi:11471
poj	thiàu-kiû	跳球	itaigi:16045
poj	thiàu-kòe	跳過	itaigi:4830
poj	thiàu-kúi	跳鬼	itaigi:11469
poj	thiàu-ti-bú	跳豬舞	itaigi:15993
poj	thiàu-tiān	跳電	itaigi:7637
poj	thiàⁿ	痛	taihoa:78619
poj	thiàⁿ-hong	疼風	itaigi:410
poj	thiàⁿ-thiàⁿ	疼疼	itaigi:19146
poj	thiàⁿ-ūn	疼運	itaigi:15277
poj	thiám	忝	taihoa:78556
poj	thiòng-jiō	暢尿	itaigi:14044
poj	thiòng-khoài	暢快	itaigi:19592
poj	thiòng-thâu	暢頭	itaigi:4663
poj	thiāu-á	柱仔	taihoa:79039
poj	thiāu-ē-chio̍h	柱下石	itaigi:16311
poj	thiⁿ	天	taihoa:79301
poj	thiⁿ beh-kuiⁿ-ah	天欲光矣	itaigi:11506
poj	thiⁿ bô choa̍t-lâng chi lō͘	天無絕人之路	itaigi:10781
poj	thiⁿ chiah-beh kuiⁿ	天才欲光	itaigi:10756
poj	thiⁿ iáu-bē-kuiⁿ	天猶未光	itaigi:11504
poj	thiⁿ lo̍h âng-hō͘	天落紅雨	itaigi:10788
poj	thiⁿ put-chiông lâng-goān	天不從人願	itaigi:10701
poj	thiⁿ ta-sò	天焦燥	itaigi:10771
poj	thiⁿ-a̍p-a̍p	天合合	itaigi:17478
poj	thiⁿ-beh-àm-ah	天欲暗矣	itaigi:7897
poj	thiⁿ-bē-kuiⁿ	天未光	itaigi:11505
poj	thiⁿ-chha-tē-pia̍t	天差地別	itaigi:10801
poj	thiⁿ-khì	天氣	taihoa:79399
poj	thiⁿ-kong	天公	itaigi:18968
poj	thiⁿ-kong bô pêⁿ-chiàⁿ	天公無平正	itaigi:10791
poj	thiⁿ-kong bô tòa tio̍h	天公無帶著	itaigi:10704
poj	thiⁿ-kong tòa-tio̍h	天公帶著	itaigi:10707
poj	thiⁿ-kong ū tòa-tio̍h	天公有帶著	itaigi:10708
poj	thiⁿ-kong-peh	天公伯	itaigi:18967
poj	thiⁿ-kong-peh--á	天公伯仔	itaigi:14113
poj	thiⁿ-kong-seⁿ	天公生	itaigi:11543
poj	thiⁿ-kong-tē-tō	天公地道	itaigi:11003
poj	thiⁿ-kuiⁿ	天光	itaigi:7490
poj	thiⁿ-káng	天港	itaigi:13820
poj	thiⁿ-lo̍h-kam-lō͘	天落甘露	itaigi:19542
poj	thiⁿ-o͘ tē-àm	天烏地暗	itaigi:10740
poj	thiⁿ-piàn-tē-piàn	天變地變	itaigi:10799
poj	thiⁿ-piⁿ hái-kak	天邊海角	itaigi:7492
poj	thiⁿ-pē	天爸	itaigi:11467
poj	thiⁿ-sài	天使	taihoa:79451
poj	thiⁿ-sài tâu-chu-chiá	天使投資者	itaigi:17276
poj	thiⁿ-sài tâu-chu-jîn	天使投資人	itaigi:16964
poj	thiⁿ-sî ī-pò	天時預報	itaigi:4349
poj	thiⁿ-téng hûn-bóe	天頂雲尾	itaigi:8568
poj	thiⁿ-téng pe̍h-bông-bông	天頂白茫茫	itaigi:6288
poj	thiⁿ-tē bô gō--sí lâng	天地無餓死人	itaigi:10782
poj	thiⁿ-àm ah	天暗啊	itaigi:7493
poj	thng	湯	taihoa:79670
poj	thng-pau	湯包	itaigi:4672
poj	thng-sî-á	湯匙仔	taihoa:79819
poj	thng-thâu	湯頭	itaigi:1026
poj	thn̂g	團	taihoa:79757
poj	thn̂g-hoe-á	糖花仔	itaigi:19268
poj	thn̂g-kâm-oân-á	糖含丸仔	itaigi:10917
poj	thn̂g-o͘	糖烏	itaigi:19662
poj	thn̂g-sim	糖心	itaigi:19717
poj	thn̂g-á	糖仔	taihoa:79762
poj	thn̂g-á-kak	糖仔角	itaigi:16321
poj	thn̄g	杖	taihoa:79800
poj	thn̄g-sio	燙燒	taihoa:79812
poj	thoa	拖	taihoa:80006
poj	thoa-soa	拖沙	itaigi:6007
poj	thoa-thoa-soa-soa	拖拖沙沙	itaigi:6223
poj	thoah-á	拖仔	taihoa:80055
poj	thoat-hòa	脫化	itaigi:18039
poj	thoaⁿ	攤	itaigi:15725
poj	thok-jî-só͘	托兒所	taihoa:80352
poj	thok-thâu	托頭	taihoa:80363
poj	thok-tiong	拓張	itaigi:3308
poj	thok-ūn	托運	itaigi:17739
poj	thong	通	itaigi:7611
poj	thong chúi-lō͘	通水路	itaigi:7615
poj	thong--khí--lâi	通起來	itaigi:7613
poj	thong-chúi	通水	itaigi:7612
poj	thong-e̍k	通譯	taihoa:80434
poj	thong-hòⁿ-phòng-tiòng	通貨膨脹	itaigi:14784
poj	thong-kan	通姦	taihoa:80461
poj	thong-kò	通告	itaigi:1809
poj	thong-kòe	通過	taihoa:80475
poj	thong-kó͘	通鼓	itaigi:11477
poj	thong-kûi-á	通懷仔	itaigi:1854
poj	thong-siong	通商	taihoa:80525
poj	thong-sè-kài	通世界	itaigi:2522
poj	thong-sìn	通信	taihoa:80517
poj	thong-ti	通知	taihoa:80560
poj	thoàn-liān	鍛鍊	taihoa:80132
poj	thoân--khí-khì	傳起去	itaigi:16591
poj	thoân--khí-lih	傳起去	itaigi:599
poj	thoân-jiám	傳染	taihoa:80166
poj	thoân-kàu	傳到	taihoa:80172
poj	thoân-soat	傳說	taihoa:80207
poj	thoân-soat-tùi-koat	傳說對決	itaigi:6712
poj	thoân-su-sòaⁿ	傳輸線	itaigi:559
poj	thoân-sìn-sòaⁿ	傳訊線	itaigi:584
poj	thoân-tiúⁿ	團長	taihoa:80227
poj	thoân-tō	傳導	itaigi:18319
poj	thoân-tūi ha̍p-chok	團隊合作	itaigi:1823
poj	tho̍k-im	讀音	itaigi:6265
poj	tho̍k-si	讀詩	itaigi:6751
poj	thuh	黜	itaigi:7251
poj	thuh-chhàu	托臭	taihoa:81046
poj	thuh-thé-lêng	托體能	itaigi:10979
poj	thui	推	taihoa:81070
poj	thui-bûn	推文	itaigi:7256
poj	thui-thò	推妥	itaigi:4184
poj	thui-tō͘	梯度	itaigi:8193
poj	thun	吞	taihoa:81192
poj	thun--lo̍h-khì	吞落去	taihoa:81244
poj	thun-lún	吞忍	taihoa:81245
poj	thu̍t-the	脫胎	itaigi:11790
poj	thài	汰	itaigi:14912
poj	thài siōng ló kun	太上老君	itaigi:10814
poj	thài-chó͘-ê	太祖個	taihoa:77013
poj	thài-iâng	太陽	itaigi:7741
poj	thài-iông-lêng	太陽能	itaigi:1061
poj	thài-iông-piáⁿ	太陽餅	itaigi:12416
poj	thài-khong tiān-thui	太空電梯	itaigi:4798
poj	thài-khong-chûn	太空船	itaigi:13665
poj	thài-khong-so	太空梭	itaigi:13664
poj	thài-pe̍k-kim-chheⁿ	太白金星	itaigi:10825
poj	thài-siōng thian-hông	太上天皇	itaigi:12526
poj	thài-sòe chheⁿ	太歲星	itaigi:7974
poj	thài-sòe-chhiⁿ	太歲星	itaigi:15027
poj	thài-thài	太太	itaigi:13675
poj	thàm lō͘-chháu	探路草	itaigi:12367
poj	thàm-hiám-tūi	探險隊	itaigi:16580
poj	thàm-khòng	探礦	itaigi:16481
poj	thàm-khóng	探礦	itaigi:16437
poj	thàm-kiô	探橋	itaigi:16179
poj	thàm-lông-chhú-bu̍t	探囊取物	itaigi:17222
poj	thàm-sak	探索	itaigi:16406
poj	thàm-sek	探索	itaigi:16407
poj	thàm-sok	探索	itaigi:16405
poj	thàm-thâu	探頭	itaigi:18693
poj	thàn	趁	taihoa:77302
poj	thàn bô-kàu ēng	趁無夠用	itaigi:8755
poj	thàn chhit ēng chap-it	趁七用十一	itaigi:8766
poj	thàn-chia̍h-lâng	趁食人	itaigi:4629
poj	thàn-chia̍h-ê	趁食的	itaigi:11879
poj	thàn-chîⁿ hō͘ góa khai	趁錢予我開	itaigi:1870
poj	thàng-thiàⁿ	痛疼	itaigi:18981
poj	thàu sin tōa-kōaⁿ	透身大汗	itaigi:19015
poj	thàu-bêng-phìⁿ	透明片	itaigi:12242
poj	thàu-chá	透早	itaigi:7892
poj	thàu-chá gó͘-lak	透早五六	itaigi:9459
poj	thàu-chá thàu iàu	透早透要	itaigi:9460
poj	thàu-chéng-á	透種仔	itaigi:706
poj	thàu-chúi-siaⁿ	透水聲	itaigi:11472
poj	thàu-hong	透風	itaigi:7548
poj	thàu-khùi	透氣	itaigi:1272
poj	thàu-lâu-chheⁿ-kông-éng	透流生狂湧	itaigi:2609
poj	thàu-lām	透濫	itaigi:15881
poj	thàu-lām--ê	透濫的	itaigi:272
poj	thàu-pàng	透放	itaigi:4352
poj	thán-chhiò	坦笑	itaigi:2713
poj	thán-hoâiⁿ cha̍p-jī	坦橫十二	itaigi:8439
poj	thán-á	毯仔	taihoa:77235
poj	tháng	統	taihoa:77359
poj	tháu	敨	itaigi:14490
poj	thâm	懸	taihoa:77178
poj	thâm-koàn	痰罐	taihoa:77185
poj	thâng	蟲	taihoa:77385
poj	thâng-khang	蟲空	itaigi:12446
poj	thâu	頭	taihoa:77669
poj	thâu bīn-téng-pah	頭面頂百	itaigi:9331
poj	thâu chi̍t kang	頭一工	itaigi:9667
poj	thâu it-téng lâng	頭一等人	itaigi:8585
poj	thâu iô bóe iô	頭搖尾搖	itaigi:9517
poj	thâu sio hīⁿ joa̍h	頭燒耳熱	itaigi:9622
poj	thâu-bóe	頭尾	itaigi:14513
poj	thâu-bīn-téng-pah	頭面頂百	itaigi:9034
poj	thâu-chhah	頭插	itaigi:17705
poj	thâu-chhiú sai-á	頭手師仔	itaigi:9429
poj	thâu-chhùi	頭嘴	taihoa:77738
poj	thâu-chhùn	頭寸	itaigi:16918
poj	thâu-chiap	頭接	itaigi:4144
poj	thâu-chióng	頭獎	itaigi:15405
poj	thâu-chiūⁿ-á	頭上仔	itaigi:6258
poj	thâu-chi̍t-pān	頭一範	itaigi:16869
poj	thâu-chêng	頭前	itaigi:43
poj	thâu-hia̍h	頭額	taihoa:77769
poj	thâu-hia̍h thé-un-kè	頭額體溫計	itaigi:13914
poj	thâu-hiuⁿ	頭香	itaigi:5774
poj	thâu-hâm	頭銜	itaigi:13412
poj	thâu-hō bê-chiòng	頭號迷眾	itaigi:14281
poj	thâu-ia̍h	頭頁	itaigi:4431
poj	thâu-jí	頭子	itaigi:18496
poj	thâu-kang	頭工	itaigi:9668
poj	thâu-ke	頭家	taihoa:77804
poj	thâu-ke-má	頭家媽	itaigi:6428
poj	thâu-ke-niû	頭家娘	taihoa:77818
poj	thâu-khak	頭殼	itaigi:108
poj	thâu-khak chhèng-ian	頭殼衝煙	itaigi:8560
poj	thâu-khak chi̍t khang	頭殼一孔	itaigi:951
poj	thâu-khak phái-khì	頭殼歹去	itaigi:14215
poj	thâu-khak pháiⁿ- khì	頭殼歹去	itaigi:1760
poj	thâu-khak pháiⁿ--khì	頭殼歹去	itaigi:7810
poj	thâu-khí-seng	頭起先	itaigi:18238
poj	thâu-kioh sai-á	頭腳師仔	itaigi:9430
poj	thâu-kòa-kut	頭蓋骨	itaigi:18322
poj	thâu-lâng	頭人	itaigi:19610
poj	thâu-mn̂g-cheng	頭毛精	itaigi:11271
poj	thâu-mo͘ chhàng-chhàng	頭毛聳聳	itaigi:17238
poj	thâu-mo͘-chhài	頭毛菜	itaigi:16103
poj	thâu-náu	頭腦	taihoa:77908
poj	thâu-pái	頭擺	itaigi:7849
poj	thâu-pôaⁿ	頭盤	itaigi:19684
poj	thâu-sio-hīⁿ-joa̍h	頭燒耳熱	itaigi:10364
poj	thâu-tiûⁿ	頭場	itaigi:19236
poj	thè	退	taihoa:78125
poj	thè-hō	替號	itaigi:2527
poj	thè-lâng chia̍h-chōe	替人食罪	itaigi:2557
poj	thè-pó	退保	itaigi:4394
poj	thè-pō͘	退步	taihoa:78199
poj	thè-sek	退色	taihoa:78202
poj	thè-sin-gîn-hâng	替身銀行	itaigi:17043
poj	thè-si̍t-jī	替實字	itaigi:17092
poj	thè-tai-ek	替代役	itaigi:942
poj	thè-tiâu	退潮	itaigi:11362
poj	thè-tāi-ek	替代役	itaigi:14885
poj	thè-ōaⁿ-sí	替換死	itaigi:19607
poj	thèng-hāu	聽候	taihoa:78366
poj	thé-biān	體面	taihoa:78067
poj	thé-io̍k	體育	taihoa:78091
poj	thé-io̍k-chhia	體育車	itaigi:15228
poj	thé-jīn	體認	itaigi:14492
poj	thé-thiap	體貼	taihoa:78119
poj	thé-un-kè	體溫計	itaigi:14027
poj	thê-chá	提早	itaigi:11582
poj	thê-chêng	提前	itaigi:11581
poj	thê-hông	堤防	itaigi:11359
poj	thê-khoán-phìⁿ	提款片	itaigi:15203
poj	thêng	停	taihoa:78371
poj	thêng-chhia	停車	taihoa:78374
poj	thêng-chhia-keh-á	停車格仔	itaigi:3626
poj	thêng-kang	停工	taihoa:78390
poj	thêng-khan	停刊	itaigi:15594
poj	thêng-pán	停版	itaigi:15593
poj	thêng-sek siat-kè	程式設計	itaigi:1514
poj	thêng-sio-phēng	停相並	itaigi:12052
poj	thêng-tiān	停電	taihoa:78422
poj	thì-thâu	剃頭	itaigi:1626
poj	thì-thâu-to	剃頭刀	taihoa:78472
poj	thí	搋	taihoa:78441
poj	thí-hái	煮海	itaigi:4246
poj	thí-khui	搋開	itaigi:16191
poj	thî	啼	taihoa:78474
poj	thî-khàu	啼哭	taihoa:78477
poj	thò-chhan	套餐	itaigi:17951
poj	thò-thiu	透抽	itaigi:1876
poj	thò-tiâu	套牢	itaigi:16904
poj	thò-tòng	妥當	taihoa:79973
poj	thòaⁿ	炭	taihoa:80107
poj	thòng-hīn	痛恨	taihoa:80411
poj	thòng-khó͘	痛苦	taihoa:80413
poj	thò͘	吐	taihoa:80738
poj	thò͘--chhut-lâi	吐出來	itaigi:1054
poj	thò͘-kak ku-mo͘	兔角龜毛	itaigi:10789
poj	thò͘-á	兔仔	taihoa:80741
poj	thó	討	taihoa:79830
poj	thó khè-hiaⁿ	討契兄	itaigi:10001
poj	thó-hái	討海	itaigi:7583
poj	thó-hái-lâng	討海人	itaigi:13391
poj	thó-khan-thâu	討牽頭	itaigi:18851
poj	thó-kheh-hiaⁿ	討契兄	itaigi:1449
poj	thó-lūn	討論	taihoa:79886
poj	thó-sioh-sioh	討惜惜	itaigi:3466
poj	thó-siàu	討數	taihoa:79894
poj	thó-thàn	討趁	itaigi:2724
poj	thóaⁿ-chháu	剷草	itaigi:17191
poj	thóng-it	統一	taihoa:80384
poj	thóng-kè ha̍k	統計學	itaigi:13508
poj	thóng-mûi	統媒	itaigi:12148
poj	thóng-tī	統治	taihoa:80406
poj	thó͘ jîn-sim	土人參	itaigi:9252
poj	thó͘ ko-lê sim	土高麗參	itaigi:9251
poj	thó͘ pán jîn tāu	土板仁豆	itaigi:8831
poj	thó͘-ba̍k	吐目	itaigi:11951
poj	thó͘-bí-á	土米仔	itaigi:13203
poj	thó͘-chi̍h-bō	吐舌帽	itaigi:2549
poj	thó͘-khùi	吐氣	taihoa:80637
poj	thó͘-ní-kó͘	土耳古	itaigi:7207
poj	thó͘-pan-á	土斑仔	itaigi:14708
poj	thó͘-seⁿ-á	土生仔	itaigi:9281
poj	thó͘-siōng	土象	itaigi:16391
poj	thó͘-tē-kong- peh	土地公伯	itaigi:9263
poj	thó͘-tē-kong-biō	土地公廟	itaigi:9264
poj	thó͘-tē-kong-chîⁿ	土地公錢	itaigi:2565
poj	thó͘-tē-kong-kim	土地公金	itaigi:9279
poj	thô-hn̂g kok-chè ki-tiûⁿ	桃園國際機場	itaigi:6705
poj	thô-á	桃仔	taihoa:79977
poj	thô-á-sek	桃仔色	itaigi:13982
poj	thô͘	塗	itaigi:7469
poj	thô͘-bah	塗肉	itaigi:7224
poj	thô͘-bī	塗味	itaigi:9290
poj	thô͘-bīn	塗面	itaigi:7474
poj	thô͘-chit	塗質	itaigi:7475
poj	thô͘-chiu	塗州	itaigi:16412
poj	thô͘-chòng	塗葬	itaigi:9272
poj	thô͘-chúi	塗水	itaigi:11843
poj	thô͘-chúi sai-hū	塗水師傅	itaigi:11847
poj	thô͘-chúi-hiā	塗水蟻	itaigi:4374
poj	thô͘-chúi-kang	塗水工	itaigi:11848
poj	thô͘-gû	塗牛	itaigi:14410
poj	thô͘-gû hoan-sin	塗牛翻身	itaigi:7787
poj	thô͘-hún	土粉	taihoa:80842
poj	thô͘-kak	土角	taihoa:80860
poj	thô͘-kha	土腳	taihoa:80868
poj	thô͘-khip	塗吸	itaigi:15247
poj	thô͘-ko chio̍h-thâu	塗膏石頭	itaigi:9262
poj	thô͘-kut	塗骨	itaigi:9277
poj	thô͘-kâu	塗猴	itaigi:11136
poj	thô͘-liông	塗龍	itaigi:11631
poj	thô͘-lâng	土人	taihoa:80889
poj	thô͘-phang	塗蜂	itaigi:11074
poj	thô͘-phang-á	塗蜂仔	itaigi:11065
poj	thô͘-pô éng	塗婆湧	itaigi:9432
poj	thô͘-sai	塗師	itaigi:11844
poj	thô͘-soa	塗沙	itaigi:7543
poj	thô͘-soa hún	塗沙粉	itaigi:7540
poj	thô͘-soa hún-á	塗沙粉仔	itaigi:11384
poj	thô͘-sún	塗筍	itaigi:9289
poj	thô͘-thâu	塗頭	itaigi:9253
poj	thô͘-thòaⁿ	塗炭	itaigi:7666
poj	thô͘-thô͘-thô͘	塗塗塗	itaigi:8427
poj	thô͘-tui	塗堆	itaigi:12448
poj	thô͘-tîn	塗藤	itaigi:9292
poj	thô͘-tāu	土豆	taihoa:80967
poj	thô͘-tāu kū	塗豆舅	itaigi:9267
poj	thô͘-tāu-chiùⁿ	塗豆醬	itaigi:12539
poj	thô͘-tāu-iû	土豆油	taihoa:80970
poj	thô͘-tāu-jîn	塗豆仁	itaigi:2594
poj	thô͘-tāu-tè-á	塗豆塊仔	itaigi:11085
poj	thùi-khò͘-pn̄g	腿庫飯	itaigi:6096
poj	thúi	腿	taihoa:81077
poj	thûi-á	槌仔	taihoa:81123
poj	thōa	汰	itaigi:15046
poj	thōa--ê	汰的	itaigi:19110
poj	thūn-thô͘	填土	taihoa:81228
poj	thǹg	兌	taihoa:79672
poj	thǹg--tio̍h	燙著	taihoa:79753
poj	thǹg-mī-sòaⁿ	燙麵線	itaigi:7104
poj	ti-bah	豬肉	taihoa:82530
poj	ti-chhài	豬菜	itaigi:89
poj	ti-iû	豬油	taihoa:82603
poj	ti-koaⁿ	豬肝	taihoa:82636
poj	ti-káu-khîm-siù	豬狗禽獸	itaigi:8709
poj	ti-pat-kài	豬八戒	itaigi:6440
poj	ti-tu	蜘蛛	taihoa:83845
poj	ti-tu-si	蜘蛛絲	taihoa:83848
poj	ti-á	豬仔	itaigi:1645
poj	ti-á-kiáⁿ	豬仔囝	taihoa:81551
poj	tiah-chhài	摘菜	itaigi:15816
poj	tiah-ngeh	摘夾	itaigi:11620
poj	tiah-tha̍k	摘讀	itaigi:16155
poj	tian-iông	電容	itaigi:1458
poj	tian-náu-toān-chân	電腦斷層	itaigi:2980
poj	tian-tò	顛倒	taihoa:82145
poj	tian-tò hāi	顛倒害	itaigi:4023
poj	tian-tò-thâu-seⁿ	顛倒頭生	itaigi:10653
poj	tian-tò-thâu-sǹg	顛倒頭算	itaigi:5949
poj	tiau-cha	調查	taihoa:82469
poj	tia̍h	滌	taihoa:81556
poj	tia̍h-bí	糴米	taihoa:81558
poj	tih	抵	itaigi:6211
poj	tiong-chhim-hang	中深烘	itaigi:12453
poj	tiong-goân	中元	itaigi:11546
poj	tiong-goân-cheh	中元節	itaigi:11557
poj	tiong-hang	中烘	itaigi:12451
poj	tiong-i-ha̍k	中醫學	itaigi:8789
poj	tiong-iong chhú-lí-khì	中央處理器	itaigi:4508
poj	tiong-kan	中間	itaigi:1384
poj	tiong-kiōng	中共	taihoa:83499
poj	tiong-kok-kat	中國結	itaigi:2086
poj	tiong-kài	中介	itaigi:6270
poj	tiong-kó͘	中古	taihoa:83517
poj	tiong-li̍p	中立	taihoa:83546
poj	tiong-lâng	中人	itaigi:434
poj	tiong-lî	中離	itaigi:5489
poj	tiong-ng	中央	taihoa:83553
poj	tiong-ng chhú-lí-khì	中央處理器	itaigi:19758
poj	tiong-o̍h	中學	taihoa:83566
poj	tiong-tàu	中晝	taihoa:83615
poj	tiong-tō͘ sit-lêng	中度失能	itaigi:2637
poj	tio̍h	著	itaigi:2203
poj	tio̍h gâm	著癌	itaigi:2673
poj	tio̍h kông hō͘	著狂雨	itaigi:7720
poj	tio̍h tio̍h	到著	itaigi:14579
poj	tio̍h--bô	著無	itaigi:85
poj	tio̍h--khí--lâi	著起來	itaigi:7632
poj	tio̍h--lah	著啦	itaigi:1961
poj	tio̍h-che	著災	itaigi:11980
poj	tio̍h-chheⁿ-kiaⁿ-chiáu	著生驚鳥	itaigi:18069
poj	tio̍h-ka	著膠	itaigi:16544
poj	tio̍h-ke-ba̍k	著雞目	itaigi:11957
poj	tio̍h-ke-bông	著雞盲	itaigi:11958
poj	tio̍h-ke-chè-mê	著雞祭盲	itaigi:12010
poj	tio̍h-kiaⁿ	著驚	taihoa:83100
poj	tio̍h-kâu	著猴	itaigi:1067
poj	tio̍h-soe	著衰	itaigi:18867
poj	tio̍h-sî	著時	itaigi:14346
poj	tio̍h-sī	著是	itaigi:7938
poj	tio̍h-tak	著觸	itaigi:14738
poj	tio̍h-tio̍h	著著	itaigi:17057
poj	tio̍h-tiàu	著吊	itaigi:16902
poj	tio̍h-to̍k	著毒	itaigi:11941
poj	tio̍h-ài	著愛	taihoa:83036
poj	tit	得	taihoa:83677
poj	tit--tio̍h	得著	itaigi:18275
poj	tit-chhú	得取	itaigi:19584
poj	tit-lâng-thiàⁿ	得人疼	taihoa:83825
poj	tit-tiāⁿ	得定	itaigi:10967
poj	tiuh-khah	抽卡	itaigi:19085
poj	tiuⁿ	張	taihoa:83917
poj	tiuⁿ-tî bô si̍h-pún	張持無蝕本	itaigi:9615
poj	tiàm	店	taihoa:81665
poj	tiàm-sió-jī	店小二	itaigi:11849
poj	tiàm-thâu	店頭	itaigi:576
poj	tiàm-thâu-ke	店頭家	itaigi:4564
poj	tiàm-têng-á	店亭仔	itaigi:14597
poj	tiàu	吊	taihoa:82189
poj	tiàu chhiū-kâu	吊樹猴	itaigi:12381
poj	tiàu-chhiū-kâu	吊樹猴	itaigi:16666
poj	tiàu-ji̍t-á	召日仔	itaigi:15177
poj	tiàu-khò͘	吊褲	itaigi:126
poj	tiàu-koân-kē	吊懸低	itaigi:3647
poj	tiàu-kâu	吊猴	itaigi:17538
poj	tiàu-lô͘	吊爐	taihoa:82263
poj	tiàu-sí	吊死	taihoa:82289
poj	tiàu-tah	鬥搭	itaigi:14705
poj	tiàu-teng	吊燈	itaigi:3848
poj	tiàⁿ	錠	taihoa:81911
poj	tiám	點	taihoa:81581
poj	tiám tiān-hóe	點電火	itaigi:13469
poj	tiám-hóe-ki	點火機	itaigi:3785
poj	tiám-khòng-pit	點控筆	itaigi:14104
poj	tiám-khòng-êng-bō͘	點控螢幕	itaigi:14105
poj	tiám-kóa-á	點寡仔	itaigi:18255
poj	tiám-pòaⁿ-cheng	點半鐘	itaigi:12886
poj	tiám-sim	點心	taihoa:81630
poj	tiám-sim-tàⁿ	點心擔	itaigi:6550
poj	tiám-sò͘-phìⁿ	點數片	itaigi:15199
poj	tiám-teng	點燈	taihoa:81641
poj	tiám-tiám-chin	點點真	itaigi:16354
poj	tiám-tiám-kim	點點金	itaigi:16353
poj	tiám-tiám-ku-á	點點龜仔	itaigi:17903
poj	tiám-tuh	點注	taihoa:81662
poj	tián	展	taihoa:81808
poj	tián-koa	展歌	itaigi:18805
poj	tián-lám-koán	展覽館	itaigi:2891
poj	tián-lé	典禮	taihoa:81878
poj	tián-pó-bûn	展寶文	itaigi:7259
poj	tián-sè	典世	itaigi:17451
poj	tiáⁿ-piⁿ-liâm	鼎邊黏	itaigi:466
poj	tiáⁿ-té káu-hiā	鼎底狗蟻	itaigi:2434
poj	tiâm-chek-giâm	沉積岩	itaigi:18712
poj	tiâm-chek-gâm	沉積岩	itaigi:18711
poj	tiâm-té	沉底	itaigi:4091
poj	tiâu	條	taihoa:82335
poj	tiâu--tio̍h	牢著	itaigi:312
poj	tiâu-bé	條碼	itaigi:3599
poj	tiâu-bō	朝帽	itaigi:18164
poj	tiâu-chhia	牢車	itaigi:6945
poj	tiâu-kiāⁿ	條件	taihoa:82380
poj	tiâu-kái úi-oân-hōe	調解委員會	itaigi:6460
poj	tiâu-lí-pau	調理包	itaigi:14119
poj	tiâu-pak	牢腹	itaigi:4241
poj	tiâu-sek-pôaⁿ	調色盤	itaigi:14372
poj	tiâu-sèng-tē	朝聖地	itaigi:12206
poj	tiâu-tan-jī-goân	牢單字元	itaigi:17111
poj	tiâu-tio̍h	牢著	itaigi:14766
poj	tiâu-tiáⁿ	牢鼎	itaigi:11236
poj	tiâu-ti̍t	條直	itaigi:1232
poj	tiâu-á-sòaⁿ	條仔線	itaigi:1637
poj	tiâⁿ	呈	taihoa:81915
poj	tiò	釣	taihoa:82967
poj	tiò-hê-á-tiûⁿ	釣蝦仔場	itaigi:15614
poj	tiò-hî	釣魚	taihoa:82973
poj	tiò-hî-bûn	釣魚文	itaigi:7258
poj	tiòng-chúi	漲水	itaigi:2082
poj	tiòng-siong	中傷	taihoa:83259
poj	tiòng-to̍k	中毒	taihoa:83269
poj	tiòng-tōa-chúi	漲大水	itaigi:7770
poj	tiô	跳	taihoa:83000
poj	tiông-hoat	長髮	itaigi:16810
poj	tiông-iâng-cheh	重陽節	itaigi:7914
poj	tiông-kî	長奇	itaigi:17272
poj	tiông-seng-put-nó͘	長生不老	itaigi:14207
poj	tiông-êng-hâng-khong	長榮航空	itaigi:6748
poj	tiôⁿ-bīn	場面	itaigi:19288
poj	tiùⁿ-bō͘	帳幕	itaigi:14363
poj	tiùⁿ-pâng	帳房	itaigi:14359
poj	tiùⁿ-pîⁿ	帳棚	itaigi:14358
poj	tiùⁿ-thêng-kè	漲停價	itaigi:12175
poj	tiùⁿ-thêng-pôaⁿ	漲停盤	itaigi:12173
poj	tiùⁿ-thêng-pôaⁿ só--khí-lâi	漲停盤鎖起來	itaigi:12178
poj	tiùⁿ-tiâu	漲潮	itaigi:11365
poj	tiû-á	綢仔	taihoa:83852
poj	tiām	墊	taihoa:81729
poj	tiām-cha̍t	墊實	itaigi:14526
poj	tiām-tiāⁿ	墊定	itaigi:14527
poj	tiān--tio̍h	電著	taihoa:82113
poj	tiān-chhia	電車	itaigi:4429
poj	tiān-chhia-thâu	電車頭	itaigi:17179
poj	tiān-chí	電子	itaigi:17455
poj	tiān-chí-hûn	電子雲	itaigi:17464
poj	tiān-chú im-ga̍k	電子音樂	itaigi:4761
poj	tiān-chú iû-kiāⁿ	電子郵件	itaigi:3712
poj	tiān-chú phoe-tháng	電子批桶	itaigi:12167
poj	tiān-chú-hoat-phiò	電子發票	itaigi:17600
poj	tiān-chú-hoe-chhia	電子花車	itaigi:12946
poj	tiān-chú-khîm	電子琴	itaigi:5756
poj	tiān-chú-phoe	電子批	itaigi:6237
poj	tiān-chúi-lô͘	電水爐	itaigi:18004
poj	tiān-chû-ha̍k	電磁學	itaigi:19203
poj	tiān-chû-lô͘	電磁爐	itaigi:12082
poj	tiān-chû-tiûⁿ	電磁場	itaigi:19204
poj	tiān-chǹg	電鑽	itaigi:18762
poj	tiān-chṳ́-khîm	電子琴	itaigi:17544
poj	tiān-hang-lô͘	電烘爐	itaigi:699
poj	tiān-hang-siuⁿ	電烘箱	itaigi:660
poj	tiān-he̍k	電域	itaigi:17858
poj	tiān-hoat	電髮	itaigi:16813
poj	tiān-hong-thiāu-á	電風柱仔	itaigi:5933
poj	tiān-hì	電肺	itaigi:12141
poj	tiān-hóe	電火	taihoa:81962
poj	tiān-hóe-chu-á	電火珠仔	itaigi:14241
poj	tiān-hóe-kóng	電火管	itaigi:14858
poj	tiān-hóe-pò͘	電火布	itaigi:19643
poj	tiān-hó̤	電火	itaigi:15104
poj	tiān-hû-thui	電扶梯	itaigi:12433
poj	tiān-hōe hì	電火戲	itaigi:2060
poj	tiān-im	電音	itaigi:19691
poj	tiān-im phah-thih	電音拍鐵	itaigi:14314
poj	tiān-io̍k	電藥	itaigi:11152
poj	tiān-iáⁿ	電影	taihoa:81981
poj	tiān-iáⁿ-keng	電影間	itaigi:12058
poj	tiān-iáⁿ-á	電影仔	itaigi:6868
poj	tiān-iông-khì	電容器	itaigi:19219
poj	tiān-khip-á	電吸仔	itaigi:577
poj	tiān-khì	電氣	taihoa:81995
poj	tiān-khì-chhí	電氣鼠	itaigi:305
poj	tiān-khîm	電琴	itaigi:17467
poj	tiān-ki kang-têng	電機工程	itaigi:7386
poj	tiān-ko-kòa	電鍋蓋	itaigi:4628
poj	tiān-ku	電龜	itaigi:1017
poj	tiān-kài	電界	itaigi:17854
poj	tiān-kái-chit	電解質	itaigi:2818
poj	tiān-liû-pió	電流表	itaigi:19206
poj	tiān-lâu-thui	電樓梯	itaigi:13974
poj	tiān-lêng	電能	taihoa:82022
poj	tiān-lô͘	電爐	itaigi:3892
poj	tiān-náu hú-chō͘ kang-têng	電腦輔助工程	itaigi:8161
poj	tiān-náu la̍p-chîⁿ	電腦納錢	itaigi:16899
poj	tiān-náu tiān-tōng	電腦電動	itaigi:2990
poj	tiān-náu ìn chóa ki	電腦印紙機	itaigi:7640
poj	tiān-náu-chhí	電腦鼠	itaigi:5940
poj	tiān-náu-ku-á	電腦龜仔	itaigi:16120
poj	tiān-náu-phoe	電腦批	itaigi:17194
poj	tiān-náu-á phoe	電腦仔批	itaigi:6206
poj	tiān-pió	電表	taihoa:82046
poj	tiān-pò	電報	taihoa:82048
poj	tiān-sam	電杉	itaigi:15371
poj	tiān-sio-hong	電燒風	itaigi:6207
poj	tiān-sàu	電掃	itaigi:12140
poj	tiān-sìⁿ	電扇	taihoa:82058
poj	tiān-sòaⁿ	電線	taihoa:82063
poj	tiān-sòaⁿ phoe	電線批	itaigi:8019
poj	tiān-só-thâu	電鎖頭	itaigi:17473
poj	tiān-sī	電視	taihoa:82051
poj	tiān-sī-tâi	電視台	itaigi:127
poj	tiān-sǹg-pôaⁿ	電算盤	itaigi:3777
poj	tiān-teng	電燈	taihoa:82067
poj	tiān-teng-thiāu	電燈柱	taihoa:82068
poj	tiān-thui	電梯	itaigi:337
poj	tiān-thô͘	電土	taihoa:82079
poj	tiān-tiôⁿ	電場	itaigi:17862
poj	tiān-tiûⁿ	電場	itaigi:3862
poj	tiān-tâng	電筒	itaigi:15078
poj	tiān-tî	電池	taihoa:82083
poj	tiān-tî-chhia	電池車	itaigi:19510
poj	tiān-tōng	電動	itaigi:2991
poj	tiān-tōng-keng	電動間	itaigi:19630
poj	tiān-tō͘	電鍍	taihoa:82127
poj	tiān-ōe	電話	taihoa:82038
poj	tiāu	調	taihoa:82457
poj	tiāu-sū	肇事	itaigi:11180
poj	tiāu-thâu	兆頭	itaigi:4154
poj	tiāⁿ	定	taihoa:81924
poj	tiāⁿ sé-chhiú	定洗手	itaigi:13531
poj	tiāⁿ--lâng khì--ah	定人去矣	itaigi:11775
poj	tiāⁿ--lâng-ah	定人矣	itaigi:11773
poj	tiāⁿ-kim	定金	taihoa:82002
poj	tiāⁿ-tio̍h	定著	taihoa:82095
poj	tiāⁿ-tiāⁿ	定定	itaigi:18911
poj	tiū-chháu-piⁿ	稻草編	itaigi:1062
poj	tiū-hê	稻蝦	itaigi:13898
poj	tiū-pī	籌備	taihoa:83909
poj	tiū-á	稻仔	taihoa:83887
poj	tiūⁿ-ḿ	丈姆	itaigi:1268
poj	ti̍h	碟	taihoa:82565
poj	ti̍t	直	taihoa:83678
poj	ti̍t-chhiat-bīn	直切面	itaigi:6280
poj	ti̍t-chiap chhī	直接飼	itaigi:777
poj	ti̍t-chiap hêng-siau	直接行銷	itaigi:16977
poj	ti̍t-chiap hòng-sàng	直接放送	itaigi:1977
poj	ti̍t-chiap-chhī	直接飼	itaigi:343
poj	ti̍t-kak	直覺	itaigi:17589
poj	ti̍t-lâng kóng ti̍t-ōe	直人講直話	itaigi:2029
poj	ti̍t-pâi-lián	直排輪	itaigi:11133
poj	ti̍t-ti̍t	直直	taihoa:83765
poj	ti̍t-ti̍t kiâⁿ	直直行	itaigi:4710
poj	tiⁿ	珍	taihoa:82748
poj	tiⁿ-thô	甜桃	itaigi:13183
poj	tiⁿ-tiⁿ	甜甜	itaigi:5996
poj	tng	當	taihoa:83970
poj	tng taⁿ pe̍h ji̍t	當今白日	itaigi:9342
poj	tng-thâu-pe̍h-li̍t	當頭白日	itaigi:18756
poj	tn̂g thâu lo̍k	長頭鹿	itaigi:8298
poj	tn̂g thâu-mn̂g	長頭毛	itaigi:13526
poj	tn̂g thâu-mo͘	長頭毛	itaigi:13525
poj	tn̂g-bóe-soaⁿ-niû	長尾山娘	itaigi:1041
poj	tn̂g-bóe-tin-á	長尾津仔	itaigi:1992
poj	tn̂g-chiàu	長照	itaigi:16543
poj	tn̂g-chōa	長逝	itaigi:14710
poj	tn̂g-kut	腸骨	itaigi:19167
poj	tn̂g-nî kiú oán	長年久遠	itaigi:9117
poj	tn̂g-sì-kak-hêng	長四角形	itaigi:13892
poj	tn̂g-í-thâu-á	長椅頭仔	itaigi:18030
poj	tn̂g-ūi-iām	腸胃炎	itaigi:12420
poj	tn̄g pòaⁿ sián	斷半仙	itaigi:8468
poj	tn̄g-kut-jia̍t	斷骨熱	itaigi:2294
poj	tn̄g-tn̄g	盪盪	itaigi:2403
poj	to	都	taihoa:84273
poj	to peng chúi-hóe kiap	刀兵水火劫	itaigi:10733
poj	to-chhùi	多嘴	taihoa:85303
poj	to-chhī-thoân-soat	都市傳說	itaigi:800
poj	to-chio̍h	刀石	taihoa:85305
poj	to-chân-tiān-kong	多層電光	itaigi:19679
poj	to-goân sèng-pia̍t	多元性別	itaigi:6113
poj	to-goân ì-kiàn	多元意見	itaigi:12101
poj	to-gí-giân	多語言	itaigi:8791
poj	to-hêng	多型	itaigi:4572
poj	to-iūⁿ-sèng	多樣性	itaigi:11319
poj	to-kong-kiàm-iáⁿ	刀光劍影	itaigi:4778
poj	to-lō͘ chhim	刀路深	itaigi:11216
poj	to-niá	刀嶺	itaigi:8833
poj	to-pán jîn tāu	刀板仁豆	itaigi:8830
poj	to-siā	多謝	taihoa:85921
poj	to-sū	多士	itaigi:750
poj	to-thâu	多頭	itaigi:16923
poj	to-á	刀仔	itaigi:6174
poj	toa-beh-suh	大倍司	itaigi:3671
poj	toaⁿ	單	taihoa:85182
poj	toaⁿ-chúi	單水	itaigi:18608
poj	toaⁿ-sin phit-bé	單身匹馬	itaigi:9599
poj	toaⁿ-sin-ko-á	單身哥仔	itaigi:11870
poj	toaⁿ-sûn	單巡	itaigi:15367
poj	toh-chì	桌誌	itaigi:18541
poj	toh-hóe	桌火	itaigi:19437
poj	toh-kak	桌角	itaigi:11320
poj	toh-kin	桌巾	taihoa:85395
poj	toh-pò͘	桌布	taihoa:85409
poj	toh-thâu la̍h-ji̍t	桌頭曆日	itaigi:4491
poj	toh-thâu-teng	桌頭燈	itaigi:13576
poj	toh-tiúⁿ	桌長	itaigi:12096
poj	toh-á	桌仔	taihoa:85377
poj	toh-ūi	叼位	taihoa:85429
poj	tok	督	taihoa:85435
poj	tong-chhiong	當沖	itaigi:14601
poj	tong-chho͘	當初	itaigi:11459
poj	tong-jiân	當然	taihoa:85871
poj	tong-san ah-thâu	東山鴨頭	itaigi:12075
poj	to̍h	擇	itaigi:13764
poj	to̍h-chhài	擇菜	itaigi:15769
poj	to̍h-kng	著光	itaigi:19104
poj	to̍k	獨	taihoa:85438
poj	to̍k-chhùi	毒嘴	taihoa:85451
poj	to̍k-kak-ku-á	獨角龜仔	itaigi:663
poj	to̍k-kak-sian	獨角仙	itaigi:662
poj	to̍k-kak-siù	獨角獸	itaigi:12692
poj	to̍k-ki-phang	獨居蜂	itaigi:11279
poj	to̍k-li̍p	獨立	taihoa:85494
poj	to̍k-li̍p chu-tiàm	獨立書店	itaigi:5816
poj	to̍k-sí o͘-á-hî	毒死烏仔魚	itaigi:6289
poj	to̍k-sûn	獨巡	itaigi:12320
poj	to͘-keng	都更	itaigi:514
poj	tthian-têng	天庭	itaigi:11659
poj	ttò-chhiú-á-oaiⁿ	倒手仔歪	itaigi:11712
poj	ttōa-hio̍h kàu la̍t	大葉校栗	itaigi:9531
poj	tui soaⁿ tui hái	堆山堆海	itaigi:9842
poj	tui-ko-á	堆高仔	itaigi:13424
poj	tui-soaⁿ chek-hái	堆山積海	itaigi:9843
poj	tun	墩	taihoa:86757
poj	tà	罩	taihoa:73850
poj	tà-cheng-phôe hoat-iām	罩睛皮發炎	itaigi:12363
poj	tài-chhiat-á	貸切仔	itaigi:11151
poj	tài-goân	帶原	itaigi:4584
poj	tài-soe	帶衰	itaigi:18866
poj	tàn	蛋	taihoa:74801
poj	tàng	當	taihoa:74921
poj	tàng-chúi	凍水	itaigi:15801
poj	tàng-chúi-ki	凍水機	itaigi:15802
poj	tàng-kah	凍甲	itaigi:1739
poj	tàng-ki	凍機	itaigi:19175
poj	tàng-lō͘-chúi	凍露水	itaigi:7631
poj	tàng-sng	凍酸	taihoa:74931
poj	tàu	鬥	itaigi:2873
poj	tàu hóe-kì	鬥伙計	itaigi:6041
poj	tàu sok-ka-kak-á	鬥塑膠角仔	itaigi:3081
poj	tàu-kha-chhiú	鬥腳手	taihoa:75439
poj	tàu-phìⁿ-á	鬥片仔	itaigi:7166
poj	tàu-sū-bé	鬥序碼	itaigi:10970
poj	tàu-tah	鬥搭	itaigi:14678
poj	tàu-tô͘	鬥圖	itaigi:1300
poj	tàⁿ	擔	taihoa:74803
poj	tàⁿ-á-chhia	擔仔車	itaigi:14218
poj	tám-hàn	膽漢	itaigi:12285
poj	tám-á-ka	點仔膠	itaigi:15757
poj	tám-á-ka-lō͘	點仔膠路	itaigi:15756
poj	tán	等	taihoa:74674
poj	tán bô lâng	等無人	itaigi:2399
poj	tán-hāu	等候	taihoa:74715
poj	tán-lō͘	等路	itaigi:1311
poj	táng-kàm-sū	董監事	itaigi:14961
poj	táng-kàm-sū-kái-soán	董監事改選	itaigi:14964
poj	táu	斗	taihoa:75350
poj	táu-láng-á-pún	斗籠仔本	itaigi:13929
poj	táⁿ	打	taihoa:74672
poj	táⁿ-kiāⁿ	打件	itaigi:13907
poj	táⁿ-koa	打歌	itaigi:18776
poj	tâi	埋	itaigi:19036
poj	tâi-oân-kâu	台灣猴	itaigi:1926
poj	tâi-pak sió-kū-tàn	台北小巨蛋	itaigi:12080
poj	tâi-phài	台派	itaigi:14369
poj	tâi-tāi	台大	itaigi:1309
poj	tâm	談	taihoa:74555
poj	tâm loân-ài	談戀愛	itaigi:1811
poj	tâm-lok-lok	澹漉漉	itaigi:4343
poj	tâm-lūn	談論	taihoa:74575
poj	tân	陳	taihoa:74831
poj	tân-le̍k-chit	彈力質	itaigi:18405
poj	tâng	同	taihoa:74940
poj	tâng-chhiûⁿ-thih-piah	銅牆鐵壁	itaigi:13968
poj	tâng-chê	同齊	taihoa:74953
poj	tâng-chîⁿ chhùi koah	銅錢碎割	itaigi:9098
poj	tâng-chîⁿ-á	銅錢仔	itaigi:11963
poj	tâng-chôe-chok-chiàn	同齊作戰	itaigi:18870
poj	tâng-kap-la̍p	同齊納	itaigi:6621
poj	tâng-khó͘-tâng-tiⁿ	同苦同甜	itaigi:13825
poj	tâng-kin-thih-kut	銅筋鐵骨	itaigi:17403
poj	tâng-kun-thih-kut	銅筋鐵骨	itaigi:17404
poj	tâng-o̍h	同學	taihoa:75008
poj	tâng-phōaⁿ	同伴	taihoa:75011
poj	tâng-pâng	同房	itaigi:7061
poj	tâng-sin-thih-kut	銅身鐵骨	itaigi:17301
poj	tâng-sián	銅仙	itaigi:11960
poj	tâng-sòaⁿ	銅線	taihoa:75021
poj	tâu	投	itaigi:15952
poj	tâu-bûn	投文	itaigi:16622
poj	tâu-bûn-su	投文書	itaigi:16623
poj	tâu-chiá	投者	itaigi:13923
poj	tâu-chu hôe-pò-lu̍t	投資回報率	itaigi:17015
poj	tâu-hâng	投降	taihoa:75567
poj	tâu-iáⁿ-ki	投影機	itaigi:6342
poj	tâu-iáⁿ-phìⁿ	投影片	itaigi:5852
poj	tâu-iáⁿ-teng	投影燈	itaigi:12243
poj	tâu-phiò	投票	taihoa:75586
poj	tâu-teng	投丁	itaigi:16072
poj	tè	帶	taihoa:75853
poj	tè-ông-phang	帝王蜂	itaigi:11059
poj	tèng	中	taihoa:76671
poj	tèng-chóa-ki	釘紙機	itaigi:265
poj	tèng-iâm	釘鹽	itaigi:15079
poj	tèng-ko͘-ki	釘孤枝	itaigi:1981
poj	tèng-su-ki	釘書機	itaigi:12540
poj	té	底	taihoa:75743
poj	té-chōa	短途	itaigi:14711
poj	té-khò͘	底褲	itaigi:1523
poj	té-kûn	短裙	itaigi:101
poj	té-sìn	短訊	itaigi:6483
poj	té-tì	底蒂	itaigi:17441
poj	té-tô͘	短途	itaigi:14815
poj	té-tō	地道	itaigi:12261
poj	téng	頂	taihoa:76509
poj	téng khang tàu ē khang	頂空鬥下空	itaigi:9029
poj	téng lé pài	頂禮拜	itaigi:7565
poj	téng-bīn	頂面	taihoa:76518
poj	téng-chhiú tàu ē-chhiú	頂手鬥下手	itaigi:9030
poj	téng-chin	頂真	itaigi:11576
poj	téng-chi̍t-chām-á	頂一站仔	itaigi:15287
poj	téng-hôe	頂回	itaigi:7847
poj	téng-hō	等號	itaigi:18303
poj	téng-iân	頂沿	itaigi:12505
poj	téng-kheh-cho̍k	頂客族	itaigi:19561
poj	téng-khòaⁿ	頂看	itaigi:4750
poj	téng-kái	頂改	itaigi:7850
poj	téng-kè-goe̍h	頂個月	itaigi:11495
poj	téng-liû	頂流	itaigi:7468
poj	téng-lé-pài	頂禮拜	itaigi:2154
poj	téng-pang	頂幫	itaigi:7851
poj	téng-phôe-cho͘-chit	頂皮組織	itaigi:2034
poj	téng-po͘	頂晡	taihoa:76615
poj	téng-pái	頂擺	taihoa:76586
poj	téng-pòaⁿ-kang	頂半工	itaigi:11301
poj	téng-sī	頂視	itaigi:4824
poj	téng-toan	頂端	itaigi:18413
poj	téng-téng	等等	taihoa:76651
poj	téng-téng-kò-goe̍h	頂頂個月	itaigi:9035
poj	téng-téng-ē-ē	頂頂下下	itaigi:9033
poj	téng-tûn	頂唇	taihoa:76660
poj	téng-tāng-ē-khin	頂重下輕	itaigi:17725
poj	téng-tōa-chēng-me̍h	頂大靜脈	itaigi:2722
poj	téng-á	戥仔	taihoa:76512
poj	tê	題	taihoa:75886
poj	tê-au	茶甌	taihoa:75890
poj	tê-ba̍k	題目	taihoa:75891
poj	tê-boa̍h	茶末	itaigi:19295
poj	tê-boa̍t	茶末	itaigi:10968
poj	tê-bo̍k	題目	taihoa:75899
poj	tê-bí	茶米	itaigi:2058
poj	tê-bí-nn̄g	茶米卵	itaigi:6903
poj	tê-bú	茶舞	itaigi:15292
poj	tê-chûn	茶船	itaigi:9800
poj	tê-hio̍h-nn̄g	茶葉蛋	itaigi:1980
poj	tê-hâng	茶行	itaigi:1180
poj	tê-kho͘	茶箍	taihoa:75935
poj	tê-ki-á	茶機仔	itaigi:626
poj	tê-koàn	茶罐	taihoa:75942
poj	tê-kó͘	茶鹽	taihoa:75947
poj	tê-poe	茶杯	taihoa:75967
poj	tê-pân	茶瓶	taihoa:75956
poj	tê-pôaⁿ	茶盤	taihoa:75966
poj	tê-sim-nn̄g	茶心卵	itaigi:14443
poj	tê-tiàm	茶店	itaigi:1714
poj	tê-tiàm-á	茶店仔	taihoa:75992
poj	tê-tàng	茶凍	itaigi:4808
poj	têng-kù	重句	itaigi:11997
poj	têng-pōe	重倍	itaigi:13677
poj	têng-sū khòng-chè	程序控制	itaigi:7414
poj	têng-tâⁿ	重誕	taihoa:76770
poj	têng-têng-gio̍k-li̍p	亭亭玉立	itaigi:17268
poj	têng-êng-cheh	重陽節	itaigi:11560
poj	tì	致	taihoa:81332
poj	tì siáu-kúi-á-khak	戴小鬼仔殼	itaigi:3831
poj	tì-chiòng	智障	itaigi:460
poj	tì-hūi-hêng chhiú-ki	智慧型手機	itaigi:191
poj	tì-kak	智覺	itaigi:16661
poj	tì-kak tio̍h	智覺著	itaigi:19621
poj	tì-lêng tiān-ōe	智能電話	itaigi:7407
poj	tì-sek	智識	taihoa:81408
poj	tìm-thâu	頓頭	taihoa:82693
poj	tìm-táu	頓倒	taihoa:82690
poj	tìn	鎮	itaigi:3271
poj	tìn-chheⁿ	鎮星	itaigi:7977
poj	tìn-lō͘	鎮路	itaigi:19072
poj	tìn-tiúⁿ	鎮長	taihoa:82819
poj	tìn-tè	鎮地	taihoa:82807
poj	tìn-ūi	鎮位	itaigi:19071
poj	tìⁿ-chúi	殿水	itaigi:7601
poj	tìⁿ-hong	殿風	itaigi:7603
poj	tín-tāng	振動	taihoa:82753
poj	tî	池	itaigi:7517
poj	tî-khek	遲刻	itaigi:19675
poj	tîm--lo̍h-khì	沈落去	taihoa:82716
poj	tîm-chek-giâm	沉積岩	itaigi:17132
poj	tîm-chek-gâm	沉積岩	itaigi:17133
poj	tîm-chùi	沉醉	itaigi:3421
poj	tîm-chúi-lām	沉水艦	itaigi:18313
poj	tîm-kiû	沉球	itaigi:13326
poj	tîm-lak	沈落	itaigi:18900
poj	tîm-lûn	沉淪	itaigi:14494
poj	tîm-té	沈底	itaigi:6013
poj	tîn	陳	taihoa:82822
poj	tîn-nâ	籐籃	taihoa:82843
poj	tîn-í	籐椅	taihoa:82840
poj	tîⁿ	纏	taihoa:82826
poj	tîⁿ-mî	纏綿	itaigi:13108
poj	tò-chai	倒栽	itaigi:15821
poj	tò-chhiú	倒手	itaigi:2622
poj	tò-chhiú-kut	倒手骨	itaigi:2621
poj	tò-chhiú-káu-á	倒手狗仔	itaigi:2619
poj	tò-chhiú-pêng	倒手爿	taihoa:84332
poj	tò-chhiú-á	倒手仔	itaigi:2624
poj	tò-chhiú-á-kâu	倒手仔猴	itaigi:11710
poj	tò-hiàⁿ	倒向	itaigi:15820
poj	tò-pêng	倒爿	taihoa:84398
poj	tò-pān	倒扮	itaigi:382
poj	tò-siàng-hiàⁿ	倒摔向	itaigi:3250
poj	tò-ta̍h	倒踏	itaigi:14508
poj	tò-ta̍h-kè-sî-khì	倒踏計時器	itaigi:14990
poj	tò-ta̍h-sǹg	倒踏算	itaigi:14509
poj	tò-thâu sǹg-sî	倒頭算時	itaigi:13969
poj	tò-thâu-chhah	倒頭插	itaigi:1208
poj	tò-thâu-sǹg	倒頭算	itaigi:12331
poj	tò-thè	倒退	taihoa:84438
poj	tò-túiⁿ mūi ka-tī	倒轉問家己	itaigi:10664
poj	tò-tńg--lâi	倒轉來	itaigi:17778
poj	tòa	帶	taihoa:84498
poj	tòa pēⁿ ji̍p-kéng	帶病入境	itaigi:4275
poj	tòe	綴	itaigi:4517
poj	tòng	檔	taihoa:85616
poj	tòng bē tiâu	擋袂牢	itaigi:6791
poj	tòng-chhia hok-siā	擋車輻射	itaigi:19218
poj	tòng-pha̍k-ko	擋曝膏	itaigi:386
poj	tòng-phôe-á	擋皮仔	itaigi:1849
poj	tòng-siaⁿ-piah	擋聲壁	itaigi:2359
poj	tòng-soh--á	擋索仔	itaigi:15852
poj	tòng-soán	當選	taihoa:85653
poj	tòng-thâu	擋頭	itaigi:2259
poj	tòng-á-phôe	擋仔皮	itaigi:7153
poj	tò͘	透	taihoa:85990
poj	tò͘-hî	鬥魚	taihoa:86003
poj	tó	倒	itaigi:2966
poj	tó-sū thiⁿ-kng	島嶼天光	itaigi:6145
poj	tóng	黨	taihoa:85587
poj	tóng-á-chhia	檔仔車	itaigi:13814
poj	tóng-ú	黨羽	itaigi:17726
poj	tó͘-ba̍uh	賭貿	itaigi:18617
poj	tôaⁿ	壇	taihoa:85205
poj	tôaⁿ kǹg-khîm	彈鋼琴	itaigi:2932
poj	tôaⁿ-oân-chi-tē	彈丸之地	itaigi:6595
poj	tôaⁿ-tiāu	彈掉	itaigi:1629
poj	tôe-iân	題緣	itaigi:16519
poj	tông-chhong	同窗	taihoa:85681
poj	tông-chong	唐裝	itaigi:14467
poj	tông-chêng	同情	taihoa:85675
poj	tông-chú-kun	童子軍	taihoa:85694
poj	tông-ha̍k-hōe	同學會	taihoa:85706
poj	tông-hiong	同鄉	taihoa:85710
poj	tông-jîn-ke	唐人街	itaigi:2733
poj	tông-liâu	同僚	taihoa:85737
poj	tông-lí-sim	同理心	itaigi:5993
poj	tông-o̍h	同學	itaigi:839
poj	tông-pâng	同房	itaigi:14755
poj	tông-sèng- loān	同性戀	itaigi:12827
poj	tông-sèng-loân	同性戀	itaigi:145
poj	tông-sèng-ài	同性愛	itaigi:7056
poj	tông-sū	同事	taihoa:85761
poj	tông-ì	同意	taihoa:85716
poj	tô͘	圖	taihoa:86029
poj	tô͘-chí	廚子	itaigi:2042
poj	tô͘-su-koán	圖書館	taihoa:86061
poj	tô͘-su-sek	圖書室	taihoa:86062
poj	tù-hông-tî	滯洪池	itaigi:2354
poj	tù-tàu	滯到	itaigi:17738
poj	tùi	對	taihoa:86391
poj	tùi ē kàu téng	對下到頂	itaigi:12102
poj	tùi-bīn	對面	itaigi:11578
poj	tùi-chîn	對繩	itaigi:13842
poj	tùi-chîn kiâⁿ-lō͘	對繩行路	itaigi:13841
poj	tùi-gû-tha̍k-keng	對牛讀經	itaigi:14186
poj	tùi-gû-tôaⁿ-khîm	對牛彈琴	itaigi:14185
poj	tùi-hoán	對反	taihoa:86468
poj	tùi-hòe	對歲	itaigi:11796
poj	tùi-ke̍h	對逆	itaigi:10673
poj	tùi-liû-khoan	對流圈	itaigi:2763
poj	tùi-thâu-gō͘	對頭誤	itaigi:13745
poj	tùi-tio̍h	對著	itaigi:19404
poj	tùi-tâng	對同	itaigi:18263
poj	tùn	頓	taihoa:86769
poj	tùn-chúi	頓水	itaigi:17221
poj	tùn-siú	頓首	itaigi:17247
poj	tú	抵	taihoa:86204
poj	tú-chiah	拄才	itaigi:14213
poj	tú-tio̍h	抵著	taihoa:86277
poj	tú-tú	抵抵	taihoa:86302
poj	tú-tú-hó	拄拄好	itaigi:10593
poj	túiⁿ khí túiⁿ tó	轉起轉倒	itaigi:10688
poj	túiⁿ--khì	轉去	itaigi:11798
poj	túiⁿ--khì ah	轉去矣	itaigi:11806
poj	túiⁿ-khí-túiⁿ-tó	轉去轉倒	itaigi:10646
poj	tún	盾	taihoa:86760
poj	tû	櫥	taihoa:86326
poj	tû-sip	除溼	itaigi:12461
poj	tû-sip-ki	除濕機	itaigi:8302
poj	tû-tiong-sim-hòa	除中心化	itaigi:18459
poj	tāi kong tāi tō	大公大道	itaigi:9324
poj	tāi put siong-tông	大不相同	itaigi:9461
poj	tāi sū put biāu	大事不秒	itaigi:9394
poj	tāi tāi tiantián	大大典典	itaigi:9304
poj	tāi tōng kan-ko	大動干戈	itaigi:9449
poj	tāi-bêng téng-téng	大名鼎鼎	itaigi:9354
poj	tāi-châi	代才	itaigi:11188
poj	tāi-chì	大志	taihoa:74185
poj	tāi-chì hiàn hoe	代誌現花	itaigi:9397
poj	tāi-chì tōa-tiâu	代誌大條	itaigi:9392
poj	tāi-chì tōa-óaⁿ	代誌大碗	itaigi:9393
poj	tāi-chû-tāi-pi	大慈大悲	itaigi:624
poj	tāi-ha̍k	大學	taihoa:74207
poj	tāi-hong	大方	itaigi:4424
poj	tāi-hong tāi-hong	大方大方	itaigi:9303
poj	tāi-hā	大廈	itaigi:2438
poj	tāi-kau	代溝	itaigi:780
poj	tāi-khài	大概	taihoa:74261
poj	tāi-khì-ap	大氣壓	itaigi:19211
poj	tāi-khì-chân	大氣層	itaigi:15037
poj	tāi-kiat-tāi-lī	大吉大利	itaigi:13083
poj	tāi-kong	大公	taihoa:74282
poj	tāi-koán-khián	大館犬	itaigi:16144
poj	tāi-kun	大根	itaigi:14974
poj	tāi-lio̍k sún-chhài	大陸筍菜	itaigi:2027
poj	tāi-lí	代理	itaigi:1516
poj	tāi-pi-chiù	大悲咒	itaigi:13567
poj	tāi-piáu	代表	taihoa:74314
poj	tāi-piān	大便	taihoa:74313
poj	tāi-pè	代幣	itaigi:6610
poj	tāi-seng	代先	itaigi:1656
poj	tāi-sià	大赦	taihoa:74344
poj	tāi-sí	大暑	itaigi:11533
poj	tāi-sò͘	代數	taihoa:74352
poj	tāi-thè-kim	代替金	itaigi:6614
poj	tām-po̍h-á	淡薄仔	taihoa:74603
poj	tān-chāi	但在	itaigi:7959
poj	tān-sī	但是	taihoa:74881
poj	tān-tān	但但	itaigi:7956
poj	tāng kám-mō͘	重感冒	itaigi:9822
poj	tāng-hêng-ki-chhia	重型機車	itaigi:1460
poj	tāng-hùn	重訓	itaigi:2854
poj	tāng-im	重音	itaigi:4567
poj	tāng-kang-gia̍p	重工業	itaigi:14956
poj	tāng-lāi	重利	itaigi:17068
poj	tāng-thiⁿ-hok-tē	動天覆地	itaigi:10800
poj	tāng-thâu-khin	重頭輕	itaigi:1201
poj	tāu	豆	taihoa:75598
poj	tāu-chhài gê	豆菜芽	itaigi:8018
poj	tāu-chhài-té-ê	豆菜底的	itaigi:11876
poj	tāu-gê	豆芽	taihoa:75634
poj	tāu-hū	豆腐	taihoa:75642
poj	tāu-hū-keh	豆腐格	itaigi:18184
poj	tāu-iû	豆油	taihoa:75649
poj	tāu-iû-ko	豆油膏	itaigi:3188
poj	tāu-koaⁿ	豆干	taihoa:75667
poj	tāu-sù-ki	大四肢	itaigi:2648
poj	tāu-á	豆仔	taihoa:75602
poj	tāu-á-tiám	豆仔點	itaigi:11449
poj	tāu-á-toaⁿ	豆仔單	itaigi:12455
poj	tē	地	taihoa:76000
poj	tē saⁿ chōa	第三逝	itaigi:5481
poj	tē-bûn-ha̍k	地文學	itaigi:17292
poj	tē-bī	地味	itaigi:17949
poj	tē-chhiú	袋鼠	itaigi:1363
poj	tē-chian	地氈	taihoa:76025
poj	tē-chit	地質	itaigi:7476
poj	tē-ga̍k	地獄	taihoa:76036
poj	tē-ge̍k	地獄	taihoa:76037
poj	tē-gû sio-tak	地牛相觸	itaigi:7786
poj	tē-gō͘-cháiⁿ	第五指	itaigi:11734
poj	tē-hng chhòng-seng	地方創生	itaigi:11156
poj	tē-hêng-hong	地衡風	itaigi:2779
poj	tē-hông-tî	滯洪池	itaigi:11235
poj	tē-hā-chúi	地下水	itaigi:6641
poj	tē-hā-thih	地下鐵	itaigi:12408
poj	tē-hō-hoan	地號番	itaigi:11450
poj	tē-hū	弟婦	taihoa:76058
poj	tē-it kang	第一工	itaigi:9666
poj	tē-it téng	第一等	itaigi:1937
poj	tē-it-pō͘	第一步	itaigi:6656
poj	tē-jī-cháiⁿ	第二指	itaigi:11719
poj	tē-kaⁿ	地監	itaigi:4158
poj	tē-khè	地契	itaigi:270
poj	tē-ki-chú	地基主	itaigi:4637
poj	tē-kip	地級	itaigi:12813
poj	tē-kip-chhī	地級市	itaigi:12814
poj	tē-kiû	地球	taihoa:76097
poj	tē-kiû kho-ha̍k	地球科學	itaigi:8196
poj	tē-kiû-gî	地球儀	itaigi:4614
poj	tē-kúi	第幾	taihoa:76099
poj	tē-lio̍k-kám	第六感	itaigi:17587
poj	tē-lêng-phang	地龍蜂	itaigi:11066
poj	tē-lí	地理	taihoa:76107
poj	tē-lí-sian	地理仙	itaigi:11884
poj	tē-lí-sian-seⁿ	地理先生	itaigi:11888
poj	tē-lí-sian-á	地理仙仔	itaigi:11887
poj	tē-lí-su	地理師	itaigi:11882
poj	tē-lí-su-á	地理師仔	itaigi:11889
poj	tē-saⁿ-cháiⁿ	第三指	itaigi:11722
poj	tē-sì-cháiⁿ	第四指	itaigi:11726
poj	tē-thih	地鐵	itaigi:19444
poj	tē-tāng	地動	taihoa:76140
poj	tē-tāng-bóe	地動尾	itaigi:11
poj	tēng	定	taihoa:76781
poj	tēng piān-tong	訂便當	itaigi:276
poj	tēng-gia̍p	定業	itaigi:18735
poj	tēng-hun	訂婚	taihoa:76810
poj	tēng-kè	定價	taihoa:76812
poj	tēng-kè-pió	定價表	itaigi:18168
poj	tēng-kî-chûn	定期船	itaigi:18342
poj	tēng-oa̍t	訂閱	itaigi:2413
poj	tēng-put-lī-to	鄧不利多	itaigi:10985
poj	tēng-toh	訂桌	itaigi:4232
poj	tī	治	taihoa:81491
poj	tī chia	佇遮	itaigi:6196
poj	tī hia	佇遐	itaigi:1675
poj	tī-hó-sè	治好勢	itaigi:18672
poj	tī-liâu	治療	taihoa:81522
poj	tī-sî	底時	taihoa:81531
poj	tī-thâng	治蟲	itaigi:19261
poj	tī-tī-hàn-á	稚稚漢仔	itaigi:9607
poj	tīn	陣	taihoa:82875
poj	tīn-chêng-thè	陣前退	itaigi:4712
poj	tīⁿ	填	itaigi:14014
poj	tńg	轉	taihoa:83971
poj	tńg--khì	轉去	taihoa:83994
poj	tńg--lâi	轉來	taihoa:84005
poj	tńg-chîⁿ-khang	轉錢空	itaigi:13772
poj	tńg-hiān-kim-lu̍t	轉現金率	itaigi:17017
poj	tńg-hiān-lu̍t	轉現率	itaigi:17016
poj	tńg-khì	轉去	itaigi:18458
poj	tńg-khì chia̍h-ka-kī	轉去食家己	itaigi:6026
poj	tńg-oan	轉彎	itaigi:13744
poj	tńg-ūn-chām	轉運站	itaigi:15172
poj	tō--ê	導的	itaigi:6907
poj	tō-iōng	盜用	itaigi:17385
poj	tō-kin	道筋	itaigi:17760
poj	tō-kun	道筋	itaigi:17762
poj	tō-kṳn	道筋	itaigi:17761
poj	tō-lí	道理	itaigi:16212
poj	tō-lîm-chóa	道林紙	itaigi:17041
poj	tō-thiaⁿ-thô͘-soeh	道聽塗說	itaigi:1532
poj	tō-tiúⁿ	道長	itaigi:13510
poj	tō-ài	就愛	itaigi:18110
poj	tōa	大	taihoa:84530
poj	tōa châi sió ēng	大才小用	itaigi:9317
poj	tōa hó tōa pāi	大好大敗	itaigi:9360
poj	tōa hó-gia̍h-lâng	大好額人	itaigi:9480
poj	tōa it-thóng	大一統	itaigi:19150
poj	tōa ke-hóe	大家伙	itaigi:9441
poj	tōa khí tōa lo̍h	大起大落	itaigi:9361
poj	tōa mûi tōa hō͘	大門大戶	itaigi:9329
poj	tōa pak-tó͘ tháng	大腹肚桶	itaigi:9379
poj	tōa pau sè-pau	大包細包	itaigi:9333
poj	tōa sin-pū	大新婦	itaigi:6978
poj	tōa tōa sè sè	大大細細	itaigi:9302
poj	tōa âu-khang	大喉空	itaigi:9496
poj	tōa ū khang lâng	大有空人	itaigi:9330
poj	tōa--ê	大的	itaigi:13809
poj	tōa-ba̍k chek-á	大目側仔	itaigi:9766
poj	tōa-ba̍k-chek-á	大目側仔	itaigi:10742
poj	tōa-ba̍k-chûn	大目船	itaigi:12139
poj	tōa-ba̍k-kheng-á	大目框仔	itaigi:2766
poj	tōa-ba̍k-kiàⁿ-phìⁿ	大目鏡片	itaigi:5474
poj	tōa-bē	大賣	taihoa:84560
poj	tōa-bē-tiûⁿ	大賣場	itaigi:556
poj	tōa-bīn	大面	itaigi:19576
poj	tōa-bīn-sîn	大面神	itaigi:16300
poj	tōa-bō	大帽	itaigi:11717
poj	tōa-chhia-lō͘	大車路	itaigi:2524
poj	tōa-chhiū	大樹	itaigi:9808
poj	tōa-chhiū phòa ū chhâ	大樹破有柴	itaigi:9542
poj	tōa-chhoe	大吹	itaigi:9803
poj	tōa-chháu	大草	itaigi:9802
poj	tōa-chiah iá-lông	大隻野狼	itaigi:11194
poj	tōa-chia̍h chheⁿ-ḿ	大食親姆	itaigi:9420
poj	tōa-chi̍h	大舌	itaigi:11996
poj	tōa-chi̍h-kháu	大舌口	itaigi:11998
poj	tōa-chu-liāu	大資料	itaigi:16934
poj	tōa-chèng-hú	大政府	itaigi:19514
poj	tōa-chèng-hú chú-gī	大政府主義	itaigi:19515
poj	tōa-chú-tōa-ì	大主大意	itaigi:5777
poj	tōa-chúi-chhâ	大水柴	itaigi:19367
poj	tōa-chúi-káu-hiā	大水狗蟻	itaigi:14341
poj	tōa-chúi-óaⁿ	大水碗	itaigi:19050
poj	tōa-chûn ji̍p káng	大船入港	itaigi:9356
poj	tōa-gû bô sioh la̍t	大牛無惜力	itaigi:1601
poj	tōa-hong tōa-éng	大風大湧	itaigi:9419
poj	tōa-hàn chia̍h sè-hàn	大漢食細漢	itaigi:9483
poj	tōa-hàn tchia̍h sè-hàn	大漢食細漢	itaigi:9474
poj	tōa-hàn-eⁿ	大漢嬰	itaigi:4786
poj	tōa-hái	大海	itaigi:19707
poj	tōa-hái bong-chiam	大海摸針	itaigi:9435
poj	tōa-hái-éng	大海湧	itaigi:7586
poj	tōa-hî tōa bah	大魚大肉	itaigi:9471
poj	tōa-hó-gia̍h	大好額	itaigi:9440
poj	tōa-hó-tōa-pāi	大好大敗	itaigi:9442
poj	tōa-hù-hō͘-ka	大富戶家	itaigi:9479
poj	tōa-iâ-jī-iâ	大爺二爺	itaigi:8542
poj	tōa-iâ-sè-iâ	大爺細爺	itaigi:8543
poj	tōa-iâⁿ	大贏	itaigi:17060
poj	tōa-jī	大字	itaigi:10025
poj	tōa-kau	大溝	itaigi:7654
poj	tōa-ke-hóe	大傢伙	itaigi:9478
poj	tōa-ke-kháu-chèng	大家口眾	itaigi:9422
poj	tōa-kha	大腳	taihoa:84765
poj	tōa-kha-tháng	大腳桶	taihoa:84774
poj	tōa-khui	大開	itaigi:19553
poj	tōa-khí-tōa-lo̍h	大起大落	itaigi:9444
poj	tōa-kiaⁿ-sió-koài	大驚小怪	itaigi:1447
poj	tōa-kong-gia̍p	大功業	itaigi:18207
poj	tōa-ku-bó	大龜母	itaigi:11716
poj	tōa-kut	大骨	itaigi:11261
poj	tōa-ku̍t	大掘	itaigi:16421
poj	tōa-kóng-sian	大管仙	itaigi:12468
poj	tōa-kún-chúi	大滾水	itaigi:7979
poj	tōa-lia̍p-kōaⁿ sè-lia̍p-kōaⁿ	大粒汗細粒汗	itaigi:3213
poj	tōa-lia̍p-leng	大粒奶	itaigi:4417
poj	tōa-lia̍p-nn̄g	大粒卵	itaigi:16
poj	tōa-lâng	大人	taihoa:84838
poj	tōa-lâng khí	大人齒	itaigi:7986
poj	tōa-lâng tōa chéng	大人大種	itaigi:9296
poj	tōa-lâu	大流	itaigi:7623
poj	tōa-lō͘	大路	itaigi:7453
poj	tōa-niû-ko͘	大娘姑	itaigi:12498
poj	tōa-náu	大腦	itaigi:621
poj	tōa-nî	大年	itaigi:14937
poj	tōa-pah	大百	itaigi:2538
poj	tōa-phiāng	大龐	itaigi:16856
poj	tōa-piáⁿ-tô͘	大餅圖	itaigi:10998
poj	tōa-pán-kin	大板筋	itaigi:12902
poj	tōa-pâng chia̍h sè-pâng	大房食細房	itaigi:9481
poj	tōa-pêng-iûⁿ	大平陽	itaigi:11413
poj	tōa-pêng-tâi	大平台	itaigi:1052
poj	tōa-pôaⁿ	大盤	itaigi:16920
poj	tōa-pún bé jī	大本碼字	itaigi:9535
poj	tōa-pún soaⁿ pô-tô	大本山葡萄	itaigi:9853
poj	tōa-pún-jī	大本字	itaigi:18311
poj	tōa-pō͘-hūn	大部分	itaigi:827
poj	tōa-siaⁿ bé-âu	大聲馬喉	itaigi:9497
poj	tōa-siaⁿ iá-âu	大聲野喉	itaigi:9550
poj	tōa-siaⁿ sè-siaⁿ	大聲細聲	itaigi:9549
poj	tōa-siaⁿ--ê	大聲的	itaigi:4173
poj	tōa-sin koh kún liông	大身閣滾龍	itaigi:9486
poj	tōa-sin koh kún-liông	大身閣滾龍	itaigi:9917
poj	tōa-siuⁿ	大箱	itaigi:15291
poj	tōa-sió-chiá	大小姐	itaigi:15464
poj	tōa-siā khi-hū sió siā	大社欺負小社	itaigi:9482
poj	tōa-siū	大壽	itaigi:11820
poj	tōa-sn̂g	大床	itaigi:16854
poj	tōa-sè-sian	大細仙	itaigi:12241
poj	tōa-teng	大燈	itaigi:16010
poj	tōa-thiaⁿ	大廳	taihoa:85120
poj	tōa-thâu káu-bó	大頭狗母	itaigi:9546
poj	tōa-thâu tōa-bīn	大頭大面	itaigi:9536
poj	tōa-thâu-bó	大頭母	itaigi:12036
poj	tōa-thâu-bú-lâng	大頭母人	itaigi:9298
poj	tōa-thâu-chhài	大頭菜	itaigi:15739
poj	tōa-thâu-chèng	大頭症	itaigi:2071
poj	tōa-thâu-ke	大頭家	itaigi:19470
poj	tōa-thâu-pēⁿ	大頭病	itaigi:11488
poj	tōa-thâu-teng	大頭釘	itaigi:8045
poj	tōa-thô͘-phang	大塗蜂	itaigi:11064
poj	tōa-thúi-thâu	大腿頭	itaigi:12195
poj	tōa-tiáⁿ-chhài	大鼎菜	itaigi:14271
poj	tōa-tn̂g ian-chhiâng	大腸香腸	itaigi:6615
poj	tōa-tn̂g-thâu	大腸頭	itaigi:11700
poj	tōa-tô	大它	taihoa:85153
poj	tōa-tōa	大大	itaigi:4539
poj	tōa-tō͘ hî-á	大肚魚仔	itaigi:9382
poj	tōa-tō͘ nai á	大肚奶仔	itaigi:9381
poj	tōa-éng	大湧	itaigi:7592
poj	tōa-ūi-ông	大胃王	itaigi:1055
poj	tōng	動	taihoa:85783
poj	tōng-bu̍t	動物	taihoa:85788
poj	tōng-bu̍t-ha̍k	動物學	taihoa:85789
poj	tōng-bu̍t-hn̂g	動物園	taihoa:85790
poj	tōng-bu̍t-phōaⁿ	動物伴	itaigi:12392
poj	tōng-bu̍t-sèng ka-chit	動物性膠質	itaigi:15244
poj	tōng-bêng-sû	動名詞	itaigi:3524
poj	tōng-bān	動漫	itaigi:3868
poj	tōng-chhia	動車	itaigi:11969
poj	tōng-khang	洞空	itaigi:7485
poj	tōng-ki	動機	taihoa:85819
poj	tōng-le̍k thih-ki-á-lō͘	動力鐵枝仔路	itaigi:3382
poj	tōng-le̍k-ha̍k	動力學	itaigi:7413
poj	tōng-lián-chhia	動輪車	itaigi:11919
poj	tōng-liâm-soa	動黏沙	itaigi:11108
poj	tōng-tu̍t	撞突	itaigi:14737
poj	tō͘	度	taihoa:86074
poj	tō͘ thé-un	度體溫	itaigi:3145
poj	tō͘-beh-á	肚伯仔	itaigi:1909
poj	tō͘-chiam	度針	itaigi:107
poj	tō͘-chûn-thâu	渡船頭	itaigi:11916
poj	tō͘-chûn-tiûⁿ	渡船場	itaigi:7620
poj	tō͘-hiuⁿ	肚香	itaigi:3846
poj	tō͘-pài	杜拜	itaigi:1533
poj	tō͘-tì-thâu	肚蒂頭	itaigi:11699
poj	tō͘-tēng	杜定	itaigi:1879
poj	tū--sí	駐死	itaigi:7663
poj	tū-chúi	駐水	itaigi:7664
poj	tū-iâm	駐鹽	itaigi:15081
poj	tūi	隊	taihoa:86682
poj	tūn	屯	itaigi:6317
poj	tǹg-heng	頓胸	itaigi:18086
poj	tǹg-ki	當機	itaigi:1978
poj	tǹg-phiò	頓票	itaigi:17954
poj	tǹg-phò͘	當鋪	itaigi:1157
poj	tǹg-ìn	頓印	itaigi:16099
poj	tṳ̂-chháu	除草	itaigi:14423
poj	u-jiám	汙染	itaigi:1651
poj	u-lóng	烏壟	itaigi:13882
poj	u-lóng-mī	烏壟麵	itaigi:13871
poj	ui	威	taihoa:87148
poj	ui-giâm	威嚴	taihoa:87365
poj	un-chôaⁿ	溫泉	taihoa:87551
poj	un-pân	溫瓶	taihoa:87571
poj	un-sek-hāu-èng	溫室效應	itaigi:2010
poj	un-sioh	溫惜	itaigi:17818
poj	un-si̍p	溫習	taihoa:87577
poj	un-sûn	溫純	taihoa:87578
poj	un-tài kē-khì-ap	溫帶低氣壓	itaigi:11118
poj	un-tō͘	溫度	taihoa:87597
poj	ut-chèng	鬱症	itaigi:6011
poj	ut-khiau	鬱曲	itaigi:18462
poj	ut-káu	鬱口	itaigi:11992
poj	ut-saⁿ	熨衫	taihoa:87642
poj	ut-tiâu	鬱牢	itaigi:19464
poj	ut-táu	熨斗	taihoa:87647
poj	Ài-jî-lân	愛而蘭	itaigi:13618
poj	Ài-nī-lân	愛爾蘭	itaigi:2908
poj	Ài-o-lân	愛阿蘭	itaigi:3120
poj	Ài-sin-kak-lô	愛新覺羅	itaigi:1193
poj	Ài-su-tê	愛斯提	itaigi:6668
poj	Ài-teng-pó	愛丁堡	itaigi:1302
poj	Ài-te̍k-seng	愛迪生	itaigi:6775
poj	Ài-ti	愛知	itaigi:18577
poj	Ài-ti-koān	愛知縣	itaigi:18578
poj	Âm-kang	涵江	itaigi:13048
poj	Âng Siù-thiāu	洪秀柱	itaigi:12621
poj	Âng chû-iông	洪慈庸	itaigi:12620
poj	Âng-ba̍k-ia̍h	紅目蝶	itaigi:4923
poj	Âng-bīn-hoan-ah	紅面番鴨	itaigi:2901
poj	Âng-chhái-nn̄g	紅彩卵	itaigi:5289
poj	Âng-mn̂g-lâng	紅毛人	itaigi:3937
poj	Âng-nn̄g-pûi	紅卵肥	itaigi:5285
poj	Âng-pó-hái-chheⁿ	紅寶海星	itaigi:5313
poj	Âng-pó-niau	紅寶貓	itaigi:5093
poj	Âng-teng-khu	紅燈區	itaigi:8125
poj	Âng-thâu-béng-chiáu	紅頭猛鳥	itaigi:4983
poj	Âng-tāu-sū	紅豆嶼	itaigi:16508
poj	Éng-an	永安	itaigi:12494
poj	Éng-chhun	永春	itaigi:13019
poj	Éng-thài	永泰	itaigi:12996
poj	Éng-tēng	永定	itaigi:13030
poj	Ì-kok	意國	itaigi:15116
poj	Ì-tà-lī-à-mī	義大利麵	itaigi:13785
poj	Ìn-tō͘-nî-se-a	印度尼西亞	itaigi:2903
poj	Í-sat	以撒	itaigi:18338
poj	Î-iâu	余姚	itaigi:12794
poj	Îⁿ-soaⁿ-á	員山仔	itaigi:11423
poj	Ò-khek-lân	奧克蘭	itaigi:2955
poj	Ò-mn̂g	澳門	itaigi:486
poj	Ò-su-má-ka	奧斯馬加	itaigi:14098
poj	Ông Gio̍k-hûn	王玉雲	itaigi:12623
poj	Ông Io̍k-tek Kì-liām-koán	王育德紀念館	itaigi:18439
poj	Ông Thok	王拓	itaigi:12625
poj	Ông Tân Chhái-hâ	王陳彩霞	itaigi:12704
poj	Ông Éng-khèng	王永慶	itaigi:7436
poj	Ông-hong	王風	itaigi:17423
poj	Ông-keng	王宮	itaigi:17724
poj	Ông-kong	王公	itaigi:2513
poj	Ông-kong-biō	王公廟	itaigi:2514
poj	Ô͘ Gím-tô	胡錦濤	itaigi:8313
poj	Ô͘ Kím-tô	胡錦濤	itaigi:8314
poj	Ô͘ chì-kiông	胡志強	itaigi:12626
poj	Ô͘-chiu	湖州	itaigi:12817
poj	Ô͘-lí	湖里	itaigi:12974
poj	Ô͘-lāi	湖內	itaigi:12492
poj	Ô͘-á-lāi	湖仔內	itaigi:4272
poj	Ú-chì-pe̍k	宇志白	itaigi:6681
poj	Ú-iā-hoe	雨夜花	itaigi:2914
poj	Ú-khek-lân	宇克蘭	itaigi:6671
poj	Û Chheng-hong	余清芳	itaigi:15475
poj	Û Thian	余天	itaigi:12628
poj	Û-iâu	餘姚	itaigi:12622
poj	Ûi-khek	維刻	itaigi:1984
poj	Ûi-ki	維基	itaigi:7040
poj	Ûi-ki-pah-kho	維基百科	itaigi:5798
poj	Ûi-nî-hîm	維尼熊	itaigi:3153
poj	Ûi-á-lāi	圍仔內	itaigi:15646
poj	Ûiⁿ-ui-têng	黃威廷	itaigi:9816
poj	ài	愛	taihoa:154
poj	ài chîⁿ sí hó	愛錢死好	itaigi:8703
poj	ài lâng hu-hu	愛人撫撫	itaigi:15884
poj	ài piàⁿ chiah ē iâⁿ	愛拚才會贏	itaigi:1989
poj	ài ūn-tōng	愛運動	itaigi:6782
poj	ài-bō͘	愛慕	taihoa:167
poj	ài-chêng	愛情	taihoa:169
poj	ài-jîn	愛人	taihoa:188
poj	ài-jîn-á	愛人仔	itaigi:11094
poj	ài-khàu hui-á	愛哭妃仔	itaigi:10943
poj	ài-khùn	愛睏	itaigi:763
poj	ài-kok-sim	愛國心	taihoa:213
poj	ài-māi	曖昧	taihoa:217
poj	ài-tio̍h khah chhám sí	愛著較慘死	itaigi:1135
poj	ài-tâi-gí	愛台語	itaigi:1476
poj	ài-âng	愛紅	itaigi:7594
poj	àm	暗	itaigi:7633
poj	àm-an Tâi-oân	暗安台灣	itaigi:6885
poj	àm-bé-chîⁿ	暗碼錢	itaigi:16941
poj	àm-bé-hòe-pè	暗碼貨幣	itaigi:16940
poj	àm-bîn-bong soaⁿ-niau	暗眠摸山貓	itaigi:16422
poj	àm-choh-kî	暗作期	itaigi:13093
poj	àm-giàn	暗癮	itaigi:15915
poj	àm-hō	暗號	itaigi:12965
poj	àm-hō-chîⁿ	暗號錢	itaigi:3894
poj	àm-hō-hòe-pè	暗號貨幣	itaigi:16938
poj	àm-hōe	暗會	itaigi:13724
poj	àm-khang	暗空	itaigi:12117
poj	àm-kong-chiáu	暗光鳥	itaigi:10032
poj	àm-kì	暗記	taihoa:452
poj	àm-pò	暗報	itaigi:14921
poj	àm-sat	暗殺	taihoa:518
poj	àm-sat-chiá	暗殺者	itaigi:17123
poj	àm-sek	暗色	taihoa:519
poj	àm-siōng	暗誦	taihoa:529
poj	àm-sî	暗時	taihoa:521
poj	àm-sî-á	暗時仔	itaigi:7881
poj	àm-sī	暗示	taihoa:525
poj	àm-ta-á	暗礁仔	itaigi:11368
poj	àm-thâu-á	暗頭仔	itaigi:7874
poj	àm-tiong chhòng-khang	暗中創空	itaigi:3956
poj	àm-tōng	暗洞	itaigi:12121
poj	àm-tǹg beh chia̍h siáⁿ	暗頓欲食啥	itaigi:6416
poj	àm-tǹg chia̍h siáⁿ	暗頓食啥	itaigi:6426
poj	àm-ì-sek	暗意識	itaigi:4345
poj	àn bóe-á-sǹg	按尾仔算	itaigi:12330
poj	àn-chóaⁿ	按怎	taihoa:729
poj	àn-hoat	按法	itaigi:13839
poj	àn-hā	案下	itaigi:14818
poj	àn-kiāⁿ	案件	taihoa:747
poj	àn-liú	按鈕	itaigi:2345
poj	àn-lu̍t	按律	itaigi:13840
poj	àn-mô͘-pāng	按摩棒	itaigi:2836
poj	àn-nāi	案內	taihoa:758
poj	àn-sǹg	按算	taihoa:775
poj	àn-thâu-teng	案頭燈	itaigi:13577
poj	àng	甕	taihoa:855
poj	àu	懊	taihoa:1503
poj	àⁿ	向	itaigi:12260
poj	àⁿ-thâu	向頭	itaigi:6887
poj	àⁿ-thâu-cho̍k	向頭族	itaigi:495
poj	án-chóaⁿ	按怎	itaigi:1372
poj	án-chóaⁿ chhòng	按怎創	itaigi:3929
poj	án-chóaⁿ kóng	按怎講	itaigi:106
poj	án-chóaⁿ siá	按怎寫	itaigi:4480
poj	án-hōe	按會	itaigi:3796
poj	án-ne	按呢	itaigi:739
poj	án-ne hó--bô	按呢好無	itaigi:6310
poj	án-ne kám hó	按呢敢好	itaigi:2315
poj	án-ne kám-hó	按呢敢好	itaigi:1833
poj	án-ne niā-niā	按呢爾爾	itaigi:1753
poj	án-ne tō hó	按呢就好	itaigi:6199
poj	án-ne-siⁿ	按呢生	itaigi:315
poj	án-ni	按呢	taihoa:701
poj	án-ná	按那	itaigi:7931
poj	áu	嘔	taihoa:1445
poj	âm-kau	涵溝	itaigi:18213
poj	âm-khang	涵空	taihoa:572
poj	âm-khang-ku	涵空龜	itaigi:513
poj	âm-khangku	涵空龜	itaigi:10499
poj	âng	紅	taihoa:883
poj	âng ko-lê-chhài	紅高麗菜	itaigi:3979
poj	âng thiⁿ chhiah ji̍t-thâu	紅天赤日頭	itaigi:9343
poj	âng-ba̍k-chio̍h-sai	紅目石獅	itaigi:18217
poj	âng-bóe-á-chháu	紅尾仔草	itaigi:9706
poj	âng-chhiah-chhiah	紅赤赤	itaigi:6469
poj	âng-chio̍h	紅石	itaigi:14981
poj	âng-chio̍h pí-kàu-khì	紅石比較器	itaigi:3378
poj	âng-chio̍h tiong-kè-khì	紅石中繼器	itaigi:3379
poj	âng-chng jī pat liân	紅妝二八年	itaigi:8575
poj	âng-chng-á-lō͘	紅磚仔路	itaigi:1674
poj	âng-eⁿ-á	紅嬰仔	taihoa:973
poj	âng-hoe-bí	紅花米	itaigi:18222
poj	âng-hoe-chúi-hún	紅花水粉	itaigi:2336
poj	âng-hoeh-kiû	紅血球	itaigi:11239
poj	âng-jîn-thô͘	紅仁塗	itaigi:11381
poj	âng-kong-chhiah-chhí	紅光赤刺	itaigi:18208
poj	âng-ku	紅龜	itaigi:16442
poj	âng-kì-kì	紅記記	itaigi:14687
poj	âng-kòng-kòng	紅貢貢	taihoa:1086
poj	âng-leng-á-chháu	紅奶仔草	itaigi:9705
poj	âng-lê	紅螺	taihoa:1103
poj	âng-mn̂g-thô͘	紅毛土	taihoa:1120
poj	âng-phôe-chhài	紅皮菜	taihoa:1146
poj	âng-pit	紅筆	itaigi:6803
poj	âng-sek	紅色	taihoa:1156
poj	âng-si-sòaⁿ	紅絲線	itaigi:14021
poj	âng-siaⁿ	昂聲	itaigi:19303
poj	âng-si̍p-jī	紅十字	taihoa:1163
poj	âng-teng-chheⁿ-teng	紅燈青燈	itaigi:13266
poj	âng-teng-khu	紅燈區	itaigi:7380
poj	âng-thiⁿ chhiah ji̍t-thâu	紅天赤日頭	itaigi:2588
poj	âng-thâng	紅蟲	itaigi:1676
poj	âng-thô͘-liông	紅塗龍	itaigi:11632
poj	âng-tê	紅茶	taihoa:1183
poj	âng-tê-gû-leng	紅茶牛奶	itaigi:13295
poj	âng-tāu-piáⁿ	紅豆餅	itaigi:1222
poj	âng-îⁿ-á	紅圓仔	itaigi:1556
poj	âu-ta chi̍h khoah	喉焦舌渴	itaigi:9211
poj	âu-ūn	喉韻	itaigi:17678
poj	èng-kai	應該	taihoa:18614
poj	é	矮	taihoa:18042
poj	é-káu	啞口	taihoa:18055
poj	é-tǹg-é-tǹg	矮頓矮頓	itaigi:13729
poj	éng	湧	itaigi:7557
poj	éng-hióng	永享	taihoa:18527
poj	éng-khò͘	泳褲	itaigi:2740
poj	éng-kiat	永吉	itaigi:19170
poj	éng-kiú	永久	taihoa:18537
poj	éng-oán	永遠	taihoa:18554
poj	éng-seng	永生	taihoa:18562
poj	éng-ē	永會	itaigi:7961
poj	ê	個	taihoa:18100
poj	ê-iû	鞋油	taihoa:18131
poj	ê-té	鞋底	taihoa:18143
poj	ê-á	鞋仔	itaigi:411
poj	ê-á-tòa	鞋仔帶	itaigi:2511
poj	êng	閒	taihoa:18644
poj	êng-gia̍p	營業	itaigi:11904
poj	êng-ióng ngó͘-chhan	營養午餐	itaigi:8306
poj	êng-ióng-siā	營養射	itaigi:3428
poj	êng-kong-pit	螢光筆	itaigi:19694
poj	êng-á-ōe	閒仔話	itaigi:4664
poj	êng-ōe	閒話	taihoa:18730
poj	ì-chì-siau-tîm	意志消沉	itaigi:14364
poj	ì-chāi-giân-gōa	意在言外	itaigi:2910
poj	ì-goān	意願	itaigi:1083
poj	ì-gī	意義	taihoa:28262
poj	ì-gōa	意外	taihoa:28263
poj	ì-ki	意基	itaigi:17098
poj	ì-kiàn	意見	taihoa:28278
poj	ì-sek hêng-thài	意識形態	itaigi:19270
poj	ì-sek-hang-piáⁿ	意式烘餅	itaigi:13818
poj	ì-sek-sio-piáⁿ	意式燒餅	itaigi:13803
poj	ì-sit-mī	意式麵	itaigi:3270
poj	ì-sù	意思	taihoa:28289
poj	ì-tiong	意中	taihoa:28292
poj	ì-tiong-jîn	意中人	itaigi:2256
poj	ìn	印	itaigi:1047
poj	ìn-bí	應米	itaigi:17507
poj	ìn-hoe	印花	taihoa:29623
poj	ìn-hoe-phiò	印花票	itaigi:17388
poj	ìn-jī-ki	印字機	itaigi:17391
poj	ìn-kang	印工	itaigi:16361
poj	ìn-pán	印版	itaigi:16357
poj	ìn-pán-tiàm	印版店	itaigi:16359
poj	ìn-sek	印色	taihoa:29636
poj	ìn-siōng	印象	taihoa:29646
poj	ìn-soat	印刷	taihoa:29647
poj	ìn-soat-ki	印刷機	taihoa:29649
poj	ìn-á	印仔	taihoa:29594
poj	ìⁿ-á	燕仔	taihoa:29596
poj	í-chêng	以前	taihoa:28188
poj	í-gōa	以外	taihoa:28197
poj	í-hā	以下	taihoa:28198
poj	í-keng	已經	taihoa:28204
poj	í-koh-thâu-á	椅各頭仔	itaigi:17961
poj	í-kúi-chiū-kúi	以鬼就鬼	itaigi:10669
poj	í-liâu	椅條	itaigi:18132
poj	í-lâi	以來	taihoa:28209
poj	í-lāi	以內	taihoa:28210
poj	í-phēng	椅並	itaigi:18927
poj	í-súi	雨水	itaigi:11530
poj	í-toh	椅桌	taihoa:28240
poj	í-to̍k-kong-to̍k	以毒攻毒	itaigi:17813
poj	í-tāi-lī-mī	義大利麵	itaigi:2089
poj	í-á	椅仔	taihoa:28177
poj	í-āu	以後	taihoa:28181
poj	ím-chúi-ki	飲水機	itaigi:1518
poj	ím-si̍t-tiàm	飲食店	itaigi:11967
poj	ín--lâng ah	允人矣	itaigi:11776
poj	ín-hóe	引火	taihoa:29532
poj	ín-iú	引誘	itaigi:10880
poj	ín-iōng	引用	taihoa:29537
poj	ín-kù-tiám	引句點	itaigi:16341
poj	ín-le̍k	引力	taihoa:29563
poj	ín-lâng khah-chhám khiàm-lâng	允人較慘欠人	itaigi:8473
poj	ín-thè	引退	taihoa:29579
poj	íⁿ-hô	穎豪	itaigi:2108
poj	î--á	姨仔	itaigi:2475
poj	î-bîn	移民	taihoa:28302
poj	î-hoa-chiap-bo̍k	移花接木	itaigi:15597
poj	î-hoán-î-hok	移反移覆	itaigi:10641
poj	î-kho-ki	移科技	itaigi:17030
poj	î-khún	移墾	itaigi:12213
poj	î-san-tó-hái	移山倒海	itaigi:1751
poj	î-tiūⁿ	姨丈	taihoa:28352
poj	î-tōng	移動	taihoa:28355
poj	î-á	姨仔	itaigi:11292
poj	îⁿ	圓	taihoa:29664
poj	îⁿ-chiu-lu̍t	圓周率	itaigi:12423
poj	îⁿ-mī-pau	圓麵包	itaigi:17999
poj	îⁿ-niá	圓領	itaigi:15302
poj	ò	澳	itaigi:11360
poj	òaⁿ	晏	taihoa:55117
poj	óa	瓦	taihoa:54777
poj	óa-khò	倚靠	taihoa:54814
poj	óa-su	瓦斯	itaigi:1941
poj	óaⁿ	碗	taihoa:55020
poj	óaⁿ-pôaⁿ	碗盤	taihoa:55089
poj	óaⁿ-á thia̍p ti̍h-á	碗仔疊碟仔	itaigi:13543
poj	óe-sòe koh chho͘-ióng	矮細閣粗勇	itaigi:19016
poj	óng-chín	往診	itaigi:16865
poj	óng-ho̍k	往復	taihoa:55800
poj	óng-lâi	往來	taihoa:55810
poj	ó͘ hīⁿ-khang	挖耳空	itaigi:853
poj	ô-á	蚵仔	taihoa:54758
poj	ông	王	taihoa:55829
poj	ông kiàn hiàn	王見現	itaigi:9502
poj	ông put liû hêng	王不留行	itaigi:9834
poj	ông--ko-liú--ko	王哥柳哥	itaigi:8544
poj	ông-gō͘	王五	itaigi:11857
poj	ông-lâi	王梨	taihoa:55863
poj	ông-lú	王女	itaigi:13673
poj	ù-peng	煦冰	taihoa:86865
poj	ùi	對	taihoa:87171
poj	ùi-hiòng	對向	itaigi:19403
poj	ùi-kôaⁿ	畏寒	itaigi:560
poj	ùi-lán	畏懶	itaigi:16041
poj	ùi-siáu-jîn	畏小人	itaigi:2649
poj	ùi-tông	畏同	itaigi:378
poj	ùn-chiàng	運將	itaigi:2066
poj	ú-hâng-chiá	宇航者	itaigi:13666
poj	ú-hâng-chûn	宇航船	itaigi:13869
poj	ú-mô͘-kiû	羽毛球	itaigi:797
poj	ú-tiū-lâng	宇宙人	itaigi:7190
poj	úi-jīm	委任	taihoa:87153
poj	úi-sū-kì	委士記	itaigi:15298
poj	úi-thok	委託	taihoa:87165
poj	ún-chún	允准	itaigi:16363
poj	ún-iâⁿ	穩贏	itaigi:7268
poj	ún-miâ-hòa	隱名化	itaigi:17027
poj	ún-sí	穩死	itaigi:1124
poj	ún-tio̍h-ài	穩著愛	itaigi:19397
poj	ún-tàng	穩當	itaigi:18743
poj	ûi	為	taihoa:87209
poj	ûi-chhiâng	圍場	itaigi:17667
poj	ûi-chhiûⁿ-á	圍牆仔	itaigi:14375
poj	ûi-chhî	維持	itaigi:19327
poj	ûi-hui-chok-tái	為非作歹	itaigi:13684
poj	ûi-khióng thian-hā put-loān	唯恐天下不亂	itaigi:18638
poj	ûi-lô͘	圍爐	itaigi:9363
poj	ûi-lô͘ àm	圍爐暗	itaigi:9364
poj	ûi-lô͘-chhài	圍爐菜	itaigi:7318
poj	ûi-lúi	圍壘	itaigi:2770
poj	ûi-thoân-chí	遺傳子	itaigi:19523
poj	ûi-thoân-chú	遺傳子	itaigi:2439
poj	ûi-ûi	圍圍	itaigi:4056
poj	ûiⁿ-si	黃絲	itaigi:17204
poj	ûn	云	taihoa:87465
poj	ûn-kéng	云境	itaigi:6004
poj	ûn-á-sī	勻仔是	itaigi:11570
poj	ûn-ûn-á	勻勻仔	taihoa:87480
poj	Āu-piah-liâu	後壁寮	itaigi:17744
poj	ām-khang-pûi-ku	涵空肥龜	itaigi:5925
poj	āng-siaⁿ	旺聲	itaigi:1956
poj	āu	後	taihoa:1613
poj	āu -chi̍t -ūi	後一位	itaigi:7464
poj	āu chi̍t chām	後一站	itaigi:6153
poj	āu kè goe̍h	後個月	itaigi:11496
poj	āu lé-pài	後禮拜	itaigi:1820
poj	āu--ji̍t	後日	taihoa:1686
poj	āu-bó	後母	taihoa:1623
poj	āu-bóe-á	後尾仔	itaigi:7888
poj	āu-bīn	後面	itaigi:44
poj	āu-chèng-thâu	後症頭	itaigi:12399
poj	āu-chōa	後逝	itaigi:1840
poj	āu-goe̍h-ji̍t	後月日	taihoa:1675
poj	āu-gû-po͘	後牛埔	itaigi:14479
poj	āu-ji̍t	後日	taihoa:1682
poj	āu-ji̍t-á	後日仔	itaigi:7861
poj	āu-khok	後擴	itaigi:5503
poj	āu-liú	後紐	itaigi:19639
poj	āu-lâi	後來	itaigi:7854
poj	āu-nî	後年	taihoa:1724
poj	āu-piah	後壁	taihoa:1735
poj	āu-piah thé-ūi	後壁體位	itaigi:12151
poj	āu-piah ê	後壁的	itaigi:37
poj	āu-piàn	後遍	itaigi:7858
poj	āu-pái	後擺	taihoa:1725
poj	āu-pêng	後旁	taihoa:1734
poj	āu-tháng	後桶	itaigi:15799
poj	āu-thâu-khok	後頭擴	itaigi:17418
poj	āu-thâu-kut	後頭骨	itaigi:18420
poj	āu-thô͘-tî	後塗除	itaigi:14425
poj	āu-táu	後斗	itaigi:11000
poj	āu-táu-khok-á	後斗擴仔	itaigi:18826
poj	āu-tāi	後代	itaigi:2204
poj	āu-á	後仔	itaigi:7898
poj	āu-ā	後也	itaigi:7900
poj	āⁿ	餡	taihoa:824
poj	Ē--bô	會無	itaigi:2420
poj	Ē-iâⁿ	下營	itaigi:15557
poj	Ē-mn̂g	廈門	itaigi:6766
poj	Ē-po͘	下埔	itaigi:11402
poj	Ē-siâⁿ	下城	itaigi:12800
poj	ē	會	taihoa:18153
poj	ē chi̍t chām	下一站	itaigi:18869
poj	ē ha̍k-kî	下學期	itaigi:4842
poj	ē khòaⁿ kháu tit	會看口得	itaigi:9057
poj	ē koh hoat	會閣發	itaigi:1163
poj	ē kìⁿ chèng tit	會見眾得	itaigi:9056
poj	ē kìⁿ tit lâng chèng	會見得人眾	itaigi:9055
poj	ē lé-pài	下禮拜	itaigi:3737
poj	ē pâi tôaⁿ tit	會排壇直	itaigi:9058
poj	ē pí-phēng tit	會比並得	itaigi:9053
poj	ē-bīn	下面	taihoa:18162
poj	ē-chi̍t-iân	下一沿	itaigi:8980
poj	ē-chá	下早	itaigi:3553
poj	ē-chái	下早	itaigi:2171
poj	ē-chái-chhī	下早市	itaigi:14759
poj	ē-hiáu	會曉	taihoa:18192
poj	ē-hng	下昏	taihoa:18199
poj	ē-hô	會和	itaigi:19093
poj	ē-kha	下腳	taihoa:18237
poj	ē-káng-lâng	下港人	itaigi:7191
poj	ē-pòaⁿ-kang	下半工	itaigi:11303
poj	ē-sǹg-tit si̍t-jī	會算得實字	itaigi:16599
poj	ē-thang	會通	itaigi:7944
poj	ē-toan	下端	itaigi:18414
poj	ē-tàng	會當	taihoa:18332
poj	ē-té	下底	taihoa:18354
poj	ē-tōa-chēng-me̍h	下大靜脈	itaigi:12421
poj	ēng	用	taihoa:18760
poj	ēng bô͘ chō kè	用謀造計	itaigi:9100
poj	ēng-hoat	用法	taihoa:18763
poj	ēng-lō͘	用路	taihoa:18770
poj	ī-giân	預言	taihoa:28372
poj	ī-hông chù-siā	預防注射	itaigi:19685
poj	ī-hông-siā	預防射	itaigi:19723
poj	ī-iok	預約	itaigi:297
poj	ī-kài	異界	itaigi:4688
poj	ī-kàu	異教	itaigi:6328
poj	ī-siōng	異象	itaigi:12542
poj	ī-soàn	預算	taihoa:28416
poj	ī-sèng-loân	異性戀	itaigi:6261
poj	īⁿ-tiúⁿ	院長	taihoa:29735
poj	īⁿ-toan	異端	taihoa:29736
poj	ńg	影	taihoa:53483
poj	Ōe-hok-pō͘	衛福部	itaigi:3162
poj	Ōe-hong	衛風	itaigi:3751
poj	Ōe-seng Hok-lī Pō͘	衛生福利部	itaigi:3163
poj	Ōng-kak	旺角	itaigi:3629
poj	ōaⁿ	換	taihoa:55212
poj	ōaⁿ o͘-iû	換烏油	itaigi:16003
poj	ōaⁿ-chhut	換齣	itaigi:16288
poj	ōaⁿ-chîⁿ	換錢	taihoa:55230
poj	ōaⁿ-io̍h	換藥	itaigi:15276
poj	ōaⁿ-io̍h-á	換藥仔	itaigi:13097
poj	ōaⁿ-saⁿ	換衫	taihoa:55274
poj	ōaⁿ-sok-kiû	換速球	itaigi:13334
poj	ōaⁿ-tóng	換檔	itaigi:5453
poj	ōaⁿ-âng	換紅	itaigi:15878
poj	ōaⁿ-ōe lâi kóng	換話來講	itaigi:19419
poj	ōe	話	taihoa:55484
poj	ōe liông ōe hōng	畫龍畫鳳	itaigi:9373
poj	ōe-chok	畫作	itaigi:4729
poj	ōe-gí	話語	itaigi:17249
poj	ōe-gí chi-tiong	話語之中	itaigi:6982
poj	ōe-kheng	畫框	itaigi:12134
poj	ōe-kháu	話口	itaigi:4660
poj	ōe-pún	畫本	itaigi:6163
poj	ōe-seng	衛生	taihoa:55584
poj	ōe-seng-só͘	衛生所	taihoa:55593
poj	ōe-seng-óaⁿ	衛生碗	itaigi:15032
poj	ōe-sian	畫仙	itaigi:1406
poj	ōe-sò͘	畫素	itaigi:17175
poj	ōe-sò͘-pān	畫素範	itaigi:17177
poj	ōe-sū	畫士	itaigi:16724
poj	ōe-tiāu	話調	itaigi:16043
poj	ōe-tâng	話筒	itaigi:6918
poj	ōe-tô͘	畫圖	taihoa:55617
poj	ōe-tô͘ chóa	畫圖紙	itaigi:9510
poj	ō͘-á	芋仔	taihoa:55948
poj	Ū-èng-kong	有應公	itaigi:5227
poj	ū	吁	taihoa:86875
poj	ū būn- tê--bô	有問題嗎	itaigi:6787
poj	ū būn-tê	有問題	itaigi:6788
poj	ū hòe-sò͘	有歲數	itaigi:16110
poj	ū hûn bô-iáⁿ	有魂無影	itaigi:9505
poj	ū lâi ū khì	有來有去	itaigi:6578
poj	ū lâi ū óng	有來有往	itaigi:1582
poj	ū thiaⁿ--tio̍h-bô	有聽著無	itaigi:4499
poj	ū ōe kóng	有話講	itaigi:14934
poj	ū--bô	有無	itaigi:6880
poj	ū--nn̄g-pō͘-chhit-á	有兩步七仔	itaigi:19424
poj	ū-bāng	有望	taihoa:86877
poj	ū-chām-ū-chat	有站有節	itaigi:10506
poj	ū-hêng-thé--ê	有形體的	itaigi:13317
poj	ū-hòe-thâu	有歲頭	itaigi:9026
poj	ū-hûn bô-iáⁿ	有痕無影	itaigi:9591
poj	ū-iáⁿ	有影	taihoa:86954
poj	ū-iáⁿ--bô	有影無	itaigi:3199
poj	ū-iáⁿ-bô-chiah	有影無跡	itaigi:9588
poj	ū-iáⁿ-ū-chiah	有影有跡	itaigi:4365
poj	ū-iáⁿ-ū-chi̍t-chiah	有影有一隻	itaigi:19300
poj	ū-khùi--ê	有氣的	itaigi:13318
poj	ū-kio̍k	有局	itaigi:2085
poj	ū-kàu chhù-bī	有夠趣味	itaigi:7448
poj	ū-kàu chán	有夠讚	itaigi:6989
poj	ū-kàu-la̍t	有夠力	itaigi:5997
poj	ū-kàu-thang	有夠通	itaigi:7960
poj	ū-la̍t chīn-liōng	有力盡量	itaigi:10425
poj	ū-liân-sòaⁿ	有連線	itaigi:15257
poj	ū-lâng-ū-hūn	有人有份	itaigi:8582
poj	ū-miâ	有名	taihoa:87014
poj	ū-siaⁿ bô-iáⁿ	有聲無影	itaigi:9589
poj	ū-sim bô-la̍t	有心無力	itaigi:8838
poj	ū-sin-hūn	有身孕	itaigi:11789
poj	ū-tang-tio̍h-á	有當著仔	itaigi:16347
poj	ū-thiⁿ bô ji̍t-thâu	有天無日頭	itaigi:10777
poj	ū-thâu-ū-bīn	有頭有面	itaigi:14694
poj	ū-tàⁿ-thâu-ah	有擔頭矣	itaigi:11771
poj	ū-ê-lâng	有的人	itaigi:11858
poj	ūi	為	taihoa:87308
poj	ūi-goân-cho͘	位元組	itaigi:15200
poj	ūi-goân-chîⁿ	位元錢	itaigi:3760
poj	ūi-goân-pè	位元幣	itaigi:13652
poj	ūi-gâm	胃癌	taihoa:87316
poj	ūi-tio̍h	為著	taihoa:87359
poj	ūi-tio̍h chiong-lâi	為著將來	itaigi:1448
poj	ūi-tāu	胃豆	itaigi:5879
poj	ūn	運	taihoa:87488
poj	ūn-bó	韻母	itaigi:14770
poj	ūn-bóe	韻尾	itaigi:19460
poj	ūn-bú	韻母	itaigi:14806
poj	ūn-choán	運轉	taihoa:87494
poj	ūn-choán-chhiú	運轉手	itaigi:7351
poj	ūn-chîⁿ	運錢	taihoa:87493
poj	ūn-hô	運河	taihoa:87498
poj	ūn-hùi	運費	taihoa:87500
poj	ūn-kim	運金	itaigi:15329
poj	ūn-poaⁿ	運搬	taihoa:87512
poj	ūn-tōng	運動	taihoa:87524
poj	ūn-tōng cháu-tâi	運動走台	itaigi:3050
poj	ūn-tōng-hōe	運動會	taihoa:87526
poj	ūn-tōng-koán	運動館	itaigi:10939
poj	ūn-tōng-tiûⁿ	運動場	taihoa:87533
poj	ǹg-bāng	向望	itaigi:1416
poj	ǹg-tǹg	向頓	taihoa:53513
