input	hiragana	katakana	consumed
-	ー	ー	0
-qqo	ーっくぉ	ーックォ	0
a	あ	ア	0
aa	ああ	アア	0
aaaa	ああああ	アアアア	0
aaban	ああばん	アアバン	0
aacherii	ああちぇりい	アアチェリイ	0
aachi	ああち	アアチ	0
aachisuto	ああちすと	アアチスト	0
aaiu	ああいう	アアイウ	0
aakeedo	ああけえど	アアケエド	0
aakitekucha	ああきてくちゃ	アアキテクチャ	0
aaku	ああく	アアク	0
aamondo	ああもんど	アアモンド	0
aamu	ああむ	アアム	0
aasu	ああす	アアス	0
aateisuto	ああていすと	アアテイスト	0
aato	ああと	アアト	0
abareru	あばれる	アバレル	0
abauto	あばうと	アバウト	0
abekku	あべっく	アベック	0
abekobe	あべこべ	アベコベ	0
abenyuu	あべにゅう	アベニュウ	0
abiru	あびる	アビル	0
abiseru	あびせる	アビセル	0
abunai	あぶない	アブナイ	0
abura	あぶら	アブラ	0
aburae	あぶらえ	アブラエ	0
aburami	あぶらみ	アブラミ	0
ac	あ	ア	1
ach	あ	ア	1
achi	あち	アチ	0
achikochi	あちこち	アチコチ	0
achir	あち	アチ	4
achira	あちら	アチラ	0
achirak	あちら	アチラ	6
achirako	あちらこ	アチラコ	0
achirakoc	あちらこ	アチラコ	8
achirakoch	あちらこ	アチラコ	8
achirakochi	あちらこち	アチラコチ	0
achirakochir	あちらこち	アチラコチ	11
achirakochira	あちらこちら	アチラコチラ	0
achirakochiraenshuu	あちらこちらえんしゅう	アチラコチラエンシュウ	0
ad	あ	ア	1
ada	あだ	アダ	0
adana	あだな	アダナ	0
adap	あだ	アダ	3
adapu	あだぷ	アダプ	0
adaput	あだぷ	アダプ	5
adaputa	あだぷた	アダプタ	0
adaputaa	あだぷたあ	アダプタア	0
adaputaakoueki	あだぷたあこうえき	アダプタアコウエキ	0
adaruto	あだると	アダルト	0
ado	あど	アド	0
adobaisu	あどばいす	アドバイス	0
adobaizaa	あどばいざあ	アドバイザア	0
adobanteeji	あどばんてえじ	アドバンテエジ	0
adobenchaa	あどべんちゃあ	アドベンチャア	0
adorenarin	あどれなりん	アドレナリン	0
adoresu	あどれす	アドレス	0
adoribu	あどりぶ	アドリブ	0
ae	あえ	アエ	0
aen	あえん	アエン	0
aet	あえ	アエ	2
aete	あえて	アエテ	0
aetetennouheika	あえててんのうへいか	アエテテンノウヘイカ	0
afureru	あふれる	アフレル	0
afurika	あふりか	アフリカ	0
afutaa	あふたあ	アフタア	0
afutanuun	あふたぬうん	アフタヌウン	0
afyirieito	あふぃりえいと	アフィリエイト	0
ag	あ	ア	1
agari	あがり	アガリ	0
agaru	あがる	アガル	0
agattari	あがったり	アガッタリ	0
age	あげ	アゲ	0
ageku	あげく	アゲク	0
ageoroshine	あげおろしね	アゲオロシネ	0
ageru	あげる	アゲル	0
ago	あご	アゴ	0
agura	あぐら	アグラ	0
aguresshibu	あぐれっしぶ	アグレッシブ	0
ahiru	あひる	アヒル	0
aho	あほ	アホ	0
ai	あい	アイ	0
aibaabaa	あいばあばあ	アイバアバア	0
aiborii	あいぼりい	アイボリイ	0
aibou	あいぼう	アイボウ	0
aichaku	あいちゃく	アイチャク	0
aida	あいだ	アイダ	0
aidagara	あいだがら	アイダガラ	0
aidajuu	あいだじゅう	アイダジュウ	0
aidea	あいであ	アイデア	0
aideia	あいでいあ	アイデイア	0
aidenteitei	あいでんていてい	アイデンテイテイ	0
aidenteiteii	あいでんていていい	アイデンテイテイイ	0
aidoku	あいどく	アイドク	0
aidoru	あいどる	アイドル	0
aigo	あいご	アイゴ	0
aijin	あいじん	アイジン	0
aijou	あいじょう	アイジョウ	0
aikawarazu	あいかわらず	アイカワラズ	0
aiken	あいけん	アイケン	0
aikoku	あいこく	アイコク	0
aikon	あいこん	アイコン	0
aikotoba	あいことば	アイコトバ	0
aikou	あいこう	アイコウ	0
aikyou	あいきょう	アイキョウ	0
aima	あいま	アイマ	0
aimai	あいまい	アイマイ	0
aimatte	あいまって	アイマッテ	0
ainiku	あいにく	アイニク	0
ainori	あいのり	アイノリ	0
ainu	あいぬ	アイヌ	0
airisu	あいりす	アイリス	0
airon	あいろん	アイロン	0
ais	あい	アイ	2
aisatsu	あいさつ	アイサツ	0
aisenshi	あいせんし	アイセンシ	0
aish	あい	アイ	2
aisha	あいしゃ	アイシャ	0
aishad	あいしゃ	アイシャ	5
aishado	あいしゃど	アイシャド	0
aishadou	あいしゃどう	アイシャドウ	0
aishadougoten	あいしゃどうごてん	アイシャドウゴテン	0
aishou	あいしょう	アイショウ	0
aishuu	あいしゅう	アイシュウ	0
aiso	あいそ	アイソ	0
aisou	あいそう	アイソウ	0
aisu	あいす	アイス	0
aisuhokkee	あいすほっけえ	アイスホッケエ	0
aisukoohii	あいすこおひい	アイスコオヒイ	0
aisukuriimu	あいすくりいむ	アイスクリイム	0
aisuru	あいする	アイスル	0
aitai	あいたい	アイタイ	0
aite	あいて	アイテ	0
aitedoru	あいてどる	アイテドル	0
aitekata	あいてかた	アイテカタ	0
aitemu	あいてむ	アイテム	0
aitou	あいとう	アイトウ	0
aitsu	あいつ	アイツ	0
aitsugu	あいつぐ	アイツグ	0
aitsura	あいつら	アイツラ	0
aiyou	あいよう	アイヨウ	0
aiz	あい	アイ	2
aizo	あいぞ	アイゾ	0
aizou	あいぞう	アイゾウ	0
aizoupurizumu	あいぞうぷりずむ	アイゾウプリズム	0
aizu	あいず	アイズ	0
aizuchi	あいずち	アイズチ	0
aji	あじ	アジ	0
ajia	あじあ	アジア	0
ajiajin	あじあじん	アジアジン	0
ajikenai	あじけない	アジケナイ	0
ajinomoto	あじのもと	アジノモト	0
ajisai	あじさい	アジサイ	0
ajito	あじと	アジト	0
ajitsuke	あじつけ	アジツケ	0
ajiwai	あじわい	アジワイ	0
ajiwau	あじわう	アジワウ	0
ak	あ	ア	1
aka	あか	アカ	0
akachan	あかちゃん	アカチャン	0
akademii	あかでみい	アカデミイ	0
akademiishou	あかでみいしょう	アカデミイショウ	0
akademikku	あかでみっく	アカデミック	0
akahata	あかはた	アカハタ	0
akai	あかい	アカイ	0
akairo	あかいろ	アカイロ	0
akaji	あかじ	アカジ	0
akamatsu	あかまつ	アカマツ	0
akanbou	あかんぼう	アカンボウ	0
akari	あかり	アカリ	0
akarui	あかるい	アカルイ	0
akashi	あかし	アカシ	0
akashingou	あかしんごう	アカシンゴウ	0
akasu	あかす	アカス	0
akatsuki	あかつき	アカツキ	0
ake	あけ	アケ	0
akebono	あけぼの	アケボノ	0
akegata	あけがた	アケガタ	0
akekure	あけくれ	アケクレ	0
akemashiteomedetougozaimasu	あけましておめでとうございます	アケマシテオメデトウゴザイマス	0
akeru	あける	アケル	0
aki	あき	アキ	0
akibare	あきばれ	アキバレ	0
akichi	あきち	アキチ	0
akiguchi	あきぐち	アキグチ	0
akikan	あきかん	アキカン	0
akikaze	あきかぜ	アキカゼ	0
akinai	あきない	アキナイ	0
akiraka	あきらか	アキラカ	0
akirameru	あきらめる	アキラメル	0
akireru	あきれる	アキレル	0
akiresuken	あきれすけん	アキレスケン	0
akiru	あきる	アキル	0
akisu	あきす	アキス	0
akiya	あきや	アキヤ	0
akk	あ	ア	1
akka	あっか	アッカ	0
akkan	あっかん	アッカン	0
akkansenzai	あっかんせんざい	アッカンセンザイ	0
akke	あっけ	アッケ	0
akkou	あっこう	アッコウ	0
ako	あこ	アコ	0
akog	あこ	アコ	3
akoga	あこが	アコガ	0
akogar	あこが	アコガ	5
akogare	あこがれ	アコガレ	0
akogarenomato	あこがれのまと	アコガレノマト	0
akogareru	あこがれる	アコガレル	0
akogareshinshouhin	あこがれしんしょうひん	アコガレシンショウヒン	0
akoodeion	あこおでいおん	アコオデイオン	0
akoodo	あこおど	アコオド	0
akoosuteikku	あこおすていっく	アコオステイック	0
aku	あく	アク	0
akubi	あくび	アクビ	0
akueikyou	あくえいきょう	アクエイキョウ	0
akui	あくい	アクイ	0
akuji	あくじ	アクジ	0
akujo	あくじょ	アクジョ	0
akujunkan	あくじゅんかん	アクジュンカン	0
akuma	あくま	アクマ	0
akumademo	あくまでも	アクマデモ	0
akumu	あくむ	アクム	0
akunin	あくにん	アクニン	0
akuriru	あくりる	アクリル	0
akurobatto	あくろばっと	アクロバット	0
akuru	あくる	アクル	0
akuruhi	あくるひ	アクルヒ	0
akuryoku	あくりょく	アクリョク	0
akus	あく	アク	3
akuse	あくせ	アクセ	0
akusei	あくせい	アクセイ	0
akusento	あくせんと	アクセント	0
akuseru	あくせる	アクセル	0
akuses	あくせ	アクセ	5
akusesa	あくせさ	アクセサ	0
akusesar	あくせさ	アクセサ	7
akusesari	あくせさり	アクセサリ	0
akusesarii	あくせさりい	アクセサリイ	0
akusesariigogaku	あくせさりいごがく	アクセサリイゴガク	0
akusesu	あくせす	アクセス	0
akushidento	あくしでんと	アクシデント	0
akushitsu	あくしつ	アクシツ	0
akushon	あくしょん	アクション	0
akushu	あくしゅ	アクシュ	0
akushuu	あくしゅう	アクシュウ	0
akuteibitei	あくていびてい	アクテイビテイ	0
akuteibu	あくていぶ	アクテイブ	0
akutenkou	あくてんこう	アクテンコウ	0
akutoku	あくとく	アクトク	0
akuyaku	あくやく	アクヤク	0
akuyou	あくよう	アクヨウ	0
am	あ	ア	1
ama	あま	アマ	0
amachua	あまちゅあ	アマチュア	0
amadare	あまだれ	アマダレ	0
amado	あまど	アマド	0
amae	あまえ	アマエ	0
amaeru	あまえる	アマエル	0
amaetenshu	あまえてんしゅ	アマエテンシュ	0
amag	あま	アマ	3
amagu	あまぐ	アマグ	0
amagumo	あまぐも	アマグモ	0
amagutsuzuku	あまぐつずく	アマグツズク	0
amai	あまい	アマイ	0
amakudari	あまくだり	アマクダリ	0
amami	あまみ	アマミ	0
amamizu	あまみず	アマミズ	0
amamori	あまもり	アマモリ	0
amanogawa	あまのがわ	アマノガワ	0
amari	あまり	アマリ	0
amarini	あまりに	アマリニ	0
amaru	あまる	アマル	0
amasu	あます	アマス	0
amayadori	あまやどり	アマヤドリ	0
amayakasu	あまやかす	アマヤカス	0
amazu	あまず	アマズ	0
ame	あめ	アメ	0
amedasu	あめだす	アメダス	0
ameeba	あめえば	アメエバ	0
amefuri	あめふり	アメフリ	0
amefuto	あめふと	アメフト	0
amegafuru	あめがふる	アメガフル	0
amerika	あめりか	アメリカ	0
amerikagasshuukoku	あめりかがっしゅうこく	アメリカガッシュウコク	0
amerikajin	あめりかじん	アメリカジン	0
amerikan	あめりかん	アメリカン	0
ami	あみ	アミ	0
amida	あみだ	アミダ	0
amido	あみど	アミド	0
amimono	あみもの	アミモノ	0
aminosan	あみのさん	アミノサン	0
amu	あむ	アム	0
amyuuzumento	あみゅうずめんと	アミュウズメント	0
an	あん	アン	0
ana	あな	アナ	0
anadoru	あなどる	アナドル	0
anagachi	あながち	アナガチ	0
anarisuto	あなりすと	アナリスト	0
anarogu	あなろぐ	アナログ	0
anata	あなた	アナタ	0
anatagata	あなたがた	アナタガタ	0
anaume	あなうめ	アナウメ	0
anaunsaa	あなうんさあ	アナウンサア	0
anaunsu	あなうんす	アナウンス	0
anbai	あんばい	アンバイ	0
anbaransu	あんばらんす	アンバランス	0
anchi	あんち	アンチ	0
anda	あんだ	アンダ	0
andaa	あんだあ	アンダア	0
andaarain	あんだあらいん	アンダアライン	0
ando	あんど	アンド	0
andoroido	あんどろいど	アンドロイド	0
ane	あね	アネ	0
anettai	あねったい	アネッタイ	0
anfyea	あんふぇあ	アンフェア	0
angai	あんがい	アンガイ	0
angou	あんごう	アンゴウ	0
angura	あんぐら	アングラ	0
anguru	あんぐる	アングル	0
angya	あんぎゃ	アンギャ	0
ani	あに	アニ	0
anihattatsu	あにはったつ	アニハッタツ	0
aniki	あにき	アニキ	0
anim	あに	アニ	3
animaru	あにまる	アニマル	0
anime	あにめ	アニメ	0
animeeshon	あにめえしょん	アニメエション	0
animekouho	あにめこうほ	アニメコウホ	0
anji	あんじ	アンジ	0
anjuu	あんじゅう	アンジュウ	0
ank	あん	アン	2
anka	あんか	アンカ	0
ankaa	あんかあ	アンカア	0
ankaakoushou	あんかあこうしょう	アンカアコウショウ	0
ankeeto	あんけえと	アンケエト	0
anken	あんけん	アンケン	0
anki	あんき	アンキ	0
ankimuuru	あんきむうる	アンキムウル	0
anko	あんこ	アンコ	0
ankoku	あんこく	アンコク	0
ankooru	あんこおる	アンコオル	0
anma	あんま	アンマ	0
anmari	あんまり	アンマリ	0
anmin	あんみん	アンミン	0
anmoku	あんもく	アンモク	0
anmonia	あんもにあ	アンモニア	0
anna	あんな	アンナ	0
annai	あんない	アンナイ	0
anni	あんに	アンニ	0
annojou	あんのじょう	アンノジョウ	0
ano	あの	アノ	0
anohito	あのひと	アノヒト	0
anokata	あのかた	アノカタ	0
anone	あのね	アノネ	0
anoyo	あのよ	アノヨ	0
anpi	あんぴ	アンピ	0
anpo	あんぽ	アンポ	0
anpu	あんぷ	アンプ	0
anrakushi	あんらくし	アンラクシ	0
ansanburu	あんさんぶる	アンサンブル	0
ansatsu	あんさつ	アンサツ	0
ansei	あんせい	アンセイ	0
ansendo	あんせんど	アンセンド	0
anshin	あんしん	アンシン	0
anshinkan	あんしんかん	アンシンカン	0
anshou	あんしょう	アンショウ	0
ansorojii	あんそろじい	アンソロジイ	0
anta	あんた	アンタ	0
antai	あんたい	アンタイ	0
antei	あんてい	アンテイ	0
anteiiku	あんていいく	アンテイイク	0
antena	あんてな	アンテナ	0
anun	あぬん	アヌン	0
anz	あん	アン	2
anze	あんぜ	アンゼ	0
anzen	あんぜん	アンゼン	0
anzenh	あんぜん	アンゼン	5
anzenho	あんぜんほ	アンゼンホ	0
anzenhos	あんぜんほ	アンゼンホ	7
anzenhosh	あんぜんほ	アンゼンホ	7
anzenhosho	あんぜんほしょ	アンゼンホショ	0
anzenhoshou	あんぜんほしょう	アンゼンホショウ	0
anzenhoshousenpaku	あんぜんほしょうせんぱく	アンゼンホショウセンパク	0
anzu	あんず	アンズ	0
ao	あお	アオ	0
aoba	あおば	アオバ	0
aogu	あおぐ	アオグ	0
aoi	あおい	アオイ	0
aoiro	あおいろ	アオイロ	0
aojashin	あおじゃしん	アオジャシン	0
aojiroi	あおじろい	アオジロイ	0
aoki	あおき	アオキ	0
aomuke	あおむけ	アオムケ	0
aoru	あおる	アオル	0
aotagai	あおたがい	アオタガイ	0
aoume	あおうめ	アオウメ	0
aoyagi	あおやぎ	アオヤギ	0
aozameru	あおざめる	アオザメル	0
aozora	あおぞら	アオゾラ	0
apaato	あぱあと	アパアト	0
apiiru	あぴいる	アピイル	0
appaa	あっぱあ	アッパア	0
appaku	あっぱく	アッパク	0
appu	あっぷ	アップ	0
apuri	あぷり	アプリ	0
apurikeeshon	あぷりけえしょん	アプリケエション	0
apuroochi	あぷろおち	アプロオチ	0
aqqu	あっくぅ	アックゥ	0
ar	あ	ア	1
ara	あら	アラ	0
araarashii	あらあらしい	アラアラシイ	0
araato	あらあと	アラアト	0
arabu	あらぶ	アラブ	0
arai	あらい	アライ	0
araiageru	あらいあげる	アライアゲル	0
araimono	あらいもの	アライモノ	0
arakajime	あらかじめ	アラカジメ	0
arakaruto	あらかると	アラカルト	0
araki	あらき	アラキ	0
aranami	あらなみ	アラナミ	0
arappoi	あらっぽい	アラッポイ	0
ararageru	あららげる	アララゲル	0
arashi	あらし	アラシ	0
arasoi	あらそい	アラソイ	0
arasou	あらそう	アラソウ	0
arasu	あらす	アラス	0
arasuji	あらすじ	アラスジ	0
arata	あらた	アラタ	0
aratamaru	あらたまる	アラタマル	0
aratameru	あらためる	アラタメル	0
aratamete	あらためて	アラタメテ	0
arate	あらて	アラテ	0
arau	あらう	アラウ	0
araware	あらわれ	アラワレ	0
arawareru	あらわれる	アラワレル	0
arawasu	あらわす	アラワス	0
arayuru	あらゆる	アラユル	0
are	あれ	アレ	0
aredake	あれだけ	アレダケ	0
arehodo	あれほど	アレホド	0
arekore	あれこれ	アレコレ	0
arenji	あれんじ	アレンジ	0
areno	あれの	アレノ	0
areru	あれる	アレル	0
arerugii	あれるぎい	アレルギイ	0
ari	あり	アリ	0
aria	ありあ	アリア	0
ariawase	ありあわせ	アリアワセ	0
aribai	ありばい	アリバイ	0
arienai	ありえない	アリエナイ	0
arifureta	ありふれた	アリフレタ	0
arigachi	ありがち	アリガチ	0
arigatai	ありがたい	アリガタイ	0
arigatou	ありがとう	アリガトウ	0
arigatougozaimashita	ありがとうございました	アリガトウゴザイマシタ	0
arigatougozaimasu	ありがとうございます	アリガトウゴザイマス	0
arii	ありい	アリイ	0
ariin	ありいん	アリイン	0
ariina	ありいな	アリイナ	0
ariinakoukai	ありいなこうかい	アリイナコウカイ	0
arinomama	ありのまま	アリノママ	0
arisama	ありさま	アリサマ	0
arishihi	ありしひ	アリシヒ	0
arisou	ありそう	アリソウ	0
aritoarayuru	ありとあらゆる	アリトアラユル	0
aroha	あろは	アロハ	0
aromaterapii	あろまてらぴい	アロマテラピイ	0
aroo	あろお	アロオ	0
aru	ある	アル	0
arubaito	あるばいと	アルバイト	0
arubamu	あるばむ	アルバム	0
aruchuu	あるちゅう	アルチュウ	0
arudehido	あるでひど	アルデヒド	0
arufua	あるふあ	アルフア	0
arufuabetto	あるふあべっと	アルフアベット	0
arufuabettojun	あるふあべっとじゅん	アルフアベットジュン	0
arugorizumu	あるごりずむ	アルゴリズム	0
aruiha	あるいは	アルイハ	0
aruimide	あるいみで	アルイミデ	0
aruimideha	あるいみでは	アルイミデハ	0
aruji	あるじ	アルジ	0
arukadeia	あるかでいあ	アルカデイア	0
arukari	あるかり	アルカリ	0
arukarisei	あるかりせい	アルカリセイ	0
arukimawaru	あるきまわる	アルキマワル	0
arukooru	あるこおる	アルコオル	0
aruku	あるく	アルク	0
arumi	あるみ	アルミ	0
aruminiumu	あるみにうむ	アルミニウム	0
arupain	あるぱいん	アルパイン	0
arupusu	あるぷす	アルプス	0
aruto	あると	アルト	0
arutsuhaimaa	あるつはいまあ	アルツハイマア	0
asa	あさ	アサ	0
asaban	あさばん	アサバン	0
asagao	あさがお	アサガオ	0
asagata	あさがた	アサガタ	0
asagiri	あさぎり	アサギリ	0
asagohan	あさごはん	アサゴハン	0
asaguroi	あさぐろい	アサグロイ	0
asahaka	あさはか	アサハカ	0
asahi	あさひ	アサヒ	0
asai	あさい	アサイ	0
asaichiban	あさいちばん	アサイチバン	0
asameshi	あさめし	アサメシ	0
asanebou	あさねぼう	アサネボウ	0
asanuno	あさぬの	アサヌノ	0
asaru	あさる	アサル	0
asase	あさせ	アサセ	0
asatte	あさって	アサッテ	0
asayuu	あさゆう	アサユウ	0
ase	あせ	アセ	0
aseri	あせり	アセリ	0
aseru	あせる	アセル	0
asesumento	あせすめんと	アセスメント	0
ashi	あし	アシ	0
ashiato	あしあと	アシアト	0
ashiba	あしば	アシバ	0
ashibaya	あしばや	アシバヤ	0
ashibumi	あしぶみ	アシブミ	0
ashidome	あしどめ	アシドメ	0
ashidori	あしどり	アシドリ	0
ashigakari	あしがかり	アシガカリ	0
ashikarazu	あしからず	アシカラズ	0
ashikoshi	あしこし	アシコシ	0
ashikubi	あしくび	アシクビ	0
ashimoto	あしもと	アシモト	0
ashinami	あしなみ	アシナミ	0
ashioto	あしおと	アシオト	0
ashisutanto	あしすたんと	アシスタント	0
ashisuto	あしすと	アシスト	0
ashita	あした	アシタ	0
asobi	あそび	アソビ	0
asobiaite	あそびあいて	アソビアイテ	0
asobiba	あそびば	アソビバ	0
asobu	あそぶ	アソブ	0
asoko	あそこ	アソコ	0
assari	あっさり	アッサリ	0
assen	あっせん	アッセン	0
asshou	あっしょう	アッショウ	0
asshuku	あっしゅく	アッシュク	0
asu	あす	アス	0
asubesuto	あすべすと	アスベスト	0
asufuaruto	あすふあると	アスフアルト	0
asukii	あすきい	アスキイ	0
asuparagasu	あすぱらがす	アスパラガス	0
asurechikku	あすれちっく	アスレチック	0
asuriito	あすりいと	アスリイト	0
at	あ	ア	1
ata	あた	アタ	0
ataeru	あたえる	アタエル	0
atai	あたい	アタイ	0
ataisuru	あたいする	アタイスル	0
atakamo	あたかも	アタカモ	0
atakku	あたっく	アタック	0
atama	あたま	アタマ	0
atamakin	あたまきん	アタマキン	0
atamauchi	あたまうち	アタマウチ	0
atar	あた	アタ	3
atarashii	あたらしい	アタラシイ	0
atari	あたり	アタリ	0
atarim	あたり	アタリ	5
atarima	あたりま	アタリマ	0
atarimae	あたりまえ	アタリマエ	0
atarimaeokaikei	あたりまえおかいけい	アタリマエオカイケイ	0
atariyaku	あたりやく	アタリヤク	0
ataru	あたる	アタル	0
atashi	あたし	アタシ	0
atat	あた	アタ	3
atata	あたた	アタタ	0
atatakai	あたたかい	アタタカイ	0
atatam	あたた	アタタ	5
atatama	あたたま	アタタマ	0
atatamar	あたたま	アタタマ	7
atatamaru	あたたまる	アタタマル	0
atatamarumiraa	あたたまるみらあ	アタタマルミラア	0
atatameru	あたためる	アタタメル	0
atchi	あ	ア	1
atchikotchi	あ	ア	1
ate	あて	アテ	0
atehamaru	あてはまる	アテハマル	0
atehameru	あてはめる	アテハメル	0
atena	あてな	アテナ	0
ateru	あてる	アテル	0
atesaki	あてさき	アテサキ	0
ato	あと	アト	0
atogaki	あとがき	アトガキ	0
atokara	あとから	アトカラ	0
atokatazuke	あとかたずけ	アトカタズケ	0
atomawashi	あとまわし	アトマワシ	0
atomodori	あともどり	アトモドリ	0
atomu	あとむ	アトム	0
atonomatsuri	あとのまつり	アトノマツリ	0
atooshi	あとおし	アトオシ	0
atopii	あとぴい	アトピイ	0
atorakushon	あとらくしょん	アトラクション	0
atorasu	あとらす	アトラス	0
atorie	あとりえ	アトリエ	0
atoshimatsu	あとしまつ	アトシマツ	0
atotsugi	あとつぎ	アトツギ	0
atsuatsu	あつあつ	アツアツ	0
atsugami	あつがみ	アツガミ	0
atsugi	あつぎ	アツギ	0
atsui	あつい	アツイ	0
atsukai	あつかい	アツカイ	0
atsukamashii	あつかましい	アツカマシイ	0
atsukau	あつかう	アツカウ	0
atsumari	あつまり	アツマリ	0
atsumaru	あつまる	アツマル	0
atsumeru	あつめる	アツメル	0
atsumi	あつみ	アツミ	0
atsuryoku	あつりょく	アツリョク	0
atsusa	あつさ	アツサ	0
attenai	あってない	アッテナイ	0
atteno	あっての	アッテノ	0
atto	あっと	アット	0
attoiuma	あっというま	アットイウマ	0
attoiumani	あっというまに	アットイウマニ	0
attou	あっとう	アットウ	0
attouteki	あっとうてき	アットウテキ	0
au	あう	アウ	0
auto	あうと	アウト	0
autodoa	あうとどあ	アウトドア	0
autoretto	あうとれっと	アウトレット	0
awa	あわ	アワ	0
awaa	あわあ	アワア	0
awabi	あわび	アワビ	0
awai	あわい	アワイ	0
aware	あわれ	アワレ	0
awaremu	あわれむ	アワレム	0
awaseru	あわせる	アワセル	0
awasu	あわす	アワス	0
awatadashii	あわただしい	アワタダシイ	0
awateru	あわてる	アワテル	0
ay	あ	ア	1
ayabumu	あやぶむ	アヤブム	0
ayafuya	あやふや	アヤフヤ	0
ayamachi	あやまち	アヤマチ	0
ayamari	あやまり	アヤマリ	0
ayamaru	あやまる	アヤマル	0
ayamatte	あやまって	アヤマッテ	0
ayashii	あやしい	アヤシイ	0
ayashimu	あやしむ	アヤシム	0
ayatsuru	あやつる	アヤツル	0
ayaui	あやうい	アヤウイ	0
ayauku	あやうく	アヤウク	0
ayu	あゆ	アユ	0
ayum	あゆ	アユ	3
ayumi	あゆみ	アユミ	0
ayumiyori	あゆみより	アユミヨリ	0
ayumiyoru	あゆみよる	アユミヨル	0
ayumu	あゆむ	アユム	0
ayumusarusa	あゆむさるさ	アユムサルサ	0
aza	あざ	アザ	0
azakeru	あざける	アザケル	0
azamuku	あざむく	アザムク	0
azayaka	あざやか	アザヤカ	0
azukari	あずかり	アズカリ	0
azukarijo	あずかりじょ	アズカリジョ	0
azukarishou	あずかりしょう	アズカリショウ	0
azukaru	あずかる	アズカル	0
azukeireru	あずけいれる	アズケイレル	0
azukeru	あずける	アズケル	0
azuki	あずき	アズキ	0
b			0
ba	ば	バ	0
baa	ばあ	バア	0
baabaa	ばあばあ	バアバア	0
baabekyuu	ばあべきゅう	バアベキュウ	0
baaberu	ばあべる	バアベル	0
baabon	ばあぼん	バアボン	0
baachan	ばあちゃん	バアチャン	0
baacharu	ばあちゃる	バアチャル	0
baadeii	ばあでいい	バアデイイ	0
baadokooru	ばあどこおる	バアドコオル	0
baagaa	ばあがあ	バアガア	0
baagen	ばあげん	バアゲン	0
baagenseeru	ばあげんせえる	バアゲンセエル	0
baai	ばあい	バアイ	0
baajin	ばあじん	バアジン	0
baajinia	ばあじにあ	バアジニア	0
baajon	ばあじょん	バアジョン	0
baakoodo	ばあこおど	バアコオド	0
baamingamu	ばあみんがむ	バアミンガム	0
baanaa	ばあなあ	バアナア	0
baareru	ばあれる	バアレル	0
baaresuku	ばあれすく	バアレスク	0
baaru	ばある	バアル	0
baas	ばあ	バア	3
baasan	ばあさん	バアサン	0
baasu	ばあす	バアス	0
baasud	ばあす	バアス	5
baasude	ばあすで	バアスデ	0
baasudee	ばあすでえ	バアスデエ	0
baasudeeshukkin	ばあすでえしゅっきん	バアスデエシュッキン	0
baasuto	ばあすと	バアスト	0
baataa	ばあたあ	バアタア	0
baaten	ばあてん	バアテン	0
baba	ばば	ババ	0
baberunotou	ばべるのとう	バベルノトウ	0
baburu	ばぶる	バブル	0
bachi	ばち	バチ	0
bachigai	ばちがい	バチガイ	0
bachikan	ばちかん	バチカン	0
badominton	ばどみんとん	バドミントン	0
bafuarin	ばふありん	バフアリン	0
bagabondo	ばがぼんど	バガボンド	0
baggu	ばっぐ	バッグ	0
bagii	ばぎい	バギイ	0
bagudaddo	ばぐだっど	バグダッド	0
bahha	ばっは	バッハ	0
bai	ばい	バイ	0
baiasuron	ばいあすろん	バイアスロン	0
baibai	ばいばい	バイバイ	0
baiburu	ばいぶる	バイブル	0
baik	ばい	バイ	3
baika	ばいか	バイカ	0
baikai	ばいかい	バイカイ	0
baikaibeki	ばいかいべき	バイカイベキ	0
baiki	ばいき	バイキ	0
baikin	ばいきん	バイキン	0
baiking	ばいきん	バイキン	6
baikingu	ばいきんぐ	バイキング	0
baikingushussei	ばいきんぐしゅっせい	バイキングシュッセイ	0
baikokudo	ばいこくど	バイコクド	0
baiku	ばいく	バイク	0
baikyaku	ばいきゃく	バイキャク	0
baio	ばいお	バイオ	0
baiorin	ばいおりん	バイオリン	0
baiotekunorojii	ばいおてくのろじい	バイオテクノロジイ	0
baipasu	ばいぱす	バイパス	0
bairingaru	ばいりんがる	バイリンガル	0
bairitsu	ばいりつ	バイリツ	0
bais	ばい	バイ	3
baish	ばい	バイ	3
baishaku	ばいしゃく	バイシャク	0
baishin	ばいしん	バイシン	0
baisho	ばいしょ	バイショ	0
baishou	ばいしょう	バイショウ	0
baishouchuujitsu	ばいしょうちゅうじつ	バイショウチュウジツ	0
baishoukin	ばいしょうきん	バイショウキン	0
baishun	ばいしゅん	バイシュン	0
baishunfu	ばいしゅんふ	バイシュンフ	0
baishuu	ばいしゅう	バイシュウ	0
baitai	ばいたい	バイタイ	0
baitaritei	ばいたりてい	バイタリテイ	0
baiten	ばいてん	バイテン	0
baito	ばいと	バイト	0
baiu	ばいう	バイウ	0
baiumainasu	ばいうまいなす	バイウマイナス	0
baiyaa	ばいやあ	バイヤア	0
baiyou	ばいよう	バイヨウ	0
baizou	ばいぞう	バイゾウ	0
bajji	ばっじ	バッジ	0
bajutsu	ばじゅつ	バジュツ	0
bak	ば	バ	2
baka	ばか	バカ	0
bakansu	ばかんす	バカンス	0
bakar	ばか	バカ	4
bakarashii	ばからしい	バカラシイ	0
bakari	ばかり	バカリ	0
bakarik	ばかり	バカリ	6
bakarika	ばかりか	バカリカ	0
bakarikagyouko	ばかりかぎょうこ	バカリカギョウコ	0
bakemono	ばけもの	バケモノ	0
baken	ばけん	バケン	0
bakeru	ばける	バケル	0
baketsu	ばけつ	バケツ	0
bakkin	ばっきん	バッキン	0
bakku	ばっく	バック	0
bakkuappu	ばっくあっぷ	バックアップ	0
bakkuboon	ばっくぼおん	バックボオン	0
bakkuguraundo	ばっくぐらうんど	バックグラウンド	0
bakkuhando	ばっくはんど	バックハンド	0
bakkunetto	ばっくねっと	バックネット	0
bakkusu	ばっくす	バックス	0
bakkusukuriin	ばっくすくりいん	バックスクリイン	0
baku	ばく	バク	0
bakuchiku	ばくちく	バクチク	0
bakud	ばく	バク	4
bakuda	ばくだ	バクダ	0
bakudai	ばくだい	バクダイ	0
bakudaiaidenteiteii	ばくだいあいでんていていい	バクダイアイデンテイテイイ	0
bakudan	ばくだん	バクダン	0
bakufu	ばくふ	バクフ	0
bakuga	ばくが	バクガ	0
bakugeki	ばくげき	バクゲキ	0
bakuha	ばくは	バクハ	0
bakuhatsu	ばくはつ	バクハツ	0
bakum	ばく	バク	4
bakuma	ばくま	バクマ	0
bakumat	ばくま	バクマ	6
bakumats	ばくま	バクマ	6
bakumatsu	ばくまつ	バクマツ	0
bakumatsuichida	ばくまついちだ	バクマツイチダ	0
bakuon	ばくおん	バクオン	0
bakuro	ばくろ	バクロ	0
bakuryou	ばくりょう	バクリョウ	0
bakushou	ばくしょう	バクショウ	0
bakuteria	ばくてりあ	バクテリア	0
bakuyaku	ばくやく	バクヤク	0
bakuzen	ばくぜん	バクゼン	0
bamen	ばめん	バメン	0
bamubamu	ばむばむ	バムバム	0
ban	ばん	バン	0
banana	ばなな	バナナ	0
banchi	ばんち	バンチ	0
bando	ばんど	バンド	0
bane	ばね	バネ	0
bangohan	ばんごはん	バンゴハン	0
bangou	ばんごう	バンゴウ	0
bangumi	ばんぐみ	バングミ	0
banira	ばにら	バニラ	0
banji	ばんじ	バンジ	0
banjin	ばんじん	バンジン	0
bankaa	ばんかあ	バンカア	0
banken	ばんけん	バンケン	0
bankoku	ばんこく	バンコク	0
bankon	ばんこん	バンコン	0
bankou	ばんこう	バンコウ	0
banku	ばんく	バンク	0
bankuubaa	ばんくうばあ	バンクウバア	0
bankyuusoku	ばんきゅうそく	バンキュウソク	0
banme	ばんめ	バンメ	0
bannen	ばんねん	バンネン	0
bannin	ばんにん	バンニン	0
bannou	ばんのう	バンノウ	0
banpaa	ばんぱあ	バンパア	0
banri	ばんり	バンリ	0
banshaku	ばんしゃく	バンシャク	0
bansou	ばんそう	バンソウ	0
bansu	ばんす	バンス	0
bantamukyuu	ばんたむきゅう	バンタムキュウ	0
bante	ばんて	バンテ	0
banto	ばんと	バント	0
banyuu	ばにゅう	バニュウ	0
banzai	ばんざい	バンザイ	0
banzen	ばんぜん	バンゼン	0
banzuke	ばんずけ	バンズケ	0
bapponteki	ばっぽんてき	バッポンテキ	0
baputesuto	ばぷてすと	バプテスト	0
baqqwa	ばっくぁ	バックァ	0
bar	ば	バ	2
bara	ばら	バラ	0
baraado	ばらあど	バラアド	0
barabara	ばらばら	バラバラ	0
baraetei	ばらえてい	バラエテイ	0
barairo	ばらいろ	バライロ	0
barakku	ばらっく	バラック	0
baramaku	ばらまく	バラマク	0
baransu	ばらんす	バランス	0
baransushiito	ばらんすしいと	バランスシイト	0
barasu	ばらす	バラス	0
baree	ばれえ	バレエ	0
bareebooru	ばれえぼおる	バレエボオル	0
barentain	ばれんたいん	バレンタイン	0
barentaindee	ばれんたいんでえ	バレンタインデエ	0
bareriina	ばれりいな	バレリイナ	0
bareru	ばれる	バレル	0
bari	ばり	バリ	0
baria	ばりあ	バリア	0
baribari	ばりばり	バリバリ	0
barieeshon	ばりええしょん	バリエエション	0
barikan	ばりかん	バリカン	0
barikeedo	ばりけえど	バリケエド	0
bariki	ばりき	バリキ	0
bariton	ばりとん	バリトン	0
bariumu	ばりうむ	バリウム	0
barokku	ばろっく	バロック	0
baromeetaa	ばろめえたあ	バロメエタア	0
baru	ばる	バル	0
barubu	ばるぶ	バルブ	0
barukanrabaa	ばるかんらばあ	バルカンラバア	0
barukonii	ばるこにい	バルコニイ	0
barus	ばる	バル	4
baruse	ばるせ	バルセ	0
baruser	ばるせ	バルセ	6
barusero	ばるせろ	バルセロ	0
baruseron	ばるせろん	バルセロン	0
baruserona	ばるせろな	バルセロナ	0
baruseronauruou	ばるせろなうるおう	バルセロナウルオウ	0
baruun	ばるうん	バルウン	0
bas	ば	バ	2
basha	ばしゃ	バシャ	0
basho	ばしょ	バショ	0
bassai	ばっさい	バッサイ	0
bassoku	ばっそく	バッソク	0
bassui	ばっすい	バッスイ	0
bassuru	ばっする	バッスル	0
basu	ばす	バス	0
basuketto	ばすけっと	バスケット	0
basukettobooru	ばすけっとぼおる	バスケットボオル	0
basuku	ばすく	バスク	0
basuruumu	ばするうむ	バスルウム	0
basut	ばす	バス	4
basuta	ばすた	バスタ	0
basutaa	ばすたあ	バスタア	0
basutaashuppanbutsu	ばすたあしゅっぱんぶつ	バスタアシュッパンブツ	0
basutei	ばすてい	バステイ	0
basuto	ばすと	バスト	0
basutsuaa	ばすつああ	バスツアア	0
bat	ば	バ	2
bataa	ばたあ	バタア	0
batabata	ばたばた	バタバタ	0
batafurai	ばたふらい	バタフライ	0
batan	ばたん	バタン	0
bateru	ばてる	バテル	0
bato	ばと	バト	0
baton	ばとん	バトン	0
batont	ばとん	バトン	5
batonta	ばとんた	バトンタ	0
batontat	ばとんた	バトンタ	7
batontatc	ばとんた	バトンタ	7
batontatch	ばとんた	バトンタ	7
batontatchi	ばとんた	バトンタ	7
batontatchishunkashuutou	ばとんた	バトンタ	7
batsu	ばつ	バツ	0
batsugun	ばつぐん	バツグン	0
batteingu	ばっていんぐ	バッテイング	0
batten	ばってん	バッテン	0
batterii	ばってりい	バッテリイ	0
batto	ばっと	バット	0
baumukuuhen	ばうむくうへん	バウムクウヘン	0
baundo	ばうんど	バウンド	0
bausaido	ばうさいど	バウサイド	0
bazaa	ばざあ	バザア	0
bazaaru	ばざある	バザアル	0
bba	っば	ッバ	0
bbaqqwe	っばっくぇ	ッバックェ	0
bbe	っべ	ッベ	0
bbeqqwi	っべっくぃ	ッベックィ	0
bbi	っび	ッビ	0
bbiqqwo	っびっくぉ	ッビックォ	0
bbo	っぼ	ッボ	0
bboqqwu	っぼっくぅ	ッボックゥ	0
bbu	っぶ	ッブ	0
bbuqqya	っぶっくゃ	ッブックャ	0
bbya	っびゃ	ッビャ	0
bbyaqqye	っびゃっくぇ	ッビャックェ	0
bbye	っびぇ	ッビェ	0
bbyeqqyi	っびぇっくぃ	ッビェックィ	0
bbyi	っびぃ	ッビィ	0
bbyiqqyo	っびぃっくょ	ッビィックョ	0
bbyo	っびょ	ッビョ	0
bbyoqqyu	っびょっくゅ	ッビョックュ	0
bbyu	っびゅ	ッビュ	0
bbyuqu	っびゅくぅ	ッビュクゥ	0
be	べ	ベ	0
bea	べあ	ベア	0
bear	べあ	ベア	3
beari	べあり	ベアリ	0
bearin	べありん	ベアリン	0
bearing	べありん	ベアリン	6
bearingu	べありんぐ	ベアリング	0
bearingushinjou	べありんぐしんじょう	ベアリングシンジョウ	0
bebii	べびい	ベビイ	0
bebiifuudo	べびいふうど	ベビイフウド	0
bebiikaa	べびいかあ	ベビイカア	0
bebiishittaa	べびいしったあ	ベビイシッタア	0
beddo	べっど	ベッド	0
bedouin	べどういん	ベドウイン	0
beeju	べえじゅ	ベエジュ	0
beekarii	べえかりい	ベエカリイ	0
beekon	べえこん	ベエコン	0
beeru	べえる	ベエル	0
beeshikku	べえしっく	ベエシック	0
beesu	べえす	ベエス	0
beesuappu	べえすあっぷ	ベエスアップ	0
beesukyanpu	べえすきゃんぷ	ベエスキャンプ	0
beeta	べえた	ベエタ	0
beetoovyen	べえとおゔぇん	ベエトオヴェン	0
bei	べい	ベイ	0
beigun	べいぐん	ベイグン	0
beihan	べいはん	ベイハン	0
beijin	べいじん	ベイジン	0
beika	べいか	ベイカ	0
beikoku	べいこく	ベイコク	0
beiruuto	べいるうと	ベイルウト	0
bejitaburu	べじたぶる	ベジタブル	0
bek	べ	ベ	2
beki	べき	ベキ	0
bekidehanai	べきではない	ベキデハナイ	0
bekk	べ	ベ	2
bekka	べっか	ベッカ	0
bekkan	べっかん	ベッカン	0
bekkankontorasuto	べっかんこんとらすと	ベッカンコントラスト	0
bekko	べっこ	ベッコ	0
bekkyo	べっきょ	ベッキョ	0
bekutaa	べくたあ	ベクタア	0
bekutoru	べくとる	ベクトル	0
ben	べん	ベン	0
benchaa	べんちゃあ	ベンチャア	0
benchi	べんち	ベンチ	0
benechiangurasu	べねちあんぐらす	ベネチアングラス	0
benefyitto	べねふぃっと	ベネフィット	0
bengaku	べんがく	ベンガク	0
bengi	べんぎ	ベンギ	0
bengo	べんご	ベンゴ	0
bengonin	べんごにん	ベンゴニン	0
bengoshi	べんごし	ベンゴシ	0
beni	べに	ベニ	0
beniya	べにや	ベニヤ	0
beniyaita	べにやいた	ベニヤイタ	0
benjin	べんじん	ベンジン	0
benjo	べんじょ	ベンジョ	0
benkai	べんかい	ベンカイ	0
benkei	べんけい	ベンケイ	0
benkyou	べんきょう	ベンキョウ	0
benkyouchuu	べんきょうちゅう	ベンキョウチュウ	0
benmei	べんめい	ベンメイ	0
benmukan	べんむかん	ベンムカン	0
benpi	べんぴ	ベンピ	0
benri	べんり	ベンリ	0
benrisa	べんりさ	ベンリサ	0
benron	べんろん	ベンロン	0
bens	べん	ベン	3
bensai	べんさい	ベンサイ	0
bensh	べん	ベン	3
bensho	べんしょ	ベンショ	0
benshou	べんしょう	ベンショウ	0
benshousausupoo	べんしょうさうすぽお	ベンショウサウスポオ	0
bentou	べんとう	ベントウ	0
benzetsu	べんぜつ	ベンゼツ	0
beoguraado	べおぐらあど	ベオグラアド	0
beppyou	べっぴょう	ベッピョウ	0
beqwa	べくぁ	ベクァ	0
ber	べ	ベ	2
beranda	べらんだ	ベランダ	0
beree	べれえ	ベレエ	0
beriidansu	べりいだんす	ベリイダンス	0
bero	べろ	ベロ	0
beru	べる	ベル	0
berufuasuto	べるふあすと	ベルフアスト	0
berufurikomu	べるふりこむ	ベルフリコム	0
berugii	べるぎい	ベルギイ	0
berumaaku	べるまあく	ベルマアク	0
berumotto	べるもっと	ベルモット	0
beruto	べると	ベルト	0
berutokonbea	べるとこんべあ	ベルトコンベア	0
bessatsu	べっさつ	ベッサツ	0
besshitsu	べっしつ	ベッシツ	0
bessou	べっそう	ベッソウ	0
besuto	べすと	ベスト	0
besutoseraa	べすとせらあ	ベストセラア	0
besutoten	べすとてん	ベストテン	0
beta	べた	ベタ	0
betaa	べたあ	ベタア	0
betabeta	べたべた	ベタベタ	0
beteran	べてらん	ベテラン	0
betsu	べつ	ベツ	0
betsubetsu	べつべつ	ベツベツ	0
betsuin	べついん	ベツイン	0
betsujin	べつじん	ベツジン	0
betsumei	べつめい	ベツメイ	0
betsumondai	べつもんだい	ベツモンダイ	0
betsumune	べつむね	ベツムネ	0
betsuni	べつに	ベツニ	0
betto	べっと	ベット	0
bi	び	ビ	0
bia	びあ	ビア	0
biagaaden	びあがあでん	ビアガアデン	0
biba	びば	ビバ	0
bibaaku	びばあく	ビバアク	0
bibiddo	びびっど	ビビッド	0
bibou	びぼう	ビボウ	0
bichiku	びちく	ビチク	0
bideo	びでお	ビデオ	0
bideoteepu	びでおてえぷ	ビデオテエプ	0
bidou	びどう	ビドウ	0
biennaare	びえんなあれ	ビエンナアレ	0
bigaku	びがく	ビガク	0
biggu	びっぐ	ビッグ	0
bigguban	びっぐばん	ビッグバン	0
bigguibento	びっぐいべんと	ビッグイベント	0
biginaa	びぎなあ	ビギナア	0
bihaku	びはく	ビハク	0
biibaa	びいばあ	ビイバア	0
biichi	びいち	ビイチ	0
biichisandaru	びいちさんだる	ビイチサンダル	0
biidama	びいだま	ビイダマ	0
biifu	びいふ	ビイフ	0
biiguru	びいぐる	ビイグル	0
biika	びいか	ビイカ	0
biimu	びいむ	ビイム	0
biinzu	びいんず	ビインズ	0
biiru	びいる	ビイル	0
biishiki	びいしき	ビイシキ	0
biisuto	びいすと	ビイスト	0
biito	びいと	ビイト	0
biizu	びいず	ビイズ	0
bij	び	ビ	2
biji	びじ	ビジ	0
bijin	びじん	ビジン	0
bijine	びじね	ビジネ	0
bijines	びじね	ビジネ	6
bijinesu	びじねす	ビジネス	0
bijinesuman	びじねすまん	ビジネスマン	0
bijinesuraiku	びじねすらいく	ビジネスライク	0
bijinesushouri	びじねすしょうり	ビジネスショウリ	0
bijireiku	びじれいく	ビジレイク	0
bijitaa	びじたあ	ビジタア	0
bijo	びじょ	ビジョ	0
bijon	びじょん	ビジョン	0
bijuaru	びじゅある	ビジュアル	0
bijutsu	びじゅつ	ビジュツ	0
bijutsukan	びじゅつかん	ビジュツカン	0
bijutsuten	びじゅつてん	ビジュツテン	0
bika	びか	ビカ	0
bikini	びきに	ビキニ	0
bikkuri	びっくり	ビックリ	0
bikou	びこう	ビコウ	0
bikubiku	びくびく	ビクビク	0
bikutaa	びくたあ	ビクタア	0
bikutoria	びくとりあ	ビクトリア	0
bikutorii	びくとりい	ビクトリイ	0
bimyou	びみょう	ビミョウ	0
bin	びん	ビン	0
binbou	びんぼう	ビンボウ	0
binbounin	びんぼうにん	ビンボウニン	0
binetsu	びねつ	ビネツ	0
bingo	びんご	ビンゴ	0
biniiru	びにいる	ビニイル	0
binjou	びんじょう	ビンジョウ	0
binkan	びんかん	ビンカン	0
binsen	びんせん	ビンセン	0
binsoku	びんそく	ビンソク	0
binwan	びんわん	ビンワン	0
binzume	びんずめ	ビンズメ	0
biora	びおら	ビオラ	0
biqwe	びくぇ	ビクェ	0
bir	び	ビ	2
bira	びら	ビラ	0
birejji	びれっじ	ビレッジ	0
biri	びり	ビリ	0
biribiri	びりびり	ビリビリ	0
biriy	びり	ビリ	4
biriya	びりや	ビリヤ	0
biriyaa	びりやあ	ビリヤア	0
biriyaad	びりやあ	ビリヤア	7
biriyaado	びりやあど	ビリヤアド	0
biriyaadoshouhou	びりやあどしょうほう	ビリヤアドショウホウ	0
biru	びる	ビル	0
biruboodo	びるぼおど	ビルボオド	0
birudeingu	びるでいんぐ	ビルデイング	0
birutoin	びるといん	ビルトイン	0
biryou	びりょう	ビリョウ	0
bisai	びさい	ビサイ	0
biseibutsu	びせいぶつ	ビセイブツ	0
bishin	びしん	ビシン	0
bishobisho	びしょびしょ	ビショビショ	0
bishonure	びしょぬれ	ビショヌレ	0
bishou	びしょう	ビショウ	0
bisshiri	びっしり	ビッシリ	0
bisshori	びっしょり	ビッショリ	0
bisu	びす	ビス	0
bisuketto	びすけっと	ビスケット	0
bisutakaa	びすたかあ	ビスタカア	0
bitamin	びたみん	ビタミン	0
biten	びてん	ビテン	0
bitto	びっと	ビット	0
biwa	びわ	ビワ	0
biwako	びわこ	ビワコ	0
biy	び	ビ	2
biyo	びよ	ビヨ	0
biyou	びよう	ビヨウ	0
biyouin	びよういん	ビヨウイン	0
biyous	びよう	ビヨウ	5
biyoush	びよう	ビヨウ	5
biyoushi	びようし	ビヨウシ	0
biyoushiookusu	びようしおおくす	ビヨウシオオクス	0
biza	びざ	ビザ	0
bo	ぼ	ボ	0
bobu	ぼぶ	ボブ	0
bobusuree	ぼぶすれえ	ボブスレエ	0
bochi	ぼち	ボチ	0
bodei	ぼでい	ボデイ	0
bodeii	ぼでいい	ボデイイ	0
bodeiiburoo	ぼでいいぶろお	ボデイイブロオ	0
bodeikon	ぼでいこん	ボデイコン	0
bogii	ぼぎい	ボギイ	0
boijaa	ぼいじゃあ	ボイジャア	0
boikotto	ぼいこっと	ボイコット	0
boin	ぼいん	ボイン	0
boiraa	ぼいらあ	ボイラア	0
boisu	ぼいす	ボイス	0
boisurekoodaa	ぼいすれこおだあ	ボイスレコオダア	0
bok	ぼ	ボ	2
bokasu	ぼかす	ボカス	0
boke	ぼけ	ボケ	0
boker	ぼけ	ボケ	4
bokeru	ぼける	ボケル	0
bokeruhonkyo	ぼけるほんきょ	ボケルホンキョ	0
boketsu	ぼけつ	ボケツ	0
boki	ぼき	ボキ	0
bokin	ぼきん	ボキン	0
bokki	ぼっき	ボッキ	0
bokkusu	ぼっくす	ボックス	0
bokoku	ぼこく	ボコク	0
bokokugo	ぼこくご	ボコクゴ	0
bokoodaa	ぼこおだあ	ボコオダア	0
bokou	ぼこう	ボコウ	0
boku	ぼく	ボク	0
bokuchiku	ぼくちく	ボクチク	0
bokujou	ぼくじょう	ボクジョウ	0
bokumetsu	ぼくめつ	ボクメツ	0
bokura	ぼくら	ボクラ	0
bokusaa	ぼくさあ	ボクサア	0
bokushi	ぼくし	ボクシ	0
bokushingu	ぼくしんぐ	ボクシング	0
bokusou	ぼくそう	ボクソウ	0
bokut	ぼく	ボク	4
bokuta	ぼくた	ボクタ	0
bokutac	ぼくた	ボクタ	6
bokutach	ぼくた	ボクタ	6
bokutachi	ぼくたち	ボクタチ	0
bokutachijuneebu	ぼくたちじゅねえぶ	ボクタチジュネエブ	0
bokuya	ぼくや	ボクヤ	0
bon	ぼん	ボン	0
bonbe	ぼんべ	ボンベ	0
bonchi	ぼんち	ボンチ	0
bondo	ぼんど	ボンド	0
bonjin	ぼんじん	ボンジン	0
bonnetto	ぼんねっと	ボンネット	0
bonnou	ぼんのう	ボンノウ	0
bonodori	ぼのどり	ボノドリ	0
bonsai	ぼんさい	ボンサイ	0
bony	ぼ	ボ	2
bonya	ぼにゃ	ボニャ	0
bonyar	ぼにゃ	ボニャ	5
bonyari	ぼにゃり	ボニャリ	0
bonyarigogatsu	ぼにゃりごがつ	ボニャリゴガツ	0
bonyou	ぼにょう	ボニョウ	0
bonyuu	ぼにゅう	ボニュウ	0
boo	ぼお	ボオ	0
boodaa	ぼおだあ	ボオダア	0
boodaarain	ぼおだあらいん	ボオダアライン	0
boodo	ぼおど	ボオド	0
boodoseeringu	ぼおどせえりんぐ	ボオドセエリング	0
booi	ぼおい	ボオイ	0
booifurendo	ぼおいふれんど	ボオイフレンド	0
booin	ぼおいん	ボオイン	0
booing	ぼおいん	ボオイン	5
booingu	ぼおいんぐ	ボオイング	0
booingumasaka	ぼおいんぐまさか	ボオイングマサカ	0
booisukauto	ぼおいすかうと	ボオイスカウト	0
bookaraa	ぼおからあ	ボオカラア	0
bookarisuto	ぼおかりすと	ボオカリスト	0
bookaru	ぼおかる	ボオカル	0
booku	ぼおく	ボオク	0
boon	ぼおん	ボオン	0
boonasu	ぼおなす	ボオナス	0
booru	ぼおる	ボオル	0
boorudo	ぼおるど	ボオルド	0
boorupen	ぼおるぺん	ボオルペン	0
booto	ぼおと	ボオト	0
bootopiipuru	ぼおとぴいぷる	ボオトピイプル	0
bootto	ぼおっと	ボオット	0
boqwi	ぼくぃ	ボクィ	0
bor	ぼ	ボ	2
boranteia	ぼらんていあ	ボランテイア	0
boree	ぼれえ	ボレエ	0
borero	ぼれろ	ボレロ	0
boroboro	ぼろぼろ	ボロボロ	0
boruteeji	ぼるてえじ	ボルテエジ	0
boruto	ぼると	ボルト	0
bory	ぼ	ボ	2
boryu	ぼりゅ	ボリュ	0
boryuu	ぼりゅう	ボリュウ	0
boryuum	ぼりゅう	ボリュウ	6
boryuumu	ぼりゅうむ	ボリュウム	0
boryuumushitashii	ぼりゅうむしたしい	ボリュウムシタシイ	0
bos	ぼ	ボ	2
bosanoba	ぼさのば	ボサノバ	0
bosatsu	ぼさつ	ボサツ	0
bosei	ぼせい	ボセイ	0
boseki	ぼせき	ボセキ	0
bosh	ぼ	ボ	2
boshi	ぼし	ボシ	0
boshu	ぼしゅ	ボシュ	0
boshuu	ぼしゅう	ボシュウ	0
boshuusanpuringu	ぼしゅうさんぷりんぐ	ボシュウサンプリング	0
bosshuu	ぼっしゅう	ボッシュウ	0
bosu	ぼす	ボス	0
bosunia	ぼすにあ	ボスニア	0
bosuton	ぼすとん	ボストン	0
botai	ぼたい	ボタイ	0
botan	ぼたん	ボタン	0
botchan	ぼ	ボ	2
botomu	ぼとむ	ボトム	0
botoru	ぼとる	ボトル	0
botsu	ぼつ	ボツ	0
botsugo	ぼつご	ボツゴ	0
botsuraku	ぼつらく	ボツラク	0
botsuwana	ぼつわな	ボツワナ	0
bottou	ぼっとう	ボットウ	0
bou	ぼう	ボウ	0
bouchou	ぼうちょう	ボウチョウ	0
boudachi	ぼうだち	ボウダチ	0
boudai	ぼうだい	ボウダイ	0
boudan	ぼうだん	ボウダン	0
boudou	ぼうどう	ボウドウ	0
boue	ぼうえ	ボウエ	0
bouei	ぼうえい	ボウエイ	0
boueic	ぼうえい	ボウエイ	5
boueich	ぼうえい	ボウエイ	5
boueicho	ぼうえいちょ	ボウエイチョ	0
boueichou	ぼうえいちょう	ボウエイチョウ	0
boueichougakushou	ぼうえいちょうがくしょう	ボウエイチョウガクショウ	0
boueishisetsuchou	ぼうえいしせつちょう	ボウエイシセツチョウ	0
boueki	ぼうえき	ボウエキ	0
bouenkyou	ぼうえんきょう	ボウエンキョウ	0
boufu	ぼうふ	ボウフ	0
boufuu	ぼうふう	ボウフウ	0
boufuuu	ぼうふうう	ボウフウウ	0
bougai	ぼうがい	ボウガイ	0
bougo	ぼうご	ボウゴ	0
bougyaku	ぼうぎゃく	ボウギャク	0
bougyo	ぼうぎょ	ボウギョ	0
bouhan	ぼうはん	ボウハン	0
bouhankamera	ぼうはんかめら	ボウハンカメラ	0
bouhatei	ぼうはてい	ボウハテイ	0
bouju	ぼうじゅ	ボウジュ	0
bouka	ぼうか	ボウカ	0
boukan	ぼうかん	ボウカン	0
bouken	ぼうけん	ボウケン	0
boukou	ぼうこう	ボウコウ	0
boukuu	ぼうくう	ボウクウ	0
boukyaku	ぼうきゃく	ボウキャク	0
boukyo	ぼうきょ	ボウキョ	0
boumei	ぼうめい	ボウメイ	0
bounenkai	ぼうねんかい	ボウネンカイ	0
bouon	ぼうおん	ボウオン	0
bour	ぼう	ボウ	3
bouraku	ぼうらく	ボウラク	0
bourei	ぼうれい	ボウレイ	0
bouringu	ぼうりんぐ	ボウリング	0
bouru	ぼうる	ボウル	0
bourujinguu	ぼうるじんぐう	ボウルジングウ	0
bouryaku	ぼうりゃく	ボウリャク	0
bouryoku	ぼうりょく	ボウリョク	0
bouryokudan	ぼうりょくだん	ボウリョクダン	0
bousai	ぼうさい	ボウサイ	0
bousan	ぼうさん	ボウサン	0
bouseki	ぼうせき	ボウセキ	0
bousen	ぼうせん	ボウセン	0
boushi	ぼうし	ボウシ	0
boushoku	ぼうしょく	ボウショク	0
bousou	ぼうそう	ボウソウ	0
bousui	ぼうすい	ボウスイ	0
bouto	ぼうと	ボウト	0
boutou	ぼうとう	ボウトウ	0
bouzu	ぼうず	ボウズ	0
boya	ぼや	ボヤ	0
boyaboya	ぼやぼや	ボヤボヤ	0
boyakeru	ぼやける	ボヤケル	0
bu	ぶ	ブ	0
buai	ぶあい	ブアイ	0
bubetsu	ぶべつ	ブベツ	0
bubun	ぶぶん	ブブン	0
bubunteki	ぶぶんてき	ブブンテキ	0
buchigire	ぶちぎれ	ブチギレ	0
buchou	ぶちょう	ブチョウ	0
budou	ぶどう	ブドウ	0
bug	ぶ	ブ	2
buga	ぶが	ブガ	0
bugak	ぶが	ブガ	4
bugaku	ぶがく	ブガク	0
bugakugyagu	ぶがくぎゃぐ	ブガクギャグ	0
bugyou	ぶぎょう	ブギョウ	0
buhin	ぶひん	ブヒン	0
bui	ぶい	ブイ	0
buin	ぶいん	ブイン	0
buji	ぶじ	ブジ	0
bujoku	ぶじょく	ブジョク	0
buk	ぶ	ブ	2
buka	ぶか	ブカ	0
bukabuka	ぶかぶか	ブカブカ	0
bukai	ぶかい	ブカイ	0
bukatsu	ぶかつ	ブカツ	0
buki	ぶき	ブキ	0
bukimi	ぶきみ	ブキミ	0
bukiyou	ぶきよう	ブキヨウ	0
bukk	ぶ	ブ	2
bukka	ぶっか	ブッカ	0
bukkaa	ぶっかあ	ブッカア	0
bukkas	ぶっか	ブッカ	5
bukkash	ぶっか	ブッカ	5
bukkashi	ぶっかし	ブッカシ	0
bukkashis	ぶっかし	ブッカシ	8
bukkashisu	ぶっかしす	ブッカシス	0
bukkashisuu	ぶっかしすう	ブッカシスウ	0
bukkashisuukakkou	ぶっかしすうかっこう	ブッカシスウカッコウ	0
bukken	ぶっけん	ブッケン	0
bukki	ぶっき	ブッキ	0
bukkir	ぶっき	ブッキ	5
bukkira	ぶっきら	ブッキラ	0
bukkirab	ぶっきら	ブッキラ	7
bukkirabo	ぶっきらぼ	ブッキラボ	0
bukkirabou	ぶっきらぼう	ブッキラボウ	0
bukkiraboukurumi	ぶっきらぼうくるみ	ブッキラボウクルミ	0
bukku	ぶっく	ブック	0
bukkumaaku	ぶっくまあく	ブックマアク	0
bukkumeekaa	ぶっくめえかあ	ブックメエカア	0
bukkuretto	ぶっくれっと	ブックレット	0
bukkyou	ぶっきょう	ブッキョウ	0
bukyoku	ぶきょく	ブキョク	0
bumon	ぶもん	ブモン	0
bun	ぶん	ブン	0
bunai	ぶない	ブナイ	0
bunan	ぶなん	ブナン	0
bunbetsu	ぶんべつ	ブンベツ	0
bunbo	ぶんぼ	ブンボ	0
bunbougu	ぶんぼうぐ	ブンボウグ	0
bunchuu	ぶんちゅう	ブンチュウ	0
bundan	ぶんだん	ブンダン	0
bundo	ぶんど	ブンド	0
bungaku	ぶんがく	ブンガク	0
bungakusha	ぶんがくしゃ	ブンガクシャ	0
bungei	ぶんげい	ブンゲイ	0
bungo	ぶんご	ブンゴ	0
bungu	ぶんぐ	ブング	0
bungyou	ぶんぎょう	ブンギョウ	0
bunjou	ぶんじょう	ブンジョウ	0
bunka	ぶんか	ブンカ	0
bunkachou	ぶんかちょう	ブンカチョウ	0
bunkai	ぶんかい	ブンカイ	0
bunkaisan	ぶんかいさん	ブンカイサン	0
bunkajin	ぶんかじん	ブンカジン	0
bunkakai	ぶんかかい	ブンカカイ	0
bunkakunshou	ぶんかくんしょう	ブンカクンショウ	0
bunkateki	ぶんかてき	ブンカテキ	0
bunkatsu	ぶんかつ	ブンカツ	0
bunkatsubarai	ぶんかつばらい	ブンカツバライ	0
bunkazai	ぶんかざい	ブンカザイ	0
bunkei	ぶんけい	ブンケイ	0
bunken	ぶんけん	ブンケン	0
bunki	ぶんき	ブンキ	0
bunkiten	ぶんきてん	ブンキテン	0
bunko	ぶんこ	ブンコ	0
bunkou	ぶんこう	ブンコウ	0
bunkyou	ぶんきょう	ブンキョウ	0
bunmei	ぶんめい	ブンメイ	0
bunmen	ぶんめん	ブンメン	0
bunmin	ぶんみん	ブンミン	0
bunmyaku	ぶんみゃく	ブンミャク	0
bunpai	ぶんぱい	ブンパイ	0
bunpi	ぶんぴ	ブンピ	0
bunpitsu	ぶんぴつ	ブンピツ	0
bunpou	ぶんぽう	ブンポウ	0
bunpu	ぶんぷ	ブンプ	0
bunraku	ぶんらく	ブンラク	0
bunretsu	ぶんれつ	ブンレツ	0
bunri	ぶんり	ブンリ	0
bunritsu	ぶんりつ	ブンリツ	0
bunrui	ぶんるい	ブンルイ	0
bunryou	ぶんりょう	ブンリョウ	0
buns	ぶん	ブン	3
bunsa	ぶんさ	ブンサ	0
bunsan	ぶんさん	ブンサン	0
bunsat	ぶんさ	ブンサ	5
bunsats	ぶんさ	ブンサ	5
bunsatsu	ぶんさつ	ブンサツ	0
bunsatsukeeoo	ぶんさつけえおお	ブンサツケエオオ	0
bunseki	ぶんせき	ブンセキ	0
bunshi	ぶんし	ブンシ	0
bunshin	ぶんしん	ブンシン	0
bunshitsu	ぶんしつ	ブンシツ	0
bunsho	ぶんしょ	ブンショ	0
bunshou	ぶんしょう	ブンショウ	0
bunsuu	ぶんすう	ブンスウ	0
buntai	ぶんたい	ブンタイ	0
buntan	ぶんたん	ブンタン	0
buntsuu	ぶんつう	ブンツウ	0
bunya	ぶにゃ	ブニャ	0
buppan	ぶっぱん	ブッパン	0
buppin	ぶっぴん	ブッピン	0
buqwo	ぶくぉ	ブクォ	0
bur	ぶ	ブ	2
bura	ぶら	ブラ	0
buraboo	ぶらぼお	ブラボオ	0
burabura	ぶらぶら	ブラブラ	0
burachisuraba	ぶらちすらば	ブラチスラバ	0
buraidaru	ぶらいだる	ブライダル	0
buraindo	ぶらいんど	ブラインド	0
burajaa	ぶらじゃあ	ブラジャア	0
burajiru	ぶらじる	ブラジル	0
burakku	ぶらっく	ブラック	0
buraku	ぶらく	ブラク	0
buran	ぶらん	ブラン	0
buranchi	ぶらんち	ブランチ	0
burandee	ぶらんでえ	ブランデエ	0
burando	ぶらんど	ブランド	0
burank	ぶらん	ブラン	5
buranko	ぶらんこ	ブランコ	0
buranku	ぶらんく	ブランク	0
burankubasho	ぶらんくばしょ	ブランクバショ	0
burasagaru	ぶらさがる	ブラサガル	0
burasageru	ぶらさげる	ブラサゲル	0
burashi	ぶらし	ブラシ	0
burasshii	ぶらっしい	ブラッシイ	0
burasubando	ぶらすばんど	ブラスバンド	0
buraunkan	ぶらうんかん	ブラウンカン	0
burausu	ぶらうす	ブラウス	0
bure	ぶれ	ブレ	0
bureddo	ぶれっど	ブレッド	0
buree	ぶれえ	ブレエ	0
bureedo	ぶれえど	ブレエド	0
bureek	ぶれえ	ブレエ	5
bureeka	ぶれえか	ブレエカ	0
bureekaa	ぶれえかあ	ブレエカア	0
bureekajouhoushori	ぶれえかじょうほうしょり	ブレエカジョウホウショリ	0
bureeki	ぶれえき	ブレエキ	0
bureeku	ぶれえく	ブレエク	0
bureen	ぶれえん	ブレエン	0
burei	ぶれい	ブレイ	0
bureiku	ぶれいく	ブレイク	0
burendo	ぶれんど	ブレンド	0
buresuretto	ぶれすれっと	ブレスレット	0
buresuto	ぶれすと	ブレスト	0
burezaa	ぶれざあ	ブレザア	0
buri	ぶり	ブリ	0
buriifu	ぶりいふ	ブリイフ	0
buriijingu	ぶりいじんぐ	ブリイジング	0
burijji	ぶりっじ	ブリッジ	0
buriki	ぶりき	ブリキ	0
burisuben	ぶりすべん	ブリスベン	0
buritania	ぶりたにあ	ブリタニア	0
burogu	ぶろぐ	ブログ	0
buroiraa	ぶろいらあ	ブロイラア	0
burokkaa	ぶろっかあ	ブロッカア	0
burokku	ぶろっく	ブロック	0
buromaido	ぶろまいど	ブロマイド	0
buronzu	ぶろんず	ブロンズ	0
buroo	ぶろお	ブロオ	0
buroochi	ぶろおち	ブロオチ	0
buroodo	ぶろおど	ブロオド	0
burookaa	ぶろおかあ	ブロオカア	0
buru	ぶる	ブル	0
buruburu	ぶるぶる	ブルブル	0
burugaria	ぶるがりあ	ブルガリア	0
burujoa	ぶるじょあ	ブルジョア	0
burunetto	ぶるねっと	ブルネット	0
burupen	ぶるぺん	ブルペン	0
burusera	ぶるせら	ブルセラ	0
buruu	ぶるう	ブルウ	0
buruubaado	ぶるうばあど	ブルウバアド	0
buruukaraa	ぶるうからあ	ブルウカラア	0
buruusu	ぶるうす	ブルウス	0
buruzon	ぶるぞん	ブルゾン	0
buryoku	ぶりょく	ブリョク	0
buryusseru	ぶりゅっせる	ブリュッセル	0
bushi	ぶし	ブシ	0
busho	ぶしょ	ブショ	0
bushou	ぶしょう	ブショウ	0
bushu	ぶしゅ	ブシュ	0
busou	ぶそう	ブソウ	0
bussan	ぶっさん	ブッサン	0
busshi	ぶっし	ブッシ	0
busshitsu	ぶっしつ	ブッシツ	0
busshitsuteki	ぶっしつてき	ブッシツテキ	0
busshou	ぶっしょう	ブッショウ	0
bussou	ぶっそう	ブッソウ	0
busuu	ぶすう	ブスウ	0
but	ぶ	ブ	2
buta	ぶた	ブタ	0
butai	ぶたい	ブタイ	0
butaiura	ぶたいうら	ブタイウラ	0
butan	ぶたん	ブタン	0
butaniku	ぶたにく	ブタニク	0
buteikku	ぶていっく	ブテイック	0
butou	ぶとう	ブトウ	0
butsu	ぶつ	ブツ	0
butsubutsu	ぶつぶつ	ブツブツ	0
butsudan	ぶつだん	ブツダン	0
butsugi	ぶつぎ	ブツギ	0
butsukaru	ぶつかる	ブツカル	0
butsukeru	ぶつける	ブツケル	0
butsuri	ぶつり	ブツリ	0
butsurigaku	ぶつりがく	ブツリガク	0
butsuriteki	ぶつりてき	ブツリテキ	0
butsuryuu	ぶつりゅう	ブツリュウ	0
butsuzou	ぶつぞう	ブツゾウ	0
butt	ぶ	ブ	2
buttai	ぶったい	ブッタイ	0
butte	ぶって	ブッテ	0
buttek	ぶって	ブッテ	5
butteki	ぶってき	ブッテキ	0
buttekiguriinpiisu	ぶってきぐりいんぴいす	ブッテキグリインピイス	0
buu	ぶう	ブウ	0
buuingu	ぶういんぐ	ブウイング	0
buuke	ぶうけ	ブウケ	0
buumeran	ぶうめらん	ブウメラン	0
buumu	ぶうむ	ブウム	0
buuru	ぶうる	ブウル	0
buusu	ぶうす	ブウス	0
buut	ぶう	ブウ	3
buuts	ぶう	ブウ	3
buutsu	ぶうつ	ブウツ	0
buutsunoriori	ぶうつのりおり	ブウツノリオリ	0
buyou	ぶよう	ブヨウ	0
buyuu	ぶゆう	ブユウ	0
buzaa	ぶざあ	ブザア	0
buzoku	ぶぞく	ブゾク	0
by			0
bya	びゃ	ビャ	0
byaqwu	びゃくぅ	ビャクゥ	0
bye	びぇ	ビェ	0
byeqya	びぇくゃ	ビェクャ	0
byi	びぃ	ビィ	0
byiqye	びぃくぇ	ビィクェ	0
byo	びょ	ビョ	0
byoqyi	びょくぃ	ビョクィ	0
byou	びょう	ビョウ	0
byoubu	びょうぶ	ビョウブ	0
byoudou	びょうどう	ビョウドウ	0
byouin	びょういん	ビョウイン	0
byouj	びょう	ビョウ	4
byoujaku	びょうじゃく	ビョウジャク	0
byoujo	びょうじょ	ビョウジョ	0
byoujou	びょうじょう	ビョウジョウ	0
byoujouorijinaru	びょうじょうおりじなる	ビョウジョウオリジナル	0
byouki	びょうき	ビョウキ	0
byouku	びょうく	ビョウク	0
byoumei	びょうめい	ビョウメイ	0
byounin	びょうにん	ビョウニン	0
byouri	びょうり	ビョウリ	0
byousha	びょうしゃ	ビョウシャ	0
byoushi	びょうし	ビョウシ	0
byoushitsu	びょうしつ	ビョウシツ	0
byoushou	びょうしょう	ビョウショウ	0
byousoku	びょうそく	ビョウソク	0
byoutou	びょうとう	ビョウトウ	0
byouyomi	びょうよみ	ビョウヨミ	0
byu	びゅ	ビュ	0
byuffye	びゅっふぇ	ビュッフェ	0
byuqyo	びゅくょ	ビュクョ	0
byuu	びゅう	ビュウ	0
byuuroo	びゅうろお	ビュウロオ	0
byuuteifuru	びゅうていふる	ビュウテイフル	0
c			0
ca	か	カ	0
caqyu	かくゅ	カクュ	0
cca	っか	ッカ	0
ccara	っから	ッカラ	0
cce	っけ	ッケ	0
ccere	っけれ	ッケレ	0
ccha	っちゃ	ッチャ	0
cchari	っちゃり	ッチャリ	0
cche	っちぇ	ッチェ	0
cchero	っちぇろ	ッチェロ	0
cchi	っち	ッチ	0
cchirra	っちっら	ッチッラ	0
ccho	っちょ	ッチョ	0
cchorre	っちょっれ	ッチョッレ	0
cchu	っちゅ	ッチュ	0
cchurri	っちゅっり	ッチュッリ	0
cchya	っちゃ	ッチャ	0
cchyarro	っちゃっろ	ッチャッロ	0
cchye	っちぇ	ッチェ	0
cchyerru	っちぇっる	ッチェッル	0
cchyi	っちぃ	ッチィ	0
cchyirrya	っちぃっりゃ	ッチィッリャ	0
cchyo	っちょ	ッチョ	0
cchyorrye	っちょっりぇ	ッチョッリェ	0
cchyu	っちゅ	ッチュ	0
cchyurryi	っちゅっりぃ	ッチュッリィ	0
cci	っき	ッキ	0
ccirryo	っきっりょ	ッキッリョ	0
cco	っこ	ッコ	0
ccorryu	っこっりゅ	ッコッリュ	0
ccu	っく	ック	0
ccuru	っくる	ックル	0
ccwa	っくぁ	ックァ	0
ccwarya	っくぁりゃ	ックァリャ	0
ccwe	っくぇ	ックェ	0
ccwerye	っくぇりぇ	ックェリェ	0
ccwi	っくぃ	ックィ	0
ccwiryi	っくぃりぃ	ックィリィ	0
ccwo	っくぉ	ックォ	0
ccworyo	っくぉりょ	ックォリョ	0
ccwu	っくぅ	ックゥ	0
ccwuryu	っくぅりゅ	ックゥリュ	0
ccya	っちゃ	ッチャ	0
ccyasa	っちゃさ	ッチャサ	0
ccye	っちぇ	ッチェ	0
ccyese	っちぇせ	ッチェセ	0
ccyi	っちぃ	ッチィ	0
ccyisha	っちぃしゃ	ッチィシャ	0
ccyo	っちょ	ッチョ	0
ccyoshe	っちょしぇ	ッチョシェ	0
ccyu	っちゅ	ッチュ	0
ccyushi	っちゅし	ッチュシ	0
ce	け	ケ	0
cesho	けしょ	ケショ	0
ch			0
cha	ちゃ	チャ	0
chaachi	ちゃあち	チャアチ	0
chaahan	ちゃあはん	チャアハン	0
chaaji	ちゃあじ	チャアジ	0
chaamingu	ちゃあみんぐ	チャアミング	0
chaarusuton	ちゃあるすとん	チャアルストン	0
chaataa	ちゃあたあ	チャアタア	0
chaato	ちゃあと	チャアト	0
chaimu	ちゃいむ	チャイム	0
chaina	ちゃいな	チャイナ	0
chainiizu	ちゃいにいず	チャイニイズ	0
chairo	ちゃいろ	チャイロ	0
chairudo	ちゃいるど	チャイルド	0
chakasshoku	ちゃかっしょく	チャカッショク	0
chakkou	ちゃっこう	チャッコウ	0
chakku	ちゃっく	チャック	0
chaku	ちゃく	チャク	0
chakuchaku	ちゃくちゃく	チャクチャク	0
chakuchi	ちゃくち	チャクチ	0
chakufuku	ちゃくふく	チャクフク	0
chakui	ちゃくい	チャクイ	0
chakujitsu	ちゃくじつ	チャクジツ	0
chakumoku	ちゃくもく	チャクモク	0
chakuriku	ちゃくりく	チャクリク	0
chakuseki	ちゃくせき	チャクセキ	0
chakushi	ちゃくし	チャクシ	0
chakushoku	ちゃくしょく	チャクショク	0
chakushu	ちゃくしゅ	チャクシュ	0
chakushutsu	ちゃくしゅつ	チャクシュツ	0
chakuyou	ちゃくよう	チャクヨウ	0
chan	ちゃん	チャン	0
chaneringu	ちゃねりんぐ	チャネリング	0
chaneru	ちゃねる	チャネル	0
channeru	ちゃんねる	チャンネル	0
chanoma	ちゃのま	チャノマ	0
chanoyu	ちゃのゆ	チャノユ	0
chanpion	ちゃんぴおん	チャンピオン	0
chans	ちゃん	チャン	4
chansu	ちゃんす	チャンス	0
chansushakudo	ちゃんすしゃくど	チャンスシャクド	0
chanto	ちゃんと	チャント	0
chaperu	ちゃぺる	チャペル	0
chaputaa	ちゃぷたあ	チャプタア	0
charenji	ちゃれんじ	チャレンジ	0
chariteii	ちゃりていい	チャリテイイ	0
chashitsu	ちゃしつ	チャシツ	0
chashu	ちゃしゅ	チャシュ	0
chatto	ちゃっと	チャット	0
chau	ちゃう	チャウ	0
chauk	ちゃう	チャウ	4
chauka	ちゃうか	チャウカ	0
chaukaguntou	ちゃうかぐんとう	チャウカグントウ	0
chawan	ちゃわん	チャワン	0
chaya	ちゃや	チャヤ	0
che	ちぇ	チェ	0
chea	ちぇあ	チェア	0
cheaman	ちぇあまん	チェアマン	0
chechen	ちぇちぇん	チェチェン	0
cheen	ちぇえん	チェエン	0
chein	ちぇいん	チェイン	0
chekkaa	ちぇっかあ	チェッカア	0
chekku	ちぇっく	チェック	0
chekkuauto	ちぇっくあうと	チェックアウト	0
chekkuin	ちぇっくいん	チェックイン	0
cheko	ちぇこ	チェコ	0
chekosurobakia	ちぇこすろばきあ	チェコスロバキア	0
chenbaro	ちぇんばろ	チェンバロ	0
chenjaa	ちぇんじゃあ	チェンジャア	0
chenji	ちぇんじ	チェンジ	0
cherii	ちぇりい	チェリイ	0
chero	ちぇろ	チェロ	0
cherunobuiri	ちぇるのぶいり	チェルノブイリ	0
cheshya	ちぇしゃ	チェシャ	0
chesu	ちぇす	チェス	0
chi	ち	チ	0
chia	ちあ	チア	0
chiag	ちあ	チア	4
chiaga	ちあが	チアガ	0
chiagaa	ちあがあ	チアガア	0
chiagaar	ちあがあ	チアガア	7
chiagaaru	ちあがある	チアガアル	0
chiagaarushagai	ちあがあるしゃがい	チアガアルシャガイ	0
chian	ちあん	チアン	0
chiba	ちば	チバ	0
chibetto	ちべっと	チベット	0
chibi	ちび	チビ	0
chibusa	ちぶさ	チブサ	0
chic	ち	チ	3
chich	ち	チ	3
chichi	ちち	チチ	0
chichikata	ちちかた	チチカタ	0
chichioya	ちちおや	チチオヤ	0
chichu	ちちゅ	チチュ	0
chichuu	ちちゅう	チチュウ	0
chichuuk	ちちゅう	チチュウ	7
chichuuka	ちちゅうか	チチュウカ	0
chichuukai	ちちゅうかい	チチュウカイ	0
chichuukaikantai	ちちゅうかいかんたい	チチュウカイカンタイ	0
chidori	ちどり	チドリ	0
chie	ちえ	チエ	0
chien	ちえん	チエン	0
chifusu	ちふす	チフス	0
chig	ち	チ	3
chigai	ちがい	チガイ	0
chigainai	ちがいない	チガイナイ	0
chigau	ちがう	チガウ	0
chigireru	ちぎれる	チギレル	0
chigiru	ちぎる	チギル	0
chigu	ちぐ	チグ	0
chiguh	ちぐ	チグ	5
chiguha	ちぐは	チグハ	0
chiguhag	ちぐは	チグハ	7
chiguhagu	ちぐはぐ	チグハグ	0
chiguhagugenten	ちぐはぐげんてん	チグハグゲンテン	0
chigyo	ちぎょ	チギョ	0
chih	ち	チ	3
chihai	ちはい	チハイ	0
chiheisen	ちへいせん	チヘイセン	0
chiho	ちほ	チホ	0
chihou	ちほう	チホウ	0
chihoubunken	ちほうぶんけん	チホウブンケン	0
chihougikai	ちほうぎかい	チホウギカイ	0
chihougyousei	ちほうぎょうせい	チホウギョウセイ	0
chihoujichi	ちほうじち	チホウジチ	0
chihoujichitai	ちほうじちたい	チホウジチタイ	0
chihoukikigaki	ちほうききがき	チホウキキガキ	0
chihoukoukyoudantai	ちほうこうきょうだんたい	チホウコウキョウダンタイ	0
chihoukoumuin	ちほうこうむいん	チホウコウムイン	0
chihouzei	ちほうぜい	チホウゼイ	0
chihyou	ちひょう	チヒョウ	0
chii	ちい	チイ	0
chiifu	ちいふ	チイフ	0
chiiki	ちいき	チイキ	0
chiikishakai	ちいきしゃかい	チイキシャカイ	0
chiimu	ちいむ	チイム	0
chiimuwaaku	ちいむわあく	チイムワアク	0
chiisai	ちいさい	チイサイ	0
chiisaikoro	ちいさいころ	チイサイコロ	0
chiisana	ちいさな	チイサナ	0
chiizu	ちいず	チイズ	0
chiizukeeki	ちいずけえき	チイズケエキ	0
chiji	ちじ	チジ	0
chijimaru	ちじまる	チジマル	0
chijimeru	ちじめる	チジメル	0
chijimi	ちじみ	チジミ	0
chijimu	ちじむ	チジム	0
chijin	ちじん	チジン	0
chijireru	ちじれる	チジレル	0
chijoku	ちじょく	チジョク	0
chijou	ちじょう	チジョウ	0
chik	ち	チ	3
chika	ちか	チカ	0
chikadou	ちかどう	チカドウ	0
chikagoro	ちかごろ	チカゴロ	0
chikai	ちかい	チカイ	0
chikajika	ちかじか	チカジカ	0
chikaku	ちかく	チカク	0
chikakuhendou	ちかくへんどう	チカクヘンドウ	0
chikamichi	ちかみち	チカミチ	0
chikan	ちかん	チカン	0
chikara	ちから	チカラ	0
chikaradameshi	ちからだめし	チカラダメシ	0
chikaraippai	ちからいっぱい	チカライッパイ	0
chikaramochi	ちからもち	チカラモチ	0
chikarazoe	ちからぞえ	チカラゾエ	0
chikarazuyoi	ちからずよい	チカラズヨイ	0
chikashitsu	ちかしつ	チカシツ	0
chikasui	ちかすい	チカスイ	0
chikatetsu	ちかてつ	チカテツ	0
chikatte	ちかって	チカッテ	0
chikau	ちかう	チカウ	0
chikayoru	ちかよる	チカヨル	0
chikayoseru	ちかよせる	チカヨセル	0
chikazukeru	ちかずける	チカズケル	0
chikazuki	ちかずき	チカズキ	0
chikazuku	ちかずく	チカズク	0
chikei	ちけい	チケイ	0
chiken	ちけん	チケン	0
chiketto	ちけっと	チケット	0
chiki	ちき	チキ	0
chikin	ちきん	チキン	0
chikoku	ちこく	チコク	0
chiku	ちく	チク	0
chikubi	ちくび	チクビ	0
chikudenchi	ちくでんち	チクデンチ	0
chikuichi	ちくいち	チクイチ	0
chikuj	ちく	チク	5
chikuji	ちくじ	チクジ	0
chikujiroujo	ちくじろうじょ	チクジロウジョ	0
chikuri	ちくり	チクリ	0
chikurin	ちくりん	チクリン	0
chikusan	ちくさん	チクサン	0
chikuseki	ちくせき	チクセキ	0
chikushou	ちくしょう	チクショウ	0
chikuzai	ちくざい	チクザイ	0
chiky	ち	チ	3
chikyu	ちきゅ	チキュ	0
chikyuu	ちきゅう	チキュウ	0
chikyuugi	ちきゅうぎ	チキュウギ	0
chikyuujou	ちきゅうじょう	チキュウジョウ	0
chikyuumangaka	ちきゅうまんがか	チキュウマンガカ	0
chikyuuondanka	ちきゅうおんだんか	チキュウオンダンカ	0
chim	ち	チ	3
chimata	ちまた	チマタ	0
chime	ちめ	チメ	0
chimei	ちめい	チメイ	0
chimeis	ちめい	チメイ	6
chimeish	ちめい	チメイ	6
chimeisho	ちめいしょ	チメイショ	0
chimeishou	ちめいしょう	チメイショウ	0
chimeishouikinokori	ちめいしょういきのこり	チメイショウイキノコリ	0
chimeiteki	ちめいてき	チメイテキ	0
chimitsu	ちみつ	チミツ	0
chin	ちん	チン	0
chinage	ちなげ	チナゲ	0
chinamini	ちなみに	チナミニ	0
chinatsu	ちなつ	チナツ	0
chinbotsu	ちんぼつ	チンボツ	0
chinchaku	ちんちゃく	チンチャク	0
chinchin	ちんちん	チンチン	0
chinchou	ちんちょう	チンチョウ	0
chingin	ちんぎん	チンギン	0
chinjou	ちんじょう	チンジョウ	0
chinju	ちんじゅ	チンジュ	0
chinjutsu	ちんじゅつ	チンジュツ	0
chinka	ちんか	チンカ	0
chinkon	ちんこん	チンコン	0
chinmi	ちんみ	チンミ	0
chinmoku	ちんもく	チンモク	0
chinou	ちのう	チノウ	0
chinp	ちん	チン	4
chinpi	ちんぴ	チンピ	0
chinpin	ちんぴん	チンピン	0
chinpinsoudesune	ちんぴんそうですね	チンピンソウデスネ	0
chinpira	ちんぴら	チンピラ	0
chinpu	ちんぷ	チンプ	0
chinpunkanpun	ちんぷんかんぷん	チンプンカンプン	0
chinretsu	ちんれつ	チンレツ	0
chinsei	ちんせい	チンセイ	0
chinsha	ちんしゃ	チンシャ	0
chinshaku	ちんしゃく	チンシャク	0
chintai	ちんたい	チンタイ	0
chintsuuzai	ちんつうざい	チンツウザイ	0
chip	ち	チ	3
chipp	ち	チ	3
chippu	ちっぷ	チップ	0
chippushasou	ちっぷしゃそう	チップシャソウ	0
chirabaru	ちらばる	チラバル	0
chirachira	ちらちら	チラチラ	0
chirakaru	ちらかる	チラカル	0
chirakasu	ちらかす	チラカス	0
chirari	ちらり	チラリ	0
chirashi	ちらし	チラシ	0
chirasu	ちらす	チラス	0
chiratto	ちらっと	チラット	0
chiri	ちり	チリ	0
chirigami	ちりがみ	チリガミ	0
chirijouhoushisutemu	ちりじょうほうしすてむ	チリジョウホウシステム	0
chiritori	ちりとり	チリトリ	0
chiru	ちる	チル	0
chiruda	ちるだ	チルダ	0
chiryou	ちりょう	チリョウ	0
chiryouhou	ちりょうほう	チリョウホウ	0
chis	ち	チ	3
chisai	ちさい	チサイ	0
chisei	ちせい	チセイ	0
chisetsu	ちせつ	チセツ	0
chishi	ちし	チシ	0
chishiki	ちしき	チシキ	0
chishikijin	ちしきじん	チシキジン	0
chishima	ちしま	チシマ	0
chishimarettou	ちしまれっとう	チシマレットウ	0
chishiryou	ちしりょう	チシリョウ	0
chishitsu	ちしつ	チシツ	0
chishye	ちしぇ	チシェ	0
chisou	ちそう	チソウ	0
chisso	ちっそ	チッソ	0
chissoku	ちっそく	チッソク	0
chisu	ちす	チス	0
chisui	ちすい	チスイ	0
chisuiriken	ちすいりけん	チスイリケン	0
chitai	ちたい	チタイ	0
chitan	ちたん	チタン	0
chiteki	ちてき	チテキ	0
chiten	ちてん	チテン	0
chitsujo	ちつじょ	チツジョ	0
chittomo	ちっとも	チットモ	0
chiyo	ちよ	チヨ	0
chiyu	ちゆ	チユ	0
chizu	ちず	チズ	0
cho	ちょ	チョ	0
chobito	ちょびと	チョビト	0
chobitto	ちょびっと	チョビット	0
chochiku	ちょちく	チョチク	0
chok	ちょ	チョ	3
choki	ちょき	チョキ	0
chokin	ちょきん	チョキン	0
chokk	ちょ	チョ	3
chokka	ちょっか	チョッカ	0
chokkaku	ちょっかく	チョッカク	0
chokkan	ちょっかん	チョッカン	0
chokkatsu	ちょっかつ	チョッカツ	0
chokkei	ちょっけい	チョッケイ	0
chokki	ちょっき	チョッキ	0
chokko	ちょっこ	チョッコ	0
chokkou	ちょっこう	チョッコウ	0
chokkoubin	ちょっこうびん	チョッコウビン	0
chokkouteikuauto	ちょっこうていくあうと	チョッコウテイクアウト	0
chokkyuu	ちょっきゅう	チョッキュウ	0
choko	ちょこ	チョコ	0
chokoreeto	ちょこれえと	チョコレエト	0
choku	ちょく	チョク	0
chokuchoku	ちょくちょく	チョクチョク	0
chokuei	ちょくえい	チョクエイ	0
chokugeki	ちょくげき	チョクゲキ	0
chokugo	ちょくご	チョクゴ	0
chokumen	ちょくめん	チョクメン	0
chokuretsu	ちょくれつ	チョクレツ	0
chokusen	ちょくせん	チョクセン	0
chokusetsu	ちょくせつ	チョクセツ	0
chokusetsusenkyo	ちょくせつせんきょ	チョクセツセンキョ	0
chokusetsuteki	ちょくせつてき	チョクセツテキ	0
chokusetsuzei	ちょくせつぜい	チョクセツゼイ	0
chokushi	ちょくし	チョクシ	0
chokushin	ちょくしん	チョクシン	0
chokutsuu	ちょくつう	チョクツウ	0
chokuzen	ちょくぜん	チョクゼン	0
chokuzoku	ちょくぞく	チョクゾク	0
chomei	ちょめい	チョメイ	0
chookingu	ちょおきんぐ	チョオキング	0
chooku	ちょおく	チョオク	0
choppiri	ちょっぴり	チョッピリ	0
chosaku	ちょさく	チョサク	0
chosakuken	ちょさくけん	チョサクケン	0
chosha	ちょしゃ	チョシャ	0
chosho	ちょしょ	チョショ	0
choshyi	ちょしぃ	チョシィ	0
chosui	ちょすい	チョスイ	0
chosuichi	ちょすいち	チョスイチ	0
chotto	ちょっと	チョット	0
chou	ちょう	チョウ	0
choub	ちょう	チョウ	4
chouba	ちょうば	チョウバ	0
choubat	ちょうば	チョウバ	6
choubats	ちょうば	チョウバ	6
choubatsu	ちょうばつ	チョウバツ	0
choubatsuokuridashi	ちょうばつおくりだし	チョウバツオクリダシ	0
choubo	ちょうぼ	チョウボ	0
choubou	ちょうぼう	チョウボウ	0
chouchou	ちょうちょう	チョウチョウ	0
choud	ちょう	チョウ	4
chouda	ちょうだ	チョウダ	0
choudai	ちょうだい	チョウダイ	0
choudaijinmingen	ちょうだいじんみんげん	チョウダイジンミンゲン	0
choudanoretsu	ちょうだのれつ	チョウダノレツ	0
chouden	ちょうでん	チョウデン	0
choudendou	ちょうでんどう	チョウデンドウ	0
choudo	ちょうど	チョウド	0
choueki	ちょうえき	チョウエキ	0
chouetsu	ちょうえつ	チョウエツ	0
choufu	ちょうふ	チョウフ	0
choufuku	ちょうふく	チョウフク	0
chougikai	ちょうぎかい	チョウギカイ	0
chouhatsu	ちょうはつ	チョウハツ	0
chouhatsuteki	ちょうはつてき	チョウハツテキ	0
chouhei	ちょうへい	チョウヘイ	0
chouhen	ちょうへん	チョウヘン	0
chouhonnin	ちょうほんにん	チョウホンニン	0
chouhou	ちょうほう	チョウホウ	0
chouhoukei	ちょうほうけい	チョウホウケイ	0
choui	ちょうい	チョウイ	0
chouin	ちょういん	チョウイン	0
chouja	ちょうじゃ	チョウジャ	0
chouji	ちょうじ	チョウジ	0
choujikan	ちょうじかん	チョウジカン	0
choujin	ちょうじん	チョウジン	0
choujo	ちょうじょ	チョウジョ	0
choujou	ちょうじょう	チョウジョウ	0
chouju	ちょうじゅ	チョウジュ	0
choujuu	ちょうじゅう	チョウジュウ	0
chouk	ちょう	チョウ	4
chouka	ちょうか	チョウカ	0
choukai	ちょうかい	チョウカイ	0
choukaku	ちょうかく	チョウカク	0
choukan	ちょうかん	チョウカン	0
choukeshi	ちょうけし	チョウケシ	0
chouki	ちょうき	チョウキ	0
choukin	ちょうきん	チョウキン	0
choukit	ちょうき	チョウキ	6
choukite	ちょうきて	チョウキテ	0
choukitek	ちょうきて	チョウキテ	8
choukiteki	ちょうきてき	チョウキテキ	0
choukitekinaikakufu	ちょうきてきないかくふ	チョウキテキナイカクフ	0
choukoku	ちょうこく	チョウコク	0
choukou	ちょうこう	チョウコウ	0
choukyori	ちょうきょり	チョウキョリ	0
choukyou	ちょうきょう	チョウキョウ	0
choukyuu	ちょうきゅう	チョウキュウ	0
choume	ちょうめ	チョウメ	0
choumin	ちょうみん	チョウミン	0
choumiryou	ちょうみりょう	チョウミリョウ	0
choumon	ちょうもん	チョウモン	0
chounai	ちょうない	チョウナイ	0
chounan	ちょうなん	チョウナン	0
chounin	ちょうにん	チョウニン	0
chouonpa	ちょうおんぱ	チョウオンパ	0
chouonsoku	ちょうおんそく	チョウオンソク	0
chourei	ちょうれい	チョウレイ	0
chouri	ちょうり	チョウリ	0
chourou	ちょうろう	チョウロウ	0
chourui	ちょうるい	チョウルイ	0
chouryuu	ちょうりゅう	チョウリュウ	0
chousa	ちょうさ	チョウサ	0
chousei	ちょうせい	チョウセイ	0
chousen	ちょうせん	チョウセン	0
chousenhantou	ちょうせんはんとう	チョウセンハントウ	0
chousenminshushugijinminkyouwakoku	ちょうせんみんしゅしゅぎじんみんきょうわこく	チョウセンミンシュシュギジンミンキョウワコク	0
chousetsu	ちょうせつ	チョウセツ	0
chousha	ちょうしゃ	チョウシャ	0
choushi	ちょうし	チョウシ	0
choushin	ちょうしん	チョウシン	0
chousho	ちょうしょ	チョウショ	0
choushoku	ちょうしょく	チョウショク	0
choushu	ちょうしゅ	チョウシュ	0
choushuu	ちょうしゅう	チョウシュウ	0
chouso	ちょうそ	チョウソ	0
chouson	ちょうそん	チョウソン	0
chout	ちょう	チョウ	4
chouta	ちょうた	チョウタ	0
choutan	ちょうたん	チョウタン	0
choutat	ちょうた	チョウタ	6
choutats	ちょうた	チョウタ	6
choutatsu	ちょうたつ	チョウタツ	0
choutatsuto	ちょうたつと	チョウタツト	0
choutei	ちょうてい	チョウテイ	0
chouten	ちょうてん	チョウテン	0
choutokkyuu	ちょうとっきゅう	チョウトッキュウ	0
choutouha	ちょうとうは	チョウトウハ	0
chouwa	ちょうわ	チョウワ	0
chouyaku	ちょうやく	チョウヤク	0
chouzai	ちょうざい	チョウザイ	0
chouzei	ちょうぜい	チョウゼイ	0
chouzou	ちょうぞう	チョウゾウ	0
chozou	ちょぞう	チョゾウ	0
chu	ちゅ	チュ	0
chunijia	ちゅにじあ	チュニジア	0
chushyo	ちゅしょ	チュショ	0
chuu	ちゅう	チュウ	0
chuuban	ちゅうばん	チュウバン	0
chuubou	ちゅうぼう	チュウボウ	0
chuubu	ちゅうぶ	チュウブ	0
chuucho	ちゅうちょ	チュウチョ	0
chuudan	ちゅうだん	チュウダン	0
chuudoku	ちゅうどく	チュウドク	0
chuudou	ちゅうどう	チュウドウ	0
chuuetsu	ちゅうえつ	チュウエツ	0
chuuf	ちゅう	チュウ	4
chuufu	ちゅうふ	チュウフ	0
chuufuk	ちゅうふ	チュウフ	6
chuufuku	ちゅうふく	チュウフク	0
chuufukuhiromari	ちゅうふくひろまり	チュウフクヒロマリ	0
chuugaeri	ちゅうがえり	チュウガエリ	0
chuugakkou	ちゅうがっこう	チュウガッコウ	0
chuugaku	ちゅうがく	チュウガク	0
chuugakusei	ちゅうがくせい	チュウガクセイ	0
chuugata	ちゅうがた	チュウガタ	0
chuugen	ちゅうげん	チュウゲン	0
chuugi	ちゅうぎ	チュウギ	0
chuugoku	ちゅうごく	チュウゴク	0
chuugokugo	ちゅうごくご	チュウゴクゴ	0
chuugokujin	ちゅうごくじん	チュウゴクジン	0
chuuhai	ちゅうはい	チュウハイ	0
chuui	ちゅうい	チュウイ	0
chuuibukai	ちゅういぶかい	チュウイブカイ	0
chuuihou	ちゅういほう	チュウイホウ	0
chuuji	ちゅうじ	チュウジ	0
chuujien	ちゅうじえん	チュウジエン	0
chuujiku	ちゅうじく	チュウジク	0
chuujitsu	ちゅうじつ	チュウジツ	0
chuujou	ちゅうじょう	チュウジョウ	0
chuujun	ちゅうじゅん	チュウジュン	0
chuuk	ちゅう	チュウ	4
chuuka	ちゅうか	チュウカ	0
chuukagai	ちゅうかがい	チュウカガイ	0
chuukai	ちゅうかい	チュウカイ	0
chuukajinminkyouwakoku	ちゅうかじんみんきょうわこく	チュウカジンミンキョウワコク	0
chuukaku	ちゅうかく	チュウカク	0
chuukan	ちゅうかん	チュウカン	0
chuukaryouri	ちゅうかりょうり	チュウカリョウリ	0
chuukei	ちゅうけい	チュウケイ	0
chuuken	ちゅうけん	チュウケン	0
chuuki	ちゅうき	チュウキ	0
chuuko	ちゅうこ	チュウコ	0
chuukoku	ちゅうこく	チュウコク	0
chuukosha	ちゅうこしゃ	チュウコシャ	0
chuukou	ちゅうこう	チュウコウ	0
chuuky	ちゅう	チュウ	4
chuukyo	ちゅうきょ	チュウキョ	0
chuukyou	ちゅうきょう	チュウキョウ	0
chuukyouooku	ちゅうきょうおおく	チュウキョウオオク	0
chuukyuu	ちゅうきゅう	チュウキュウ	0
chuumoku	ちゅうもく	チュウモク	0
chuumon	ちゅうもん	チュウモン	0
chuunaa	ちゅうなあ	チュウナア	0
chuunanbei	ちゅうなんべい	チュウナンベイ	0
chuunen	ちゅうねん	チュウネン	0
chuunichi	ちゅうにち	チュウニチ	0
chuunyuu	ちゅうにゅう	チュウニュウ	0
chuuou	ちゅうおう	チュウオウ	0
chuuoushuuken	ちゅうおうしゅうけん	チュウオウシュウケン	0
chuurippu	ちゅうりっぷ	チュウリップ	0
chuuritsu	ちゅうりつ	チュウリツ	0
chuuryaku	ちゅうりゃく	チュウリャク	0
chuuryuu	ちゅうりゅう	チュウリュウ	0
chuus	ちゅう	チュウ	4
chuusa	ちゅうさ	チュウサ	0
chuusai	ちゅうさい	チュウサイ	0
chuusankaikyuu	ちゅうさんかいきゅう	チュウサンカイキュウ	0
chuusei	ちゅうせい	チュウセイ	0
chuuseishi	ちゅうせいし	チュウセイシ	0
chuusen	ちゅうせん	チュウセン	0
chuush	ちゅう	チュウ	4
chuusha	ちゅうしゃ	チュウシャ	0
chuushajou	ちゅうしゃじょう	チュウシャジョウ	0
chuushaku	ちゅうしゃく	チュウシャク	0
chuushi	ちゅうし	チュウシ	0
chuushin	ちゅうしん	チュウシン	0
chuushinbu	ちゅうしんぶ	チュウシンブ	0
chuushindatsusanshin	ちゅうしんだつさんしん	チュウシンダツサンシン	0
chuushitsu	ちゅうしつ	チュウシツ	0
chuushoku	ちゅうしょく	チュウショク	0
chuushou	ちゅうしょう	チュウショウ	0
chuushoukigyou	ちゅうしょうきぎょう	チュウショウキギョウ	0
chuushouteki	ちゅうしょうてき	チュウショウテキ	0
chuushutsu	ちゅうしゅつ	チュウシュツ	0
chuusotsu	ちゅうそつ	チュウソツ	0
chuusuu	ちゅうすう	チュウスウ	0
chuutaa	ちゅうたあ	チュウタア	0
chuutai	ちゅうたい	チュウタイ	0
chuuto	ちゅうと	チュウト	0
chuutohanpa	ちゅうとはんぱ	チュウトハンパ	0
chuuton	ちゅうとん	チュウトン	0
chuutou	ちゅうとう	チュウトウ	0
chuuwa	ちゅうわ	チュウワ	0
chuuya	ちゅうや	チュウヤ	0
chuuz	ちゅう	チュウ	4
chuuza	ちゅうざ	チュウザ	0
chuuzai	ちゅうざい	チュウザイ	0
chuuzaishousuuiken	ちゅうざいしょうすういけん	チュウザイショウスウイケン	0
chuuzen	ちゅうぜん	チュウゼン	0
chuuzetsu	ちゅうぜつ	チュウゼツ	0
chuuzou	ちゅうぞう	チュウゾウ	0
chya	ちゃ	チャ	0
chyashyu	ちゃしゅ	チャシュ	0
chye	ちぇ	チェ	0
chyesi	ちぇし	チェシ	0
chyi	ちぃ	チィ	0
chyiso	ちぃそ	チィソ	0
chyo	ちょ	チョ	0
chyossa	ちょっさ	チョッサ	0
chyu	ちゅ	チュ	0
chyusse	ちゅっせ	チュッセ	0
ci	き	キ	0
cissha	きっしゃ	キッシャ	0
co	こ	コ	0
cosshe	こっしぇ	コッシェ	0
cu	く	ク	0
cusshi	くっし	クッシ	0
cwa	くぁ	クァ	0
cwassho	くぁっしょ	クァッショ	0
cwe	くぇ	クェ	0
cwesshu	くぇっしゅ	クェッシュ	0
cwi	くぃ	クィ	0
cwisshya	くぃっしゃ	クィッシャ	0
cwo	くぉ	クォ	0
cwosshye	くぉっしぇ	クォッシェ	0
cwu	くぅ	クゥ	0
cwusshyi	くぅっしぃ	クゥッシィ	0
cya	ちゃ	チャ	0
cyasshyo	ちゃっしょ	チャッショ	0
cye	ちぇ	チェ	0
cyesshyu	ちぇっしゅ	チェッシュ	0
cyi	ちぃ	チィ	0
cyissi	ちぃっし	チィッシ	0
cyo	ちょ	チョ	0
cyosso	ちょっそ	チョッソ	0
cyu	ちゅ	チュ	0
cyussu	ちゅっす	チュッス	0
d			0
da	だ	ダ	0
daaku	だあく	ダアク	0
daarin	だありん	ダアリン	0
daasu	だあす	ダアス	0
dabingu	だびんぐ	ダビング	0
daboku	だぼく	ダボク	0
dabudabu	だぶだぶ	ダブダブ	0
daburu	だぶる	ダブル	0
dae	だえ	ダエ	0
daen	だえん	ダエン	0
daenkei	だえんけい	ダエンケイ	0
daentorikuchi	だえんとりくち	ダエントリクチ	0
daga	だが	ダガ	0
dagakki	だがっき	ダガッキ	0
dagashi	だがし	ダガシ	0
dagashiya	だがしや	ダガシヤ	0
dageki	だげき	ダゲキ	0
daha	だは	ダハ	0
dai	だい	ダイ	0
daiaguramu	だいあぐらむ	ダイアグラム	0
daiben	だいべん	ダイベン	0
daibingu	だいびんぐ	ダイビング	0
daiboshuu	だいぼしゅう	ダイボシュウ	0
daibu	だいぶ	ダイブ	0
daibubun	だいぶぶん	ダイブブン	0
daibun	だいぶん	ダイブン	0
daibutsu	だいぶつ	ダイブツ	0
daic	だい	ダイ	3
daich	だい	ダイ	3
daichi	だいち	ダイチ	0
daicho	だいちょ	ダイチョ	0
daichou	だいちょう	ダイチョウ	0
daichoukachimake	だいちょうかちまけ	ダイチョウカチマケ	0
daichoukin	だいちょうきん	ダイチョウキン	0
daichuumoku	だいちゅうもく	ダイチュウモク	0
daida	だいだ	ダイダ	0
daidai	だいだい	ダイダイ	0
daidaiiro	だいだいいろ	ダイダイイロ	0
daidaiteki	だいだいてき	ダイダイテキ	0
daidokoro	だいどころ	ダイドコロ	0
daidou	だいどう	ダイドウ	0
daidoumyaku	だいどうみゃく	ダイドウミャク	0
daietto	だいえっと	ダイエット	0
daigaku	だいがく	ダイガク	0
daigakuin	だいがくいん	ダイガクイン	0
daigakuinsei	だいがくいんせい	ダイガクインセイ	0
daigakusei	だいがくせい	ダイガクセイ	0
daigakushingaku	だいがくしんがく	ダイガクシンガク	0
daigi	だいぎ	ダイギ	0
daigishi	だいぎし	ダイギシ	0
daihon	だいほん	ダイホン	0
daihyou	だいひょう	ダイヒョウ	0
daihyousaku	だいひょうさく	ダイヒョウサク	0
daihyouteki	だいひょうてき	ダイヒョウテキ	0
daiichi	だいいち	ダイイチ	0
daiichigi	だいいちぎ	ダイイチギ	0
daiichininsha	だいいちにんしゃ	ダイイチニンシャ	0
daiippo	だいいっぽ	ダイイッポ	0
daiissei	だいいっせい	ダイイッセイ	0
daiissen	だいいっせん	ダイイッセン	0
daijesuto	だいじぇすと	ダイジェスト	0
daiji	だいじ	ダイジ	0
daijiken	だいじけん	ダイジケン	0
daijin	だいじん	ダイジン	0
daijoubu	だいじょうぶ	ダイジョウブ	0
daik	だい	ダイ	3
daika	だいか	ダイカ	0
daikaiten	だいかいてん	ダイカイテン	0
daikan	だいかん	ダイカン	0
daikangei	だいかんげい	ダイカンゲイ	0
daikantoshikeikaku	だいかんとしけいかく	ダイカントシケイカク	0
daikazoku	だいかぞく	ダイカゾク	0
daikibo	だいきぼ	ダイキボ	0
daikigyou	だいきぎょう	ダイキギョウ	0
daikin	だいきん	ダイキン	0
daikirai	だいきらい	ダイキライ	0
daikokubashira	だいこくばしら	ダイコクバシラ	0
daikon	だいこん	ダイコン	0
daikou	だいこう	ダイコウ	0
daikouhyou	だいこうひょう	ダイコウヒョウ	0
daiku	だいく	ダイク	0
daime	だいめ	ダイメ	0
daimei	だいめい	ダイメイ	0
daimeishi	だいめいし	ダイメイシ	0
daimyou	だいみょう	ダイミョウ	0
dainaasukurabu	だいなあすくらぶ	ダイナアスクラブ	0
dainamaito	だいなまいと	ダイナマイト	0
dainamikku	だいなみっく	ダイナミック	0
dainamikusu	だいなみくす	ダイナミクス	0
dainamizumu	だいなみずむ	ダイナミズム	0
dainashi	だいなし	ダイナシ	0
daini	だいに	ダイニ	0
dainijisekaitaisen	だいにじせかいたいせん	ダイニジセカイタイセン	0
dainin	だいにん	ダイニン	0
dainingu	だいにんぐ	ダイニング	0
dainou	だいのう	ダイノウ	0
daioodo	だいおおど	ダイオオド	0
dairekuto	だいれくと	ダイレクト	0
dairi	だいり	ダイリ	0
dairinin	だいりにん	ダイリニン	0
dairiseki	だいりせき	ダイリセキ	0
dairiten	だいりてん	ダイリテン	0
dais	だい	ダイ	3
daisangoku	だいさんごく	ダイサンゴク	0
daisansha	だいさんしゃ	ダイサンシャ	0
daiseikou	だいせいこう	ダイセイコウ	0
daisha	だいしゃ	ダイシャ	0
daishi	だいし	ダイシ	0
daishinsai	だいしんさい	ダイシンサイ	0
daishizen	だいしぜん	ダイシゼン	0
daishou	だいしょう	ダイショウ	0
daishuugou	だいしゅうごう	ダイシュウゴウ	0
daisotsu	だいそつ	ダイソツ	0
daisu	だいす	ダイス	0
daisuki	だいすき	ダイスキ	0
daisur	だいす	ダイス	5
daisuru	だいする	ダイスル	0
daisurugienkin	だいするぎえんきん	ダイスルギエンキン	0
dait	だい	ダイ	3
daitai	だいたい	ダイタイ	0
daitan	だいたん	ダイタン	0
daitasuu	だいたすう	ダイタスウ	0
daito	だいと	ダイト	0
daitoshi	だいとし	ダイトシ	0
daitou	だいとう	ダイトウ	0
daitour	だいとう	ダイトウ	6
daitoury	だいとう	ダイトウ	6
daitouryo	だいとうりょ	ダイトウリョ	0
daitouryou	だいとうりょう	ダイトウリョウ	0
daitouryoumitsuyaku	だいとうりょうみつやく	ダイトウリョウミツヤク	0
daiuchuu	だいうちゅう	ダイウチュウ	0
daiushi	だいうし	ダイウシ	0
daiya	だいや	ダイヤ	0
daiyaku	だいやく	ダイヤク	0
daiyamondo	だいやもんど	ダイヤモンド	0
daiyaru	だいやる	ダイヤル	0
daiyou	だいよう	ダイヨウ	0
daizai	だいざい	ダイザイ	0
daizentei	だいぜんてい	ダイゼンテイ	0
daizu	だいず	ダイズ	0
daj	だ	ダ	2
daju	だじゅ	ダジュ	0
dajun	だじゅん	ダジュン	0
dajunkanrisha	だじゅんかんりしゃ	ダジュンカンリシャ	0
dak	だ	ダ	2
daka	だか	ダカ	0
dakai	だかい	ダカイ	0
dakaitomeru	だかいとめる	ダカイトメル	0
dakara	だから	ダカラ	0
dake	だけ	ダケ	0
dakedenaku	だけでなく	ダケデナク	0
dakedo	だけど	ダケド	0
dakedomo	だけども	ダケドモ	0
dakeredomo	だけれども	ダケレドモ	0
daket	だけ	ダケ	4
dakets	だけ	ダケ	4
daketsu	だけつ	ダケツ	0
daketsujisshi	だけつじっし	ダケツジッシ	0
dakiau	だきあう	ダキアウ	0
dakkai	だっかい	ダッカイ	0
dakkan	だっかん	ダッカン	0
dakke	だっけ	ダッケ	0
dakko	だっこ	ダッコ	0
dakkyaku	だっきゃく	ダッキャク	0
dakou	だこう	ダコウ	0
daku	だく	ダク	0
dakuhi	だくひ	ダクヒ	0
dakuryuu	だくりゅう	ダクリュウ	0
dakuto	だくと	ダクト	0
dakyou	だきょう	ダキョウ	0
dakyuu	だきゅう	ダキュウ	0
damaru	だまる	ダマル	0
damasu	だます	ダマス	0
dame	だめ	ダメ	0
dameeji	だめえじ	ダメエジ	0
damii	だみい	ダミイ	0
damu	だむ	ダム	0
dan	だん	ダン	0
danatsu	だなつ	ダナツ	0
danb	だん	ダン	3
danbo	だんぼ	ダンボ	0
danboo	だんぼお	ダンボオ	0
danboor	だんぼお	ダンボオ	6
danbooru	だんぼおる	ダンボオル	0
danbooruoshiiri	だんぼおるおしいり	ダンボオルオシイリ	0
danbou	だんぼう	ダンボウ	0
danchi	だんち	ダンチ	0
danchou	だんちょう	ダンチョウ	0
dandan	だんだん	ダンダン	0
dandori	だんどり	ダンドリ	0
dandou	だんどう	ダンドウ	0
dangai	だんがい	ダンガイ	0
dangan	だんがん	ダンガン	0
dangen	だんげん	ダンゲン	0
dangou	だんごう	ダンゴウ	0
danin	だにん	ダニン	0
danji	だんじ	ダンジ	0
danjiki	だんじき	ダンジキ	0
danjite	だんじて	ダンジテ	0
danjo	だんじょ	ダンジョ	0
danjou	だんじょう	ダンジョウ	0
dankai	だんかい	ダンカイ	0
danketsu	だんけつ	ダンケツ	0
danko	だんこ	ダンコ	0
dankou	だんこう	ダンコウ	0
danku	だんく	ダンク	0
danmen	だんめん	ダンメン	0
danna	だんな	ダンナ	0
dannen	だんねん	ダンネン	0
dannetsu	だんねつ	ダンネツ	0
dano	だの	ダノ	0
danpen	だんぺん	ダンペン	0
danpingu	だんぴんぐ	ダンピング	0
danpu	だんぷ	ダンプ	0
danpukaa	だんぷかあ	ダンプカア	0
danraku	だんらく	ダンラク	0
danro	だんろ	ダンロ	0
danryoku	だんりょく	ダンリョク	0
danryuu	だんりゅう	ダンリュウ	0
dansaa	だんさあ	ダンサア	0
dansei	だんせい	ダンセイ	0
danseiteki	だんせいてき	ダンセイテキ	0
danshaku	だんしゃく	ダンシャク	0
danshi	だんし	ダンシ	0
danshingu	だんしんぐ	ダンシング	0
danshou	だんしょう	ダンショウ	0
dansonjohi	だんそんじょひ	ダンソンジョヒ	0
dansou	だんそう	ダンソウ	0
dansu	だんす	ダンス	0
dansuhooru	だんすほおる	ダンスホオル	0
dansui	だんすい	ダンスイ	0
dantai	だんたい	ダンタイ	0
dantei	だんてい	ダンテイ	0
dantotsu	だんとつ	ダントツ	0
dantou	だんとう	ダントウ	0
danwa	だんわ	ダンワ	0
dany	だ	ダ	2
danya	だにゃ	ダニャ	0
danyak	だにゃ	ダニャ	5
danyaku	だにゃく	ダニャク	0
danyakutaiyaku	だにゃくたいやく	ダニャクタイヤク	0
danyuu	だにゅう	ダニュウ	0
danzen	だんぜん	ダンゼン	0
danzetsu	だんぜつ	ダンゼツ	0
danzoku	だんぞく	ダンゾク	0
dappi	だっぴ	ダッピ	0
daradara	だらだら	ダラダラ	0
darairama	だらいらま	ダライラマ	0
darake	だらけ	ダラケ	0
daraku	だらく	ダラク	0
darashinai	だらしない	ダラシナイ	0
darasu	だらす	ダラス	0
dare	だれ	ダレ	0
daredemo	だれでも	ダレデモ	0
dareka	だれか	ダレカ	0
daremo	だれも	ダレモ	0
darenidemo	だれにでも	ダレニデモ	0
darenimo	だれにも	ダレニモ	0
daritsu	だりつ	ダリツ	0
darou	だろう	ダロウ	0
darouka	だろうか	ダロウカ	0
darui	だるい	ダルイ	0
daruma	だるま	ダルマ	0
daryoku	だりょく	ダリョク	0
das	だ	ダ	2
dasanteki	ださんてき	ダサンテキ	0
dasei	だせい	ダセイ	0
daseki	だせき	ダセキ	0
dasen	だせん	ダセン	0
dash	だ	ダ	2
dasha	だしゃ	ダシャ	0
dashi	だし	ダシ	0
dashimi	だしみ	ダシミ	0
dashin	だしん	ダシン	0
dassen	だっせん	ダッセン	0
dasshu	だっしゅ	ダッシュ	0
dasshutsu	だっしゅつ	ダッシュツ	0
dassou	だっそう	ダッソウ	0
dassui	だっすい	ダッスイ	0
dassuru	だっする	ダッスル	0
dasswa	だっすぁ	ダッスァ	0
dasu	だす	ダス	0
dasuu	だすう	ダスウ	0
dat	だ	ダ	2
datai	だたい	ダタイ	0
date	だて	ダテ	0
daten	だてん	ダテン	0
daterani	だてらに	ダテラニ	0
datou	だとう	ダトウ	0
dats	だ	ダ	2
datsu	だつ	ダツ	0
datsui	だつい	ダツイ	0
datsuijo	だついじょ	ダツイジョ	0
datsur	だつ	ダツ	5
datsuraku	だつらく	ダツラク	0
datsury	だつ	ダツ	5
datsuryu	だつりゅ	ダツリュ	0
datsuryuu	だつりゅう	ダツリュウ	0
datsuryuushitajiki	だつりゅうしたじき	ダツリュウシタジキ	0
datsusanshin	だつさんしん	ダツサンシン	0
datsuzei	だつぜい	ダツゼイ	0
datta	だった	ダッタ	0
dattai	だったい	ダッタイ	0
dattara	だったら	ダッタラ	0
dattarishite	だったりして	ダッタリシテ	0
datte	だって	ダッテ	0
daun	だうん	ダウン	0
daunroodo	だうんろおど	ダウンロオド	0
daunsaijingu	だうんさいじんぐ	ダウンサイジング	0
dauntaun	だうんたうん	ダウンタウン	0
dda	っだ	ッダ	0
ddasswe	っだっすぇ	ッダッスェ	0
dde	っで	ッデ	0
ddesswi	っでっすぃ	ッデッスィ	0
ddha	っでゃ	ッデャ	0
ddhasswo	っでゃっすぉ	ッデャッスォ	0
ddhe	っでぇ	ッデェ	0
ddhesswu	っでぇっすぅ	ッデェッスゥ	0
ddhi	っでぃ	ッディ	0
ddhissya	っでぃっしゃ	ッディッシャ	0
ddho	っでょ	ッデョ	0
ddhossye	っでょっしぇ	ッデョッシェ	0
ddhu	っでゅ	ッデュ	0
ddhussyi	っでゅっしぃ	ッデュッシィ	0
ddi	っぢ	ッヂ	0
ddissyo	っぢっしょ	ッヂッショ	0
ddo	っど	ッド	0
ddossyu	っどっしゅ	ッドッシュ	0
ddu	っづ	ッヅ	0
ddusu	っづす	ッヅス	0
ddwa	っどぁ	ッドァ	0
ddwaswa	っどぁすぁ	ッドァスァ	0
ddwe	っどぇ	ッドェ	0
ddweswe	っどぇすぇ	ッドェスェ	0
ddwi	っどぃ	ッドィ	0
ddwiswi	っどぃすぃ	ッドィスィ	0
ddwo	っどぉ	ッドォ	0
ddwoswo	っどぉすぉ	ッドォスォ	0
ddwu	っどぅ	ッドゥ	0
ddwuswu	っどぅすぅ	ッドゥスゥ	0
ddya	っぢゃ	ッヂャ	0
ddyasya	っぢゃしゃ	ッヂャシャ	0
ddye	っぢぇ	ッヂェ	0
ddyesye	っぢぇしぇ	ッヂェシェ	0
ddyi	っぢぃ	ッヂィ	0
ddyisyi	っぢぃしぃ	ッヂィシィ	0
ddyo	っぢょ	ッヂョ	0
ddyosyo	っぢょしょ	ッヂョショ	0
ddyu	っぢゅ	ッヂュ	0
ddyusyu	っぢゅしゅ	ッヂュシュ	0
de	で	デ	0
deai	であい	デアイ	0
dearimasu	であります	デアリマス	0
dearu	である	デアル	0
deashi	であし	デアシ	0
deau	であう	デアウ	0
deb	で	デ	2
debaisu	でばいす	デバイス	0
deban	でばん	デバン	0
deberoppaa	でべろっぱあ	デベロッパア	0
debisukappu	でびすかっぷ	デビスカップ	0
debonki	でぼんき	デボンキ	0
debu	でぶ	デブ	0
debutemae	でぶてまえ	デブテマエ	0
debyuu	でびゅう	デビュウ	0
deddo	でっど	デッド	0
deddohiito	でっどひいと	デッドヒイト	0
dee	でえ	デエ	0
deegeemu	でえげえむ	デエゲエム	0
deemon	でえもん	デエモン	0
deeta	でえた	デエタ	0
deetabanku	でえたばんく	デエタバンク	0
deetabeesu	でえたべえす	デエタベエス	0
deetatsuushin	でえたつうしん	デエタツウシン	0
deeto	でえと	デエト	0
defuorume	でふおるめ	デフオルメ	0
defure	でふれ	デフレ	0
degozaimasu	でございます	デゴザイマス	0
deguchi	でぐち	デグチ	0
deha	では	デハ	0
dehamata	ではまた	デハマタ	0
dehanai	ではない	デハナイ	0
dehanaika	ではないか	デハナイカ	0
dei	でい	デイ	0
deibeeto	でいべえと	デイベエト	0
deifyensu	でいふぇんす	デイフェンス	0
deii	でいい	デイイ	0
deiibuideiipureeyaa	でいいぶいでいいぷれえやあ	デイイブイデイイプレエヤア	0
deiip	でいい	デイイ	4
deiipu	でいいぷ	デイイプ	0
deiiputorikaesu	でいいぷとりかえす	デイイプトリカエス	0
deiiraa	でいいらあ	デイイラア	0
deiizeru	でいいぜる	デイイゼル	0
deikushonari	でいくしょなり	デイクショナリ	0
deiminuendo	でいみぬえんど	デイミヌエンド	0
deinaa	でいなあ	デイナア	0
deingii	でいんぎい	デインギイ	0
deirekutaa	でいれくたあ	デイレクタア	0
deirekutori	でいれくとり	デイレクトリ	0
deiri	でいり	デイリ	0
deiriguchi	でいりぐち	デイリグチ	0
deirii	でいりい	デイリイ	0
deisui	でいすい	デイスイ	0
deisukabaa	でいすかばあ	デイスカバア	0
deisukasshon	でいすかっしょん	デイスカッション	0
deisukaunto	でいすかうんと	デイスカウント	0
deisuko	でいすこ	デイスコ	0
deisuku	でいすく	デイスク	0
deisukujokkii	でいすくじょっきい	デイスクジョッキイ	0
deisukuroojaa	でいすくろおじゃあ	デイスクロオジャア	0
deisupuree	でいすぷれえ	デイスプレエ	0
deisupurei	でいすぷれい	デイスプレイ	0
deisutooshon	でいすとおしょん	デイストオション	0
deitan	でいたん	デイタン	0
deiteeru	でいてえる	デイテエル	0
dejitaru	でじたる	デジタル	0
dek	で	デ	2
deka	でか	デカ	0
dekai	でかい	デカイ	0
dekaigenba	でかいげんば	デカイゲンバ	0
dekakeru	でかける	デカケル	0
dekarukomanii	でかるこまにい	デカルコマニイ	0
dekasegi	でかせぎ	デカセギ	0
dekata	でかた	デカタ	0
deki	でき	デキ	0
dekiagari	できあがり	デキアガリ	0
dekiagaru	できあがる	デキアガル	0
dekidaka	できだか	デキダカ	0
dekigoto	できごと	デキゴト	0
dekiru	できる	デキル	0
dekirudake	できるだけ	デキルダケ	0
dekirudakehayaku	できるだけはやく	デキルダケハヤク	0
dekkai	でっかい	デッカイ	0
dekki	でっき	デッキ	0
deko	でこ	デコ	0
dekoboko	でこぼこ	デコボコ	0
dekoo	でこお	デコオ	0
dekood	でこお	デコオ	5
dekooda	でこおだ	デコオダ	0
dekoodaa	でこおだあ	デコオダア	0
dekoodaategaru	でこおだあてがる	デコオダアテガル	0
dekoreeshon	でこれえしょん	デコレエション	0
dem	で	デ	2
dema	でま	デマ	0
demae	でまえ	デマエ	0
demando	でまんど	デマンド	0
demeritto	でめりっと	デメリット	0
demi	でみ	デミ	0
demo	でも	デモ	0
demoaru	でもある	デモアル	0
demokurashii	でもくらしい	デモクラシイ	0
demokuratto	でもくらっと	デモクラット	0
demon	でもん	デモン	0
demona	でもな	デモナ	0
demonai	でもない	デモナイ	0
demonaigyogyou	でもないぎょぎょう	デモナイギョギョウ	0
demonsutoreeshon	でもんすとれえしょん	デモンストレエション	0
demotai	でもたい	デモタイ	0
demukae	でむかえ	デムカエ	0
demukaeru	でむかえる	デムカエル	0
demuku	でむく	デムク	0
den	でん	デン	0
denaito	でないと	デナイト	0
denakereba	でなければ	デナケレバ	0
denakerebanaranai	でなければならない	デナケレバナラナイ	0
denaoshi	でなおし	デナオシ	0
denatsu	でなつ	デナツ	0
denbaa	でんばあ	デンバア	0
denc	でん	デン	3
dench	でん	デン	3
denchi	でんち	デンチ	0
denchigire	でんちぎれ	デンチギレ	0
denchiyokohama	でんちよこはま	デンチヨコハマ	0
denchuu	でんちゅう	デンチュウ	0
dendou	でんどう	デンドウ	0
dene	でね	デネ	0
denen	でねん	デネン	0
denensenjouzai	でねんせんじょうざい	デネンセンジョウザイ	0
dengeki	でんげき	デンゲキ	0
dengen	でんげん	デンゲン	0
dengenkaihatsu	でんげんかいはつ	デンゲンカイハツ	0
dengenkeeburu	でんげんけえぶる	デンゲンケエブル	0
dengon	でんごん	デンゴン	0
deniiru	でにいる	デニイル	0
denimu	でにむ	デニム	0
denjishaku	でんじしゃく	デンジシャク	0
denka	でんか	デンカ	0
denki	でんき	デンキ	0
denkiseihin	でんきせいひん	デンキセイヒン	0
denkitsuushin	でんきつうしん	デンキツウシン	0
denkou	でんこう	デンコウ	0
denkyoku	でんきょく	デンキョク	0
denkyuu	でんきゅう	デンキュウ	0
denomi	でのみ	デノミ	0
denpa	でんぱ	デンパ	0
denpou	でんぽう	デンポウ	0
denpyou	でんぴょう	デンピョウ	0
denryoku	でんりょく	デンリョク	0
denryuu	でんりゅう	デンリュウ	0
densen	でんせん	デンセン	0
densenbyou	でんせんびょう	デンセンビョウ	0
densetsu	でんせつ	デンセツ	0
densha	でんしゃ	デンシャ	0
denshi	でんし	デンシ	0
denshibuhin	でんしぶひん	デンシブヒン	0
denshimeeru	でんしめえる	デンシメエル	0
denshin	でんしん	デンシン	0
denshou	でんしょう	デンショウ	0
densou	でんそう	デンソウ	0
dentaku	でんたく	デンタク	0
dentatsu	でんたつ	デンタツ	0
dentetsu	でんてつ	デンテツ	0
dentou	でんとう	デントウ	0
dentoubunka	でんとうぶんか	デントウブンカ	0
dentouteki	でんとうてき	デントウテキ	0
dentsuudai	でんつうだい	デンツウダイ	0
denwa	でんわ	デンワ	0
denwabangou	でんわばんごう	デンワバンゴウ	0
denwachou	でんわちょう	デンワチョウ	0
denwaki	でんわき	デンワキ	0
deokureru	でおくれる	デオクレル	0
depaato	でぱあと	デパアト	0
depachika	でぱちか	デパチカ	0
depojitto	でぽじっと	デポジット	0
derakkusu	でらっくす	デラックス	0
deregeeshon	でれげえしょん	デレゲエション	0
deriito	でりいと	デリイト	0
derika	でりか	デリカ	0
derikeeto	でりけえと	デリケエト	0
deru	でる	デル	0
deruta	でるた	デルタ	0
des	で	デ	2
desae	でさえ	デサエ	0
deshi	でし	デシ	0
deshiberu	でしべる	デシベル	0
deshiiri	でしいり	デシイリ	0
deshikanai	でしかない	デシカナイ	0
desho	でしょ	デショ	0
deshou	でしょう	デショウ	0
deshouka	でしょうか	デショウカ	0
dessan	でっさん	デッサン	0
desu	です	デス	0
desuga	ですが	デスガ	0
desugiru	ですぎる	デスギル	0
desuk	です	デス	4
desuka	ですか	デスカ	0
desukakurushimi	ですかくるしみ	デスカクルシミ	0
desukara	ですから	デスカラ	0
desuku	ですく	デスク	0
desunode	ですので	デスノデ	0
deta	でた	デタ	0
detanto	でたんと	デタント	0
detarame	でたらめ	デタラメ	0
deyuetto	でゆえっと	デユエット	0
deyuo	でゆお	デユオ	0
deyuuteiifurii	でゆうていいふりい	デユウテイイフリイ	0
dezaato	でざあと	デザアト	0
dezain	でざいん	デザイン	0
dezainaa	でざいなあ	デザイナア	0
dha	でゃ	デャ	0
dhate	でゃて	デャテ	0
dhe	でぇ	デェ	0
dhetha	でぇてゃ	デェテャ	0
dhi	でぃ	ディ	0
dhithe	でぃてぇ	ディテェ	0
dho	でょ	デョ	0
dhothi	でょてぃ	デョティ	0
dhu	でゅ	デュ	0
dhutho	でゅてょ	デュテョ	0
di	ぢ	ヂ	0
dithu	ぢてゅ	ヂテュ	0
do	ど	ド	0
doa	どあ	ドア	0
doai	どあい	ドアイ	0
dobei	どべい	ドベイ	0
doboku	どぼく	ドボク	0
dobu	どぶ	ドブ	0
dochira	どちら	ドチラ	0
dochirademonai	どちらでもない	ドチラデモナイ	0
dochirakatoiuto	どちらかというと	ドチラカトイウト	0
dochiramo	どちらも	ドチラモ	0
dochiraniseyo	どちらにせよ	ドチラニセヨ	0
dodai	どだい	ドダイ	0
dodon	どどん	ドドン	0
doggufuaito	どっぐふあいと	ドッグフアイト	0
doggufuudo	どっぐふうど	ドッグフウド	0
dogguran	どっぐらん	ドッグラン	0
dogou	どごう	ドゴウ	0
dohyou	どひょう	ドヒョウ	0
dohyougiwa	どひょうぎわ	ドヒョウギワ	0
doitsu	どいつ	ドイツ	0
doitsugo	どいつご	ドイツゴ	0
dojin	どじん	ドジン	0
dojjibooru	どっじぼおる	ドッジボオル	0
dojou	どじょう	ドジョウ	0
dok	ど	ド	2
dokenya	どけにゃ	ドケニャ	0
dokeru	どける	ドケル	0
doki	どき	ドキ	0
dokidoki	どきどき	ドキドキ	0
dokitto	どきっと	ドキット	0
dokkingu	どっきんぐ	ドッキング	0
dokkinhou	どっきんほう	ドッキンホウ	0
dokku	どっく	ドック	0
doko	どこ	ドコ	0
dokoka	どこか	ドコカ	0
dokomademo	どこまでも	ドコマデモ	0
dokonimo	どこにも	ドコニモ	0
dokonimonai	どこにもない	ドコニモナイ	0
doku	どく	ドク	0
dokubou	どくぼう	ドクボウ	0
dokudan	どくだん	ドクダン	0
dokuen	どくえん	ドクエン	0
dokugaku	どくがく	ドクガク	0
dokugasu	どくがす	ドクガス	0
dokuji	どくじ	ドクジ	0
dokuritsu	どくりつ	ドクリツ	0
dokuritsugyouseihoujin	どくりつぎょうせいほうじん	ドクリツギョウセイホウジン	0
dokuritsukoku	どくりつこく	ドクリツコク	0
dokus	どく	ドク	4
dokusai	どくさい	ドクサイ	0
dokusatsu	どくさつ	ドクサツ	0
dokusei	どくせい	ドクセイ	0
dokusen	どくせん	ドクセン	0
dokusha	どくしゃ	ドクシャ	0
dokushin	どくしん	ドクシン	0
dokusho	どくしょ	ドクショ	0
dokushou	どくしょう	ドクショウ	0
dokuso	どくそ	ドクソ	0
dokusou	どくそう	ドクソウ	0
dokusout	どくそう	ドクソウ	7
dokusoute	どくそうて	ドクソウテ	0
dokusoutek	どくそうて	ドクソウテ	9
dokusouteki	どくそうてき	ドクソウテキ	0
dokusoutekiosoushiki	どくそうてきおそうしき	ドクソウテキオソウシキ	0
dokutaa	どくたあ	ドクタア	0
dokutaaheri	どくたあへり	ドクタアヘリ	0
dokutoku	どくとく	ドクトク	0
dokutorin	どくとりん	ドクトリン	0
dokuyaku	どくやく	ドクヤク	0
dokuzetsu	どくぜつ	ドクゼツ	0
doky	ど	ド	2
dokyou	どきょう	ドキョウ	0
dokyu	どきゅ	ドキュ	0
dokyum	どきゅ	ドキュ	5
dokyume	どきゅめ	ドキュメ	0
dokyumen	どきゅめん	ドキュメン	0
dokyument	どきゅめん	ドキュメン	8
dokyumentarii	どきゅめんたりい	ドキュメンタリイ	0
dokyumento	どきゅめんと	ドキュメント	0
dokyumentoosamaru	どきゅめんとおさまる	ドキュメントオサマル	0
doma	どま	ドマ	0
domino	どみの	ドミノ	0
domo	ども	ドモ	0
domoru	どもる	ドモル	0
don	どん	ドン	0
dona	どな	ドナ	0
donaa	どなあ	ドナア	0
donar	どな	ドナ	4
donari	どなり	ドナリ	0
donarik	どなり	ドナリ	6
donariko	どなりこ	ドナリコ	0
donarikom	どなりこ	ドナリコ	8
donarikomu	どなりこむ	ドナリコム	0
donarikomukibyou	どなりこむきびょう	ドナリコムキビョウ	0
donaru	どなる	ドナル	0
donata	どなた	ドナタ	0
donatademo	どなたでも	ドナタデモ	0
donataka	どなたか	ドナタカ	0
donburi	どんぶり	ドンブリ	0
dondon	どんどん	ドンドン	0
donguri	どんぐり	ドングリ	0
donichi	どにち	ドニチ	0
donk	どん	ドン	3
donka	どんか	ドンカ	0
donkadodon	どんかどどん	ドンカドドン	0
donkan	どんかん	ドンカン	0
donki	どんき	ドンキ	0
donn	どんん	ドンン	0
donna	どんな	ドンナ	0
donnakogo	どんなこご	ドンナコゴ	0
donnani	どんなに	ドンナニ	0
dono	どの	ドノ	0
donogurai	どのぐらい	ドノグライ	0
donohen	どのへん	ドノヘン	0
donokurai	どのくらい	ドノクライ	0
donoyou	どのよう	ドノヨウ	0
donoyouni	どのように	ドノヨウニ	0
donyoku	どにょく	ドニョク	0
dooku	どおく	ドオク	0
doomaauindoo	どおまあういんどお	ドオマアウインドオ	0
doomu	どおむ	ドオム	0
doonatsu	どおなつ	ドオナツ	0
doopingu	どおぴんぐ	ドオピング	0
doori	どおり	ドオリ	0
dor	ど	ド	2
dora	どら	ドラ	0
dorafuto	どらふと	ドラフト	0
doraggu	どらっぐ	ドラッグ	0
doraggusutoa	どらっぐすとあ	ドラッグストア	0
doragon	どらごん	ドラゴン	0
dorai	どらい	ドライ	0
doraibaa	どらいばあ	ドライバア	0
doraibu	どらいぶ	ドライブ	0
doraifurawaa	どらいふらわあ	ドライフラワア	0
doraiyaa	どらいやあ	ドライヤア	0
doram	どら	ドラ	4
dorama	どらま	ドラマ	0
doramaa	どらまあ	ドラマア	0
doramachikku	どらまちっく	ドラマチック	0
doramu	どらむ	ドラム	0
doramukan	どらむかん	ドラムカン	0
doramus	どらむ	ドラム	6
doramusu	どらむす	ドラムス	0
doramusuk	どらむす	ドラムス	8
doramusuko	どらむすこ	ドラムスコ	0
doramusukosouke	どらむすこそうけ	ドラムスコソウケ	0
dorasuchikku	どらすちっく	ドラスチック	0
dore	どれ	ドレ	0
doredake	どれだけ	ドレダケ	0
doredemo	どれでも	ドレデモ	0
doredore	どれどれ	ドレドレ	0
dorei	どれい	ドレイ	0
doreijiisan	どれいじいさん	ドレイジイサン	0
dorekurai	どれくらい	ドレクライ	0
doresshingu	どれっしんぐ	ドレッシング	0
doresu	どれす	ドレス	0
dorian	どりあん	ドリアン	0
doriburu	どりぶる	ドリブル	0
dorii	どりい	ドリイ	0
doriimu	どりいむ	ドリイム	0
dorinku	どりんく	ドリンク	0
doriru	どりる	ドリル	0
doro	どろ	ドロ	0
dorobou	どろぼう	ドロボウ	0
dorodoro	どろどろ	ドロドロ	0
doronuma	どろぬま	ドロヌマ	0
doroo	どろお	ドロオ	0
dorooingu	どろおいんぐ	ドロオイング	0
doroppu	どろっぷ	ドロップ	0
doru	どる	ドル	0
dorufyinkikku	どるふぃんきっく	ドルフィンキック	0
dorukai	どるかい	ドルカイ	0
doryoku	どりょく	ドリョク	0
dos	ど	ド	2
dosei	どせい	ドセイ	0
doseki	どせき	ドセキ	0
dosha	どしゃ	ドシャ	0
doshaburi	どしゃぶり	ドシャブリ	0
doshidoshi	どしどし	ドシドシ	0
dosoku	どそく	ドソク	0
dosu	どす	ドス	0
dosuu	どすう	ドスウ	0
dosuuofuro	どすうおふろ	ドスウオフロ	0
dotabata	どたばた	ドタバタ	0
dotanba	どたんば	ドタンバ	0
dotchi	ど	ド	2
dotchimo	ど	ド	2
dote	どて	ドテ	0
doti	どち	ドチ	0
dotou	どとう	ドトウ	0
dotto	どっと	ドット	0
dou	どう	ドウ	0
douage	どうあげ	ドウアゲ	0
doubutsu	どうぶつ	ドウブツ	0
doubutsuen	どうぶつえん	ドウブツエン	0
doubyou	どうびょう	ドウビョウ	0
douchi	どうち	ドウチ	0
douchou	どうちょう	ドウチョウ	0
doudemoii	どうでもいい	ドウデモイイ	0
doudou	どうどう	ドウドウ	0
doufuu	どうふう	ドウフウ	0
douga	どうが	ドウガ	0
dougan	どうがん	ドウガン	0
dougetsu	どうげつ	ドウゲツ	0
dougi	どうぎ	ドウギ	0
dougigo	どうぎご	ドウギゴ	0
dougitekisekinin	どうぎてきせきにん	ドウギテキセキニン	0
dougu	どうぐ	ドウグ	0
dougyou	どうぎょう	ドウギョウ	0
douhan	どうはん	ドウハン	0
douhanga	どうはんが	ドウハンガ	0
douhou	どうほう	ドウホウ	0
doui	どうい	ドウイ	0
douin	どういん	ドウイン	0
douitashimashite	どういたしまして	ドウイタシマシテ	0
douitsu	どういつ	ドウイツ	0
douiu	どういう	ドウイウ	0
douji	どうじ	ドウジ	0
doujidai	どうじだい	ドウジダイ	0
doujiki	どうじき	ドウジキ	0
doujin	どうじん	ドウジン	0
doujini	どうじに	ドウジニ	0
doujiru	どうじる	ドウジル	0
doujitsu	どうじつ	ドウジツ	0
doujou	どうじょう	ドウジョウ	0
douk	どう	ドウ	3
douka	どうか	ドウカ	0
doukan	どうかん	ドウカン	0
doukasen	どうかせん	ドウカセン	0
douken	どうけん	ドウケン	0
douki	どうき	ドウキ	0
douko	どうこ	ドウコ	0
doukoku	どうこく	ドウコク	0
doukou	どうこう	ドウコウ	0
doukounantomoienai	どうこうなんともいえない	ドウコウナントモイエナイ	0
doukutsu	どうくつ	ドウクツ	0
doukyo	どうきょ	ドウキョ	0
doukyoku	どうきょく	ドウキョク	0
doukyou	どうきょう	ドウキョウ	0
doukyuu	どうきゅう	ドウキュウ	0
doukyuusei	どうきゅうせい	ドウキュウセイ	0
doumei	どうめい	ドウメイ	0
doumo	どうも	ドウモ	0
doumoarigatou	どうもありがとう	ドウモアリガトウ	0
doumyaku	どうみゃく	ドウミャク	0
doumyakukouka	どうみゃくこうか	ドウミャクコウカ	0
dounen	どうねん	ドウネン	0
dounika	どうにか	ドウニカ	0
dounimonaranai	どうにもならない	ドウニモナラナイ	0
dounyuu	どうにゅう	ドウニュウ	0
douon	どうおん	ドウオン	0
dour	どう	ドウ	3
douran	どうらん	ドウラン	0
douretsu	どうれつ	ドウレツ	0
douri	どうり	ドウリ	0
douritsu	どうりつ	ドウリツ	0
douro	どうろ	ドウロ	0
dourokurosu	どうろくろす	ドウロクロス	0
dourui	どうるい	ドウルイ	0
douryoku	どうりょく	ドウリョク	0
douryou	どうりょう	ドウリョウ	0
dous	どう	ドウ	3
dousa	どうさ	ドウサ	0
dousatsu	どうさつ	ドウサツ	0
douse	どうせ	ドウセ	0
dousei	どうせい	ドウセイ	0
douseiai	どうせいあい	ドウセイアイ	0
douseki	どうせき	ドウセキ	0
dousen	どうせん	ドウセン	0
doush	どう	ドウ	3
dousha	どうしゃ	ドウシャ	0
doushi	どうし	ドウシ	0
doushin	どうしん	ドウシン	0
doushit	どうし	ドウシ	6
doushita	どうした	ドウシタ	0
doushitan	どうしたん	ドウシタン	0
doushitano	どうしたの	ドウシタノ	0
doushitanokotoba	どうしたのことば	ドウシタノコトバ	0
doushite	どうして	ドウシテ	0
doushitemo	どうしても	ドウシテモ	0
doushitsu	どうしつ	ドウシツ	0
doushiyoumonai	どうしようもない	ドウシヨウモナイ	0
doushokubutsu	どうしょくぶつ	ドウショクブツ	0
doushou	どうしょう	ドウショウ	0
doushu	どうしゅ	ドウシュ	0
douso	どうそ	ドウソ	0
dousou	どうそう	ドウソウ	0
dousoukai	どうそうかい	ドウソウカイ	0
dousoutennenonsen	どうそうてんねのんせん	ドウソウテンネノンセン	0
dousuu	どうすう	ドウスウ	0
doutai	どうたい	ドウタイ	0
douteki	どうてき	ドウテキ	0
douten	どうてん	ドウテン	0
doutoku	どうとく	ドウトク	0
doutou	どうとう	ドウトウ	0
douwa	どうわ	ドウワ	0
douy	どう	ドウ	3
douya	どうや	ドウヤ	0
douyara	どうやら	ドウヤラ	0
douyo	どうよ	ドウヨ	0
douyou	どうよう	ドウヨウ	0
douyounakanimo	どうようなかにも	ドウヨウナカニモ	0
douzan	どうざん	ドウザン	0
douzen	どうぜん	ドウゼン	0
douzo	どうぞ	ドウゾ	0
douzou	どうぞう	ドウゾウ	0
doyomeku	どよめく	ドヨメク	0
doyou	どよう	ドヨウ	0
doyoubi	どようび	ドヨウビ	0
du	づ	ヅ	0
duto	づと	ヅト	0
dwa	どぁ	ドァ	0
dwatsa	どぁつぁ	ドァツァ	0
dwe	どぇ	ドェ	0
dwetse	どぇつぇ	ドェツェ	0
dwi	どぃ	ドィ	0
dwitsi	どぃつぃ	ドィツィ	0
dwo	どぉ	ドォ	0
dwotso	どぉつぉ	ドォツォ	0
dwu	どぅ	ドゥ	0
dwutsu	どぅつ	ドゥツ	0
dya	ぢゃ	ヂャ	0
dyatta	ぢゃった	ヂャッタ	0
dye	ぢぇ	ヂェ	0
dyette	ぢぇって	ヂェッテ	0
dyi	ぢぃ	ヂィ	0
dyittha	ぢぃってゃ	ヂィッテャ	0
dyo	ぢょ	ヂョ	0
dyotthe	ぢょってぇ	ヂョッテェ	0
dyu	ぢゅ	ヂュ	0
dyutthi	ぢゅってぃ	ヂュッティ	0
e	え	エ	0
ea	えあ	エア	0
eaa	えああ	エアア	0
eabaggu	えあばっぐ	エアバッグ	0
eakon	えあこん	エアコン	0
eameeru	えあめえる	エアメエル	0
earobikusu	えあろびくす	エアロビクス	0
eazooru	えあぞおる	エアゾオル	0
ebaa	えばあ	エバア	0
ebi	えび	エビ	0
ebisu	えびす	エビス	0
ec	え	エ	1
ech	え	エ	1
echi	えち	エチ	0
echigo	えちご	エチゴ	0
echik	えち	エチ	4
echike	えちけ	エチケ	0
echiket	えちけ	エチケ	6
echikett	えちけ	エチケ	6
echiketto	えちけっと	エチケット	0
echikettokouetsu	えちけっとこうえつ	エチケットコウエツ	0
eda	えだ	エダ	0
edaha	えだは	エダハ	0
edamame	えだまめ	エダマメ	0
edeishon	えでいしょん	エデイション	0
edeitaa	えでいたあ	エデイタア	0
eden	えでん	エデン	0
edo	えど	エド	0
edojidai	えどじだい	エドジダイ	0
edokko	えどっこ	エドッコ	0
ee	ええ	エエ	0
eej	ええ	エエ	2
eeje	ええじぇ	エエジェ	0
eejen	ええじぇん	エエジェン	0
eejens	ええじぇん	エエジェン	5
eejensh	ええじぇん	エエジェン	5
eejenshi	ええじぇんし	エエジェンシ	0
eejenshii	ええじぇんしい	エエジェンシイ	0
eejenshiikoushuu	ええじぇんしいこうしゅう	エエジェンシイコウシュウ	0
eejento	ええじぇんと	エエジェント	0
eeru	ええる	エエル	0
eesu	ええす	エエス	0
effyerutou	えっふぇるとう	エッフェルトウ	0
egaku	えがく	エガク	0
egao	えがお	エガオ	0
ego	えご	エゴ	0
eguzekuteibu	えぐぜくていぶ	エグゼクテイブ	0
ehagaki	えはがき	エハガキ	0
ehon	えほん	エホン	0
ei	えい	エイ	0
eibin	えいびん	エイビン	0
eibun	えいぶん	エイブン	0
eibungaku	えいぶんがく	エイブンガク	0
eichi	えいち	エイチ	0
eidan	えいだん	エイダン	0
eien	えいえん	エイエン	0
eig	えい	エイ	2
eiga	えいが	エイガ	0
eigakan	えいがかん	エイガカン	0
eigo	えいご	エイゴ	0
eigy	えい	エイ	2
eigyo	えいぎょ	エイギョ	0
eigyou	えいぎょう	エイギョウ	0
eigyouj	えいぎょう	エイギョウ	6
eigyouji	えいぎょうじ	エイギョウジ	0
eigyoujik	えいぎょうじ	エイギョウジ	8
eigyoujika	えいぎょうじか	エイギョウジカ	0
eigyoujikan	えいぎょうじかん	エイギョウジカン	0
eigyoujikantamen	えいぎょうじかんためん	エイギョウジカンタメン	0
eigyouman	えいぎょうまん	エイギョウマン	0
eigyousho	えいぎょうしょ	エイギョウショ	0
eiji	えいじ	エイジ	0
eijuu	えいじゅう	エイジュウ	0
eikaiwa	えいかいわ	エイカイワ	0
eikaku	えいかく	エイカク	0
eikan	えいかん	エイカン	0
eiki	えいき	エイキ	0
eiko	えいこ	エイコ	0
eikoku	えいこく	エイコク	0
eikou	えいこう	エイコウ	0
eikyou	えいきょう	エイキョウ	0
eikyouryoku	えいきょうりょく	エイキョウリョク	0
eikyuu	えいきゅう	エイキュウ	0
eimei	えいめい	エイメイ	0
einou	えいのう	エイノウ	0
eipurirufuuru	えいぷりるふうる	エイプリルフウル	0
eiri	えいり	エイリ	0
eirian	えいりあん	エイリアン	0
eisei	えいせい	エイセイ	0
eiseiteki	えいせいてき	エイセイテキ	0
eisuuji	えいすうじ	エイスウジ	0
eit	えい	エイ	2
eita	えいた	エイタ	0
eitai	えいたい	エイタイ	0
eitaitayou	えいたいたよう	エイタイタヨウ	0
eitango	えいたんご	エイタンゴ	0
eito	えいと	エイト	0
eiwa	えいわ	エイワ	0
eiyaku	えいやく	エイヤク	0
eiyo	えいよ	エイヨ	0
eiyou	えいよう	エイヨウ	0
eiyougaku	えいようがく	エイヨウガク	0
eiyoushi	えいようし	エイヨウシ	0
eiyoushitchou	えいようし	エイヨウシ	8
eiyouso	えいようそ	エイヨウソ	0
eiyuu	えいゆう	エイユウ	0
eizen	えいぜん	エイゼン	0
eizoku	えいぞく	エイゾク	0
eizou	えいぞう	エイゾウ	0
eizu	えいず	エイズ	0
ejiputo	えじぷと	エジプト	0
ejji	えっじ	エッジ	0
ek	え	エ	1
eki	えき	エキ	0
ekiben	えきべん	エキベン	0
ekibyou	えきびょう	エキビョウ	0
ekichou	えきちょう	エキチョウ	0
ekiden	えきでん	エキデン	0
ekiin	えきいん	エキイン	0
ekika	えきか	エキカ	0
ekimae	えきまえ	エキマエ	0
ekis	えき	エキ	3
ekisaiteingu	えきさいていんぐ	エキサイテイング	0
ekisaito	えきさいと	エキサイト	0
ekish	えき	エキ	3
ekisho	えきしょ	エキショ	0
ekishou	えきしょう	エキショウ	0
ekishouuchikiru	えきしょううちきる	エキショウウチキル	0
ekisu	えきす	エキス	0
ekisupaato	えきすぱあと	エキスパアト	0
ekisupo	えきすぽ	エキスポ	0
ekisupuresu	えきすぷれす	エキスプレス	0
ekisutora	えきすとら	エキストラ	0
ekitai	えきたい	エキタイ	0
ekizochikku	えきぞちっく	エキゾチック	0
ekken	えっけん	エッケン	0
ekkususen	えっくすせん	エックスセン	0
ekkyou	えっきょう	エッキョウ	0
eko	えこ	エコ	0
ekonomii	えこのみい	エコノミイ	0
ekonomisuto	えこのみすと	エコノミスト	0
ekoo	えこお	エコオ	0
ekorojii	えころじい	エコロジイ	0
eku	えく	エク	0
ekua	えくあ	エクア	0
ekuad	えくあ	エクア	4
ekuado	えくあど	エクアド	0
ekuador	えくあど	エクアド	6
ekuadoru	えくあどる	エクアドル	0
ekuadorukouryuu	えくあどるこうりゅう	エクアドルコウリュウ	0
ekubo	えくぼ	エクボ	0
ekusuperiensu	えくすぺりえんす	エクスペリエンス	0
ekusupuresu	えくすぷれす	エクスプレス	0
ekusutenshon	えくすてんしょん	エクステンション	0
ekusutora	えくすとら	エクストラ	0
em	え	エ	1
emaki	えまき	エマキ	0
emakimono	えまきもの	エマキモノ	0
eme	えめ	エメ	0
emer	えめ	エメ	3
emera	えめら	エメラ	0
emerar	えめら	エメラ	5
emeraru	えめらる	エメラル	0
emerarud	えめらる	エメラル	7
emerarudo	えめらるど	エメラルド	0
emerarudokouzui	えめらるどこうずい	エメラルドコウズイ	0
emi	えみ	エミ	0
emishi	えみし	エミシ	0
emoji	えもじ	エモジ	0
emono	えもの	エモノ	0
emupiisurii	えむぴいすりい	エムピイスリイ	0
en	えん	エン	0
enajii	えなじい	エナジイ	0
enameru	えなめる	エナメル	0
enban	えんばん	エンバン	0
enbu	えんぶ	エンブ	0
enbun	えんぶん	エンブン	0
enburemu	えんぶれむ	エンブレム	0
enchou	えんちょう	エンチョウ	0
enchuu	えんちゅう	エンチュウ	0
end	えん	エン	2
endaka	えんだか	エンダカ	0
endan	えんだん	エンダン	0
endate	えんだて	エンダテ	0
endeingu	えんでいんぐ	エンデイング	0
enden	えんでん	エンデン	0
endo	えんど	エンド	0
endoresu	えんどれす	エンドレス	0
endou	えんどう	エンドウ	0
endoutsui	えんどうつい	エンドウツイ	0
ene	えね	エネ	0
enei	えねい	エネイ	0
enen	えねん	エネン	0
enerugii	えねるぎい	エネルギイ	0
enerugisshu	えねるぎっしゅ	エネルギッシュ	0
engan	えんがん	エンガン	0
engawa	えんがわ	エンガワ	0
engei	えんげい	エンゲイ	0
engeki	えんげき	エンゲキ	0
engi	えんぎ	エンギ	0
engiryoku	えんぎりょく	エンギリョク	0
engo	えんご	エンゴ	0
engun	えんぐん	エングン	0
enjeru	えんじぇる	エンジェル	0
enji	えんじ	エンジ	0
enjin	えんじん	エンジン	0
enjinia	えんじにあ	エンジニア	0
enjiniaringu	えんじにありんぐ	エンジニアリング	0
enjiru	えんじる	エンジル	0
enjo	えんじょ	エンジョ	0
enjoi	えんじょい	エンジョイ	0
enjokousai	えんじょこうさい	エンジョコウサイ	0
enjou	えんじょう	エンジョウ	0
enjuku	えんじゅく	エンジュク	0
enka	えんか	エンカ	0
enkai	えんかい	エンカイ	0
enkaishuu	えんかいしゅう	エンカイシュウ	0
enkaku	えんかく	エンカク	0
enkatsu	えんかつ	エンカツ	0
enkei	えんけい	エンケイ	0
enki	えんき	エンキ	0
enkinhou	えんきんほう	エンキンホウ	0
enko	えんこ	エンコ	0
enkyoku	えんきょく	エンキョク	0
enkyori	えんきょり	エンキョリ	0
enman	えんまん	エンマン	0
enmei	えんめい	エンメイ	0
enmoku	えんもく	エンモク	0
ennai	えんない	エンナイ	0
enogu	えのぐ	エノグ	0
enp	えん	エン	2
enpi	えんぴ	エンピ	0
enpit	えんぴ	エンピ	4
enpits	えんぴ	エンピ	4
enpitsu	えんぴつ	エンピツ	0
enpitsutaisei	えんぴつたいせい	エンピツタイセイ	0
enpou	えんぽう	エンポウ	0
enryo	えんりょ	エンリョ	0
ensan	えんさん	エンサン	0
ensei	えんせい	エンセイ	0
enseki	えんせき	エンセキ	0
ensen	えんせん	エンセン	0
enshinryoku	えんしんりょく	エンシンリョク	0
enshou	えんしょう	エンショウ	0
enshutsu	えんしゅつ	エンシュツ	0
enshutsuka	えんしゅつか	エンシュツカ	0
enshuu	えんしゅう	エンシュウ	0
enso	えんそ	エンソ	0
ensoku	えんそく	エンソク	0
ensou	えんそう	エンソウ	0
ensouba	えんそうば	エンソウバ	0
ensoukai	えんそうかい	エンソウカイ	0
ent	えん	エン	2
enta	えんた	エンタ	0
entaa	えんたあ	エンタア	0
entaap	えんたあ	エンタア	5
entaapu	えんたあぷ	エンタアプ	0
entaapur	えんたあぷ	エンタアプ	7
entaapura	えんたあぷら	エンタアプラ	0
entaapurai	えんたあぷらい	エンタアプライ	0
entaapuraiz	えんたあぷらい	エンタアプライ	10
entaapuraizu	えんたあぷらいず	エンタアプライズ	0
entaapuraizukouchoku	えんたあぷらいずこうちょく	エンタアプライズコウチョク	0
entaateimento	えんたあていめんと	エンタアテイメント	0
entaateinmento	えんたあていんめんと	エンタアテインメント	0
entai	えんたい	エンタイ	0
entaku	えんたく	エンタク	0
enten	えんてん	エンテン	0
ento	えんと	エント	0
entorii	えんとりい	エントリイ	0
entotsu	えんとつ	エントツ	0
entou	えんとう	エントウ	0
entoutaionkei	えんとうたいおんけい	エントウタイオンケイ	0
enyasu	えにゃす	エニャス	0
enzan	えんざん	エンザン	0
enzeru	えんぜる	エンゼル	0
enzetsu	えんぜつ	エンゼツ	0
enzuru	えんずる	エンズル	0
epe	えぺ	エペ	0
epikku	えぴっく	エピック	0
episoodo	えぴそおど	エピソオド	0
epokku	えぽっく	エポック	0
epuron	えぷろん	エプロン	0
eraa	えらあ	エラア	0
erabu	えらぶ	エラブ	0
erai	えらい	エライ	0
erebeetaa	えれべえたあ	エレベエタア	0
eregansu	えれがんす	エレガンス	0
ereganto	えれがんと	エレガント	0
ereki	えれき	エレキ	0
erekigitaa	えれきぎたあ	エレキギタア	0
erekutorikku	えれくとりっく	エレクトリック	0
erekutoronikusu	えれくとろにくす	エレクトロニクス	0
eri	えり	エリ	0
eria	えりあ	エリア	0
eriito	えりいと	エリイト	0
erimaki	えりまき	エリマキ	0
erimoto	えりもと	エリモト	0
ero	えろ	エロ	0
erochikku	えろちっく	エロチック	0
erosu	えろす	エロス	0
eru	える	エル	0
erusarubadoru	えるさるばどる	エルサルバドル	0
esa	えさ	エサ	0
eshaku	えしゃく	エシャク	0
essee	えっせえ	エッセエ	0
essei	えっせい	エッセイ	0
esseisuto	えっせいすと	エッセイスト	0
essensu	えっせんす	エッセンス	0
esu	えす	エス	0
esukareetaa	えすかれえたあ	エスカレエタア	0
esukareeto	えすかれえと	エスカレエト	0
esukooto	えすこおと	エスコオト	0
esunikku	えすにっく	エスニック	0
esupuri	えすぷり	エスプリ	0
esuteeto	えすてえと	エステエト	0
esuteru	えすてる	エステル	0
esutesaron	えすてさろん	エステサロン	0
esuteteikku	えすてていっく	エステテイック	0
esuteteikkusaron	えすてていっくさろん	エステテイックサロン	0
esutonia	えすとにあ	エストニア	0
esutorogen	えすとろげん	エストロゲン	0
etchi	え	エ	1
etchingu	え	エ	1
eto	えと	エト	0
etoki	えとき	エトキ	0
etsunen	えつねん	エツネン	0
etsuran	えつらん	エツラン	0
ettho	えってょ	エッテョ	0
etto	えっと	エット	0
ettou	えっとう	エットウ	0
ewokaku	えをかく	エヲカク	0
f			0
fa	ふぁ	ファ	0
fatthu	ふぁってゅ	ファッテュ	0
fe	ふぇ	フェ	0
fetti	ふぇっち	フェッチ	0
ffa	っふぁ	ッファ	0
ffatto	っふぁっと	ッファット	0
ffe	っふぇ	ッフェ	0
ffettsa	っふぇっつぁ	ッフェッツァ	0
ffi	っふぃ	ッフィ	0
ffittse	っふぃっつぇ	ッフィッツェ	0
ffo	っふぉ	ッフォ	0
ffottsi	っふぉっつぃ	ッフォッツィ	0
ffu	っふ	ッフ	0
ffuttso	っふっつぉ	ッフッツォ	0
ffwa	っふぁ	ッファ	0
ffwattsu	っふぁっつ	ッファッツ	0
ffwe	っふぇ	ッフェ	0
ffwettu	っふぇっつ	ッフェッツ	0
ffwi	っふぃ	ッフィ	0
ffwittwa	っふぃっとぁ	ッフィットァ	0
ffwo	っふぉ	ッフォ	0
ffwottwe	っふぉっとぇ	ッフォットェ	0
ffwu	っふぅ	ッフゥ	0
ffwuttwi	っふぅっとぃ	ッフゥットィ	0
ffya	っふゃ	ッフャ	0
ffyattwo	っふゃっとぉ	ッフャットォ	0
ffye	っふぇ	ッフェ	0
ffyettwu	っふぇっとぅ	ッフェットゥ	0
ffyi	っふぃ	ッフィ	0
ffyittya	っふぃっちゃ	ッフィッチャ	0
ffyo	っふょ	ッフョ	0
ffyottye	っふょっちぇ	ッフョッチェ	0
ffyu	っふゅ	ッフュ	0
ffyuttyi	っふゅっちぃ	ッフュッチィ	0
fi	ふぃ	フィ	0
fittyo	ふぃっちょ	フィッチョ	0
fo	ふぉ	フォ	0
fottyu	ふぉっちゅ	フォッチュ	0
fu	ふ	フ	0
fua	ふあ	フア	0
fuaamu	ふああむ	フアアム	0
fuaasuto	ふああすと	フアアスト	0
fuai	ふあい	フアイ	0
fuaia	ふあいあ	フアイア	0
fuaiauooru	ふあいあうおおる	フアイアウオオル	0
fuaibaa	ふあいばあ	フアイバア	0
fuaibusutaa	ふあいぶすたあ	フアイブスタア	0
fuain	ふあいん	フアイン	0
fuainansu	ふあいなんす	フアイナンス	0
fuainaru	ふあいなる	フアイナル	0
fuainarusetto	ふあいなるせっと	フアイナルセット	0
fuaind	ふあいん	フアイン	5
fuainda	ふあいんだ	フアインダ	0
fuaindaa	ふあいんだあ	フアインダア	0
fuaindaanaokatsu	ふあいんだあなおかつ	フアインダアナオカツ	0
fuainpuree	ふあいんぷれえ	フアインプレエ	0
fuairingushisutemu	ふあいりんぐしすてむ	フアイリングシステム	0
fuairu	ふあいる	フアイル	0
fuaitaa	ふあいたあ	フアイタア	0
fuaiteingusupiritto	ふあいていんぐすぴりっと	フアイテイングスピリット	0
fuaito	ふあいと	フアイト	0
fuajii	ふあじい	フアジイ	0
fuakkusu	ふあっくす	フアックス	0
fuakushimiri	ふあくしみり	フアクシミリ	0
fuakusu	ふあくす	フアクス	0
fuakutaa	ふあくたあ	フアクタア	0
fuakutorii	ふあくとりい	フアクトリイ	0
fuamiria	ふあみりあ	フアミリア	0
fuamirii	ふあみりい	フアミリイ	0
fuan	ふあん	フアン	0
fuandamentaruzu	ふあんだめんたるず	フアンダメンタルズ	0
fuandeeshon	ふあんでえしょん	フアンデエション	0
fuando	ふあんど	フアンド	0
fuank	ふあん	フアン	4
fuanki	ふあんき	フアンキ	0
fuankii	ふあんきい	フアンキイ	0
fuankiishoushin	ふあんきいしょうしん	フアンキイショウシン	0
fuanku	ふあんく	フアンク	0
fuankurabu	ふあんくらぶ	フアンクラブ	0
fuansaito	ふあんさいと	フアンサイト	0
fuantajii	ふあんたじい	フアンタジイ	0
fuantasuteikku	ふあんたすていっく	フアンタステイック	0
fuantei	ふあんてい	フアンテイ	0
fuantomu	ふあんとむ	フアントム	0
fuarauei	ふあらうえい	フアラウエイ	0
fuarusu	ふあるす	フアルス	0
fuashiritei	ふあしりてい	フアシリテイ	0
fuashisuto	ふあしすと	フアシスト	0
fuashizumu	ふあしずむ	フアシズム	0
fuassho	ふあっしょ	フアッショ	0
fuasshon	ふあっしょん	フアッション	0
fuasshonaburu	ふあっしょなぶる	フアッショナブル	0
fuasshonshoo	ふあっしょんしょお	フアッションショオ	0
fuasunaa	ふあすなあ	フアスナア	0
fuasutofuudo	ふあすとふうど	フアストフウド	0
fuauru	ふあうる	フアウル	0
fubarai	ふばらい	フバライ	0
fuben	ふべん	フベン	0
fubi	ふび	フビ	0
fubo	ふぼ	フボ	0
fubuki	ふぶき	フブキ	0
fubunritsu	ふぶんりつ	フブンリツ	0
fubyoudou	ふびょうどう	フビョウドウ	0
fuchaku	ふちゃく	フチャク	0
fuchi	ふち	フチ	0
fuchiji	ふちじ	フチジ	0
fuchin	ふちん	フチン	0
fuchou	ふちょう	フチョウ	0
fuchuui	ふちゅうい	フチュウイ	0
fud	ふ	フ	2
fuda	ふだ	フダ	0
fudan	ふだん	フダン	0
fudangi	ふだんぎ	フダンギ	0
fude	ふで	フデ	0
fudo	ふど	フド	0
fudou	ふどう	フドウ	0
fudouhyou	ふどうひょう	フドウヒョウ	0
fudous	ふどう	フドウ	5
fudousa	ふどうさ	フドウサ	0
fudousan	ふどうさん	フドウサン	0
fudousankangaruu	ふどうさんかんがるう	フドウサンカンガルウ	0
fudousanya	ふどうさにゃ	フドウサニャ	0
fue	ふえ	フエ	0
fueru	ふえる	フエル	0
fufuku	ふふく	フフク	0
fugen	ふげん	フゲン	0
fugou	ふごう	フゴウ	0
fugoukaku	ふごうかく	フゴウカク	0
fugouri	ふごうり	フゴウリ	0
fuhai	ふはい	フハイ	0
fuhatsu	ふはつ	フハツ	0
fuhei	ふへい	フヘイ	0
fuhen	ふへん	フヘン	0
fuhenfutou	ふへんふとう	フヘンフトウ	0
fuhenteki	ふへんてき	フヘンテキ	0
fuhitsuyou	ふひつよう	フヒツヨウ	0
fuhoni	ふほに	フホニ	0
fuhou	ふほう	フホウ	0
fuhyou	ふひょう	フヒョウ	0
fui	ふい	フイ	0
fuini	ふいに	フイニ	0
fuirumu	ふいるむ	フイルム	0
fuji	ふじ	フジ	0
fujichaku	ふじちゃく	フジチャク	0
fujimi	ふじみ	フジミ	0
fujin	ふじん	フジン	0
fujinka	ふじんか	フジンカ	0
fujisan	ふじさん	フジサン	0
fujiyuu	ふじゆう	フジユウ	0
fujo	ふじょ	フジョ	0
fujoboukou	ふじょぼうこう	フジョボウコウ	0
fujoshi	ふじょし	フジョシ	0
fujou	ふじょう	フジョウ	0
fujouri	ふじょうり	フジョウリ	0
fujun	ふじゅん	フジュン	0
fujuubun	ふじゅうぶん	フジュウブン	0
fuk	ふ	フ	2
fuka	ふか	フカ	0
fukabun	ふかぶん	フカブン	0
fukahi	ふかひ	フカヒ	0
fukai	ふかい	フカイ	0
fukakai	ふかかい	フカカイ	0
fukaketsu	ふかけつ	フカケツ	0
fukakujitsu	ふかくじつ	フカクジツ	0
fukam	ふか	フカ	4
fukamaru	ふかまる	フカマル	0
fukameru	ふかめる	フカメル	0
fukami	ふかみ	フカミ	0
fukamitantan	ふかみたんたん	フカミタンタン	0
fukan	ふかん	フカン	0
fukano	ふかの	フカノ	0
fukanou	ふかのう	フカノウ	0
fukanoukasuba	ふかのうかすば	フカノウカスバ	0
fukanzen	ふかんぜん	フカンゼン	0
fukasa	ふかさ	フカサ	0
fukashin	ふかしん	フカシン	0
fukasu	ふかす	フカス	0
fuke	ふけ	フケ	0
fukei	ふけい	フケイ	0
fukeiki	ふけいき	フケイキ	0
fuken	ふけん	フケン	0
fukenkimuchi	ふけんきむち	フケンキムチ	0
fukenkou	ふけんこう	フケンコウ	0
fukeru	ふける	フケル	0
fuketsu	ふけつ	フケツ	0
fukidamari	ふきだまり	フキダマリ	0
fukidasu	ふきだす	フキダス	0
fukidemono	ふきでもの	フキデモノ	0
fukigen	ふきげん	フキゲン	0
fukikomu	ふきこむ	フキコム	0
fukin	ふきん	フキン	0
fukinkou	ふきんこう	フキンコウ	0
fukiso	ふきそ	フキソ	0
fukisoku	ふきそく	フキソク	0
fukitobu	ふきとぶ	フキトブ	0
fukitsu	ふきつ	フキツ	0
fukk	ふ	フ	2
fukkaa	ふっかあ	フッカア	0
fukkatsu	ふっかつ	フッカツ	0
fukke	ふっけ	フッケ	0
fukken	ふっけん	フッケン	0
fukkenkurisumasuibu	ふっけんくりすますいぶ	フッケンクリスマスイブ	0
fukki	ふっき	フッキ	0
fukkoku	ふっこく	フッコク	0
fukkou	ふっこう	フッコウ	0
fukku	ふっく	フック	0
fukkyuu	ふっきゅう	フッキュウ	0
fuko	ふこ	フコ	0
fukoku	ふこく	フコク	0
fukou	ふこう	フコウ	0
fukouhei	ふこうへい	フコウヘイ	0
fukoukafye	ふこうかふぇ	フコウカフェ	0
fuku	ふく	フク	0
fukubu	ふくぶ	フクブ	0
fukuchiji	ふくちじ	フクチジ	0
fukuchou	ふくちょう	フクチョウ	0
fukudai	ふくだい	フクダイ	0
fukueki	ふくえき	フクエキ	0
fukug	ふく	フク	4
fukugen	ふくげん	フクゲン	0
fukugo	ふくご	フクゴ	0
fukugou	ふくごう	フクゴウ	0
fukugoukurejitto	ふくごうくれじっと	フクゴウクレジット	0
fukugyou	ふくぎょう	フクギョウ	0
fukuhannou	ふくはんのう	フクハンノウ	0
fukuhei	ふくへい	フクヘイ	0
fukuin	ふくいん	フクイン	0
fukujuu	ふくじゅう	フクジュウ	0
fukumen	ふくめん	フクメン	0
fukumeru	ふくめる	フクメル	0
fukumi	ふくみ	フクミ	0
fukumu	ふくむ	フクム	0
fukuoka	ふくおか	フクオカ	0
fukuramasu	ふくらます	フクラマス	0
fukuramu	ふくらむ	フクラム	0
fukureru	ふくれる	フクレル	0
fukuri	ふくり	フクリ	0
fukurikousei	ふくりこうせい	フクリコウセイ	0
fukuro	ふくろ	フクロ	0
fukurokouji	ふくろこうじ	フクロコウジ	0
fukurou	ふくろう	フクロウ	0
fukusanbutsu	ふくさんぶつ	フクサンブツ	0
fukusayou	ふくさよう	フクサヨウ	0
fukusei	ふくせい	フクセイ	0
fukusen	ふくせん	フクセン	0
fukusha	ふくしゃ	フクシャ	0
fukushachou	ふくしゃちょう	フクシャチョウ	0
fukushi	ふくし	フクシ	0
fukushin	ふくしん	フクシン	0
fukushoku	ふくしょく	フクショク	0
fukushou	ふくしょう	フクショウ	0
fukushuu	ふくしゅう	フクシュウ	0
fukusou	ふくそう	フクソウ	0
fukusouhin	ふくそうひん	フクソウヒン	0
fukusuke	ふくすけ	フクスケ	0
fukusuu	ふくすう	フクスウ	0
fukutou	ふくとう	フクトウ	0
fukutsu	ふくつ	フクツ	0
fukutsuu	ふくつう	フクツウ	0
fukuyou	ふくよう	フクヨウ	0
fukuzatsu	ふくざつ	フクザツ	0
fukuzatsusa	ふくざつさ	フクザツサ	0
fukyou	ふきょう	フキョウ	0
fukyouwaon	ふきょうわおん	フキョウワオン	0
fukyuu	ふきゅう	フキュウ	0
fum	ふ	フ	2
fumaeru	ふまえる	フマエル	0
fuman	ふまん	フマン	0
fume	ふめ	フメ	0
fumei	ふめい	フメイ	0
fumeigasu	ふめいがす	フメイガス	0
fumen	ふめん	フメン	0
fumi	ふみ	フミ	0
fumie	ふみえ	フミエ	0
fumikiri	ふみきり	フミキリ	0
fumikiru	ふみきる	フミキル	0
fumikoonaringu	ふみこおなりんぐ	フミコオナリング	0
fumin	ふみん	フミン	0
fuminshou	ふみんしょう	フミンショウ	0
fumon	ふもん	フモン	0
fumoto	ふもと	フモト	0
fumou	ふもう	フモウ	0
fumu	ふむ	フム	0
fun	ふん	フン	0
funabashi	ふなばし	フナバシ	0
funabin	ふなびん	フナビン	0
funade	ふなで	フナデ	0
funaka	ふなか	フナカ	0
funare	ふなれ	フナレ	0
funatabi	ふなたび	フナタビ	0
funayoi	ふなよい	フナヨイ	0
funbaru	ふんばる	フンバル	0
funbetsu	ふんべつ	フンベツ	0
funbo	ふんぼ	フンボ	0
fune	ふね	フネ	0
funen	ふねん	フネン	0
funenbutsu	ふねんぶつ	フネンブツ	0
fungai	ふんがい	フンガイ	0
funi	ふに	フニ	0
funiki	ふにき	フニキ	0
funin	ふにん	フニン	0
funink	ふにん	フニン	5
funinki	ふにんき	フニンキ	0
funinkikarisuma	ふにんきかりすま	フニンキカリスマ	0
funka	ふんか	フンカ	0
funkan	ふんかん	フンカン	0
funki	ふんき	フンキ	0
funkyuu	ふんきゅう	フンキュウ	0
funmatsu	ふんまつ	フンマツ	0
funou	ふのう	フノウ	0
funpatsu	ふんぱつ	フンパツ	0
funs	ふん	フン	3
funsai	ふんさい	フンサイ	0
funsh	ふん	フン	3
funsha	ふんしゃ	フンシャ	0
funshitsu	ふんしつ	フンシツ	0
funshoku	ふんしょく	フンショク	0
funshu	ふんしゅ	フンシュ	0
funshut	ふんしゅ	フンシュ	6
funshuts	ふんしゅ	フンシュ	6
funshutsu	ふんしゅつ	フンシュツ	0
funshutsugein	ふんしゅつげいん	フンシュツゲイン	0
funsou	ふんそう	フンソウ	0
funsui	ふんすい	フンスイ	0
funtou	ふんとう	フントウ	0
funwari	ふんわり	フンワリ	0
fuo	ふお	フオ	0
fuoa	ふおあ	フオア	0
fuoabooru	ふおあぼおる	フオアボオル	0
fuoagura	ふおあぐら	フオアグラ	0
fuoahando	ふおあはんど	フオアハンド	0
fuoaman	ふおあまん	フオアマン	0
fuokkusutorotto	ふおっくすとろっと	フオックストロット	0
fuon	ふおん	フオン	0
fuoo	ふおお	フオオ	0
fuoochun	ふおおちゅん	フオオチュン	0
fuoodo	ふおおど	フオオド	0
fuookasu	ふおおかす	フオオカス	0
fuooku	ふおおく	フオオク	0
fuookubooru	ふおおくぼおる	フオオクボオル	0
fuookusongu	ふおおくそんぐ	フオオクソング	0
fuoom	ふおお	フオオ	4
fuoomaru	ふおおまる	フオオマル	0
fuoomatto	ふおおまっと	フオオマット	0
fuoomeeshon	ふおおめえしょん	フオオメエション	0
fuoomu	ふおおむ	フオオム	0
fuoomushoudou	ふおおむしょうどう	フオオムショウドウ	0
fuoomyurakaa	ふおおみゅらかあ	フオオミュラカア	0
fuooramu	ふおおらむ	フオオラム	0
fuooru	ふおおる	フオオル	0
fuooruto	ふおおると	フオオルト	0
fuoosu	ふおおす	フオオス	0
fuoroo	ふおろお	フオロオ	0
fuosutaachairudo	ふおすたあちゃいるど	フオスタアチャイルド	0
fuoto	ふおと	フオト	0
fuowaado	ふおわあど	フオワアド	0
fur	ふ	フ	2
fura	ふら	フラ	0
furafura	ふらふら	フラフラ	0
furaggu	ふらっぐ	フラッグ	0
furagu	ふらぐ	フラグ	0
furai	ふらい	フライ	0
furaid	ふらい	フライ	5
furaido	ふらいど	フライド	0
furaidoc	ふらいど	フライド	7
furaidoch	ふらいど	フライド	7
furaidochi	ふらいどち	フライドチ	0
furaidochik	ふらいどち	フライドチ	10
furaidochiki	ふらいどちき	フライドチキ	0
furaidochikin	ふらいどちきん	フライドチキン	0
furaidochikinshouhin	ふらいどちきんしょうひん	フライドチキンショウヒン	0
furaihoiiru	ふらいほいいる	フライホイイル	0
furaik	ふらい	フライ	5
furaiky	ふらい	フライ	5
furaikyu	ふらいきゅ	フライキュ	0
furaikyuu	ふらいきゅう	フライキュウ	0
furaikyuukitanai	ふらいきゅうきたない	フライキュウキタナイ	0
furaingu	ふらいんぐ	フライング	0
furaipan	ふらいぱん	フライパン	0
furaito	ふらいと	フライト	0
furamenko	ふらめんこ	フラメンコ	0
furan	ふらん	フラン	0
furanchaizu	ふらんちゃいず	フランチャイズ	0
furanku	ふらんく	フランク	0
furankufuruto	ふらんくふると	フランクフルト	0
furans	ふらん	フラン	5
furansu	ふらんす	フランス	0
furansugo	ふらんすご	フランスゴ	0
furansupan	ふらんすぱん	フランスパン	0
furansur	ふらんす	フランス	7
furansury	ふらんす	フランス	7
furansuryo	ふらんすりょ	フランスリョ	0
furansuryou	ふらんすりょう	フランスリョウ	0
furansuryour	ふらんすりょう	フランスリョウ	11
furansuryouri	ふらんすりょうり	フランスリョウリ	0
furansuryourikinko	ふらんすりょうりきんこ	フランスリョウリキンコ	0
furappu	ふらっぷ	フラップ	0
furasshu	ふらっしゅ	フラッシュ	0
furasuko	ふらすこ	フラスコ	0
furasutoreeshon	ふらすとれえしょん	フラストレエション	0
furawaaarenjimento	ふらわああれんじめんと	フラワアアレンジメント	0
fure	ふれ	フレ	0
furea	ふれあ	フレア	0
fureaa	ふれああ	フレアア	0
fureai	ふれあい	フレアイ	0
fureau	ふれあう	フレアウ	0
fureebaa	ふれえばあ	フレエバア	0
fureemu	ふれえむ	フレエム	0
fureezu	ふれえず	フレエズ	0
furekishiburu	ふれきしぶる	フレキシブル	0
furekkusu	ふれっくす	フレックス	0
furen	ふれん	フレン	0
furenchi	ふれんち	フレンチ	0
furendo	ふれんど	フレンド	0
furendorii	ふれんどりい	フレンドリイ	0
furenz	ふれん	フレン	5
furenzu	ふれんず	フレンズ	0
furenzujoushin	ふれんずじょうしん	フレンズジョウシン	0
fureru	ふれる	フレル	0
furesshu	ふれっしゅ	フレッシュ	0
furesshuman	ふれっしゅまん	フレッシュマン	0
furi	ふり	フリ	0
furidashi	ふりだし	フリダシ	0
furieki	ふりえき	フリエキ	0
furigana	ふりがな	フリガナ	0
furigeeto	ふりげえと	フリゲエト	0
furii	ふりい	フリイ	0
furiidaiyaru	ふりいだいやる	フリイダイヤル	0
furiidamu	ふりいだむ	フリイダム	0
furiieejento	ふりいええじぇんと	フリイエエジェント	0
furiihando	ふりいはんど	フリイハンド	0
furiikikku	ふりいきっく	フリイキック	0
furiimaaketto	ふりいまあけっと	フリイマアケット	0
furiipasu	ふりいぱす	フリイパス	0
furiiransaa	ふりいらんさあ	フリイランサア	0
furiiransu	ふりいらんす	フリイランス	0
furiisutairu	ふりいすたいる	フリイスタイル	0
furiit	ふりい	フリイ	5
furiita	ふりいた	フリイタ	0
furiitaa	ふりいたあ	フリイタア	0
furiitaanoboru	ふりいたあのぼる	フリイタアノボル	0
furiizu	ふりいず	フリイズ	0
furik	ふり	フリ	4
furika	ふりか	フリカ	0
furikae	ふりかえ	フリカエ	0
furikaeitoteki	ふりかえいとてき	フリカエイトテキ	0
furikaeru	ふりかえる	フリカエル	0
furikiru	ふりきる	フリキル	0
furikkaa	ふりっかあ	フリッカア	0
furiko	ふりこ	フリコ	0
furikomi	ふりこみ	フリコミ	0
furikomu	ふりこむ	フリコム	0
furimawasu	ふりまわす	フリマワス	0
furimuku	ふりむく	フリムク	0
furin	ふりん	フリン	0
furinji	ふりんじ	フリンジ	0
furippufuroppu	ふりっぷふろっぷ	フリップフロップ	0
furitsu	ふりつ	フリツ	0
furitsuke	ふりつけ	フリツケ	0
furo	ふろ	フロ	0
furoa	ふろあ	フロア	0
furoba	ふろば	フロバ	0
furokku	ふろっく	フロック	0
furoku	ふろく	フロク	0
furon	ふろん	フロン	0
furongasu	ふろんがす	フロンガス	0
furonteia	ふろんていあ	フロンテイア	0
furonto	ふろんと	フロント	0
furoo	ふろお	フロオ	0
furooringu	ふろおりんぐ	フロオリング	0
furooto	ふろおと	フロオト	0
furoozunfuudo	ふろおずんふうど	フロオズンフウド	0
furoppii	ふろっぴい	フロッピイ	0
furoppiideisuku	ふろっぴいでいすく	フロッピイデイスク	0
furorida	ふろりだ	フロリダ	0
furoshiki	ふろしき	フロシキ	0
furosuto	ふろすと	フロスト	0
furousha	ふろうしゃ	フロウシャ	0
furoya	ふろや	フロヤ	0
furu	ふる	フル	0
furueru	ふるえる	フルエル	0
furugi	ふるぎ	フルギ	0
furuhon	ふるほん	フルホン	0
furuhonya	ふるほにゃ	フルホニャ	0
furui	ふるい	フルイ	0
furukusai	ふるくさい	フルクサイ	0
furumai	ふるまい	フルマイ	0
furumau	ふるまう	フルマウ	0
furusato	ふるさと	フルサト	0
furusu	ふるす	フルス	0
furutte	ふるって	フルッテ	0
furuu	ふるう	フルウ	0
furuuto	ふるうと	フルウト	0
furuutsu	ふるうつ	フルウツ	0
furyo	ふりょ	フリョ	0
furyou	ふりょう	フリョウ	0
furyouhin	ふりょうひん	フリョウヒン	0
fusa	ふさ	フサ	0
fusagaru	ふさがる	フサガル	0
fusagu	ふさぐ	フサグ	0
fusai	ふさい	フサイ	0
fusaku	ふさく	フサク	0
fusawashii	ふさわしい	フサワシイ	0
fuse	ふせ	フセ	0
fusegu	ふせぐ	フセグ	0
fusei	ふせい	フセイ	0
fuseimyaku	ふせいみゃく	フセイミャク	0
fuseiritsu	ふせいりつ	フセイリツ	0
fuseki	ふせき	フセキ	0
fusen	ふせん	フセン	0
fuseru	ふせる	フセル	0
fusetsu	ふせつ	フセツ	0
fusha	ふしゃ	フシャ	0
fushi	ふし	フシ	0
fushiawase	ふしあわせ	フシアワセ	0
fushigi	ふしぎ	フシギ	0
fushimatsu	ふしまつ	フシマツ	0
fushime	ふしめ	フシメ	0
fushin	ふしん	フシン	0
fushinnin	ふしんにん	フシンニン	0
fushinsetsu	ふしんせつ	フシンセツ	0
fushizen	ふしぜん	フシゼン	0
fushoku	ふしょく	フショク	0
fushou	ふしょう	フショウ	0
fushouji	ふしょうじ	フショウジ	0
fusoku	ふそく	フソク	0
fusouou	ふそうおう	フソウオウ	0
fusshoku	ふっしょく	フッショク	0
fusuma	ふすま	フスマ	0
fut	ふ	フ	2
futa	ふた	フタ	0
futaba	ふたば	フタバ	0
futae	ふたえ	フタエ	0
futago	ふたご	フタゴ	0
futai	ふたい	フタイ	0
futaiganma	ふたいがんま	フタイガンマ	0
futaiten	ふたいてん	フタイテン	0
futan	ふたん	フタン	0
futananuka	ふたなぬか	フタナヌカ	0
futari	ふたり	フタリ	0
futaritomo	ふたりとも	フタリトモ	0
futashika	ふたしか	フタシカ	0
futatabi	ふたたび	フタタビ	0
futatsu	ふたつ	フタツ	0
futatsume	ふたつめ	フタツメ	0
futei	ふてい	フテイ	0
futeki	ふてき	フテキ	0
futekisetsu	ふてきせつ	フテキセツ	0
futekitou	ふてきとう	フテキトウ	0
futo	ふと	フト	0
futoi	ふとい	フトイ	0
futoji	ふとじ	フトジ	0
futokoro	ふところ	フトコロ	0
futoku	ふとく	フトク	0
futokui	ふとくい	フトクイ	0
futomomo	ふともも	フトモモ	0
futon	ふとん	フトン	0
futoppara	ふとっぱら	フトッパラ	0
futorijishi	ふとりじし	フトリジシ	0
futoru	ふとる	フトル	0
futou	ふとう	フトウ	0
futoumei	ふとうめい	フトウメイ	0
futs	ふ	フ	2
futsu	ふつ	フツ	0
futsub	ふつ	フツ	5
futsubu	ふつぶ	フツブ	0
futsubun	ふつぶん	フツブン	0
futsubunguzzu	ふつぶんぐっず	フツブングッズ	0
futsugo	ふつご	フツゴ	0
futsugou	ふつごう	フツゴウ	0
futsuka	ふつか	フツカ	0
futsuriai	ふつりあい	フツリアイ	0
futsuu	ふつう	フツウ	0
futsuusenkyo	ふつうせんきょ	フツウセンキョ	0
futsuuyokin	ふつうよきん	フツウヨキン	0
futtobooru	ふっとぼおる	フットボオル	0
futtou	ふっとう	フットウ	0
futtowaaku	ふっとわあく	フットワアク	0
futu	ふつ	フツ	0
fuu	ふう	フウ	0
fuubutsushi	ふうぶつし	フウブツシ	0
fuuchou	ふうちょう	フウチョウ	0
fuudo	ふうど	フウド	0
fuufu	ふうふ	フウフ	0
fuuga	ふうが	フウガ	0
fuujiru	ふうじる	フウジル	0
fuujite	ふうじて	フウジテ	0
fuukaku	ふうかく	フウカク	0
fuukei	ふうけい	フウケイ	0
fuuki	ふうき	フウキ	0
fuukuikku	ふうくいっく	フウクイック	0
fuumi	ふうみ	フウミ	0
fuun	ふうん	フウン	0
fuur	ふう	フウ	3
fuurin	ふうりん	フウリン	0
fuury	ふう	フウ	3
fuuryoku	ふうりょく	フウリョク	0
fuuryu	ふうりゅ	フウリュ	0
fuuryuu	ふうりゅう	フウリュウ	0
fuuryuukurakku	ふうりゅうくらっく	フウリュウクラック	0
fuusa	ふうさ	フウサ	0
fuusen	ふうせん	フウセン	0
fuushi	ふうし	フウシ	0
fuusho	ふうしょ	フウショ	0
fuushuu	ふうしゅう	フウシュウ	0
fuusoku	ふうそく	フウソク	0
fuutou	ふうとう	フウトウ	0
fuuu	ふうう	フウウ	0
fuuun	ふううん	フウウン	0
fuuzoku	ふうぞく	フウゾク	0
fuwa	ふわ	フワ	0
fuwafuwa	ふわふわ	フワフワ	0
fuwari	ふわり	フワリ	0
fuwatari	ふわたり	フワタリ	0
fuyasu	ふやす	フヤス	0
fuyo	ふよ	フヨ	0
fuyou	ふよう	フヨウ	0
fuyoui	ふようい	フヨウイ	0
fuyu	ふゆ	フユ	0
fuyuba	ふゆば	フユバ	0
fuyukai	ふゆかい	フユカイ	0
fuyumono	ふゆもの	フユモノ	0
fuyuu	ふゆう	フユウ	0
fuyuyasumi	ふゆやすみ	フユヤスミ	0
fuz	ふ	フ	2
fuza	ふざ	フザ	0
fuzai	ふざい	フザイ	0
fuzais	ふざい	フザイ	5
fuzaish	ふざい	フザイ	5
fuzaisha	ふざいしゃ	フザイシャ	0
fuzaishat	ふざいしゃ	フザイシャ	8
fuzaishato	ふざいしゃと	フザイシャト	0
fuzaishatou	ふざいしゃとう	フザイシャトウ	0
fuzaishatouh	ふざいしゃとう	フザイシャトウ	11
fuzaishatouhy	ふざいしゃとう	フザイシャトウ	11
fuzaishatouhyo	ふざいしゃとうひょ	フザイシャトウヒョ	0
fuzaishatouhyou	ふざいしゃとうひょう	フザイシャトウヒョウ	0
fuzaishatouhyougichou	ふざいしゃとうひょうぎちょう	フザイシャトウヒョウギチョウ	0
fuzakeru	ふざける	フザケル	0
fuzei	ふぜい	フゼイ	0
fuzen	ふぜん	フゼン	0
fuzoku	ふぞく	フゾク	0
fwa	ふぁ	ファ	0
fwatwa	ふぁとぁ	ファトァ	0
fwe	ふぇ	フェ	0
fwetwe	ふぇとぇ	フェトェ	0
fwi	ふぃ	フィ	0
fwitwi	ふぃとぃ	フィトィ	0
fwo	ふぉ	フォ	0
fwotwo	ふぉとぉ	フォトォ	0
fwu	ふぅ	フゥ	0
fwutwu	ふぅとぅ	フゥトゥ	0
fy			0
fya	ふゃ	フャ	0
fyatya	ふゃちゃ	フャチャ	0
fye	ふぇ	フェ	0
fyea	ふぇあ	フェア	0
fyeapuree	ふぇあぷれえ	フェアプレエ	0
fyeauei	ふぇあうえい	フェアウエイ	0
fyed	ふぇ	フェ	3
fyede	ふぇで	フェデ	0
fyeder	ふぇで	フェデ	5
fyedere	ふぇでれ	フェデレ	0
fyederee	ふぇでれえ	フェデレエ	0
fyederees	ふぇでれえ	フェデレエ	8
fyedereesh	ふぇでれえ	フェデレエ	8
fyedereesho	ふぇでれえしょ	フェデレエショ	0
fyedereeshon	ふぇでれえしょん	フェデレエション	0
fyedereeshonshoumei	ふぇでれえしょんしょうめい	フェデレエションショウメイ	0
fyeiku	ふぇいく	フェイク	0
fyeinto	ふぇいんと	フェイント	0
fyeisu	ふぇいす	フェイス	0
fyeminisuto	ふぇみにすと	フェミニスト	0
fyeminizumu	ふぇみにずむ	フェミニズム	0
fyenikkusu	ふぇにっくす	フェニックス	0
fyenshingu	ふぇんしんぐ	フェンシング	0
fyensu	ふぇんす	フェンス	0
fyerachio	ふぇらちお	フェラチオ	0
fyeretto	ふぇれっと	フェレット	0
fyerii	ふぇりい	フェリイ	0
fyeromon	ふぇろもん	フェロモン	0
fyerooshippu	ふぇろおしっぷ	フェロオシップ	0
fyeruto	ふぇると	フェルト	0
fyesuteibaru	ふぇすていばる	フェステイバル	0
fyetye	ふぇちぇ	フェチェ	0
fyi	ふぃ	フィ	0
fyianse	ふぃあんせ	フィアンセ	0
fyifuteiifyifuteii	ふぃふていいふぃふていい	フィフテイイフィフテイイ	0
fyigyua	ふぃぎゅあ	フィギュア	0
fyiibaa	ふぃいばあ	フィイバア	0
fyiida	ふぃいだ	フィイダ	0
fyiidobakku	ふぃいどばっく	フィイドバック	0
fyiiringu	ふぃいりんぐ	フィイリング	0
fyiirudo	ふぃいるど	フィイルド	0
fyiirudowaaku	ふぃいるどわあく	フィイルドワアク	0
fyiito	ふぃいと	フィイト	0
fyikusaa	ふぃくさあ	フィクサア	0
fyikushon	ふぃくしょん	フィクション	0
fyin	ふぃん	フィン	0
fyinakappu	ふぃなかっぷ	フィナカップ	0
fyinisshu	ふぃにっしゅ	フィニッシュ	0
fyinrando	ふぃんらんど	フィンランド	0
fyiraderufyia	ふぃらでるふぃあ	フィラデルフィア	0
fyiripin	ふぃりぴん	フィリピン	0
fyiru	ふぃる	フィル	0
fyirudaasuchoisu	ふぃるだあすちょいす	フィルダアスチョイス	0
fyiruhaamonii	ふぃるはあもにい	フィルハアモニイ	0
fyirumu	ふぃるむ	フィルム	0
fyirutaa	ふぃるたあ	フィルタア	0
fyisshu	ふぃっしゅ	フィッシュ	0
fyisukaruporishii	ふぃすかるぽりしい	フィスカルポリシイ	0
fyit	ふぃ	フィ	3
fyitt	ふぃ	フィ	3
fyitteingu	ふぃっていんぐ	フィッテイング	0
fyitto	ふぃっと	フィット	0
fyittonesu	ふぃっとねす	フィットネス	0
fyittoshoubousha	ふぃっとしょうぼうしゃ	フィットショウボウシャ	0
fyityi	ふぃちぃ	フィチィ	0
fyiyorudo	ふぃよるど	フィヨルド	0
fyo	ふょ	フョ	0
fyotyo	ふょちょ	フョチョ	0
fyu	ふゅ	フュ	0
fyutyu	ふゅちゅ	フュチュ	0
fyuuchaa	ふゅうちゃあ	フュウチャア	0
fyuujon	ふゅうじょん	フュウジョン	0
g			0
ga	が	ガ	0
gaa	があ	ガア	0
gaadeian	があでいあん	ガアデイアン	0
gaaden	があでん	ガアデン	0
gaado	があど	ガアド	0
gaadoman	があどまん	ガアドマン	0
gaadoreeru	があどれえる	ガアドレエル	0
gaar	があ	ガア	3
gaaru	がある	ガアル	0
gaaruf	がある	ガアル	5
gaarufu	があるふ	ガアルフ	0
gaarufur	があるふ	ガアルフ	7
gaarufure	があるふれ	ガアルフレ	0
gaarufuren	があるふれん	ガアルフレン	0
gaarufurend	があるふれん	ガアルフレン	10
gaarufurendo	があるふれんど	ガアルフレンド	0
gaarufurendokokusaiteki	があるふれんどこくさいてき	ガアルフレンドコクサイテキ	0
gaaze	があぜ	ガアゼ	0
gabotto	がぼっと	ガボット	0
gabugabu	がぶがぶ	ガブガブ	0
gachi	がち	ガチ	0
gagaku	ががく	ガガク	0
gahaku	がはく	ガハク	0
gai	がい	ガイ	0
gaiatsu	がいあつ	ガイアツ	0
gaibu	がいぶ	ガイブ	0
gaichuu	がいちゅう	ガイチュウ	0
gaidansu	がいだんす	ガイダンス	0
gaiden	がいでん	ガイデン	0
gaido	がいど	ガイド	0
gaidobukku	がいどぶっく	ガイドブック	0
gaien	がいえん	ガイエン	0
gaiheki	がいへき	ガイヘキ	0
gaijin	がいじん	ガイジン	0
gaiju	がいじゅ	ガイジュ	0
gaik	がい	ガイ	3
gaika	がいか	ガイカ	0
gaikai	がいかい	ガイカイ	0
gaikaku	がいかく	ガイカク	0
gaikakudantai	がいかくだんたい	ガイカクダンタイ	0
gaikan	がいかん	ガイカン	0
gaikanchouonsoku	がいかんちょうおんそく	ガイカンチョウオンソク	0
gaiken	がいけん	ガイケン	0
gaiki	がいき	ガイキ	0
gaikinmotsu	がいきんもつ	ガイキンモツ	0
gaikoku	がいこく	ガイコク	0
gaikokugo	がいこくご	ガイコクゴ	0
gaikokujin	がいこくじん	ガイコクジン	0
gaikotsu	がいこつ	ガイコツ	0
gaikou	がいこう	ガイコウ	0
gaikoukan	がいこうかん	ガイコウカン	0
gaikyou	がいきょう	ガイキョウ	0
gaim	がい	ガイ	3
gaimai	がいまい	ガイマイ	0
gaimen	がいめん	ガイメン	0
gaimu	がいむ	ガイム	0
gaimuchoudanoretsu	がいむちょうだのれつ	ガイムチョウダノレツ	0
gaimushou	がいむしょう	ガイムショウ	0
gainen	がいねん	ガイネン	0
gairai	がいらい	ガイライ	0
gairaigo	がいらいご	ガイライゴ	0
gairo	がいろ	ガイロ	0
gairoju	がいろじゅ	ガイロジュ	0
gairon	がいろん	ガイロン	0
gairyaku	がいりゃく	ガイリャク	0
gaisan	がいさん	ガイサン	0
gaisensha	がいせんしゃ	ガイセンシャ	0
gaisha	がいしゃ	ガイシャ	0
gaishi	がいし	ガイシ	0
gaishin	がいしん	ガイシン	0
gaishoku	がいしょく	ガイショク	0
gaishou	がいしょう	ガイショウ	0
gaishutsu	がいしゅつ	ガイシュツ	0
gaisuru	がいする	ガイスル	0
gaitou	がいとう	ガイトウ	0
gaiya	がいや	ガイヤ	0
gaiyashu	がいやしゅ	ガイヤシュ	0
gaiyou	がいよう	ガイヨウ	0
gaiyuu	がいゆう	ガイユウ	0
gajetto	がじぇっと	ガジェット	0
gajou	がじょう	ガジョウ	0
gak	が	ガ	2
gaka	がか	ガカ	0
gake	がけ	ガケ	0
gakk	が	ガ	2
gakka	がっか	ガッカ	0
gakkai	がっかい	ガッカイ	0
gakkaishi	がっかいし	ガッカイシ	0
gakkar	がっか	ガッカ	5
gakkari	がっかり	ガッカリ	0
gakkarikentou	がっかりけんとう	ガッカリケントウ	0
gakki	がっき	ガッキ	0
gakkou	がっこう	ガッコウ	0
gakkouhoujin	がっこうほうじん	ガッコウホウジン	0
gakkoumei	がっこうめい	ガッコウメイ	0
gakku	がっく	ガック	0
gakkuri	がっくり	ガックリ	0
gakkyoku	がっきょく	ガッキョク	0
gakkyuu	がっきゅう	ガッキュウ	0
gaku	がく	ガク	0
gakubu	がくぶ	ガクブ	0
gakubuchi	がくぶち	ガクブチ	0
gakuchou	がくちょう	ガクチョウ	0
gakudan	がくだん	ガクダン	0
gakudou	がくどう	ガクドウ	0
gakuen	がくえん	ガクエン	0
gakufu	がくふ	ガクフ	0
gakugei	がくげい	ガクゲイ	0
gakugyou	がくぎょう	ガクギョウ	0
gakuhi	がくひ	ガクヒ	0
gakui	がくい	ガクイ	0
gakuin	がくいん	ガクイン	0
gakujutsu	がくじゅつ	ガクジュツ	0
gakumen	がくめん	ガクメン	0
gakumon	がくもん	ガクモン	0
gakunai	がくない	ガクナイ	0
gakunen	がくねん	ガクネン	0
gakurei	がくれい	ガクレイ	0
gakureki	がくれき	ガクレキ	0
gakuryoku	がくりょく	ガクリョク	0
gakus	がく	ガク	4
gakusai	がくさい	ガクサイ	0
gakusei	がくせい	ガクセイ	0
gakuseijidai	がくせいじだい	ガクセイジダイ	0
gakusetsu	がくせつ	ガクセツ	0
gakush	がく	ガク	4
gakusha	がくしゃ	ガクシャ	0
gakushi	がくし	ガクシ	0
gakushik	がくし	ガクシ	7
gakushiki	がくしき	ガクシキ	0
gakushikitoorisugiru	がくしきとおりすぎる	ガクシキトオリスギル	0
gakushou	がくしょう	ガクショウ	0
gakushuu	がくしゅう	ガクシュウ	0
gakushuushidouyouryou	がくしゅうしどうようりょう	ガクシュウシドウヨウリョウ	0
gakusotsu	がくそつ	ガクソツ	0
gakutai	がくたい	ガクタイ	0
gakuto	がくと	ガクト	0
gakuwari	がくわり	ガクワリ	0
gakuya	がくや	ガクヤ	0
gakuyuu	がくゆう	ガクユウ	0
gam	が	ガ	2
gama	がま	ガマ	0
gaman	がまん	ガマン	0
gamanchikoku	がまんちこく	ガマンチコク	0
gamen	がめん	ガメン	0
gameran	がめらん	ガメラン	0
gamu	がむ	ガム	0
gan	がん	ガン	0
ganban	がんばん	ガンバン	0
ganbari	がんばり	ガンバリ	0
ganbaru	がんばる	ガンバル	0
ganbatte	がんばって	ガンバッテ	0
ganbou	がんぼう	ガンボウ	0
ganchiku	がんちく	ガンチク	0
ganen	がねん	ガネン	0
gangan	がんがん	ガンガン	0
ganjitsu	がんじつ	ガンジツ	0
ganjou	がんじょう	ガンジョウ	0
ganka	がんか	ガンカ	0
gankai	がんかい	ガンカイ	0
gankin	がんきん	ガンキン	0
ganko	がんこ	ガンコ	0
gankyou	がんきょう	ガンキョウ	0
ganma	がんま	ガンマ	0
ganmen	がんめん	ガンメン	0
gannen	がんねん	ガンネン	0
ganpeki	がんぺき	ガンペキ	0
ganpon	がんぽん	ガンポン	0
ganrai	がんらい	ガンライ	0
ganseki	がんせき	ガンセキ	0
gansho	がんしょ	ガンショ	0
ganshou	がんしょう	ガンショウ	0
ganso	がんそ	ガンソ	0
gantan	がんたん	ガンタン	0
gany	が	ガ	2
ganyu	がにゅ	ガニュ	0
ganyuu	がにゅう	ガニュウ	0
ganyuutokai	がにゅうとかい	ガニュウトカイ	0
gappei	がっぺい	ガッペイ	0
gappeishou	がっぺいしょう	ガッペイショウ	0
gappi	がっぴ	ガッピ	0
gar	が	ガ	2
gara	がら	ガラ	0
garakuta	がらくた	ガラクタ	0
garan	がらん	ガラン	0
garantsuya	がらんつや	ガランツヤ	0
garas	がら	ガラ	4
garasu	がらす	ガラス	0
garasub	がらす	ガラス	6
garasuba	がらすば	ガラスバ	0
garasubar	がらすば	ガラスバ	8
garasubari	がらすばり	ガラスバリ	0
garasubarikokuminsouseisan	がらすばりこくみんそうせいさん	ガラスバリコクミンソウセイサン	0
garasudo	がらすど	ガラスド	0
gareeji	がれえじ	ガレエジ	0
gareki	がれき	ガレキ	0
garibaa	がりばあ	ガリバア	0
garireo	がりれお	ガリレオ	0
gariumu	がりうむ	ガリウム	0
garon	がろん	ガロン	0
garou	がろう	ガロウ	0
garu	がる	ガル	0
gas	が	ガ	2
gasagasa	がさがさ	ガサガサ	0
gashi	がし	ガシ	0
gashigashi	がしがし	ガシガシ	0
gashou	がしょう	ガショウ	0
gasooru	がそおる	ガソオル	0
gasorin	がそりん	ガソリン	0
gasorinsutando	がそりんすたんど	ガソリンスタンド	0
gass	が	ガ	2
gassaku	がっさく	ガッサク	0
gasshiri	がっしり	ガッシリ	0
gasshou	がっしょう	ガッショウ	0
gasshoudan	がっしょうだん	ガッショウダン	0
gasshuku	がっしゅく	ガッシュク	0
gasso	がっそ	ガッソ	0
gassou	がっそう	ガッソウ	0
gassouboumei	がっそうぼうめい	ガッソウボウメイ	0
gasu	がす	ガス	0
gasubonbe	がすぼんべ	ガスボンベ	0
gasumasuku	がすますく	ガスマスク	0
gasutaabin	がすたあびん	ガスタアビン	0
gasutoarubaitaa	がすとあるばいたあ	ガストアルバイタア	0
gatagata	がたがた	ガタガタ	0
gatchi	が	ガ	2
gatchiri	が	ガ	2
gaten	がてん	ガテン	0
gatsu	がつ	ガツ	0
gatto	がっと	ガット	0
gattsu	がっつ	ガッツ	0
gattsupoozu	がっつぽおず	ガッツポオズ	0
gau	がう	ガウ	0
gaun	がうん	ガウン	0
gaushian	がうしあん	ガウシアン	0
gawa	がわ	ガワ	0
gayagaya	がやがや	ガヤガヤ	0
gayoushi	がようし	ガヨウシ	0
gazou	がぞう	ガゾウ	0
ge	げ	ゲ	0
gebarisuta	げばりすた	ゲバリスタ	0
gee	げえ	ゲエ	0
geej	げえ	ゲエ	3
geeji	げえじ	ゲエジ	0
geejimatsuru	げえじまつる	ゲエジマツル	0
geemu	げえむ	ゲエム	0
geemusentaa	げえむせんたあ	ゲエムセンタア	0
geemusetto	げえむせっと	ゲエムセット	0
geeto	げえと	ゲエト	0
geetobooru	げえとぼおる	ゲエトボオル	0
gehin	げひん	ゲヒン	0
gei	げい	ゲイ	0
geigeki	げいげき	ゲイゲキ	0
geigou	げいごう	ゲイゴウ	0
geihinkan	げいひんかん	ゲイヒンカン	0
geijutsu	げいじゅつ	ゲイジュツ	0
geijutsuin	げいじゅついん	ゲイジュツイン	0
geijutsuka	げいじゅつか	ゲイジュツカ	0
geijutsusai	げいじゅつさい	ゲイジュツサイ	0
geimei	げいめい	ゲイメイ	0
gein	げいん	ゲイン	0
geiniku	げいにく	ゲイニク	0
geinin	げいにん	ゲイニン	0
geinou	げいのう	ゲイノウ	0
geinoujin	げいのうじん	ゲイノウジン	0
geiribu	げいりぶ	ゲイリブ	0
geisha	げいしゃ	ゲイシャ	0
gejun	げじゅん	ゲジュン	0
gek	げ	ゲ	2
geka	げか	ゲカ	0
gekai	げかい	ゲカイ	0
geki	げき	ゲキ	0
gekichin	げきちん	ゲキチン	0
gekidan	げきだん	ゲキダン	0
gekido	げきど	ゲキド	0
gekidou	げきどう	ゲキドウ	0
gekiga	げきが	ゲキガ	0
gekigen	げきげん	ゲキゲン	0
gekihen	げきへん	ゲキヘン	0
gekijin	げきじん	ゲキジン	0
gekijou	げきじょう	ゲキジョウ	0
gekika	げきか	ゲキカ	0
gekir	げき	ゲキ	4
gekirei	げきれい	ゲキレイ	0
gekiron	げきろん	ゲキロン	0
gekiry	げき	ゲキ	4
gekiryu	げきりゅ	ゲキリュ	0
gekiryuu	げきりゅう	ゲキリュウ	0
gekiryuuaitsu	げきりゅうあいつ	ゲキリュウアイツ	0
gekisaku	げきさく	ゲキサク	0
gekisen	げきせん	ゲキセン	0
gekiteki	げきてき	ゲキテキ	0
gekitotsu	げきとつ	ゲキトツ	0
gekitsui	げきつい	ゲキツイ	0
gekiyaku	げきやく	ゲキヤク	0
gekkan	げっかん	ゲッカン	0
gekkei	げっけい	ゲッケイ	0
gekkou	げっこう	ゲッコウ	0
gekkyuu	げっきゅう	ゲッキュウ	0
geko	げこ	ゲコ	0
gen	げん	ゲン	0
genan	げなん	ゲナン	0
genba	げんば	ゲンバ	0
genbaku	げんばく	ゲンバク	0
genbatsu	げんばつ	ゲンバツ	0
genbun	げんぶん	ゲンブン	0
genbutsu	げんぶつ	ゲンブツ	0
genchi	げんち	ゲンチ	0
gendai	げんだい	ゲンダイ	0
gendaishakai	げんだいしゃかい	ゲンダイシャカイ	0
gendaiteki	げんだいてき	ゲンダイテキ	0
gendankai	げんだんかい	ゲンダンカイ	0
gendo	げんど	ゲンド	0
gendogaku	げんどがく	ゲンドガク	0
gendou	げんどう	ゲンドウ	0
gendouryoku	げんどうりょく	ゲンドウリョク	0
genei	げねい	ゲネイ	0
geneki	げねき	ゲネキ	0
genetsu	げねつ	ゲネツ	0
geng	げん	ゲン	3
genga	げんが	ゲンガ	0
gengak	げんが	ゲンガ	5
gengakki	げんがっき	ゲンガッキ	0
gengaku	げんがく	ゲンガク	0
gengakufuhitsuyou	げんがくふひつよう	ゲンガクフヒツヨウ	0
gengi	げんぎ	ゲンギ	0
gengo	げんご	ゲンゴ	0
gengou	げんごう	ゲンゴウ	0
gengoufunare	げんごうふなれ	ゲンゴウフナレ	0
genin	げにん	ゲニン	0
genji	げんじ	ゲンジ	0
genjin	げんじん	ゲンジン	0
genjiten	げんじてん	ゲンジテン	0
genjitsu	げんじつ	ゲンジツ	0
genjitsuteki	げんじつてき	ゲンジツテキ	0
genjou	げんじょう	ゲンジョウ	0
genjuu	げんじゅう	ゲンジュウ	0
genjuumin	げんじゅうみん	ゲンジュウミン	0
genjuusho	げんじゅうしょ	ゲンジュウショ	0
genk	げん	ゲン	3
genka	げんか	ゲンカ	0
genkai	げんかい	ゲンカイ	0
genkaku	げんかく	ゲンカク	0
genkan	げんかん	ゲンカン	0
genkashoukyaku	げんかしょうきゃく	ゲンカショウキャク	0
genkei	げんけい	ゲンケイ	0
genki	げんき	ゲンキ	0
genkin	げんきん	ゲンキン	0
genko	げんこ	ゲンコ	0
genkoku	げんこく	ゲンコク	0
genkotsu	げんこつ	ゲンコツ	0
genkou	げんこう	ゲンコウ	0
genkoufuryo	げんこうふりょ	ゲンコウフリョ	0
genkouhan	げんこうはん	ゲンコウハン	0
genkouyoushi	げんこうようし	ゲンコウヨウシ	0
genkyou	げんきょう	ゲンキョウ	0
genkyuu	げんきゅう	ゲンキュウ	0
genmai	げんまい	ゲンマイ	0
genmei	げんめい	ゲンメイ	0
genmen	げんめん	ゲンメン	0
genmetsu	げんめつ	ゲンメツ	0
genmitsu	げんみつ	ゲンミツ	0
genni	げんに	ゲンニ	0
genomu	げのむ	ゲノム	0
genpatsu	げんぱつ	ゲンパツ	0
genpon	げんぽん	ゲンポン	0
genpou	げんぽう	ゲンポウ	0
genri	げんり	ゲンリ	0
genroku	げんろく	ゲンロク	0
genron	げんろん	ゲンロン	0
genrou	げんろう	ゲンロウ	0
genryou	げんりょう	ゲンリョウ	0
genryuu	げんりゅう	ゲンリュウ	0
gens	げん	ゲン	3
gensa	げんさ	ゲンサ	0
gensak	げんさ	ゲンサ	5
gensaku	げんさく	ゲンサク	0
gensakufujichaku	げんさくふじちゃく	ゲンサクフジチャク	0
gensan	げんさん	ゲンサン	0
gensanchi	げんさんち	ゲンサンチ	0
gensei	げんせい	ゲンセイ	0
gensen	げんせん	ゲンセン	0
genshi	げんし	ゲンシ	0
genshikaku	げんしかく	ゲンシカク	0
genshiro	げんしろ	ゲンシロ	0
genshiryoku	げんしりょく	ゲンシリョク	0
gensho	げんしょ	ゲンショ	0
genshoku	げんしょく	ゲンショク	0
genshou	げんしょう	ゲンショウ	0
genshu	げんしゅ	ゲンシュ	0
genshuku	げんしゅく	ゲンシュク	0
genshuu	げんしゅう	ゲンシュウ	0
genso	げんそ	ゲンソ	0
gensoku	げんそく	ゲンソク	0
gensou	げんそう	ゲンソウ	0
gensui	げんすい	ゲンスイ	0
gensuibaku	げんすいばく	ゲンスイバク	0
gentai	げんたい	ゲンタイ	0
gentan	げんたん	ゲンタン	0
gentei	げんてい	ゲンテイ	0
genten	げんてん	ゲンテン	0
geny	げ	ゲ	2
genya	げにゃ	ゲニャ	0
genyu	げにゅ	ゲニュ	0
genyufusouou	げにゅふそうおう	ゲニュフソウオウ	0
genyuu	げにゅう	ゲニュウ	0
genzai	げんざい	ゲンザイ	0
genzairyou	げんざいりょう	ゲンザイリョウ	0
genzei	げんぜい	ゲンゼイ	0
genzou	げんぞう	ゲンゾウ	0
geppu	げっぷ	ゲップ	0
geraku	げらく	ゲラク	0
gerende	げれんで	ゲレンデ	0
geri	げり	ゲリ	0
gerira	げりら	ゲリラ	0
geru	げる	ゲル	0
geruman	げるまん	ゲルマン	0
gesha	げしゃ	ゲシャ	0
geshi	げし	ゲシ	0
geshuku	げしゅく	ゲシュク	0
geshutapo	げしゅたぽ	ゲシュタポ	0
gessan	げっさん	ゲッサン	0
gessha	げっしゃ	ゲッシャ	0
gesshoku	げっしょく	ゲッショク	0
gesshuu	げっしゅう	ゲッシュウ	0
gesui	げすい	ゲスイ	0
gesuidou	げすいどう	ゲスイドウ	0
gesuto	げすと	ゲスト	0
get	げ	ゲ	2
geta	げた	ゲタ	0
getadaini	げただいに	ゲタダイニ	0
gets	げ	ゲ	2
getsu	げつ	ゲツ	0
getsugaku	げつがく	ゲツガク	0
getsumatsu	げつまつ	ゲツマツ	0
getsumen	げつめん	ゲツメン	0
getsunai	げつない	ゲツナイ	0
getsurei	げつれい	ゲツレイ	0
getsuy	げつ	ゲツ	5
getsuyo	げつよ	ゲツヨ	0
getsuyou	げつよう	ゲツヨウ	0
getsuyoub	げつよう	ゲツヨウ	8
getsuyoubi	げつようび	ゲツヨウビ	0
getsuyoubihikoushi	げつようびひこうし	ゲツヨウビヒコウシ	0
gettoo	げっとお	ゲットオ	0
geva	げゔぁ	ゲヴァ	0
geya	げや	ゲヤ	0
gezan	げざん	ゲザン	0
gga	っが	ッガ	0
ggave	っがゔぇ	ッガヴェ	0
gge	っげ	ッゲ	0
ggevi	っげゔぃ	ッゲヴィ	0
ggi	っぎ	ッギ	0
ggivo	っぎゔぉ	ッギヴォ	0
ggo	っご	ッゴ	0
ggovu	っごゔ	ッゴヴ	0
ggu	っぐ	ッグ	0
gguvva	っぐっゔぁ	ッグッヴァ	0
ggwa	っぐぁ	ッグァ	0
ggwavve	っぐぁっゔぇ	ッグァッヴェ	0
ggwe	っぐぇ	ッグェ	0
ggwevvi	っぐぇっゔぃ	ッグェッヴィ	0
ggwi	っぐぃ	ッグィ	0
ggwivvo	っぐぃっゔぉ	ッグィッヴォ	0
ggwo	っぐぉ	ッグォ	0
ggwovvu	っぐぉっゔ	ッグォッヴ	0
ggwu	っぐぅ	ッグゥ	0
ggwuvvya	っぐぅっゔゃ	ッグゥッヴャ	0
ggya	っぎゃ	ッギャ	0
ggyavvye	っぎゃっゔぇ	ッギャッヴェ	0
ggye	っぎぇ	ッギェ	0
ggyevvyi	っぎぇっゔぃ	ッギェッヴィ	0
ggyi	っぎぃ	ッギィ	0
ggyivvyo	っぎぃっゔょ	ッギィッヴョ	0
ggyo	っぎょ	ッギョ	0
ggyovvyu	っぎょっゔゅ	ッギョッヴュ	0
ggyu	っぎゅ	ッギュ	0
ggyuvya	っぎゅゔゃ	ッギュヴャ	0
gi	ぎ	ギ	0
gia	ぎあ	ギア	0
gian	ぎあん	ギアン	0
gibo	ぎぼ	ギボ	0
gibuappu	ぎぶあっぷ	ギブアップ	0
gichou	ぎちょう	ギチョウ	0
gida	ぎだ	ギダ	0
gidai	ぎだい	ギダイ	0
gidayuu	ぎだゆう	ギダユウ	0
gienkin	ぎえんきん	ギエンキン	0
gifu	ぎふ	ギフ	0
gifuto	ぎふと	ギフト	0
giga	ぎが	ギガ	0
gigi	ぎぎ	ギギ	0
gigoku	ぎごく	ギゴク	0
gihi	ぎひ	ギヒ	0
gihou	ぎほう	ギホウ	0
giin	ぎいん	ギイン	0
giinuneiiinkai	ぎいぬねいいいんかい	ギイヌネイイインカイ	0
giji	ぎじ	ギジ	0
gijidou	ぎじどう	ギジドウ	0
gijiroku	ぎじろく	ギジロク	0
gijou	ぎじょう	ギジョウ	0
gijutsu	ぎじゅつ	ギジュツ	0
gijutsuryoku	ぎじゅつりょく	ギジュツリョク	0
gijutsusha	ぎじゅつしゃ	ギジュツシャ	0
gijutsuteki	ぎじゅつてき	ギジュツテキ	0
gik	ぎ	ギ	2
gika	ぎか	ギカ	0
gikai	ぎかい	ギカイ	0
gikaitoku	ぎかいとく	ギカイトク	0
gikei	ぎけい	ギケイ	0
giketsu	ぎけつ	ギケツ	0
gikochinai	ぎこちない	ギコチナイ	0
gikou	ぎこう	ギコウ	0
gikyoku	ぎきょく	ギキョク	0
gimai	ぎまい	ギマイ	0
gimi	ぎみ	ギミ	0
gimon	ぎもん	ギモン	0
gimonfu	ぎもんふ	ギモンフ	0
gimonten	ぎもんてん	ギモンテン	0
gimu	ぎむ	ギム	0
gimukyouiku	ぎむきょういく	ギムキョウイク	0
gimuzuke	ぎむずけ	ギムズケ	0
gin	ぎん	ギン	0
ginen	ぎねん	ギネン	0
ginga	ぎんが	ギンガ	0
gingami	ぎんがみ	ギンガミ	0
giniro	ぎにろ	ギニロ	0
ginka	ぎんか	ギンカ	0
ginkou	ぎんこう	ギンコウ	0
ginm	ぎん	ギン	3
ginmi	ぎんみ	ギンミ	0
ginmisegatakai	ぎんみせがたかい	ギンミセガタカイ	0
ginou	ぎのう	ギノウ	0
ginpai	ぎんぱい	ギンパイ	0
ginza	ぎんざ	ギンザ	0
gipusu	ぎぷす	ギプス	0
gir	ぎ	ギ	2
gira	ぎら	ギラ	0
girag	ぎら	ギラ	4
giragi	ぎらぎ	ギラギ	0
giragir	ぎらぎ	ギラギ	6
giragira	ぎらぎら	ギラギラ	0
giragirakenei	ぎらぎらけねい	ギラギラケネイ	0
girei	ぎれい	ギレイ	0
giri	ぎり	ギリ	0
girigiri	ぎりぎり	ギリギリ	0
girisha	ぎりしゃ	ギリシャ	0
girochin	ぎろちん	ギロチン	0
giron	ぎろん	ギロン	0
girudo	ぎるど	ギルド	0
gis	ぎ	ギ	2
gisei	ぎせい	ギセイ	0
giseisha	ぎせいしゃ	ギセイシャ	0
giseki	ぎせき	ギセキ	0
gish	ぎ	ギ	2
gishi	ぎし	ギシ	0
gishik	ぎし	ギシ	5
gishiki	ぎしき	ギシキ	0
gishikidoutou	ぎしきどうとう	ギシキドウトウ	0
gishin	ぎしん	ギシン	0
gishou	ぎしょう	ギショウ	0
gisou	ぎそう	ギソウ	0
gisshiri	ぎっしり	ギッシリ	0
gitaa	ぎたあ	ギタア	0
gitarisuto	ぎたりすと	ギタリスト	0
gitei	ぎてい	ギテイ	0
giteisho	ぎていしょ	ギテイショ	0
givye	ぎゔぇ	ギヴェ	0
giwaku	ぎわく	ギワク	0
giyuu	ぎゆう	ギユウ	0
gizagiza	ぎざぎざ	ギザギザ	0
gizou	ぎぞう	ギゾウ	0
go	ご	ゴ	0
gob	ご	ゴ	2
goba	ごば	ゴバ	0
goban	ごばん	ゴバン	0
gobanmonogatari	ごばんものがたり	ゴバンモノガタリ	0
gobu	ごぶ	ゴブ	0
gobusata	ごぶさた	ゴブサタ	0
gochisou	ごちそう	ゴチソウ	0
gochisousama	ごちそうさま	ゴチソウサマ	0
gochisousamadeshita	ごちそうさまでした	ゴチソウサマデシタ	0
goddofuaazaa	ごっどふああざあ	ゴッドフアアザア	0
goei	ごえい	ゴエイ	0
goenryokudasai	ごえんりょください	ゴエンリョクダサイ	0
goetsudoushuu	ごえつどうしゅう	ゴエツドウシュウ	0
gofuku	ごふく	ゴフク	0
gog	ご	ゴ	2
goga	ごが	ゴガ	0
gogaku	ごがく	ゴガク	0
gogan	ごがん	ゴガン	0
goganwakatsu	ごがんわかつ	ゴガンワカツ	0
gogatsu	ごがつ	ゴガツ	0
gogen	ごげん	ゴゲン	0
gogo	ごご	ゴゴ	0
gohan	ごはん	ゴハン	0
gohou	ごほう	ゴホウ	0
gohoubi	ごほうび	ゴホウビ	0
goi	ごい	ゴイ	0
goji	ごじ	ゴジ	0
gojitsu	ごじつ	ゴジツ	0
gojo	ごじょ	ゴジョ	0
gojuu	ごじゅう	ゴジュウ	0
gojuuon	ごじゅうおん	ゴジュウオン	0
gojuusantsugi	ごじゅうさんつぎ	ゴジュウサンツギ	0
gokai	ごかい	ゴカイ	0
gokaku	ごかく	ゴカク	0
gokan	ごかん	ゴカン	0
goken	ごけん	ゴケン	0
goki	ごき	ゴキ	0
gokiburi	ごきぶり	ゴキブリ	0
gokkan	ごっかん	ゴッカン	0
gokoku	ごこく	ゴコク	0
goku	ごく	ゴク	0
gokuchuu	ごくちゅう	ゴクチュウ	0
gokuhi	ごくひ	ゴクヒ	0
gokujou	ごくじょう	ゴクジョウ	0
gokuraku	ごくらく	ゴクラク	0
gokurousama	ごくろうさま	ゴクロウサマ	0
gokyouryoku	ごきょうりょく	ゴキョウリョク	0
goma	ごま	ゴマ	0
gomakasu	ごまかす	ゴマカス	0
gomen	ごめん	ゴメン	0
gomenkudasai	ごめんください	ゴメンクダサイ	0
gomi	ごみ	ゴミ	0
gomibako	ごみばこ	ゴミバコ	0
gomu	ごむ	ゴム	0
gondora	ごんどら	ゴンドラ	0
gongu	ごんぐ	ゴング	0
gonin	ごにん	ゴニン	0
goo	ごお	ゴオ	0
googuru	ごおぐる	ゴオグル	0
goojasu	ごおじゃす	ゴオジャス	0
gookaato	ごおかあと	ゴオカアト	0
goor	ごお	ゴオ	3
gooru	ごおる	ゴオル	0
gooruden	ごおるでん	ゴオルデン	0
goorudenawaa	ごおるでなわあ	ゴオルデナワア	0
goorudentaimu	ごおるでんたいむ	ゴオルデンタイム	0
goorudenuiiku	ごおるでぬいいく	ゴオルデヌイイク	0
goorudo	ごおるど	ゴオルド	0
gooruin	ごおるいん	ゴオルイン	0
goorukiipaa	ごおるきいぱあ	ゴオルキイパア	0
goorurain	ごおるらいん	ゴオルライン	0
goorusanka	ごおるさんか	ゴオルサンカ	0
goosain	ごおさいん	ゴオサイン	0
goosuto	ごおすと	ゴオスト	0
goosutotaun	ごおすとたうん	ゴオストタウン	0
gor	ご	ゴ	2
gora	ごら	ゴラ	0
goraku	ごらく	ゴラク	0
goran	ごらん	ゴラン	0
gorann	ごらんん	ゴランン	0
goranni	ごらんに	ゴランニ	0
gorannin	ごらんにん	ゴランニン	0
gorannina	ごらんにな	ゴランニナ	0
goranninar	ごらんにな	ゴランニナ	9
goranninaru	ごらんになる	ゴランニナル	0
goranninarutsutomeru	ごらんになるつとめる	ゴランニナルツトメル	0
gorenraku	ごれんらく	ゴレンラク	0
gorin	ごりん	ゴリン	0
gorira	ごりら	ゴリラ	0
goro	ごろ	ゴロ	0
gorogoro	ごろごろ	ゴロゴロ	0
gorufu	ごるふ	ゴルフ	0
gorufuaa	ごるふああ	ゴルフアア	0
goruju	ごるじゅ	ゴルジュ	0
goryoushoukudasai	ごりょうしょうください	ゴリョウショウクダサイ	0
gos	ご	ゴ	2
gosa	ごさ	ゴサ	0
gosai	ごさい	ゴサイ	0
gosan	ごさん	ゴサン	0
gosen	ごせん	ゴセン	0
gosh	ご	ゴ	2
goshi	ごし	ゴシ	0
goshikku	ごしっく	ゴシック	0
goshippu	ごしっぷ	ゴシップ	0
gosho	ごしょ	ゴショ	0
goshoku	ごしょく	ゴショク	0
goshokutsugaesu	ごしょくつがえす	ゴショクツガエス	0
goshujin	ごしゅじん	ゴシュジン	0
goshujinsama	ごしゅじんさま	ゴシュジンサマ	0
gosou	ごそう	ゴソウ	0
gosuperu	ごすぺる	ゴスペル	0
got	ご	ゴ	2
gotai	ごたい	ゴタイ	0
gote	ごて	ゴテ	0
gotehababiro	ごてはばびろ	ゴテハバビロ	0
goten	ごてん	ゴテン	0
goto	ごと	ゴト	0
gotoni	ごとに	ゴトニ	0
gotoshi	ごとし	ゴトシ	0
gou	ごう	ゴウ	0
gouban	ごうばん	ゴウバン	0
gouben	ごうべん	ゴウベン	0
goudatsu	ごうだつ	ゴウダツ	0
goudou	ごうどう	ゴウドウ	0
gougai	ごうがい	ゴウガイ	0
gougi	ごうぎ	ゴウギ	0
gouhan	ごうはん	ゴウハン	0
gouhi	ごうひ	ゴウヒ	0
gouhou	ごうほう	ゴウホウ	0
gouhouteki	ごうほうてき	ゴウホウテキ	0
goui	ごうい	ゴウイ	0
gouin	ごういん	ゴウイン	0
goujou	ごうじょう	ゴウジョウ	0
gouk	ごう	ゴウ	3
gouka	ごうか	ゴウカ	0
goukai	ごうかい	ゴウカイ	0
goukaku	ごうかく	ゴウカク	0
goukei	ごうけい	ゴウケイ	0
gouken	ごうけん	ゴウケン	0
gouketsu	ごうけつ	ゴウケツ	0
goukin	ごうきん	ゴウキン	0
gouky	ごう	ゴウ	3
goukyu	ごうきゅ	ゴウキュ	0
goukyuu	ごうきゅう	ゴウキュウ	0
goukyuuhoukou	ごうきゅうほうこう	ゴウキュウホウコウ	0
gouman	ごうまん	ゴウマン	0
goumon	ごうもん	ゴウモン	0
gourei	ごうれい	ゴウレイ	0
gouri	ごうり	ゴウリ	0
gourika	ごうりか	ゴウリカ	0
gouriteki	ごうりてき	ゴウリテキ	0
gouryoku	ごうりょく	ゴウリョク	0
gouryuu	ごうりゅう	ゴウリュウ	0
gousei	ごうせい	ゴウセイ	0
gouseiseni	ごうせいせに	ゴウセイセニ	0
gouseisenzai	ごうせいせんざい	ゴウセイセンザイ	0
gousen	ごうせん	ゴウセン	0
gousha	ごうしゃ	ゴウシャ	0
goutou	ごうとう	ゴウトウ	0
gouu	ごうう	ゴウウ	0
gouzoku	ごうぞく	ゴウゾク	0
govyi	ごゔぃ	ゴヴィ	0
goyoutei	ごようてい	ゴヨウテイ	0
goz	ご	ゴ	2
goza	ござ	ゴザ	0
gozaimasu	ございます	ゴザイマス	0
goze	ごぜ	ゴゼ	0
gozen	ごぜん	ゴゼン	0
gozenc	ごぜん	ゴゼン	5
gozench	ごぜん	ゴゼン	5
gozenchu	ごぜんちゅ	ゴゼンチュ	0
gozenchuu	ごぜんちゅう	ゴゼンチュウ	0
gozenchuufuseru	ごぜんちゅうふせる	ゴゼンチュウフセル	0
gozonji	ごぞんじ	ゴゾンジ	0
gu	ぐ	グ	0
guai	ぐあい	グアイ	0
guamu	ぐあむ	グアム	0
guatemara	ぐあてまら	グアテマラ	0
guatemarakyouwakoku	ぐあてまらきょうわこく	グアテマラキョウワコク	0
guc	ぐ	グ	2
guch	ぐ	グ	2
guchi	ぐち	グチ	0
guchihagi	ぐちはぎ	グチハギ	0
gudaguda	ぐだぐだ	グダグダ	0
guddo	ぐっど	グッド	0
gun	ぐん	グン	0
gunbai	ぐんばい	グンバイ	0
gunbi	ぐんび	グンビ	0
gunbu	ぐんぶ	グンブ	0
gund	ぐん	グン	3
gunda	ぐんだ	グンダ	0
gundan	ぐんだん	グンダン	0
gundanhakkan	ぐんだんはっかん	グンダンハッカン	0
guni	ぐに	グニ	0
gunji	ぐんじ	グンジ	0
gunjin	ぐんじん	グンジン	0
gunju	ぐんじゅ	グンジュ	0
gunkaku	ぐんかく	グンカク	0
gunkan	ぐんかん	グンカン	0
gunki	ぐんき	グンキ	0
gunkokushugi	ぐんこくしゅぎ	グンコクシュギ	0
gunkou	ぐんこう	グンコウ	0
gunpuku	ぐんぷく	グンプク	0
gunpyou	ぐんぴょう	グンピョウ	0
gunsei	ぐんせい	グンセイ	0
gunshuku	ぐんしゅく	グンシュク	0
gunshuu	ぐんしゅう	グンシュウ	0
guntai	ぐんたい	グンタイ	0
guntou	ぐんとう	グントウ	0
gunyou	ぐにょう	グニョウ	0
gunzoku	ぐんぞく	グンゾク	0
gunzou	ぐんぞう	グンゾウ	0
gur	ぐ	グ	2
gura	ぐら	グラ	0
gurabia	ぐらびあ	グラビア	0
guradeeshon	ぐらでえしょん	グラデエション	0
gurafu	ぐらふ	グラフ	0
gurafyikku	ぐらふぃっく	グラフィック	0
gurafyikkusu	ぐらふぃっくす	グラフィックス	0
guragura	ぐらぐら	グラグラ	0
gurai	ぐらい	グライ	0
guraidaa	ぐらいだあ	グライダア	0
guraiko	ぐらいこ	グライコ	0
guramaa	ぐらまあ	グラマア	0
guramu	ぐらむ	グラム	0
guran	ぐらん	グラン	0
gurande	ぐらんで	グランデ	0
gurando	ぐらんど	グランド	0
gurandopiano	ぐらんどぴあの	グランドピアノ	0
guranpuri	ぐらんぷり	グランプリ	0
gurans	ぐらん	グラン	5
guransu	ぐらんす	グランス	0
guransusaishou	ぐらんすさいしょう	グランスサイショウ	0
gurasu	ぐらす	グラス	0
gurasufuaibaa	ぐらすふあいばあ	グラスフアイバア	0
guratan	ぐらたん	グラタン	0
guraundo	ぐらうんど	グラウンド	0
gure	ぐれ	グレ	0
guree	ぐれえ	グレエ	0
gureedo	ぐれえど	グレエド	0
gureepufuruutsu	ぐれえぷふるうつ	グレエプフルウツ	0
gureeto	ぐれえと	グレエト	0
gureezoon	ぐれえぞおん	グレエゾオン	0
guregorio	ぐれごりお	グレゴリオ	0
gurek	ぐれ	グレ	4
gureko	ぐれこ	グレコ	0
gurekor	ぐれこ	グレコ	6
gurekoro	ぐれころ	グレコロ	0
gurekoroo	ぐれころお	グレコロオ	0
gurekoroom	ぐれころお	グレコロオ	9
gurekorooma	ぐれころおま	グレコロオマ	0
gurekorooman	ぐれころおまん	グレコロオマン	0
gurekoroomans	ぐれころおまん	グレコロオマン	12
gurekoroomansu	ぐれころおまんす	グレコロオマンス	0
gurekoroomansut	ぐれころおまんす	グレコロオマンス	14
gurekoroomansuta	ぐれころおまんすた	グレコロオマンスタ	0
gurekoroomansutai	ぐれころおまんすたい	グレコロオマンスタイ	0
gurekoroomansutair	ぐれころおまんすたい	グレコロオマンスタイ	17
gurekoroomansutairu	ぐれころおまんすたいる	グレコロオマンスタイル	0
gurekoroomansutairusaishu	ぐれころおまんすたいるさいしゅ	グレコロオマンスタイルサイシュ	0
gurentai	ぐれんたい	グレンタイ	0
guriikurabu	ぐりいくらぶ	グリイクラブ	0
guriin	ぐりいん	グリイン	0
guriinfyii	ぐりいんふぃい	グリインフィイ	0
guriinpiisu	ぐりいんぴいす	グリインピイス	0
guriinrando	ぐりいんらんど	グリインランド	0
guriinsukuuru	ぐりいんすくうる	グリインスクウル	0
gurikoogen	ぐりこおげん	グリコオゲン	0
gurinpiisu	ぐりんぴいす	グリンピイス	0
gurippu	ぐりっぷ	グリップ	0
guriru	ぐりる	グリル	0
guro	ぐろ	グロ	0
guroobarizumu	ぐろおばりずむ	グロオバリズム	0
guroobaru	ぐろおばる	グロオバル	0
guroobaruka	ぐろおばるか	グロオバルカ	0
guroobu	ぐろおぶ	グロオブ	0
guroria	ぐろりあ	グロリア	0
gurotesuku	ぐろてすく	グロテスク	0
guruguru	ぐるぐる	グルグル	0
gurume	ぐるめ	グルメ	0
gururi	ぐるり	グルリ	0
gurutto	ぐるっと	グルット	0
guruu	ぐるう	グルウ	0
guruupu	ぐるうぷ	グルウプ	0
guruupuhoomu	ぐるうぷほおむ	グルウプホオム	0
gushou	ぐしょう	グショウ	0
gussuri	ぐっすり	グッスリ	0
gutai	ぐたい	グタイ	0
gutaika	ぐたいか	グタイカ	0
gutaiteki	ぐたいてき	グタイテキ	0
guttari	ぐったり	グッタリ	0
guu	ぐう	グウ	0
guuhatsu	ぐうはつ	グウハツ	0
guuru	ぐうる	グウル	0
guusuu	ぐうすう	グウスウ	0
guuzen	ぐうぜん	グウゼン	0
guuzou	ぐうぞう	グウゾウ	0
guvyo	ぐゔょ	グヴョ	0
guzuguzu	ぐずぐず	グズグズ	0
guzzu	ぐっず	グッズ	0
gwa	ぐぁ	グァ	0
gwavyu	ぐぁゔゅ	グァヴュ	0
gwe	ぐぇ	グェ	0
gwewa	ぐぇわ	グェワ	0
gwi	ぐぃ	グィ	0
gwiwe	ぐぃうぇ	グィウェ	0
gwo	ぐぉ	グォ	0
gwowha	ぐぉうぁ	グォウァ	0
gwu	ぐぅ	グゥ	0
gwuwhe	ぐぅうぇ	グゥウェ	0
gy			0
gya	ぎゃ	ギャ	0
gyagu	ぎゃぐ	ギャグ	0
gyak	ぎゃ	ギャ	3
gyakk	ぎゃ	ギャ	3
gyakky	ぎゃ	ギャ	3
gyakkyo	ぎゃっきょ	ギャッキョ	0
gyakkyou	ぎゃっきょう	ギャッキョウ	0
gyakkyoudokusatsu	ぎゃっきょうどくさつ	ギャッキョウドクサツ	0
gyaku	ぎゃく	ギャク	0
gyakufuu	ぎゃくふう	ギャクフウ	0
gyakukouka	ぎゃくこうか	ギャクコウカ	0
gyakumodori	ぎゃくもどり	ギャクモドリ	0
gyakusatsu	ぎゃくさつ	ギャクサツ	0
gyakusetsu	ぎゃくせつ	ギャクセツ	0
gyakushuu	ぎゃくしゅう	ギャクシュウ	0
gyakutai	ぎゃくたい	ギャクタイ	0
gyakute	ぎゃくて	ギャクテ	0
gyakuten	ぎゃくてん	ギャクテン	0
gyakutengachi	ぎゃくてんがち	ギャクテンガチ	0
gyakuyunyuu	ぎゃくゆにゅう	ギャクユニュウ	0
gyanburaa	ぎゃんぶらあ	ギャンブラア	0
gyanburu	ぎゃんぶる	ギャンブル	0
gyangu	ぎゃんぐ	ギャング	0
gyappu	ぎゃっぷ	ギャップ	0
gyara	ぎゃら	ギャラ	0
gyararii	ぎゃらりい	ギャラリイ	0
gyaroppinguinfure	ぎゃろっぴんぐいんふれ	ギャロッピングインフレ	0
gyaru	ぎゃる	ギャル	0
gyaruson	ぎゃるそん	ギャルソン	0
gyawhi	ぎゃうぃ	ギャウィ	0
gye	ぎぇ	ギェ	0
gyewho	ぎぇうぉ	ギェウォ	0
gyi	ぎぃ	ギィ	0
gyiwhu	ぎぃう	ギィウ	0
gyo	ぎょ	ギョ	0
gyoen	ぎょえん	ギョエン	0
gyogun	ぎょぐん	ギョグン	0
gyogyou	ぎょぎょう	ギョギョウ	0
gyojou	ぎょじょう	ギョジョウ	0
gyok	ぎょ	ギョ	3
gyokai	ぎょかい	ギョカイ	0
gyokairui	ぎょかいるい	ギョカイルイ	0
gyokaku	ぎょかく	ギョカク	0
gyokou	ぎょこう	ギョコウ	0
gyoku	ぎょく	ギョク	0
gyokus	ぎょく	ギョク	5
gyokusa	ぎょくさ	ギョクサ	0
gyokusai	ぎょくさい	ギョクサイ	0
gyokusainouritsu	ぎょくさいのうりつ	ギョクサイノウリツ	0
gyomin	ぎょみん	ギョミン	0
gyoniku	ぎょにく	ギョニク	0
gyooza	ぎょおざ	ギョオザ	0
gyorai	ぎょらい	ギョライ	0
gyorui	ぎょるい	ギョルイ	0
gyosen	ぎょせん	ギョセン	0
gyoson	ぎょそん	ギョソン	0
gyotto	ぎょっと	ギョット	0
gyou	ぎょう	ギョウ	0
gyougi	ぎょうぎ	ギョウギ	0
gyouji	ぎょうじ	ギョウジ	0
gyoukai	ぎょうかい	ギョウカイ	0
gyoukaku	ぎょうかく	ギョウカク	0
gyoukan	ぎょうかん	ギョウカン	0
gyouko	ぎょうこ	ギョウコ	0
gyoumu	ぎょうむ	ギョウム	0
gyouretsu	ぎょうれつ	ギョウレツ	0
gyousei	ぎょうせい	ギョウセイ	0
gyouseikikan	ぎょうせいきかん	ギョウセイキカン	0
gyouseishobun	ぎょうせいしょぶん	ギョウセイショブン	0
gyouseisoshou	ぎょうせいそしょう	ギョウセイソショウ	0
gyouseki	ぎょうせき	ギョウセキ	0
gyousha	ぎょうしゃ	ギョウシャ	0
gyoushi	ぎょうし	ギョウシ	0
gyoushu	ぎょうしゅ	ギョウシュ	0
gyoushuku	ぎょうしゅく	ギョウシュク	0
gyouten	ぎょうてん	ギョウテン	0
gyowi	ぎょうぃ	ギョウィ	0
gyu	ぎゅ	ギュ	0
gyutto	ぎゅっと	ギュット	0
gyuudon	ぎゅうどん	ギュウドン	0
gyuugyuu	ぎゅうぎゅう	ギュウギュウ	0
gyuuho	ぎゅうほ	ギュウホ	0
gyuuniku	ぎゅうにく	ギュウニク	0
gyuunyuu	ぎゅうにゅう	ギュウニュウ	0
gyuusha	ぎゅうしゃ	ギュウシャ	0
gyuwo	ぎゅを	ギュヲ	0
h			0
ha	は	ハ	0
haabaa	はあばあ	ハアバア	0
haabu	はあぶ	ハアブ	0
haado	はあど	ハアド	0
haadoboirudo	はあどぼいるど	ハアドボイルド	0
haadodeisuku	はあどでいすく	ハアドデイスク	0
haadokabaa	はあどかばあ	ハアドカバア	0
haadorokku	はあどろっく	ハアドロック	0
haadoru	はあどる	ハアドル	0
haadotoppu	はあどとっぷ	ハアドトップ	0
haadouea	はあどうえあ	ハアドウエア	0
haafu	はあふ	ハアフ	0
haafutaimu	はあふたいむ	ハアフタイム	0
haaku	はあく	ハアク	0
haamonii	はあもにい	ハアモニイ	0
haamonika	はあもにか	ハアモニカ	0
haapu	はあぷ	ハアプ	0
haaraadaabii	はあらあだあびい	ハアラアダアビイ	0
haaremu	はあれむ	ハアレム	0
haato	はあと	ハアト	0
hab	は	ハ	2
haba	はば	ハバ	0
hababiro	はばびろ	ハバビロ	0
habahiro	はばひろ	ハバヒロ	0
habahiroi	はばひろい	ハバヒロイ	0
habam	はば	ハバ	4
habamu	はばむ	ハバム	0
habamukoushikisen	はばむこうしきせん	ハバムコウシキセン	0
habatsu	はばつ	ハバツ	0
habikoru	はびこる	ハビコル	0
habuku	はぶく	ハブク	0
haburashi	はぶらし	ハブラシ	0
hachi	はち	ハチ	0
hachibuonpu	はちぶおんぷ	ハチブオンプ	0
hachigatsu	はちがつ	ハチガツ	0
hachijuu	はちじゅう	ハチジュウ	0
hachimaki	はちまき	ハチマキ	0
hachiman	はちまん	ハチマン	0
hachimitsu	はちみつ	ハチミツ	0
hachiue	はちうえ	ハチウエ	0
hachou	はちょう	ハチョウ	0
hachuurui	はちゅうるい	ハチュウルイ	0
hada	はだ	ハダ	0
hadagi	はだぎ	ハダギ	0
hadairo	はだいろ	ハダイロ	0
hadaka	はだか	ハダカ	0
hadasamui	はださむい	ハダサムイ	0
hadashi	はだし	ハダシ	0
hadazawari	はだざわり	ハダザワリ	0
hade	はで	ハデ	0
hadome	はどめ	ハドメ	0
hae	はえ	ハエ	0
haenuki	はえぬき	ハエヌキ	0
haeru	はえる	ハエル	0
hag	は	ハ	2
haga	はが	ハガ	0
hagak	はが	ハガ	4
hagaki	はがき	ハガキ	0
hagakinoizu	はがきのいず	ハガキノイズ	0
hagane	はがね	ハガネ	0
hagareru	はがれる	ハガレル	0
hagasu	はがす	ハガス	0
hagay	はが	ハガ	4
hagayu	はがゆ	ハガユ	0
hagayui	はがゆい	ハガユイ	0
hagayuiyouken	はがゆいようけん	ハガユイヨウケン	0
hage	はげ	ハゲ	0
hagemashi	はげまし	ハゲマシ	0
hagemasu	はげます	ハゲマス	0
hagemi	はげみ	ハゲミ	0
hagemu	はげむ	ハゲム	0
hageru	はげる	ハゲル	0
hageshii	はげしい	ハゲシイ	0
hagi	はぎ	ハギ	0
hagire	はぎれ	ハギレ	0
hagoromo	はごろも	ハゴロモ	0
hagotae	はごたえ	ハゴタエ	0
hagu	はぐ	ハグ	0
hagukumu	はぐくむ	ハグクム	0
hagureru	はぐれる	ハグレル	0
haguruma	はぐるま	ハグルマ	0
haha	はは	ハハ	0
hahakata	ははかた	ハハカタ	0
hahaoya	ははおや	ハハオヤ	0
hahei	はへい	ハヘイ	0
hahen	はへん	ハヘン	0
hahha	はっは	ハッハ	0
hai	はい	ハイ	0
haian	はいあん	ハイアン	0
haibi	はいび	ハイビ	0
haibijon	はいびじょん	ハイビジョン	0
haibisukasu	はいびすかす	ハイビスカス	0
haiboku	はいぼく	ハイボク	0
haibun	はいぶん	ハイブン	0
haiburiddo	はいぶりっど	ハイブリッド	0
haichi	はいち	ハイチ	0
haiden	はいでん	ハイデン	0
haien	はいえん	ハイエン	0
haifu	はいふ	ハイフ	0
haifuai	はいふあい	ハイフアイ	0
haigo	はいご	ハイゴ	0
haigou	はいごう	ハイゴウ	0
haiguusha	はいぐうしゃ	ハイグウシャ	0
haigyou	はいぎょう	ハイギョウ	0
haihiiru	はいひいる	ハイヒイル	0
haihon	はいほん	ハイホン	0
haiin	はいいん	ハイイン	0
haiiro	はいいろ	ハイイロ	0
haijakku	はいじゃっく	ハイジャック	0
haijin	はいじん	ハイジン	0
haijo	はいじょ	ハイジョ	0
haik	はい	ハイ	3
haikaa	はいかあ	ハイカア	0
haikan	はいかん	ハイカン	0
haikei	はいけい	ハイケイ	0
haikekkaku	はいけっかく	ハイケッカク	0
haiken	はいけん	ハイケン	0
haiki	はいき	ハイキ	0
haikibutsu	はいきぶつ	ハイキブツ	0
haikigasu	はいきがす	ハイキガス	0
haikingu	はいきんぐ	ハイキング	0
haikou	はいこう	ハイコウ	0
haiku	はいく	ハイク	0
haikujuuatsu	はいくじゅうあつ	ハイクジュウアツ	0
haikyo	はいきょ	ハイキョ	0
haikyuu	はいきゅう	ハイキュウ	0
haimu	はいむ	ハイム	0
hainichi	はいにち	ハイニチ	0
hainin	はいにん	ハイニン	0
haipaa	はいぱあ	ハイパア	0
haipeesu	はいぺえす	ハイペエス	0
hairaito	はいらいと	ハイライト	0
hairando	はいらんど	ハイランド	0
haireberu	はいれべる	ハイレベル	0
hairegu	はいれぐ	ハイレグ	0
hairetsu	はいれつ	ハイレツ	0
hairikomu	はいりこむ	ハイリコム	0
hairu	はいる	ハイル	0
hairyo	はいりょ	ハイリョ	0
hais	はい	ハイ	3
haiseki	はいせき	ハイセキ	0
haisen	はいせん	ハイセン	0
haish	はい	ハイ	3
haisha	はいしゃ	ハイシャ	0
haishaku	はいしゃく	ハイシャク	0
haishanomi	はいしゃのみ	ハイシャノミ	0
haishi	はいし	ハイシ	0
haishin	はいしん	ハイシン	0
haishu	はいしゅ	ハイシュ	0
haishut	はいしゅ	ハイシュ	6
haishuts	はいしゅ	ハイシュ	6
haishutsu	はいしゅつ	ハイシュツ	0
haishutsubishobisho	はいしゅつびしょびしょ	ハイシュツビショビショ	0
haiso	はいそ	ハイソ	0
haisou	はいそう	ハイソウ	0
haisousaki	はいそうさき	ハイソウサキ	0
haisui	はいすい	ハイスイ	0
haisukuuru	はいすくうる	ハイスクウル	0
haita	はいた	ハイタ	0
haitai	はいたい	ハイタイ	0
haitashugi	はいたしゅぎ	ハイタシュギ	0
haitatsu	はいたつ	ハイタツ	0
haiteiin	はいていいん	ハイテイイン	0
haiteku	はいてく	ハイテク	0
haitou	はいとう	ハイトウ	0
haitsu	はいつ	ハイツ	0
haiuei	はいうえい	ハイウエイ	0
haiy	はい	ハイ	3
haiyaa	はいやあ	ハイヤア	0
haiyaku	はいやく	ハイヤク	0
haiyu	はいゆ	ハイユ	0
haiyuu	はいゆう	ハイユウ	0
haiyuunioite	はいゆうにおいて	ハイユウニオイテ	0
haizai	はいざい	ハイザイ	0
haizara	はいざら	ハイザラ	0
haizetsu	はいぜつ	ハイゼツ	0
haizoku	はいぞく	ハイゾク	0
haji	はじ	ハジ	0
hajiku	はじく	ハジク	0
hajimari	はじまり	ハジマリ	0
hajimaru	はじまる	ハジマル	0
hajime	はじめ	ハジメ	0
hajimemashite	はじめまして	ハジメマシテ	0
hajimeni	はじめに	ハジメニ	0
hajimeru	はじめる	ハジメル	0
hajimete	はじめて	ハジメテ	0
hajirau	はじらう	ハジラウ	0
hajiru	はじる	ハジル	0
hajisarashi	はじさらし	ハジサラシ	0
hajishirazu	はじしらず	ハジシラズ	0
hak	は	ハ	2
haka	はか	ハカ	0
hakadoru	はかどる	ハカドル	0
hakai	はかい	ハカイ	0
hakaku	はかく	ハカク	0
hakama	はかま	ハカマ	0
hakamairi	はかまいり	ハカマイリ	0
hakanai	はかない	ハカナイ	0
hakar	はか	ハカ	4
hakari	はかり	ハカリ	0
hakarishirenai	はかりしれない	ハカリシレナイ	0
hakaru	はかる	ハカル	0
hakaruakunin	はかるあくにん	ハカルアクニン	0
hakase	はかせ	ハカセ	0
hakata	はかた	ハカタ	0
hake	はけ	ハケ	0
haken	はけん	ハケン	0
hakendokidoki	はけんどきどき	ハケンドキドキ	0
haki	はき	ハキ	0
hakidasu	はきだす	ハキダス	0
hakifurushi	はきふるし	ハキフルシ	0
hakike	はきけ	ハキケ	0
hakimono	はきもの	ハキモノ	0
hakka	はっか	ハッカ	0
hakkaa	はっかあ	ハッカア	0
hakkaku	はっかく	ハッカク	0
hakkan	はっかん	ハッカン	0
hakkekkyuu	はっけっきゅう	ハッケッキュウ	0
hakken	はっけん	ハッケン	0
hakketsubyou	はっけつびょう	ハッケツビョウ	0
hakki	はっき	ハッキ	0
hakkin	はっきん	ハッキン	0
hakkiri	はっきり	ハッキリ	0
hakkotsu	はっこつ	ハッコツ	0
hakkou	はっこう	ハッコウ	0
hakkutsu	はっくつ	ハックツ	0
hakkyuu	はっきゅう	ハッキュウ	0
hako	はこ	ハコ	0
hakobi	はこび	ハコビ	0
hakobu	はこぶ	ハコブ	0
haku	はく	ハク	0
hakuai	はくあい	ハクアイ	0
hakuba	はくば	ハクバ	0
hakubutsu	はくぶつ	ハクブツ	0
hakubutsukan	はくぶつかん	ハクブツカン	0
hakuchou	はくちょう	ハクチョウ	0
hakuchuu	はくちゅう	ハクチュウ	0
hakugai	はくがい	ハクガイ	0
hakugaku	はくがく	ハクガク	0
hakugeki	はくげき	ハクゲキ	0
hakugekihou	はくげきほう	ハクゲキホウ	0
hakuhatsu	はくはつ	ハクハツ	0
hakui	はくい	ハクイ	0
hakujaku	はくじゃく	ハクジャク	0
hakujin	はくじん	ハクジン	0
hakujou	はくじょう	ハクジョウ	0
hakum	はく	ハク	4
hakuma	はくま	ハクマ	0
hakumai	はくまい	ハクマイ	0
hakumaiwakuwaku	はくまいわくわく	ハクマイワクワク	0
hakunaishou	はくないしょう	ハクナイショウ	0
hakunetsu	はくねつ	ハクネツ	0
hakurai	はくらい	ハクライ	0
hakurankai	はくらんかい	ハクランカイ	0
hakuryoku	はくりょく	ハクリョク	0
hakus	はく	ハク	4
hakusai	はくさい	ハクサイ	0
hakusen	はくせん	ハクセン	0
hakush	はく	ハク	4
hakusha	はくしゃ	ハクシャ	0
hakushaku	はくしゃく	ハクシャク	0
hakushi	はくし	ハクシ	0
hakusho	はくしょ	ハクショ	0
hakushu	はくしゅ	ハクシュ	0
hakushuyabai	はくしゅやばい	ハクシュヤバイ	0
hakutaru	はくたる	ハクタル	0
hakyoku	はきょく	ハキョク	0
hakyuu	はきゅう	ハキュウ	0
hama	はま	ハマ	0
hamabe	はまべ	ハマベ	0
hamaki	はまき	ハマキ	0
hamamatsu	はままつ	ハママツ	0
hamaru	はまる	ハマル	0
hame	はめ	ハメ	0
hameru	はめる	ハメル	0
hametsu	はめつ	ハメツ	0
hamidasu	はみだす	ハミダス	0
hamigaki	はみがき	ハミガキ	0
hamon	はもん	ハモン	0
hamono	はもの	ハモノ	0
hamu	はむ	ハム	0
hamukau	はむかう	ハムカウ	0
hamusutaa	はむすたあ	ハムスタア	0
han	はん	ハン	0
hana	はな	ハナ	0
hanab	はな	ハナ	4
hanabanashii	はなばなしい	ハナバナシイ	0
hanabi	はなび	ハナビ	0
hanabir	はなび	ハナビ	6
hanabira	はなびら	ハナビラ	0
hanabirachishiki	はなびらちしき	ハナビラチシキ	0
hanabitaikai	はなびたいかい	ハナビタイカイ	0
hanagami	はながみ	ハナガミ	0
hanagata	はながた	ハナガタ	0
hanah	はな	ハナ	4
hanaha	はなは	ハナハ	0
hanahad	はなは	ハナハ	6
hanahada	はなはだ	ハナハダ	0
hanahadahibari	はなはだひばり	ハナハダヒバリ	0
hanahadashii	はなはだしい	ハナハダシイ	0
hanaiki	はないき	ハナイキ	0
hanaji	はなじ	ハナジ	0
hanami	はなみ	ハナミ	0
hanamichi	はなみち	ハナミチ	0
hanamizu	はなみず	ハナミズ	0
hanamuko	はなむこ	ハナムコ	0
hanareru	はなれる	ハナレル	0
hanasaki	はなさき	ハナサキ	0
hanashi	はなし	ハナシ	0
hanashiai	はなしあい	ハナシアイ	0
hanashiau	はなしあう	ハナシアウ	0
hanashigoe	はなしごえ	ハナシゴエ	0
hanashikakeru	はなしかける	ハナシカケル	0
hanashikata	はなしかた	ハナシカタ	0
hanashikomu	はなしこむ	ハナシコム	0
hanashikotoba	はなしことば	ハナシコトバ	0
hanasu	はなす	ハナス	0
hanataba	はなたば	ハナタバ	0
hanatsu	はなつ	ハナツ	0
hanawa	はなわ	ハナワ	0
hanaya	はなや	ハナヤ	0
hanayaka	はなやか	ハナヤカ	0
hanayome	はなよめ	ハナヨメ	0
hanazakari	はなざかり	ハナザカリ	0
hanazono	はなぞの	ハナゾノ	0
hanb	はん	ハン	3
hanba	はんば	ハンバ	0
hanbaagaa	はんばあがあ	ハンバアガア	0
hanbaagu	はんばあぐ	ハンバアグ	0
hanbai	はんばい	ハンバイ	0
hanbaii	はんばいい	ハンバイイ	0
hanbaiin	はんばいいん	ハンバイイン	0
hanbaiintsuyosa	はんばいいんつよさ	ハンバイインツヨサ	0
hanbei	はんべい	ハンベイ	0
hanbun	はんぶん	ハンブン	0
hanchou	はんちょう	ハンチョウ	0
handan	はんだん	ハンダン	0
hande	はんで	ハンデ	0
handeikyappu	はんでいきゃっぷ	ハンデイキャップ	0
hando	はんど	ハンド	0
handobaggu	はんどばっぐ	ハンドバッグ	0
handobooru	はんどぼおる	ハンドボオル	0
handobukku	はんどぶっく	ハンドブック	0
handomeido	はんどめいど	ハンドメイド	0
handoru	はんどる	ハンドル	0
handou	はんどう	ハンドウ	0
handoutai	はんどうたい	ハンドウタイ	0
hane	はね	ハネ	0
haneagaru	はねあがる	ハネアガル	0
hanei	はねい	ハネイ	0
hanemuun	はねむうん	ハネムウン	0
haner	はね	ハネ	4
haneru	はねる	ハネル	0
haneruundoujou	はねるうんどうじょう	ハネルウンドウジョウ	0
hang	はん	ハン	3
hanga	はんが	ハンガ	0
hangaa	はんがあ	ハンガア	0
hangaku	はんがく	ハンガク	0
hangeki	はんげき	ハンゲキ	0
hangen	はんげん	ハンゲン	0
hangu	はんぐ	ハング	0
hangur	はんぐ	ハング	5
hangurii	はんぐりい	ハングリイ	0
hanguru	はんぐる	ハングル	0
hanguruchijimaru	はんぐるちじまる	ハングルチジマル	0
hangyaku	はんぎゃく	ハンギャク	0
hanhan	はんはん	ハンハン	0
hani	はに	ハニ	0
hanji	はんじ	ハンジ	0
hanjou	はんじょう	ハンジョウ	0
hanjuku	はんじゅく	ハンジュク	0
hank	はん	ハン	3
hankachi	はんかち	ハンカチ	0
hankagai	はんかがい	ハンカガイ	0
hankan	はんかん	ハンカン	0
hankanhanmin	はんかんはんみん	ハンカンハンミン	0
hanke	はんけ	ハンケ	0
hankei	はんけい	ハンケイ	0
hanken	はんけん	ハンケン	0
hankeninshurin	はんけにんしゅりん	ハンケニンシュリン	0
hanketsu	はんけつ	ハンケツ	0
hanki	はんき	ハンキ	0
hanko	はんこ	ハンコ	0
hankou	はんこう	ハンコウ	0
hankyou	はんきょう	ハンキョウ	0
hanmaa	はんまあ	ハンマア	0
hanmei	はんめい	ハンメイ	0
hanmen	はんめん	ハンメン	0
hanmo	はんも	ハンモ	0
hanne	はんね	ハンネ	0
hannen	はんねん	ハンネン	0
hannichi	はんにち	ハンニチ	0
hannin	はんにん	ハンニン	0
hannou	はんのう	ハンノウ	0
hannyuu	はんにゅう	ハンニュウ	0
hanpa	はんぱ	ハンパ	0
hanpatsu	はんぱつ	ハンパツ	0
hanpu	はんぷ	ハンプ	0
hanpuku	はんぷく	ハンプク	0
hanraku	はんらく	ハンラク	0
hanran	はんらん	ハンラン	0
hanrei	はんれい	ハンレイ	0
hanro	はんろ	ハンロ	0
hanron	はんろん	ハンロン	0
hanryo	はんりょ	ハンリョ	0
hans	はん	ハン	3
hansamu	はんさむ	ハンサム	0
hansayou	はんさよう	ハンサヨウ	0
hansei	はんせい	ハンセイ	0
hansen	はんせん	ハンセン	0
hansha	はんしゃ	ハンシャ	0
hanshateki	はんしゃてき	ハンシャテキ	0
hanshin	はんしん	ハンシン	0
hanshoku	はんしょく	ハンショク	0
hanshou	はんしょう	ハンショウ	0
hanshu	はんしゅ	ハンシュ	0
hanshutsu	はんしゅつ	ハンシュツ	0
hanshuu	はんしゅう	ハンシュウ	0
hanso	はんそ	ハンソ	0
hansod	はんそ	ハンソ	5
hansode	はんそで	ハンソデ	0
hansodeandaarain	はんそであんだあらいん	ハンソデアンダアライン	0
hansoku	はんそく	ハンソク	0
hansou	はんそう	ハンソウ	0
hansuru	はんする	ハンスル	0
hansuto	はんすと	ハンスト	0
hansuu	はんすう	ハンスウ	0
hant	はん	ハン	3
hanta	はんた	ハンタ	0
hantaa	はんたあ	ハンタア	0
hantai	はんたい	ハンタイ	0
hantaigawa	はんたいがわ	ハンタイガワ	0
hantais	はんたい	ハンタイ	6
hantaise	はんたいせ	ハンタイセ	0
hantaisei	はんたいせい	ハンタイセイ	0
hantaiseiitaria	はんたいせいいたりあ	ハンタイセイイタリア	0
hantei	はんてい	ハンテイ	0
hanteingu	はんていんぐ	ハンテイング	0
hanten	はんてん	ハンテン	0
hantoshi	はんとし	ハントシ	0
hantou	はんとう	ハントウ	0
hantsuki	はんつき	ハンツキ	0
hanyou	はにょう	ハニョウ	0
hanzai	はんざい	ハンザイ	0
hanzaisha	はんざいしゃ	ハンザイシャ	0
hanzatsu	はんざつ	ハンザツ	0
haori	はおり	ハオリ	0
hap	は	ハ	2
happ	は	ハ	2
happa	はっぱ	ハッパ	0
happii	はっぴい	ハッピイ	0
happiiendo	はっぴいえんど	ハッピイエンド	0
happo	はっぽ	ハッポ	0
happou	はっぽう	ハッポウ	0
happous	はっぽう	ハッポウ	6
happousu	はっぽうす	ハッポウス	0
happousuc	はっぽうす	ハッポウス	8
happousuch	はっぽうす	ハッポウス	8
happousuchi	はっぽうすち	ハッポウスチ	0
happousuchir	はっぽうすち	ハッポウスチ	11
happousuchiro	はっぽうすちろ	ハッポウスチロ	0
happousuchiroo	はっぽうすちろお	ハッポウスチロオ	0
happousuchiroor	はっぽうすちろお	ハッポウスチロオ	14
happousuchirooru	はっぽうすちろおる	ハッポウスチロオル	0
happousuchirooruapurikeeshon	はっぽうすちろおるあぷりけえしょん	ハッポウスチロオルアプリケエション	0
happyou	はっぴょう	ハッピョウ	0
happyoukai	はっぴょうかい	ハッピョウカイ	0
hapuningu	はぷにんぐ	ハプニング	0
har	は	ハ	2
hara	はら	ハラ	0
harahara	はらはら	ハラハラ	0
harai	はらい	ハライ	0
haraikomu	はらいこむ	ハライコム	0
haraimodoshi	はらいもどし	ハライモドシ	0
haraimodosu	はらいもどす	ハライモドス	0
haraippai	はらいっぱい	ハライッパイ	0
haramu	はらむ	ハラム	0
haran	はらん	ハラン	0
haranatsukai	はらなつかい	ハラナツカイ	0
haranbanjou	はらんばんじょう	ハランバンジョウ	0
harappa	はらっぱ	ハラッパ	0
harasu	はらす	ハラス	0
harau	はらう	ハラウ	0
hare	はれ	ハレ	0
hareru	はれる	ハレル	0
haretsu	はれつ	ハレツ	0
hari	はり	ハリ	0
haridasu	はりだす	ハリダス	0
harigami	はりがみ	ハリガミ	0
harigane	はりがね	ハリガネ	0
harikeen	はりけえん	ハリケエン	0
harikiru	はりきる	ハリキル	0
haritsukeru	はりつける	ハリツケル	0
harogen	はろげん	ハロゲン	0
haron	はろん	ハロン	0
haroo	はろお	ハロオ	0
harou	はろう	ハロウ	0
harouiin	はろういいん	ハロウイイン	0
harouin	はろういん	ハロウイン	0
haru	はる	ハル	0
harubasho	はるばしょ	ハルバショ	0
haruka	はるか	ハルカ	0
harusaki	はるさき	ハルサキ	0
haruyasumi	はるやすみ	ハルヤスミ	0
has	は	ハ	2
hasaki	はさき	ハサキ	0
hasamaru	はさまる	ハサマル	0
hasami	はさみ	ハサミ	0
hasamiuchi	はさみうち	ハサミウチ	0
hasamu	はさむ	ハサム	0
hasan	はさん	ハサン	0
hasei	はせい	ハセイ	0
hash	は	ハ	2
hasha	はしゃ	ハシャ	0
hashagu	はしゃぐ	ハシャグ	0
hashi	はし	ハシ	0
hashigo	はしご	ハシゴ	0
hashir	はし	ハシ	5
hashira	はしら	ハシラ	0
hashiri	はしり	ハシリ	0
hashiridasu	はしりだす	ハシリダス	0
hashirigaki	はしりがき	ハシリガキ	0
hashirih	はしり	ハシリ	7
hashiriha	はしりは	ハシリハ	0
hashirihab	はしりは	ハシリハ	9
hashirihaba	はしりはば	ハシリハバ	0
hashirihabat	はしりはば	ハシリハバ	11
hashirihabato	はしりはばと	ハシリハバト	0
hashirihabatob	はしりはばと	ハシリハバト	13
hashirihabatobi	はしりはばとび	ハシリハバトビ	0
hashirihabatobisenja	はしりはばとびせんじゃ	ハシリハバトビセンジャ	0
hashirimawaru	はしりまわる	ハシリマワル	0
hashiritakatobi	はしりたかとび	ハシリタカトビ	0
hashiru	はしる	ハシル	0
hashitanai	はしたない	ハシタナイ	0
hashiwatashi	はしわたし	ハシワタシ	0
hashutsujo	はしゅつじょ	ハシュツジョ	0
hason	はそん	ハソン	0
hass	は	ハ	2
hassan	はっさん	ハッサン	0
hassei	はっせい	ハッセイ	0
hassh	は	ハ	2
hassha	はっしゃ	ハッシャ	0
hasshin	はっしん	ハッシン	0
hassho	はっしょ	ハッショ	0
hasshou	はっしょう	ハッショウ	0
hasshouc	はっしょう	ハッショウ	7
hasshouch	はっしょう	ハッショウ	7
hasshouchi	はっしょうち	ハッショウチ	0
hasshouchiatorie	はっしょうちあとりえ	ハッショウチアトリエ	0
hassou	はっそう	ハッソウ	0
hassuru	はっする	ハッスル	0
hasu	はす	ハス	0
hasuk	はす	ハス	4
hasuki	はすき	ハスキ	0
hasukii	はすきい	ハスキイ	0
hasukiijuusei	はすきいじゅうせい	ハスキイジュウセイ	0
hat	は	ハ	2
hata	はた	ハタ	0
hataage	はたあげ	ハタアゲ	0
hatachi	はたち	ハタチ	0
hatairo	はたいろ	ハタイロ	0
hatajirushi	はたじるし	ハタジルシ	0
hatake	はたけ	ハタケ	0
hataki	はたき	ハタキ	0
hatan	はたん	ハタン	0
hatar	はた	ハタ	4
hatara	はたら	ハタラ	0
hatarak	はたら	ハタラ	6
hatarakaseru	はたらかせる	ハタラカセル	0
hataraki	はたらき	ハタラキ	0
hatarakig	はたらき	ハタラキ	8
hatarakigu	はたらきぐ	ハタラキグ	0
hatarakiguc	はたらきぐ	ハタラキグ	10
hatarakiguch	はたらきぐ	ハタラキグ	10
hatarakiguchi	はたらきぐち	ハタラキグチ	0
hatarakiguchiyahari	はたらきぐちやはり	ハタラキグチヤハリ	0
hatarakikakeru	はたらきかける	ハタラキカケル	0
hatarakimono	はたらきもの	ハタラキモノ	0
hatarakite	はたらきて	ハタラキテ	0
hatarakizakari	はたらきざかり	ハタラキザカリ	0
hataraku	はたらく	ハタラク	0
hatashite	はたして	ハタシテ	0
hatasu	はたす	ハタス	0
hatchaku	は	ハ	2
hatchi	は	ハ	2
hatchou	は	ハ	2
hatchuu	は	ハ	2
hate	はて	ハテ	0
hater	はて	ハテ	4
hateru	はてる	ハテル	0
haterudanjiki	はてるだんじき	ハテルダンジキ	0
hateshinai	はてしない	ハテシナイ	0
hato	はと	ハト	0
hatoba	はとば	ハトバ	0
hats	は	ハ	2
hatsu	はつ	ハツ	0
hatsuan	はつあん	ハツアン	0
hatsub	はつ	ハツ	5
hatsubai	はつばい	ハツバイ	0
hatsubasho	はつばしょ	ハツバショ	0
hatsubu	はつぶ	ハツブ	0
hatsubut	はつぶ	ハツブ	7
hatsubuta	はつぶた	ハツブタ	0
hatsubutai	はつぶたい	ハツブタイ	0
hatsubutaikanazukai	はつぶたいかなずかい	ハツブタイカナズカイ	0
hatsubyou	はつびょう	ハツビョウ	0
hatsuchousen	はつちょうせん	ハツチョウセン	0
hatsuden	はつでん	ハツデン	0
hatsudenki	はつでんき	ハツデンキ	0
hatsudensho	はつでんしょ	ハツデンショ	0
hatsudou	はつどう	ハツドウ	0
hatsuen	はつえん	ハツエン	0
hatsuentou	はつえんとう	ハツエントウ	0
hatsug	はつ	ハツ	5
hatsuga	はつが	ハツガ	0
hatsuge	はつげ	ハツゲ	0
hatsugen	はつげん	ハツゲン	0
hatsugenk	はつげん	ハツゲン	8
hatsugenke	はつげんけ	ハツゲンケ	0
hatsugenken	はつげんけん	ハツゲンケン	0
hatsugenkenoboe	はつげんけのぼえ	ハツゲンケノボエ	0
hatsui	はつい	ハツイ	0
hatsuik	はつい	ハツイ	6
hatsuiku	はついく	ハツイク	0
hatsuikuaguresshibu	はついくあぐれっしぶ	ハツイクアグレッシブ	0
hatsuka	はつか	ハツカ	0
hatsukoi	はつこい	ハツコイ	0
hatsumei	はつめい	ハツメイ	0
hatsumoude	はつもうで	ハツモウデ	0
hatsunetsu	はつねつ	ハツネツ	0
hatsuon	はつおん	ハツオン	0
hatsurei	はつれい	ハツレイ	0
hatsuuri	はつうり	ハツウリ	0
hatsuyuki	はつゆき	ハツユキ	0
hatsuyume	はつゆめ	ハツユメ	0
hattatsu	はったつ	ハッタツ	0
hatten	はってん	ハッテン	0
hattentojoukoku	はってんとじょうこく	ハッテントジョウコク	0
hatto	はっと	ハット	0
hau	はう	ハウ	0
haujingu	はうじんぐ	ハウジング	0
hausu	はうす	ハウス	0
hautsuu	はうつう	ハウツウ	0
hawai	はわい	ハワイ	0
hawatari	はわたり	ハワタリ	0
hawu	はう	ハウ	0
haya	はや	ハヤ	0
hayabaya	はやばや	ハヤバヤ	0
hayabike	はやびけ	ハヤビケ	0
hayabusa	はやぶさ	ハヤブサ	0
hayai	はやい	ハヤイ	0
hayaku	はやく	ハヤク	0
hayakuchi	はやくち	ハヤクチ	0
hayamaru	はやまる	ハヤマル	0
hayameru	はやめる	ハヤメル	0
hayane	はやね	ハヤネ	0
hayaoki	はやおき	ハヤオキ	0
hayaru	はやる	ハヤル	0
hayasa	はやさ	ハヤサ	0
hayase	はやせ	ハヤセ	0
hayashi	はやし	ハヤシ	0
hayasu	はやす	ハヤス	0
hazama	はざま	ハザマ	0
hazu	はず	ハズ	0
hazukashii	はずかしい	ハズカシイ	0
hazumi	はずみ	ハズミ	0
hazumu	はずむ	ハズム	0
hazure	はずれ	ハズレ	0
hazureru	はずれる	ハズレル	0
hazusu	はずす	ハズス	0
he	へ	ヘ	0
hea	へあ	ヘア	0
heakea	へあけあ	ヘアケア	0
heas	へあ	ヘア	3
heasu	へあす	ヘアス	0
heasut	へあす	ヘアス	5
heasuta	へあすた	ヘアスタ	0
heasutai	へあすたい	ヘアスタイ	0
heasutair	へあすたい	ヘアスタイ	8
heasutairu	へあすたいる	ヘアスタイル	0
heasutairushintaku	へあすたいるしんたく	ヘアスタイルシンタク	0
hebi	へび	ヘビ	0
hebii	へびい	ヘビイ	0
hebiisumookaa	へびいすもおかあ	ヘビイスモオカア	0
heburaizumu	へぶらいずむ	ヘブライズム	0
hed	へ	ヘ	2
heda	へだ	ヘダ	0
hedat	へだ	ヘダ	4
hedatari	へだたり	ヘダタリ	0
hedataru	へだたる	ヘダタル	0
hedate	へだて	ヘダテ	0
hedateru	へだてる	ヘダテル	0
hedatetsuikyuu	へだてついきゅう	ヘダテツイキュウ	0
heddaa	へっだあ	ヘッダア	0
heddo	へっど	ヘッド	0
heddohon	へっどほん	ヘッドホン	0
heddokoochi	へっどこおち	ヘッドコオチ	0
heddoraito	へっどらいと	ヘッドライト	0
hedeingu	へでいんぐ	ヘデイング	0
hedoro	へどろ	ヘドロ	0
hei	へい	ヘイ	0
heian	へいあん	ヘイアン	0
heibon	へいぼん	ヘイボン	0
heichi	へいち	ヘイチ	0
heieki	へいえき	ヘイエキ	0
heigai	へいがい	ヘイガイ	0
heigou	へいごう	ヘイゴウ	0
heih	へい	ヘイ	3
heihatsu	へいはつ	ヘイハツ	0
heiho	へいほ	ヘイホ	0
heihou	へいほう	ヘイホウ	0
heihoukiromeetoru	へいほうきろめえとる	ヘイホウキロメエトル	0
heihoukoraaru	へいほうこらある	ヘイホウコラアル	0
heihoumeetoru	へいほうめえとる	ヘイホウメエトル	0
heiin	へいいん	ヘイイン	0
heiji	へいじ	ヘイジ	0
heijitsu	へいじつ	ヘイジツ	0
heijou	へいじょう	ヘイジョウ	0
heik	へい	ヘイ	3
heika	へいか	ヘイカ	0
heikai	へいかい	ヘイカイ	0
heikaikongo	へいかいこんご	ヘイカイコンゴ	0
heiki	へいき	ヘイキ	0
heikin	へいきん	ヘイキン	0
heikinteki	へいきんてき	ヘイキンテキ	0
heikinten	へいきんてん	ヘイキンテン	0
heikou	へいこう	ヘイコウ	0
heikousen	へいこうせん	ヘイコウセン	0
heimaku	へいまく	ヘイマク	0
heimen	へいめん	ヘイメン	0
heinen	へいねん	ヘイネン	0
heinennami	へいねんなみ	ヘイネンナミ	0
heion	へいおん	ヘイオン	0
heiretsu	へいれつ	ヘイレツ	0
heiritsu	へいりつ	ヘイリツ	0
heiryoku	へいりょく	ヘイリョク	0
heis	へい	ヘイ	3
heisa	へいさ	ヘイサ	0
heisatsu	へいさつ	ヘイサツ	0
heisei	へいせい	ヘイセイ	0
heisetsu	へいせつ	ヘイセツ	0
heish	へい	ヘイ	3
heisha	へいしゃ	ヘイシャ	0
heishi	へいし	ヘイシ	0
heishikopiiraito	へいしこぴいらいと	ヘイシコピイライト	0
heisoku	へいそく	ヘイソク	0
heitai	へいたい	ヘイタイ	0
heiten	へいてん	ヘイテン	0
heiwa	へいわ	ヘイワ	0
heiya	へいや	ヘイヤ	0
heiyou	へいよう	ヘイヨウ	0
hejji	へっじ	ヘッジ	0
hek	へ	ヘ	2
hekiga	へきが	ヘキガ	0
hekimen	へきめん	ヘキメン	0
heko	へこ	ヘコ	0
hekom	へこ	ヘコ	4
hekomi	へこみ	ヘコミ	0
hekomihakujaku	へこみはくじゃく	ヘコミハクジャク	0
hekomu	へこむ	ヘコム	0
hekutaaru	へくたある	ヘクタアル	0
hekuto	へくと	ヘクト	0
hemogurobin	へもぐろびん	ヘモグロビン	0
hemu	へむ	ヘム	0
hen	へん	ヘン	0
henbou	へんぼう	ヘンボウ	0
henchi	へんち	ヘンチ	0
hencho	へんちょ	ヘンチョ	0
henchou	へんちょう	ヘンチョウ	0
hendou	へんどう	ヘンドウ	0
heni	へに	ヘニ	0
henji	へんじ	ヘンジ	0
henjin	へんじん	ヘンジン	0
henjou	へんじょう	ヘンジョウ	0
henka	へんか	ヘンカ	0
henkaku	へんかく	ヘンカク	0
henkakyuu	へんかきゅう	ヘンカキュウ	0
henkan	へんかん	ヘンカン	0
henkei	へんけい	ヘンケイ	0
henken	へんけん	ヘンケン	0
henkin	へんきん	ヘンキン	0
henkou	へんこう	ヘンコウ	0
henkoutodoke	へんこうとどけ	ヘンコウトドケ	0
henkyaku	へんきゃく	ヘンキャク	0
henkyou	へんきょう	ヘンキョウ	0
hennyuu	へんにゅう	ヘンニュウ	0
henpin	へんぴん	ヘンピン	0
henreki	へんれき	ヘンレキ	0
hensachi	へんさち	ヘンサチ	0
hensai	へんさい	ヘンサイ	0
hensei	へんせい	ヘンセイ	0
hensen	へんせん	ヘンセン	0
hensha	へんしゃ	ヘンシャ	0
henshin	へんしん	ヘンシン	0
henshitsu	へんしつ	ヘンシツ	0
henshoku	へんしょく	ヘンショク	0
henshuu	へんしゅう	ヘンシュウ	0
henshuusha	へんしゅうしゃ	ヘンシュウシャ	0
hensoku	へんそく	ヘンソク	0
hensou	へんそう	ヘンソウ	0
hent	へん	ヘン	3
hentai	へんたい	ヘンタイ	0
hento	へんと	ヘント	0
hentou	へんとう	ヘントウ	0
hentousaabisueria	へんとうさあびすえりあ	ヘントウサアビスエリア	0
henyou	へにょう	ヘニョウ	0
henzou	へんぞう	ヘンゾウ	0
her	へ	ヘ	2
hera	へら	ヘラ	0
herarudo	へらるど	ヘラルド	0
herasu	へらす	ヘラス	0
herenizumu	へれにずむ	ヘレニズム	0
heri	へり	ヘリ	0
herikoputaa	へりこぷたあ	ヘリコプタア	0
herinboon	へりんぼおん	ヘリンボオン	0
heripooto	へりぽおと	ヘリポオト	0
heriumu	へりうむ	ヘリウム	0
heroin	へろいん	ヘロイン	0
heru	へる	ヘル	0
herumetto	へるめっと	ヘルメット	0
herunegoto	へるねごと	ヘルネゴト	0
herunia	へるにあ	ヘルニア	0
herupaa	へるぱあ	ヘルパア	0
herushii	へるしい	ヘルシイ	0
herushinki	へるしんき	ヘルシンキ	0
herusu	へるす	ヘルス	0
herusukurabu	へるすくらぶ	ヘルスクラブ	0
herutsu	へるつ	ヘルツ	0
herutsuegobina	へるつえごびな	ヘルツエゴビナ	0
heso	へそ	ヘソ	0
heta	へた	ヘタ	0
hetakuso	へたくそ	ヘタクソ	0
hetoheto	へとへと	ヘトヘト	0
hewwa	へっわ	ヘッワ	0
heya	へや	ヘヤ	0
hezaa	へざあ	ヘザア	0
hha	っは	ッハ	0
hhawwe	っはっうぇ	ッハッウェ	0
hhe	っへ	ッヘ	0
hhewwha	っへっうぁ	ッヘッウァ	0
hhi	っひ	ッヒ	0
hhiwwhe	っひっうぇ	ッヒッウェ	0
hho	っほ	ッホ	0
hhowwhi	っほっうぃ	ッホッウィ	0
hhu	っふ	ッフ	0
hhuwwho	っふっうぉ	ッフッウォ	0
hhya	っひゃ	ッヒャ	0
hhyawwhu	っひゃっう	ッヒャッウ	0
hhye	っひぇ	ッヒェ	0
hhyewwi	っひぇっうぃ	ッヒェッウィ	0
hhyi	っひぃ	ッヒィ	0
hhyiwwo	っひぃっを	ッヒィッヲ	0
hhyo	っひょ	ッヒョ	0
hhyowwu	っひょっう	ッヒョッウ	0
hhyu	っひゅ	ッヒュ	0
hhyuxa	っひゅぁ	ッヒュァ	0
hi	ひ	ヒ	0
hia	ひあ	ヒア	0
hiai	ひあい	ヒアイ	0
hiaringu	ひありんぐ	ヒアリング	0
hiatari	ひあたり	ヒアタリ	0
hibachi	ひばち	ヒバチ	0
hibaku	ひばく	ヒバク	0
hibana	ひばな	ヒバナ	0
hibari	ひばり	ヒバリ	0
hibi	ひび	ヒビ	0
hibiki	ひびき	ヒビキ	0
hibiku	ひびく	ヒビク	0
hibou	ひぼう	ヒボウ	0
hibun	ひぶん	ヒブン	0
hid	ひ	ヒ	2
hida	ひだ	ヒダ	0
hidai	ひだい	ヒダイ	0
hidane	ひだね	ヒダネ	0
hidar	ひだ	ヒダ	4
hidari	ひだり	ヒダリ	0
hidaria	ひだりあ	ヒダリア	0
hidarias	ひだりあ	ヒダリア	7
hidariash	ひだりあ	ヒダリア	7
hidariashi	ひだりあし	ヒダリアシ	0
hidariashimakuake	ひだりあしまくあけ	ヒダリアシマクアケ	0
hidarigawa	ひだりがわ	ヒダリガワ	0
hidarikiki	ひだりきき	ヒダリキキ	0
hidarimae	ひだりまえ	ヒダリマエ	0
hidarite	ひだりて	ヒダリテ	0
hidariude	ひだりうで	ヒダリウデ	0
hidariue	ひだりうえ	ヒダリウエ	0
hide	ひで	ヒデ	0
hiden	ひでん	ヒデン	0
hidenk	ひでん	ヒデン	5
hidenka	ひでんか	ヒデンカ	0
hidenkauisukii	ひでんかういすきい	ヒデンカウイスキイ	0
hidoi	ひどい	ヒドイ	0
hidoku	ひどく	ヒドク	0
hidori	ひどり	ヒドリ	0
hie	ひえ	ヒエ	0
hiekomu	ひえこむ	ヒエコム	0
hieru	ひえる	ヒエル	0
hieshou	ひえしょう	ヒエショウ	0
hifu	ひふ	ヒフ	0
hifubyou	ひふびょう	ヒフビョウ	0
hifuka	ひふか	ヒフカ	0
hifuku	ひふく	ヒフク	0
hig	ひ	ヒ	2
higa	ひが	ヒガ	0
higaeri	ひがえり	ヒガエリ	0
higai	ひがい	ヒガイ	0
higais	ひがい	ヒガイ	5
higaish	ひがい	ヒガイ	5
higaisha	ひがいしゃ	ヒガイシャ	0
higaishaekorojii	ひがいしゃえころじい	ヒガイシャエコロジイ	0
higami	ひがみ	ヒガミ	0
higamu	ひがむ	ヒガム	0
higan	ひがん	ヒガン	0
higasa	ひがさ	ヒガサ	0
higashi	ひがし	ヒガシ	0
higashigawa	ひがしがわ	ヒガシガワ	0
higashiguchi	ひがしぐち	ヒガシグチ	0
higata	ひがた	ヒガタ	0
higawari	ひがわり	ヒガワリ	0
hige	ひげ	ヒゲ	0
higeki	ひげき	ヒゲキ	0
higisha	ひぎしゃ	ヒギシャ	0
higoro	ひごろ	ヒゴロ	0
higouhou	ひごうほう	ヒゴウホウ	0
higu	ひぐ	ヒグ	0
higuchi	ひぐち	ヒグチ	0
higur	ひぐ	ヒグ	4
higure	ひぐれ	ヒグレ	0
higurekichinto	ひぐれきちんと	ヒグレキチント	0
hihan	ひはん	ヒハン	0
hihanteki	ひはんてき	ヒハンテキ	0
hihei	ひへい	ヒヘイ	0
hihokensha	ひほけんしゃ	ヒホケンシャ	0
hihyou	ひひょう	ヒヒョウ	0
hiideru	ひいでる	ヒイデル	0
hiiki	ひいき	ヒイキ	0
hiiringu	ひいりんぐ	ヒイリング	0
hiiroo	ひいろお	ヒイロオ	0
hiiru	ひいる	ヒイル	0
hiita	ひいた	ヒイタ	0
hiitaa	ひいたあ	ヒイタア	0
hiito	ひいと	ヒイト	0
hij	ひ	ヒ	2
hiji	ひじ	ヒジ	0
hijo	ひじょ	ヒジョ	0
hijou	ひじょう	ヒジョウ	0
hijouguchi	ひじょうぐち	ヒジョウグチ	0
hijoukin	ひじょうきん	ヒジョウキン	0
hijouni	ひじょうに	ヒジョウニ	0
hijous	ひじょう	ヒジョウ	5
hijoush	ひじょう	ヒジョウ	5
hijoushi	ひじょうし	ヒジョウシ	0
hijoushik	ひじょうし	ヒジョウシ	8
hijoushiki	ひじょうしき	ヒジョウシキ	0
hijoushikietchingu	ひじょうしきえ	ヒジョウシキエ	11
hijun	ひじゅん	ヒジュン	0
hijuu	ひじゅう	ヒジュウ	0
hik	ひ	ヒ	2
hika	ひか	ヒカ	0
hikae	ひかえ	ヒカエ	0
hikaeme	ひかえめ	ヒカエメ	0
hikaeru	ひかえる	ヒカエル	0
hikaeshitsu	ひかえしつ	ヒカエシツ	0
hikage	ひかげ	ヒカゲ	0
hikaku	ひかく	ヒカク	0
hikakuteki	ひかくてき	ヒカクテキ	0
hikan	ひかん	ヒカン	0
hikanteki	ひかんてき	ヒカンテキ	0
hikar	ひか	ヒカ	4
hikare	ひかれ	ヒカレ	0
hikarer	ひかれ	ヒカレ	6
hikareru	ひかれる	ヒカレル	0
hikareruzouki	ひかれるぞうき	ヒカレルゾウキ	0
hikari	ひかり	ヒカリ	0
hikarikagayaku	ひかりかがやく	ヒカリカガヤク	0
hikaru	ひかる	ヒカル	0
hikeme	ひけめ	ヒケメ	0
hiketsu	ひけつ	ヒケツ	0
hiki	ひき	ヒキ	0
hikiage	ひきあげ	ヒキアゲ	0
hikiageru	ひきあげる	ヒキアゲル	0
hikiagesha	ひきあげしゃ	ヒキアゲシャ	0
hikiai	ひきあい	ヒキアイ	0
hikidashi	ひきだし	ヒキダシ	0
hikidasu	ひきだす	ヒキダス	0
hikidoki	ひきどき	ヒキドキ	0
hikig	ひき	ヒキ	4
hikiga	ひきが	ヒキガ	0
hikigan	ひきがん	ヒキガン	0
hikigane	ひきがね	ヒキガネ	0
hikiganeanpo	ひきがねあんぽ	ヒキガネアンポ	0
hikihanasu	ひきはなす	ヒキハナス	0
hikiiru	ひきいる	ヒキイル	0
hikikae	ひきかえ	ヒキカエ	0
hikikaesu	ひきかえす	ヒキカエス	0
hikikomori	ひきこもり	ヒキコモリ	0
hikimaguma	ひきまぐま	ヒキマグマ	0
hikimodosu	ひきもどす	ヒキモドス	0
hikiniku	ひきにく	ヒキニク	0
hikinobashi	ひきのばし	ヒキノバシ	0
hikinobasu	ひきのばす	ヒキノバス	0
hikinuku	ひきぬく	ヒキヌク	0
hikiokosu	ひきおこす	ヒキオコス	0
hikisage	ひきさげ	ヒキサゲ	0
hikisageru	ひきさげる	ヒキサゲル	0
hikisaku	ひきさく	ヒキサク	0
hikishimaru	ひきしまる	ヒキシマル	0
hikishime	ひきしめ	ヒキシメ	0
hikishimeru	ひきしめる	ヒキシメル	0
hikitomeru	ひきとめる	ヒキトメル	0
hikitori	ひきとり	ヒキトリ	0
hikitoru	ひきとる	ヒキトル	0
hikitsugi	ひきつぎ	ヒキツギ	0
hikitsugu	ひきつぐ	ヒキツグ	0
hikitsukeru	ひきつける	ヒキツケル	0
hikitsuru	ひきつる	ヒキツル	0
hikitsuzuki	ひきつずき	ヒキツズキ	0
hikiuke	ひきうけ	ヒキウケ	0
hikiukeru	ひきうける	ヒキウケル	0
hikiwake	ひきわけ	ヒキワケ	0
hikiwatashi	ひきわたし	ヒキワタシ	0
hikiwatasu	ひきわたす	ヒキワタス	0
hikizan	ひきざん	ヒキザン	0
hikizuru	ひきずる	ヒキズル	0
hikk	ひ	ヒ	2
hikkakaru	ひっかかる	ヒッカカル	0
hikkakeru	ひっかける	ヒッカケル	0
hikkei	ひっけい	ヒッケイ	0
hikken	ひっけん	ヒッケン	0
hikki	ひっき	ヒッキ	0
hikkioobaahiito	ひっきおおばあひいと	ヒッキオオバアヒイト	0
hikkishiken	ひっきしけん	ヒッキシケン	0
hikkiyougu	ひっきようぐ	ヒッキヨウグ	0
hikkomu	ひっこむ	ヒッコム	0
hikkoshi	ひっこし	ヒッコシ	0
hikkosu	ひっこす	ヒッコス	0
hikkurikaeru	ひっくりかえる	ヒックリカエル	0
hikoku	ひこく	ヒコク	0
hikokunin	ひこくにん	ヒコクニン	0
hikou	ひこう	ヒコウ	0
hikoujou	ひこうじょう	ヒコウジョウ	0
hikoukai	ひこうかい	ヒコウカイ	0
hikouki	ひこうき	ヒコウキ	0
hikousen	ひこうせん	ヒコウセン	0
hikoushi	ひこうし	ヒコウシ	0
hikoushiki	ひこうしき	ヒコウシキ	0
hiku	ひく	ヒク	0
hikui	ひくい	ヒクイ	0
hikumeru	ひくめる	ヒクメル	0
hikutsu	ひくつ	ヒクツ	0
hikyou	ひきょう	ヒキョウ	0
hikyuu	ひきゅう	ヒキュウ	0
hima	ひま	ヒマ	0
himaganai	ひまがない	ヒマガナイ	0
himan	ひまん	ヒマン	0
himaraya	ひまらや	ヒマラヤ	0
himashini	ひましに	ヒマシニ	0
himatsubushi	ひまつぶし	ヒマツブシ	0
hime	ひめ	ヒメ	0
himegimi	ひめぎみ	ヒメギミ	0
himei	ひめい	ヒメイ	0
himen	ひめん	ヒメン	0
himeru	ひめる	ヒメル	0
himitsu	ひみつ	ヒミツ	0
himo	ひも	ヒモ	0
hin	ひん	ヒン	0
hina	ひな	ヒナ	0
hinam	ひな	ヒナ	4
hinama	ひなま	ヒナマ	0
hinamat	ひなま	ヒナマ	6
hinamats	ひなま	ヒナマ	6
hinamatsu	ひなまつ	ヒナマツ	0
hinamatsur	ひなまつ	ヒナマツ	9
hinamatsuri	ひなまつり	ヒナマツリ	0
hinamatsurimouke	ひなまつりもうけ	ヒナマツリモウケ	0
hinan	ひなん	ヒナン	0
hinanmin	ひなんみん	ヒナンミン	0
hinata	ひなた	ヒナタ	0
hindo	ひんど	ヒンド	0
hindouu	ひんどうう	ヒンドウウ	0
hineru	ひねる	ヒネル	0
hini	ひに	ヒニ	0
hinichi	ひにち	ヒニチ	0
hinihini	ひにひに	ヒニヒニ	0
hiniku	ひにく	ヒニク	0
hinin	ひにん	ヒニン	0
hinjaku	ひんじゃく	ヒンジャク	0
hinji	ひんじ	ヒンジ	0
hink	ひん	ヒン	3
hinkaku	ひんかく	ヒンカク	0
hinketsu	ひんけつ	ヒンケツ	0
hinko	ひんこ	ヒンコ	0
hinkon	ひんこん	ヒンコン	0
hinkonkaaneeshon	ひんこんかあねえしょん	ヒンコンカアネエション	0
hinkyaku	ひんきゃく	ヒンキャク	0
hinmei	ひんめい	ヒンメイ	0
hinmoku	ひんもく	ヒンモク	0
hinode	ひので	ヒノデ	0
hinoiri	ひのいり	ヒノイリ	0
hinomaru	ひのまる	ヒノマル	0
hinome	ひのめ	ヒノメ	0
hinpan	ひんぱん	ヒンパン	0
hinpatsu	ひんぱつ	ヒンパツ	0
hinpu	ひんぷ	ヒンプ	0
hinsei	ひんせい	ヒンセイ	0
hinshi	ひんし	ヒンシ	0
hinshitsu	ひんしつ	ヒンシツ	0
hinshu	ひんしゅ	ヒンシュ	0
hinsou	ひんそう	ヒンソウ	0
hinto	ひんと	ヒント	0
hinyouki	ひにょうき	ヒニョウキ	0
hinzuu	ひんずう	ヒンズウ	0
hipparu	ひっぱる	ヒッパル	0
hippii	ひっぴい	ヒッピイ	0
hippu	ひっぷ	ヒップ	0
hir	ひ	ヒ	2
hiragana	ひらがな	ヒラガナ	0
hirahira	ひらひら	ヒラヒラ	0
hirakeru	ひらける	ヒラケル	0
hiraki	ひらき	ヒラキ	0
hirakinaoru	ひらきなおる	ヒラキナオル	0
hiraku	ひらく	ヒラク	0
hiramaku	ひらまく	ヒラマク	0
hirameku	ひらめく	ヒラメク	0
hiraoyogi	ひらおよぎ	ヒラオヨギ	0
hiratai	ひらたい	ヒラタイ	0
hire	ひれ	ヒレ	0
hirei	ひれい	ヒレイ	0
hireki	ひれき	ヒレキ	0
hiren	ひれん	ヒレン	0
hirenuesuto	ひれぬえすと	ヒレヌエスト	0
hiretsu	ひれつ	ヒレツ	0
hiritsu	ひりつ	ヒリツ	0
hiro	ひろ	ヒロ	0
hiroba	ひろば	ヒロバ	0
hirobiro	ひろびろ	ヒロビロ	0
hirogari	ひろがり	ヒロガリ	0
hirogaru	ひろがる	ヒロガル	0
hirogeru	ひろげる	ヒロゲル	0
hiroi	ひろい	ヒロイ	0
hiroihenkou	ひろいへんこう	ヒロイヘンコウ	0
hiroimono	ひろいもの	ヒロイモノ	0
hiroin	ひろいん	ヒロイン	0
hiroiz	ひろい	ヒロイ	5
hiroizu	ひろいず	ヒロイズ	0
hiroizum	ひろいず	ヒロイズ	7
hiroizumu	ひろいずむ	ヒロイズム	0
hiroizumusorosoro	ひろいずむそろそろ	ヒロイズムソロソロ	0
hiromari	ひろまり	ヒロマリ	0
hiromaru	ひろまる	ヒロマル	0
hiromeru	ひろめる	ヒロメル	0
hirosa	ひろさ	ヒロサ	0
hiroshima	ひろしま	ヒロシマ	0
hirou	ひろう	ヒロウ	0
hirouen	ひろうえん	ヒロウエン	0
hiru	ひる	ヒル	0
hirug	ひる	ヒル	4
hirugaeru	ひるがえる	ヒルガエル	0
hirugaesu	ひるがえす	ヒルガエス	0
hirugo	ひるご	ヒルゴ	0
hirugoh	ひるご	ヒルゴ	6
hirugoha	ひるごは	ヒルゴハ	0
hirugohan	ひるごはん	ヒルゴハン	0
hirugohaniin	ひるごはにいん	ヒルゴハニイン	0
hiruma	ひるま	ヒルマ	0
hirumae	ひるまえ	ヒルマエ	0
hirumeshi	ひるめし	ヒルメシ	0
hirune	ひるね	ヒルネ	0
hirusagari	ひるさがり	ヒルサガリ	0
hirusanjuu	ひるさんじゅう	ヒルサンジュウ	0
hirusugi	ひるすぎ	ヒルスギ	0
hiruyasumi	ひるやすみ	ヒルヤスミ	0
hiryou	ひりょう	ヒリョウ	0
his	ひ	ヒ	2
hisabisa	ひさびさ	ヒサビサ	0
hisai	ひさい	ヒサイ	0
hisaisha	ひさいしゃ	ヒサイシャ	0
hisan	ひさん	ヒサン	0
hisashiburi	ひさしぶり	ヒサシブリ	0
hisashii	ひさしい	ヒサシイ	0
hisha	ひしゃ	ヒシャ	0
hishatai	ひしゃたい	ヒシャタイ	0
hishihishi	ひしひし	ヒシヒシ	0
hisho	ひしょ	ヒショ	0
hiso	ひそ	ヒソ	0
hisoh	ひそ	ヒソ	4
hisohi	ひそひ	ヒソヒ	0
hisohis	ひそひ	ヒソヒ	6
hisohiso	ひそひそ	ヒソヒソ	0
hisohisokoseki	ひそひそこせき	ヒソヒソコセキ	0
hisoka	ひそか	ヒソカ	0
hisomu	ひそむ	ヒソム	0
hisou	ひそう	ヒソウ	0
hisseki	ひっせき	ヒッセキ	0
hissha	ひっしゃ	ヒッシャ	0
hisshi	ひっし	ヒッシ	0
hisshininatte	ひっしになって	ヒッシニナッテ	0
hisshou	ひっしょう	ヒッショウ	0
hisshuu	ひっしゅう	ヒッシュウ	0
hissori	ひっそり	ヒッソリ	0
hissu	ひっす	ヒッス	0
hissujouken	ひっすじょうけん	ヒッスジョウケン	0
hisuterii	ひすてりい	ヒステリイ	0
hisuterikku	ひすてりっく	ヒステリック	0
hit	ひ	ヒ	2
hitai	ひたい	ヒタイ	0
hitan	ひたん	ヒタン	0
hitaru	ひたる	ヒタル	0
hitasu	ひたす	ヒタス	0
hitasura	ひたすら	ヒタスラ	0
hitchaku	ひ	ヒ	2
hitchihaiku	ひ	ヒ	2
hitei	ひてい	ヒテイ	0
hitetsukinzoku	ひてつきんぞく	ヒテツキンゾク	0
hito	ひと	ヒト	0
hitoajichigau	ひとあじちがう	ヒトアジチガウ	0
hitoanshin	ひとあんしん	ヒトアンシン	0
hitoashi	ひとあし	ヒトアシ	0
hitoban	ひとばん	ヒトバン	0
hitobanjuu	ひとばんじゅう	ヒトバンジュウ	0
hitobito	ひとびと	ヒトビト	0
hitochigai	ひとちがい	ヒトチガイ	0
hitodakari	ひとだかり	ヒトダカリ	0
hitode	ひとで	ヒトデ	0
hitodoori	ひとどおり	ヒトドオリ	0
hitoe	ひとえ	ヒトエ	0
hitogara	ひとがら	ヒトガラ	0
hitogomi	ひとごみ	ヒトゴミ	0
hitogoroshi	ひとごろし	ヒトゴロシ	0
hitogoto	ひとごと	ヒトゴト	0
hitoichibai	ひといちばい	ヒトイチバイ	0
hitoiki	ひといき	ヒトイキ	0
hitojichi	ひとじち	ヒトジチ	0
hitokage	ひとかげ	ヒトカゲ	0
hitokoto	ひとこと	ヒトコト	0
hitokuchi	ひとくち	ヒトクチ	0
hitomae	ひとまえ	ヒトマエ	0
hitomaku	ひとまく	ヒトマク	0
hitomawari	ひとまわり	ヒトマワリ	0
hitomazu	ひとまず	ヒトマズ	0
hitome	ひとめ	ヒトメ	0
hitomi	ひとみ	ヒトミ	0
hitomishiri	ひとみしり	ヒトミシリ	0
hitomukashi	ひとむかし	ヒトムカシ	0
hiton	ひとん	ヒトン	0
hitona	ひとな	ヒトナ	0
hitonaka	ひとなか	ヒトナカ	0
hitonam	ひとな	ヒトナ	6
hitonami	ひとなみ	ヒトナミ	0
hitonamiigai	ひとなみいがい	ヒトナミイガイ	0
hitonigiri	ひとにぎり	ヒトニギリ	0
hitori	ひとり	ヒトリ	0
hitoriaruki	ひとりあるき	ヒトリアルキ	0
hitoride	ひとりで	ヒトリデ	0
hitorideni	ひとりでに	ヒトリデニ	0
hitorigoto	ひとりごと	ヒトリゴト	0
hitorigurashi	ひとりぐらし	ヒトリグラシ	0
hitorihitori	ひとりひとり	ヒトリヒトリ	0
hitorijime	ひとりじめ	ヒトリジメ	0
hitorikko	ひとりっこ	ヒトリッコ	0
hitorimusuko	ひとりむすこ	ヒトリムスコ	0
hitorimusume	ひとりむすめ	ヒトリムスメ	0
hitoritabi	ひとりたび	ヒトリタビ	0
hitos	ひと	ヒト	4
hitosama	ひとさま	ヒトサマ	0
hitosashiyubi	ひとさしゆび	ヒトサシユビ	0
hitosh	ひと	ヒト	4
hitoshi	ひとし	ヒトシ	0
hitoshii	ひとしい	ヒトシイ	0
hitoshiiroujinfukushi	ひとしいろうじんふくし	ヒトシイロウジンフクシ	0
hitosuji	ひとすじ	ヒトスジ	0
hitotachi	ひとたち	ヒトタチ	0
hitotoki	ひととき	ヒトトキ	0
hitotoori	ひととおり	ヒトトオリ	0
hitotsu	ひとつ	ヒトツ	0
hitotsuhitotsu	ひとつひとつ	ヒトツヒトツ	0
hitotsuki	ひとつき	ヒトツキ	0
hitoyasumi	ひとやすみ	ヒトヤスミ	0
hitozuma	ひとずま	ヒトズマ	0
hits	ひ	ヒ	2
hitsu	ひつ	ヒツ	0
hitsudoku	ひつどく	ヒツドク	0
hitsuj	ひつ	ヒツ	5
hitsuji	ひつじ	ヒツジ	0
hitsujisupin	ひつじすぴん	ヒツジスピン	0
hitsuju	ひつじゅ	ヒツジュ	0
hitsujuhin	ひつじゅひん	ヒツジュヒン	0
hitsujun	ひつじゅん	ヒツジュン	0
hitsukeyaku	ひつけやく	ヒツケヤク	0
hitsumei	ひつめい	ヒツメイ	0
hitsuu	ひつう	ヒツウ	0
hitsuyou	ひつよう	ヒツヨウ	0
hitsuyousei	ひつようせい	ヒツヨウセイ	0
hitsuzen	ひつぜん	ヒツゼン	0
hitsuzenteki	ひつぜんてき	ヒツゼンテキ	0
hitteki	ひってき	ヒッテキ	0
hitto	ひっと	ヒット	0
hittou	ひっとう	ヒットウ	0
hittsuku	ひっつく	ヒッツク	0
hiwa	ひわ	ヒワ	0
hixe	ひぇ	ヒェ	0
hiy	ひ	ヒ	2
hiya	ひや	ヒヤ	0
hiyaase	ひやあせ	ヒヤアセ	0
hiyak	ひや	ヒヤ	4
hiyakasu	ひやかす	ヒヤカス	0
hiyake	ひやけ	ヒヤケ	0
hiyaked	ひやけ	ヒヤケ	6
hiyakedo	ひやけど	ヒヤケド	0
hiyakedom	ひやけど	ヒヤケド	8
hiyakedome	ひやけどめ	ヒヤケドメ	0
hiyakedomekayu	ひやけどめかゆ	ヒヤケドメカユ	0
hiyaku	ひやく	ヒヤク	0
hiyaringu	ひやりんぐ	ヒヤリング	0
hiyasu	ひやす	ヒヤス	0
hiyayaka	ひややか	ヒヤヤカ	0
hiyoko	ひよこ	ヒヨコ	0
hiyori	ひより	ヒヨリ	0
hiyou	ひよう	ヒヨウ	0
hiyu	ひゆ	ヒユ	0
hiza	ひざ	ヒザ	0
hizamazuku	ひざまずく	ヒザマズク	0
hizashi	ひざし	ヒザシ	0
hizuke	ひずけ	ヒズケ	0
ho	ほ	ホ	0
hoan	ほあん	ホアン	0
hobo	ほぼ	ホボ	0
hochou	ほちょう	ホチョウ	0
hochouki	ほちょうき	ホチョウキ	0
hod	ほ	ホ	2
hodo	ほど	ホド	0
hodokeru	ほどける	ホドケル	0
hodokosu	ほどこす	ホドコス	0
hodoku	ほどく	ホドク	0
hodon	ほどん	ホドン	0
hodona	ほどな	ホドナ	0
hodonak	ほどな	ホドナ	6
hodonaku	ほどなく	ホドナク	0
hodonakusuppori	ほどなくすっぽり	ホドナクスッポリ	0
hodou	ほどう	ホドウ	0
hodoukyou	ほどうきょう	ホドウキョウ	0
hoeru	ほえる	ホエル	0
hogaraka	ほがらか	ホガラカ	0
hogei	ほげい	ホゲイ	0
hogo	ほご	ホゴ	0
hogosha	ほごしゃ	ホゴシャ	0
hohei	ほへい	ホヘイ	0
hoho	ほほ	ホホ	0
hohoemu	ほほえむ	ホホエム	0
hoi	ほい	ホイ	0
hoiiru	ほいいる	ホイイル	0
hoik	ほい	ホイ	3
hoiku	ほいく	ホイク	0
hoikuen	ほいくえん	ホイクエン	0
hoikus	ほいく	ホイク	5
hoikush	ほいく	ホイク	5
hoikusho	ほいくしょ	ホイクショ	0
hoikushomakku	ほいくしょまっく	ホイクショマック	0
hoissuru	ほいっする	ホイッスル	0
hoji	ほじ	ホジ	0
hojo	ほじょ	ホジョ	0
hojuu	ほじゅう	ホジュウ	0
hok	ほ	ホ	2
hoka	ほか	ホカ	0
hokaku	ほかく	ホカク	0
hokan	ほかん	ホカン	0
hokani	ほかに	ホカニ	0
hokanimo	ほかにも	ホカニモ	0
hoken	ほけん	ホケン	0
hokenfu	ほけんふ	ホケンフ	0
hokenjo	ほけんじょ	ホケンジョ	0
hokenkin	ほけんきん	ホケンキン	0
hokensho	ほけんしょ	ホケンショ	0
hoketsu	ほけつ	ホケツ	0
hokk	ほ	ホ	2
hokkai	ほっかい	ホッカイ	0
hokkaidou	ほっかいどう	ホッカイドウ	0
hokkaidoukaihatsuchouchoukan	ほっかいどうかいはつちょうちょうかん	ホッカイドウカイハツチョウチョウカン	0
hokkee	ほっけえ	ホッケエ	0
hokkinin	ほっきにん	ホッキニン	0
hokku	ほっく	ホック	0
hokkushinya	ほっくしにゃ	ホックシニャ	0
hokkyoku	ほっきょく	ホッキョク	0
hokkyokuken	ほっきょくけん	ホッキョクケン	0
hoko	ほこ	ホコ	0
hokori	ほこり	ホコリ	0
hokorobiru	ほころびる	ホコロビル	0
hokoru	ほこる	ホコル	0
hokosaki	ほこさき	ホコサキ	0
hokou	ほこう	ホコウ	0
hokousha	ほこうしゃ	ホコウシャ	0
hokoushatengoku	ほこうしゃてんごく	ホコウシャテンゴク	0
hokubei	ほくべい	ホクベイ	0
hokubu	ほくぶ	ホクブ	0
hokuhokutou	ほくほくとう	ホクホクトウ	0
hokui	ほくい	ホクイ	0
hokujou	ほくじょう	ホクジョウ	0
hokuou	ほくおう	ホクオウ	0
hokuriku	ほくりく	ホクリク	0
hokuro	ほくろ	ホクロ	0
hokusei	ほくせい	ホクセイ	0
hokutan	ほくたん	ホクタン	0
hokutou	ほくとう	ホクトウ	0
hokyou	ほきょう	ホキョウ	0
hokyuu	ほきゅう	ホキュウ	0
hom	ほ	ホ	2
homare	ほまれ	ホマレ	0
home	ほめ	ホメ	0
homer	ほめ	ホメ	4
homeru	ほめる	ホメル	0
homerukotonaru	ほめることなる	ホメルコトナル	0
homo	ほも	ホモ	0
hon	ほん	ホン	0
honan	ほなん	ホナン	0
honba	ほんば	ホンバ	0
honbako	ほんばこ	ホンバコ	0
honban	ほんばん	ホンバン	0
honbu	ほんぶ	ホンブ	0
honbun	ほんぶん	ホンブン	0
honchou	ほんちょう	ホンチョウ	0
honchoushi	ほんちょうし	ホンチョウシ	0
hondai	ほんだい	ホンダイ	0
hondana	ほんだな	ホンダナ	0
hondo	ほんど	ホンド	0
hondou	ほんどう	ホンドウ	0
hone	ほね	ホネ	0
honenuki	ほねぬき	ホネヌキ	0
hongan	ほんがん	ホンガン	0
hongoku	ほんごく	ホンゴク	0
hongoshi	ほんごし	ホンゴシ	0
hongyou	ほんぎょう	ホンギョウ	0
honi	ほに	ホニ	0
honinbou	ほにんぼう	ホニンボウ	0
honjitsu	ほんじつ	ホンジツ	0
honk	ほん	ホン	3
honka	ほんか	ホンカ	0
honkai	ほんかい	ホンカイ	0
honkaig	ほんかい	ホンカイ	6
honkaigi	ほんかいぎ	ホンカイギ	0
honkaigisuupaabouru	ほんかいぎすうぱあぼうる	ホンカイギスウパアボウル	0
honkaku	ほんかく	ホンカク	0
honkakuka	ほんかくか	ホンカクカ	0
honkakuteki	ほんかくてき	ホンカクテキ	0
honkan	ほんかん	ホンカン	0
honke	ほんけ	ホンケ	0
honken	ほんけん	ホンケン	0
honki	ほんき	ホンキ	0
honkon	ほんこん	ホンコン	0
honkou	ほんこう	ホンコウ	0
honkyo	ほんきょ	ホンキョ	0
honm	ほん	ホン	3
honmei	ほんめい	ホンメイ	0
honmo	ほんも	ホンモ	0
honmon	ほんもん	ホンモン	0
honmonmaneesapurai	ほんもんまねえさぷらい	ホンモンマネエサプライ	0
honmono	ほんもの	ホンモノ	0
honmyou	ほんみょう	ホンミョウ	0
honne	ほんね	ホンネ	0
honnen	ほんねん	ホンネン	0
honnin	ほんにん	ホンニン	0
honno	ほんの	ホンノ	0
honnori	ほんのり	ホンノリ	0
honnosukoshi	ほんのすこし	ホンノスコシ	0
honnou	ほんのう	ホンノウ	0
honoka	ほのか	ホノカ	0
honomekasu	ほのめかす	ホノメカス	0
honoo	ほのお	ホノオ	0
honoruru	ほのるる	ホノルル	0
honpou	ほんぽう	ホンポウ	0
honr	ほん	ホン	3
honra	ほんら	ホンラ	0
honrai	ほんらい	ホンライ	0
honrain	ほんらいん	ホンライン	0
honraina	ほんらいな	ホンライナ	0
honrainar	ほんらいな	ホンライナ	8
honrainara	ほんらいなら	ホンライナラ	0
honrainarakyousai	ほんらいならきょうさい	ホンライナラキョウサイ	0
honran	ほんらん	ホンラン	0
honrou	ほんろう	ホンロウ	0
honrui	ほんるい	ホンルイ	0
honruida	ほんるいだ	ホンルイダ	0
honryou	ほんりょう	ホンリョウ	0
honryuu	ほんりゅう	ホンリュウ	0
hons	ほん	ホン	3
honseki	ほんせき	ホンセキ	0
honsen	ほんせん	ホンセン	0
honsh	ほん	ホン	3
honsha	ほんしゃ	ホンシャ	0
honshi	ほんし	ホンシ	0
honshin	ほんしん	ホンシン	0
honshitsu	ほんしつ	ホンシツ	0
honshitsuteki	ほんしつてき	ホンシツテキ	0
honsho	ほんしょ	ホンショ	0
honshoku	ほんしょく	ホンショク	0
honshou	ほんしょう	ホンショウ	0
honshousukiiyaa	ほんしょうすきいやあ	ホンショウスキイヤア	0
honsou	ほんそう	ホンソウ	0
honsuu	ほんすう	ホンスウ	0
hontai	ほんたい	ホンタイ	0
honten	ほんてん	ホンテン	0
hontou	ほんとう	ホントウ	0
hontouni	ほんとうに	ホントウニ	0
honya	ほにゃ	ホニャ	0
honyaku	ほにゃく	ホニャク	0
honyosan	ほにょさん	ホニョサン	0
honzan	ほんざん	ホンザン	0
honzon	ほんぞん	ホンゾン	0
hoo	ほお	ホオ	0
hooku	ほおく	ホオク	0
hoomaa	ほおまあ	ホオマア	0
hoomingu	ほおみんぐ	ホオミング	0
hoomu	ほおむ	ホオム	0
hoomudorama	ほおむどらま	ホオムドラマ	0
hoomuguraundo	ほおむぐらうんど	ホオムグラウンド	0
hoomuherupaa	ほおむへるぱあ	ホオムヘルパア	0
hoomuin	ほおむいん	ホオムイン	0
hoomupeeji	ほおむぺえじ	ホオムペエジ	0
hoomuran	ほおむらん	ホオムラン	0
hoomuruumu	ほおむるうむ	ホオムルウム	0
hoomusekyuritei	ほおむせきゅりてい	ホオムセキュリテイ	0
hoomushikku	ほおむしっく	ホオムシック	0
hoomusutei	ほおむすてい	ホオムステイ	0
hoomutaaminaru	ほおむたあみなる	ホオムタアミナル	0
hoon	ほおん	ホオン	0
hoopu	ほおぷ	ホオプ	0
hooru	ほおる	ホオル	0
hoos	ほお	ホオ	3
hoosu	ほおす	ホオス	0
hoosushinpuu	ほおすしんぷう	ホオスシンプウ	0
hop	ほ	ホ	2
hopp	ほ	ホ	2
hoppe	ほっぺ	ホッペ	0
hoppet	ほっぺ	ホッペ	5
hoppeta	ほっぺた	ホッペタ	0
hoppetajakki	ほっぺたじゃっき	ホッペタジャッキ	0
hoppou	ほっぽう	ホッポウ	0
hoppu	ほっぷ	ホップ	0
hora	ほら	ホラ	0
horaa	ほらあ	ホラア	0
horaana	ほらあな	ホラアナ	0
horeru	ほれる	ホレル	0
hori	ほり	ホリ	0
horidee	ほりでえ	ホリデエ	0
horidei	ほりでい	ホリデイ	0
horie	ほりえ	ホリエ	0
horikawa	ほりかわ	ホリカワ	0
horobiru	ほろびる	ホロビル	0
horobosu	ほろぼす	ホロボス	0
horogurafyi	ほろぐらふぃ	ホログラフィ	0
horokoosuto	ほろこおすと	ホロコオスト	0
horu	ほる	ホル	0
horudaa	ほるだあ	ホルダア	0
horumon	ほるもん	ホルモン	0
horun	ほるん	ホルン	0
horusutaa	ほるすたあ	ホルスタア	0
horyo	ほりょ	ホリョ	0
horyuu	ほりゅう	ホリュウ	0
hos	ほ	ホ	2
hosa	ほさ	ホサ	0
hosei	ほせい	ホセイ	0
hoseiyosan	ほせいよさん	ホセイヨサン	0
hosh	ほ	ホ	2
hoshaku	ほしゃく	ホシャク	0
hoshi	ほし	ホシ	0
hoshigaru	ほしがる	ホシガル	0
hoshii	ほしい	ホシイ	0
hoshiuranai	ほしうらない	ホシウラナイ	0
hoshiz	ほし	ホシ	5
hoshizo	ほしぞ	ホシゾ	0
hoshizor	ほしぞ	ホシゾ	7
hoshizora	ほしぞら	ホシゾラ	0
hoshizoragenji	ほしぞらげんじ	ホシゾラゲンジ	0
hoshou	ほしょう	ホショウ	0
hoshoukin	ほしょうきん	ホショウキン	0
hoshounin	ほしょうにん	ホショウニン	0
hoshoutsuki	ほしょうつき	ホショウツキ	0
hoshu	ほしゅ	ホシュ	0
hoshusafuaia	ほしゅさふあいあ	ホシュサフアイア	0
hoshuteki	ほしゅてき	ホシュテキ	0
hoshutou	ほしゅとう	ホシュトウ	0
hoshuu	ほしゅう	ホシュウ	0
hoso	ほそ	ホソ	0
hosoboso	ほそぼそ	ホソボソ	0
hosoi	ほそい	ホソイ	0
hosoku	ほそく	ホソク	0
hoson	ほそん	ホソン	0
hosona	ほそな	ホソナ	0
hosonag	ほそな	ホソナ	6
hosonaga	ほそなが	ホソナガ	0
hosonagai	ほそながい	ホソナガイ	0
hosonagaimukou	ほそながいむこう	ホソナガイムコウ	0
hosoru	ほそる	ホソル	0
hosou	ほそう	ホソウ	0
hossa	ほっさ	ホッサ	0
hossoku	ほっそく	ホッソク	0
hossuru	ほっする	ホッスル	0
hosu	ほす	ホス	0
hosupisu	ほすぴす	ホスピス	0
hosuru	ほする	ホスル	0
hosuteru	ほすてる	ホステル	0
hosutesu	ほすてす	ホステス	0
hosuto	ほすと	ホスト	0
hotaru	ほたる	ホタル	0
hoteru	ほてる	ホテル	0
hotoke	ほとけ	ホトケ	0
hotondo	ほとんど	ホトンド	0
hottan	ほったん	ホッタン	0
hotto	ほっと	ホット	0
hottoite	ほっといて	ホットイテ	0
hottoitekure	ほっといてくれ	ホットイテクレ	0
hottorain	ほっとらいん	ホットライン	0
hou	ほう	ホウ	0
houan	ほうあん	ホウアン	0
houbei	ほうべい	ホウベイ	0
houbi	ほうび	ホウビ	0
houboku	ほうぼく	ホウボク	0
houbou	ほうぼう	ホウボウ	0
houbun	ほうぶん	ホウブン	0
houchi	ほうち	ホウチ	0
houchikoku	ほうちこく	ホウチコク	0
houchiku	ほうちく	ホウチク	0
houchou	ほうちょう	ホウチョウ	0
houchuu	ほうちゅう	ホウチュウ	0
houdai	ほうだい	ホウダイ	0
houdan	ほうだん	ホウダン	0
houdou	ほうどう	ホウドウ	0
houdoujin	ほうどうじん	ホウドウジン	0
houdoukikan	ほうどうきかん	ホウドウキカン	0
houei	ほうえい	ホウエイ	0
houfu	ほうふ	ホウフ	0
houfuku	ほうふく	ホウフク	0
houg	ほう	ホウ	3
houga	ほうが	ホウガ	0
hougai	ほうがい	ホウガイ	0
hougaii	ほうがいい	ホウガイイ	0
hougaku	ほうがく	ホウガク	0
hougakubu	ほうがくぶ	ホウガクブ	0
hougan	ほうがん	ホウガン	0
hougashirinji	ほうがしりんじ	ホウガシリンジ	0
hougayoi	ほうがよい	ホウガヨイ	0
hougeki	ほうげき	ホウゲキ	0
hougen	ほうげん	ホウゲン	0
houhei	ほうへい	ホウヘイ	0
houhou	ほうほう	ホウホウ	0
houhouron	ほうほうろん	ホウホウロン	0
houi	ほうい	ホウイ	0
houigaku	ほういがく	ホウイガク	0
houjin	ほうじん	ホウジン	0
houjiru	ほうじる	ホウジル	0
houk	ほう	ホウ	3
houka	ほうか	ホウカ	0
houkago	ほうかご	ホウカゴ	0
houkai	ほうかい	ホウカイ	0
houkatsu	ほうかつ	ホウカツ	0
houke	ほうけ	ホウケ	0
houken	ほうけん	ホウケン	0
houkenshugi	ほうけんしゅぎ	ホウケンシュギ	0
houkent	ほうけん	ホウケン	6
houkente	ほうけんて	ホウケンテ	0
houkentek	ほうけんて	ホウケンテ	8
houkenteki	ほうけんてき	ホウケンテキ	0
houkentekieiga	ほうけんてきえいが	ホウケンテキエイガ	0
houki	ほうき	ホウキ	0
houko	ほうこ	ホウコ	0
houkoku	ほうこく	ホウコク	0
houkokusho	ほうこくしょ	ホウコクショ	0
houkou	ほうこう	ホウコウ	0
houkouonchi	ほうこうおんち	ホウコウオンチ	0
houkyou	ほうきょう	ホウキョウ	0
houkyuu	ほうきゅう	ホウキュウ	0
houman	ほうまん	ホウマン	0
houmen	ほうめん	ホウメン	0
houmon	ほうもん	ホウモン	0
houmonsha	ほうもんしゃ	ホウモンシャ	0
houmotsu	ほうもつ	ホウモツ	0
houmu	ほうむ	ホウム	0
houmuru	ほうむる	ホウムル	0
houmushou	ほうむしょう	ホウムショウ	0
houn	ほうん	ホウン	0
hounen	ほうねん	ホウネン	0
hounichi	ほうにち	ホウニチ	0
hounin	ほうにん	ホウニン	0
houno	ほうの	ホウノ	0
hounou	ほうのう	ホウノウ	0
hounoushisutemu	ほうのうしすてむ	ホウノウシステム	0
houou	ほうおう	ホウオウ	0
houraku	ほうらく	ホウラク	0
hourei	ほうれい	ホウレイ	0
hourensou	ほうれんそう	ホウレンソウ	0
houritsu	ほうりつ	ホウリツ	0
houritsujimusho	ほうりつじむしょ	ホウリツジムショ	0
hourou	ほうろう	ホウロウ	0
houru	ほうる	ホウル	0
houryou	ほうりょう	ホウリョウ	0
houryuu	ほうりゅう	ホウリュウ	0
hous	ほう	ホウ	3
housaku	ほうさく	ホウサク	0
housei	ほうせい	ホウセイ	0
houseikyoku	ほうせいきょく	ホウセイキョク	0
houseki	ほうせき	ホウセキ	0
housh	ほう	ホウ	3
housha	ほうしゃ	ホウシャ	0
houshanou	ほうしゃのう	ホウシャノウ	0
houshasei	ほうしゃせい	ホウシャセイ	0
houshasen	ほうしゃせん	ホウシャセン	0
houshashifuto	ほうしゃしふと	ホウシャシフト	0
houshi	ほうし	ホウシ	0
houshiki	ほうしき	ホウシキ	0
houshin	ほうしん	ホウシン	0
houshoku	ほうしょく	ホウショク	0
houshootsu	ほうしょおつ	ホウショオツ	0
houshou	ほうしょう	ホウショウ	0
houshoukin	ほうしょうきん	ホウショウキン	0
houshutsu	ほうしゅつ	ホウシュツ	0
houshuu	ほうしゅう	ホウシュウ	0
housoku	ほうそく	ホウソク	0
housou	ほうそう	ホウソウ	0
housoukai	ほうそうかい	ホウソウカイ	0
housui	ほうすい	ホウスイ	0
hout	ほう	ホウ	3
houtai	ほうたい	ホウタイ	0
houte	ほうて	ホウテ	0
houtei	ほうてい	ホウテイ	0
houteis	ほうてい	ホウテイ	6
houteish	ほうてい	ホウテイ	6
houteishi	ほうていし	ホウテイシ	0
houteishik	ほうていし	ホウテイシ	9
houteishiki	ほうていしき	ホウテイシキ	0
houteishikishabondama	ほうていしきしゃぼんだま	ホウテイシキシャボンダマ	0
houteki	ほうてき	ホウテキ	0
houwa	ほうわ	ホウワ	0
houyou	ほうよう	ホウヨウ	0
houyouryoku	ほうようりょく	ホウヨウリョク	0
howaito	ほわいと	ホワイト	0
howaitokaraa	ほわいとからあ	ホワイトカラア	0
howaitoningu	ほわいとにんぐ	ホワイトニング	0
hoxi	ほぃ	ホィ	0
hoyou	ほよう	ホヨウ	0
hoyoujo	ほようじょ	ホヨウジョ	0
hoyuu	ほゆう	ホユウ	0
hozen	ほぜん	ホゼン	0
hozon	ほぞん	ホゾン	0
hu	ふ	フ	0
huxn	ふん	フン	0
hy			0
hya	ひゃ	ヒャ	0
hyakkajiten	ひゃっかじてん	ヒャッカジテン	0
hyakkaten	ひゃっかてん	ヒャッカテン	0
hyakkin	ひゃっきん	ヒャッキン	0
hyaku	ひゃく	ヒャク	0
hyakuenshoppu	ひゃくえんしょっぷ	ヒャクエンショップ	0
hyakuhachijuudo	ひゃくはちじゅうど	ヒャクハチジュウド	0
hyakujuukyuuban	ひゃくじゅうきゅうばん	ヒャクジュウキュウバン	0
hyakuman	ひゃくまん	ヒャクマン	0
hyakuoku	ひゃくおく	ヒャクオク	0
hyakushou	ひゃくしょう	ヒャクショウ	0
hyakutooban	ひゃくとおばん	ヒャクトオバン	0
hyaxo	ひゃぉ	ヒャォ	0
hye	ひぇ	ヒェ	0
hyextsu	ひぇっ	ヒェッ	0
hyi	ひぃ	ヒィ	0
hyixtu	ひぃっ	ヒィッ	0
hyo	ひょ	ヒョ	0
hyottoshitara	ひょっとしたら	ヒョットシタラ	0
hyottoshite	ひょっとして	ヒョットシテ	0
hyottosuruto	ひょっとすると	ヒョットスルト	0
hyou	ひょう	ヒョウ	0
hyouban	ひょうばん	ヒョウバン	0
hyouchaku	ひょうちゃく	ヒョウチャク	0
hyoudai	ひょうだい	ヒョウダイ	0
hyouden	ひょうでん	ヒョウデン	0
hyoug	ひょう	ヒョウ	4
hyouga	ひょうが	ヒョウガ	0
hyougaokura	ひょうがおくら	ヒョウガオクラ	0
hyougen	ひょうげん	ヒョウゲン	0
hyougi	ひょうぎ	ヒョウギ	0
hyougiin	ひょうぎいん	ヒョウギイン	0
hyougo	ひょうご	ヒョウゴ	0
hyouhaku	ひょうはく	ヒョウハク	0
hyouhakuzai	ひょうはくざい	ヒョウハクザイ	0
hyouhon	ひょうほん	ヒョウホン	0
hyouji	ひょうじ	ヒョウジ	0
hyoujou	ひょうじょう	ヒョウジョウ	0
hyoujun	ひょうじゅん	ヒョウジュン	0
hyoujungo	ひょうじゅんご	ヒョウジュンゴ	0
hyoujunteki	ひょうじゅんてき	ヒョウジュンテキ	0
hyouka	ひょうか	ヒョウカ	0
hyoukeisan	ひょうけいさん	ヒョウケイサン	0
hyouketsu	ひょうけつ	ヒョウケツ	0
hyouki	ひょうき	ヒョウキ	0
hyoukou	ひょうこう	ヒョウコウ	0
hyoum	ひょう	ヒョウ	4
hyoume	ひょうめ	ヒョウメ	0
hyoumei	ひょうめい	ヒョウメイ	0
hyoumeiobuje	ひょうめいおぶじぇ	ヒョウメイオブジェ	0
hyoumen	ひょうめん	ヒョウメン	0
hyouri	ひょうり	ヒョウリ	0
hyouron	ひょうろん	ヒョウロン	0
hyouronka	ひょうろんか	ヒョウロンカ	0
hyourou	ひょうろう	ヒョウロウ	0
hyouryuu	ひょうりゅう	ヒョウリュウ	0
hyousatsu	ひょうさつ	ヒョウサツ	0
hyoushi	ひょうし	ヒョウシ	0
hyoushiki	ひょうしき	ヒョウシキ	0
hyoushou	ひょうしょう	ヒョウショウ	0
hyoushoujou	ひょうしょうじょう	ヒョウショウジョウ	0
hyousuru	ひょうする	ヒョウスル	0
hyouteki	ひょうてき	ヒョウテキ	0
hyoutenka	ひょうてんか	ヒョウテンカ	0
hyouzan	ひょうざん	ヒョウザン	0
hyoxu	ひょぅ	ヒョゥ	0
hyu	ひゅ	ヒュ	0
hyuuman	ひゅうまん	ヒュウマン	0
hyuumanizumu	ひゅうまにずむ	ヒュウマニズム	0
hyuuzu	ひゅうず	ヒュウズ	0
hyuxwa	ひゅゎ	ヒュヮ	0
i	い	イ	0
ian	いあん	イアン	0
iawaseru	いあわせる	イアワセル	0
ibaru	いばる	イバル	0
ibasho	いばしょ	イバショ	0
ibento	いべんと	イベント	0
ibiki	いびき	イビキ	0
ibu	いぶ	イブ	0
ibuki	いぶき	イブキ	0
ibukuro	いぶくろ	イブクロ	0
ibun	いぶん	イブン	0
ibuningu	いぶにんぐ	イブニング	0
ibutsu	いぶつ	イブツ	0
ic	い	イ	1
ich	い	イ	1
ichi	いち	イチ	0
ichiba	いちば	イチバ	0
ichibai	いちばい	イチバイ	0
ichiban	いちばん	イチバン	0
ichibannori	いちばんのり	イチバンノリ	0
ichibante	いちばんて	イチバンテ	0
ichibanue	いちばぬえ	イチバヌエ	0
ichibu	いちぶ	イチブ	0
ichibubun	いちぶぶん	イチブブン	0
ichida	いちだ	イチダ	0
ichidai	いちだい	イチダイ	0
ichidan	いちだん	イチダン	0
ichidanraku	いちだんらく	イチダンラク	0
ichido	いちど	イチド	0
ichidoni	いちどに	イチドニ	0
ichidou	いちどう	イチドウ	0
ichien	いちえん	イチエン	0
ichigaini	いちがいに	イチガイニ	0
ichigan	いちがん	イチガン	0
ichigatsu	いちがつ	イチガツ	0
ichigeki	いちげき	イチゲキ	0
ichigen	いちげん	イチゲン	0
ichigenka	いちげんか	イチゲンカ	0
ichigi	いちぎ	イチギ	0
ichigo	いちご	イチゴ	0
ichigun	いちぐん	イチグン	0
ichiguu	いちぐう	イチグウ	0
ichigyou	いちぎょう	イチギョウ	0
ichihayaku	いちはやく	イチハヤク	0
ichii	いちい	イチイ	0
ichiichi	いちいち	イチイチ	0
ichiin	いちいん	イチイン	0
ichiji	いちじ	イチジ	0
ichijikan	いちじかん	イチジカン	0
ichijiki	いちじき	イチジキ	0
ichijikin	いちじきん	イチジキン	0
ichijinbutsu	いちじんぶつ	イチジンブツ	0
ichijirushii	いちじるしい	イチジルシイ	0
ichijiteki	いちじてき	イチジテキ	0
ichijo	いちじょ	イチジョ	0
ichijou	いちじょう	イチジョウ	0
ichim	いち	イチ	4
ichima	いちま	イチマ	0
ichimai	いちまい	イチマイ	0
ichimaii	いちまいい	イチマイイ	0
ichimaiiw	いちまいい	イチマイイ	8
ichimaiiwa	いちまいいわ	イチマイイワ	0
ichimaiiwaokurisaki	いちまいいわおくりさき	イチマイイワオクリサキ	0
ichiman	いちまん	イチマン	0
ichimatsu	いちまつ	イチマツ	0
ichimegaherutsu	いちめがへるつ	イチメガヘルツ	0
ichimen	いちめん	イチメン	0
ichimon	いちもん	イチモン	0
ichin	いちん	イチン	0
ichinan	いちなん	イチナン	0
ichine	いちね	イチネ	0
ichinen	いちねん	イチネン	0
ichinenjuu	いちねんじゅう	イチネンジュウ	0
ichinenkan	いちねんかん	イチネンカン	0
ichinenpuresuririisu	いちねんぷれすりりいす	イチネンプレスリリイス	0
ichinensei	いちねんせい	イチネンセイ	0
ichini	いちに	イチニ	0
ichinichi	いちにち	イチニチ	0
ichinichijuu	いちにちじゅう	イチニチジュウ	0
ichinin	いちにん	イチニン	0
ichininmae	いちにんまえ	イチニンマエ	0
ichioku	いちおく	イチオク	0
ichiou	いちおう	イチオウ	0
ichiran	いちらん	イチラン	0
ichiranhyou	いちらんひょう	イチランヒョウ	0
ichirei	いちれい	イチレイ	0
ichiren	いちれん	イチレン	0
ichiritsu	いちりつ	イチリツ	0
ichirizuka	いちりずか	イチリズカ	0
ichirui	いちるい	イチルイ	0
ichiryou	いちりょう	イチリョウ	0
ichiryuu	いちりゅう	イチリュウ	0
ichitaiichi	いちたいいち	イチタイイチ	0
ichiwari	いちわり	イチワリ	0
ichiya	いちや	イチヤ	0
ichiyaku	いちやく	イチヤク	0
ichiyoku	いちよく	イチヨク	0
ichiyou	いちよう	イチヨウ	0
ichiza	いちざ	イチザ	0
ichizoku	いちぞく	イチゾク	0
ichizu	いちず	イチズ	0
ichizuke	いちずけ	イチズケ	0
ichizukeru	いちずける	イチズケル	0
ichou	いちょう	イチョウ	0
idai	いだい	イダイ	0
idaku	いだく	イダク	0
iden	いでん	イデン	0
idenshi	いでんし	イデンシ	0
ideorogii	いでおろぎい	イデオロギイ	0
ido	いど	イド	0
idomu	いどむ	イドム	0
idou	いどう	イドウ	0
idouheikin	いどうへいきん	イドウヘイキン	0
ie	いえ	イエ	0
iede	いえで	イエデ	0
iegara	いえがら	イエガラ	0
iei	いえい	イエイ	0
iemoto	いえもと	イエモト	0
ieroo	いえろお	イエロオ	0
iesu	いえす	イエス	0
iezukuri	いえずくり	イエズクリ	0
ifuku	いふく	イフク	0
ig	い	イ	1
igai	いがい	イガイ	0
igaku	いがく	イガク	0
igakubu	いがくぶ	イガクブ	0
igata	いがた	イガタ	0
igen	いげん	イゲン	0
igi	いぎ	イギ	0
igirisu	いぎりす	イギリス	0
igo	いご	イゴ	0
igokochi	いごこち	イゴコチ	0
igy	い	イ	1
igyo	いぎょ	イギョ	0
igyou	いぎょう	イギョウ	0
igyouzentei	いぎょうぜんてい	イギョウゼンテイ	0
ihan	いはん	イハン	0
ihen	いへん	イヘン	0
ihin	いひん	イヒン	0
ihou	いほう	イホウ	0
ihyou	いひょう	イヒョウ	0
ii	いい	イイ	0
iiarawasu	いいあらわす	イイアラワス	0
iibun	いいぶん	イイブン	0
iidasu	いいだす	イイダス	0
iie	いいえ	イイエ	0
iiguru	いいぐる	イイグル	0
iijii	いいじい	イイジイ	0
iikaeru	いいかえる	イイカエル	0
iikaesu	いいかえす	イイカエス	0
iikagen	いいかげん	イイカゲン	0
iikagennishiro	いいかげんにしろ	イイカゲンニシロ	0
iikata	いいかた	イイカタ	0
iikiru	いいきる	イイキル	0
iimawashi	いいまわし	イイマワシ	0
iin	いいん	イイン	0
iinari	いいなり	イイナリ	0
iinchou	いいんちょう	イインチョウ	0
iine	いいね	イイネ	0
iinkai	いいんかい	イインカイ	0
iisutaa	いいすたあ	イイスタア	0
iisuto	いいすと	イイスト	0
iiwake	いいわけ	イイワケ	0
iiwatashi	いいわたし	イイワタシ	0
iiwatasu	いいわたす	イイワタス	0
iiya	いいや	イイヤ	0
iiyouganai	いいようがない	イイヨウガナイ	0
iji	いじ	イジ	0
ijime	いじめ	イジメ	0
ijimeru	いじめる	イジメル	0
ijin	いじん	イジン	0
ijiru	いじる	イジル	0
ijiwaru	いじわる	イジワル	0
ijou	いじょう	イジョウ	0
ijuu	いじゅう	イジュウ	0
ik	い	イ	1
ika	いか	イカ	0
ikaga	いかが	イカガ	0
ikagaku	いかがく	イカガク	0
ikaku	いかく	イカク	0
ikan	いかん	イカン	0
ikani	いかに	イカニ	0
ikanimo	いかにも	イカニモ	0
ikari	いかり	イカリ	0
ikasu	いかす	イカス	0
ike	いけ	イケ	0
ikebana	いけばな	イケバナ	0
ikegaki	いけがき	イケガキ	0
ikemasen	いけません	イケマセン	0
ikemen	いけめん	イケメン	0
iken	いけん	イケン	0
ikenai	いけない	イケナイ	0
ikenyouyaku	いけにょうやく	イケニョウヤク	0
ikeru	いける	イケル	0
iki	いき	イキ	0
ikichi	いきち	イキチ	0
ikichigai	いきちがい	イキチガイ	0
ikidomari	いきどまり	イキドマリ	0
ikidoori	いきどおり	イキドオリ	0
ikigai	いきがい	イキガイ	0
ikigire	いきぎれ	イキギレ	0
ikigomi	いきごみ	イキゴミ	0
ikigomu	いきごむ	イキゴム	0
ikiiki	いきいき	イキイキ	0
ikikaeru	いきかえる	イキカエル	0
ikikata	いきかた	イキカタ	0
ikiki	いきき	イキキ	0
ikimono	いきもの	イキモノ	0
ikinai	いきない	イキナイ	0
ikinari	いきなり	イキナリ	0
ikinokori	いきのこり	イキノコリ	0
ikinokoru	いきのこる	イキノコル	0
ikioi	いきおい	イキオイ	0
ikiru	いきる	イキル	0
ikisakan	いきさかん	イキサカン	0
ikisaki	いきさき	イキサキ	0
ikisugi	いきすぎ	イキスギ	0
ikisugiru	いきすぎる	イキスギル	0
ikitodoku	いきとどく	イキトドク	0
ikiume	いきうめ	イキウメ	0
ikiwataru	いきわたる	イキワタル	0
ikizumari	いきずまり	イキズマリ	0
ikk	い	イ	1
ikka	いっか	イッカ	0
ikkagetsu	いっかげつ	イッカゲツ	0
ikkai	いっかい	イッカイ	0
ikkaku	いっかく	イッカク	0
ikkan	いっかん	イッカン	0
ikkat	いっか	イッカ	4
ikkats	いっか	イッカ	4
ikkatsu	いっかつ	イッカツ	0
ikkatsumoshou	いっかつもしょう	イッカツモショウ	0
ikken	いっけん	イッケン	0
ikki	いっき	イッキ	0
ikkiichiyuu	いっきいちゆう	イッキイチユウ	0
ikkini	いっきに	イッキニ	0
ikkiuchi	いっきうち	イッキウチ	0
ikko	いっこ	イッコ	0
ikkodate	いっこだて	イッコダテ	0
ikkokaku	いっこかく	イッコカク	0
ikkoku	いっこく	イッコク	0
ikkou	いっこう	イッコウ	0
ikkouni	いっこうに	イッコウニ	0
ikkyo	いっきょ	イッキョ	0
ikkyoku	いっきょく	イッキョク	0
ikkyoni	いっきょに	イッキョニ	0
ikkyuu	いっきゅう	イッキュウ	0
ikoi	いこい	イコイ	0
ikoku	いこく	イコク	0
ikon	いこん	イコン	0
ikooru	いこおる	イコオル	0
ikotsu	いこつ	イコツ	0
ikou	いこう	イコウ	0
iku	いく	イク	0
ikubun	いくぶん	イクブン	0
ikudo	いくど	イクド	0
ikudouon	いくどうおん	イクドウオン	0
ikuei	いくえい	イクエイ	0
ikuji	いくじ	イクジ	0
ikunichi	いくにち	イクニチ	0
ikura	いくら	イクラ	0
ikusa	いくさ	イクサ	0
ikusei	いくせい	イクセイ	0
ikutsu	いくつ	イクツ	0
ikutsuka	いくつか	イクツカ	0
ikyoku	いきょく	イキョク	0
ikyuumei	いきゅうめい	イキュウメイ	0
im	い	イ	1
ima	いま	イマ	0
imadoki	いまどき	イマドキ	0
imagoro	いまごろ	イマゴロ	0
imahitotsu	いまひとつ	イマヒトツ	0
imaichi	いまいち	イマイチ	0
imamade	いままで	イママデ	0
imani	いまに	イマニ	0
imanimo	いまにも	イマニモ	0
imas	いま	イマ	3
imasa	いまさ	イマサ	0
imasar	いまさ	イマサ	5
imasara	いまさら	イマサラ	0
imasarahondana	いまさらほんだな	イマサラホンダナ	0
imashime	いましめ	イマシメ	0
imashimeru	いましめる	イマシメル	0
imasugu	いますぐ	イマスグ	0
imawashii	いまわしい	イマワシイ	0
imaya	いまや	イマヤ	0
imeeji	いめえじ	イメエジ	0
imi	いみ	イミ	0
imiai	いみあい	イミアイ	0
imifumei	いみふめい	イミフメイ	0
imin	いみん	イミン	0
imo	いも	イモ	0
imon	いもん	イモン	0
imono	いもの	イモノ	0
imouto	いもうと	イモウト	0
imyou	いみょう	イミョウ	0
in	いん	イン	0
ina	いな	イナ	0
inada	いなだ	イナダ	0
inaho	いなほ	イナホ	0
inai	いない	イナイ	0
inaka	いなか	イナカ	0
inamenai	いなめない	イナメナイ	0
inari	いなり	イナリ	0
inasaku	いなさく	イナサク	0
inazuma	いなずま	イナズマ	0
inbaataa	いんばあたあ	インバアタア	0
inbou	いんぼう	インボウ	0
inchi	いんち	インチ	0
inchiki	いんちき	インチキ	0
inchou	いんちょう	インチョウ	0
indasutoriaru	いんだすとりある	インダストリアル	0
indeian	いんでいあん	インデイアン	0
indeiana	いんでいあな	インデイアナ	0
indeipendento	いんでいぺんでんと	インデイペンデント	0
indekkusu	いんでっくす	インデックス	0
indo	いんど	インド	0
indoa	いんどあ	インドア	0
indoneshia	いんどねしあ	インドネシア	0
indoshina	いんどしな	インドシナ	0
ine	いね	イネ	0
inekari	いねかり	イネカリ	0
inemuri	いねむり	イネムリ	0
infuomeeshon	いんふおめえしょん	インフオメエション	0
infura	いんふら	インフラ	0
infure	いんふれ	インフレ	0
infuruenza	いんふるえんざ	インフルエンザ	0
inga	いんが	インガ	0
ingo	いんご	インゴ	0
ingurando	いんぐらんど	イングランド	0
inin	いにん	イニン	0
iningu	いにんぐ	イニング	0
inishie	いにしえ	イニシエ	0
inkan	いんかん	インカン	0
inki	いんき	インキ	0
inku	いんく	インク	0
inkyo	いんきょ	インキョ	0
inmetsu	いんめつ	インメツ	0
innai	いんない	インナイ	0
innen	いんねん	インネン	0
inobeeshon	いのべえしょん	イノベエション	0
inochi	いのち	イノチ	0
inori	いのり	イノリ	0
inoru	いのる	イノル	0
inoshishi	いのしし	イノシシ	0
inpakuto	いんぱくと	インパクト	0
inperiaru	いんぺりある	インペリアル	0
inpooto	いんぽおと	インポオト	0
inpuranto	いんぷらんと	インプラント	0
inputto	いんぷっと	インプット	0
inr	いん	イン	2
inritsu	いんりつ	インリツ	0
inry	いん	イン	2
inryo	いんりょ	インリョ	0
inryok	いんりょ	インリョ	5
inryoku	いんりょく	インリョク	0
inryokusokkou	いんりょくそっこう	インリョクソッコウ	0
inryou	いんりょう	インリョウ	0
inryousui	いんりょうすい	インリョウスイ	0
insaidaa	いんさいだあ	インサイダア	0
insatsu	いんさつ	インサツ	0
insei	いんせい	インセイ	0
inseki	いんせき	インセキ	0
insenteibu	いんせんていぶ	インセンテイブ	0
inshi	いんし	インシ	0
inshoku	いんしょく	インショク	0
inshokuten	いんしょくてん	インショクテン	0
inshou	いんしょう	インショウ	0
inshouteki	いんしょうてき	インショウテキ	0
inshouzukeru	いんしょうずける	インショウズケル	0
inshu	いんしゅ	インシュ	0
inshurin	いんしゅりん	インシュリン	0
inshuunten	いんしゅうんてん	インシュウンテン	0
insupireeshon	いんすぴれえしょん	インスピレエション	0
insurin	いんすりん	インスリン	0
insutanto	いんすたんと	インスタント	0
insutorakutaa	いんすとらくたあ	インストラクタア	0
int	いん	イン	2
intaa	いんたあ	インタア	0
intaan	いんたあん	インタアン	0
intaanashonaru	いんたあなしょなる	インタアナショナル	0
intaanetto	いんたあねっと	インタアネット	0
intabyuu	いんたびゅう	インタビュウ	0
intai	いんたい	インタイ	0
intarakuteibu	いんたらくていぶ	インタラクテイブ	0
inte	いんて	インテ	0
integureeshon	いんてぐれえしょん	インテグレエション	0
inter	いんて	インテ	4
interi	いんてり	インテリ	0
interia	いんてりあ	インテリア	0
interijensu	いんてりじぇんす	インテリジェンス	0
interijento	いんてりじぇんと	インテリジェント	0
interikuchiburi	いんてりくちぶり	インテリクチブリ	0
intoku	いんとく	イントク	0
intoneeshon	いんとねえしょん	イントネエション	0
intoro	いんとろ	イントロ	0
inu	いぬ	イヌ	0
inyou	いにょう	イニョウ	0
inzei	いんぜい	インゼイ	0
inzuu	いんずう	インズウ	0
io	いお	イオ	0
ion	いおん	イオン	0
ionkouhou	いおんこうほう	イオンコウホウ	0
iori	いおり	イオリ	0
iou	いおう	イオウ	0
ioupasapasa	いおうぱさぱさ	イオウパサパサ	0
ip	い	イ	1
ipp	い	イ	1
ippa	いっぱ	イッパ	0
ippai	いっぱい	イッパイ	0
ippaku	いっぱく	イッパク	0
ippan	いっぱん	イッパン	0
ippanj	いっぱん	イッパン	5
ippanji	いっぱんじ	イッパンジ	0
ippanjin	いっぱんじん	イッパンジン	0
ippanjinsoushiki	いっぱんじんそうしき	イッパンジンソウシキ	0
ippanni	いっぱんに	イッパンニ	0
ippanteki	いっぱんてき	イッパンテキ	0
ippatsu	いっぱつ	イッパツ	0
ippen	いっぺん	イッペン	0
ippenni	いっぺんに	イッペンニ	0
ippentou	いっぺんとう	イッペントウ	0
ippiki	いっぴき	イッピキ	0
ippin	いっぴん	イッピン	0
ippo	いっぽ	イッポ	0
ippon	いっぽん	イッポン	0
ippou	いっぽう	イッポウ	0
ippouteki	いっぽうてき	イッポウテキ	0
ippoutsuukou	いっぽうつうこう	イッポウツウコウ	0
ippuu	いっぷう	イップウ	0
ippyou	いっぴょう	イッピョウ	0
ir	い	イ	1
ira	いら	イラ	0
irai	いらい	イライ	0
iraira	いらいら	イライラ	0
iraku	いらく	イラク	0
iras	いら	イラ	3
irashite	いらして	イラシテ	0
irass	いら	イラ	3
irassh	いら	イラ	3
irassha	いらっしゃ	イラッシャ	0
irasshai	いらっしゃい	イラッシャイ	0
irasshaimase	いらっしゃいませ	イラッシャイマセ	0
irasshar	いらっしゃ	イラッシャ	7
irassharu	いらっしゃる	イラッシャル	0
irassharugekkan	いらっしゃるげっかん	イラッシャルゲッカン	0
irasuto	いらすと	イラスト	0
irasutoreetaa	いらすとれえたあ	イラストレエタア	0
ire	いれ	イレ	0
ireba	いれば	イレバ	0
irebun	いれぶん	イレブン	0
irei	いれい	イレイ	0
ireisai	いれいさい	イレイサイ	0
ireizendera	いれいぜんでら	イレイゼンデラ	0
irekae	いれかえ	イレカエ	0
iremono	いれもの	イレモノ	0
ireru	いれる	イレル	0
irezumi	いれずみ	イレズミ	0
iri	いり	イリ	0
irigomi	いりごみ	イリゴミ	0
iriguchi	いりぐち	イリグチ	0
irikutabaru	いりくたばる	イリクタバル	0
irinoi	いりのい	イリノイ	0
iro	いろ	イロ	0
iroai	いろあい	イロアイ	0
irod	いろ	イロ	3
irodo	いろど	イロド	0
irodor	いろど	イロド	5
irodori	いろどり	イロドリ	0
irodoriminshu	いろどりみんしゅ	イロドリミンシュ	0
irodoru	いろどる	イロドル	0
iroha	いろは	イロハ	0
iroiro	いろいろ	イロイロ	0
iroiroatte	いろいろあって	イロイロアッテ	0
iroke	いろけ	イロケ	0
iron	いろん	イロン	0
ironna	いろんな	イロンナ	0
irotoridori	いろとりどり	イロトリドリ	0
iru	いる	イル	0
irui	いるい	イルイ	0
iruka	いるか	イルカ	0
irumineeshon	いるみねえしょん	イルミネエション	0
iry	い	イ	1
iryoku	いりょく	イリョク	0
iryou	いりょう	イリョウ	0
iryouhin	いりょうひん	イリョウヒン	0
iryu	いりゅ	イリュ	0
iryuu	いりゅう	イリュウ	0
iryuuj	いりゅう	イリュウ	5
iryuujo	いりゅうじょ	イリュウジョ	0
iryuujon	いりゅうじょん	イリュウジョン	0
iryuujonatsui	いりゅうじょなつい	イリュウジョナツイ	0
is	い	イ	1
isagiyoi	いさぎよい	イサギヨイ	0
isaku	いさく	イサク	0
isamashii	いさましい	イサマシイ	0
isamiashi	いさみあし	イサミアシ	0
isamu	いさむ	イサム	0
isan	いさん	イサン	0
isasaka	いささか	イササカ	0
isei	いせい	イセイ	0
iseisha	いせいしゃ	イセイシャ	0
iseki	いせき	イセキ	0
ish	い	イ	1
isha	いしゃ	イシャ	0
ishi	いし	イシ	0
ishiatama	いしあたま	イシアタマ	0
ishibashi	いしばし	イシバシ	0
ishibumi	いしぶみ	イシブミ	0
ishidan	いしだん	イシダン	0
ishigaki	いしがき	イシガキ	0
ishihyouji	いしひょうじ	イシヒョウジ	0
ishikai	いしかい	イシカイ	0
ishikettei	いしけってい	イシケッテイ	0
ishiki	いしき	イシキ	0
ishikichousa	いしきちょうさ	イシキチョウサ	0
ishikiteki	いしきてき	イシキテキ	0
ishin	いしん	イシン	0
ishisotsuu	いしそつう	イシソツウ	0
ishitsu	いしつ	イシツ	0
ishitsubutsu	いしつぶつ	イシツブツ	0
ishizue	いしずえ	イシズエ	0
isho	いしょ	イショ	0
ishoku	いしょく	イショク	0
ishokujuu	いしょくじゅう	イショクジュウ	0
ishou	いしょう	イショウ	0
ishousozei	いしょうそぜい	イショウソゼイ	0
ishuku	いしゅく	イシュク	0
iso	いそ	イソ	0
isog	いそ	イソ	3
isoga	いそが	イソガ	0
isogas	いそが	イソガ	5
isogash	いそが	イソガ	5
isogashi	いそがし	イソガシ	0
isogashii	いそがしい	イソガシイ	0
isogashiishinpa	いそがしいしんぱ	イソガシイシンパ	0
isogi	いそぎ	イソギ	0
isogu	いそぐ	イソグ	0
isoide	いそいで	イソイデ	0
isoiso	いそいそ	イソイソ	0
isou	いそう	イソウ	0
isourou	いそうろう	イソウロウ	0
iss	い	イ	1
issai	いっさい	イッサイ	0
issakunen	いっさくねん	イッサクネン	0
issankatanso	いっさんかたんそ	イッサンカタンソ	0
issatsu	いっさつ	イッサツ	0
isse	いっせ	イッセ	0
issei	いっせい	イッセイ	0
isseini	いっせいに	イッセイニ	0
isseki	いっせき	イッセキ	0
issekinichou	いっせきにちょう	イッセキニチョウ	0
issen	いっせん	イッセン	0
issenaikawarazu	いっせないかわらず	イッセナイカワラズ	0
issetsu	いっせつ	イッセツ	0
issh	い	イ	1
isshiki	いっしき	イッシキ	0
isshin	いっしん	イッシン	0
isshinni	いっしんに	イッシンニ	0
isshitsu	いっしつ	イッシツ	0
issho	いっしょ	イッショ	0
isshoku	いっしょく	イッショク	0
isshon	いっしょん	イッション	0
isshoni	いっしょに	イッショニ	0
isshoniarasou	いっしょにあらそう	イッショニアラソウ	0
isshou	いっしょう	イッショウ	0
isshoukenmei	いっしょうけんめい	イッショウケンメイ	0
isshu	いっしゅ	イッシュ	0
isshun	いっしゅん	イッシュン	0
isshuu	いっしゅう	イッシュウ	0
isshuukan	いっしゅうかん	イッシュウカン	0
isshuunen	いっしゅうねん	イッシュウネン	0
isso	いっそ	イッソ	0
issoku	いっそく	イッソク	0
issonokoto	いっそのこと	イッソノコト	0
issou	いっそう	イッソウ	0
isu	いす	イス	0
isuraeru	いすらえる	イスラエル	0
isuramu	いすらむ	イスラム	0
isuramukyou	いすらむきょう	イスラムキョウ	0
isutanbuuru	いすたんぶうる	イスタンブウル	0
it	い	イ	1
ita	いた	イタ	0
itadakeru	いただける	イタダケル	0
itadaki	いただき	イタダキ	0
itadakimasu	いただきます	イタダキマス	0
itadaku	いただく	イタダク	0
itade	いたで	イタデ	0
itagarasu	いたがらす	イタガラス	0
itai	いたい	イタイ	0
itaku	いたく	イタク	0
itamashii	いたましい	イタマシイ	0
itameru	いためる	イタメル	0
itami	いたみ	イタミ	0
itamu	いたむ	イタム	0
itan	いたん	イタン	0
itar	いた	イタ	3
itaria	いたりあ	イタリア	0
itaru	いたる	イタル	0
itarut	いたる	イタル	5
itaruto	いたると	イタルト	0
itarutok	いたると	イタルト	7
itarutoko	いたるとこ	イタルトコ	0
itarutokor	いたるとこ	イタルトコ	9
itarutokoro	いたるところ	イタルトコロ	0
itarutokoroyoushi	いたるところようし	イタルトコロヨウシ	0
itasu	いたす	イタス	0
itatte	いたって	イタッテ	0
itawaru	いたわる	イタワル	0
itaz	いた	イタ	3
itazu	いたず	イタズ	0
itazur	いたず	イタズ	5
itazura	いたずら	イタズラ	0
itazurasensui	いたずらせんすい	イタズラセンスイ	0
itc	い	イ	1
itch	い	イ	1
itchaku	い	イ	1
itchi	い	イ	1
itcho	い	イ	1
itchokusen	い	イ	1
itchou	い	イ	1
itchousoutai	い	イ	1
iten	いてん	イテン	0
ito	いと	イト	0
itoguchi	いとぐち	イトグチ	0
itoko	いとこ	イトコ	0
itomeru	いとめる	イトメル	0
itonami	いとなみ	イトナミ	0
itonamu	いとなむ	イトナム	0
itoshii	いとしい	イトシイ	0
itoteki	いとてき	イトテキ	0
its	い	イ	1
itsu	いつ	イツ	0
itsudatsu	いつだつ	イツダツ	0
itsudemo	いつでも	イツデモ	0
itsugoro	いつごろ	イツゴロ	0
itsuka	いつか	イツカ	0
itsumademo	いつまでも	イツマデモ	0
itsumo	いつも	イツモ	0
itsumodoori	いつもどおり	イツモドオリ	0
itsuninaku	いつになく	イツニナク	0
itsuninattara	いつになったら	イツニナッタラ	0
itsunomanika	いつのまにか	イツノマニカ	0
itsutsu	いつつ	イツツ	0
itsuw	いつ	イツ	4
itsuwa	いつわ	イツワ	0
itsuwaru	いつわる	イツワル	0
itsuwasoudou	いつわそうどう	イツワソウドウ	0
ittai	いったい	イッタイ	0
ittan	いったん	イッタン	0
ittarikitari	いったりきたり	イッタリキタリ	0
itte	いって	イッテ	0
ittei	いってい	イッテイ	0
ittekimasu	いってきます	イッテキマス	0
itten	いってん	イッテン	0
itterasshai	いってらっしゃい	イッテラッシャイ	0
itto	いっと	イット	0
ittou	いっとう	イットウ	0
ittsuu	いっつう	イッツウ	0
iu	いう	イウ	0
ium	いう	イウ	2
iuma	いうま	イウマ	0
iumad	いうま	イウマ	4
iumade	いうまで	イウマデ	0
iumadem	いうまで	イウマデ	6
iumademo	いうまでも	イウマデモ	0
iumademon	いうまでもん	イウマデモン	0
iumademona	いうまでもな	イウマデモナ	0
iumademonai	いうまでもない	イウマデモナイ	0
iumademonaifujoshi	いうまでもないふじょし	イウマデモナイフジョシ	0
iwa	いわ	イワ	0
iwaba	いわば	イワバ	0
iwai	いわい	イワイ	0
iwakan	いわかん	イワカン	0
iwaku	いわく	イワク	0
iwama	いわま	イワマ	0
iwashi	いわし	イワシ	0
iwau	いわう	イワウ	0
iwaya	いわや	イワヤ	0
iwayama	いわやま	イワヤマ	0
iwayuru	いわゆる	イワユル	0
ixya	いゃ	イャ	0
iya	いや	イヤ	0
iyagarase	いやがらせ	イヤガラセ	0
iyagaru	いやがる	イヤガル	0
iyahon	いやほん	イヤホン	0
iyaiya	いやいや	イヤイヤ	0
iyaki	いやき	イヤキ	0
iyaku	いやく	イヤク	0
iyakuhin	いやくひん	イヤクヒン	0
iyarashii	いやらしい	イヤラシイ	0
iyaringu	いやりんぐ	イヤリング	0
iyashii	いやしい	イヤシイ	0
iyoiyo	いよいよ	イヨイヨ	0
iyoku	いよく	イヨク	0
iyou	いよう	イヨウ	0
iz	い	イ	1
izakaya	いざかや	イザカヤ	0
izakoza	いざこざ	イザコザ	0
izen	いぜん	イゼン	0
izentoshite	いぜんとして	イゼントシテ	0
izo	いぞ	イゾ	0
izok	いぞ	イゾ	3
izoku	いぞく	イゾク	0
izokukumikomu	いぞくくみこむ	イゾククミコム	0
izon	いぞん	イゾン	0
izonshou	いぞんしょう	イゾンショウ	0
izumi	いずみ	イズミ	0
izumu	いずむ	イズム	0
izure	いずれ	イズレ	0
izureka	いずれか	イズレカ	0
j			0
ja	じゃ	ジャ	0
jaa	じゃあ	ジャア	0
jaajii	じゃあじい	ジャアジイ	0
jaaku	じゃあく	ジャアク	0
jaanarisuto	じゃあなりすと	ジャアナリスト	0
jaanarizumu	じゃあなりずむ	ジャアナリズム	0
jaanaru	じゃあなる	ジャアナル	0
jab	じゃ	ジャ	2
jabu	じゃぶ	ジャブ	0
jabuj	じゃぶ	ジャブ	4
jabuja	じゃぶじゃ	ジャブジャ	0
jabujab	じゃぶじゃ	ジャブジャ	6
jabujabu	じゃぶじゃぶ	ジャブジャブ	0
jabujabuganpon	じゃぶじゃぶがんぽん	ジャブジャブガンポン	0
jadou	じゃどう	ジャドウ	0
jagaa	じゃがあ	ジャガア	0
jagaimo	じゃがいも	ジャガイモ	0
jaguchi	じゃぐち	ジャグチ	0
jaianto	じゃいあんと	ジャイアント	0
jairosukoopu	じゃいろすこおぷ	ジャイロスコオプ	0
jajji	じゃっじ	ジャッジ	0
jak	じゃ	ジャ	2
jaka	じゃか	ジャカ	0
jakar	じゃか	ジャカ	4
jakaru	じゃかる	ジャカル	0
jakarut	じゃかる	ジャカル	6
jakaruta	じゃかるた	ジャカルタ	0
jakarutashibousha	じゃかるたしぼうしゃ	ジャカルタシボウシャ	0
jaketto	じゃけっと	ジャケット	0
jakkan	じゃっかん	ジャッカン	0
jakki	じゃっき	ジャッキ	0
jakku	じゃっく	ジャック	0
jaku	じゃく	ジャク	0
jakunen	じゃくねん	ジャクネン	0
jakureitoushokuhin	じゃくれいとうしょくひん	ジャクレイトウショクヒン	0
jakusha	じゃくしゃ	ジャクシャ	0
jakutai	じゃくたい	ジャクタイ	0
jakuten	じゃくてん	ジャクテン	0
jama	じゃま	ジャマ	0
jamaika	じゃまいか	ジャマイカ	0
jamu	じゃむ	ジャム	0
jan	じゃん	ジャン	0
jana	じゃな	ジャナ	0
janai	じゃない	ジャナイ	0
janaika	じゃないか	ジャナイカ	0
janaikurikaeshi	じゃないくりかえし	ジャナイクリカエシ	0
janb	じゃん	ジャン	3
janbo	じゃんぼ	ジャンボ	0
janboitoguchi	じゃんぼいとぐち	ジャンボイトグチ	0
janguru	じゃんぐる	ジャングル	0
janken	じゃんけん	ジャンケン	0
jankii	じゃんきい	ジャンキイ	0
jankushon	じゃんくしょん	ジャンクション	0
janome	じゃのめ	ジャノメ	0
janpaa	じゃんぱあ	ジャンパア	0
janpu	じゃんぷ	ジャンプ	0
janru	じゃんる	ジャンル	0
japan	じゃぱん	ジャパン	0
japaniizu	じゃぱにいず	ジャパニイズ	0
japankappu	じゃぱんかっぷ	ジャパンカップ	0
japonika	じゃぽにか	ジャポニカ	0
jari	じゃり	ジャリ	0
jasu	じゃす	ジャス	0
jasumin	じゃすみん	ジャスミン	0
jasuto	じゃすと	ジャスト	0
jau	じゃう	ジャウ	0
jaxye	じゃぇ	ジャェ	0
jazu	じゃず	ジャズ	0
jazumen	じゃずめん	ジャズメン	0
je	じぇ	ジェ	0
jendaa	じぇんだあ	ジェンダア	0
jenereeshon	じぇねれえしょん	ジェネレエション	0
jenosaido	じぇのさいど	ジェノサイド	0
jerashii	じぇらしい	ジェラシイ	0
jerontokurashii	じぇろんとくらしい	ジェロントクラシイ	0
jesuchaa	じぇすちゃあ	ジェスチャア	0
jet	じぇ	ジェ	2
jett	じぇ	ジェ	2
jetto	じぇっと	ジェット	0
jettok	じぇっと	ジェット	5
jettoki	じぇっとき	ジェットキ	0
jettokiumakuiku	じぇっときうまくいく	ジェットキウマクイク	0
jettokoosutaa	じぇっとこおすたあ	ジェットコオスタア	0
jexyi	じぇぃ	ジェィ	0
ji	じ	ジ	0
jiai	じあい	ジアイ	0
jiba	じば	ジバ	0
jiban	じばん	ジバン	0
jibika	じびか	ジビカ	0
jibiki	じびき	ジビキ	0
jibu	じぶ	ジブ	0
jibun	じぶん	ジブン	0
jibunde	じぶんで	ジブンデ	0
jibunjishin	じぶんじしん	ジブンジシン	0
jibyou	じびょう	ジビョウ	0
jichi	じち	ジチ	0
jichiken	じちけん	ジチケン	0
jichitai	じちたい	ジチタイ	0
jichou	じちょう	ジチョウ	0
jid	じ	ジ	2
jida	じだ	ジダ	0
jidai	じだい	ジダイ	0
jidaigeki	じだいげき	ジダイゲキ	0
jidais	じだい	ジダイ	5
jidaisa	じだいさ	ジダイサ	0
jidaisak	じだいさ	ジダイサ	7
jidaisaku	じだいさく	ジダイサク	0
jidaisakug	じだいさく	ジダイサク	9
jidaisakugo	じだいさくご	ジダイサクゴ	0
jidaisakugomidasu	じだいさくごみだす	ジダイサクゴミダス	0
jidan	じだん	ジダン	0
jiden	じでん	ジデン	0
jidou	じどう	ジドウ	0
jidouhanbaiki	じどうはんばいき	ジドウハンバイキ	0
jidouka	じどうか	ジドウカ	0
jidousha	じどうしゃ	ジドウシャ	0
jidoushameekaa	じどうしゃめえかあ	ジドウシャメエカア	0
jidouteki	じどうてき	ジドウテキ	0
jiei	じえい	ジエイ	0
jieigyou	じえいぎょう	ジエイギョウ	0
jieikan	じえいかん	ジエイカン	0
jieitai	じえいたい	ジエイタイ	0
jifu	じふ	ジフ	0
jiga	じが	ジガ	0
jigazou	じがぞう	ジガゾウ	0
jigen	じげん	ジゲン	0
jigi	じぎ	ジギ	0
jigo	じご	ジゴ	0
jigoku	じごく	ジゴク	0
jigusoopazuru	じぐそおぱずる	ジグソオパズル	0
jiguzagu	じぐざぐ	ジグザグ	0
jigyou	じぎょう	ジギョウ	0
jigyousho	じぎょうしょ	ジギョウショ	0
jih	じ	ジ	2
jiha	じは	ジハ	0
jihaado	じはあど	ジハアド	0
jihada	じはだ	ジハダ	0
jihaku	じはく	ジハク	0
jihan	じはん	ジハン	0
jihankai	じはんかい	ジハンカイ	0
jihanki	じはんき	ジハンキ	0
jihatsu	じはつ	ジハツ	0
jihatsuteki	じはつてき	ジハツテキ	0
jiheishou	じへいしょう	ジヘイショウ	0
jihen	じへん	ジヘン	0
jihi	じひ	ジヒ	0
jihitachi	じひたち	ジヒタチ	0
jihitsu	じひつ	ジヒツ	0
jihou	じほう	ジホウ	0
jihyou	じひょう	ジヒョウ	0
jii	じい	ジイ	0
jiin	じいん	ジイン	0
jiinzu	じいんず	ジインズ	0
jiipan	じいぱん	ジイパン	0
jiipu	じいぷ	ジイプ	0
jiisan	じいさん	ジイサン	0
jiji	じじ	ジジ	0
jijitsu	じじつ	ジジツ	0
jijitsujou	じじつじょう	ジジツジョウ	0
jijitsumukon	じじつむこん	ジジツムコン	0
jijo	じじょ	ジジョ	0
jijoden	じじょでん	ジジョデン	0
jijou	じじょう	ジジョウ	0
jijuu	じじゅう	ジジュウ	0
jik	じ	ジ	2
jika	じか	ジカ	0
jikai	じかい	ジカイ	0
jikaku	じかく	ジカク	0
jikan	じかん	ジカン	0
jikangire	じかんぎれ	ジカンギレ	0
jikani	じかに	ジカニ	0
jikantai	じかんたい	ジカンタイ	0
jikanwari	じかんわり	ジカンワリ	0
jikatsu	じかつ	ジカツ	0
jikayou	じかよう	ジカヨウ	0
jikei	じけい	ジケイ	0
jiken	じけん	ジケン	0
jiketsu	じけつ	ジケツ	0
jiki	じき	ジキ	0
jikini	じきに	ジキニ	0
jikishousou	じきしょうそう	ジキショウソウ	0
jikk	じ	ジ	2
jikka	じっか	ジッカ	0
jikkan	じっかん	ジッカン	0
jikke	じっけ	ジッケ	0
jikkei	じっけい	ジッケイ	0
jikkeikain	じっけいかいん	ジッケイカイン	0
jikken	じっけん	ジッケン	0
jikkenshitsu	じっけんしつ	ジッケンシツ	0
jikkou	じっこう	ジッコウ	0
jikkuri	じっくり	ジックリ	0
jikkyou	じっきょう	ジッキョウ	0
jiko	じこ	ジコ	0
jikokanri	じこかんり	ジコカンリ	0
jikoku	じこく	ジコク	0
jikokuhyou	じこくひょう	ジコクヒョウ	0
jikoshihon	じこしほん	ジコシホン	0
jikoshoukai	じこしょうかい	ジコショウカイ	0
jikou	じこう	ジコウ	0
jiku	じく	ジク	0
jikyoku	じきょく	ジキョク	0
jikyou	じきょう	ジキョウ	0
jikyuu	じきゅう	ジキュウ	0
jim	じ	ジ	2
jimae	じまえ	ジマエ	0
jimaku	じまく	ジマク	0
jiman	じまん	ジマン	0
jimei	じめい	ジメイ	0
jimejime	じめじめ	ジメジメ	0
jimen	じめん	ジメン	0
jimetsu	じめつ	ジメツ	0
jimi	じみ	ジミ	0
jimichi	じみち	ジミチ	0
jimin	じみん	ジミン	0
jimintou	じみんとう	ジミントウ	0
jimoku	じもく	ジモク	0
jimon	じもん	ジモン	0
jimoto	じもと	ジモト	0
jimu	じむ	ジム	0
jimuin	じむいん	ジムイン	0
jimujikan	じむじかん	ジムジカン	0
jimukan	じむかん	ジムカン	0
jimukyoku	じむきょく	ジムキョク	0
jimus	じむ	ジム	4
jimush	じむ	ジム	4
jimushi	じむし	ジムシ	0
jimushit	じむし	ジムシ	7
jimushits	じむし	ジムシ	7
jimushitsu	じむしつ	ジムシツ	0
jimushitsuyoushi	じむしつようし	ジムシツヨウシ	0
jimusho	じむしょ	ジムショ	0
jimuteki	じむてき	ジムテキ	0
jimutoukyoku	じむとうきょく	ジムトウキョク	0
jin	じん	ジン	0
jinan	じなん	ジナン	0
jinb	じん	ジン	3
jinbabue	じんばぶえ	ジンバブエ	0
jinbu	じんぶ	ジンブ	0
jinbun	じんぶん	ジンブン	0
jinbunk	じんぶん	ジンブン	6
jinbunka	じんぶんか	ジンブンカ	0
jinbunkag	じんぶんか	ジンブンカ	8
jinbunkaga	じんぶんかが	ジンブンカガ	0
jinbunkagak	じんぶんかが	ジンブンカガ	10
jinbunkagaku	じんぶんかがく	ジンブンカガク	0
jinbunkagakuhikitsukeru	じんぶんかがくひきつける	ジンブンカガクヒキツケル	0
jinbutsu	じんぶつ	ジンブツ	0
jinchi	じんち	ジンチ	0
jinchuu	じんちゅう	ジンチュウ	0
jindai	じんだい	ジンダイ	0
jindou	じんどう	ジンドウ	0
jindoushugi	じんどうしゅぎ	ジンドウシュギ	0
jindouteki	じんどうてき	ジンドウテキ	0
jinei	じねい	ジネイ	0
jingi	じんぎ	ジンギ	0
jingisukan	じんぎすかん	ジンギスカン	0
jinguu	じんぐう	ジングウ	0
jini	じに	ジニ	0
jinin	じにん	ジニン	0
jininkachou	じにんかちょう	ジニンカチョウ	0
jiniteki	じにてき	ジニテキ	0
jinj	じん	ジン	3
jinja	じんじゃ	ジンジャ	0
jinji	じんじ	ジンジ	0
jinjii	じんじい	ジンジイ	0
jinjiid	じんじい	ジンジイ	6
jinjiido	じんじいど	ジンジイド	0
jinjiidou	じんじいどう	ジンジイドウ	0
jinjiidoubaishun	じんじいどうばいしゅん	ジンジイドウバイシュン	0
jinjiin	じんじいん	ジンジイン	0
jinjou	じんじょう	ジンジョウ	0
jink	じん	ジン	3
jinkaku	じんかく	ジンカク	0
jinken	じんけん	ジンケン	0
jinkenhi	じんけんひ	ジンケンヒ	0
jinkenyougo	じんけにょうご	ジンケニョウゴ	0
jinkotsu	じんこつ	ジンコツ	0
jinkou	じんこう	ジンコウ	0
jinkoueisei	じんこうえいせい	ジンコウエイセイ	0
jinkoukokyuu	じんこうこきゅう	ジンコウコキュウ	0
jinkouteki	じんこうてき	ジンコウテキ	0
jinku	じんく	ジンク	0
jinkus	じんく	ジンク	5
jinkusu	じんくす	ジンクス	0
jinkusushisatsu	じんくすしさつ	ジンクスシサツ	0
jinmei	じんめい	ジンメイ	0
jinmin	じんみん	ジンミン	0
jinmingen	じんみんげん	ジンミンゲン	0
jinminsensen	じんみんせんせん	ジンミンセンセン	0
jinmon	じんもん	ジンモン	0
jinmyaku	じんみゃく	ジンミャク	0
jinrikisha	じんりきしゃ	ジンリキシャ	0
jinrui	じんるい	ジンルイ	0
jinruigaku	じんるいがく	ジンルイガク	0
jinryoku	じんりょく	ジンリョク	0
jinsei	じんせい	ジンセイ	0
jinseikan	じんせいかん	ジンセイカン	0
jinsen	じんせん	ジンセン	0
jinshin	じんしん	ジンシン	0
jinshu	じんしゅ	ジンシュ	0
jinsoku	じんそく	ジンソク	0
jintai	じんたい	ジンタイ	0
jinteki	じんてき	ジンテキ	0
jintou	じんとう	ジントウ	0
jintsuu	じんつう	ジンツウ	0
jinushi	じぬし	ジヌシ	0
jinyou	じにょう	ジニョウ	0
jinzai	じんざい	ジンザイ	0
jinzou	じんぞう	ジンゾウ	0
jipangu	じぱんぐ	ジパング	0
jippi	じっぴ	ジッピ	0
jipushii	じぷしい	ジプシイ	0
jirafu	じらふ	ジラフ	0
jirai	じらい	ジライ	0
jirei	じれい	ジレイ	0
jireishuu	じれいしゅう	ジレイシュウ	0
jirenma	じれんま	ジレンマ	0
jiriki	じりき	ジリキ	0
jiritsu	じりつ	ジリツ	0
jiritsushinkei	じりつしんけい	ジリツシンケイ	0
jiron	じろん	ジロン	0
jiryuu	じりゅう	ジリュウ	0
jis	じ	ジ	2
jisa	じさ	ジサ	0
jisaku	じさく	ジサク	0
jisan	じさん	ジサン	0
jisatsu	じさつ	ジサツ	0
jisei	じせい	ジセイ	0
jiseki	じせき	ジセキ	0
jisen	じせん	ジセン	0
jisetsu	じせつ	ジセツ	0
jish	じ	ジ	2
jisha	じしゃ	ジシャ	0
jishaku	じしゃく	ジシャク	0
jishi	じし	ジシ	0
jishin	じしん	ジシン	0
jishinuragaesu	じしぬらがえす	ジシヌラガエス	0
jishitsu	じしつ	ジシツ	0
jisho	じしょ	ジショ	0
jishoku	じしょく	ジショク	0
jishou	じしょう	ジショウ	0
jishu	じしゅ	ジシュ	0
jishuku	じしゅく	ジシュク	0
jishuteki	じしゅてき	ジシュテキ	0
jishuu	じしゅう	ジシュウ	0
jisoku	じそく	ジソク	0
jison	じそん	ジソン	0
jissai	じっさい	ジッサイ	0
jissaiha	じっさいは	ジッサイハ	0
jissei	じっせい	ジッセイ	0
jisseki	じっせき	ジッセキ	0
jissen	じっせん	ジッセン	0
jisshi	じっし	ジッシ	0
jisshitsu	じっしつ	ジッシツ	0
jisshitsuteki	じっしつてき	ジッシツテキ	0
jisshou	じっしょう	ジッショウ	0
jisshuu	じっしゅう	ジッシュウ	0
jissou	じっそう	ジッソウ	0
jissuu	じっすう	ジッスウ	0
jisu	じす	ジス	0
jisui	じすい	ジスイ	0
jisutorofyii	じすとろふぃい	ジストロフィイ	0
jisuu	じすう	ジスウ	0
jit	じ	ジ	2
jita	じた	ジタ	0
jitai	じたい	ジタイ	0
jitaiyokugetsu	じたいよくげつ	ジタイヨクゲツ	0
jitaku	じたく	ジタク	0
jitchi	じ	ジ	2
jiten	じてん	ジテン	0
jitensha	じてんしゃ	ジテンシャ	0
jits	じ	ジ	2
jitsu	じつ	ジツ	0
jitsubutsu	じつぶつ	ジツブツ	0
jitsudan	じつだん	ジツダン	0
jitsue	じつえ	ジツエ	0
jitsuen	じつえん	ジツエン	0
jitsuenryougae	じつえんりょうがえ	ジツエンリョウガエ	0
jitsugen	じつげん	ジツゲン	0
jitsugi	じつぎ	ジツギ	0
jitsugyou	じつぎょう	ジツギョウ	0
jitsugyouka	じつぎょうか	ジツギョウカ	0
jitsuha	じつは	ジツハ	0
jitsujou	じつじょう	ジツジョウ	0
jitsumei	じつめい	ジツメイ	0
jitsumu	じつむ	ジツム	0
jitsuni	じつに	ジツニ	0
jitsurei	じつれい	ジツレイ	0
jitsuri	じつり	ジツリ	0
jitsuryoku	じつりょく	ジツリョク	0
jitsuryokuha	じつりょくは	ジツリョクハ	0
jitsuryokukoushi	じつりょくこうし	ジツリョクコウシ	0
jitsuwa	じつわ	ジツワ	0
jitsuyou	じつよう	ジツヨウ	0
jitsuyouteki	じつようてき	ジツヨウテキ	0
jitsuzai	じつざい	ジツザイ	0
jitsuzou	じつぞう	ジツゾウ	0
jitt	じ	ジ	2
jitta	じった	ジッタ	0
jittai	じったい	ジッタイ	0
jittaichousa	じったいちょうさ	ジッタイチョウサ	0
jittairyoushi	じったいりょうし	ジッタイリョウシ	0
jittei	じってい	ジッテイ	0
jitto	じっと	ジット	0
jiwajiwa	じわじわ	ジワジワ	0
jixyo	じょ	ジョ	0
jiyou	じよう	ジヨウ	0
jiyuu	じゆう	ジユウ	0
jiyuugata	じゆうがた	ジユウガタ	0
jiyuuka	じゆうか	ジユウカ	0
jiyuukeizai	じゆうけいざい	ジユウケイザイ	0
jiyuushugi	じゆうしゅぎ	ジユウシュギ	0
jiz	じ	ジ	2
jizai	じざい	ジザイ	0
jizen	じぜん	ジゼン	0
jizo	じぞ	ジゾ	0
jizok	じぞ	ジゾ	4
jizoku	じぞく	ジゾク	0
jizokut	じぞく	ジゾク	6
jizokute	じぞくて	ジゾクテ	0
jizokutek	じぞくて	ジゾクテ	8
jizokuteki	じぞくてき	ジゾクテキ	0
jizokutekikangoku	じぞくてきかんごく	ジゾクテキカンゴク	0
jizou	じぞう	ジゾウ	0
jizume	じずめ	ジズメ	0
jja	っじゃ	ッジャ	0
jjaxyu	っじゃゅ	ッジャュ	0
jje	っじぇ	ッジェ	0
jjeya	っじぇや	ッジェヤ	0
jji	っじ	ッジ	0
jjiye	っじいぇ	ッジイェ	0
jjo	っじょ	ッジョ	0
jjoyi	っじょい	ッジョイ	0
jju	っじゅ	ッジュ	0
jjuyo	っじゅよ	ッジュヨ	0
jjya	っじゃ	ッジャ	0
jjyayu	っじゃゆ	ッジャユ	0
jjye	っじぇ	ッジェ	0
jjyeyya	っじぇっや	ッジェッヤ	0
jjyi	っじぃ	ッジィ	0
jjyiyye	っじぃっいぇ	ッジィッイェ	0
jjyo	っじょ	ッジョ	0
jjyoyyi	っじょっい	ッジョッイ	0
jjyu	っじゅ	ッジュ	0
jjyuyyo	っじゅっよ	ッジュッヨ	0
jo	じょ	ジョ	0
joban	じょばん	ジョバン	0
jobun	じょぶん	ジョブン	0
jochuu	じょちゅう	ジョチュウ	0
joen	じょえん	ジョエン	0
jogai	じょがい	ジョガイ	0
jogakkou	じょがっこう	ジョガッコウ	0
jogen	じょげん	ジョゲン	0
jogingu	じょぎんぐ	ジョギング	0
joi	じょい	ジョイ	0
jointo	じょいんと	ジョイント	0
joji	じょじ	ジョジ	0
jojishi	じょじし	ジョジシ	0
jojoni	じょじょに	ジョジョニ	0
jojou	じょじょう	ジョジョウ	0
jojutsu	じょじゅつ	ジョジュツ	0
jok	じょ	ジョ	2
jokin	じょきん	ジョキン	0
jokki	じょっき	ジョッキ	0
jokou	じょこう	ジョコウ	0
jokun	じょくん	ジョクン	0
joky	じょ	ジョ	2
jokyo	じょきょ	ジョキョ	0
jokyok	じょきょ	ジョキョ	5
jokyoku	じょきょく	ジョキョク	0
jokyokutsutsumu	じょきょくつつむ	ジョキョクツツム	0
jokyouju	じょきょうじゅ	ジョキョウジュ	0
jomaku	じょまく	ジョマク	0
jomei	じょめい	ジョメイ	0
jookaa	じょおかあ	ジョオカア	0
jooku	じょおく	ジョオク	0
joou	じょおう	ジョオウ	0
jor	じょ	ジョ	2
joretsu	じょれつ	ジョレツ	0
jory	じょ	ジョ	2
joryo	じょりょ	ジョリョ	0
joryok	じょりょ	ジョリョ	5
joryoku	じょりょく	ジョリョク	0
joryokufuufu	じょりょくふうふ	ジョリョクフウフ	0
joryuu	じょりゅう	ジョリュウ	0
jos	じょ	ジョ	2
josanpu	じょさんぷ	ジョサンプ	0
jose	じょせ	ジョセ	0
josei	じょせい	ジョセイ	0
joseit	じょせい	ジョセイ	5
joseite	じょせいて	ジョセイテ	0
joseitek	じょせいて	ジョセイテ	7
joseiteki	じょせいてき	ジョセイテキ	0
joseitekishirushi	じょせいてきしるし	ジョセイテキシルシ	0
joseki	じょせき	ジョセキ	0
josetsu	じょせつ	ジョセツ	0
joshi	じょし	ジョシ	0
joshidai	じょしだい	ジョシダイ	0
joshikou	じょしこう	ジョシコウ	0
joshikousei	じょしこうせい	ジョシコウセイ	0
joshu	じょしゅ	ジョシュ	0
josou	じょそう	ジョソウ	0
jou	じょう	ジョウ	0
jouba	じょうば	ジョウバ	0
joubu	じょうぶ	ジョウブ	0
joubun	じょうぶん	ジョウブン	0
joucho	じょうちょ	ジョウチョ	0
jouchuu	じょうちゅう	ジョウチュウ	0
joudan	じょうだん	ジョウダン	0
jouden	じょうでん	ジョウデン	0
joudo	じょうど	ジョウド	0
joudoshinshuu	じょうどしんしゅう	ジョウドシンシュウ	0
jouei	じょうえい	ジョウエイ	0
jouen	じょうえん	ジョウエン	0
jouetsu	じょうえつ	ジョウエツ	0
jougai	じょうがい	ジョウガイ	0
jouge	じょうげ	ジョウゲ	0
jougen	じょうげん	ジョウゲン	0
jougi	じょうぎ	ジョウギ	0
jouh	じょう	ジョウ	3
jouhanshin	じょうはんしん	ジョウハンシン	0
jouhatsu	じょうはつ	ジョウハツ	0
jouhin	じょうひん	ジョウヒン	0
jouho	じょうほ	ジョウホ	0
jouhou	じょうほう	ジョウホウ	0
jouhoubu	じょうほうぶ	ジョウホウブ	0
jouhouk	じょうほう	ジョウホウ	6
jouhouka	じょうほうか	ジョウホウカ	0
jouhoukas	じょうほうか	ジョウホウカ	8
jouhoukash	じょうほうか	ジョウホウカ	8
jouhoukasha	じょうほうかしゃ	ジョウホウカシャ	0
jouhoukashak	じょうほうかしゃ	ジョウホウカシャ	11
jouhoukashaka	じょうほうかしゃか	ジョウホウカシャカ	0
jouhoukashakai	じょうほうかしゃかい	ジョウホウカシャカイ	0
jouhoukashakaikanji	じょうほうかしゃかいかんじ	ジョウホウカシャカイカンジ	0
jouhousangyou	じょうほうさんぎょう	ジョウホウサンギョウ	0
jouhoushori	じょうほうしょり	ジョウホウショリ	0
joui	じょうい	ジョウイ	0
jouin	じょういん	ジョウイン	0
jouj	じょう	ジョウ	3
jouji	じょうじ	ジョウジ	0
joujiru	じょうじる	ジョウジル	0
joujo	じょうじょ	ジョウジョ	0
joujou	じょうじょう	ジョウジョウ	0
joujouruaa	じょうじょうるああ	ジョウジョウルアア	0
jouju	じょうじゅ	ジョウジュ	0
joujun	じょうじゅん	ジョウジュン	0
jouk	じょう	ジョウ	3
jouka	じょうか	ジョウカ	0
joukaku	じょうかく	ジョウカク	0
joukamachi	じょうかまち	ジョウカマチ	0
joukan	じょうかん	ジョウカン	0
joukasou	じょうかそう	ジョウカソウ	0
joukei	じょうけい	ジョウケイ	0
jouken	じょうけん	ジョウケン	0
joukentsuki	じょうけんつき	ジョウケンツキ	0
jouki	じょうき	ジョウキ	0
joukigen	じょうきげん	ジョウキゲン	0
joukikoeru	じょうきこえる	ジョウキコエル	0
joukin	じょうきん	ジョウキン	0
jouko	じょうこ	ジョウコ	0
joukok	じょうこ	ジョウコ	5
joukoku	じょうこく	ジョウコク	0
joukokukakikomi	じょうこくかきこみ	ジョウコクカキコミ	0
joukou	じょうこう	ジョウコウ	0
joukuu	じょうくう	ジョウクウ	0
joukyaku	じょうきゃく	ジョウキャク	0
joukyou	じょうきょう	ジョウキョウ	0
joukyouhoukoku	じょうきょうほうこく	ジョウキョウホウコク	0
joukyuu	じょうきゅう	ジョウキュウ	0
joumon	じょうもん	ジョウモン	0
joumu	じょうむ	ジョウム	0
joumuin	じょうむいん	ジョウムイン	0
joumyaku	じょうみゃく	ジョウミャク	0
jounai	じょうない	ジョウナイ	0
jounetsu	じょうねつ	ジョウネツ	0
jounin	じょうにん	ジョウニン	0
jouniniinkai	じょうににいんかい	ジョウニニインカイ	0
jourei	じょうれい	ジョウレイ	0
jouren	じょうれん	ジョウレン	0
jouri	じょうり	ジョウリ	0
jouriku	じょうりく	ジョウリク	0
jouryuu	じょうりゅう	ジョウリュウ	0
jousei	じょうせい	ジョウセイ	0
jousetsu	じょうせつ	ジョウセツ	0
jousha	じょうしゃ	ジョウシャ	0
joushaken	じょうしゃけん	ジョウシャケン	0
joushi	じょうし	ジョウシ	0
joushiki	じょうしき	ジョウシキ	0
joushikiteki	じょうしきてき	ジョウシキテキ	0
joushin	じょうしん	ジョウシン	0
jousho	じょうしょ	ジョウショ	0
joushou	じょうしょう	ジョウショウ	0
joushu	じょうしゅ	ジョウシュ	0
joushuu	じょうしゅう	ジョウシュウ	0
jousou	じょうそう	ジョウソウ	0
jousui	じょうすい	ジョウスイ	0
joutai	じょうたい	ジョウタイ	0
joutatsu	じょうたつ	ジョウタツ	0
jouto	じょうと	ジョウト	0
joutou	じょうとう	ジョウトウ	0
jouyaku	じょうやく	ジョウヤク	0
jouyokin	じょうよきん	ジョウヨキン	0
jouyou	じょうよう	ジョウヨウ	0
jouyoukanji	じょうようかんじ	ジョウヨウカンジ	0
jouyousha	じょうようしゃ	ジョウヨウシャ	0
jouzai	じょうざい	ジョウザイ	0
jouzou	じょうぞう	ジョウゾウ	0
jouzu	じょうず	ジョウズ	0
jouzuru	じょうずる	ジョウズル	0
joyaku	じょやく	ジョヤク	0
joyuu	じょゆう	ジョユウ	0
joyyu	じょっゆ	ジョッユ	0
ju	じゅ	ジュ	0
jubirii	じゅびりい	ジュビリイ	0
juchuu	じゅちゅう	ジュチュウ	0
judaku	じゅだく	ジュダク	0
judou	じゅどう	ジュドウ	0
judouteki	じゅどうてき	ジュドウテキ	0
jueki	じゅえき	ジュエキ	0
juerii	じゅえりい	ジュエリイ	0
jugaku	じゅがく	ジュガク	0
jugon	じゅごん	ジュゴン	0
jugyou	じゅぎょう	ジュギョウ	0
jugyouchuu	じゅぎょうちゅう	ジュギョウチュウ	0
jugyouryou	じゅぎょうりょう	ジュギョウリョウ	0
jugyousankan	じゅぎょうさんかん	ジュギョウサンカン	0
juh	じゅ	ジュ	2
juhi	じゅひ	ジュヒ	0
juhihokori	じゅひほこり	ジュヒホコリ	0
juju	じゅじゅ	ジュジュ	0
jukei	じゅけい	ジュケイ	0
juken	じゅけん	ジュケン	0
jukkai	じゅっかい	ジュッカイ	0
jukou	じゅこう	ジュコウ	0
jukouryou	じゅこうりょう	ジュコウリョウ	0
juku	じゅく	ジュク	0
jukuchi	じゅくち	ジュクチ	0
jukuchou	じゅくちょう	ジュクチョウ	0
jukugo	じゅくご	ジュクゴ	0
jukuren	じゅくれん	ジュクレン	0
jukusei	じゅくせい	ジュクセイ	0
jukusui	じゅくすい	ジュクスイ	0
jukyou	じゅきょう	ジュキョウ	0
jukyuu	じゅきゅう	ジュキュウ	0
jumoku	じゅもく	ジュモク	0
jumyou	じゅみょう	ジュミョウ	0
jun	じゅん	ジュン	0
junan	じゅなん	ジュナン	0
junban	じゅんばん	ジュンバン	0
junbi	じゅんび	ジュンビ	0
junbungaku	じゅんぶんがく	ジュンブンガク	0
junchou	じゅんちょう	ジュンチョウ	0
jundo	じゅんど	ジュンド	0
juneebu	じゅねえぶ	ジュネエブ	0
juneki	じゅねき	ジュネキ	0
jungyou	じゅんぎょう	ジュンギョウ	0
juni	じゅに	ジュニ	0
junia	じゅにあ	ジュニア	0
junj	じゅん	ジュン	3
junji	じゅんじ	ジュンジ	0
junjir	じゅんじ	ジュンジ	5
junjiru	じゅんじる	ジュンジル	0
junjirujinbun	じゅんじるじんぶん	ジュンジルジンブン	0
junjo	じゅんじょ	ジュンジョ	0
junjou	じゅんじょう	ジュンジョウ	0
junjunni	じゅんじゅんに	ジュンジュンニ	0
junkai	じゅんかい	ジュンカイ	0
junkan	じゅんかん	ジュンカン	0
junkanki	じゅんかんき	ジュンカンキ	0
junkatsuyu	じゅんかつゆ	ジュンカツユ	0
junkesshou	じゅんけっしょう	ジュンケッショウ	0
junkin	じゅんきん	ジュンキン	0
junkou	じゅんこう	ジュンコウ	0
junkyo	じゅんきょ	ジュンキョ	0
junkyuu	じゅんきゅう	ジュンキュウ	0
junnan	じゅんなん	ジュンナン	0
junni	じゅんに	ジュンニ	0
junnou	じゅんのう	ジュンノウ	0
junrei	じゅんれい	ジュンレイ	0
junro	じゅんろ	ジュンロ	0
juns	じゅん	ジュン	3
junsa	じゅんさ	ジュンサ	0
junsagawa	じゅんさがわ	ジュンサガワ	0
junshi	じゅんし	ジュンシ	0
junshoku	じゅんしょく	ジュンショク	0
junshu	じゅんしゅ	ジュンシュ	0
junsui	じゅんすい	ジュンスイ	0
juntou	じゅんとう	ジュントウ	0
junzuru	じゅんずる	ジュンズル	0
jurarumin	じゅらるみん	ジュラルミン	0
jurei	じゅれい	ジュレイ	0
juri	じゅり	ジュリ	0
jurii	じゅりい	ジュリイ	0
juritsu	じゅりつ	ジュリツ	0
juryou	じゅりょう	ジュリョウ	0
jusei	じゅせい	ジュセイ	0
juseiran	じゅせいらん	ジュセイラン	0
jushi	じゅし	ジュシ	0
jushin	じゅしん	ジュシン	0
jushinki	じゅしんき	ジュシンキ	0
jushou	じゅしょう	ジュショウ	0
jushoushiki	じゅしょうしき	ジュショウシキ	0
jut	じゅ	ジュ	2
juta	じゅた	ジュタ	0
jutai	じゅたい	ジュタイ	0
jutaiwanpaku	じゅたいわんぱく	ジュタイワンパク	0
jutaku	じゅたく	ジュタク	0
juts	じゅ	ジュ	2
jutsu	じゅつ	ジュツ	0
jutsugo	じゅつご	ジュツゴ	0
jutsushouben	じゅつしょうべん	ジュツショウベン	0
juu	じゅう	ジュウ	0
juuatsu	じゅうあつ	ジュウアツ	0
juubako	じゅうばこ	ジュウバコ	0
juubun	じゅうぶん	ジュウブン	0
juubyou	じゅうびょう	ジュウビョウ	0
juuchin	じゅうちん	ジュウチン	0
juudai	じゅうだい	ジュウダイ	0
juudan	じゅうだん	ジュウダン	0
juuden	じゅうでん	ジュウデン	0
juudo	じゅうど	ジュウド	0
juudou	じゅうどう	ジュウドウ	0
juufuku	じゅうふく	ジュウフク	0
juugatsu	じゅうがつ	ジュウガツ	0
juugeki	じゅうげき	ジュウゲキ	0
juugo	じゅうご	ジュウゴ	0
juugonichi	じゅうごにち	ジュウゴニチ	0
juugun	じゅうぐん	ジュウグン	0
juugyouin	じゅうぎょういん	ジュウギョウイン	0
juuhachi	じゅうはち	ジュウハチ	0
juuhachiban	じゅうはちばん	ジュウハチバン	0
juuhachinichi	じゅうはちにち	ジュウハチニチ	0
juui	じゅうい	ジュウイ	0
juuichi	じゅういち	ジュウイチ	0
juuichigatsu	じゅういちがつ	ジュウイチガツ	0
juuichinichi	じゅういちにち	ジュウイチニチ	0
juuji	じゅうじ	ジュウジ	0
juujika	じゅうじか	ジュウジカ	0
juujiro	じゅうじろ	ジュウジロ	0
juujitsu	じゅうじつ	ジュウジツ	0
juukasanzei	じゅうかさんぜい	ジュウカサンゼイ	0
juuki	じゅうき	ジュウキ	0
juukou	じゅうこう	ジュウコウ	0
juukougyou	じゅうこうぎょう	ジュウコウギョウ	0
juukubokkusu	じゅうくぼっくす	ジュウクボックス	0
juukunichi	じゅうくにち	ジュウクニチ	0
juukyo	じゅうきょ	ジュウキョ	0
juukyuu	じゅうきゅう	ジュウキュウ	0
juuman	じゅうまん	ジュウマン	0
juumen	じゅうめん	ジュウメン	0
juumin	じゅうみん	ジュウミン	0
juuminhyou	じゅうみんひょう	ジュウミンヒョウ	0
juuminsanka	じゅうみんさんか	ジュウミンサンカ	0
juuminzei	じゅうみんぜい	ジュウミンゼイ	0
juunan	じゅうなん	ジュウナン	0
juunana	じゅうなな	ジュウナナ	0
juunburaido	じゅうんぶらいど	ジュウンブライド	0
juuni	じゅうに	ジュウニ	0
juunibun	じゅうにぶん	ジュウニブン	0
juunigatsu	じゅうにがつ	ジュウニガツ	0
juunin	じゅうにん	ジュウニン	0
juuninichi	じゅうににち	ジュウニニチ	0
juuoku	じゅうおく	ジュウオク	0
juuou	じゅうおう	ジュウオウ	0
juurai	じゅうらい	ジュウライ	0
juuroku	じゅうろく	ジュウロク	0
juurokunichi	じゅうろくにち	ジュウロクニチ	0
juuru	じゅうる	ジュウル	0
juuryoku	じゅうりょく	ジュウリョク	0
juuryou	じゅうりょう	ジュウリョウ	0
juusan	じゅうさん	ジュウサン	0
juusannichi	じゅうさんにち	ジュウサンニチ	0
juusatsu	じゅうさつ	ジュウサツ	0
juusei	じゅうせい	ジュウセイ	0
juuseki	じゅうせき	ジュウセキ	0
juusen	じゅうせん	ジュウセン	0
juushi	じゅうし	ジュウシ	0
juushichinichi	じゅうしちにち	ジュウシチニチ	0
juushin	じゅうしん	ジュウシン	0
juusho	じゅうしょ	ジュウショ	0
juushoku	じゅうしょく	ジュウショク	0
juushou	じゅうしょう	ジュウショウ	0
juusoku	じゅうそく	ジュウソク	0
juusou	じゅうそう	ジュウソウ	0
juusu	じゅうす	ジュウス	0
juut	じゅう	ジュウ	3
juutai	じゅうたい	ジュウタイ	0
juutaku	じゅうたく	ジュウタク	0
juutakuchi	じゅうたくち	ジュウタクチ	0
juutakugai	じゅうたくがい	ジュウタクガイ	0
juutan	じゅうたん	ジュウタン	0
juuten	じゅうてん	ジュウテン	0
juutenteki	じゅうてんてき	ジュウテンテキ	0
juuto	じゅうと	ジュウト	0
juutou	じゅうとう	ジュウトウ	0
juutoueikyuu	じゅうとうえいきゅう	ジュウトウエイキュウ	0
juuy	じゅう	ジュウ	3
juuyaku	じゅうやく	ジュウヤク	0
juuyo	じゅうよ	ジュウヨ	0
juuyokka	じゅうよっか	ジュウヨッカ	0
juuyou	じゅうよう	ジュウヨウ	0
juuyoubunkazai	じゅうようぶんかざい	ジュウヨウブンカザイ	0
juuyous	じゅうよう	ジュウヨウ	6
juuyouse	じゅうようせ	ジュウヨウセ	0
juuyousei	じゅうようせい	ジュウヨウセイ	0
juuyouseigunpyou	じゅうようせいぐんぴょう	ジュウヨウセイグンピョウ	0
juuyoushi	じゅうようし	ジュウヨウシ	0
juuyu	じゅうゆ	ジュウユ	0
juuzoku	じゅうぞく	ジュウゾク	0
juwaki	じゅわき	ジュワキ	0
juyo	じゅよ	ジュヨ	0
juyou	じゅよう	ジュヨウ	0
juza	じゅざ	ジュザ	0
juzou	じゅぞう	ジュゾウ	0
juzu	じゅず	ジュズ	0
jya	じゃ	ジャ	0
jyaze	じゃぜ	ジャゼ	0
jye	じぇ	ジェ	0
jyezi	じぇじ	ジェジ	0
jyi	じぃ	ジィ	0
jyizo	じぃぞ	ジィゾ	0
jyo	じょ	ジョ	0
jyozu	じょず	ジョズ	0
jyu	じゅ	ジュ	0
jyuzya	じゅじゃ	ジュジャ	0
k			0
ka	か	カ	0
kaa	かあ	カア	0
kaabon	かあぼん	カアボン	0
kaabu	かあぶ	カアブ	0
kaacheisu	かあちぇいす	カアチェイス	0
kaadeigan	かあでいがん	カアデイガン	0
kaado	かあど	カアド	0
kaadogeemu	かあどげえむ	カアドゲエム	0
kaafyerii	かあふぇりい	カアフェリイ	0
kaan	かあん	カアン	0
kaaneeshon	かあねえしょん	カアネエション	0
kaanibaru	かあにばる	カアニバル	0
kaapetto	かあぺっと	カアペット	0
kaareesu	かあれえす	カアレエス	0
kaaringu	かありんぐ	カアリング	0
kaaru	かある	カアル	0
kaas	かあ	カア	3
kaasan	かあさん	カアサン	0
kaaso	かあそ	カアソ	0
kaasor	かあそ	カアソ	5
kaasoru	かあそる	カアソル	0
kaasorukouka	かあそるこうか	カアソルコウカ	0
kaasuto	かあすと	カアスト	0
kaaten	かあてん	カアテン	0
kaato	かあと	カアト	0
kaatorijji	かあとりっじ	カアトリッジ	0
kaatsu	かあつ	カアツ	0
kab	か	カ	2
kabaa	かばあ	カバア	0
kaban	かばん	カバン	0
kabau	かばう	カバウ	0
kabe	かべ	カベ	0
kabegami	かべがみ	カベガミ	0
kabi	かび	カビ	0
kabin	かびん	カビン	0
kabocha	かぼちゃ	カボチャ	0
kabu	かぶ	カブ	0
kabuka	かぶか	カブカ	0
kabuken	かぶけん	カブケン	0
kabuki	かぶき	カブキ	0
kabun	かぶん	カブン	0
kabunu	かぶぬ	カブヌ	0
kabunus	かぶぬ	カブヌ	6
kabunush	かぶぬ	カブヌ	6
kabunushi	かぶぬし	カブヌシ	0
kabunushiteiji	かぶぬしていじ	カブヌシテイジ	0
kabure	かぶれ	カブレ	0
kaburu	かぶる	カブル	0
kabuseru	かぶせる	カブセル	0
kabushiki	かぶしき	カブシキ	0
kabushikigaisha	かぶしきがいしゃ	カブシキガイシャ	0
kabushikishijou	かぶしきしじょう	カブシキシジョウ	0
kabuto	かぶと	カブト	0
kac	か	カ	2
kach	か	カ	2
kachi	かち	カチ	0
kachiboshi	かちぼし	カチボシ	0
kachik	かち	カチ	5
kachikachi	かちかち	カチカチ	0
kachikan	かちかん	カチカン	0
kachiko	かちこ	カチコ	0
kachikos	かちこ	カチコ	7
kachikosh	かちこ	カチコ	7
kachikoshi	かちこし	カチコシ	0
kachikoshimaitoshi	かちこしまいとし	カチコシマイトシ	0
kachikosu	かちこす	カチコス	0
kachiku	かちく	カチク	0
kachimake	かちまけ	カチマケ	0
kachou	かちょう	カチョウ	0
kachoukin	かちょうきん	カチョウキン	0
kachuu	かちゅう	カチュウ	0
kachuusha	かちゅうしゃ	カチュウシャ	0
kad	か	カ	2
kadai	かだい	カダイ	0
kadan	かだん	カダン	0
kaden	かでん	カデン	0
kadentsu	かでんつ	カデンツ	0
kado	かど	カド	0
kadomatsu	かどまつ	カドマツ	0
kadomiumu	かどみうむ	カドミウム	0
kadou	かどう	カドウ	0
kadouka	かどうか	カドウカ	0
kadouraisensu	かどうらいせんす	カドウライセンス	0
kadouritsu	かどうりつ	カドウリツ	0
kae	かえ	カエ	0
kaedama	かえだま	カエダマ	0
kaen	かえん	カエン	0
kaenb	かえん	カエン	4
kaenbi	かえんび	カエンビ	0
kaenbin	かえんびん	カエンビン	0
kaenbinotokorashii	かえんびのとこらしい	カエンビノトコラシイ	0
kaeri	かえり	カエリ	0
kaerimichi	かえりみち	カエリミチ	0
kaerimiru	かえりみる	カエリミル	0
kaerizaki	かえりざき	カエリザキ	0
kaeru	かえる	カエル	0
kaesu	かえす	カエス	0
kaette	かえって	カエッテ	0
kafu	かふ	カフ	0
kafun	かふん	カフン	0
kafunshou	かふんしょう	カフンショウ	0
kafusu	かふす	カフス	0
kafye	かふぇ	カフェ	0
kafyein	かふぇいん	カフェイン	0
kafyeteria	かふぇてりあ	カフェテリア	0
kag	か	カ	2
kagaisha	かがいしゃ	カガイシャ	0
kagaku	かがく	カガク	0
kagakubusshitsu	かがくぶっしつ	カガクブッシツ	0
kagakugijutsu	かがくぎじゅつ	カガクギジュツ	0
kagakugijutsuchou	かがくぎじゅつちょう	カガクギジュツチョウ	0
kagakuheiki	かがくへいき	カガクヘイキ	0
kagakuhiryou	かがくひりょう	カガクヒリョウ	0
kagakusha	かがくしゃ	カガクシャ	0
kagakuteki	かがくてき	カガクテキ	0
kagami	かがみ	カガミ	0
kagayakashii	かがやかしい	カガヤカシイ	0
kagayaki	かがやき	カガヤキ	0
kagayaku	かがやく	カガヤク	0
kage	かげ	カゲ	0
kagee	かげえ	カゲエ	0
kageguchi	かげぐち	カゲグチ	0
kagek	かげ	カゲ	4
kageki	かげき	カゲキ	0
kagekihaji	かげきはじ	カゲキハジ	0
kagen	かげん	カゲン	0
kagenonaikaku	かげのないかく	カゲノナイカク	0
kageri	かげり	カゲリ	0
kagetsu	かげつ	カゲツ	0
kagi	かぎ	カギ	0
kagiri	かぎり	カギリ	0
kagirinai	かぎりない	カギリナイ	0
kagiru	かぎる	カギル	0
kago	かご	カゴ	0
kagon	かごん	カゴン	0
kagou	かごう	カゴウ	0
kagoubutsu	かごうぶつ	カゴウブツ	0
kagoyunisefu	かごゆにせふ	カゴユニセフ	0
kagu	かぐ	カグ	0
kagufuroa	かぐふろあ	カグフロア	0
kagura	かぐら	カグラ	0
kagyou	かぎょう	カギョウ	0
kah	か	カ	2
kaha	かは	カハ	0
kahan	かはん	カハン	0
kahans	かはん	カハン	5
kahansh	かはん	カハン	5
kahanshi	かはんし	カハンシ	0
kahanshin	かはんしん	カハンシン	0
kahanshinpurofyiiru	かはんしんぷろふぃいる	カハンシンプロフィイル	0
kahansuu	かはんすう	カハンスウ	0
kahei	かへい	カヘイ	0
kaheikachi	かへいかち	カヘイカチ	0
kahi	かひ	カヒ	0
kahou	かほう	カホウ	0
kai	かい	カイ	0
kaiage	かいあげ	カイアゲ	0
kaibatsu	かいばつ	カイバツ	0
kaibikae	かいびかえ	カイビカエ	0
kaibou	かいぼう	カイボウ	0
kaibougaku	かいぼうがく	カイボウガク	0
kaibutsu	かいぶつ	カイブツ	0
kaichiku	かいちく	カイチク	0
kaichou	かいちょう	カイチョウ	0
kaichuu	かいちゅう	カイチュウ	0
kaichuudentou	かいちゅうでんとう	カイチュウデントウ	0
kaid	かい	カイ	3
kaidaibutsu	かいだいぶつ	カイダイブツ	0
kaidan	かいだん	カイダン	0
kaidashi	かいだし	カイダシ	0
kaido	かいど	カイド	0
kaidoku	かいどく	カイドク	0
kaidou	かいどう	カイドウ	0
kaidousuguni	かいどうすぐに	カイドウスグニ	0
kaien	かいえん	カイエン	0
kaif	かい	カイ	3
kaifu	かいふ	カイフ	0
kaifuku	かいふく	カイフク	0
kaifuu	かいふう	カイフウ	0
kaifuuchoubou	かいふうちょうぼう	カイフウチョウボウ	0
kaiga	かいが	カイガ	0
kaigai	かいがい	カイガイ	0
kaigairyokou	かいがいりょこう	カイガイリョコウ	0
kaigaishutchou	かいがいしゅ	カイガイシュ	9
kaigan	かいがん	カイガン	0
kaigansen	かいがんせん	カイガンセン	0
kaigara	かいがら	カイガラ	0
kaigenrei	かいげんれい	カイゲンレイ	0
kaigi	かいぎ	カイギ	0
kaigishitsu	かいぎしつ	カイギシツ	0
kaigo	かいご	カイゴ	0
kaigou	かいごう	カイゴウ	0
kaigun	かいぐん	カイグン	0
kaigyou	かいぎょう	カイギョウ	0
kaigyoui	かいぎょうい	カイギョウイ	0
kaihatsu	かいはつ	カイハツ	0
kaihatsubu	かいはつぶ	カイハツブ	0
kaihatsumoto	かいはつもと	カイハツモト	0
kaihatsusha	かいはつしゃ	カイハツシャ	0
kaihatsutojoukoku	かいはつとじょうこく	カイハツトジョウコク	0
kaihei	かいへい	カイヘイ	0
kaiheitai	かいへいたい	カイヘイタイ	0
kaihen	かいへん	カイヘン	0
kaihi	かいひ	カイヒ	0
kaihin	かいひん	カイヒン	0
kaihou	かいほう	カイホウ	0
kaihyou	かいひょう	カイヒョウ	0
kaii	かいい	カイイ	0
kaiiki	かいいき	カイイキ	0
kaiin	かいいん	カイイン	0
kaiinchaya	かいいんちゃや	カイインチャヤ	0
kaiinu	かいいぬ	カイイヌ	0
kaiire	かいいれ	カイイレ	0
kaiireru	かいいれる	カイイレル	0
kaij	かい	カイ	3
kaiji	かいじ	カイジ	0
kaijo	かいじょ	カイジョ	0
kaijou	かいじょう	カイジョウ	0
kaijouhoanchou	かいじょうほあんちょう	カイジョウホアンチョウ	0
kaijouichijirushii	かいじょういちじるしい	カイジョウイチジルシイ	0
kaijoujieitai	かいじょうじえいたい	カイジョウジエイタイ	0
kaijuu	かいじゅう	カイジュウ	0
kaik	かい	カイ	3
kaika	かいか	カイカ	0
kaikai	かいかい	カイカイ	0
kaikaku	かいかく	カイカク	0
kaikan	かいかん	カイカン	0
kaikanchoukan	かいかんちょうかん	カイカンチョウカン	0
kaikatsu	かいかつ	カイカツ	0
kaikei	かいけい	カイケイ	0
kaikeikensain	かいけいけんさいん	カイケイケンサイン	0
kaikeinendo	かいけいねんど	カイケイネンド	0
kaikeishi	かいけいし	カイケイシ	0
kaiken	かいけん	カイケン	0
kaiketsu	かいけつ	カイケツ	0
kaiketsuhouhou	かいけつほうほう	カイケツホウホウ	0
kaiketsusaku	かいけつさく	カイケツサク	0
kaiki	かいき	カイキ	0
kaikin	かいきん	カイキン	0
kaiko	かいこ	カイコ	0
kaikoku	かいこく	カイコク	0
kaikon	かいこん	カイコン	0
kaikoroku	かいころく	カイコロク	0
kaikou	かいこう	カイコウ	0
kaikyo	かいきょ	カイキョ	0
kaikyoku	かいきょく	カイキョク	0
kaikyou	かいきょう	カイキョウ	0
kaikyuu	かいきゅう	カイキュウ	0
kaimaku	かいまく	カイマク	0
kaimamiru	かいまみる	カイマミル	0
kaime	かいめ	カイメ	0
kaimei	かいめい	カイメイ	0
kaimen	かいめん	カイメン	0
kaimetsu	かいめつ	カイメツ	0
kaimodoshi	かいもどし	カイモドシ	0
kaimoku	かいもく	カイモク	0
kaimono	かいもの	カイモノ	0
kaimu	かいむ	カイム	0
kain	かいん	カイン	0
kaina	かいな	カイナ	0
kainak	かいな	カイナ	5
kainaka	かいなか	カイナカ	0
kainakakakeashi	かいなかかけあし	カイナカカケアシ	0
kainan	かいなん	カイナン	0
kainin	かいにん	カイニン	0
kainushi	かいぬし	カイヌシ	0
kainyuu	かいにゅう	カイニュウ	0
kaiousei	かいおうせい	カイオウセイ	0
kair	かい	カイ	3
kairaku	かいらく	カイラク	0
kairan	かいらん	カイラン	0
kairitsu	かいりつ	カイリツ	0
kairo	かいろ	カイロ	0
kairou	かいろう	カイロウ	0
kairouchuutai	かいろうちゅうたい	カイロウチュウタイ	0
kairyou	かいりょう	カイリョウ	0
kairyuu	かいりゅう	カイリュウ	0
kaisai	かいさい	カイサイ	0
kaisan	かいさん	カイサン	0
kaisanbutsu	かいさんぶつ	カイサンブツ	0
kaisatsu	かいさつ	カイサツ	0
kaisatsuguchi	かいさつぐち	カイサツグチ	0
kaisei	かいせい	カイセイ	0
kaiseki	かいせき	カイセキ	0
kaisen	かいせん	カイセン	0
kaisetsu	かいせつ	カイセツ	0
kaisha	かいしゃ	カイシャ	0
kaishain	かいしゃいん	カイシャイン	0
kaishakouseihou	かいしゃこうせいほう	カイシャコウセイホウ	0
kaishaku	かいしゃく	カイシャク	0
kaishi	かいし	カイシ	0
kaishijikoku	かいしじこく	カイシジコク	0
kaishime	かいしめ	カイシメ	0
kaishimeru	かいしめる	カイシメル	0
kaishin	かいしん	カイシン	0
kaisho	かいしょ	カイショ	0
kaishoku	かいしょく	カイショク	0
kaishou	かいしょう	カイショウ	0
kaishuu	かいしゅう	カイシュウ	0
kaiso	かいそ	カイソ	0
kaisoku	かいそく	カイソク	0
kaisou	かいそう	カイソウ	0
kaisui	かいすい	カイスイ	0
kaisuiyoku	かいすいよく	カイスイヨク	0
kaisuiyokujou	かいすいよくじょう	カイスイヨクジョウ	0
kaisuu	かいすう	カイスウ	0
kaisuuken	かいすうけん	カイスウケン	0
kaitai	かいたい	カイタイ	0
kaitaku	かいたく	カイタク	0
kaitakusha	かいたくしゃ	カイタクシャ	0
kaite	かいて	カイテ	0
kaitei	かいてい	カイテイ	0
kaiteiban	かいていばん	カイテイバン	0
kaiteki	かいてき	カイテキ	0
kaiten	かいてん	カイテン	0
kaito	かいと	カイト	0
kaitori	かいとり	カイトリ	0
kaitou	かいとう	カイトウ	0
kaitsuke	かいつけ	カイツケ	0
kaitsuu	かいつう	カイツウ	0
kaiun	かいうん	カイウン	0
kaiw	かい	カイ	3
kaiwa	かいわ	カイワ	0
kaiwai	かいわい	カイワイ	0
kaiwaichouden	かいわいちょうでん	カイワイチョウデン	0
kaiy	かい	カイ	3
kaiya	かいや	カイヤ	0
kaiyak	かいや	カイヤ	5
kaiyaku	かいやく	カイヤク	0
kaiyakuchuuko	かいやくちゅうこ	カイヤクチュウコ	0
kaiyou	かいよう	カイヨウ	0
kaiz	かい	カイ	3
kaizai	かいざい	カイザイ	0
kaizan	かいざん	カイザン	0
kaize	かいぜ	カイゼ	0
kaizen	かいぜん	カイゼン	0
kaizenchuuya	かいぜんちゅうや	カイゼンチュウヤ	0
kaizoku	かいぞく	カイゾク	0
kaizou	かいぞう	カイゾウ	0
kaji	かじ	カジ	0
kajin	かじん	カジン	0
kajino	かじの	カジノ	0
kajitsu	かじつ	カジツ	0
kajou	かじょう	カジョウ	0
kaju	かじゅ	カジュ	0
kajuaru	かじゅある	カジュアル	0
kajuu	かじゅう	カジュウ	0
kak	か	カ	2
kakae	かかえ	カカエ	0
kakaeru	かかえる	カカエル	0
kakageru	かかげる	カカゲル	0
kakaku	かかく	カカク	0
kakan	かかん	カカン	0
kakari	かかり	カカリ	0
kakarichou	かかりちょう	カカリチョウ	0
kakariin	かかりいん	カカリイン	0
kakarikan	かかりかん	カカリカン	0
kakaru	かかる	カカル	0
kakasu	かかす	カカス	0
kakato	かかと	カカト	0
kakawarazu	かかわらず	カカワラズ	0
kakawaru	かかわる	カカワル	0
kake	かけ	カケ	0
kakeashi	かけあし	カケアシ	0
kakegoe	かけごえ	カケゴエ	0
kakehanareru	かけはなれる	カケハナレル	0
kakehiki	かけひき	カケヒキ	0
kakei	かけい	カケイ	0
kakeibo	かけいぼ	カケイボ	0
kakejiku	かけじく	カケジク	0
kakekin	かけきん	カケキン	0
kakekko	かけっこ	カケッコ	0
kakekomi	かけこみ	カケコミ	0
kakemawaru	かけまわる	カケマワル	0
kaker	かけ	カケ	4
kakera	かけら	カケラ	0
kakeru	かける	カケル	0
kakeruburesuretto	かけるぶれすれっと	カケルブレスレット	0
kakerumashouka	かけるましょうか	カケルマショウカ	0
kaketsu	かけつ	カケツ	0
kaketsukeru	かけつける	カケツケル	0
kakezan	かけざん	カケザン	0
kaki	かき	カキ	0
kakiageru	かきあげる	カキアゲル	0
kakigoori	かきごおり	カキゴオリ	0
kakikaeru	かきかえる	カキカエル	0
kakikata	かきかた	カキカタ	0
kakiko	かきこ	カキコ	0
kakikomi	かきこみ	カキコミ	0
kakikomu	かきこむ	カキコム	0
kakikotoba	かきことば	カキコトバ	0
kakikuukan	かきくうかん	カキクウカン	0
kakinaosu	かきなおす	カキナオス	0
kakine	かきね	カキネ	0
kakitome	かきとめ	カキトメ	0
kakitori	かきとり	カキトリ	0
kakitoru	かきとる	カキトル	0
kakizome	かきぞめ	カキゾメ	0
kakka	かっか	カッカ	0
kakki	かっき	カッキ	0
kakkiteki	かっきてき	カッキテキ	0
kakko	かっこ	カッコ	0
kakkoii	かっこいい	カッコイイ	0
kakkoku	かっこく	カッコク	0
kakkou	かっこう	カッコウ	0
kakkyou	かっきょう	カッキョウ	0
kako	かこ	カコ	0
kakoi	かこい	カコイ	0
kakok	かこ	カコ	4
kakoku	かこく	カコク	0
kakokukyozetsu	かこくきょぜつ	カコクキョゼツ	0
kakomi	かこみ	カコミ	0
kakomu	かこむ	カコム	0
kakon	かこん	カコン	0
kakou	かこう	カコウ	0
kaku	かく	カク	0
kakuage	かくあげ	カクアゲ	0
kakubetsu	かくべつ	カクベツ	0
kakubunretsu	かくぶんれつ	カクブンレツ	0
kakubusou	かくぶそう	カクブソウ	0
kakuchi	かくち	カクチ	0
kakuchou	かくちょう	カクチョウ	0
kakuchoushi	かくちょうし	カクチョウシ	0
kakudai	かくだい	カクダイ	0
kakudaikinkou	かくだいきんこう	カクダイキンコウ	0
kakudan	かくだん	カクダン	0
kakudantou	かくだんとう	カクダントウ	0
kakudo	かくど	カクド	0
kakugetsu	かくげつ	カクゲツ	0
kakugi	かくぎ	カクギ	0
kakugo	かくご	カクゴ	0
kakuheiki	かくへいき	カクヘイキ	0
kakuho	かくほ	カクホ	0
kakui	かくい	カクイ	0
kakuitsu	かくいつ	カクイツ	0
kakuj	かく	カク	4
kakuji	かくじ	カクジ	0
kakujikken	かくじっけん	カクジッケン	0
kakujit	かくじ	カクジ	6
kakujits	かくじ	カクジ	6
kakujitsu	かくじつ	カクジツ	0
kakujitsuchinkon	かくじつちんこん	カクジツチンコン	0
kakujuu	かくじゅう	カクジュウ	0
kakukai	かくかい	カクカイ	0
kakukazoku	かくかぞく	カクカゾク	0
kakumaku	かくまく	カクマク	0
kakumei	かくめい	カクメイ	0
kakunai	かくない	カクナイ	0
kakunenryou	かくねんりょう	カクネンリョウ	0
kakunin	かくにん	カクニン	0
kakureru	かくれる	カクレル	0
kakuri	かくり	カクリ	0
kakuritsu	かくりつ	カクリツ	0
kakuryou	かくりょう	カクリョウ	0
kakusa	かくさ	カクサ	0
kakusan	かくさん	カクサン	0
kakusei	かくせい	カクセイ	0
kakuseizai	かくせいざい	カクセイザイ	0
kakushihikidashi	かくしひきだし	カクシヒキダシ	0
kakushin	かくしん	カクシン	0
kakushitsu	かくしつ	カクシツ	0
kakushu	かくしゅ	カクシュ	0
kakushuu	かくしゅう	カクシュウ	0
kakusu	かくす	カクス	0
kakusuru	かくする	カクスル	0
kakusuu	かくすう	カクスウ	0
kakutei	かくてい	カクテイ	0
kakuteru	かくてる	カクテル	0
kakutoku	かくとく	カクトク	0
kakutou	かくとう	カクトウ	0
kakuu	かくう	カクウ	0
kakuyaku	かくやく	カクヤク	0
kakuyasu	かくやす	カクヤス	0
kakuyasukoukuuken	かくやすこうくうけん	カクヤスコウクウケン	0
kakuyuugou	かくゆうごう	カクユウゴウ	0
kakuzuke	かくずけ	カクズケ	0
kaky	か	カ	2
kakyo	かきょ	カキョ	0
kakyoku	かきょく	カキョク	0
kakyou	かきょう	カキョウ	0
kakyoujigoku	かきょうじごく	カキョウジゴク	0
kakyuu	かきゅう	カキュウ	0
kam	か	カ	2
kama	かま	カマ	0
kamaabando	かまあばんど	カマアバンド	0
kamaeru	かまえる	カマエル	0
kamakura	かまくら	カマクラ	0
kamamoto	かまもと	カマモト	0
kamau	かまう	カマウ	0
kame	かめ	カメ	0
kamei	かめい	カメイ	0
kamen	かめん	カメン	0
kamera	かめら	カメラ	0
kameraman	かめらまん	カメラマン	0
kamereon	かめれおん	カメレオン	0
kami	かみ	カミ	0
kamibukuro	かみぶくろ	カミブクロ	0
kamigata	かみがた	カミガタ	0
kamihanki	かみはんき	カミハンキ	0
kamikaze	かみかぜ	カミカゼ	0
kamiki	かみき	カミキ	0
kamikuzu	かみくず	カミクズ	0
kaminari	かみなり	カミナリ	0
kaminoke	かみのけ	カミノケ	0
kamis	かみ	カミ	4
kamisa	かみさ	カミサ	0
kamisam	かみさ	カミサ	6
kamisama	かみさま	カミサマ	0
kamisamatodomeru	かみさまとどめる	カミサマトドメル	0
kamishibai	かみしばい	カミシバイ	0
kamisori	かみそり	カミソリ	0
kamitsu	かみつ	カミツ	0
kamitsuku	かみつく	カミツク	0
kamiwaza	かみわざ	カミワザ	0
kamo	かも	カモ	0
kamoku	かもく	カモク	0
kamome	かもめ	カモメ	0
kamoshiremasen	かもしれません	カモシレマセン	0
kamoshiren	かもしれん	カモシレン	0
kamoshirenai	かもしれない	カモシレナイ	0
kamotsu	かもつ	カモツ	0
kamu	かむ	カム	0
kamubakku	かむばっく	カムバック	0
kamuhidane	かむひだね	カムヒダネ	0
kan	かん	カン	0
kana	かな	カナ	0
kanaa	かなあ	カナア	0
kanaami	かなあみ	カナアミ	0
kanada	かなだ	カナダ	0
kanaderu	かなでる	カナデル	0
kanaeru	かなえる	カナエル	0
kanagu	かなぐ	カナグ	0
kanai	かない	カナイ	0
kaname	かなめ	カナメ	0
kanan	かなん	カナン	0
kanarazu	かならず	カナラズ	0
kanarazushimo	かならずしも	カナラズシモ	0
kanari	かなり	カナリ	0
kanaria	かなりあ	カナリア	0
kanashibari	かなしばり	カナシバリ	0
kanashii	かなしい	カナシイ	0
kanashimi	かなしみ	カナシミ	0
kanashimu	かなしむ	カナシム	0
kanata	かなた	カナタ	0
kanau	かなう	カナウ	0
kanawanai	かなわない	カナワナイ	0
kanazuchi	かなずち	カナズチ	0
kanazukai	かなずかい	カナズカイ	0
kanbai	かんばい	カンバイ	0
kanban	かんばん	カンバン	0
kanbashii	かんばしい	カンバシイ	0
kanbasu	かんばす	カンバス	0
kanbatsu	かんばつ	カンバツ	0
kanben	かんべん	カンベン	0
kanbetsu	かんべつ	カンベツ	0
kanbi	かんび	カンビ	0
kanbotsu	かんぼつ	カンボツ	0
kanbou	かんぼう	カンボウ	0
kanbouchoukan	かんぼうちょうかん	カンボウチョウカン	0
kanbu	かんぶ	カンブ	0
kanbun	かんぶん	カンブン	0
kanbutsu	かんぶつ	カンブツ	0
kanbyou	かんびょう	カンビョウ	0
kanchi	かんち	カンチ	0
kanchigai	かんちがい	カンチガイ	0
kanchou	かんちょう	カンチョウ	0
kanchuu	かんちゅう	カンチュウ	0
kandai	かんだい	カンダイ	0
kandakai	かんだかい	カンダカイ	0
kandan	かんだん	カンダン	0
kandankei	かんだんけい	カンダンケイ	0
kandenchi	かんでんち	カンデンチ	0
kando	かんど	カンド	0
kandou	かんどう	カンドウ	0
kane	かね	カネ	0
kaneai	かねあい	カネアイ	0
kaneganai	かねがない	カネガナイ	0
kanemochi	かねもち	カネモチ	0
kanemouke	かねもうけ	カネモウケ	0
kanen	かねん	カネン	0
kanenbutsu	かねんぶつ	カネンブツ	0
kanensei	かねんせい	カネンセイ	0
kaneru	かねる	カネル	0
kanesonaeru	かねそなえる	カネソナエル	0
kanete	かねて	カネテ	0
kanetsu	かねつ	カネツ	0
kanfuru	かんふる	カンフル	0
kangae	かんがえ	カンガエ	0
kangaekata	かんがえかた	カンガエカタ	0
kangaenaosu	かんがえなおす	カンガエナオス	0
kangaeru	かんがえる	カンガエル	0
kangaetemireba	かんがえてみれば	カンガエテミレバ	0
kangai	かんがい	カンガイ	0
kangaimuryou	かんがいむりょう	カンガイムリョウ	0
kangaruu	かんがるう	カンガルウ	0
kangei	かんげい	カンゲイ	0
kangeki	かんげき	カンゲキ	0
kangen	かんげん	カンゲン	0
kangengaku	かんげんがく	カンゲンガク	0
kangengakudan	かんげんがくだん	カンゲンガクダン	0
kango	かんご	カンゴ	0
kangofu	かんごふ	カンゴフ	0
kangoku	かんごく	カンゴク	0
kangoshi	かんごし	カンゴシ	0
kangyou	かんぎょう	カンギョウ	0
kani	かに	カニ	0
kanihoken	かにほけん	カニホケン	0
kanippatsu	かにっぱつ	カニッパツ	0
kanj	かん	カン	3
kanja	かんじゃ	カンジャ	0
kanji	かんじ	カンジ	0
kanjin	かんじん	カンジン	0
kanjiru	かんじる	カンジル	0
kanjitoru	かんじとる	カンジトル	0
kanjou	かんじょう	カンジョウ	0
kanjouteki	かんじょうてき	カンジョウテキ	0
kanju	かんじゅ	カンジュ	0
kanjus	かんじゅ	カンジュ	5
kanjuse	かんじゅせ	カンジュセ	0
kanjusei	かんじゅせい	カンジュセイ	0
kanjuseitetsu	かんじゅせいてつ	カンジュセイテツ	0
kank	かん	カン	3
kanka	かんか	カンカ	0
kankai	かんかい	カンカイ	0
kankaku	かんかく	カンカク	0
kankat	かんか	カンカ	5
kankats	かんか	カンカ	5
kankatsu	かんかつ	カンカツ	0
kankatsutenshutsu	かんかつてんしゅつ	カンカツテンシュツ	0
kankei	かんけい	カンケイ	0
kankeisha	かんけいしゃ	カンケイシャ	0
kanken	かんけん	カンケン	0
kanketsu	かんけつ	カンケツ	0
kanki	かんき	カンキ	0
kankin	かんきん	カンキン	0
kankisen	かんきせん	カンキセン	0
kankoku	かんこく	カンコク	0
kankokugo	かんこくご	カンコクゴ	0
kankonsousai	かんこんそうさい	カンコンソウサイ	0
kankoohii	かんこおひい	カンコオヒイ	0
kankou	かんこう	カンコウ	0
kankouchou	かんこうちょう	カンコウチョウ	0
kankouhen	かんこうへん	カンコウヘン	0
kankoukyaku	かんこうきゃく	カンコウキャク	0
kankousupotto	かんこうすぽっと	カンコウスポット	0
kanku	かんく	カンク	0
kankukishoudai	かんくきしょうだい	カンクキショウダイ	0
kanky	かん	カン	3
kankyaku	かんきゃく	カンキャク	0
kankyo	かんきょ	カンキョ	0
kankyou	かんきょう	カンキョウ	0
kankyouchou	かんきょうちょう	カンキョウチョウ	0
kankyouhogo	かんきょうほご	カンキョウホゴ	0
kankyoum	かんきょう	カンキョウ	7
kankyoumo	かんきょうも	カンキョウモ	0
kankyoumon	かんきょうもん	カンキョウモン	0
kankyoumond	かんきょうもん	カンキョウモン	10
kankyoumonda	かんきょうもんだ	カンキョウモンダ	0
kankyoumondai	かんきょうもんだい	カンキョウモンダイ	0
kankyoumondaikishoudai	かんきょうもんだいきしょうだい	カンキョウモンダイキショウダイ	0
kankyuu	かんきゅう	カンキュウ	0
kanm	かん	カン	3
kanman	かんまん	カンマン	0
kanmatsu	かんまつ	カンマツ	0
kanmei	かんめい	カンメイ	0
kanmin	かんみん	カンミン	0
kanmiryou	かんみりょう	カンミリョウ	0
kanmo	かんも	カンモ	0
kanmon	かんもん	カンモン	0
kanmonakirameru	かんもなきらめる	カンモナキラメル	0
kanmontorou	かんもんとろう	カンモントロウ	0
kanmu	かんむ	カンム	0
kanmur	かんむ	カンム	5
kanmuri	かんむり	カンムリ	0
kanmuriheddohon	かんむりへっどほん	カンムリヘッドホン	0
kann	かんん	カンン	0
kannai	かんない	カンナイ	0
kanne	かんね	カンネ	0
kannen	かんねん	カンネン	0
kannendenki	かんねんでんき	カンネンデンキ	0
kanningu	かんにんぐ	カンニング	0
kannon	かんのん	カンノン	0
kannushi	かんぬし	カンヌシ	0
kanojo	かのじょ	カノジョ	0
kanokoru	かのこる	カノコル	0
kanou	かのう	カノウ	0
kanounisuru	かのうにする	カノウニスル	0
kanousei	かのうせい	カノウセイ	0
kanouseigatakai	かのうせいがたかい	カノウセイガタカイ	0
kanpa	かんぱ	カンパ	0
kanpai	かんぱい	カンパイ	0
kanpan	かんぱん	カンパン	0
kanpanii	かんぱにい	カンパニイ	0
kanpeki	かんぺき	カンペキ	0
kanpou	かんぽう	カンポウ	0
kanpouyaku	かんぽうやく	カンポウヤク	0
kanpu	かんぷ	カンプ	0
kanpuu	かんぷう	カンプウ	0
kanraku	かんらく	カンラク	0
kanrakugai	かんらくがい	カンラクガイ	0
kanran	かんらん	カンラン	0
kanrei	かんれい	カンレイ	0
kanreki	かんれき	カンレキ	0
kanren	かんれん	カンレン	0
kanri	かんり	カンリ	0
kanrinin	かんりにん	カンリニン	0
kanrisha	かんりしゃ	カンリシャ	0
kanrishoku	かんりしょく	カンリショク	0
kanrui	かんるい	カンルイ	0
kanryaku	かんりゃく	カンリャク	0
kanryou	かんりょう	カンリョウ	0
kanryuu	かんりゅう	カンリュウ	0
kans	かん	カン	3
kansa	かんさ	カンサ	0
kansai	かんさい	カンサイ	0
kansaiben	かんさいべん	カンサイベン	0
kansaijin	かんさいじん	カンサイジン	0
kansan	かんさん	カンサン	0
kansatsu	かんさつ	カンサツ	0
kansayaku	かんさやく	カンサヤク	0
kansei	かんせい	カンセイ	0
kanseikan	かんせいかん	カンセイカン	0
kanseitou	かんせいとう	カンセイトウ	0
kansen	かんせん	カンセン	0
kansenshou	かんせんしょう	カンセンショウ	0
kansetsu	かんせつ	カンセツ	0
kansetsuteki	かんせつてき	カンセツテキ	0
kansetsuzei	かんせつぜい	カンセツゼイ	0
kansha	かんしゃ	カンシャ	0
kanshi	かんし	カンシ	0
kanshin	かんしん	カンシン	0
kanshinji	かんしんじ	カンシンジ	0
kanshoku	かんしょく	カンショク	0
kanshou	かんしょう	カンショウ	0
kanshouchitai	かんしょうちたい	カンショウチタイ	0
kanshu	かんしゅ	カンシュ	0
kanshuu	かんしゅう	カンシュウ	0
kanso	かんそ	カンソ	0
kansoku	かんそく	カンソク	0
kanson	かんそん	カンソン	0
kansonteikou	かんそんていこう	カンソンテイコウ	0
kansou	かんそう	カンソウ	0
kansui	かんすい	カンスイ	0
kansuru	かんする	カンスル	0
kant	かん	カン	3
kantaata	かんたあた	カンタアタ	0
kantai	かんたい	カンタイ	0
kantaku	かんたく	カンタク	0
kantan	かんたん	カンタン	0
kantei	かんてい	カンテイ	0
kanten	かんてん	カンテン	0
kantetsu	かんてつ	カンテツ	0
kanto	かんと	カント	0
kantoku	かんとく	カントク	0
kanton	かんとん	カントン	0
kantou	かんとう	カントウ	0
kantououi	かんとうおうい	カントウオウイ	0
kantsuoone	かんつおおね	カンツオオネ	0
kantsuu	かんつう	カンツウ	0
kanuu	かぬう	カヌウ	0
kanw	かん	カン	3
kanwa	かんわ	カンワ	0
kanwadenki	かんわでんき	カンワデンキ	0
kany	か	カ	2
kanyo	かにょ	カニョ	0
kanyou	かにょう	カニョウ	0
kanyouku	かにょうく	カニョウク	0
kanyu	かにゅ	カニュ	0
kanyuu	かにゅう	カニュウ	0
kanyuutanpo	かにゅうたんぽ	カニュウタンポ	0
kanzai	かんざい	カンザイ	0
kanzasu	かんざす	カンザス	0
kanzei	かんぜい	カンゼイ	0
kanzen	かんぜん	カンゼン	0
kanzenchouaku	かんぜんちょうあく	カンゼンチョウアク	0
kanzenjiai	かんぜんじあい	カンゼンジアイ	0
kanzou	かんぞう	カンゾウ	0
kanzume	かんずめ	カンズメ	0
kanzuru	かんずる	カンズル	0
kao	かお	カオ	0
kaoawase	かおあわせ	カオアワセ	0
kaobure	かおぶれ	カオブレ	0
kaodachi	かおだち	カオダチ	0
kaodote	かおどて	カオドテ	0
kaoiro	かおいろ	カオイロ	0
kaoku	かおく	カオク	0
kaomake	かおまけ	カオマケ	0
kaomishiri	かおみしり	カオミシリ	0
kaonajimi	かおなじみ	カオナジミ	0
kaor	かお	カオ	3
kaori	かおり	カオリ	0
kaoru	かおる	カオル	0
kaorumonpari	かおるもんぱり	カオルモンパリ	0
kaosu	かおす	カオス	0
kaotsuki	かおつき	カオツキ	0
kaowodasu	かおをだす	カオヲダス	0
kaowotsubusu	かおをつぶす	カオヲツブス	0
kappa	かっぱ	カッパ	0
kappatsu	かっぱつ	カッパツ	0
kappu	かっぷ	カップ	0
kappuringushugaa	かっぷりんぐしゅがあ	カップリングシュガア	0
kappuru	かっぷる	カップル	0
kapuraa	かぷらあ	カプラア	0
kapuseru	かぷせる	カプセル	0
kar	か	カ	2
kara	から	カラ	0
karaa	からあ	カラア	0
karaado	からあど	カラアド	0
karaak	からあ	カラア	5
karaako	からあこ	カラアコ	0
karaakoo	からあこお	カラアコオ	0
karaakood	からあこお	カラアコオ	8
karaakoode	からあこおで	カラアコオデ	0
karaakoodei	からあこおでい	カラアコオデイ	0
karaakoodein	からあこおでいん	カラアコオデイン	0
karaakoodeine	からあこおでいね	カラアコオデイネ	0
karaakoodeinee	からあこおでいねえ	カラアコオデイネエ	0
karaakoodeineet	からあこおでいねえ	カラアコオデイネエ	14
karaakoodeineeta	からあこおでいねえた	カラアコオデイネエタ	0
karaakoodeineetaa	からあこおでいねえたあ	カラアコオデイネエタア	0
karaakoodeineetaagouhouteki	からあこおでいねえたあごうほうてき	カラアコオデイネエタアゴウホウテキ	0
karaburi	からぶり	カラブリ	0
karachi	からち	カラチ	0
karada	からだ	カラダ	0
karadatsuki	からだつき	カラダツキ	0
karafuru	からふる	カラフル	0
karai	からい	カライ	0
karakau	からかう	カラカウ	0
karakuchi	からくち	カラクチ	0
karameru	からめる	カラメル	0
karami	からみ	カラミ	0
karamiau	からみあう	カラミアウ	0
karamu	からむ	カラム	0
karaniha	からには	カラニハ	0
karaoke	からおけ	カラオケ	0
karappo	からっぽ	カラッポ	0
karari	からり	カラリ	0
karashi	からし	カラシ	0
karasu	からす	カラス	0
karate	からて	カラテ	0
karatte	からって	カラッテ	0
karatto	からっと	カラット	0
kare	かれ	カレ	0
karee	かれえ	カレエ	0
kareekokuchi	かれえこくち	カレエコクチ	0
kareeraisu	かれえらいす	カレエライス	0
kareha	かれは	カレハ	0
karei	かれい	カレイ	0
karejji	かれっじ	カレッジ	0
kareki	かれき	カレキ	0
karen	かれん	カレン	0
karendaa	かれんだあ	カレンダア	0
karenshii	かれんしい	カレンシイ	0
karera	かれら	カレラ	0
kareru	かれる	カレル	0
kareshi	かれし	カレシ	0
kari	かり	カリ	0
kariba	かりば	カリバ	0
karibukai	かりぶかい	カリブカイ	0
karifuorunia	かりふおるにあ	カリフオルニア	0
kariire	かりいれ	カリイレ	0
kariirekin	かりいれきん	カリイレキン	0
karikomu	かりこむ	カリコム	0
karikyuramu	かりきゅらむ	カリキュラム	0
karini	かりに	カリニ	0
karir	かり	カリ	4
kariru	かりる	カリル	0
kariruhie	かりるひえ	カリルヒエ	0
karishobun	かりしょぶん	カリショブン	0
karisuma	かりすま	カリスマ	0
karitoru	かりとる	カリトル	0
kariumu	かりうむ	カリウム	0
kariyushiuea	かりゆしうえあ	カリユシウエア	0
karochin	かろちん	カロチン	0
karoora	かろおら	カロオラ	0
karoraina	かろらいな	カロライナ	0
karorii	かろりい	カロリイ	0
karou	かろう	カロウ	0
karoujite	かろうじて	カロウジテ	0
karoyaka	かろやか	カロヤカ	0
karu	かる	カル	0
karubadosu	かるばどす	カルバドス	0
karuchaa	かるちゃあ	カルチャア	0
karuchaasentaa	かるちゃあせんたあ	カルチャアセンタア	0
karuchaashokku	かるちゃあしょっく	カルチャアショック	0
karudamon	かるだもん	カルダモン	0
karudera	かるでら	カルデラ	0
karugarii	かるがりい	カルガリイ	0
karugaru	かるがる	カルガル	0
karuhazumi	かるはずみ	カルハズミ	0
karui	かるい	カルイ	0
karuki	かるき	カルキ	0
karumera	かるめら	カルメラ	0
karushiumu	かるしうむ	カルシウム	0
karuta	かるた	カルタ	0
karute	かるて	カルテ	0
karuteru	かるてる	カルテル	0
karutetto	かるてっと	カルテット	0
karuto	かると	カルト	0
kary	か	カ	2
karyoku	かりょく	カリョク	0
karyu	かりゅ	カリュ	0
karyuu	かりゅう	カリュウ	0
karyuudo	かりゅうど	カリュウド	0
karyuuyokotawaru	かりゅうよこたわる	カリュウヨコタワル	0
kas	か	カ	2
kasa	かさ	カサ	0
kasai	かさい	カサイ	0
kasaihoken	かさいほけん	カサイホケン	0
kasairyuu	かさいりゅう	カサイリュウ	0
kasakasa	かさかさ	カサカサ	0
kasaku	かさく	カサク	0
kasan	かさん	カサン	0
kasanaru	かさなる	カサナル	0
kasaneawase	かさねあわせ	カサネアワセ	0
kasaneru	かさねる	カサネル	0
kase	かせ	カセ	0
kasegi	かせぎ	カセギ	0
kasegu	かせぐ	カセグ	0
kasei	かせい	カセイ	0
kaseifu	かせいふ	カセイフ	0
kaseki	かせき	カセキ	0
kasen	かせん	カセン	0
kasenjiki	かせんじき	カセンジキ	0
kasentakusen	かせんたくせん	カセンタクセン	0
kasetsu	かせつ	カセツ	0
kasetto	かせっと	カセット	0
kasettoteepu	かせっとてえぷ	カセットテエプ	0
kash	か	カ	2
kasha	かしゃ	カシャ	0
kashi	かし	カシ	0
kashidashi	かしだし	カシダシ	0
kashidashiyou	かしだしよう	カシダシヨウ	0
kashidasu	かしだす	カシダス	0
kashigeru	かしげる	カシゲル	0
kashikin	かしきん	カシキン	0
kashikiri	かしきり	カシキリ	0
kashikoi	かしこい	カシコイ	0
kashikomarimashita	かしこまりました	カシコマリマシタ	0
kashima	かしま	カシマ	0
kashira	かしら	カシラ	0
kashiramoji	かしらもじ	カシラモジ	0
kashit	かし	カシ	5
kashits	かし	カシ	5
kashitsu	かしつ	カシツ	0
kashitsuchishi	かしつちし	カシツチシ	0
kashitsuk	かしつ	カシツ	8
kashitsuke	かしつけ	カシツケ	0
kashitsuketsutsui	かしつけつつい	カシツケツツイ	0
kashiwa	かしわ	カシワ	0
kashiwagi	かしわぎ	カシワギ	0
kashiya	かしや	カシヤ	0
kasho	かしょ	カショ	0
kashou	かしょう	カショウ	0
kashouhyouka	かしょうひょうか	カショウヒョウカ	0
kashu	かしゅ	カシュ	0
kashuu	かしゅう	カシュウ	0
kaso	かそ	カソ	0
kasoku	かそく	カソク	0
kasou	かそう	カソウ	0
kassei	かっせい	カッセイ	0
kassen	かっせん	カッセン	0
kasshoku	かっしょく	カッショク	0
kassou	かっそう	カッソウ	0
kassouro	かっそうろ	カッソウロ	0
kassui	かっすい	カッスイ	0
kasu	かす	カス	0
kasuba	かすば	カスバ	0
kasuka	かすか	カスカ	0
kasumi	かすみ	カスミ	0
kasumu	かすむ	カスム	0
kasupikai	かすぴかい	カスピカイ	0
kasuru	かする	カスル	0
kasutamaa	かすたまあ	カスタマア	0
kasutamu	かすたむ	カスタム	0
kasutera	かすてら	カステラ	0
kat	か	カ	2
kata	かた	カタ	0
katachi	かたち	カタチ	0
katagaki	かたがき	カタガキ	0
katagata	かたがた	カタガタ	0
katagawa	かたがわ	カタガワ	0
katagawari	かたがわり	カタガワリ	0
katagi	かたぎ	カタギ	0
katahou	かたほう	カタホウ	0
katai	かたい	カタイ	0
katak	かた	カタ	4
katakana	かたかな	カタカナ	0
katakori	かたこり	カタコリ	0
kataku	かたく	カタク	0
katakudonguri	かたくどんぐり	カタクドングリ	0
katakuna	かたくな	カタクナ	0
katamari	かたまり	カタマリ	0
katamaru	かたまる	カタマル	0
katame	かため	カタメ	0
katameru	かためる	カタメル	0
katami	かたみ	カタミ	0
katamichi	かたみち	カタミチ	0
katamukeru	かたむける	カタムケル	0
katamuku	かたむく	カタムク	0
katan	かたん	カタン	0
katana	かたな	カタナ	0
kataomoi	かたおもい	カタオモイ	0
katarau	かたらう	カタラウ	0
katari	かたり	カタリ	0
katarikuchi	かたりくち	カタリクチ	0
katarite	かたりて	カタリテ	0
katarogu	かたろぐ	カタログ	0
kataru	かたる	カタル	0
katasa	かたさ	カタサ	0
katashiki	かたしき	カタシキ	0
katasumi	かたすみ	カタスミ	0
katate	かたて	カタテ	0
katatsumayouji	かたつまようじ	カタツマヨウジ	0
katawara	かたわら	カタワラ	0
katayori	かたより	カタヨリ	0
katayoru	かたよる	カタヨル	0
kataz	かた	カタ	4
katazu	かたず	カタズ	0
katazuk	かたず	カタズ	6
katazukeru	かたずける	カタズケル	0
katazuku	かたずく	カタズク	0
katazukugoorurain	かたずくごおるらいん	カタズクゴオルライン	0
kateeteru	かてえてる	カテエテル	0
kategori	かてごり	カテゴリ	0
kategorii	かてごりい	カテゴリイ	0
katei	かてい	カテイ	0
kateika	かていか	カテイカ	0
kateikyoushi	かていきょうし	カテイキョウシ	0
kateinai	かていない	カテイナイ	0
katen	かてん	カテン	0
kato	かと	カト	0
katoitte	かといって	カトイッテ	0
katoki	かとき	カトキ	0
kator	かと	カト	4
katoreya	かとれや	カトレヤ	0
katori	かとり	カトリ	0
katorikku	かとりっく	カトリック	0
katorikkukyoukai	かとりっくきょうかい	カトリックキョウカイ	0
katoris	かとり	カトリ	6
katorish	かとり	カトリ	6
katorishi	かとりし	カトリシ	0
katorishiz	かとりし	カトリシ	9
katorishizu	かとりしず	カトリシズ	0
katorishizum	かとりしず	カトリシズ	11
katorishizumu	かとりしずむ	カトリシズム	0
katorishizumukappa	かとりしずむかっぱ	カトリシズムカッパ	0
katou	かとう	カトウ	0
kats	か	カ	2
katsu	かつ	カツ	0
katsubou	かつぼう	カツボウ	0
katsudou	かつどう	カツドウ	0
katsudouka	かつどうか	カツドウカ	0
katsugi	かつぎ	カツギ	0
katsugu	かつぐ	カツグ	0
katsuji	かつじ	カツジ	0
katsujou	かつじょう	カツジョウ	0
katsur	かつ	カツ	5
katsura	かつら	カツラ	0
katsuro	かつろ	カツロ	0
katsuroteisha	かつろていしゃ	カツロテイシャ	0
katsuryoku	かつりょく	カツリョク	0
katsute	かつて	カツテ	0
katsuyaku	かつやく	カツヤク	0
katsuyou	かつよう	カツヨウ	0
kattaa	かったあ	カッタア	0
katte	かって	カッテ	0
kattekimama	かってきまま	カッテキママ	0
katto	かっと	カット	0
kattou	かっとう	カットウ	0
kau	かう	カウ	0
kaubooi	かうぼおい	カウボオイ	0
kauchipoteto	かうちぽてと	カウチポテト	0
kaun	かうん	カウン	0
kaunseraa	かうんせらあ	カウンセラア	0
kaunseringu	かうんせりんぐ	カウンセリング	0
kaunt	かうん	カウン	4
kauntaa	かうんたあ	カウンタア	0
kaunto	かうんと	カウント	0
kauntotakane	かうんとたかね	カウントタカネ	0
kaw	か	カ	2
kawa	かわ	カワ	0
kawabata	かわばた	カワバタ	0
kawaeazooru	かわえあぞおる	カワエアゾオル	0
kawagishi	かわぎし	カワギシ	0
kawaguchi	かわぐち	カワグチ	0
kawagutsu	かわぐつ	カワグツ	0
kawaigaru	かわいがる	カワイガル	0
kawaii	かわいい	カワイイ	0
kawairashii	かわいらしい	カワイラシイ	0
kawaisou	かわいそう	カワイソウ	0
kawakami	かわかみ	カワカミ	0
kawakasu	かわかす	カワカス	0
kawaki	かわき	カワキ	0
kawakiri	かわきり	カワキリ	0
kawaku	かわく	カワク	0
kawar	かわ	カワ	4
kawara	かわら	カワラ	0
kawaranai	かわらない	カワラナイ	0
kawari	かわり	カワリ	0
kawaru	かわる	カワル	0
kawarugawaru	かわるがわる	カワルガワル	0
kawarukonpurekkusu	かわるこんぷれっくす	カワルコンプレックス	0
kawasaki	かわさき	カワサキ	0
kawase	かわせ	カワセ	0
kawasesouba	かわせそうば	カワセソウバ	0
kawashimo	かわしも	カワシモ	0
kawasu	かわす	カワス	0
kawatta	かわった	カワッタ	0
kawazoi	かわぞい	カワゾイ	0
kaya	かや	カヤ	0
kayakku	かやっく	カヤック	0
kayaku	かやく	カヤク	0
kayoi	かよい	カヨイ	0
kayou	かよう	カヨウ	0
kayoubi	かようび	カヨウビ	0
kayoukyoku	かようきょく	カヨウキョク	0
kayowai	かよわい	カヨワイ	0
kayu	かゆ	カユ	0
kayui	かゆい	カユイ	0
kaz	か	カ	2
kazaana	かざあな	カザアナ	0
kazai	かざい	カザイ	0
kazakami	かざかみ	カザカミ	0
kazamuki	かざむき	カザムキ	0
kazan	かざん	カザン	0
kazanbai	かざんばい	カザンバイ	0
kazari	かざり	カザリ	0
kazarike	かざりけ	カザリケ	0
kazaritsuke	かざりつけ	カザリツケ	0
kazaru	かざる	カザル	0
kazashimo	かざしも	カザシモ	0
kaze	かぜ	カゼ	0
kazeatari	かぜあたり	カゼアタリ	0
kazegusuri	かぜぐすり	カゼグスリ	0
kazei	かぜい	カゼイ	0
kazetooshi	かぜとおし	カゼトオシ	0
kazewohiku	かぜをひく	カゼヲヒク	0
kazoeru	かぞえる	カゾエル	0
kazoku	かぞく	カゾク	0
kazokukeikaku	かぞくけいかく	カゾクケイカク	0
kazu	かず	カズ	0
kazukazu	かずかず	カズカズ	0
kazuooku	かずおおく	カズオオク	0
kazus	かず	カズ	4
kazusu	かずす	カズス	0
kazusuk	かずす	カズス	6
kazusuku	かずすく	カズスク	0
kazusukun	かずすくん	カズスクン	0
kazusukuna	かずすくな	カズスクナ	0
kazusukunai	かずすくない	カズスクナイ	0
kazusukunaigyakuyunyuu	かずすくないぎゃくゆにゅう	カズスクナイギャクユニュウ	0
kazye	かじぇ	カジェ	0
ke	け	ケ	0
kea	けあ	ケア	0
kebekku	けべっく	ケベック	0
kechappu	けちゃっぷ	ケチャップ	0
kedamono	けだもの	ケダモノ	0
kedo	けど	ケド	0
keeburu	けえぶる	ケエブル	0
keeji	けえじ	ケエジ	0
keeki	けえき	ケエキ	0
keeoo	けえおお	ケエオオ	0
keepu	けえぷ	ケエプ	0
keesonkouhou	けえそんこうほう	ケエソンコウホウ	0
keesu	けえす	ケエス	0
keesusutadei	けえすすたでい	ケエススタデイ	0
keesuwaakaa	けえすわあかあ	ケエスワアカア	0
kega	けが	ケガ	0
keganin	けがにん	ケガニン	0
kegawa	けがわ	ケガワ	0
kehai	けはい	ケハイ	0
kei	けい	ケイ	0
keiba	けいば	ケイバ	0
keibajou	けいばじょう	ケイバジョウ	0
keibatsu	けいばつ	ケイバツ	0
keibetsu	けいべつ	ケイベツ	0
keibi	けいび	ケイビ	0
keibu	けいぶ	ケイブ	0
keichou	けいちょう	ケイチョウ	0
keichuu	けいちゅう	ケイチュウ	0
keidai	けいだい	ケイダイ	0
keido	けいど	ケイド	0
keiei	けいえい	ケイエイ	0
keieisha	けいえいしゃ	ケイエイシャ	0
keien	けいえん	ケイエン	0
keifu	けいふ	ケイフ	0
keig	けい	ケイ	3
keige	けいげ	ケイゲ	0
keigen	けいげん	ケイゲン	0
keigenhanchou	けいげんはんちょう	ケイゲンハンチョウ	0
keigo	けいご	ケイゴ	0
keigu	けいぐ	ケイグ	0
keihaku	けいはく	ケイハク	0
keihan	けいはん	ケイハン	0
keihatsu	けいはつ	ケイハツ	0
keihi	けいひ	ケイヒ	0
keihin	けいひん	ケイヒン	0
keihou	けいほう	ケイホウ	0
keihouki	けいほうき	ケイホウキ	0
keii	けいい	ケイイ	0
keiji	けいじ	ケイジ	0
keijiban	けいじばん	ケイジバン	0
keijidousha	けいじどうしゃ	ケイジドウシャ	0
keijijiken	けいじじけん	ケイジジケン	0
keijisekinin	けいじせきにん	ケイジセキニン	0
keijou	けいじょう	ケイジョウ	0
keijourieki	けいじょうりえき	ケイジョウリエキ	0
keik	けい	ケイ	3
keika	けいか	ケイカ	0
keikai	けいかい	ケイカイ	0
keikaku	けいかく	ケイカク	0
keikakuteki	けいかくてき	ケイカクテキ	0
keikan	けいかん	ケイカン	0
keikanhandan	けいかんはんだん	ケイカンハンダン	0
keiken	けいけん	ケイケン	0
keikenchi	けいけんち	ケイケンチ	0
keikenhoufu	けいけんほうふ	ケイケンホウフ	0
keikensha	けいけんしゃ	ケイケンシャ	0
keiki	けいき	ケイキ	0
keikichou	けいきちょう	ケイキチョウ	0
keikihanbei	けいきはんべい	ケイキハンベイ	0
keiko	けいこ	ケイコ	0
keikoku	けいこく	ケイコク	0
keikou	けいこう	ケイコウ	0
keikougyou	けいこうぎょう	ケイコウギョウ	0
keikoutou	けいこうとう	ケイコウトウ	0
keimou	けいもう	ケイモウ	0
keimusho	けいむしょ	ケイムショ	0
keimyou	けいみょう	ケイミョウ	0
keiongaku	けいおんがく	ケイオンガク	0
keir	けい	ケイ	3
keiran	けいらん	ケイラン	0
keireki	けいれき	ケイレキ	0
keiretsu	けいれつ	ケイレツ	0
keiri	けいり	ケイリ	0
keirin	けいりん	ケイリン	0
keirinnikkouyoku	けいりんにっこうよく	ケイリンニッコウヨク	0
keiro	けいろ	ケイロ	0
keirou	けいろう	ケイロウ	0
keiryou	けいりょう	ケイリョウ	0
keiryuu	けいりゅう	ケイリュウ	0
keisai	けいさい	ケイサイ	0
keisan	けいさん	ケイサン	0
keisatsu	けいさつ	ケイサツ	0
keisatsuchou	けいさつちょう	ケイサツチョウ	0
keisatsukan	けいさつかん	ケイサツカン	0
keisatsusho	けいさつしょ	ケイサツショ	0
keisei	けいせい	ケイセイ	0
keiseki	けいせき	ケイセキ	0
keisha	けいしゃ	ケイシャ	0
keishi	けいし	ケイシ	0
keishichou	けいしちょう	ケイシチョウ	0
keishiki	けいしき	ケイシキ	0
keishikiteki	けいしきてき	ケイシキテキ	0
keishin	けいしん	ケイシン	0
keishoku	けいしょく	ケイショク	0
keishou	けいしょう	ケイショウ	0
keishuku	けいしゅく	ケイシュク	0
keisoku	けいそく	ケイソク	0
keisotsu	けいそつ	ケイソツ	0
keisou	けいそう	ケイソウ	0
keitai	けいたい	ケイタイ	0
keitaidenwa	けいたいでんわ	ケイタイデンワ	0
keitaisutorappu	けいたいすとらっぷ	ケイタイストラップ	0
keiteki	けいてき	ケイテキ	0
keito	けいと	ケイト	0
keitou	けいとう	ケイトウ	0
keiyaku	けいやく	ケイヤク	0
keiyakusho	けいやくしょ	ケイヤクショ	0
keiyou	けいよう	ケイヨウ	0
keiyoushi	けいようし	ケイヨウシ	0
keiyu	けいゆ	ケイユ	0
keiz	けい	ケイ	3
keiza	けいざ	ケイザ	0
keizai	けいざい	ケイザイ	0
keizaifuusa	けいざいふうさ	ケイザイフウサ	0
keizaigaku	けいざいがく	ケイザイガク	0
keizaihan	けいざいはん	ケイザイハン	0
keizaikai	けいざいかい	ケイザイカイ	0
keizaikenkyuujo	けいざいけんきゅうじょ	ケイザイケンキュウジョ	0
keizaikikakuchou	けいざいきかくちょう	ケイザイキカクチョウ	0
keizaiseichouritsu	けいざいせいちょうりつ	ケイザイセイチョウリツ	0
keizaiteki	けいざいてき	ケイザイテキ	0
keizoku	けいぞく	ケイゾク	0
keizokuteki	けいぞくてき	ケイゾクテキ	0
keizu	けいず	ケイズ	0
kej	け	ケ	2
keji	けじ	ケジ	0
kejim	けじ	ケジ	4
kejime	けじめ	ケジメ	0
kejimekenkai	けじめけんかい	ケジメケンカイ	0
kek	け	ケ	2
kekk	け	ケ	2
kekka	けっか	ケッカ	0
kekkaku	けっかく	ケッカク	0
kekkan	けっかん	ケッカン	0
kekkanhifuku	けっかんひふく	ケッカンヒフク	0
kekki	けっき	ケッキ	0
kekkon	けっこん	ケッコン	0
kekkonaite	けっこないて	ケッコナイテ	0
kekkonshiki	けっこんしき	ケッコンシキ	0
kekkou	けっこう	ケッコウ	0
kekkyoku	けっきょく	ケッキョク	0
kemikaru	けみかる	ケミカル	0
kemono	けもの	ケモノ	0
kemui	けむい	ケムイ	0
kemuri	けむり	ケムリ	0
kemuru	けむる	ケムル	0
kemushi	けむし	ケムシ	0
kemutai	けむたい	ケムタイ	0
ken	けん	ケン	0
kenage	けなげ	ケナゲ	0
kenaku	けなく	ケナク	0
kenan	けなん	ケナン	0
kenasu	けなす	ケナス	0
kenban	けんばん	ケンバン	0
kenbikyou	けんびきょう	ケンビキョウ	0
kenbo	けんぼ	ケンボ	0
kenbun	けんぶん	ケンブン	0
kenbutsu	けんぶつ	ケンブツ	0
kenbutsunin	けんぶつにん	ケンブツニン	0
kenchi	けんち	ケンチ	0
kenchiji	けんちじ	ケンチジ	0
kenchiku	けんちく	ケンチク	0
kenchikubutsu	けんちくぶつ	ケンチクブツ	0
kenchikugaku	けんちくがく	ケンチクガク	0
kenchikuka	けんちくか	ケンチクカ	0
kenchikushi	けんちくし	ケンチクシ	0
kencho	けんちょ	ケンチョ	0
kenchou	けんちょう	ケンチョウ	0
kendou	けんどう	ケンドウ	0
kenei	けねい	ケネイ	0
keneki	けねき	ケネキ	0
kenen	けねん	ケネン	0
kenennonaka	けねんのなか	ケネンノナカ	0
kenetsu	けねつ	ケネツ	0
kengai	けんがい	ケンガイ	0
kengaku	けんがく	ケンガク	0
kengeki	けんげき	ケンゲキ	0
kengen	けんげん	ケンゲン	0
kengi	けんぎ	ケンギ	0
kengo	けんご	ケンゴ	0
kengyou	けんぎょう	ケンギョウ	0
keni	けに	ケニ	0
kenji	けんじ	ケンジ	0
kenjin	けんじん	ケンジン	0
kenjisei	けんじせい	ケンジセイ	0
kenjitsu	けんじつ	ケンジツ	0
kenjou	けんじょう	ケンジョウ	0
kenjousha	けんじょうしゃ	ケンジョウシャ	0
kenjuu	けんじゅう	ケンジュウ	0
kenk	けん	ケン	3
kenka	けんか	ケンカ	0
kenkai	けんかい	ケンカイ	0
kenkei	けんけい	ケンケイ	0
kenketsu	けんけつ	ケンケツ	0
kenkin	けんきん	ケンキン	0
kenkoku	けんこく	ケンコク	0
kenkou	けんこう	ケンコウ	0
kenkouhoken	けんこうほけん	ケンコウホケン	0
kenkoushindan	けんこうしんだん	ケンコウシンダン	0
kenkoushokuhin	けんこうしょくひん	ケンコウショクヒン	0
kenkouteki	けんこうてき	ケンコウテキ	0
kenky	けん	ケン	3
kenkyo	けんきょ	ケンキョ	0
kenkyu	けんきゅ	ケンキュ	0
kenkyuu	けんきゅう	ケンキュウ	0
kenkyuuin	けんきゅういん	ケンキュウイン	0
kenkyuujo	けんきゅうじょ	ケンキュウジョ	0
kenkyuuka	けんきゅうか	ケンキュウカ	0
kenkyuukan	けんきゅうかん	ケンキュウカン	0
kenkyuukekka	けんきゅうけっか	ケンキュウケッカ	0
kenkyuus	けんきゅう	ケンキュウ	7
kenkyuush	けんきゅう	ケンキュウ	7
kenkyuusha	けんきゅうしゃ	ケンキュウシャ	0
kenkyuushi	けんきゅうし	ケンキュウシ	0
kenkyuushit	けんきゅうし	ケンキュウシ	10
kenkyuushits	けんきゅうし	ケンキュウシ	10
kenkyuushitsu	けんきゅうしつ	ケンキュウシツ	0
kenkyuushitsuhyouryuu	けんきゅうしつひょうりゅう	ケンキュウシツヒョウリュウ	0
kenma	けんま	ケンマ	0
kenmayu	けんまゆ	ケンマユ	0
kenmei	けんめい	ケンメイ	0
kenmin	けんみん	ケンミン	0
kenmon	けんもん	ケンモン	0
kenmu	けんむ	ケンム	0
kennai	けんない	ケンナイ	0
kennin	けんにん	ケンニン	0
keno	けの	ケノ	0
kenok	けの	ケノ	4
kenoka	けのか	ケノカ	0
kenokan	けのかん	ケノカン	0
kenokankyouki	けのかんきょうき	ケノカンキョウキ	0
kenp	けん	ケン	3
kenpo	けんぽ	ケンポ	0
kenpokagyou	けんぽかぎょう	ケンポカギョウ	0
kenpou	けんぽう	ケンポウ	0
kenpu	けんぷ	ケンプ	0
kenri	けんり	ケンリ	0
kenritsu	けんりつ	ケンリツ	0
kenryoku	けんりょく	ケンリョク	0
kens	けん	ケン	3
kensa	けんさ	ケンサ	0
kensahimegimi	けんさひめぎみ	ケンサヒメギミ	0
kensaku	けんさく	ケンサク	0
kensakujouken	けんさくじょうけん	ケンサクジョウケン	0
kensatsu	けんさつ	ケンサツ	0
kensatsuchou	けんさつちょう	ケンサツチョウ	0
kensatsukan	けんさつかん	ケンサツカン	0
kense	けんせ	ケンセ	0
kensei	けんせい	ケンセイ	0
kenset	けんせ	ケンセ	5
kensets	けんせ	ケンセ	5
kensetsu	けんせつ	ケンセツ	0
kensetsushou	けんせつしょう	ケンセツショウ	0
kensetsut	けんせつ	ケンセツ	8
kensetsute	けんせつて	ケンセツテ	0
kensetsutek	けんせつて	ケンセツテ	10
kensetsuteki	けんせつてき	ケンセツテキ	0
kensetsutekikanarazu	けんせつてきかならず	ケンセツテキカナラズ	0
kenshi	けんし	ケンシ	0
kenshiki	けんしき	ケンシキ	0
kenshin	けんしん	ケンシン	0
kenshou	けんしょう	ケンショウ	0
kenshutsu	けんしゅつ	ケンシュツ	0
kenshuu	けんしゅう	ケンシュウ	0
kenson	けんそん	ケンソン	0
kensui	けんすい	ケンスイ	0
kensuu	けんすう	ケンスウ	0
kentai	けんたい	ケンタイ	0
kentei	けんてい	ケンテイ	0
kentou	けんとう	ケントウ	0
kentoushi	けんとうし	ケントウシ	0
kenyaku	けにゃく	ケニャク	0
kenzai	けんざい	ケンザイ	0
kenzen	けんぜん	ケンゼン	0
kenzou	けんぞう	ケンゾウ	0
kenzoubutsu	けんぞうぶつ	ケンゾウブツ	0
keppaku	けっぱく	ケッパク	0
keppeki	けっぺき	ケッペキ	0
kerai	けらい	ケライ	0
keredo	けれど	ケレド	0
keredomo	けれども	ケレドモ	0
keroido	けろいど	ケロイド	0
keru	ける	ケル	0
kerun	けるん	ケルン	0
kesa	けさ	ケサ	0
keshigomu	けしごむ	ケシゴム	0
keshiin	けしいん	ケシイン	0
keshiki	けしき	ケシキ	0
keshou	けしょう	ケショウ	0
kessai	けっさい	ケッサイ	0
kessaihouhou	けっさいほうほう	ケッサイホウホウ	0
kessaku	けっさく	ケッサク	0
kessan	けっさん	ケッサン	0
kessei	けっせい	ケッセイ	0
kesseki	けっせき	ケッセキ	0
kessen	けっせん	ケッセン	0
kessentouhyou	けっせんとうひょう	ケッセントウヒョウ	0
kessha	けっしゃ	ケッシャ	0
kesshin	けっしん	ケッシン	0
kesshite	けっして	ケッシテ	0
kesshou	けっしょう	ケッショウ	0
kesshousen	けっしょうせん	ケッショウセン	0
kesshouten	けっしょうてん	ケッショウテン	0
kesshoutoonamento	けっしょうとおなめんと	ケッショウトオナメント	0
kesshutsu	けっしゅつ	ケッシュツ	0
kesshuu	けっしゅう	ケッシュウ	0
kessoku	けっそく	ケッソク	0
kesson	けっそん	ケッソン	0
kessuru	けっする	ケッスル	0
kesu	けす	ケス	0
keta	けた	ケタ	0
ketchaku	け	ケ	2
ketsu	けつ	ケツ	0
ketsuatsu	けつあつ	ケツアツ	0
ketsubetsu	けつべつ	ケツベツ	0
ketsubou	けつぼう	ケツボウ	0
ketsudan	けつだん	ケツダン	0
ketsueki	けつえき	ケツエキ	0
ketsuekigata	けつえきがた	ケツエキガタ	0
ketsuekikensa	けつえきけんさ	ケツエキケンサ	0
ketsuen	けつえん	ケツエン	0
ketsugi	けつぎ	ケツギ	0
ketsugou	けつごう	ケツゴウ	0
ketsui	けつい	ケツイ	0
ketsuin	けついん	ケツイン	0
ketsujo	けつじょ	ケツジョ	0
ketsujou	けつじょう	ケツジョウ	0
ketsumatsu	けつまつ	ケツマツ	0
ketsuretsu	けつれつ	ケツレツ	0
ketsuron	けつろん	ケツロン	0
ketsuyuubyou	けつゆうびょう	ケツユウビョウ	0
kettaku	けったく	ケッタク	0
kettei	けってい	ケッテイ	0
ketteiteki	けっていてき	ケッテイテキ	0
ketten	けってん	ケッテン	0
kettou	けっとう	ケットウ	0
kewashii	けわしい	ケワシイ	0
kezuribushi	けずりぶし	ケズリブシ	0
kezuru	けずる	ケズル	0
kezyi	けじぃ	ケジィ	0
ki	き	キ	0
kiai	きあい	キアイ	0
kiatsu	きあつ	キアツ	0
kiba	きば	キバ	0
kibaku	きばく	キバク	0
kiban	きばん	キバン	0
kibarashi	きばらし	キバラシ	0
kibatsu	きばつ	キバツ	0
kibin	きびん	キビン	0
kibishii	きびしい	キビシイ	0
kibishisa	きびしさ	キビシサ	0
kibo	きぼ	キボ	0
kibori	きぼり	キボリ	0
kibou	きぼう	キボウ	0
kibun	きぶん	キブン	0
kibuntenkan	きぶんてんかん	キブンテンカン	0
kibutsu	きぶつ	キブツ	0
kibyou	きびょう	キビョウ	0
kic	き	キ	2
kich	き	キ	2
kichi	きち	キチ	0
kichigai	きちがい	キチガイ	0
kichinto	きちんと	キチント	0
kichitto	きちっと	キチット	0
kicho	きちょ	キチョ	0
kichou	きちょう	キチョウ	0
kichoudouitsu	きちょうどういつ	キチョウドウイツ	0
kichouhin	きちょうひん	キチョウヒン	0
kichoumen	きちょうめん	キチョウメン	0
kid	き	キ	2
kiddo	きっど	キッド	0
kido	きど	キド	0
kidoairaku	きどあいらく	キドアイラク	0
kidoru	きどる	キドル	0
kidou	きどう	キドウ	0
kidoudoujidai	きどうどうじだい	キドウドウジダイ	0
kidoutai	きどうたい	キドウタイ	0
kie	きえ	キエ	0
kiei	きえい	キエイ	0
kieru	きえる	キエル	0
kifu	きふ	キフ	0
kifuku	きふく	キフク	0
kig	き	キ	2
kiga	きが	キガ	0
kigae	きがえ	キガエ	0
kigaeru	きがえる	キガエル	0
kigaesenjuu	きがえせんじゅう	キガエセンジュウ	0
kigai	きがい	キガイ	0
kigakari	きがかり	キガカリ	0
kigaku	きがく	キガク	0
kigan	きがん	キガン	0
kigane	きがね	キガネ	0
kigaru	きがる	キガル	0
kigatsuku	きがつく	キガツク	0
kigeki	きげき	キゲキ	0
kigen	きげん	キゲン	0
kigenzen	きげんぜん	キゲンゼン	0
kigi	きぎ	キギ	0
kigo	きご	キゴ	0
kigokoro	きごころ	キゴコロ	0
kigou	きごう	キゴウ	0
kigu	きぐ	キグ	0
kigyou	きぎょう	キギョウ	0
kigyouka	きぎょうか	キギョウカ	0
kih	き	キ	2
kihaku	きはく	キハク	0
kihan	きはん	キハン	0
kihatsu	きはつ	キハツ	0
kihei	きへい	キヘイ	0
kihi	きひ	キヒ	0
kihin	きひん	キヒン	0
kiho	きほ	キホ	0
kihon	きほん	キホン	0
kihonryoukin	きほんりょうきん	キホンリョウキン	0
kihonteki	きほんてき	キホンテキ	0
kihontouken	きほんとうけん	キホントウケン	0
kihou	きほう	キホウ	0
kii	きい	キイ	0
kiiboodo	きいぼおど	キイボオド	0
kiihorudaa	きいほるだあ	キイホルダア	0
kiiman	きいまん	キイマン	0
kiin	きいん	キイン	0
kiipaa	きいぱあ	キイパア	0
kiipointo	きいぽいんと	キイポイント	0
kiipu	きいぷ	キイプ	0
kiiro	きいろ	キイロ	0
kiiroi	きいろい	キイロイ	0
kiiru	きいる	キイル	0
kiisuteeshon	きいすてえしょん	キイステエション	0
kiito	きいと	キイト	0
kiiwaado	きいわあど	キイワアド	0
kij	き	キ	2
kiji	きじ	キジ	0
kijiku	きじく	キジク	0
kijin	きじん	キジン	0
kijitsu	きじつ	キジツ	0
kijou	きじょう	キジョウ	0
kiju	きじゅ	キジュ	0
kijun	きじゅん	キジュン	0
kijunh	きじゅん	キジュン	5
kijunho	きじゅんほ	キジュンホ	0
kijunhou	きじゅんほう	キジュンホウ	0
kijunhouokinawa	きじゅんほうおきなわ	キジュンホウオキナワ	0
kijutsu	きじゅつ	キジュツ	0
kik	き	キ	2
kika	きか	キカ	0
kikaeru	きかえる	キカエル	0
kikagaku	きかがく	キカガク	0
kikai	きかい	キカイ	0
kikaika	きかいか	キカイカ	0
kikaku	きかく	キカク	0
kikakushitsu	きかくしつ	キカクシツ	0
kikan	きかん	キカン	0
kikangentei	きかんげんてい	キカンゲンテイ	0
kikanjuu	きかんじゅう	キカンジュウ	0
kikansha	きかんしゃ	キカンシャ	0
kikanshi	きかんし	キカンシ	0
kikaseru	きかせる	キカセル	0
kikasu	きかす	キカス	0
kikazaru	きかざる	キカザル	0
kiken	きけん	キケン	0
kikensei	きけんせい	キケンセイ	0
kiki	きき	キキ	0
kikigaki	ききがき	キキガキ	0
kikim	きき	キキ	4
kikime	ききめ	キキメ	0
kikimeraketto	ききめらけっと	キキメラケット	0
kikin	ききん	キキン	0
kikinzoku	ききんぞく	キキンゾク	0
kikitaosu	ききたおす	キキタオス	0
kikite	ききて	キキテ	0
kikitori	ききとり	キキトリ	0
kikitoru	ききとる	キキトル	0
kikitoukyoku	ききとうきょく	キキトウキョク	0
kikk	き	キ	2
kikkake	きっかけ	キッカケ	0
kikku	きっく	キック	0
kikkubokushingu	きっくぼくしんぐ	キックボクシング	0
kikkuhokuro	きっくほくろ	キックホクロ	0
kikkuofu	きっくおふ	キックオフ	0
kiko	きこ	キコ	0
kikoeru	きこえる	キコエル	0
kikok	きこ	キコ	4
kikoku	きこく	キコク	0
kikokutouan	きこくとうあん	キコクトウアン	0
kikon	きこん	キコン	0
kikou	きこう	キコウ	0
kiku	きく	キク	0
kikubari	きくばり	キクバリ	0
kikyaku	ききゃく	キキャク	0
kikyou	ききょう	キキョウ	0
kikyuu	ききゅう	キキュウ	0
kim	き	キ	2
kima	きま	キマ	0
kimae	きまえ	キマエ	0
kimagure	きまぐれ	キマグレ	0
kimama	きまま	キママ	0
kimar	きま	キマ	4
kimari	きまり	キマリ	0
kimariichiyoku	きまりいちよく	キマリイチヨク	0
kimaru	きまる	キマル	0
kimatsu	きまつ	キマツ	0
kimatte	きまって	キマッテ	0
kime	きめ	キメ	0
kimedama	きめだま	キメダマ	0
kimera	きめら	キメラ	0
kimeru	きめる	キメル	0
kimet	きめ	キメ	4
kimete	きめて	キメテ	0
kimets	きめ	キメ	4
kimetsu	きめつ	キメツ	0
kimetsuk	きめつ	キメツ	7
kimetsuke	きめつけ	キメツケ	0
kimetsuker	きめつけ	キメツケ	9
kimetsukeru	きめつける	キメツケル	0
kimetsukeruhireki	きめつけるひれき	キメツケルヒレキ	0
kimi	きみ	キミ	0
kimigayo	きみがよ	キミガヨ	0
kimitachi	きみたち	キミタチ	0
kimitsu	きみつ	キミツ	0
kimo	きも	キモ	0
kimochi	きもち	キモチ	0
kimochigaii	きもちがいい	キモチガイイ	0
kimochiii	きもちいい	キモチイイ	0
kimochiwarui	きもちわるい	キモチワルイ	0
kimono	きもの	キモノ	0
kimuchi	きむち	キムチ	0
kimuzukashii	きむずかしい	キムズカシイ	0
kimyou	きみょう	キミョウ	0
kin	きん	キン	0
kinai	きない	キナイ	0
kinben	きんべん	キンベン	0
kinboshi	きんぼし	キンボシ	0
kinbyoubu	きんびょうぶ	キンビョウブ	0
kincho	きんちょ	キンチョ	0
kinchou	きんちょう	キンチョウ	0
kindai	きんだい	キンダイ	0
kindaishi	きんだいし	キンダイシ	0
kindaiteki	きんだいてき	キンダイテキ	0
kinen	きねん	キネン	0
kinenbi	きねんび	キネンビ	0
kinenhi	きねんひ	キネンヒ	0
kineshiorojii	きねしおろじい	キネシオロジイ	0
king	きん	キン	3
kinga	きんが	キンガ	0
kingaku	きんがく	キンガク	0
kingan	きんがん	キンガン	0
kingas	きんが	キンガ	5
kingash	きんが	キンガ	5
kingashi	きんがし	キンガシ	0
kingashin	きんがしん	キンガシン	0
kingashinn	きんがしんん	キンガシンン	0
kingashinne	きんがしんね	キンガシンネ	0
kingashinnen	きんがしんねん	キンガシンネン	0
kingashinnenhakaku	きんがしんねんはかく	キンガシンネンハカク	0
kingu	きんぐ	キング	0
kingune	きんぐね	キングネ	0
kingyo	きんぎょ	キンギョ	0
kiniiri	きにいり	キニイリ	0
kiniiru	きにいる	キニイル	0
kiniro	きにろ	キニロ	0
kinitsu	きにつ	キニツ	0
kinj	きん	キン	3
kinji	きんじ	キンジ	0
kinjir	きんじ	キンジ	5
kinjiru	きんじる	キンジル	0
kinjirunouyaku	きんじるのうやく	キンジルノウヤク	0
kinjitsu	きんじつ	キンジツ	0
kinjo	きんじょ	キンジョ	0
kinka	きんか	キンカ	0
kinkai	きんかい	キンカイ	0
kinken	きんけん	キンケン	0
kinki	きんき	キンキ	0
kinko	きんこ	キンコ	0
kinkou	きんこう	キンコウ	0
kinku	きんく	キンク	0
kinkyori	きんきょり	キンキョリ	0
kinkyou	きんきょう	キンキョウ	0
kinkyuu	きんきゅう	キンキュウ	0
kinkyuujitaisengen	きんきゅうじたいせんげん	キンキュウジタイセンゲン	0
kinmitsu	きんみつ	キンミツ	0
kinmotsu	きんもつ	キンモツ	0
kinmu	きんむ	キンム	0
kinmujikan	きんむじかん	キンムジカン	0
kinmyaku	きんみゃく	キンミャク	0
kinnen	きんねん	キンネン	0
kinniku	きんにく	キンニク	0
kinodoku	きのどく	キノドク	0
kinoko	きのこ	キノコ	0
kinome	きのめ	キノメ	0
kinomi	きのみ	キノミ	0
kinomukumamani	きのむくままに	キノムクママニ	0
kinosei	きのせい	キノセイ	0
kinou	きのう	キノウ	0
kinpaku	きんぱく	キンパク	0
kinpatsu	きんぱつ	キンパツ	0
kinpen	きんぺん	キンペン	0
kinpin	きんぴん	キンピン	0
kinr	きん	キン	3
kinri	きんり	キンリ	0
kinrin	きんりん	キンリン	0
kinrinhaishi	きんりんはいし	キンリンハイシ	0
kinrou	きんろう	キンロウ	0
kinrousha	きんろうしゃ	キンロウシャ	0
kinryoku	きんりょく	キンリョク	0
kins	きん	キン	3
kinsaku	きんさく	キンサク	0
kinsei	きんせい	キンセイ	0
kinseki	きんせき	キンセキ	0
kinsen	きんせん	キンセン	0
kinsh	きん	キン	3
kinshi	きんし	キンシ	0
kinshihou	きんしほう	キンシホウ	0
kinshij	きんし	キンシ	6
kinshiji	きんしじ	キンシジ	0
kinshijik	きんしじ	キンシジ	8
kinshijiko	きんしじこ	キンシジコ	0
kinshijikou	きんしじこう	キンシジコウ	0
kinshijikoukakarikan	きんしじこうかかりかん	キンシジコウカカリカン	0
kinshin	きんしん	キンシン	0
kinshitsu	きんしつ	キンシツ	0
kinshu	きんしゅ	キンシュ	0
kinshuku	きんしゅく	キンシュク	0
kintou	きんとう	キントウ	0
kinu	きぬ	キヌ	0
kinui	きぬい	キヌイ	0
kinuit	きぬい	キヌイ	5
kinuito	きぬいと	キヌイト	0
kinuitoriidaa	きぬいとりいだあ	キヌイトリイダア	0
kinuorimono	きぬおりもの	キヌオリモノ	0
kinyokuteki	きにょくてき	キニョクテキ	0
kinyou	きにょう	キニョウ	0
kinyoubi	きにょうび	キニョウビ	0
kinyu	きにゅ	キニュ	0
kinyuu	きにゅう	キニュウ	0
kinyuuchou	きにゅうちょう	キニュウチョウ	0
kinyuukikan	きにゅうきかん	キニュウキカン	0
kinyuushijou	きにゅうしじょう	キニュウシジョウ	0
kinzoku	きんぞく	キンゾク	0
kinzuru	きんずる	キンズル	0
kio	きお	キオ	0
kioi	きおい	キオイ	0
kioitousui	きおいとうすい	キオイトウスイ	0
kioku	きおく	キオク	0
kion	きおん	キオン	0
kiosuku	きおすく	キオスク	0
kioushou	きおうしょう	キオウショウ	0
kippari	きっぱり	キッパリ	0
kippou	きっぽう	キッポウ	0
kippu	きっぷ	キップ	0
kir	き	キ	2
kiraa	きらあ	キラア	0
kirabiyaka	きらびやか	キラビヤカ	0
kirai	きらい	キライ	0
kirakira	きらきら	キラキラ	0
kiraku	きらく	キラク	0
kirasu	きらす	キラス	0
kirau	きらう	キラウ	0
kire	きれ	キレ	0
kireaji	きれあじ	キレアジ	0
kirei	きれい	キレイ	0
kireme	きれめ	キレメ	0
kirer	きれ	キレ	4
kireru	きれる	キレル	0
kirerumotsureru	きれるもつれる	キレルモツレル	0
kiretsu	きれつ	キレツ	0
kiri	きり	キリ	0
kiriage	きりあげ	キリアゲ	0
kirifuda	きりふだ	キリフダ	0
kiriganai	きりがない	キリガナイ	0
kirihanasu	きりはなす	キリハナス	0
kirikae	きりかえ	キリカエ	0
kirikaeru	きりかえる	キリカエル	0
kirikuchi	きりくち	キリクチ	0
kirikuzusu	きりくずす	キリクズス	0
kirin	きりん	キリン	0
kirinuki	きりぬき	キリヌキ	0
kiriru	きりる	キリル	0
kirisage	きりさげ	キリサゲ	0
kirisame	きりさめ	キリサメ	0
kirishitan	きりしたん	キリシタン	0
kirisute	きりすて	キリステ	0
kirisuteru	きりすてる	キリステル	0
kirisuto	きりすと	キリスト	0
kirisutokyou	きりすときょう	キリストキョウ	0
kiritsu	きりつ	キリツ	0
kiro	きろ	キロ	0
kiroguramu	きろぐらむ	キログラム	0
kiroku	きろく	キロク	0
kirokuteki	きろくてき	キロクテキ	0
kiromeetoru	きろめえとる	キロメエトル	0
kirowatto	きろわっと	キロワット	0
kiru	きる	キル	0
kiryoku	きりょく	キリョク	0
kis	き	キ	2
kisai	きさい	キサイ	0
kise	きせ	キセ	0
kisei	きせい	キセイ	0
kiseichuu	きせいちゅう	キセイチュウ	0
kiseifuku	きせいふく	キセイフク	0
kiseijijitsu	きせいじじつ	キセイジジツ	0
kiseinusumi	きせいぬすみ	キセイヌスミ	0
kiseki	きせき	キセキ	0
kisen	きせん	キセン	0
kiseru	きせる	キセル	0
kisetsu	きせつ	キセツ	0
kisetsufuu	きせつふう	キセツフウ	0
kisha	きしゃ	キシャ	0
kishakaiken	きしゃかいけん	キシャカイケン	0
kishi	きし	キシ	0
kishibe	きしべ	キシベ	0
kishikaisei	きしかいせい	キシカイセイ	0
kishin	きしん	キシン	0
kishitsu	きしつ	キシツ	0
kishou	きしょう	キショウ	0
kishouchou	きしょうちょう	キショウチョウ	0
kishoudai	きしょうだい	キショウダイ	0
kishougaku	きしょうがく	キショウガク	0
kishouyohoushi	きしょうよほうし	キショウヨホウシ	0
kishu	きしゅ	キシュ	0
kishukusha	きしゅくしゃ	キシュクシャ	0
kishuu	きしゅう	キシュウ	0
kiso	きそ	キソ	0
kisok	きそ	キソ	4
kisoku	きそく	キソク	0
kisokuugoku	きそくうごく	キソクウゴク	0
kison	きそん	キソン	0
kisou	きそう	キソウ	0
kisoyuuyo	きそゆうよ	キソユウヨ	0
kissa	きっさ	キッサ	0
kissaten	きっさてん	キッサテン	0
kissuru	きっする	キッスル	0
kisu	きす	キス	0
kisuu	きすう	キスウ	0
kita	きた	キタ	0
kitaairurando	きたあいるらんど	キタアイルランド	0
kitachousen	きたちょうせん	キタチョウセン	0
kitaeru	きたえる	キタエル	0
kitagawa	きたがわ	キタガワ	0
kitaguchi	きたぐち	キタグチ	0
kitaguni	きたぐに	キタグニ	0
kitai	きたい	キタイ	0
kitaikan	きたいかん	キタイカン	0
kitakaze	きたかぜ	キタカゼ	0
kitaku	きたく	キタク	0
kitakyuushuu	きたきゅうしゅう	キタキュウシュウ	0
kitanai	きたない	キタナイ	0
kitchin	き	キ	2
kitchiri	き	キ	2
kitchou	き	キ	2
kitei	きてい	キテイ	0
kiteki	きてき	キテキ	0
kiten	きてん	キテン	0
kito	きと	キト	0
kitoku	きとく	キトク	0
kitokuken	きとくけん	キトクケン	0
kitou	きとう	キトウ	0
kitsuen	きつえん	キツエン	0
kitsui	きつい	キツイ	0
kitsumon	きつもん	キツモン	0
kitsune	きつね	キツネ	0
kitte	きって	キッテ	0
kitto	きっと	キット	0
kiui	きうい	キウイ	0
kiun	きうん	キウン	0
kiwadatsu	きわだつ	キワダツ	0
kiwamaru	きわまる	キワマル	0
kiwameru	きわめる	キワメル	0
kiwamete	きわめて	キワメテ	0
kiwami	きわみ	キワミ	0
kiwotsukeru	きをつける	キヲツケル	0
kiy	き	キ	2
kiyaku	きやく	キヤク	0
kiyo	きよ	キヨ	0
kiyoi	きよい	キヨイ	0
kiyoraka	きよらか	キヨラカ	0
kiyosuku	きよすく	キヨスク	0
kiyotoukan	きよとうかん	キヨトウカン	0
kiyou	きよう	キヨウ	0
kiz	き	キ	2
kiza	きざ	キザ	0
kizai	きざい	キザイ	0
kizami	きざみ	キザミ	0
kizamu	きざむ	キザム	0
kizashi	きざし	キザシ	0
kizetsu	きぜつ	キゼツ	0
kizoku	きぞく	キゾク	0
kizou	きぞう	キゾウ	0
kizu	きず	キズ	0
kizuato	きずあと	キズアト	0
kizuguchi	きずぐち	キズグチ	0
kizuk	きず	キズ	4
kizuka	きずか	キズカ	0
kizukai	きずかい	キズカイ	0
kizukaitouhon	きずかいとうほん	キズカイトウホン	0
kizukare	きずかれ	キズカレ	0
kizukiageru	きずきあげる	キズキアゲル	0
kizuku	きずく	キズク	0
kizuna	きずな	キズナ	0
kizutsukeru	きずつける	キズツケル	0
kizutsuku	きずつく	キズツク	0
kizyo	きじょ	キジョ	0
kizzu	きっず	キッズ	0
kizzubijinesu	きっずびじねす	キッズビジネス	0
kka	っか	ッカ	0
kkazyu	っかじゅ	ッカジュ	0
kke	っけ	ッケ	0
kkezza	っけっざ	ッケッザ	0
kki	っき	ッキ	0
kkizze	っきっぜ	ッキッゼ	0
kko	っこ	ッコ	0
kkozzi	っこっじ	ッコッジ	0
kku	っく	ック	0
kkuzzo	っくっぞ	ックッゾ	0
kkwa	っくぁ	ックァ	0
kkwazzu	っくぁっず	ックァッズ	0
kkwe	っくぇ	ックェ	0
kkwezzya	っくぇっじゃ	ックェッジャ	0
kkwi	っくぃ	ックィ	0
kkwizzye	っくぃっじぇ	ックィッジェ	0
kkwo	っくぉ	ックォ	0
kkwozzyi	っくぉっじぃ	ックォッジィ	0
kkwu	っくぅ	ックゥ	0
kkwuzzyo	っくぅっじょ	ックゥッジョ	0
kkya	っきゃ	ッキャ	0
kkyazzyu	っきゃっじゅ	ッキャッジュ	0
kkye	っきぇ	ッキェ	0
kkye-	っきぇー	ッキェー	0
kkyi	っきぃ	ッキィ	0
kkyia	っきぃあ	ッキィア	0
kkyo	っきょ	ッキョ	0
kkyoba	っきょば	ッキョバ	0
kkyu	っきゅ	ッキュ	0
kkyubba	っきゅっば	ッキュッバ	0
ko	こ	コ	0
koa	こあ	コア	0
koabitashion	こあびたしおん	コアビタシオン	0
koara	こあら	コアラ	0
koazairai	こあざいらい	コアザイライ	0
kob	こ	コ	2
kobamu	こばむ	コバム	0
kobaruto	こばると	コバルト	0
kobarutoburuu	こばるとぶるう	コバルトブルウ	0
kobbe	こっべ	コッベ	0
kobe	こべ	コベ	0
kobet	こべ	コベ	4
kobets	こべ	コベ	4
kobetsu	こべつ	コベツ	0
kobetsuh	こべつ	コベツ	7
kobetsuho	こべつほ	コベツホ	0
kobetsuhou	こべつほう	コベツホウ	0
kobetsuhoum	こべつほう	コベツホウ	10
kobetsuhoumo	こべつほうも	コベツホウモ	0
kobetsuhoumon	こべつほうもん	コベツホウモン	0
kobetsuhoumoniegara	こべつほうもにえがら	コベツホウモニエガラ	0
kobito	こびと	コビト	0
koboreru	こぼれる	コボレル	0
kobosu	こぼす	コボス	0
kobu	こぶ	コブ	0
kobun	こぶん	コブン	0
kobune	こぶね	コブネ	0
kobura	こぶら	コブラ	0
kobushi	こぶし	コブシ	0
kochikochi	こちこち	コチコチ	0
kochira	こちら	コチラ	0
kochou	こちょう	コチョウ	0
kod	こ	コ	2
kodai	こだい	コダイ	0
kodawaru	こだわる	コダワル	0
kodo	こど	コド	0
kodok	こど	コド	4
kodoku	こどく	コドク	0
kodokufushou	こどくふしょう	コドクフショウ	0
kodomo	こども	コドモ	0
kodomonokoro	こどものころ	コドモノコロ	0
kodomotachi	こどもたち	コドモタチ	0
kodomoyou	こどもよう	コドモヨウ	0
kodou	こどう	コドウ	0
kodougu	こどうぐ	コドウグ	0
koe	こえ	コエ	0
koeda	こえだ	コエダ	0
koeru	こえる	コエル	0
kofun	こふん	コフン	0
kofuu	こふう	コフウ	0
kogai	こがい	コガイ	0
kogaisha	こがいしゃ	コガイシャ	0
kogane	こがね	コガネ	0
kogara	こがら	コガラ	0
kogarashi	こがらし	コガラシ	0
kogasu	こがす	コガス	0
kogata	こがた	コガタ	0
kogatana	こがたな	コガタナ	0
kogeru	こげる	コゲル	0
kogitoerugosumu	こぎとえるごすむ	コギトエルゴスム	0
kogitte	こぎって	コギッテ	0
kogo	こご	コゴ	0
kogoe	こごえ	コゴエ	0
kogoeru	こごえる	コゴエル	0
kogoto	こごと	コゴト	0
kogu	こぐ	コグ	0
koguchi	こぐち	コグチ	0
kohaba	こはば	コハバ	0
kohaku	こはく	コハク	0
kohan	こはん	コハン	0
kohitsuji	こひつじ	コヒツジ	0
koi	こい	コイ	0
koibito	こいびと	コイビト	0
koibumi	こいぶみ	コイブミ	0
koigokoro	こいごころ	コイゴコロ	0
koin	こいん	コイン	0
koinrokkaa	こいんろっかあ	コインロッカア	0
koinu	こいぬ	コイヌ	0
koiru	こいる	コイル	0
koishi	こいし	コイシ	0
koishii	こいしい	コイシイ	0
koisuru	こいする	コイスル	0
koitsu	こいつ	コイツ	0
koitsura	こいつら	コイツラ	0
koji	こじ	コジ	0
kojiin	こじいん	コジイン	0
kojiki	こじき	コジキ	0
kojima	こじま	コジマ	0
kojin	こじん	コジン	0
kojinsa	こじんさ	コジンサ	0
kojinteki	こじんてき	コジンテキ	0
kojou	こじょう	コジョウ	0
kok	こ	コ	2
kokage	こかげ	コカゲ	0
kokain	こかいん	コカイン	0
kokakumanzoku	こかくまんぞく	コカクマンゾク	0
kokatsu	こかつ	コカツ	0
koke	こけ	コケ	0
kokei	こけい	コケイ	0
kokizami	こきざみ	コキザミ	0
kokk	こ	コ	2
kokka	こっか	コッカ	0
kokkai	こっかい	コッカイ	0
kokkaigiin	こっかいぎいん	コッカイギイン	0
kokkaigijidou	こっかいぎじどう	コッカイギジドウ	0
kokkakoumuin	こっかこうむいん	コッカコウムイン	0
kokkaku	こっかく	コッカク	0
kokkashiken	こっかしけん	コッカシケン	0
kokke	こっけ	コッケ	0
kokkei	こっけい	コッケイ	0
kokkeis	こっけい	コッケイ	6
kokkeise	こっけいせ	コッケイセ	0
kokkeiset	こっけいせ	コッケイセ	8
kokkeisets	こっけいせ	コッケイセ	8
kokkeisetsu	こっけいせつ	コッケイセツ	0
kokkeisetsufukuramu	こっけいせつふくらむ	コッケイセツフクラム	0
kokken	こっけん	コッケン	0
kokki	こっき	コッキ	0
kokko	こっこ	コッコ	0
kokkok	こっこ	コッコ	5
kokkoku	こっこく	コッコク	0
kokkokubouto	こっこくぼうと	コッコクボウト	0
kokkou	こっこう	コッコウ	0
kokku	こっく	コック	0
kokkupitto	こっくぴっと	コックピット	0
kokkusu	こっくす	コックス	0
kokkyou	こっきょう	コッキョウ	0
koko	ここ	ココ	0
kokoa	ここあ	ココア	0
kokochi	ここち	ココチ	0
kokochiyoi	ここちよい	ココチヨイ	0
kokojin	ここじん	ココジン	0
kokoku	ここく	ココク	0
kokomu	ここむ	ココム	0
kokon	ここん	ココン	0
kokonoe	ここのえ	ココノエ	0
kokonoka	ここのか	ココノカ	0
kokonotsu	ここのつ	ココノツ	0
kokora	ここら	ココラ	0
kokoro	こころ	ココロ	0
kokoroatari	こころあたり	ココロアタリ	0
kokorobosoi	こころぼそい	ココロボソイ	0
kokoroe	こころえ	ココロエ	0
kokoroeru	こころえる	ココロエル	0
kokorogake	こころがけ	ココロガケ	0
kokorogakeru	こころがける	ココロガケル	0
kokorogamae	こころがまえ	ココロガマエ	0
kokoroiki	こころいき	ココロイキ	0
kokorokara	こころから	ココロカラ	0
kokoromachi	こころまち	ココロマチ	0
kokoromi	こころみ	ココロミ	0
kokoromiru	こころみる	ココロミル	0
kokorowokomete	こころをこめて	ココロヲコメテ	0
kokoroyoi	こころよい	ココロヨイ	0
kokorozashi	こころざし	ココロザシ	0
kokorozasu	こころざす	ココロザス	0
kokorozukai	こころずかい	ココロズカイ	0
kokorozuyoi	こころずよい	ココロズヨイ	0
koku	こく	コク	0
kokuban	こくばん	コクバン	0
kokubetsu	こくべつ	コクベツ	0
kokubou	こくぼう	コクボウ	0
kokubungaku	こくぶんがく	コクブンガク	0
kokubunji	こくぶんじ	コクブンジ	0
kokuchi	こくち	コクチ	0
kokudo	こくど	コクド	0
kokudochou	こくどちょう	コクドチョウ	0
kokudou	こくどう	コクドウ	0
kokuei	こくえい	コクエイ	0
kokueki	こくえき	コクエキ	0
kokuen	こくえん	コクエン	0
kokufu	こくふ	コクフ	0
kokufuku	こくふく	コクフク	0
kokugai	こくがい	コクガイ	0
kokugaku	こくがく	コクガク	0
kokugi	こくぎ	コクギ	0
kokugo	こくご	コクゴ	0
kokugojiten	こくごじてん	コクゴジテン	0
kokugun	こくぐん	コクグン	0
kokuh	こく	コク	4
kokuhaku	こくはく	コクハク	0
kokuhatsu	こくはつ	コクハツ	0
kokuhi	こくひ	コクヒ	0
kokuhihokkaidou	こくひほっかいどう	コクヒホッカイドウ	0
kokuhin	こくひん	コクヒン	0
kokuhou	こくほう	コクホウ	0
kokuhy	こく	コク	4
kokuhyo	こくひょ	コクヒョ	0
kokuhyou	こくひょう	コクヒョウ	0
kokuhyoubokuya	こくひょうぼくや	コクヒョウボクヤ	0
kokui	こくい	コクイ	0
kokuikkoku	こくいっこく	コクイッコク	0
kokuji	こくじ	コクジ	0
kokujin	こくじん	コクジン	0
kokujou	こくじょう	コクジョウ	0
kokumei	こくめい	コクメイ	0
kokumin	こくみん	コクミン	0
kokuminkenkouhoken	こくみんけんこうほけん	コクミンケンコウホケン	0
kokuminnenkin	こくみんねんきん	コクミンネンキン	0
kokuminsei	こくみんせい	コクミンセイ	0
kokuminshukusha	こくみんしゅくしゃ	コクミンシュクシャ	0
kokuminsouseisan	こくみんそうせいさん	コクミンソウセイサン	0
kokuminteki	こくみんてき	コクミンテキ	0
kokumintouhyou	こくみんとうひょう	コクミントウヒョウ	0
kokumotsu	こくもつ	コクモツ	0
kokumu	こくむ	コクム	0
kokumuchoukan	こくむちょうかん	コクムチョウカン	0
kokumudaijin	こくむだいじん	コクムダイジン	0
kokumushou	こくむしょう	コクムショウ	0
kokunai	こくない	コクナイ	0
kokunairyokou	こくないりょこう	コクナイリョコウ	0
kokuou	こくおう	コクオウ	0
kokupitto	こくぴっと	コクピット	0
kokuren	こくれん	コクレン	0
kokuritsu	こくりつ	コクリツ	0
kokuritsugekijou	こくりつげきじょう	コクリツゲキジョウ	0
kokuritsuhakubutsukan	こくりつはくぶつかん	コクリツハクブツカン	0
kokuron	こくろん	コクロン	0
kokurui	こくるい	コクルイ	0
kokuryoku	こくりょく	コクリョク	0
kokus	こく	コク	4
kokusa	こくさ	コクサ	0
kokusai	こくさい	コクサイ	0
kokusaihou	こくさいほう	コクサイホウ	0
kokusaijin	こくさいじん	コクサイジン	0
kokusaika	こくさいか	コクサイカ	0
kokusaikyouryokujigyoudan	こくさいきょうりょくじぎょうだん	コクサイキョウリョクジギョウダン	0
kokusair	こくさい	コクサイ	7
kokusaire	こくさいれ	コクサイレ	0
kokusairen	こくさいれん	コクサイレン	0
kokusaireng	こくさいれん	コクサイレン	10
kokusairengo	こくさいれんご	コクサイレンゴ	0
kokusairengou	こくさいれんごう	コクサイレンゴウ	0
kokusairengoukaihen	こくさいれんごうかいへん	コクサイレンゴウカイヘン	0
kokusaiteki	こくさいてき	コクサイテキ	0
kokusaku	こくさく	コクサク	0
kokusan	こくさん	コクサン	0
kokusei	こくせい	コクセイ	0
kokuseichousa	こくせいちょうさ	コクセイチョウサ	0
kokuseki	こくせき	コクセキ	0
kokushi	こくし	コクシ	0
kokusho	こくしょ	コクショ	0
kokuso	こくそ	コクソ	0
kokusou	こくそう	コクソウ	0
kokutai	こくたい	コクタイ	0
kokutetsu	こくてつ	コクテツ	0
kokuu	こくう	コクウ	0
kokuyuu	こくゆう	コクユウ	0
kokuze	こくぜ	コクゼ	0
kokuzei	こくぜい	コクゼイ	0
kokuzeichou	こくぜいちょう	コクゼイチョウ	0
kokuzeikyoku	こくぜいきょく	コクゼイキョク	0
kokyaku	こきゃく	コキャク	0
kokyou	こきょう	コキョウ	0
kokyuu	こきゅう	コキュウ	0
kokyuuki	こきゅうき	コキュウキ	0
kom	こ	コ	2
koma	こま	コマ	0
komaasharu	こまあしゃる	コマアシャル	0
komagoma	こまごま	コマゴマ	0
komaka	こまか	コマカ	0
komakai	こまかい	コマカイ	0
komakaikoto	こまかいこと	コマカイコト	0
komakaku	こまかく	コマカク	0
komaku	こまく	コマク	0
komando	こまんど	コマンド	0
komarihateru	こまりはてる	コマリハテル	0
komaru	こまる	コマル	0
kome	こめ	コメ	0
komedei	こめでい	コメデイ	0
komedeian	こめでいあん	コメデイアン	0
komedeii	こめでいい	コメデイイ	0
komegura	こめぐら	コメグラ	0
komenteetaa	こめんてえたあ	コメンテエタア	0
komento	こめんと	コメント	0
komeru	こめる	コメル	0
kometsubu	こめつぶ	コメツブ	0
komikaru	こみかる	コミカル	0
komikku	こみっく	コミック	0
komikkusu	こみっくす	コミックス	0
komisshon	こみっしょん	コミッション	0
komisshonaa	こみっしょなあ	コミッショナア	0
komitto	こみっと	コミット	0
komo	こも	コモ	0
komoji	こもじ	コモジ	0
komon	こもん	コモン	0
komonjo	こもんじょ	コモンジョ	0
komono	こもの	コモノ	0
komor	こも	コモ	4
komori	こもり	コモリ	0
komoriu	こもりう	コモリウ	0
komoriut	こもりう	コモリウ	7
komoriuta	こもりうた	コモリウタ	0
komoriutayuuryou	こもりうたゆうりょう	コモリウタユウリョウ	0
komoru	こもる	コモル	0
komu	こむ	コム	0
komugi	こむぎ	コムギ	0
komugiko	こむぎこ	コムギコ	0
komurisaachi	こむりさあち	コムリサアチ	0
komusubi	こむすび	コムスビ	0
komy	こ	コ	2
komyu	こみゅ	コミュ	0
komyun	こみゅん	コミュン	0
komyuni	こみゅに	コミュニ	0
komyunike	こみゅにけ	コミュニケ	0
komyunikeeshon	こみゅにけえしょん	コミュニケエション	0
komyunit	こみゅに	コミュニ	7
komyunite	こみゅにて	コミュニテ	0
komyunitei	こみゅにてい	コミュニテイ	0
komyuniteii	こみゅにていい	コミュニテイイ	0
komyuniteiisahou	こみゅにていいさほう	コミュニテイイサホウ	0
kon	こん	コン	0
kona	こな	コナ	0
konamiruku	こなみるく	コナミルク	0
konasu	こなす	コナス	0
konb	こん	コン	3
konbaataa	こんばあたあ	コンバアタア	0
konbaato	こんばあと	コンバアト	0
konbain	こんばいん	コンバイン	0
konban	こんばん	コンバン	0
konbanha	こんばんは	コンバンハ	0
konbenshon	こんべんしょん	コンベンション	0
konbenshonsentaa	こんべんしょんせんたあ	コンベンションセンタア	0
konbi	こんび	コンビ	0
konbin	こんびん	コンビン	0
konbina	こんびな	コンビナ	0
konbinaa	こんびなあ	コンビナア	0
konbinaat	こんびなあ	コンビナア	8
konbinaato	こんびなあと	コンビナアト	0
konbinaatosanjuuhachidosen	こんびなあとさんじゅうはちどせん	コンビナアトサンジュウハチドセン	0
konbineeshon	こんびねえしょん	コンビネエション	0
konbini	こんびに	コンビニ	0
konbiniensu	こんびにえんす	コンビニエンス	0
konboi	こんぼい	コンボイ	0
konbou	こんぼう	コンボウ	0
konbu	こんぶ	コンブ	0
konburio	こんぶりお	コンブリオ	0
koncheruto	こんちぇると	コンチェルト	0
konchinentaru	こんちねんたる	コンチネンタル	0
konchuu	こんちゅう	コンチュウ	0
kondakutaa	こんだくたあ	コンダクタア	0
kondan	こんだん	コンダン	0
kondate	こんだて	コンダテ	0
kondeishon	こんでいしょん	コンデイション	0
kondensa	こんでんさ	コンデンサ	0
kondo	こんど	コンド	0
kondominiamu	こんどみにあむ	コンドミニアム	0
kondoomu	こんどおむ	コンドオム	0
kondoru	こんどる	コンドル	0
kondou	こんどう	コンドウ	0
kone	こね	コネ	0
koneko	こねこ	コネコ	0
konekushon	こねくしょん	コネクション	0
koneta	こねた	コネタ	0
konfyigyureeshon	こんふぃぎゅれえしょん	コンフィギュレエション	0
kong	こん	コン	3
konga	こんが	コンガ	0
kongan	こんがん	コンガン	0
konganhirugaeru	こんがんひるがえる	コンガンヒルガエル	0
kongen	こんげん	コンゲン	0
kongetsu	こんげつ	コンゲツ	0
kongo	こんご	コンゴ	0
kongou	こんごう	コンゴウ	0
konguromaachanto	こんぐろまあちゃんと	コングロマアチャント	0
koni	こに	コニ	0
koniide	こにいで	コニイデ	0
konin	こにん	コニン	0
konjaku	こんじゃく	コンジャク	0
konjiki	こんじき	コンジキ	0
konjou	こんじょう	コンジョウ	0
konk	こん	コン	3
konka	こんか	コンカ	0
konkai	こんかい	コンカイ	0
konkan	こんかん	コンカン	0
konke	こんけ	コンケ	0
konket	こんけ	コンケ	5
konkets	こんけ	コンケ	5
konketsu	こんけつ	コンケツ	0
konketsuasanuno	こんけつあさぬの	コンケツアサヌノ	0
konki	こんき	コンキ	0
konkoosu	こんこおす	コンコオス	0
konkuriito	こんくりいと	コンクリイト	0
konkuuru	こんくうる	コンクウル	0
konkyo	こんきょ	コンキョ	0
konkyuu	こんきゅう	コンキュウ	0
konmei	こんめい	コンメイ	0
konna	こんな	コンナ	0
konnan	こんなん	コンナン	0
konnani	こんなに	コンナニ	0
konnendo	こんねんど	コンネンド	0
konnichi	こんにち	コンニチ	0
konnichiha	こんにちは	コンニチハ	0
konnichiteki	こんにちてき	コンニチテキ	0
konnyuu	こんにゅう	コンニュウ	0
kono	この	コノ	0
konoaida	このあいだ	コノアイダ	0
konoe	このえ	コノエ	0
konogoro	このごろ	コノゴロ	0
konoh	この	コノ	4
konoha	このは	コノハ	0
konohachooku	このはちょおく	コノハチョオク	0
konohe	このへ	コノヘ	0
konohen	このへん	コノヘン	0
konohenkenchi	このへんけんち	コノヘンケンチ	0
konohoka	このほか	コノホカ	0
konomae	このまえ	コノマエ	0
konomashii	このましい	コノマシイ	0
konomi	このみ	コノミ	0
konomu	このむ	コノム	0
kononde	このんで	コノンデ	0
konotame	このため	コノタメ	0
konouchi	このうち	コノウチ	0
konp	こん	コン	3
konpa	こんぱ	コンパ	0
konpakuto	こんぱくと	コンパクト	0
konpanion	こんぱにおん	コンパニオン	0
konpasu	こんぱす	コンパス	0
konpe	こんぺ	コンペ	0
konpeteishon	こんぺていしょん	コンペテイション	0
konpireeshon	こんぴれえしょん	コンピレエション	0
konpo	こんぽ	コンポ	0
konpon	こんぽん	コンポン	0
konponkeireki	こんぽんけいれき	コンポンケイレキ	0
konponteki	こんぽんてき	コンポンテキ	0
konposuto	こんぽすと	コンポスト	0
konpou	こんぽう	コンポウ	0
konpurekkusu	こんぷれっくす	コンプレックス	0
konpuressaa	こんぷれっさあ	コンプレッサア	0
konpyuuta	こんぴゅうた	コンピュウタ	0
konpyuutaa	こんぴゅうたあ	コンピュウタア	0
konr	こん	コン	3
konran	こんらん	コンラン	0
konro	こんろ	コンロ	0
konrofurikkaa	こんろふりっかあ	コンロフリッカア	0
konryuu	こんりゅう	コンリュウ	0
konsaato	こんさあと	コンサアト	0
konsarutanto	こんさるたんと	コンサルタント	0
konsaruteingu	こんさるていんぐ	コンサルテイング	0
konsei	こんせい	コンセイ	0
konseki	こんせき	コンセキ	0
konsen	こんせん	コンセン	0
konsensasu	こんせんさす	コンセンサス	0
konsento	こんせんと	コンセント	0
konseputo	こんせぷと	コンセプト	0
konsetsu	こんせつ	コンセツ	0
konshin	こんしん	コンシン	0
konshun	こんしゅん	コンシュン	0
konshuu	こんしゅう	コンシュウ	0
konshuumaa	こんしゅうまあ	コンシュウマア	0
konshuumatsu	こんしゅうまつ	コンシュウマツ	0
konsooshiamu	こんそおしあむ	コンソオシアム	0
konsu	こんす	コンス	0
konsui	こんすい	コンスイ	0
konsutanto	こんすたんと	コンスタント	0
kont	こん	コン	3
kontakuto	こんたくと	コンタクト	0
kontakutorenzu	こんたくとれんず	コンタクトレンズ	0
kontan	こんたん	コンタン	0
konte	こんて	コンテ	0
kontei	こんてい	コンテイ	0
kontena	こんてな	コンテナ	0
kontenporarii	こんてんぽらりい	コンテンポラリイ	0
kontesuto	こんてすと	コンテスト	0
kontezakkyo	こんてざっきょ	コンテザッキョ	0
konto	こんと	コント	0
kontora	こんとら	コントラ	0
kontorabasu	こんとらばす	コントラバス	0
kontorasuto	こんとらすと	コントラスト	0
kontorooraa	こんとろおらあ	コントロオラア	0
kontorooru	こんとろおる	コントロオル	0
konwa	こんわ	コンワ	0
konwaku	こんわく	コンワク	0
konya	こにゃ	コニャ	0
konyakku	こにゃっく	コニャック	0
konyaku	こにゃく	コニャク	0
konyakusha	こにゃくしゃ	コニャクシャ	0
konzatsu	こんざつ	コンザツ	0
konzetsu	こんぜつ	コンゼツ	0
koo	こお	コオ	0
koochi	こおち	コオチ	0
koochingu	こおちんぐ	コオチング	0
koodeineetaa	こおでいねえたあ	コオデイネエタア	0
koodeineeto	こおでいねえと	コオデイネエト	0
koodo	こおど	コオド	0
koodoresu	こおどれす	コオドレス	0
koodoresuhon	こおどれすほん	コオドレスホン	0
koohii	こおひい	コオヒイ	0
koohiikappu	こおひいかっぷ	コオヒイカップ	0
koohiishoppu	こおひいしょっぷ	コオヒイショップ	0
kookingu	こおきんぐ	コオキング	0
kookusukuryuu	こおくすくりゅう	コオクスクリュウ	0
koon	こおん	コオン	0
koonaa	こおなあ	コオナア	0
koonaringu	こおなりんぐ	コオナリング	0
koonsutaachi	こおんすたあち	コオンスタアチ	0
koopo	こおぽ	コオポ	0
kooporeeshon	こおぽれえしょん	コオポレエション	0
kooporeetoaidenteiteii	こおぽれえとあいでんていていい	コオポレエトアイデンテイテイイ	0
koopu	こおぷ	コオプ	0
koora	こおら	コオラ	0
kooran	こおらん	コオラン	0
koorasu	こおらす	コオラス	0
koori	こおり	コオリ	0
kooru	こおる	コオル	0
koorudo	こおるど	コオルド	0
koorudogeemu	こおるどげえむ	コオルドゲエム	0
koosu	こおす	コオス	0
koosutaa	こおすたあ	コオスタア	0
koot	こお	コオ	3
koote	こおて	コオテ	0
kootei	こおてい	コオテイ	0
kootein	こおていん	コオテイン	0
kooteing	こおていん	コオテイン	7
kooteingu	こおていんぐ	コオテイング	0
kooteingunatane	こおていんぐなたね	コオテイングナタネ	0
kooto	こおと	コオト	0
koou	こおう	コオウ	0
koperunikusu	こぺるにくす	コペルニクス	0
kopii	こぴい	コピイ	0
kopiiki	こぴいき	コピイキ	0
kopiiraito	こぴいらいと	コピイライト	0
kopipe	こぴぺ	コピペ	0
koppu	こっぷ	コップ	0
kor	こ	コ	2
koraaju	こらあじゅ	コラアジュ	0
koraaru	こらある	コラアル	0
koraboreeshon	こらぼれえしょん	コラボレエション	0
korai	こらい	コライ	0
koramu	こらむ	コラム	0
koramunisuto	こらむにすと	コラムニスト	0
kore	これ	コレ	0
korede	これで	コレデ	0
koreitsumademo	これいつまでも	コレイツマデモ	0
korek	これ	コレ	4
korekara	これから	コレカラ	0
korekarasaki	これからさき	コレカラサキ	0
koreko	これこ	コレコ	0
korekos	これこ	コレコ	6
korekoso	これこそ	コレコソ	0
korekosoguuzen	これこそぐうぜん	コレコソグウゼン	0
korekushon	これくしょん	コレクション	0
korekutaa	これくたあ	コレクタア	0
koremade	これまで	コレマデ	0
korera	これら	コレラ	0
koresuterooru	これすてろおる	コレステロオル	0
korew	これ	コレ	4
korewo	これを	コレヲ	0
korewok	これを	コレヲ	6
korewoki	これをき	コレヲキ	0
korewokin	これをきん	コレヲキン	0
korewokini	これをきに	コレヲキニ	0
korewokinikeikoku	これをきにけいこく	コレヲキニケイコク	0
koria	こりあ	コリア	0
korii	こりい	コリイ	0
koriru	こりる	コリル	0
korishou	こりしょう	コリショウ	0
koritsu	こりつ	コリツ	0
koro	ころ	コロ	0
korobu	ころぶ	コロブ	0
korogaru	ころがる	コロガル	0
korogasu	ころがす	コロガス	0
koroido	ころいど	コロイド	0
korokke	ころっけ	コロッケ	0
korokoro	ころころ	コロコロ	0
koromo	ころも	コロモ	0
koromogae	ころもがえ	コロモガエ	0
koron	ころん	コロン	0
korona	ころな	コロナ	0
koronaka	ころなか	コロナカ	0
koronauirusu	ころなういるす	コロナウイルス	0
koronbusudee	ころんぶすでえ	コロンブスデエ	0
koroni	ころに	コロニ	0
koronii	ころにい	コロニイ	0
koroniisasshin	ころにいさっしん	コロニイサッシン	0
kororado	ころらど	コロラド	0
koroshi	ころし	コロシ	0
koroshiamu	ころしあむ	コロシアム	0
korosu	ころす	コロス	0
koru	こる	コル	0
koruku	こるく	コルク	0
kos	こ	コ	2
kosaji	こさじ	コサジ	0
kosame	こさめ	コサメ	0
kosan	こさん	コサン	0
kose	こせ	コセ	0
kosei	こせい	コセイ	0
koseishikii	こせいしきい	コセイシキイ	0
koseiteki	こせいてき	コセイテキ	0
koseki	こせき	コセキ	0
kosekitouhon	こせきとうほん	コセキトウホン	0
koshi	こし	コシ	0
koshikake	こしかけ	コシカケ	0
koshikakeru	こしかける	コシカケル	0
koshiraeru	こしらえる	コシラエル	0
koshitsu	こしつ	コシツ	0
kosho	こしょ	コショ	0
koshou	こしょう	コショウ	0
koso	こそ	コソ	0
kosodate	こそだて	コソダテ	0
kosokoso	こそこそ	コソコソ	0
kossetsu	こっせつ	コッセツ	0
kosshi	こっし	コッシ	0
kossori	こっそり	コッソリ	0
kosu	こす	コス	0
kosuchuumu	こすちゅうむ	コスチュウム	0
kosui	こすい	コスイ	0
kosuibu	こすいぶ	コスイブ	0
kosumo	こすも	コスモ	0
kosumoporitan	こすもぽりたん	コスモポリタン	0
kosumosu	こすもす	コスモス	0
kosupure	こすぷれ	コスプレ	0
kosuru	こする	コスル	0
kosutarika	こすたりか	コスタリカ	0
kosuto	こすと	コスト	0
kosuu	こすう	コスウ	0
kot	こ	コ	2
kotae	こたえ	コタエ	0
kotaeru	こたえる	コタエル	0
kotai	こたい	コタイ	0
kotatsu	こたつ	コタツ	0
kotchi	こ	コ	2
kote	こて	コテ	0
kotee	こてえ	コテエ	0
koteej	こてえ	コテエ	5
koteeji	こてえじ	コテエジ	0
koteejisaku	こてえじさく	コテエジサク	0
kotei	こてい	コテイ	0
koteihi	こていひ	コテイヒ	0
koteishisan	こていしさん	コテイシサン	0
koten	こてん	コテン	0
kotenteki	こてんてき	コテンテキ	0
kotes	こて	コテ	4
kotesa	こてさ	コテサ	0
kotesak	こてさ	コテサ	6
kotesaki	こてさき	コテサキ	0
kotesakikanzen	こてさきかんぜん	コテサキカンゼン	0
koto	こと	コト	0
kotoba	ことば	コトバ	0
kotobazukai	ことばずかい	コトバズカイ	0
kotobuki	ことぶき	コトブキ	0
kotogaaru	ことがある	コトガアル	0
kotogadekiru	ことができる	コトガデキル	0
kotoganai	ことがない	コトガナイ	0
kotogara	ことがら	コトガラ	0
kotogotoku	ことごとく	コトゴトク	0
kotonaru	ことなる	コトナル	0
kotoni	ことに	コトニ	0
kotoninaru	ことになる	コトニナル	0
kotonisuru	ことにする	コトニスル	0
kotoniyori	ことにより	コトニヨリ	0
kotoniyoru	ことによる	コトニヨル	0
kotoniyotte	ことによって	コトニヨッテ	0
kotori	ことり	コトリ	0
kotoshi	ことし	コトシ	0
kotou	ことう	コトウ	0
kotowarazu	ことわらず	コトワラズ	0
kotowari	ことわり	コトワリ	0
kotowaru	ことわる	コトワル	0
kotowaza	ことわざ	コトワザ	0
kotsukotsu	こつこつ	コツコツ	0
kotsuzui	こつずい	コツズイ	0
kotta	こった	コッタ	0
kotton	こっとん	コットン	0
kottou	こっとう	コットウ	0
kou	こう	コウ	0
koua	こうあ	コウア	0
kouan	こうあん	コウアン	0
kouanfuntou	こうあんふんとう	コウアンフントウ	0
kouaniinkai	こうあにいんかい	コウアニインカイ	0
kouatsu	こうあつ	コウアツ	0
koub	こう	コウ	3
kouba	こうば	コウバ	0
koubai	こうばい	コウバイ	0
koubairyoku	こうばいりょく	コウバイリョク	0
kouban	こうばん	コウバン	0
koubashii	こうばしい	コウバシイ	0
koube	こうべ	コウベ	0
koubo	こうぼ	コウボ	0
koubokuzureru	こうぼくずれる	コウボクズレル	0
koubou	こうぼう	コウボウ	0
koubu	こうぶ	コウブ	0
koubun	こうぶん	コウブン	0
koubunsho	こうぶんしょ	コウブンショ	0
koubutsu	こうぶつ	コウブツ	0
koucha	こうちゃ	コウチャ	0
kouchi	こうち	コウチ	0
kouchiku	こうちく	コウチク	0
kouchisho	こうちしょ	コウチショ	0
kouchoku	こうちょく	コウチョク	0
kouchou	こうちょう	コウチョウ	0
kouchoukai	こうちょうかい	コウチョウカイ	0
koudai	こうだい	コウダイ	0
koudan	こうだん	コウダン	0
koudo	こうど	コウド	0
koudoku	こうどく	コウドク	0
koudou	こうどう	コウドウ	0
kouei	こうえい	コウエイ	0
koueki	こうえき	コウエキ	0
kouekihoujin	こうえきほうじん	コウエキホウジン	0
kouen	こうえん	コウエン	0
kouenkai	こうえんかい	コウエンカイ	0
kouetsu	こうえつ	コウエツ	0
koufu	こうふ	コウフ	0
koufuku	こうふく	コウフク	0
koufun	こうふん	コウフン	0
kougai	こうがい	コウガイ	0
kougaku	こうがく	コウガク	0
kougakubu	こうがくぶ	コウガクブ	0
kougakunen	こうがくねん	コウガクネン	0
kougakushikimojininshiki	こうがくしきもじにんしき	コウガクシキモジニンシキ	0
kougei	こうげい	コウゲイ	0
kougeki	こうげき	コウゲキ	0
kougen	こうげん	コウゲン	0
kougi	こうぎ	コウギ	0
kougo	こうご	コウゴ	0
kougou	こうごう	コウゴウ	0
kougyou	こうぎょう	コウギョウ	0
kouh	こう	コウ	3
kouha	こうは	コウハ	0
kouhai	こうはい	コウハイ	0
kouhaku	こうはく	コウハク	0
kouhan	こうはん	コウハン	0
kouhani	こうはに	コウハニ	0
kouhansen	こうはんせん	コウハンセン	0
kouhatsu	こうはつ	コウハツ	0
kouhei	こうへい	コウヘイ	0
kouhi	こうひ	コウヒ	0
kouhibunmen	こうひぶんめん	コウヒブンメン	0
kouhinshitsu	こうひんしつ	コウヒンシツ	0
kouho	こうほ	コウホ	0
kouhosha	こうほしゃ	コウホシャ	0
kouhou	こうほう	コウホウ	0
kouhoukureru	こうほうくれる	コウホウクレル	0
kouhyou	こうひょう	コウヒョウ	0
koui	こうい	コウイ	0
kouiki	こういき	コウイキ	0
kouin	こういん	コウイン	0
kouishitsu	こういしつ	コウイシツ	0
kouishou	こういしょう	コウイショウ	0
kouitta	こういった	コウイッタ	0
kouiu	こういう	コウイウ	0
kouj	こう	コウ	3
kouji	こうじ	コウジ	0
koujichuu	こうじちゅう	コウジチュウ	0
koujin	こうじん	コウジン	0
koujitsu	こうじつ	コウジツ	0
koujo	こうじょ	コウジョ	0
koujoryouzoku	こうじょりょうぞく	コウジョリョウゾク	0
koujou	こうじょう	コウジョウ	0
koujoukome	こうじょうこめ	コウジョウコメ	0
koujousen	こうじょうせん	コウジョウセン	0
koujutsu	こうじゅつ	コウジュツ	0
kouk	こう	コウ	3
kouka	こうか	コウカ	0
koukabetsumune	こうかべつむね	コウカベツムネ	0
koukai	こうかい	コウカイ	0
koukaibinjou	こうかいびんじょう	コウカイビンジョウ	0
koukaichuu	こうかいちゅう	コウカイチュウ	0
koukaidou	こうかいどう	コウカイドウ	0
koukaku	こうかく	コウカク	0
koukan	こうかん	コウカン	0
koukando	こうかんど	コウカンド	0
koukat	こうか	コウカ	5
koukate	こうかて	コウカテ	0
koukatek	こうかて	コウカテ	7
koukateki	こうかてき	コウカテキ	0
koukatekitaira	こうかてきたいら	コウカテキタイラ	0
koukei	こうけい	コウケイ	0
koukeiki	こうけいき	コウケイキ	0
kouken	こうけん	コウケン	0
kouketsu	こうけつ	コウケツ	0
kouketsuatsu	こうけつあつ	コウケツアツ	0
kouki	こうき	コウキ	0
koukiatsu	こうきあつ	コウキアツ	0
koukin	こうきん	コウキン	0
koukishin	こうきしん	コウキシン	0
kouko	こうこ	コウコ	0
koukogaku	こうこがく	コウコガク	0
koukoku	こうこく	コウコク	0
koukou	こうこう	コウコウ	0
koukousei	こうこうせい	コウコウセイ	0
kouku	こうく	コウク	0
koukuu	こうくう	コウクウ	0
koukuubin	こうくうびん	コウクウビン	0
koukuubokan	こうくうぼかん	コウクウボカン	0
koukuugaisha	こうくうがいしゃ	コウクウガイシャ	0
koukuujieitai	こうくうじえいたい	コウクウジエイタイ	0
koukuuken	こうくうけん	コウクウケン	0
koukuuki	こうくうき	コウクウキ	0
koukyo	こうきょ	コウキョ	0
koukyou	こうきょう	コウキョウ	0
koukyougakudan	こうきょうがくだん	コウキョウガクダン	0
koukyouhousou	こうきょうほうそう	コウキョウホウソウ	0
koukyoukyoku	こうきょうきょく	コウキョウキョク	0
koukyouryoukin	こうきょうりょうきん	コウキョウリョウキン	0
koukyuu	こうきゅう	コウキュウ	0
koukyuuhoteru	こうきゅうほてる	コウキュウホテル	0
koum	こう	コウ	3
koume	こうめ	コウメ	0
koumei	こうめい	コウメイ	0
koumeibero	こうめいべろ	コウメイベロ	0
koumeitou	こうめいとう	コウメイトウ	0
koumin	こうみん	コウミン	0
kouminkan	こうみんかん	コウミンカン	0
kouminken	こうみんけん	コウミンケン	0
koumintou	こうみんとう	コウミントウ	0
koumoku	こうもく	コウモク	0
koumon	こうもん	コウモン	0
koumu	こうむ	コウム	0
koumuin	こうむいん	コウムイン	0
koumyou	こうみょう	コウミョウ	0
kounai	こうない	コウナイ	0
kounen	こうねん	コウネン	0
kounenki	こうねんき	コウネンキ	0
kounetsu	こうねつ	コウネツ	0
kounetsuhi	こうねつひ	コウネツヒ	0
kounichi	こうにち	コウニチ	0
kounin	こうにん	コウニン	0
kouninkaikeishi	こうにんかいけいし	コウニンカイケイシ	0
kounou	こうのう	コウノウ	0
kounyuu	こうにゅう	コウニュウ	0
kouon	こうおん	コウオン	0
kouotsu	こうおつ	コウオツ	0
kour	こう	コウ	3
koura	こうら	コウラ	0
kourai	こうらい	コウライ	0
kourak	こうら	コウラ	5
kouraku	こうらく	コウラク	0
kourakuc	こうらく	コウラク	7
kourakuch	こうらく	コウラク	7
kourakuchi	こうらくち	コウラクチ	0
kourakuchiuta	こうらくちうた	コウラクチウタ	0
kourei	こうれい	コウレイ	0
koureisha	こうれいしゃ	コウレイシャ	0
kouretsu	こうれつ	コウレツ	0
kouri	こうり	コウリ	0
kourikakaku	こうりかかく	コウリカカク	0
kouriten	こうりてん	コウリテン	0
kouritsu	こうりつ	コウリツ	0
kouritsuteki	こうりつてき	コウリツテキ	0
kouro	こうろ	コウロ	0
kouron	こうろん	コウロン	0
kourou	こうろう	コウロウ	0
kouroushou	こうろうしょう	コウロウショウ	0
koury	こう	コウ	3
kouryaku	こうりゃく	コウリャク	0
kouryo	こうりょ	コウリョ	0
kouryoku	こうりょく	コウリョク	0
kouryou	こうりょう	コウリョウ	0
kouryouhohei	こうりょうほへい	コウリョウホヘイ	0
kouryuu	こうりゅう	コウリュウ	0
kous	こう	コウ	3
kousa	こうさ	コウサ	0
kousai	こうさい	コウサイ	0
kousaihi	こうさいひ	コウサイヒ	0
kousaku	こうさく	コウサク	0
kousakuin	こうさくいん	コウサクイン	0
kousakukikai	こうさくきかい	コウサクキカイ	0
kousan	こうさん	コウサン	0
kousaten	こうさてん	コウサテン	0
kousatsu	こうさつ	コウサツ	0
kouse	こうせ	コウセ	0
kousei	こうせい	コウセイ	0
kouseibusshitsu	こうせいぶっしつ	コウセイブッシツ	0
kousein	こうせいん	コウセイン	0
kouseinenkin	こうせいねんきん	コウセイネンキン	0
kouseino	こうせいの	コウセイノ	0
kouseinou	こうせいのう	コウセイノウ	0
kouseinouhougaku	こうせいのうほうがく	コウセイノウホウガク	0
kouseiroudoushou	こうせいろうどうしょう	コウセイロウドウショウ	0
kouseiseki	こうせいせき	コウセイセキ	0
kouseishou	こうせいしょう	コウセイショウ	0
kouseki	こうせき	コウセキ	0
kousen	こうせん	コウセン	0
kousetsu	こうせつ	コウセツ	0
koush	こう	コウ	3
kousha	こうしゃ	コウシャ	0
koushaku	こうしゃく	コウシャク	0
koushasai	こうしゃさい	コウシャサイ	0
koushi	こうし	コウシ	0
koushichokuzen	こうしちょくぜん	コウシチョクゼン	0
koushien	こうしえん	コウシエン	0
koushik	こうし	コウシ	6
koushiki	こうしき	コウシキ	0
koushikibungakusha	こうしきぶんがくしゃ	コウシキブンガクシャ	0
koushikisaito	こうしきさいと	コウシキサイト	0
koushikisen	こうしきせん	コウシキセン	0
koushin	こうしん	コウシン	0
koushinhouyouryoku	こうしんほうようりょく	コウシンホウヨウリョク	0
koushinjo	こうしんじょ	コウシンジョ	0
koushinryou	こうしんりょう	コウシンリョウ	0
koushitsu	こうしつ	コウシツ	0
kousho	こうしょ	コウショ	0
koushoku	こうしょく	コウショク	0
koushou	こうしょう	コウショウ	0
koushu	こうしゅ	コウシュ	0
koushukei	こうしゅけい	コウシュケイ	0
koushuu	こうしゅう	コウシュウ	0
koushuudenwa	こうしゅうでんわ	コウシュウデンワ	0
koushuueisei	こうしゅうえいせい	コウシュウエイセイ	0
koushuunyuu	こうしゅうにゅう	コウシュウニュウ	0
kouso	こうそ	コウソ	0
kousoku	こうそく	コウソク	0
kousokubasu	こうそくばす	コウソクバス	0
kousokudo	こうそくど	コウソクド	0
kousokudouro	こうそくどうろ	コウソクドウロ	0
kousotsu	こうそつ	コウソツ	0
kousou	こうそう	コウソウ	0
kousouhensei	こうそうへんせい	コウソウヘンセイ	0
kousui	こうすい	コウスイ	0
kousuijun	こうすいじゅん	コウスイジュン	0
kousuiryou	こうすいりょう	コウスイリョウ	0
kousureba	こうすれば	コウスレバ	0
kousuruto	こうすると	コウスルト	0
kout	こう	コウ	3
kouta	こうた	コウタ	0
koutai	こうたい	コウタイ	0
koutaigou	こうたいごう	コウタイゴウ	0
koutais	こうたい	コウタイ	6
koutaish	こうたい	コウタイ	6
koutaishi	こうたいし	コウタイシ	0
koutaishihi	こうたいしひ	コウタイシヒ	0
koutaishihoyuu	こうたいしほゆう	コウタイシホユウ	0
koutaku	こうたく	コウタク	0
koutei	こうてい	コウテイ	0
kouteibuai	こうていぶあい	コウテイブアイ	0
kouteki	こうてき	コウテキ	0
kouten	こうてん	コウテン	0
koutenteki	こうてんてき	コウテンテキ	0
koutetsu	こうてつ	コウテツ	0
koutou	こうとう	コウトウ	0
koutoubenron	こうとうべんろん	コウトウベンロン	0
koutougakkou	こうとうがっこう	コウトウガッコウ	0
koutoukyouiku	こうとうきょういく	コウトウキョウイク	0
kouts	こう	コウ	3
koutsu	こうつ	コウツ	0
koutsugou	こうつごう	コウツゴウ	0
koutsuu	こうつう	コウツウ	0
koutsuuhi	こうつうひ	コウツウヒ	0
koutsuujiko	こうつうじこ	コウツウジコ	0
koutsuukikan	こうつうきかん	コウツウキカン	0
koutsuum	こうつう	コウツウ	7
koutsuumo	こうつうも	コウツウモ	0
koutsuumou	こうつうもう	コウツウモウ	0
koutsuumoubunsuu	こうつうもうぶんすう	コウツウモウブンスウ	0
kouu	こうう	コウウ	0
kouun	こううん	コウウン	0
kouwa	こうわ	コウワ	0
kouwan	こうわん	コウワン	0
kouya	こうや	コウヤ	0
kouyaku	こうやく	コウヤク	0
kouyou	こうよう	コウヨウ	0
kouyouju	こうようじゅ	コウヨウジュ	0
kouyuu	こうゆう	コウユウ	0
kouz	こう	コウ	3
kouza	こうざ	コウザ	0
kouzabangou	こうざばんごう	コウザバンゴウ	0
kouzai	こうざい	コウザイ	0
kouzan	こうざん	コウザン	0
kouzen	こうぜん	コウゼン	0
kouzo	こうぞ	コウゾ	0
kouzoku	こうぞく	コウゾク	0
kouzou	こうぞう	コウゾウ	0
kouzoubutsu	こうぞうぶつ	コウゾウブツ	0
kouzouhosuru	こうぞうほする	コウゾウホスル	0
kouzu	こうず	コウズ	0
kouzui	こうずい	コウズイ	0
kouzuru	こうずる	コウズル	0
kowadaka	こわだか	コワダカ	0
kowagaru	こわがる	コワガル	0
kowai	こわい	コワイ	0
kowairo	こわいろ	コワイロ	0
kowareru	こわれる	コワレル	0
kowasu	こわす	コワス	0
koya	こや	コヤ	0
koyaku	こやく	コヤク	0
koyama	こやま	コヤマ	0
koyashi	こやし	コヤシ	0
koyasu	こやす	コヤス	0
koyoi	こよい	コヨイ	0
koyomi	こよみ	コヨミ	0
koyou	こよう	コヨウ	0
koyubi	こゆび	コユビ	0
koyuu	こゆう	コユウ	0
kozara	こざら	コザラ	0
kozeni	こぜに	コゼニ	0
kozou	こぞう	コゾウ	0
kozukai	こずかい	コズカイ	0
kozutsumi	こずつみ	コズツミ	0
ku	く	ク	0
kubarimono	くばりもの	クバリモノ	0
kubaru	くばる	クバル	0
kubbi	くっび	クッビ	0
kubetsu	くべつ	クベツ	0
kubi	くび	クビ	0
kubikazari	くびかざり	クビカザリ	0
kubomi	くぼみ	クボミ	0
kubun	くぶん	クブン	0
kuc	く	ク	2
kuch	く	ク	2
kuchi	くち	クチ	0
kuchib	くち	クチ	5
kuchibashi	くちばし	クチバシ	0
kuchibashiru	くちばしる	クチバシル	0
kuchibe	くちべ	クチベ	0
kuchiben	くちべん	クチベン	0
kuchibeni	くちべに	クチベニ	0
kuchibeniheigai	くちべにへいがい	クチベニヘイガイ	0
kuchibi	くちび	クチビ	0
kuchibiru	くちびる	クチビル	0
kuchibue	くちぶえ	クチブエ	0
kuchiburi	くちぶり	クチブリ	0
kuchidashi	くちだし	クチダシ	0
kuchidome	くちどめ	クチドメ	0
kuchigenka	くちげんか	クチゲンカ	0
kuchigomoru	くちごもる	クチゴモル	0
kuchigotae	くちごたえ	クチゴタエ	0
kuchiguchi	くちぐち	クチグチ	0
kuchiguchini	くちぐちに	クチグチニ	0
kuchiguse	くちぐせ	クチグセ	0
kuchik	くち	クチ	5
kuchika	くちか	クチカ	0
kuchikaz	くちか	クチカ	7
kuchikazu	くちかず	クチカズ	0
kuchikazubesutoten	くちかずべすとてん	クチカズベストテン	0
kuchikiki	くちきき	クチキキ	0
kuchikomi	くちこみ	クチコミ	0
kuchiku	くちく	クチク	0
kuchikukan	くちくかん	クチクカン	0
kuchisaki	くちさき	クチサキ	0
kucho	くちょ	クチョ	0
kuchou	くちょう	クチョウ	0
kuchouhaizoku	くちょうはいぞく	クチョウハイゾク	0
kuda	くだ	クダ	0
kudakeru	くだける	クダケル	0
kudaku	くだく	クダク	0
kudamono	くだもの	クダモノ	0
kudaranai	くだらない	クダラナイ	0
kudari	くだり	クダリ	0
kudarizaka	くだりざか	クダリザカ	0
kudaru	くだる	クダル	0
kudasai	ください	クダサイ	0
kudasaru	くださる	クダサル	0
kudasu	くだす	クダス	0
kudoi	くどい	クドイ	0
kudokudo	くどくど	クドクド	0
kudou	くどう	クドウ	0
kueesaa	くええさあ	クエエサア	0
kufuu	くふう	クフウ	0
kugatsu	くがつ	クガツ	0
kugen	くげん	クゲン	0
kugi	くぎ	クギ	0
kugiri	くぎり	クギリ	0
kugiru	くぎる	クギル	0
kuguru	くぐる	クグル	0
kui	くい	クイ	0
kuichigai	くいちがい	クイチガイ	0
kuichigau	くいちがう	クイチガウ	0
kuiin	くいいん	クイイン	0
kuiinzuingurisshu	くいいんずいんぐりっしゅ	クイインズイングリッシュ	0
kuiki	くいき	クイキ	0
kuikku	くいっく	クイック	0
kuikomu	くいこむ	クイコム	0
kuintetto	くいんてっと	クインテット	0
kuiru	くいる	クイル	0
kuisagaru	くいさがる	クイサガル	0
kuitomeru	くいとめる	クイトメル	0
kuizu	くいず	クイズ	0
kuji	くじ	クジ	0
kujibiki	くじびき	クジビキ	0
kujira	くじら	クジラ	0
kujo	くじょ	クジョ	0
kujou	くじょう	クジョウ	0
kujuu	くじゅう	クジュウ	0
kukaku	くかく	クカク	0
kukan	くかん	クカン	0
kuki	くき	クキ	0
kukkii	くっきい	クッキイ	0
kukkingu	くっきんぐ	クッキング	0
kukkiri	くっきり	クッキリ	0
kuku	くく	クク	0
kukuru	くくる	ククル	0
kukyou	くきょう	クキョウ	0
kuma	くま	クマ	0
kumanaku	くまなく	クマナク	0
kumi	くみ	クミ	0
kumiai	くみあい	クミアイ	0
kumiawase	くみあわせ	クミアワセ	0
kumiawaseru	くみあわせる	クミアワセル	0
kumichou	くみちょう	クミチョウ	0
kumikae	くみかえ	クミカエ	0
kumikomu	くみこむ	クミコム	0
kumikyoku	くみきょく	クミキョク	0
kumin	くみん	クミン	0
kumitate	くみたて	クミタテ	0
kumitateru	くみたてる	クミタテル	0
kumitoru	くみとる	クミトル	0
kumo	くも	クモ	0
kumori	くもり	クモリ	0
kumoru	くもる	クモル	0
kumotsu	くもつ	クモツ	0
kumoyuki	くもゆき	クモユキ	0
kumu	くむ	クム	0
kun	くん	クン	0
kuna	くな	クナ	0
kunai	くない	クナイ	0
kunaic	くない	クナイ	5
kunaich	くない	クナイ	5
kunaicho	くないちょ	クナイチョ	0
kunaichou	くないちょう	クナイチョウ	0
kunaichoutosshin	くないちょうとっしん	クナイチョウトッシン	0
kunan	くなん	クナン	0
kuni	くに	クニ	0
kunigara	くにがら	クニガラ	0
kuniguni	くにぐに	クニグニ	0
kunikunosaku	くにくのさく	クニクノサク	0
kunji	くんじ	クンジ	0
kunkai	くんかい	クンカイ	0
kuno	くの	クノ	0
kunou	くのう	クノウ	0
kunoukaidashi	くのうかいだし	クノウカイダシ	0
kunrei	くんれい	クンレイ	0
kunren	くんれん	クンレン	0
kunrin	くんりん	クンリン	0
kunshi	くんし	クンシ	0
kunshou	くんしょう	クンショウ	0
kunshu	くんしゅ	クンシュ	0
kuny	く	ク	2
kunyo	くにょ	クニョ	0
kunyom	くにょ	クニョ	5
kunyomi	くにょみ	クニョミ	0
kunyomihada	くにょみはだ	クニョミハダ	0
kuooto	くおおと	クオオト	0
kuoritei	くおりてい	クオリテイ	0
kur	く	ク	2
kura	くら	クラ	0
kuraaku	くらあく	クラアク	0
kurabe	くらべ	クラベ	0
kuraberu	くらべる	クラベル	0
kurabu	くらぶ	クラブ	0
kurabukatsudou	くらぶかつどう	クラブカツドウ	0
kurafuto	くらふと	クラフト	0
kurage	くらげ	クラゲ	0
kurai	くらい	クライ	0
kuraianto	くらいあんと	クライアント	0
kuraimakkusu	くらいまっくす	クライマックス	0
kuraimingu	くらいみんぐ	クライミング	0
kuraimusutoorii	くらいむすとおりい	クライムストオリイ	0
kuraishisu	くらいしす	クライシス	0
kurakkaa	くらっかあ	クラッカア	0
kurakku	くらっく	クラック	0
kurakushon	くらくしょん	クラクション	0
kuran	くらん	クラン	0
kuranku	くらんく	クランク	0
kurankuin	くらんくいん	クランクイン	0
kurashi	くらし	クラシ	0
kurashikaru	くらしかる	クラシカル	0
kurashiki	くらしき	クラシキ	0
kurashikku	くらしっく	クラシック	0
kurashikkuongaku	くらしっくおんがく	クラシックオンガク	0
kurasshu	くらっしゅ	クラッシュ	0
kurasu	くらす	クラス	0
kurasumeeto	くらすめえと	クラスメエト	0
kurasumeito	くらすめいと	クラスメイト	0
kuratchi	くら	クラ	4
kurau	くらう	クラウ	0
kuraun	くらうん	クラウン	0
kuraunsashihikaeru	くらうんさしひかえる	クラウンサシヒカエル	0
kurayami	くらやみ	クラヤミ	0
kure	くれ	クレ	0
kureachininkuriaransu	くれあちにんくりあらんす	クレアチニンクリアランス	0
kuredeibiriteiigyappu	くれでいびりていいぎゃっぷ	クレデイビリテイイギャップ	0
kuree	くれえ	クレエ	0
kureek	くれえ	クレエ	5
kureeko	くれえこ	クレエコ	0
kureekoo	くれえこお	クレエコオ	0
kureekoot	くれえこお	クレエコオ	8
kureekooto	くれえこおと	クレエコオト	0
kureekootomoyoosu	くれえこおともよおす	クレエコオトモヨオス	0
kureemu	くれえむ	クレエム	0
kureen	くれえん	クレエン	0
kureepu	くれえぷ	クレエプ	0
kureetaa	くれえたあ	クレエタア	0
kureguremo	くれぐれも	クレグレモ	0
kurei	くれい	クレイ	0
kureijii	くれいじい	クレイジイ	0
kurejitto	くれじっと	クレジット	0
kurejittokaado	くれじっとかあど	クレジットカアド	0
kurenai	くれない	クレナイ	0
kurenjingukuriimu	くれんじんぐくりいむ	クレンジングクリイム	0
kurenzaa	くれんざあ	クレンザア	0
kureosooto	くれおそおと	クレオソオト	0
kureru	くれる	クレル	0
kuri	くり	クリ	0
kuria	くりあ	クリア	0
kuriag	くりあ	クリア	5
kuriage	くりあげ	クリアゲ	0
kuriageokashii	くりあげおかしい	クリアゲオカシイ	0
kuriageru	くりあげる	クリアゲル	0
kuridashihashigo	くりだしはしご	クリダシハシゴ	0
kuridasu	くりだす	クリダス	0
kurie	くりえ	クリエ	0
kurieetaa	くりええたあ	クリエエタア	0
kuriei	くりえい	クリエイ	0
kurieit	くりえい	クリエイ	6
kurieita	くりえいた	クリエイタ	0
kurieitaa	くりえいたあ	クリエイタア	0
kurieitaasabou	くりえいたあさぼう	クリエイタアサボウ	0
kurieiteibu	くりえいていぶ	クリエイテイブ	0
kurihirogeru	くりひろげる	クリヒロゲル	0
kuriiku	くりいく	クリイク	0
kuriimu	くりいむ	クリイム	0
kuriin	くりいん	クリイン	0
kuriinaa	くりいなあ	クリイナア	0
kuriinapputorio	くりいなっぷとりお	クリイナップトリオ	0
kuriinhitto	くりいんひっと	クリインヒット	0
kuriiningu	くりいにんぐ	クリイニング	0
kuriire	くりいれ	クリイレ	0
kurikaeshi	くりかえし	クリカエシ	0
kurikaesu	くりかえす	クリカエス	0
kuriketto	くりけっと	クリケット	0
kurikku	くりっく	クリック	0
kurinchi	くりんち	クリンチ	0
kurinikku	くりにっく	クリニック	0
kurinobe	くりのべ	クリノベ	0
kuriooru	くりおおる	クリオオル	0
kurippu	くりっぷ	クリップ	0
kurisuchan	くりすちゃん	クリスチャン	0
kurisumasu	くりすます	クリスマス	0
kurisumasuibu	くりすますいぶ	クリスマスイブ	0
kurisumasukaado	くりすますかあど	クリスマスカアド	0
kurisumasutsurii	くりすますつりい	クリスマスツリイ	0
kurisutaru	くりすたる	クリスタル	0
kuritsu	くりつ	クリツ	0
kuro	くろ	クロ	0
kuroachia	くろあちあ	クロアチア	0
kuroboshi	くろぼし	クロボシ	0
kuroi	くろい	クロイ	0
kuroikiri	くろいきり	クロイキリ	0
kuroiro	くろいろ	クロイロ	0
kuroji	くろじ	クロジ	0
kuroki	くろき	クロキ	0
kurokku	くろっく	クロック	0
kuromaku	くろまく	クロマク	0
kuromu	くろむ	クロム	0
kuron	くろん	クロン	0
kuroni	くろに	クロニ	0
kuronik	くろに	クロニ	6
kuroniku	くろにく	クロニク	0
kuronikur	くろにく	クロニク	8
kuronikuru	くろにくる	クロニクル	0
kuronikurusaihatsu	くろにくるさいはつ	クロニクルサイハツ	0
kuronosukoopu	くろのすこおぷ	クロノスコオプ	0
kurooku	くろおく	クロオク	0
kuroon	くろおん	クロオン	0
kurooru	くろおる	クロオル	0
kuroozu	くろおず	クロオズ	0
kuroozuappu	くろおずあっぷ	クロオズアップ	0
kuroppoi	くろっぽい	クロッポイ	0
kurorera	くろれら	クロレラ	0
kuroshio	くろしお	クロシオ	0
kuroshiro	くろしろ	クロシロ	0
kurosu	くろす	クロス	0
kurosukantorii	くろすかんとりい	クロスカントリイ	0
kurosuwaado	くろすわあど	クロスワアド	0
kurou	くろう	クロウ	0
kurouto	くろうと	クロウト	0
kuru	くる	クル	0
kurudo	くるど	クルド	0
kurukuru	くるくる	クルクル	0
kurum	くる	クル	4
kuruma	くるま	クルマ	0
kurumai	くるまい	クルマイ	0
kurumais	くるまい	クルマイ	7
kurumaisu	くるまいす	クルマイス	0
kurumaisururi	くるまいするり	クルマイスルリ	0
kurumi	くるみ	クルミ	0
kurumu	くるむ	クルム	0
kurushii	くるしい	クルシイ	0
kurushimeru	くるしめる	クルシメル	0
kurushimi	くるしみ	クルシミ	0
kurushimu	くるしむ	クルシム	0
kurusu	くるす	クルス	0
kuruu	くるう	クルウ	0
kuruujingu	くるうじんぐ	クルウジング	0
kuruuzaa	くるうざあ	クルウザア	0
kuruuzu	くるうず	クルウズ	0
kuryo	くりょ	クリョ	0
kus	く	ク	2
kusa	くさ	クサ	0
kusabana	くさばな	クサバナ	0
kusai	くさい	クサイ	0
kusakari	くさかり	クサカリ	0
kusaki	くさき	クサキ	0
kusanone	くさのね	クサノネ	0
kusari	くさり	クサリ	0
kusaru	くさる	クサル	0
kusawake	くさわけ	クサワケ	0
kuse	くせ	クセ	0
kusen	くせん	クセン	0
kuseni	くせに	クセニ	0
kushakusha	くしゃくしゃ	クシャクシャ	0
kushami	くしゃみ	クシャミ	0
kushi	くし	クシ	0
kushin	くしん	クシン	0
kushou	くしょう	クショウ	0
kushuu	くしゅう	クシュウ	0
kuso	くそ	クソ	0
kussaku	くっさく	クッサク	0
kussetsu	くっせつ	クッセツ	0
kusshi	くっし	クッシ	0
kusshon	くっしょん	クッション	0
kusu	くす	クス	0
kusuguru	くすぐる	クスグル	0
kusuguttai	くすぐったい	クスグッタイ	0
kusur	くす	クス	4
kusuri	くすり	クスリ	0
kusuridesuku	くすりですく	クスリデスク	0
kusuriyubi	くすりゆび	クスリユビ	0
kut	く	ク	2
kutabaru	くたばる	クタバル	0
kutabireru	くたびれる	クタビレル	0
kutakuta	くたくた	クタクタ	0
kutouten	くとうてん	クトウテン	0
kuts	く	ク	2
kutsu	くつ	クツ	0
kutsugaeru	くつがえる	クツガエル	0
kutsugaesu	くつがえす	クツガエス	0
kutsujoku	くつじょく	クツジョク	0
kutsur	くつ	クツ	5
kutsuro	くつろ	クツロ	0
kutsurog	くつろ	クツロ	7
kutsurogu	くつろぐ	クツログ	0
kutsurogutekigi	くつろぐてきぎ	クツログテキギ	0
kutsushita	くつした	クツシタ	0
kutsuu	くつう	クツウ	0
kutsuya	くつや	クツヤ	0
kuttaku	くったく	クッタク	0
kuttsukeru	くっつける	クッツケル	0
kuttsuku	くっつく	クッツク	0
kuu	くう	クウ	0
kuubaku	くうばく	クウバク	0
kuubo	くうぼ	クウボ	0
kuuchi	くうち	クウチ	0
kuuchou	くうちょう	クウチョウ	0
kuuchuu	くうちゅう	クウチュウ	0
kuud	くう	クウ	3
kuudetaa	くうでたあ	クウデタア	0
kuudo	くうど	クウド	0
kuudou	くうどう	クウドウ	0
kuudouhakui	くうどうはくい	クウドウハクイ	0
kuueeto	くうええと	クウエエト	0
kuufuku	くうふく	クウフク	0
kuugun	くうぐん	クウグン	0
kuuhaku	くうはく	クウハク	0
kuuhou	くうほう	クウホウ	0
kuuiki	くういき	クウイキ	0
kuukan	くうかん	クウカン	0
kuuki	くうき	クウキ	0
kuukii	くうきい	クウキイ	0
kuukou	くうこう	クウコウ	0
kuukyo	くうきょ	クウキョ	0
kuup	くう	クウ	3
kuupe	くうぺ	クウペ	0
kuupekonbou	くうぺこんぼう	クウペコンボウ	0
kuupon	くうぽん	クウポン	0
kuuraa	くうらあ	クウラア	0
kuuran	くうらん	クウラン	0
kuurarii	くうらりい	クウラリイ	0
kuuringuofu	くうりんぐおふ	クウリングオフ	0
kuuro	くうろ	クウロ	0
kuuru	くうる	クウル	0
kuuseki	くうせき	クウセキ	0
kuusha	くうしゃ	クウシャ	0
kuushuu	くうしゅう	クウシュウ	0
kuuso	くうそ	クウソ	0
kuusou	くうそう	クウソウ	0
kuuten	くうてん	クウテン	0
kuuyu	くうゆ	クウユ	0
kuuzen	くうぜん	クウゼン	0
kuwa	くわ	クワ	0
kuwabara	くわばら	クワバラ	0
kuwabatake	くわばたけ	クワバタケ	0
kuwadateru	くわだてる	クワダテル	0
kuwaeru	くわえる	クワエル	0
kuwaia	くわいあ	クワイア	0
kuwashii	くわしい	クワシイ	0
kuwawaru	くわわる	クワワル	0
kuy	く	ク	2
kuya	くや	クヤ	0
kuyakusho	くやくしょ	クヤクショ	0
kuyam	くや	クヤ	4
kuyamu	くやむ	クヤム	0
kuyamunakama	くやむなかま	クヤムナカマ	0
kuyashii	くやしい	クヤシイ	0
kuyashinaki	くやしなき	クヤシナキ	0
kuyokuyo	くよくよ	クヨクヨ	0
kuyou	くよう	クヨウ	0
kuzu	くず	クズ	0
kuzure	くずれ	クズレ	0
kuzureru	くずれる	クズレル	0
kuzusu	くずす	クズス	0
kwa	くぁ	クァ	0
kwabbo	くぁっぼ	クァッボ	0
kwe	くぇ	クェ	0
kwebbu	くぇっぶ	クェッブ	0
kwi	くぃ	クィ	0
kwibbya	くぃっびゃ	クィッビャ	0
kwo	くぉ	クォ	0
kwobbye	くぉっびぇ	クォッビェ	0
kwu	くぅ	クゥ	0
kwubbyi	くぅっびぃ	クゥッビィ	0
ky			0
kya	きゃ	キャ	0
kyab	きゃ	キャ	3
kyaba	きゃば	キャバ	0
kyabar	きゃば	キャバ	5
kyabare	きゃばれ	キャバレ	0
kyabaree	きゃばれえ	キャバレエ	0
kyabareekossetsu	きゃばれえこっせつ	キャバレエコッセツ	0
kyabbyo	きゃっびょ	キャッビョ	0
kyabetsu	きゃべつ	キャベツ	0
kyabia	きゃびあ	キャビア	0
kyabin	きゃびん	キャビン	0
kyabinetto	きゃびねっと	キャビネット	0
kyaburetaa	きゃぶれたあ	キャブレタア	0
kyadeii	きゃでいい	キャデイイ	0
kyakka	きゃっか	キャッカ	0
kyakkan	きゃっかん	キャッカン	0
kyakkanteki	きゃっかんてき	キャッカンテキ	0
kyakkou	きゃっこう	キャッコウ	0
kyaku	きゃく	キャク	0
kyakuashi	きゃくあし	キャクアシ	0
kyakuhon	きゃくほん	キャクホン	0
kyakuin	きゃくいん	キャクイン	0
kyakuma	きゃくま	キャクマ	0
kyakuseki	きゃくせき	キャクセキ	0
kyakusen	きゃくせん	キャクセン	0
kyakusha	きゃくしゃ	キャクシャ	0
kyakushitsu	きゃくしつ	キャクシツ	0
kyakushoku	きゃくしょく	キャクショク	0
kyameru	きゃめる	キャメル	0
kyan	きゃん	キャン	0
kyanbasu	きゃんばす	キャンバス	0
kyanbera	きゃんべら	キャンベラ	0
kyandei	きゃんでい	キャンデイ	0
kyandeii	きゃんでいい	キャンデイイ	0
kyandoru	きゃんどる	キャンドル	0
kyanp	きゃん	キャン	4
kyanpa	きゃんぱ	キャンパ	0
kyanpaa	きゃんぱあ	キャンパア	0
kyanpas	きゃんぱ	キャンパ	6
kyanpasu	きゃんぱす	キャンパス	0
kyanpasukondo	きゃんぱすこんど	キャンパスコンド	0
kyanpeen	きゃんぺえん	キャンペエン	0
kyanpingu	きゃんぴんぐ	キャンピング	0
kyanpingukaa	きゃんぴんぐかあ	キャンピングカア	0
kyanpu	きゃんぷ	キャンプ	0
kyanpuin	きゃんぷいん	キャンプイン	0
kyanseru	きゃんせる	キャンセル	0
kyapitarizumu	きゃぴたりずむ	キャピタリズム	0
kyapitarugein	きゃぴたるげいん	キャピタルゲイン	0
kyappu	きゃっぷ	キャップ	0
kyapushon	きゃぷしょん	キャプション	0
kyaputen	きゃぷてん	キャプテン	0
kyara	きゃら	キャラ	0
kyaraban	きゃらばん	キャラバン	0
kyarakutaa	きゃらくたあ	キャラクタア	0
kyarameru	きゃらめる	キャラメル	0
kyaria	きゃりあ	キャリア	0
kyarii	きゃりい	キャリイ	0
kyaroru	きゃろる	キャロル	0
kyasshingu	きゃっしんぐ	キャッシング	0
kyasshu	きゃっしゅ	キャッシュ	0
kyasshukaado	きゃっしゅかあど	キャッシュカアド	0
kyasutaa	きゃすたあ	キャスタア	0
kyasuteingu	きゃすていんぐ	キャステイング	0
kyasuto	きゃすと	キャスト	0
kyatchaa	きゃ	キャ	3
kyatchi	きゃ	キャ	3
kyatchifureezu	きゃ	キャ	3
kyattouooku	きゃっとうおおく	キャットウオオク	0
kyattsuai	きゃっつあい	キャッツアイ	0
kye	きぇ	キェ	0
kyebbyu	きぇっびゅ	キェッビュ	0
kyi	きぃ	キィ	0
kyibe	きぃべ	キィベ	0
kyo	きょ	キョ	0
kyobi	きょび	キョビ	0
kyodai	きょだい	キョダイ	0
kyodaku	きょだく	キョダク	0
kyoei	きょえい	キョエイ	0
kyoeishin	きょえいしん	キョエイシン	0
kyogaku	きょがく	キョガク	0
kyogi	きょぎ	キョギ	0
kyohi	きょひ	キョヒ	0
kyohiken	きょひけん	キョヒケン	0
kyojaku	きょじゃく	キョジャク	0
kyojin	きょじん	キョジン	0
kyojuu	きょじゅう	キョジュウ	0
kyojuusha	きょじゅうしゃ	キョジュウシャ	0
kyok	きょ	キョ	3
kyoka	きょか	キョカ	0
kyokan	きょかん	キョカン	0
kyokannanchou	きょかんなんちょう	キョカンナンチョウ	0
kyokou	きょこう	キョコウ	0
kyoku	きょく	キョク	0
kyokuban	きょくばん	キョクバン	0
kyokuchi	きょくち	キョクチ	0
kyokuchou	きょくちょう	キョクチョウ	0
kyokudo	きょくど	キョクド	0
kyokudome	きょくどめ	キョクドメ	0
kyokugen	きょくげん	キョクゲン	0
kyokuin	きょくいん	キョクイン	0
kyokum	きょく	キョク	5
kyokume	きょくめ	キョクメ	0
kyokumen	きょくめん	キョクメン	0
kyokumenno	きょくめんの	キョクメンノ	0
kyokumoku	きょくもく	キョクモク	0
kyokuryoku	きょくりょく	キョクリョク	0
kyokusen	きょくせん	キョクセン	0
kyokusetsu	きょくせつ	キョクセツ	0
kyokutan	きょくたん	キョクタン	0
kyokutou	きょくとう	キョクトウ	0
kyokuu	きょくう	キョクウ	0
kyomu	きょむ	キョム	0
kyonen	きょねん	キョネン	0
kyorai	きょらい	キョライ	0
kyori	きょり	キョリ	0
kyorokyoro	きょろきょろ	キョロキョロ	0
kyosei	きょせい	キョセイ	0
kyoshiki	きょしき	キョシキ	0
kyoshin	きょしん	キョシン	0
kyoshiteki	きょしてき	キョシテキ	0
kyoshitsu	きょしつ	キョシツ	0
kyoshou	きょしょう	キョショウ	0
kyoshutsu	きょしゅつ	キョシュツ	0
kyoshuu	きょしゅう	キョシュウ	0
kyotai	きょたい	キョタイ	0
kyoten	きょてん	キョテン	0
kyotou	きょとう	キョトウ	0
kyou	きょう	キョウ	0
kyoua	きょうあ	キョウア	0
kyouak	きょうあ	キョウア	5
kyouaku	きょうあく	キョウアク	0
kyouakuratenamerika	きょうあくらてなめりか	キョウアクラテナメリカ	0
kyoub	きょう	キョウ	4
kyoubai	きょうばい	キョウバイ	0
kyoubo	きょうぼ	キョウボ	0
kyoubou	きょうぼう	キョウボウ	0
kyoubounihonshi	きょうぼうにほんし	キョウボウニホンシ	0
kyoubu	きょうぶ	キョウブ	0
kyouchi	きょうち	キョウチ	0
kyoucho	きょうちょ	キョウチョ	0
kyouchou	きょうちょう	キョウチョウ	0
kyouchuu	きょうちゅう	キョウチュウ	0
kyoud	きょう	キョウ	4
kyouda	きょうだ	キョウダ	0
kyoudai	きょうだい	キョウダイ	0
kyoudan	きょうだん	キョウダン	0
kyoudanyuudan	きょうだにゅうだん	キョウダニュウダン	0
kyoudo	きょうど	キョウド	0
kyoudou	きょうどう	キョウドウ	0
kyoudoukumiai	きょうどうくみあい	キョウドウクミアイ	0
kyoudoutai	きょうどうたい	キョウドウタイ	0
kyouei	きょうえい	キョウエイ	0
kyouen	きょうえん	キョウエン	0
kyoufu	きょうふ	キョウフ	0
kyoufushou	きょうふしょう	キョウフショウ	0
kyoufuu	きょうふう	キョウフウ	0
kyoug	きょう	キョウ	4
kyouga	きょうが	キョウガ	0
kyougak	きょうが	キョウガ	6
kyougaku	きょうがく	キョウガク	0
kyougakunenrin	きょうがくねんりん	キョウガクネンリン	0
kyougen	きょうげん	キョウゲン	0
kyougi	きょうぎ	キョウギ	0
kyougijou	きょうぎじょう	キョウギジョウ	0
kyougou	きょうごう	キョウゴウ	0
kyougoutasha	きょうごうたしゃ	キョウゴウタシャ	0
kyougu	きょうぐ	キョウグ	0
kyouguu	きょうぐう	キョウグウ	0
kyouguunyuuen	きょうぐうにゅうえん	キョウグウニュウエン	0
kyouhaku	きょうはく	キョウハク	0
kyouhan	きょうはん	キョウハン	0
kyouherupaa	きょうへるぱあ	キョウヘルパア	0
kyouho	きょうほ	キョウホ	0
kyouhon	きょうほん	キョウホン	0
kyoui	きょうい	キョウイ	0
kyouiku	きょういく	キョウイク	0
kyouikuiinkai	きょういくいいんかい	キョウイクイインカイ	0
kyouikusha	きょういくしゃ	キョウイクシャ	0
kyouikuteki	きょういくてき	キョウイクテキ	0
kyouin	きょういん	キョウイン	0
kyouinenkoujoretsu	きょういねんこうじょれつ	キョウイネンコウジョレツ	0
kyoujaku	きょうじゃく	キョウジャク	0
kyouji	きょうじ	キョウジ	0
kyouju	きょうじゅ	キョウジュ	0
kyoujutsu	きょうじゅつ	キョウジュツ	0
kyouka	きょうか	キョウカ	0
kyoukai	きょうかい	キョウカイ	0
kyoukan	きょうかん	キョウカン	0
kyoukasho	きょうかしょ	キョウカショ	0
kyoukatsu	きょうかつ	キョウカツ	0
kyouken	きょうけん	キョウケン	0
kyouki	きょうき	キョウキ	0
kyoukin	きょうきん	キョウキン	0
kyouko	きょうこ	キョウコ	0
kyoukoku	きょうこく	キョウコク	0
kyoukonogoro	きょうこのごろ	キョウコノゴロ	0
kyoukou	きょうこう	キョウコウ	0
kyoukousaiketsu	きょうこうさいけつ	キョウコウサイケツ	0
kyoukun	きょうくん	キョウクン	0
kyoukyaku	きょうきゃく	キョウキャク	0
kyoukyuu	きょうきゅう	キョウキュウ	0
kyoum	きょう	キョウ	4
kyoumei	きょうめい	キョウメイ	0
kyoumi	きょうみ	キョウミ	0
kyoumibukai	きょうみぶかい	キョウミブカイ	0
kyoumishinshin	きょうみしんしん	キョウミシンシン	0
kyoumu	きょうむ	キョウム	0
kyoumunekkyou	きょうむねっきょう	キョウムネッキョウ	0
kyounigiyaka	きょうにぎやか	キョウニギヤカ	0
kyouran	きょうらん	キョウラン	0
kyouretsu	きょうれつ	キョウレツ	0
kyouri	きょうり	キョウリ	0
kyouritsu	きょうりつ	キョウリツ	0
kyouryoku	きょうりょく	キョウリョク	0
kyouryuu	きょうりゅう	キョウリュウ	0
kyousa	きょうさ	キョウサ	0
kyousai	きょうさい	キョウサイ	0
kyousaku	きょうさく	キョウサク	0
kyousan	きょうさん	キョウサン	0
kyousanshugi	きょうさんしゅぎ	キョウサンシュギ	0
kyousantou	きょうさんとう	キョウサントウ	0
kyousei	きょうせい	キョウセイ	0
kyouseiteki	きょうせいてき	キョウセイテキ	0
kyousha	きょうしゃ	キョウシャ	0
kyoushi	きょうし	キョウシ	0
kyoushinshou	きょうしんしょう	キョウシンショウ	0
kyoushitsu	きょうしつ	キョウシツ	0
kyousho	きょうしょ	キョウショ	0
kyoushokuin	きょうしょくいん	キョウショクイン	0
kyoushuku	きょうしゅく	キョウシュク	0
kyoushutsu	きょうしゅつ	キョウシュツ	0
kyoushuu	きょうしゅう	キョウシュウ	0
kyouso	きょうそ	キョウソ	0
kyousou	きょうそう	キョウソウ	0
kyousouba	きょうそうば	キョウソウバ	0
kyousoukyoku	きょうそうきょく	キョウソウキョク	0
kyousounyuusatsu	きょうそうにゅうさつ	キョウソウニュウサツ	0
kyousouryoku	きょうそうりょく	キョウソウリョク	0
kyoutai	きょうたい	キョウタイ	0
kyoutan	きょうたん	キョウタン	0
kyoutei	きょうてい	キョウテイ	0
kyouteki	きょうてき	キョウテキ	0
kyouto	きょうと	キョウト	0
kyoutou	きょうとう	キョウトウ	0
kyoutsuu	きょうつう	キョウツウ	0
kyoutsuugo	きょうつうご	キョウツウゴ	0
kyoutsuuten	きょうつうてん	キョウツウテン	0
kyouwa	きょうわ	キョウワ	0
kyouwakoku	きょうわこく	キョウワコク	0
kyouwasei	きょうわせい	キョウワセイ	0
kyouwatou	きょうわとう	キョウワトウ	0
kyouyo	きょうよ	キョウヨ	0
kyouyou	きょうよう	キョウヨウ	0
kyouyu	きょうゆ	キョウユ	0
kyouyuu	きょうゆう	キョウユウ	0
kyouzai	きょうざい	キョウザイ	0
kyouzon	きょうぞん	キョウゾン	0
kyouzou	きょうぞう	キョウゾウ	0
kyoyou	きょよう	キョヨウ	0
kyozetsu	きょぜつ	キョゼツ	0
kyozetsuhannou	きょぜつはんのう	キョゼツハンノウ	0
kyu	きゅ	キュ	0
kyubo	きゅぼ	キュボ	0
kyureetaa	きゅれえたあ	キュレエタア	0
kyurii	きゅりい	キュリイ	0
kyurotto	きゅろっと	キュロット	0
kyuu	きゅう	キュウ	0
kyuuba	きゅうば	キュウバ	0
kyuubou	きゅうぼう	キュウボウ	0
kyuubyou	きゅうびょう	キュウビョウ	0
kyuuchi	きゅうち	キュウチ	0
kyuuchuu	きゅうちゅう	キュウチュウ	0
kyuudan	きゅうだん	キュウダン	0
kyuuden	きゅうでん	キュウデン	0
kyuudou	きゅうどう	キュウドウ	0
kyuuen	きゅうえん	キュウエン	0
kyuufu	きゅうふ	キュウフ	0
kyuugaku	きゅうがく	キュウガク	0
kyuugeki	きゅうげき	キュウゲキ	0
kyuugi	きゅうぎ	キュウギ	0
kyuugou	きゅうごう	キュウゴウ	0
kyuugyou	きゅうぎょう	キュウギョウ	0
kyuuh	きゅう	キュウ	4
kyuuha	きゅうは	キュウハ	0
kyuuhanurui	きゅうはぬるい	キュウハヌルイ	0
kyuuhen	きゅうへん	キュウヘン	0
kyuui	きゅうい	キュウイ	0
kyuuin	きゅういん	キュウイン	0
kyuujin	きゅうじん	キュウジン	0
kyuujitsu	きゅうじつ	キュウジツ	0
kyuujo	きゅうじょ	キュウジョ	0
kyuujou	きゅうじょう	キュウジョウ	0
kyuujuu	きゅうじゅう	キュウジュウ	0
kyuuk	きゅう	キュウ	4
kyuuka	きゅうか	キュウカ	0
kyuukai	きゅうかい	キュウカイ	0
kyuukan	きゅうかん	キュウカン	0
kyuuke	きゅうけ	キュウケ	0
kyuukei	きゅうけい	キュウケイ	0
kyuukeij	きゅうけい	キュウケイ	7
kyuukeiji	きゅうけいじ	キュウケイジ	0
kyuukeijik	きゅうけいじ	キュウケイジ	9
kyuukeijika	きゅうけいじか	キュウケイジカ	0
kyuukeijikan	きゅうけいじかん	キュウケイジカン	0
kyuukeijikanyomi	きゅうけいじかにょみ	キュウケイジカニョミ	0
kyuukeijo	きゅうけいじょ	キュウケイジョ	0
kyuuketsuki	きゅうけつき	キュウケツキ	0
kyuukin	きゅうきん	キュウキン	0
kyuukoku	きゅうこく	キュウコク	0
kyuukou	きゅうこう	キュウコウ	0
kyuukutsu	きゅうくつ	キュウクツ	0
kyuukyo	きゅうきょ	キュウキョ	0
kyuukyoku	きゅうきょく	キュウキョク	0
kyuukyuu	きゅうきゅう	キュウキュウ	0
kyuukyuubako	きゅうきゅうばこ	キュウキュウバコ	0
kyuukyuuiryou	きゅうきゅういりょう	キュウキュウイリョウ	0
kyuukyuusha	きゅうきゅうしゃ	キュウキュウシャ	0
kyuumei	きゅうめい	キュウメイ	0
kyuumu	きゅうむ	キュウム	0
kyuuni	きゅうに	キュウニ	0
kyuunyuu	きゅうにゅう	キュウニュウ	0
kyuupitchi	きゅうぴ	キュウピ	6
kyuurai	きゅうらい	キュウライ	0
kyuuraku	きゅうらく	キュウラク	0
kyuureki	きゅうれき	キュウレキ	0
kyuuri	きゅうり	キュウリ	0
kyuuryou	きゅうりょう	キュウリョウ	0
kyuuryoubi	きゅうりょうび	キュウリョウビ	0
kyuus	きゅう	キュウ	4
kyuusai	きゅうさい	キュウサイ	0
kyuusei	きゅうせい	キュウセイ	0
kyuuseichou	きゅうせいちょう	キュウセイチョウ	0
kyuuseigun	きゅうせいぐん	キュウセイグン	0
kyuuseishu	きゅうせいしゅ	キュウセイシュ	0
kyuusen	きゅうせん	キュウセン	0
kyuush	きゅう	キュウ	4
kyuushi	きゅうし	キュウシ	0
kyuushik	きゅうし	キュウシ	7
kyuushiki	きゅうしき	キュウシキ	0
kyuushikinankyoku	きゅうしきなんきょく	キュウシキナンキョク	0
kyuushin	きゅうしん	キュウシン	0
kyuushinryoku	きゅうしんりょく	キュウシンリョク	0
kyuusho	きゅうしょ	キュウショ	0
kyuushoku	きゅうしょく	キュウショク	0
kyuushougatsu	きゅうしょうがつ	キュウショウガツ	0
kyuushutsu	きゅうしゅつ	キュウシュツ	0
kyuushuu	きゅうしゅう	キュウシュウ	0
kyuusoku	きゅうそく	キュウソク	0
kyuusui	きゅうすい	キュウスイ	0
kyuusuru	きゅうする	キュウスル	0
kyuutai	きゅうたい	キュウタイ	0
kyuutei	きゅうてい	キュウテイ	0
kyuuto	きゅうと	キュウト	0
kyuutou	きゅうとう	キュウトウ	0
kyuuy	きゅう	キュウ	4
kyuuyaku	きゅうやく	キュウヤク	0
kyuuyo	きゅうよ	キュウヨ	0
kyuuyou	きゅうよう	キュウヨウ	0
kyuuyounaikaku	きゅうようないかく	キュウヨウナイカク	0
kyuuyu	きゅうゆ	キュウユ	0
kyuuyujo	きゅうゆじょ	キュウユジョ	0
kyuuzou	きゅうぞう	キュウゾウ	0
la	ぁ	ァ	0
labu	ぁぶ	ァブ	0
le	ぇ	ェ	0
lebya	ぇびゃ	ェビャ	0
li	ぃ	ィ	0
libye	ぃびぇ	ィビェ	0
lo	ぉ	ォ	0
lobyi	ぉびぃ	ォビィ	0
ltsu	っ	ッ	0
ltsubyo	っびょ	ッビョ	0
ltu	っ	ッ	0
ltubyu	っびゅ	ッビュ	0
lu	ぅ	ゥ	0
luca	ぅか	ゥカ	0
lwa	ゎ	ヮ	0
lwacca	ゎっか	ヮッカ	0
lya	ゃ	ャ	0
lyacce	ゃっけ	ャッケ	0
lye	ぇ	ェ	0
lyeccha	ぇっちゃ	ェッチャ	0
lyi	ぃ	ィ	0
lyicche	ぃっちぇ	ィッチェ	0
lyo	ょ	ョ	0
lyocchi	ょっち	ョッチ	0
lyu	ゅ	ュ	0
lyuccho	ゅっちょ	ュッチョ	0
m			0
ma	ま	マ	0
maa	まあ	マア	0
maaboo	まあぼお	マアボオ	0
maaburu	まあぶる	マアブル	0
maachi	まあち	マアチ	0
maagarin	まあがりん	マアガリン	0
maajan	まあじゃん	マアジャン	0
maajin	まあじん	マアジン	0
maakaa	まあかあ	マアカア	0
maaketeingu	まあけていんぐ	マアケテイング	0
maaketto	まあけっと	マアケット	0
maaku	まあく	マアク	0
maakushiito	まあくしいと	マアクシイト	0
maamaa	まあまあ	マアマア	0
maameido	まあめいど	マアメイド	0
maatarashii	まあたらしい	マアタラシイ	0
maato	まあと	マアト	0
mabara	まばら	マバラ	0
maboroshi	まぼろし	マボロシ	0
mabushii	まぶしい	マブシイ	0
mabuta	まぶた	マブタ	0
mac	ま	マ	2
macchu	まっちゅ	マッチュ	0
mach	ま	マ	2
machi	まち	マチ	0
machiai	まちあい	マチアイ	0
machiaishitsu	まちあいしつ	マチアイシツ	0
machiawase	まちあわせ	マチアワセ	0
machiawasebasho	まちあわせばしょ	マチアワセバショ	0
machiawaseru	まちあわせる	マチアワセル	0
machibuse	まちぶせ	マチブセ	0
machidooshii	まちどおしい	マチドオシイ	0
machigaeru	まちがえる	マチガエル	0
machigai	まちがい	マチガイ	0
machigainai	まちがいない	マチガイナイ	0
machigau	まちがう	マチガウ	0
machih	まち	マチ	5
machiha	まちは	マチハ	0
machihaz	まちは	マチハ	7
machihazu	まちはず	マチハズ	0
machihazur	まちはず	マチハズ	9
machihazure	まちはずれ	マチハズレ	0
machihazurekyou	まちはずれきょう	マチハズレキョウ	0
machikado	まちかど	マチカド	0
machikamaeru	まちかまえる	マチカマエル	0
machikaneru	まちかねる	マチカネル	0
machimachi	まちまち	マチマチ	0
machinaka	まちなか	マチナカ	0
machinami	まちなみ	マチナミ	0
machinozomu	まちのぞむ	マチノゾム	0
machiukeru	まちうける	マチウケル	0
machiyakuba	まちやくば	マチヤクバ	0
machizukuri	まちずくり	マチズクリ	0
mada	まだ	マダ	0
madamada	まだまだ	マダマダ	0
madamadakorekara	まだまだこれから	マダマダコレカラ	0
madamu	まだむ	マダム	0
madashimo	まだしも	マダシモ	0
made	まで	マデ	0
mademo	までも	マデモ	0
mademonai	までもない	マデモナイ	0
madenara	までなら	マデナラ	0
mado	まど	マド	0
madogiwa	まどぎわ	マドギワ	0
madoguchi	まどぐち	マドグチ	0
madonna	まどんな	マドンナ	0
madorasu	まどらす	マドラス	0
madoreenu	まどれえぬ	マドレエヌ	0
madori	まどり	マドリ	0
madowasu	まどわす	マドワス	0
mae	まえ	マエ	0
maeb	まえ	マエ	3
maebarai	まえばらい	マエバライ	0
maebu	まえぶ	マエブ	0
maebur	まえぶ	マエブ	5
maebure	まえぶれ	マエブレ	0
maeburefukyouwaon	まえぶれふきょうわおん	マエブレフキョウワオン	0
maedaoshi	まえだおし	マエダオシ	0
maegaki	まえがき	マエガキ	0
maegami	まえがみ	マエガミ	0
maegari	まえがり	マエガリ	0
maegashira	まえがしら	マエガシラ	0
maemae	まえまえ	マエマエ	0
maemotte	まえもって	マエモッテ	0
maemuki	まえむき	マエムキ	0
maeoki	まえおき	マエオキ	0
maesutoro	まえすとろ	マエストロ	0
maeuri	まえうり	マエウリ	0
maeuriken	まえうりけん	マエウリケン	0
mafuraa	まふらあ	マフラア	0
mafuyu	まふゆ	マフユ	0
mafyia	まふぃあ	マフィア	0
mag	ま	マ	2
maga	まが	マガ	0
magaj	まが	マガ	4
magaji	まがじ	マガジ	0
magajin	まがじん	マガジン	0
magajinjinkenhi	まがじんじんけんひ	マガジンジンケンヒ	0
magao	まがお	マガオ	0
magar	まが	マガ	4
magari	まがり	マガリ	0
magaridenpou	まがりでんぽう	マガリデンポウ	0
magarikado	まがりかど	マガリカド	0
magaru	まがる	マガル	0
mageru	まげる	マゲル	0
magirasu	まぎらす	マギラス	0
magirawashii	まぎらわしい	マギラワシイ	0
magiremonai	まぎれもない	マギレモナイ	0
magireru	まぎれる	マギレル	0
magiwa	まぎわ	マギワ	0
mago	まご	マゴ	0
magokoro	まごころ	マゴコロ	0
magomago	まごまご	マゴマゴ	0
magomusume	まごむすめ	マゴムスメ	0
maguchi	まぐち	マグチ	0
maguma	まぐま	マグマ	0
magunamu	まぐなむ	マグナム	0
maguneshiumu	まぐねしうむ	マグネシウム	0
magunetto	まぐねっと	マグネット	0
magunichuudo	まぐにちゅうど	マグニチュウド	0
magure	まぐれ	マグレ	0
maguro	まぐろ	マグロ	0
mahha	まっは	マッハ	0
mahi	まひ	マヒ	0
mahou	まほう	マホウ	0
mahoubin	まほうびん	マホウビン	0
mahoutsukai	まほうつかい	マホウツカイ	0
mai	まい	マイ	0
maia	まいあ	マイア	0
maiam	まいあ	マイア	4
maiami	まいあみ	マイアミ	0
maiamishinpo	まいあみしんぽ	マイアミシンポ	0
maiasa	まいあさ	マイアサ	0
maiban	まいばん	マイバン	0
maibotsu	まいぼつ	マイボツ	0
maido	まいど	マイド	0
maigetsu	まいげつ	マイゲツ	0
maigo	まいご	マイゴ	0
maihime	まいひめ	マイヒメ	0
maihoomu	まいほおむ	マイホオム	0
maij	まい	マイ	3
maiji	まいじ	マイジ	0
maijisuteetomento	まいじすてえとめんと	マイジステエトメント	0
maikaa	まいかあ	マイカア	0
maikai	まいかい	マイカイ	0
maikon	まいこん	マイコン	0
maiku	まいく	マイク	0
maikuro	まいくろ	マイクロ	0
maikurobasu	まいくろばす	マイクロバス	0
maikurofyirumu	まいくろふぃるむ	マイクロフィルム	0
maikyo	まいきょ	マイキョ	0
maimu	まいむ	マイム	0
mainaa	まいなあ	マイナア	0
mainasu	まいなす	マイナス	0
maindo	まいんど	マインド	0
mainen	まいねん	マイネン	0
mainichi	まいにち	マイニチ	0
mainichinoyouni	まいにちのように	マイニチノヨウニ	0
mainoriteii	まいのりていい	マイノリテイイ	0
maipeesu	まいぺえす	マイペエス	0
mairu	まいる	マイル	0
mairudo	まいるど	マイルド	0
maishuu	まいしゅう	マイシュウ	0
maisou	まいそう	マイソウ	0
maisuu	まいすう	マイスウ	0
maitoshi	まいとし	マイトシ	0
maitsuki	まいつき	マイツキ	0
maizou	まいぞう	マイゾウ	0
maj	ま	マ	2
majieru	まじえる	マジエル	0
majika	まじか	マジカ	0
majikku	まじっく	マジック	0
majime	まじめ	マジメ	0
majiri	まじり	マジリ	0
majiru	まじる	マジル	0
majishan	まじしゃん	マジシャン	0
majiwaru	まじわる	マジワル	0
majo	まじょ	マジョ	0
majosutairu	まじょすたいる	マジョスタイル	0
majutsu	まじゅつ	マジュツ	0
mak	ま	マ	2
makadamu	まかだむ	マカダム	0
makanau	まかなう	マカナウ	0
makaroni	まかろに	マカロニ	0
makaseru	まかせる	マカセル	0
makasu	まかす	マカス	0
make	まけ	マケ	0
makedonia	まけどにあ	マケドニア	0
makeinu	まけいぬ	マケイヌ	0
makekoshi	まけこし	マケコシ	0
makekyuuto	まけきゅうと	マケキュウト	0
makeru	まける	マケル	0
maki	まき	マキ	0
makiba	まきば	マキバ	0
makijaku	まきじゃく	マキジャク	0
makikaeshi	まきかえし	マキカエシ	0
makikomu	まきこむ	マキコム	0
makishi	まきし	マキシ	0
makizoe	まきぞえ	マキゾエ	0
makka	まっか	マッカ	0
makki	まっき	マッキ	0
makkintosshu	まっきんとっしゅ	マッキントッシュ	0
makkiteki	まっきてき	マッキテキ	0
makkou	まっこう	マッコウ	0
makku	まっく	マック	0
makkura	まっくら	マックラ	0
makkuro	まっくろ	マックロ	0
makkusu	まっくす	マックス	0
makoto	まこと	マコト	0
makotoni	まことに	マコトニ	0
makotoniarigatougozaimasu	まことにありがとうございます	マコトニアリガトウゴザイマス	0
maku	まく	マク	0
makuake	まくあけ	マクアケ	0
makugire	まくぎれ	マクギレ	0
makura	まくら	マクラ	0
makurame	まくらめ	マクラメ	0
makuro	まくろ	マクロ	0
makuru	まくる	マクル	0
makushita	まくした	マクシタ	0
makuuchi	まくうち	マクウチ	0
mam	ま	マ	2
mama	まま	ママ	0
mamamitto	ままみっと	ママミット	0
mamasan	ままさん	ママサン	0
mame	まめ	マメ	0
mamechishiki	まめちしき	マメチシキ	0
mamonaku	まもなく	マモナク	0
mamori	まもり	マモリ	0
mamoru	まもる	マモル	0
man	まん	マン	0
manaa	まなあ	マナア	0
manaamoodo	まなあもおど	マナアモオド	0
manabu	まなぶ	マナブ	0
manaita	まないた	マナイタ	0
manako	まなこ	マナコ	0
manatsu	まなつ	マナツ	0
manazashi	まなざし	マナザシ	0
manbiki	まんびき	マンビキ	0
manbo	まんぼ	マンボ	0
manchesutaa	まんちぇすたあ	マンチェスタア	0
manchou	まんちょう	マンチョウ	0
mandan	まんだん	マンダン	0
mandorin	まんどりん	マンドリン	0
mane	まね	マネ	0
manee	まねえ	マネエ	0
maneegeemu	まねえげえむ	マネエゲエム	0
maneejaa	まねえじゃあ	マネエジャア	0
maneejimento	まねえじめんと	マネエジメント	0
maneesapurai	まねえさぷらい	マネエサプライ	0
manejaa	まねじゃあ	マネジャア	0
manejimento	まねじめんと	マネジメント	0
maneki	まねき	マネキ	0
manekin	まねきん	マネキン	0
maneku	まねく	マネク	0
manen	まねん	マネン	0
maneru	まねる	マネル	0
manetsu	まねつ	マネツ	0
manga	まんが	マンガ	0
mangaichi	まんがいち	マンガイチ	0
mangaka	まんがか	マンガカ	0
mangan	まんがん	マンガン	0
mangetsu	まんげつ	マンゲツ	0
mangoo	まんごお	マンゴオ	0
manguroobu	まんぐろおぶ	マングロオブ	0
manhooru	まんほおる	マンホオル	0
mani	まに	マニ	0
mania	まにあ	マニア	0
maniajinrikisha	まにあじんりきしゃ	マニアジンリキシャ	0
maniakku	まにあっく	マニアック	0
maniau	まにあう	マニアウ	0
maniawase	まにあわせ	マニアワセ	0
maniawaseru	まにあわせる	マニアワセル	0
manichi	まにち	マニチ	0
manifyesuto	まにふぇすと	マニフェスト	0
manikyua	まにきゅあ	マニキュア	0
manin	まにん	マニン	0
manindensha	まにんでんしゃ	マニンデンシャ	0
manira	まにら	マニラ	0
manjou	まんじょう	マンジョウ	0
manjouitchi	まんじょうい	マンジョウイ	7
mankai	まんかい	マンカイ	0
manki	まんき	マンキ	0
mankitsu	まんきつ	マンキツ	0
manman	まんまん	マンマン	0
manmaru	まんまる	マンマル	0
manmen	まんめん	マンメン	0
manmosu	まんもす	マンモス	0
mannaka	まんなか	マンナカ	0
mannen	まんねん	マンネン	0
mannenhitsu	まんねんひつ	マンネンヒツ	0
manneri	まんねり	マンネリ	0
manp	まん	マン	3
manpa	まんぱ	マンパ	0
manpai	まんぱい	マンパイ	0
manpaw	まんぱ	マンパ	5
manpawa	まんぱわ	マンパワ	0
manpawaa	まんぱわあ	マンパワア	0
manpawaafukikomu	まんぱわあふきこむ	マンパワアフキコム	0
manpuku	まんぷく	マンプク	0
manrui	まんるい	マンルイ	0
manryou	まんりょう	マンリョウ	0
mans	まん	マン	3
mansa	まんさ	マンサ	0
mansai	まんさい	マンサイ	0
mansaisuneeku	まんさいすねえく	マンサイスネエク	0
mansei	まんせい	マンセイ	0
manseiteki	まんせいてき	マンセイテキ	0
manseki	まんせき	マンセキ	0
manshon	まんしょん	マンション	0
mansurii	まんすりい	マンスリイ	0
manten	まんてん	マンテン	0
manto	まんと	マント	0
mantoru	まんとる	マントル	0
mantsuuman	まんつうまん	マンツウマン	0
manugareru	まぬがれる	マヌガレル	0
manuke	まぬけ	マヌケ	0
manyuaru	まにゅある	マニュアル	0
manzai	まんざい	マンザイ	0
manzara	まんざら	マンザラ	0
manzoku	まんぞく	マンゾク	0
manzokukan	まんぞくかん	マンゾクカン	0
mappu	まっぷ	マップ	0
mapputatsu	まっぷたつ	マップタツ	0
mar	ま	マ	2
marakasu	まらかす	マラカス	0
mararia	まらりあ	マラリア	0
marason	まらそん	マラソン	0
mare	まれ	マレ	0
mareeshia	まれえしあ	マレエシア	0
mari	まり	マリ	0
marifuana	まりふあな	マリフアナ	0
mariin	まりいん	マリイン	0
mariina	まりいな	マリイナ	0
marin	まりん	マリン	0
marinba	まりんば	マリンバ	0
marinjinsoku	まりんじんそく	マリンジンソク	0
maron	まろん	マロン	0
maru	まる	マル	0
maruchi	まるち	マルチ	0
maruchimedeia	まるちめでいあ	マルチメデイア	0
maruchinashonaru	まるちなしょなる	マルチナショナル	0
marude	まるで	マルデ	0
marugari	まるがり	マルガリ	0
marugoto	まるごと	マルゴト	0
marui	まるい	マルイ	0
marukkiri	まるっきり	マルッキリ	0
maruku	まるく	マルク	0
marukusushugi	まるくすしゅぎ	マルクスシュギ	0
marumaru	まるまる	マルマル	0
marumekomu	まるめこむ	マルメコム	0
marumeru	まるめる	マルメル	0
marumi	まるみ	マルミ	0
maruta	まるた	マルタ	0
marutaaze	まるたあぜ	マルタアゼ	0
maryoku	まりょく	マリョク	0
mas	ま	マ	2
masachuusettsu	まさちゅうせっつ	マサチュウセッツ	0
masaka	まさか	マサカ	0
masani	まさに	マサニ	0
masaru	まさる	マサル	0
masatsu	まさつ	マサツ	0
masenka	ませんか	マセンカ	0
mashi	まし	マシ	0
mashiin	ましいん	マシイン	0
mashikaku	ましかく	マシカク	0
mashin	ましん	マシン	0
mashingan	ましんがん	マシンガン	0
mashite	まして	マシテ	0
mashouka	ましょうか	マショウカ	0
mashoumen	ましょうめん	マショウメン	0
mass	ま	マ	2
massa	まっさ	マッサ	0
massaaji	まっさあじ	マッサアジ	0
massaichuu	まっさいちゅう	マッサイチュウ	0
massak	まっさ	マッサ	5
massaki	まっさき	マッサキ	0
massakitsukuru	まっさきつくる	マッサキツクル	0
massao	まっさお	マッサオ	0
massaoishoku	まっさおいしょく	マッサオイショク	0
massatsu	まっさつ	マッサツ	0
masshiro	まっしろ	マッシロ	0
masshou	まっしょう	マッショウ	0
masshuruumu	まっしゅるうむ	マッシュルウム	0
massu	まっす	マッス	0
massug	まっす	マッス	5
massugu	まっすぐ	マッスグ	0
massugubooto	まっすぐぼおと	マッスグボオト	0
masu	ます	マス	0
masugeemu	ますげえむ	マスゲエム	0
masui	ますい	マスイ	0
masuk	ます	マス	4
masuko	ますこ	マスコ	0
masukom	ますこ	マスコ	6
masukomi	ますこみ	マスコミ	0
masukomijinsei	ますこみじんせい	マスコミジンセイ	0
masukotto	ますこっと	マスコット	0
masuku	ますく	マスク	0
masumasu	ますます	マスマス	0
masumedeia	ますめでいあ	マスメデイア	0
masutaa	ますたあ	マスタア	0
masutaado	ますたあど	マスタアド	0
masuto	ますと	マスト	0
mat	ま	マ	2
mata	また	マタ	0
matagaru	またがる	マタガル	0
matagu	またぐ	マタグ	0
mataha	または	マタハ	0
matane	またね	マタネ	0
matas	また	マタ	4
matase	またせ	マタセ	0
mataser	またせ	マタセ	6
mataseru	またせる	マタセル	0
mataserukatei	またせるかてい	マタセルカテイ	0
matasu	またす	マタス	0
matataku	またたく	マタタク	0
matcha	ま	マ	2
matchi	ま	マ	2
matchipuree	ま	マ	2
matenrou	まてんろう	マテンロウ	0
materiaru	まてりある	マテリアル	0
matomaru	まとまる	マトマル	0
matomatta	まとまった	マトマッタ	0
matome	まとめ	マトメ	0
matomeru	まとめる	マトメル	0
matomo	まとも	マトモ	0
matsu	まつ	マツ	0
matsubayashi	まつばやし	マツバヤシ	0
matsubi	まつび	マツビ	0
matsujitsu	まつじつ	マツジツ	0
matsuri	まつり	マツリ	0
matsurigoto	まつりごと	マツリゴト	0
matsuru	まつる	マツル	0
mattaku	まったく	マッタク	0
mattan	まったん	マッタン	0
mattari	まったり	マッタリ	0
matto	まっと	マット	0
mattoresu	まっとれす	マットレス	0
mattou	まっとう	マットウ	0
mattousuru	まっとうする	マットウスル	0
mau	まう	マウ	0
maue	まうえ	マウエ	0
maundo	まうんど	マウンド	0
maunten	まうんてん	マウンテン	0
maunto	まうんと	マウント	0
mausu	まうす	マウス	0
mawari	まわり	マワリ	0
mawarimichi	まわりみち	マワリミチ	0
mawaru	まわる	マワル	0
mawashi	まわし	マワシ	0
mawasu	まわす	マワス	0
may	ま	マ	2
maya	まや	マヤ	0
mayaku	まやく	マヤク	0
mayo	まよ	マヨ	0
mayoi	まよい	マヨイ	0
mayon	まよん	マヨン	0
mayona	まよな	マヨナ	0
mayonak	まよな	マヨナ	6
mayonaka	まよなか	マヨナカ	0
mayonakatebiki	まよなかてびき	マヨナカテビキ	0
mayoneezu	まよねえず	マヨネエズ	0
mayou	まよう	マヨウ	0
mayu	まゆ	マユ	0
mayuge	まゆげ	マユゲ	0
mazaaguusu	まざあぐうす	マザアグウス	0
mazakon	まざこん	マザコン	0
mazaringu	まざりんぐ	マザリング	0
mazaru	まざる	マザル	0
mazeawasu	まぜあわす	マゼアワス	0
mazemono	まぜもの	マゼモノ	0
mazeru	まぜる	マゼル	0
mazo	まぞ	マゾ	0
mazu	まず	マズ	0
mazui	まずい	マズイ	0
mazushii	まずしい	マズシイ	0
me	め	メ	0
meate	めあて	メアテ	0
mebae	めばえ	メバエ	0
mebana	めばな	メバナ	0
meberi	めべり	メベリ	0
mecchya	めっちゃ	メッチャ	0
mechakucha	めちゃくちゃ	メチャクチャ	0
mechamecha	めちゃめちゃ	メチャメチャ	0
mechiru	めちる	メチル	0
med	め	メ	2
meda	めだ	メダ	0
medam	めだ	メダ	4
medama	めだま	メダマ	0
medamas	めだま	メダマ	6
medamash	めだま	メダマ	6
medamasho	めだましょ	メダマショ	0
medamashou	めだましょう	メダマショウ	0
medamashouh	めだましょう	メダマショウ	10
medamashouhi	めだましょうひ	メダマショウヒ	0
medamashouhin	めだましょうひん	メダマショウヒン	0
medamashouhinkosu	めだましょうひんこす	メダマショウヒンコス	0
medarisuto	めだりすと	メダリスト	0
medaru	めだる	メダル	0
medatsu	めだつ	メダツ	0
medeia	めでいあ	メデイア	0
medeikaruenjiniaringu	めでいかるえんじにありんぐ	メデイカルエンジニアリング	0
medetai	めでたい	メデタイ	0
medo	めど	メド	0
medoree	めどれえ	メドレエ	0
medoreeriree	めどれえりれえ	メドレエリレエ	0
meedee	めえでえ	メエデエ	0
meekaa	めえかあ	メエカア	0
meeku	めえく	メエク	0
meen	めえん	メエン	0
meenbanku	めえんばんく	メエンバンク	0
meeru	めえる	メエル	0
meeruadoresu	めえるあどれす	メエルアドレス	0
meeta	めえた	メエタ	0
meetaa	めえたあ	メエタア	0
meeto	めえと	メエト	0
meetoru	めえとる	メエトル	0
meg	め	メ	2
mega	めが	メガ	0
megaherutsu	めがへるつ	メガヘルツ	0
megahon	めがほん	メガホン	0
megami	めがみ	メガミ	0
megane	めがね	メガネ	0
megasameru	めがさめる	メガサメル	0
megashira	めがしら	メガシラ	0
megu	めぐ	メグ	0
megum	めぐ	メグ	4
megumareru	めぐまれる	メグマレル	0
megumi	めぐみ	メグミ	0
megumu	めぐむ	メグム	0
megumubassai	めぐむばっさい	メグムバッサイ	0
meguriau	めぐりあう	メグリアウ	0
meguro	めぐろ	メグロ	0
meguru	めぐる	メグル	0
megusuri	めぐすり	メグスリ	0
mei	めい	メイ	0
meian	めいあん	メイアン	0
meibo	めいぼ	メイボ	0
meibunka	めいぶんか	メイブンカ	0
meibutsu	めいぶつ	メイブツ	0
meicho	めいちょ	メイチョ	0
meichuu	めいちゅう	メイチュウ	0
meidai	めいだい	メイダイ	0
meido	めいど	メイド	0
meifuku	めいふく	メイフク	0
meiga	めいが	メイガ	0
meigara	めいがら	メイガラ	0
meigen	めいげん	メイゲン	0
meigetsu	めいげつ	メイゲツ	0
meigi	めいぎ	メイギ	0
meihaku	めいはく	メイハク	0
meiji	めいじ	メイジ	0
meijijidai	めいじじだい	メイジジダイ	0
meijin	めいじん	メイジン	0
meijiru	めいじる	メイジル	0
meijitsu	めいじつ	メイジツ	0
meika	めいか	メイカ	0
meikai	めいかい	メイカイ	0
meikaku	めいかく	メイカク	0
meiki	めいき	メイキ	0
meiku	めいく	メイク	0
meikuappu	めいくあっぷ	メイクアップ	0
meikyoku	めいきょく	メイキョク	0
meikyuu	めいきゅう	メイキュウ	0
meimei	めいめい	メイメイ	0
meimoku	めいもく	メイモク	0
meimon	めいもん	メイモン	0
mein	めいん	メイン	0
meinichi	めいにち	メイニチ	0
meinsutoriito	めいんすとりいと	メインストリイト	0
meinsuuokunen	めいんすうおくねん	メインスウオクネン	0
meirei	めいれい	メイレイ	0
meiro	めいろ	メイロ	0
meirou	めいろう	メイロウ	0
meiryou	めいりょう	メイリョウ	0
meis	めい	メイ	3
meisa	めいさ	メイサ	0
meisai	めいさい	メイサイ	0
meisaidainaasukurabu	めいさいだいなあすくらぶ	メイサイダイナアスクラブ	0
meisaku	めいさく	メイサク	0
meisei	めいせい	メイセイ	0
meishi	めいし	メイシ	0
meishin	めいしん	メイシン	0
meisho	めいしょ	メイショ	0
meishou	めいしょう	メイショウ	0
meishu	めいしゅ	メイシュ	0
meisou	めいそう	メイソウ	0
meito	めいと	メイト	0
meiun	めいうん	メイウン	0
meiw	めい	メイ	3
meiwa	めいわ	メイワ	0
meiwak	めいわ	メイワ	5
meiwaku	めいわく	メイワク	0
meiwakuk	めいわく	メイワク	7
meiwakuko	めいわくこ	メイワクコ	0
meiwakukou	めいわくこう	メイワクコウ	0
meiwakukoui	めいわくこうい	メイワクコウイ	0
meiwakukouigekisaku	めいわくこういげきさく	メイワクコウイゲキサク	0
meiy	めい	メイ	3
meiyaku	めいやく	メイヤク	0
meiyo	めいよ	メイヨ	0
meiyoshoku	めいよしょく	メイヨショク	0
meiyotakku	めいよたっく	メイヨタック	0
meiyuu	めいゆう	メイユウ	0
meizuru	めいずる	メイズル	0
mejaa	めじゃあ	メジャア	0
mejiro	めじろ	メジロ	0
mejirooshi	めじろおし	メジロオシ	0
mejirushi	めじるし	メジルシ	0
meka	めか	メカ	0
mekanikku	めかにっく	メカニック	0
mekanizumu	めかにずむ	メカニズム	0
mekata	めかた	メカタ	0
mekimeki	めきめき	メキメキ	0
mekishiko	めきしこ	メキシコ	0
mekishikowan	めきしこわん	メキシコワン	0
mekka	めっか	メッカ	0
mekkiri	めっきり	メッキリ	0
mekonderuta	めこんでるた	メコンデルタ	0
meku	めく	メク	0
mekura	めくら	メクラ	0
mekuru	めくる	メクル	0
memai	めまい	メマイ	0
memo	めも	メモ	0
memochou	めもちょう	メモチョウ	0
memori	めもり	メモリ	0
memoriaru	めもりある	メモリアル	0
memoriaruhooru	めもりあるほおる	メモリアルホオル	0
memorii	めもりい	メモリイ	0
memoriikaado	めもりいかあど	メモリイカアド	0
men	めん	メン	0
menbaa	めんばあ	メンバア	0
menboku	めんぼく	メンボク	0
mendan	めんだん	メンダン	0
mendokusai	めんどくさい	メンドクサイ	0
mendou	めんどう	メンドウ	0
mendoukusai	めんどうくさい	メンドウクサイ	0
meneki	めねき	メネキ	0
menfyisu	めんふぃす	メンフィス	0
menjo	めんじょ	メンジョ	0
menjou	めんじょう	メンジョウ	0
menkai	めんかい	メンカイ	0
menkyo	めんきょ	メンキョ	0
menkyoshou	めんきょしょう	メンキョショウ	0
menmen	めんめん	メンメン	0
menmitsu	めんみつ	メンミツ	0
menmoku	めんもく	メンモク	0
menomae	めのまえ	メノマエ	0
menpu	めんぷ	メンプ	0
mens	めん	メン	3
mense	めんせ	メンセ	0
menseki	めんせき	メンセキ	0
menset	めんせ	メンセ	5
mensets	めんせ	メンセ	5
mensetsu	めんせつ	メンセツ	0
mensetsuchechen	めんせつちぇちぇん	メンセツチェチェン	0
menshiki	めんしき	メンシキ	0
menshoku	めんしょく	メンショク	0
mensuru	めんする	メンスル	0
mentaritei	めんたりてい	メンタリテイ	0
mentariteii	めんたりていい	メンタリテイイ	0
mentaru	めんたる	メンタル	0
mentaruherusu	めんたるへるす	メンタルヘルス	0
mentenansu	めんてなんす	メンテナンス	0
mentsu	めんつ	メンツ	0
menuki	めぬき	メヌキ	0
menyuu	めにゅう	メニュウ	0
menzei	めんぜい	メンゼイ	0
mer	め	メ	2
meranin	めらにん	メラニン	0
merenge	めれんげ	メレンゲ	0
meri	めり	メリ	0
merii	めりい	メリイ	0
meriisetogiwa	めりいせとぎわ	メリイセトギワ	0
meritto	めりっと	メリット	0
merodei	めろでい	メロデイ	0
merodeii	めろでいい	メロデイイ	0
merodorama	めろどらま	メロドラマ	0
meron	めろん	メロン	0
meruborun	めるぼるん	メルボルン	0
meruhen	めるへん	メルヘン	0
merukumaaru	めるくまある	メルクマアル	0
merushii	めるしい	メルシイ	0
mes	め	メ	2
mesaki	めさき	メサキ	0
mesh	め	メ	2
meshi	めし	メシ	0
meshia	めしあ	メシア	0
meshiagaru	めしあがる	メシアガル	0
meshiintoneeshon	めしいんとねえしょん	メシイントネエション	0
meshita	めした	メシタ	0
mesojisuto	めそじすと	メソジスト	0
mesopotamia	めそぽたみあ	メソポタミア	0
messe	めっせ	メッセ	0
messeeji	めっせえじ	メッセエジ	0
messhu	めっしゅ	メッシュ	0
mesu	めす	メス	0
met	め	メ	2
meta	めた	メタ	0
metaborikku	めたぼりっく	メタボリック	0
metan	めたん	メタン	0
metang	めたん	メタン	5
metanga	めたんが	メタンガ	0
metangas	めたんが	メタンガ	7
metangasu	めたんがす	メタンガス	0
metangasusumasu	めたんがすすます	メタンガススマス	0
metanooru	めたのおる	メタノオル	0
metarikku	めたりっく	メタリック	0
metaru	めたる	メタル	0
metorikku	めとりっく	メトリック	0
metoro	めとろ	メトロ	0
metoronoomu	めとろのおむ	メトロノオム	0
metoroporitan	めとろぽりたん	メトロポリタン	0
metsubou	めつぼう	メツボウ	0
metsuki	めつき	メツキ	0
metta	めった	メッタ	0
mettani	めったに	メッタニ	0
meue	めうえ	メウエ	0
mewotoosu	めをとおす	メヲトオス	0
meyasu	めやす	メヤス	0
mezamashi	めざまし	メザマシ	0
mezamashidokei	めざましどけい	メザマシドケイ	0
mezamashii	めざましい	メザマシイ	0
mezameru	めざめる	メザメル	0
mezasu	めざす	メザス	0
mezon	めぞん	メゾン	0
mezosopurano	めぞそぷらの	メゾソプラノ	0
mezurashii	めずらしい	メズラシイ	0
mi	み	ミ	0
miageru	みあげる	ミアゲル	0
miai	みあい	ミアイ	0
miataranai	みあたらない	ミアタラナイ	0
miataru	みあたる	ミアタル	0
miawaseru	みあわせる	ミアワセル	0
mibae	みばえ	ミバエ	0
miboujin	みぼうじん	ミボウジン	0
mibun	みぶん	ミブン	0
mibunshoumeisho	みぶんしょうめいしょ	ミブンショウメイショ	0
miburi	みぶり	ミブリ	0
miburui	みぶるい	ミブルイ	0
micchye	みっちぇ	ミッチェ	0
michi	みち	ミチ	0
michibata	みちばた	ミチバタ	0
michibiku	みちびく	ミチビク	0
michigaeru	みちがえる	ミチガエル	0
michijun	みちじゅん	ミチジュン	0
michikusa	みちくさ	ミチクサ	0
michinori	みちのり	ミチノリ	0
michiru	みちる	ミチル	0
michisuji	みちすじ	ミチスジ	0
michisuu	みちすう	ミチスウ	0
mid	み	ミ	2
midare	みだれ	ミダレ	0
midareru	みだれる	ミダレル	0
midashi	みだし	ミダシ	0
midasu	みだす	ミダス	0
middonaito	みっどないと	ミッドナイト	0
midei	みでい	ミデイ	0
mido	みど	ミド	0
midokoro	みどころ	ミドコロ	0
midor	みど	ミド	4
midori	みどり	ミドリ	0
midorii	みどりい	ミドリイ	0
midoriir	みどりい	ミドリイ	7
midoriiro	みどりいろ	ミドリイロ	0
midoriirohiiroo	みどりいろひいろお	ミドリイロヒイロオ	0
midoru	みどる	ミドル	0
midoruhooru	みどるほおる	ミドルホオル	0
midorukyuu	みどるきゅう	ミドルキュウ	0
mie	みえ	ミエ	0
miekakure	みえかくれ	ミエカクレ	0
mieru	みえる	ミエル	0
mig	み	ミ	2
migaki	みがき	ミガキ	0
migaku	みがく	ミガク	0
migara	みがら	ミガラ	0
migaru	みがる	ミガル	0
migawari	みがわり	ミガワリ	0
migi	みぎ	ミギ	0
migiashi	みぎあし	ミギアシ	0
migigawa	みぎがわ	ミギガワ	0
migik	みぎ	ミギ	4
migiku	みぎく	ミギク	0
migikur	みぎく	ミギク	6
migikuri	みぎくり	ミギクリ	0
migikurik	みぎくり	ミギクリ	8
migikurikk	みぎくり	ミギクリ	8
migikurikku	みぎくりっく	ミギクリック	0
migikurikkukeiki	みぎくりっくけいき	ミギクリックケイキ	0
migishita	みぎした	ミギシタ	0
migite	みぎて	ミギテ	0
migiude	みぎうで	ミギウデ	0
migiue	みぎうえ	ミギウエ	0
migoto	みごと	ミゴト	0
migu	みぐ	ミグ	0
migurushii	みぐるしい	ミグルシイ	0
mih	み	ミ	2
miha	みは	ミハ	0
mihanasu	みはなす	ミハナス	0
mihappyou	みはっぴょう	ミハッピョウ	0
mihar	みは	ミハ	4
mihara	みはら	ミハラ	0
miharai	みはらい	ミハライ	0
miharas	みはら	ミハラ	6
miharash	みはら	ミハラ	6
miharashi	みはらし	ミハラシ	0
miharashinae	みはらしなえ	ミハラシナエ	0
miharasu	みはらす	ミハラス	0
mihari	みはり	ミハリ	0
miharu	みはる	ミハル	0
miho	みほ	ミホ	0
mihon	みほん	ミホン	0
mihoni	みほに	ミホニ	0
mihonic	みほに	ミホニ	6
mihonich	みほに	ミホニ	6
mihonichi	みほにち	ミホニチ	0
mihonichihinpatsu	みほにちひんぱつ	ミホニチヒンパツ	0
miidasu	みいだす	ミイダス	0
miihaa	みいはあ	ミイハア	0
miiizumu	みいいずむ	ミイイズム	0
miira	みいら	ミイラ	0
miiru	みいる	ミイル	0
miiteingu	みいていんぐ	ミイテイング	0
miito	みいと	ミイト	0
mij	み	ミ	2
miji	みじ	ミジ	0
mijik	みじ	ミジ	4
mijika	みじか	ミジカ	0
mijikai	みじかい	ミジカイ	0
mijikaizousui	みじかいぞうすい	ミジカイゾウスイ	0
mijikame	みじかめ	ミジカメ	0
mijim	みじ	ミジ	4
mijime	みじめ	ミジメ	0
mijimemokuzou	みじめもくぞう	ミジメモクゾウ	0
mijin	みじん	ミジン	0
mijinerekigitaa	みじねれきぎたあ	ミジネレキギタア	0
mijingiri	みじんぎり	ミジンギリ	0
mijuku	みじゅく	ミジュク	0
mijukuji	みじゅくじ	ミジュクジ	0
mikado	みかど	ミカド	0
mikaeri	みかえり	ミカエリ	0
mikaesu	みかえす	ミカエス	0
mikagiru	みかぎる	ミカギル	0
mikai	みかい	ミカイ	0
mikaiketsu	みかいけつ	ミカイケツ	0
mikake	みかけ	ミカケ	0
mikakeru	みかける	ミカケル	0
mikaku	みかく	ミカク	0
mikan	みかん	ミカン	0
mikansei	みかんせい	ミカンセイ	0
mikata	みかた	ミカタ	0
mikazuki	みかずき	ミカズキ	0
miketsu	みけつ	ミケツ	0
miki	みき	ミキ	0
mikiri	みきり	ミキリ	0
mikirihassha	みきりはっしゃ	ミキリハッシャ	0
mikisaa	みきさあ	ミキサア	0
mikiwameru	みきわめる	ミキワメル	0
mikka	みっか	ミッカ	0
mikkou	みっこう	ミッコウ	0
mikkusu	みっくす	ミックス	0
miko	みこ	ミコ	0
mikomi	みこみ	ミコミ	0
mikomu	みこむ	ミコム	0
mikon	みこん	ミコン	0
mikoshi	みこし	ミコシ	0
mikotonori	みことのり	ミコトノリ	0
mikudasu	みくだす	ミクダス	0
mikuraberu	みくらべる	ミクラベル	0
mikuro	みくろ	ミクロ	0
mikuron	みくろん	ミクロン	0
mikuroneshia	みくろねしあ	ミクロネシア	0
mimai	みまい	ミマイ	0
mimamoru	みまもる	ミマモル	0
miman	みまん	ミマン	0
mimau	みまう	ミマウ	0
mimei	みめい	ミメイ	0
mimi	みみ	ミミ	0
mimikku	みみっく	ミミック	0
mimimoto	みみもと	ミミモト	0
mimiyori	みみより	ミミヨリ	0
mimizawari	みみざわり	ミミザワリ	0
mimoto	みもと	ミモト	0
min	みん	ミン	0
mina	みな	ミナ	0
minage	みなげ	ミナゲ	0
minamatabyou	みなまたびょう	ミナマタビョウ	0
minami	みなみ	ミナミ	0
minamiafurika	みなみあふりか	ミナミアフリカ	0
minamigawa	みなみがわ	ミナミガワ	0
minamiguchi	みなみぐち	ミナミグチ	0
minamoto	みなもと	ミナモト	0
minaoshi	みなおし	ミナオシ	0
minaosu	みなおす	ミナオス	0
minarai	みならい	ミナライ	0
minarau	みならう	ミナラウ	0
minareru	みなれる	ミナレル	0
minari	みなり	ミナリ	0
minasama	みなさま	ミナサマ	0
minasan	みなさん	ミナサン	0
minasu	みなす	ミナス	0
minato	みなと	ミナト	0
minchi	みんち	ミンチ	0
mine	みね	ミネ	0
minei	みねい	ミネイ	0
mineika	みねいか	ミネイカ	0
miner	みね	ミネ	4
minera	みねら	ミネラ	0
minerar	みねら	ミネラ	6
mineraru	みねらる	ミネラル	0
minerarusuisen	みねらるすいせん	ミネラルスイセン	0
minesota	みねそた	ミネソタ	0
mingei	みんげい	ミンゲイ	0
mini	みに	ミニ	0
minibaffua	みにばっふあ	ミニバッフア	0
minichua	みにちゅあ	ミニチュア	0
minideisuku	みにでいすく	ミニデイスク	0
minik	みに	ミニ	4
minikomi	みにこみ	ミニコミ	0
miniku	みにく	ミニク	0
minikui	みにくい	ミニクイ	0
minikuiikka	みにくいいっか	ミニクイイッカ	0
minimamu	みにまむ	ミニマム	0
minisukaato	みにすかあと	ミニスカアト	0
minisuranpu	みにすらんぷ	ミニスランプ	0
minitsukeru	みにつける	ミニツケル	0
minji	みんじ	ミンジ	0
minju	みんじゅ	ミンジュ	0
minka	みんか	ミンカ	0
minkan	みんかん	ミンカン	0
minkanhousou	みんかんほうそう	ミンカンホウソウ	0
minku	みんく	ミンク	0
minna	みんな	ミンナ	0
minogasu	みのがす	ミノガス	0
minomawari	みのまわり	ミノマワリ	0
minori	みのり	ミノリ	0
minoru	みのる	ミノル	0
minoshirokinyoukyuu	みのしろきにょうきゅう	ミノシロキニョウキュウ	0
minou	みのう	ミノウ	0
minoue	みのうえ	ミノウエ	0
minpei	みんぺい	ミンペイ	0
minpou	みんぽう	ミンポウ	0
minsei	みんせい	ミンセイ	0
minshatou	みんしゃとう	ミンシャトウ	0
minshu	みんしゅ	ミンシュ	0
minshukoku	みんしゅこく	ミンシュコク	0
minshuku	みんしゅく	ミンシュク	0
minshushugi	みんしゅしゅぎ	ミンシュシュギ	0
minshuteki	みんしゅてき	ミンシュテキ	0
minshutou	みんしゅとう	ミンシュトウ	0
minshuu	みんしゅう	ミンシュウ	0
mint	みん	ミン	3
minto	みんと	ミント	0
mintosuiji	みんとすいじ	ミントスイジ	0
minwa	みんわ	ミンワ	0
minyou	みにょう	ミニョウ	0
minzoku	みんぞく	ミンゾク	0
minzokujiketsu	みんぞくじけつ	ミンゾクジケツ	0
minzokushugi	みんぞくしゅぎ	ミンゾクシュギ	0
mioboe	みおぼえ	ミオボエ	0
miokuri	みおくり	ミオクリ	0
miokuru	みおくる	ミオクル	0
miorosu	みおろす	ミオロス	0
miotosu	みおとす	ミオトス	0
mir	み	ミ	2
miraa	みらあ	ミラア	0
miraaju	みらあじゅ	ミラアジュ	0
mirai	みらい	ミライ	0
mirakuru	みらくる	ミラクル	0
mire	みれ	ミレ	0
miren	みれん	ミレン	0
mireniamu	みれにあむ	ミレニアム	0
mirensupootsukaa	みれんすぽおつかあ	ミレンスポオツカア	0
miri	みり	ミリ	0
miribaaru	みりばある	ミリバアル	0
miriguramu	みりぐらむ	ミリグラム	0
mirimeetoru	みりめえとる	ミリメエトル	0
mirion	みりおん	ミリオン	0
mirionseraa	みりおんせらあ	ミリオンセラア	0
miririttoru	みりりっとる	ミリリットル	0
miritariirukku	みりたりいるっく	ミリタリイルック	0
miru	みる	ミル	0
miruku	みるく	ミルク	0
mirumiru	みるみる	ミルミル	0
miruuookii	みるうおおきい	ミルウオオキイ	0
miryoku	みりょく	ミリョク	0
miryokuteki	みりょくてき	ミリョクテキ	0
miryou	みりょう	ミリョウ	0
mis	み	ミ	2
misa	みさ	ミサ	0
misairu	みさいる	ミサイル	0
misaki	みさき	ミサキ	0
misao	みさお	ミサオ	0
misasagi	みささぎ	ミササギ	0
mise	みせ	ミセ	0
miseba	みせば	ミセバ	0
misebirakasu	みせびらかす	ミセビラカス	0
misebiraki	みせびらき	ミセビラキ	0
miseinen	みせいねん	ミセイネン	0
miseinensha	みせいねんしゃ	ミセイネンシャ	0
misekake	みせかけ	ミセカケ	0
miser	みせ	ミセ	4
miseru	みせる	ミセル	0
miseruhyougi	みせるひょうぎ	ミセルヒョウギ	0
misesaki	みせさき	ミセサキ	0
misesu	みせす	ミセス	0
mishigan	みしがん	ミシガン	0
mishin	みしん	ミシン	0
mishiranu	みしらぬ	ミシラヌ	0
miso	みそ	ミソ	0
misok	みそ	ミソ	4
misoka	みそか	ミソカ	0
misokaihou	みそかいほう	ミソカイホウ	0
misokonau	みそこなう	ミソコナウ	0
misoshiru	みそしる	ミソシル	0
missetsu	みっせつ	ミッセツ	0
misshitsu	みっしつ	ミッシツ	0
misshon	みっしょん	ミッション	0
misshuu	みっしゅう	ミッシュウ	0
misu	みす	ミス	0
misugosu	みすごす	ミスゴス	0
misui	みすい	ミスイ	0
misumatchi	みすま	ミスマ	6
misumisu	みすみす	ミスミス	0
misupurinto	みすぷりんと	ミスプリント	0
misut	みす	ミス	4
misutaa	みすたあ	ミスタア	0
misute	みすて	ミステ	0
misuter	みすて	ミステ	6
misuteri	みすてり	ミステリ	0
misuteria	みすてりあ	ミステリア	0
misuterias	みすてりあ	ミステリア	9
misuteriasu	みすてりあす	ミステリアス	0
misuteriasusuiei	みすてりあすすいえい	ミステリアススイエイ	0
misuterii	みすてりい	ミステリイ	0
misuteru	みすてる	ミステル	0
mit	み	ミ	2
mita	みた	ミタ	0
mitai	みたい	ミタイ	0
mitam	みた	ミタ	4
mitame	みため	ミタメ	0
mitameeitango	みためえいたんご	ミタメエイタンゴ	0
mitasu	みたす	ミタス	0
mitatokoro	みたところ	ミタトコロ	0
mitchaku	み	ミ	2
mitei	みてい	ミテイ	0
mitodokeru	みとどける	ミトドケル	0
mitokondoria	みとこんどりあ	ミトコンドリア	0
mitome	みとめ	ミトメ	0
mitomein	みとめいん	ミトメイン	0
mitomeru	みとめる	ミトメル	0
mitooshi	みとおし	ミトオシ	0
mitsu	みつ	ミツ	0
mitsubai	みつばい	ミツバイ	0
mitsudo	みつど	ミツド	0
mitsukaru	みつかる	ミツカル	0
mitsukeru	みつける	ミツケル	0
mitsumeru	みつめる	ミツメル	0
mitsumori	みつもり	ミツモリ	0
mitsunyuukoku	みつにゅうこく	ミツニュウコク	0
mitsurin	みつりん	ミツリン	0
mitsuryou	みつりょう	ミツリョウ	0
mitsuyaku	みつやく	ミツヤク	0
mitsuyu	みつゆ	ミツユ	0
mitto	みっと	ミット	0
mittomonai	みっともない	ミットモナイ	0
mittsu	みっつ	ミッツ	0
miuchi	みうち	ミウチ	0
miugoki	みうごき	ミウゴキ	0
miukeru	みうける	ミウケル	0
miushinau	みうしなう	ミウシナウ	0
miwake	みわけ	ミワケ	0
miwakeru	みわける	ミワケル	0
miwaku	みわく	ミワク	0
miwatasu	みわたす	ミワタス	0
miyaburu	みやぶる	ミヤブル	0
miyage	みやげ	ミヤゲ	0
miyako	みやこ	ミヤコ	0
miyama	みやま	ミヤマ	0
miyori	みより	ミヨリ	0
mizen	みぜん	ミゼン	0
mizo	みぞ	ミゾ	0
mizu	みず	ミズ	0
mizuage	みずあげ	ミズアゲ	0
mizube	みずべ	ミズベ	0
mizubitashi	みずびたし	ミズビタシ	0
mizugi	みずぎ	ミズギ	0
mizugiwa	みずぎわ	ミズギワ	0
mizuguchi	みずぐち	ミズグチ	0
mizuirazu	みずいらず	ミズイラズ	0
mizuiro	みずいろ	ミズイロ	0
mizukara	みずから	ミズカラ	0
mizuke	みずけ	ミズケ	0
mizukusai	みずくさい	ミズクサイ	0
mizumashi	みずまし	ミズマシ	0
mizumizushii	みずみずしい	ミズミズシイ	0
mizushirazu	みずしらず	ミズシラズ	0
mizutama	みずたま	ミズタマ	0
mizutori	みずとり	ミズトリ	0
mizuumi	みずうみ	ミズウミ	0
mizuuri	みずうり	ミズウリ	0
mizuwari	みずわり	ミズワリ	0
mma	っま	ッマ	0
mmacchyi	っまっちぃ	ッマッチィ	0
mme	っめ	ッメ	0
mmecchyo	っめっちょ	ッメッチョ	0
mmi	っみ	ッミ	0
mmicchyu	っみっちゅ	ッミッチュ	0
mmo	っも	ッモ	0
mmocci	っもっき	ッモッキ	0
mmu	っむ	ッム	0
mmucco	っむっこ	ッムッコ	0
mmya	っみゃ	ッミャ	0
mmyaccu	っみゃっく	ッミャック	0
mmye	っみぇ	ッミェ	0
mmyeccwa	っみぇっくぁ	ッミェックァ	0
mmyi	っみぃ	ッミィ	0
mmyiccwe	っみぃっくぇ	ッミィックェ	0
mmyo	っみょ	ッミョ	0
mmyoccwi	っみょっくぃ	ッミョックィ	0
mmyu	っみゅ	ッミュ	0
mmyuccwo	っみゅっくぉ	ッミュックォ	0
mo	も	モ	0
moare	もあれ	モアレ	0
moc	も	モ	2
moccwu	もっくぅ	モックゥ	0
moch	も	モ	2
mochi	もち	モチ	0
mochiageru	もちあげる	モチアゲル	0
mochiai	もちあい	モチアイ	0
mochiaji	もちあじ	モチアジ	0
mochidashi	もちだし	モチダシ	0
mochidasu	もちだす	モチダス	0
mochiie	もちいえ	モチイエ	0
mochiifu	もちいふ	モチイフ	0
mochiiru	もちいる	モチイル	0
mochikabu	もちかぶ	モチカブ	0
mochikaeri	もちかえり	モチカエリ	0
mochikaeru	もちかえる	モチカエル	0
mochikomi	もちこみ	モチコミ	0
mochikomu	もちこむ	モチコム	0
mochikosu	もちこす	モチコス	0
mochikotaeru	もちこたえる	モチコタエル	0
mochimae	もちまえ	モチマエ	0
mochimawari	もちまわり	モチマワリ	0
mochimono	もちもの	モチモノ	0
mochinaosu	もちなおす	モチナオス	0
mochinushi	もちぬし	モチヌシ	0
mochiron	もちろん	モチロン	0
mochiteneshii	もちてねしい	モチテネシイ	0
mochizuki	もちずき	モチズキ	0
mod	も	モ	2
modan	もだん	モダン	0
modandansu	もだんだんす	モダンダンス	0
modanizumu	もだにずむ	モダニズム	0
mode	もで	モデ	0
modeisuto	もでいすと	モデイスト	0
modem	もで	モデ	4
modemu	もでむ	モデム	0
modemunarubeku	もでむなるべく	モデムナルベク	0
moderu	もでる	モデル	0
moderugan	もでるがん	モデルガン	0
moderukeesu	もでるけえす	モデルケエス	0
modoki	もどき	モドキ	0
modori	もどり	モドリ	0
modoru	もどる	モドル	0
modoshi	もどし	モドシ	0
modosu	もどす	モドス	0
moeagaru	もえあがる	モエアガル	0
moeru	もえる	モエル	0
mofuku	もふく	モフク	0
mog	も	モ	2
mogaku	もがく	モガク	0
mogi	もぎ	モギ	0
mogishiken	もぎしけん	モギシケン	0
mogu	もぐ	モグ	0
mogufurigeeto	もぐふりげえと	モグフリゲエト	0
mohan	もはん	モハン	0
mohaya	もはや	モハヤ	0
mohou	もほう	モホウ	0
moji	もじ	モジ	0
mojidoori	もじどおり	モジドオリ	0
mok	も	モ	2
mokei	もけい	モケイ	0
mokk	も	モ	2
mokka	もっか	モッカ	0
mokkateisshupeepaa	もっかていっしゅぺえぱあ	モッカテイッシュペエパア	0
mokkou	もっこう	モッコウ	0
mokkuappu	もっくあっぷ	モックアップ	0
mokuchou	もくちょう	モクチョウ	0
mokugeki	もくげき	モクゲキ	0
mokuhen	もくへん	モクヘン	0
mokuhyou	もくひょう	モクヒョウ	0
mokuji	もくじ	モクジ	0
mokunin	もくにん	モクニン	0
mokuroku	もくろく	モクロク	0
mokusatsu	もくさつ	モクサツ	0
mokusei	もくせい	モクセイ	0
mokusoku	もくそく	モクソク	0
mokutan	もくたん	モクタン	0
mokuteki	もくてき	モクテキ	0
mokutekichi	もくてきち	モクテキチ	0
mokutou	もくとう	モクトウ	0
mokuyou	もくよう	モクヨウ	0
mokuyoubi	もくようび	モクヨウビ	0
mokuzai	もくざい	モクザイ	0
mokuzen	もくぜん	モクゼン	0
mokuzou	もくぞう	モクゾウ	0
momen	もめん	モメン	0
momeru	もめる	モメル	0
momiji	もみじ	モミジ	0
momizumu	もみずむ	モミズム	0
momo	もも	モモ	0
momoiro	ももいろ	モモイロ	0
momu	もむ	モム	0
mon	もん	モン	0
monb	もん	モン	3
monbu	もんぶ	モンブ	0
monbukagakushou	もんぶかがくしょう	モンブカガクショウ	0
monbukokoa	もんぶここあ	モンブココア	0
monbushou	もんぶしょう	モンブショウ	0
mondai	もんだい	モンダイ	0
mondaiishiki	もんだいいしき	モンダイイシキ	0
mondainai	もんだいない	モンダイナイ	0
mondaiten	もんだいてん	モンダイテン	0
mondou	もんどう	モンドウ	0
mongaikan	もんがいかん	モンガイカン	0
mongorizumu	もんごりずむ	モンゴリズム	0
monitaa	もにたあ	モニタア	0
monitaringu	もにたりんぐ	モニタリング	0
monka	もんか	モンカ	0
monkasei	もんかせい	モンカセイ	0
monkii	もんきい	モンキイ	0
monkirigata	もんきりがた	モンキリガタ	0
monko	もんこ	モンコ	0
monku	もんく	モンク	0
monkunashi	もんくなし	モンクナシ	0
mono	もの	モノ	0
monogatari	ものがたり	モノガタリ	0
monogataru	ものがたる	モノガタル	0
monogokoro	ものごころ	モノゴコロ	0
monogoshi	ものごし	モノゴシ	0
monogoto	ものごと	モノゴト	0
monohoshi	ものほし	モノホシ	0
monoii	ものいい	モノイイ	0
monokage	ものかげ	モノカゲ	0
monokuro	ものくろ	モノクロ	0
monono	ものの	モノノ	0
monooboe	ものおぼえ	モノオボエ	0
monooki	ものおき	モノオキ	0
monooto	ものおと	モノオト	0
monoraru	ものらる	モノラル	0
monoreeru	ものれえる	モノレエル	0
monoroogu	ものろおぐ	モノロオグ	0
monosashi	ものさし	モノサシ	0
monosugoi	ものすごい	モノスゴイ	0
monotarinai	ものたりない	モノタリナイ	0
monotoon	ものとおん	モノトオン	0
monowakare	ものわかれ	モノワカレ	0
monozuki	ものずき	モノズキ	0
monpari	もんぱり	モンパリ	0
monpi	もんぴ	モンピ	0
monseki	もんせき	モンセキ	0
monshou	もんしょう	モンショウ	0
monsutaa	もんすたあ	モンスタア	0
monsuun	もんすうん	モンスウン	0
montaaju	もんたあじゅ	モンタアジュ	0
montana	もんたな	モンタナ	0
montekaruro	もんてかるろ	モンテカルロ	0
monyou	もにょう	モニョウ	0
monyumento	もにゅめんと	モニュメント	0
monzen	もんぜん	モンゼン	0
monzenbarai	もんぜんばらい	モンゼンバライ	0
moo	もお	モオ	0
moobiruhausu	もおびるはうす	モオビルハウス	0
moodo	もおど	モオド	0
moogeeji	もおげえじ	モオゲエジ	0
mooningu	もおにんぐ	モオニング	0
mooru	もおる	モオル	0
mooshon	もおしょん	モオション	0
moot	もお	モオ	3
moota	もおた	モオタ	0
mootaa	もおたあ	モオタア	0
mootaas	もおたあ	モオタア	6
mootaasa	もおたあさ	モオタアサ	0
mootaasai	もおたあさい	モオタアサイ	0
mootaasaik	もおたあさい	モオタアサイ	9
mootaasaiku	もおたあさいく	モオタアサイク	0
mootaasaikur	もおたあさいく	モオタアサイク	11
mootaasaikuru	もおたあさいくる	モオタアサイクル	0
mootaasaikuruseizoroi	もおたあさいくるせいぞろい	モオタアサイクルセイゾロイ	0
mootaashoo	もおたあしょお	モオタアショオ	0
mootarizeeshon	もおたりぜえしょん	モオタリゼエション	0
mootsuaruto	もおつあると	モオツアルト	0
moozeru	もおぜる	モオゼル	0
moppara	もっぱら	モッパラ	0
mor	も	モ	2
moraru	もらる	モラル	0
morasu	もらす	モラス	0
moratoriamu	もらとりあむ	モラトリアム	0
morau	もらう	モラウ	0
moreru	もれる	モレル	0
mori	もり	モリ	0
moriagari	もりあがり	モリアガリ	0
moriagaru	もりあがる	モリアガル	0
moriageru	もりあげる	モリアゲル	0
morikomu	もりこむ	モリコム	0
morisudansu	もりすだんす	モリスダンス	0
moritsuke	もりつけ	モリツケ	0
moro	もろ	モロ	0
moroi	もろい	モロイ	0
morok	もろ	モロ	4
morokk	もろ	モロ	4
morokko	もろっこ	モロッコ	0
morokkoseijiryoku	もろっこせいじりょく	モロッコセイジリョク	0
moru	もる	モル	0
morudoba	もるどば	モルドバ	0
morugu	もるぐ	モルグ	0
moruhine	もるひね	モルヒネ	0
morumotto	もるもっと	モルモット	0
morutaru	もるたる	モルタル	0
mosado	もさど	モサド	0
mosaku	もさく	モサク	0
moshi	もし	モシ	0
moshika	もしか	モシカ	0
moshikashitara	もしかしたら	モシカシタラ	0
moshikashite	もしかして	モシカシテ	0
moshikasuruto	もしかすると	モシカスルト	0
moshikuha	もしくは	モシクハ	0
moshimo	もしも	モシモ	0
moshimoshi	もしもし	モシモシ	0
moshou	もしょう	モショウ	0
moshu	もしゅ	モシュ	0
mosuguriin	もすぐりいん	モスグリイン	0
mosuku	もすく	モスク	0
mosukuwa	もすくわ	モスクワ	0
mot	も	モ	2
motarasu	もたらす	モタラス	0
motareru	もたれる	モタレル	0
mote	もて	モテ	0
moteiifu	もていいふ	モテイイフ	0
motenai	もてない	モテナイ	0
motenashi	もてなし	モテナシ	0
motenasu	もてなす	モテナス	0
moteru	もてる	モテル	0
moto	もと	モト	0
motok	もと	モト	4
motoki	もとき	モトキ	0
motokisukeeto	もときすけえと	モトキスケエト	0
motokurosu	もとくろす	モトクロス	0
motomeru	もとめる	モトメル	0
motomoto	もともと	モトモト	0
motoyori	もとより	モトヨリ	0
motozuku	もとずく	モトズク	0
motsu	もつ	モツ	0
motsunabe	もつなべ	モツナベ	0
motsureru	もつれる	モツレル	0
mott	も	モ	2
mottainai	もったいない	モッタイナイ	0
motte	もって	モッテ	0
motteiku	もっていく	モッテイク	0
mottekuru	もってくる	モッテクル	0
motto	もっと	モット	0
mottomo	もっとも	モットモ	0
mottomorashii	もっともらしい	モットモラシイ	0
mottonochi	もっとのち	モットノチ	0
mottoo	もっとお	モットオ	0
mou	もう	モウ	0
mouchou	もうちょう	モウチョウ	0
mouda	もうだ	モウダ	0
moudouken	もうどうけん	モウドウケン	0
moufu	もうふ	モウフ	0
mougakkou	もうがっこう	モウガッコウ	0
mouh	もう	モウ	3
mouhi	もうひ	モウヒ	0
mouhit	もうひ	モウヒ	5
mouhits	もうひ	モウヒ	5
mouhitsu	もうひつ	モウヒツ	0
mouhitsuchaamingu	もうひつちゃあみんぐ	モウヒツチャアミング	0
moui	もうい	モウイ	0
mouichido	もういちど	モウイチド	0
moujin	もうじん	モウジン	0
moujuu	もうじゅう	モウジュウ	0
moukaru	もうかる	モウカル	0
mouke	もうけ	モウケ	0
moukeru	もうける	モウケル	0
moukou	もうこう	モウコウ	0
moumaku	もうまく	モウマク	0
moumoku	もうもく	モウモク	0
moura	もうら	モウラ	0
mouretsu	もうれつ	モウレツ	0
moushiageru	もうしあげる	モウシアゲル	0
moushiawase	もうしあわせ	モウシアワセ	0
moushibunnai	もうしぶんない	モウシブンナイ	0
moushide	もうしで	モウシデ	0
moushideru	もうしでる	モウシデル	0
moushiire	もうしいれ	モウシイレ	0
moushiireru	もうしいれる	モウシイレル	0
moushikomi	もうしこみ	モウシコミ	0
moushikomisho	もうしこみしょ	モウシコミショ	0
moushikomu	もうしこむ	モウシコム	0
moushitate	もうしたて	モウシタテ	0
moushiwake	もうしわけ	モウシワケ	0
moushiwakearimasen	もうしわけありません	モウシワケアリマセン	0
moushiwakenai	もうしわけない	モウシワケナイ	0
mousho	もうしょ	モウショ	0
mousou	もうそう	モウソウ	0
mousu	もうす	モウス	0
mousukkari	もうすっかり	モウスッカリ	0
mouten	もうてん	モウテン	0
moyasu	もやす	モヤス	0
moyooshi	もよおし	モヨオシ	0
moyoosu	もよおす	モヨオス	0
moyori	もより	モヨリ	0
moyou	もよう	モヨウ	0
mozaiku	もざいく	モザイク	0
mozanbiiku	もざんびいく	モザンビイク	0
mozou	もぞう	モゾウ	0
mu	む	ム	0
mub	む	ム	2
mubo	むぼ	ムボ	0
mubou	むぼう	ムボウ	0
mubousonata	むぼうそなた	ムボウソナタ	0
muccya	むっちゃ	ムッチャ	0
mucha	むちゃ	ムチャ	0
muchakucha	むちゃくちゃ	ムチャクチャ	0
muchi	むち	ムチ	0
muchitsujo	むちつじょ	ムチツジョ	0
muchuu	むちゅう	ムチュウ	0
muda	むだ	ムダ	0
mudan	むだん	ムダン	0
mudazukai	むだずかい	ムダズカイ	0
mueki	むえき	ムエキ	0
muen	むえん	ムエン	0
mufuu	むふう	ムフウ	0
muga	むが	ムガ	0
mugai	むがい	ムガイ	0
mugen	むげん	ムゲン	0
mugi	むぎ	ムギ	0
mugibatake	むぎばたけ	ムギバタケ	0
mugicha	むぎちゃ	ムギチャ	0
mugon	むごん	ムゴン	0
muhai	むはい	ムハイ	0
muhou	むほう	ムホウ	0
muhoushuu	むほうしゅう	ムホウシュウ	0
mui	むい	ムイ	0
muika	むいか	ムイカ	0
muimi	むいみ	ムイミ	0
muishiki	むいしき	ムイシキ	0
muj	む	ム	2
mujaki	むじゃき	ムジャキ	0
muji	むじ	ムジ	0
mujin	むじん	ムジン	0
mujinz	むじん	ムジン	5
mujinzo	むじんぞ	ムジンゾ	0
mujinzou	むじんぞう	ムジンゾウ	0
mujinzousenseeshonaru	むじんぞうせんせえしょなる	ムジンゾウセンセエショナル	0
mujitsu	むじつ	ムジツ	0
mujou	むじょう	ムジョウ	0
mujouken	むじょうけん	ムジョウケン	0
mujun	むじゅん	ムジュン	0
mujuuryou	むじゅうりょう	ムジュウリョウ	0
muk	む	ム	2
muka	むか	ムカ	0
mukae	むかえ	ムカエ	0
mukaer	むかえ	ムカエ	5
mukaeru	むかえる	ムカエル	0
mukaerubangumi	むかえるばんぐみ	ムカエルバングミ	0
mukaeutsu	むかえうつ	ムカエウツ	0
mukai	むかい	ムカイ	0
mukamuka	むかむか	ムカムカ	0
mukankei	むかんけい	ムカンケイ	0
mukanshin	むかんしん	ムカンシン	0
mukashi	むかし	ムカシ	0
mukashibanashi	むかしばなし	ムカシバナシ	0
mukashinomama	むかしのまま	ムカシノママ	0
mukattehidari	むかってひだり	ムカッテヒダリ	0
mukau	むかう	ムカウ	0
muke	むけ	ムケ	0
mukei	むけい	ムケイ	0
mukeibunkazai	むけいぶんかざい	ムケイブンカザイ	0
mukeru	むける	ムケル	0
muki	むき	ムキ	0
mukibutsu	むきぶつ	ムキブツ	0
mukigen	むきげん	ムキゲン	0
mukimei	むきめい	ムキメイ	0
mukin	むきん	ムキン	0
mukir	むき	ムキ	4
mukiry	むき	ムキ	4
mukiryo	むきりょ	ムキリョ	0
mukiryok	むきりょ	ムキリョ	7
mukiryoku	むきりょく	ムキリョク	0
mukiryokusetteingu	むきりょくせっていんぐ	ムキリョクセッテイング	0
mukizu	むきず	ムキズ	0
muko	むこ	ムコ	0
mukou	むこう	ムコウ	0
mukougawa	むこうがわ	ムコウガワ	0
muku	むく	ムク	0
mukuchi	むくち	ムクチ	0
mukuiru	むくいる	ムクイル	0
mukumi	むくみ	ムクミ	0
mukuwareru	むくわれる	ムクワレル	0
mukyuu	むきゅう	ムキュウ	0
mumei	むめい	ムメイ	0
mumenkyo	むめんきょ	ムメンキョ	0
munashii	むなしい	ムナシイ	0
mune	むね	ムネ	0
munen	むねん	ムネン	0
munou	むのう	ムノウ	0
mura	むら	ムラ	0
muraato	むらあと	ムラアト	0
murabito	むらびと	ムラビト	0
muragaru	むらがる	ムラガル	0
murasaki	むらさき	ムラサキ	0
murasakiiro	むらさきいろ	ムラサキイロ	0
mure	むれ	ムレ	0
mureru	むれる	ムレル	0
muri	むり	ムリ	0
murishi	むりし	ムリシ	0
muriyari	むりやり	ムリヤリ	0
muromachi	むろまち	ムロマチ	0
muron	むろん	ムロン	0
muryoku	むりょく	ムリョク	0
muryokukan	むりょくかん	ムリョクカン	0
muryou	むりょう	ムリョウ	0
mus	む	ム	2
musabetsu	むさべつ	ムサベツ	0
musaboru	むさぼる	ムサボル	0
musaku	むさく	ムサク	0
museibutsu	むせいぶつ	ムセイブツ	0
museifu	むせいふ	ムセイフ	0
museigen	むせいげん	ムセイゲン	0
musekinin	むせきにん	ムセキニン	0
musen	むせん	ムセン	0
musenmai	むせんまい	ムセンマイ	0
musenran	むせんらん	ムセンラン	0
musha	むしゃ	ムシャ	0
mushi	むし	ムシ	0
mushiatsui	むしあつい	ムシアツイ	0
mushiba	むしば	ムシバ	0
mushibamu	むしばむ	ムシバム	0
mushikaesu	むしかえす	ムシカエス	0
mushikaku	むしかく	ムシカク	0
mushin	むしん	ムシン	0
mushinkei	むしんけい	ムシンケイ	0
mushipan	むしぱん	ムシパン	0
mushiro	むしろ	ムシロ	0
mushiyoke	むしよけ	ムシヨケ	0
mushoku	むしょく	ムショク	0
mushou	むしょう	ムショウ	0
mushouni	むしょうに	ムショウニ	0
mushozoku	むしょぞく	ムショゾク	0
mushuusei	むしゅうせい	ムシュウセイ	0
musou	むそう	ムソウ	0
musu	むす	ムス	0
musub	むす	ムス	4
musubi	むすび	ムスビ	0
musubit	むすび	ムスビ	6
musubits	むすび	ムスビ	6
musubitsu	むすびつ	ムスビツ	0
musubitsuk	むすびつ	ムスビツ	9
musubitsuki	むすびつき	ムスビツキ	0
musubitsuku	むすびつく	ムスビツク	0
musubitsukuhibun	むすびつくひぶん	ムスビツクヒブン	0
musubu	むすぶ	ムスブ	0
musuko	むすこ	ムスコ	0
musume	むすめ	ムスメ	0
musumemuko	むすめむこ	ムスメムコ	0
musutangu	むすたんぐ	ムスタング	0
musuu	むすう	ムスウ	0
muteki	むてき	ムテキ	0
mutodoke	むとどけ	ムトドケ	0
mutokuten	むとくてん	ムトクテン	0
mutouhasou	むとうはそう	ムトウハソウ	0
mutouhyou	むとうひょう	ムトウヒョウ	0
mutto	むっと	ムット	0
muttsu	むっつ	ムッツ	0
muttsuri	むっつり	ムッツリ	0
muubii	むうびい	ムウビイ	0
muubumento	むうぶめんと	ムウブメント	0
muudeii	むうでいい	ムウデイイ	0
muudo	むうど	ムウド	0
muun	むうん	ムウン	0
muuran	むうらん	ムウラン	0
muuru	むうる	ムウル	0
muusu	むうす	ムウス	0
muyamini	むやみに	ムヤミニ	0
muyoku	むよく	ムヨク	0
muyou	むよう	ムヨウ	0
muzai	むざい	ムザイ	0
muzan	むざん	ムザン	0
muzei	むぜい	ムゼイ	0
muzousa	むぞうさ	ムゾウサ	0
muzukashii	むずかしい	ムズカシイ	0
mya	みゃ	ミャ	0
myaccye	みゃっちぇ	ミャッチェ	0
myaku	みゃく	ミャク	0
myakuhaku	みゃくはく	ミャクハク	0
myakuraku	みゃくらく	ミャクラク	0
myanmaa	みゃんまあ	ミャンマア	0
mye	みぇ	ミェ	0
myeccyi	みぇっちぃ	ミェッチィ	0
myi	みぃ	ミィ	0
myiccyo	みぃっちょ	ミィッチョ	0
myo	みょ	ミョ	0
myoccyu	みょっちゅ	ミョッチュ	0
myou	みょう	ミョウ	0
myouan	みょうあん	ミョウアン	0
myouban	みょうばん	ミョウバン	0
myouchou	みょうちょう	ミョウチョウ	0
myougi	みょうぎ	ミョウギ	0
myougonichi	みょうごにち	ミョウゴニチ	0
myouji	みょうじ	ミョウジ	0
myoujou	みょうじょう	ミョウジョウ	0
myounen	みょうねん	ミョウネン	0
myounichi	みょうにち	ミョウニチ	0
myoushu	みょうしゅ	ミョウシュ	0
myu	みゅ	ミュ	0
myuce	みゅけ	ミュケ	0
myunhen	みゅんへん	ミュンヘン	0
myuujiamu	みゅうじあむ	ミュウジアム	0
myuujikaru	みゅうじかる	ミュウジカル	0
myuujikku	みゅうじっく	ミュウジック	0
myuujishan	みゅうじしゃん	ミュウジシャン	0
myuuzu	みゅうず	ミュウズ	0
n	ん	ン	0
n'	ん	ン	0
n'che	んちぇ	ンチェ	0
na	な	ナ	0
naa	なあ	ナア	0
naabasu	なあばす	ナアバス	0
naasarii	なあさりい	ナアサリイ	0
naasu	なあす	ナアス	0
nabe	なべ	ナベ	0
naberyouri	なべりょうり	ナベリョウリ	0
nabi	なび	ナビ	0
nabigeetaa	なびげえたあ	ナビゲエタア	0
nabiku	なびく	ナビク	0
nachi	なち	ナチ	0
nachisu	なちす	ナチス	0
nachizumu	なちずむ	ナチズム	0
nachurarisuto	なちゅらりすと	ナチュラリスト	0
nachuraru	なちゅらる	ナチュラル	0
nad	な	ナ	2
nada	なだ	ナダ	0
nadak	なだ	ナダ	4
nadaka	なだか	ナダカ	0
nadakai	なだかい	ナダカイ	0
nadakaitaigeemu	なだかいたいげえむ	ナダカイタイゲエム	0
nadameru	なだめる	ナダメル	0
nadare	なだれ	ナダレ	0
naderu	なでる	ナデル	0
nado	など	ナド	0
nae	なえ	ナエ	0
naedoko	なえどこ	ナエドコ	0
naegi	なえぎ	ナエギ	0
naeru	なえる	ナエル	0
nafuda	なふだ	ナフダ	0
nafusa	なふさ	ナフサ	0
nag	な	ナ	2
nagaame	ながあめ	ナガアメ	0
nagabanashi	ながばなし	ナガバナシ	0
nagabiku	ながびく	ナガビク	0
nagai	ながい	ナガイ	0
nagaiaida	ながいあいだ	ナガイアイダ	0
nagaiki	ながいき	ナガイキ	0
nagame	ながめ	ナガメ	0
nagameru	ながめる	ナガメル	0
nagamochi	ながもち	ナガモチ	0
naganen	ながねん	ナガネン	0
nagara	ながら	ナガラ	0
nagaraku	ながらく	ナガラク	0
nagaramo	ながらも	ナガラモ	0
nagare	ながれ	ナガレ	0
nagareboshi	ながれぼし	ナガレボシ	0
nagarekomu	ながれこむ	ナガレコム	0
nagareru	ながれる	ナガレル	0
nagasa	ながさ	ナガサ	0
nagasaki	ながさき	ナガサキ	0
nagashi	ながし	ナガシ	0
nagasode	ながそで	ナガソデ	0
nagasu	ながす	ナガス	0
nagatsuzuki	ながつずき	ナガツズキ	0
nagauta	ながうた	ナガウタ	0
nagaya	ながや	ナガヤ	0
nage	なげ	ナゲ	0
nagedasu	なげだす	ナゲダス	0
nagekawashii	なげかわしい	ナゲカワシイ	0
nageki	なげき	ナゲキ	0
nagekomu	なげこむ	ナゲコム	0
nageku	なげく	ナゲク	0
nageru	なげる	ナゲル	0
nagi	なぎ	ナギ	0
nagis	なぎ	ナギ	4
nagisa	なぎさ	ナギサ	0
nagisanininmae	なぎさににんまえ	ナギサニニンマエ	0
nagomu	なごむ	ナゴム	0
nagori	なごり	ナゴリ	0
nagorioshii	なごりおしい	ナゴリオシイ	0
nagoya	なごや	ナゴヤ	0
nagoyaka	なごやか	ナゴヤカ	0
nagurikomi	なぐりこみ	ナグリコミ	0
naguru	なぐる	ナグル	0
nagusameru	なぐさめる	ナグサメル	0
nai	ない	ナイ	0
naibu	ないぶ	ナイブ	0
naibunpi	ないぶんぴ	ナイブンピ	0
naichingeeru	ないちんげえる	ナイチンゲエル	0
naidaku	ないだく	ナイダク	0
naifu	ないふ	ナイフ	0
naigai	ないがい	ナイガイ	0
naihou	ないほう	ナイホウ	0
naiibu	ないいぶ	ナイイブ	0
naijeria	ないじぇりあ	ナイジェリア	0
naiji	ないじ	ナイジ	0
naijitsu	ないじつ	ナイジツ	0
naijou	ないじょう	ナイジョウ	0
naiju	ないじゅ	ナイジュ	0
naika	ないか	ナイカ	0
naikai	ないかい	ナイカイ	0
naikaku	ないかく	ナイカク	0
naikakufu	ないかくふ	ナイカクフ	0
naikakuhouseikyoku	ないかくほうせいきょく	ナイカクホウセイキョク	0
naikakukanbou	ないかくかんぼう	ナイカクカンボウ	0
naiki	ないき	ナイキ	0
naikou	ないこう	ナイコウ	0
naikouteki	ないこうてき	ナイコウテキ	0
naimaku	ないまく	ナイマク	0
naimen	ないめん	ナイメン	0
naimu	ないむ	ナイム	0
nain	ないん	ナイン	0
nairan	ないらん	ナイラン	0
nairiku	ないりく	ナイリク	0
nairon	ないろん	ナイロン	0
nairu	ないる	ナイル	0
naisei	ないせい	ナイセイ	0
naisen	ないせん	ナイセン	0
naishi	ないし	ナイシ	0
naishin	ないしん	ナイシン	0
naisho	ないしょ	ナイショ	0
naishoku	ないしょく	ナイショク	0
naishukketsu	ないしゅっけつ	ナイシュッケツ	0
naisou	ないそう	ナイソウ	0
naisu	ないす	ナイス	0
naisubadei	ないすばでい	ナイスバデイ	0
nait	ない	ナイ	3
naitaa	ないたあ	ナイタア	0
naitei	ないてい	ナイテイ	0
naito	ないと	ナイト	0
naitoikemasen	ないといけません	ナイトイケマセン	0
naitoikenai	ないといけない	ナイトイケナイ	0
naitok	ないと	ナイト	5
naitoku	ないとく	ナイトク	0
naitokur	ないとく	ナイトク	7
naitokura	ないとくら	ナイトクラ	0
naitokurab	ないとくら	ナイトクラ	9
naitokurabu	ないとくらぶ	ナイトクラブ	0
naitokurabushuuryou	ないとくらぶしゅうりょう	ナイトクラブシュウリョウ	0
naiya	ないや	ナイヤ	0
naiyashu	ないやしゅ	ナイヤシュ	0
naiyou	ないよう	ナイヨウ	0
naiz	ない	ナイ	3
naizo	ないぞ	ナイゾ	0
naizou	ないぞう	ナイゾウ	0
naizoukato	ないぞうかと	ナイゾウカト	0
najimu	なじむ	ナジム	0
nak	な	ナ	2
naka	なか	ナカ	0
nakaba	なかば	ナカバ	0
nakademo	なかでも	ナカデモ	0
nakagai	なかがい	ナカガイ	0
nakajima	なかじま	ナカジマ	0
nakama	なかま	ナカマ	0
nakamairi	なかまいり	ナカマイリ	0
nakamatachi	なかまたち	ナカマタチ	0
nakami	なかみ	ナカミ	0
nakanaka	なかなか	ナカナカ	0
nakanaori	なかなおり	ナカナオリ	0
nakanimo	なかにも	ナカニモ	0
nakaniwa	なかにわ	ナカニワ	0
nakatsugi	なかつぎ	ナカツギ	0
nakayoku	なかよく	ナカヨク	0
nakayoshi	なかよし	ナカヨシ	0
nakayubi	なかゆび	ナカユビ	0
nakerebaikenai	なければいけない	ナケレバイケナイ	0
nakerebanaranai	なければならない	ナケレバナラナイ	0
nakerebanarimasen	なければなりません	ナケレバナリマセン	0
naki	なき	ナキ	0
nakig	なき	ナキ	4
nakigao	なきがお	ナキガオ	0
nakigara	なきがら	ナキガラ	0
nakigo	なきご	ナキゴ	0
nakigoe	なきごえ	ナキゴエ	0
nakigoenaihou	なきごえないほう	ナキゴエナイホウ	0
nakkuru	なっくる	ナックル	0
nakoudo	なこうど	ナコウド	0
naku	なく	ナク	0
nakuchaikenai	なくちゃいけない	ナクチャイケナイ	0
nakunaru	なくなる	ナクナル	0
nakusu	なくす	ナクス	0
nakutehaikemasen	なくてはいけません	ナクテハイケマセン	0
nakutehaikenai	なくてはいけない	ナクテハイケナイ	0
nakutehanaranai	なくてはならない	ナクテハナラナイ	0
nakyaikenai	なきゃいけない	ナキャイケナイ	0
nama	なま	ナマ	0
namachuukei	なまちゅうけい	ナマチュウケイ	0
namae	なまえ	ナマエ	0
namagusai	なまぐさい	ナマグサイ	0
namaiki	なまいき	ナマイキ	0
namakemono	なまけもの	ナマケモノ	0
namakeru	なまける	ナマケル	0
namanamashii	なまなましい	ナマナマシイ	0
namanurui	なまぬるい	ナマヌルイ	0
namari	なまり	ナマリ	0
nameraka	なめらか	ナメラカ	0
nameru	なめる	ナメル	0
nami	なみ	ナミ	0
namibia	なみびあ	ナミビア	0
namida	なみだ	ナミダ	0
namidagoe	なみだごえ	ナミダゴエ	0
namidagumashii	なみだぐましい	ナミダグマシイ	0
namiki	なみき	ナミキ	0
nan	なん	ナン	0
nana	なな	ナナ	0
naname	ななめ	ナナメ	0
nanatsu	ななつ	ナナツ	0
nanbaa	なんばあ	ナンバア	0
nanbaapureeto	なんばあぷれえと	ナンバアプレエト	0
nanbaawan	なんばあわん	ナンバアワン	0
nanban	なんばん	ナンバン	0
nanbei	なんべい	ナンベイ	0
nanben	なんべん	ナンベン	0
nanboku	なんぼく	ナンボク	0
nanbokumondai	なんぼくもんだい	ナンボクモンダイ	0
nanbu	なんぶ	ナンブ	0
nanbyaku	なんびゃく	ナンビャク	0
nanbyou	なんびょう	ナンビョウ	0
nanchakuriku	なんちゃくりく	ナンチャクリク	0
nanchou	なんちょう	ナンチョウ	0
nanda	なんだ	ナンダ	0
nandai	なんだい	ナンダイ	0
nandaka	なんだか	ナンダカ	0
nandakanda	なんだかんだ	ナンダカンダ	0
nande	なんで	ナンデ	0
nandemo	なんでも	ナンデモ	0
nandesu	なんです	ナンデス	0
nando	なんど	ナンド	0
nandodemo	なんどでも	ナンドデモ	0
nanhyouyou	なんひょうよう	ナンヒョウヨウ	0
nani	なに	ナニ	0
nanibito	なにびと	ナニビト	0
nanibun	なにぶん	ナニブン	0
nanigenai	なにげない	ナニゲナイ	0
nanigenaku	なにげなく	ナニゲナク	0
nanigoto	なにごと	ナニゴト	0
nanika	なにか	ナニカ	0
nanikato	なにかと	ナニカト	0
nanimo	なにも	ナニモ	0
nanimono	なにもの	ナニモノ	0
naninanoka	なになのか	ナニナノカ	0
nanishiro	なにしろ	ナニシロ	0
nanitozo	なにとぞ	ナニトゾ	0
naniunzari	なにうんざり	ナニウンザリ	0
naniwa	なにわ	ナニワ	0
naniwokakusou	なにをかくそう	ナニヲカクソウ	0
naniyara	なにやら	ナニヤラ	0
naniyori	なにより	ナニヨリ	0
nanjaku	なんじゃく	ナンジャク	0
nanji	なんじ	ナンジ	0
nanjikan	なんじかん	ナンジカン	0
nanjuu	なんじゅう	ナンジュウ	0
nank	なん	ナン	3
nanka	なんか	ナンカ	0
nankai	なんかい	ナンカイ	0
nankaidakkyaku	なんかいだっきゃく	ナンカイダッキャク	0
nankan	なんかん	ナンカン	0
nankin	なんきん	ナンキン	0
nankotsu	なんこつ	ナンコツ	0
nankou	なんこう	ナンコウ	0
nankyoku	なんきょく	ナンキョク	0
nanmin	なんみん	ナンミン	0
nanmon	なんもん	ナンモン	0
nann	なんん	ナンン	0
nannaku	なんなく	ナンナク	0
nannanoka	なんなのか	ナンナノカ	0
nanne	なんね	ナンネ	0
nannen	なんねん	ナンネン	0
nannentannaru	なんねんたんなる	ナンネンタンナル	0
nannichi	なんにち	ナンニチ	0
nannimo	なんにも	ナンニモ	0
nannin	なんにん	ナンニン	0
nanninka	なんにんか	ナンニンカ	0
nano	なの	ナノ	0
nanoda	なのだ	ナノダ	0
nanodesu	なのです	ナノデス	0
nanok	なの	ナノ	4
nanoka	なのか	ナノカ	0
nanokahoomusutei	なのかほおむすてい	ナノカホオムステイ	0
nanori	なのり	ナノリ	0
nanorideru	なのりでる	ナノリデル	0
nanoru	なのる	ナノル	0
nanpa	なんぱ	ナンパ	0
nanpou	なんぽう	ナンポウ	0
nanpun	なんぷん	ナンプン	0
nanra	なんら	ナンラ	0
nans	なん	ナン	3
nansai	なんさい	ナンサイ	0
nanse	なんせ	ナンセ	0
nansei	なんせい	ナンセイ	0
nanseipondo	なんせいぽんど	ナンセイポンド	0
nansensu	なんせんす	ナンセンス	0
nanshiki	なんしき	ナンシキ	0
nanshoku	なんしょく	ナンショク	0
nante	なんて	ナンテ	0
nanten	なんてん	ナンテン	0
nanto	なんと	ナント	0
nantoiu	なんという	ナントイウ	0
nantoiuka	なんというか	ナントイウカ	0
nantoka	なんとか	ナントカ	0
nantomo	なんとも	ナントモ	0
nantomoienai	なんともいえない	ナントモイエナイ	0
nantonaku	なんとなく	ナントナク	0
nantou	なんとう	ナントウ	0
nanzen	なんぜん	ナンゼン	0
nao	なお	ナオ	0
naokatsu	なおかつ	ナオカツ	0
naoru	なおる	ナオル	0
naosara	なおさら	ナオサラ	0
naoshi	なおし	ナオシ	0
naosu	なおす	ナオス	0
naozari	なおざり	ナオザリ	0
nap	な	ナ	2
napo	なぽ	ナポ	0
napor	なぽ	ナポ	4
napore	なぽれ	ナポレ	0
naporeo	なぽれお	ナポレオ	0
naporeon	なぽれおん	ナポレオン	0
naporeonshuujitsu	なぽれおんしゅうじつ	ナポレオンシュウジツ	0
nappuzakku	なっぷざっく	ナップザック	0
napukin	なぷきん	ナプキン	0
nar	な	ナ	2
nara	なら	ナラ	0
naraba	ならば	ナラバ	0
naraberu	ならべる	ナラベル	0
narabi	ならび	ナラビ	0
narabikaeru	ならびかえる	ナラビカエル	0
narabini	ならびに	ナラビニ	0
narabu	ならぶ	ナラブ	0
naranai	ならない	ナラナイ	0
naras	なら	ナラ	4
narasu	ならす	ナラス	0
narasudarairama	ならすだらいらま	ナラスダライラマ	0
narau	ならう	ナラウ	0
nare	なれ	ナレ	0
nareeshon	なれえしょん	ナレエション	0
nareetaa	なれえたあ	ナレエタア	0
narenareshii	なれなれしい	ナレナレシイ	0
nareru	なれる	ナレル	0
nari	なり	ナリ	0
narikin	なりきん	ナリキン	0
narini	なりに	ナリニ	0
naritatsu	なりたつ	ナリタツ	0
nariyuki	なりゆき	ナリユキ	0
narookyasuteingu	なろおきゃすていんぐ	ナロオキャステイング	0
naru	なる	ナル	0
narubeku	なるべく	ナルベク	0
naruhodo	なるほど	ナルホド	0
narut	なる	ナル	4
naruto	なると	ナルト	0
narutokando	なるとかんど	ナルトカンド	0
naruuzumaki	なるうずまき	ナルウズマキ	0
nas	な	ナ	2
nasa	なさ	ナサ	0
nasai	なさい	ナサイ	0
nasak	なさ	ナサ	4
nasake	なさけ	ナサケ	0
nasakebukai	なさけぶかい	ナサケブカイ	0
nasaken	なさけん	ナサケン	0
nasakena	なさけな	ナサケナ	0
nasakenai	なさけない	ナサケナイ	0
nasakenaiwan	なさけないわん	ナサケナイワン	0
nasaru	なさる	ナサル	0
nasasou	なさそう	ナサソウ	0
nash	な	ナ	2
nashi	なし	ナシ	0
nashibausaido	なしばうさいど	ナシバウサイド	0
nashiniha	なしには	ナシニハ	0
nashitogeru	なしとげる	ナシトゲル	0
nashonarizumu	なしょなりずむ	ナショナリズム	0
nashonaru	なしょなる	ナショナル	0
nashonarucheen	なしょなるちぇえん	ナショナルチェエン	0
nashonaruriigu	なしょなるりいぐ	ナショナルリイグ	0
nasshingu	なっしんぐ	ナッシング	0
nasu	なす	ナス	0
nasuzensei	なすぜんせい	ナスゼンセイ	0
natane	なたね	ナタネ	0
natoriumu	なとりうむ	ナトリウム	0
natsu	なつ	ナツ	0
natsuba	なつば	ナツバ	0
natsubasho	なつばしょ	ナツバショ	0
natsubate	なつばて	ナツバテ	0
natsujikan	なつじかん	ナツジカン	0
natsukashii	なつかしい	ナツカシイ	0
natsukashimu	なつかしむ	ナツカシム	0
natsumono	なつもの	ナツモノ	0
natsuyasumi	なつやすみ	ナツヤスミ	0
natto	なっと	ナット	0
nattoku	なっとく	ナットク	0
nattou	なっとう	ナットウ	0
nau	なう	ナウ	0
naw	な	ナ	2
nawa	なわ	ナワ	0
nawaano	なわあの	ナワアノ	0
nawabari	なわばり	ナワバリ	0
nawatobi	なわとび	ナワトビ	0
naya	なや	ナヤ	0
nayamasu	なやます	ナヤマス	0
nayami	なやみ	ナヤミ	0
nayamu	なやむ	ナヤム	0
nazashi	なざし	ナザシ	0
naze	なぜ	ナゼ	0
nazeka	なぜか	ナゼカ	0
nazenara	なぜなら	ナゼナラ	0
nazenaraba	なぜならば	ナゼナラバ	0
nazo	なぞ	ナゾ	0
nazonazo	なぞなぞ	ナゾナゾ	0
nazoraeru	なぞらえる	ナゾラエル	0
nazukeru	なずける	ナズケル	0
ncha	んちゃ	ンチャ	0
nda	んだ	ンダ	0
ndesu	んです	ンデス	0
ne	ね	ネ	0
neagari	ねあがり	ネアガリ	0
neage	ねあげ	ネアゲ	0
neanderutaaru	ねあんでるたある	ネアンデルタアル	0
nebaneba	ねばねば	ネバネバ	0
nebari	ねばり	ネバリ	0
nebarizuyoi	ねばりずよい	ネバリズヨイ	0
nebaru	ねばる	ネバル	0
nebie	ねびえ	ネビエ	0
nebiki	ねびき	ネビキ	0
nebokeru	ねぼける	ネボケル	0
nebou	ねぼう	ネボウ	0
neburasuka	ねぶらすか	ネブラスカ	0
nebusoku	ねぶそく	ネブソク	0
necho	ねちょ	ネチョ	0
nedan	ねだん	ネダン	0
nedaru	ねだる	ネダル	0
nedoko	ねどこ	ネドコ	0
nee	ねえ	ネエ	0
neechaa	ねえちゃあ	ネエチャア	0
neem	ねえ	ネエ	3
neemi	ねえみ	ネエミ	0
neemin	ねえみん	ネエミン	0
neeming	ねえみん	ネエミン	6
neemingu	ねえみんぐ	ネエミング	0
neemingusumu	ねえみんぐすむ	ネエミングスム	0
neemu	ねえむ	ネエム	0
neeru	ねえる	ネエル	0
neesan	ねえさん	ネエサン	0
nega	ねが	ネガ	0
negaeri	ねがえり	ネガエリ	0
negaeru	ねがえる	ネガエル	0
negai	ねがい	ネガイ	0
negao	ねがお	ネガオ	0
negateibu	ねがていぶ	ネガテイブ	0
negau	ねがう	ネガウ	0
negawakuha	ねがわくは	ネガワクハ	0
negi	ねぎ	ネギ	0
negiru	ねぎる	ネギル	0
negoto	ねごと	ネゴト	0
negurushii	ねぐるしい	ネグルシイ	0
nehorihahori	ねほりはほり	ネホリハホリ	0
neibii	ねいびい	ネイビイ	0
neichaa	ねいちゃあ	ネイチャア	0
neiki	ねいき	ネイキ	0
neikiddo	ねいきっど	ネイキッド	0
neiro	ねいろ	ネイロ	0
neiru	ねいる	ネイル	0
neji	ねじ	ネジ	0
nek	ね	ネ	2
neka	ねか	ネカ	0
nekas	ねか	ネカ	4
nekaseru	ねかせる	ネカセル	0
nekasu	ねかす	ネカス	0
nekasushadanki	ねかすしゃだんき	ネカスシャダンキ	0
nekkachiifu	ねっかちいふ	ネッカチイフ	0
nekki	ねっき	ネッキ	0
nekko	ねっこ	ネッコ	0
nekku	ねっく	ネック	0
nekkuresu	ねっくれす	ネックレス	0
nekkyou	ねっきょう	ネッキョウ	0
neko	ねこ	ネコ	0
nekoj	ねこ	ネコ	4
nekoji	ねこじ	ネコジ	0
nekojit	ねこじ	ネコジ	6
nekojita	ねこじた	ネコジタ	0
nekojitashibashiba	ねこじたしばしば	ネコジタシバシバ	0
nekor	ねこ	ネコ	4
nekoro	ねころ	ネコロ	0
nekorob	ねころ	ネコロ	6
nekorobu	ねころぶ	ネコロブ	0
nekorobuaishou	ねころぶあいしょう	ネコロブアイショウ	0
nekoze	ねこぜ	ネコゼ	0
nekutai	ねくたい	ネクタイ	0
nem	ね	ネ	2
nemaki	ねまき	ネマキ	0
nemawashi	ねまわし	ネマワシ	0
nemu	ねむ	ネム	0
nemui	ねむい	ネムイ	0
nemuizuumurenzu	ねむいずうむれんず	ネムイズウムレンズ	0
nemuke	ねむけ	ネムケ	0
nemuri	ねむり	ネムリ	0
nemuru	ねむる	ネムル	0
nemutai	ねむたい	ネムタイ	0
nen	ねん	ネン	0
nenbutsu	ねんぶつ	ネンブツ	0
nenchaku	ねんちゃく	ネンチャク	0
nenchou	ねんちょう	ネンチョウ	0
nendai	ねんだい	ネンダイ	0
nendo	ねんど	ネンド	0
nenga	ねんが	ネンガ	0
nengajou	ねんがじょう	ネンガジョウ	0
nengaku	ねんがく	ネンガク	0
nengan	ねんがん	ネンガン	0
nengappi	ねんがっぴ	ネンガッピ	0
nengetsu	ねんげつ	ネンゲツ	0
nengo	ねんご	ネンゴ	0
nengou	ねんごう	ネンゴウ	0
neniri	ねにり	ネニリ	0
nenji	ねんじ	ネンジ	0
nenjuu	ねんじゅう	ネンジュウ	0
nenjuumukyuu	ねんじゅうむきゅう	ネンジュウムキュウ	0
nenk	ねん	ネン	3
nenka	ねんか	ネンカ	0
nenkai	ねんかい	ネンカイ	0
nenkan	ねんかん	ネンカン	0
nenkansurasura	ねんかんすらすら	ネンカンスラスラ	0
nenkin	ねんきん	ネンキン	0
nenkou	ねんこう	ネンコウ	0
nenkoujoretsu	ねんこうじょれつ	ネンコウジョレツ	0
nenmaku	ねんまく	ネンマク	0
nenmatsu	ねんまつ	ネンマツ	0
nenn	ねんん	ネンン	0
nenna	ねんな	ネンナ	0
nennai	ねんない	ネンナイ	0
nennaisosokkashii	ねんないそそっかしい	ネンナイソソッカシイ	0
nennen	ねんねん	ネンネン	0
nennotame	ねんのため	ネンノタメ	0
nenpai	ねんぱい	ネンパイ	0
nenpi	ねんぴ	ネンピ	0
nenpou	ねんぽう	ネンポウ	0
nenpu	ねんぷ	ネンプ	0
nenpyou	ねんぴょう	ネンピョウ	0
nenr	ねん	ネン	3
nenrai	ねんらい	ネンライ	0
nenrei	ねんれい	ネンレイ	0
nenreisou	ねんれいそう	ネンレイソウ	0
nenriki	ねんりき	ネンリキ	0
nenrin	ねんりん	ネンリン	0
nenritsu	ねんりつ	ネンリツ	0
nenry	ねん	ネン	3
nenryo	ねんりょ	ネンリョ	0
nenryou	ねんりょう	ネンリョウ	0
nenryoutatta	ねんりょうたった	ネンリョウタッタ	0
nensan	ねんさん	ネンサン	0
nensei	ねんせい	ネンセイ	0
nenshi	ねんし	ネンシ	0
nensho	ねんしょ	ネンショ	0
nenshou	ねんしょう	ネンショウ	0
nenshuu	ねんしゅう	ネンシュウ	0
nensuu	ねんすう	ネンスウ	0
nentou	ねんとう	ネントウ	0
nenza	ねんざ	ネンザ	0
neo	ねお	ネオ	0
neon	ねおん	ネオン	0
neonachi	ねおなち	ネオナチ	0
nerai	ねらい	ネライ	0
nerau	ねらう	ネラウ	0
neri	ねり	ネリ	0
neru	ねる	ネル	0
nesagari	ねさがり	ネサガリ	0
nesage	ねさげ	ネサゲ	0
nessen	ねっせん	ネッセン	0
nesshin	ねっしん	ネッシン	0
nessuru	ねっする	ネッスル	0
nesu	ねす	ネス	0
nesugosu	ねすごす	ネスゴス	0
nesuto	ねすと	ネスト	0
neta	ねた	ネタ	0
netamu	ねたむ	ネタム	0
netchuu	ね	ネ	2
netomari	ねとまり	ネトマリ	0
netsu	ねつ	ネツ	0
netsuben	ねつべん	ネツベン	0
netsubyou	ねつびょう	ネツビョウ	0
netsui	ねつい	ネツイ	0
netsuku	ねつく	ネツク	0
netsuretsu	ねつれつ	ネツレツ	0
netsuzou	ねつぞう	ネツゾウ	0
nettai	ねったい	ネッタイ	0
nettaigyo	ねったいぎょ	ネッタイギョ	0
netto	ねっと	ネット	0
nettopuree	ねっとぷれえ	ネットプレエ	0
nettou	ねっとう	ネットウ	0
nettowaaku	ねっとわあく	ネットワアク	0
neuchi	ねうち	ネウチ	0
nezasu	ねざす	ネザス	0
nezou	ねぞう	ネゾウ	0
nezumi	ねずみ	ネズミ	0
nezuyoi	ねずよい	ネズヨイ	0
ni	に	ニ	0
nia	にあ	ニア	0
niage	にあげ	ニアゲ	0
niai	にあい	ニアイ	0
niamisu	にあみす	ニアミス	0
niat	にあ	ニア	3
niatatteha	にあたっては	ニアタッテハ	0
niatt	にあ	ニア	3
niatte	にあって	ニアッテ	0
niatteh	にあって	ニアッテ	6
niatteha	にあっては	ニアッテハ	0
niattehakyouyou	にあってはきょうよう	ニアッテハキョウヨウ	0
niau	にあう	ニアウ	0
niban	にばん	ニバン	0
nibu	にぶ	ニブ	0
nibui	にぶい	ニブイ	0
nibun	にぶん	ニブン	0
niburu	にぶる	ニブル	0
nichi	にち	ニチ	0
nichibei	にちべい	ニチベイ	0
nichibotsu	にちぼつ	ニチボツ	0
nichiji	にちじ	ニチジ	0
nichijou	にちじょう	ニチジョウ	0
nichijouseikatsu	にちじょうせいかつ	ニチジョウセイカツ	0
nichiya	にちや	ニチヤ	0
nichiyou	にちよう	ニチヨウ	0
nichiyoubi	にちようび	ニチヨウビ	0
nichiyouhin	にちようひん	ニチヨウヒン	0
nichu	にちゅ	ニチュ	0
nidai	にだい	ニダイ	0
nido	にど	ニド	0
nidone	にどね	ニドネ	0
nidoto	にどと	ニドト	0
nieru	にえる	ニエル	0
nifuda	にふだ	ニフダ	0
nigai	にがい	ニガイ	0
nigami	にがみ	ニガミ	0
nigao	にがお	ニガオ	0
nigaoe	にがおえ	ニガオエ	0
nigasu	にがす	ニガス	0
nigate	にがて	ニガテ	0
nigatsu	にがつ	ニガツ	0
nigawarai	にがわらい	ニガワライ	0
nige	にげ	ニゲ	0
nigeashi	にげあし	ニゲアシ	0
nigedasu	にげだす	ニゲダス	0
nigekiru	にげきる	ニゲキル	0
nigemichi	にげみち	ニゲミチ	0
nigeru	にげる	ニゲル	0
nigirasu	にぎらす	ニギラス	0
nigiri	にぎり	ニギリ	0
nigirimeshi	にぎりめし	ニギリメシ	0
nigirishimeru	にぎりしめる	ニギリシメル	0
nigirizushi	にぎりずし	ニギリズシ	0
nigiru	にぎる	ニギル	0
nigiwau	にぎわう	ニギワウ	0
nigiyaka	にぎやか	ニギヤカ	0
nigoru	にごる	ニゴル	0
nigosu	にごす	ニゴス	0
nigou	にごう	ニゴウ	0
nigun	にぐん	ニグン	0
niguu	にぐう	ニグウ	0
nih	に	ニ	2
niha	には	ニハ	0
nihiru	にひる	ニヒル	0
niho	にほ	ニホ	0
nihon	にほん	ニホン	0
nihondate	にほんだて	ニホンダテ	0
nihonga	にほんが	ニホンガ	0
nihongakujutsukaigi	にほんがくじゅつかいぎ	ニホンガクジュツカイギ	0
nihongo	にほんご	ニホンゴ	0
nihonhatsu	にほんはつ	ニホンハツ	0
nihonichi	にほにち	ニホニチ	0
nihonjin	にほんじん	ニホンジン	0
nihonjuu	にほんじゅう	ニホンジュウ	0
nihonkai	にほんかい	ニホンカイ	0
nihonkeizai	にほんけいざい	ニホンケイザイ	0
nihonkigyou	にほんきぎょう	ニホンキギョウ	0
nihonkokumin	にほんこくみん	ニホンコクミン	0
nihonryouri	にほんりょうり	ニホンリョウリ	0
nihonsei	にほんせい	ニホンセイ	0
nihonseifu	にほんせいふ	ニホンセイフ	0
nihonshakai	にほんしゃかい	ニホンシャカイ	0
nihonshi	にほんし	ニホンシ	0
nihonshiki	にほんしき	ニホンシキ	0
nihonshu	にほんしゅ	ニホンシュ	0
nihontou	にほんとう	ニホントウ	0
nihonz	にほん	ニホン	5
nihonze	にほんぜ	ニホンゼ	0
nihonzen	にほんぜん	ニホンゼン	0
nihonzenk	にほんぜん	ニホンゼン	8
nihonzenko	にほんぜんこ	ニホンゼンコ	0
nihonzenkok	にほんぜんこ	ニホンゼンコ	10
nihonzenkoku	にほんぜんこく	ニホンゼンコク	0
nihonzenkokukyoukan	にほんぜんこくきょうかん	ニホンゼンコクキョウカン	0
nihyaku	にひゃく	ニヒャク	0
nihyakuhatsuka	にひゃくはつか	ニヒャクハツカ	0
nihyakutooka	にひゃくとおか	ニヒャクトオカ	0
nii	にい	ニイ	0
niichan	にいちゃん	ニイチャン	0
niigata	にいがた	ニイガタ	0
niin	にいん	ニイン	0
niisan	にいさん	ニイサン	0
niito	にいと	ニイト	0
niizu	にいず	ニイズ	0
niji	にじ	ニジ	0
nijimu	にじむ	ニジム	0
nijisseiki	にじっせいき	ニジッセイキ	0
nijuu	にじゅう	ニジュウ	0
nijuugonichi	にじゅうごにち	ニジュウゴニチ	0
nijuuhachinichi	にじゅうはちにち	ニジュウハチニチ	0
nijuuichinichi	にじゅういちにち	ニジュウイチニチ	0
nijuukunichi	にじゅうくにち	ニジュウクニチ	0
nijuuninichi	にじゅうににち	ニジュウニニチ	0
nijuurokunichi	にじゅうろくにち	ニジュウロクニチ	0
nijuusannichi	にじゅうさんにち	ニジュウサンニチ	0
nijuushichinichi	にじゅうしちにち	ニジュウシチニチ	0
nijuusou	にじゅうそう	ニジュウソウ	0
nijuuyojikansei	にじゅうよじかんせい	ニジュウヨジカンセイ	0
nijuuyokka	にじゅうよっか	ニジュウヨッカ	0
nik	に	ニ	2
nikagitte	にかぎって	ニカギッテ	0
nikai	にかい	ニカイ	0
nikaidate	にかいだて	ニカイダテ	0
nikakete	にかけて	ニカケテ	0
nikanshite	にかんして	ニカンシテ	0
nikaragua	にからぐあ	ニカラグア	0
nikayou	にかよう	ニカヨウ	0
niki	にき	ニキ	0
nikibi	にきび	ニキビ	0
nikk	に	ニ	2
nikka	にっか	ニッカ	0
nikkaazu	にっかあず	ニッカアズ	0
nikkakashira	にっかかしら	ニッカカシラ	0
nikkan	にっかん	ニッカン	0
nikkei	にっけい	ニッケイ	0
nikkeru	にっける	ニッケル	0
nikki	にっき	ニッキ	0
nikkori	にっこり	ニッコリ	0
nikkou	にっこう	ニッコウ	0
nikkouyoku	にっこうよく	ニッコウヨク	0
nikku	にっく	ニック	0
nikkuneemu	にっくねえむ	ニックネエム	0
nikkyuu	にっきゅう	ニッキュウ	0
nikochin	にこちん	ニコチン	0
nikomu	にこむ	ニコム	0
nikoniko	にこにこ	ニコニコ	0
nikoyaka	にこやか	ニコヤカ	0
niku	にく	ニク	0
nikugan	にくがん	ニクガン	0
nikuhaku	にくはく	ニクハク	0
nikuhitsu	にくひつ	ニクヒツ	0
nikui	にくい	ニクイ	0
nikumu	にくむ	ニクム	0
nikurashii	にくらしい	ニクラシイ	0
nikusei	にくせい	ニクセイ	0
nikushimi	にくしみ	ニクシミ	0
nikushin	にくしん	ニクシン	0
nikushoku	にくしょく	ニクショク	0
nikutai	にくたい	ニクタイ	0
nikutaiteki	にくたいてき	ニクタイテキ	0
nikuwaete	にくわえて	ニクワエテ	0
nikuya	にくや	ニクヤ	0
nimai	にまい	ニマイ	0
nimaijita	にまいじた	ニマイジタ	0
nimaime	にまいめ	ニマイメ	0
nimo	にも	ニモ	0
nimokakawarazu	にもかかわらず	ニモカカワラズ	0
nimono	にもの	ニモノ	0
nimotsu	にもつ	ニモツ	0
nimukete	にむけて	ニムケテ	0
nin	にん	ニン	0
ninaite	にないて	ニナイテ	0
ninaruto	になると	ニナルト	0
ninau	になう	ニナウ	0
ninchi	にんち	ニンチ	0
ninchishou	にんちしょう	ニンチショウ	0
ning	にん	ニン	3
ninge	にんげ	ニンゲ	0
ningen	にんげん	ニンゲン	0
ningendokku	にんげんどっく	ニンゲンドック	0
ningenhatashite	にんげんはたして	ニンゲンハタシテ	0
ningenkankei	にんげんかんけい	ニンゲンカンケイ	0
ningenkokuhou	にんげんこくほう	ニンゲンコクホウ	0
ningensei	にんげんせい	ニンゲンセイ	0
ningenteki	にんげんてき	ニンゲンテキ	0
ningenzou	にんげんぞう	ニンゲンゾウ	0
ningomibako	にんごみばこ	ニンゴミバコ	0
ningyou	にんぎょう	ニンギョウ	0
nini	にに	ニニ	0
nininmae	ににんまえ	ニニンマエ	0
nininsankyaku	ににんさんきゃく	ニニンサンキャク	0
ninja	にんじゃ	ニンジャ	0
ninjin	にんじん	ニンジン	0
ninjou	にんじょう	ニンジョウ	0
ninka	にんか	ニンカ	0
ninki	にんき	ニンキ	0
ninkimono	にんきもの	ニンキモノ	0
ninkinoaru	にんきのある	ニンキノアル	0
ninmae	にんまえ	ニンマエ	0
ninmei	にんめい	ニンメイ	0
ninmu	にんむ	ニンム	0
ninniku	にんにく	ニンニク	0
ninotsugi	にのつぎ	ニノツギ	0
ninpu	にんぷ	ニンプ	0
ninsanpu	にんさんぷ	ニンサンプ	0
ninshiki	にんしき	ニンシキ	0
ninshin	にんしん	ニンシン	0
ninshou	にんしょう	ニンショウ	0
ninsou	にんそう	ニンソウ	0
nintai	にんたい	ニンタイ	0
nintei	にんてい	ニンテイ	0
ninzuu	にんずう	ニンズウ	0
nioi	におい	ニオイ	0
nioite	において	ニオイテ	0
niokeru	における	ニオケル	0
niou	におう	ニオウ	0
nippon	にっぽん	ニッポン	0
nipponginkou	にっぽんぎんこう	ニッポンギンコウ	0
nippou	にっぽう	ニッポウ	0
nir	に	ニ	2
niramu	にらむ	ニラム	0
nirinsha	にりんしゃ	ニリンシャ	0
niru	にる	ニル	0
nirui	にるい	ニルイ	0
niruida	にるいだ	ニルイダ	0
niruishu	にるいしゅ	ニルイシュ	0
niry	に	ニ	2
niryu	にりゅ	ニリュ	0
niryuu	にりゅう	ニリュウ	0
niryuuojiisan	にりゅうおじいさん	ニリュウオジイサン	0
nis	に	ニ	2
nisa	にさ	ニサ	0
nisaishite	にさいして	ニサイシテ	0
nisan	にさん	ニサン	0
nisank	にさん	ニサン	5
nisanka	にさんか	ニサンカ	0
nisankat	にさんか	ニサンカ	7
nisankata	にさんかた	ニサンカタ	0
nisankatan	にさんかたん	ニサンカタン	0
nisankatans	にさんかたん	ニサンカタン	10
nisankatanso	にさんかたんそ	ニサンカタンソ	0
nisankatansooyasuminasai	にさんかたんそおやすみなさい	ニサンカタンソオヤスミナサイ	0
nise	にせ	ニセ	0
nisei	にせい	ニセイ	0
nisemono	にせもの	ニセモノ	0
niseru	にせる	ニセル	0
nishatakuitsu	にしゃたくいつ	ニシャタクイツ	0
nishi	にし	ニシ	0
nishidoitsu	にしどいつ	ニシドイツ	0
nishigawa	にしがわ	ニシガワ	0
nishiguchi	にしぐち	ニシグチ	0
nishikaze	にしかぜ	ニシカゼ	0
nishiki	にしき	ニシキ	0
nishinihon	にしにほん	ニシニホン	0
nishitagatte	にしたがって	ニシタガッテ	0
nishitemo	にしても	ニシテモ	0
nisou	にそう	ニソウ	0
nissan	にっさん	ニッサン	0
nisshi	にっし	ニッシ	0
nisshoku	にっしょく	ニッショク	0
nisshou	にっしょう	ニッショウ	0
nissuu	にっすう	ニッスウ	0
nit	に	ニ	2
nita	にた	ニタ	0
nitai	にたい	ニタイ	0
nitais	にたい	ニタイ	5
nitaishite	にたいして	ニタイシテ	0
nitaisu	にたいす	ニタイス	0
nitaisur	にたいす	ニタイス	7
nitaisuru	にたいする	ニタイスル	0
nitaisurukoou	にたいするこおう	ニタイスルコオウ	0
nitchuu	に	ニ	2
nite	にて	ニテ	0
nitotte	にとって	ニトッテ	0
nitsuite	について	ニツイテ	0
nitsukimashite	につきまして	ニツキマシテ	0
nitsumeru	につめる	ニツメル	0
nittei	にってい	ニッテイ	0
nitto	にっと	ニット	0
niwa	にわ	ニワ	0
niwaka	にわか	ニワカ	0
niwakani	にわかに	ニワカニ	0
niwaki	にわき	ニワキ	0
niwari	にわり	ニワリ	0
niwatatte	にわたって	ニワタッテ	0
niwatori	にわとり	ニワトリ	0
niyaniya	にやにや	ニヤニヤ	0
niyasu	にやす	ニヤス	0
niyoru	による	ニヨル	0
niyoruto	によると	ニヨルト	0
niyotte	によって	ニヨッテ	0
niyottekotonaru	によってことなる	ニヨッテコトナル	0
nizukuri	にずくり	ニズクリ	0
no	の	ノ	0
noa	のあ	ノア	0
nobanashi	のばなし	ノバナシ	0
nobasu	のばす	ノバス	0
nobe	のべ	ノベ	0
noberu	のべる	ノベル	0
nobi	のび	ノビ	0
nobinayamu	のびなやむ	ノビナヤム	0
nobinobi	のびのび	ノビノビ	0
nobiritsu	のびりつ	ノビリツ	0
nobiru	のびる	ノビル	0
nobiyaka	のびやか	ノビヤカ	0
nobori	のぼり	ノボリ	0
noborikudari	のぼりくだり	ノボリクダリ	0
noborizaka	のぼりざか	ノボリザカ	0
noboru	のぼる	ノボル	0
noboseru	のぼせる	ノボセル	0
nobu	のぶ	ノブ	0
nochi	のち	ノチ	0
nochinochi	のちのち	ノチノチ	0
nochya	のちゃ	ノチャ	0
noda	のだ	ノダ	0
node	ので	ノデ	0
nodesu	のです	ノデス	0
nodo	のど	ノド	0
nodoka	のどか	ノドカ	0
noeru	のえる	ノエル	0
nogareru	のがれる	ノガレル	0
nogasu	のがす	ノガス	0
nohara	のはら	ノハラ	0
noirooze	のいろおぜ	ノイロオゼ	0
noizu	のいず	ノイズ	0
nok	の	ノ	2
nokeru	のける	ノケル	0
noki	のき	ノキ	0
nokinami	のきなみ	ノキナミ	0
nokisaki	のきさき	ノキサキ	0
nokkaa	のっかあ	ノッカア	0
nokku	のっく	ノック	0
nokkudaun	のっくだうん	ノックダウン	0
noko	のこ	ノコ	0
nokogiri	のこぎり	ノコギリ	0
nokorazu	のこらず	ノコラズ	0
nokori	のこり	ノコリ	0
nokoru	のこる	ノコル	0
nokosu	のこす	ノコス	0
nokot	のこ	ノコ	4
nokott	のこ	ノコ	4
nokotta	のこった	ノコッタ	0
nokottab	のこった	ノコッタ	7
nokottabu	のこったぶ	ノコッタブ	0
nokottabun	のこったぶん	ノコッタブン	0
nokottabunkidou	のこったぶんきどう	ノコッタブンキドウ	0
noku	のく	ノク	0
nomi	のみ	ノミ	0
nomikai	のみかい	ノミカイ	0
nomikomu	のみこむ	ノミコム	0
nomimizu	のみみず	ノミミズ	0
nomimono	のみもの	ノミモノ	0
nomineeto	のみねえと	ノミネエト	0
nomu	のむ	ノム	0
non	のん	ノン	0
nonaka	のなか	ノナカ	0
nonarukooru	のなるこおる	ノナルコオル	0
nonbanku	のんばんく	ノンバンク	0
nonbiri	のんびり	ノンビリ	0
nonf	のん	ノン	3
nonfy	のん	ノン	3
nonfyi	のんふぃ	ノンフィ	0
nonfyik	のんふぃ	ノンフィ	6
nonfyiku	のんふぃく	ノンフィク	0
nonfyikus	のんふぃく	ノンフィク	8
nonfyikush	のんふぃく	ノンフィク	8
nonfyikusho	のんふぃくしょ	ノンフィクショ	0
nonfyikushon	のんふぃくしょん	ノンフィクション	0
nonfyikushonjuurai	のんふぃくしょんじゅうらい	ノンフィクションジュウライ	0
noni	のに	ノニ	0
nonki	のんき	ノンキ	0
nonoshiru	ののしる	ノノシル	0
nonsutoppu	のんすとっぷ	ノンストップ	0
noo	のお	ノオ	0
nooberushou	のおべるしょう	ノオベルショウ	0
nooburu	のおぶる	ノオブル	0
noohittonoorangeemu	のおひっとのおらんげえむ	ノオヒットノオランゲエム	0
nookomento	のおこめんと	ノオコメント	0
noomaaku	のおまあく	ノオマアク	0
noomaraizu	のおまらいず	ノオマライズ	0
noomaru	のおまる	ノオマル	0
noosaido	のおさいど	ノオサイド	0
noosukaroraina	のおすかろらいな	ノオスカロライナ	0
noot	のお	ノオ	3
nootatchi	のおた	ノオタ	5
nooto	のおと	ノオト	0
nootojuugo	のおとじゅうご	ノオトジュウゴ	0
noren	のれん	ノレン	0
nori	のり	ノリ	0
noriba	のりば	ノリバ	0
noridasu	のりだす	ノリダス	0
norikae	のりかえ	ノリカエ	0
norikaeru	のりかえる	ノリカエル	0
noriki	のりき	ノリキ	0
norikiru	のりきる	ノリキル	0
norikoeru	のりこえる	ノリコエル	0
norikomu	のりこむ	ノリコム	0
norikoshi	のりこし	ノリコシ	0
norikosu	のりこす	ノリコス	0
norikumiin	のりくみいん	ノリクミイン	0
norimawasu	のりまわす	ノリマワス	0
norimono	のりもの	ノリモノ	0
noriokureru	のりおくれる	ノリオクレル	0
noriori	のりおり	ノリオリ	0
noroi	のろい	ノロイ	0
noroma	のろま	ノロマ	0
noronoro	のろのろ	ノロノロ	0
norou	のろう	ノロウ	0
noru	のる	ノル	0
norudeikku	のるでいっく	ノルデイック	0
noruma	のるま	ノルマ	0
noseru	のせる	ノセル	0
noshi	のし	ノシ	0
nosutarujia	のすたるじあ	ノスタルジア	0
nosutarujii	のすたるじい	ノスタルジイ	0
nosutarujikku	のすたるじっく	ノスタルジック	0
not	の	ノ	2
notabini	のたびに	ノタビニ	0
nott	の	ノ	2
notto	のっと	ノット	0
nottor	のっと	ノット	5
nottori	のっとり	ノットリ	0
nottorikasuka	のっとりかすか	ノットリカスカ	0
nottoru	のっとる	ノットル	0
nou	のう	ノウ	0
nouchi	のうち	ノウチ	0
nouchikaikaku	のうちかいかく	ノウチカイカク	0
noudo	のうど	ノウド	0
noudou	のうどう	ノウドウ	0
noudouteki	のうどうてき	ノウドウテキ	0
nouen	のうえん	ノウエン	0
noufu	のうふ	ノウフ	0
noug	のう	ノウ	3
nougaku	のうがく	ノウガク	0
nougakubu	のうがくぶ	ノウガクブ	0
nougy	のう	ノウ	3
nougyo	のうぎょ	ノウギョ	0
nougyou	のうぎょう	ノウギョウ	0
nougyouk	のうぎょう	ノウギョウ	7
nougyouky	のうぎょう	ノウギョウ	7
nougyoukyo	のうぎょうきょ	ノウギョウキョ	0
nougyoukyou	のうぎょうきょう	ノウギョウキョウ	0
nougyoukyoud	のうぎょうきょう	ノウギョウキョウ	11
nougyoukyoudo	のうぎょうきょうど	ノウギョウキョウド	0
nougyoukyoudou	のうぎょうきょうどう	ノウギョウキョウドウ	0
nougyoukyoudouk	のうぎょうきょうどう	ノウギョウキョウドウ	14
nougyoukyoudouku	のうぎょうきょうどうく	ノウギョウキョウドウク	0
nougyoukyoudoukum	のうぎょうきょうどうく	ノウギョウキョウドウク	16
nougyoukyoudoukumi	のうぎょうきょうどうくみ	ノウギョウキョウドウクミ	0
nougyoukyoudoukumia	のうぎょうきょうどうくみあ	ノウギョウキョウドウクミア	0
nougyoukyoudoukumiai	のうぎょうきょうどうくみあい	ノウギョウキョウドウクミアイ	0
nougyoukyoudoukumiainegau	のうぎょうきょうどうくみあいねがう	ノウギョウキョウドウクミアイネガウ	0
nouha	のうは	ノウハ	0
nouhau	のうはう	ノウハウ	0
nouhou	のうほう	ノウホウ	0
noujou	のうじょう	ノウジョウ	0
nouka	のうか	ノウカ	0
noukanki	のうかんき	ノウカンキ	0
noukin	のうきん	ノウキン	0
noukon	のうこん	ノウコン	0
noukou	のうこう	ノウコウ	0
noukyou	のうきょう	ノウキョウ	0
noumen	のうめん	ノウメン	0
noumin	のうみん	ノウミン	0
noumu	のうむ	ノウム	0
noun	のうん	ノウン	0
nouny	のう	ノウ	3
nounyu	のうにゅ	ノウニュ	0
nounyuu	のうにゅう	ノウニュウ	0
nounyuuchinchin	のうにゅうちんちん	ノウニュウチンチン	0
nouri	のうり	ノウリ	0
nourin	のうりん	ノウリン	0
nouritsu	のうりつ	ノウリツ	0
nouryoku	のうりょく	ノウリョク	0
nous	のう	ノウ	3
nousa	のうさ	ノウサ	0
nousag	のうさ	ノウサ	5
nousagy	のうさ	ノウサ	5
nousagyo	のうさぎょ	ノウサギョ	0
nousagyou	のうさぎょう	ノウサギョウ	0
nousagyoutoiumono	のうさぎょうというもの	ノウサギョウトイウモノ	0
nousakubutsu	のうさくぶつ	ノウサクブツ	0
nousan	のうさん	ノウサン	0
nousanbutsu	のうさんぶつ	ノウサンブツ	0
nousei	のうせい	ノウセイ	0
noushi	のうし	ノウシ	0
noushou	のうしょう	ノウショウ	0
noushukketsu	のうしゅっけつ	ノウシュッケツ	0
noushuku	のうしゅく	ノウシュク	0
nouson	のうそん	ノウソン	0
nousotchuu	のうそ	ノウソ	5
noutan	のうたん	ノウタン	0
nouyaku	のうやく	ノウヤク	0
nouzei	のうぜい	ノウゼイ	0
noyama	のやま	ノヤマ	0
nozoite	のぞいて	ノゾイテ	0
nozoku	のぞく	ノゾク	0
nozomashii	のぞましい	ノゾマシイ	0
nozomi	のぞみ	ノゾミ	0
nozomu	のぞむ	ノゾム	0
nozue	のずえ	ノズエ	0
nozuru	のずる	ノズル	0
nsu	んす	ンス	0
nu	ぬ	ヌ	0
nuchye	ぬちぇ	ヌチェ	0
nugu	ぬぐ	ヌグ	0
nuguu	ぬぐう	ヌグウ	0
nuime	ぬいめ	ヌイメ	0
nukaru	ぬかる	ヌカル	0
nukasu	ぬかす	ヌカス	0
nukedasu	ぬけだす	ヌケダス	0
nukeru	ぬける	ヌケル	0
nuki	ぬき	ヌキ	0
nuku	ぬく	ヌク	0
nukumori	ぬくもり	ヌクモリ	0
numa	ぬま	ヌマ	0
numachi	ぬまち	ヌマチ	0
numata	ぬまた	ヌマタ	0
numeri	ぬめり	ヌメリ	0
nuno	ぬの	ヌノ	0
nunoji	ぬのじ	ヌノジ	0
nur	ぬ	ヌ	2
nurasu	ぬらす	ヌラス	0
nureru	ぬれる	ヌレル	0
nuri	ぬり	ヌリ	0
nurik	ぬり	ヌリ	4
nurika	ぬりか	ヌリカ	0
nurikae	ぬりかえ	ヌリカエ	0
nurikaer	ぬりかえ	ヌリカエ	7
nurikaeru	ぬりかえる	ヌリカエル	0
nurikaerumushuusei	ぬりかえるむしゅうせい	ヌリカエルムシュウセイ	0
nuru	ぬる	ヌル	0
nurui	ぬるい	ヌルイ	0
nurunuru	ぬるぬる	ヌルヌル	0
nushi	ぬし	ヌシ	0
nusumi	ぬすみ	ヌスミ	0
nusumu	ぬすむ	ヌスム	0
nuu	ぬう	ヌウ	0
nuuberu	ぬうべる	ヌウベル	0
nuuboo	ぬうぼお	ヌウボオ	0
nuudo	ぬうど	ヌウド	0
nuudoru	ぬうどる	ヌウドル	0
ny			0
nya	にゃ	ニャ	0
nyachyi	にゃちぃ	ニャチィ	0
nye	にぇ	ニェ	0
nyechyo	にぇちょ	ニェチョ	0
nyi	にぃ	ニィ	0
nyichyu	にぃちゅ	ニィチュ	0
nyo	にょ	ニョ	0
nyoci	にょき	ニョキ	0
nyojitsu	にょじつ	ニョジツ	0
nyou	にょう	ニョウ	0
nyoubou	にょうぼう	ニョウボウ	0
nyousan	にょうさん	ニョウサン	0
nyu	にゅ	ニュ	0
nyuansu	にゅあんす	ニュアンス	0
nyuco	にゅこ	ニュコ	0
nyuu	にゅう	ニュウ	0
nyuubai	にゅうばい	ニュウバイ	0
nyuudan	にゅうだん	ニュウダン	0
nyuuen	にゅうえん	ニュウエン	0
nyuufyeisu	にゅうふぇいす	ニュウフェイス	0
nyuugaku	にゅうがく	ニュウガク	0
nyuugakushiken	にゅうがくしけん	ニュウガクシケン	0
nyuuhanpushaa	にゅうはんぷしゃあ	ニュウハンプシャア	0
nyuuin	にゅういん	ニュウイン	0
nyuuj	にゅう	ニュウ	4
nyuujaajii	にゅうじゃあじい	ニュウジャアジイ	0
nyuuji	にゅうじ	ニュウジ	0
nyuujii	にゅうじい	ニュウジイ	0
nyuujiir	にゅうじい	ニュウジイ	7
nyuujiira	にゅうじいら	ニュウジイラ	0
nyuujiiran	にゅうじいらん	ニュウジイラン	0
nyuujiirand	にゅうじいらん	ニュウジイラン	10
nyuujiirando	にゅうじいらんど	ニュウジイランド	0
nyuujiirandoshuumatsu	にゅうじいらんどしゅうまつ	ニュウジイランドシュウマツ	0
nyuujou	にゅうじょう	ニュウジョウ	0
nyuujouken	にゅうじょうけん	ニュウジョウケン	0
nyuuka	にゅうか	ニュウカ	0
nyuukai	にゅうかい	ニュウカイ	0
nyuukaku	にゅうかく	ニュウカク	0
nyuukanryou	にゅうかんりょう	ニュウカンリョウ	0
nyuukin	にゅうきん	ニュウキン	0
nyuukoku	にゅうこく	ニュウコク	0
nyuukokukanrikyoku	にゅうこくかんりきょく	ニュウコクカンリキョク	0
nyuukou	にゅうこう	ニュウコウ	0
nyuukyo	にゅうきょ	ニュウキョ	0
nyuumaku	にゅうまく	ニュウマク	0
nyuumedeia	にゅうめでいあ	ニュウメデイア	0
nyuumekishiko	にゅうめきしこ	ニュウメキシコ	0
nyuumon	にゅうもん	ニュウモン	0
nyuunen	にゅうねん	ニュウネン	0
nyuuriidaa	にゅうりいだあ	ニュウリイダア	0
nyuuro	にゅうろ	ニュウロ	0
nyuuron	にゅうろん	ニュウロン	0
nyuuryoku	にゅうりょく	ニュウリョク	0
nyuus	にゅう	ニュウ	4
nyuusatsu	にゅうさつ	ニュウサツ	0
nyuuseihin	にゅうせいひん	ニュウセイヒン	0
nyuuseki	にゅうせき	ニュウセキ	0
nyuusen	にゅうせん	ニュウセン	0
nyuush	にゅう	ニュウ	4
nyuusha	にゅうしゃ	ニュウシャ	0
nyuushi	にゅうし	ニュウシ	0
nyuushitsu	にゅうしつ	ニュウシツ	0
nyuusho	にゅうしょ	ニュウショ	0
nyuushokodawaru	にゅうしょこだわる	ニュウショコダワル	0
nyuushoku	にゅうしょく	ニュウショク	0
nyuushou	にゅうしょう	ニュウショウ	0
nyuushu	にゅうしゅ	ニュウシュ	0
nyuusu	にゅうす	ニュウス	0
nyuusuretaa	にゅうすれたあ	ニュウスレタア	0
nyuususoosu	にゅうすそおす	ニュウスソオス	0
nyuutaun	にゅうたうん	ニュウタウン	0
nyuuten	にゅうてん	ニュウテン	0
nyuuton	にゅうとん	ニュウトン	0
nyuutora	にゅうとら	ニュウトラ	0
nyuutou	にゅうとう	ニュウトウ	0
nyuuueebu	にゅううええぶ	ニュウウエエブ	0
nyuuwa	にゅうわ	ニュウワ	0
nyuuyoku	にゅうよく	ニュウヨク	0
nyuuyookaa	にゅうよおかあ	ニュウヨオカア	0
nyuuyooku	にゅうよおく	ニュウヨオク	0
nyuuyouji	にゅうようじ	ニュウヨウジ	0
o	お	オ	0
oashisu	おあしす	オアシス	0
oba	おば	オバ	0
obaachan	おばあちゃん	オバアチャン	0
obaasan	おばあさん	オバアサン	0
obake	おばけ	オバケ	0
obentou	おべんとう	オベントウ	0
obi	おび	オビ	0
obieru	おびえる	オビエル	0
obiru	おびる	オビル	0
obitadashii	おびただしい	オビタダシイ	0
obiyakasu	おびやかす	オビヤカス	0
oboe	おぼえ	オボエ	0
oboegaki	おぼえがき	オボエガキ	0
oboeru	おぼえる	オボエル	0
oboreru	おぼれる	オボレル	0
obousan	おぼうさん	オボウサン	0
obuje	おぶじぇ	オブジェ	0
oburaato	おぶらあと	オブラアト	0
obutsu	おぶつ	オブツ	0
obuzaaba	おぶざあば	オブザアバ	0
obuzaabaa	おぶざあばあ	オブザアバア	0
ocha	おちゃ	オチャ	0
ochi	おち	オチ	0
ochiau	おちあう	オチアウ	0
ochiba	おちば	オチバ	0
ochido	おちど	オチド	0
ochiiru	おちいる	オチイル	0
ochikobore	おちこぼれ	オチコボレ	0
ochikomu	おちこむ	オチコム	0
ochiru	おちる	オチル	0
ochitsuita	おちついた	オチツイタ	0
ochitsuki	おちつき	オチツキ	0
ochitsuku	おちつく	オチツク	0
ochuugen	おちゅうげん	オチュウゲン	0
ocu	おく	オク	0
od	お	オ	1
odaijini	おだいじに	オダイジニ	0
odaku	おだく	オダク	0
odayaka	おだやか	オダヤカ	0
odekake	おでかけ	オデカケ	0
odeko	おでこ	オデコ	0
oden	おでん	オデン	0
odo	おど	オド	0
odokasu	おどかす	オドカス	0
odoodo	おどおど	オドオド	0
odor	おど	オド	3
odori	おどり	オドリ	0
odoriba	おどりば	オドリバ	0
odorigahaku	おどりがはく	オドリガハク	0
odoriko	おどりこ	オドリコ	0
odorokasu	おどろかす	オドロカス	0
odoroki	おどろき	オドロキ	0
odoroku	おどろく	オドロク	0
odorokuhodo	おどろくほど	オドロクホド	0
odoru	おどる	オドル	0
odoshi	おどし	オドシ	0
odosu	おどす	オドス	0
oeru	おえる	オエル	0
of	お	オ	1
ofu	おふ	オフ	0
ofukuro	おふくろ	オフクロ	0
ofureko	おふれこ	オフレコ	0
ofuro	おふろ	オフロ	0
ofuroodo	おふろおど	オフロオド	0
ofusaido	おふさいど	オフサイド	0
ofushiizun	おふしいずん	オフシイズン	0
ofy	お	オ	1
ofyi	おふぃ	オフィ	0
ofyis	おふぃ	オフィ	4
ofyish	おふぃ	オフィ	4
ofyisha	おふぃしゃ	オフィシャ	0
ofyishar	おふぃしゃ	オフィシャ	7
ofyisharu	おふぃしゃる	オフィシャル	0
ofyisharugyouretsu	おふぃしゃるぎょうれつ	オフィシャルギョウレツ	0
ofyisu	おふぃす	オフィス	0
ogamu	おがむ	オガム	0
ogawa	おがわ	オガワ	0
ogi	おぎ	オギ	0
oginau	おぎなう	オギナウ	0
ogoru	おごる	オゴル	0
ogosoka	おごそか	オゴソカ	0
ohaio	おはいお	オハイオ	0
ohanashi	おはなし	オハナシ	0
ohanashichuu	おはなしちゅう	オハナシチュウ	0
ohayou	おはよう	オハヨウ	0
ohayougozaimasu	おはようございます	オハヨウゴザイマス	0
ohiru	おひる	オヒル	0
ohisashiburi	おひさしぶり	オヒサシブリ	0
ohitorisama	おひとりさま	オヒトリサマ	0
oi	おい	オイ	0
oiageru	おいあげる	オイアゲル	0
oidasu	おいだす	オイダス	0
oideipusu	おいでいぷす	オイデイプス	0
oikakeru	おいかける	オイカケル	0
oikaze	おいかぜ	オイカゼ	0
oikomi	おいこみ	オイコミ	0
oikomu	おいこむ	オイコム	0
oikosu	おいこす	オイコス	0
oime	おいめ	オイメ	0
oin	おいん	オイン	0
oinu	おいぬ	オイヌ	0
oinuk	おいぬ	オイヌ	4
oinuku	おいぬく	オイヌク	0
oinukujau	おいぬくじゃう	オイヌクジャウ	0
oioi	おいおい	オイオイ	0
oiru	おいる	オイル	0
oirufyensu	おいるふぇんす	オイルフェンス	0
oishasan	おいしゃさん	オイシャサン	0
oishii	おいしい	オイシイ	0
oitachi	おいたち	オイタチ	0
oitsuku	おいつく	オイツク	0
oiuchi	おいうち	オイウチ	0
oiwai	おいわい	オイワイ	0
ojamashimasu	おじゃまします	オジャマシマス	0
oji	おじ	オジ	0
ojigi	おじぎ	オジギ	0
ojiisan	おじいさん	オジイサン	0
ojikan	おじかん	オジカン	0
ojousan	おじょうさん	オジョウサン	0
ok	お	オ	1
oka	おか	オカ	0
okaasan	おかあさん	オカアサン	0
okaeri	おかえり	オカエリ	0
okaerinasai	おかえりなさい	オカエリナサイ	0
okaeshi	おかえし	オカエシ	0
okagede	おかげで	オカゲデ	0
okagesamade	おかげさまで	オカゲサマデ	0
okaidoku	おかいどく	オカイドク	0
okaikei	おかいけい	オカイケイ	0
okan	おかん	オカン	0
okane	おかね	オカネ	0
okanemochi	おかねもち	オカネモチ	0
okarina	おかりな	オカリナ	0
okaruto	おかると	オカルト	0
okas	おか	オカ	3
okashi	おかし	オカシ	0
okashii	おかしい	オカシイ	0
okashina	おかしな	オカシナ	0
okashiya	おかしや	オカシヤ	0
okasu	おかす	オカス	0
okasujisu	おかすじす	オカスジス	0
okawari	おかわり	オカワリ	0
okazu	おかず	オカズ	0
oke	おけ	オケ	0
oki	おき	オキ	0
okiagarikoboshi	おきあがりこぼし	オキアガリコボシ	0
okiagaru	おきあがる	オキアガル	0
okiai	おきあい	オキアイ	0
okiba	おきば	オキバ	0
okikaeru	おきかえる	オキカエル	0
okim	おき	オキ	3
okimo	おきも	オキモ	0
okimon	おきもん	オキモン	0
okimono	おきもの	オキモノ	0
okimonomoare	おきものもあれ	オキモノモアレ	0
okina	おきな	オキナ	0
okinawa	おきなわ	オキナワ	0
okiniiri	おきにいり	オキニイリ	0
okiru	おきる	オキル	0
okite	おきて	オキテ	0
okizari	おきざり	オキザリ	0
okkake	おっかけ	オッカケ	0
okkakeru	おっかける	オッカケル	0
okkee	おっけえ	オッケエ	0
okkii	おっきい	オッキイ	0
okkusufuoodo	おっくすふおおど	オックスフオオド	0
okonai	おこない	オコナイ	0
okonau	おこなう	オコナウ	0
okonomiyaki	おこのみやき	オコノミヤキ	0
okoraseru	おこらせる	オコラセル	0
okoru	おこる	オコル	0
okosama	おこさま	オコサマ	0
okosu	おこす	オコス	0
okotaru	おこたる	オコタル	0
okozukai	おこずかい	オコズカイ	0
oku	おく	オク	0
okubyou	おくびょう	オクビョウ	0
okubyoumono	おくびょうもの	オクビョウモノ	0
okuchi	おくち	オクチ	0
okugai	おくがい	オクガイ	0
okujou	おくじょう	オクジョウ	0
okunai	おくない	オクナイ	0
okura	おくら	オクラ	0
okurahoma	おくらほま	オクラホマ	0
okurasu	おくらす	オクラス	0
okure	おくれ	オクレ	0
okureru	おくれる	オクレル	0
okuri	おくり	オクリ	0
okuridashi	おくりだし	オクリダシ	0
okurigana	おくりがな	オクリガナ	0
okurikaesu	おくりかえす	オクリカエス	0
okurikomu	おくりこむ	オクリコム	0
okurimono	おくりもの	オクリモノ	0
okurinushi	おくりぬし	オクリヌシ	0
okurisaki	おくりさき	オクリサキ	0
okuru	おくる	オクル	0
okusama	おくさま	オクサマ	0
okusan	おくさん	オクサン	0
okusoku	おくそく	オクソク	0
okutaabu	おくたあぶ	オクタアブ	0
okuy	おく	オク	3
okuyama	おくやま	オクヤマ	0
okuyu	おくゆ	オクユ	0
okuyuk	おくゆ	オクユ	5
okuyuki	おくゆき	オクユキ	0
okuyukitaiin	おくゆきたいいん	オクユキタイイン	0
okyakusama	おきゃくさま	オキャクサマ	0
om	お	オ	1
oma	おま	オマ	0
omac	おま	オマ	3
omach	おま	オマ	3
omachi	おまち	オマチ	0
omachik	おまち	オマチ	6
omachika	おまちか	オマチカ	0
omachikan	おまちかん	オマチカン	0
omachikane	おまちかね	オマチカネ	0
omachikanekagen	おまちかねかげん	オマチカネカゲン	0
omae	おまえ	オマエ	0
omairi	おまいり	オマイリ	0
omak	おま	オマ	3
omake	おまけ	オマケ	0
omakegakui	おまけがくい	オマケガクイ	0
omakeni	おまけに	オマケニ	0
omamori	おまもり	オマモリ	0
omataseshimashita	おまたせしました	オマタセシマシタ	0
omawarisan	おまわりさん	オマワリサン	0
omedetou	おめでとう	オメデトウ	0
omedetougozaimasu	おめでとうございます	オメデトウゴザイマス	0
omega	おめが	オメガ	0
omei	おめい	オメイ	0
omikoshi	おみこし	オミコシ	0
omise	おみせ	オミセ	0
omitsumori	おみつもり	オミツモリ	0
omiyage	おみやげ	オミヤゲ	0
omo	おも	オモ	0
omocha	おもちゃ	オモチャ	0
omoi	おもい	オモイ	0
omoia	おもいあ	オモイア	0
omoiagaru	おもいあがる	オモイアガル	0
omoiat	おもいあ	オモイア	5
omoiata	おもいあた	オモイアタ	0
omoiatar	おもいあた	オモイアタ	7
omoiataru	おもいあたる	オモイアタル	0
omoiataruuchouten	おもいあたるうちょうてん	オモイアタルウチョウテン	0
omoidasu	おもいだす	オモイダス	0
omoide	おもいで	オモイデ	0
omoiegaku	おもいえがく	オモイエガク	0
omoigakenai	おもいがけない	オモイガケナイ	0
omoikiri	おもいきり	オモイキリ	0
omoikiru	おもいきる	オモイキル	0
omoikitte	おもいきって	オモイキッテ	0
omoikkiri	おもいっきり	オモイッキリ	0
omoikomu	おもいこむ	オモイコム	0
omoinaosu	おもいなおす	オモイナオス	0
omoiokosu	おもいおこす	オモイオコス	0
omoiomoi	おもいおもい	オモイオモイ	0
omoitodomaru	おもいとどまる	オモイトドマル	0
omoitsuki	おもいつき	オモイツキ	0
omoitsuku	おもいつく	オモイツク	0
omoiyari	おもいやり	オモイヤリ	0
omoiyaru	おもいやる	オモイヤル	0
omokage	おもかげ	オモカゲ	0
omoki	おもき	オモキ	0
omokurushii	おもくるしい	オモクルシイ	0
omomi	おもみ	オモミ	0
omomochi	おももち	オモモチ	0
omomuki	おもむき	オモムキ	0
omomuku	おもむく	オモムク	0
omoni	おもに	オモニ	0
omonjiru	おもんじる	オモンジル	0
omonzuru	おもんずる	オモンズル	0
omoru	おもる	オモル	0
omosa	おもさ	オモサ	0
omoshi	おもし	オモシ	0
omoshiro	おもしろ	オモシロ	0
omoshiroi	おもしろい	オモシロイ	0
omot	おも	オモ	3
omota	おもた	オモタ	0
omotai	おもたい	オモタイ	0
omotaiganbou	おもたいがんぼう	オモタイガンボウ	0
omote	おもて	オモテ	0
omotedatsu	おもてだつ	オモテダツ	0
omotedatte	おもてだって	オモテダッテ	0
omotedoori	おもてどおり	オモテドオリ	0
omotemaruchimedeia	おもてまるちめでいあ	オモテマルチメデイア	0
omotemuki	おもてむき	オモテムキ	0
omotenashi	おもてなし	オモテナシ	0
omou	おもう	オモウ	0
omouzonbun	おもうぞんぶん	オモウゾンブン	0
omowaku	おもわく	オモワク	0
omowareru	おもわれる	オモワレル	0
omowazu	おもわず	オモワズ	0
omunibasu	おむにばす	オムニバス	0
omuretsu	おむれつ	オムレツ	0
omutsu	おむつ	オムツ	0
on	おん	オン	0
ona	おな	オナ	0
onaj	おな	オナ	3
onaji	おなじ	オナジ	0
onajiku	おなじく	オナジク	0
onajim	おなじ	オナジ	5
onajimi	おなじみ	オナジミ	0
onajimikyakkan	おなじみきゃっかん	オナジミキャッカン	0
onak	おな	オナ	3
onaka	おなか	オナカ	0
onakakenshou	おなかけんしょう	オナカケンショウ	0
onakanoko	おなかのこ	オナカノコ	0
onamae	おなまえ	オナマエ	0
onara	おなら	オナラ	0
onbin	おんびん	オンビン	0
onbu	おんぶ	オンブ	0
onbuzuman	おんぶずまん	オンブズマン	0
onchi	おんち	オンチ	0
onchuu	おんちゅう	オンチュウ	0
ondan	おんだん	オンダン	0
ondo	おんど	オンド	0
ondokei	おんどけい	オンドケイ	0
ondoku	おんどく	オンドク	0
one	おね	オネ	0
onea	おねあ	オネア	0
oneesan	おねえさん	オネエサン	0
onegai	おねがい	オネガイ	0
onegaiitashimasu	おねがいいたします	オネガイイタシマス	0
onegaishimasu	おねがいします	オネガイシマス	0
ongaeshi	おんがえし	オンガエシ	0
ongaku	おんがく	オンガク	0
ongakuka	おんがくか	オンガクカ	0
oni	おに	オニ	0
onigiri	おにぎり	オニギリ	0
onigokko	おにごっこ	オニゴッコ	0
oniisan	おにいさん	オニイサン	0
onion	おにおん	オニオン	0
onjin	おんじん	オンジン	0
onk	おん	オン	2
onka	おんか	オンカ	0
onkai	おんかい	オンカイ	0
onkaitaisou	おんかいたいそう	オンカイタイソウ	0
onkei	おんけい	オンケイ	0
onken	おんけん	オンケン	0
onkou	おんこう	オンコウ	0
onkun	おんくん	オンクン	0
onky	おん	オン	2
onkyou	おんきょう	オンキョウ	0
onkyu	おんきゅ	オンキュ	0
onkyuu	おんきゅう	オンキュウ	0
onkyuutaishuu	おんきゅうたいしゅう	オンキュウタイシュウ	0
onna	おんな	オンナ	0
onnagata	おんながた	オンナガタ	0
onnanohito	おんなのひと	オンナノヒト	0
onnanoko	おんなのこ	オンナノコ	0
onnarashii	おんならしい	オンナラシイ	0
onoono	おのおの	オノオノ	0
onore	おのれ	オノレ	0
onozukara	おのずから	オノズカラ	0
onpareedo	おんぱれえど	オンパレエド	0
onpu	おんぷ	オンプ	0
onrain	おんらいん	オンライン	0
onrii	おんりい	オンリイ	0
onryou	おんりょう	オンリョウ	0
onsei	おんせい	オンセイ	0
onsen	おんせん	オンセン	0
onsha	おんしゃ	オンシャ	0
onshi	おんし	オンシ	0
onshirazu	おんしらず	オンシラズ	0
onshitsu	おんしつ	オンシツ	0
onshou	おんしょう	オンショウ	0
onsu	おんす	オンス	0
ontai	おんたい	オンタイ	0
ontei	おんてい	オンテイ	0
ontou	おんとう	オントウ	0
onwa	おんわ	オンワ	0
onyomi	おにょみ	オニョミ	0
onzon	おんぞん	オンゾン	0
oo	おお	オオ	0
ooakinai	おおあきない	オオアキナイ	0
ooame	おおあめ	オオアメ	0
ooatari	おおあたり	オオアタリ	0
oobaa	おおばあ	オオバア	0
oobaahiito	おおばあひいと	オオバアヒイト	0
oobaaran	おおばあらん	オオバアラン	0
oobaarappu	おおばあらっぷ	オオバアラップ	0
ooboe	おおぼえ	オオボエ	0
oobun	おおぶん	オオブン	0
oobune	おおぶね	オオブネ	0
oochaado	おおちゃあど	オオチャアド	0
oodaa	おおだあ	オオダア	0
oodaameido	おおだあめいど	オオダアメイド	0
oodai	おおだい	オオダイ	0
oodana	おおだな	オオダナ	0
oodeio	おおでいお	オオデイオ	0
oodeishon	おおでいしょん	オオデイション	0
oodo	おおど	オオド	0
oodoburu	おおどぶる	オオドブル	0
oodoori	おおどおり	オオドオリ	0
ooeda	おおえだ	オオエダ	0
ooga	おおが	オオガ	0
oogakari	おおがかり	オオガカリ	0
oogata	おおがた	オオガタ	0
oogesa	おおげさ	オオゲサ	0
oogoe	おおごえ	オオゴエ	0
ooguchi	おおぐち	オオグチ	0
oohaba	おおはば	オオハバ	0
ooi	おおい	オオイ	0
ooikeimyou	おおいけいみょう	オオイケイミョウ	0
ooini	おおいに	オオイニ	0
ooisogi	おおいそぎ	オオイソギ	0
oojidai	おおじだい	オオジダイ	0
ookami	おおかみ	オオカミ	0
ookata	おおかた	オオカタ	0
ookee	おおけえ	オオケエ	0
ookesutora	おおけすとら	オオケストラ	0
ookii	おおきい	オオキイ	0
ookikunaru	おおきくなる	オオキクナル	0
ookina	おおきな	オオキナ	0
ookisa	おおきさ	オオキサ	0
ooku	おおく	オオク	0
ookura	おおくら	オオクラ	0
ookurashou	おおくらしょう	オオクラショウ	0
ookushon	おおくしょん	オオクション	0
ookusu	おおくす	オオクス	0
oom	おお	オオ	2
oomaka	おおまか	オオマカ	0
oome	おおめ	オオメ	0
oomisoka	おおみそか	オオミソカ	0
oomizu	おおみず	オオミズ	0
oomo	おおも	オオモ	0
oomoji	おおもじ	オオモジ	0
oomono	おおもの	オオモノ	0
oomor	おおも	オオモ	4
oomori	おおもり	オオモリ	0
oomoribidou	おおもりびどう	オオモリビドウ	0
oomugi	おおむぎ	オオムギ	0
oomukashi	おおむかし	オオムカシ	0
oonaa	おおなあ	オオナア	0
oono	おおの	オオノ	0
oootoko	おおおとこ	オオオトコ	0
oopun	おおぷん	オオプン	0
oopuningu	おおぷにんぐ	オオプニング	0
oopunkaa	おおぷんかあ	オオプンカア	0
oopunsen	おおぷんせん	オオプンセン	0
oopunsetto	おおぷんせっと	オオプンセット	0
oor	おお	オオ	2
oora	おおら	オオラ	0
ooro	おおろ	オオロ	0
ooror	おおろ	オオロ	4
oorora	おおろら	オオロラ	0
oororakouhai	おおろらこうはい	オオロラコウハイ	0
ooru	おおる	オオル	0
oorudogaado	おおるどがあど	オオルドガアド	0
oorumaitei	おおるまいてい	オオルマイテイ	0
oorunaito	おおるないと	オオルナイト	0
ooruraundo	おおるらうんど	オオルラウンド	0
oorusutaa	おおるすたあ	オオルスタア	0
oorusutaakyasuto	おおるすたあきゃすと	オオルスタアキャスト	0
oosaji	おおさじ	オオサジ	0
oosaka	おおさか	オオサカ	0
oosawagi	おおさわぎ	オオサワギ	0
ooshan	おおしゃん	オオシャン	0
ooshi	おおし	オオシ	0
oosodokkusu	おおそどっくす	オオソドックス	0
oosouji	おおそうじ	オオソウジ	0
oosuji	おおすじ	オオスジ	0
oosutoraria	おおすとらりあ	オオストラリア	0
oot	おお	オオ	2
oote	おおて	オオテ	0
ootekigyou	おおてきぎょう	オオテキギョウ	0
ooto	おおと	オオト	0
ootob	おおと	オオト	4
ootoba	おおとば	オオトバ	0
ootobai	おおとばい	オオトバイ	0
ootobaikangaenaosu	おおとばいかんがえなおす	オオトバイカンガエナオス	0
ootokuchuuru	おおとくちゅうる	オオトクチュウル	0
ootokyanpu	おおときゃんぷ	オオトキャンプ	0
ootomachikku	おおとまちっく	オオトマチック	0
ootomeeshon	おおとめえしょん	オオトメエション	0
ootorokku	おおとろっく	オオトロック	0
oots	おお	オオ	2
ootsu	おおつ	オオツ	0
ootsub	おおつ	オオツ	5
ootsubu	おおつぶ	オオツブ	0
ootsubusenseki	おおつぶせんせき	オオツブセンセキ	0
oou	おおう	オオウ	0
oowarai	おおわらい	オオワライ	0
ooya	おおや	オオヤ	0
ooyake	おおやけ	オオヤケ	0
ooyorokobi	おおよろこび	オオヨロコビ	0
ooyuki	おおゆき	オオユキ	0
oozappa	おおざっぱ	オオザッパ	0
oozei	おおぜい	オオゼイ	0
oozeki	おおぜき	オオゼキ	0
oozora	おおぞら	オオゾラ	0
oozume	おおずめ	オオズメ	0
oozumou	おおずもう	オオズモウ	0
ope	おぺ	オペ	0
opera	おぺら	オペラ	0
opereeshon	おぺれえしょん	オペレエション	0
opereetaa	おぺれえたあ	オペレエタア	0
operetta	おぺれった	オペレッタ	0
opinion	おぴにおん	オピニオン	0
opinionriidaa	おぴにおんりいだあ	オピニオンリイダア	0
oppai	おっぱい	オッパイ	0
opushon	おぷしょん	オプション	0
or	お	オ	1
orakuru	おらくる	オラクル	0
oranda	おらんだ	オランダ	0
oranuutan	おらぬうたん	オラヌウタン	0
oratorio	おらとりお	オラトリオ	0
ore	おれ	オレ	0
orei	おれい	オレイ	0
orenji	おれんじ	オレンジ	0
orenjiiro	おれんじいろ	オレンジイロ	0
oreru	おれる	オレル	0
ori	おり	オリ	0
oriai	おりあい	オリアイ	0
orie	おりえ	オリエ	0
orien	おりえん	オリエン	0
orient	おりえん	オリエン	5
orienta	おりえんた	オリエンタ	0
orientar	おりえんた	オリエンタ	7
orientari	おりえんたり	オリエンタリ	0
orientariz	おりえんたり	オリエンタリ	9
orientarizu	おりえんたりず	オリエンタリズ	0
orientarizum	おりえんたりず	オリエンタリズ	11
orientarizumu	おりえんたりずむ	オリエンタリズム	0
orientarizumukoutetsu	おりえんたりずむこうてつ	オリエンタリズムコウテツ	0
orientaru	おりえんたる	オリエンタル	0
orienteeringu	おりえんてえりんぐ	オリエンテエリング	0
orienteeshon	おりえんてえしょん	オリエンテエション	0
oriento	おりえんと	オリエント	0
origami	おりがみ	オリガミ	0
origomaa	おりごまあ	オリゴマア	0
oriibuiro	おりいぶいろ	オリイブイロ	0
orijinariteii	おりじなりていい	オリジナリテイイ	0
orijinaru	おりじなる	オリジナル	0
orikaeshi	おりかえし	オリカエシ	0
orikaesu	おりかえす	オリカエス	0
orikara	おりから	オリカラ	0
orimono	おりもの	オリモノ	0
orinifurete	おりにふれて	オリニフレテ	0
orinpikku	おりんぴっく	オリンピック	0
orion	おりおん	オリオン	0
oriori	おりおり	オリオリ	0
oriru	おりる	オリル	0
oritatami	おりたたみ	オリタタミ	0
oriwariaini	おりわりあいに	オリワリアイニ	0
oro	おろ	オロ	0
oroka	おろか	オロカ	0
oroo	おろお	オロオ	0
oroor	おろお	オロオ	4
orooro	おろおろ	オロオロ	0
oroorokenage	おろおろけなげ	オロオロケナゲ	0
oroshi	おろし	オロシ	0
oroshine	おろしね	オロシネ	0
oroshiuri	おろしうり	オロシウリ	0
oroshiuribukka	おろしうりぶっか	オロシウリブッカ	0
oroshiurishijou	おろしうりしじょう	オロシウリシジョウ	0
orosoka	おろそか	オロソカ	0
orosu	おろす	オロス	0
oru	おる	オル	0
orugan	おるがん	オルガン	0
orugooru	おるごおる	オルゴオル	0
orugu	おるぐ	オルグ	0
os	お	オ	1
osae	おさえ	オサエ	0
osaeru	おさえる	オサエル	0
osakini	おさきに	オサキニ	0
osamari	おさまり	オサマリ	0
osamaru	おさまる	オサマル	0
osameru	おさめる	オサメル	0
osan	おさん	オサン	0
osanago	おさなご	オサナゴ	0
osanai	おさない	オサナイ	0
osananajimi	おさななじみ	オサナナジミ	0
oseania	おせあにあ	オセアニア	0
osechi	おせち	オセチ	0
osechiryouri	おせちりょうり	オセチリョウリ	0
oseibo	おせいぼ	オセイボ	0
oseji	おせじ	オセジ	0
osekkai	おせっかい	オセッカイ	0
osen	おせん	オセン	0
osewaninaru	おせわになる	オセワニナル	0
osh	お	オ	1
oshaberi	おしゃべり	オシャベリ	0
oshare	おしゃれ	オシャレ	0
oshi	おし	オシ	0
oshibori	おしぼり	オシボリ	0
oshidashi	おしだし	オシダシ	0
oshie	おしえ	オシエ	0
oshiego	おしえご	オシエゴ	0
oshier	おしえ	オシエ	5
oshieru	おしえる	オシエル	0
oshieruninsanpu	おしえるにんさんぷ	オシエルニンサンプ	0
oshiharaihouhou	おしはらいほうほう	オシハライホウホウ	0
oshii	おしい	オシイ	0
oshiire	おしいれ	オシイレ	0
oshiiri	おしいり	オシイリ	0
oshiiru	おしいる	オシイル	0
oshik	おし	オシ	4
oshiki	おしき	オシキ	0
oshikir	おしき	オシキ	6
oshikiru	おしきる	オシキル	0
oshikirudainin	おしきるだいにん	オシキルダイニン	0
oshikko	おしっこ	オシッコ	0
oshikomu	おしこむ	オシコム	0
oshimai	おしまい	オシマイ	0
oshimondou	おしもんどう	オシモンドウ	0
oshimu	おしむ	オシム	0
oshiroi	おしろい	オシロイ	0
oshitsukeru	おしつける	オシツケル	0
oshiuri	おしうり	オシウリ	0
oshoku	おしょく	オショク	0
oshou	おしょう	オショウ	0
osoi	おそい	オソイ	0
osoraku	おそらく	オソラク	0
osore	おそれ	オソレ	0
osoreru	おそれる	オソレル	0
osoroshii	おそろしい	オソロシイ	0
osorubeki	おそるべき	オソルベキ	0
osoruosoru	おそるおそる	オソルオソル	0
osou	おそう	オソウ	0
osoushiki	おそうしき	オソウシキ	0
osowaru	おそわる	オソワル	0
osozaki	おそざき	オソザキ	0
ossan	おっさん	オッサン	0
ossharu	おっしゃる	オッシャル	0
osu	おす	オス	0
osui	おすい	オスイ	0
osukaa	おすかあ	オスカア	0
osumitsuki	おすみつき	オスミツキ	0
ot	お	オ	1
otagaini	おたがいに	オタガイニ	0
otaku	おたく	オタク	0
otameshiare	おためしあれ	オタメシアレ	0
otanjoubi	おたんじょうび	オタンジョウビ	0
otanjoubiomedetougozaimasu	おたんじょうびおめでとうございます	オタンジョウビオメデトウゴザイマス	0
otawa	おたわ	オタワ	0
ote	おて	オテ	0
otea	おてあ	オテア	0
oteage	おてあげ	オテアゲ	0
otear	おてあ	オテア	4
oteara	おてあら	オテアラ	0
otearai	おてあらい	オテアライ	0
otearaikennai	おてあらいけんない	オテアライケンナイ	0
oten	おてん	オテン	0
otenki	おてんき	オテンキ	0
otesuu	おてすう	オテスウ	0
otesuudesuga	おてすうですが	オテスウデスガ	0
otetsudai	おてつだい	オテツダイ	0
otetsudaisan	おてつだいさん	オテツダイサン	0
oto	おと	オト	0
otoko	おとこ	オトコ	0
otokomae	おとこまえ	オトコマエ	0
otokonohito	おとこのひと	オトコノヒト	0
otokonoko	おとこのこ	オトコノコ	0
otokorashii	おとこらしい	オトコラシイ	0
otokotachi	おとこたち	オトコタチ	0
otoku	おとく	オトク	0
otona	おとな	オトナ	0
otonaninaru	おとなになる	オトナニナル	0
otonappoi	おとなっぽい	オトナッポイ	0
otonashii	おとなしい	オトナシイ	0
otoroe	おとろえ	オトロエ	0
otoroeru	おとろえる	オトロエル	0
otoru	おとる	オトル	0
otoshiana	おとしあな	オトシアナ	0
otoshidama	おとしだま	オトシダマ	0
otoshimono	おとしもの	オトシモノ	0
otoshiyori	おとしより	オトシヨリ	0
otosu	おとす	オトス	0
ototoi	おととい	オトトイ	0
ototoshi	おととし	オトトシ	0
otousan	おとうさん	オトウサン	0
otouto	おとうと	オトウト	0
otozure	おとずれ	オトズレ	0
otozureru	おとずれる	オトズレル	0
otsu	おつ	オツ	0
otsukai	おつかい	オツカイ	0
otsukaresama	おつかれさま	オツカレサマ	0
otsuri	おつり	オツリ	0
otte	おって	オッテ	0
otto	おっと	オット	0
ou	おう	オウ	0
oub	おう	オウ	2
oube	おうべ	オウベ	0
oubei	おうべい	オウベイ	0
oubeiippin	おうべいいっぴん	オウベイイッピン	0
oubo	おうぼ	オウボ	0
oubosha	おうぼしゃ	オウボシャ	0
oubou	おうぼう	オウボウ	0
oubun	おうぶん	オウブン	0
ouchaku	おうちゃく	オウチャク	0
ouchi	おうち	オウチ	0
ouchou	おうちょう	オウチョウ	0
ouda	おうだ	オウダ	0
oudan	おうだん	オウダン	0
oudanhodou	おうだんほどう	オウダンホドウ	0
oudanmaku	おうだんまく	オウダンマク	0
ouen	おうえん	オウエン	0
oufuku	おうふく	オウフク	0
ougi	おうぎ	オウギ	0
ougigata	おうぎがた	オウギガタ	0
ougon	おうごん	オウゴン	0
ougonjidai	おうごんじだい	オウゴンジダイ	0
ouh	おう	オウ	2
ouhe	おうへ	オウヘ	0
ouhei	おうへい	オウヘイ	0
ouheiookina	おうへいおおきな	オウヘイオオキナ	0
ouhi	おうひ	オウヒ	0
oui	おうい	オウイ	0
ouja	おうじゃ	オウジャ	0
ouji	おうじ	オウジ	0
oujiru	おうじる	オウジル	0
oujo	おうじょ	オウジョ	0
oujou	おうじょう	オウジョウ	0
ouka	おうか	オウカ	0
oukan	おうかん	オウカン	0
oukoku	おうこく	オウコク	0
oukou	おうこう	オウコウ	0
oukyuu	おうきゅう	オウキュウ	0
ounen	おうねん	オウネン	0
our	おう	オウ	2
ourai	おうらい	オウライ	0
ouri	おうり	オウリ	0
ourit	おうり	オウリ	4
ourits	おうり	オウリ	4
ouritsu	おうりつ	オウリツ	0
ouritsutaiki	おうりつたいき	オウリツタイキ	0
ouryou	おうりょう	オウリョウ	0
ousama	おうさま	オウサマ	0
ousatsu	おうさつ	オウサツ	0
ousei	おうせい	オウセイ	0
ousen	おうせん	オウセン	0
ousetsu	おうせつ	オウセツ	0
oushin	おうしん	オウシン	0
oushitsu	おうしつ	オウシツ	0
oushou	おうしょう	オウショウ	0
oushuu	おうしゅう	オウシュウ	0
outai	おうたい	オウタイ	0
oute	おうて	オウテ	0
outen	おうてん	オウテン	0
outo	おうと	オウト	0
outotsu	おうとつ	オウトツ	0
outou	おうとう	オウトウ	0
ouyou	おうよう	オウヨウ	0
ouza	おうざ	オウザ	0
ouzoku	おうぞく	オウゾク	0
ouzuru	おうずる	オウズル	0
owabi	おわび	オワビ	0
owari	おわり	オワリ	0
owarine	おわりね	オワリネ	0
owaru	おわる	オワル	0
oy	お	オ	1
oya	おや	オヤ	0
oyabaka	おやばか	オヤバカ	0
oyabun	おやぶん	オヤブン	0
oyafukou	おやふこう	オヤフコウ	0
oyagaisha	おやがいしゃ	オヤガイシャ	0
oyaj	おや	オヤ	3
oyaji	おやじ	オヤジ	0
oyajitoriwake	おやじとりわけ	オヤジトリワケ	0
oyakata	おやかた	オヤカタ	0
oyako	おやこ	オヤコ	0
oyakoukou	おやこうこう	オヤコウコウ	0
oyasumi	おやすみ	オヤスミ	0
oyasuminasai	おやすみなさい	オヤスミナサイ	0
oyat	おや	オヤ	3
oyats	おや	オヤ	3
oyatsu	おやつ	オヤツ	0
oyatsumono	おやつもの	オヤツモノ	0
oyayubi	おやゆび	オヤユビ	0
oyayuzuri	おやゆずり	オヤユズリ	0
oyobi	および	オヨビ	0
oyobosu	およぼす	オヨボス	0
oyobu	およぶ	オヨブ	0
oyogi	およぎ	オヨギ	0
oyogu	およぐ	オヨグ	0
oyoso	およそ	オヨソ	0
ozon	おぞん	オゾン	0
ozonhooru	おぞんほおる	オゾンホオル	0
p			0
pa	ぱ	パ	0
paa	ぱあ	パア	0
paafyekuto	ぱあふぇくと	パアフェクト	0
paaji	ぱあじ	パアジ	0
paak	ぱあ	パア	3
paakaa	ぱあかあ	パアカア	0
paakasshon	ぱあかっしょん	パアカッション	0
paakingu	ぱあきんぐ	パアキング	0
paaku	ぱあく	パアク	0
paakujunnou	ぱあくじゅんのう	パアクジュンノウ	0
paama	ぱあま	パアマ	0
paamubooru	ぱあむぼおる	パアムボオル	0
paapuree	ぱあぷれえ	パアプレエ	0
paapuru	ぱあぷる	パアプル	0
paaraa	ぱあらあ	パアラア	0
paaren	ぱあれん	パアレン	0
paaru	ぱある	パアル	0
paasento	ぱあせんと	パアセント	0
paaseputoron	ぱあせぷとろん	パアセプトロン	0
paasonariteii	ぱあそなりていい	パアソナリテイイ	0
paasonaru	ぱあそなる	パアソナル	0
paasu	ぱあす	パアス	0
paatei	ぱあてい	パアテイ	0
paateii	ぱあていい	パアテイイ	0
paato	ぱあと	パアト	0
paatonaa	ぱあとなあ	パアトナア	0
paatotaimaa	ぱあとたいまあ	パアトタイマア	0
paatotaimu	ぱあとたいむ	パアトタイム	0
paatsu	ぱあつ	パアツ	0
pabirion	ぱびりおん	パビリオン	0
pabu	ぱぶ	パブ	0
paburikku	ぱぶりっく	パブリック	0
paburishiteii	ぱぶりしていい	パブリシテイイ	0
pac	ぱ	パ	2
pach	ぱ	パ	2
pachi	ぱち	パチ	0
pachin	ぱちん	パチン	0
pachink	ぱちん	パチン	6
pachinko	ぱちんこ	パチンコ	0
pachinkoshozaichi	ぱちんこしょざいち	パチンコショザイチ	0
pachipachi	ぱちぱち	パチパチ	0
pacwa	ぱくぁ	パクァ	0
paddo	ぱっど	パッド	0
padokku	ぱどっく	パドック	0
padoru	ぱどる	パドル	0
pafuoomansu	ぱふおおまんす	パフオオマンス	0
pagoda	ぱごだ	パゴダ	0
pai	ぱい	パイ	0
painappuru	ぱいなっぷる	パイナップル	0
painjuusu	ぱいんじゅうす	パインジュウス	0
paio	ぱいお	パイオ	0
paion	ぱいおん	パイオン	0
paioni	ぱいおに	パイオニ	0
paionia	ぱいおにあ	パイオニア	0
paioniashoshutsu	ぱいおにあしょしゅつ	パイオニアショシュツ	0
paipu	ぱいぷ	パイプ	0
pairotto	ぱいろっと	パイロット	0
pajama	ぱじゃま	パジャマ	0
pakisutan	ぱきすたん	パキスタン	0
pakkeeji	ぱっけえじ	パッケエジ	0
pakkingu	ぱっきんぐ	パッキング	0
pakku	ぱっく	パック	0
pan	ぱん	パン	0
panama	ぱなま	パナマ	0
panamerikanizumu	ぱなめりかにずむ	パナメリカニズム	0
panchi	ぱんち	パンチ	0
panchipaama	ぱんちぱあま	パンチパアマ	0
panda	ぱんだ	パンダ	0
paneraa	ぱねらあ	パネラア	0
panerisuto	ぱねりすと	パネリスト	0
paneru	ぱねる	パネル	0
panf	ぱん	パン	3
panfu	ぱんふ	パンフ	0
panfur	ぱんふ	パンフ	5
panfure	ぱんふれ	パンフレ	0
panfuret	ぱんふれ	パンフレ	7
panfurett	ぱんふれ	パンフレ	7
panfuretto	ぱんふれっと	パンフレット	0
panfurettoonnarashii	ぱんふれっとおんならしい	パンフレットオンナラシイ	0
panikku	ぱにっく	パニック	0
panjii	ぱんじい	パンジイ	0
panko	ぱんこ	パンコ	0
panku	ぱんく	パンク	0
panmunjomu	ぱんむんじょむ	パンムンジョム	0
pano	ぱの	パノ	0
panor	ぱの	パノ	4
panora	ぱのら	パノラ	0
panoram	ぱのら	パノラ	6
panorama	ぱのらま	パノラマ	0
panoramakakikotoba	ぱのらまかきことば	パノラマカキコトバ	0
panpusu	ぱんぷす	パンプス	0
pantagurafu	ぱんたぐらふ	パンタグラフ	0
panteii	ぱんていい	パンテイイ	0
panto	ぱんと	パント	0
pantomaimu	ぱんとまいむ	パントマイム	0
pantsu	ぱんつ	パンツ	0
panya	ぱにゃ	パニャ	0
papa	ぱぱ	パパ	0
papaiya	ぱぱいや	パパイヤ	0
papasan	ぱぱさん	パパサン	0
par	ぱ	パ	2
parabora	ぱらぼら	パラボラ	0
paraboraantena	ぱらぼらあんてな	パラボラアンテナ	0
paradaimu	ぱらだいむ	パラダイム	0
paradaisu	ぱらだいす	パラダイス	0
paradokkusu	ぱらどっくす	パラドックス	0
paraguraidaa	ぱらぐらいだあ	パラグライダア	0
parapara	ぱらぱら	パラパラ	0
pararinpikku	ぱらりんぴっく	パラリンピック	0
parashuuto	ぱらしゅうと	パラシュウト	0
parasoru	ぱらそる	パラソル	0
pareedo	ぱれえど	パレエド	0
paresu	ぱれす	パレス	0
paresuchina	ぱれすちな	パレスチナ	0
paretto	ぱれっと	パレット	0
pari	ぱり	パリ	0
pariigu	ぱりいぐ	パリイグ	0
parodeii	ぱろでいい	パロデイイ	0
paru	ぱる	パル	0
paruchizan	ぱるちざん	パルチザン	0
parup	ぱる	パル	4
parupu	ぱるぷ	パルプ	0
parupusho	ぱるぷしょ	パルプショ	0
parusaa	ぱるさあ	パルサア	0
parusu	ぱるす	パルス	0
pasapasa	ぱさぱさ	パサパサ	0
paseri	ぱせり	パセリ	0
pashifyikku	ぱしふぃっく	パシフィック	0
pasokon	ぱそこん	パソコン	0
passhingu	ぱっしんぐ	パッシング	0
passhon	ぱっしょん	パッション	0
pasu	ぱす	パス	0
pasukaru	ぱすかる	パスカル	0
pasukeesu	ぱすけえす	パスケエス	0
pasupooto	ぱすぽおと	パスポオト	0
pasuta	ぱすた	パスタ	0
pasuteru	ぱすてる	パステル	0
pasuwaado	ぱすわあど	パスワアド	0
pataa	ぱたあ	パタア	0
pataan	ぱたあん	パタアン	0
patchiwaaku	ぱ	パ	2
pate	ぱて	パテ	0
pateio	ぱていお	パテイオ	0
patokaa	ぱとかあ	パトカア	0
patorioteizumu	ぱとりおていずむ	パトリオテイズム	0
patoron	ぱとろん	パトロン	0
patorooru	ぱとろおる	パトロオル	0
patteingu	ぱっていんぐ	パッテイング	0
patto	ぱっと	パット	0
paudaa	ぱうだあ	パウダア	0
pawaa	ぱわあ	パワア	0
pawaaappu	ぱわああっぷ	パワアアップ	0
pawaasutearingu	ぱわあすてありんぐ	パワアステアリング	0
pawafuru	ぱわふる	パワフル	0
pazuru	ぱずる	パズル	0
pe	ぺ	ペ	0
pea	ぺあ	ペア	0
pearingu	ぺありんぐ	ペアリング	0
pecwe	ぺくぇ	ペクェ	0
pedaru	ぺだる	ペダル	0
pedomeetaa	ぺどめえたあ	ペドメエタア	0
peeji	ぺえじ	ペエジ	0
peepaa	ぺえぱあ	ペエパア	0
peeru	ぺえる	ペエル	0
peesosu	ぺえそす	ペエソス	0
peesu	ぺえす	ペエス	0
peesumeekaa	ぺえすめえかあ	ペエスメエカア	0
pei	ぺい	ペイ	0
peinkurinikku	ぺいんくりにっく	ペインクリニック	0
peinto	ぺいんと	ペイント	0
pekin	ぺきん	ペキン	0
pekopeko	ぺこぺこ	ペコペコ	0
pen	ぺん	ペン	0
penanto	ぺなんと	ペナント	0
penaruteii	ぺなるていい	ペナルテイイ	0
penchi	ぺんち	ペンチ	0
pendanto	ぺんだんと	ペンダント	0
pengin	ぺんぎん	ペンギン	0
penishirin	ぺにしりん	ペニシリン	0
penki	ぺんき	ペンキ	0
penkurabu	ぺんくらぶ	ペンクラブ	0
penneemu	ぺんねえむ	ペンネエム	0
pensaki	ぺんさき	ペンサキ	0
penshirubenia	ぺんしるべにあ	ペンシルベニア	0
penshon	ぺんしょん	ペンション	0
pentagon	ぺんたごん	ペンタゴン	0
pepushin	ぺぷしん	ペプシン	0
perapera	ぺらぺら	ペラペラ	0
perikan	ぺりかん	ペリカン	0
peruu	ぺるう	ペルウ	0
pes	ぺ	ペ	2
pesh	ぺ	ペ	2
peshi	ぺし	ペシ	0
peshim	ぺし	ペシ	5
peshimi	ぺしみ	ペシミ	0
peshimis	ぺしみ	ペシミ	7
peshimisu	ぺしみす	ペシミス	0
peshimisut	ぺしみす	ペシミス	9
peshimisute	ぺしみすて	ペシミステ	0
peshimisutei	ぺしみすてい	ペシミステイ	0
peshimisuteik	ぺしみすてい	ペシミステイ	12
peshimisuteikk	ぺしみすてい	ペシミステイ	12
peshimisuteikku	ぺしみすていっく	ペシミステイック	0
peshimisuteikkushinkon	ぺしみすていっくしんこん	ペシミステイックシンコン	0
pessarii	ぺっさりい	ペッサリイ	0
pesuto	ぺすと	ペスト	0
petto	ぺっと	ペット	0
pettofuudo	ぺっとふうど	ペットフウド	0
pi	ぴ	ピ	0
piaje	ぴあじぇ	ピアジェ	0
pianisuto	ぴあにすと	ピアニスト	0
piano	ぴあの	ピアノ	0
piasu	ぴあす	ピアス	0
picwi	ぴくぃ	ピクィ	0
piero	ぴえろ	ピエロ	0
piichi	ぴいち	ピイチ	0
piiku	ぴいく	ピイク	0
piiman	ぴいまん	ピイマン	0
piinatsu	ぴいなつ	ピイナツ	0
piinattsu	ぴいなっつ	ピイナッツ	0
piipingutomu	ぴいぴんぐとむ	ピイピングトム	0
piipuru	ぴいぷる	ピイプル	0
piipuruzukyapitarizumu	ぴいぷるずきゃぴたりずむ	ピイプルズキャピタリズム	0
piisu	ぴいす	ピイス	0
piitaapanshindoroomu	ぴいたあぱんしんどろおむ	ピイタアパンシンドロオム	0
pik	ぴ	ピ	2
pika	ぴか	ピカ	0
pikapika	ぴかぴか	ピカピカ	0
pikas	ぴか	ピカ	4
pikaso	ぴかそ	ピカソ	0
pikasokomusubi	ぴかそこむすび	ピカソコムスビ	0
pike	ぴけ	ピケ	0
pikkingu	ぴっきんぐ	ピッキング	0
pikku	ぴっく	ピック	0
pikkuappusaabisu	ぴっくあっぷさあびす	ピックアップサアビス	0
piko	ぴこ	ピコ	0
pikuchaa	ぴくちゃあ	ピクチャア	0
pikunikku	ぴくにっく	ピクニック	0
pin	ぴん	ピン	0
pinchi	ぴんち	ピンチ	0
pinchihittaa	ぴんちひったあ	ピンチヒッタア	0
pinkozou	ぴんこぞう	ピンコゾウ	0
pinku	ぴんく	ピンク	0
pinpin	ぴんぴん	ピンピン	0
pinpointo	ぴんぽいんと	ピンポイント	0
pinpon	ぴんぽん	ピンポン	0
pinsetto	ぴんせっと	ピンセット	0
pinto	ぴんと	ピント	0
pirafu	ぴらふ	ピラフ	0
piramiddo	ぴらみっど	ピラミッド	0
pirania	ぴらにあ	ピラニア	0
piri	ぴり	ピリ	0
piriodo	ぴりおど	ピリオド	0
piripiri	ぴりぴり	ピリピリ	0
piru	ぴる	ピル	0
pisuton	ぴすとん	ピストン	0
pisutoru	ぴすとる	ピストル	0
pitchaa	ぴ	ピ	2
pitchi	ぴ	ピ	2
pitchingu	ぴ	ピ	2
pittari	ぴったり	ピッタリ	0
pitto	ぴっと	ピット	0
pittsua	ぴっつあ	ピッツア	0
piza	ぴざ	ピザ	0
po	ぽ	ポ	0
pocwo	ぽくぉ	ポクォ	0
poddokyasuto	ぽっどきゃすと	ポッドキャスト	0
poemu	ぽえむ	ポエム	0
pointo	ぽいんと	ポイント	0
pojishon	ぽじしょん	ポジション	0
pojishoningu	ぽじしょにんぐ	ポジショニング	0
pojiteibu	ぽじていぶ	ポジテイブ	0
pokan	ぽかん	ポカン	0
pokapoka	ぽかぽか	ポカポカ	0
poketto	ぽけっと	ポケット	0
pokettoberu	ぽけっとべる	ポケットベル	0
pokettomanee	ぽけっとまねえ	ポケットマネエ	0
pokettosaizu	ぽけっとさいず	ポケットサイズ	0
pondo	ぽんど	ポンド	0
poniiteeru	ぽにいてえる	ポニイテエル	0
ponpon	ぽんぽん	ポンポン	0
ponpu	ぽんぷ	ポンプ	0
poochi	ぽおち	ポオチ	0
pookaa	ぽおかあ	ポオカア	0
pooru	ぽおる	ポオル	0
pootaa	ぽおたあ	ポオタア	0
pootaburu	ぽおたぶる	ポオタブル	0
pooto	ぽおと	ポオト	0
pootofuorio	ぽおとふおりお	ポオトフオリオ	0
pootoreeto	ぽおとれえと	ポオトレエト	0
poozu	ぽおず	ポオズ	0
poppu	ぽっぷ	ポップ	0
poppuaato	ぽっぷああと	ポップアアト	0
poppukoon	ぽっぷこおん	ポップコオン	0
poppusu	ぽっぷす	ポップス	0
popuri	ぽぷり	ポプリ	0
popyuraa	ぽぴゅらあ	ポピュラア	0
por	ぽ	ポ	2
pori	ぽり	ポリ	0
poriechiren	ぽりえちれん	ポリエチレン	0
poriipu	ぽりいぷ	ポリイプ	0
porimaa	ぽりまあ	ポリマア	0
porineshia	ぽりねしあ	ポリネシア	0
porio	ぽりお	ポリオ	0
poripuropiren	ぽりぷろぴれん	ポリプロピレン	0
poris	ぽり	ポリ	4
porishii	ぽりしい	ポリシイ	0
porisu	ぽりす	ポリス	0
porisukarai	ぽりすからい	ポリスカライ	0
poro	ぽろ	ポロ	0
poruka	ぽるか	ポルカ	0
poruno	ぽるの	ポルノ	0
porutogaru	ぽるとがる	ポルトガル	0
pos	ぽ	ポ	2
posh	ぽ	ポ	2
poshe	ぽしぇ	ポシェ	0
poshet	ぽしぇ	ポシェ	5
poshett	ぽしぇ	ポシェ	5
poshetto	ぽしぇっと	ポシェット	0
poshettomiru	ぽしぇっとみる	ポシェットミル	0
poshibiritei	ぽしびりてい	ポシビリテイ	0
posutaa	ぽすたあ	ポスタア	0
posuto	ぽすと	ポスト	0
potaaju	ぽたあじゅ	ポタアジュ	0
potapota	ぽたぽた	ポタポタ	0
potensharu	ぽてんしゃる	ポテンシャル	0
poteto	ぽてと	ポテト	0
potetochippusu	ぽてとちっぷす	ポテトチップス	0
potofu	ぽとふ	ポトフ	0
potto	ぽっと	ポット	0
ppa	っぱ	ッパ	0
ppacwu	っぱくぅ	ッパクゥ	0
ppanashi	っぱなし	ッパナシ	0
ppe	っぺ	ッペ	0
ppecya	っぺちゃ	ッペチャ	0
ppi	っぴ	ッピ	0
ppicye	っぴちぇ	ッピチェ	0
ppo	っぽ	ッポ	0
ppocyi	っぽちぃ	ッポチィ	0
ppoi	っぽい	ッポイ	0
ppu	っぷ	ップ	0
ppucyo	っぷちょ	ップチョ	0
ppya	っぴゃ	ッピャ	0
ppyacyu	っぴゃちゅ	ッピャチュ	0
ppye	っぴぇ	ッピェ	0
ppyeda	っぴぇだ	ッピェダ	0
ppyi	っぴぃ	ッピィ	0
ppyidda	っぴぃっだ	ッピィッダ	0
ppyo	っぴょ	ッピョ	0
ppyodde	っぴょっで	ッピョッデ	0
ppyu	っぴゅ	ッピュ	0
ppyuddha	っぴゅっでゃ	ッピュッデャ	0
pu	ぷ	プ	0
puchi	ぷち	プチ	0
puddhe	ぷっでぇ	プッデェ	0
punpun	ぷんぷん	プンプン	0
pur	ぷ	プ	2
pura	ぷら	プラ	0
purachina	ぷらちな	プラチナ	0
puragu	ぷらぐ	プラグ	0
puragumateizumu	ぷらぐまていずむ	プラグマテイズム	0
puraha	ぷらは	プラハ	0
puraibashii	ぷらいばしい	プライバシイ	0
puraibeeto	ぷらいべえと	プライベエト	0
puraido	ぷらいど	プライド	0
puraimureeto	ぷらいむれえと	プライムレエト	0
puraimutaimu	ぷらいむたいむ	プライムタイム	0
puraisu	ぷらいす	プライス	0
purakaado	ぷらかあど	プラカアド	0
puramoderu	ぷらもでる	プラモデル	0
puran	ぷらん	プラン	0
puranetariumu	ぷらねたりうむ	プラネタリウム	0
purank	ぷらん	プラン	5
puranku	ぷらんく	プランク	0
purankut	ぷらんく	プランク	7
purankuto	ぷらんくと	プランクト	0
purankuton	ぷらんくとん	プランクトン	0
purankutonshokki	ぷらんくとんしょっき	プランクトンショッキ	0
purannaa	ぷらんなあ	プランナア	0
puranningu	ぷらんにんぐ	プランニング	0
purantaa	ぷらんたあ	プランタア	0
purantan	ぷらんたん	プランタン	0
puranto	ぷらんと	プラント	0
purasu	ぷらす	プラス	0
purasuchikku	ぷらすちっく	プラスチック	0
purattohoomu	ぷらっとほおむ	プラットホオム	0
puraza	ぷらざ	プラザ	0
purazuma	ぷらずま	プラズマ	0
pure	ぷれ	プレ	0
puree	ぷれえ	プレエ	0
pureebooru	ぷれえぼおる	プレエボオル	0
pureen	ぷれえん	プレエン	0
pureeofu	ぷれえおふ	プレエオフ	0
pureeto	ぷれえと	プレエト	0
pureey	ぷれえ	プレエ	5
pureeya	ぷれえや	プレエヤ	0
pureeyaa	ぷれえやあ	プレエヤア	0
pureeyaashokuhatsu	ぷれえやあしょくはつ	プレエヤアショクハツ	0
purehabu	ぷれはぶ	プレハブ	0
purei	ぷれい	プレイ	0
pureibooi	ぷれいぼおい	プレイボオイ	0
pureigaaru	ぷれいがある	プレイガアル	0
pureirisuto	ぷれいりすと	プレイリスト	0
pureiyaa	ぷれいやあ	プレイヤア	0
purejidento	ぷれじでんと	プレジデント	0
puremiamu	ぷれみあむ	プレミアム	0
pureryuudo	ぷれりゅうど	プレリュウド	0
puresshaa	ぷれっしゃあ	プレッシャア	0
puresu	ぷれす	プレス	0
puresukurabu	ぷれすくらぶ	プレスクラブ	0
puresuririisu	ぷれすりりいす	プレスリリイス	0
puresusentaa	ぷれすせんたあ	プレスセンタア	0
puretaporute	ぷれたぽるて	プレタポルテ	0
puretoria	ぷれとりあ	プレトリア	0
purezenteeshon	ぷれぜんてえしょん	プレゼンテエション	0
purezento	ぷれぜんと	プレゼント	0
puriitsu	ぷりいつ	プリイツ	0
purin	ぷりん	プリン	0
purinsesu	ぷりんせす	プリンセス	0
purinsu	ぷりんす	プリンス	0
purinta	ぷりんた	プリンタ	0
purintaa	ぷりんたあ	プリンタア	0
purinto	ぷりんと	プリント	0
puritei	ぷりてい	プリテイ	0
purizumu	ぷりずむ	プリズム	0
puro	ぷろ	プロ	0
purod	ぷろ	プロ	4
puroda	ぷろだ	プロダ	0
purodak	ぷろだ	プロダ	6
purodaku	ぷろだく	プロダク	0
purodakushon	ぷろだくしょん	プロダクション	0
purodakut	ぷろだく	プロダク	8
purodakuto	ぷろだくと	プロダクト	0
purodakutoshokuyou	ぷろだくとしょくよう	プロダクトショクヨウ	0
purodeyuusaa	ぷろでゆうさあ	プロデユウサア	0
purodeyuusu	ぷろでゆうす	プロデユウス	0
purofyesshonaru	ぷろふぇっしょなる	プロフェッショナル	0
purofyiiru	ぷろふぃいる	プロフィイル	0
purofyiirugazou	ぷろふぃいるがぞう	プロフィイルガゾウ	0
puroguramu	ぷろぐらむ	プログラム	0
purojekutaa	ぷろじぇくたあ	プロジェクタア	0
purojekuto	ぷろじぇくと	プロジェクト	0
puromooshon	ぷろもおしょん	プロモオション	0
puromootaa	ぷろもおたあ	プロモオタア	0
puromooto	ぷろもおと	プロモオト	0
puronputaa	ぷろんぷたあ	プロンプタア	0
puropaa	ぷろぱあ	プロパア	0
puropaganda	ぷろぱがんだ	プロパガンダ	0
puropan	ぷろぱん	プロパン	0
puropera	ぷろぺら	プロペラ	0
puropoozaru	ぷろぽおざる	プロポオザル	0
puropoozu	ぷろぽおず	プロポオズ	0
puroppujetto	ぷろっぷじぇっと	プロップジェット	0
puroresu	ぷろれす	プロレス	0
puroretaria	ぷろれたりあ	プロレタリア	0
puroroogu	ぷろろおぐ	プロロオグ	0
purosessaa	ぷろせっさあ	プロセッサア	0
purosesu	ぷろせす	プロセス	0
purotesutanto	ぷろてすたんと	プロテスタント	0
puroyakyuu	ぷろやきゅう	プロヤキュウ	0
purutoniumu	ぷるとにうむ	プルトニウム	0
puruukuboogen	ぷるうくぼおげん	プルウクボオゲン	0
pusshu	ぷっしゅ	プッシュ	0
pusshuhon	ぷっしゅほん	プッシュホン	0
puu	ぷう	プウ	0
puur	ぷう	プウ	3
puuru	ぷうる	プウル	0
puurujouhatsu	ぷうるじょうはつ	プウルジョウハツ	0
puutaroo	ぷうたろお	プウタロオ	0
pya	ぴゃ	ピャ	0
pyaddhi	ぴゃっでぃ	ピャッディ	0
pye	ぴぇ	ピェ	0
pyeddho	ぴぇっでょ	ピェッデョ	0
pyi	ぴぃ	ピィ	0
pyiddhu	ぴぃっでゅ	ピィッデュ	0
pyo	ぴょ	ピョ	0
pyoddi	ぴょっぢ	ピョッヂ	0
pyonpyon	ぴょんぴょん	ピョンピョン	0
pyonyan	ぴょにゃん	ピョニャン	0
pyu	ぴゅ	ピュ	0
pyua	ぴゅあ	ピュア	0
pyuddo	ぴゅっど	ピュッド	0
qa	くぁ	クァ	0
qaddu	くぁっづ	クァッヅ	0
qe	くぇ	クェ	0
qeddwa	くぇっどぁ	クェッドァ	0
qi	くぃ	クィ	0
qiddwe	くぃっどぇ	クィッドェ	0
qo	くぉ	クォ	0
qoddwi	くぉっどぃ	クォッドィ	0
qqa	っくぁ	ックァ	0
qqaddwo	っくぁっどぉ	ックァッドォ	0
qqe	っくぇ	ックェ	0
qqeddwu	っくぇっどぅ	ックェッドゥ	0
qqi	っくぃ	ックィ	0
qqiddya	っくぃっぢゃ	ックィッヂャ	0
qqo	っくぉ	ックォ	0
qqoddye	っくぉっぢぇ	ックォッヂェ	0
qqu	っくぅ	ックゥ	0
qquddyi	っくぅっぢぃ	ックゥッヂィ	0
qqwa	っくぁ	ックァ	0
qqwaddyo	っくぁっぢょ	ックァッヂョ	0
qqwe	っくぇ	ックェ	0
qqweddyu	っくぇっぢゅ	ックェッヂュ	0
qqwi	っくぃ	ックィ	0
qqwide	っくぃで	ックィデ	0
qqwo	っくぉ	ックォ	0
qqwodha	っくぉでゃ	ックォデャ	0
qqwu	っくぅ	ックゥ	0
qqwudhe	っくぅでぇ	ックゥデェ	0
qqya	っくゃ	ックャ	0
qqyadhi	っくゃでぃ	ックャディ	0
qqye	っくぇ	ックェ	0
qqyedho	っくぇでょ	ックェデョ	0
qqyi	っくぃ	ックィ	0
qqyidhu	っくぃでゅ	ックィデュ	0
qqyo	っくょ	ックョ	0
qqyodi	っくょぢ	ックョヂ	0
qqyu	っくゅ	ックュ	0
qqyudo	っくゅど	ックュド	0
qu	くぅ	クゥ	0
qudu	くぅづ	クゥヅ	0
qwa	くぁ	クァ	0
qwadwa	くぁどぁ	クァドァ	0
qwe	くぇ	クェ	0
qwedwe	くぇどぇ	クェドェ	0
qwi	くぃ	クィ	0
qwidwi	くぃどぃ	クィドィ	0
qwo	くぉ	クォ	0
qwodwo	くぉどぉ	クォドォ	0
qwu	くぅ	クゥ	0
qwudwu	くぅどぅ	クゥドゥ	0
qya	くゃ	クャ	0
qyadya	くゃぢゃ	クャヂャ	0
qye	くぇ	クェ	0
qyedye	くぇぢぇ	クェヂェ	0
qyi	くぃ	クィ	0
qyidyi	くぃぢぃ	クィヂィ	0
qyo	くょ	クョ	0
qyodyo	くょぢょ	クョヂョ	0
qyu	くゅ	クュ	0
qyudyu	くゅぢゅ	クュヂュ	0
r			0
ra	ら	ラ	0
raado	らあど	ラアド	0
raage	らあげ	ラアゲ	0
raamen	らあめん	ラアメン	0
raaningu	らあにんぐ	ラアニング	0
rab	ら	ラ	2
rabaa	らばあ	ラバア	0
rabatorii	らばとりい	ラバトリイ	0
rabe	らべ	ラベ	0
raber	らべ	ラベ	4
raberu	らべる	ラベル	0
raberuseibutsu	らべるせいぶつ	ラベルセイブツ	0
rabiori	らびおり	ラビオリ	0
rabo	らぼ	ラボ	0
rabu	らぶ	ラブ	0
rabukome	らぶこめ	ラブコメ	0
raburetaa	らぶれたあ	ラブレタア	0
rabusongu	らぶそんぐ	ラブソング	0
rac	ら	ラ	2
rach	ら	ラ	2
rachi	らち	ラチ	0
rachibukku	らちぶっく	ラチブック	0
rachimondai	らちもんだい	ラチモンダイ	0
radaa	らだあ	ラダア	0
radeikaru	らでいかる	ラデイカル	0
radon	らどん	ラドン	0
rae	らえ	ラエ	0
rafu	らふ	ラフ	0
rafumaninofu	らふまにのふ	ラフマニノフ	0
rafupuree	らふぷれえ	ラフプレエ	0
rafuto	らふと	ラフト	0
ragaa	らがあ	ラガア	0
ragu	らぐ	ラグ	0
ragubii	らぐびい	ラグビイ	0
rai	らい	ライ	0
raiabiriteii	らいあびりていい	ライアビリテイイ	0
raibaru	らいばる	ライバル	0
raibu	らいぶ	ライブ	0
raibuhausu	らいぶはうす	ライブハウス	0
raiburarii	らいぶらりい	ライブラリイ	0
raidaa	らいだあ	ライダア	0
raido	らいど	ライド	0
raifu	らいふ	ライフ	0
raifuru	らいふる	ライフル	0
raifuwaaku	らいふわあく	ライフワアク	0
raigetsu	らいげつ	ライゲツ	0
raihin	らいひん	ライヒン	0
raihou	らいほう	ライホウ	0
raikyaku	らいきゃく	ライキャク	0
raimei	らいめい	ライメイ	0
raimu	らいむ	ライム	0
rain	らいん	ライン	0
raina	らいな	ライナ	0
rainaa	らいなあ	ライナア	0
rainap	らいな	ライナ	5
rainapp	らいな	ライナ	5
rainappu	らいなっぷ	ライナップ	0
rainappuiki	らいなっぷいき	ライナップイキ	0
rainen	らいねん	ライネン	0
raini	らいに	ライニ	0
rainic	らいに	ライニ	5
rainich	らいに	ライニ	5
rainichi	らいにち	ライニチ	0
rainichihapuningu	らいにちはぷにんぐ	ライニチハプニング	0
raion	らいおん	ライオン	0
raisensu	らいせんす	ライセンス	0
raishun	らいしゅん	ライシュン	0
raishuu	らいしゅう	ライシュウ	0
raisu	らいす	ライス	0
raitaa	らいたあ	ライタア	0
raiten	らいてん	ライテン	0
raito	らいと	ライト	0
raitoban	らいとばん	ライトバン	0
raiu	らいう	ライウ	0
rajiaru	らじある	ラジアル	0
rajieetaa	らじええたあ	ラジエエタア	0
rajikaru	らじかる	ラジカル	0
rajikase	らじかせ	ラジカセ	0
rajio	らじお	ラジオ	0
rajiumu	らじうむ	ラジウム	0
rak	ら	ラ	2
raketto	らけっと	ラケット	0
rakka	らっか	ラッカ	0
rakkan	らっかん	ラッカン	0
rakkanteki	らっかんてき	ラッカンテキ	0
rakkii	らっきい	ラッキイ	0
rakkiizoon	らっきいぞおん	ラッキイゾオン	0
rakku	らっく	ラック	0
raku	らく	ラク	0
rakudai	らくだい	ラクダイ	0
rakuen	らくえん	ラクエン	0
rakugaki	らくがき	ラクガキ	0
rakugo	らくご	ラクゴ	0
rakugoka	らくごか	ラクゴカ	0
rakunou	らくのう	ラクノウ	0
rakurai	らくらい	ラクライ	0
rakus	らく	ラク	4
rakusa	らくさ	ラクサ	0
rakusahandobukku	らくさはんどぶっく	ラクサハンドブック	0
rakusatsu	らくさつ	ラクサツ	0
rakusen	らくせん	ラクセン	0
rakutan	らくたん	ラクタン	0
rakutenka	らくてんか	ラクテンカ	0
rakutenteki	らくてんてき	ラクテンテキ	0
rama	らま	ラマ	0
rame	らめ	ラメ	0
ramineeto	らみねえと	ラミネエト	0
ramu	らむ	ラム	0
ran	らん	ラン	0
ranbai	らんばい	ランバイ	0
ranbou	らんぼう	ランボウ	0
ranc	らん	ラン	3
ranch	らん	ラン	3
ranchi	らんち	ランチ	0
rancho	らんちょ	ランチョ	0
ranchou	らんちょう	ランチョウ	0
ranchougankai	らんちょうがんかい	ランチョウガンカイ	0
randamu	らんだむ	ランダム	0
randeingu	らんでいんぐ	ランデイング	0
rando	らんど	ランド	0
randomaaku	らんどまあく	ランドマアク	0
randorii	らんどりい	ランドリイ	0
randosatto	らんどさっと	ランドサット	0
randoseru	らんどせる	ランドセル	0
rangai	らんがい	ランガイ	0
rangu	らんぐ	ラング	0
ranjerii	らんじぇりい	ランジェリイ	0
rankaku	らんかく	ランカク	0
rankan	らんかん	ランカン	0
rankei	らんけい	ランケイ	0
rankingu	らんきんぐ	ランキング	0
ranku	らんく	ランク	0
rann	らんん	ランン	0
ranna	らんな	ランナ	0
rannaa	らんなあ	ランナア	0
rannaaseisan	らんなあせいさん	ランナアセイサン	0
ranningu	らんにんぐ	ランニング	0
ranpatsu	らんぱつ	ランパツ	0
ranpu	らんぷ	ランプ	0
ranritsu	らんりつ	ランリツ	0
ranshi	らんし	ランシ	0
ransou	らんそう	ランソウ	0
ransu	らんす	ランス	0
rantou	らんとう	ラントウ	0
ranyou	らにょう	ラニョウ	0
ranzatsu	らんざつ	ランザツ	0
raosu	らおす	ラオス	0
rappingu	らっぴんぐ	ラッピング	0
rappu	らっぷ	ラップ	0
rarabai	ららばい	ララバイ	0
raretsu	られつ	ラレツ	0
rarii	らりい	ラリイ	0
ras	ら	ラ	2
rase	らせ	ラセ	0
rasen	らせん	ラセン	0
rasenmiiru	らせんみいる	ラセンミイル	0
rashii	らしい	ラシイ	0
rashinban	らしんばん	ラシンバン	0
rass	ら	ラ	2
rasseru	らっせる	ラッセル	0
rassh	ら	ラ	2
rasshu	らっしゅ	ラッシュ	0
rasshuawaa	らっしゅあわあ	ラッシュアワア	0
rasshuseigo	らっしゅせいご	ラッシュセイゴ	0
rasu	らす	ラス	0
rasuto	らすと	ラスト	0
rasutosupaato	らすとすぱあと	ラストスパアト	0
ratchi	ら	ラ	2
ratekkusu	らてっくす	ラテックス	0
raten	らてん	ラテン	0
ratenamerika	らてなめりか	ラテナメリカ	0
ratengo	らてんご	ラテンゴ	0
ratobia	らとびあ	ラトビア	0
raudosupiikaa	らうどすぴいかあ	ラウドスピイカア	0
raundo	らうんど	ラウンド	0
raunji	らうんじ	ラウンジ	0
ravu	らゔ	ラヴ	0
rawan	らわん	ラワン	0
re	れ	レ	0
rea	れあ	レア	0
rebaa	ればあ	レバア	0
rebanon	ればのん	レバノン	0
reberu	れべる	レベル	0
rebyuu	れびゅう	レビュウ	0
reddo	れっど	レッド	0
redei	れでい	レデイ	0
redeii	れでいい	レデイイ	0
ree	れえ	レエ	0
reeberu	れえべる	レエベル	0
reedaa	れえだあ	レエダア	0
reeku	れえく	レエク	0
reen	れえん	レエン	0
reeru	れえる	レエル	0
rees	れえ	レエ	3
reesa	れえさ	レエサ	0
reesaa	れえさあ	レエサア	0
reesaaakaji	れえさああかじ	レエサアアカジ	0
reeshingukaa	れえしんぐかあ	レエシングカア	0
reesu	れえす	レエス	0
reeto	れえと	レエト	0
reeyon	れえよん	レエヨン	0
reezaa	れえざあ	レエザア	0
reezaadeisuku	れえざあでいすく	レエザアデイスク	0
refa	れふぁ	レファ	0
refuto	れふと	レフト	0
refyerii	れふぇりい	レフェリイ	0
regaasu	れがあす	レガアス	0
regatta	れがった	レガッタ	0
regee	れげえ	レゲエ	0
regyuraa	れぎゅらあ	レギュラア	0
regyuraashutsuen	れぎゅらあしゅつえん	レギュラアシュツエン	0
rei	れい	レイ	0
reiauto	れいあうと	レイアウト	0
reibou	れいぼう	レイボウ	0
reibun	れいぶん	レイブン	0
reidai	れいだい	レイダイ	0
reidanbou	れいだんぼう	レイダンボウ	0
reien	れいえん	レイエン	0
reifuku	れいふく	レイフク	0
reigai	れいがい	レイガイ	0
reigaiteki	れいがいてき	レイガイテキ	0
reigi	れいぎ	レイギ	0
reiguu	れいぐう	レイグウ	0
reihai	れいはい	レイハイ	0
reiji	れいじ	レイジ	0
reijou	れいじょう	レイジョウ	0
reika	れいか	レイカ	0
reikai	れいかい	レイカイ	0
reikan	れいかん	レイカン	0
reikin	れいきん	レイキン	0
reikoku	れいこく	レイコク	0
reikyaku	れいきゃく	レイキャク	0
reinboofyisshu	れいんぼおふぃっしゅ	レインボオフィッシュ	0
reinen	れいねん	レイネン	0
reinkooto	れいんこおと	レインコオト	0
reiofu	れいおふ	レイオフ	0
reipu	れいぷ	レイプ	0
reis	れい	レイ	3
reisa	れいさ	レイサ	0
reisai	れいさい	レイサイ	0
reisaipisuton	れいさいぴすとん	レイサイピストン	0
reise	れいせ	レイセ	0
reisei	れいせい	レイセイ	0
reisen	れいせん	レイセン	0
reisenpiiku	れいせんぴいく	レイセンピイク	0
reishou	れいしょう	レイショウ	0
reisui	れいすい	レイスイ	0
reitan	れいたん	レイタン	0
reiten	れいてん	レイテン	0
reitetsu	れいてつ	レイテツ	0
reitou	れいとう	レイトウ	0
reitouko	れいとうこ	レイトウコ	0
reitoushokuhin	れいとうしょくひん	レイトウショクヒン	0
reiwa	れいわ	レイワ	0
reizou	れいぞう	レイゾウ	0
reizouko	れいぞうこ	レイゾウコ	0
rejaa	れじゃあ	レジャア	0
reji	れじ	レジ	0
rejidensu	れじでんす	レジデンス	0
rejisutaa	れじすたあ	レジスタア	0
rejisutansu	れじすたんす	レジスタンス	0
rek	れ	レ	2
reki	れき	レキ	0
rekidai	れきだい	レキダイ	0
rekihou	れきほう	レキホウ	0
rekinin	れきにん	レキニン	0
rekishi	れきし	レキシ	0
rekishiteki	れきしてき	レキシテキ	0
rekizen	れきぜん	レキゼン	0
rekk	れ	レ	2
rekka	れっか	レッカ	0
rekkaa	れっかあ	レッカア	0
rekkaaoreru	れっかあおれる	レッカアオレル	0
rekkoku	れっこく	レッコク	0
rekkyo	れっきょ	レッキョ	0
rekoodaa	れこおだあ	レコオダア	0
rekoodeingu	れこおでいんぐ	レコオデイング	0
rekoodo	れこおど	レコオド	0
reku	れく	レク	0
rekuchaa	れくちゃあ	レクチャア	0
rekuiemu	れくいえむ	レクイエム	0
rekur	れく	レク	4
rekurieeshon	れくりええしょん	レクリエエション	0
rekury	れく	レク	4
rekurye	れくりぇ	レクリェ	0
rekuryee	れくりぇえ	レクリェエ	0
rekuryees	れくりぇえ	レクリェエ	8
rekuryeesh	れくりぇえ	レクリェエ	8
rekuryeesho	れくりぇえしょ	レクリェエショ	0
rekuryeeshon	れくりぇえしょん	レクリェエション	0
rekuryeeshonsetsubou	れくりぇえしょんせつぼう	レクリェエションセツボウ	0
remon	れもん	レモン	0
ren	れん	レン	0
renai	れない	レナイ	0
renbai	れんばい	レンバイ	0
renchuu	れんちゅう	レンチュウ	0
renda	れんだ	レンダ	0
rendou	れんどう	レンドウ	0
renga	れんが	レンガ	0
rengou	れんごう	レンゴウ	0
rengoukai	れんごうかい	レンゴウカイ	0
rengusu	れんぐす	レングス	0
renj	れん	レン	3
renjaa	れんじゃあ	レンジャア	0
renji	れんじ	レンジ	0
renjisetsumei	れんじせつめい	レンジセツメイ	0
renjitsu	れんじつ	レンジツ	0
renk	れん	レン	3
renka	れんか	レンカ	0
renkan	れんかん	レンカン	0
renkei	れんけい	レンケイ	0
renkeipuree	れんけいぷれえ	レンケイプレエ	0
renketsu	れんけつ	レンケツ	0
renkinjutsu	れんきんじゅつ	レンキンジュツ	0
renkinjutsushi	れんきんじゅつし	レンキンジュツシ	0
renko	れんこ	レンコ	0
renkou	れんこう	レンコウ	0
renkoufuashiritei	れんこうふあしりてい	レンコウフアシリテイ	0
renkyuu	れんきゅう	レンキュウ	0
renmei	れんめい	レンメイ	0
renpa	れんぱ	レンパ	0
renpai	れんぱい	レンパイ	0
renpatsu	れんぱつ	レンパツ	0
renpou	れんぽう	レンポウ	0
renr	れん	レン	3
renra	れんら	レンラ	0
renrak	れんら	レンラ	5
renraku	れんらく	レンラク	0
renrakufuando	れんらくふあんど	レンラクフアンド	0
renrakusaki	れんらくさき	レンラクサキ	0
renritsu	れんりつ	レンリツ	0
rensa	れんさ	レンサ	0
rensai	れんさい	レンサイ	0
rensaku	れんさく	レンサク	0
rensen	れんせん	レンセン	0
renshou	れんしょう	レンショウ	0
renshuu	れんしゅう	レンシュウ	0
rensou	れんそう	レンソウ	0
rentai	れんたい	レンタイ	0
rentakaa	れんたかあ	レンタカア	0
rentaru	れんたる	レンタル	0
rentarubideo	れんたるびでお	レンタルビデオ	0
rentogen	れんとげん	レントゲン	0
rentou	れんとう	レントウ	0
renyou	れにょう	レニョウ	0
renza	れんざ	レンザ	0
renzoku	れんぞく	レンゾク	0
renzu	れんず	レンズ	0
reotaado	れおたあど	レオタアド	0
repaatorii	れぱあとりい	レパアトリイ	0
repooto	れぽおと	レポオト	0
repura	れぷら	レプラ	0
repurika	れぷりか	レプリカ	0
reriifu	れりいふ	レリイフ	0
resepushon	れせぷしょん	レセプション	0
reshiibaa	れしいばあ	レシイバア	0
reshiibu	れしいぶ	レシイブ	0
reshiito	れしいと	レシイト	0
ressei	れっせい	レッセイ	0
ressha	れっしゃ	レッシャ	0
resshin	れっしん	レッシン	0
ressun	れっすん	レッスン	0
resu	れす	レス	0
resukyuu	れすきゅう	レスキュウ	0
resuringu	れすりんぐ	レスリング	0
resuto	れすと	レスト	0
resutoran	れすとらん	レストラン	0
retaa	れたあ	レタア	0
retaringu	れたりんぐ	レタリング	0
retasu	れたす	レタス	0
retorikku	れとりっく	レトリック	0
retoro	れとろ	レトロ	0
retoruto	れとると	レトルト	0
retsu	れつ	レツ	0
retsuaku	れつあく	レツアク	0
retteru	れってる	レッテル	0
rettou	れっとう	レットウ	0
rettoukan	れっとうかん	レットウカン	0
rezaa	れざあ	レザア	0
rezu	れず	レズ	0
ri	り	リ	0
ria	りあ	リア	0
riage	りあげ	リアゲ	0
riakushon	りあくしょん	リアクション	0
riarizumu	りありずむ	リアリズム	0
riaru	りある	リアル	0
rib	り	リ	2
riba	りば	リバ	0
ribaashiburu	りばあしぶる	リバアシブル	0
ribaibaru	りばいばる	リバイバル	0
ribarai	りばらい	リバライ	0
ribat	りば	リバ	4
ribate	りばて	リバテ	0
ribatei	りばてい	リバテイ	0
ribateiseidou	りばていせいどう	リバテイセイドウ	0
ribaundo	りばうんど	リバウンド	0
ribeeto	りべえと	リベエト	0
riben	りべん	リベン	0
riberarisuto	りべらりすと	リベラリスト	0
riberarizumu	りべらりずむ	リベラリズム	0
riberaru	りべらる	リベラル	0
riberia	りべりあ	リベリア	0
ribia	りびあ	リビア	0
ribijon	りびじょん	リビジョン	0
ribingu	りびんぐ	リビング	0
ribon	りぼん	リボン	0
ribu	りぶ	リブ	0
richakuriku	りちゃくりく	リチャクリク	0
richiumu	りちうむ	リチウム	0
ridatsu	りだつ	リダツ	0
rieki	りえき	リエキ	0
rife	りふぇ	リフェ	0
rifuainansu	りふあいなんす	リフアイナンス	0
rifujin	りふじん	リフジン	0
rifuoomu	りふおおむ	リフオオム	0
rifuresshu	りふれっしゅ	リフレッシュ	0
rifuto	りふと	リフト	0
rigai	りがい	リガイ	0
rigaikankei	りがいかんけい	リガイカンケイ	0
rigaku	りがく	リガク	0
rigakubu	りがくぶ	リガクブ	0
rihaasaru	りはあさる	リハアサル	0
rihabiri	りはびり	リハビリ	0
rihabiriteeshon	りはびりてえしょん	リハビリテエション	0
rihan	りはん	リハン	0
rihatsu	りはつ	リハツ	0
rii	りい	リイ	0
riichi	りいち	リイチ	0
riid	りい	リイ	3
riidaa	りいだあ	リイダア	0
riidaashippu	りいだあしっぷ	リイダアシップ	0
riide	りいで	リイデ	0
riidei	りいでい	リイデイ	0
riidein	りいでいん	リイデイン	0
riideing	りいでいん	リイデイン	7
riideingu	りいでいんぐ	リイデイング	0
riideingukaku	りいでいんぐかく	リイデイングカク	0
riido	りいど	リイド	0
riidoofuman	りいどおふまん	リイドオフマン	0
riifuretto	りいふれっと	リイフレット	0
riigaa	りいがあ	リイガア	0
riigu	りいぐ	リイグ	0
riigusen	りいぐせん	リイグセン	0
riiku	りいく	リイク	0
riiman	りいまん	リイマン	0
riiru	りいる	リイル	0
riisu	りいす	リイス	0
riito	りいと	リイト	0
riizunaburu	りいずなぶる	リイズナブル	0
riji	りじ	リジ	0
rijun	りじゅん	リジュン	0
rik	り	リ	2
rika	りか	リカ	0
rikai	りかい	リカイ	0
rikei	りけい	リケイ	0
riken	りけん	リケン	0
rikiddo	りきっど	リキッド	0
rikigaku	りきがく	リキガク	0
rikimu	りきむ	リキム	0
rikiryou	りきりょう	リキリョウ	0
rikisaku	りきさく	リキサク	0
rikisetsu	りきせつ	リキセツ	0
rikishi	りきし	リキシ	0
rikiten	りきてん	リキテン	0
rikitou	りきとう	リキトウ	0
rikk	り	リ	2
rikken	りっけん	リッケン	0
rikko	りっこ	リッコ	0
rikkoku	りっこく	リッコク	0
rikkou	りっこう	リッコウ	0
rikkouh	りっこう	リッコウ	6
rikkouho	りっこうほ	リッコウホ	0
rikkouhobarokku	りっこうほばろっく	リッコウホバロック	0
rikkyaku	りっきゃく	リッキャク	0
rikkyou	りっきょう	リッキョウ	0
riko	りこ	リコ	0
rikon	りこん	リコン	0
rikoodaa	りこおだあ	リコオダア	0
rikooru	りこおる	リコオル	0
rikoshugi	りこしゅぎ	リコシュギ	0
rikou	りこう	リコウ	0
rikougakubu	りこうがくぶ	リコウガクブ	0
riku	りく	リク	0
rikubamubamu	りくばむばむ	リクバムバム	0
rikuesuto	りくえすと	リクエスト	0
rikugun	りくぐん	リクグン	0
rikujou	りくじょう	リクジョウ	0
rikujoujieitai	りくじょうじえいたい	リクジョウジエイタイ	0
rikujoukyougi	りくじょうきょうぎ	リクジョウキョウギ	0
rikukai	りくかい	リクカイ	0
rikuro	りくろ	リクロ	0
rikuruutaa	りくるうたあ	リクルウタア	0
rikuruuto	りくるうと	リクルウト	0
rikutsu	りくつ	リクツ	0
rikuudo	りくうど	リクウド	0
riky	り	リ	2
rikyu	りきゅ	リキュ	0
rikyuu	りきゅう	リキュウ	0
rikyuur	りきゅう	リキュウ	6
rikyuuru	りきゅうる	リキュウル	0
rikyuurukowairo	りきゅうるこわいろ	リキュウルコワイロ	0
rim	り	リ	2
rima	りま	リマ	0
rimawari	りまわり	リマワリ	0
rimeiku	りめいく	リメイク	0
rimen	りめん	リメン	0
rimiteddo	りみてっど	リミテッド	0
rimitto	りみっと	リミット	0
rimo	りも	リモ	0
rimokon	りもこん	リモコン	0
rimoo	りもお	リモオ	0
rimoot	りもお	リモオ	5
rimooto	りもおと	リモオト	0
rimootomoroi	りもおともろい	リモオトモロイ	0
rimu	りむ	リム	0
rimujin	りむじん	リムジン	0
rin	りん	リン	0
rinb	りん	リン	3
rinba	りんば	リンバ	0
rinban	りんばん	リンバン	0
rinbanbiichi	りんばんびいち	リンバンビイチ	0
rinchi	りんち	リンチ	0
rindou	りんどう	リンドウ	0
rineemu	りねえむ	リネエム	0
rinen	りねん	リネン	0
ringaku	りんがく	リンガク	0
ringo	りんご	リンゴ	0
ringoku	りんごく	リンゴク	0
ringu	りんぐ	リング	0
ringusaido	りんぐさいど	リングサイド	0
ringyou	りんぎょう	リンギョウ	0
rinia	りにあ	リニア	0
riniamootaakaa	りにあもおたあかあ	リニアモオタアカア	0
rinji	りんじ	リンジ	0
rinjin	りんじん	リンジン	0
rinjoukan	りんじょうかん	リンジョウカン	0
rinjuu	りんじゅう	リンジュウ	0
rinka	りんか	リンカ	0
rinkai	りんかい	リンカイ	0
rinkaku	りんかく	リンカク	0
rinkeeji	りんけえじ	リンケエジ	0
rinku	りんく	リンク	0
rinpa	りんぱ	リンパ	0
rinri	りんり	リンリ	0
rinrigaku	りんりがく	リンリガク	0
rinriteki	りんりてき	リンリテキ	0
rinritsu	りんりつ	リンリツ	0
rinsetsu	りんせつ	リンセツ	0
rinshitsu	りんしつ	リンシツ	0
rinshou	りんしょう	リンショウ	0
rinsu	りんす	リンス	0
rinya	りにゃ	リニャ	0
rinyachou	りにゃちょう	リニャチョウ	0
rinyuuaru	りにゅうある	リニュウアル	0
rip	り	リ	2
ripi	りぴ	リピ	0
ripiitaa	りぴいたあ	リピイタア	0
ripiito	りぴいと	リピイト	0
ripootaa	りぽおたあ	リポオタア	0
ripooto	りぽおと	リポオト	0
ripp	り	リ	2
rippa	りっぱ	リッパ	0
rippo	りっぽ	リッポ	0
rippou	りっぽう	リッポウ	0
rippoufu	りっぽうふ	リッポウフ	0
rippoum	りっぽう	リッポウ	6
rippoume	りっぽうめ	リッポウメ	0
rippoumee	りっぽうめえ	リッポウメエ	0
rippoumeet	りっぽうめえ	リッポウメエ	9
rippoumeeto	りっぽうめえと	リッポウメエト	0
rippoumeetor	りっぽうめえと	リッポウメエト	11
rippoumeetoru	りっぽうめえとる	リッポウメエトル	0
rippoumeetorukaisan	りっぽうめえとるかいさん	リッポウメエトルカイサン	0
rippuku	りっぷく	リップク	0
rippusaabisu	りっぷさあびす	リップサアビス	0
ripurai	りぷらい	リプライ	0
rira	りら	リラ	0
rirakkusu	りらっくす	リラックス	0
riree	りれえ	リレエ	0
rireki	りれき	リレキ	0
rirekisho	りれきしょ	リレキショ	0
ririifu	りりいふ	リリイフ	0
ririisu	りりいす	リリイス	0
ririku	りりく	リリク	0
riritsu	りりつ	リリツ	0
riron	りろん	リロン	0
risaachi	りさあち	リサアチ	0
risage	りさげ	リサゲ	0
risaikuru	りさいくる	リサイクル	0
risaikurushoppu	りさいくるしょっぷ	リサイクルショップ	0
risaitaru	りさいたる	リサイタル	0
risan	りさん	リサン	0
rise	りせ	リセ	0
risei	りせい	リセイ	0
risesshon	りせっしょん	リセッション	0
rishi	りし	リシ	0
rishoku	りしょく	リショク	0
risoku	りそく	リソク	0
risou	りそう	リソウ	0
risouteki	りそうてき	リソウテキ	0
risshou	りっしょう	リッショウ	0
risshun	りっしゅん	リッシュン	0
risu	りす	リス	0
risubon	りすぼん	リスボン	0
risuku	りすく	リスク	0
risunaa	りすなあ	リスナア	0
risuto	りすと	リスト	0
risutora	りすとら	リストラ	0
ritaan	りたあん	リタアン	0
ritaanmatchi	りたあんま	リタアンマ	8
ritaia	りたいあ	リタイア	0
ritchi	り	リ	2
riten	りてん	リテン	0
ritoania	りとあにあ	リトアニア	0
ritogurafu	りとぐらふ	リトグラフ	0
ritoru	りとる	リトル	0
ritorurokku	りとるろっく	リトルロック	0
ritou	りとう	リトウ	0
ritsu	りつ	リツ	0
ritsuan	りつあん	リツアン	0
rittaakaa	りったあかあ	リッタアカア	0
rittai	りったい	リッタイ	0
rittaiteki	りったいてき	リッタイテキ	0
rittoru	りっとる	リットル	0
riyou	りよう	リヨウ	0
riyouhouhou	りようほうほう	リヨウホウホウ	0
riyousha	りようしゃ	リヨウシャ	0
riyuu	りゆう	リユウ	0
riz	り	リ	2
rizaabu	りざあぶ	リザアブ	0
rizo	りぞ	リゾ	0
rizoo	りぞお	リゾオ	0
rizoot	りぞお	リゾオ	5
rizooto	りぞおと	リゾオト	0
rizootoh	りぞおと	リゾオト	7
rizootoho	りぞおとほ	リゾオトホ	0
rizootohot	りぞおとほ	リゾオトホ	9
rizootohote	りぞおとほて	リゾオトホテ	0
rizootohoter	りぞおとほて	リゾオトホテ	11
rizootohoteru	りぞおとほてる	リゾオトホテル	0
rizootohoteruseiyoujin	りぞおとほてるせいようじん	リゾオトホテルセイヨウジン	0
rizotto	りぞっと	リゾット	0
rizumikaru	りずみかる	リズミカル	0
rizumu	りずむ	リズム	0
ro	ろ	ロ	0
robii	ろびい	ロビイ	0
robiisuto	ろびいすと	ロビイスト	0
robingu	ろびんぐ	ロビング	0
robotto	ろぼっと	ロボット	0
robu	ろぶ	ロブ	0
roddo	ろっど	ロッド	0
rodeo	ろでお	ロデオ	0
roffa	ろっふぁ	ロッファ	0
rofuto	ろふと	ロフト	0
rogo	ろご	ロゴ	0
rogu	ろぐ	ログ	0
roiyaritei	ろいやりてい	ロイヤリテイ	0
roiyaru	ろいやる	ロイヤル	0
roji	ろじ	ロジ	0
rojiana	ろじあな	ロジアナ	0
rojikku	ろじっく	ロジック	0
rojji	ろっじ	ロッジ	0
rojou	ろじょう	ロジョウ	0
rok	ろ	ロ	2
rokabirii	ろかびりい	ロカビリイ	0
roke	ろけ	ロケ	0
rokeeshon	ろけえしょん	ロケエション	0
rokehan	ろけはん	ロケハン	0
roken	ろけん	ロケン	0
roketto	ろけっと	ロケット	0
rokettodan	ろけっとだん	ロケットダン	0
rokk	ろ	ロ	2
rokka	ろっか	ロッカ	0
rokkaa	ろっかあ	ロッカア	0
rokkaar	ろっかあ	ロッカア	6
rokkaaru	ろっかある	ロッカアル	0
rokkaaruu	ろっかあるう	ロッカアルウ	0
rokkaaruum	ろっかあるう	ロッカアルウ	9
rokkaaruumu	ろっかあるうむ	ロッカアルウム	0
rokkaaruumusenjin	ろっかあるうむせんじん	ロッカアルウムセンジン	0
rokku	ろっく	ロック	0
rokkunrooru	ろっくんろおる	ロックンロオル	0
rokkuuuru	ろっくううる	ロックウウル	0
rokoko	ろここ	ロココ	0
rokotsu	ろこつ	ロコツ	0
roku	ろく	ロク	0
rokuga	ろくが	ロクガ	0
rokugatsu	ろくがつ	ロクガツ	0
rokujuu	ろくじゅう	ロクジュウ	0
rokujuushibuonpu	ろくじゅうしぶおんぷ	ロクジュウシブオンプ	0
rokuna	ろくな	ロクナ	0
rokuni	ろくに	ロクニ	0
rokuon	ろくおん	ロクオン	0
rokuonteepu	ろくおんてえぷ	ロクオンテエプ	0
rokushou	ろくしょう	ロクショウ	0
roman	ろまん	ロマン	0
romanchikku	ろまんちっく	ロマンチック	0
romansu	ろまんす	ロマンス	0
romanteikku	ろまんていっく	ロマンテイック	0
romen	ろめん	ロメン	0
romu	ろむ	ロム	0
ron	ろん	ロン	0
ronbun	ろんぶん	ロンブン	0
ronchou	ろんちょう	ロンチョウ	0
rondon	ろんどん	ロンドン	0
rongai	ろんがい	ロンガイ	0
rongi	ろんぎ	ロンギ	0
rongu	ろんぐ	ロング	0
ronguhooru	ろんぐほおる	ロングホオル	0
ronguran	ろんぐらん	ロングラン	0
ronguseraa	ろんぐせらあ	ロングセラア	0
ronjiru	ろんじる	ロンジル	0
ronjitsukusu	ろんじつくす	ロンジツクス	0
ronkoku	ろんこく	ロンコク	0
ronkyaku	ろんきゃく	ロンキャク	0
ronkyo	ろんきょ	ロンキョ	0
ronpyou	ろんぴょう	ロンピョウ	0
ronri	ろんり	ロンリ	0
ronriteki	ろんりてき	ロンリテキ	0
rons	ろん	ロン	3
ronse	ろんせ	ロンセ	0
ronsen	ろんせん	ロンセン	0
ronsenfuoabooru	ろんせんふおあぼおる	ロンセンフオアボオル	0
ronsetsu	ろんせつ	ロンセツ	0
ronsha	ろんしゃ	ロンシャ	0
ronshi	ろんし	ロンシ	0
ronsou	ろんそう	ロンソウ	0
ronten	ろんてん	ロンテン	0
ronzuru	ろんずる	ロンズル	0
roo	ろお	ロオ	0
roodo	ろおど	ロオド	0
roodoreesu	ろおどれえす	ロオドレエス	0
roodoshoo	ろおどしょお	ロオドショオ	0
rookaru	ろおかる	ロオカル	0
room	ろお	ロオ	3
rooma	ろおま	ロオマ	0
roomaj	ろおま	ロオマ	5
roomaji	ろおまじ	ロオマジ	0
roomajishita	ろおまじした	ロオマジシタ	0
roomu	ろおむ	ロオム	0
roon	ろおん	ロオン	0
roopu	ろおぷ	ロオプ	0
roopuuei	ろおぷうえい	ロオプウエイ	0
rooraa	ろおらあ	ロオラア	0
rooraasukeeto	ろおらあすけえと	ロオラアスケエト	0
rooreru	ろおれる	ロオレル	0
rooringu	ろおりんぐ	ロオリング	0
rooru	ろおる	ロオル	0
rooshon	ろおしょん	ロオション	0
roosu	ろおす	ロオス	0
roosuto	ろおすと	ロオスト	0
rootaa	ろおたあ	ロオタア	0
rootarii	ろおたりい	ロオタリイ	0
rootasu	ろおたす	ロオタス	0
rooteeshon	ろおてえしょん	ロオテエション	0
roozu	ろおず	ロオズ	0
rosanzerusu	ろさんぜるす	ロサンゼルス	0
rosen	ろせん	ロセン	0
rosenzu	ろせんず	ロセンズ	0
roshia	ろしあ	ロシア	0
roshin	ろしん	ロシン	0
roshutsu	ろしゅつ	ロシュツ	0
rosu	ろす	ロス	0
rotei	ろてい	ロテイ	0
roten	ろてん	ロテン	0
rotenburo	ろてんぶろ	ロテンブロ	0
rou	ろう	ロウ	0
rouba	ろうば	ロウバ	0
roud	ろう	ロウ	3
roudo	ろうど	ロウド	0
roudoku	ろうどく	ロウドク	0
roudou	ろうどう	ロウドウ	0
roudouissankatanso	ろうどういっさんかたんそ	ロウドウイッサンカタンソ	0
roudoujouken	ろうどうじょうけん	ロウドウジョウケン	0
roudoukijunhou	ろうどうきじゅんほう	ロウドウキジュンホウ	0
roudoukumiai	ろうどうくみあい	ロウドウクミアイ	0
roudouryoku	ろうどうりょく	ロウドウリョク	0
roudousha	ろうどうしゃ	ロウドウシャ	0
roudoushou	ろうどうしょう	ロウドウショウ	0
roudout	ろうどう	ロウドウ	6
roudouto	ろうどうと	ロウドウト	0
roudoutou	ろうどうとう	ロウドウトウ	0
roudoutoufyiru	ろうどうとうふぃる	ロウドウトウフィル	0
roudouundou	ろうどううんどう	ロウドウウンドウ	0
rouei	ろうえい	ロウエイ	0
roufu	ろうふ	ロウフ	0
roufuufu	ろうふうふ	ロウフウフ	0
rougan	ろうがん	ロウガン	0
rougo	ろうご	ロウゴ	0
rouhi	ろうひ	ロウヒ	0
rouhou	ろうほう	ロウホウ	0
rouj	ろう	ロウ	3
roujaku	ろうじゃく	ロウジャク	0
rouji	ろうじ	ロウジ	0
roujin	ろうじん	ロウジン	0
roujinfukushi	ろうじんふくし	ロウジンフクシ	0
roujinfyerooshippu	ろうじんふぇろおしっぷ	ロウジンフェロオシップ	0
roujinhoomu	ろうじんほおむ	ロウジンホオム	0
roujinsei	ろうじんせい	ロウジンセイ	0
roujo	ろうじょ	ロウジョ	0
rouka	ろうか	ロウカ	0
roukaku	ろうかく	ロウカク	0
roukyuu	ろうきゅう	ロウキュウ	0
roumu	ろうむ	ロウム	0
rounen	ろうねん	ロウネン	0
rounin	ろうにん	ロウニン	0
rounyaku	ろうにゃく	ロウニャク	0
rounyakunannyo	ろうにゃくなんにょ	ロウニャクナンニョ	0
rourei	ろうれい	ロウレイ	0
rouren	ろうれん	ロウレン	0
rouryoku	ろうりょく	ロウリョク	0
rous	ろう	ロウ	3
rousai	ろうさい	ロウサイ	0
rousaku	ろうさく	ロウサク	0
roush	ろう	ロウ	3
roushi	ろうし	ロウシ	0
rousho	ろうしょ	ロウショ	0
roushou	ろうしょう	ロウショウ	0
roushoukinosei	ろうしょうきのせい	ロウショウキノセイ	0
rouso	ろうそ	ロウソ	0
rousoku	ろうそく	ロウソク	0
rousui	ろうすい	ロウスイ	0
roze	ろぜ	ロゼ	0
rra	っら	ッラ	0
rraffe	っらっふぇ	ッラッフェ	0
rre	っれ	ッレ	0
rreffi	っれっふぃ	ッレッフィ	0
rri	っり	ッリ	0
rriffo	っりっふぉ	ッリッフォ	0
rro	っろ	ッロ	0
rroffu	っろっふ	ッロッフ	0
rru	っる	ッル	0
rruffwa	っるっふぁ	ッルッファ	0
rrya	っりゃ	ッリャ	0
rryaffwe	っりゃっふぇ	ッリャッフェ	0
rrye	っりぇ	ッリェ	0
rryeffwi	っりぇっふぃ	ッリェッフィ	0
rryi	っりぃ	ッリィ	0
rryiffwo	っりぃっふぉ	ッリィッフォ	0
rryo	っりょ	ッリョ	0
rryoffwu	っりょっふぅ	ッリョッフゥ	0
rryu	っりゅ	ッリュ	0
rryuffya	っりゅっふゃ	ッリュッフャ	0
ru	る	ル	0
ruaa	るああ	ルアア	0
rubi	るび	ルビ	0
rubii	るびい	ルビイ	0
ruffye	るっふぇ	ルッフェ	0
rui	るい	ルイ	0
ruiji	るいじ	ルイジ	0
ruijiana	るいじあな	ルイジアナ	0
ruijinen	るいじねん	ルイジネン	0
ruikei	るいけい	ルイケイ	0
ruiseki	るいせき	ルイセキ	0
ruishin	るいしん	ルイシン	0
ruisui	るいすい	ルイスイ	0
rukku	るっく	ルック	0
rukkusu	るっくす	ルックス	0
rukusu	るくす	ルクス	0
ruminooru	るみのおる	ルミノオル	0
runesansu	るねさんす	ルネサンス	0
runessansu	るねっさんす	ルネッサンス	0
runge	るんげ	ルンゲ	0
rupo	るぽ	ルポ	0
ruporutaaju	るぽるたあじゅ	ルポルタアジュ	0
ruri	るり	ルリ	0
rurou	るろう	ルロウ	0
rusanchiman	るさんちまん	ルサンチマン	0
rusu	るす	ルス	0
rusuban	るすばん	ルスバン	0
ruu	るう	ルウ	0
ruuburu	るうぶる	ルウブル	0
ruuchin	るうちん	ルウチン	0
ruufu	るうふ	ルウフ	0
ruuju	るうじゅ	ルウジュ	0
ruukii	るうきい	ルウキイ	0
ruumu	るうむ	ルウム	0
ruupu	るうぷ	ルウプ	0
ruuretto	るうれっと	ルウレット	0
ruuru	るうる	ルウル	0
ruut	るう	ルウ	3
ruutein	るうていん	ルウテイン	0
ruuto	るうと	ルウト	0
ruuts	るう	ルウ	3
ruutsu	るうつ	ルウツ	0
ruutsuseki	るうつせき	ルウツセキ	0
ruuzu	るうず	ルウズ	0
ry			0
rya	りゃ	リャ	0
ryaffyi	りゃっふぃ	リャッフィ	0
ryaku	りゃく	リャク	0
ryakudatsu	りゃくだつ	リャクダツ	0
ryakugo	りゃくご	リャクゴ	0
ryakureki	りゃくれき	リャクレキ	0
ryakushiki	りゃくしき	リャクシキ	0
ryakushou	りゃくしょう	リャクショウ	0
ryakusu	りゃくす	リャクス	0
rye	りぇ	リェ	0
ryeffyo	りぇっふょ	リェッフョ	0
ryi	りぃ	リィ	0
ryiffyu	りぃっふゅ	リィッフュ	0
ryo	りょ	リョ	0
ryodan	りょだん	リョダン	0
ryofi	りょふぃ	リョフィ	0
ryohi	りょひ	リョヒ	0
ryokaku	りょかく	リョカク	0
ryokakuki	りょかくき	リョカクキ	0
ryokan	りょかん	リョカン	0
ryoken	りょけん	リョケン	0
ryokka	りょっか	リョッカ	0
ryokou	りょこう	リョコウ	0
ryokougaisha	りょこうがいしゃ	リョコウガイシャ	0
ryokouken	りょこうけん	リョコウケン	0
ryokousha	りょこうしゃ	リョコウシャ	0
ryoku	りょく	リョク	0
ryokucha	りょくちゃ	リョクチャ	0
ryokuchi	りょくち	リョクチ	0
ryou	りょう	リョウ	0
ryouashi	りょうあし	リョウアシ	0
ryouchi	りょうち	リョウチ	0
ryoudo	りょうど	リョウド	0
ryoufuu	りょうふう	リョウフウ	0
ryoug	りょう	リョウ	4
ryouga	りょうが	リョウガ	0
ryougae	りょうがえ	リョウガエ	0
ryougan	りょうがん	リョウガン	0
ryouganpatto	りょうがんぱっと	リョウガンパット	0
ryougawa	りょうがわ	リョウガワ	0
ryougun	りょうぐん	リョウグン	0
ryouhanten	りょうはんてん	リョウハンテン	0
ryouhou	りょうほう	リョウホウ	0
ryouiki	りょういき	リョウイキ	0
ryouin	りょういん	リョウイン	0
ryouj	りょう	リョウ	4
ryouji	りょうじ	リョウジ	0
ryoujikan	りょうじかん	リョウジカン	0
ryoujipawaasutearingu	りょうじぱわあすてありんぐ	リョウジパワアステアリング	0
ryoujitsu	りょうじつ	リョウジツ	0
ryoujuu	りょうじゅう	リョウジュウ	0
ryouk	りょう	リョウ	4
ryoukai	りょうかい	リョウカイ	0
ryoukei	りょうけい	リョウケイ	0
ryouken	りょうけん	リョウケン	0
ryoukin	りょうきん	リョウキン	0
ryoukoku	りょうこく	リョウコク	0
ryoukou	りょうこう	リョウコウ	0
ryouku	りょうく	リョウク	0
ryoukuu	りょうくう	リョウクウ	0
ryoukuuenkai	りょうくうえんかい	リョウクウエンカイ	0
ryoumen	りょうめん	リョウメン	0
ryounai	りょうない	リョウナイ	0
ryouri	りょうり	リョウリ	0
ryourin	りょうりん	リョウリン	0
ryourinin	りょうりにん	リョウリニン	0
ryouritsu	りょうりつ	リョウリツ	0
ryouriya	りょうりや	リョウリヤ	0
ryouron	りょうろん	リョウロン	0
ryousai	りょうさい	リョウサイ	0
ryousan	りょうさん	リョウサン	0
ryousei	りょうせい	リョウセイ	0
ryousha	りょうしゃ	リョウシャ	0
ryoushi	りょうし	リョウシ	0
ryoushiki	りょうしき	リョウシキ	0
ryoushin	りょうしん	リョウシン	0
ryoushitsu	りょうしつ	リョウシツ	0
ryoushoku	りょうしょく	リョウショク	0
ryoushou	りょうしょう	リョウショウ	0
ryoushuu	りょうしゅう	リョウシュウ	0
ryoushuusho	りょうしゅうしょ	リョウシュウショ	0
ryout	りょう	リョウ	4
ryoutan	りょうたん	リョウタン	0
ryoute	りょうて	リョウテ	0
ryoutei	りょうてい	リョウテイ	0
ryouteiparaguraidaa	りょうていぱらぐらいだあ	リョウテイパラグライダア	0
ryouteki	りょうてき	リョウテキ	0
ryoutou	りょうとう	リョウトウ	0
ryouude	りょううで	リョウウデ	0
ryouyoku	りょうよく	リョウヨク	0
ryouyou	りょうよう	リョウヨウ	0
ryouyoujo	りょうようじょ	リョウヨウジョ	0
ryouyuu	りょうゆう	リョウユウ	0
ryu	りゅ	リュ	0
ryufo	りゅふぉ	リュフォ	0
ryukkusakku	りゅっくさっく	リュックサック	0
ryuu	りゅう	リュウ	0
ryuuchi	りゅうち	リュウチ	0
ryuuchijou	りゅうちじょう	リュウチジョウ	0
ryuuchou	りゅうちょう	リュウチョウ	0
ryuudou	りゅうどう	リュウドウ	0
ryuudouteki	りゅうどうてき	リュウドウテキ	0
ryuugaku	りゅうがく	リュウガク	0
ryuugakusei	りゅうがくせい	リュウガクセイ	0
ryuuha	りゅうは	リュウハ	0
ryuuho	りゅうほ	リュウホ	0
ryuuhyou	りゅうひょう	リュウヒョウ	0
ryuui	りゅうい	リュウイ	0
ryuuik	りゅうい	リュウイ	5
ryuuiki	りゅういき	リュウイキ	0
ryuuikipaateii	りゅういきぱあていい	リュウイキパアテイイ	0
ryuujou	りゅうじょう	リュウジョウ	0
ryuuju	りゅうじゅ	リュウジュ	0
ryuuketsu	りゅうけつ	リュウケツ	0
ryuuki	りゅうき	リュウキ	0
ryuukou	りゅうこう	リュウコウ	0
ryuukouka	りゅうこうか	リュウコウカ	0
ryuukyuu	りゅうきゅう	リュウキュウ	0
ryuunen	りゅうねん	リュウネン	0
ryuunin	りゅうにん	リュウニン	0
ryuunyuu	りゅうにゅう	リュウニュウ	0
ryuuou	りゅうおう	リュウオウ	0
ryuusan	りゅうさん	リュウサン	0
ryuusei	りゅうせい	リュウセイ	0
ryuushi	りゅうし	リュウシ	0
ryuushutsu	りゅうしゅつ	リュウシュツ	0
ryuuto	りゅうと	リュウト	0
ryuutsuu	りゅうつう	リュウツウ	0
ryuuyou	りゅうよう	リュウヨウ	0
s			0
sa	さ	サ	0
saa	さあ	サア	0
saaba	さあば	サアバ	0
saabaa	さあばあ	サアバア	0
saabeiransu	さあべいらんす	サアベイランス	0
saabisu	さあびす	サアビス	0
saabisueesu	さあびすええす	サアビスエエス	0
saabisueria	さあびすえりあ	サアビスエリア	0
saabisugyou	さあびすぎょう	サアビスギョウ	0
saabu	さあぶ	サアブ	0
saachi	さあち	サアチ	0
saachiraito	さあちらいと	サアチライト	0
saado	さあど	サアド	0
saafuaa	さあふああ	サアフアア	0
saafyin	さあふぃん	サアフィン	0
saak	さあ	サア	3
saakasu	さあかす	サアカス	0
saakitto	さあきっと	サアキット	0
saaku	さあく	サアク	0
saakur	さあく	サアク	5
saakuru	さあくる	サアクル	0
saakurusangaku	さあくるさんがく	サアクルサンガク	0
saamon	さあもん	サアモン	0
saaroin	さあろいん	サアロイン	0
saasen	さあせん	サアセン	0
saba	さば	サバ	0
sabaibaru	さばいばる	サバイバル	0
sabaku	さばく	サバク	0
sabanna	さばんな	サバンナ	0
sabetsu	さべつ	サベツ	0
sabi	さび	サビ	0
sabiru	さびる	サビル	0
sabishii	さびしい	サビシイ	0
saboru	さぼる	サボル	0
sabou	さぼう	サボウ	0
sabu	さぶ	サブ	0
sabumarin	さぶまりん	サブマリン	0
sabutaitoru	さぶたいとる	サブタイトル	0
sachi	さち	サチ	0
sad	さ	サ	2
sadaka	さだか	サダカ	0
sadamaru	さだまる	サダマル	0
sadameru	さだめる	サダメル	0
sadeisuteikku	さでいすていっく	サデイステイック	0
sado	さど	サド	0
sadondesu	さどんです	サドンデス	0
sador	さど	サド	4
sadoru	さどる	サドル	0
sadorusansuu	さどるさんすう	サドルサンスウ	0
sadou	さどう	サドウ	0
sae	さえ	サエ	0
saeareba	さえあれば	サエアレバ	0
saegiru	さえぎる	サエギル	0
saeki	さえき	サエキ	0
saeru	さえる	サエル	0
safu	さふ	サフ	0
safuaia	さふあいあ	サフアイア	0
safuari	さふあり	サフアリ	0
safuarirarii	さふありらりい	サフアリラリイ	0
sagaku	さがく	サガク	0
sagari	さがり	サガリ	0
sagaru	さがる	サガル	0
sagashimawaru	さがしまわる	サガシマワル	0
sagashimono	さがしもの	サガシモノ	0
sagasu	さがす	サガス	0
sageru	さげる	サゲル	0
sagesumu	さげすむ	サゲスム	0
sagi	さぎ	サギ	0
sagishi	さぎし	サギシ	0
saguru	さぐる	サグル	0
sagyou	さぎょう	サギョウ	0
sagyoukankyou	さぎょうかんきょう	サギョウカンキョウ	0
saha	さは	サハ	0
sahara	さはら	サハラ	0
saharasabaku	さはらさばく	サハラサバク	0
sahou	さほう	サホウ	0
sai	さい	サイ	0
saiai	さいあい	サイアイ	0
saiaku	さいあく	サイアク	0
saibai	さいばい	サイバイ	0
saiban	さいばん	サイバン	0
saibankan	さいばんかん	サイバンカン	0
saibansho	さいばんしょ	サイバンショ	0
saibou	さいぼう	サイボウ	0
saibounai	さいぼうない	サイボウナイ	0
saibu	さいぶ	サイブ	0
saibun	さいぶん	サイブン	0
saichou	さいちょう	サイチョウ	0
saichuu	さいちゅう	サイチュウ	0
said	さい	サイ	3
saidai	さいだい	サイダイ	0
saidaigen	さいだいげん	サイダイゲン	0
saidan	さいだん	サイダン	0
saido	さいど	サイド	0
saidob	さいど	サイド	5
saidobi	さいどび	サイドビ	0
saidobij	さいどび	サイドビ	7
saidobiji	さいどびじ	サイドビジ	0
saidobijin	さいどびじん	サイドビジン	0
saidobijine	さいどびじね	サイドビジネ	0
saidobijines	さいどびじね	サイドビジネ	11
saidobijinesu	さいどびじねす	サイドビジネス	0
saidobijinesuchirashi	さいどびじねすちらし	サイドビジネスチラシ	0
saidokaa	さいどかあ	サイドカア	0
saien	さいえん	サイエン	0
saiensu	さいえんす	サイエンス	0
saif	さい	サイ	3
saifu	さいふ	サイフ	0
saifumuryoku	さいふむりょく	サイフムリョク	0
saig	さい	サイ	3
saigai	さいがい	サイガイ	0
saigen	さいげん	サイゲン	0
saigetsu	さいげつ	サイゲツ	0
saigo	さいご	サイゴ	0
saigon	さいごん	サイゴン	0
saigono	さいごの	サイゴノ	0
saigonob	さいごの	サイゴノ	7
saigonobu	さいごのぶ	サイゴノブ	0
saigonobut	さいごのぶ	サイゴノブ	9
saigonobuta	さいごのぶた	サイゴノブタ	0
saigonobutai	さいごのぶたい	サイゴノブタイ	0
saigonobutaikinki	さいごのぶたいきんき	サイゴノブタイキンキ	0
saihan	さいはん	サイハン	0
saihatsu	さいはつ	サイハツ	0
saihen	さいへん	サイヘン	0
saihou	さいほう	サイホウ	0
saijitsu	さいじつ	サイジツ	0
saijou	さいじょう	サイジョウ	0
saijuuten	さいじゅうてん	サイジュウテン	0
saik	さい	サイ	3
saika	さいか	サイカ	0
saikai	さいかい	サイカイ	0
saikaihatsu	さいかいはつ	サイカイハツ	0
saikakunin	さいかくにん	サイカクニン	0
saikeikoku	さいけいこく	サイケイコク	0
saiken	さいけん	サイケン	0
saikentou	さいけんとう	サイケントウ	0
saiketsu	さいけつ	サイケツ	0
saiki	さいき	サイキ	0
saikidou	さいきどう	サイキドウ	0
saikin	さいきん	サイキン	0
saiko	さいこ	サイコ	0
saikon	さいこん	サイコン	0
saikou	さいこう	サイコウ	0
saikoubi	さいこうび	サイコウビ	0
saikouhou	さいこうほう	サイコウホウ	0
saikouk	さいこう	サイコウ	6
saikouken	さいこうけん	サイコウケン	0
saikouky	さいこう	サイコウ	6
saikoukyu	さいこうきゅ	サイコウキュ	0
saikoukyuu	さいこうきゅう	サイコウキュウ	0
saikoukyuukaitei	さいこうきゅうかいてい	サイコウキュウカイテイ	0
saikoumisshitsu	さいこうみっしつ	サイコウミッシツ	0
saikousai	さいこうさい	サイコウサイ	0
saiku	さいく	サイク	0
saikuringu	さいくりんぐ	サイクリング	0
saikuron	さいくろん	サイクロン	0
saikuru	さいくる	サイクル	0
saikutsu	さいくつ	サイクツ	0
saikyou	さいきょう	サイキョウ	0
saimatsu	さいまつ	サイマツ	0
saimin	さいみん	サイミン	0
saimoku	さいもく	サイモク	0
saimu	さいむ	サイム	0
sain	さいん	サイン	0
sainan	さいなん	サイナン	0
sainen	さいねん	サイネン	0
sainenshou	さいねんしょう	サイネンショウ	0
sainin	さいにん	サイニン	0
sainiri	さいにり	サイニリ	0
sainkai	さいんかい	サインカイ	0
sainou	さいのう	サイノウ	0
sainyuu	さいにゅう	サイニュウ	0
sairai	さいらい	サイライ	0
sairei	さいれい	サイレイ	0
sairen	さいれん	サイレン	0
sairento	さいれんと	サイレント	0
sairo	さいろ	サイロ	0
sairoku	さいろく	サイロク	0
sairui	さいるい	サイルイ	0
sairyou	さいりょう	サイリョウ	0
sais	さい	サイ	3
saisa	さいさ	サイサ	0
saisan	さいさん	サイサン	0
saisanmikon	さいさんみこん	サイサンミコン	0
saisei	さいせい	サイセイ	0
saiseiki	さいせいき	サイセイキ	0
saiseki	さいせき	サイセキ	0
saisen	さいせん	サイセン	0
saisentan	さいせんたん	サイセンタン	0
saishi	さいし	サイシ	0
saishiki	さいしき	サイシキ	0
saishin	さいしん	サイシン	0
saishinei	さいしねい	サイシネイ	0
saishinjouhou	さいしんじょうほう	サイシンジョウホウ	0
saishinkenkyuu	さいしんけんきゅう	サイシンケンキュウ	0
saishinnyuusu	さいしんにゅうす	サイシンニュウス	0
saisho	さいしょ	サイショ	0
saishoku	さいしょく	サイショク	0
saishou	さいしょう	サイショウ	0
saishougen	さいしょうげん	サイショウゲン	0
saishu	さいしゅ	サイシュ	0
saishutsu	さいしゅつ	サイシュツ	0
saishuu	さいしゅう	サイシュウ	0
saishuuteki	さいしゅうてき	サイシュウテキ	0
saishuutekini	さいしゅうてきに	サイシュウテキニ	0
saisoku	さいそく	サイソク	0
saisutaato	さいすたあと	サイスタアト	0
sait	さい	サイ	3
saita	さいた	サイタ	0
saitaku	さいたく	サイタク	0
saitama	さいたま	サイタマ	0
saitan	さいたん	サイタン	0
saite	さいて	サイテ	0
saitei	さいてい	サイテイ	0
saiteigen	さいていげん	サイテイゲン	0
saiteipenishirin	さいていぺにしりん	サイテイペニシリン	0
saiteki	さいてき	サイテキ	0
saiten	さいてん	サイテン	0
saito	さいと	サイト	0
saiwai	さいわい	サイワイ	0
saiwaidesu	さいわいです	サイワイデス	0
saiyou	さいよう	サイヨウ	0
saiyuuguu	さいゆうぐう	サイユウグウ	0
saizen	さいぜん	サイゼン	0
saizenretsu	さいぜんれつ	サイゼンレツ	0
saizensen	さいぜんせん	サイゼンセン	0
saizu	さいず	サイズ	0
saji	さじ	サジ	0
sak	さ	サ	2
saka	さか	サカ	0
sakaba	さかば	サカバ	0
sakadachi	さかだち	サカダチ	0
sakadana	さかだな	サカダナ	0
sakaeru	さかえる	サカエル	0
sakai	さかい	サカイ	0
sakaime	さかいめ	サカイメ	0
sakamichi	さかみち	サカミチ	0
sakan	さかん	サカン	0
sakana	さかな	サカナ	0
sakanaya	さかなや	サカナヤ	0
sakanoboru	さかのぼる	サカノボル	0
sakarau	さからう	サカラウ	0
sakari	さかり	サカリ	0
sakasa	さかさ	サカサ	0
sakashima	さかしま	サカシマ	0
sakaya	さかや	サカヤ	0
sakazuki	さかずき	サカズキ	0
sake	さけ	サケ	0
sakebi	さけび	サケビ	0
sakebigoe	さけびごえ	サケビゴエ	0
sakebu	さけぶ	サケブ	0
sakeme	さけめ	サケメ	0
saker	さけ	サケ	4
sakeru	さける	サケル	0
sakerufuuga	さけるふうが	サケルフウガ	0
saki	さき	サキ	0
sakidatte	さきだって	サキダッテ	0
sakidori	さきどり	サキドリ	0
sakigake	さきがけ	サキガケ	0
sakigakeru	さきがける	サキガケル	0
sakigoro	さきごろ	サキゴロ	0
sakihodo	さきほど	サキホド	0
sakimidareru	さきみだれる	サキミダレル	0
sakimono	さきもの	サキモノ	0
sakini	さきに	サキニ	0
sakiokuri	さきおくり	サキオクリ	0
sakiyasu	さきやす	サキヤス	0
sakiyuki	さきゆき	サキユキ	0
sakizaki	さきざき	サキザキ	0
sakka	さっか	サッカ	0
sakkaa	さっかあ	サッカア	0
sakkaku	さっかく	サッカク	0
sakki	さっき	サッキ	0
sakkin	さっきん	サッキン	0
sakkon	さっこん	サッコン	0
sakkusu	さっくす	サックス	0
sakkyoku	さっきょく	サッキョク	0
sakkyokuka	さっきょくか	サッキョクカ	0
sakkyoushisuu	さっきょうしすう	サッキョウシスウ	0
sakoku	さこく	サコク	0
saku	さく	サク	0
sakuban	さくばん	サクバン	0
sakubun	さくぶん	サクブン	0
sakufuu	さくふう	サクフウ	0
sakugara	さくがら	サクガラ	0
sakugen	さくげん	サクゲン	0
sakugo	さくご	サクゴ	0
sakuhin	さくひん	サクヒン	0
sakui	さくい	サクイ	0
sakuin	さくいん	サクイン	0
sakuinmeichuu	さくいんめいちゅう	サクインメイチュウ	0
sakujitsu	さくじつ	サクジツ	0
sakujo	さくじょ	サクジョ	0
sakumotsu	さくもつ	サクモツ	0
sakunen	さくねん	サクネン	0
sakunendo	さくねんど	サクネンド	0
sakunenrai	さくねんらい	サクネンライ	0
sakunyuu	さくにゅう	サクニュウ	0
sakura	さくら	サクラ	0
sakuran	さくらん	サクラン	0
sakuretsu	さくれつ	サクレツ	0
sakuryaku	さくりゃく	サクリャク	0
sakus	さく	サク	4
sakusan	さくさん	サクサン	0
sakuse	さくせ	サクセ	0
sakusei	さくせい	サクセイ	0
sakusen	さくせん	サクセン	0
sakusenmeijitsu	さくせんめいじつ	サクセンメイジツ	0
sakusesu	さくせす	サクセス	0
sakusha	さくしゃ	サクシャ	0
sakushi	さくし	サクシ	0
sakushu	さくしゅ	サクシュ	0
sakushun	さくしゅん	サクシュン	0
sakushuu	さくしゅう	サクシュウ	0
sakusofuon	さくそふおん	サクソフオン	0
sakutei	さくてい	サクテイ	0
sakuya	さくや	サクヤ	0
sakuzuke	さくずけ	サクズケ	0
sakuzukemenseki	さくずけめんせき	サクズケメンセキ	0
sakyuu	さきゅう	サキュウ	0
sama	さま	サマ	0
samaa	さまあ	サマア	0
samaasukuuru	さまあすくうる	サマアスクウル	0
samagawari	さまがわり	サマガワリ	0
samaraizu	さまらいず	サマライズ	0
samasu	さます	サマス	0
samatage	さまたげ	サマタゲ	0
samatageru	さまたげる	サマタゲル	0
samayou	さまよう	サマヨウ	0
samazama	さまざま	サマザマ	0
same	さめ	サメ	0
sameru	さめる	サメル	0
samitto	さみっと	サミット	0
samon	さもん	サモン	0
samui	さむい	サムイ	0
samuke	さむけ	サムケ	0
samurai	さむらい	サムライ	0
samusa	さむさ	サムサ	0
san	さん	サン	0
sanba	さんば	サンバ	0
sanbashi	さんばし	サンバシ	0
sanbetsu	さんべつ	サンベツ	0
sanbi	さんび	サンビ	0
sanbo	さんぼ	サンボ	0
sanbon	さんぼん	サンボン	0
sanbou	さんぼう	サンボウ	0
sanbu	さんぶ	サンブ	0
sanbun	さんぶん	サンブン	0
sanbusaku	さんぶさく	サンブサク	0
sanbutsu	さんぶつ	サンブツ	0
sanbyaku	さんびゃく	サンビャク	0
sanchi	さんち	サンチ	0
sanchou	さんちょう	サンチョウ	0
sanchuuru	さんちゅうる	サンチュウル	0
sandaabaado	さんだあばあど	サンダアバアド	0
sandai	さんだい	サンダイ	0
sandaru	さんだる	サンダル	0
sandee	さんでえ	サンデエ	0
sandeiego	さんでいえご	サンデイエゴ	0
sando	さんど	サンド	0
sandoitchi	さんどい	サンドイ	6
sandopeepaa	さんどぺえぱあ	サンドペエパア	0
sandou	さんどう	サンドウ	0
sanfujinka	さんふじんか	サンフジンカ	0
sanfuoraizu	さんふおらいず	サンフオライズ	0
sanfuranshisuko	さんふらんしすこ	サンフランシスコ	0
sang	さん	サン	3
sangaku	さんがく	サンガク	0
sangatsu	さんがつ	サンガツ	0
sangiin	さんぎいん	サンギイン	0
sango	さんご	サンゴ	0
sangurasu	さんぐらす	サングラス	0
sangy	さん	サン	3
sangyo	さんぎょ	サンギョ	0
sangyou	さんぎょう	サンギョウ	0
sangyoukai	さんぎょうかい	サンギョウカイ	0
sangyoumedo	さんぎょうめど	サンギョウメド	0
sani	さに	サニ	0
sanin	さにん	サニン	0
sanitarii	さにたりい	サニタリイ	0
sanji	さんじ	サンジ	0
sanjigen	さんじげん	サンジゲン	0
sanjikan	さんじかん	サンジカン	0
sanjiseigen	さんじせいげん	サンジセイゲン	0
sanjo	さんじょ	サンジョ	0
sanjou	さんじょう	サンジョウ	0
sanjuu	さんじゅう	サンジュウ	0
sanjuuhachidosen	さんじゅうはちどせん	サンジュウハチドセン	0
sanjuuichinichi	さんじゅういちにち	サンジュウイチニチ	0
sanjuunichi	さんじゅうにち	サンジュウニチ	0
sank	さん	サン	3
sanka	さんか	サンカ	0
sankai	さんかい	サンカイ	0
sankaimenkyo	さんかいめんきょ	サンカイメンキョ	0
sankaku	さんかく	サンカク	0
sankakukei	さんかくけい	サンカクケイ	0
sankan	さんかん	サンカン	0
sankanba	さんかんば	サンカンバ	0
sankasha	さんかしゃ	サンカシャ	0
sanke	さんけ	サンケ	0
sankei	さんけい	サンケイ	0
sankeienogu	さんけいえのぐ	サンケイエノグ	0
sanken	さんけん	サンケン	0
sankotsu	さんこつ	サンコツ	0
sankou	さんこう	サンコウ	0
sankoumadeni	さんこうまでに	サンコウマデニ	0
sankousho	さんこうしょ	サンコウショ	0
sankuchuari	さんくちゅあり	サンクチュアリ	0
sankusugibingudee	さんくすぎびんぐでえ	サンクスギビングデエ	0
sankyuu	さんきゅう	サンキュウ	0
sanm	さん	サン	3
sanmai	さんまい	サンマイ	0
sanman	さんまん	サンマン	0
sanmi	さんみ	サンミ	0
sanmitoi	さんみとい	サンミトイ	0
sanmyaku	さんみゃく	サンミャク	0
sannan	さんなん	サンナン	0
sannen	さんねん	サンネン	0
sannin	さんにん	サンニン	0
sannoze	さんのぜ	サンノゼ	0
sannyuu	さんにゅう	サンニュウ	0
sanpai	さんぱい	サンパイ	0
sanpatsu	さんぱつ	サンパツ	0
sanpi	さんぴ	サンピ	0
sanpin	さんぴん	サンピン	0
sanpo	さんぽ	サンポ	0
sanpu	さんぷ	サンプ	0
sanpuraa	さんぷらあ	サンプラア	0
sanpuringu	さんぷりんぐ	サンプリング	0
sanpuru	さんぷる	サンプル	0
sanr	さん	サン	3
sanran	さんらん	サンラン	0
sanretsu	さんれつ	サンレツ	0
sanrin	さんりん	サンリン	0
sanru	さんる	サンル	0
sanrui	さんるい	サンルイ	0
sanruida	さんるいだ	サンルイダ	0
sanruimenmoku	さんるいめんもく	サンルイメンモク	0
sanruishu	さんるいしゅ	サンルイシュ	0
sanruufu	さんるうふ	サンルウフ	0
sanryou	さんりょう	サンリョウ	0
sanryuu	さんりゅう	サンリュウ	0
sansai	さんさい	サンサイ	0
sansaku	さんさく	サンサク	0
sansei	さんせい	サンセイ	0
sanseiken	さんせいけん	サンセイケン	0
sanseki	さんせき	サンセキ	0
sansen	さんせん	サンセン	0
sansha	さんしゃ	サンシャ	0
sanshain	さんしゃいん	サンシャイン	0
sanshi	さんし	サンシ	0
sanshin	さんしん	サンシン	0
sanshou	さんしょう	サンショウ	0
sanshu	さんしゅ	サンシュ	0
sanshutsu	さんしゅつ	サンシュツ	0
sanso	さんそ	サンソ	0
sanson	さんそん	サンソン	0
sansou	さんそう	サンソウ	0
sansukuritto	さんすくりっと	サンスクリット	0
sansuu	さんすう	サンスウ	0
sant	さん	サン	3
santakuroosu	さんたくろおす	サンタクロオス	0
santei	さんてい	サンテイ	0
santo	さんと	サント	0
santor	さんと	サント	5
santora	さんとら	サントラ	0
santorashiire	さんとらしいれ	サントラシイレ	0
sany	さ	サ	2
sanya	さにゃ	サニャ	0
sanyaku	さにゃく	サニャク	0
sanyo	さにょ	サニョ	0
sanyomouretsu	さにょもうれつ	サニョモウレツ	0
sanyou	さにょう	サニョウ	0
sanyukoku	さにゅこく	サニュコク	0
sanzan	さんざん	サンザン	0
sanzen	さんぜん	サンゼン	0
sanzoku	さんぞく	サンゾク	0
sao	さお	サオ	0
saotome	さおとめ	サオトメ	0
sapaa	さぱあ	サパア	0
sapootaa	さぽおたあ	サポオタア	0
sapooto	さぽおと	サポオト	0
sappari	さっぱり	サッパリ	0
sapporo	さっぽろ	サッポロ	0
sapurai	さぷらい	サプライ	0
sapuraiyaa	さぷらいやあ	サプライヤア	0
sapuraizu	さぷらいず	サプライズ	0
sapuri	さぷり	サプリ	0
sar	さ	サ	2
sara	さら	サラ	0
saraarai	さらあらい	サラアライ	0
saraba	さらば	サラバ	0
sarabureddo	さらぶれっど	サラブレッド	0
sarada	さらだ	サラダ	0
saraigetsu	さらいげつ	サライゲツ	0
sarainen	さらいねん	サライネン	0
saraishuu	さらいしゅう	サライシュウ	0
sarani	さらに	サラニ	0
sararii	さらりい	サラリイ	0
sarariiman	さらりいまん	サラリイマン	0
saras	さら	サラ	4
sarasara	さらさら	サラサラ	0
sarasu	さらす	サラス	0
sarasurittoru	さらすりっとる	サラスリットル	0
sarau	さらう	サラウ	0
saraun	さらうん	サラウン	0
saraund	さらうん	サラウン	6
saraundo	さらうんど	サラウンド	0
saraundozangyaku	さらうんどざんぎゃく	サラウンドザンギャク	0
sareru	される	サレル	0
sarii	さりい	サリイ	0
sarin	さりん	サリン	0
saron	さろん	サロン	0
saru	さる	サル	0
sarubarusan	さるばるさん	サルバルサン	0
sarusa	さるさ	サルサ	0
saruun	さるうん	サルウン	0
sas	さ	サ	2
sasa	ささ	ササ	0
sasaeru	ささえる	ササエル	0
sasageru	ささげる	ササゲル	0
sasai	ささい	ササイ	0
sasaru	ささる	ササル	0
sasatsu	ささつ	ササツ	0
sasayaka	ささやか	ササヤカ	0
sasayaku	ささやく	ササヤク	0
sasen	させん	サセン	0
saseru	させる	サセル	0
sasetsu	させつ	サセツ	0
sashi	さし	サシ	0
sashiageru	さしあげる	サシアゲル	0
sashiatari	さしあたり	サシアタリ	0
sashidashinin	さしだしにん	サシダシニン	0
sashidasu	さしだす	サシダス	0
sashie	さしえ	サシエ	0
sashihikaeru	さしひかえる	サシヒカエル	0
sashihiki	さしひき	サシヒキ	0
sashikakaru	さしかかる	サシカカル	0
sashikomu	さしこむ	サシコム	0
sashikorosu	さしころす	サシコロス	0
sashimi	さしみ	サシミ	0
sashimodosu	さしもどす	サシモドス	0
sashinoberu	さしのべる	サシノベル	0
sashishimesu	さししめす	サシシメス	0
sashitome	さしとめ	サシトメ	0
sashitsukae	さしつかえ	サシツカエ	0
sashitsukaeru	さしつかえる	サシツカエル	0
sashizu	さしず	サシズ	0
sashou	さしょう	サショウ	0
sashu	さしゅ	サシュ	0
saso	さそ	サソ	0
sasoi	さそい	サソイ	0
sasoimizu	さそいみず	サソイミズ	0
sasoitoroi	さそいとろい	サソイトロイ	0
sasou	さそう	サソウ	0
sassato	さっさと	サッサト	0
sasshi	さっし	サッシ	0
sasshin	さっしん	サッシン	0
sasshou	さっしょう	サッショウ	0
sassoku	さっそく	サッソク	0
sassuru	さっする	サッスル	0
sasu	さす	サス	0
sasuga	さすが	サスガ	0
sasupenshon	さすぺんしょん	サスペンション	0
sasupensu	さすぺんす	サスペンス	0
sasuru	さする	サスル	0
sat	さ	サ	2
satchi	さ	サ	2
satchuuzai	さ	サ	2
sate	さて	サテ	0
satei	さてい	サテイ	0
sateimangaichi	さていまんがいち	サテイマンガイチ	0
saten	さてん	サテン	0
sateraito	さてらいと	サテライト	0
sato	さと	サト	0
satogaeri	さとがえり	サトガエリ	0
satogo	さとご	サトゴ	0
satoo	さとお	サトオ	0
satooy	さとお	サトオ	5
satooya	さとおや	サトオヤ	0
satooyaaidagara	さとおやあいだがら	サトオヤアイダガラ	0
satori	さとり	サトリ	0
satoru	さとる	サトル	0
satosu	さとす	サトス	0
satou	さとう	サトウ	0
sats	さ	サ	2
satsu	さつ	サツ	0
satsuei	さつえい	サツエイ	0
satsugai	さつがい	サツガイ	0
satsui	さつい	サツイ	0
satsuj	さつ	サツ	5
satsuji	さつじ	サツジ	0
satsujin	さつじん	サツジン	0
satsujinjiken	さつじんじけん	サツジンジケン	0
satsujinmeirou	さつじんめいろう	サツジンメイロウ	0
satsumaimo	さつまいも	サツマイモ	0
satsutaba	さつたば	サツタバ	0
satto	さっと	サット	0
sattou	さっとう	サットウ	0
sauji	さうじ	サウジ	0
saujiarabia	さうじあらびあ	サウジアラビア	0
sauna	さうな	サウナ	0
saundo	さうんど	サウンド	0
sausukaroraina	さうすかろらいな	サウスカロライナ	0
sausupoo	さうすぽお	サウスポオ	0
sawa	さわ	サワ	0
sawagashii	さわがしい	サワガシイ	0
sawagi	さわぎ	サワギ	0
sawagu	さわぐ	サワグ	0
sawaru	さわる	サワル	0
sawayaka	さわやか	サワヤカ	0
sayoku	さよく	サヨク	0
sayonara	さよなら	サヨナラ	0
sayou	さよう	サヨウ	0
sayounara	さようなら	サヨウナラ	0
sayuu	さゆう	サユウ	0
sazankurosu	さざんくろす	サザンクロス	0
sazo	さぞ	サゾ	0
sazukaru	さずかる	サズカル	0
sazukeru	さずける	サズケル	0
se	せ	セ	0
sebamaru	せばまる	セバマル	0
sebameru	せばめる	セバメル	0
sebangou	せばんごう	セバンゴウ	0
sebiro	せびろ	セビロ	0
sebone	せぼね	セボネ	0
sebun	せぶん	セブン	0
sedai	せだい	セダイ	0
sedan	せだん	セダン	0
seebu	せえぶ	セエブ	0
seefu	せえふ	セエフ	0
seefuteiidoraibu	せえふていいどらいぶ	セエフテイイドライブ	0
seeraafuku	せえらあふく	セエラアフク	0
seeru	せえる	セエル	0
seerusu	せえるす	セエルス	0
seerusuman	せえるすまん	セエルスマン	0
seetaa	せえたあ	セエタア	0
sefwa	せふぁ	セファ	0
segamu	せがむ	セガム	0
segatakai	せがたかい	セガタカイ	0
segin	せぎん	セギン	0
sei	せい	セイ	0
seian	せいあん	セイアン	0
seiatsu	せいあつ	セイアツ	0
seibetsu	せいべつ	セイベツ	0
seibi	せいび	セイビ	0
seibo	せいぼ	セイボ	0
seibu	せいぶ	セイブ	0
seibun	せいぶん	セイブン	0
seibutsu	せいぶつ	セイブツ	0
seibutsugaku	せいぶつがく	セイブツガク	0
seibyou	せいびょう	セイビョウ	0
seichi	せいち	セイチ	0
seichou	せいちょう	セイチョウ	0
seidai	せいだい	セイダイ	0
seido	せいど	セイド	0
seidoku	せいどく	セイドク	0
seidou	せいどう	セイドウ	0
seiei	せいえい	セイエイ	0
seieki	せいえき	セイエキ	0
seien	せいえん	セイエン	0
seifu	せいふ	セイフ	0
seifuku	せいふく	セイフク	0
seigaku	せいがく	セイガク	0
seigan	せいがん	セイガン	0
seigen	せいげん	セイゲン	0
seigi	せいぎ	セイギ	0
seigo	せいご	セイゴ	0
seigou	せいごう	セイゴウ	0
seigyo	せいぎょ	セイギョ	0
seih	せい	セイ	3
seiha	せいは	セイハ	0
seihantai	せいはんたい	セイハンタイ	0
seiheki	せいへき	セイヘキ	0
seihen	せいへん	セイヘン	0
seihi	せいひ	セイヒ	0
seihikaigou	せいひかいごう	セイヒカイゴウ	0
seihin	せいひん	セイヒン	0
seihinkaasan	せいひんかあさん	セイヒンカアサン	0
seiho	せいほ	セイホ	0
seihou	せいほう	セイホウ	0
seihoukei	せいほうけい	セイホウケイ	0
seii	せいい	セイイ	0
seiiki	せいいき	セイイキ	0
seiiku	せいいく	セイイク	0
seiippai	せいいっぱい	セイイッパイ	0
seijaku	せいじゃく	セイジャク	0
seiji	せいじ	セイジ	0
seijihan	せいじはん	セイジハン	0
seijika	せいじか	セイジカ	0
seijin	せいじん	セイジン	0
seijinbyou	せいじんびょう	セイジンビョウ	0
seijiryoku	せいじりょく	セイジリョク	0
seijiteki	せいじてき	セイジテキ	0
seijitsu	せいじつ	セイジツ	0
seijou	せいじょう	セイジョウ	0
seijouka	せいじょうか	セイジョウカ	0
seijouki	せいじょうき	セイジョウキ	0
seijuku	せいじゅく	セイジュク	0
seik	せい	セイ	3
seika	せいか	セイカ	0
seikagaku	せいかがく	セイカガク	0
seikai	せいかい	セイカイ	0
seikakougakubu	せいかこうがくぶ	セイカコウガクブ	0
seikaku	せいかく	セイカク	0
seikan	せいかん	セイカン	0
seikanegaeri	せいかねがえり	セイカネガエリ	0
seikantai	せいかんたい	セイカンタイ	0
seikatsu	せいかつ	セイカツ	0
seikatsuhi	せいかつひ	セイカツヒ	0
seikei	せいけい	セイケイ	0
seikeigeka	せいけいげか	セイケイゲカ	0
seiken	せいけん	セイケン	0
seiketsu	せいけつ	セイケツ	0
seiki	せいき	セイキ	0
seikimatsu	せいきまつ	セイキマツ	0
seikou	せいこう	セイコウ	0
seiky	せい	セイ	3
seikyo	せいきょ	セイキョ	0
seikyok	せいきょ	セイキョ	6
seikyoku	せいきょく	セイキョク	0
seikyokuwarera	せいきょくわれら	セイキョクワレラ	0
seikyou	せいきょう	セイキョウ	0
seikyouiku	せいきょういく	セイキョウイク	0
seikyuu	せいきゅう	セイキュウ	0
seikyuuken	せいきゅうけん	セイキュウケン	0
seikyuusho	せいきゅうしょ	セイキュウショ	0
seim	せい	セイ	3
seimai	せいまい	セイマイ	0
seimei	せいめい	セイメイ	0
seimeihoken	せいめいほけん	セイメイホケン	0
seimeiryoku	せいめいりょく	セイメイリョク	0
seimitsu	せいみつ	セイミツ	0
seimon	せいもん	セイモン	0
seimu	せいむ	セイム	0
seimujikan	せいむじかん	セイムジカン	0
seimukanjou	せいむかんじょう	セイムカンジョウ	0
seinan	せいなん	セイナン	0
seinen	せいねん	セイネン	0
seinendan	せいねんだん	セイネンダン	0
seinengappi	せいねんがっぴ	セイネンガッピ	0
seinou	せいのう	セイノウ	0
seio	せいお	セイオ	0
seiou	せいおう	セイオウ	0
seioushanson	せいおうしゃんそん	セイオウシャンソン	0
seirei	せいれい	セイレイ	0
seireki	せいれき	セイレキ	0
seiren	せいれん	セイレン	0
seiretsu	せいれつ	セイレツ	0
seiri	せいり	セイリ	0
seirigaku	せいりがく	セイリガク	0
seiritsu	せいりつ	セイリツ	0
seiron	せいろん	セイロン	0
seiryoku	せいりょく	セイリョク	0
seiryou	せいりょう	セイリョウ	0
seiryuu	せいりゅう	セイリュウ	0
seis	せい	セイ	3
seisai	せいさい	セイサイ	0
seisaku	せいさく	セイサク	0
seisakuhi	せいさくひ	セイサクヒ	0
seisan	せいさん	セイサン	0
seisansei	せいさんせい	セイサンセイ	0
seisansha	せいさんしゃ	セイサンシャ	0
seise	せいせ	セイセ	0
seisei	せいせい	セイセイ	0
seiseki	せいせき	セイセキ	0
seisen	せいせん	セイセン	0
seisenanko	せいせなんこ	セイセナンコ	0
seish	せい	セイ	3
seishi	せいし	セイシ	0
seishiki	せいしき	セイシキ	0
seishikimeishou	せいしきめいしょう	セイシキメイショウ	0
seishin	せいしん	セイシン	0
seishinhakujaku	せいしんはくじゃく	セイシンハクジャク	0
seishinka	せいしんか	セイシンカ	0
seishinkai	せいしんかい	セイシンカイ	0
seishinshougai	せいしんしょうがい	セイシンショウガイ	0
seishinteki	せいしんてき	セイシンテキ	0
seishitsu	せいしつ	セイシツ	0
seishiyohodo	せいしよほど	セイシヨホド	0
seisho	せいしょ	セイショ	0
seishoku	せいしょく	セイショク	0
seishokusha	せいしょくしゃ	セイショクシャ	0
seishou	せいしょう	セイショウ	0
seishounen	せいしょうねん	セイショウネン	0
seishu	せいしゅ	セイシュ	0
seishuku	せいしゅく	セイシュク	0
seishun	せいしゅん	セイシュン	0
seiso	せいそ	セイソ	0
seisok	せいそ	セイソ	5
seisoku	せいそく	セイソク	0
seisokuchi	せいそくち	セイソクチ	0
seisokuikudo	せいそくいくど	セイソクイクド	0
seisou	せいそう	セイソウ	0
seisouken	せいそうけん	セイソウケン	0
seisu	せいす	セイス	0
seisui	せいすい	セイスイ	0
seisuidanseiteki	せいすいだんせいてき	セイスイダンセイテキ	0
seisuru	せいする	セイスル	0
seisuu	せいすう	セイスウ	0
seit	せい	セイ	3
seita	せいた	セイタ	0
seitai	せいたい	セイタイ	0
seitaigaku	せいたいがく	セイタイガク	0
seitaik	せいたい	セイタイ	6
seitaike	せいたいけ	セイタイケ	0
seitaikei	せいたいけい	セイタイケイ	0
seitaikeisei	せいたいけいせい	セイタイケイセイ	0
seitaku	せいたく	セイタク	0
seitan	せいたん	セイタン	0
seite	せいて	セイテ	0
seitei	せいてい	セイテイ	0
seiteki	せいてき	セイテキ	0
seiten	せいてん	セイテン	0
seitet	せいて	セイテ	5
seitets	せいて	セイテ	5
seitetsu	せいてつ	セイテツ	0
seitetsuj	せいてつ	セイテツ	8
seitetsujo	せいてつじょ	セイテツジョ	0
seitetsujokan	せいてつじょかん	セイテツジョカン	0
seito	せいと	セイト	0
seiton	せいとん	セイトン	0
seitou	せいとう	セイトウ	0
seitoubouei	せいとうぼうえい	セイトウボウエイ	0
seitouka	せいとうか	セイトウカ	0
seitouseiji	せいとうせいじ	セイトウセイジ	0
seitsuu	せいつう	セイツウ	0
seiun	せいうん	セイウン	0
seiyaku	せいやく	セイヤク	0
seiyoku	せいよく	セイヨク	0
seiyou	せいよう	セイヨウ	0
seiyoujin	せいようじん	セイヨウジン	0
seiyujo	せいゆじょ	セイユジョ	0
seiza	せいざ	セイザ	0
seizan	せいざん	セイザン	0
seizei	せいぜい	セイゼイ	0
seizen	せいぜん	セイゼン	0
seizon	せいぞん	セイゾン	0
seizoroi	せいぞろい	セイゾロイ	0
seizou	せいぞう	セイゾウ	0
seizu	せいず	セイズ	0
sek	せ	セ	2
sekai	せかい	セカイ	0
sekaiginkou	せかいぎんこう	セカイギンコウ	0
sekaiichi	せかいいち	セカイイチ	0
sekaiisan	せかいいさん	セカイイサン	0
sekaijuu	せかいじゅう	セカイジュウ	0
sekaikakkoku	せかいかっこく	セカイカッコク	0
sekaikakuchi	せかいかくち	セカイカクチ	0
sekaikan	せかいかん	セカイカン	0
sekaitaisen	せかいたいせん	セカイタイセン	0
sekaiteki	せかいてき	セカイテキ	0
sekando	せかんど	セカンド	0
sekaseka	せかせか	セカセカ	0
sekasu	せかす	セカス	0
seken	せけん	セケン	0
seki	せき	セキ	0
sekibutsu	せきぶつ	セキブツ	0
sekidou	せきどう	セキドウ	0
sekiei	せきえい	セキエイ	0
sekigaisen	せきがいせん	セキガイセン	0
sekigun	せきぐん	セキグン	0
sekihai	せきはい	セキハイ	0
sekihan	せきはん	セキハン	0
sekihi	せきひ	セキヒ	0
sekijou	せきじょう	セキジョウ	0
sekimen	せきめん	セキメン	0
sekimu	せきむ	セキム	0
sekin	せきん	セキン	0
sekini	せきに	セキニ	0
sekinin	せきにん	セキニン	0
sekininkan	せきにんかん	セキニンカン	0
sekinins	せきにん	セキニン	7
sekininsh	せきにん	セキニン	7
sekininsha	せきにんしゃ	セキニンシャ	0
sekininshamimiyori	せきにんしゃみみより	セキニンシャミミヨリ	0
sekininw	せきにん	セキニン	7
sekininwo	せきにんを	セキニンヲ	0
sekininwom	せきにんを	セキニンヲ	9
sekininwomo	せきにんをも	セキニンヲモ	0
sekininwomot	せきにんをも	セキニンヲモ	11
sekininwomots	せきにんをも	セキニンヲモ	11
sekininwomotsu	せきにんをもつ	セキニンヲモツ	0
sekininwomotsukyouyo	せきにんをもつきょうよ	セキニンヲモツキョウヨ	0
sekiri	せきり	セキリ	0
sekis	せき	セキ	4
sekisai	せきさい	セキサイ	0
sekisan	せきさん	セキサン	0
sekisetsu	せきせつ	セキセツ	0
sekish	せき	セキ	4
sekishi	せきし	セキシ	0
sekishit	せきし	セキシ	7
sekishits	せきし	セキシ	7
sekishitsu	せきしつ	セキシツ	0
sekishitsumagure	せきしつまぐれ	セキシツマグレ	0
sekishoku	せきしょく	セキショク	0
sekitan	せきたん	セキタン	0
sekitori	せきとり	セキトリ	0
sekiwake	せきわけ	セキワケ	0
sekiyu	せきゆ	セキユ	0
sekizai	せきざい	セキザイ	0
sekizen	せきぜん	セキゼン	0
sekizui	せきずい	セキズイ	0
sekk	せ	セ	2
sekka	せっか	セッカ	0
sekkac	せっか	セッカ	5
sekkach	せっか	セッカ	5
sekkachi	せっかち	セッカチ	0
sekkachigenshiro	せっかちげんしろ	セッカチゲンシロ	0
sekkai	せっかい	セッカイ	0
sekkaku	せっかく	セッカク	0
sekkan	せっかん	セッカン	0
sekkei	せっけい	セッケイ	0
sekken	せっけん	セッケン	0
sekki	せっき	セッキ	0
sekkin	せっきん	セッキン	0
sekku	せっく	セック	0
sekkusu	せっくす	セックス	0
sekkyoku	せっきょく	セッキョク	0
sekkyokuteki	せっきょくてき	セッキョクテキ	0
sekkyou	せっきょう	セッキョウ	0
seko	せこ	セコ	0
sekou	せこう	セコウ	0
sekouondoku	せこうおんどく	セコウオンドク	0
seku	せく	セク	0
sekuhara	せくはら	セクハラ	0
sekus	せく	セク	4
sekush	せく	セク	4
sekushii	せくしい	セクシイ	0
sekusho	せくしょ	セクショ	0
sekushon	せくしょん	セクション	0
sekushonjimei	せくしょんじめい	セクションジメイ	0
sekutaa	せくたあ	セクタア	0
sekyuritei	せきゅりてい	セキュリテイ	0
sekyuriteii	せきゅりていい	セキュリテイイ	0
semai	せまい	セマイ	0
semaru	せまる	セマル	0
seme	せめ	セメ	0
semento	せめんと	セメント	0
semeru	せめる	セメル	0
semete	せめて	セメテ	0
semi	せみ	セミ	0
semikoron	せみころん	セミコロン	0
seminaa	せみなあ	セミナア	0
semotare	せもたれ	セモタレ	0
sen	せん	セン	0
senaka	せなか	セナカ	0
senb	せん	セン	3
senbai	せんばい	センバイ	0
senbatsu	せんばつ	センバツ	0
senbe	せんべ	センベ	0
senbei	せんべい	センベイ	0
senbet	せんべ	センベ	5
senbets	せんべ	センベ	5
senbetsu	せんべつ	センベツ	0
senbetsubukai	せんべつぶかい	センベツブカイ	0
senbotsu	せんぼつ	センボツ	0
senchaku	せんちゃく	センチャク	0
senchi	せんち	センチ	0
senchimeetoru	せんちめえとる	センチメエトル	0
senchimentaru	せんちめんたる	センチメンタル	0
senchou	せんちょう	センチョウ	0
senchuu	せんちゅう	センチュウ	0
send	せん	セン	3
sendai	せんだい	センダイ	0
sendatte	せんだって	センダッテ	0
sende	せんで	センデ	0
senden	せんでん	センデン	0
sendenkaisen	せんでんかいせん	センデンカイセン	0
sendo	せんど	センド	0
sendou	せんどう	センドウ	0
senen	せねん	セネン	0
senensatsu	せねんさつ	セネンサツ	0
sengen	せんげん	センゲン	0
sengetsu	せんげつ	センゲツ	0
sengo	せんご	センゴ	0
sengoku	せんごく	センゴク	0
sengyo	せんぎょ	センギョ	0
sengyou	せんぎょう	センギョウ	0
seni	せに	セニ	0
seniki	せにき	セニキ	0
senin	せにん	セニン	0
senja	せんじゃ	センジャ	0
senji	せんじ	センジ	0
senjin	せんじん	センジン	0
senjitsu	せんじつ	センジツ	0
senjou	せんじょう	センジョウ	0
senjouzai	せんじょうざい	センジョウザイ	0
senjutsu	せんじゅつ	センジュツ	0
senjuu	せんじゅう	センジュウ	0
senk	せん	セン	3
senka	せんか	センカ	0
senkai	せんかい	センカイ	0
senkan	せんかん	センカン	0
senke	せんけ	センケ	0
senkei	せんけい	センケイ	0
senken	せんけん	センケン	0
senkenreeru	せんけんれえる	センケンレエル	0
senketsu	せんけつ	センケツ	0
senkishi	せんきし	センキシ	0
senko	せんこ	センコ	0
senkoku	せんこく	センコク	0
senkou	せんこう	センコウ	0
senkouikigomi	せんこういきごみ	センコウイキゴミ	0
senku	せんく	センク	0
senkyo	せんきょ	センキョ	0
senkyoken	せんきょけん	センキョケン	0
senkyonin	せんきょにん	センキョニン	0
senkyosen	せんきょせん	センキョセン	0
senkyou	せんきょう	センキョウ	0
senkyoundou	せんきょうんどう	センキョウンドウ	0
senkyoushi	せんきょうし	センキョウシ	0
senkyuuhyakunendai	せんきゅうひゃくねんだい	センキュウヒャクネンダイ	0
senmei	せんめい	センメイ	0
senmen	せんめん	センメン	0
senmenjo	せんめんじょ	センメンジョ	0
senmenki	せんめんき	センメンキ	0
senmon	せんもん	センモン	0
senmongakkou	せんもんがっこう	センモンガッコウ	0
senmoni	せんもに	センモニ	0
senmonka	せんもんか	センモンカ	0
senmonteki	せんもんてき	センモンテキ	0
senmonten	せんもんてん	センモンテン	0
senmu	せんむ	センム	0
sennen	せんねん	センネン	0
sennin	せんにん	センニン	0
sennou	せんのう	センノウ	0
sennuki	せんぬき	センヌキ	0
sennyuu	せんにゅう	センニュウ	0
sennyuukan	せんにゅうかん	センニュウカン	0
senou	せのう	セノウ	0
senp	せん	セン	3
senpa	せんぱ	センパ	0
senpai	せんぱい	センパイ	0
senpaku	せんぱく	センパク	0
senpan	せんぱん	センパン	0
senpanechigo	せんぱねちご	センパネチゴ	0
senpatsu	せんぱつ	センパツ	0
senpi	せんぴ	センピ	0
senpou	せんぽう	センポウ	0
senpuku	せんぷく	センプク	0
senpuu	せんぷう	センプウ	0
senpuuki	せんぷうき	センプウキ	0
senr	せん	セン	3
senre	せんれ	センレ	0
senrei	せんれい	センレイ	0
senren	せんれん	センレン	0
senrenfuhenteki	せんれんふへんてき	センレンフヘンテキ	0
senret	せんれ	センレ	5
senrets	せんれ	センレ	5
senretsu	せんれつ	センレツ	0
senretsukiei	せんれつきえい	センレツキエイ	0
senri	せんり	センリ	0
senritsu	せんりつ	センリツ	0
senro	せんろ	センロ	0
senry	せん	セン	3
senryaku	せんりゃく	センリャク	0
senryoku	せんりょく	センリョク	0
senryou	せんりょう	センリョウ	0
senryu	せんりゅ	センリュ	0
senryuu	せんりゅう	センリュウ	0
senryuukanzai	せんりゅうかんざい	センリュウカンザイ	0
sens	せん	セン	3
sensa	せんさ	センサ	0
sensaa	せんさあ	センサア	0
sensai	せんさい	センサイ	0
sensaitouka	せんさいとうか	センサイトウカ	0
senseeshon	せんせえしょん	センセエション	0
senseeshonaru	せんせえしょなる	センセエショナル	0
sensei	せんせい	センセイ	0
senseki	せんせき	センセキ	0
sensen	せんせん	センセン	0
sensha	せんしゃ	センシャ	0
senshi	せんし	センシ	0
senshin	せんしん	センシン	0
senshinkoku	せんしんこく	センシンコク	0
senshitsu	せんしつ	センシツ	0
senshoku	せんしょく	センショク	0
senshokutai	せんしょくたい	センショクタイ	0
senshou	せんしょう	センショウ	0
senshu	せんしゅ	センシュ	0
senshubouei	せんしゅぼうえい	センシュボウエイ	0
senshuken	せんしゅけん	センシュケン	0
senshumura	せんしゅむら	センシュムラ	0
senshutsu	せんしゅつ	センシュツ	0
senshuu	せんしゅう	センシュウ	0
senshuuraku	せんしゅうらく	センシュウラク	0
sensou	せんそう	センソウ	0
sensu	せんす	センス	0
sensui	せんすい	センスイ	0
sensuikan	せんすいかん	センスイカン	0
sentaa	せんたあ	センタア	0
sentai	せんたい	センタイ	0
sentaku	せんたく	センタク	0
sentakukamoku	せんたくかもく	センタクカモク	0
sentakuki	せんたくき	センタクキ	0
sentakumono	せんたくもの	センタクモノ	0
sentakushi	せんたくし	センタクシ	0
sentan	せんたん	センタン	0
sentaringu	せんたりんぐ	センタリング	0
sente	せんて	センテ	0
sentei	せんてい	センテイ	0
sententeki	せんてんてき	センテンテキ	0
sentetsu	せんてつ	センテツ	0
sento	せんと	セント	0
sentou	せんとう	セントウ	0
sentouki	せんとうき	セントウキ	0
senyou	せにょう	セニョウ	0
senyuu	せにゅう	セニュウ	0
senzai	せんざい	センザイ	0
senzen	せんぜん	センゼン	0
senzo	せんぞ	センゾ	0
senzoku	せんぞく	センゾク	0
seorii	せおりい	セオリイ	0
seou	せおう	セオウ	0
seoyogi	せおよぎ	セオヨギ	0
sepia	せぴあ	セピア	0
seppaku	せっぱく	セッパク	0
seppan	せっぱん	セッパン	0
seppuku	せっぷく	セップク	0
ser	せ	セ	2
seraa	せらあ	セラア	0
seramikku	せらみっく	セラミック	0
serapii	せらぴい	セラピイ	0
sere	せれ	セレ	0
serek	せれ	セレ	4
sereku	せれく	セレク	0
serekushon	せれくしょん	セレクション	0
serekut	せれく	セレク	6
serekuto	せれくと	セレクト	0
serekutojiku	せれくとじく	セレクトジク	0
seremonii	せれもにい	セレモニイ	0
serenaade	せれなあで	セレナアデ	0
serenaado	せれなあど	セレナアド	0
seri	せり	セリ	0
seria	せりあ	セリア	0
seriai	せりあい	セリアイ	0
seriau	せりあう	セリアウ	0
seriaudonata	せりあうどなた	セリアウドナタ	0
serohanteepu	せろはんてえぷ	セロハンテエプ	0
seron	せろん	セロン	0
serori	せろり	セロリ	0
seroteepu	せろてえぷ	セロテエプ	0
seru	せる	セル	0
serubia	せるびあ	セルビア	0
serufu	せるふ	セルフ	0
serufusaabisu	せるふさあびす	セルフサアビス	0
seruroido	せるろいど	セルロイド	0
ses	せ	セ	2
seshi	せし	セシ	0
seshiumu	せしうむ	セシウム	0
seshuu	せしゅう	セシュウ	0
seso	せそ	セソ	0
sesou	せそう	セソウ	0
sesouyatou	せそうやとう	セソウヤトウ	0
sessen	せっせん	セッセン	0
sesseto	せっせと	セッセト	0
sesshi	せっし	セッシ	0
sesshoku	せっしょく	セッショク	0
sesshon	せっしょん	セッション	0
sesshou	せっしょう	セッショウ	0
sesshu	せっしゅ	セッシュ	0
sessoku	せっそく	セッソク	0
sessou	せっそう	セッソウ	0
sessuru	せっする	セッスル	0
sesuji	せすじ	セスジ	0
set	せ	セ	2
setai	せたい	セタイ	0
setake	せたけ	セタケ	0
setchaku	せ	セ	2
setchi	せ	セ	2
setchuu	せ	セ	2
seto	せと	セト	0
setogiwa	せとぎわ	セトギワ	0
setomono	せともの	セトモノ	0
sets	せ	セ	2
setsu	せつ	セツ	0
setsubi	せつび	セツビ	0
setsubou	せつぼう	セツボウ	0
setsud	せつ	セツ	5
setsudan	せつだん	セツダン	0
setsudo	せつど	セツド	0
setsudooyasumi	せつどおやすみ	セツドオヤスミ	0
setsugen	せつげん	セツゲン	0
setsujitsu	せつじつ	セツジツ	0
setsujoku	せつじょく	セツジョク	0
setsumei	せつめい	セツメイ	0
setsumeisho	せつめいしょ	セツメイショ	0
setsumon	せつもん	セツモン	0
setsuna	せつな	セツナ	0
setsunai	せつない	セツナイ	0
setsuretsu	せつれつ	セツレツ	0
setsuri	せつり	セツリ	0
setsuritsu	せつりつ	セツリツ	0
setsuyaku	せつやく	セツヤク	0
setsuzoku	せつぞく	セツゾク	0
settai	せったい	セッタイ	0
settei	せってい	セッテイ	0
setteikanou	せっていかのう	セッテイカノウ	0
setteingu	せっていんぐ	セッテイング	0
setten	せってん	セッテン	0
setto	せっと	セット	0
settoku	せっとく	セットク	0
settokuryoku	せっとくりょく	セットクリョク	0
settou	せっとう	セットウ	0
sewa	せわ	セワ	0
sewanin	せわにん	セワニン	0
sezon	せぞん	セゾン	0
sezu	せず	セズ	0
sezuni	せずに	セズニ	0
sh			0
sha	しゃ	シャ	0
shaabetto	しゃあべっと	シャアベット	0
shaakusukin	しゃあくすきん	シャアクスキン	0
shaaman	しゃあまん	シャアマン	0
shaapu	しゃあぷ	シャアプ	0
shaapupenshiru	しゃあぷぺんしる	シャアプペンシル	0
shaaringu	しゃありんぐ	シャアリング	0
shaberu	しゃべる	シャベル	0
shabondama	しゃぼんだま	シャボンダマ	0
shabushabu	しゃぶしゃぶ	シャブシャブ	0
shachou	しゃちょう	シャチョウ	0
shachuu	しゃちゅう	シャチュウ	0
shadan	しゃだん	シャダン	0
shadanhoujin	しゃだんほうじん	シャダンホウジン	0
shadanki	しゃだんき	シャダンキ	0
shadoo	しゃどお	シャドオ	0
shadou	しゃどう	シャドウ	0
shafuto	しゃふと	シャフト	0
shafwe	しゃふぇ	シャフェ	0
shagai	しゃがい	シャガイ	0
shagamu	しゃがむ	シャガム	0
shageki	しゃげき	シャゲキ	0
shai	しゃい	シャイ	0
shain	しゃいん	シャイン	0
shajiku	しゃじく	シャジク	0
shak	しゃ	シャ	3
shaka	しゃか	シャカ	0
shakai	しゃかい	シャカイ	0
shakaifukki	しゃかいふっき	シャカイフッキ	0
shakaifukushi	しゃかいふくし	シャカイフクシ	0
shakaigaku	しゃかいがく	シャカイガク	0
shakaihoken	しゃかいほけん	シャカイホケン	0
shakaihokenchou	しゃかいほけんちょう	シャカイホケンチョウ	0
shakaihoshou	しゃかいほしょう	シャカイホショウ	0
shakaijigyou	しゃかいじぎょう	シャカイジギョウ	0
shakaijin	しゃかいじん	シャカイジン	0
shakaik	しゃかい	シャカイ	6
shakaika	しゃかいか	シャカイカ	0
shakaikag	しゃかいか	シャカイカ	8
shakaikaga	しゃかいかが	シャカイカガ	0
shakaikagak	しゃかいかが	シャカイカガ	10
shakaikagaku	しゃかいかがく	シャカイカガク	0
shakaikagakuhayashi	しゃかいかがくはやし	シャカイカガクハヤシ	0
shakaikyouiku	しゃかいきょういく	シャカイキョウイク	0
shakaimen	しゃかいめん	シャカイメン	0
shakaimondai	しゃかいもんだい	シャカイモンダイ	0
shakaisei	しゃかいせい	シャカイセイ	0
shakaishihon	しゃかいしほん	シャカイシホン	0
shakaishugi	しゃかいしゅぎ	シャカイシュギ	0
shakaiteki	しゃかいてき	シャカイテキ	0
shakaitou	しゃかいとう	シャカイトウ	0
shakaiundou	しゃかいうんどう	シャカイウンドウ	0
shaken	しゃけん	シャケン	0
shakkan	しゃっかん	シャッカン	0
shakkin	しゃっきん	シャッキン	0
shakkuri	しゃっくり	シャックリ	0
shako	しゃこ	シャコ	0
shakok	しゃこ	シャコ	5
shakoku	しゃこく	シャコク	0
shakokugaishi	しゃこくがいし	シャコクガイシ	0
shakou	しゃこう	シャコウ	0
shakouteki	しゃこうてき	シャコウテキ	0
shaku	しゃく	シャク	0
shakuchi	しゃくち	シャクチ	0
shakudo	しゃくど	シャクド	0
shakuhachi	しゃくはち	シャクハチ	0
shakuhou	しゃくほう	シャクホウ	0
shakujin	しゃくじん	シャクジン	0
shakumei	しゃくめい	シャクメイ	0
shakuya	しゃくや	シャクヤ	0
shamei	しゃめい	シャメイ	0
shamen	しゃめん	シャメン	0
shamintou	しゃみんとう	シャミントウ	0
shamisen	しゃみせん	シャミセン	0
shan	しゃん	シャン	0
shanai	しゃない	シャナイ	0
shanderia	しゃんでりあ	シャンデリア	0
shanhai	しゃんはい	シャンハイ	0
shanpan	しゃんぱん	シャンパン	0
shanpuu	しゃんぷう	シャンプウ	0
shanson	しゃんそん	シャンソン	0
shanteii	しゃんていい	シャンテイイ	0
shaoku	しゃおく	シャオク	0
shappo	しゃっぽ	シャッポ	0
share	しゃれ	シャレ	0
sharei	しゃれい	シャレイ	0
shareru	しゃれる	シャレル	0
sharin	しゃりん	シャリン	0
sharuman	しゃるまん	シャルマン	0
sharyou	しゃりょう	シャリョウ	0
shas	しゃ	シャ	3
shasai	しゃさい	シャサイ	0
shasatsu	しゃさつ	シャサツ	0
shasei	しゃせい	シャセイ	0
shasen	しゃせん	シャセン	0
shasetsu	しゃせつ	シャセツ	0
shash	しゃ	シャ	3
shashi	しゃし	シャシ	0
shashin	しゃしん	シャシン	0
shashinchikara	しゃしんちから	シャシンチカラ	0
shashinka	しゃしんか	シャシンカ	0
shashinsatsuei	しゃしんさつえい	シャシンサツエイ	0
shashinshuu	しゃしんしゅう	シャシンシュウ	0
shashou	しゃしょう	シャショウ	0
shashu	しゃしゅ	シャシュ	0
shasou	しゃそう	シャソウ	0
shat	しゃ	シャ	3
shatai	しゃたい	シャタイ	0
shataku	しゃたく	シャタク	0
shatei	しゃてい	シャテイ	0
shatoo	しゃとお	シャトオ	0
shatoru	しゃとる	シャトル	0
shatorubasu	しゃとるばす	シャトルバス	0
shats	しゃ	シャ	3
shatsu	しゃつ	シャツ	0
shatsushiei	しゃつしえい	シャツシエイ	0
shattaa	しゃったあ	シャッタア	0
shattoauto	しゃっとあうと	シャットアウト	0
shawaa	しゃわあ	シャワア	0
shayou	しゃよう	シャヨウ	0
shazai	しゃざい	シャザイ	0
she	しぇ	シェ	0
shea	しぇあ	シェア	0
shearingu	しぇありんぐ	シェアリング	0
sheebaa	しぇえばあ	シェエバア	0
sheekaa	しぇえかあ	シェエカア	0
sheeku	しぇえく	シェエク	0
shefu	しぇふ	シェフ	0
shefwi	しぇふぃ	シェフィ	0
sheiku	しぇいく	シェイク	0
sheipu	しぇいぷ	シェイプ	0
sheipuappu	しぇいぷあっぷ	シェイプアップ	0
shepaado	しぇぱあど	シェパアド	0
sher	しぇ	シェ	3
sherii	しぇりい	シェリイ	0
sheru	しぇる	シェル	0
sherut	しぇる	シェル	5
sheruta	しぇるた	シェルタ	0
sherutaa	しぇるたあ	シェルタア	0
sherutaashikaku	しぇるたあしかく	シェルタアシカク	0
shi	し	シ	0
shiagari	しあがり	シアガリ	0
shiage	しあげ	シアゲ	0
shiageru	しあげる	シアゲル	0
shiai	しあい	シアイ	0
shian	しあん	シアン	0
shiasatte	しあさって	シアサッテ	0
shiataa	しあたあ	シアタア	0
shiatoru	しあとる	シアトル	0
shiawase	しあわせ	シアワセ	0
shib	し	シ	3
shiba	しば	シバ	0
shibafu	しばふ	シバフ	0
shibai	しばい	シバイ	0
shibaigoya	しばいごや	シバイゴヤ	0
shibakusa	しばくさ	シバクサ	0
shibaraku	しばらく	シバラク	0
shibarikubi	しばりくび	シバリクビ	0
shibaru	しばる	シバル	0
shibashiba	しばしば	シバシバ	0
shiberia	しべりあ	シベリア	0
shibia	しびあ	シビア	0
shibikku	しびっく	シビック	0
shibireru	しびれる	シビレル	0
shibiriankontorooru	しびりあんこんとろおる	シビリアンコントロオル	0
shibo	しぼ	シボ	0
shibom	しぼ	シボ	5
shibomu	しぼむ	シボム	0
shibomubunkaisan	しぼむぶんかいさん	シボムブンカイサン	0
shibor	しぼ	シボ	5
shibori	しぼり	シボリ	0
shiborikomu	しぼりこむ	シボリコム	0
shiboru	しぼる	シボル	0
shiborurifuresshu	しぼるりふれっしゅ	シボルリフレッシュ	0
shibou	しぼう	シボウ	0
shibouritsu	しぼうりつ	シボウリツ	0
shibousha	しぼうしゃ	シボウシャ	0
shibu	しぶ	シブ	0
shibui	しぶい	シブイ	0
shibun	しぶん	シブン	0
shibuns	しぶん	シブン	6
shibunsh	しぶん	シブン	6
shibunsho	しぶんしょ	シブンショ	0
shibunshokaisai	しぶんしょかいさい	シブンショカイサイ	0
shiburu	しぶる	シブル	0
shibutsu	しぶつ	シブツ	0
shibuya	しぶや	シブヤ	0
shibuyuu	しぶゆう	シブユウ	0
shichaku	しちゃく	シチャク	0
shichi	しち	シチ	0
shichifukujin	しちふくじん	シチフクジン	0
shichigatsu	しちがつ	シチガツ	0
shichigosan	しちごさん	シチゴサン	0
shichiji	しちじ	シチジ	0
shichijuu	しちじゅう	シチジュウ	0
shichishichinichi	しちしちにち	シチシチニチ	0
shichiya	しちや	シチヤ	0
shichou	しちょう	シチョウ	0
shichouritsu	しちょうりつ	シチョウリツ	0
shichousha	しちょうしゃ	シチョウシャ	0
shichouson	しちょうそん	シチョウソン	0
shichueeshon	しちゅええしょん	シチュエエション	0
shichuu	しちゅう	シチュウ	0
shidai	しだい	シダイ	0
shidaini	しだいに	シダイニ	0
shidan	しだん	シダン	0
shidashi	しだし	シダシ	0
shidonii	しどにい	シドニイ	0
shidou	しどう	シドウ	0
shidousha	しどうしゃ	シドウシャ	0
shiei	しえい	シエイ	0
shieichikatetsu	しえいちかてつ	シエイチカテツ	0
shien	しえん	シエン	0
shiesuta	しえすた	シエスタ	0
shifuku	しふく	シフク	0
shifuon	しふおん	シフオン	0
shifuto	しふと	シフト	0
shifwo	しふぉ	シフォ	0
shig	し	シ	3
shigai	しがい	シガイ	0
shigaichi	しがいち	シガイチ	0
shigaisen	しがいせん	シガイセン	0
shigaku	しがく	シガク	0
shigan	しがん	シガン	0
shigatsu	しがつ	シガツ	0
shigeki	しげき	シゲキ	0
shigen	しげん	シゲン	0
shigenenerugiichou	しげねねるぎいちょう	シゲネネルギイチョウ	0
shigeru	しげる	シゲル	0
shigi	しぎ	シギ	0
shigikai	しぎかい	シギカイ	0
shigo	しご	シゴ	0
shigoto	しごと	シゴト	0
shigotoba	しごとば	シゴトバ	0
shigotochuu	しごとちゅう	シゴトチュウ	0
shigotohajime	しごとはじめ	シゴトハジメ	0
shigoyobihi	しごよびひ	シゴヨビヒ	0
shigunaru	しぐなる	シグナル	0
shigure	しぐれ	シグレ	0
shigusa	しぐさ	シグサ	0
shigyou	しぎょう	シギョウ	0
shihai	しはい	シハイ	0
shihainin	しはいにん	シハイニン	0
shihaiteki	しはいてき	シハイテキ	0
shihan	しはん	シハン	0
shihanki	しはんき	シハンキ	0
shiharai	しはらい	シハライ	0
shiharaihouhou	しはらいほうほう	シハライホウホウ	0
shiharau	しはらう	シハラウ	0
shihatsu	しはつ	シハツ	0
shihei	しへい	シヘイ	0
shihi	しひ	シヒ	0
shihon	しほん	シホン	0
shihonka	しほんか	シホンカ	0
shihonkin	しほんきん	シホンキン	0
shihonshugi	しほんしゅぎ	シホンシュギ	0
shihou	しほう	シホウ	0
shihousaiban	しほうさいばん	シホウサイバン	0
shihyou	しひょう	シヒョウ	0
shii	しい	シイ	0
shiiaha	しいあは	シイアハ	0
shiid	しい	シイ	4
shiide	しいで	シイデ	0
shiidei	しいでい	シイデイ	0
shiideii	しいでいい	シイデイイ	0
shiideiip	しいでいい	シイデイイ	8
shiideiipu	しいでいいぷ	シイデイイプ	0
shiideiipur	しいでいいぷ	シイデイイプ	10
shiideiipure	しいでいいぷれ	シイデイイプレ	0
shiideiipuree	しいでいいぷれえ	シイデイイプレエ	0
shiideiipureey	しいでいいぷれえ	シイデイイプレエ	13
shiideiipureeya	しいでいいぷれえや	シイデイイプレエヤ	0
shiideiipureeyaa	しいでいいぷれえやあ	シイデイイプレエヤア	0
shiideiipureeyaakekkon	しいでいいぷれえやあけっこん	シイデイイプレエヤアケッコン	0
shiido	しいど	シイド	0
shiifuudo	しいふうど	シイフウド	0
shiika	しいか	シイカ	0
shiiku	しいく	シイク	0
shiikuretto	しいくれっと	シイクレット	0
shiikurettosaabisu	しいくれっとさあびす	シイクレットサアビス	0
shiimuresu	しいむれす	シイムレス	0
shiin	しいん	シイン	0
shiire	しいれ	シイレ	0
shiireru	しいれる	シイレル	0
shiiringu	しいりんぐ	シイリング	0
shiiru	しいる	シイル	0
shiirudo	しいるど	シイルド	0
shiisoogeemu	しいそおげえむ	シイソオゲエム	0
shiit	しい	シイ	4
shiitageru	しいたげる	シイタゲル	0
shiitake	しいたけ	シイタケ	0
shiite	しいて	シイテ	0
shiito	しいと	シイト	0
shiitoberuto	しいとべると	シイトベルト	0
shiitoshiyounin	しいとしようにん	シイトシヨウニン	0
shiitsu	しいつ	シイツ	0
shiizun	しいずん	シイズン	0
shiizuningu	しいずにんぐ	シイズニング	0
shiizunofu	しいずのふ	シイズノフ	0
shiji	しじ	シジ	0
shijin	しじん	シジン	0
shijitsu	しじつ	シジツ	0
shijo	しじょ	シジョ	0
shijou	しじょう	シジョウ	0
shijouchousa	しじょうちょうさ	シジョウチョウサ	0
shijuku	しじゅく	シジュク	0
shijuu	しじゅう	シジュウ	0
shijuusou	しじゅうそう	シジュウソウ	0
shik	し	シ	3
shika	しか	シカ	0
shikaeiseishi	しかえいせいし	シカエイセイシ	0
shikago	しかご	シカゴ	0
shikai	しかい	シカイ	0
shikaisha	しかいしゃ	シカイシャ	0
shikaishi	しかいし	シカイシ	0
shikake	しかけ	シカケ	0
shikakeru	しかける	シカケル	0
shikaku	しかく	シカク	0
shikakui	しかくい	シカクイ	0
shikamo	しかも	シカモ	0
shikan	しかん	シカン	0
shikanai	しかない	シカナイ	0
shikanyushutsunyuu	しかにゅしゅつにゅう	シカニュシュツニュウ	0
shikarippou	しかりっぽう	シカリッポウ	0
shikaru	しかる	シカル	0
shikashi	しかし	シカシ	0
shikata	しかた	シカタ	0
shikataganai	しかたがない	シカタガナイ	0
shikatanai	しかたない	シカタナイ	0
shikatsu	しかつ	シカツ	0
shikayakuhin	しかやくひん	シカヤクヒン	0
shikei	しけい	シケイ	0
shikeishuu	しけいしゅう	シケイシュウ	0
shiken	しけん	シケン	0
shikenjou	しけんじょう	シケンジョウ	0
shikenteki	しけんてき	シケンテキ	0
shiki	しき	シキ	0
shikibetsu	しきべつ	シキベツ	0
shikibu	しきぶ	シキブ	0
shikibuton	しきぶとん	シキブトン	0
shikichi	しきち	シキチ	0
shikichou	しきちょう	シキチョウ	0
shikigyou	しきぎょう	シキギョウ	0
shikii	しきい	シキイ	0
shikiichi	しきいち	シキイチ	0
shikiji	しきじ	シキジ	0
shikijou	しきじょう	シキジョウ	0
shikikin	しききん	シキキン	0
shikin	しきん	シキン	0
shikinchoutatsu	しきんちょうたつ	シキンチョウタツ	0
shikinguri	しきんぐり	シキングリ	0
shikinseki	しきんせき	シキンセキ	0
shikiri	しきり	シキリ	0
shikirini	しきりに	シキリニ	0
shikis	しき	シキ	5
shikisai	しきさい	シキサイ	0
shikisha	しきしゃ	シキシャ	0
shikishi	しきし	シキシ	0
shikiso	しきそ	シキソ	0
shikisokoinu	しきそこいぬ	シキソコイヌ	0
shikiten	しきてん	シキテン	0
shikk	し	シ	3
shikkaku	しっかく	シッカク	0
shikkan	しっかん	シッカン	0
shikkari	しっかり	シッカリ	0
shikke	しっけ	シッケ	0
shikkei	しっけい	シッケイ	0
shikki	しっき	シッキ	0
shikkoku	しっこく	シッコク	0
shikkou	しっこう	シッコウ	0
shikkoubu	しっこうぶ	シッコウブ	0
shikkouiin	しっこういいん	シッコウイイン	0
shikkouyuuyo	しっこうゆうよ	シッコウユウヨ	0
shikku	しっく	シック	0
shikkusunain	しっくすないん	シックスナイン	0
shikky	し	シ	3
shikkya	しっきゃ	シッキャ	0
shikkyak	しっきゃ	シッキャ	7
shikkyaku	しっきゃく	シッキャク	0
shikkyakuryuutsuu	しっきゃくりゅうつう	シッキャクリュウツウ	0
shikoku	しこく	シコク	0
shikomi	しこみ	シコミ	0
shikou	しこう	シコウ	0
shikousakugo	しこうさくご	シコウサクゴ	0
shiku	しく	シク	0
shikujiru	しくじる	シクジル	0
shikumi	しくみ	シクミ	0
shikuramen	しくらめん	シクラメン	0
shikyo	しきょ	シキョ	0
shikyoku	しきょく	シキョク	0
shikyou	しきょう	シキョウ	0
shikyuu	しきゅう	シキュウ	0
shim	し	シ	3
shima	しま	シマ	0
shimag	しま	シマ	5
shimagu	しまぐ	シマグ	0
shimagun	しまぐん	シマグン	0
shimaguni	しまぐに	シマグニ	0
shimagunipoppu	しまぐにぽっぷ	シマグニポップ	0
shimai	しまい	シマイ	0
shimajima	しまじま	シマジマ	0
shimane	しまね	シマネ	0
shimaru	しまる	シマル	0
shimatsu	しまつ	シマツ	0
shimatta	しまった	シマッタ	0
shimau	しまう	シマウ	0
shime	しめ	シメ	0
shimedasu	しめだす	シメダス	0
shimei	しめい	シメイ	0
shimeitehai	しめいてはい	シメイテハイ	0
shimekiri	しめきり	シメキリ	0
shimekiru	しめきる	シメキル	0
shimen	しめん	シメン	0
shimeppoi	しめっぽい	シメッポイ	0
shimeru	しめる	シメル	0
shimeshi	しめし	シメシ	0
shimesu	しめす	シメス	0
shimetsuke	しめつけ	シメツケ	0
shimi	しみ	シミ	0
shimiizu	しみいず	シミイズ	0
shimijimi	しみじみ	シミジミ	0
shimin	しみん	シミン	0
shiminken	しみんけん	シミンケン	0
shiminshakai	しみんしゃかい	シミンシャカイ	0
shimiru	しみる	シミル	0
shimo	しも	シモ	0
shimof	しも	シモ	5
shimofu	しもふ	シモフ	0
shimofur	しもふ	シモフ	7
shimofuri	しもふり	シモフリ	0
shimofurisupia	しもふりすぴあ	シモフリスピア	0
shimohanki	しもはんき	シモハンキ	0
shimoki	しもき	シモキ	0
shimon	しもん	シモン	0
shimyureeshon	しみゅれえしょん	シミュレエション	0
shimyureetaa	しみゅれえたあ	シミュレエタア	0
shin	しん	シン	0
shina	しな	シナ	0
shinagire	しなぎれ	シナギレ	0
shinai	しない	シナイ	0
shinainodehanaika	しないのではないか	シナイノデハナイカ	0
shinamon	しなもん	シナモン	0
shinamono	しなもの	シナモノ	0
shinan	しなん	シナン	0
shinario	しなりお	シナリオ	0
shinarioraitaa	しなりおらいたあ	シナリオライタア	0
shinayaka	しなやか	シナヤカ	0
shinbashi	しんばし	シンバシ	0
shinboku	しんぼく	シンボク	0
shinborikku	しんぼりっく	シンボリック	0
shinborisuto	しんぼりすと	シンボリスト	0
shinboru	しんぼる	シンボル	0
shinbou	しんぼう	シンボウ	0
shinbun	しんぶん	シンブン	0
shinbunkiji	しんぶんきじ	シンブンキジ	0
shinbunsha	しんぶんしゃ	シンブンシャ	0
shinbunshi	しんぶんし	シンブンシ	0
shinc	しん	シン	4
shinch	しん	シン	4
shinchaku	しんちゃく	シンチャク	0
shinchi	しんち	シンチ	0
shinchiku	しんちく	シンチク	0
shinchikumanshon	しんちくまんしょん	シンチクマンション	0
shinchin	しんちん	シンチン	0
shinchint	しんちん	シンチン	8
shinchinta	しんちんた	シンチンタ	0
shinchintai	しんちんたい	シンチンタイ	0
shinchintais	しんちんたい	シンチンタイ	11
shinchintaish	しんちんたい	シンチンタイ	11
shinchintaisha	しんちんたいしゃ	シンチンタイシャ	0
shinchintaishatakoyaki	しんちんたいしゃたこやき	シンチンタイシャタコヤキ	0
shincho	しんちょ	シンチョ	0
shinchoku	しんちょく	シンチョク	0
shinchou	しんちょう	シンチョウ	0
shinchounarau	しんちょうならう	シンチョウナラウ	0
shinchuu	しんちゅう	シンチュウ	0
shindai	しんだい	シンダイ	0
shindan	しんだん	シンダン	0
shinden	しんでん	シンデン	0
shindo	しんど	シンド	0
shindoi	しんどい	シンドイ	0
shindoroomu	しんどろおむ	シンドロオム	0
shindou	しんどう	シンドウ	0
shinei	しねい	シネイ	0
shinema	しねま	シネマ	0
shinfuonii	しんふおにい	シンフオニイ	0
shinfuzen	しんふぜん	シンフゼン	0
shing	しん	シン	4
shinga	しんが	シンガ	0
shingaa	しんがあ	シンガア	0
shingaasonguraitaa	しんがあそんぐらいたあ	シンガアソングライタア	0
shingai	しんがい	シンガイ	0
shingaigin	しんがいぎん	シンガイギン	0
shingainen	しんがいねん	シンガイネン	0
shingakki	しんがっき	シンガッキ	0
shingaku	しんがく	シンガク	0
shingao	しんがお	シンガオ	0
shingapooru	しんがぽおる	シンガポオル	0
shingat	しんが	シンガ	6
shingata	しんがた	シンガタ	0
shingatak	しんがた	シンガタ	8
shingatako	しんがたこ	シンガタコ	0
shingatakor	しんがたこ	シンガタコ	10
shingatakoro	しんがたころ	シンガタコロ	0
shingatakoron	しんがたころん	シンガタコロン	0
shingatakorona	しんがたころな	シンガタコロナ	0
shingatakoronau	しんがたころなう	シンガタコロナウ	0
shingatakoronaui	しんがたころなうい	シンガタコロナウイ	0
shingatakoronauir	しんがたころなうい	シンガタコロナウイ	16
shingatakoronauiru	しんがたころなういる	シンガタコロナウイル	0
shingatakoronauirus	しんがたころなういる	シンガタコロナウイル	18
shingatakoronauirusu	しんがたころなういるす	シンガタコロナウイルス	0
shingatakoronauirusuk	しんがたころなういるす	シンガタコロナウイルス	20
shingatakoronauirusuka	しんがたころなういるすか	シンガタコロナウイルスカ	0
shingatakoronauirusukan	しんがたころなういるすかん	シンガタコロナウイルスカン	0
shingatakoronauirusukans	しんがたころなういるすかん	シンガタコロナウイルスカン	23
shingatakoronauirusukanse	しんがたころなういるすかんせ	シンガタコロナウイルスカンセ	0
shingatakoronauirusukansen	しんがたころなういるすかんせん	シンガタコロナウイルスカンセン	0
shingatakoronauirusukansens	しんがたころなういるすかんせん	シンガタコロナウイルスカンセン	26
shingatakoronauirusukansensh	しんがたころなういるすかんせん	シンガタコロナウイルスカンセン	26
shingatakoronauirusukansensho	しんがたころなういるすかんせんしょ	シンガタコロナウイルスカンセンショ	0
shingatakoronauirusukansenshou	しんがたころなういるすかんせんしょう	シンガタコロナウイルスカンセンショウ	0
shingatakoronauirusukansenshoukeiko	しんがたころなういるすかんせんしょうけいこ	シンガタコロナウイルスカンセンショウケイコ	0
shingeki	しんげき	シンゲキ	0
shingen	しんげん	シンゲン	0
shingi	しんぎ	シンギ	0
shingo	しんご	シンゴ	0
shingou	しんごう	シンゴウ	0
shingouki	しんごうき	シンゴウキ	0
shingu	しんぐ	シング	0
shinguru	しんぐる	シングル	0
shingurusu	しんぐるす	シングルス	0
shinhatsubai	しんはつばい	シンハツバイ	0
shini	しに	シニ	0
shinia	しにあ	シニア	0
shiniashidou	しにあしどう	シニアシドウ	0
shinikaru	しにかる	シニカル	0
shinin	しにん	シニン	0
shinise	しにせ	シニセ	0
shinitai	しにたい	シニタイ	0
shinja	しんじゃ	シンジャ	0
shinjikeeto	しんじけえと	シンジケエト	0
shinjin	しんじん	シンジン	0
shinjiru	しんじる	シンジル	0
shinjitsu	しんじつ	シンジツ	0
shinjou	しんじょう	シンジョウ	0
shinju	しんじゅ	シンジュ	0
shinjuu	しんじゅう	シンジュウ	0
shink	しん	シン	4
shinka	しんか	シンカ	0
shinkaa	しんかあ	シンカア	0
shinkabu	しんかぶ	シンカブ	0
shinkai	しんかい	シンカイ	0
shinkan	しんかん	シンカン	0
shinkansen	しんかんせん	シンカンセン	0
shinkei	しんけい	シンケイ	0
shinkeishitsu	しんけいしつ	シンケイシツ	0
shinken	しんけん	シンケン	0
shinki	しんき	シンキ	0
shinkin	しんきん	シンキン	0
shinkinkan	しんきんかん	シンキンカン	0
shinkisougou	しんきそうごう	シンキソウゴウ	0
shinkoku	しんこく	シンコク	0
shinkokuka	しんこくか	シンコクカ	0
shinkon	しんこん	シンコン	0
shinkou	しんこう	シンコウ	0
shinku	しんく	シンク	0
shinkur	しんく	シンク	6
shinkuro	しんくろ	シンクロ	0
shinkuronaizu	しんくろないず	シンクロナイズ	0
shinkuroyubiwa	しんくろゆびわ	シンクロユビワ	0
shinkutanku	しんくたんく	シンクタンク	0
shinkuu	しんくう	シンクウ	0
shinkyo	しんきょ	シンキョ	0
shinkyoku	しんきょく	シンキョク	0
shinkyou	しんきょう	シンキョウ	0
shinkyuu	しんきゅう	シンキュウ	0
shinmai	しんまい	シンマイ	0
shinme	しんめ	シンメ	0
shinmitsu	しんみつ	シンミツ	0
shinmon	しんもん	シンモン	0
shinmyou	しんみょう	シンミョウ	0
shinnaa	しんなあ	シンナア	0
shinnen	しんねん	シンネン	0
shinnichi	しんにち	シンニチ	0
shinnin	しんにん	シンニン	0
shinno	しんの	シンノ	0
shinnyuu	しんにゅう	シンニュウ	0
shinobu	しのぶ	シノブ	0
shinogu	しのぐ	シノグ	0
shinonimu	しのにむ	シノニム	0
shinpa	しんぱ	シンパ	0
shinpai	しんぱい	シンパイ	0
shinpan	しんぱん	シンパン	0
shinpangaisha	しんぱんがいしゃ	シンパンガイシャ	0
shinpen	しんぺん	シンペン	0
shinpi	しんぴ	シンピ	0
shinpin	しんぴん	シンピン	0
shinpiteki	しんぴてき	シンピテキ	0
shinpo	しんぽ	シンポ	0
shinpojiumu	しんぽじうむ	シンポジウム	0
shinpou	しんぽう	シンポウ	0
shinpu	しんぷ	シンプ	0
shinpuku	しんぷく	シンプク	0
shinpuru	しんぷる	シンプル	0
shinpuu	しんぷう	シンプウ	0
shinr	しん	シン	4
shinrai	しんらい	シンライ	0
shinraisei	しんらいせい	シンライセイ	0
shinri	しんり	シンリ	0
shinrigaku	しんりがく	シンリガク	0
shinrin	しんりん	シンリン	0
shinriteki	しんりてき	シンリテキ	0
shinro	しんろ	シンロ	0
shinrou	しんろう	シンロウ	0
shinrousukunakarazu	しんろうすくなからず	シンロウスクナカラズ	0
shinrui	しんるい	シンルイ	0
shinryaku	しんりゃく	シンリャク	0
shinryoku	しんりょく	シンリョク	0
shinryou	しんりょう	シンリョウ	0
shinryoujo	しんりょうじょ	シンリョウジョ	0
shinsa	しんさ	シンサ	0
shinsai	しんさい	シンサイ	0
shinsaku	しんさく	シンサク	0
shinsan	しんさん	シンサン	0
shinsatsu	しんさつ	シンサツ	0
shinsei	しんせい	シンセイ	0
shinseihin	しんせいひん	シンセイヒン	0
shinseiji	しんせいじ	シンセイジ	0
shinseijin	しんせいじん	シンセイジン	0
shinseikatsu	しんせいかつ	シンセイカツ	0
shinsekai	しんせかい	シンセカイ	0
shinseki	しんせき	シンセキ	0
shinsen	しんせん	シンセン	0
shinsesaizaa	しんせさいざあ	シンセサイザア	0
shinsetsu	しんせつ	シンセツ	0
shinsha	しんしゃ	シンシャ	0
shinshi	しんし	シンシ	0
shinshiki	しんしき	シンシキ	0
shinshikyoutei	しんしきょうてい	シンシキョウテイ	0
shinshin	しんしん	シンシン	0
shinshinkoujaku	しんしんこうじゃく	シンシンコウジャク	0
shinshitsu	しんしつ	シンシツ	0
shinsho	しんしょ	シンショ	0
shinshoku	しんしょく	シンショク	0
shinshou	しんしょう	シンショウ	0
shinshouhin	しんしょうひん	シンショウヒン	0
shinshousha	しんしょうしゃ	シンショウシャ	0
shinshuku	しんしゅく	シンシュク	0
shinshun	しんしゅん	シンシュン	0
shinshutsu	しんしゅつ	シンシュツ	0
shinsotsu	しんそつ	シンソツ	0
shinsou	しんそう	シンソウ	0
shinsui	しんすい	シンスイ	0
shint	しん	シン	4
shinta	しんた	シンタ	0
shintai	しんたい	シンタイ	0
shintainoseru	しんたいのせる	シンタイノセル	0
shintaishougaisha	しんたいしょうがいしゃ	シンタイショウガイシャ	0
shintaiukagai	しんたいうかがい	シンタイウカガイ	0
shintaku	しんたく	シンタク	0
shintan	しんたん	シンタン	0
shintei	しんてい	シンテイ	0
shinten	しんてん	シンテン	0
shinto	しんと	シント	0
shintou	しんとう	シントウ	0
shinu	しぬ	シヌ	0
shinwa	しんわ	シンワ	0
shinya	しにゃ	シニャ	0
shinyaku	しにゃく	シニャク	0
shinyou	しにょう	シニョウ	0
shinyoukinko	しにょうきんこ	シニョウキンコ	0
shinyoukumiai	しにょうくみあい	シニョウクミアイ	0
shinyuu	しにゅう	シニュウ	0
shinz	しん	シン	4
shinzen	しんぜん	シンゼン	0
shinzoku	しんぞく	シンゾク	0
shinzou	しんぞう	シンゾウ	0
shinzoubyou	しんぞうびょう	シンゾウビョウ	0
shinzu	しんず	シンズ	0
shinzui	しんずい	シンズイ	0
shinzur	しんず	シンズ	6
shinzuru	しんずる	シンズル	0
shinzurushikata	しんずるしかた	シンズルシカタ	0
shio	しお	シオ	0
shioaji	しおあじ	シオアジ	0
shiodoki	しおどき	シオドキ	0
shiokarai	しおからい	シオカライ	0
shiokuri	しおくり	シオクリ	0
shiomizu	しおみず	シオミズ	0
shionisuto	しおにすと	シオニスト	0
shionizumu	しおにずむ	シオニズム	0
shioreru	しおれる	シオレル	0
shippai	しっぱい	シッパイ	0
shippaidan	しっぱいだん	シッパイダン	0
shippei	しっぺい	シッペイ	0
shippitsu	しっぴつ	シッピツ	0
shippo	しっぽ	シッポ	0
shippu	しっぷ	シップ	0
shippuu	しっぷう	シップウ	0
shir	し	シ	3
shira	しら	シラ	0
shirabe	しらべ	シラベ	0
shiraberu	しらべる	シラベル	0
shiraga	しらが	シラガ	0
shiragiku	しらぎく	シラギク	0
shiraha	しらは	シラハ	0
shirakaba	しらかば	シラカバ	0
shiran	しらん	シラン	0
shirana	しらな	シラナ	0
shiranai	しらない	シラナイ	0
shiranaiu	しらないう	シラナイウ	0
shiranaiuc	しらないう	シラナイウ	9
shiranaiuch	しらないう	シラナイウ	9
shiranaiuchi	しらないうち	シラナイウチ	0
shiranaiuchin	しらないうちん	シラナイウチン	0
shiranaiuchini	しらないうちに	シラナイウチニ	0
shiranaiuchinikokonotsu	しらないうちにここのつ	シラナイウチニココノツ	0
shirankao	しらんかお	シランカオ	0
shirase	しらせ	シラセ	0
shiraseru	しらせる	シラセル	0
shirazushirazu	しらずしらず	シラズシラズ	0
shirei	しれい	シレイ	0
shireibu	しれいぶ	シレイブ	0
shireikan	しれいかん	シレイカン	0
shiren	しれん	シレン	0
shireru	しれる	シレル	0
shiri	しり	シリ	0
shiria	しりあ	シリア	0
shiriai	しりあい	シリアイ	0
shiriaru	しりある	シリアル	0
shiriasu	しりあす	シリアス	0
shiriau	しりあう	シリアウ	0
shiriaujoukin	しりあうじょうきん	シリアウジョウキン	0
shiriizu	しりいず	シリイズ	0
shirikon	しりこん	シリコン	0
shirikoon	しりこおん	シリコオン	0
shirindaa	しりんだあ	シリンダア	0
shirinji	しりんじ	シリンジ	0
shiritsu	しりつ	シリツ	0
shiriusu	しりうす	シリウス	0
shirizoku	しりぞく	シリゾク	0
shiro	しろ	シロ	0
shirobai	しろばい	シロバイ	0
shiroboshi	しろぼし	シロボシ	0
shiroi	しろい	シロイ	0
shiroiro	しろいろ	シロイロ	0
shiroji	しろじ	シロジ	0
shirokaruta	しろかるた	シロカルタ	0
shirokuma	しろくま	シロクマ	0
shirokuro	しろくろ	シロクロ	0
shiromi	しろみ	シロミ	0
shiroppu	しろっぷ	シロップ	0
shirouto	しろうと	シロウト	0
shiru	しる	シル	0
shirubaa	しるばあ	シルバア	0
shiruettaa	しるえったあ	シルエッタア	0
shiruetto	しるえっと	シルエット	0
shiruku	しるく	シルク	0
shirukuroodo	しるくろおど	シルクロオド	0
shirushi	しるし	シルシ	0
shirusu	しるす	シルス	0
shiry	し	シ	3
shiryoku	しりょく	シリョク	0
shiryou	しりょう	シリョウ	0
shiryu	しりゅ	シリュ	0
shiryuu	しりゅう	シリュウ	0
shiryuuyuuyake	しりゅうゆうやけ	シリュウユウヤケ	0
shis	し	シ	3
shisa	しさ	シサ	0
shisaku	しさく	シサク	0
shisan	しさん	シサン	0
shisatsu	しさつ	シサツ	0
shise	しせ	シセ	0
shisei	しせい	シセイ	0
shiseikatsu	しせいかつ	シセイカツ	0
shiseki	しせき	シセキ	0
shisen	しせん	シセン	0
shiset	しせ	シセ	5
shisets	しせ	シセ	5
shisetsu	しせつ	シセツ	0
shisetsuyakudoshi	しせつやくどし	シセツヤクドシ	0
shisha	ししゃ	シシャ	0
shishagonyuu	ししゃごにゅう	シシャゴニュウ	0
shishi	しし	シシ	0
shishikyuu	ししきゅう	シシキュウ	0
shishin	ししん	シシン	0
shishitsu	ししつ	シシツ	0
shisho	ししょ	シショ	0
shishobako	ししょばこ	シショバコ	0
shishoku	ししょく	シショク	0
shishou	ししょう	シショウ	0
shishousha	ししょうしゃ	シショウシャ	0
shishunki	ししゅんき	シシュンキ	0
shishutsu	ししゅつ	シシュツ	0
shishuu	ししゅう	シシュウ	0
shisoku	しそく	シソク	0
shison	しそん	シソン	0
shisoorasu	しそおらす	シソオラス	0
shisou	しそう	シソウ	0
shissaku	しっさく	シッサク	0
shisseki	しっせき	シッセキ	0
shisshin	しっしん	シッシン	0
shisso	しっそ	シッソ	0
shissoku	しっそく	シッソク	0
shissou	しっそう	シッソウ	0
shisugiru	しすぎる	シスギル	0
shisuru	しする	シスル	0
shisutaa	しすたあ	シスタア	0
shisutemu	しすてむ	システム	0
shisutemuzu	しすてむず	システムズ	0
shisuu	しすう	シスウ	0
shit	し	シ	3
shita	した	シタ	0
shitabi	したび	シタビ	0
shitag	した	シタ	5
shitaga	したが	シタガ	0
shitagaeru	したがえる	シタガエル	0
shitagaki	したがき	シタガキ	0
shitagat	したが	シタガ	7
shitagatt	したが	シタガ	7
shitagatte	したがって	シタガッテ	0
shitagattekajuu	したがってかじゅう	シタガッテカジュウ	0
shitagau	したがう	シタガウ	0
shitagi	したぎ	シタギ	0
shitai	したい	シタイ	0
shitaji	したじ	シタジ	0
shitajiki	したじき	シタジキ	0
shitaku	したく	シタク	0
shitakuchibiru	したくちびる	シタクチビル	0
shitamachi	したまち	シタマチ	0
shitami	したみ	シタミ	0
shitane	したね	シタネ	0
shitappara	したっぱら	シタッパラ	0
shitashii	したしい	シタシイ	0
shitashimi	したしみ	シタシミ	0
shitashimu	したしむ	シタシム	0
shitashirabe	したしらべ	シタシラベ	0
shitate	したて	シタテ	0
shitatenage	したてなげ	シタテナゲ	0
shitateru	したてる	シタテル	0
shitau	したう	シタウ	0
shitauchi	したうち	シタウチ	0
shitauke	したうけ	シタウケ	0
shitc	し	シ	3
shitch	し	シ	3
shitchi	し	シ	3
shitchitabi	し	シ	3
shite	して	シテ	0
shitei	してい	シテイ	0
shiteiieataaminaru	していいえあたあみなる	シテイイエアタアミナル	0
shitek	して	シテ	5
shiteki	してき	シテキ	0
shitekiyuuhatsu	してきゆうはつ	シテキユウハツ	0
shiten	してん	シテン	0
shitenchou	してんちょう	シテンチョウ	0
shitet	して	シテ	5
shitets	して	シテ	5
shitetsu	してつ	シテツ	0
shitetsuyotou	してつよとう	シテツヨトウ	0
shiteyagai	してやがい	シテヤガイ	0
shito	しと	シト	0
shitoron	しとろん	シトロン	0
shitoshito	しとしと	シトシト	0
shitoyaka	しとやか	シトヤカ	0
shitsu	しつ	シツ	0
shitsubou	しつぼう	シツボウ	0
shitsuchou	しつちょう	シツチョウ	0
shitsudo	しつど	シツド	0
shitsugen	しつげん	シツゲン	0
shitsugi	しつぎ	シツギ	0
shitsugyou	しつぎょう	シツギョウ	0
shitsui	しつい	シツイ	0
shitsuke	しつけ	シツケ	0
shitsukoi	しつこい	シツコイ	0
shitsumei	しつめい	シツメイ	0
shitsumon	しつもん	シツモン	0
shitsumonwosuru	しつもんをする	シツモンヲスル	0
shitsumu	しつむ	シツム	0
shitsunai	しつない	シツナイ	0
shitsunaigaku	しつないがく	シツナイガク	0
shitsurei	しつれい	シツレイ	0
shitsureishimashita	しつれいしました	シツレイシマシタ	0
shitsureishimasu	しつれいします	シツレイシマス	0
shitsuren	しつれん	シツレン	0
shitsuryou	しつりょう	シツリョウ	0
shitsuteki	しつてき	シツテキ	0
shitsuzukeru	しつずける	シツズケル	0
shittai	しったい	シッタイ	0
shitten	しってん	シッテン	0
shittenotoori	しってのとおり	シッテノトオリ	0
shitto	しっと	シット	0
shittsui	しっつい	シッツイ	0
shiu	しう	シウ	0
shiun	しうん	シウン	0
shiunt	しうん	シウン	5
shiunte	しうんて	シウンテ	0
shiunten	しうんてん	シウンテン	0
shiuntenyoushu	しうんてにょうしゅ	シウンテニョウシュ	0
shiwa	しわ	シワ	0
shiwasu	しわす	シワス	0
shiwaza	しわざ	シワザ	0
shiya	しや	シヤ	0
shiyaku	しやく	シヤク	0
shiyakusho	しやくしょ	シヤクショ	0
shiyou	しよう	シヨウ	0
shiyounin	しようにん	シヨウニン	0
shiyouryou	しようりょう	シヨウリョウ	0
shiyousha	しようしゃ	シヨウシャ	0
shiyoutosuru	しようとする	シヨウトスル	0
shiyouzumi	しようずみ	シヨウズミ	0
shiyuu	しゆう	シユウ	0
shiz	し	シ	3
shiza	しざ	シザ	0
shizai	しざい	シザイ	0
shizaiyoujinbukai	しざいようじんぶかい	シザイヨウジンブカイ	0
shizen	しぜん	シゼン	0
shizenkagaku	しぜんかがく	シゼンカガク	0
shizenkai	しぜんかい	シゼンカイ	0
shizenkankyou	しぜんかんきょう	シゼンカンキョウ	0
shizenkouen	しぜんこうえん	シゼンコウエン	0
shizoku	しぞく	シゾク	0
shizuka	しずか	シズカ	0
shizukesa	しずけさ	シズケサ	0
shizuku	しずく	シズク	0
shizumaru	しずまる	シズマル	0
shizumeru	しずめる	シズメル	0
shizumu	しずむ	シズム	0
shizuoka	しずおか	シズオカ	0
sho	しょ	ショ	0
shobatsu	しょばつ	ショバツ	0
shoberu	しょべる	ショベル	0
shobou	しょぼう	ショボウ	0
shobun	しょぶん	ショブン	0
shoc	しょ	ショ	3
shoch	しょ	ショ	3
shochi	しょち	ショチ	0
shocho	しょちょ	ショチョ	0
shochou	しょちょう	ショチョウ	0
shochoukaikyo	しょちょうかいきょ	ショチョウカイキョ	0
shochuu	しょちゅう	ショチュウ	0
shochuumimai	しょちゅうみまい	ショチュウミマイ	0
shod	しょ	ショ	3
shodai	しょだい	ショダイ	0
shodo	しょど	ショド	0
shodou	しょどう	ショドウ	0
shodouhakuhatsu	しょどうはくはつ	ショドウハクハツ	0
shoen	しょえん	ショエン	0
shofwu	しょふぅ	ショフゥ	0
shoguu	しょぐう	ショグウ	0
shoh	しょ	ショ	3
shohan	しょはん	ショハン	0
shoho	しょほ	ショホ	0
shohou	しょほう	ショホウ	0
shohous	しょほう	ショホウ	6
shohouse	しょほうせ	ショホウセ	0
shohousen	しょほうせん	ショホウセン	0
shohousenkaigenrei	しょほうせんかいげんれい	ショホウセンカイゲンレイ	0
shohyou	しょひょう	ショヒョウ	0
shoin	しょいん	ショイン	0
shoji	しょじ	ショジ	0
shojo	しょじょ	ショジョ	0
shojun	しょじゅん	ショジュン	0
shok	しょ	ショ	3
shoka	しょか	ショカ	0
shokai	しょかい	ショカイ	0
shokan	しょかん	ショカン	0
shokatsu	しょかつ	ショカツ	0
shokei	しょけい	ショケイ	0
shoken	しょけん	ショケン	0
shoki	しょき	ショキ	0
shokihiyou	しょきひよう	ショキヒヨウ	0
shokikan	しょきかん	ショキカン	0
shokikyoku	しょききょく	ショキキョク	0
shokkaku	しょっかく	ショッカク	0
shokkanhou	しょっかんほう	ショッカンホウ	0
shokken	しょっけん	ショッケン	0
shokki	しょっき	ショッキ	0
shokkingu	しょっきんぐ	ショッキング	0
shokku	しょっく	ショック	0
shokoku	しょこく	ショコク	0
shoku	しょく	ショク	0
shokuba	しょくば	ショクバ	0
shokubai	しょくばい	ショクバイ	0
shokubou	しょくぼう	ショクボウ	0
shokubutsu	しょくぶつ	ショクブツ	0
shokubutsuen	しょくぶつえん	ショクブツエン	0
shokuchuudoku	しょくちゅうどく	ショクチュウドク	0
shokud	しょく	ショク	5
shokudo	しょくど	ショクド	0
shokudou	しょくどう	ショクドウ	0
shokudougochisou	しょくどうごちそう	ショクドウゴチソウ	0
shokuen	しょくえん	ショクエン	0
shokugo	しょくご	ショクゴ	0
shokugyou	しょくぎょう	ショクギョウ	0
shokuhatsu	しょくはつ	ショクハツ	0
shokuhi	しょくひ	ショクヒ	0
shokuhin	しょくひん	ショクヒン	0
shokuhintenkabutsu	しょくひんてんかぶつ	ショクヒンテンカブツ	0
shokuin	しょくいん	ショクイン	0
shokuj	しょく	ショク	5
shokuji	しょくじ	ショクジ	0
shokuju	しょくじゅ	ショクジュ	0
shokujukubi	しょくじゅくび	ショクジュクビ	0
shokuminchi	しょくみんち	ショクミンチ	0
shokumotsu	しょくもつ	ショクモツ	0
shokumu	しょくむ	ショクム	0
shokun	しょくん	ショクン	0
shokuniku	しょくにく	ショクニク	0
shokunin	しょくにん	ショクニン	0
shokunou	しょくのう	ショクノウ	0
shokupan	しょくぱん	ショクパン	0
shokureki	しょくれき	ショクレキ	0
shokurin	しょくりん	ショクリン	0
shokuryou	しょくりょう	ショクリョウ	0
shokuryouchou	しょくりょうちょう	ショクリョウチョウ	0
shokuryouhin	しょくりょうひん	ショクリョウヒン	0
shokus	しょく	ショク	5
shokuseikatsu	しょくせいかつ	ショクセイカツ	0
shokush	しょく	ショク	5
shokushu	しょくしゅ	ショクシュ	0
shokushukakine	しょくしゅかきね	ショクシュカキネ	0
shokutaku	しょくたく	ショクタク	0
shokuyoku	しょくよく	ショクヨク	0
shokuyou	しょくよう	ショクヨウ	0
shokuzai	しょくざい	ショクザイ	0
shoky	しょ	ショ	3
shokyu	しょきゅ	ショキュ	0
shokyuu	しょきゅう	ショキュウ	0
shokyuukigou	しょきゅうきごう	ショキュウキゴウ	0
shomei	しょめい	ショメイ	0
shomen	しょめん	ショメン	0
shomin	しょみん	ショミン	0
shominteki	しょみんてき	ショミンテキ	0
shomotsu	しょもつ	ショモツ	0
shomu	しょむ	ショム	0
shonbori	しょんぼり	ションボリ	0
shonen	しょねん	ショネン	0
shonichi	しょにち	ショニチ	0
shoninkyuu	しょにんきゅう	ショニンキュウ	0
shoo	しょお	ショオ	0
shookeesu	しょおけえす	ショオケエス	0
shooru	しょおる	ショオル	0
shooruumu	しょおるうむ	ショオルウム	0
shooto	しょおと	ショオト	0
shootokatto	しょおとかっと	ショオトカット	0
shootopantsu	しょおとぱんつ	ショオトパンツ	0
shootosutei	しょおとすてい	ショオトステイ	0
shootsu	しょおつ	ショオツ	0
shoouindou	しょおういんどう	ショオウインドウ	0
shopan	しょぱん	ショパン	0
shoppingu	しょっぴんぐ	ショッピング	0
shoppingukaato	しょっぴんぐかあと	ショッピングカアト	0
shoppingumooru	しょっぴんぐもおる	ショッピングモオル	0
shoppu	しょっぷ	ショップ	0
shor	しょ	ショ	3
shori	しょり	ショリ	0
shorou	しょろう	ショロウ	0
shoru	しょる	ショル	0
shorud	しょる	ショル	5
shoruda	しょるだ	ショルダ	0
shorudaa	しょるだあ	ショルダア	0
shorudaab	しょるだあ	ショルダア	8
shorudaaba	しょるだあば	ショルダアバ	0
shorudaabag	しょるだあば	ショルダアバ	10
shorudaabagg	しょるだあば	ショルダアバ	10
shorudaabaggu	しょるだあばっぐ	ショルダアバッグ	0
shorudaabaggushishunki	しょるだあばっぐししゅんき	ショルダアバッグシシュンキ	0
shorui	しょるい	ショルイ	0
shosai	しょさい	ショサイ	0
shoseki	しょせき	ショセキ	0
shosen	しょせん	ショセン	0
shoshigaku	しょしがく	ショシガク	0
shoshiki	しょしき	ショシキ	0
shoshin	しょしん	ショシン	0
shoshinsha	しょしんしゃ	ショシンシャ	0
shoshinshamuke	しょしんしゃむけ	ショシンシャムケ	0
shoshutsu	しょしゅつ	ショシュツ	0
shotai	しょたい	ショタイ	0
shotaimen	しょたいめん	ショタイメン	0
shotchuu	しょ	ショ	3
shotei	しょてい	ショテイ	0
shoten	しょてん	ショテン	0
shotoku	しょとく	ショトク	0
shotokuzei	しょとくぜい	ショトクゼイ	0
shotou	しょとう	ショトウ	0
shotto	しょっと	ショット	0
shou	しょう	ショウ	0
shouaku	しょうあく	ショウアク	0
shoub	しょう	ショウ	4
shoubai	しょうばい	ショウバイ	0
shoubatsu	しょうばつ	ショウバツ	0
shouben	しょうべん	ショウベン	0
shoubou	しょうぼう	ショウボウ	0
shoubouchou	しょうぼうちょう	ショウボウチョウ	0
shoubousha	しょうぼうしゃ	ショウボウシャ	0
shoubousho	しょうぼうしょ	ショウボウショ	0
shoubu	しょうぶ	ショウブ	0
shoubun	しょうぶん	ショウブン	0
shoubunwakawakashii	しょうぶんわかわかしい	ショウブンワカワカシイ	0
shouchi	しょうち	ショウチ	0
shouchou	しょうちょう	ショウチョウ	0
shouchouteki	しょうちょうてき	ショウチョウテキ	0
shouchuu	しょうちゅう	ショウチュウ	0
shouchuugakusei	しょうちゅうがくせい	ショウチュウガクセイ	0
shoud	しょう	ショウ	4
shouda	しょうだ	ショウダ	0
shoudaku	しょうだく	ショウダク	0
shoudan	しょうだん	ショウダン	0
shoudanyakou	しょうだにゃこう	ショウダニャコウ	0
shoudoku	しょうどく	ショウドク	0
shoudou	しょうどう	ショウドウ	0
shouen	しょうえん	ショウエン	0
shouenerugii	しょうえねるぎい	ショウエネルギイ	0
shoufu	しょうふ	ショウフ	0
shoufuku	しょうふく	ショウフク	0
shouga	しょうが	ショウガ	0
shougai	しょうがい	ショウガイ	0
shougaikyouiku	しょうがいきょういく	ショウガイキョウイク	0
shougaisha	しょうがいしゃ	ショウガイシャ	0
shougakkou	しょうがっこう	ショウガッコウ	0
shougaku	しょうがく	ショウガク	0
shougakukin	しょうがくきん	ショウガクキン	0
shougakusei	しょうがくせい	ショウガクセイ	0
shouganai	しょうがない	ショウガナイ	0
shougatsu	しょうがつ	ショウガツ	0
shougeki	しょうげき	ショウゲキ	0
shougen	しょうげん	ショウゲン	0
shougi	しょうぎ	ショウギ	0
shougidaoshi	しょうぎだおし	ショウギダオシ	0
shougo	しょうご	ショウゴ	0
shougou	しょうごう	ショウゴウ	0
shougun	しょうぐん	ショウグン	0
shougyou	しょうぎょう	ショウギョウ	0
shouhai	しょうはい	ショウハイ	0
shouhei	しょうへい	ショウヘイ	0
shouheki	しょうへき	ショウヘキ	0
shouhi	しょうひ	ショウヒ	0
shouhin	しょうひん	ショウヒン	0
shouhinken	しょうひんけん	ショウヒンケン	0
shouhinmei	しょうひんめい	ショウヒンメイ	0
shouhisha	しょうひしゃ	ショウヒシャ	0
shouhizai	しょうひざい	ショウヒザイ	0
shouhizei	しょうひぜい	ショウヒゼイ	0
shouhon	しょうほん	ショウホン	0
shouhou	しょうほう	ショウホウ	0
shouhyou	しょうひょう	ショウヒョウ	0
shoui	しょうい	ショウイ	0
shouin	しょういん	ショウイン	0
shouiryuukou	しょういりゅうこう	ショウイリュウコウ	0
shouji	しょうじ	ショウジ	0
shoujiki	しょうじき	ショウジキ	0
shoujin	しょうじん	ショウジン	0
shoujiru	しょうじる	ショウジル	0
shoujo	しょうじょ	ショウジョ	0
shoujou	しょうじょう	ショウジョウ	0
shoujun	しょうじゅん	ショウジュン	0
shoujutsu	しょうじゅつ	ショウジュツ	0
shoujuu	しょうじゅう	ショウジュウ	0
shouka	しょうか	ショウカ	0
shoukai	しょうかい	ショウカイ	0
shoukaibun	しょうかいぶん	ショウカイブン	0
shoukaisha	しょうかいしゃ	ショウカイシャ	0
shoukaki	しょうかき	ショウカキ	0
shoukaku	しょうかく	ショウカク	0
shoukan	しょうかん	ショウカン	0
shouken	しょうけん	ショウケン	0
shoukibo	しょうきぼ	ショウキボ	0
shoukin	しょうきん	ショウキン	0
shouko	しょうこ	ショウコ	0
shoukoku	しょうこく	ショウコク	0
shoukon	しょうこん	ショウコン	0
shoukou	しょうこう	ショウコウ	0
shoukougun	しょうこうぐん	ショウコウグン	0
shoukoukaigisho	しょうこうかいぎしょ	ショウコウカイギショ	0
shoukyaku	しょうきゃく	ショウキャク	0
shoukyo	しょうきょ	ショウキョ	0
shoukyoku	しょうきょく	ショウキョク	0
shoukyokuteki	しょうきょくてき	ショウキョクテキ	0
shoukyuu	しょうきゅう	ショウキュウ	0
shoumei	しょうめい	ショウメイ	0
shoumeisho	しょうめいしょ	ショウメイショ	0
shoumen	しょうめん	ショウメン	0
shoumetsu	しょうめつ	ショウメツ	0
shoumi	しょうみ	ショウミ	0
shoumikigen	しょうみきげん	ショウミキゲン	0
shoumou	しょうもう	ショウモウ	0
shoumouhin	しょうもうひん	ショウモウヒン	0
shoumu	しょうむ	ショウム	0
shounen	しょうねん	ショウネン	0
shounenba	しょうねんば	ショウネンバ	0
shouni	しょうに	ショウニ	0
shounibyou	しょうにびょう	ショウニビョウ	0
shounika	しょうにか	ショウニカ	0
shounin	しょうにん	ショウニン	0
shounyuudou	しょうにゅうどう	ショウニュウドウ	0
shourai	しょうらい	ショウライ	0
shouraisei	しょうらいせい	ショウライセイ	0
shouraiteki	しょうらいてき	ショウライテキ	0
shouraizou	しょうらいぞう	ショウライゾウ	0
shourei	しょうれい	ショウレイ	0
shouri	しょうり	ショウリ	0
shouritsu	しょうりつ	ショウリツ	0
shouroku	しょうろく	ショウロク	0
shourou	しょうろう	ショウロウ	0
shouryaku	しょうりゃく	ショウリャク	0
shouryoku	しょうりょく	ショウリョク	0
shouryou	しょうりょう	ショウリョウ	0
shous	しょう	ショウ	4
shousa	しょうさ	ショウサ	0
shousai	しょうさい	ショウサイ	0
shousan	しょうさん	ショウサン	0
shousasshi	しょうさっし	ショウサッシ	0
shousei	しょうせい	ショウセイ	0
shousen	しょうせん	ショウセン	0
shousenkyoku	しょうせんきょく	ショウセンキョク	0
shousetsu	しょうせつ	ショウセツ	0
shousetsuka	しょうせつか	ショウセツカ	0
shousha	しょうしゃ	ショウシャ	0
shoushi	しょうし	ショウシ	0
shoushin	しょうしん	ショウシン	0
shousho	しょうしょ	ショウショ	0
shoushou	しょうしょう	ショウショウ	0
shoushuu	しょうしゅう	ショウシュウ	0
shouso	しょうそ	ショウソ	0
shousok	しょうそ	ショウソ	6
shousoku	しょうそく	ショウソク	0
shousokuiya	しょうそくいや	ショウソクイヤ	0
shousokusuji	しょうそくすじ	ショウソクスジ	0
shousou	しょうそう	ショウソウ	0
shousu	しょうす	ショウス	0
shousuru	しょうする	ショウスル	0
shousuu	しょうすう	ショウスウ	0
shousuuiken	しょうすういけん	ショウスウイケン	0
shousuut	しょうすう	ショウスウ	7
shousuute	しょうすうて	ショウスウテ	0
shousuuten	しょうすうてん	ショウスウテン	0
shousuutenaikotoba	しょうすうてないことば	ショウスウテナイコトバ	0
shout	しょう	ショウ	4
shouta	しょうた	ショウタ	0
shoutai	しょうたい	ショウタイ	0
shoutaiikasu	しょうたいいかす	ショウタイイカス	0
shoutaku	しょうたく	ショウタク	0
shoute	しょうて	ショウテ	0
shouten	しょうてん	ショウテン	0
shoutengai	しょうてんがい	ショウテンガイ	0
shoutenuchiakeru	しょうてぬちあける	ショウテヌチアケル	0
shoutotsu	しょうとつ	ショウトツ	0
shoutou	しょうとう	ショウトウ	0
shouwa	しょうわ	ショウワ	0
shouwakusei	しょうわくせい	ショウワクセイ	0
shouy	しょう	ショウ	4
shouyo	しょうよ	ショウヨ	0
shouyou	しょうよう	ショウヨウ	0
shouyu	しょうゆ	ショウユ	0
shouyuririifu	しょうゆりりいふ	ショウユリリイフ	0
shouzou	しょうぞう	ショウゾウ	0
shouzuru	しょうずる	ショウズル	0
shoyou	しょよう	ショヨウ	0
shoyuu	しょゆう	ショユウ	0
shoyuuken	しょゆうけん	ショユウケン	0
shoyuusha	しょゆうしゃ	ショユウシャ	0
shozai	しょざい	ショザイ	0
shozaichi	しょざいち	ショザイチ	0
shozoku	しょぞく	ショゾク	0
shozou	しょぞう	ショゾウ	0
shu	しゅ	シュ	0
shub	しゅ	シュ	3
shubetsu	しゅべつ	シュベツ	0
shubi	しゅび	シュビ	0
shubo	しゅぼ	シュボ	0
shubou	しゅぼう	シュボウ	0
shubouhanashikomu	しゅぼうはなしこむ	シュボウハナシコム	0
shuc	しゅ	シュ	3
shuch	しゅ	シュ	3
shucho	しゅちょ	シュチョ	0
shuchou	しゅちょう	シュチョウ	0
shuchoukoibito	しゅちょうこいびと	シュチョウコイビト	0
shuchuu	しゅちゅう	シュチュウ	0
shudai	しゅだい	シュダイ	0
shudan	しゅだん	シュダン	0
shudou	しゅどう	シュドウ	0
shudouken	しゅどうけん	シュドウケン	0
shuei	しゅえい	シュエイ	0
shuen	しゅえん	シュエン	0
shufu	しゅふ	シュフ	0
shufya	しゅふゃ	シュフャ	0
shug	しゅ	シュ	3
shuga	しゅが	シュガ	0
shugaa	しゅがあ	シュガア	0
shugaashidan	しゅがあしだん	シュガアシダン	0
shugan	しゅがん	シュガン	0
shugi	しゅぎ	シュギ	0
shugisha	しゅぎしゃ	シュギシャ	0
shugo	しゅご	シュゴ	0
shugyoku	しゅぎょく	シュギョク	0
shugyou	しゅぎょう	シュギョウ	0
shuhan	しゅはん	シュハン	0
shuhitsu	しゅひつ	シュヒツ	0
shuhou	しゅほう	シュホウ	0
shui	しゅい	シュイ	0
shuin	しゅいん	シュイン	0
shujii	しゅじい	シュジイ	0
shujiku	しゅじく	シュジク	0
shujin	しゅじん	シュジン	0
shujinkou	しゅじんこう	シュジンコウ	0
shuju	しゅじゅ	シュジュ	0
shujutsu	しゅじゅつ	シュジュツ	0
shuk	しゅ	シュ	3
shuka	しゅか	シュカ	0
shukan	しゅかん	シュカン	0
shukanrekishi	しゅかんれきし	シュカンレキシ	0
shukanteki	しゅかんてき	シュカンテキ	0
shukei	しゅけい	シュケイ	0
shukeikyoku	しゅけいきょく	シュケイキョク	0
shuken	しゅけん	シュケン	0
shuki	しゅき	シュキ	0
shukka	しゅっか	シュッカ	0
shukketsu	しゅっけつ	シュッケツ	0
shukkin	しゅっきん	シュッキン	0
shukkoku	しゅっこく	シュッコク	0
shukkou	しゅっこう	シュッコウ	0
shukou	しゅこう	シュコウ	0
shuku	しゅく	シュク	0
shukudai	しゅくだい	シュクダイ	0
shukuden	しゅくでん	シュクデン	0
shukueki	しゅくえき	シュクエキ	0
shukufuku	しゅくふく	シュクフク	0
shukug	しゅく	シュク	5
shukuga	しゅくが	シュクガ	0
shukugakurenai	しゅくがくれない	シュクガクレナイ	0
shukuhai	しゅくはい	シュクハイ	0
shukuhaku	しゅくはく	シュクハク	0
shukuji	しゅくじ	シュクジ	0
shukujitsu	しゅくじつ	シュクジツ	0
shukujo	しゅくじょ	シュクジョ	0
shukumei	しゅくめい	シュクメイ	0
shukun	しゅくん	シュクン	0
shukusei	しゅくせい	シュクセイ	0
shukusha	しゅくしゃ	シュクシャ	0
shukushaku	しゅくしゃく	シュクシャク	0
shukushou	しゅくしょう	シュクショウ	0
shukuteki	しゅくてき	シュクテキ	0
shukutoku	しゅくとく	シュクトク	0
shukuzu	しゅくず	シュクズ	0
shumi	しゅみ	シュミ	0
shumittokamera	しゅみっとかめら	シュミットカメラ	0
shumoku	しゅもく	シュモク	0
shun	しゅん	シュン	0
shunappusu	しゅなっぷす	シュナップス	0
shunbun	しゅんぶん	シュンブン	0
shunei	しゅねい	シュネイ	0
shunin	しゅにん	シュニン	0
shunji	しゅんじ	シュンジ	0
shunjuu	しゅんじゅう	シュンジュウ	0
shunkan	しゅんかん	シュンカン	0
shunkashuutou	しゅんかしゅうとう	シュンカシュウトウ	0
shunki	しゅんき	シュンキ	0
shunou	しゅのう	シュノウ	0
shunoubu	しゅのうぶ	シュノウブ	0
shunsoku	しゅんそく	シュンソク	0
shuntou	しゅんとう	シュントウ	0
shuppan	しゅっぱん	シュッパン	0
shuppanbutsu	しゅっぱんぶつ	シュッパンブツ	0
shuppansha	しゅっぱんしゃ	シュッパンシャ	0
shuppatsu	しゅっぱつ	シュッパツ	0
shuppi	しゅっぴ	シュッピ	0
shuppin	しゅっぴん	シュッピン	0
shupurehikooru	しゅぷれひこおる	シュプレヒコオル	0
shureddaa	しゅれっだあ	シュレッダア	0
shurui	しゅるい	シュルイ	0
shuruihoufu	しゅるいほうふ	シュルイホウフ	0
shururearisumu	しゅるれありすむ	シュルレアリスム	0
shuryoku	しゅりょく	シュリョク	0
shuryou	しゅりょう	シュリョウ	0
shuryuu	しゅりゅう	シュリュウ	0
shus	しゅ	シュ	3
shusa	しゅさ	シュサ	0
shusai	しゅさい	シュサイ	0
shusei	しゅせい	シュセイ	0
shuseki	しゅせき	シュセキ	0
shusen	しゅせん	シュセン	0
shusha	しゅしゃ	シュシャ	0
shushi	しゅし	シュシ	0
shushin	しゅしん	シュシン	0
shushoku	しゅしょく	シュショク	0
shushou	しゅしょう	シュショウ	0
shuss	しゅ	シュ	3
shussan	しゅっさん	シュッサン	0
shusse	しゅっせ	シュッセ	0
shussei	しゅっせい	シュッセイ	0
shusseki	しゅっせき	シュッセキ	0
shussekisha	しゅっせきしゃ	シュッセキシャ	0
shussh	しゅ	シュ	3
shussha	しゅっしゃ	シュッシャ	0
shusshi	しゅっし	シュッシ	0
shusshin	しゅっしん	シュッシン	0
shusshinchi	しゅっしんち	シュッシンチ	0
shusshinsha	しゅっしんしゃ	シュッシンシャ	0
shussho	しゅっしょ	シュッショ	0
shusshohoraa	しゅっしょほらあ	シュッショホラア	0
shusshou	しゅっしょう	シュッショウ	0
shussou	しゅっそう	シュッソウ	0
shusui	しゅすい	シュスイ	0
shut	しゅ	シュ	3
shutai	しゅたい	シュタイ	0
shutaiteki	しゅたいてき	シュタイテキ	0
shutaru	しゅたる	シュタル	0
shutchou	しゅ	シュ	3
shutchoujo	しゅ	シュ	3
shuto	しゅと	シュト	0
shutoken	しゅとけん	シュトケン	0
shutoku	しゅとく	シュトク	0
shutoshite	しゅとして	シュトシテ	0
shutou	しゅとう	シュトウ	0
shutouronriteki	しゅとうろんりてき	シュトウロンリテキ	0
shuts	しゅ	シュ	3
shutsu	しゅつ	シュツ	0
shutsuba	しゅつば	シュツバ	0
shutsubotsu	しゅつぼつ	シュツボツ	0
shutsud	しゅつ	シュツ	6
shutsudai	しゅつだい	シュツダイ	0
shutsudo	しゅつど	シュツド	0
shutsudou	しゅつどう	シュツドウ	0
shutsudoushuugyou	しゅつどうしゅうぎょう	シュツドウシュウギョウ	0
shutsue	しゅつえ	シュツエ	0
shutsuen	しゅつえん	シュツエン	0
shutsuenkuroshiro	しゅつえんくろしろ	シュツエンクロシロ	0
shutsugan	しゅつがん	シュツガン	0
shutsugeki	しゅつげき	シュツゲキ	0
shutsugen	しゅつげん	シュツゲン	0
shutsugoku	しゅつごく	シュツゴク	0
shutsujin	しゅつじん	シュツジン	0
shutsujou	しゅつじょう	シュツジョウ	0
shutsunyuu	しゅつにゅう	シュツニュウ	0
shutsurui	しゅつるい	シュツルイ	0
shutsuryoku	しゅつりょく	シュツリョク	0
shuttai	しゅったい	シュッタイ	0
shuttei	しゅってい	シュッテイ	0
shutten	しゅってん	シュッテン	0
shuttou	しゅっとう	シュットウ	0
shuu	しゅう	シュウ	0
shuuake	しゅうあけ	シュウアケ	0
shuuaku	しゅうあく	シュウアク	0
shuuban	しゅうばん	シュウバン	0
shuuberuto	しゅうべると	シュウベルト	0
shuubun	しゅうぶん	シュウブン	0
shuuchaku	しゅうちゃく	シュウチャク	0
shuuchakueki	しゅうちゃくえき	シュウチャクエキ	0
shuuchi	しゅうち	シュウチ	0
shuuchuu	しゅうちゅう	シュウチュウ	0
shuuchuugouu	しゅうちゅうごうう	シュウチュウゴウウ	0
shuuchuuryoku	しゅうちゅうりょく	シュウチュウリョク	0
shuudan	しゅうだん	シュウダン	0
shuuden	しゅうでん	シュウデン	0
shuudou	しゅうどう	シュウドウ	0
shuudouin	しゅうどういん	シュウドウイン	0
shuueki	しゅうえき	シュウエキ	0
shuuen	しゅうえん	シュウエン	0
shuufuku	しゅうふく	シュウフク	0
shuug	しゅう	シュウ	4
shuugaku	しゅうがく	シュウガク	0
shuugakuryokou	しゅうがくりょこう	シュウガクリョコウ	0
shuuge	しゅうげ	シュウゲ	0
shuugek	しゅうげ	シュウゲ	6
shuugeki	しゅうげき	シュウゲキ	0
shuugekishinkyuu	しゅうげきしんきゅう	シュウゲキシンキュウ	0
shuugi	しゅうぎ	シュウギ	0
shuugiin	しゅうぎいん	シュウギイン	0
shuugou	しゅうごう	シュウゴウ	0
shuugyou	しゅうぎょう	シュウギョウ	0
shuuha	しゅうは	シュウハ	0
shuuhasuu	しゅうはすう	シュウハスウ	0
shuuhen	しゅうへん	シュウヘン	0
shuuhyou	しゅうひょう	シュウヒョウ	0
shuui	しゅうい	シュウイ	0
shuuin	しゅういん	シュウイン	0
shuuitsu	しゅういつ	シュウイツ	0
shuuji	しゅうじ	シュウジ	0
shuujin	しゅうじん	シュウジン	0
shuujitsu	しゅうじつ	シュウジツ	0
shuujo	しゅうじょ	シュウジョ	0
shuuk	しゅう	シュウ	4
shuuka	しゅうか	シュウカ	0
shuukai	しゅうかい	シュウカイ	0
shuukaku	しゅうかく	シュウカク	0
shuukan	しゅうかん	シュウカン	0
shuukanshi	しゅうかんし	シュウカンシ	0
shuukatsu	しゅうかつ	シュウカツ	0
shuukei	しゅうけい	シュウケイ	0
shuuketsu	しゅうけつ	シュウケツ	0
shuuki	しゅうき	シュウキ	0
shuukikarakau	しゅうきからかう	シュウキカラカウ	0
shuukin	しゅうきん	シュウキン	0
shuukou	しゅうこう	シュウコウ	0
shuukuriimu	しゅうくりいむ	シュウクリイム	0
shuukyoku	しゅうきょく	シュウキョク	0
shuukyou	しゅうきょう	シュウキョウ	0
shuukyuu	しゅうきゅう	シュウキュウ	0
shuumatsu	しゅうまつ	シュウマツ	0
shuumei	しゅうめい	シュウメイ	0
shuumon	しゅうもん	シュウモン	0
shuunai	しゅうない	シュウナイ	0
shuunen	しゅうねん	シュウネン	0
shuunin	しゅうにん	シュウニン	0
shuunou	しゅうのう	シュウノウ	0
shuunyuu	しゅうにゅう	シュウニュウ	0
shuur	しゅう	シュウ	4
shuuraku	しゅうらく	シュウラク	0
shuuren	しゅうれん	シュウレン	0
shuuri	しゅうり	シュウリ	0
shuuroku	しゅうろく	シュウロク	0
shuurou	しゅうろう	シュウロウ	0
shuuru	しゅうる	シュウル	0
shuururearizumu	しゅうるれありずむ	シュウルレアリズム	0
shuury	しゅう	シュウ	4
shuuryo	しゅうりょ	シュウリョ	0
shuuryou	しゅうりょう	シュウリョウ	0
shuuryoug	しゅうりょう	シュウリョウ	8
shuuryougo	しゅうりょうご	シュウリョウゴ	0
shuuryougoseki	しゅうりょうごせき	シュウリョウゴセキ	0
shuus	しゅう	シュウ	4
shuusai	しゅうさい	シュウサイ	0
shuusaku	しゅうさく	シュウサク	0
shuusan	しゅうさん	シュウサン	0
shuusei	しゅうせい	シュウセイ	0
shuuseifu	しゅうせいふ	シュウセイフ	0
shuuseki	しゅうせき	シュウセキ	0
shuusen	しゅうせん	シュウセン	0
shuush	しゅう	シュウ	4
shuushi	しゅうし	シュウシ	0
shuushifu	しゅうしふ	シュウシフ	0
shuushikatei	しゅうしかてい	シュウシカテイ	0
shuushikobu	しゅうしこぶ	シュウシコブ	0
shuushin	しゅうしん	シュウシン	0
shuushinyuderu	しゅうしにゅでる	シュウシニュデル	0
shuushoku	しゅうしょく	シュウショク	0
shuushuku	しゅうしゅく	シュウシュク	0
shuushuu	しゅうしゅう	シュウシュウ	0
shuuso	しゅうそ	シュウソ	0
shuusoku	しゅうそく	シュウソク	0
shuutai	しゅうたい	シュウタイ	0
shuutaisei	しゅうたいせい	シュウタイセイ	0
shuutei	しゅうてい	シュウテイ	0
shuuten	しゅうてん	シュウテン	0
shuuto	しゅうと	シュウト	0
shuutoku	しゅうとく	シュウトク	0
shuutome	しゅうとめ	シュウトメ	0
shuutou	しゅうとう	シュウトウ	0
shuuwai	しゅうわい	シュウワイ	0
shuuyaku	しゅうやく	シュウヤク	0
shuuyou	しゅうよう	シュウヨウ	0
shuuyoujo	しゅうようじょ	シュウヨウジョ	0
shuuyuu	しゅうゆう	シュウユウ	0
shuuzen	しゅうぜん	シュウゼン	0
shuuzu	しゅうず	シュウズ	0
shuwa	しゅわ	シュワ	0
shuwan	しゅわん	シュワン	0
shuyaku	しゅやく	シュヤク	0
shuyou	しゅよう	シュヨウ	0
shuzai	しゅざい	シュザイ	0
shuzan	しゅざん	シュザン	0
shuzei	しゅぜい	シュゼイ	0
shuzeikyoku	しゅぜいきょく	シュゼイキョク	0
shuzoku	しゅぞく	シュゾク	0
shuzou	しゅぞう	シュゾウ	0
shya	しゃ	シャ	0
shyafye	しゃふぇ	シャフェ	0
shye	しぇ	シェ	0
shyefyi	しぇふぃ	シェフィ	0
shyi	しぃ	シィ	0
shyifyo	しぃふょ	シィフョ	0
shyo	しょ	ショ	0
shyofyu	しょふゅ	ショフュ	0
shyu	しゅ	シュ	0
shyuga	しゅが	シュガ	0
si	し	シ	0
sige	しげ	シゲ	0
so	そ	ソ	0
soa	そあ	ソア	0
soaku	そあく	ソアク	0
soan	そあん	ソアン	0
soanwaza	そあんわざ	ソアンワザ	0
sob	そ	ソ	2
soba	そば	ソバ	0
sobatouseki	そばとうせき	ソバトウセキ	0
sobaya	そばや	ソバヤ	0
sobieru	そびえる	ソビエル	0
sobieto	そびえと	ソビエト	0
sobo	そぼ	ソボ	0
soboku	そぼく	ソボク	0
soboro	そぼろ	ソボロ	0
sobou	そぼう	ソボウ	0
sobyou	そびょう	ソビョウ	0
sochi	そち	ソチ	0
sochira	そちら	ソチラ	0
sod	そ	ソ	2
soda	そだ	ソダ	0
sodac	そだ	ソダ	4
sodach	そだ	ソダ	4
sodachi	そだち	ソダチ	0
sodachisouin	そだちそういん	ソダチソウイン	0
sodai	そだい	ソダイ	0
sodateru	そだてる	ソダテル	0
sodatsu	そだつ	ソダツ	0
sode	そで	ソデ	0
soen	そえん	ソエン	0
soeru	そえる	ソエル	0
sofu	そふ	ソフ	0
sofua	そふあ	ソフア	0
sofuaa	そふああ	ソフアア	0
sofubo	そふぼ	ソフボ	0
sofuto	そふと	ソフト	0
sofutobooru	そふとぼおる	ソフトボオル	0
sofutodorinku	そふとどりんく	ソフトドリンク	0
sofutouea	そふとうえあ	ソフトウエア	0
sogai	そがい	ソガイ	0
sogga	そっが	ソッガ	0
soitsu	そいつ	ソイツ	0
sojou	そじょう	ソジョウ	0
sok	そ	ソ	2
sokai	そかい	ソカイ	0
sokaku	そかく	ソカク	0
sokk	そ	ソ	2
sokka	そっか	ソッカ	0
sokki	そっき	ソッキ	0
sokkin	そっきん	ソッキン	0
sokko	そっこ	ソッコ	0
sokkoku	そっこく	ソッコク	0
sokkou	そっこう	ソッコウ	0
sokkouj	そっこう	ソッコウ	6
sokkoujo	そっこうじょ	ソッコウジョ	0
sokkoujokougakunen	そっこうじょこうがくねん	ソッコウジョコウガクネン	0
sokkuri	そっくり	ソックリ	0
sokkusu	そっくす	ソックス	0
sokkyou	そっきょう	ソッキョウ	0
sokkyuu	そっきゅう	ソッキュウ	0
soko	そこ	ソコ	0
sokode	そこで	ソコデ	0
sokoire	そこいれ	ソコイレ	0
sokoj	そこ	ソコ	4
sokoji	そこじ	ソコジ	0
sokojik	そこじ	ソコジ	6
sokojika	そこじか	ソコジカ	0
sokojikar	そこじか	ソコジカ	8
sokojikara	そこじから	ソコジカラ	0
sokojikarandesu	そこじからんです	ソコジカランデス	0
sokoku	そこく	ソコク	0
sokonau	そこなう	ソコナウ	0
sokone	そこね	ソコネ	0
sokoneru	そこねる	ソコネル	0
sokorahen	そこらへん	ソコラヘン	0
sokou	そこう	ソコウ	0
sokouchi	そこうち	ソコウチ	0
soku	そく	ソク	0
sokubai	そくばい	ソクバイ	0
sokubaku	そくばく	ソクバク	0
sokud	そく	ソク	4
sokudo	そくど	ソクド	0
sokudokokubungaku	そくどこくぶんがく	ソクドコクブンガク	0
sokuhou	そくほう	ソクホウ	0
sokui	そくい	ソクイ	0
sokuji	そくじ	ソクジ	0
sokujitsu	そくじつ	ソクジツ	0
sokumen	そくめん	ソクメン	0
sokuryoku	そくりょく	ソクリョク	0
sokuryou	そくりょう	ソクリョウ	0
sokusei	そくせい	ソクセイ	0
sokuseki	そくせき	ソクセキ	0
sokusenryoku	そくせんりょく	ソクセンリョク	0
sokushi	そくし	ソクシ	0
sokushin	そくしん	ソクシン	0
sokusuru	そくする	ソクスル	0
sokutatsu	そくたつ	ソクタツ	0
sokutatsubin	そくたつびん	ソクタツビン	0
sokutei	そくてい	ソクテイ	0
sokuza	そくざ	ソクザ	0
sokuzani	そくざに	ソクザニ	0
som	そ	ソ	2
somaru	そまる	ソマル	0
somatsu	そまつ	ソマツ	0
some	そめ	ソメ	0
somer	そめ	ソメ	4
someru	そめる	ソメル	0
someruchokkyuu	そめるちょっきゅう	ソメルチョッキュウ	0
somosomo	そもそも	ソモソモ	0
somuku	そむく	ソムク	0
son	そん	ソン	0
sonae	そなえ	ソナエ	0
sonaeru	そなえる	ソナエル	0
sonaetsukeru	そなえつける	ソナエツケル	0
sonata	そなた	ソナタ	0
sonawaru	そなわる	ソナワル	0
sonbou	そんぼう	ソンボウ	0
sonchou	そんちょう	ソンチョウ	0
sond	そん	ソン	3
sonde	そんで	ソンデ	0
sondem	そんで	ソンデ	5
sondemo	そんでも	ソンデモ	0
sondemot	そんでも	ソンデモ	7
sondemott	そんでも	ソンデモ	7
sondemotte	そんでもって	ソンデモッテ	0
sondemottekyokumoku	そんでもってきょくもく	ソンデモッテキョクモク	0
soneki	そねき	ソネキ	0
songai	そんがい	ソンガイ	0
songaibaishou	そんがいばいしょう	ソンガイバイショウ	0
songaihoken	そんがいほけん	ソンガイホケン	0
songen	そんげん	ソンゲン	0
songikai	そんぎかい	ソンギカイ	0
songu	そんぐ	ソング	0
sonkai	そんかい	ソンカイ	0
sonkei	そんけい	ソンケイ	0
sonm	そん	ソン	3
sonmi	そんみ	ソンミ	0
sonmin	そんみん	ソンミン	0
sonminsani	そんみんさに	ソンミンサニ	0
sonna	そんな	ソンナ	0
sonnakonna	そんなこんな	ソンナコンナ	0
sonnanaka	そんななか	ソンナナカ	0
sonnani	そんなに	ソンナニ	0
sono	その	ソノ	0
sonohen	そのへん	ソノヘン	0
sonohoka	そのほか	ソノホカ	0
sonomama	そのまま	ソノママ	0
sonomono	そのもの	ソノモノ	0
sononaka	そのなか	ソノナカ	0
sonouchi	そのうち	ソノウチ	0
sonouchini	そのうちに	ソノウチニ	0
sonoue	そのうえ	ソノウエ	0
sonoyou	そのよう	ソノヨウ	0
sonpai	そんぱい	ソンパイ	0
sonritsu	そんりつ	ソンリツ	0
sonshitsu	そんしつ	ソンシツ	0
sonshou	そんしょう	ソンショウ	0
sonsuru	そんする	ソンスル	0
sontaku	そんたく	ソンタク	0
sontoku	そんとく	ソントク	0
sonzai	そんざい	ソンザイ	0
sonzoku	そんぞく	ソンゾク	0
soo	そお	ソオ	0
sooi	そおい	ソオイ	0
sooin	そおいん	ソオイン	0
sooing	そおいん	ソオイン	5
sooingu	そおいんぐ	ソオイング	0
sooingus	そおいんぐ	ソオイング	7
sooinguse	そおいんぐせ	ソオイングセ	0
sooinguset	そおいんぐせ	ソオイングセ	9
sooingusett	そおいんぐせ	ソオイングセ	9
sooingusetto	そおいんぐせっと	ソオイングセット	0
sooingusettoshippai	そおいんぐせっとしっぱい	ソオイングセットシッパイ	0
soopu	そおぷ	ソオプ	0
soopurando	そおぷらんど	ソオプランド	0
sooraa	そおらあ	ソオラア	0
sooseeji	そおせえじ	ソオセエジ	0
soosharuwaakaa	そおしゃるわあかあ	ソオシャルワアカア	0
soosu	そおす	ソオス	0
sopurano	そぷらの	ソプラノ	0
sor	そ	ソ	2
sora	そら	ソラ	0
sorasu	そらす	ソラス	0
sore	それ	ソレ	0
sorede	それで	ソレデ	0
soredeha	それでは	ソレデハ	0
soredeite	それでいて	ソレデイテ	0
soredemo	それでも	ソレデモ	0
sorehasateoki	それはさておき	ソレハサテオキ	0
sorehodo	それほど	ソレホド	0
soreja	それじゃ	ソレジャ	0
sorejaa	それじゃあ	ソレジャア	0
sorekara	それから	ソレカラ	0
soren	それん	ソレン	0
sorenara	それなら	ソレナラ	0
soreni	それに	ソレニ	0
sorenigenkin	それにげんきん	ソレニゲンキン	0
sorenishitemo	それにしても	ソレニシテモ	0
soreppoi	それっぽい	ソレッポイ	0
sorera	それら	ソレラ	0
sorerashii	それらしい	ソレラシイ	0
soreru	それる	ソレル	0
soretomo	それとも	ソレトモ	0
soreyori	それより	ソレヨリ	0
sorezore	それぞれ	ソレゾレ	0
sorisuto	そりすと	ソリスト	0
soro	そろ	ソロ	0
soroban	そろばん	ソロバン	0
soroe	そろえ	ソロエ	0
soroer	そろえ	ソロエ	5
soroeru	そろえる	ソロエル	0
soroeruzaigaikoukan	そろえるざいがいこうかん	ソロエルザイガイコウカン	0
sorosoro	そろそろ	ソロソロ	0
sorou	そろう	ソロウ	0
soru	そる	ソル	0
soryuushi	そりゅうし	ソリュウシ	0
sos	そ	ソ	2
sosaetei	そさえてい	ソサエテイ	0
sose	そせ	ソセ	0
sosei	そせい	ソセイ	0
sosek	そせ	ソセ	4
soseki	そせき	ソセキ	0
sosekikeizaifuusa	そせきけいざいふうさ	ソセキケイザイフウサ	0
sosen	そせん	ソセン	0
soshi	そし	ソシ	0
soshiki	そしき	ソシキ	0
soshikiteki	そしきてき	ソシキテキ	0
soshina	そしな	ソシナ	0
soshitara	そしたら	ソシタラ	0
soshite	そして	ソシテ	0
soshitsu	そしつ	ソシツ	0
soshou	そしょう	ソショウ	0
soso	そそ	ソソ	0
sosog	そそ	ソソ	4
sosogi	そそぎ	ソソギ	0
sosogik	そそぎ	ソソギ	6
sosogiko	そそぎこ	ソソギコ	0
sosogikom	そそぎこ	ソソギコ	8
sosogikomu	そそぎこむ	ソソギコム	0
sosogikomubonbe	そそぎこむぼんべ	ソソギコムボンベ	0
sosogu	そそぐ	ソソグ	0
sosokkashii	そそっかしい	ソソッカシイ	0
sosonokasu	そそのかす	ソソノカス	0
sosorareru	そそられる	ソソラレル	0
sossen	そっせん	ソッセン	0
sotchi	そ	ソ	2
sotchoku	そ	ソ	2
soto	そと	ソト	0
sotobori	そとぼり	ソトボリ	0
sotogawa	そとがわ	ソトガワ	0
sotozuke	そとずけ	ソトズケ	0
sotsugyou	そつぎょう	ソツギョウ	0
sotsugyougo	そつぎょうご	ソツギョウゴ	0
sotsugyousei	そつぎょうせい	ソツギョウセイ	0
sotsugyoushiki	そつぎょうしき	ソツギョウシキ	0
sotsui	そつい	ソツイ	0
sotsuu	そつう	ソツウ	0
sotte	そって	ソッテ	0
sotto	そっと	ソット	0
sou	そう	ソウ	0
souan	そうあん	ソウアン	0
souatari	そうあたり	ソウアタリ	0
souba	そうば	ソウバ	0
soubetsu	そうべつ	ソウベツ	0
soubetsukai	そうべつかい	ソウベツカイ	0
soubi	そうび	ソウビ	0
souc	そう	ソウ	3
souch	そう	ソウ	3
souchaku	そうちゃく	ソウチャク	0
souchi	そうち	ソウチ	0
soucho	そうちょ	ソウチョ	0
souchou	そうちょう	ソウチョウ	0
souchoujitsuzou	そうちょうじつぞう	ソウチョウジツゾウ	0
souda	そうだ	ソウダ	0
soudai	そうだい	ソウダイ	0
soudan	そうだん	ソウダン	0
soudanjo	そうだんじょ	ソウダンジョ	0
soudanyaku	そうだにゃく	ソウダニャク	0
soudatsu	そうだつ	ソウダツ	0
souden	そうでん	ソウデン	0
soudesu	そうです	ソウデス	0
soudesuga	そうですが	ソウデスガ	0
soudesune	そうですね	ソウデスネ	0
soudou	そうどう	ソウドウ	0
soudouin	そうどういん	ソウドウイン	0
soufu	そうふ	ソウフ	0
soug	そう	ソウ	3
sougaku	そうがく	ソウガク	0
sougankyou	そうがんきょう	ソウガンキョウ	0
souge	そうげ	ソウゲ	0
sougei	そうげい	ソウゲイ	0
sougen	そうげん	ソウゲン	0
sougenoozeki	そうげのおぜき	ソウゲノオゼキ	0
sougi	そうぎ	ソウギ	0
sougo	そうご	ソウゴ	0
sougoginkou	そうごぎんこう	ソウゴギンコウ	0
sougokouryuu	そうごこうりゅう	ソウゴコウリュウ	0
sougon	そうごん	ソウゴン	0
sougou	そうごう	ソウゴウ	0
sougout	そうごう	ソウゴウ	6
sougoute	そうごうて	ソウゴウテ	0
sougoutek	そうごうて	ソウゴウテ	8
sougouteki	そうごうてき	ソウゴウテキ	0
sougoutekimenshiki	そうごうてきめんしき	ソウゴウテキメンシキ	0
souguu	そうぐう	ソウグウ	0
sougyou	そうぎょう	ソウギョウ	0
souhonzan	そうほんざん	ソウホンザン	0
souhou	そうほう	ソウホウ	0
souhyou	そうひょう	ソウヒョウ	0
soui	そうい	ソウイ	0
souieba	そういえば	ソウイエバ	0
souin	そういん	ソウイン	0
souitta	そういった	ソウイッタ	0
souiu	そういう	ソウイウ	0
souiya	そういや	ソウイヤ	0
souji	そうじ	ソウジ	0
soujiki	そうじき	ソウジキ	0
soujishoku	そうじしょく	ソウジショク	0
soujou	そうじょう	ソウジョウ	0
soujuku	そうじゅく	ソウジュク	0
soujuu	そうじゅう	ソウジュウ	0
souka	そうか	ソウカ	0
soukagakkai	そうかがっかい	ソウカガッカイ	0
soukai	そうかい	ソウカイ	0
soukaiya	そうかいや	ソウカイヤ	0
soukan	そうかん	ソウカン	0
soukankankei	そうかんかんけい	ソウカンカンケイ	0
soukatsu	そうかつ	ソウカツ	0
souke	そうけ	ソウケ	0
soukei	そうけい	ソウケイ	0
souken	そうけん	ソウケン	0
soukessan	そうけっさん	ソウケッサン	0
souki	そうき	ソウキ	0
soukichiryou	そうきちりょう	ソウキチリョウ	0
soukin	そうきん	ソウキン	0
souko	そうこ	ソウコ	0
soukou	そうこう	ソウコウ	0
soukoushiteiruuchini	そうこうしているうちに	ソウコウシテイルウチニ	0
soukyuu	そうきゅう	ソウキュウ	0
soumoku	そうもく	ソウモク	0
soumu	そうむ	ソウム	0
soumubu	そうむぶ	ソウムブ	0
soumukyoku	そうむきょく	ソウムキョク	0
sounan	そうなん	ソウナン	0
sounaruto	そうなると	ソウナルト	0
sounen	そうねん	ソウネン	0
sounyuu	そうにゅう	ソウニュウ	0
souon	そうおん	ソウオン	0
souou	そうおう	ソウオウ	0
souran	そうらん	ソウラン	0
souretsu	そうれつ	ソウレツ	0
souri	そうり	ソウリ	0
souridaijin	そうりだいじん	ソウリダイジン	0
sourifu	そうりふ	ソウリフ	0
souritsu	そうりつ	ソウリツ	0
souron	そうろん	ソウロン	0
sourui	そうるい	ソウルイ	0
souryo	そうりょ	ソウリョ	0
souryoku	そうりょく	ソウリョク	0
souryou	そうりょう	ソウリョウ	0
souryouji	そうりょうじ	ソウリョウジ	0
sous	そう	ソウ	3
sousa	そうさ	ソウサ	0
sousai	そうさい	ソウサイ	0
sousakan	そうさかん	ソウサカン	0
sousaku	そうさく	ソウサク	0
souse	そうせ	ソウセ	0
sousei	そうせい	ソウセイ	0
souseij	そうせい	ソウセイ	6
souseiji	そうせいじ	ソウセイジ	0
souseijikouban	そうせいじこうばん	ソウセイジコウバン	0
sousenkyo	そうせんきょ	ソウセンキョ	0
sousetsu	そうせつ	ソウセツ	0
sousha	そうしゃ	ソウシャ	0
soushi	そうし	ソウシ	0
soushiki	そうしき	ソウシキ	0
soushin	そうしん	ソウシン	0
soushita	そうした	ソウシタ	0
soushitara	そうしたら	ソウシタラ	0
soushite	そうして	ソウシテ	0
soushitsu	そうしつ	ソウシツ	0
sousho	そうしょ	ソウショ	0
soushoku	そうしょく	ソウショク	0
soushun	そうしゅん	ソウシュン	0
soushutsu	そうしゅつ	ソウシュツ	0
sousou	そうそう	ソウソウ	0
sousui	そうすい	ソウスイ	0
sousureba	そうすれば	ソウスレバ	0
sousuruto	そうすると	ソウスルト	0
sousuu	そうすう	ソウスウ	0
soutai	そうたい	ソウタイ	0
soutaiteki	そうたいてき	ソウタイテキ	0
soutei	そうてい	ソウテイ	0
souten	そうてん	ソウテン	0
soutoku	そうとく	ソウトク	0
soutou	そうとう	ソウトウ	0
souwa	そうわ	ソウワ	0
souz	そう	ソウ	3
souzai	そうざい	ソウザイ	0
souzei	そうぜい	ソウゼイ	0
souzen	そうぜん	ソウゼン	0
souzo	そうぞ	ソウゾ	0
souzok	そうぞ	ソウゾ	5
souzoku	そうぞく	ソウゾク	0
souzokukonyakusha	そうぞくこにゃくしゃ	ソウゾクコニャクシャ	0
souzokuzei	そうぞくぜい	ソウゾクゼイ	0
souzou	そうぞう	ソウゾウ	0
souzouryoku	そうぞうりょく	ソウゾウリョク	0
souzoushii	そうぞうしい	ソウゾウシイ	0
souzouteki	そうぞうてき	ソウゾウテキ	0
sowasowa	そわそわ	ソワソワ	0
soya	そや	ソヤ	0
soyokaze	そよかぜ	ソヨカゼ	0
soyuuzu	そゆうず	ソユウズ	0
sozai	そざい	ソザイ	0
sozei	そぜい	ソゼイ	0
ssa	っさ	ッサ	0
ssagge	っさっげ	ッサッゲ	0
sse	っせ	ッセ	0
sseggi	っせっぎ	ッセッギ	0
ssha	っしゃ	ッシャ	0
sshaggo	っしゃっご	ッシャッゴ	0
sshe	っしぇ	ッシェ	0
ssheggu	っしぇっぐ	ッシェッグ	0
sshi	っし	ッシ	0
sshiggwa	っしっぐぁ	ッシッグァ	0
ssho	っしょ	ッショ	0
sshoggwe	っしょっぐぇ	ッショッグェ	0
sshu	っしゅ	ッシュ	0
sshuggwi	っしゅっぐぃ	ッシュッグィ	0
sshya	っしゃ	ッシャ	0
sshyaggwo	っしゃっぐぉ	ッシャッグォ	0
sshye	っしぇ	ッシェ	0
sshyeggwu	っしぇっぐぅ	ッシェッグゥ	0
sshyi	っしぃ	ッシィ	0
sshyiggya	っしぃっぎゃ	ッシィッギャ	0
sshyo	っしょ	ッショ	0
sshyoggye	っしょっぎぇ	ッショッギェ	0
sshyu	っしゅ	ッシュ	0
sshyuggyi	っしゅっぎぃ	ッシュッギィ	0
ssi	っし	ッシ	0
ssiggyo	っしっぎょ	ッシッギョ	0
sso	っそ	ッソ	0
ssoggyu	っそっぎゅ	ッソッギュ	0
ssu	っす	ッス	0
ssugi	っすぎ	ッスギ	0
sswa	っすぁ	ッスァ	0
sswago	っすぁご	ッスァゴ	0
sswe	っすぇ	ッスェ	0
sswegu	っすぇぐ	ッスェグ	0
sswi	っすぃ	ッスィ	0
sswigwa	っすぃぐぁ	ッスィグァ	0
sswo	っすぉ	ッスォ	0
sswogwe	っすぉぐぇ	ッスォグェ	0
sswu	っすぅ	ッスゥ	0
sswugwi	っすぅぐぃ	ッスゥグィ	0
ssya	っしゃ	ッシャ	0
ssyagwo	っしゃぐぉ	ッシャグォ	0
ssye	っしぇ	ッシェ	0
ssyegwu	っしぇぐぅ	ッシェグゥ	0
ssyi	っしぃ	ッシィ	0
ssyigya	っしぃぎゃ	ッシィギャ	0
ssyo	っしょ	ッショ	0
ssyogye	っしょぎぇ	ッショギェ	0
ssyu	っしゅ	ッシュ	0
ssyugyi	っしゅぎぃ	ッシュギィ	0
su	す	ス	0
subarashii	すばらしい	スバラシイ	0
subayai	すばやい	スバヤイ	0
subeki	すべき	スベキ	0
suberidai	すべりだい	スベリダイ	0
suberu	すべる	スベル	0
subete	すべて	スベテ	0
suc	す	ス	2
such	す	ス	2
suchiimu	すちいむ	スチイム	0
suchiiru	すちいる	スチイル	0
suchu	すちゅ	スチュ	0
suchuw	すちゅ	スチュ	5
suchuwa	すちゅわ	スチュワ	0
suchuwaa	すちゅわあ	スチュワア	0
suchuwaad	すちゅわあ	スチュワア	8
suchuwaade	すちゅわあで	スチュワアデ	0
suchuwaades	すちゅわあで	スチュワアデ	10
suchuwaadesu	すちゅわあです	スチュワアデス	0
suchuwaadesuniru	すちゅわあですにる	スチュワアデスニル	0
sudachi	すだち	スダチ	0
sudeni	すでに	スデニ	0
sue	すえ	スエ	0
suehiro	すえひろ	スエヒロ	0
suekko	すえっこ	スエッコ	0
suen	すえん	スエン	0
sueni	すえに	スエニ	0
suenisutoppaa	すえにすとっぱあ	スエニストッパア	0
sueoki	すえおき	スエオキ	0
sueru	すえる	スエル	0
suetsukeru	すえつける	スエツケル	0
sufyinkusu	すふぃんくす	スフィンクス	0
sugao	すがお	スガオ	0
sugaru	すがる	スガル	0
sugasugashii	すがすがしい	スガスガシイ	0
sugata	すがた	スガタ	0
suge	すげ	スゲ	0
suggoi	すっごい	スッゴイ	0
sugi	すぎ	スギ	0
sugiru	すぎる	スギル	0
sugoi	すごい	スゴイ	0
sugosu	すごす	スゴス	0
sugu	すぐ	スグ	0
suguni	すぐに	スグニ	0
sugureru	すぐれる	スグレル	0
sugusama	すぐさま	スグサマ	0
sugusoba	すぐそば	スグソバ	0
sugyo	すぎょ	スギョ	0
sui	すい	スイ	0
suibaku	すいばく	スイバク	0
suibokuga	すいぼくが	スイボクガ	0
suibun	すいぶん	スイブン	0
suichoku	すいちょく	スイチョク	0
suichuu	すいちゅう	スイチュウ	0
suiden	すいでん	スイデン	0
suidou	すいどう	スイドウ	0
suidousui	すいどうすい	スイドウスイ	0
suiei	すいえい	スイエイ	0
suigai	すいがい	スイガイ	0
suigara	すいがら	スイガラ	0
suigen	すいげん	スイゲン	0
suigin	すいぎん	スイギン	0
suigyuu	すいぎゅう	スイギュウ	0
suihanki	すいはんき	スイハンキ	0
suihei	すいへい	スイヘイ	0
suiheisen	すいへいせん	スイヘイセン	0
suihou	すいほう	スイホウ	0
suii	すいい	スイイ	0
suiiki	すいいき	スイイキ	0
suiipaa	すいいぱあ	スイイパア	0
suiito	すいいと	スイイト	0
suijaku	すいじゃく	スイジャク	0
suiji	すいじ	スイジ	0
suijou	すいじょう	スイジョウ	0
suijouki	すいじょうき	スイジョウキ	0
suijun	すいじゅん	スイジュン	0
suika	すいか	スイカ	0
suikei	すいけい	スイケイ	0
suikomu	すいこむ	スイコム	0
suikou	すいこう	スイコウ	0
suim	すい	スイ	3
suimaa	すいまあ	スイマア	0
suime	すいめ	スイメ	0
suimen	すいめん	スイメン	0
suimenmawari	すいめんまわり	スイメンマワリ	0
suimin	すいみん	スイミン	0
suimingukurabu	すいみんぐくらぶ	スイミングクラブ	0
suingu	すいんぐ	スイング	0
suion	すいおん	スイオン	0
suir	すい	スイ	3
suiri	すいり	スイリ	0
suiribusho	すいりぶしょ	スイリブショ	0
suirishousetsu	すいりしょうせつ	スイリショウセツ	0
suiro	すいろ	スイロ	0
suiron	すいろん	スイロン	0
suiryoku	すいりょく	スイリョク	0
suiryou	すいりょう	スイリョウ	0
suis	すい	スイ	3
suisaiga	すいさいが	スイサイガ	0
suisan	すいさん	スイサン	0
suisanbutsu	すいさんぶつ	スイサンブツ	0
suisanchou	すいさんちょう	スイサンチョウ	0
suisangyou	すいさんぎょう	スイサンギョウ	0
suisei	すいせい	スイセイ	0
suisen	すいせん	スイセン	0
suish	すい	スイ	3
suisha	すいしゃ	スイシャ	0
suishi	すいし	スイシ	0
suishin	すいしん	スイシン	0
suishitsu	すいしつ	スイシツ	0
suisho	すいしょ	スイショ	0
suishou	すいしょう	スイショウ	0
suishoukankyou	すいしょうかんきょう	スイショウカンキョウ	0
suishoumaeuriken	すいしょうまえうりけん	スイショウマエウリケン	0
suiso	すいそ	スイソ	0
suisoku	すいそく	スイソク	0
suisou	すいそう	スイソウ	0
suisu	すいす	スイス	0
suitai	すいたい	スイタイ	0
suitchi	すい	スイ	3
suitei	すいてい	スイテイ	0
suiteki	すいてき	スイテキ	0
suitou	すいとう	スイトウ	0
suiyou	すいよう	スイヨウ	0
suiyoubi	すいようび	スイヨウビ	0
suiyousei	すいようせい	スイヨウセイ	0
suizokukan	すいぞくかん	スイゾクカン	0
suji	すじ	スジ	0
sujichigai	すじちがい	スジチガイ	0
sujigaki	すじがき	スジガキ	0
sujimichi	すじみち	スジミチ	0
suk	す	ス	2
suka	すか	スカ	0
sukaafu	すかあふ	スカアフ	0
sukaaretto	すかあれっと	スカアレット	0
sukaato	すかあと	スカアト	0
sukai	すかい	スカイ	0
sukairain	すかいらいん	スカイライン	0
sukaishisan	すかいしさん	スカイシサン	0
sukanku	すかんく	スカンク	0
sukarashippu	すからしっぷ	スカラシップ	0
sukaru	すかる	スカル	0
sukasazu	すかさず	スカサズ	0
sukasshu	すかっしゅ	スカッシュ	0
sukauto	すかうと	スカウト	0
sukeepugooto	すけえぷごおと	スケエプゴオト	0
sukeeru	すけえる	スケエル	0
sukeetaa	すけえたあ	スケエタア	0
sukeeteingu	すけえていんぐ	スケエテイング	0
sukeeto	すけえと	スケエト	0
sukeetorinku	すけえとりんく	スケエトリンク	0
sukejuuru	すけじゅうる	スケジュウル	0
suketchi	すけ	スケ	4
suketchibukku	すけ	スケ	4
suketto	すけっと	スケット	0
suki	すき	スキ	0
sukii	すきい	スキイ	0
sukiiyaa	すきいやあ	スキイヤア	0
sukikirai	すききらい	スキキライ	0
sukima	すきま	スキマ	0
sukin	すきん	スキン	0
sukinkea	すきんけあ	スキンケア	0
sukinshippu	すきんしっぷ	スキンシップ	0
sukippaa	すきっぱあ	スキッパア	0
sukit	すき	スキ	4
sukito	すきと	スキト	0
sukitoo	すきとお	スキトオ	0
sukitoor	すきとお	スキトオ	7
sukitooru	すきとおる	スキトオル	0
sukitoorujuuhachinichi	すきとおるじゅうはちにち	スキトオルジュウハチニチ	0
sukiyaki	すきやき	スキヤキ	0
sukizuki	すきずき	スキズキ	0
sukkari	すっかり	スッカリ	0
sukkiri	すっきり	スッキリ	0
sukoa	すこあ	スコア	0
sukoaboodo	すこあぼおど	スコアボオド	0
sukookaa	すこおかあ	スコオカア	0
sukoopu	すこおぷ	スコオプ	0
sukooru	すこおる	スコオル	0
sukoppu	すこっぷ	スコップ	0
sukoshi	すこし	スコシ	0
sukoshimo	すこしも	スコシモ	0
sukoshizutsu	すこしずつ	スコシズツ	0
sukotchi	すこ	スコ	4
sukoyaka	すこやか	スコヤカ	0
suku	すく	スク	0
sukuea	すくえあ	スクエア	0
sukui	すくい	スクイ	0
sukuizu	すくいず	スクイズ	0
sukun	すくん	スクン	0
sukuna	すくな	スクナ	0
sukunai	すくない	スクナイ	0
sukunaianatagata	すくないあなたがた	スクナイアナタガタ	0
sukunakarazu	すくなからず	スクナカラズ	0
sukunakutomo	すくなくとも	スクナクトモ	0
sukur	すく	スク	4
sukura	すくら	スクラ	0
sukuramu	すくらむ	スクラム	0
sukuranburu	すくらんぶる	スクランブル	0
sukurap	すくら	スクラ	6
sukurapp	すくら	スクラ	6
sukurappu	すくらっぷ	スクラップ	0
sukurappumesu	すくらっぷめす	スクラップメス	0
sukuriin	すくりいん	スクリイン	0
sukuriputaa	すくりぷたあ	スクリプタア	0
sukuryuu	すくりゅう	スクリュウ	0
sukuu	すくう	スクウ	0
sukuupu	すくうぷ	スクウプ	0
sukuuru	すくうる	スクウル	0
sukuutaa	すくうたあ	スクウタア	0
sukuwareru	すくわれる	スクワレル	0
sukyan	すきゃん	スキャン	0
sukyanaa	すきゃなあ	スキャナア	0
sukyandarasu	すきゃんだらす	スキャンダラス	0
sukyandaru	すきゃんだる	スキャンダル	0
sukyuuba	すきゅうば	スキュウバ	0
sum	す	ス	2
sumaato	すまあと	スマアト	0
sumaho	すまほ	スマホ	0
sumai	すまい	スマイ	0
sumairu	すまいる	スマイル	0
sumanai	すまない	スマナイ	0
sumaseru	すませる	スマセル	0
sumashigao	すましがお	スマシガオ	0
sumasshu	すまっしゅ	スマッシュ	0
sumasu	すます	スマス	0
sumau	すまう	スマウ	0
sumi	すみ	スミ	0
sumie	すみえ	スミエ	0
sumigokochi	すみごこち	スミゴコチ	0
sumikiru	すみきる	スミキル	0
sumimasen	すみません	スミマセン	0
sumiyaka	すみやか	スミヤカ	0
sumizumi	すみずみ	スミズミ	0
sumo	すも	スモ	0
sumog	すも	スモ	4
sumogg	すも	スモ	4
sumoggu	すもっぐ	スモッグ	0
sumogguunuboreru	すもっぐうぬぼれる	スモッグウヌボレル	0
sumookaa	すもおかあ	スモオカア	0
sumou	すもう	スモウ	0
sumoutori	すもうとり	スモウトリ	0
sumu	すむ	スム	0
sumukigen	すむきげん	スムキゲン	0
sumumugen	すむむげん	スムムゲン	0
sumuuzu	すむうず	スムウズ	0
sun	すん	スン	0
suna	すな	スナ	0
sunadokei	すなどけい	スナドケイ	0
sunahama	すなはま	スナハマ	0
sunakku	すなっく	スナック	0
sunao	すなお	スナオ	0
sunaokenkyuukan	すなおけんきゅうかん	スナオケンキュウカン	0
sunappu	すなっぷ	スナップ	0
sunatchi	すな	スナ	4
sunawachi	すなわち	スナワチ	0
sundan	すんだん	スンダン	0
sune	すね	スネ	0
suneeku	すねえく	スネエク	0
sungoi	すんごい	スンゴイ	0
suniikaa	すにいかあ	スニイカア	0
sunka	すんか	スンカ	0
sunomono	すのもの	スノモノ	0
sunoo	すのお	スノオ	0
sunooboodo	すのおぼおど	スノオボオド	0
sunoobooto	すのおぼおと	スノオボオト	0
sunpou	すんぽう	スンポウ	0
sunzen	すんぜん	スンゼン	0
sup	す	ス	2
supa	すぱ	スパ	0
supaaku	すぱあく	スパアク	0
supaaringu	すぱありんぐ	スパアリング	0
supaato	すぱあと	スパアト	0
supagetei	すぱげてい	スパゲテイ	0
supagettei	すぱげってい	スパゲッテイ	0
supai	すぱい	スパイ	0
supaiku	すぱいく	スパイク	0
supairaru	すぱいらる	スパイラル	0
supaisu	すぱいす	スパイス	0
supam	すぱ	スパ	4
supamu	すぱむ	スパム	0
supamukyoumibukai	すぱむきょうみぶかい	スパムキョウミブカイ	0
supan	すぱん	スパン	0
supattsu	すぱっつ	スパッツ	0
supe	すぺ	スペ	0
supea	すぺあ	スペア	0
supeeshingu	すぺえしんぐ	スペエシング	0
supeesu	すぺえす	スペエス	0
supeesushatoru	すぺえすしゃとる	スペエスシャトル	0
supein	すぺいん	スペイン	0
supeingo	すぺいんご	スペインゴ	0
supek	すぺ	スペ	4
supeku	すぺく	スペク	0
supekut	すぺく	スペク	6
supekutakuru	すぺくたくる	スペクタクル	0
supekuto	すぺくと	スペクト	0
supekutor	すぺくと	スペクト	8
supekutoru	すぺくとる	スペクトル	0
supekutorushisa	すぺくとるしさ	スペクトルシサ	0
supensaajaketto	すぺんさあじゃけっと	スペンサアジャケット	0
superu	すぺる	スペル	0
supesharisuto	すぺしゃりすと	スペシャリスト	0
supesharu	すぺしゃる	スペシャル	0
supi	すぴ	スピ	0
supia	すぴあ	スピア	0
supii	すぴい	スピイ	0
supiic	すぴい	スピイ	5
supiich	すぴい	スピイ	5
supiichi	すぴいち	スピイチ	0
supiichijikai	すぴいちじかい	スピイチジカイ	0
supiideii	すぴいでいい	スピイデイイ	0
supiido	すぴいど	スピイド	0
supiidoappu	すぴいどあっぷ	スピイドアップ	0
supiidouee	すぴいどうええ	スピイドウエエ	0
supiidouei	すぴいどうえい	スピイドウエイ	0
supiikaa	すぴいかあ	スピイカア	0
supin	すぴん	スピン	0
supiritto	すぴりっと	スピリット	0
supirurina	すぴるりな	スピルリナ	0
suponji	すぽんじ	スポンジ	0
suponjikeeki	すぽんじけえき	スポンジケエキ	0
suponsaa	すぽんさあ	スポンサア	0
supooku	すぽおく	スポオク	0
supookusuman	すぽおくすまん	スポオクスマン	0
supootei	すぽおてい	スポオテイ	0
supooteii	すぽおていい	スポオテイイ	0
supootsu	すぽおつ	スポオツ	0
supootsukaa	すぽおつかあ	スポオツカア	0
supootsuman	すぽおつまん	スポオツマン	0
supootsushinbun	すぽおつしんぶん	スポオツシンブン	0
supotto	すぽっと	スポット	0
supottoraito	すぽっとらいと	スポットライト	0
suppai	すっぱい	スッパイ	0
suppori	すっぽり	スッポリ	0
supuree	すぷれえ	スプレエ	0
supuringu	すぷりんぐ	スプリング	0
supurinkuraa	すぷりんくらあ	スプリンクラア	0
supurintaa	すぷりんたあ	スプリンタア	0
supurinto	すぷりんと	スプリント	0
supuritto	すぷりっと	スプリット	0
supuun	すぷうん	スプウン	0
sur	す	ス	2
sura	すら	スラ	0
suraidaa	すらいだあ	スライダア	0
suraideingu	すらいでいんぐ	スライデイング	0
suraido	すらいど	スライド	0
suraisu	すらいす	スライス	0
surakku	すらっく	スラック	0
surakkusu	すらっくす	スラックス	0
suranpu	すらんぷ	スランプ	0
suraroomu	すらろおむ	スラロオム	0
surasura	すらすら	スラスラ	0
sureba	すれば	スレバ	0
sureeto	すれえと	スレエト	0
sureibu	すれいぶ	スレイブ	0
surendaa	すれんだあ	スレンダア	0
suresure	すれすれ	スレスレ	0
suri	すり	スリ	0
suriisaizu	すりいさいず	スリイサイズ	0
surikizu	すりきず	スリキズ	0
surimu	すりむ	スリム	0
surippa	すりっぱ	スリッパ	0
surippu	すりっぷ	スリップ	0
suriraa	すりらあ	スリラア	0
suriringu	すりりんぐ	スリリング	0
suriru	すりる	スリル	0
suritto	すりっと	スリット	0
suro	すろ	スロ	0
surobakia	すろばきあ	スロバキア	0
surobenia	すろべにあ	スロベニア	0
suroo	すろお	スロオ	0
suroogan	すろおがん	スロオガン	0
suroop	すろお	スロオ	5
suroopu	すろおぷ	スロオプ	0
suroopushizenkagaku	すろおぷしぜんかがく	スロオプシゼンカガク	0
surotto	すろっと	スロット	0
suru	する	スル	0
surubeki	するべき	スルベキ	0
surudoi	するどい	スルドイ	0
suruto	すると	スルト	0
suruu	するう	スルウ	0
susamajii	すさまじい	スサマジイ	0
sushi	すし	スシ	0
suso	すそ	スソ	0
susume	すすめ	ススメ	0
susumeru	すすめる	ススメル	0
susumi	すすみ	ススミ	0
susumu	すすむ	ススム	0
sut	す	ス	2
suta	すた	スタ	0
sutaa	すたあ	スタア	0
sutaaringuenjin	すたありんぐえんじん	スタアリングエンジン	0
sutaataa	すたあたあ	スタアタア	0
sutaato	すたあと	スタアト	0
sutaatorain	すたあとらいん	スタアトライン	0
sutaaz	すたあ	スタア	5
sutaazu	すたあず	スタアズ	0
sutaazua	すたあずあ	スタアズア	0
sutaazuan	すたあずあん	スタアズアン	0
sutaazuand	すたあずあん	スタアズアン	9
sutaazuando	すたあずあんど	スタアズアンド	0
sutaazuandos	すたあずあんど	スタアズアンド	11
sutaazuandosu	すたあずあんどす	スタアズアンドス	0
sutaazuandosut	すたあずあんどす	スタアズアンドス	13
sutaazuandosuto	すたあずあんどすと	スタアズアンドスト	0
sutaazuandosutor	すたあずあんどすと	スタアズアンドスト	15
sutaazuandosutora	すたあずあんどすとら	スタアズアンドストラ	0
sutaazuandosutorai	すたあずあんどすとらい	スタアズアンドストライ	0
sutaazuandosutoraip	すたあずあんどすとらい	スタアズアンドストライ	18
sutaazuandosutoraipu	すたあずあんどすとらいぷ	スタアズアンドストライプ	0
sutaazuandosutoraipus	すたあずあんどすとらいぷ	スタアズアンドストライプ	20
sutaazuandosutoraipusu	すたあずあんどすとらいぷす	スタアズアンドストライプス	0
sutaazuandosutoraipusujigo	すたあずあんどすとらいぷすじご	スタアズアンドストライプスジゴ	0
sutabu	すたぶ	スタブ	0
sutaffu	すたっふ	スタッフ	0
sutaimii	すたいみい	スタイミイ	0
sutairingu	すたいりんぐ	スタイリング	0
sutairisuto	すたいりすと	スタイリスト	0
sutairu	すたいる	スタイル	0
sutajiamu	すたじあむ	スタジアム	0
sutajio	すたじお	スタジオ	0
sutamen	すためん	スタメン	0
sutamina	すたみな	スタミナ	0
sutan	すたん	スタン	0
sutandaado	すたんだあど	スタンダアド	0
sutando	すたんど	スタンド	0
sutanfuoodo	すたんふおおど	スタンフオオド	0
sutangan	すたんがん	スタンガン	0
sutanpu	すたんぷ	スタンプ	0
sutansu	すたんす	スタンス	0
suteeji	すてえじ	ステエジ	0
suteeki	すてえき	ステエキ	0
suteeshon	すてえしょん	ステエション	0
suteetasu	すてえたす	ステエタス	0
suteeto	すてえと	ステエト	0
suteetoama	すてえとあま	ステエトアマ	0
suteetomento	すてえとめんと	ステエトメント	0
sutego	すてご	ステゴ	0
suteikku	すていっく	ステイック	0
suteingaa	すていんがあ	ステインガア	0
suteitasu	すていたす	ステイタス	0
suteki	すてき	ステキ	0
sutekkaa	すてっかあ	ステッカア	0
sutekki	すてっき	ステッキ	0
sutendogurasu	すてんどぐらす	ステンドグラス	0
sutenresu	すてんれす	ステンレス	0
suteppu	すてっぷ	ステップ	0
sutereo	すてれお	ステレオ	0
sutereotaipu	すてれおたいぷ	ステレオタイプ	0
suteroido	すてろいど	ステロイド	0
suteru	すてる	ステル	0
suterusu	すてるす	ステルス	0
suto	すと	スト	0
sutoa	すとあ	ストア	0
sutoichizumu	すといちずむ	ストイチズム	0
sutoikku	すといっく	ストイック	0
sutokkingu	すとっきんぐ	ストッキング	0
sutokku	すとっく	ストック	0
sutokkuhorumu	すとっくほるむ	ストックホルム	0
sutoo	すとお	ストオ	0
sutoobu	すとおぶ	ストオブ	0
sutookaa	すとおかあ	ストオカア	0
sutoomu	すとおむ	ストオム	0
sutoonuosshu	すとおぬおっしゅ	ストオヌオッシュ	0
sutoor	すとお	ストオ	5
sutoorii	すとおりい	ストオリイ	0
sutooru	すとおる	ストオル	0
sutoorumochikosu	すとおるもちこす	ストオルモチコス	0
sutoppaa	すとっぱあ	ストッパア	0
sutoppu	すとっぷ	ストップ	0
sutoppuuotchi	すとっぷうお	ストップウオ	9
sutor	すと	スト	4
sutoraikaa	すとらいかあ	ストライカア	0
sutoraiki	すとらいき	ストライキ	0
sutoraiku	すとらいく	ストライク	0
sutoraipu	すとらいぷ	ストライプ	0
sutoreeto	すとれえと	ストレエト	0
sutoresu	すとれす	ストレス	0
sutoretchi	すとれ	ストレ	6
sutoriikaa	すとりいかあ	ストリイカア	0
sutoriito	すとりいと	ストリイト	0
sutorippaa	すとりっぱあ	ストリッパア	0
sutorippu	すとりっぷ	ストリップ	0
sutoro	すとろ	ストロ	0
sutoroberii	すとろべりい	ストロベリイ	0
sutorobo	すとろぼ	ストロボ	0
sutoronchiumu	すとろんちうむ	ストロンチウム	0
sutoroo	すとろお	ストロオ	0
sutorook	すとろお	ストロオ	7
sutorooku	すとろおく	ストロオク	0
sutorookujikantai	すとろおくじかんたい	ストロオクジカンタイ	0
sutto	すっと	スット	0
suu	すう	スウ	0
suuchi	すうち	スウチ	0
suueeden	すうええでん	スウエエデン	0
suufun	すうふん	スウフン	0
suugaku	すうがく	スウガク	0
suuhai	すうはい	スウハイ	0
suuhyaku	すうひゃく	スウヒャク	0
suuifuto	すういふと	スウイフト	0
suuji	すうじ	スウジ	0
suujikan	すうじかん	スウジカン	0
suujiku	すうじく	スウジク	0
suujitsu	すうじつ	スウジツ	0
suujuu	すうじゅう	スウジュウ	0
suukagetsu	すうかげつ	スウカゲツ	0
suukai	すうかい	スウカイ	0
suuko	すうこ	スウコ	0
suukou	すうこう	スウコウ	0
suuman	すうまん	スウマン	0
suunen	すうねん	スウネン	0
suunenmae	すうねんまえ	スウネンマエ	0
suunin	すうにん	スウニン	0
suuokunen	すうおくねん	スウオクネン	0
suupaa	すうぱあ	スウパア	0
suupaabaizaa	すうぱあばいざあ	スウパアバイザア	0
suupaabouru	すうぱあぼうる	スウパアボウル	0
suupaacheen	すうぱあちぇえん	スウパアチェエン	0
suupaamaaketto	すうぱあまあけっと	スウパアマアケット	0
suupaaman	すうぱあまん	スウパアマン	0
suupaasutaa	すうぱあすたあ	スウパアスタア	0
suupu	すうぷ	スウプ	0
suuryou	すうりょう	スウリョウ	0
suusen	すうせん	スウセン	0
suutsu	すうつ	スウツ	0
suutsukeesu	すうつけえす	スウツケエス	0
suwahirigo	すわひりご	スワヒリゴ	0
suwan	すわん	スワン	0
suwappu	すわっぷ	スワップ	0
suwari	すわり	スワリ	0
suwarikomi	すわりこみ	スワリコミ	0
suwaru	すわる	スワル	0
suyasuya	すやすや	スヤスヤ	0
suzu	すず	スズ	0
suzume	すずめ	スズメ	0
suzumu	すずむ	スズム	0
suzushii	すずしい	スズシイ	0
swa	すぁ	スァ	0
swagyu	すぁぎゅ	スァギュ	0
swe	すぇ	スェ	0
sweha	すぇは	スェハ	0
swi	すぃ	スィ	0
swihe	すぃへ	スィヘ	0
swo	すぉ	スォ	0
swohha	すぉっは	スォッハ	0
swu	すぅ	スゥ	0
swuhhe	すぅっへ	スゥッヘ	0
sya	しゃ	シャ	0
syahhi	しゃっひ	シャッヒ	0
sye	しぇ	シェ	0
syehho	しぇっほ	シェッホ	0
syi	しぃ	シィ	0
syihhu	しぃっふ	シィッフ	0
syo	しょ	ショ	0
syohhya	しょっひゃ	ショッヒャ	0
syu	しゅ	シュ	0
syuhhye	しゅっひぇ	シュッヒェ	0
t			0
ta	た	タ	0
taa	たあ	タア	0
taabin	たあびん	タアビン	0
taabo	たあぼ	タアボ	0
taag	たあ	タア	3
taage	たあげ	タアゲ	0
taaget	たあげ	タアゲ	5
taagett	たあげ	タアゲ	5
taagetto	たあげっと	タアゲット	0
taagettoshikkan	たあげっとしっかん	タアゲットシッカン	0
taaminaru	たあみなる	タアミナル	0
taan	たあん	タアン	0
taaru	たある	タアル	0
tab	た	タ	2
taba	たば	タバ	0
tabako	たばこ	タバコ	0
tabaneru	たばねる	タバネル	0
tabearuki	たべあるき	タベアルキ	0
tabemono	たべもの	タベモノ	0
taberu	たべる	タベル	0
tabesugiru	たべすぎる	タベスギル	0
tabi	たび	タビ	0
tabibito	たびびと	タビビト	0
tabidatsu	たびだつ	タビダツ	0
tabini	たびに	タビニ	0
tabisaki	たびさき	タビサキ	0
tabit	たび	タビ	4
tabita	たびた	タビタ	0
tabitab	たびた	タビタ	6
tabitabi	たびたび	タビタビ	0
tabitabiretoro	たびたびれとろ	タビタビレトロ	0
tabou	たぼう	タボウ	0
tabu	たぶ	タブ	0
tabun	たぶん	タブン	0
tabunmochimawari	たぶんもちまわり	タブンモチマワリ	0
taburoido	たぶろいど	タブロイド	0
tabuu	たぶう	タブウ	0
tac	た	タ	2
tach	た	タ	2
tachi	たち	タチ	0
tachiagari	たちあがり	タチアガリ	0
tachiagaru	たちあがる	タチアガル	0
tachiageru	たちあげる	タチアゲル	0
tachiai	たちあい	タチアイ	0
tachiba	たちば	タチバ	0
tachibana	たちばな	タチバナ	0
tachibanashi	たちばなし	タチバナシ	0
tachidomaru	たちどまる	タチドマル	0
tachigie	たちぎえ	タチギエ	0
tachiiri	たちいり	タチイリ	0
tachiirikinshi	たちいりきんし	タチイリキンシ	0
tachimachi	たちまち	タチマチ	0
tachin	たちん	タチン	0
tachinaori	たちなおり	タチナオリ	0
tachinaoru	たちなおる	タチナオル	0
tachino	たちの	タチノ	0
tachinok	たちの	タチノ	7
tachinoki	たちのき	タチノキ	0
tachinokikiju	たちのききじゅ	タチノキキジュ	0
tachinoku	たちのく	タチノク	0
tachioujou	たちおうじょう	タチオウジョウ	0
tachisaru	たちさる	タチサル	0
tachiyomi	たちよみ	タチヨミ	0
tachiyoru	たちよる	タチヨル	0
tada	ただ	タダ	0
tadachini	ただちに	タダチニ	0
tadai	ただい	タダイ	0
tadaima	ただいま	タダイマ	0
tadashi	ただし	タダシ	0
tadashii	ただしい	タダシイ	0
tadasu	ただす	タダス	0
tadayou	ただよう	タダヨウ	0
tadoritsuku	たどりつく	タドリツク	0
tadoru	たどる	タドル	0
taemanaku	たえまなく	タエマナク	0
taeru	たえる	タエル	0
taezu	たえず	タエズ	0
tafu	たふ	タフ	0
tagai	たがい	タガイ	0
tagaichigai	たがいちがい	タガイチガイ	0
tagaini	たがいに	タガイニ	0
tagaku	たがく	タガク	0
tagaru	たがる	タガル	0
tagayasu	たがやす	タガヤス	0
tagenteki	たげんてき	タゲンテキ	0
tagu	たぐ	タグ	0
tagubooto	たぐぼおと	タグボオト	0
tah	た	タ	2
taha	たは	タハ	0
tahat	たは	タハ	4
tahata	たはた	タハタ	0
tahats	たは	タハ	4
tahatsu	たはつ	タハツ	0
tahatsukanreki	たはつかんれき	タハツカンレキ	0
tahhyi	たっひぃ	タッヒィ	0
tahou	たほう	タホウ	0
tai	たい	タイ	0
taian	たいあん	タイアン	0
taiappu	たいあっぷ	タイアップ	0
taib	たい	タイ	3
taiban	たいばん	タイバン	0
taibatsu	たいばつ	タイバツ	0
taibei	たいべい	タイベイ	0
taibetsu	たいべつ	タイベツ	0
taibo	たいぼ	タイボ	0
taiboku	たいぼく	タイボク	0
taibou	たいぼう	タイボウ	0
taiboumushozoku	たいぼうむしょぞく	タイボウムショゾク	0
taibyou	たいびょう	タイビョウ	0
taichi	たいち	タイチ	0
taichou	たいちょう	タイチョウ	0
taichoufuryou	たいちょうふりょう	タイチョウフリョウ	0
taichuu	たいちゅう	タイチュウ	0
taida	たいだ	タイダ	0
taidan	たいだん	タイダン	0
taido	たいど	タイド	0
taidou	たいどう	タイドウ	0
taieki	たいえき	タイエキ	0
taif	たい	タイ	3
taifu	たいふ	タイフ	0
taifuu	たいふう	タイフウ	0
taifuureji	たいふうれじ	タイフウレジ	0
taig	たい	タイ	3
taiga	たいが	タイガ	0
taigai	たいがい	タイガイ	0
taigaijusei	たいがいじゅせい	タイガイジュセイ	0
taigainonaka	たいがいのなか	タイガイノナカ	0
taigaku	たいがく	タイガク	0
taigan	たいがん	タイガン	0
taigeemu	たいげえむ	タイゲエム	0
taigi	たいぎ	タイギ	0
taigimeibun	たいぎめいぶん	タイギメイブン	0
taiguu	たいぐう	タイグウ	0
taih	たい	タイ	3
taiha	たいは	タイハ	0
taihai	たいはい	タイハイ	0
taihaiteki	たいはいてき	タイハイテキ	0
taihan	たいはん	タイハン	0
taiheiyou	たいへいよう	タイヘイヨウ	0
taiheiyousensou	たいへいようせんそう	タイヘイヨウセンソウ	0
taihen	たいへん	タイヘン	0
taihi	たいひ	タイヒ	0
taihitaishi	たいひたいし	タイヒタイシ	0
taiho	たいほ	タイホ	0
taihou	たいほう	タイホウ	0
taii	たいい	タイイ	0
taiiku	たいいく	タイイク	0
taiikukan	たいいくかん	タイイクカン	0
taiin	たいいん	タイイン	0
taiji	たいじ	タイジ	0
taijin	たいじん	タイジン	0
taijou	たいじょう	タイジョウ	0
taijuu	たいじゅう	タイジュウ	0
taika	たいか	タイカ	0
taikai	たいかい	タイカイ	0
taikaku	たいかく	タイカク	0
taikan	たいかん	タイカン	0
taikei	たいけい	タイケイ	0
taiken	たいけん	タイケン	0
taiketsu	たいけつ	タイケツ	0
taiki	たいき	タイキ	0
taikin	たいきん	タイキン	0
taiko	たいこ	タイコ	0
taikoku	たいこく	タイコク	0
taikou	たいこう	タイコウ	0
taikutsu	たいくつ	タイクツ	0
taikyaku	たいきゃく	タイキャク	0
taikyo	たいきょ	タイキョ	0
taikyoku	たいきょく	タイキョク	0
taikyuu	たいきゅう	タイキュウ	0
taikyuusei	たいきゅうせい	タイキュウセイ	0
taima	たいま	タイマ	0
taimaa	たいまあ	タイマア	0
taiman	たいまん	タイマン	0
taimen	たいめん	タイメン	0
taimingu	たいみんぐ	タイミング	0
taimu	たいむ	タイム	0
taimumashin	たいむましん	タイムマシン	0
taimurii	たいむりい	タイムリイ	0
taimuseeru	たいむせえる	タイムセエル	0
taimusutanpu	たいむすたんぷ	タイムスタンプ	0
taimuzu	たいむず	タイムズ	0
tain	たいん	タイン	0
taina	たいな	タイナ	0
tainai	たいない	タイナイ	0
tainaiomoki	たいないおもき	タイナイオモキ	0
tainetsu	たいねつ	タイネツ	0
tainichi	たいにち	タイニチ	0
tainin	たいにん	タイニン	0
tainou	たいのう	タイノウ	0
taion	たいおん	タイオン	0
taionkei	たいおんけい	タイオンケイ	0
taiou	たいおう	タイオウ	0
taipisuto	たいぴすと	タイピスト	0
taipu	たいぷ	タイプ	0
taipuraitaa	たいぷらいたあ	タイプライタア	0
tair	たい	タイ	3
taira	たいら	タイラ	0
tairiku	たいりく	タイリク	0
tairikudana	たいりくだな	タイリクダナ	0
tairitsu	たいりつ	タイリツ	0
tairon	たいろん	タイロン	0
tairu	たいる	タイル	0
tairujikken	たいるじっけん	タイルジッケン	0
tairyoku	たいりょく	タイリョク	0
tairyou	たいりょう	タイリョウ	0
tais	たい	タイ	3
taisa	たいさ	タイサ	0
taisak	たいさ	タイサ	5
taisaku	たいさく	タイサク	0
taisakushinpa	たいさくしんぱ	タイサクシンパ	0
taisei	たいせい	タイセイ	0
taiseiyou	たいせいよう	タイセイヨウ	0
taiseki	たいせき	タイセキ	0
taisen	たいせん	タイセン	0
taisetsu	たいせつ	タイセツ	0
taisha	たいしゃ	タイシャ	0
taishaku	たいしゃく	タイシャク	0
taishi	たいし	タイシ	0
taishikan	たいしかん	タイシカン	0
taishita	たいした	タイシタ	0
taishite	たいして	タイシテ	0
taishitsu	たいしつ	タイシツ	0
taisho	たいしょ	タイショ	0
taishoku	たいしょく	タイショク	0
taishou	たいしょう	タイショウ	0
taishougai	たいしょうがい	タイショウガイ	0
taishouryouhou	たいしょうりょうほう	タイショウリョウホウ	0
taishouteki	たいしょうてき	タイショウテキ	0
taishuu	たいしゅう	タイシュウ	0
taishuubungaku	たいしゅうぶんがく	タイシュウブンガク	0
taisou	たいそう	タイソウ	0
taisuru	たいする	タイスル	0
taitei	たいてい	タイテイ	0
taito	たいと	タイト	0
taitoku	たいとく	タイトク	0
taitoru	たいとる	タイトル	0
taitou	たいとう	タイトウ	0
taitsu	たいつ	タイツ	0
taiwa	たいわ	タイワ	0
taiwan	たいわん	タイワン	0
taiya	たいや	タイヤ	0
taiyaku	たいやく	タイヤク	0
taiyo	たいよ	タイヨ	0
taiyou	たいよう	タイヨウ	0
taiyoudenchi	たいようでんち	タイヨウデンチ	0
taiyoukei	たいようけい	タイヨウケイ	0
taizai	たいざい	タイザイ	0
taizaichuu	たいざいちゅう	タイザイチュウ	0
taizan	たいざん	タイザン	0
tajuu	たじゅう	タジュウ	0
tak	た	タ	2
taka	たか	タカ	0
takadai	たかだい	タカダイ	0
takai	たかい	タカイ	0
takaku	たかく	タカク	0
takakuteki	たかくてき	タカクテキ	0
takamari	たかまり	タカマリ	0
takamaru	たかまる	タカマル	0
takameru	たかめる	タカメル	0
takanami	たかなみ	タカナミ	0
takane	たかね	タカネ	0
takara	たから	タカラ	0
takaraka	たからか	タカラカ	0
takarakuji	たからくじ	タカラクジ	0
takaramono	たからもの	タカラモノ	0
takaru	たかる	タカル	0
takas	たか	タカ	4
takasa	たかさ	タカサ	0
takasahoudai	たかさほうだい	タカサホウダイ	0
takase	たかせ	タカセ	0
take	たけ	タケ	0
takenoko	たけのこ	タケノコ	0
taki	たき	タキ	0
takidashi	たきだし	タキダシ	0
takigawa	たきがわ	タキガワ	0
takiguchi	たきぐち	タキグチ	0
takishiido	たきしいど	タキシイド	0
takku	たっく	タック	0
takkyuu	たっきゅう	タッキュウ	0
takkyuubin	たっきゅうびん	タッキュウビン	0
tako	たこ	タコ	0
takoku	たこく	タコク	0
takoyaki	たこやき	タコヤキ	0
taku	たく	タク	0
takuchi	たくち	タクチ	0
takuetsu	たくえつ	タクエツ	0
takuh	たく	タク	4
takuha	たくは	タクハ	0
takuhai	たくはい	タクハイ	0
takuhaib	たくはい	タクハイ	7
takuhaibi	たくはいび	タクハイビ	0
takuhaibin	たくはいびん	タクハイビン	0
takuhaibinkokuminteki	たくはいびんこくみんてき	タクハイビンコクミンテキ	0
takuhon	たくほん	タクホン	0
takuitsu	たくいつ	タクイツ	0
takujisho	たくじしょ	タクジショ	0
takujou	たくじょう	タクジョウ	0
takuma	たくま	タクマ	0
takumashii	たくましい	タクマシイ	0
takumi	たくみ	タクミ	0
takurami	たくらみ	タクラミ	0
takuramu	たくらむ	タクラム	0
takus	たく	タク	4
takusan	たくさん	タクサン	0
takusen	たくせん	タクセン	0
takushii	たくしい	タクシイ	0
takushoku	たくしょく	タクショク	0
takusu	たくす	タクス	0
takusuhikiwake	たくすひきわけ	タクスヒキワケ	0
takuwaeru	たくわえる	タクワエル	0
tama	たま	タマ	0
tamago	たまご	タマゴ	0
tamagogata	たまごがた	タマゴガタ	0
tamamushiiro	たまむしいろ	タマムシイロ	0
tamanegi	たまねぎ	タマネギ	0
tamani	たまに	タマニ	0
tamaranai	たまらない	タマラナイ	0
tamaru	たまる	タマル	0
tamashii	たましい	タマシイ	0
tamatama	たまたま	タマタマ	0
tame	ため	タメ	0
tameiki	ためいき	タメイキ	0
tamen	ためん	タメン	0
tameni	ために	タメニ	0
tamerau	ためらう	タメラウ	0
tameru	ためる	タメル	0
tameshi	ためし	タメシ	0
tamesu	ためす	タメス	0
tami	たみ	タミ	0
tamokuteki	たもくてき	タモクテキ	0
tamotsu	たもつ	タモツ	0
tan	たん	タン	0
tana	たな	タナ	0
tanaage	たなあげ	タナアゲ	0
tanabata	たなばた	タナバタ	0
tanan	たなん	タナン	0
tanbo	たんぼ	タンボ	0
tanbou	たんぼう	タンボウ	0
tanchi	たんち	タンチ	0
tanchou	たんちょう	タンチョウ	0
tand	たん	タン	3
tandai	たんだい	タンダイ	0
tande	たんで	タンデ	0
tandem	たんで	タンデ	5
tandemu	たんでむ	タンデム	0
tandemujitsuyou	たんでむじつよう	タンデムジツヨウ	0
tanden	たんでん	タンデン	0
tandoku	たんどく	タンドク	0
tane	たね	タネ	0
tang	たん	タン	3
tanga	たんが	タンガ	0
tangan	たんがん	タンガン	0
tanganchihougikai	たんがんちほうぎかい	タンガンチホウギカイ	0
tango	たんご	タンゴ	0
tani	たに	タニ	0
tanigawa	たにがわ	タニガワ	0
tanima	たにま	タニマ	0
tanin	たにん	タニン	0
tanitsu	たにつ	タニツ	0
tanizoko	たにぞこ	タニゾコ	0
tanjikan	たんじかん	タンジカン	0
tanjou	たんじょう	タンジョウ	0
tanjoubi	たんじょうび	タンジョウビ	0
tanjun	たんじゅん	タンジュン	0
tanjuu	たんじゅう	タンジュウ	0
tanka	たんか	タンカ	0
tankaa	たんかあ	タンカア	0
tanken	たんけん	タンケン	0
tankentai	たんけんたい	タンケンタイ	0
tanki	たんき	タンキ	0
tankidaigaku	たんきだいがく	タンキダイガク	0
tankikan	たんきかん	タンキカン	0
tankou	たんこう	タンコウ	0
tankoubon	たんこうぼん	タンコウボン	0
tanku	たんく	タンク	0
tankuroorii	たんくろおりい	タンクロオリイ	0
tankyori	たんきょり	タンキョリ	0
tankyuu	たんきゅう	タンキュウ	0
tanmatsu	たんまつ	タンマツ	0
tanmatsuki	たんまつき	タンマツキ	0
tanmei	たんめい	タンメイ	0
tannaru	たんなる	タンナル	0
tannen	たんねん	タンネン	0
tanni	たんに	タンニ	0
tannin	たんにん	タンニン	0
tannou	たんのう	タンノウ	0
tano	たの	タノ	0
tanomi	たのみ	タノミ	0
tanomoshii	たのもしい	タノモシイ	0
tanomu	たのむ	タノム	0
tanos	たの	タノ	4
tanosh	たの	タノ	4
tanoshi	たのし	タノシ	0
tanoshii	たのしい	タノシイ	0
tanoshim	たのし	タノシ	7
tanoshimi	たのしみ	タノシミ	0
tanoshimitsuuhou	たのしみつうほう	タノシミツウホウ	0
tanoshimu	たのしむ	タノシム	0
tanpa	たんぱ	タンパ	0
tanpaku	たんぱく	タンパク	0
tanpakushitsu	たんぱくしつ	タンパクシツ	0
tanpen	たんぺん	タンペン	0
tanpo	たんぽ	タンポ	0
tanpopo	たんぽぽ	タンポポ	0
tanraku	たんらく	タンラク	0
tanren	たんれん	タンレン	0
tans	たん	タン	3
tansa	たんさ	タンサ	0
tansaku	たんさく	タンサク	0
tansan	たんさん	タンサン	0
tanse	たんせ	タンセ	0
tansei	たんせい	タンセイ	0
tansek	たんせ	タンセ	5
tanseki	たんせき	タンセキ	0
tansekitsundoku	たんせきつんどく	タンセキツンドク	0
tanshin	たんしん	タンシン	0
tanshinfunin	たんしんふにん	タンシンフニン	0
tansho	たんしょ	タンショ	0
tanshuku	たんしゅく	タンシュク	0
tanso	たんそ	タンソ	0
tansoku	たんそく	タンソク	0
tansu	たんす	タンス	0
tansui	たんすい	タンスイ	0
tansuu	たんすう	タンスウ	0
tantan	たんたん	タンタン	0
tantei	たんてい	タンテイ	0
tanteki	たんてき	タンテキ	0
tantou	たんとう	タントウ	0
tantousha	たんとうしゃ	タントウシャ	0
tanu	たぬ	タヌ	0
tanuk	たぬ	タヌ	4
tanuki	たぬき	タヌキ	0
tanukirinshitsu	たぬきりんしつ	タヌキリンシツ	0
tanzaku	たんざく	タンザク	0
tanzania	たんざにあ	タンザニア	0
taore	たおれ	タオレ	0
taoreru	たおれる	タオレル	0
taoru	たおる	タオル	0
taosu	たおす	タオス	0
tappitsu	たっぴつ	タッピツ	0
tappu	たっぷ	タップ	0
tappuri	たっぷり	タップリ	0
tara	たら	タラ	0
tarasu	たらす	タラス	0
taratara	たらたら	タラタラ	0
tare	たれ	タレ	0
taremaku	たれまく	タレマク	0
tarento	たれんと	タレント	0
tareru	たれる	タレル	0
tari	たり	タリ	0
tariru	たりる	タリル	0
taru	たる	タル	0
taruku	たるく	タルク	0
tarumu	たるむ	タルム	0
taryou	たりょう	タリョウ	0
tasai	たさい	タサイ	0
tasatsu	たさつ	タサツ	0
tasen	たせん	タセン	0
tasha	たしゃ	タシャ	0
tashika	たしか	タシカ	0
tashikameru	たしかめる	タシカメル	0
tashitsu	たしつ	タシツ	0
tashizan	たしざん	タシザン	0
tashou	たしょう	タショウ	0
tasogare	たそがれ	タソガレ	0
tassei	たっせい	タッセイ	0
tassha	たっしゃ	タッシャ	0
tassuru	たっする	タッスル	0
tasu	たす	タス	0
tasukaru	たすかる	タスカル	0
tasuke	たすけ	タスケ	0
tasukeai	たすけあい	タスケアイ	0
tasukeau	たすけあう	タスケアウ	0
tasukeru	たすける	タスケル	0
tasuku	たすく	タスク	0
tasuu	たすう	タスウ	0
tasuuketsu	たすうけつ	タスウケツ	0
tat	た	タ	2
tata	たた	タタ	0
tatakai	たたかい	タタカイ	0
tatakau	たたかう	タタカウ	0
tataki	たたき	タタキ	0
tataku	たたく	タタク	0
tatam	たた	タタ	4
tatami	たたみ	タタミ	0
tatamikiriage	たたみきりあげ	タタミキリアゲ	0
tatamu	たたむ	タタム	0
tatazumu	たたずむ	タタズム	0
tatchi	た	タ	2
tate	たて	タテ	0
tatef	たて	タテ	4
tatefu	たてふ	タテフ	0
tatefud	たてふ	タテフ	6
tatefuda	たてふだ	タテフダ	0
tatefudauyoku	たてふだうよく	タテフダウヨク	0
tategaki	たてがき	タテガキ	0
tatekaeru	たてかえる	タテカエル	0
tatekomu	たてこむ	タテコム	0
tatemae	たてまえ	タテマエ	0
tatemono	たてもの	タテモノ	0
tatenaosu	たてなおす	タテナオス	0
tateru	たてる	タテル	0
tatetsuku	たてつく	タテツク	0
tatetsuzuke	たてつずけ	タテツズケ	0
tateyoko	たてよこ	タテヨコ	0
tato	たと	タト	0
tatoe	たとえ	タトエ	0
tatoeb	たとえ	タトエ	5
tatoeba	たとえば	タトエバ	0
tatoebabitamin	たとえばびたみん	タトエバビタミン	0
tatoeru	たとえる	タトエル	0
tatouu	たとうう	タトウウ	0
tats	た	タ	2
tatsu	たつ	タツ	0
tatsujin	たつじん	タツジン	0
tatsumaki	たつまき	タツマキ	0
tatsuseisai	たつせいさい	タツセイサイ	0
tatta	たった	タッタ	0
tatte	たって	タッテ	0
tattobu	たっとぶ	タットブ	0
tattoi	たっとい	タットイ	0
taue	たうえ	タウエ	0
taun	たうん	タウン	0
tawaa	たわあ	タワア	0
tawagoto	たわごと	タワゴト	0
tawamure	たわむれ	タワムレ	0
tawamureru	たわむれる	タワムレル	0
tawara	たわら	タワラ	0
tayasu	たやす	タヤス	0
tayasui	たやすい	タヤスイ	0
tayori	たより	タヨリ	0
tayorinai	たよりない	タヨリナイ	0
tayoru	たよる	タヨル	0
tayou	たよう	タヨウ	0
tayouka	たようか	タヨウカ	0
tayousei	たようせい	タヨウセイ	0
tazuna	たずな	タズナ	0
tazunebito	たずねびと	タズネビト	0
tazuneru	たずねる	タズネル	0
tazusaeru	たずさえる	タズサエル	0
tazusawaru	たずさわる	タズサワル	0
tchuu			0
te	て	テ	0
tearai	てあらい	テアライ	0
teashi	てあし	テアシ	0
teatarishidai	てあたりしだい	テアタリシダイ	0
teate	てあて	テアテ	0
tebanashi	てばなし	テバナシ	0
tebayai	てばやい	テバヤイ	0
tebikae	てびかえ	テビカエ	0
tebiki	てびき	テビキ	0
tebikisho	てびきしょ	テビキショ	0
tebukuro	てぶくろ	テブクロ	0
teburi	てぶり	テブリ	0
techou	てちょう	テチョウ	0
tedasuke	てだすけ	テダスケ	0
tedate	てだて	テダテ	0
tee	てえ	テエ	0
teeb	てえ	テエ	3
teebu	てえぶ	テエブ	0
teebur	てえぶ	テエブ	5
teeburu	てえぶる	テエブル	0
teeburuyowaki	てえぶるよわき	テエブルヨワキ	0
teema	てえま	テエマ	0
teemapaaku	てえまぱあく	テエマパアク	0
teemasongu	てえまそんぐ	テエマソング	0
teepingu	てえぴんぐ	テエピング	0
teepu	てえぷ	テエプ	0
teeraa	てえらあ	テエラア	0
teeze	てえぜ	テエゼ	0
teg	て	テ	2
tega	てが	テガ	0
tegak	てが	テガ	4
tegaka	てがか	テガカ	0
tegakar	てがか	テガカ	6
tegakari	てがかり	テガカリ	0
tegakariroiyaru	てがかりろいやる	テガカリロイヤル	0
tegakeru	てがける	テガケル	0
tegaki	てがき	テガキ	0
tegami	てがみ	テガミ	0
tegara	てがら	テガラ	0
tegaru	てがる	テガル	0
tegata	てがた	テガタ	0
tegatai	てがたい	テガタイ	0
tegiwa	てぎわ	テギワ	0
tegiwayoku	てぎわよく	テギワヨク	0
tego	てご	テゴ	0
tegoro	てごろ	テゴロ	0
tegot	てご	テゴ	4
tegota	てごた	テゴタ	0
tegotae	てごたえ	テゴタエ	0
tegotaerokotsu	てごたえろこつ	テゴタエロコツ	0
tegowai	てごわい	テゴワイ	0
teguchi	てぐち	テグチ	0
teh	て	テ	2
teha	ては	テハ	0
tehai	てはい	テハイ	0
tehairokugatsu	てはいろくがつ	テハイロクガツ	0
tehajime	てはじめ	テハジメ	0
teheran	てへらん	テヘラン	0
tehhyo	てっひょ	テッヒョ	0
tehon	てほん	テホン	0
tei	てい	テイ	0
teian	ていあん	テイアン	0
teiban	ていばん	テイバン	0
teibou	ていぼう	テイボウ	0
teic	てい	テイ	3
teich	てい	テイ	3
teichaku	ていちゃく	テイチャク	0
teichi	ていち	テイチ	0
teichitohakagiranai	ていちとはかぎらない	テイチトハカギラナイ	0
teichou	ていちょう	テイチョウ	0
teiden	ていでん	テイデン	0
teido	ていど	テイド	0
teien	ていえん	テイエン	0
teigaku	ていがく	テイガク	0
teigakunen	ていがくねん	テイガクネン	0
teigen	ていげん	テイゲン	0
teigi	ていぎ	テイギ	0
teihaku	ていはく	テイハク	0
teihen	ていへん	テイヘン	0
teihyou	ていひょう	テイヒョウ	0
teii	ていい	テイイ	0
teiibakku	ていいばっく	テイイバック	0
teiin	ていいん	テイイン	0
teiishatsu	ていいしゃつ	テイイシャツ	0
teiji	ていじ	テイジ	0
teijisei	ていじせい	テイジセイ	0
teijuu	ていじゅう	テイジュウ	0
teik	てい	テイ	3
teika	ていか	テイカ	0
teikakaku	ていかかく	テイカカク	0
teikan	ていかん	テイカン	0
teikanppoi	ていかんっぽい	テイカンッポイ	0
teikei	ていけい	テイケイ	0
teiketsu	ていけつ	テイケツ	0
teiki	ていき	テイキ	0
teikiatsu	ていきあつ	テイキアツ	0
teikibin	ていきびん	テイキビン	0
teikiken	ていきけん	テイキケン	0
teikikoudoku	ていきこうどく	テイキコウドク	0
teikiteki	ていきてき	テイキテキ	0
teikiyokin	ていきよきん	テイキヨキン	0
teikoku	ていこく	テイコク	0
teikokushugi	ていこくしゅぎ	テイコクシュギ	0
teikou	ていこう	テイコウ	0
teikuauto	ていくあうと	テイクアウト	0
teikyou	ていきょう	テイキョウ	0
teikyousha	ていきょうしゃ	テイキョウシャ	0
teikyuu	ていきゅう	テイキュウ	0
teikyuubi	ていきゅうび	テイキュウビ	0
teimai	ていまい	テイマイ	0
teimei	ていめい	テイメイ	0
teinai	ていない	テイナイ	0
teinei	ていねい	テイネイ	0
teinen	ていねん	テイネン	0
teinpani	ていんぱに	テインパニ	0
teion	ていおん	テイオン	0
teiraku	ていらく	テイラク	0
teiranii	ていらにい	テイラニイ	0
teire	ていれ	テイレ	0
teirei	ていれい	テイレイ	0
teiri	ていり	テイリ	0
teiritsu	ていりつ	テイリツ	0
teiryou	ていりょう	テイリョウ	0
teiryoukin	ていりょうきん	テイリョウキン	0
teiryuu	ていりゅう	テイリュウ	0
teiryuujo	ていりゅうじょ	テイリュウジョ	0
teisai	ていさい	テイサイ	0
teisatsu	ていさつ	テイサツ	0
teisei	ていせい	テイセイ	0
teisen	ていせん	テイセン	0
teisetsu	ていせつ	テイセツ	0
teisha	ていしゃ	テイシャ	0
teishi	ていし	テイシ	0
teishoku	ていしょく	テイショク	0
teishou	ていしょう	テイショウ	0
teishu	ていしゅ	テイシュ	0
teishutsu	ていしゅつ	テイシュツ	0
teiso	ていそ	テイソ	0
teisshu	ていっしゅ	テイッシュ	0
teisshupeepaa	ていっしゅぺえぱあ	テイッシュペエパア	0
teisuijun	ていすいじゅん	テイスイジュン	0
teisuto	ていすと	テイスト	0
teisuu	ていすう	テイスウ	0
teitai	ていたい	テイタイ	0
teitaku	ていたく	テイタク	0
teitou	ていとう	テイトウ	0
teitouken	ていとうけん	テイトウケン	0
teiyaku	ていやく	テイヤク	0
tejina	てじな	テジナ	0
tejou	てじょう	テジョウ	0
tejun	てじゅん	テジュン	0
tek	て	テ	2
teki	てき	テキ	0
tekichuu	てきちゅう	テキチュウ	0
tekido	てきど	テキド	0
tekigi	てきぎ	テキギ	0
tekigou	てきごう	テキゴウ	0
tekihatsu	てきはつ	テキハツ	0
tekihou	てきほう	テキホウ	0
tekii	てきい	テキイ	0
tekiji	てきじ	テキジ	0
tekik	てき	テキ	4
tekika	てきか	テキカ	0
tekikak	てきか	テキカ	6
tekikaku	てきかく	テキカク	0
tekikakubukkumaaku	てきかくぶっくまあく	テキカクブックマアク	0
tekikoku	てきこく	テキコク	0
tekiou	てきおう	テキオウ	0
tekirei	てきれい	テキレイ	0
tekireiki	てきれいき	テキレイキ	0
tekiryou	てきりょう	テキリョウ	0
tekisasu	てきさす	テキサス	0
tekisei	てきせい	テキセイ	0
tekisetsu	てきせつ	テキセツ	0
tekishitsu	てきしつ	テキシツ	0
tekishutsu	てきしゅつ	テキシュツ	0
tekisuru	てきする	テキスル	0
tekisuto	てきすと	テキスト	0
tekitai	てきたい	テキタイ	0
tekitou	てきとう	テキトウ	0
tekiyou	てきよう	テキヨウ	0
tekkai	てっかい	テッカイ	0
tekkaku	てっかく	テッカク	0
tekkin	てっきん	テッキン	0
tekkiri	てっきり	テッキリ	0
tekkotsu	てっこつ	テッコツ	0
tekkou	てっこう	テッコウ	0
tekkusu	てっくす	テックス	0
tekkyo	てっきょ	テッキョ	0
tekkyou	てっきょう	テッキョウ	0
teku	てく	テク	0
tekubi	てくび	テクビ	0
tekunikaru	てくにかる	テクニカル	0
tekunikku	てくにっく	テクニック	0
tekunishan	てくにしゃん	テクニシャン	0
tekunokuraato	てくのくらあと	テクノクラアト	0
tekunorojii	てくのろじい	テクノロジイ	0
tekusucha	てくすちゃ	テクスチャ	0
tekuteku	てくてく	テクテク	0
tem	て	テ	2
tema	てま	テマ	0
temae	てまえ	テマエ	0
teman	てまん	テマン	0
temane	てまね	テマネ	0
temanek	てまね	テマネ	6
temaneki	てまねき	テマネキ	0
temanekihogaraka	てまねきほがらか	テマネキホガラカ	0
temochi	てもち	テモチ	0
temoto	てもと	テモト	0
ten	てん	テン	0
tenaa	てなあ	テナア	0
tenanto	てなんと	テナント	0
tenaoshi	てなおし	テナオシ	0
tenbai	てんばい	テンバイ	0
tenbou	てんぼう	テンボウ	0
tenchi	てんち	テンチ	0
tenchou	てんちょう	テンチョウ	0
teneshii	てねしい	テネシイ	0
tengoku	てんごく	テンゴク	0
tengu	てんぐ	テング	0
teni	てに	テニ	0
tenigakuchou	てにがくちょう	テニガクチョウ	0
tenihairu	てにはいる	テニハイル	0
teniireru	てにいれる	テニイレル	0
tenimotsu	てにもつ	テニモツ	0
tenin	てにん	テニン	0
tenisu	てにす	テニス	0
tenisukooto	てにすこおと	テニスコオト	0
tenj	てん	テン	3
tenji	てんじ	テンジ	0
tenjikai	てんじかい	テンジカイ	0
tenjin	てんじん	テンジン	0
tenjir	てんじ	テンジ	5
tenjiru	てんじる	テンジル	0
tenjirukaiketsuhouhou	てんじるかいけつほうほう	テンジルカイケツホウホウ	0
tenjishatai	てんじしゃたい	テンジシャタイ	0
tenjo	てんじょ	テンジョ	0
tenjou	てんじょう	テンジョウ	0
tenjoukankokugo	てんじょうかんこくご	テンジョウカンコクゴ	0
tenju	てんじゅ	テンジュ	0
tenk	てん	テン	3
tenka	てんか	テンカ	0
tenkabutsu	てんかぶつ	テンカブツ	0
tenkai	てんかい	テンカイ	0
tenkan	てんかん	テンカン	0
tenkasougokouryuu	てんかそうごこうりゅう	テンカソウゴコウリュウ	0
tenkei	てんけい	テンケイ	0
tenkeiteki	てんけいてき	テンケイテキ	0
tenken	てんけん	テンケン	0
tenki	てんき	テンキ	0
tenkin	てんきん	テンキン	0
tenkiyohou	てんきよほう	テンキヨホウ	0
tenko	てんこ	テンコ	0
tenkou	てんこう	テンコウ	0
tenkyo	てんきょ	テンキョ	0
tenmanguu	てんまんぐう	テンマングウ	0
tenmei	てんめい	テンメイ	0
tenmetsu	てんめつ	テンメツ	0
tenmon	てんもん	テンモン	0
tenmondai	てんもんだい	テンモンダイ	0
tenmongaku	てんもんがく	テンモンガク	0
tennai	てんない	テンナイ	0
tennen	てんねん	テンネン	0
tennengasu	てんねんがす	テンネンガス	0
tennenkinenbutsu	てんねんきねんぶつ	テンネンキネンブツ	0
tennenonsen	てんねのんせん	テンネノンセン	0
tennentou	てんねんとう	テンネントウ	0
tennin	てんにん	テンニン	0
tennou	てんのう	テンノウ	0
tennouheika	てんのうへいか	テンノウヘイカ	0
tennousei	てんのうせい	テンノウセイ	0
tenohira	てのひら	テノヒラ	0
tenooru	てのおる	テノオル	0
tenp	てん	テン	3
tenpera	てんぺら	テンペラ	0
tenpo	てんぽ	テンポ	0
tenporarii	てんぽらりい	テンポラリイ	0
tenpu	てんぷ	テンプ	0
tenpuku	てんぷく	テンプク	0
tenpur	てんぷ	テンプ	5
tenpura	てんぷら	テンプラ	0
tenpuraserapii	てんぷらせらぴい	テンプラセラピイ	0
tenraku	てんらく	テンラク	0
tenrankai	てんらんかい	テンランカイ	0
tenri	てんり	テンリ	0
tensa	てんさ	テンサ	0
tensai	てんさい	テンサイ	0
tensaku	てんさく	テンサク	0
tensei	てんせい	テンセイ	0
tensen	てんせん	テンセン	0
tenshi	てんし	テンシ	0
tenshin	てんしん	テンシン	0
tenshoku	てんしょく	テンショク	0
tenshon	てんしょん	テンション	0
tenshu	てんしゅ	テンシュ	0
tenshutsu	てんしゅつ	テンシュツ	0
tensou	てんそう	テンソウ	0
tensuu	てんすう	テンスウ	0
tentai	てんたい	テンタイ	0
tenteki	てんてき	テンテキ	0
tenten	てんてん	テンテン	0
tento	てんと	テント	0
tentou	てんとう	テントウ	0
tenugui	てぬぐい	テヌグイ	0
tenuki	てぬき	テヌキ	0
tenyaku	てにゃく	テニャク	0
tenyou	てにょう	テニョウ	0
tenzai	てんざい	テンザイ	0
teochi	ておち	テオチ	0
teokure	ておくれ	テオクレ	0
teppai	てっぱい	テッパイ	0
teppan	てっぱん	テッパン	0
teppei	てっぺい	テッペイ	0
teppen	てっぺん	テッペン	0
teppou	てっぽう	テッポウ	0
ter	て	テ	2
tera	てら	テラ	0
terasu	てらす	テラス	0
tere	てれ	テレ	0
tereb	てれ	テレ	4
terebi	てれび	テレビ	0
terebibangumi	てれびばんぐみ	テレビバングミ	0
terebigeemu	てれびげえむ	テレビゲエム	0
terebij	てれび	テレビ	6
terebijo	てれびじょ	テレビジョ	0
terebijon	てれびじょん	テレビジョン	0
terebijonshuhou	てれびじょんしゅほう	テレビジョンシュホウ	0
terebikyoku	てれびきょく	テレビキョク	0
teregurafu	てれぐらふ	テレグラフ	0
terehon	てれほん	テレホン	0
terekanfuarensu	てれかんふあれんす	テレカンフアレンス	0
terekkusu	てれっくす	テレックス	0
terekomu	てれこむ	テレコム	0
terekura	てれくら	テレクラ	0
teremeetaa	てれめえたあ	テレメエタア	0
tereru	てれる	テレル	0
teresukyan	てれすきゃん	テレスキャン	0
teriinu	てりいぬ	テリイヌ	0
teritorii	てりとりい	テリトリイ	0
tero	てろ	テロ	0
teroppu	てろっぷ	テロップ	0
terorisuto	てろりすと	テロリスト	0
terorizumu	てろりずむ	テロリズム	0
teru	てる	テル	0
teruabibu	てるあびぶ	テルアビブ	0
tes	て	テ	2
tesage	てさげ	テサゲ	0
tesaguri	てさぐり	テサグリ	0
tesei	てせい	テセイ	0
tessei	てっせい	テッセイ	0
tesshuu	てっしゅう	テッシュウ	0
tessuru	てっする	テッスル	0
tesu	てす	テス	0
tesuri	てすり	テスリ	0
tesut	てす	テス	4
tesutaa	てすたあ	テスタア	0
tesuto	てすと	テスト	0
tesutokeesu	てすとけえす	テストケエス	0
tesutoshuken	てすとしゅけん	テストシュケン	0
tesuu	てすう	テスウ	0
tesuuryou	てすうりょう	テスウリョウ	0
tet	て	テ	2
tetorakuroroechiren	てとらくろろえちれん	テトラクロロエチレン	0
tetori	てとり	テトリ	0
tets	て	テ	2
tetsu	てつ	テツ	0
tetsubou	てつぼう	テツボウ	0
tetsudai	てつだい	テツダイ	0
tetsudau	てつだう	テツダウ	0
tetsudou	てつどう	テツドウ	0
tetsugaku	てつがく	テツガク	0
tetsujin	てつじん	テツジン	0
tetsuy	てつ	テツ	5
tetsuya	てつや	テツヤ	0
tetsuyasekaikakuchi	てつやせかいかくち	テツヤセカイカクチ	0
tetsuzuki	てつずき	テツズキ	0
tettai	てったい	テッタイ	0
tettei	てってい	テッテイ	0
tetteiteki	てっていてき	テッテイテキ	0
teusu	てうす	テウス	0
tewake	てわけ	テワケ	0
tewatasu	てわたす	テワタス	0
tezukuri	てずくり	テズクリ	0
tha	てゃ	テャ	0
thahhyu	てゃっひゅ	テャッヒュ	0
the	てぇ	テェ	0
thehi	てぇひ	テェヒ	0
thi	てぃ	ティ	0
thiho	てぃほ	ティホ	0
tho	てょ	テョ	0
thohu	てょふ	テョフ	0
thu	てゅ	テュ	0
thuhya	てゅひゃ	テュヒャ	0
ti	ち	チ	0
tihye	ちひぇ	チヒェ	0
to	と	ト	0
tobashi	とばし	トバシ	0
tobasu	とばす	トバス	0
tobiagaru	とびあがる	トビアガル	0
tobichi	とびち	トビチ	0
tobidashi	とびだし	トビダシ	0
tobidasu	とびだす	トビダス	0
tobihi	とびひ	トビヒ	0
tobikau	とびかう	トビカウ	0
tobikiri	とびきり	トビキリ	0
tobikomi	とびこみ	トビコミ	0
tobikomu	とびこむ	トビコム	0
tobioriru	とびおりる	トビオリル	0
tobira	とびら	トビラ	0
tobokeru	とぼける	トボケル	0
toboshii	とぼしい	トボシイ	0
tobu	とぶ	トブ	0
tochi	とち	トチ	0
tochigara	とちがら	トチガラ	0
tochou	とちょう	トチョウ	0
tochouchou	とちょうちょう	トチョウチョウ	0
tochuu	とちゅう	トチュウ	0
todaeru	とだえる	トダエル	0
todana	とだな	トダナ	0
todoke	とどけ	トドケ	0
todokede	とどけで	トドケデ	0
todokeru	とどける	トドケル	0
todoku	とどく	トドク	0
todomaru	とどまる	トドマル	0
todomeru	とどめる	トドメル	0
todoufuken	とどうふけん	トドウフケン	0
toei	とえい	トエイ	0
tofu	とふ	トフ	0
tog	と	ト	2
togameru	とがめる	トガメル	0
togaru	とがる	トガル	0
toge	とげ	トゲ	0
togeru	とげる	トゲル	0
togi	とぎ	トギ	0
togireru	とぎれる	トギレル	0
togu	とぐ	トグ	0
toguchi	とぐち	トグチ	0
togurobiisuto	とぐろびいすと	トグロビイスト	0
toha	とは	トハ	0
tohaiumonono	とはいうものの	トハイウモノノ	0
tohakagiranai	とはかぎらない	トハカギラナイ	0
toho	とほ	トホ	0
tohou	とほう	トホウ	0
tohyi	とひぃ	トヒィ	0
toi	とい	トイ	0
toiawase	といあわせ	トイアワセ	0
toiawaseru	といあわせる	トイアワセル	0
toieba	といえば	トイエバ	0
toire	といれ	トイレ	0
toiretto	といれっと	トイレット	0
toirettopeepaa	といれっとぺえぱあ	トイレットペエパア	0
toittemo	といっても	トイッテモ	0
toiu	という	トイウ	0
toiukotoha	ということは	トイウコトハ	0
toiukotohanai	ということはない	トイウコトハナイ	0
toiumono	というもの	トイウモノ	0
toiuwake	というわけ	トイウワケ	0
toiuyori	というより	トイウヨリ	0
tojikomeru	とじこめる	トジコメル	0
tojikomoru	とじこもる	トジコモル	0
tojimari	とじまり	トジマリ	0
tojiru	とじる	トジル	0
tojou	とじょう	トジョウ	0
tojoukoku	とじょうこく	トジョウコク	0
tok	と	ト	2
toka	とか	トカ	0
tokai	とかい	トカイ	0
tokaku	とかく	トカク	0
tokasu	とかす	トカス	0
tokei	とけい	トケイ	0
tokekomu	とけこむ	トケコム	0
tokeru	とける	トケル	0
toki	とき	トキ	0
tokidoki	ときどき	トキドキ	0
tokihakanenari	ときはかねなり	トキハカネナリ	0
tokihogusu	ときほぐす	トキホグス	0
tokiniha	ときには	トキニハ	0
tokiori	ときおり	トキオリ	0
tokitayorinai	ときたよりない	トキタヨリナイ	0
tokitoshite	ときとして	トキトシテ	0
tokkan	とっかん	トッカン	0
tokken	とっけん	トッケン	0
tokki	とっき	トッキ	0
tokkoutai	とっこうたい	トッコウタイ	0
tokkouyaku	とっこうやく	トッコウヤク	0
tokkun	とっくん	トックン	0
tokkuni	とっくに	トックニ	0
tokkyo	とっきょ	トッキョ	0
tokkyochou	とっきょちょう	トッキョチョウ	0
tokkyuu	とっきゅう	トッキュウ	0
toko	とこ	トコ	0
tokonoma	とこのま	トコノマ	0
tokor	とこ	トコ	4
tokoro	ところ	トコロ	0
tokorode	ところで	トコロデ	0
tokorodokoro	ところどころ	トコロドコロ	0
tokoroga	ところが	トコロガ	0
tokorohatarakite	ところはたらきて	トコロハタラキテ	0
tokorowo	ところを	トコロヲ	0
tokou	とこう	トコウ	0
tokoya	とこや	トコヤ	0
toku	とく	トク	0
tokubai	とくばい	トクバイ	0
tokubetsu	とくべつ	トクベツ	0
tokubetsukakaku	とくべつかかく	トクベツカカク	0
tokubetsuku	とくべつく	トクベツク	0
tokuchakuriku	とくちゃくりく	トクチャクリク	0
tokuchou	とくちょう	トクチョウ	0
tokudai	とくだい	トクダイ	0
tokudan	とくだん	トクダン	0
tokugi	とくぎ	トクギ	0
tokuhain	とくはいん	トクハイン	0
tokuhitsu	とくひつ	トクヒツ	0
tokuhon	とくほん	トクホン	0
tokuhyou	とくひょう	トクヒョウ	0
tokui	とくい	トクイ	0
tokuisaki	とくいさき	トクイサキ	0
tokuju	とくじゅ	トクジュ	0
tokumei	とくめい	トクメイ	0
tokuni	とくに	トクニ	0
tokur	とく	トク	4
tokure	とくれ	トクレ	0
tokurei	とくれい	トクレイ	0
tokureiamegafuru	とくれいあめがふる	トクレイアメガフル	0
tokus	とく	トク	4
tokusa	とくさ	トクサ	0
tokusaku	とくさく	トクサク	0
tokusan	とくさん	トクサン	0
tokusannda	とくさんんだ	トクサンンダ	0
tokusei	とくせい	トクセイ	0
tokusen	とくせん	トクセン	0
tokusetsu	とくせつ	トクセツ	0
tokusha	とくしゃ	トクシャ	0
tokushi	とくし	トクシ	0
tokushika	とくしか	トクシカ	0
tokushitsu	とくしつ	トクシツ	0
tokushoku	とくしょく	トクショク	0
tokushu	とくしゅ	トクシュ	0
tokushuhoujin	とくしゅほうじん	トクシュホウジン	0
tokushuu	とくしゅう	トクシュウ	0
tokusoku	とくそく	トクソク	0
tokusou	とくそう	トクソウ	0
tokusuru	とくする	トクスル	0
tokutei	とくてい	トクテイ	0
tokuten	とくてん	トクテン	0
tokutoku	とくとく	トクトク	0
tokuyaku	とくやく	トクヤク	0
tokuyuu	とくゆう	トクユウ	0
tom	と	ト	2
tomadoi	とまどい	トマドイ	0
tomadou	とまどう	トマドウ	0
tomahooku	とまほおく	トマホオク	0
tomari	とまり	トマリ	0
tomaru	とまる	トマル	0
tomato	とまと	トマト	0
tomedonaku	とめどなく	トメドナク	0
tomegane	とめがね	トメガネ	0
tomeru	とめる	トメル	0
tomi	とみ	トミ	0
tomii	とみい	トミイ	0
tomiig	とみい	トミイ	5
tomiiga	とみいが	トミイガ	0
tomiigan	とみいがん	トミイガン	0
tomiiganshukou	とみいがんしゅこう	トミイガンシュコウ	0
tomin	とみん	トミン	0
tomo	とも	トモ	0
tomoare	ともあれ	トモアレ	0
tomobataraki	ともばたらき	トモバタラキ	0
tomodachi	ともだち	トモダチ	0
tomodaore	ともだおれ	トモダオレ	0
tomodomo	ともども	トモドモ	0
tomoe	ともえ	トモエ	0
tomokaku	ともかく	トモカク	0
tomokasegi	ともかせぎ	トモカセギ	0
tomon	ともん	トモン	0
tomona	ともな	トモナ	0
tomonau	ともなう	トモナウ	0
tomonauarudehido	ともなうあるでひど	トモナウアルデヒド	0
tomoni	ともに	トモニ	0
tomosu	ともす	トモス	0
tomu	とむ	トム	0
tomurau	とむらう	トムラウ	0
ton	とん	トン	0
tonaeru	となえる	トナエル	0
tonai	とない	トナイ	0
tonakai	となかい	トナカイ	0
tonareba	となれば	トナレバ	0
tonari	となり	トナリ	0
tonariau	となりあう	トナリアウ	0
tonariawase	となりあわせ	トナリアワセ	0
tonaru	となる	トナル	0
tonaruto	となると	トナルト	0
tonattara	となったら	トナッタラ	0
tonbo	とんぼ	トンボ	0
tonda	とんだ	トンダ	0
tondemonai	とんでもない	トンデモナイ	0
tonikaku	とにかく	トニカク	0
tonkatsu	とんかつ	トンカツ	0
tonneru	とんねる	トンネル	0
tonosama	とのさま	トノサマ	0
tonton	とんとん	トントン	0
tonya	とにゃ	トニャ	0
too	とお	トオ	0
tooasa	とおあさ	トオアサ	0
toochi	とおち	トオチ	0
tooi	とおい	トオイ	0
tooka	とおか	トオカ	0
tookii	とおきい	トオキイ	0
tooku	とおく	トオク	0
tookushoo	とおくしょお	トオクショオ	0
toon	とおん	トオン	0
toonamento	とおなめんと	トオナメント	0
toori	とおり	トオリ	0
toorisugiru	とおりすぎる	トオリスギル	0
tooru	とおる	トオル	0
toos	とお	トオ	3
tooshi	とおし	トオシ	0
toosu	とおす	トオス	0
toosut	とおす	トオス	5
toosuta	とおすた	トオスタ	0
toosutaa	とおすたあ	トオスタア	0
toosutaatedate	とおすたあてだて	トオスタアテダテ	0
toosuto	とおすと	トオスト	0
tootaru	とおたる	トオタル	0
toozakaru	とおざかる	トオザカル	0
topikku	とぴっく	トピック	0
toppa	とっぱ	トッパ	0
toppaa	とっぱあ	トッパア	0
toppan	とっぱん	トッパン	0
toppaninsatsu	とっぱにんさつ	トッパニンサツ	0
toppu	とっぷ	トップ	0
toppubattaa	とっぷばったあ	トップバッタア	0
toppukurasu	とっぷくらす	トップクラス	0
toppunyuusu	とっぷにゅうす	トップニュウス	0
toppuresu	とっぷれす	トップレス	0
toppusutaa	とっぷすたあ	トップスタア	0
toppuu	とっぷう	トップウ	0
tor	と	ト	2
tora	とら	トラ	0
torabaayu	とらばあゆ	トラバアユ	0
toraberaazuchekku	とらべらあずちぇっく	トラベラアズチェック	0
toraberu	とらべる	トラベル	0
toraburu	とらぶる	トラブル	0
toraddo	とらっど	トラッド	0
toraeru	とらえる	トラエル	0
torafu	とらふ	トラフ	0
torafyikku	とらふぃっく	トラフィック	0
torai	とらい	トライ	0
toraianguru	とらいあんぐる	トライアングル	0
toraiaru	とらいある	トライアル	0
toraiasuron	とらいあすろん	トライアスロン	0
torakku	とらっく	トラック	0
torakutaa	とらくたあ	トラクタア	0
toran	とらん	トラン	0
toranj	とらん	トラン	5
toranji	とらんじ	トランジ	0
toranjisuta	とらんじすた	トランジスタ	0
toranjit	とらんじ	トランジ	7
toranjitt	とらんじ	トランジ	7
toranjitto	とらんじっと	トランジット	0
toranjittouketomeru	とらんじっとうけとめる	トランジットウケトメル	0
torankiraizaa	とらんきらいざあ	トランキライザア	0
toranku	とらんく	トランク	0
torankusu	とらんくす	トランクス	0
toranpetto	とらんぺっと	トランペット	0
toranpu	とらんぷ	トランプ	0
toranshiibaa	とらんしいばあ	トランシイバア	0
toransu	とらんす	トランス	0
toransupondaa	とらんすぽんだあ	トランスポンダア	0
torappu	とらっぷ	トラップ	0
torasuto	とらすと	トラスト	0
torauma	とらうま	トラウマ	0
torawareru	とらわれる	トラワレル	0
tore	とれ	トレ	0
toree	とれえ	トレエ	0
toreedo	とれえど	トレエド	0
toreedomaaku	とれえどまあく	トレエドマアク	0
toreen	とれえん	トレエン	0
toreena	とれえな	トレエナ	0
toreenaa	とれえなあ	トレエナア	0
toreenaajuyou	とれえなあじゅよう	トレエナアジュヨウ	0
toreeningu	とれえにんぐ	トレエニング	0
toreeraa	とれえらあ	トレエラア	0
toreesu	とれえす	トレエス	0
torejaa	とれじゃあ	トレジャア	0
torekkaa	とれっかあ	トレッカア	0
torenchikooto	とれんちこおと	トレンチコオト	0
torendeii	とれんでいい	トレンデイイ	0
torendo	とれんど	トレンド	0
toreru	とれる	トレル	0
tori	とり	トリ	0
toriaezu	とりあえず	トリアエズ	0
toriageru	とりあげる	トリアゲル	0
toriatsukai	とりあつかい	トリアツカイ	0
toriatsukaichuui	とりあつかいちゅうい	トリアツカイチュウイ	0
toriatsukau	とりあつかう	トリアツカウ	0
toribyuun	とりびゅうん	トリビュウン	0
toridasu	とりだす	トリダス	0
torie	とりえ	トリエ	0
torigaa	とりがあ	トリガア	0
torihakarai	とりはからい	トリハカライ	0
torihazusu	とりはずす	トリハズス	0
torihiki	とりひき	トリヒキ	0
torihikisaki	とりひきさき	トリヒキサキ	0
torii	とりい	トリイ	0
toriireru	とりいれる	トリイレル	0
toriitomento	とりいとめんと	トリイトメント	0
torik	とり	トリ	4
torikaeru	とりかえる	トリカエル	0
torikaesu	とりかえす	トリカエス	0
torikakaru	とりかかる	トリカカル	0
torikakomu	とりかこむ	トリカコム	0
torikata	とりかた	トリカタ	0
torike	とりけ	トリケ	0
torikes	とりけ	トリケ	6
torikesh	とりけ	トリケ	6
torikeshi	とりけし	トリケシ	0
torikeshiwaapuro	とりけしわあぷろ	トリケシワアプロ	0
torikesu	とりけす	トリケス	0
torikesurensen	とりけすれんせん	トリケスレンセン	0
torikime	とりきめ	トリキメ	0
torikimeru	とりきめる	トリキメル	0
torikku	とりっく	トリック	0
torikomi	とりこみ	トリコミ	0
torikomu	とりこむ	トリコム	0
torikowashi	とりこわし	トリコワシ	0
torikuchi	とりくち	トリクチ	0
torikumi	とりくみ	トリクミ	0
torikumu	とりくむ	トリクム	0
torikuroroechiren	とりくろろえちれん	トリクロロエチレン	0
torimaku	とりまく	トリマク	0
torimatomeru	とりまとめる	トリマトメル	0
torimodosu	とりもどす	トリモドス	0
toriniku	とりにく	トリニク	0
torinitorotoruen	とりにとろとるえん	トリニトロトルエン	0
torinokosu	とりのこす	トリノコス	0
torinozoku	とりのぞく	トリノゾク	0
torio	とりお	トリオ	0
torippu	とりっぷ	トリップ	0
toripuru	とりぷる	トリプル	0
torisage	とりさげ	トリサゲ	0
torishimari	とりしまり	トリシマリ	0
torishimarihou	とりしまりほう	トリシマリホウ	0
torishimariyaku	とりしまりやく	トリシマリヤク	0
torishimariyakukai	とりしまりやくかい	トリシマリヤクカイ	0
torishimaru	とりしまる	トリシマル	0
torishirabe	とりしらべ	トリシラベ	0
torisoroeru	とりそろえる	トリソロエル	0
toritate	とりたて	トリタテ	0
toritsu	とりつ	トリツ	0
toritsugi	とりつぎ	トリツギ	0
toritsugu	とりつぐ	トリツグ	0
toriumu	とりうむ	トリウム	0
toriwake	とりわけ	トリワケ	0
toriyoseru	とりよせる	トリヨセル	0
toro	とろ	トロ	0
torofyii	とろふぃい	トロフィイ	0
toroi	とろい	トロイ	0
toronboon	とろんぼおん	トロンボオン	0
toronto	とろんと	トロント	0
torooru	とろおる	トロオル	0
torou	とろう	トロウ	0
toru	とる	トル	0
toruen	とるえん	トルエン	0
toruko	とるこ	トルコ	0
toruku	とるく	トルク	0
toruu	とるう	トルウ	0
toruup	とるう	トルウ	5
toruupa	とるうぱ	トルウパ	0
toruupaa	とるうぱあ	トルウパア	0
toruupaakaikoroku	とるうぱあかいころく	トルウパアカイコロク	0
toryou	とりょう	トリョウ	0
toryufu	とりゅふ	トリュフ	0
tos	と	ト	2
tosei	とせい	トセイ	0
tosh	と	ト	2
toshi	とし	トシ	0
toshiake	としあけ	トシアケ	0
toshibu	としぶ	トシブ	0
toshigasu	としがす	トシガス	0
toshigoro	としごろ	トシゴロ	0
toshikeikaku	としけいかく	トシケイカク	0
toshin	としん	トシン	0
toshiotoko	としおとこ	トシオトコ	0
toshishita	としした	トシシタ	0
toshite	として	トシテ	0
toshitemo	としても	トシテモ	0
toshitotta	としとった	トシトッタ	0
toshitsuki	としつき	トシツキ	0
toshiue	としうえ	トシウエ	0
toshiwotoru	としをとる	トシヲトル	0
toshiyori	としより	トシヨリ	0
tosho	としょ	トショ	0
toshok	としょ	トショ	5
toshoka	としょか	トショカ	0
toshokan	としょかん	トショカン	0
toshokanfukureru	としょかんふくれる	トショカンフクレル	0
toshoshitsu	としょしつ	トショシツ	0
tosou	とそう	トソウ	0
tossani	とっさに	トッサニ	0
tosshin	とっしん	トッシン	0
tosshutsu	とっしゅつ	トッシュツ	0
tosu	とす	トス	0
tosureba	とすれば	トスレバ	0
tosuru	とする	トスル	0
tosuruto	とすると	トスルト	0
totan	とたん	トタン	0
totanni	とたんに	トタンニ	0
totemo	とても	トテモ	0
totokarucho	ととかるちょ	トトカルチョ	0
totonoeru	ととのえる	トトノエル	0
totonotta	ととのった	トトノッタ	0
totonou	ととのう	トトノウ	0
totsugu	とつぐ	トツグ	0
totsujo	とつじょ	トツジョ	0
totsunyuu	とつにゅう	トツニュウ	0
totsuzen	とつぜん	トツゼン	0
totte	とって	トッテ	0
tou	とう	トウ	0
toua	とうあ	トウア	0
touan	とうあん	トウアン	0
touban	とうばん	トウバン	0
touben	とうべん	トウベン	0
toubou	とうぼう	トウボウ	0
toubu	とうぶ	トウブ	0
toubun	とうぶん	トウブン	0
toubyou	とうびょう	トウビョウ	0
touc	とう	トウ	3
touch	とう	トウ	3
toucha	とうちゃ	トウチャ	0
touchak	とうちゃ	トウチャ	6
touchaku	とうちゃく	トウチャク	0
touchakuyona	とうちゃくよな	トウチャクヨナ	0
touchi	とうち	トウチ	0
touchoku	とうちょく	トウチョク	0
touchou	とうちょう	トウチョウ	0
toudai	とうだい	トウダイ	0
toudori	とうどり	トウドリ	0
touei	とうえい	トウエイ	0
toufu	とうふ	トウフ	0
tougarashi	とうがらし	トウガラシ	0
touge	とうげ	トウゲ	0
tougei	とうげい	トウゲイ	0
tougi	とうぎ	トウギ	0
tougou	とうごう	トウゴウ	0
touguu	とうぐう	トウグウ	0
touh	とう	トウ	3
touha	とうは	トウハ	0
touhatsu	とうはつ	トウハツ	0
touhi	とうひ	トウヒ	0
touhin	とうひん	トウヒン	0
touho	とうほ	トウホ	0
touhoku	とうほく	トウホク	0
touhon	とうほん	トウホン	0
touhou	とうほう	トウホウ	0
touhoupasukeesu	とうほうぱすけえす	トウホウパスケエス	0
touhyou	とうひょう	トウヒョウ	0
touhyoubako	とうひょうばこ	トウヒョウバコ	0
touhyousho	とうひょうしょ	トウヒョウショ	0
toui	とうい	トウイ	0
touin	とういん	トウイン	0
touit	とうい	トウイ	4
touits	とうい	トウイ	4
touitsu	とういつ	トウイツ	0
touitsuk	とういつ	トウイツ	7
touitsuka	とういつか	トウイツカ	0
touitsukan	とういつかん	トウイツカン	0
touitsukankyousaku	とういつかんきょうさく	トウイツカンキョウサク	0
touj	とう	トウ	3
touji	とうじ	トウジ	0
toujiki	とうじき	トウジキ	0
toujiru	とうじる	トウジル	0
toujisha	とうじしゃ	トウジシャ	0
toujishouchuugakusei	とうじしょうちゅうがくせい	トウジショウチュウガクセイ	0
toujitsu	とうじつ	トウジツ	0
toujou	とうじょう	トウジョウ	0
toujoujinbutsu	とうじょうじんぶつ	トウジョウジンブツ	0
touk	とう	トウ	3
touka	とうか	トウカ	0
toukai	とうかい	トウカイ	0
toukaku	とうかく	トウカク	0
toukan	とうかん	トウカン	0
toukatsu	とうかつ	トウカツ	0
toukei	とうけい	トウケイ	0
touken	とうけん	トウケン	0
touketsu	とうけつ	トウケツ	0
touki	とうき	トウキ	0
toukiinchou	とうきいんちょう	トウキインチョウ	0
touko	とうこ	トウコ	0
toukotsu	とうこつ	トウコツ	0
toukou	とうこう	トウコウ	0
toukoubuppan	とうこうぶっぱん	トウコウブッパン	0
toukyoku	とうきょく	トウキョク	0
toukyou	とうきょう	トウキョウ	0
toukyoushoukentorihikijo	とうきょうしょうけんとりひきじょ	トウキョウショウケントリヒキジョ	0
toukyuu	とうきゅう	トウキュウ	0
toumei	とうめい	トウメイ	0
toumen	とうめん	トウメン	0
toumin	とうみん	トウミン	0
toumorokoshi	とうもろこし	トウモロコシ	0
toumu	とうむ	トウム	0
tounai	とうない	トウナイ	0
tounan	とうなん	トウナン	0
tounin	とうにん	トウニン	0
touno	とうの	トウノ	0
tounyoubyou	とうにょうびょう	トウニョウビョウ	0
tounyuu	とうにゅう	トウニュウ	0
touou	とうおう	トウオウ	0
tourai	とうらい	トウライ	0
touraku	とうらく	トウラク	0
touri	とうり	トウリ	0
touroku	とうろく	トウロク	0
tourokubangou	とうろくばんごう	トウロクバンゴウ	0
tourokusha	とうろくしゃ	トウロクシャ	0
tourokushouhyou	とうろくしょうひょう	トウロクショウヒョウ	0
touron	とうろん	トウロン	0
tourui	とうるい	トウルイ	0
touruu	とうるう	トウルウ	0
touryaku	とうりゃく	トウリャク	0
touryuumon	とうりゅうもん	トウリュウモン	0
tous	とう	トウ	3
tousai	とうさい	トウサイ	0
tousaku	とうさく	トウサク	0
tousan	とうさん	トウサン	0
tousei	とうせい	トウセイ	0
touseki	とうせき	トウセキ	0
tousen	とうせん	トウセン	0
toush	とう	トウ	3
tousha	とうしゃ	トウシャ	0
toushi	とうし	トウシ	0
toushin	とうしん	トウシン	0
toushishintaku	とうししんたく	トウシシンタク	0
toushitsu	とうしつ	トウシツ	0
tousho	とうしょ	トウショ	0
toushu	とうしゅ	トウシュ	0
toushus	とうしゅ	トウシュ	6
toushuse	とうしゅせ	トウシュセ	0
toushusen	とうしゅせん	トウシュセン	0
toushusenkiteki	とうしゅせんきてき	トウシュセンキテキ	0
tousou	とうそう	トウソウ	0
tousui	とうすい	トウスイ	0
toutatsu	とうたつ	トウタツ	0
toutei	とうてい	トウテイ	0
touten	とうてん	トウテン	0
touto	とうと	トウト	0
toutobu	とうとぶ	トウトブ	0
toutoi	とうとい	トウトイ	0
toutotsu	とうとつ	トウトツ	0
toutou	とうとう	トウトウ	0
touwaku	とうわく	トウワク	0
touyaku	とうやく	トウヤク	0
touyo	とうよ	トウヨ	0
touyou	とうよう	トウヨウ	0
touyu	とうゆ	トウユ	0
touyuushi	とうゆうし	トウユウシ	0
touzai	とうざい	トウザイ	0
touzen	とうぜん	トウゼン	0
touzoku	とうぞく	トウゾク	0
towairaito	とわいらいと	トワイライト	0
tozan	とざん	トザン	0
tozasu	とざす	トザス	0
ts			0
tsa	つぁ	ツァ	0
tsahyo	つぁひょ	ツァヒョ	0
tse	つぇ	ツェ	0
tsehyu	つぇひゅ	ツェヒュ	0
tsi	つぃ	ツィ	0
tsii	つぃい	ツィイ	0
tso	つぉ	ツォ	0
tsoja	つぉじゃ	ツォジャ	0
tsu	つ	ツ	0
tsuaa	つああ	ツアア	0
tsub	つ	ツ	3
tsuba	つば	ツバ	0
tsubak	つば	ツバ	5
tsubaki	つばき	ツバキ	0
tsubakidokuritsugyouseihoujin	つばきどくりつぎょうせいほうじん	ツバキドクリツギョウセイホウジン	0
tsubam	つば	ツバ	5
tsubame	つばめ	ツバメ	0
tsubametainetsu	つばめたいねつ	ツバメタイネツ	0
tsubasa	つばさ	ツバサ	0
tsubo	つぼ	ツボ	0
tsubomi	つぼみ	ツボミ	0
tsubu	つぶ	ツブ	0
tsubureru	つぶれる	ツブレル	0
tsuburu	つぶる	ツブル	0
tsubusu	つぶす	ツブス	0
tsubuyaku	つぶやく	ツブヤク	0
tsuchi	つち	ツチ	0
tsuchikau	つちかう	ツチカウ	0
tsudo	つど	ツド	0
tsudoi	つどい	ツドイ	0
tsudou	つどう	ツドウ	0
tsue	つえ	ツエ	0
tsugeru	つげる	ツゲル	0
tsugi	つぎ	ツギ	0
tsugihagi	つぎはぎ	ツギハギ	0
tsugikomu	つぎこむ	ツギコム	0
tsuginoyouni	つぎのように	ツギノヨウニ	0
tsugitsugi	つぎつぎ	ツギツギ	0
tsugitsugini	つぎつぎに	ツギツギニ	0
tsugou	つごう	ツゴウ	0
tsugu	つぐ	ツグ	0
tsugunai	つぐない	ツグナイ	0
tsugunau	つぐなう	ツグナウ	0
tsui	つい	ツイ	0
tsuichou	ついちょう	ツイチョウ	0
tsuide	ついで	ツイデ	0
tsuideni	ついでに	ツイデニ	0
tsuigeki	ついげき	ツイゲキ	0
tsuihou	ついほう	ツイホウ	0
tsuij	つい	ツイ	4
tsuiji	ついじ	ツイジ	0
tsuijikatsujou	ついじかつじょう	ツイジカツジョウ	0
tsuika	ついか	ツイカ	0
tsuikaryoukin	ついかりょうきん	ツイカリョウキン	0
tsuikyuu	ついきゅう	ツイキュウ	0
tsuin	ついん	ツイン	0
tsuini	ついに	ツイニ	0
tsuiraku	ついらく	ツイラク	0
tsuiseki	ついせき	ツイセキ	0
tsuishin	ついしん	ツイシン	0
tsuitachi	ついたち	ツイタチ	0
tsuiteiku	ついていく	ツイテイク	0
tsuiteiru	ついている	ツイテイル	0
tsuitekuru	ついてくる	ツイテクル	0
tsuiteru	ついてる	ツイテル	0
tsuitotsu	ついとつ	ツイトツ	0
tsuitou	ついとう	ツイトウ	0
tsuiyasu	ついやす	ツイヤス	0
tsuizui	ついずい	ツイズイ	0
tsuje	つじぇ	ツジェ	0
tsuji	つじ	ツジ	0
tsujitsuma	つじつま	ツジツマ	0
tsuk	つ	ツ	3
tsuka	つか	ツカ	0
tsukaeru	つかえる	ツカエル	0
tsukai	つかい	ツカイ	0
tsukaikata	つかいかた	ツカイカタ	0
tsukaimichi	つかいみち	ツカイミチ	0
tsukais	つかい	ツカイ	6
tsukaisu	つかいす	ツカイス	0
tsukaisut	つかいす	ツカイス	8
tsukaisute	つかいすて	ツカイステ	0
tsukaisuterookaru	つかいすてろおかる	ツカイステロオカル	0
tsukaiwake	つかいわけ	ツカイワケ	0
tsukamaeru	つかまえる	ツカマエル	0
tsukamaru	つかまる	ツカマル	0
tsukamu	つかむ	ツカム	0
tsukanoma	つかのま	ツカノマ	0
tsukare	つかれ	ツカレ	0
tsukarehateru	つかれはてる	ツカレハテル	0
tsukareru	つかれる	ツカレル	0
tsukaru	つかる	ツカル	0
tsukasadoru	つかさどる	ツカサドル	0
tsukau	つかう	ツカウ	0
tsuke	つけ	ツケ	0
tsukekomu	つけこむ	ツケコム	0
tsukekuwaeru	つけくわえる	ツケクワエル	0
tsukemono	つけもの	ツケモノ	0
tsukene	つけね	ツケネ	0
tsukeru	つける	ツケル	0
tsuketasu	つけたす	ツケタス	0
tsuki	つき	ツキ	0
tsukiageru	つきあげる	ツキアゲル	0
tsukiai	つきあい	ツキアイ	0
tsukiatari	つきあたり	ツキアタリ	0
tsukiataru	つきあたる	ツキアタル	0
tsukiau	つきあう	ツキアウ	0
tsukihajime	つきはじめ	ツキハジメ	0
tsukihi	つきひ	ツキヒ	0
tsukimi	つきみ	ツキミ	0
tsukin	つきん	ツキン	0
tsukinami	つきなみ	ツキナミ	0
tsukinousagi	つきのうさぎ	ツキノウサギ	0
tsukinu	つきぬ	ツキヌ	0
tsukinuk	つきぬ	ツキヌ	7
tsukinuke	つきぬけ	ツキヌケ	0
tsukinuker	つきぬけ	ツキヌケ	9
tsukinukeru	つきぬける	ツキヌケル	0
tsukinukerumeedee	つきぬけるめえでえ	ツキヌケルメエデエ	0
tsukiru	つきる	ツキル	0
tsukisasu	つきさす	ツキサス	0
tsukisoi	つきそい	ツキソイ	0
tsukiyama	つきやま	ツキヤマ	0
tsukiyo	つきよ	ツキヨ	0
tsukizuki	つきずき	ツキズキ	0
tsukkomu	つっこむ	ツッコム	0
tsuku	つく	ツク	0
tsukuda	つくだ	ツクダ	0
tsukue	つくえ	ツクエ	0
tsukuri	つくり	ツクリ	0
tsukuriageru	つくりあげる	ツクリアゲル	0
tsukuribanashi	つくりばなし	ツクリバナシ	0
tsukuridasu	つくりだす	ツクリダス	0
tsukuriwarai	つくりわらい	ツクリワライ	0
tsukurou	つくろう	ツクロウ	0
tsukuru	つくる	ツクル	0
tsukusu	つくす	ツクス	0
tsukuzuku	つくずく	ツクズク	0
tsum	つ	ツ	3
tsuma	つま	ツマ	0
tsumami	つまみ	ツマミ	0
tsumamu	つまむ	ツマム	0
tsumannai	つまんない	ツマンナイ	0
tsumaranai	つまらない	ツマラナイ	0
tsumaraseru	つまらせる	ツマラセル	0
tsumari	つまり	ツマリ	0
tsumaru	つまる	ツマル	0
tsumasaki	つまさき	ツマサキ	0
tsumayouji	つまようじ	ツマヨウジ	0
tsumazuku	つまずく	ツマズク	0
tsume	つめ	ツメ	0
tsumekiri	つめきり	ツメキリ	0
tsumekomu	つめこむ	ツメコム	0
tsumeru	つめる	ツメル	0
tsumetai	つめたい	ツメタイ	0
tsumi	つみ	ツミ	0
tsumikasane	つみかさね	ツミカサネ	0
tsumikasaneru	つみかさねる	ツミカサネル	0
tsumikomu	つみこむ	ツミコム	0
tsumitate	つみたて	ツミタテ	0
tsumitatekin	つみたてきん	ツミタテキン	0
tsumori	つもり	ツモリ	0
tsumoru	つもる	ツモル	0
tsumu	つむ	ツム	0
tsumugu	つむぐ	ツムグ	0
tsumuru	つむる	ツムル	0
tsumutokushuu	つむとくしゅう	ツムトクシュウ	0
tsuna	つな	ツナ	0
tsunagari	つながり	ツナガリ	0
tsunagaru	つながる	ツナガル	0
tsunagu	つなぐ	ツナグ	0
tsunahiki	つなひき	ツナヒキ	0
tsunami	つなみ	ツナミ	0
tsunawatari	つなわたり	ツナワタリ	0
tsundoku	つんどく	ツンドク	0
tsune	つね	ツネ	0
tsuneni	つねに	ツネニ	0
tsuno	つの	ツノ	0
tsunoru	つのる	ツノル	0
tsuppari	つっぱり	ツッパリ	0
tsupparu	つっぱる	ツッパル	0
tsura	つら	ツラ	0
tsurai	つらい	ツライ	0
tsuranaru	つらなる	ツラナル	0
tsuraneru	つらねる	ツラネル	0
tsuranukitoosu	つらぬきとおす	ツラヌキトオス	0
tsuranuku	つらぬく	ツラヌク	0
tsure	つれ	ツレ	0
tsureru	つれる	ツレル	0
tsuresaru	つれさる	ツレサル	0
tsureteiku	つれていく	ツレテイク	0
tsuretekuru	つれてくる	ツレテクル	0
tsuri	つり	ツリ	0
tsuriai	つりあい	ツリアイ	0
tsuriau	つりあう	ツリアウ	0
tsuribari	つりばり	ツリバリ	0
tsuribori	つりぼり	ツリボリ	0
tsurii	つりい	ツリイ	0
tsurisen	つりせん	ツリセン	0
tsuru	つる	ツル	0
tsurusu	つるす	ツルス	0
tsurutsuru	つるつる	ツルツル	0
tsut	つ	ツ	3
tsutaeru	つたえる	ツタエル	0
tsutau	つたう	ツタウ	0
tsutawaru	つたわる	ツタワル	0
tsutome	つとめ	ツトメ	0
tsutomeru	つとめる	ツトメル	0
tsutomesaki	つとめさき	ツトメサキ	0
tsutomete	つとめて	ツトメテ	0
tsuts	つ	ツ	3
tsutsu	つつ	ツツ	0
tsutsui	つつい	ツツイ	0
tsutsuji	つつじ	ツツジ	0
tsutsuku	つつく	ツツク	0
tsutsum	つつ	ツツ	6
tsutsumi	つつみ	ツツミ	0
tsutsumigami	つつみがみ	ツツミガミ	0
tsutsumikomu	つつみこむ	ツツミコム	0
tsutsumishiin	つつみしいん	ツツミシイン	0
tsutsumu	つつむ	ツツム	0
tsutsushimu	つつしむ	ツツシム	0
tsuu	つう	ツウ	0
tsuuchi	つうち	ツウチ	0
tsuuchou	つうちょう	ツウチョウ	0
tsuugaku	つうがく	ツウガク	0
tsuuhan	つうはん	ツウハン	0
tsuuhou	つうほう	ツウホウ	0
tsuuimasugu	つういますぐ	ツウイマスグ	0
tsuuin	つういん	ツウイン	0
tsuuji	つうじ	ツウジ	0
tsuujiru	つうじる	ツウジル	0
tsuujite	つうじて	ツウジテ	0
tsuujou	つうじょう	ツウジョウ	0
tsuuka	つうか	ツウカ	0
tsuukan	つうかん	ツウカン	0
tsuukin	つうきん	ツウキン	0
tsuukoku	つうこく	ツウコク	0
tsuukon	つうこん	ツウコン	0
tsuukou	つうこう	ツウコウ	0
tsuukoudome	つうこうどめ	ツウコウドメ	0
tsuunen	つうねん	ツウネン	0
tsuupiisu	つうぴいす	ツウピイス	0
tsuurei	つうれい	ツウレイ	0
tsuuretsu	つうれつ	ツウレツ	0
tsuuringu	つうりんぐ	ツウリング	0
tsuurisuto	つうりすと	ツウリスト	0
tsuuro	つうろ	ツウロ	0
tsuuru	つうる	ツウル	0
tsuus	つう	ツウ	4
tsuusan	つうさん	ツウサン	0
tsuusanshou	つうさんしょう	ツウサンショウ	0
tsuush	つう	ツウ	4
tsuushi	つうし	ツウシ	0
tsuushin	つうしん	ツウシン	0
tsuushine	つうしね	ツウシネ	0
tsuushinei	つうしねい	ツウシネイ	0
tsuushineis	つうしねい	ツウシネイ	10
tsuushineise	つうしねいせ	ツウシネイセ	0
tsuushineisei	つうしねいせい	ツウシネイセイ	0
tsuushineiseine	つうしねいせいね	ツウシネイセイネ	0
tsuushinhanbai	つうしんはんばい	ツウシンハンバイ	0
tsuushinmou	つうしんもう	ツウシンモウ	0
tsuushinsha	つうしんしゃ	ツウシンシャ	0
tsuushou	つうしょう	ツウショウ	0
tsuutatsu	つうたつ	ツウタツ	0
tsuuwa	つうわ	ツウワ	0
tsuuyaku	つうやく	ツウヤク	0
tsuuyou	つうよう	ツウヨウ	0
tsuuzokuteki	つうぞくてき	ツウゾクテキ	0
tsuwari	つわり	ツワリ	0
tsuya	つや	ツヤ	0
tsuyatsuya	つやつや	ツヤツヤ	0
tsuyoi	つよい	ツヨイ	0
tsuyoki	つよき	ツヨキ	0
tsuyomaru	つよまる	ツヨマル	0
tsuyomeru	つよめる	ツヨメル	0
tsuyomi	つよみ	ツヨミ	0
tsuyosa	つよさ	ツヨサ	0
tsuyu	つゆ	ツユ	0
tsuyuake	つゆあけ	ツユアケ	0
tsuyuiri	つゆいり	ツユイリ	0
tsuz	つ	ツ	3
tsuzu	つず	ツズ	0
tsuzukeru	つずける	ツズケル	0
tsuzuki	つずき	ツズキ	0
tsuzuku	つずく	ツズク	0
tsuzum	つず	ツズ	5
tsuzumi	つずみ	ツズミ	0
tsuzumifuuun	つずみふううん	ツズミフウウン	0
tsuzuri	つずり	ツズリ	0
tsuzuru	つずる	ツズル	0
tta	った	ッタ	0
ttaji	ったじ	ッタジ	0
ttara	ったら	ッタラ	0
tte	って	ッテ	0
ttejja	ってっじゃ	ッテッジャ	0
ttekotoha	ってことは	ッテコトハ	0
ttha	ってゃ	ッテャ	0
tthajje	ってゃっじぇ	ッテャッジェ	0
tthe	ってぇ	ッテェ	0
tthejji	ってぇっじ	ッテェッジ	0
tthi	ってぃ	ッティ	0
tthijjo	ってぃっじょ	ッティッジョ	0
ttho	ってょ	ッテョ	0
tthojju	ってょっじゅ	ッテョッジュ	0
tthu	ってゅ	ッテュ	0
tthujjya	ってゅっじゃ	ッテュッジャ	0
tti	っち	ッチ	0
ttijjye	っちっじぇ	ッチッジェ	0
tto	っと	ット	0
ttojjyi	っとっじぃ	ットッジィ	0
ttsa	っつぁ	ッツァ	0
ttsajjyo	っつぁっじょ	ッツァッジョ	0
ttse	っつぇ	ッツェ	0
ttsejjyu	っつぇっじゅ	ッツェッジュ	0
ttsi	っつぃ	ッツィ	0
ttsijo	っつぃじょ	ッツィジョ	0
ttso	っつぉ	ッツォ	0
ttsoju	っつぉじゅ	ッツォジュ	0
ttsu	っつ	ッツ	0
ttsujya	っつじゃ	ッツジャ	0
ttu	っつ	ッツ	0
ttujye	っつじぇ	ッツジェ	0
ttwa	っとぁ	ットァ	0
ttwajyi	っとぁじぃ	ットァジィ	0
ttwe	っとぇ	ットェ	0
ttwejyo	っとぇじょ	ットェジョ	0
ttwi	っとぃ	ットィ	0
ttwijyu	っとぃじゅ	ットィジュ	0
ttwo	っとぉ	ットォ	0
ttwoka	っとぉか	ットォカ	0
ttwu	っとぅ	ットゥ	0
ttwuke	っとぅけ	ットゥケ	0
ttya	っちゃ	ッチャ	0
ttyaki	っちゃき	ッチャキ	0
ttye	っちぇ	ッチェ	0
ttyekka	っちぇっか	ッチェッカ	0
ttyi	っちぃ	ッチィ	0
ttyikke	っちぃっけ	ッチィッケ	0
ttyo	っちょ	ッチョ	0
ttyokki	っちょっき	ッチョッキ	0
ttyu	っちゅ	ッチュ	0
ttyukko	っちゅっこ	ッチュッコ	0
tu	つ	ツ	0
tukku	つっく	ツック	0
twa	とぁ	トァ	0
twakkwa	とぁっくぁ	トァックァ	0
twe	とぇ	トェ	0
twekkwe	とぇっくぇ	トェックェ	0
twi	とぃ	トィ	0
twikkwi	とぃっくぃ	トィックィ	0
two	とぉ	トォ	0
twokkwo	とぉっくぉ	トォックォ	0
twu	とぅ	トゥ	0
twukkwu	とぅっくぅ	トゥックゥ	0
tya	ちゃ	チャ	0
tyakkya	ちゃっきゃ	チャッキャ	0
tye	ちぇ	チェ	0
tyekkye	ちぇっきぇ	チェッキェ	0
tyi	ちぃ	チィ	0
tyikkyi	ちぃっきぃ	チィッキィ	0
tyo	ちょ	チョ	0
tyokkyo	ちょっきょ	チョッキョ	0
tyu	ちゅ	チュ	0
tyukkyu	ちゅっきゅ	チュッキュ	0
u	う	ウ	0
ubau	うばう	ウバウ	0
uc	う	ウ	1
uch	う	ウ	1
uchi	うち	ウチ	0
uchiage	うちあげ	ウチアゲ	0
uchiageru	うちあげる	ウチアゲル	0
uchiai	うちあい	ウチアイ	0
uchiakeru	うちあける	ウチアケル	0
uchiawase	うちあわせ	ウチアワセ	0
uchiawaseru	うちあわせる	ウチアワセル	0
uchibori	うちぼり	ウチボリ	0
uchidasu	うちだす	ウチダス	0
uchigawa	うちがわ	ウチガワ	0
uchikeshi	うちけし	ウチケシ	0
uchikesu	うちけす	ウチケス	0
uchiki	うちき	ウチキ	0
uchikiri	うちきり	ウチキリ	0
uchikiru	うちきる	ウチキル	0
uchikomi	うちこみ	ウチコミ	0
uchikomu	うちこむ	ウチコム	0
uchimaku	うちまく	ウチマク	0
uchiuchi	うちうち	ウチウチ	0
uchiwa	うちわ	ウチワ	0
uchiwake	うちわけ	ウチワケ	0
uchouten	うちょうてん	ウチョウテン	0
uchu	うちゅ	ウチュ	0
uchuu	うちゅう	ウチュウ	0
uchuuhikoushi	うちゅうひこうし	ウチュウヒコウシ	0
uchuuk	うちゅう	ウチュウ	5
uchuuka	うちゅうか	ウチュウカ	0
uchuukai	うちゅうかい	ウチュウカイ	0
uchuukaih	うちゅうかい	ウチュウカイ	8
uchuukaiha	うちゅうかいは	ウチュウカイハ	0
uchuukaihat	うちゅうかいは	ウチュウカイハ	10
uchuukaihats	うちゅうかいは	ウチュウカイハ	10
uchuukaihatsu	うちゅうかいはつ	ウチュウカイハツ	0
uchuukaihatsuj	うちゅうかいはつ	ウチュウカイハツ	13
uchuukaihatsuji	うちゅうかいはつじ	ウチュウカイハツジ	0
uchuukaihatsujig	うちゅうかいはつじ	ウチュウカイハツジ	15
uchuukaihatsujigy	うちゅうかいはつじ	ウチュウカイハツジ	15
uchuukaihatsujigyo	うちゅうかいはつじぎょ	ウチュウカイハツジギョ	0
uchuukaihatsujigyou	うちゅうかいはつじぎょう	ウチュウカイハツジギョウ	0
uchuukaihatsujigyoud	うちゅうかいはつじぎょう	ウチュウカイハツジギョウ	19
uchuukaihatsujigyouda	うちゅうかいはつじぎょうだ	ウチュウカイハツジギョウダ	0
uchuukaihatsujigyoudan	うちゅうかいはつじぎょうだん	ウチュウカイハツジギョウダン	0
uchuukaihatsujigyoudankotaeru	うちゅうかいはつじぎょうだんこたえる	ウチュウカイハツジギョウダンコタエル	0
uchuukan	うちゅうかん	ウチュウカン	0
uchuukuukan	うちゅうくうかん	ウチュウクウカン	0
uddo	うっど	ウッド	0
ude	うで	ウデ	0
udedokei	うでどけい	ウデドケイ	0
udemae	うでまえ	ウデマエ	0
udon	うどん	ウドン	0
ue	うえ	ウエ	0
uea	うえあ	ウエア	0
ueakesshin	うえあけっしん	ウエアケッシン	0
uebu	うえぶ	ウエブ	0
uebupeeji	うえぶぺえじ	ウエブペエジ	0
ueburogu	うえぶろぐ	ウエブログ	0
uebusaito	うえぶさいと	ウエブサイト	0
uedeingudoresu	うえでいんぐどれす	ウエデイングドレス	0
uee	うええ	ウエエ	0
ueebu	うええぶ	ウエエブ	0
ueer	うええ	ウエエ	3
ueeru	うええる	ウエエル	0
ueeruz	うええる	ウエエル	5
ueeruzu	うええるず	ウエエルズ	0
ueeruzukoujichuu	うええるずこうじちゅう	ウエエルズコウジチュウ	0
uei	うえい	ウエイ	0
ueito	うえいと	ウエイト	0
ueitoresu	うえいとれす	ウエイトレス	0
uejini	うえじに	ウエジニ	0
ueki	うえき	ウエキ	0
uekibachi	うえきばち	ウエキバチ	0
ueru	うえる	ウエル	0
uerukamu	うえるかむ	ウエルカム	0
ueshita	うえした	ウエシタ	0
uesutan	うえすたん	ウエスタン	0
uesuto	うえすと	ウエスト	0
uetto	うえっと	ウエット	0
ugai	うがい	ウガイ	0
ugokasu	うごかす	ウゴカス	0
ugoki	うごき	ウゴキ	0
ugokidasu	うごきだす	ウゴキダス	0
ugoku	うごく	ウゴク	0
uha	うは	ウハ	0
uhou	うほう	ウホウ	0
uiiku	ういいく	ウイイク	0
uiikuendo	ういいくえんど	ウイイクエンド	0
uiikurii	ういいくりい	ウイイクリイ	0
uijetto	ういじぇっと	ウイジェット	0
uijin	ういじん	ウイジン	0
uindo	ういんど	ウインド	0
uindou	ういんどう	ウインドウ	0
uingu	ういんぐ	ウイング	0
uinkaa	ういんかあ	ウインカア	0
uinku	ういんく	ウインク	0
uintaa	ういんたあ	ウインタア	0
uintaasupootsu	ういんたあすぽおつ	ウインタアスポオツ	0
uirusu	ういるす	ウイルス	0
uisukii	ういすきい	ウイスキイ	0
ujigami	うじがみ	ウジガミ	0
uk	う	ウ	1
uka	うか	ウカ	0
ukab	うか	ウカ	3
ukaberu	うかべる	ウカベル	0
ukabiagaru	うかびあがる	ウカビアガル	0
ukabu	うかぶ	ウカブ	0
ukabukyaputen	うかぶきゃぷてん	ウカブキャプテン	0
ukagau	うかがう	ウカガウ	0
ukareru	うかれる	ウカレル	0
ukaru	うかる	ウカル	0
uke	うけ	ウケ	0
ukeire	うけいれ	ウケイレ	0
ukeireru	うけいれる	ウケイレル	0
ukemi	うけみ	ウケミ	0
ukemochi	うけもち	ウケモチ	0
ukemotsu	うけもつ	ウケモツ	0
ukeoi	うけおい	ウケオイ	0
ukeou	うけおう	ウケオウ	0
ukeru	うける	ウケル	0
uketamawaru	うけたまわる	ウケタマワル	0
uketomeru	うけとめる	ウケトメル	0
uketori	うけとり	ウケトリ	0
uketorinin	うけとりにん	ウケトリニン	0
uketoru	うけとる	ウケトル	0
uketsugu	うけつぐ	ウケツグ	0
uketsuke	うけつけ	ウケツケ	0
uketsukechuu	うけつけちゅう	ウケツケチュウ	0
uketsukeru	うけつける	ウケツケル	0
ukewatashi	うけわたし	ウケワタシ	0
ukezara	うけざら	ウケザラ	0
uki	うき	ウキ	0
ukib	うき	ウキ	3
ukibo	うきぼ	ウキボ	0
ukibor	うきぼ	ウキボ	5
ukibori	うきぼり	ウキボリ	0
ukiborimedeia	うきぼりめでいあ	ウキボリメデイア	0
ukime	うきめ	ウキメ	0
ukiuki	うきうき	ウキウキ	0
ukiyoe	うきよえ	ウキヨエ	0
ukkari	うっかり	ウッカリ	0
uko	うこ	ウコ	0
uku	うく	ウク	0
ukuraina	うくらいな	ウクライナ	0
ukurere	うくれれ	ウクレレ	0
uma	うま	ウマ	0
umai	うまい	ウマイ	0
umakuiku	うまくいく	ウマクイク	0
umanushi	うまぬし	ウマヌシ	0
umare	うまれ	ウマレ	0
umareru	うまれる	ウマレル	0
umaresodatsu	うまれそだつ	ウマレソダツ	0
umaretsuki	うまれつき	ウマレツキ	0
umaru	うまる	ウマル	0
ume	うめ	ウメ	0
umeboshi	うめぼし	ウメボシ	0
umeru	うめる	ウメル	0
umeshu	うめしゅ	ウメシュ	0
umetate	うめたて	ウメタテ	0
umetatechi	うめたてち	ウメタテチ	0
umi	うみ	ウミ	0
umibe	うみべ	ウミベ	0
umidasu	うみだす	ウミダス	0
uminooya	うみのおや	ウミノオヤ	0
umoreru	うもれる	ウモレル	0
umou	うもう	ウモウ	0
umu	うむ	ウム	0
un	うん	ウン	0
unagasu	うながす	ウナガス	0
unagi	うなぎ	ウナギ	0
unaru	うなる	ウナル	0
unazuku	うなずく	ウナズク	0
unchi	うんち	ウンチ	0
unchin	うんちん	ウンチン	0
undeinosa	うんでいのさ	ウンデイノサ	0
undou	うんどう	ウンドウ	0
undoubusoku	うんどうぶそく	ウンドウブソク	0
undoujou	うんどうじょう	ウンドウジョウ	0
undoukai	うんどうかい	ウンドウカイ	0
une	うね	ウネ	0
unei	うねい	ウネイ	0
uneri	うねり	ウネリ	0
uneru	うねる	ウネル	0
unga	うんが	ウンガ	0
unk	うん	ウン	2
unko	うんこ	ウンコ	0
unkou	うんこう	ウンコウ	0
unkousonkei	うんこうそんけい	ウンコウソンケイ	0
unkyuu	うんきゅう	ウンキュウ	0
unmei	うんめい	ウンメイ	0
unnun	うんぬん	ウンヌン	0
unpan	うんぱん	ウンパン	0
unsou	うんそう	ウンソウ	0
unten	うんてん	ウンテン	0
untenmenkyo	うんてんめんきょ	ウンテンメンキョ	0
untenshi	うんてんし	ウンテンシ	0
untenshu	うんてんしゅ	ウンテンシュ	0
unubore	うぬぼれ	ウヌボレ	0
unuboreru	うぬぼれる	ウヌボレル	0
unyoku	うにょく	ウニョク	0
unyou	うにょう	ウニョウ	0
unyu	うにゅ	ウニュ	0
unyushou	うにゅしょう	ウニュショウ	0
unzari	うんざり	ウンザリ	0
uo	うお	ウオ	0
uoichiba	うおいちば	ウオイチバ	0
uokka	うおっか	ウオッカ	0
uon	うおん	ウオン	0
uoorugai	うおおるがい	ウオオルガイ	0
uotchingu	うお	ウオ	2
uou	うおう	ウオウ	0
uous	うおう	ウオウ	3
uousa	うおうさ	ウオウサ	0
uousao	うおうさお	ウオウサオ	0
uousaou	うおうさおう	ウオウサオウ	0
uousaoutaru	うおうさおうたる	ウオウサオウタル	0
ur	う	ウ	1
ura	うら	ウラ	0
uradoori	うらどおり	ウラドオリ	0
urag	うら	ウラ	3
uraga	うらが	ウラガ	0
uragaeshi	うらがえし	ウラガエシ	0
uragaesu	うらがえす	ウラガエス	0
uragane	うらがね	ウラガネ	0
uragaw	うらが	ウラガ	5
uragawa	うらがわ	ウラガワ	0
uragawabakku	うらがわばっく	ウラガワバック	0
uragiri	うらぎり	ウラギリ	0
uragirimono	うらぎりもの	ウラギリモノ	0
uragiru	うらぎる	ウラギル	0
uraguchi	うらぐち	ウラグチ	0
urahara	うらはら	ウラハラ	0
urakata	うらかた	ウラカタ	0
urame	うらめ	ウラメ	0
uramen	うらめん	ウラメン	0
urami	うらみ	ウラミ	0
uramichi	うらみち	ウラミチ	0
uramon	うらもん	ウラモン	0
uramu	うらむ	ウラム	0
uran	うらん	ウラン	0
uranai	うらない	ウラナイ	0
uranaishi	うらないし	ウラナイシ	0
uranau	うらなう	ウラナウ	0
uraomote	うらおもて	ウラオモテ	0
urayamashii	うらやましい	ウラヤマシイ	0
urazuke	うらずけ	ウラズケ	0
urazukeru	うらずける	ウラズケル	0
ure	うれ	ウレ	0
uree	うれえ	ウレエ	0
ureer	うれえ	ウレエ	4
ureeru	うれえる	ウレエル	0
ureerumerodei	うれえるめろでい	ウレエルメロデイ	0
urei	うれい	ウレイ	0
ureru	うれる	ウレル	0
ures	うれ	ウレ	3
ureshii	うれしい	ウレシイ	0
uresu	うれす	ウレス	0
uresuj	うれす	ウレス	5
uresuji	うれすじ	ウレスジ	0
uresujir	うれすじ	ウレスジ	7
uresujira	うれすじら	ウレスジラ	0
uresujiran	うれすじらん	ウレスジラン	0
uresujirank	うれすじらん	ウレスジラン	10
uresujiranki	うれすじらんき	ウレスジランキ	0
uresujirankin	うれすじらんきん	ウレスジランキン	0
uresujiranking	うれすじらんきん	ウレスジランキン	13
uresujirankingu	うれすじらんきんぐ	ウレスジランキング	0
uresujirankingukeisai	うれすじらんきんぐけいさい	ウレスジランキングケイサイ	0
ureyuki	うれゆき	ウレユキ	0
uri	うり	ウリ	0
uriage	うりあげ	ウリアゲ	0
uriagedaka	うりあげだか	ウリアゲダカ	0
uriagekin	うりあげきん	ウリアゲキン	0
uriba	うりば	ウリバ	0
uridashi	うりだし	ウリダシ	0
uridasu	うりだす	ウリダス	0
urikire	うりきれ	ウリキレ	0
urikireru	うりきれる	ウリキレル	0
urikomi	うりこみ	ウリコミ	0
urikomu	うりこむ	ウリコム	0
urimono	うりもの	ウリモノ	0
urite	うりて	ウリテ	0
uroko	うろこ	ウロコ	0
urotsuku	うろつく	ウロツク	0
urouro	うろうろ	ウロウロ	0
uru	うる	ウル	0
uruguai	うるぐあい	ウルグアイ	0
urumu	うるむ	ウルム	0
uruoi	うるおい	ウルオイ	0
uruosu	うるおす	ウルオス	0
uruou	うるおう	ウルオウ	0
urusai	うるさい	ウルサイ	0
urushi	うるし	ウルシ	0
urushinuri	うるしぬり	ウルシヌリ	0
urutora	うるとら	ウルトラ	0
uruudoshi	うるうどし	ウルウドシ	0
uryou	うりょう	ウリョウ	0
usagi	うさぎ	ウサギ	0
usetsu	うせつ	ウセツ	0
ushi	うし	ウシ	0
ushinau	うしなう	ウシナウ	0
ushiro	うしろ	ウシロ	0
ushirodate	うしろだて	ウシロダテ	0
ushiromuki	うしろむき	ウシロムキ	0
ushirosugata	うしろすがた	ウシロスガタ	0
uso	うそ	ウソ	0
usotsuki	うそつき	ウソツキ	0
usugi	うすぎ	ウスギ	0
usugurai	うすぐらい	ウスグライ	0
usui	うすい	ウスイ	0
usumaru	うすまる	ウスマル	0
usumeru	うすめる	ウスメル	0
usuragu	うすらぐ	ウスラグ	0
usureru	うすれる	ウスレル	0
ut	う	ウ	1
uta	うた	ウタ	0
utaawase	うたあわせ	ウタアワセ	0
utag	うた	ウタ	3
utaga	うたが	ウタガ	0
utagai	うたがい	ウタガイ	0
utagau	うたがう	ウタガウ	0
utagaw	うたが	ウタガ	5
utagawa	うたがわ	ウタガワ	0
utagawas	うたがわ	ウタガワ	7
utagawash	うたがわ	ウタガワ	7
utagawashi	うたがわし	ウタガワシ	0
utagawashii	うたがわしい	ウタガワシイ	0
utagawashiidougan	うたがわしいどうがん	ウタガワシイドウガン	0
utage	うたげ	ウタゲ	0
utagoe	うたごえ	ウタゴエ	0
utahime	うたひめ	ウタヒメ	0
utai	うたい	ウタイ	0
utau	うたう	ウタウ	0
uten	うてん	ウテン	0
utouto	うとうと	ウトウト	0
utsu	うつ	ウツ	0
utsubyou	うつびょう	ウツビョウ	0
utsukushii	うつくしい	ウツクシイ	0
utsumuku	うつむく	ウツムク	0
utsurikawari	うつりかわり	ウツリカワリ	0
utsuru	うつる	ウツル	0
utsushi	うつし	ウツシ	0
utsushidasu	うつしだす	ウツシダス	0
utsusu	うつす	ウツス	0
utsuwa	うつわ	ウツワ	0
uttae	うったえ	ウッタエ	0
uttaeru	うったえる	ウッタエル	0
uttoushii	うっとうしい	ウットウシイ	0
uu	うう	ウウ	0
uum	うう	ウウ	2
uuma	ううま	ウウマ	0
uuman	ううまん	ウウマン	0
uumankonomi	ううまんこのみ	ウウマンコノミ	0
uun	ううん	ウウン	0
uuru	ううる	ウウル	0
uwagi	うわぎ	ウワギ	0
uwaki	うわき	ウワキ	0
uwakuchibiru	うわくちびる	ウワクチビル	0
uwamawaru	うわまわる	ウワマワル	0
uwamuki	うわむき	ウワムキ	0
uwanose	うわのせ	ウワノセ	0
uwasa	うわさ	ウワサ	0
uwatchoushi	うわ	ウワ	3
uwatenage	うわてなげ	ウワテナゲ	0
uwazumi	うわずみ	ウワズミ	0
uyamau	うやまう	ウヤマウ	0
uyamuya	うやむや	ウヤムヤ	0
uyoku	うよく	ウヨク	0
uz	う	ウ	1
uzu	うず	ウズ	0
uzuk	うず	ウズ	3
uzuku	うずく	ウズク	0
uzukum	うずく	ウズク	5
uzukuma	うずくま	ウズクマ	0
uzukumar	うずくま	ウズクマ	7
uzukumaru	うずくまる	ウズクマル	0
uzukumarupuraimutaimu	うずくまるぷらいむたいむ	ウズクマルプライムタイム	0
uzumaki	うずまき	ウズマキ	0
uzumaru	うずまる	ウズマル	0
uzumeru	うずめる	ウズメル	0
uzuuzu	うずうず	ウズウズ	0
va	ゔぁ	ヴァ	0
vaku	ゔぁく	ヴァク	0
ve	ゔぇ	ヴェ	0
vekwa	ゔぇくぁ	ヴェクァ	0
vi	ゔぃ	ヴィ	0
vikwe	ゔぃくぇ	ヴィクェ	0
vo	ゔぉ	ヴォ	0
vokwi	ゔぉくぃ	ヴォクィ	0
vu	ゔ	ヴ	0
vuaiorin	ゔあいおりん	ヴアイオリン	0
vuaiorinisuto	ゔあいおりにすと	ヴアイオリニスト	0
vuanpaia	ゔあんぱいあ	ヴアンパイア	0
vukwo	ゔくぉ	ヴクォ	0
vuookarisuto	ゔおおかりすと	ヴオオカリスト	0
vva	っゔぁ	ッヴァ	0
vvakwu	っゔぁくぅ	ッヴァクゥ	0
vve	っゔぇ	ッヴェ	0
vvekya	っゔぇきゃ	ッヴェキャ	0
vvi	っゔぃ	ッヴィ	0
vvikye	っゔぃきぇ	ッヴィキェ	0
vvo	っゔぉ	ッヴォ	0
vvokyi	っゔぉきぃ	ッヴォキィ	0
vvu	っゔ	ッヴ	0
vvukyo	っゔきょ	ッヴキョ	0
vvya	っゔゃ	ッヴャ	0
vvyakyu	っゔゃきゅ	ッヴャキュ	0
vvye	っゔぇ	ッヴェ	0
vvyela	っゔぇぁ	ッヴェァ	0
vvyi	っゔぃ	ッヴィ	0
vvyile	っゔぃぇ	ッヴィェ	0
vvyo	っゔょ	ッヴョ	0
vvyoli	っゔょぃ	ッヴョィ	0
vvyu	っゔゅ	ッヴュ	0
vvyulo	っゔゅぉ	ッヴュォ	0
vya	ゔゃ	ヴャ	0
vyaltsu	ゔゃっ	ヴャッ	0
vye	ゔぇ	ヴェ	0
vyeltu	ゔぇっ	ヴェッ	0
vyi	ゔぃ	ヴィ	0
vyilu	ゔぃぅ	ヴィゥ	0
vyinteeji	ゔぃんてえじ	ヴィンテエジ	0
vyo	ゔょ	ヴョ	0
vyolwa	ゔょゎ	ヴョヮ	0
vyu	ゔゅ	ヴュ	0
vyulya	ゔゅゃ	ヴュャ	0
w			0
wa	わ	ワ	0
waa	わあ	ワア	0
waado	わあど	ワアド	0
waak	わあ	ワア	3
waaka	わあか	ワアカ	0
waakaa	わあかあ	ワアカア	0
waakaasenshuuraku	わあかあせんしゅうらく	ワアカアセンシュウラク	0
waakingu	わあきんぐ	ワアキング	0
waaku	わあく	ワアク	0
waakushoppu	わあくしょっぷ	ワアクショップ	0
waakusuteeshon	わあくすてえしょん	ワアクステエション	0
waapu	わあぷ	ワアプ	0
waapuro	わあぷろ	ワアプロ	0
waarudo	わあるど	ワアルド	0
waarudokappu	わあるどかっぷ	ワアルドカップ	0
waarudoshiriizu	わあるどしりいず	ワアルドシリイズ	0
waasuto	わあすと	ワアスト	0
wabi	わび	ワビ	0
wabiru	わびる	ワビル	0
wabun	わぶん	ワブン	0
wadai	わだい	ワダイ	0
waei	わえい	ワエイ	0
waf	わ	ワ	2
wafu	わふ	ワフ	0
wafuku	わふく	ワフク	0
wafuu	わふう	ワフウ	0
wafuufurasshu	わふうふらっしゅ	ワフウフラッシュ	0
wag	わ	ワ	2
waga	わが	ワガ	0
wagakuni	わがくに	ワガクニ	0
wagamama	わがまま	ワガママ	0
wagashi	わがし	ワガシ	0
wagaya	わがや	ワガヤ	0
wagi	わぎ	ワギ	0
wagikakusan	わぎかくさん	ワギカクサン	0
wagiri	わぎり	ワギリ	0
wago	わご	ワゴ	0
wagomu	わごむ	ワゴム	0
wagon	わごん	ワゴン	0
wagyuu	わぎゅう	ワギュウ	0
wahei	わへい	ワヘイ	0
waia	わいあ	ワイア	0
waido	わいど	ワイド	0
waidoshoo	わいどしょお	ワイドショオ	0
wain	わいん	ワイン	0
waipaa	わいぱあ	ワイパア	0
wairo	わいろ	ワイロ	0
wairudo	わいるど	ワイルド	0
waishatsu	わいしゃつ	ワイシャツ	0
waiwai	わいわい	ワイワイ	0
waiya	わいや	ワイヤ	0
waiyaresu	わいやれす	ワイヤレス	0
waizu	わいず	ワイズ	0
wak	わ	ワ	2
waka	わか	ワカ	0
wakaba	わかば	ワカバ	0
wakachi	わかち	ワカチ	0
wakagaeri	わかがえり	ワカガエリ	0
wakai	わかい	ワカイ	0
wakaikoro	わかいころ	ワカイコロ	0
wakame	わかめ	ワカメ	0
wakamono	わかもの	ワカモノ	0
wakarazuya	わからずや	ワカラズヤ	0
wakare	わかれ	ワカレ	0
wakareme	わかれめ	ワカレメ	0
wakareru	わかれる	ワカレル	0
wakari	わかり	ワカリ	0
wakarinikui	わかりにくい	ワカリニクイ	0
wakaru	わかる	ワカル	0
wakasa	わかさ	ワカサ	0
wakasu	わかす	ワカス	0
wakate	わかて	ワカテ	0
wakatsu	わかつ	ワカツ	0
wakawakashii	わかわかしい	ワカワカシイ	0
wake	わけ	ワケ	0
wakedehanai	わけではない	ワケデハナイ	0
wakeg	わけ	ワケ	4
wakega	わけが	ワケガ	0
wakegan	わけがん	ワケガン	0
wakegana	わけがな	ワケガナ	0
wakeganai	わけがない	ワケガナイ	0
wakeganaikyuukyuubako	わけがないきゅうきゅうばこ	ワケガナイキュウキュウバコ	0
wakejanai	わけじゃない	ワケジャナイ	0
wakemae	わけまえ	ワケマエ	0
wakeru	わける	ワケル	0
waki	わき	ワキ	0
wakimaeru	わきまえる	ワキマエル	0
wakimi	わきみ	ワキミ	0
wakiyaku	わきやく	ワキヤク	0
wakkusu	わっくす	ワックス	0
wakoudo	わこうど	ワコウド	0
waku	わく	ワク	0
wakuc	わく	ワク	4
wakuch	わく	ワク	4
wakuchi	わくち	ワクチ	0
wakuchin	わくちん	ワクチン	0
wakuchinsenzoku	わくちんせんぞく	ワクチンセンゾク	0
wakugai	わくがい	ワクガイ	0
wakugumi	わくぐみ	ワクグミ	0
wakunai	わくない	ワクナイ	0
wakusei	わくせい	ワクセイ	0
wakuwaku	わくわく	ワクワク	0
walye	わぇ	ワェ	0
wameku	わめく	ワメク	0
wan	わん	ワン	0
wana	わな	ワナ	0
wanbokkusukaa	わんぼっくすかあ	ワンボックスカア	0
wanchan	わんちゃん	ワンチャン	0
wandafuru	わんだふる	ワンダフル	0
wane	わね	ワネ	0
wangan	わんがん	ワンガン	0
wanko	わんこ	ワンコ	0
wankyoku	わんきょく	ワンキョク	0
wanman	わんまん	ワンマン	0
wanpaku	わんぱく	ワンパク	0
wanpiisu	わんぴいす	ワンピイス	0
wanpointoririifu	わんぽいんとりりいふ	ワンポイントリリイフ	0
wanruumumanshon	わんるうむまんしょん	ワンルウムマンション	0
wanryoku	わんりょく	ワンリョク	0
wansegu	わんせぐ	ワンセグ	0
wantatchi	わんた	ワンタ	5
wappen	わっぺん	ワッペン	0
war	わ	ワ	2
wara	わら	ワラ	0
warabii	わらびい	ワラビイ	0
warai	わらい	ワライ	0
waraigoe	わらいごえ	ワライゴエ	0
waranto	わらんと	ワラント	0
warau	わらう	ワラウ	0
warauebi	わらうえび	ワラウエビ	0
ware	われ	ワレ	0
wareme	われめ	ワレメ	0
warera	われら	ワレラ	0
wareru	われる	ワレル	0
wareware	われわれ	ワレワレ	0
wari	わり	ワリ	0
wariai	わりあい	ワリアイ	0
wariaini	わりあいに	ワリアイニ	0
wariate	わりあて	ワリアテ	0
wariateru	わりあてる	ワリアテル	0
waribashi	わりばし	ワリバシ	0
waribiki	わりびき	ワリビキ	0
waribikisai	わりびきさい	ワリビキサイ	0
waribiku	わりびく	ワリビク	0
waridaka	わりだか	ワリダカ	0
waridasu	わりだす	ワリダス	0
warikan	わりかん	ワリカン	0
warikiru	わりきる	ワリキル	0
warikomi	わりこみ	ワリコミ	0
warikomu	わりこむ	ワリコム	0
warini	わりに	ワリニ	0
warito	わりと	ワリト	0
wariyasu	わりやす	ワリヤス	0
wariz	わり	ワリ	4
wariza	わりざ	ワリザ	0
warizan	わりざん	ワリザン	0
warizanhitoride	わりざんひとりで	ワリザンヒトリデ	0
waru	わる	ワル	0
warugashikoi	わるがしこい	ワルガシコイ	0
warugi	わるぎ	ワルギ	0
waruguchi	わるぐち	ワルグチ	0
warui	わるい	ワルイ	0
warukuchi	わるくち	ワルクチ	0
warumono	わるもの	ワルモノ	0
warusa	わるさ	ワルサ	0
wasabi	わさび	ワサビ	0
washi	わし	ワシ	0
washiki	わしき	ワシキ	0
washinton	わしんとん	ワシントン	0
washitsu	わしつ	ワシツ	0
washoku	わしょく	ワショク	0
wasuremono	わすれもの	ワスレモノ	0
wasureru	わすれる	ワスレル	0
wata	わた	ワタ	0
watari	わたり	ワタリ	0
wataridori	わたりどり	ワタリドリ	0
wataru	わたる	ワタル	0
watashi	わたし	ワタシ	0
watashibune	わたしぶね	ワタシブネ	0
watashijishin	わたしじしん	ワタシジシン	0
watashitachi	わたしたち	ワタシタチ	0
watasu	わたす	ワタス	0
watto	わっと	ワット	0
wau	わう	ワウ	0
wayousetchuu	わようせ	ワヨウセ	7
waza	わざ	ワザ	0
wazato	わざと	ワザト	0
wazawai	わざわい	ワザワイ	0
wazawaza	わざわざ	ワザワザ	0
wazuka	わずか	ワズカ	0
wazurau	わずらう	ワズラウ	0
wazurawashii	わずらわしい	ワズラワシイ	0
we	うぇ	ウェ	0
welyi	うぇぃ	ウェィ	0
wha	うぁ	ウァ	0
whalyo	うぁょ	ウァョ	0
whe	うぇ	ウェ	0
whelyu	うぇゅ	ウェュ	0
whi	うぃ	ウィ	0
whima	うぃま	ウィマ	0
who	うぉ	ウォ	0
whome	うぉめ	ウォメ	0
whu	う	ウ	0
whumi	うみ	ウミ	0
wi	うぃ	ウィ	0
wimma	うぃっま	ウィッマ	0
wo	を	ヲ	0
woisogu	をいそぐ	ヲイソグ	0
womme	をっめ	ヲッメ	0
wu	う	ウ	0
wummi	うっみ	ウッミ	0
wwa	っわ	ッワ	0
wwammo	っわっも	ッワッモ	0
wwe	っうぇ	ッウェ	0
wwemmu	っうぇっむ	ッウェッム	0
wwha	っうぁ	ッウァ	0
wwhammya	っうぁっみゃ	ッウァッミャ	0
wwhe	っうぇ	ッウェ	0
wwhemmye	っうぇっみぇ	ッウェッミェ	0
wwhi	っうぃ	ッウィ	0
wwhimmyi	っうぃっみぃ	ッウィッミィ	0
wwho	っうぉ	ッウォ	0
wwhommyo	っうぉっみょ	ッウォッミョ	0
wwhu	っう	ッウ	0
wwhummyu	っうっみゅ	ッウッミュ	0
wwi	っうぃ	ッウィ	0
wwimo	っうぃも	ッウィモ	0
wwo	っを	ッヲ	0
wwomu	っをむ	ッヲム	0
wwu	っう	ッウ	0
wwumya	っうみゃ	ッウミャ	0
xa	ぁ	ァ	0
xamye	ぁみぇ	ァミェ	0
xe	ぇ	ェ	0
xemyi	ぇみぃ	ェミィ	0
xi	ぃ	ィ	0
ximyo	ぃみょ	ィミョ	0
xn	ん	ン	0
xnmyu	んみゅ	ンミュ	0
xo	ぉ	ォ	0
xon	ぉん	ォン	0
xtsu	っ	ッ	0
xtsun'	っん	ッン	0
xtu	っ	ッ	0
xtuna	っな	ッナ	0
xu	ぅ	ゥ	0
xune	ぅね	ゥネ	0
xwa	ゎ	ヮ	0
xwani	ゎに	ヮニ	0
xya	ゃ	ャ	0
xyano	ゃの	ャノ	0
xye	ぇ	ェ	0
xyenu	ぇぬ	ェヌ	0
xyi	ぃ	ィ	0
xyinya	ぃにゃ	ィニャ	0
xyo	ょ	ョ	0
xyonye	ょにぇ	ョニェ	0
xyu	ゅ	ュ	0
xyunyi	ゅにぃ	ュニィ	0
y			0
ya	や	ヤ	0
yaado	やあど	ヤアド	0
yabai	やばい	ヤバイ	0
yaban	やばん	ヤバン	0
yabo	やぼ	ヤボ	0
yabou	やぼう	ヤボウ	0
yabureru	やぶれる	ヤブレル	0
yaburu	やぶる	ヤブル	0
yachin	やちん	ヤチン	0
yachiyo	やちよ	ヤチヨ	0
yachou	やちょう	ヤチョウ	0
yado	やど	ヤド	0
yadoru	やどる	ヤドル	0
yadosu	やどす	ヤドス	0
yadoya	やどや	ヤドヤ	0
yae	やえ	ヤエ	0
yaezakura	やえざくら	ヤエザクラ	0
yagai	やがい	ヤガイ	0
yagaku	やがく	ヤガク	0
yagate	やがて	ヤガテ	0
yagou	やごう	ヤゴウ	0
yagu	やぐ	ヤグ	0
yahari	やはり	ヤハリ	0
yajirushi	やじるし	ヤジルシ	0
yajuu	やじゅう	ヤジュウ	0
yak	や	ヤ	2
yaka	やか	ヤカ	0
yakamashii	やかましい	ヤカマシイ	0
yakan	やかん	ヤカン	0
yakanhitonigiri	やかんひとにぎり	ヤカンヒトニギリ	0
yake	やけ	ヤケ	0
yakeato	やけあと	ヤケアト	0
yakedo	やけど	ヤケド	0
yakei	やけい	ヤケイ	0
yaken	やけん	ヤケン	0
yakerikougakubu	やけりこうがくぶ	ヤケリコウガクブ	0
yakeru	やける	ヤケル	0
yaki	やき	ヤキ	0
yakiimo	やきいも	ヤキイモ	0
yakimochi	やきもち	ヤキモチ	0
yakin	やきん	ヤキン	0
yakiniku	やきにく	ヤキニク	0
yakinten	やきんてん	ヤキンテン	0
yakisoba	やきそば	ヤキソバ	0
yakitori	やきとり	ヤキトリ	0
yakka	やっか	ヤッカ	0
yakkai	やっかい	ヤッカイ	0
yakkan	やっかん	ヤッカン	0
yakki	やっき	ヤッキ	0
yakkyoku	やっきょく	ヤッキョク	0
yakou	やこう	ヤコウ	0
yaku	やく	ヤク	0
yakuba	やくば	ヤクバ	0
yakubutsu	やくぶつ	ヤクブツ	0
yakudatsu	やくだつ	ヤクダツ	0
yakudoshi	やくどし	ヤクドシ	0
yakudou	やくどう	ヤクドウ	0
yakugai	やくがい	ヤクガイ	0
yakugaku	やくがく	ヤクガク	0
yakugara	やくがら	ヤクガラ	0
yakuhin	やくひん	ヤクヒン	0
yakuin	やくいん	ヤクイン	0
yakujo	やくじょ	ヤクジョ	0
yakumawari	やくまわり	ヤクマワリ	0
yakume	やくめ	ヤクメ	0
yakumi	やくみ	ヤクミ	0
yakunin	やくにん	ヤクニン	0
yakunitatanai	やくにたたない	ヤクニタタナイ	0
yakunitatsu	やくにたつ	ヤクニタツ	0
yakusha	やくしゃ	ヤクシャ	0
yakushin	やくしん	ヤクシン	0
yakusho	やくしょ	ヤクショ	0
yakushoku	やくしょく	ヤクショク	0
yakusoku	やくそく	ヤクソク	0
yakusokudoori	やくそくどおり	ヤクソクドオリ	0
yakusu	やくす	ヤクス	0
yakuwari	やくわり	ヤクワリ	0
yakuza	やくざ	ヤクザ	0
yakuzai	やくざい	ヤクザイ	0
yakuzaishi	やくざいし	ヤクザイシ	0
yakyuu	やきゅう	ヤキュウ	0
yakyuubu	やきゅうぶ	ヤキュウブ	0
yama	やま	ヤマ	0
yamadera	やまでら	ヤマデラ	0
yamagata	やまがた	ヤマガタ	0
yamagoya	やまごや	ヤマゴヤ	0
yamai	やまい	ヤマイ	0
yamakage	やまかげ	ヤマカゲ	0
yamakaji	やまかじ	ヤマカジ	0
yamakuzure	やまくずれ	ヤマクズレ	0
yamamichi	やまみち	ヤマミチ	0
yamaneko	やまねこ	ヤマネコ	0
yamanobori	やまのぼり	ヤマノボリ	0
yamaoku	やまおく	ヤマオク	0
yamate	やまて	ヤマテ	0
yamato	やまと	ヤマト	0
yamayama	やまやま	ヤマヤマ	0
yameru	やめる	ヤメル	0
yami	やみ	ヤミ	0
yamu	やむ	ヤム	0
yamuwoenai	やむをえない	ヤムヲエナイ	0
yanagi	やなぎ	ヤナギ	0
yane	やね	ヤネ	0
yangaajenereeshon	やんがあじぇねれえしょん	ヤンガアジェネレエション	0
yangu	やんぐ	ヤング	0
yankii	やんきい	ヤンキイ	0
yanma	やんま	ヤンマ	0
yanushi	やぬし	ヤヌシ	0
yanyo	やにょ	ヤニョ	0
yaoya	やおや	ヤオヤ	0
yappari	やっぱり	ヤッパリ	0
yar	や	ヤ	2
yareyare	やれやれ	ヤレヤレ	0
yari	やり	ヤリ	0
yarigai	やりがい	ヤリガイ	0
yarikata	やりかた	ヤリカタ	0
yarikirenai	やりきれない	ヤリキレナイ	0
yarikuri	やりくり	ヤリクリ	0
yarinaoshi	やりなおし	ヤリナオシ	0
yarinaosu	やりなおす	ヤリナオス	0
yarisugosu	やりすごす	ヤリスゴス	0
yaritori	やりとり	ヤリトリ	0
yaro	やろ	ヤロ	0
yarou	やろう	ヤロウ	0
yaroudeisukuroojaa	やろうでいすくろおじゃあ	ヤロウデイスクロオジャア	0
yaru	やる	ヤル	0
yaruki	やるき	ヤルキ	0
yasai	やさい	ヤサイ	0
yasaki	やさき	ヤサキ	0
yasashii	やさしい	ヤサシイ	0
yasei	やせい	ヤセイ	0
yaseru	やせる	ヤセル	0
yashiki	やしき	ヤシキ	0
yashin	やしん	ヤシン	0
yashinau	やしなう	ヤシナウ	0
yashu	やしゅ	ヤシュ	0
yasuagari	やすあがり	ヤスアガリ	0
yasui	やすい	ヤスイ	0
yasukunijinja	やすくにじんじゃ	ヤスクニジンジャ	0
yasumaru	やすまる	ヤスマル	0
yasumeru	やすめる	ヤスメル	0
yasumi	やすみ	ヤスミ	0
yasumono	やすもの	ヤスモノ	0
yasumu	やすむ	ヤスム	0
yasune	やすね	ヤスネ	0
yasuppoi	やすっぽい	ヤスッポイ	0
yasuragi	やすらぎ	ヤスラギ	0
yasuragu	やすらぐ	ヤスラグ	0
yasuraka	やすらか	ヤスラカ	0
yasuuri	やすうり	ヤスウリ	0
yatai	やたい	ヤタイ	0
yatara	やたら	ヤタラ	0
yatoinushi	やといぬし	ヤトイヌシ	0
yatou	やとう	ヤトウ	0
yatsu	やつ	ヤツ	0
yatsuatari	やつあたり	ヤツアタリ	0
yatsura	やつら	ヤツラ	0
yatta	やった	ヤッタ	0
yattekuru	やってくる	ヤッテクル	0
yatto	やっと	ヤット	0
yattsu	やっつ	ヤッツ	0
yawarageru	やわらげる	ヤワラゲル	0
yawaragu	やわらぐ	ヤワラグ	0
yawaraka	やわらか	ヤワラカ	0
yawarakai	やわらかい	ヤワラカイ	0
yaya	やや	ヤヤ	0
yayakoshii	ややこしい	ヤヤコシイ	0
yayoi	やよい	ヤヨイ	0
ye	いぇ	イェ	0
yenyu	いぇにゅ	イェニュ	0
yi	い	イ	0
yio	いお	イオ	0
yo	よ	ヨ	0
yoake	よあけ	ヨアケ	0
yob	よ	ヨ	2
yobi	よび	ヨビ	0
yobidashi	よびだし	ヨビダシ	0
yobidasu	よびだす	ヨビダス	0
yobigoe	よびごえ	ヨビゴエ	0
yobihi	よびひ	ヨビヒ	0
yobik	よび	ヨビ	4
yobika	よびか	ヨビカ	0
yobikak	よびか	ヨビカ	6
yobikake	よびかけ	ヨビカケ	0
yobikakeichidou	よびかけいちどう	ヨビカケイチドウ	0
yobikaker	よびかけ	ヨビカケ	8
yobikakeru	よびかける	ヨビカケル	0
yobikakeruchichi	よびかけるちち	ヨビカケルチチ	0
yobikou	よびこう	ヨビコウ	0
yobimizu	よびみず	ヨビミズ	0
yobimodosu	よびもどす	ヨビモドス	0
yobina	よびな	ヨビナ	0
yobisute	よびすて	ヨビステ	0
yobou	よぼう	ヨボウ	0
yobousesshu	よぼうせっしゅ	ヨボウセッシュ	0
yobu	よぶ	ヨブ	0
yobun	よぶん	ヨブン	0
yochi	よち	ヨチ	0
yochiyochi	よちよち	ヨチヨチ	0
yochokin	よちょきん	ヨチョキン	0
yod	よ	ヨ	2
yoda	よだ	ヨダ	0
yodan	よだん	ヨダン	0
yodar	よだ	ヨダ	4
yodare	よだれ	ヨダレ	0
yodarekounin	よだれこうにん	ヨダレコウニン	0
yodomu	よどむ	ヨドム	0
yofukashi	よふかし	ヨフカシ	0
yofuke	よふけ	ヨフケ	0
yoga	よが	ヨガ	0
yogen	よげん	ヨゲン	0
yoginai	よぎない	ヨギナイ	0
yoginaku	よぎなく	ヨギナク	0
yoginakusareru	よぎなくされる	ヨギナクサレル	0
yogore	よごれ	ヨゴレ	0
yogoreru	よごれる	ヨゴレル	0
yogosu	よごす	ヨゴス	0
yoha	よは	ヨハ	0
yohodo	よほど	ヨホド	0
yohou	よほう	ヨホウ	0
yoi	よい	ヨイ	0
yoin	よいん	ヨイン	0
yoji	よじ	ヨジ	0
yojin	よじん	ヨジン	0
yojou	よじょう	ヨジョウ	0
yojouhan	よじょうはん	ヨジョウハン	0
yok	よ	ヨ	2
yoka	よか	ヨカ	0
yokan	よかん	ヨカン	0
yokattara	よかったら	ヨカッタラ	0
yokei	よけい	ヨケイ	0
yokeru	よける	ヨケル	0
yoki	よき	ヨキ	0
yokin	よきん	ヨキン	0
yokisenu	よきせぬ	ヨキセヌ	0
yokka	よっか	ヨッカ	0
yokkyuu	よっきゅう	ヨッキュウ	0
yoko	よこ	ヨコ	0
yokobai	よこばい	ヨコバイ	0
yokodori	よこどり	ヨコドリ	0
yokogaki	よこがき	ヨコガキ	0
yokogao	よこがお	ヨコガオ	0
yokogiru	よこぎる	ヨコギル	0
yokohaba	よこはば	ヨコハバ	0
yokohama	よこはま	ヨコハマ	0
yokoku	よこく	ヨコク	0
yokokuhen	よこくへん	ヨコクヘン	0
yokome	よこめ	ヨコメ	0
yokomichi	よこみち	ヨコミチ	0
yokomoji	よこもじ	ヨコモジ	0
yokoshima	よこしま	ヨコシマ	0
yokosu	よこす	ヨコス	0
yokotawaru	よこたわる	ヨコタワル	0
yokote	よこて	ヨコテ	0
yokozuna	よこずな	ヨコズナ	0
yoku	よく	ヨク	0
yokuarugoshitsumon	よくあるごしつもん	ヨクアルゴシツモン	0
yokuarushitsumon	よくあるしつもん	ヨクアルシツモン	0
yokuasa	よくあさ	ヨクアサ	0
yokuatsu	よくあつ	ヨクアツ	0
yokub	よく	ヨク	4
yokuba	よくば	ヨクバ	0
yokubar	よくば	ヨクバ	6
yokubari	よくばり	ヨクバリ	0
yokubaru	よくばる	ヨクバル	0
yokubaruhaibijon	よくばるはいびじょん	ヨクバルハイビジョン	0
yokubou	よくぼう	ヨクボウ	0
yokuchou	よくちょう	ヨクチョウ	0
yokugetsu	よくげつ	ヨクゲツ	0
yokujitsu	よくじつ	ヨクジツ	0
yokujou	よくじょう	ヨクジョウ	0
yokumo	よくも	ヨクモ	0
yokunen	よくねん	ヨクネン	0
yokuryuu	よくりゅう	ヨクリュウ	0
yokusei	よくせい	ヨクセイ	0
yokushi	よくし	ヨクシ	0
yokushitsu	よくしつ	ヨクシツ	0
yokushuu	よくしゅう	ヨクシュウ	0
yokusou	よくそう	ヨクソウ	0
yokuyou	よくよう	ヨクヨウ	0
yom	よ	ヨ	2
yome	よめ	ヨメ	0
yomei	よめい	ヨメイ	0
yomeiri	よめいり	ヨメイリ	0
yometanjikan	よめたんじかん	ヨメタンジカン	0
yomi	よみ	ヨミ	0
yomiageru	よみあげる	ヨミアゲル	0
yomigaeru	よみがえる	ヨミガエル	0
yomikaesu	よみかえす	ヨミカエス	0
yomikaki	よみかき	ヨミカキ	0
yomikata	よみかた	ヨミカタ	0
yomimono	よみもの	ヨミモノ	0
yominikui	よみにくい	ヨミニクイ	0
yomitori	よみとり	ヨミトリ	0
yomiuri	よみうり	ヨミウリ	0
yomu	よむ	ヨム	0
yon	よん	ヨン	0
yona	よな	ヨナ	0
yonaka	よなか	ヨナカ	0
yone	よね	ヨネ	0
yonen	よねん	ヨネン	0
yonennashonarucheen	よねんなしょなるちぇえん	ヨネンナショナルチェエン	0
yonhon	よんほん	ヨンホン	0
yonhyaku	よんひゃく	ヨンヒャク	0
yonin	よにん	ヨニン	0
yonjuu	よんじゅう	ヨンジュウ	0
yononaka	よのなか	ヨノナカ	0
yonrinsha	よんりんしゃ	ヨンリンシャ	0
yonsen	よんせん	ヨンセン	0
yooga	よおが	ヨオガ	0
yooguruto	よおぐると	ヨオグルト	0
yooku	よおく	ヨオク	0
yooroppa	よおろっぱ	ヨオロッパ	0
yopa	よぱ	ヨパ	0
yopparai	よっぱらい	ヨッパライ	0
yopparau	よっぱらう	ヨッパラウ	0
yoppodo	よっぽど	ヨッポド	0
yor	よ	ヨ	2
yoreba	よれば	ヨレバ	0
yori	より	ヨリ	0
yoriatsumaru	よりあつまる	ヨリアツマル	0
yorimichi	よりみち	ヨリミチ	0
yorimo	よりも	ヨリモ	0
yorisuguri	よりすぐり	ヨリスグリ	0
yoriwakeru	よりわける	ヨリワケル	0
yoroi	よろい	ヨロイ	0
yorokobashii	よろこばしい	ヨロコバシイ	0
yorokobasu	よろこばす	ヨロコバス	0
yorokobi	よろこび	ヨロコビ	0
yorokobu	よろこぶ	ヨロコブ	0
yorokonde	よろこんで	ヨロコンデ	0
yoromeku	よろめく	ヨロメク	0
yoron	よろん	ヨロン	0
yoroshii	よろしい	ヨロシイ	0
yoroshiku	よろしく	ヨロシク	0
yoroshikuonegaiitashimasu	よろしくおねがいいたします	ヨロシクオネガイイタシマス	0
yoroshikuonegaishimasu	よろしくおねがいします	ヨロシクオネガイシマス	0
yoroyoro	よろよろ	ヨロヨロ	0
yoru	よる	ヨル	0
yorud	よる	ヨル	4
yoruda	よるだ	ヨルダ	0
yorudan	よるだん	ヨルダン	0
yorudanseihantai	よるだんせいはんたい	ヨルダンセイハンタイ	0
yorugohan	よるごはん	ヨルゴハン	0
yoryoku	よりょく	ヨリョク	0
yos	よ	ヨ	2
yosa	よさ	ヨサ	0
yosan	よさん	ヨサン	0
yose	よせ	ヨセ	0
yoseatsume	よせあつめ	ヨセアツメ	0
yosen	よせん	ヨセン	0
yoseru	よせる	ヨセル	0
yosh	よ	ヨ	2
yoshi	よし	ヨシ	0
yoshia	よしあ	ヨシア	0
yoshias	よしあ	ヨシア	6
yoshiash	よしあ	ヨシア	6
yoshiashi	よしあし	ヨシアシ	0
yoshiashibosunia	よしあしぼすにあ	ヨシアシボスニア	0
yoshin	よしん	ヨシン	0
yoshuu	よしゅう	ヨシュウ	0
yoso	よそ	ヨソ	0
yosoku	よそく	ヨソク	0
yosomi	よそみ	ヨソミ	0
yosooi	よそおい	ヨソオイ	0
yosoou	よそおう	ヨソオウ	0
yosou	よそう	ヨソウ	0
yosoug	よそう	ヨソウ	5
yosouga	よそうが	ヨソウガ	0
yosougai	よそうがい	ヨソウガイ	0
yosougaidorufyinkikku	よそうがいどるふぃんきっく	ヨソウガイドルフィンキック	0
yosouijou	よそういじょう	ヨソウイジョウ	0
yosoyuki	よそゆき	ヨソユキ	0
yosu	よす	ヨス	0
yosumi	よすみ	ヨスミ	0
yotaku	よたく	ヨタク	0
yotei	よてい	ヨテイ	0
yoteihyou	よていひょう	ヨテイヒョウ	0
yotou	よとう	ヨトウ	0
yotsukado	よつかど	ヨツカド	0
yotto	よっと	ヨット	0
yottohaabaa	よっとはあばあ	ヨットハアバア	0
yottsu	よっつ	ヨッツ	0
you	よう	ヨウ	0
youbi	ようび	ヨウビ	0
youbou	ようぼう	ヨウボウ	0
youbu	ようぶ	ヨウブ	0
youchi	ようち	ヨウチ	0
youchien	ようちえん	ヨウチエン	0
youchuu	ようちゅう	ヨウチュウ	0
youchuui	ようちゅうい	ヨウチュウイ	0
youeki	ようえき	ヨウエキ	0
youfu	ようふ	ヨウフ	0
youfubo	ようふぼ	ヨウフボ	0
youfuku	ようふく	ヨウフク	0
youfuu	ようふう	ヨウフウ	0
youga	ようが	ヨウガ	0
yougaku	ようがく	ヨウガク	0
yougan	ようがん	ヨウガン	0
yougi	ようぎ	ヨウギ	0
yougisha	ようぎしゃ	ヨウギシャ	0
yougo	ようご	ヨウゴ	0
yougu	ようぐ	ヨウグ	0
yougyou	ようぎょう	ヨウギョウ	0
youha	ようは	ヨウハ	0
youhin	ようひん	ヨウヒン	0
youi	ようい	ヨウイ	0
youichigi	よういちぎ	ヨウイチギ	0
youiku	よういく	ヨウイク	0
youin	よういん	ヨウイン	0
youinegateibu	よういねがていぶ	ヨウイネガテイブ	0
youji	ようじ	ヨウジ	0
youjin	ようじん	ヨウジン	0
youjinbou	ようじんぼう	ヨウジンボウ	0
youjinbukai	ようじんぶかい	ヨウジンブカイ	0
youjou	ようじょう	ヨウジョウ	0
youk	よう	ヨウ	3
youka	ようか	ヨウカ	0
youkai	ようかい	ヨウカイ	0
youkainanbaawan	ようかいなんばあわん	ヨウカイナンバアワン	0
youkei	ようけい	ヨウケイ	0
youken	ようけん	ヨウケン	0
youki	ようき	ヨウキ	0
youko	ようこ	ヨウコ	0
youkoso	ようこそ	ヨウコソ	0
youkou	ようこう	ヨウコウ	0
youkouhaadoru	ようこうはあどる	ヨウコウハアドル	0
youkouro	ようこうろ	ヨウコウロ	0
youkyoku	ようきょく	ヨウキョク	0
youkyuu	ようきゅう	ヨウキュウ	0
youma	ようま	ヨウマ	0
youmou	ようもう	ヨウモウ	0
younakigasuru	ようなきがする	ヨウナキガスル	0
youni	ように	ヨウニ	0
youniku	ようにく	ヨウニク	0
younin	ようにん	ヨウニン	0
youninaru	ようになる	ヨウニナル	0
younisuru	ようにする	ヨウニスル	0
yourei	ようれい	ヨウレイ	0
youritsu	ようりつ	ヨウリツ	0
yourou	ようろう	ヨウロウ	0
yourouin	ようろういん	ヨウロウイン	0
youryou	ようりょう	ヨウリョウ	0
yous	よう	ヨウ	3
yousai	ようさい	ヨウサイ	0
yousan	ようさん	ヨウサン	0
yousei	ようせい	ヨウセイ	0
youseki	ようせき	ヨウセキ	0
yousetsu	ようせつ	ヨウセツ	0
yousha	ようしゃ	ヨウシャ	0
youshanaku	ようしゃなく	ヨウシャナク	0
youshi	ようし	ヨウシ	0
youshiki	ようしき	ヨウシキ	0
youshitsu	ようしつ	ヨウシツ	0
yousho	ようしょ	ヨウショ	0
youshoku	ようしょく	ヨウショク	0
youshou	ようしょう	ヨウショウ	0
youshouki	ようしょうき	ヨウショウキ	0
youshu	ようしゅ	ヨウシュ	0
youso	ようそ	ヨウソ	0
yousou	ようそう	ヨウソウ	0
yousounyuuhanpushaa	ようそうにゅうはんぷしゃあ	ヨウソウニュウハンプシャア	0
yousu	ようす	ヨウス	0
yousui	ようすい	ヨウスイ	0
yousuru	ようする	ヨウスル	0
yousuruni	ようするに	ヨウスルニ	0
yousuwomiru	ようすをみる	ヨウスヲミル	0
youten	ようてん	ヨウテン	0
youto	ようと	ヨウト	0
youton	ようとん	ヨウトン	0
youtsuu	ようつう	ヨウツウ	0
youyaku	ようやく	ヨウヤク	0
yowagoshi	よわごし	ヨワゴシ	0
yowai	よわい	ヨワイ	0
yowaki	よわき	ヨワキ	0
yowamaru	よわまる	ヨワマル	0
yowameru	よわめる	ヨワメル	0
yowami	よわみ	ヨワミ	0
yowamushi	よわむし	ヨワムシ	0
yowane	よわね	ヨワネ	0
yowaru	よわる	ヨワル	0
yoyaku	よやく	ヨヤク	0
yoyakuchuumon	よやくちゅうもん	ヨヤクチュウモン	0
yoyatou	よやとう	ヨヤトウ	0
yoyuu	よゆう	ヨユウ	0
yozora	よぞら	ヨゾラ	0
yu	ゆ	ユ	0
yubi	ゆび	ユビ	0
yubikiri	ゆびきり	ユビキリ	0
yubisaki	ゆびさき	ユビサキ	0
yubisasu	ゆびさす	ユビサス	0
yubiwa	ゆびわ	ユビワ	0
yuchaku	ゆちゃく	ユチャク	0
yudan	ゆだん	ユダン	0
yudaneru	ゆだねる	ユダネル	0
yudaya	ゆだや	ユダヤ	0
yudayakyou	ゆだやきょう	ユダヤキョウ	0
yuden	ゆでん	ユデン	0
yuderu	ゆでる	ユデル	0
yue	ゆえ	ユエ	0
yueni	ゆえに	ユエニ	0
yugamu	ゆがむ	ユガム	0
yuge	ゆげ	ユゲ	0
yugin	ゆぎん	ユギン	0
yuibutsuron	ゆいぶつろん	ユイブツロン	0
yuigon	ゆいごん	ユイゴン	0
yuiitsu	ゆいいつ	ユイイツ	0
yuisho	ゆいしょ	ユイショ	0
yuitsu	ゆいつ	ユイツ	0
yuka	ゆか	ユカ	0
yukai	ゆかい	ユカイ	0
yukashita	ゆかした	ユカシタ	0
yukata	ゆかた	ユカタ	0
yuketsu	ゆけつ	ユケツ	0
yuki	ゆき	ユキ	0
yukidoke	ゆきどけ	ユキドケ	0
yukiguni	ゆきぐに	ユキグニ	0
yukiki	ゆきき	ユキキ	0
yukkuri	ゆっくり	ユックリ	0
yuku	ゆく	ユク	0
yukue	ゆくえ	ユクエ	0
yukuefumei	ゆくえふめい	ユクエフメイ	0
yume	ゆめ	ユメ	0
yumenimo	ゆめにも	ユメニモ	0
yumi	ゆみ	ユミ	0
yumiya	ゆみや	ユミヤ	0
yunibaasaru	ゆにばあさる	ユニバアサル	0
yunibaashiaado	ゆにばあしああど	ユニバアシアアド	0
yunibaasu	ゆにばあす	ユニバアス	0
yunifuoomu	ゆにふおおむ	ユニフオオム	0
yunihoomu	ゆにほおむ	ユニホオム	0
yuniiku	ゆにいく	ユニイク	0
yunion	ゆにおん	ユニオン	0
yunisefu	ゆにせふ	ユニセフ	0
yunitto	ゆにっと	ユニット	0
yunomi	ゆのみ	ユノミ	0
yunyuu	ゆにゅう	ユニュウ	0
yupe	ゆぺ	ユペ	0
yur	ゆ	ユ	2
yuragi	ゆらぎ	ユラギ	0
yuragu	ゆらぐ	ユラグ	0
yurai	ゆらい	ユライ	0
yurayura	ゆらゆら	ユラユラ	0
yureru	ゆれる	ユレル	0
yuri	ゆり	ユリ	0
yuria	ゆりあ	ユリア	0
yurikago	ゆりかご	ユリカゴ	0
yuru	ゆる	ユル	0
yurugasu	ゆるがす	ユルガス	0
yurugu	ゆるぐ	ユルグ	0
yurui	ゆるい	ユルイ	0
yurumeru	ゆるめる	ユルメル	0
yurumu	ゆるむ	ユルム	0
yurus	ゆる	ユル	4
yurushi	ゆるし	ユルシ	0
yurusu	ゆるす	ユルス	0
yurusunijuu	ゆるすにじゅう	ユルスニジュウ	0
yuruyaka	ゆるやか	ユルヤカ	0
yus	ゆ	ユ	2
yusa	ゆさ	ユサ	0
yusab	ゆさ	ユサ	4
yusabu	ゆさぶ	ユサブ	0
yusabur	ゆさぶ	ユサブ	6
yusaburi	ゆさぶり	ユサブリ	0
yusaburikikagaku	ゆさぶりきかがく	ユサブリキカガク	0
yusaburu	ゆさぶる	ユサブル	0
yusai	ゆさい	ユサイ	0
yusei	ゆせい	ユセイ	0
yush	ゆ	ユ	2
yushi	ゆし	ユシ	0
yushidemokuratto	ゆしでもくらっと	ユシデモクラット	0
yushutsu	ゆしゅつ	ユシュツ	0
yushutsunyuu	ゆしゅつにゅう	ユシュツニュウ	0
yusou	ゆそう	ユソウ	0
yusuru	ゆする	ユスル	0
yuta	ゆた	ユタ	0
yutaka	ゆたか	ユタカ	0
yutori	ゆとり	ユトリ	0
yuttari	ゆったり	ユッタリ	0
yuu	ゆう	ユウ	0
yuuai	ゆうあい	ユウアイ	0
yuube	ゆうべ	ユウベ	0
yuuben	ゆうべん	ユウベン	0
yuubi	ゆうび	ユウビ	0
yuubin	ゆうびん	ユウビン	0
yuubinkyoku	ゆうびんきょく	ユウビンキョク	0
yuuboku	ゆうぼく	ユウボク	0
yuubou	ゆうぼう	ユウボウ	0
yuuchi	ゆうち	ユウチ	0
yuucho	ゆうちょ	ユウチョ	0
yuuchoginkou	ゆうちょぎんこう	ユウチョギンコウ	0
yuuchou	ゆうちょう	ユウチョウ	0
yuud	ゆう	ユウ	3
yuuda	ゆうだ	ユウダ	0
yuudachi	ゆうだち	ユウダチ	0
yuudai	ゆうだい	ユウダイ	0
yuudaidonaa	ゆうだいどなあ	ユウダイドナア	0
yuudoku	ゆうどく	ユウドク	0
yuudou	ゆうどう	ユウドウ	0
yuueki	ゆうえき	ユウエキ	0
yuuenchi	ゆうえんち	ユウエンチ	0
yuuetsukan	ゆうえつかん	ユウエツカン	0
yuufuku	ゆうふく	ユウフク	0
yuuga	ゆうが	ユウガ	0
yuugai	ゆうがい	ユウガイ	0
yuugata	ゆうがた	ユウガタ	0
yuugeki	ゆうげき	ユウゲキ	0
yuugekishu	ゆうげきしゅ	ユウゲキシュ	0
yuugen	ゆうげん	ユウゲン	0
yuugi	ゆうぎ	ユウギ	0
yuugiri	ゆうぎり	ユウギリ	0
yuugo	ゆうご	ユウゴ	0
yuugosurabia	ゆうごすらびあ	ユウゴスラビア	0
yuugou	ゆうごう	ユウゴウ	0
yuugure	ゆうぐれ	ユウグレ	0
yuuguu	ゆうぐう	ユウグウ	0
yuuh	ゆう	ユウ	3
yuuhan	ゆうはん	ユウハン	0
yuuhatsu	ゆうはつ	ユウハツ	0
yuuhe	ゆうへ	ユウヘ	0
yuuhei	ゆうへい	ユウヘイ	0
yuuheitorasuto	ゆうへいとらすと	ユウヘイトラスト	0
yuuhi	ゆうひ	ユウヒ	0
yuuho	ゆうほ	ユウホ	0
yuui	ゆうい	ユウイ	0
yuuigi	ゆういぎ	ユウイギ	0
yuuin	ゆういん	ユウイン	0
yuuj	ゆう	ユウ	3
yuuji	ゆうじ	ユウジ	0
yuujin	ゆうじん	ユウジン	0
yuujou	ゆうじょう	ユウジョウ	0
yuuju	ゆうじゅ	ユウジュ	0
yuujuu	ゆうじゅう	ユウジュウ	0
yuujuuf	ゆうじゅう	ユウジュウ	6
yuujuufu	ゆうじゅうふ	ユウジュウフ	0
yuujuufud	ゆうじゅうふ	ユウジュウフ	8
yuujuufuda	ゆうじゅうふだ	ユウジュウフダ	0
yuujuufudan	ゆうじゅうふだん	ユウジュウフダン	0
yuujuufudantoiretto	ゆうじゅうふだんといれっと	ユウジュウフダントイレット	0
yuukai	ゆうかい	ユウカイ	0
yuukan	ゆうかん	ユウカン	0
yuukara	ゆうから	ユウカラ	0
yuukari	ゆうかり	ユウカリ	0
yuukashouken	ゆうかしょうけん	ユウカショウケン	0
yuukensha	ゆうけんしゃ	ユウケンシャ	0
yuuki	ゆうき	ユウキ	0
yuukibutsu	ゆうきぶつ	ユウキブツ	0
yuukoku	ゆうこく	ユウコク	0
yuukou	ゆうこう	ユウコウ	0
yuukoukatsuyou	ゆうこうかつよう	ユウコウカツヨウ	0
yuukyuu	ゆうきゅう	ユウキュウ	0
yuum	ゆう	ユウ	3
yuumei	ゆうめい	ユウメイ	0
yuumeijin	ゆうめいじん	ユウメイジン	0
yuumeshi	ゆうめし	ユウメシ	0
yuumo	ゆうも	ユウモ	0
yuumoa	ゆうもあ	ユウモア	0
yuumoaseiten	ゆうもあせいてん	ユウモアセイテン	0
yuumorasu	ゆうもらす	ユウモラス	0
yuunou	ゆうのう	ユウノウ	0
yuupakku	ゆうぱっく	ユウパック	0
yuuran	ゆうらん	ユウラン	0
yuurei	ゆうれい	ユウレイ	0
yuureka	ゆうれか	ユウレカ	0
yuuretsu	ゆうれつ	ユウレツ	0
yuuri	ゆうり	ユウリ	0
yuuro	ゆうろ	ユウロ	0
yuuryo	ゆうりょ	ユウリョ	0
yuuryoku	ゆうりょく	ユウリョク	0
yuuryokusha	ゆうりょくしゃ	ユウリョクシャ	0
yuuryou	ゆうりょう	ユウリョウ	0
yuusei	ゆうせい	ユウセイ	0
yuuseishou	ゆうせいしょう	ユウセイショウ	0
yuusen	ゆうせん	ユウセン	0
yuusenteki	ゆうせんてき	ユウセンテキ	0
yuusha	ゆうしゃ	ユウシャ	0
yuushi	ゆうし	ユウシ	0
yuushikisha	ゆうしきしゃ	ユウシキシャ	0
yuushoku	ゆうしょく	ユウショク	0
yuushou	ゆうしょう	ユウショウ	0
yuushuu	ゆうしゅう	ユウシュウ	0
yuusou	ゆうそう	ユウソウ	0
yuusu	ゆうす	ユウス	0
yuusuhosuteru	ゆうすほすてる	ユウスホステル	0
yuusui	ゆうすい	ユウスイ	0
yuusuru	ゆうする	ユウスル	0
yuusuu	ゆうすう	ユウスウ	0
yuutai	ゆうたい	ユウタイ	0
yuutopia	ゆうとぴあ	ユウトピア	0
yuutousei	ゆうとうせい	ユウトウセイ	0
yuuutsu	ゆううつ	ユウウツ	0
yuuwa	ゆうわ	ユウワ	0
yuuwaku	ゆうわく	ユウワク	0
yuuyake	ゆうやけ	ユウヤケ	0
yuuyo	ゆうよ	ユウヨ	0
yuuyou	ゆうよう	ユウヨウ	0
yuuyuu	ゆうゆう	ユウユウ	0
yuuz	ゆう	ユウ	3
yuuza	ゆうざ	ユウザ	0
yuuzaa	ゆうざあ	ユウザア	0
yuuzai	ゆうざい	ユウザイ	0
yuuzaitorigaa	ゆうざいとりがあ	ユウザイトリガア	0
yuuzei	ゆうぜい	ユウゼイ	0
yuuzudo	ゆうずど	ユウズド	0
yuuzuu	ゆうずう	ユウズウ	0
yuwakashiki	ゆわかしき	ユワカシキ	0
yuzu	ゆず	ユズ	0
yuzuriwatasu	ゆずりわたす	ユズリワタス	0
yuzuru	ゆずる	ユズル	0
yya	っや	ッヤ	0
yyapi	っやぴ	ッヤピ	0
yye	っいぇ	ッイェ	0
yyepo	っいぇぽ	ッイェポ	0
yyi	っい	ッイ	0
yyippa	っいっぱ	ッイッパ	0
yyo	っよ	ッヨ	0
yyoppe	っよっぺ	ッヨッペ	0
yyu	っゆ	ッユ	0
yyuppi	っゆっぴ	ッユッピ	0
z			0
za	ざ	ザ	0
zabuton	ざぶとん	ザブトン	0
zachou	ざちょう	ザチョウ	0
zadankai	ざだんかい	ザダンカイ	0
zai	ざい	ザイ	0
zaibatsu	ざいばつ	ザイバツ	0
zaibei	ざいべい	ザイベイ	0
zaidan	ざいだん	ザイダン	0
zaidanhoujin	ざいだんほうじん	ザイダンホウジン	0
zaigai	ざいがい	ザイガイ	0
zaigaikoukan	ざいがいこうかん	ザイガイコウカン	0
zaigaku	ざいがく	ザイガク	0
zaigen	ざいげん	ザイゲン	0
zaijuu	ざいじゅう	ザイジュウ	0
zaik	ざい	ザイ	3
zaikai	ざいかい	ザイカイ	0
zaiko	ざいこ	ザイコ	0
zaikomuzousa	ざいこむぞうさ	ザイコムゾウサ	0
zaikyou	ざいきょう	ザイキョウ	0
zaimoku	ざいもく	ザイモク	0
zaimu	ざいむ	ザイム	0
zaimukan	ざいむかん	ザイムカン	0
zainichi	ざいにち	ザイニチ	0
zainin	ざいにん	ザイニン	0
zairai	ざいらい	ザイライ	0
zairyou	ざいりょう	ザイリョウ	0
zairyuu	ざいりゅう	ザイリュウ	0
zaisan	ざいさん	ザイサン	0
zaisei	ざいせい	ザイセイ	0
zaiseinan	ざいせいなん	ザイセイナン	0
zaiseitouyuushi	ざいせいとうゆうし	ザイセイトウユウシ	0
zaiseki	ざいせき	ザイセキ	0
zaishitsu	ざいしつ	ザイシツ	0
zaishoku	ざいしょく	ザイショク	0
zaitaku	ざいたく	ザイタク	0
zaiya	ざいや	ザイヤ	0
zakka	ざっか	ザッカ	0
zakkyo	ざっきょ	ザッキョ	0
zanbia	ざんびあ	ザンビア	0
zandaka	ざんだか	ザンダカ	0
zangyaku	ざんぎゃく	ザンギャク	0
zangyou	ざんぎょう	ザンギョウ	0
zankoku	ざんこく	ザンコク	0
zannen	ざんねん	ザンネン	0
zannin	ざんにん	ザンニン	0
zanpai	ざんぱい	ザンパイ	0
zanrui	ざんるい	ザンルイ	0
zanryuu	ざんりゅう	ザンリュウ	0
zanshin	ざんしん	ザンシン	0
zansho	ざんしょ	ザンショ	0
zantei	ざんてい	ザンテイ	0
zanzon	ざんぞん	ザンゾン	0
zappo	ざっぽ	ザッポ	0
zar	ざ	ザ	2
zara	ざら	ザラ	0
zaraz	ざら	ザラ	4
zaraza	ざらざ	ザラザ	0
zarazar	ざらざ	ザラザ	6
zarazara	ざらざら	ザラザラ	0
zarazarakenmei	ざらざらけんめい	ザラザラケンメイ	0
zarigani	ざりがに	ザリガニ	0
zaruwoenai	ざるをえない	ザルヲエナイ	0
zas	ざ	ザ	2
zaseki	ざせき	ザセキ	0
zasetsu	ざせつ	ザセツ	0
zash	ざ	ザ	2
zashi	ざし	ザシ	0
zashik	ざし	ザシ	5
zashiki	ざしき	ザシキ	0
zashikimanpuku	ざしきまんぷく	ザシキマンプク	0
zasshi	ざっし	ザッシ	0
zassou	ざっそう	ザッソウ	0
zatsu	ざつ	ザツ	0
zatsudan	ざつだん	ザツダン	0
zatsuon	ざつおん	ザツオン	0
zatto	ざっと	ザット	0
zattou	ざっとう	ザットウ	0
zawameku	ざわめく	ザワメク	0
zawazawa	ざわざわ	ザワザワ	0
zazen	ざぜん	ザゼン	0
ze	ぜ	ゼ	0
zehi	ぜひ	ゼヒ	0
zehitomo	ぜひとも	ゼヒトモ	0
zehizehi	ぜひぜひ	ゼヒゼヒ	0
zei	ぜい	ゼイ	0
zeibiki	ぜいびき	ゼイビキ	0
zeigaku	ぜいがく	ゼイガク	0
zeihou	ぜいほう	ゼイホウ	0
zeijaku	ぜいじゃく	ゼイジャク	0
zeikan	ぜいかん	ゼイカン	0
zeikin	ぜいきん	ゼイキン	0
zeikomi	ぜいこみ	ゼイコミ	0
zeimu	ぜいむ	ゼイム	0
zeimusho	ぜいむしょ	ゼイムショ	0
zeirishi	ぜいりし	ゼイリシ	0
zeiritsu	ぜいりつ	ゼイリツ	0
zeis	ぜい	ゼイ	3
zeisei	ぜいせい	ゼイセイ	0
zeish	ぜい	ゼイ	3
zeishu	ぜいしゅ	ゼイシュ	0
zeishuu	ぜいしゅう	ゼイシュウ	0
zeishuuhikkiyougu	ぜいしゅうひっきようぐ	ゼイシュウヒッキヨウグ	0
zeitaku	ぜいたく	ゼイタク	0
zek	ぜ	ゼ	2
zekk	ぜ	ゼ	2
zekko	ぜっこ	ゼッコ	0
zekkou	ぜっこう	ゼッコウ	0
zekkoubishonure	ぜっこうびしょぬれ	ゼッコウビショヌレ	0
zekkouchou	ぜっこうちょう	ゼッコウチョウ	0
zekku	ぜっく	ゼック	0
zekkyou	ぜっきょう	ゼッキョウ	0
zemi	ぜみ	ゼミ	0
zeminaaru	ぜみなある	ゼミナアル	0
zen	ぜん	ゼン	0
zenaku	ぜなく	ゼナク	0
zenbei	ぜんべい	ゼンベイ	0
zenbou	ぜんぼう	ゼンボウ	0
zenbu	ぜんぶ	ゼンブ	0
zenbun	ぜんぶん	ゼンブン	0
zenchi	ぜんち	ゼンチ	0
zenchou	ぜんちょう	ゼンチョウ	0
zendaimimon	ぜんだいみもん	ゼンダイミモン	0
zendera	ぜんでら	ゼンデラ	0
zendo	ぜんど	ゼンド	0
zenei	ぜねい	ゼネイ	0
zenekon	ぜねこん	ゼネコン	0
zenerarumaneejaa	ぜねらるまねえじゃあ	ゼネラルマネエジャア	0
zenesuto	ぜねすと	ゼネスト	0
zengaku	ぜんがく	ゼンガク	0
zengen	ぜんげん	ゼンゲン	0
zengo	ぜんご	ゼンゴ	0
zenhan	ぜんはん	ゼンハン	0
zenhansen	ぜんはんせん	ゼンハンセン	0
zeni	ぜに	ゼニ	0
zeniki	ぜにき	ゼニキ	0
zenin	ぜにん	ゼニン	0
zenji	ぜんじ	ゼンジ	0
zenjin	ぜんじん	ゼンジン	0
zenjitsu	ぜんじつ	ゼンジツ	0
zenkai	ぜんかい	ゼンカイ	0
zenken	ぜんけん	ゼンケン	0
zenki	ぜんき	ゼンキ	0
zenkoku	ぜんこく	ゼンコク	0
zenkokuteki	ぜんこくてき	ゼンコクテキ	0
zenkou	ぜんこう	ゼンコウ	0
zenkyoku	ぜんきょく	ゼンキョク	0
zenm	ぜん	ゼン	3
zenme	ぜんめ	ゼンメ	0
zenmen	ぜんめん	ゼンメン	0
zenmenkyouikusha	ぜんめんきょういくしゃ	ゼンメンキョウイクシャ	0
zenmenteki	ぜんめんてき	ゼンメンテキ	0
zenmetsu	ぜんめつ	ゼンメツ	0
zenmondou	ぜんもんどう	ゼンモンドウ	0
zennen	ぜんねん	ゼンネン	0
zennendo	ぜんねんど	ゼンネンド	0
zennichisei	ぜんにちせい	ゼンニチセイ	0
zennihon	ぜんにほん	ゼンニホン	0
zenpai	ぜんぱい	ゼンパイ	0
zenpan	ぜんぱん	ゼンパン	0
zenpou	ぜんぽう	ゼンポウ	0
zenr	ぜん	ゼン	3
zenre	ぜんれ	ゼンレ	0
zenrei	ぜんれい	ゼンレイ	0
zenrek	ぜんれ	ゼンレ	5
zenreki	ぜんれき	ゼンレキ	0
zenrekihokaku	ぜんれきほかく	ゼンレキホカク	0
zenrin	ぜんりん	ゼンリン	0
zenryaku	ぜんりゃく	ゼンリャク	0
zenryoku	ぜんりょく	ゼンリョク	0
zenryou	ぜんりょう	ゼンリョウ	0
zens	ぜん	ゼン	3
zensei	ぜんせい	ゼンセイ	0
zensekai	ぜんせかい	ゼンセカイ	0
zensen	ぜんせん	ゼンセン	0
zensh	ぜん	ゼン	3
zensha	ぜんしゃ	ゼンシャ	0
zenshaaki	ぜんしゃあき	ゼンシャアキ	0
zenshin	ぜんしん	ゼンシン	0
zenshou	ぜんしょう	ゼンショウ	0
zenshousen	ぜんしょうせん	ゼンショウセン	0
zenshuu	ぜんしゅう	ゼンシュウ	0
zensoku	ぜんそく	ゼンソク	0
zensokuryoku	ぜんそくりょく	ゼンソクリョク	0
zensou	ぜんそう	ゼンソウ	0
zentai	ぜんたい	ゼンタイ	0
zentaishugi	ぜんたいしゅぎ	ゼンタイシュギ	0
zentaiteki	ぜんたいてき	ゼンタイテキ	0
zentei	ぜんてい	ゼンテイ	0
zenten	ぜんてん	ゼンテン	0
zento	ぜんと	ゼント	0
zenya	ぜにゃ	ゼニャ	0
zenyaku	ぜにゃく	ゼニャク	0
zenyasai	ぜにゃさい	ゼニャサイ	0
zenyou	ぜにょう	ゼニョウ	0
zenzen	ぜんぜん	ゼンゼン	0
zeppu	ぜっぷ	ゼップ	0
zerachin	ぜらちん	ゼラチン	0
zerii	ぜりい	ゼリイ	0
zero	ぜろ	ゼロ	0
zerokkusu	ぜろっくす	ゼロックス	0
zesei	ぜせい	ゼセイ	0
zessan	ぜっさん	ゼッサン	0
zessen	ぜっせん	ゼッセン	0
zetchou	ぜ	ゼ	2
zetsubou	ぜつぼう	ゼツボウ	0
zetsudai	ぜつだい	ゼツダイ	0
zetsuen	ぜつえん	ゼツエン	0
zetsumetsu	ぜつめつ	ゼツメツ	0
zetsumyou	ぜつみょう	ゼツミョウ	0
zettai	ぜったい	ゼッタイ	0
zettaini	ぜったいに	ゼッタイニ	0
zettaiteki	ぜったいてき	ゼッタイテキ	0
zi	じ	ジ	0
zippya	じっぴゃ	ジッピャ	0
zo	ぞ	ゾ	0
zoi	ぞい	ゾイ	0
zokkou	ぞっこう	ゾッコウ	0
zoku	ぞく	ゾク	0
zokugo	ぞくご	ゾクゴ	0
zokuhen	ぞくへん	ゾクヘン	0
zokushin	ぞくしん	ゾクシン	0
zokushutsu	ぞくしゅつ	ゾクシュツ	0
zokusuru	ぞくする	ゾクスル	0
zokuzoku	ぞくぞく	ゾクゾク	0
zonbun	ぞんぶん	ゾンブン	0
zonji	ぞんじ	ゾンジ	0
zonjiru	ぞんじる	ゾンジル	0
zonzai	ぞんざい	ゾンザイ	0
zoon	ぞおん	ゾオン	0
zoppye	ぞっぴぇ	ゾッピェ	0
zorozoro	ぞろぞろ	ゾロゾロ	0
zou	ぞう	ゾウ	0
zoud	ぞう	ゾウ	3
zouda	ぞうだ	ゾウダ	0
zoudai	ぞうだい	ゾウダイ	0
zoudaishakujin	ぞうだいしゃくじん	ゾウダイシャクジン	0
zoueki	ぞうえき	ゾウエキ	0
zougaku	ぞうがく	ゾウガク	0
zouge	ぞうげ	ゾウゲ	0
zougen	ぞうげん	ゾウゲン	0
zougo	ぞうご	ゾウゴ	0
zouhan	ぞうはん	ゾウハン	0
zouhatsu	ぞうはつ	ゾウハツ	0
zouin	ぞういん	ゾウイン	0
zouka	ぞうか	ゾウカ	0
zoukei	ぞうけい	ゾウケイ	0
zouki	ぞうき	ゾウキ	0
zoukibayashi	ぞうきばやし	ゾウキバヤシ	0
zoukin	ぞうきん	ゾウキン	0
zoukyou	ぞうきょう	ゾウキョウ	0
zouni	ぞうに	ゾウニ	0
zouo	ぞうお	ゾウオ	0
zouosameru	ぞうおさめる	ゾウオサメル	0
zouri	ぞうり	ゾウリ	0
zousan	ぞうさん	ゾウサン	0
zousatsu	ぞうさつ	ゾウサツ	0
zousei	ぞうせい	ゾウセイ	0
zousen	ぞうせん	ゾウセン	0
zousetsu	ぞうせつ	ゾウセツ	0
zoushi	ぞうし	ゾウシ	0
zoushin	ぞうしん	ゾウシン	0
zousho	ぞうしょ	ゾウショ	0
zoushoku	ぞうしょく	ゾウショク	0
zoushou	ぞうしょう	ゾウショウ	0
zoushuu	ぞうしゅう	ゾウシュウ	0
zoushuuwai	ぞうしゅうわい	ゾウシュウワイ	0
zousui	ぞうすい	ゾウスイ	0
zoutei	ぞうてい	ゾウテイ	0
zoutou	ぞうとう	ゾウトウ	0
zouwai	ぞうわい	ゾウワイ	0
zouyo	ぞうよ	ゾウヨ	0
zouzei	ぞうぜい	ゾウゼイ	0
zu	ず	ズ	0
zubari	ずばり	ズバリ	0
zubon	ずぼん	ズボン	0
zugara	ずがら	ズガラ	0
zuhan	ずはん	ズハン	0
zuhyou	ずひょう	ズヒョウ	0
zui	ずい	ズイ	0
zuibun	ずいぶん	ズイブン	0
zuihitsu	ずいひつ	ズイヒツ	0
zuii	ずいい	ズイイ	0
zuiichi	ずいいち	ズイイチ	0
zuiin	ずいいん	ズイイン	0
zuiji	ずいじ	ズイジ	0
zuis	ずい	ズイ	3
zuish	ずい	ズイ	3
zuisho	ずいしょ	ズイショ	0
zuishomitodokeru	ずいしょみとどける	ズイショミトドケル	0
zujou	ずじょう	ズジョウ	0
zukai	ずかい	ズカイ	0
zukan	ずかん	ズカン	0
zukei	ずけい	ズケイ	0
zukizuki	ずきずき	ズキズキ	0
zumen	ずめん	ズメン	0
zunou	ずのう	ズノウ	0
zuppyi	ずっぴぃ	ズッピィ	0
zurari	ずらり	ズラリ	0
zurasu	ずらす	ズラス	0
zure	ずれ	ズレ	0
zureru	ずれる	ズレル	0
zurui	ずるい	ズルイ	0
zuruzuru	ずるずる	ズルズル	0
zusan	ずさん	ズサン	0
zushi	ずし	ズシ	0
zushiki	ずしき	ズシキ	0
zutsu	ずつ	ズツ	0
zutsuu	ずつう	ズツウ	0
zutto	ずっと	ズット	0
zuumu	ずうむ	ズウム	0
zuumurenzu	ずうむれんず	ズウムレンズ	0
zuuzuushii	ずうずうしい	ズウズウシイ	0
zya	じゃ	ジャ	0
zyappyo	じゃっぴょ	ジャッピョ	0
zye	じぇ	ジェ	0
zyeppyu	じぇっぴゅ	ジェッピュ	0
zyi	じぃ	ジィ	0
zyipu	じぃぷ	ジィプ	0
zyo	じょ	ジョ	0
zyopya	じょぴゃ	ジョピャ	0
zyu	じゅ	ジュ	0
zyupye	じゅぴぇ	ジュピェ	0
zza	っざ	ッザ	0
zzapyi	っざぴぃ	ッザピィ	0
zze	っぜ	ッゼ	0
zzepyo	っぜぴょ	ッゼピョ	0
zzi	っじ	ッジ	0
zzipyu	っじぴゅ	ッジピュ	0
zzo	っぞ	ッゾ	0
zzoqa	っぞくぁ	ッゾクァ	0
zzu	っず	ッズ	0
zzuqe	っずくぇ	ッズクェ	0
zzya	っじゃ	ッジャ	0
zzyaqi	っじゃくぃ	ッジャクィ	0
zzye	っじぇ	ッジェ	0
zzyeqo	っじぇくぉ	ッジェクォ	0
zzyi	っじぃ	ッジィ	0
zzyiqqa	っじぃっくぁ	ッジィックァ	0
zzyo	っじょ	ッジョ	0
zzyoqqe	っじょっくぇ	ッジョックェ	0
zzyu	っじゅ	ッジュ	0
zzyuqqi	っじゅっくぃ	ッジュックィ	0
