DISPLAY MANAGER (dumpsys display)
  mOnlyCode=false
  mSafeMode=false
  mPendingTraversal=false
  mViewports=[DisplayViewport{type=INTERNAL, valid=true, isActive=false, displayId=0, uniqueId='local:4630947232161729153', physicalPort=129, orientation=0, logicalFrame=Rect(0, 0 - 1080, 2400), physicalFrame=Rect(0, 0 - 1080, 2400), deviceWidth=1080, deviceHeight=2400}]
  mDefaultDisplayDefaultColorMode=0
  mWifiDisplayScanRequestCount=0
  mStableDisplaySize=Point(1080, 2400)
  mMinimumBrightnessCurve=[(0.0, 0.0), (10.0, 5.0), (100.0, 25.0), (500.0, 50.0), (1000.0, 150.0), (2999.0, 250.0)]


Display States: size=1
  Display Id=0
  Display State=OFF
  Display Brightness=0.0
  Display SdrBrightness=0.0

Display State Limit Locks: size=0

Display State Limits: size=1
  Display Id=0
  Display State Limit=UNKNOWN

Display Adapters: size=4
  LocalDisplayAdapter
  VirtualDisplayAdapter
  OverlayDisplayAdapter
    mCurrentOverlaySetting=
    mOverlays: size=0
  WifiDisplayAdapter
    mCurrentStatus=WifiDisplayStatus{featureState=2, scanState=0, activeDisplayState=0, activeDisplay=null, displays=[], sessionInfo=WifiDisplaySessionInfo:
        Client/Owner: Client
        GroupId: 
        Passphrase: 
        SessionId: 0
        IP Address: }
    mFeatureState=2
    mScanState=0
    mActiveDisplayState=0
    mActiveDisplay=null
    mDisplays=[]
    mAvailableDisplays=[]
    mRememberedDisplays=[]
    mPendingStatusChangeBroadcast=false
    mSupportsProtectedBuffers=true
    mDisplayController:
      mWifiDisplayOnSetting=false
      mWifiP2pEnabled=true
      mWfdEnabled=false
      mWfdEnabling=false
      mNetworkInfo=null
      mScanRequested=false
      mDiscoverPeersInProgress=false
      mDesiredDevice=null
      mConnectingDisplay=null
      mDisconnectingDisplay=null
      mCancelingDisplay=null
      mConnectedDevice=null
      mConnectionRetriesLeft=0
      mRemoteDisplay=null
      mRemoteDisplayInterface=null
      mRemoteDisplayConnected=false
      mAdvertisedDisplay=null
      mAdvertisedDisplaySurface=null
      mAdvertisedDisplayWidth=0
      mAdvertisedDisplayHeight=0
      mAdvertisedDisplayFlags=0
      mAvailableWifiDisplayPeers: size=0

Display Devices: size=1
  DisplayDeviceInfo{"內建畫面": uniqueId="local:4630947232161729153", 1080 x 2400, modeId 1, defaultModeId 1, supportedModes [{id=1, width=1080, height=2400, fps=120.00001, alternativeRefreshRates=[60.000004]}, {id=2, width=1080, height=2400, fps=60.000004, alternativeRefreshRates=[120.00001]}], colorMode 0, supportedColorModes [0, 7, 9], hdrCapabilities HdrCapabilities{mSupportedHdrTypes=[2, 3, 4], mMaxLuminance=540.0, mMaxAverageLuminance=270.1, mMinLuminance=0.2}, allmSupported false, gameContentTypeSupported false, density 480, 409.432 x 406.4 dpi, appVsyncOff 100000, presDeadline 9233333, cutout DisplayCutout{insets=Rect(0, 88 - 0, 0) waterfall=Insets{left=0, top=0, right=0, bottom=0} boundingRect={Bounds=[Rect(0, 0 - 0, 0), Rect(512, 0 - 568, 88), Rect(0, 0 - 0, 0), Rect(0, 0 - 0, 0)]} cutoutPathParserInfo={CutoutPathParserInfo{displayWidth=1080 displayHeight=2400 physicalDisplayWidth=1080 physicalDisplayHeight=2400 density={3.0} cutoutSpec={M 0,0 M 0,10.71963616907435 a 9.280363830925644,9.280363830925644 0 1,0 0,18.56072766185129 a 9.280363830925644,9.280363830925644 0 1,0 0,-18.56072766185129 Z @dp} rotation={0} scale={1.0} physicalPixelDisplaySizeRatio={1.0}}}}, touch INTERNAL, rotation 0, type INTERNAL, address {port=129, model=0x40446df8ca940a}, deviceProductInfo DeviceProductInfo{name=, manufacturerPnpId=QCM, productId=1, modelYear=null, manufactureDate=ManufactureDate{week=27, year=2006}, connectionToSinkType=0}, state OFF, frameRateOverride , brightnessMinimum 0.0, brightnessMaximum 1.0, brightnessDefault 0.5019608, roundedCorners RoundedCorners{[RoundedCorner{position=TopLeft, radius=96, center=Point(96, 96)}, RoundedCorner{position=TopRight, radius=96, center=Point(984, 96)}, RoundedCorner{position=BottomRight, radius=96, center=Point(984, 2304)}, RoundedCorner{position=BottomLeft, radius=96, center=Point(96, 2304)}]}, FLAG_ALLOWED_TO_BE_DEFAULT_DISPLAY, FLAG_ROTATES_WITH_CONTENT, FLAG_SECURE, FLAG_SUPPORTS_PROTECTED_BUFFERS, installOrientation 0}
    mAdapter=LocalDisplayAdapter
    mUniqueId=local:4630947232161729153
    mDisplayToken=android.os.BinderProxy@f0c3961
    mCurrentLayerStack=-1
    mCurrentFlags=1
    mCurrentOrientation=0
    mCurrentLayerStackRect=Rect(0, 0 - 1080, 2400)
    mCurrentDisplayRect=Rect(0, 0 - 1080, 2400)
    mCurrentSurface=null
    mPhysicalDisplayId=4630947232161729153
    mDisplayModeSpecs={baseModeId=1 allowGroupSwitching=false primaryRefreshRateRange=[120 120] appRequestRefreshRateRange=[120 120]}
    mDisplayModeSpecsInvalid=false
    mActiveModeId=1
    mActiveColorMode=0
    mDefaultModeId=1
    mUserPreferredModeId=-1
    mState=OFF
    mBrightnessState=0.0
    mBacklightAdapter=BacklightAdapter [useSurfaceControl=false (force_anyway? false), backlight=com.android.server.lights.LightsService$LightImpl@eee50b1]
    mAllmSupported=false
    mAllmRequested=false
    mGameContentTypeSupported=false
    mGameContentTypeRequested=false
    mStaticDisplayInfo=StaticDisplayInfo{isInternal=true, density=3.0, secure=true, deviceProductInfo=DeviceProductInfo{name=, manufacturerPnpId=QCM, productId=1, modelYear=null, manufactureDate=ManufactureDate{week=27, year=2006}, connectionToSinkType=0}, installOrientation=0}
    mSfDisplayModes=
      DisplayMode{id=0, width=1080, height=2400, xDpi=409.432, yDpi=406.4, refreshRate=120.00001, appVsyncOffsetNanos=100000, presentationDeadlineNanos=9233333, group=1080}
      DisplayMode{id=1, width=1080, height=2400, xDpi=409.432, yDpi=406.4, refreshRate=60.000004, appVsyncOffsetNanos=1000000, presentationDeadlineNanos=16666666, group=1080}
    mActiveSfDisplayMode=DisplayMode{id=0, width=1080, height=2400, xDpi=409.432, yDpi=406.4, refreshRate=120.00001, appVsyncOffsetNanos=100000, presentationDeadlineNanos=9233333, group=1080}
    mSupportedModes=
      DisplayModeRecord{mMode={id=1, width=1080, height=2400, fps=120.00001, alternativeRefreshRates=[60.000004]}}
      DisplayModeRecord{mMode={id=2, width=1080, height=2400, fps=60.000004, alternativeRefreshRates=[120.00001]}}
    mSupportedColorModes=[0, 7, 9]
    mDisplayDeviceConfig=DisplayDeviceConfig{mLoadedFrom=<config.xml>, mBacklight=[0.0, 0.0039215684, 0.007843137, 0.011764706, 0.015686274, 0.019607844, 0.023529412, 0.02745098, 0.031372547, 0.03529412, 0.039215688, 0.043137252, 0.047058824, 0.050980393, 0.05490196, 0.05882353, 0.062745094, 0.06666667, 0.07058824, 0.0745098, 0.078431375, 0.08235294, 0.086274505, 0.09019608, 0.09411765, 0.09803922, 0.101960786, 0.105882354, 0.10980392, 0.11372549, 0.11764706, 0.12156863, 0.12549019, 0.12941176, 0.13333334, 0.13725491, 0.14117648, 0.14509805, 0.1490196, 0.15294117, 0.15686275, 0.16078432, 0.16470589, 0.16862746, 0.17254901, 0.17647058, 0.18039216, 0.18431373, 0.1882353, 0.19215687, 0.19607843, 0.19999999, 0.20392157, 0.20784314, 0.21176471, 0.21568628, 0.21960784, 0.22352941, 0.22745098, 0.23137255, 0.23529412, 0.23921569, 0.24313726, 0.24705882, 0.25098038, 0.25490195, 0.2588235, 0.2627451, 0.26666668, 0.27058825, 0.27450982, 0.2784314, 0.28235295, 0.28627452, 0.2901961, 0.29411763, 0.2980392, 0.30196077, 0.30588233, 0.30980393, 0.3137255, 0.31764707, 0.32156864, 0.3254902, 0.32941177, 0.33333334, 0.3372549, 0.34117648, 0.34509802, 0.3490196, 0.35294116, 0.35686272, 0.36078432, 0.3647059, 0.36862746, 0.37254903, 0.3764706, 0.38039216, 0.38431373, 0.3882353, 0.39215687, 0.39607844, 0.39999998, 0.40392154, 0.40784314, 0.4117647, 0.41568628, 0.41960785, 0.42352942, 0.42745098, 0.43137255, 0.43529412, 0.4392157, 0.44313726, 0.44705883, 0.4509804, 0.45490196, 0.45882353, 0.4627451, 0.46666667, 0.47058824, 0.4745098, 0.47843137, 0.48235294, 0.4862745, 0.49019608, 0.49411765, 0.49803922, 0.50196075, 0.5058823, 0.5098039, 0.51372546, 0.517647, 0.5215686, 0.5254902, 0.5294118, 0.53333336, 0.5372549, 0.5411765, 0.54509807, 0.54901963, 0.5529412, 0.5568628, 0.56078434, 0.5647059, 0.5686275, 0.57254905, 0.5764706, 0.5803922, 0.5843137, 0.58823526, 0.5921568, 0.5960784, 0.59999996, 0.60392153, 0.6078431, 0.61176467, 0.61568624, 0.61960787, 0.62352943, 0.627451, 0.6313726, 0.63529414, 0.6392157, 0.6431373, 0.64705884, 0.6509804, 0.654902, 0.65882355, 0.6627451, 0.6666667, 0.67058825, 0.6745098, 0.6784314, 0.68235296, 0.6862745, 0.69019604, 0.6941176, 0.6980392, 0.70196074, 0.7058823, 0.7098039, 0.71372545, 0.7176471, 0.72156864, 0.7254902, 0.7294118, 0.73333335, 0.7372549, 0.7411765, 0.74509805, 0.7490196, 0.7529412, 0.75686276, 0.7607843, 0.7647059, 0.76862746, 0.77254903, 0.7764706, 0.78039217, 0.78431374, 0.7882353, 0.7921569, 0.7960784, 0.79999995, 0.8039215, 0.8078431, 0.8117647, 0.8156863, 0.81960785, 0.8235294, 0.827451, 0.83137256, 0.8352941, 0.8392157, 0.84313726, 0.84705883, 0.8509804, 0.85490197, 0.85882354, 0.8627451, 0.8666667, 0.87058824, 0.8745098, 0.8784314, 0.88235295, 0.8862745, 0.8901961, 0.89411765, 0.8980392, 0.9019608, 0.90588236, 0.9098039, 0.9137255, 0.91764706, 0.92156863, 0.9254902, 0.92941177, 0.93333334, 0.9372549, 0.9411765, 0.94509804, 0.9490196, 0.9529412, 0.95686275, 0.9607843, 0.9647059, 0.96862745, 0.972549, 0.9764706, 0.98039216, 0.9843137, 0.9882353, 0.99215686, 0.99607843, 1.0, 1.0039215, 1.0078431, 1.0117646, 1.0156863, 1.0196078, 1.0235294, 1.0274509, 1.0313725, 1.035294, 1.0392157, 1.0431372, 1.0470588, 1.0509804, 1.054902, 1.0588236, 1.0627451, 1.0666667, 1.0705882, 1.0745099, 1.0784314, 1.082353, 1.0862745, 1.0901961, 1.0941176, 1.0980393, 1.1019608, 1.1058824, 1.1098039, 1.1137255, 1.117647, 1.1215687, 1.1254902, 1.1294118, 1.1333333, 1.137255, 1.1411765, 1.1450981, 1.1490196, 1.1529412, 1.1568627, 1.1607844, 1.1647059, 1.1686274, 1.172549, 1.1764705, 1.1803921, 1.1843137, 1.1882353, 1.1921568, 1.1960784, 1.1999999, 1.2039216, 1.2078431, 1.2117647, 1.2156862, 1.2196078, 1.2235293, 1.227451, 1.2313725, 1.2352941, 1.2392157, 1.2431374, 1.2470589, 1.2509805, 1.254902, 1.2588236, 1.2627451, 1.2666668, 1.2705883, 1.2745098, 1.2784314, 1.2823529, 1.2862746, 1.2901961, 1.2941177, 1.2980392, 1.3019608, 1.3058823, 1.309804, 1.3137255, 1.3176471, 1.3215686, 1.3254902, 1.3294117, 1.3333334, 1.3372549, 1.3411765, 1.345098, 1.3490196, 1.3529412, 1.3568628, 1.3607843, 1.3647059, 1.3686274, 1.372549, 1.3764706, 1.3803921, 1.3843137, 1.3882352, 1.3921568, 1.3960783, 1.4, 1.4039215, 1.4078431, 1.4117646, 1.4156862, 1.4196078, 1.4235294, 1.4274509, 1.4313726, 1.4352942, 1.4392158, 1.4431373, 1.4470589, 1.4509804, 1.454902, 1.4588236, 1.4627452, 1.4666667, 1.4705883, 1.4745098, 1.4784315, 1.482353, 1.4862745, 1.4901961, 1.4941176, 1.4980392, 1.5019608, 1.5058824, 1.5098039, 1.5137255, 1.517647, 1.5215687, 1.5254902, 1.5294118, 1.5333333, 1.5372549, 1.5411764, 1.5450981, 1.5490196, 1.5529412, 1.5568627, 1.5607843, 1.5647058, 1.5686275, 1.572549, 1.5764706, 1.5803921, 1.5843138, 1.5882353, 1.5921568, 1.5960784, 1.5999999, 1.6039215, 1.607843, 1.6117647, 1.6156862, 1.6196078, 1.6235294, 1.6274511, 1.6313726, 1.6352942, 1.6392157, 1.6431373, 1.6470588, 1.6509805, 1.654902, 1.6588236, 1.6627451, 1.6666667, 1.6705883, 1.6745099, 1.6784314, 1.682353, 1.6862745, 1.6901962, 1.6941177, 1.6980392, 1.7019608, 1.7058823, 1.7098039, 1.7137254, 1.7176471, 1.7215686, 1.7254902, 1.7294117, 1.7333333, 1.7372549, 1.7411765, 1.745098, 1.7490196, 1.7529411, 1.7568628, 1.7607843, 1.7647059, 1.7686274, 1.772549, 1.7764705, 1.7803922, 1.7843137, 1.7882353, 1.7921568, 1.7960784, 1.8, 1.8039216, 1.8078431, 1.8117647, 1.8156863, 1.8196079, 1.8235295, 1.827451, 1.8313726, 1.8352941, 1.8392158, 1.8431373, 1.8470589, 1.8509804, 1.854902, 1.8588235, 1.8627452, 1.8666667, 1.8705883, 1.8745098, 1.8784314, 1.882353, 1.8862746, 1.8901961, 1.8941177, 1.8980392, 1.9019608, 1.9058824], mNits=[2.0, 2.1, 3.2, 3.3, 4.4, 4.5, 5.6, 5.7, 6.8, 6.9, 8.0, 9.2, 10.3, 10.6, 11.8, 12.7, 13.6, 14.6, 15.6, 16.5, 17.6, 18.6, 19.6, 20.6, 21.7, 22.8, 23.9, 25.0, 26.1, 27.2, 28.3, 29.5, 30.6, 31.8, 33.0, 34.2, 35.4, 36.6, 37.8, 39.1, 40.3, 41.5, 42.8, 44.1, 45.3, 46.6, 47.9, 49.2, 50.5, 51.9, 53.2, 54.5, 55.9, 57.2, 58.6, 59.9, 61.3, 62.7, 64.1, 65.5, 66.9, 68.3, 69.7, 71.1, 72.5, 74.0, 75.4, 76.9, 78.3, 79.8, 81.3, 82.7, 84.2, 85.7, 87.2, 88.7, 90.2, 91.7, 93.2, 94.8, 96.3, 97.8, 99.4, 100.9, 102.5, 104.0, 105.6, 107.1, 108.7, 110.3, 111.9, 113.5, 115.1, 116.7, 118.3, 119.9, 121.5, 123.1, 124.7, 126.4, 128.0, 129.7, 131.3, 133.0, 134.6, 136.3, 137.9, 139.6, 141.3, 143.0, 144.6, 146.3, 148.0, 149.7, 151.4, 153.1, 154.8, 156.5, 158.3, 160.0, 161.7, 163.5, 165.2, 166.9, 168.7, 170.4, 172.2, 173.9, 175.7, 177.5, 179.2, 181.0, 182.8, 184.6, 186.4, 188.1, 189.9, 191.7, 193.5, 195.3, 197.2, 199.0, 200.8, 202.6, 204.4, 206.3, 208.1, 209.9, 211.8, 213.6, 215.5, 217.3, 219.2, 221.0, 222.9, 224.8, 226.6, 228.5, 230.4, 232.3, 234.2, 236.0, 237.9, 239.8, 241.7, 243.6, 245.5, 247.4, 249.4, 251.3, 253.2, 255.1, 257.0, 259.0, 260.9, 262.8, 264.8, 266.7, 268.7, 270.6, 272.6, 274.5, 276.5, 278.4, 280.4, 282.4, 284.4, 286.3, 288.3, 290.3, 292.3, 294.3, 296.2, 298.2, 300.2, 302.2, 304.2, 306.2, 308.3, 310.3, 312.3, 314.3, 316.3, 318.3, 320.4, 322.4, 324.4, 326.5, 328.5, 330.6, 332.6, 334.7, 336.7, 338.8, 340.8, 342.9, 344.9, 346.0, 348.1, 350.0, 351.8, 353.5, 355.3, 357.0, 359.0, 361.0, 363.0, 365.0, 367.3, 369.7, 372.0, 374.0, 376.0, 378.0, 380.0, 381.8, 383.5, 385.3, 387.0, 389.0, 391.0, 393.0, 395.0, 397.0, 399.0, 401.0, 403.0, 405.3, 407.5, 409.8, 412.0, 413.6, 415.2, 416.8, 418.4, 420.0, 444.684, 446.423, 447.582, 449.321, 451.059, 452.219, 453.957, 455.696, 456.855, 458.594, 460.333, 461.492, 463.231, 464.97, 466.129, 467.868, 469.607, 470.766, 472.505, 474.244, 475.403, 477.142, 478.881, 480.04, 481.779, 483.517, 484.677, 486.416, 488.154, 489.314, 491.052, 492.791, 493.95, 495.689, 497.428, 498.587, 500.326, 502.065, 503.224, 504.963, 506.702, 507.861, 509.6, 511.339, 512.498, 514.237, 515.976, 517.135, 518.874, 520.612, 521.772, 523.51, 525.249, 526.409, 528.147, 529.886, 531.045, 532.784, 534.523, 535.682, 537.421, 539.16, 540.319, 542.058, 543.797, 544.956, 546.695, 548.434, 549.593, 551.332, 553.071, 554.23, 555.969, 557.707, 558.867, 560.605, 562.344, 563.503, 565.242, 566.981, 568.14, 569.879, 571.618, 572.777, 574.516, 576.255, 577.414, 579.153, 580.892, 582.051, 583.79, 585.529, 586.688, 588.427, 590.165, 591.325, 593.063, 594.802, 595.962, 597.7, 599.439, 600.598, 602.337, 604.076, 605.235, 606.974, 608.713, 609.872, 611.611, 613.35, 614.509, 616.248, 617.407, 619.146, 620.885, 622.044, 623.783, 625.522, 626.681, 628.42, 630.158, 631.318, 633.056, 634.795, 635.955, 637.693, 639.432, 640.591, 642.33, 644.069, 645.228, 646.967, 648.706, 649.865, 651.604, 653.343, 654.502, 656.241, 657.98, 659.139, 660.878, 662.617, 663.776, 665.515, 667.253, 668.413, 670.151, 671.89, 673.049, 674.788, 676.527, 677.686, 679.425, 681.164, 682.323, 684.062, 685.801, 686.96, 688.699, 690.438, 691.597, 693.336, 695.075, 696.234, 697.973, 699.711, 700.871, 702.609, 704.348, 705.508, 707.246, 708.985, 710.144, 711.883, 713.622, 714.781, 716.52, 718.259, 719.418, 721.157, 722.896, 724.055, 725.794, 727.533, 728.692, 730.431, 732.17, 733.329, 735.068, 736.806, 737.966, 739.704, 741.443, 742.602, 744.341, 746.08, 747.239, 748.978, 750.717, 751.876, 753.615, 755.354, 756.513, 758.252, 759.991, 761.15, 762.889, 764.628, 765.787, 767.526, 769.264, 770.424, 772.163, 773.901, 775.061, 776.799, 778.538, 779.697, 781.436, 783.175, 784.334, 786.073, 787.812, 788.971, 790.71, 792.449, 793.608, 795.347, 797.086, 798.245, 800.0], mRawBacklight=[0.0, 0.0039215684, 0.007843137, 0.011764706, 0.015686274, 0.019607844, 0.023529412, 0.02745098, 0.031372547, 0.03529412, 0.039215688, 0.043137252, 0.047058824, 0.050980393, 0.05490196, 0.05882353, 0.062745094, 0.06666667, 0.07058824, 0.0745098, 0.078431375, 0.08235294, 0.086274505, 0.09019608, 0.09411765, 0.09803922, 0.101960786, 0.105882354, 0.10980392, 0.11372549, 0.11764706, 0.12156863, 0.12549019, 0.12941176, 0.13333334, 0.13725491, 0.14117648, 0.14509805, 0.1490196, 0.15294117, 0.15686275, 0.16078432, 0.16470589, 0.16862746, 0.17254901, 0.17647058, 0.18039216, 0.18431373, 0.1882353, 0.19215687, 0.19607843, 0.19999999, 0.20392157, 0.20784314, 0.21176471, 0.21568628, 0.21960784, 0.22352941, 0.22745098, 0.23137255, 0.23529412, 0.23921569, 0.24313726, 0.24705882, 0.25098038, 0.25490195, 0.2588235, 0.2627451, 0.26666668, 0.27058825, 0.27450982, 0.2784314, 0.28235295, 0.28627452, 0.2901961, 0.29411763, 0.2980392, 0.30196077, 0.30588233, 0.30980393, 0.3137255, 0.31764707, 0.32156864, 0.3254902, 0.32941177, 0.33333334, 0.3372549, 0.34117648, 0.34509802, 0.3490196, 0.35294116, 0.35686272, 0.36078432, 0.3647059, 0.36862746, 0.37254903, 0.3764706, 0.38039216, 0.38431373, 0.3882353, 0.39215687, 0.39607844, 0.39999998, 0.40392154, 0.40784314, 0.4117647, 0.41568628, 0.41960785, 0.42352942, 0.42745098, 0.43137255, 0.43529412, 0.4392157, 0.44313726, 0.44705883, 0.4509804, 0.45490196, 0.45882353, 0.4627451, 0.46666667, 0.47058824, 0.4745098, 0.47843137, 0.48235294, 0.4862745, 0.49019608, 0.49411765, 0.49803922, 0.50196075, 0.5058823, 0.5098039, 0.51372546, 0.517647, 0.5215686, 0.5254902, 0.5294118, 0.53333336, 0.5372549, 0.5411765, 0.54509807, 0.54901963, 0.5529412, 0.5568628, 0.56078434, 0.5647059, 0.5686275, 0.57254905, 0.5764706, 0.5803922, 0.5843137, 0.58823526, 0.5921568, 0.5960784, 0.59999996, 0.60392153, 0.6078431, 0.61176467, 0.61568624, 0.61960787, 0.62352943, 0.627451, 0.6313726, 0.63529414, 0.6392157, 0.6431373, 0.64705884, 0.6509804, 0.654902, 0.65882355, 0.6627451, 0.6666667, 0.67058825, 0.6745098, 0.6784314, 0.68235296, 0.6862745, 0.69019604, 0.6941176, 0.6980392, 0.70196074, 0.7058823, 0.7098039, 0.71372545, 0.7176471, 0.72156864, 0.7254902, 0.7294118, 0.73333335, 0.7372549, 0.7411765, 0.74509805, 0.7490196, 0.7529412, 0.75686276, 0.7607843, 0.7647059, 0.76862746, 0.77254903, 0.7764706, 0.78039217, 0.78431374, 0.7882353, 0.7921569, 0.7960784, 0.79999995, 0.8039215, 0.8078431, 0.8117647, 0.8156863, 0.81960785, 0.8235294, 0.827451, 0.83137256, 0.8352941, 0.8392157, 0.84313726, 0.84705883, 0.8509804, 0.85490197, 0.85882354, 0.8627451, 0.8666667, 0.87058824, 0.8745098, 0.8784314, 0.88235295, 0.8862745, 0.8901961, 0.89411765, 0.8980392, 0.9019608, 0.90588236, 0.9098039, 0.9137255, 0.91764706, 0.92156863, 0.9254902, 0.92941177, 0.93333334, 0.9372549, 0.9411765, 0.94509804, 0.9490196, 0.9529412, 0.95686275, 0.9607843, 0.9647059, 0.96862745, 0.972549, 0.9764706, 0.98039216, 0.9843137, 0.9882353, 0.99215686, 0.99607843, 1.0, 1.0039215, 1.0078431, 1.0117646, 1.0156863, 1.0196078, 1.0235294, 1.0274509, 1.0313725, 1.035294, 1.0392157, 1.0431372, 1.0470588, 1.0509804, 1.054902, 1.0588236, 1.0627451, 1.0666667, 1.0705882, 1.0745099, 1.0784314, 1.082353, 1.0862745, 1.0901961, 1.0941176, 1.0980393, 1.1019608, 1.1058824, 1.1098039, 1.1137255, 1.117647, 1.1215687, 1.1254902, 1.1294118, 1.1333333, 1.137255, 1.1411765, 1.1450981, 1.1490196, 1.1529412, 1.1568627, 1.1607844, 1.1647059, 1.1686274, 1.172549, 1.1764705, 1.1803921, 1.1843137, 1.1882353, 1.1921568, 1.1960784, 1.1999999, 1.2039216, 1.2078431, 1.2117647, 1.2156862, 1.2196078, 1.2235293, 1.227451, 1.2313725, 1.2352941, 1.2392157, 1.2431374, 1.2470589, 1.2509805, 1.254902, 1.2588236, 1.2627451, 1.2666668, 1.2705883, 1.2745098, 1.2784314, 1.2823529, 1.2862746, 1.2901961, 1.2941177, 1.2980392, 1.3019608, 1.3058823, 1.309804, 1.3137255, 1.3176471, 1.3215686, 1.3254902, 1.3294117, 1.3333334, 1.3372549, 1.3411765, 1.345098, 1.3490196, 1.3529412, 1.3568628, 1.3607843, 1.3647059, 1.3686274, 1.372549, 1.3764706, 1.3803921, 1.3843137, 1.3882352, 1.3921568, 1.3960783, 1.4, 1.4039215, 1.4078431, 1.4117646, 1.4156862, 1.4196078, 1.4235294, 1.4274509, 1.4313726, 1.4352942, 1.4392158, 1.4431373, 1.4470589, 1.4509804, 1.454902, 1.4588236, 1.4627452, 1.4666667, 1.4705883, 1.4745098, 1.4784315, 1.482353, 1.4862745, 1.4901961, 1.4941176, 1.4980392, 1.5019608, 1.5058824, 1.5098039, 1.5137255, 1.517647, 1.5215687, 1.5254902, 1.5294118, 1.5333333, 1.5372549, 1.5411764, 1.5450981, 1.5490196, 1.5529412, 1.5568627, 1.5607843, 1.5647058, 1.5686275, 1.572549, 1.5764706, 1.5803921, 1.5843138, 1.5882353, 1.5921568, 1.5960784, 1.5999999, 1.6039215, 1.607843, 1.6117647, 1.6156862, 1.6196078, 1.6235294, 1.6274511, 1.6313726, 1.6352942, 1.6392157, 1.6431373, 1.6470588, 1.6509805, 1.654902, 1.6588236, 1.6627451, 1.6666667, 1.6705883, 1.6745099, 1.6784314, 1.682353, 1.6862745, 1.6901962, 1.6941177, 1.6980392, 1.7019608, 1.7058823, 1.7098039, 1.7137254, 1.7176471, 1.7215686, 1.7254902, 1.7294117, 1.7333333, 1.7372549, 1.7411765, 1.745098, 1.7490196, 1.7529411, 1.7568628, 1.7607843, 1.7647059, 1.7686274, 1.772549, 1.7764705, 1.7803922, 1.7843137, 1.7882353, 1.7921568, 1.7960784, 1.8, 1.8039216, 1.8078431, 1.8117647, 1.8156863, 1.8196079, 1.8235295, 1.827451, 1.8313726, 1.8352941, 1.8392158, 1.8431373, 1.8470589, 1.8509804, 1.854902, 1.8588235, 1.8627452, 1.8666667, 1.8705883, 1.8745098, 1.8784314, 1.882353, 1.8862746, 1.8901961, 1.8941177, 1.8980392, 1.9019608, 1.9058824], mRawNits=[2.0, 2.1, 3.2, 3.3, 4.4, 4.5, 5.6, 5.7, 6.8, 6.9, 8.0, 9.2, 10.3, 10.6, 11.8, 12.7, 13.6, 14.6, 15.6, 16.5, 17.6, 18.6, 19.6, 20.6, 21.7, 22.8, 23.9, 25.0, 26.1, 27.2, 28.3, 29.5, 30.6, 31.8, 33.0, 34.2, 35.4, 36.6, 37.8, 39.1, 40.3, 41.5, 42.8, 44.1, 45.3, 46.6, 47.9, 49.2, 50.5, 51.9, 53.2, 54.5, 55.9, 57.2, 58.6, 59.9, 61.3, 62.7, 64.1, 65.5, 66.9, 68.3, 69.7, 71.1, 72.5, 74.0, 75.4, 76.9, 78.3, 79.8, 81.3, 82.7, 84.2, 85.7, 87.2, 88.7, 90.2, 91.7, 93.2, 94.8, 96.3, 97.8, 99.4, 100.9, 102.5, 104.0, 105.6, 107.1, 108.7, 110.3, 111.9, 113.5, 115.1, 116.7, 118.3, 119.9, 121.5, 123.1, 124.7, 126.4, 128.0, 129.7, 131.3, 133.0, 134.6, 136.3, 137.9, 139.6, 141.3, 143.0, 144.6, 146.3, 148.0, 149.7, 151.4, 153.1, 154.8, 156.5, 158.3, 160.0, 161.7, 163.5, 165.2, 166.9, 168.7, 170.4, 172.2, 173.9, 175.7, 177.5, 179.2, 181.0, 182.8, 184.6, 186.4, 188.1, 189.9, 191.7, 193.5, 195.3, 197.2, 199.0, 200.8, 202.6, 204.4, 206.3, 208.1, 209.9, 211.8, 213.6, 215.5, 217.3, 219.2, 221.0, 222.9, 224.8, 226.6, 228.5, 230.4, 232.3, 234.2, 236.0, 237.9, 239.8, 241.7, 243.6, 245.5, 247.4, 249.4, 251.3, 253.2, 255.1, 257.0, 259.0, 260.9, 262.8, 264.8, 266.7, 268.7, 270.6, 272.6, 274.5, 276.5, 278.4, 280.4, 282.4, 284.4, 286.3, 288.3, 290.3, 292.3, 294.3, 296.2, 298.2, 300.2, 302.2, 304.2, 306.2, 308.3, 310.3, 312.3, 314.3, 316.3, 318.3, 320.4, 322.4, 324.4, 326.5, 328.5, 330.6, 332.6, 334.7, 336.7, 338.8, 340.8, 342.9, 344.9, 346.0, 348.1, 350.0, 351.8, 353.5, 355.3, 357.0, 359.0, 361.0, 363.0, 365.0, 367.3, 369.7, 372.0, 374.0, 376.0, 378.0, 380.0, 381.8, 383.5, 385.3, 387.0, 389.0, 391.0, 393.0, 395.0, 397.0, 399.0, 401.0, 403.0, 405.3, 407.5, 409.8, 412.0, 413.6, 415.2, 416.8, 418.4, 420.0, 444.684, 446.423, 447.582, 449.321, 451.059, 452.219, 453.957, 455.696, 456.855, 458.594, 460.333, 461.492, 463.231, 464.97, 466.129, 467.868, 469.607, 470.766, 472.505, 474.244, 475.403, 477.142, 478.881, 480.04, 481.779, 483.517, 484.677, 486.416, 488.154, 489.314, 491.052, 492.791, 493.95, 495.689, 497.428, 498.587, 500.326, 502.065, 503.224, 504.963, 506.702, 507.861, 509.6, 511.339, 512.498, 514.237, 515.976, 517.135, 518.874, 520.612, 521.772, 523.51, 525.249, 526.409, 528.147, 529.886, 531.045, 532.784, 534.523, 535.682, 537.421, 539.16, 540.319, 542.058, 543.797, 544.956, 546.695, 548.434, 549.593, 551.332, 553.071, 554.23, 555.969, 557.707, 558.867, 560.605, 562.344, 563.503, 565.242, 566.981, 568.14, 569.879, 571.618, 572.777, 574.516, 576.255, 577.414, 579.153, 580.892, 582.051, 583.79, 585.529, 586.688, 588.427, 590.165, 591.325, 593.063, 594.802, 595.962, 597.7, 599.439, 600.598, 602.337, 604.076, 605.235, 606.974, 608.713, 609.872, 611.611, 613.35, 614.509, 616.248, 617.407, 619.146, 620.885, 622.044, 623.783, 625.522, 626.681, 628.42, 630.158, 631.318, 633.056, 634.795, 635.955, 637.693, 639.432, 640.591, 642.33, 644.069, 645.228, 646.967, 648.706, 649.865, 651.604, 653.343, 654.502, 656.241, 657.98, 659.139, 660.878, 662.617, 663.776, 665.515, 667.253, 668.413, 670.151, 671.89, 673.049, 674.788, 676.527, 677.686, 679.425, 681.164, 682.323, 684.062, 685.801, 686.96, 688.699, 690.438, 691.597, 693.336, 695.075, 696.234, 697.973, 699.711, 700.871, 702.609, 704.348, 705.508, 707.246, 708.985, 710.144, 711.883, 713.622, 714.781, 716.52, 718.259, 719.418, 721.157, 722.896, 724.055, 725.794, 727.533, 728.692, 730.431, 732.17, 733.329, 735.068, 736.806, 737.966, 739.704, 741.443, 742.602, 744.341, 746.08, 747.239, 748.978, 750.717, 751.876, 753.615, 755.354, 756.513, 758.252, 759.991, 761.15, 762.889, 764.628, 765.787, 767.526, 769.264, 770.424, 772.163, 773.901, 775.061, 776.799, 778.538, 779.697, 781.436, 783.175, 784.334, 786.073, 787.812, 788.971, 790.71, 792.449, 793.608, 795.347, 797.086, 798.245, 800.0], mInterpolationType=0, mBrightness=[0.0, 0.0039215684, 0.007843137, 0.011764706, 0.015686274, 0.019607844, 0.023529412, 0.02745098, 0.031372547, 0.03529412, 0.039215688, 0.043137252, 0.047058824, 0.050980393, 0.05490196, 0.05882353, 0.062745094, 0.06666667, 0.07058824, 0.0745098, 0.078431375, 0.08235294, 0.086274505, 0.09019608, 0.09411765, 0.09803922, 0.101960786, 0.105882354, 0.10980392, 0.11372549, 0.11764706, 0.12156863, 0.12549019, 0.12941176, 0.13333334, 0.13725491, 0.14117648, 0.14509805, 0.1490196, 0.15294117, 0.15686275, 0.16078432, 0.16470589, 0.16862746, 0.17254901, 0.17647058, 0.18039216, 0.18431373, 0.1882353, 0.19215687, 0.19607843, 0.19999999, 0.20392157, 0.20784314, 0.21176471, 0.21568628, 0.21960784, 0.22352941, 0.22745098, 0.23137255, 0.23529412, 0.23921569, 0.24313726, 0.24705882, 0.25098038, 0.25490195, 0.2588235, 0.2627451, 0.26666668, 0.27058825, 0.27450982, 0.2784314, 0.28235295, 0.28627452, 0.2901961, 0.29411763, 0.2980392, 0.30196077, 0.30588233, 0.30980393, 0.3137255, 0.31764707, 0.32156864, 0.3254902, 0.32941177, 0.33333334, 0.3372549, 0.34117648, 0.34509802, 0.3490196, 0.35294116, 0.35686272, 0.36078432, 0.3647059, 0.36862746, 0.37254903, 0.3764706, 0.38039216, 0.38431373, 0.3882353, 0.39215687, 0.39607844, 0.39999998, 0.40392154, 0.40784314, 0.4117647, 0.41568628, 0.41960785, 0.42352942, 0.42745098, 0.43137255, 0.43529412, 0.4392157, 0.44313726, 0.44705883, 0.4509804, 0.45490196, 0.45882353, 0.4627451, 0.46666667, 0.47058824, 0.4745098, 0.47843137, 0.48235294, 0.4862745, 0.49019608, 0.49411765, 0.49803922, 0.50196075, 0.5058823, 0.5098039, 0.51372546, 0.517647, 0.5215686, 0.5254902, 0.5294118, 0.53333336, 0.5372549, 0.5411765, 0.54509807, 0.54901963, 0.5529412, 0.5568628, 0.56078434, 0.5647059, 0.5686275, 0.57254905, 0.5764706, 0.5803922, 0.5843137, 0.58823526, 0.5921568, 0.5960784, 0.59999996, 0.60392153, 0.6078431, 0.61176467, 0.61568624, 0.61960787, 0.62352943, 0.627451, 0.6313726, 0.63529414, 0.6392157, 0.6431373, 0.64705884, 0.6509804, 0.654902, 0.65882355, 0.6627451, 0.6666667, 0.67058825, 0.6745098, 0.6784314, 0.68235296, 0.6862745, 0.69019604, 0.6941176, 0.6980392, 0.70196074, 0.7058823, 0.7098039, 0.71372545, 0.7176471, 0.72156864, 0.7254902, 0.7294118, 0.73333335, 0.7372549, 0.7411765, 0.74509805, 0.7490196, 0.7529412, 0.75686276, 0.7607843, 0.7647059, 0.76862746, 0.77254903, 0.7764706, 0.78039217, 0.78431374, 0.7882353, 0.7921569, 0.7960784, 0.79999995, 0.8039215, 0.8078431, 0.8117647, 0.8156863, 0.81960785, 0.8235294, 0.827451, 0.83137256, 0.8352941, 0.8392157, 0.84313726, 0.84705883, 0.8509804, 0.85490197, 0.85882354, 0.8627451, 0.8666667, 0.87058824, 0.8745098, 0.8784314, 0.88235295, 0.8862745, 0.8901961, 0.89411765, 0.8980392, 0.9019608, 0.90588236, 0.9098039, 0.9137255, 0.91764706, 0.92156863, 0.9254902, 0.92941177, 0.93333334, 0.9372549, 0.9411765, 0.94509804, 0.9490196, 0.9529412, 0.95686275, 0.9607843, 0.9647059, 0.96862745, 0.972549, 0.9764706, 0.98039216, 0.9843137, 0.9882353, 0.99215686, 0.99607843, 1.0, 1.0039215, 1.0078431, 1.0117646, 1.0156863, 1.0196078, 1.0235294, 1.0274509, 1.0313725, 1.035294, 1.0392157, 1.0431372, 1.0470588, 1.0509804, 1.054902, 1.0588236, 1.0627451, 1.0666667, 1.0705882, 1.0745099, 1.0784314, 1.082353, 1.0862745, 1.0901961, 1.0941176, 1.0980393, 1.1019608, 1.1058824, 1.1098039, 1.1137255, 1.117647, 1.1215687, 1.1254902, 1.1294118, 1.1333333, 1.137255, 1.1411765, 1.1450981, 1.1490196, 1.1529412, 1.1568627, 1.1607844, 1.1647059, 1.1686274, 1.172549, 1.1764705, 1.1803921, 1.1843137, 1.1882353, 1.1921568, 1.1960784, 1.1999999, 1.2039216, 1.2078431, 1.2117647, 1.2156862, 1.2196078, 1.2235293, 1.227451, 1.2313725, 1.2352941, 1.2392157, 1.2431374, 1.2470589, 1.2509805, 1.254902, 1.2588236, 1.2627451, 1.2666668, 1.2705883, 1.2745098, 1.2784314, 1.2823529, 1.2862746, 1.2901961, 1.2941177, 1.2980392, 1.3019608, 1.3058823, 1.309804, 1.3137255, 1.3176471, 1.3215686, 1.3254902, 1.3294117, 1.3333334, 1.3372549, 1.3411765, 1.345098, 1.3490196, 1.3529412, 1.3568628, 1.3607843, 1.3647059, 1.3686274, 1.372549, 1.3764706, 1.3803921, 1.3843137, 1.3882352, 1.3921568, 1.3960783, 1.4, 1.4039215, 1.4078431, 1.4117646, 1.4156862, 1.4196078, 1.4235294, 1.4274509, 1.4313726, 1.4352942, 1.4392158, 1.4431373, 1.4470589, 1.4509804, 1.454902, 1.4588236, 1.4627452, 1.4666667, 1.4705883, 1.4745098, 1.4784315, 1.482353, 1.4862745, 1.4901961, 1.4941176, 1.4980392, 1.5019608, 1.5058824, 1.5098039, 1.5137255, 1.517647, 1.5215687, 1.5254902, 1.5294118, 1.5333333, 1.5372549, 1.5411764, 1.5450981, 1.5490196, 1.5529412, 1.5568627, 1.5607843, 1.5647058, 1.5686275, 1.572549, 1.5764706, 1.5803921, 1.5843138, 1.5882353, 1.5921568, 1.5960784, 1.5999999, 1.6039215, 1.607843, 1.6117647, 1.6156862, 1.6196078, 1.6235294, 1.6274511, 1.6313726, 1.6352942, 1.6392157, 1.6431373, 1.6470588, 1.6509805, 1.654902, 1.6588236, 1.6627451, 1.6666667, 1.6705883, 1.6745099, 1.6784314, 1.682353, 1.6862745, 1.6901962, 1.6941177, 1.6980392, 1.7019608, 1.7058823, 1.7098039, 1.7137254, 1.7176471, 1.7215686, 1.7254902, 1.7294117, 1.7333333, 1.7372549, 1.7411765, 1.745098, 1.7490196, 1.7529411, 1.7568628, 1.7607843, 1.7647059, 1.7686274, 1.772549, 1.7764705, 1.7803922, 1.7843137, 1.7882353, 1.7921568, 1.7960784, 1.8, 1.8039216, 1.8078431, 1.8117647, 1.8156863, 1.8196079, 1.8235295, 1.827451, 1.8313726, 1.8352941, 1.8392158, 1.8431373, 1.8470589, 1.8509804, 1.854902, 1.8588235, 1.8627452, 1.8666667, 1.8705883, 1.8745098, 1.8784314, 1.882353, 1.8862746, 1.8901961, 1.8941177, 1.8980392, 1.9019608, 1.9058824], mBrightnessToBacklightSpline=MonotoneCubicSpline{[(0.0, 0.0: 1.0), (0.0039215684, 0.0039215684: 1.0), (0.007843137, 0.007843137: 1.0), (0.011764706, 0.011764706: 1.0), (0.015686274, 0.015686274: 1.0), (0.019607844, 0.019607844: 1.0), (0.023529412, 0.023529412: 1.0), (0.02745098, 0.02745098: 1.0), (0.031372547, 0.031372547: 1.0), (0.03529412, 0.03529412: 1.0), (0.039215688, 0.039215688: 1.0), (0.043137252, 0.043137252: 1.0), (0.047058824, 0.047058824: 1.0), (0.050980393, 0.050980393: 1.0), (0.05490196, 0.05490196: 1.0), (0.05882353, 0.05882353: 1.0), (0.062745094, 0.062745094: 1.0), (0.06666667, 0.06666667: 1.0), (0.07058824, 0.07058824: 1.0), (0.0745098, 0.0745098: 1.0), (0.078431375, 0.078431375: 1.0), (0.08235294, 0.08235294: 1.0), (0.086274505, 0.086274505: 1.0), (0.09019608, 0.09019608: 1.0), (0.09411765, 0.09411765: 1.0), (0.09803922, 0.09803922: 1.0), (0.101960786, 0.101960786: 1.0), (0.105882354, 0.105882354: 1.0), (0.10980392, 0.10980392: 1.0), (0.11372549, 0.11372549: 1.0), (0.11764706, 0.11764706: 1.0), (0.12156863, 0.12156863: 1.0), (0.12549019, 0.12549019: 1.0), (0.12941176, 0.12941176: 1.0), (0.13333334, 0.13333334: 1.0), (0.13725491, 0.13725491: 1.0), (0.14117648, 0.14117648: 1.0), (0.14509805, 0.14509805: 1.0), (0.1490196, 0.1490196: 1.0), (0.15294117, 0.15294117: 1.0), (0.15686275, 0.15686275: 1.0), (0.16078432, 0.16078432: 1.0), (0.16470589, 0.16470589: 1.0), (0.16862746, 0.16862746: 1.0), (0.17254901, 0.17254901: 1.0), (0.17647058, 0.17647058: 1.0), (0.18039216, 0.18039216: 1.0), (0.18431373, 0.18431373: 1.0), (0.1882353, 0.1882353: 1.0), (0.19215687, 0.19215687: 1.0), (0.19607843, 0.19607843: 1.0), (0.19999999, 0.19999999: 1.0), (0.20392157, 0.20392157: 1.0), (0.20784314, 0.20784314: 1.0), (0.21176471, 0.21176471: 1.0), (0.21568628, 0.21568628: 1.0), (0.21960784, 0.21960784: 1.0), (0.22352941, 0.22352941: 1.0), (0.22745098, 0.22745098: 1.0), (0.23137255, 0.23137255: 1.0), (0.23529412, 0.23529412: 1.0), (0.23921569, 0.23921569: 1.0), (0.24313726, 0.24313726: 1.0), (0.24705882, 0.24705882: 1.0), (0.25098038, 0.25098038: 1.0), (0.25490195, 0.25490195: 1.0), (0.2588235, 0.2588235: 1.0), (0.2627451, 0.2627451: 1.0), (0.26666668, 0.26666668: 1.0), (0.27058825, 0.27058825: 1.0), (0.27450982, 0.27450982: 1.0), (0.2784314, 0.2784314: 1.0), (0.28235295, 0.28235295: 1.0), (0.28627452, 0.28627452: 1.0), (0.2901961, 0.2901961: 1.0), (0.29411763, 0.29411763: 1.0), (0.2980392, 0.2980392: 1.0), (0.30196077, 0.30196077: 1.0), (0.30588233, 0.30588233: 1.0), (0.30980393, 0.30980393: 1.0), (0.3137255, 0.3137255: 1.0), (0.31764707, 0.31764707: 1.0), (0.32156864, 0.32156864: 1.0), (0.3254902, 0.3254902: 1.0), (0.32941177, 0.32941177: 1.0), (0.33333334, 0.33333334: 1.0), (0.3372549, 0.3372549: 1.0), (0.34117648, 0.34117648: 1.0), (0.34509802, 0.34509802: 1.0), (0.3490196, 0.3490196: 1.0), (0.35294116, 0.35294116: 1.0), (0.35686272, 0.35686272: 1.0), (0.36078432, 0.36078432: 1.0), (0.3647059, 0.3647059: 1.0), (0.36862746, 0.36862746: 1.0), (0.37254903, 0.37254903: 1.0), (0.3764706, 0.3764706: 1.0), (0.38039216, 0.38039216: 1.0), (0.38431373, 0.38431373: 1.0), (0.3882353, 0.3882353: 1.0), (0.39215687, 0.39215687: 1.0), (0.39607844, 0.39607844: 1.0), (0.39999998, 0.39999998: 1.0), (0.40392154, 0.40392154: 1.0), (0.40784314, 0.40784314: 1.0), (0.4117647, 0.4117647: 1.0), (0.41568628, 0.41568628: 1.0), (0.41960785, 0.41960785: 1.0), (0.42352942, 0.42352942: 1.0), (0.42745098, 0.42745098: 1.0), (0.43137255, 0.43137255: 1.0), (0.43529412, 0.43529412: 1.0), (0.4392157, 0.4392157: 1.0), (0.44313726, 0.44313726: 1.0), (0.44705883, 0.44705883: 1.0), (0.4509804, 0.4509804: 1.0), (0.45490196, 0.45490196: 1.0), (0.45882353, 0.45882353: 1.0), (0.4627451, 0.4627451: 1.0), (0.46666667, 0.46666667: 1.0), (0.47058824, 0.47058824: 1.0), (0.4745098, 0.4745098: 1.0), (0.47843137, 0.47843137: 1.0), (0.48235294, 0.48235294: 1.0), (0.4862745, 0.4862745: 1.0), (0.49019608, 0.49019608: 1.0), (0.49411765, 0.49411765: 1.0), (0.49803922, 0.49803922: 1.0), (0.50196075, 0.50196075: 1.0), (0.5058823, 0.5058823: 1.0), (0.5098039, 0.5098039: 1.0), (0.51372546, 0.51372546: 1.0), (0.517647, 0.517647: 1.0), (0.5215686, 0.5215686: 1.0), (0.5254902, 0.5254902: 1.0), (0.5294118, 0.5294118: 1.0), (0.53333336, 0.53333336: 1.0), (0.5372549, 0.5372549: 1.0), (0.5411765, 0.5411765: 1.0), (0.54509807, 0.54509807: 1.0), (0.54901963, 0.54901963: 1.0), (0.5529412, 0.5529412: 1.0), (0.5568628, 0.5568628: 1.0), (0.56078434, 0.56078434: 1.0), (0.5647059, 0.5647059: 1.0), (0.5686275, 0.5686275: 1.0), (0.57254905, 0.57254905: 1.0), (0.5764706, 0.5764706: 1.0), (0.5803922, 0.5803922: 1.0), (0.5843137, 0.5843137: 1.0), (0.58823526, 0.58823526: 1.0), (0.5921568, 0.5921568: 1.0), (0.5960784, 0.5960784: 1.0), (0.59999996, 0.59999996: 1.0), (0.60392153, 0.60392153: 1.0), (0.6078431, 0.6078431: 1.0), (0.61176467, 0.61176467: 1.0), (0.61568624, 0.61568624: 1.0), (0.61960787, 0.61960787: 1.0), (0.62352943, 0.62352943: 1.0), (0.627451, 0.627451: 1.0), (0.6313726, 0.6313726: 1.0), (0.63529414, 0.63529414: 1.0), (0.6392157, 0.6392157: 1.0), (0.6431373, 0.6431373: 1.0), (0.64705884, 0.64705884: 1.0), (0.6509804, 0.6509804: 1.0), (0.654902, 0.654902: 1.0), (0.65882355, 0.65882355: 1.0), (0.6627451, 0.6627451: 1.0), (0.6666667, 0.6666667: 1.0), (0.67058825, 0.67058825: 1.0), (0.6745098, 0.6745098: 1.0), (0.6784314, 0.6784314: 1.0), (0.68235296, 0.68235296: 1.0), (0.6862745, 0.6862745: 1.0), (0.69019604, 0.69019604: 1.0), (0.6941176, 0.6941176: 1.0), (0.6980392, 0.6980392: 1.0), (0.70196074, 0.70196074: 1.0), (0.7058823, 0.7058823: 1.0), (0.7098039, 0.7098039: 1.0), (0.71372545, 0.71372545: 1.0), (0.7176471, 0.7176471: 1.0), (0.72156864, 0.72156864: 1.0), (0.7254902, 0.7254902: 1.0), (0.7294118, 0.7294118: 1.0), (0.73333335, 0.73333335: 1.0), (0.7372549, 0.7372549: 1.0), (0.7411765, 0.7411765: 1.0), (0.74509805, 0.74509805: 1.0), (0.7490196, 0.7490196: 1.0), (0.7529412, 0.7529412: 1.0), (0.75686276, 0.75686276: 1.0), (0.7607843, 0.7607843: 1.0), (0.7647059, 0.7647059: 1.0), (0.76862746, 0.76862746: 1.0), (0.77254903, 0.77254903: 1.0), (0.7764706, 0.7764706: 1.0), (0.78039217, 0.78039217: 1.0), (0.78431374, 0.78431374: 1.0), (0.7882353, 0.7882353: 1.0), (0.7921569, 0.7921569: 1.0), (0.7960784, 0.7960784: 1.0), (0.79999995, 0.79999995: 1.0), (0.8039215, 0.8039215: 1.0), (0.8078431, 0.8078431: 1.0), (0.8117647, 0.8117647: 1.0), (0.8156863, 0.8156863: 1.0), (0.81960785, 0.81960785: 1.0), (0.8235294, 0.8235294: 1.0), (0.827451, 0.827451: 1.0), (0.83137256, 0.83137256: 1.0), (0.8352941, 0.8352941: 1.0), (0.8392157, 0.8392157: 1.0), (0.84313726, 0.84313726: 1.0), (0.84705883, 0.84705883: 1.0), (0.8509804, 0.8509804: 1.0), (0.85490197, 0.85490197: 1.0), (0.85882354, 0.85882354: 1.0), (0.8627451, 0.8627451: 1.0), (0.8666667, 0.8666667: 1.0), (0.87058824, 0.87058824: 1.0), (0.8745098, 0.8745098: 1.0), (0.8784314, 0.8784314: 1.0), (0.88235295, 0.88235295: 1.0), (0.8862745, 0.8862745: 1.0), (0.8901961, 0.8901961: 1.0), (0.89411765, 0.89411765: 1.0), (0.8980392, 0.8980392: 1.0), (0.9019608, 0.9019608: 1.0), (0.90588236, 0.90588236: 1.0), (0.9098039, 0.9098039: 1.0), (0.9137255, 0.9137255: 1.0), (0.91764706, 0.91764706: 1.0), (0.92156863, 0.92156863: 1.0), (0.9254902, 0.9254902: 1.0), (0.92941177, 0.92941177: 1.0), (0.93333334, 0.93333334: 1.0), (0.9372549, 0.9372549: 1.0), (0.9411765, 0.9411765: 1.0), (0.94509804, 0.94509804: 1.0), (0.9490196, 0.9490196: 1.0), (0.9529412, 0.9529412: 1.0), (0.95686275, 0.95686275: 1.0), (0.9607843, 0.9607843: 1.0), (0.9647059, 0.9647059: 1.0), (0.96862745, 0.96862745: 1.0), (0.972549, 0.972549: 1.0), (0.9764706, 0.9764706: 1.0), (0.98039216, 0.98039216: 1.0), (0.9843137, 0.9843137: 1.0), (0.9882353, 0.9882353: 1.0), (0.99215686, 0.99215686: 1.0), (0.99607843, 0.99607843: 1.0), (1.0, 1.0: 1.0), (1.0039215, 1.0039215: 1.0), (1.0078431, 1.0078431: 1.0), (1.0117646, 1.0117646: 1.0), (1.0156863, 1.0156863: 1.0), (1.0196078, 1.0196078: 1.0), (1.0235294, 1.0235294: 1.0), (1.0274509, 1.0274509: 1.0), (1.0313725, 1.0313725: 1.0), (1.035294, 1.035294: 1.0), (1.0392157, 1.0392157: 1.0), (1.0431372, 1.0431372: 1.0), (1.0470588, 1.0470588: 1.0), (1.0509804, 1.0509804: 1.0), (1.054902, 1.054902: 1.0), (1.0588236, 1.0588236: 1.0), (1.0627451, 1.0627451: 1.0), (1.0666667, 1.0666667: 1.0), (1.0705882, 1.0705882: 1.0), (1.0745099, 1.0745099: 1.0), (1.0784314, 1.0784314: 1.0), (1.082353, 1.082353: 1.0), (1.0862745, 1.0862745: 1.0), (1.0901961, 1.0901961: 1.0), (1.0941176, 1.0941176: 1.0), (1.0980393, 1.0980393: 1.0), (1.1019608, 1.1019608: 1.0), (1.1058824, 1.1058824: 1.0), (1.1098039, 1.1098039: 1.0), (1.1137255, 1.1137255: 1.0), (1.117647, 1.117647: 1.0), (1.1215687, 1.1215687: 1.0), (1.1254902, 1.1254902: 1.0), (1.1294118, 1.1294118: 1.0), (1.1333333, 1.1333333: 1.0), (1.137255, 1.137255: 1.0), (1.1411765, 1.1411765: 1.0), (1.1450981, 1.1450981: 1.0), (1.1490196, 1.1490196: 1.0), (1.1529412, 1.1529412: 1.0), (1.1568627, 1.1568627: 1.0), (1.1607844, 1.1607844: 1.0), (1.1647059, 1.1647059: 1.0), (1.1686274, 1.1686274: 1.0), (1.172549, 1.172549: 1.0), (1.1764705, 1.1764705: 1.0), (1.1803921, 1.1803921: 1.0), (1.1843137, 1.1843137: 1.0), (1.1882353, 1.1882353: 1.0), (1.1921568, 1.1921568: 1.0), (1.1960784, 1.1960784: 1.0), (1.1999999, 1.1999999: 1.0), (1.2039216, 1.2039216: 1.0), (1.2078431, 1.2078431: 1.0), (1.2117647, 1.2117647: 1.0), (1.2156862, 1.2156862: 1.0), (1.2196078, 1.2196078: 1.0), (1.2235293, 1.2235293: 1.0), (1.227451, 1.227451: 1.0), (1.2313725, 1.2313725: 1.0), (1.2352941, 1.2352941: 1.0), (1.2392157, 1.2392157: 1.0), (1.2431374, 1.2431374: 1.0), (1.2470589, 1.2470589: 1.0), (1.2509805, 1.2509805: 1.0), (1.254902, 1.254902: 1.0), (1.2588236, 1.2588236: 1.0), (1.2627451, 1.2627451: 1.0), (1.2666668, 1.2666668: 1.0), (1.2705883, 1.2705883: 1.0), (1.2745098, 1.2745098: 1.0), (1.2784314, 1.2784314: 1.0), (1.2823529, 1.2823529: 1.0), (1.2862746, 1.2862746: 1.0), (1.2901961, 1.2901961: 1.0), (1.2941177, 1.2941177: 1.0), (1.2980392, 1.2980392: 1.0), (1.3019608, 1.3019608: 1.0), (1.3058823, 1.3058823: 1.0), (1.309804, 1.309804: 1.0), (1.3137255, 1.3137255: 1.0), (1.3176471, 1.3176471: 1.0), (1.3215686, 1.3215686: 1.0), (1.3254902, 1.3254902: 1.0), (1.3294117, 1.3294117: 1.0), (1.3333334, 1.3333334: 1.0), (1.3372549, 1.3372549: 1.0), (1.3411765, 1.3411765: 1.0), (1.345098, 1.345098: 1.0), (1.3490196, 1.3490196: 1.0), (1.3529412, 1.3529412: 1.0), (1.3568628, 1.3568628: 1.0), (1.3607843, 1.3607843: 1.0), (1.3647059, 1.3647059: 1.0), (1.3686274, 1.3686274: 1.0), (1.372549, 1.372549: 1.0), (1.3764706, 1.3764706: 1.0), (1.3803921, 1.3803921: 1.0), (1.3843137, 1.3843137: 1.0), (1.3882352, 1.3882352: 1.0), (1.3921568, 1.3921568: 1.0), (1.3960783, 1.3960783: 1.0), (1.4, 1.4: 1.0), (1.4039215, 1.4039215: 1.0), (1.4078431, 1.4078431: 1.0), (1.4117646, 1.4117646: 1.0), (1.4156862, 1.4156862: 1.0), (1.4196078, 1.4196078: 1.0), (1.4235294, 1.4235294: 1.0), (1.4274509, 1.4274509: 1.0), (1.4313726, 1.4313726: 1.0), (1.4352942, 1.4352942: 1.0), (1.4392158, 1.4392158: 1.0), (1.4431373, 1.4431373: 1.0), (1.4470589, 1.4470589: 1.0), (1.4509804, 1.4509804: 1.0), (1.454902, 1.454902: 1.0), (1.4588236, 1.4588236: 1.0), (1.4627452, 1.4627452: 1.0), (1.4666667, 1.4666667: 1.0), (1.4705883, 1.4705883: 1.0), (1.4745098, 1.4745098: 1.0), (1.4784315, 1.4784315: 1.0), (1.482353, 1.482353: 1.0), (1.4862745, 1.4862745: 1.0), (1.4901961, 1.4901961: 1.0), (1.4941176, 1.4941176: 1.0), (1.4980392, 1.4980392: 1.0), (1.5019608, 1.5019608: 1.0), (1.5058824, 1.5058824: 1.0), (1.5098039, 1.5098039: 1.0), (1.5137255, 1.5137255: 1.0), (1.517647, 1.517647: 1.0), (1.5215687, 1.5215687: 1.0), (1.5254902, 1.5254902: 1.0), (1.5294118, 1.5294118: 1.0), (1.5333333, 1.5333333: 1.0), (1.5372549, 1.5372549: 1.0), (1.5411764, 1.5411764: 1.0), (1.5450981, 1.5450981: 1.0), (1.5490196, 1.5490196: 1.0), (1.5529412, 1.5529412: 1.0), (1.5568627, 1.5568627: 1.0), (1.5607843, 1.5607843: 1.0), (1.5647058, 1.5647058: 1.0), (1.5686275, 1.5686275: 1.0), (1.572549, 1.572549: 1.0), (1.5764706, 1.5764706: 1.0), (1.5803921, 1.5803921: 1.0), (1.5843138, 1.5843138: 1.0), (1.5882353, 1.5882353: 1.0), (1.5921568, 1.5921568: 1.0), (1.5960784, 1.5960784: 1.0), (1.5999999, 1.5999999: 1.0), (1.6039215, 1.6039215: 1.0), (1.607843, 1.607843: 1.0), (1.6117647, 1.6117647: 1.0), (1.6156862, 1.6156862: 1.0), (1.6196078, 1.6196078: 1.0), (1.6235294, 1.6235294: 1.0), (1.6274511, 1.6274511: 1.0), (1.6313726, 1.6313726: 1.0), (1.6352942, 1.6352942: 1.0), (1.6392157, 1.6392157: 1.0), (1.6431373, 1.6431373: 1.0), (1.6470588, 1.6470588: 1.0), (1.6509805, 1.6509805: 1.0), (1.654902, 1.654902: 1.0), (1.6588236, 1.6588236: 1.0), (1.6627451, 1.6627451: 1.0), (1.6666667, 1.6666667: 1.0), (1.6705883, 1.6705883: 1.0), (1.6745099, 1.6745099: 1.0), (1.6784314, 1.6784314: 1.0), (1.682353, 1.682353: 1.0), (1.6862745, 1.6862745: 1.0), (1.6901962, 1.6901962: 1.0), (1.6941177, 1.6941177: 1.0), (1.6980392, 1.6980392: 1.0), (1.7019608, 1.7019608: 1.0), (1.7058823, 1.7058823: 1.0), (1.7098039, 1.7098039: 1.0), (1.7137254, 1.7137254: 1.0), (1.7176471, 1.7176471: 1.0), (1.7215686, 1.7215686: 1.0), (1.7254902, 1.7254902: 1.0), (1.7294117, 1.7294117: 1.0), (1.7333333, 1.7333333: 1.0), (1.7372549, 1.7372549: 1.0), (1.7411765, 1.7411765: 1.0), (1.745098, 1.745098: 1.0), (1.7490196, 1.7490196: 1.0), (1.7529411, 1.7529411: 1.0), (1.7568628, 1.7568628: 1.0), (1.7607843, 1.7607843: 1.0), (1.7647059, 1.7647059: 1.0), (1.7686274, 1.7686274: 1.0), (1.772549, 1.772549: 1.0), (1.7764705, 1.7764705: 1.0), (1.7803922, 1.7803922: 1.0), (1.7843137, 1.7843137: 1.0), (1.7882353, 1.7882353: 1.0), (1.7921568, 1.7921568: 1.0), (1.7960784, 1.7960784: 1.0), (1.8, 1.8: 1.0), (1.8039216, 1.8039216: 1.0), (1.8078431, 1.8078431: 1.0), (1.8117647, 1.8117647: 1.0), (1.8156863, 1.8156863: 1.0), (1.8196079, 1.8196079: 1.0), (1.8235295, 1.8235295: 1.0), (1.827451, 1.827451: 1.0), (1.8313726, 1.8313726: 1.0), (1.8352941, 1.8352941: 1.0), (1.8392158, 1.8392158: 1.0), (1.8431373, 1.8431373: 1.0), (1.8470589, 1.8470589: 1.0), (1.8509804, 1.8509804: 1.0), (1.854902, 1.854902: 1.0), (1.8588235, 1.8588235: 1.0), (1.8627452, 1.8627452: 1.0), (1.8666667, 1.8666667: 1.0), (1.8705883, 1.8705883: 1.0), (1.8745098, 1.8745098: 1.0), (1.8784314, 1.8784314: 1.0), (1.882353, 1.882353: 1.0), (1.8862746, 1.8862746: 1.0), (1.8901961, 1.8901961: 1.0), (1.8941177, 1.8941177: 1.0), (1.8980392, 1.8980392: 1.0), (1.9019608, 1.9019608: 1.0), (1.9058824, 1.9058824: 1.0)]}, mBacklightToBrightnessSpline=MonotoneCubicSpline{[(0.0, 0.0: 1.0), (0.0039215684, 0.0039215684: 1.0), (0.007843137, 0.007843137: 1.0), (0.011764706, 0.011764706: 1.0), (0.015686274, 0.015686274: 1.0), (0.019607844, 0.019607844: 1.0), (0.023529412, 0.023529412: 1.0), (0.02745098, 0.02745098: 1.0), (0.031372547, 0.031372547: 1.0), (0.03529412, 0.03529412: 1.0), (0.039215688, 0.039215688: 1.0), (0.043137252, 0.043137252: 1.0), (0.047058824, 0.047058824: 1.0), (0.050980393, 0.050980393: 1.0), (0.05490196, 0.05490196: 1.0), (0.05882353, 0.05882353: 1.0), (0.062745094, 0.062745094: 1.0), (0.06666667, 0.06666667: 1.0), (0.07058824, 0.07058824: 1.0), (0.0745098, 0.0745098: 1.0), (0.078431375, 0.078431375: 1.0), (0.08235294, 0.08235294: 1.0), (0.086274505, 0.086274505: 1.0), (0.09019608, 0.09019608: 1.0), (0.09411765, 0.09411765: 1.0), (0.09803922, 0.09803922: 1.0), (0.101960786, 0.101960786: 1.0), (0.105882354, 0.105882354: 1.0), (0.10980392, 0.10980392: 1.0), (0.11372549, 0.11372549: 1.0), (0.11764706, 0.11764706: 1.0), (0.12156863, 0.12156863: 1.0), (0.12549019, 0.12549019: 1.0), (0.12941176, 0.12941176: 1.0), (0.13333334, 0.13333334: 1.0), (0.13725491, 0.13725491: 1.0), (0.14117648, 0.14117648: 1.0), (0.14509805, 0.14509805: 1.0), (0.1490196, 0.1490196: 1.0), (0.15294117, 0.15294117: 1.0), (0.15686275, 0.15686275: 1.0), (0.16078432, 0.16078432: 1.0), (0.16470589, 0.16470589: 1.0), (0.16862746, 0.16862746: 1.0), (0.17254901, 0.17254901: 1.0), (0.17647058, 0.17647058: 1.0), (0.18039216, 0.18039216: 1.0), (0.18431373, 0.18431373: 1.0), (0.1882353, 0.1882353: 1.0), (0.19215687, 0.19215687: 1.0), (0.19607843, 0.19607843: 1.0), (0.19999999, 0.19999999: 1.0), (0.20392157, 0.20392157: 1.0), (0.20784314, 0.20784314: 1.0), (0.21176471, 0.21176471: 1.0), (0.21568628, 0.21568628: 1.0), (0.21960784, 0.21960784: 1.0), (0.22352941, 0.22352941: 1.0), (0.22745098, 0.22745098: 1.0), (0.23137255, 0.23137255: 1.0), (0.23529412, 0.23529412: 1.0), (0.23921569, 0.23921569: 1.0), (0.24313726, 0.24313726: 1.0), (0.24705882, 0.24705882: 1.0), (0.25098038, 0.25098038: 1.0), (0.25490195, 0.25490195: 1.0), (0.2588235, 0.2588235: 1.0), (0.2627451, 0.2627451: 1.0), (0.26666668, 0.26666668: 1.0), (0.27058825, 0.27058825: 1.0), (0.27450982, 0.27450982: 1.0), (0.2784314, 0.2784314: 1.0), (0.28235295, 0.28235295: 1.0), (0.28627452, 0.28627452: 1.0), (0.2901961, 0.2901961: 1.0), (0.29411763, 0.29411763: 1.0), (0.2980392, 0.2980392: 1.0), (0.30196077, 0.30196077: 1.0), (0.30588233, 0.30588233: 1.0), (0.30980393, 0.30980393: 1.0), (0.3137255, 0.3137255: 1.0), (0.31764707, 0.31764707: 1.0), (0.32156864, 0.32156864: 1.0), (0.3254902, 0.3254902: 1.0), (0.32941177, 0.32941177: 1.0), (0.33333334, 0.33333334: 1.0), (0.3372549, 0.3372549: 1.0), (0.34117648, 0.34117648: 1.0), (0.34509802, 0.34509802: 1.0), (0.3490196, 0.3490196: 1.0), (0.35294116, 0.35294116: 1.0), (0.35686272, 0.35686272: 1.0), (0.36078432, 0.36078432: 1.0), (0.3647059, 0.3647059: 1.0), (0.36862746, 0.36862746: 1.0), (0.37254903, 0.37254903: 1.0), (0.3764706, 0.3764706: 1.0), (0.38039216, 0.38039216: 1.0), (0.38431373, 0.38431373: 1.0), (0.3882353, 0.3882353: 1.0), (0.39215687, 0.39215687: 1.0), (0.39607844, 0.39607844: 1.0), (0.39999998, 0.39999998: 1.0), (0.40392154, 0.40392154: 1.0), (0.40784314, 0.40784314: 1.0), (0.4117647, 0.4117647: 1.0), (0.41568628, 0.41568628: 1.0), (0.41960785, 0.41960785: 1.0), (0.42352942, 0.42352942: 1.0), (0.42745098, 0.42745098: 1.0), (0.43137255, 0.43137255: 1.0), (0.43529412, 0.43529412: 1.0), (0.4392157, 0.4392157: 1.0), (0.44313726, 0.44313726: 1.0), (0.44705883, 0.44705883: 1.0), (0.4509804, 0.4509804: 1.0), (0.45490196, 0.45490196: 1.0), (0.45882353, 0.45882353: 1.0), (0.4627451, 0.4627451: 1.0), (0.46666667, 0.46666667: 1.0), (0.47058824, 0.47058824: 1.0), (0.4745098, 0.4745098: 1.0), (0.47843137, 0.47843137: 1.0), (0.48235294, 0.48235294: 1.0), (0.4862745, 0.4862745: 1.0), (0.49019608, 0.49019608: 1.0), (0.49411765, 0.49411765: 1.0), (0.49803922, 0.49803922: 1.0), (0.50196075, 0.50196075: 1.0), (0.5058823, 0.5058823: 1.0), (0.5098039, 0.5098039: 1.0), (0.51372546, 0.51372546: 1.0), (0.517647, 0.517647: 1.0), (0.5215686, 0.5215686: 1.0), (0.5254902, 0.5254902: 1.0), (0.5294118, 0.5294118: 1.0), (0.53333336, 0.53333336: 1.0), (0.5372549, 0.5372549: 1.0), (0.5411765, 0.5411765: 1.0), (0.54509807, 0.54509807: 1.0), (0.54901963, 0.54901963: 1.0), (0.5529412, 0.5529412: 1.0), (0.5568628, 0.5568628: 1.0), (0.56078434, 0.56078434: 1.0), (0.5647059, 0.5647059: 1.0), (0.5686275, 0.5686275: 1.0), (0.57254905, 0.57254905: 1.0), (0.5764706, 0.5764706: 1.0), (0.5803922, 0.5803922: 1.0), (0.5843137, 0.5843137: 1.0), (0.58823526, 0.58823526: 1.0), (0.5921568, 0.5921568: 1.0), (0.5960784, 0.5960784: 1.0), (0.59999996, 0.59999996: 1.0), (0.60392153, 0.60392153: 1.0), (0.6078431, 0.6078431: 1.0), (0.61176467, 0.61176467: 1.0), (0.61568624, 0.61568624: 1.0), (0.61960787, 0.61960787: 1.0), (0.62352943, 0.62352943: 1.0), (0.627451, 0.627451: 1.0), (0.6313726, 0.6313726: 1.0), (0.63529414, 0.63529414: 1.0), (0.6392157, 0.6392157: 1.0), (0.6431373, 0.6431373: 1.0), (0.64705884, 0.64705884: 1.0), (0.6509804, 0.6509804: 1.0), (0.654902, 0.654902: 1.0), (0.65882355, 0.65882355: 1.0), (0.6627451, 0.6627451: 1.0), (0.6666667, 0.6666667: 1.0), (0.67058825, 0.67058825: 1.0), (0.6745098, 0.6745098: 1.0), (0.6784314, 0.6784314: 1.0), (0.68235296, 0.68235296: 1.0), (0.6862745, 0.6862745: 1.0), (0.69019604, 0.69019604: 1.0), (0.6941176, 0.6941176: 1.0), (0.6980392, 0.6980392: 1.0), (0.70196074, 0.70196074: 1.0), (0.7058823, 0.7058823: 1.0), (0.7098039, 0.7098039: 1.0), (0.71372545, 0.71372545: 1.0), (0.7176471, 0.7176471: 1.0), (0.72156864, 0.72156864: 1.0), (0.7254902, 0.7254902: 1.0), (0.7294118, 0.7294118: 1.0), (0.73333335, 0.73333335: 1.0), (0.7372549, 0.7372549: 1.0), (0.7411765, 0.7411765: 1.0), (0.74509805, 0.74509805: 1.0), (0.7490196, 0.7490196: 1.0), (0.7529412, 0.7529412: 1.0), (0.75686276, 0.75686276: 1.0), (0.7607843, 0.7607843: 1.0), (0.7647059, 0.7647059: 1.0), (0.76862746, 0.76862746: 1.0), (0.77254903, 0.77254903: 1.0), (0.7764706, 0.7764706: 1.0), (0.78039217, 0.78039217: 1.0), (0.78431374, 0.78431374: 1.0), (0.7882353, 0.7882353: 1.0), (0.7921569, 0.7921569: 1.0), (0.7960784, 0.7960784: 1.0), (0.79999995, 0.79999995: 1.0), (0.8039215, 0.8039215: 1.0), (0.8078431, 0.8078431: 1.0), (0.8117647, 0.8117647: 1.0), (0.8156863, 0.8156863: 1.0), (0.81960785, 0.81960785: 1.0), (0.8235294, 0.8235294: 1.0), (0.827451, 0.827451: 1.0), (0.83137256, 0.83137256: 1.0), (0.8352941, 0.8352941: 1.0), (0.8392157, 0.8392157: 1.0), (0.84313726, 0.84313726: 1.0), (0.84705883, 0.84705883: 1.0), (0.8509804, 0.8509804: 1.0), (0.85490197, 0.85490197: 1.0), (0.85882354, 0.85882354: 1.0), (0.8627451, 0.8627451: 1.0), (0.8666667, 0.8666667: 1.0), (0.87058824, 0.87058824: 1.0), (0.8745098, 0.8745098: 1.0), (0.8784314, 0.8784314: 1.0), (0.88235295, 0.88235295: 1.0), (0.8862745, 0.8862745: 1.0), (0.8901961, 0.8901961: 1.0), (0.89411765, 0.89411765: 1.0), (0.8980392, 0.8980392: 1.0), (0.9019608, 0.9019608: 1.0), (0.90588236, 0.90588236: 1.0), (0.9098039, 0.9098039: 1.0), (0.9137255, 0.9137255: 1.0), (0.91764706, 0.91764706: 1.0), (0.92156863, 0.92156863: 1.0), (0.9254902, 0.9254902: 1.0), (0.92941177, 0.92941177: 1.0), (0.93333334, 0.93333334: 1.0), (0.9372549, 0.9372549: 1.0), (0.9411765, 0.9411765: 1.0), (0.94509804, 0.94509804: 1.0), (0.9490196, 0.9490196: 1.0), (0.9529412, 0.9529412: 1.0), (0.95686275, 0.95686275: 1.0), (0.9607843, 0.9607843: 1.0), (0.9647059, 0.9647059: 1.0), (0.96862745, 0.96862745: 1.0), (0.972549, 0.972549: 1.0), (0.9764706, 0.9764706: 1.0), (0.98039216, 0.98039216: 1.0), (0.9843137, 0.9843137: 1.0), (0.9882353, 0.9882353: 1.0), (0.99215686, 0.99215686: 1.0), (0.99607843, 0.99607843: 1.0), (1.0, 1.0: 1.0), (1.0039215, 1.0039215: 1.0), (1.0078431, 1.0078431: 1.0), (1.0117646, 1.0117646: 1.0), (1.0156863, 1.0156863: 1.0), (1.0196078, 1.0196078: 1.0), (1.0235294, 1.0235294: 1.0), (1.0274509, 1.0274509: 1.0), (1.0313725, 1.0313725: 1.0), (1.035294, 1.035294: 1.0), (1.0392157, 1.0392157: 1.0), (1.0431372, 1.0431372: 1.0), (1.0470588, 1.0470588: 1.0), (1.0509804, 1.0509804: 1.0), (1.054902, 1.054902: 1.0), (1.0588236, 1.0588236: 1.0), (1.0627451, 1.0627451: 1.0), (1.0666667, 1.0666667: 1.0), (1.0705882, 1.0705882: 1.0), (1.0745099, 1.0745099: 1.0), (1.0784314, 1.0784314: 1.0), (1.082353, 1.082353: 1.0), (1.0862745, 1.0862745: 1.0), (1.0901961, 1.0901961: 1.0), (1.0941176, 1.0941176: 1.0), (1.0980393, 1.0980393: 1.0), (1.1019608, 1.1019608: 1.0), (1.1058824, 1.1058824: 1.0), (1.1098039, 1.1098039: 1.0), (1.1137255, 1.1137255: 1.0), (1.117647, 1.117647: 1.0), (1.1215687, 1.1215687: 1.0), (1.1254902, 1.1254902: 1.0), (1.1294118, 1.1294118: 1.0), (1.1333333, 1.1333333: 1.0), (1.137255, 1.137255: 1.0), (1.1411765, 1.1411765: 1.0), (1.1450981, 1.1450981: 1.0), (1.1490196, 1.1490196: 1.0), (1.1529412, 1.1529412: 1.0), (1.1568627, 1.1568627: 1.0), (1.1607844, 1.1607844: 1.0), (1.1647059, 1.1647059: 1.0), (1.1686274, 1.1686274: 1.0), (1.172549, 1.172549: 1.0), (1.1764705, 1.1764705: 1.0), (1.1803921, 1.1803921: 1.0), (1.1843137, 1.1843137: 1.0), (1.1882353, 1.1882353: 1.0), (1.1921568, 1.1921568: 1.0), (1.1960784, 1.1960784: 1.0), (1.1999999, 1.1999999: 1.0), (1.2039216, 1.2039216: 1.0), (1.2078431, 1.2078431: 1.0), (1.2117647, 1.2117647: 1.0), (1.2156862, 1.2156862: 1.0), (1.2196078, 1.2196078: 1.0), (1.2235293, 1.2235293: 1.0), (1.227451, 1.227451: 1.0), (1.2313725, 1.2313725: 1.0), (1.2352941, 1.2352941: 1.0), (1.2392157, 1.2392157: 1.0), (1.2431374, 1.2431374: 1.0), (1.2470589, 1.2470589: 1.0), (1.2509805, 1.2509805: 1.0), (1.254902, 1.254902: 1.0), (1.2588236, 1.2588236: 1.0), (1.2627451, 1.2627451: 1.0), (1.2666668, 1.2666668: 1.0), (1.2705883, 1.2705883: 1.0), (1.2745098, 1.2745098: 1.0), (1.2784314, 1.2784314: 1.0), (1.2823529, 1.2823529: 1.0), (1.2862746, 1.2862746: 1.0), (1.2901961, 1.2901961: 1.0), (1.2941177, 1.2941177: 1.0), (1.2980392, 1.2980392: 1.0), (1.3019608, 1.3019608: 1.0), (1.3058823, 1.3058823: 1.0), (1.309804, 1.309804: 1.0), (1.3137255, 1.3137255: 1.0), (1.3176471, 1.3176471: 1.0), (1.3215686, 1.3215686: 1.0), (1.3254902, 1.3254902: 1.0), (1.3294117, 1.3294117: 1.0), (1.3333334, 1.3333334: 1.0), (1.3372549, 1.3372549: 1.0), (1.3411765, 1.3411765: 1.0), (1.345098, 1.345098: 1.0), (1.3490196, 1.3490196: 1.0), (1.3529412, 1.3529412: 1.0), (1.3568628, 1.3568628: 1.0), (1.3607843, 1.3607843: 1.0), (1.3647059, 1.3647059: 1.0), (1.3686274, 1.3686274: 1.0), (1.372549, 1.372549: 1.0), (1.3764706, 1.3764706: 1.0), (1.3803921, 1.3803921: 1.0), (1.3843137, 1.3843137: 1.0), (1.3882352, 1.3882352: 1.0), (1.3921568, 1.3921568: 1.0), (1.3960783, 1.3960783: 1.0), (1.4, 1.4: 1.0), (1.4039215, 1.4039215: 1.0), (1.4078431, 1.4078431: 1.0), (1.4117646, 1.4117646: 1.0), (1.4156862, 1.4156862: 1.0), (1.4196078, 1.4196078: 1.0), (1.4235294, 1.4235294: 1.0), (1.4274509, 1.4274509: 1.0), (1.4313726, 1.4313726: 1.0), (1.4352942, 1.4352942: 1.0), (1.4392158, 1.4392158: 1.0), (1.4431373, 1.4431373: 1.0), (1.4470589, 1.4470589: 1.0), (1.4509804, 1.4509804: 1.0), (1.454902, 1.454902: 1.0), (1.4588236, 1.4588236: 1.0), (1.4627452, 1.4627452: 1.0), (1.4666667, 1.4666667: 1.0), (1.4705883, 1.4705883: 1.0), (1.4745098, 1.4745098: 1.0), (1.4784315, 1.4784315: 1.0), (1.482353, 1.482353: 1.0), (1.4862745, 1.4862745: 1.0), (1.4901961, 1.4901961: 1.0), (1.4941176, 1.4941176: 1.0), (1.4980392, 1.4980392: 1.0), (1.5019608, 1.5019608: 1.0), (1.5058824, 1.5058824: 1.0), (1.5098039, 1.5098039: 1.0), (1.5137255, 1.5137255: 1.0), (1.517647, 1.517647: 1.0), (1.5215687, 1.5215687: 1.0), (1.5254902, 1.5254902: 1.0), (1.5294118, 1.5294118: 1.0), (1.5333333, 1.5333333: 1.0), (1.5372549, 1.5372549: 1.0), (1.5411764, 1.5411764: 1.0), (1.5450981, 1.5450981: 1.0), (1.5490196, 1.5490196: 1.0), (1.5529412, 1.5529412: 1.0), (1.5568627, 1.5568627: 1.0), (1.5607843, 1.5607843: 1.0), (1.5647058, 1.5647058: 1.0), (1.5686275, 1.5686275: 1.0), (1.572549, 1.572549: 1.0), (1.5764706, 1.5764706: 1.0), (1.5803921, 1.5803921: 1.0), (1.5843138, 1.5843138: 1.0), (1.5882353, 1.5882353: 1.0), (1.5921568, 1.5921568: 1.0), (1.5960784, 1.5960784: 1.0), (1.5999999, 1.5999999: 1.0), (1.6039215, 1.6039215: 1.0), (1.607843, 1.607843: 1.0), (1.6117647, 1.6117647: 1.0), (1.6156862, 1.6156862: 1.0), (1.6196078, 1.6196078: 1.0), (1.6235294, 1.6235294: 1.0), (1.6274511, 1.6274511: 1.0), (1.6313726, 1.6313726: 1.0), (1.6352942, 1.6352942: 1.0), (1.6392157, 1.6392157: 1.0), (1.6431373, 1.6431373: 1.0), (1.6470588, 1.6470588: 1.0), (1.6509805, 1.6509805: 1.0), (1.654902, 1.654902: 1.0), (1.6588236, 1.6588236: 1.0), (1.6627451, 1.6627451: 1.0), (1.6666667, 1.6666667: 1.0), (1.6705883, 1.6705883: 1.0), (1.6745099, 1.6745099: 1.0), (1.6784314, 1.6784314: 1.0), (1.682353, 1.682353: 1.0), (1.6862745, 1.6862745: 1.0), (1.6901962, 1.6901962: 1.0), (1.6941177, 1.6941177: 1.0), (1.6980392, 1.6980392: 1.0), (1.7019608, 1.7019608: 1.0), (1.7058823, 1.7058823: 1.0), (1.7098039, 1.7098039: 1.0), (1.7137254, 1.7137254: 1.0), (1.7176471, 1.7176471: 1.0), (1.7215686, 1.7215686: 1.0), (1.7254902, 1.7254902: 1.0), (1.7294117, 1.7294117: 1.0), (1.7333333, 1.7333333: 1.0), (1.7372549, 1.7372549: 1.0), (1.7411765, 1.7411765: 1.0), (1.745098, 1.745098: 1.0), (1.7490196, 1.7490196: 1.0), (1.7529411, 1.7529411: 1.0), (1.7568628, 1.7568628: 1.0), (1.7607843, 1.7607843: 1.0), (1.7647059, 1.7647059: 1.0), (1.7686274, 1.7686274: 1.0), (1.772549, 1.772549: 1.0), (1.7764705, 1.7764705: 1.0), (1.7803922, 1.7803922: 1.0), (1.7843137, 1.7843137: 1.0), (1.7882353, 1.7882353: 1.0), (1.7921568, 1.7921568: 1.0), (1.7960784, 1.7960784: 1.0), (1.8, 1.8: 1.0), (1.8039216, 1.8039216: 1.0), (1.8078431, 1.8078431: 1.0), (1.8117647, 1.8117647: 1.0), (1.8156863, 1.8156863: 1.0), (1.8196079, 1.8196079: 1.0), (1.8235295, 1.8235295: 1.0), (1.827451, 1.827451: 1.0), (1.8313726, 1.8313726: 1.0), (1.8352941, 1.8352941: 1.0), (1.8392158, 1.8392158: 1.0), (1.8431373, 1.8431373: 1.0), (1.8470589, 1.8470589: 1.0), (1.8509804, 1.8509804: 1.0), (1.854902, 1.854902: 1.0), (1.8588235, 1.8588235: 1.0), (1.8627452, 1.8627452: 1.0), (1.8666667, 1.8666667: 1.0), (1.8705883, 1.8705883: 1.0), (1.8745098, 1.8745098: 1.0), (1.8784314, 1.8784314: 1.0), (1.882353, 1.882353: 1.0), (1.8862746, 1.8862746: 1.0), (1.8901961, 1.8901961: 1.0), (1.8941177, 1.8941177: 1.0), (1.8980392, 1.8980392: 1.0), (1.9019608, 1.9019608: 1.0), (1.9058824, 1.9058824: 1.0)]}, mNitsToBacklightSpline=MonotoneCubicSpline{[(2.0, 0.0: 0.03921572), (2.1, 0.0039215684: 0.0075626364), (3.2, 0.007843137: 0.0075626383), (3.3, 0.011764706: 0.007562635), (4.4, 0.015686274: 0.0075626364), (4.5, 0.019607844: 0.0075626415), (5.6, 0.023529412: 0.0075626383), (5.7, 0.02745098: 0.00756263), (6.8, 0.031372547: 0.0075626364), (6.9, 0.03529412: 0.010561321), (8.0, 0.039215688: 0.0016868742), (9.2, 0.043137252: 0.0034165177), (10.3, 0.047058824: 0.008318475), (10.6, 0.050980393: 0.00816993), (11.8, 0.05490196: 0.0038126372), (12.7, 0.05882353: 0.004357296), (13.6, 0.062745094: 0.0041394336), (14.6, 0.06666667: 0.003921572), (15.6, 0.07058824: 0.00413943), (16.5, 0.0745098: 0.00396118), (17.6, 0.078431375: 0.003743318), (18.6, 0.08235294: 0.0039215647), (19.6, 0.086274505: 0.0039215684), (20.6, 0.09019608: 0.0037433184), (21.7, 0.09411765: 0.0035650642), (22.8, 0.09803922: 0.0035650642), (23.9, 0.101960786: 0.003565061), (25.0, 0.105882354: 0.003565061), (26.1, 0.10980392: 0.003565061), (27.2, 0.11372549: 0.0035650642), (28.3, 0.11764706: 0.0034165194), (29.5, 0.12156863: 0.0034165129), (30.6, 0.12549019: 0.0034165154), (31.8, 0.12941176: 0.0032679802), (33.0, 0.13333334: 0.0032679779), (34.2, 0.13725491: 0.0032679716), (35.4, 0.14117648: 0.003267977), (36.6, 0.14509805: 0.0032679706), (37.8, 0.1490196: 0.003142276), (39.1, 0.15294117: 0.0031422884), (40.3, 0.15686275: 0.0032679779), (41.5, 0.16078432: 0.0031422824), (42.8, 0.16470589: 0.003016593), (44.1, 0.16862746: 0.003142276), (45.3, 0.17254901: 0.003142276), (46.6, 0.17647058: 0.0030165943), (47.9, 0.18039216: 0.0030165943), (49.2, 0.18431373: 0.003016593), (50.5, 0.1882353: 0.0029088552), (51.9, 0.19215687: 0.0029088552), (53.2, 0.19607843: 0.003016587), (54.5, 0.19999999: 0.0029088547), (55.9, 0.20392157: 0.0029088603), (57.2, 0.20784314: 0.002908859), (58.6, 0.21176471: 0.0029088545), (59.9, 0.21568628: 0.0029088545), (61.3, 0.21960784: 0.0028011212), (62.7, 0.22352941: 0.0028011212), (64.1, 0.22745098: 0.0028011212), (65.5, 0.23137255: 0.0028011173), (66.9, 0.23529412: 0.0028011173), (68.3, 0.23921569: 0.002801125), (69.7, 0.24313726: 0.002801125), (71.1, 0.24705882: 0.002801112), (72.5, 0.25098038: 0.0027077426), (74.0, 0.25490195: 0.0027077482), (75.4, 0.2588235: 0.002707758), (76.9, 0.2627451: 0.002707758), (78.3, 0.26666668: 0.0027077482), (79.8, 0.27058825: 0.002614379), (81.3, 0.27450982: 0.0027077557), (82.7, 0.2784314: 0.0027077557), (84.2, 0.28235295: 0.002614379), (85.7, 0.28627452: 0.002614379), (87.2, 0.2901961: 0.0026143692), (88.7, 0.29411763: 0.0026143692), (90.2, 0.2980392: 0.002614379), (91.7, 0.30196077: 0.002614379), (93.2, 0.30588233: 0.0025326842), (94.8, 0.30980393: 0.0025326842), (96.3, 0.3137255: 0.002614379), (97.8, 0.31764707: 0.0025326808), (99.4, 0.32156864: 0.0025326808), (100.9, 0.3254902: 0.0025326808), (102.5, 0.32941177: 0.0025326808), (104.0, 0.33333334: 0.0025326808), (105.6, 0.3372549: 0.0025326808), (107.1, 0.34117648: 0.0025326714), (108.7, 0.34509802: 0.0024509674), (110.3, 0.3490196: 0.0024509768), (111.9, 0.35294116: 0.0024509826), (113.5, 0.35686272: 0.002450992), (115.1, 0.36078432: 0.002450992), (116.7, 0.3647059: 0.0024509768), (118.3, 0.36862746: 0.0024509768), (119.9, 0.37254903: 0.0024509826), (121.5, 0.3764706: 0.0024509826), (123.1, 0.38039216: 0.0024509826), (124.7, 0.38431373: 0.0023788908), (126.4, 0.3882353: 0.0023788908), (128.0, 0.39215687: 0.0023788959), (129.7, 0.39607844: 0.0023788807), (131.3, 0.39999998: 0.0023788807), (133.0, 0.40392154: 0.0023788994), (134.6, 0.40784314: 0.0023788994), (136.3, 0.4117647: 0.0023789017), (137.9, 0.41568628: 0.0023788912), (139.6, 0.41960785: 0.002306799), (141.3, 0.42352942: 0.0023068092), (143.0, 0.42745098: 0.00237889), (144.6, 0.43137255: 0.00237889), (146.3, 0.43529412: 0.0023068092), (148.0, 0.4392157: 0.0023068092), (149.7, 0.44313726: 0.0023068092), (151.4, 0.44705883: 0.002306799), (153.1, 0.4509804: 0.002306799), (154.8, 0.45490196: 0.0023068092), (156.5, 0.45882353: 0.0022427272), (158.3, 0.4627451: 0.0022427272), (160.0, 0.46666667: 0.0023068092), (161.7, 0.47058824: 0.0022427272), (163.5, 0.4745098: 0.0022427272), (165.2, 0.47843137: 0.0023068092), (166.9, 0.48235294: 0.0022427272), (168.7, 0.4862745: 0.0022427272), (170.4, 0.49019608: 0.0022427272), (172.2, 0.49411765: 0.0022427272), (173.9, 0.49803922: 0.002242719), (175.7, 0.50196075: 0.0021786373), (177.5, 0.5058823: 0.0022427272), (179.2, 0.5098039: 0.0022427272), (181.0, 0.51372546: 0.0021786455), (182.8, 0.517647: 0.0021786455), (184.6, 0.5215686: 0.0021786713), (186.4, 0.5254902: 0.0022427426), (188.1, 0.5294118: 0.0022427263), (189.9, 0.53333336: 0.0021786545), (191.7, 0.5372549: 0.0021786455), (193.5, 0.5411765: 0.0021786455), (195.3, 0.54509807: 0.0021213177), (197.2, 0.54901963: 0.0021213177), (199.0, 0.5529412: 0.0021786455), (200.8, 0.5568628: 0.0021786455), (202.6, 0.56078434: 0.0021786545), (204.4, 0.5647059: 0.0021213186), (206.3, 0.5686275: 0.0021213093), (208.1, 0.57254905: 0.0021786545), (209.9, 0.5764706: 0.0021213186), (211.8, 0.5803922: 0.002121293), (213.6, 0.5843137: 0.0021213014), (215.5, 0.58823526: 0.0021213177), (217.3, 0.5921568: 0.0021213177), (219.2, 0.5960784: 0.0021213177), (221.0, 0.59999996: 0.0021213177), (222.9, 0.60392153: 0.0020639817), (224.8, 0.6078431: 0.0021213093), (226.6, 0.61176467: 0.0021213177), (228.5, 0.61568624: 0.0020640057), (230.4, 0.61960787: 0.0020639973), (232.3, 0.62352943: 0.0020639817), (234.2, 0.627451: 0.0021213177), (236.0, 0.6313726: 0.0021213177), (237.9, 0.63529414: 0.0020639817), (239.8, 0.6392157: 0.0020639817), (241.7, 0.6431373: 0.0020639817), (243.6, 0.64705884: 0.0020639817), (245.5, 0.6509804: 0.00206399), (247.4, 0.654902: 0.0020123872), (249.4, 0.65882355: 0.0020123788), (251.3, 0.6627451: 0.0020639817), (253.2, 0.6666667: 0.0020639817), (255.1, 0.67058825: 0.0020639817), (257.0, 0.6745098: 0.0020123872), (259.0, 0.6784314: 0.0020123872), (260.9, 0.68235296: 0.00206399), (262.8, 0.6862745: 0.0020123722), (264.8, 0.69019604: 0.0020123557), (266.7, 0.6941176: 0.0020123706), (268.7, 0.6980392: 0.0020123872), (270.6, 0.70196074: 0.0020123872), (272.6, 0.7058823: 0.0020123872), (274.5, 0.7098039: 0.0020123872), (276.5, 0.71372545: 0.0020124028), (278.4, 0.7176471: 0.0020124028), (280.4, 0.72156864: 0.0019607842), (282.4, 0.7254902: 0.0019607842), (284.4, 0.7294118: 0.0020123872), (286.3, 0.73333335: 0.0020123872), (288.3, 0.7372549: 0.0019607842), (290.3, 0.7411765: 0.0019607842), (292.3, 0.74509805: 0.0019607842), (294.3, 0.7490196: 0.0020123706), (296.2, 0.7529412: 0.0020123706), (298.2, 0.75686276: 0.0019607842), (300.2, 0.7607843: 0.0019607842), (302.2, 0.7647059: 0.0019607842), (304.2, 0.76862746: 0.0019607842), (306.2, 0.77254903: 0.0019141097), (308.3, 0.7764706: 0.0019141097), (310.3, 0.78039217: 0.0019607842), (312.3, 0.78431374: 0.0019607842), (314.3, 0.7882353: 0.0019607842), (316.3, 0.7921569: 0.0019607693), (318.3, 0.7960784: 0.0019140812), (320.4, 0.79999995: 0.0019140961), (322.4, 0.8039215: 0.0019607842), (324.4, 0.8078431: 0.0019141103), (326.5, 0.8117647: 0.0019141103), (328.5, 0.8156863: 0.0019140961), (330.6, 0.81960785: 0.0019140961), (332.6, 0.8235294: 0.0019140961), (334.7, 0.827451: 0.0019140961), (336.7, 0.83137256: 0.0019141097), (338.8, 0.8352941: 0.0019141097), (340.8, 0.8392157: 0.0019140961), (342.9, 0.84313726: 0.0019140961), (344.9, 0.84705883: 0.0027629132), (346.0, 0.8509804: 0.002716225), (348.1, 0.85490197: 0.001965699), (350.0, 0.85882354: 0.002121327), (351.8, 0.8627451: 0.0022427263), (353.5, 0.8666667: 0.0022427263), (355.3, 0.87058824: 0.0022427263), (357.0, 0.8745098: 0.0021337862), (359.0, 0.8784314: 0.0019607842), (361.0, 0.88235295: 0.0019607842), (363.0, 0.8862745: 0.0019607842), (365.0, 0.8901961: 0.0018329115), (367.3, 0.89411765: 0.0016695044), (369.7, 0.8980392: 0.0016695044), (372.0, 0.9019608: 0.0018329115), (374.0, 0.90588236: 0.0019607842), (376.0, 0.9098039: 0.0019607842), (378.0, 0.9137255: 0.0019607842), (380.0, 0.91764706: 0.002069724), (381.8, 0.92156863: 0.0022427263), (383.5, 0.9254902: 0.0022427263), (385.3, 0.92941177: 0.0022427263), (387.0, 0.93333334: 0.0021337862), (389.0, 0.9372549: 0.0019607842), (391.0, 0.9411765: 0.0019607842), (393.0, 0.94509804: 0.0019607842), (395.0, 0.9490196: 0.0019607842), (397.0, 0.9529412: 0.0019607842), (399.0, 0.95686275: 0.0019607842), (401.0, 0.9607843: 0.0019607842), (403.0, 0.9647059: 0.0018329115), (405.3, 0.96862745: 0.00174378), (407.5, 0.972549: 0.00174378), (409.8, 0.9764706: 0.00174378), (412.0, 0.98039216: 0.002116746), (413.6, 0.9843137: 0.002450971), (415.2, 0.9882353: 0.0024509942), (416.8, 0.99215686: 0.0024509942), (418.4, 0.99607843: 0.002450971), (420.0, 1.0: 3.498856E-4), (444.684, 1.0039215: 3.2362467E-4), (446.423, 1.0078431: 0.0028193127), (447.582, 1.0117646: 0.0028193127), (449.321, 1.0156863: 0.0022557264), (451.059, 1.0196078: 0.0028185342), (452.219, 1.0235294: 0.0028185144), (453.957, 1.0274509: 0.0022557066), (455.696, 1.0313725: 0.0028193127), (456.855, 1.035294: 0.0028193323), (458.594, 1.0392157: 0.002255073), (460.333, 1.0431372: 0.00281933), (461.492, 1.0470588: 0.002819384), (463.231, 1.0509804: 0.002255073), (464.97, 1.054902: 0.00281933), (466.129, 1.0588236: 0.00281933), (467.868, 1.0627451: 0.002255073), (469.607, 1.0666667: 0.0028193323), (470.766, 1.0705882: 0.0028193127), (472.505, 1.0745099: 0.002255073), (474.244, 1.0784314: 0.002819305), (475.403, 1.082353: 0.002819305), (477.142, 1.0862745: 0.002255073), (478.881, 1.0901961: 0.0028193127), (480.04, 1.0941176: 0.0028193323), (481.779, 1.0980393: 0.0022557264), (483.517, 1.1019608: 0.0028185144), (484.677, 1.1058824: 0.0028178808), (486.416, 1.1098039: 0.0022557264), (488.154, 1.1137255: 0.0028184974), (489.314, 1.117647: 0.0028184974), (491.052, 1.1215687: 0.0022557264), (492.791, 1.1254902: 0.002819305), (493.95, 1.1294118: 0.002819305), (495.689, 1.1333333: 0.002255073), (497.428, 1.137255: 0.0028193127), (498.587, 1.1411765: 0.0028193323), (500.326, 1.1450981: 0.002255073), (502.065, 1.1490196: 0.00281933), (503.224, 1.1529412: 0.00281933), (504.963, 1.1568627: 0.002255073), (506.702, 1.1607844: 0.0028193323), (507.861, 1.1647059: 0.0028192783), (509.6, 1.1686274: 0.002255073), (511.339, 1.172549: 0.0028193323), (512.498, 1.1764705: 0.0028193127), (514.237, 1.1803921: 0.0022550533), (515.976, 1.1843137: 0.00281933), (517.135, 1.1882353: 0.00281933), (518.874, 1.1921568: 0.0022557264), (520.612, 1.1960784: 0.0028185616), (521.772, 1.1999999: 0.002818522), (523.51, 1.2039216: 0.0022556868), (525.249, 1.2078431: 0.0028179055), (526.409, 1.2117647: 0.0028185786), (528.147, 1.2156862: 0.0022557264), (529.886, 1.2196078: 0.0028193127), (531.045, 1.2235293: 0.0028193127), (532.784, 1.227451: 0.0022550533), (534.523, 1.2313725: 0.00281933), (535.682, 1.2352941: 0.002819364), (537.421, 1.2392157: 0.002255127), (539.16, 1.2431374: 0.0028193523), (540.319, 1.2470589: 0.0028193127), (542.058, 1.2509805: 0.0022550533), (543.797, 1.254902: 0.00281933), (544.956, 1.2588236: 0.00281933), (546.695, 1.2627451: 0.0022550533), (548.434, 1.2666668: 0.0028193127), (549.593, 1.2705883: 0.0028193179), (551.332, 1.2745098: 0.0022550928), (553.071, 1.2784314: 0.0028193127), (554.23, 1.2823529: 0.0028193127), (555.969, 1.2862746: 0.0022557264), (557.707, 1.2901961: 0.0028184897), (558.867, 1.2941177: 0.0028184897), (560.605, 1.2980392: 0.0022557264), (562.344, 1.3019608: 0.0028193127), (563.503, 1.3058823: 0.0028193127), (565.242, 1.309804: 0.0022550533), (566.981, 1.3137255: 0.00281933), (568.14, 1.3176471: 0.00281933), (569.879, 1.3215686: 0.0022550928), (571.618, 1.3254902: 0.0028193523), (572.777, 1.3294117: 0.0028193127), (574.516, 1.3333334: 0.0022550533), (576.255, 1.3372549: 0.00281933), (577.414, 1.3411765: 0.00281933), (579.153, 1.345098: 0.0022550533), (580.892, 1.3490196: 0.0028193127), (582.051, 1.3529412: 0.0028193523), (583.79, 1.3568628: 0.0022550928), (585.529, 1.3607843: 0.00281933), (586.688, 1.3647059: 0.00281933), (588.427, 1.3686274: 0.0022557264), (590.165, 1.372549: 0.0028184727), (591.325, 1.3764706: 0.0028184382), (593.063, 1.3803921: 0.0022557264), (594.802, 1.3843137: 0.0028178883), (595.962, 1.3882352: 0.002818522), (597.7, 1.3921568: 0.0022556868), (599.439, 1.3960783: 0.00281933), (600.598, 1.4: 0.0028193695), (602.337, 1.4039215: 0.0022550928), (604.076, 1.4078431: 0.0028193127), (605.235, 1.4117646: 0.0028193127), (606.974, 1.4156862: 0.0022550533), (608.713, 1.4196078: 0.00281933), (609.872, 1.4235294: 0.00281933), (611.611, 1.4274509: 0.002255127), (613.35, 1.4313726: 0.0028193863), (614.509, 1.4352942: 0.0028193127), (616.248, 1.4392158: 0.0028193127), (617.407, 1.4431373: 0.0028193127), (619.146, 1.4470589: 0.0022550533), (620.885, 1.4509804: 0.00281933), (622.044, 1.454902: 0.00281933), (623.783, 1.4588236: 0.0022550928), (625.522, 1.4627452: 0.0028192631), (626.681, 1.4666667: 0.0028192631), (628.42, 1.4705883: 0.0022557264), (630.158, 1.4745098: 0.002818539), (631.318, 1.4784315: 0.002818539), (633.056, 1.482353: 0.0022556921), (634.795, 1.4862745: 0.0028178561), (635.955, 1.4901961: 0.0028184897), (637.693, 1.4941176: 0.0022557264), (639.432, 1.4980392: 0.0028193127), (640.591, 1.5019608: 0.0028193127), (642.33, 1.5058824: 0.0022550928), (644.069, 1.5098039: 0.0028192804), (645.228, 1.5137255: 0.0028192804), (646.967, 1.517647: 0.0022550928), (648.706, 1.5215687: 0.0028193127), (649.865, 1.5254902: 0.0028193127), (651.604, 1.5294118: 0.0022550533), (653.343, 1.5333333: 0.00281933), (654.502, 1.5372549: 0.00281933), (656.241, 1.5411764: 0.0022550928), (657.98, 1.5450981: 0.0028193523), (659.139, 1.5490196: 0.0028193127), (660.878, 1.5529412: 0.0022550533), (662.617, 1.5568627: 0.00281933), (663.776, 1.5607843: 0.00281933), (665.515, 1.5647058: 0.0022557264), (667.253, 1.5686275: 0.0028184727), (668.413, 1.572549: 0.0028184727), (670.151, 1.5764706: 0.0022557264), (671.89, 1.5803921: 0.00281933), (673.049, 1.5843138: 0.00281933), (674.788, 1.5882353: 0.0022550586), (676.527, 1.5921568: 0.0028193695), (677.686, 1.5960784: 0.00281933), (679.425, 1.5999999: 0.0022550533), (681.164, 1.6039215: 0.0028193127), (682.323, 1.607843: 0.0028193127), (684.062, 1.6117647: 0.0022550533), (685.801, 1.6156862: 0.00281933), (686.96, 1.6196078: 0.0028194035), (688.699, 1.6235294: 0.002255127), (690.438, 1.6274511: 0.0028193127), (691.597, 1.6313726: 0.0028193127), (693.336, 1.6352942: 0.0022550533), (695.075, 1.6392157: 0.00281933), (696.234, 1.6431373: 0.00281933), (697.973, 1.6470588: 0.0022557264), (699.711, 1.6509805: 0.0028185616), (700.871, 1.654902: 0.002818522), (702.609, 1.6588236: 0.0022556868), (704.348, 1.6627451: 0.0028179055), (705.508, 1.6666667: 0.0028185786), (707.246, 1.6705883: 0.0022557264), (708.985, 1.6745099: 0.0028193127), (710.144, 1.6784314: 0.0028193127), (711.883, 1.682353: 0.0022550533), (713.622, 1.6862745: 0.00281933), (714.781, 1.6901962: 0.00281933), (716.52, 1.6941177: 0.0022550586), (718.259, 1.6980392: 0.0028192804), (719.418, 1.7019608: 0.0028192804), (721.157, 1.7058823: 0.0022550928), (722.896, 1.7098039: 0.0028193127), (724.055, 1.7137254: 0.0028193127), (725.794, 1.7176471: 0.0022550533), (727.533, 1.7215686: 0.00281933), (728.692, 1.7254902: 0.00281933), (730.431, 1.7294117: 0.0022550928), (732.17, 1.7333333: 0.0028193523), (733.329, 1.7372549: 0.0028193127), (735.068, 1.7411765: 0.0022556868), (736.806, 1.745098: 0.002818539), (737.966, 1.7490196: 0.0028185786), (739.704, 1.7529411: 0.0022557264), (741.443, 1.7568628: 0.0028193127), (742.602, 1.7607843: 0.0028193127), (744.341, 1.7647059: 0.0022550533), (746.08, 1.7686274: 0.00281933), (747.239, 1.772549: 0.00281933), (748.978, 1.7764705: 0.0022550928), (750.717, 1.7803922: 0.0028193523), (751.876, 1.7843137: 0.0028193127), (753.615, 1.7882353: 0.0022550533), (755.354, 1.7921568: 0.00281933), (756.513, 1.7960784: 0.00281933), (758.252, 1.8: 0.0022550533), (759.991, 1.8039216: 0.0028193127), (761.15, 1.8078431: 0.0028193523), (762.889, 1.8117647: 0.002255127), (764.628, 1.8156863: 0.0028193127), (765.787, 1.8196079: 0.0028193127), (767.526, 1.8235295: 0.0022557264), (769.264, 1.827451: 0.0028184897), (770.424, 1.8313726: 0.0028178166), (772.163, 1.8352941: 0.0022557264), (773.901, 1.8392158: 0.0028185616), (775.061, 1.8431373: 0.002818522), (776.799, 1.8470589: 0.0022556868), (778.538, 1.8509804: 0.00281933), (779.697, 1.854902: 0.0028193695), (781.436, 1.8588235: 0.0022550928), (783.175, 1.8627452: 0.0028193127), (784.334, 1.8666667: 0.0028193127), (786.073, 1.8705883: 0.0022550533), (787.812, 1.8745098: 0.00281933), (788.971, 1.8784314: 0.00281933), (790.71, 1.882353: 0.0022550928), (792.449, 1.8862746: 0.0028193523), (793.608, 1.8901961: 0.0028193127), (795.347, 1.8941177: 0.0022550533), (797.086, 1.8980392: 0.00281933), (798.245, 1.9019608: 0.002809056), (800.0, 1.9058824: 0.0022344717)]}, mBacklightMinimum=0.0, mBacklightMaximum=1.9058824, mBrightnessDefault=0.5019608, mQuirks=null, isHbmEnabled=true, mHbmData=HBM{minLux: 3000.0, transition: 1.0, timeWindow: 0ms, timeMax: 0ms, timeMin: 0ms, thermalStatusLimit: 0, allowInLowPowerMode: true, minimumHdrPercentOfScreen: 0.5} , mSdrToHdrRatioSpline=null, mBrightnessThrottlingData=null, mBrightnessRampFastDecrease=0.7058823, mBrightnessRampFastIncrease=0.7058823, mBrightnessRampSlowDecrease=0.23529412, mBrightnessRampSlowIncrease=0.23529412, mBrightnessRampDecreaseMaxMillis=0, mBrightnessRampIncreaseMaxMillis=0, mAmbientHorizonLong=2500, mAmbientHorizonShort=600, mScreenDarkeningMinThreshold=0.0, mScreenBrighteningMinThreshold=0.0, mAmbientLuxDarkeningMinThreshold=0.0, mAmbientLuxBrighteningMinThreshold=0.0, mAmbientLightSensor=Sensor{type: , name: , refreshRateRange: [0.0, Infinity]} , mProximitySensor=Sensor{type: , name: , refreshRateRange: [0.0, Infinity]} , mRefreshRateLimitations= [], mDensityMapping= null, mUseSurfaceControlBrightness=false}
    mIsFirstDisplay=true

PrimaryPhysicalDisplayId: 4630947232161729153
InternalPhysicalDisplayId: 4630947232161729153

LogicalDisplayMapper:
  mSingleDisplayDemoMode=false
  mCurrentLayout=[{addr: {port=129, model=0x40446df8ca940a}, dispId: 0(ON)}]
  mDeviceStatesOnWhichToWakeUp={}
  mDeviceStatesOnWhichToSleep={}
  mInteractive=false
  
  Logical Displays: size=1
  Display 0:
    mDisplayId=0
    mPhase=1
    mLayerStack=0
    mHasContent=true
    mDesiredDisplayModeSpecs={baseModeId=1 allowGroupSwitching=false primaryRefreshRateRange=[120 120] appRequestRefreshRateRange=[120 120]}
    mRequestedColorMode=0
    mDisplayOffset=(0, 0)
    mDisplayScalingDisabled=false
    mPrimaryDisplayDevice=內建畫面
    mBaseDisplayInfo=DisplayInfo{"內建畫面", displayId 0", displayGroupId 0, FLAG_SECURE, FLAG_SUPPORTS_PROTECTED_BUFFERS, FLAG_TRUSTED, real 1080 x 2400, largest app 1080 x 2400, smallest app 1080 x 2400, appVsyncOff 100000, presDeadline 9233333, mode 1, defaultMode 1, REFRESH_RATE_MODE_NORMAL, modes [{id=1, width=1080, height=2400, fps=120.00001, alternativeRefreshRates=[60.000004]}, {id=2, width=1080, height=2400, fps=60.000004, alternativeRefreshRates=[120.00001]}], hdrCapabilities HdrCapabilities{mSupportedHdrTypes=[2, 3, 4], mMaxLuminance=540.0, mMaxAverageLuminance=270.1, mMinLuminance=0.2}, userDisabledHdrTypes [], minimalPostProcessingSupported false, rotation 0, state OFF, type INTERNAL, uniqueId "local:4630947232161729153", app 1080 x 2400, density 480 (409.432 x 406.4) dpi, layerStack 0, colorMode 0, supportedColorModes [0, 7, 9], address {port=129, model=0x40446df8ca940a}, deviceProductInfo DeviceProductInfo{name=, manufacturerPnpId=QCM, productId=1, modelYear=null, manufactureDate=ManufactureDate{week=27, year=2006}, connectionToSinkType=0}, removeMode 0, refreshRateOverride 0.0, brightnessMinimum 0.0, brightnessMaximum 1.0, brightnessDefault 0.5019608, installOrientation ROTATION_0}
    mOverrideDisplayInfo=DisplayInfo{"內建畫面", displayId 0", displayGroupId 0, FLAG_SECURE, FLAG_SUPPORTS_PROTECTED_BUFFERS, FLAG_TRUSTED, real 1080 x 2400, largest app 2168 x 2168, smallest app 1080 x 1008, appVsyncOff 100000, presDeadline 9233333, mode 1, defaultMode 1, REFRESH_RATE_MODE_ALWAYS, modes [{id=1, width=1080, height=2400, fps=120.00001, alternativeRefreshRates=[60.000004]}, {id=2, width=1080, height=2400, fps=60.000004, alternativeRefreshRates=[120.00001]}], hdrCapabilities HdrCapabilities{mSupportedHdrTypes=[2, 3, 4], mMaxLuminance=540.0, mMaxAverageLuminance=270.1, mMinLuminance=0.2}, userDisabledHdrTypes [], minimalPostProcessingSupported false, rotation 0, state ON, type INTERNAL, uniqueId "local:4630947232161729153", app 1080 x 2168, density 480 (409.432 x 406.4) dpi, layerStack 0, colorMode 0, supportedColorModes [0, 7, 9], address {port=129, model=0x40446df8ca940a}, deviceProductInfo DeviceProductInfo{name=, manufacturerPnpId=QCM, productId=1, modelYear=null, manufactureDate=ManufactureDate{week=27, year=2006}, connectionToSinkType=0}, removeMode 0, refreshRateOverride 0.0, brightnessMinimum 0.0, brightnessMaximum 1.0, brightnessDefault 0.5019608, installOrientation ROTATION_0}
    mRequestedMinimalPostProcessing=false
    mFrameRateOverrides=[]
    mPendingFrameRateOverrideUids={}
  
  DeviceStateToLayoutMap:
    Registered Layouts:
    state(-1): [{addr: {port=129, model=0x40446df8ca940a}, dispId: 0(ON)}]

Callbacks: size=16
  0: mPid=1485, mWifiDisplayScanRequested=false, mWifiDisplayScanRequestedTime=null
  1: mPid=2923, mWifiDisplayScanRequested=false, mWifiDisplayScanRequestedTime=null
  2: mPid=2937, mWifiDisplayScanRequested=false, mWifiDisplayScanRequestedTime=null
  3: mPid=3267, mWifiDisplayScanRequested=false, mWifiDisplayScanRequestedTime=null
  4: mPid=3422, mWifiDisplayScanRequested=false, mWifiDisplayScanRequestedTime=null
  5: mPid=4389, mWifiDisplayScanRequested=false, mWifiDisplayScanRequestedTime=null
  6: mPid=4713, mWifiDisplayScanRequested=false, mWifiDisplayScanRequestedTime=null
  7: mPid=5784, mWifiDisplayScanRequested=false, mWifiDisplayScanRequestedTime=null
  8: mPid=5973, mWifiDisplayScanRequested=false, mWifiDisplayScanRequestedTime=null
  9: mPid=7613, mWifiDisplayScanRequested=false, mWifiDisplayScanRequestedTime=null
  10: mPid=10660, mWifiDisplayScanRequested=false, mWifiDisplayScanRequestedTime=null
  11: mPid=10927, mWifiDisplayScanRequested=false, mWifiDisplayScanRequestedTime=null
  12: mPid=13955, mWifiDisplayScanRequested=false, mWifiDisplayScanRequestedTime=null
  13: mPid=26161, mWifiDisplayScanRequested=false, mWifiDisplayScanRequestedTime=null
  14: mPid=27768, mWifiDisplayScanRequested=false, mWifiDisplayScanRequestedTime=null
  15: mPid=31562, mWifiDisplayScanRequested=false, mWifiDisplayScanRequestedTime=null

Display Power Controllers: size=1

Display Power Controller:
  mDisplayId=0
  mLightSensor={Sensor name="Auto Brightness Sensor", vendor="Samsung", version=1, type=65601, maxRange=4096.0, resolution=0.54, power=0.09, minDelay=0}

Display Power Controller Locked State:
  mDisplayReadyLocked=true
  mPendingRequestLocked=policy=DOZE, useProximitySensor=false, screenBrightnessOverride=NaN, useAutoBrightness=false, screenAutoBrightnessAdjustmentOverride=NaN, screenLowPowerBrightnessFactor=1.0, blockScreenOn=false, lowPowerMode=false, boostScreenBrightness=false, dozeScreenBrightness=NaN, dozeScreenState=OFF, autoBrightnessLowerLimit=NaN, autoBrightnessUpperLimit=NaN, forceSlowChange=false, maxBrightness=1.9058824, minBrightness=NaN, lastGoToSleepReason=6, proximityPositiveDebounce=-1, proximityNegativeDebounce=-1, coverClosed=false, coverType=2, brightnessLimitByCover=-1, FTAMode=false, batteryLevel = -1, lcdFlashMode= false, isOutdoorMode= false, screenBrightnessScaleFactor=1.0, forceLcdBacklightOffEnabled=false, batteryLevelCritical=false, isPowered=true, hbmBlock=false, earlyWakeUp=false, dualScreenPolicy=-1, lastWakeUpReason=113
  mPendingRequestChangedLocked=false
  mPendingWaitForNegativeProximityLocked=false
  mPendingUpdatePowerStateLocked=false

Display Power Controller Configuration:
  mScreenBrightnessRangeDefault=0.5019608
  mScreenBrightnessDozeConfig=0.0
  mScreenBrightnessDimConfig=0.050980393
  mScreenBrightnessForVrRangeMinimum=0.003921569
  mScreenBrightnessForVrRangeMaximum=1.0
  mScreenBrightnessForVrDefault=0.7058824
  mUseSoftwareAutoBrightnessConfig=true
  mAllowAutoBrightnessWhileDozingConfig=false
  mSkipScreenOnBrightnessRamp=false
  mColorFadeFadesConfig=false
  mColorFadeEnabled=true
  mCachedBrightnessInfo.brightness=1.0
  mCachedBrightnessInfo.adjustedBrightness=0.0
  mCachedBrightnessInfo.brightnessMin=0.0
  mCachedBrightnessInfo.brightnessMax=1.0
  mCachedBrightnessInfo.hbmMode=0
  mCachedBrightnessInfo.hbmTransitionPoint=1.0
  mCachedBrightnessInfo.brightnessMaxReason =0
  mDisplayBlanksAfterDozeConfig=false
  mBrightnessBucketsInDozeConfig=false
  --SEC_PMS
  AUTO_BRIGHTNESS_TYPE=3
  USE_SEC_LONG_TERM_MODEL=true
  extraDim mExtraDimStrength= -1
  extraDim mExtraDimIsActive= false
  AUTO_BRIGHTNESS_TYPE=3
  USE_SEC_LONG_TERM_MODEL=true
  USE_PERMISSIBLE_RATIO_FOR_LONGTERM_MODEL=true

Display Power Controller Thread State:
  mPowerRequest=policy=DOZE, useProximitySensor=false, screenBrightnessOverride=NaN, useAutoBrightness=false, screenAutoBrightnessAdjustmentOverride=NaN, screenLowPowerBrightnessFactor=1.0, blockScreenOn=false, lowPowerMode=false, boostScreenBrightness=false, dozeScreenBrightness=NaN, dozeScreenState=OFF, autoBrightnessLowerLimit=NaN, autoBrightnessUpperLimit=NaN, forceSlowChange=false, maxBrightness=1.9058824, minBrightness=NaN, lastGoToSleepReason=6, proximityPositiveDebounce=-1, proximityNegativeDebounce=-1, coverClosed=false, coverType=2, brightnessLimitByCover=-1, FTAMode=false, batteryLevel = -1, lcdFlashMode= false, isOutdoorMode= false, screenBrightnessScaleFactor=1.0, forceLcdBacklightOffEnabled=false, batteryLevelCritical=false, isPowered=true, hbmBlock=false, earlyWakeUp=false, dualScreenPolicy=-1, lastWakeUpReason=113
  mUnfinishedBusiness=false
  mWaitingForNegativeProximity=false
  mProximitySensor={Sensor name="Ear Hover Proximity Sensor (ProToS)", vendor="Samsung Electronics.", version=1, type=8, maxRange=5.0, resolution=1.0, power=0.75, minDelay=0}
  mProximitySensorEnabled=false
  mProximityThreshold=5.0
  mProximity=Unknown
  mPendingProximity=Unknown
  mPendingProximityDebounceTime=-1 (1056222045 ms ago)
  mScreenOffBecauseOfProximity=false
  mLastUserSetScreenBrightness=NaN
  mPendingScreenBrightnessSetting=NaN
  mTemporaryScreenBrightness=NaN
  mAutoBrightnessAdjustment=0.0
  mBrightnessReason=screen_off
  mTemporaryAutoBrightnessAdjustment=NaN
  mPendingAutoBrightnessAdjustment=NaN
  mScreenBrightnessForVrFloat=0.7058824
  mAppliedAutoBrightness=false
  mAppliedDimming=false
  mAppliedLowPower=false
  mAppliedThrottling=false
  mAppliedScreenBrightnessOverride=false
  mAppliedTemporaryBrightness=false
  mAppliedTemporaryAutoBrightnessAdjustment=false
  mAppliedBrightnessBoost=false
  mDozing=true
  mSkipRampState=RAMP_STATE_SKIP_NONE
  mScreenOnBlockStartRealTime=1134676472
  mScreenOffBlockStartRealTime=1134742536
  mPendingScreenOnUnblocker=null
  mPendingScreenOffUnblocker=null
  mPendingScreenOff=false
  mReportedToPolicy=REPORTED_TO_POLICY_SCREEN_OFF
  mIsRbcActive=false
  mOnStateChangePending=false
  mOnProximityPositiveMessages=0
  mOnProximityNegativeMessages=0
  mScreenBrightnessRampAnimator.isAnimating()=false
  mColorFadeOnAnimator.isStarted()=false
  mColorFadeOffAnimator.isStarted()=false

Display Power State:
  mStopped=false
  mScreenState=OFF
  mScreenBrightness=0.0
  mSdrScreenBrightness=0.0
  mScreenReady=true
  mScreenUpdatePending=false
  mColorFadePrepared=true
  mColorFadeLevel=0.0
  mColorFadeReady=true
  mColorFadeDrawPending=false

Photonic Modulator State:
  mPendingState=OFF
  mPendingBacklight=0.0
  mPendingSdrBacklight=0.0
  mActualState=OFF
  mActualBacklight=0.0
  mActualSdrBacklight=0.0
  mStateChangeInProgress=false
  mBacklightChangeInProgress=false

Color Fade State:
  mPrepared=true
  mMode=3
  mDisplayLayerStack=0
  mDisplayWidth=1080
  mDisplayHeight=2400
  mSurfaceVisible=true
  mSurfaceAlpha=1.0

Automatic Brightness Controller Configuration:
  mScreenBrightnessRangeMinimum=0(0.00)
  mScreenBrightnessRangeMaximum=255(1.00)
  mState=AUTO_BRIGHTNESS_DISABLED
  mScreenBrightnessRangeMinimum=0.0
  mScreenBrightnessRangeMaximum=1.0
  mDozeScaleFactor=1.0
  mInitialLightSensorRate=50
  mNormalLightSensorRate=250
  mLightSensorWarmUpTimeConfig=0
  mBrighteningLightDebounceConfig=1000
  mDarkeningLightDebounceConfig=2000
  mResetAmbientLuxAfterWarmUpConfig=true
  mAmbientLightHorizonLong=2500
  mAmbientLightHorizonShort=600
  mWeightingIntercept=2500
  mHbmLux=3000

Automatic Brightness Controller State:
  mLightSensor={Sensor name="Auto Brightness Sensor", vendor="Samsung", version=1, type=65601, maxRange=4096.0, resolution=0.54, power=0.09, minDelay=0}
  mLightSensorCct=null
  mLightSensorEnabled=false
  mLightSensorEnableTime=0 (1056222044 ms ago)
  mCurrentLightSensorRate=-1
  mAmbientLux=500.0
  mAmbientLuxValid=false
  mPreThesholdLux=0.0
  mPreThesholdBrightness=0.0
  mAmbientBrighteningThreshold=0.0
  mAmbientDarkeningThreshold=0.0
  mScreenBrighteningThreshold=0.0
  mScreenDarkeningThreshold=0.0
  mLastObservedLux=0.0
  mLastObservedLuxTime=0 (1056222044 ms ago)
  mRecentLightSamples=0
  mAmbientLightRingBuffer=[]
  mScreenAutoBrightness=NaN
  mDisplayPolicy=DOZE
  mShortTermModelTimeout(active)=600000
  mShortTermModelAnchor=-1.0
  mShortTermModelValid=false
  mBrightnessAdjustmentSamplePending=false
  mBrightnessAdjustmentSampleOldLux=0.0
  mBrightnessAdjustmentSampleOldBrightness=0.0
  mForegroundAppPackageName=null
  mPendingForegroundAppPackageName=null
  mForegroundAppCategory=-1
  mPendingForegroundAppCategory=-1
  Idle mode active=false
  mIsLightSensorOnFoldingSide=false
  mUseLightSensorBlockingPrevention=false
  mProximity=-1

  mInteractiveMapper=
PhysicalMappingStrategy
  mConfig=BrightnessConfiguration{[(0.0, 10.674077), (1.0, 15.080058), (2.0, 22.159735), (3.0, 26.583836), (4.0, 31.00977), (5.0, 35.4336), (6.0, 39.483967), (7.0, 43.37028), (9.0, 50.99836), (10.0, 54.91069), (12.0, 62.948437), (15.0, 75.224556), (18.0, 88.20284), (21.0, 98.51866), (26.0, 104.40029), (31.0, 105.3144), (37.0, 106.56065), (45.0, 108.85499), (53.0, 112.45613), (64.0, 114.99288), (77.0, 116.65333), (92.0, 117.84149), (111.0, 119.76068), (133.0, 121.851555), (160.0, 124.05653), (192.0, 126.344765), (230.0, 128.9146), (276.0, 132.35782), (331.0, 137.67288), (397.0, 145.09615), (477.0, 154.74666), (572.0, 166.18367), (687.0, 180.07965), (824.0, 197.08531), (989.0, 218.84589), (1187.0, 251.38051), (1424.0, 298.39594), (1709.0, 349.028), (2051.0, 371.69693), (2461.0, 375.09894), (2953.0, 378.5324)], {}, 'sbs:0, shouldCollectColorSamples = false'}
  mBrightnessSpline=MonotoneCubicSpline{[(0.0, 10.716963: 4.362337), (1.0, 15.0793: 5.721385), (2.0, 22.159733: 5.752266), (3.0, 26.583832: 4.425359), (4.0, 31.01045: 4.424885), (5.0, 35.4336: 4.2370367), (6.0, 39.484524: 3.9680805), (7.0, 43.369762: 3.849843), (9.0, 50.998657: 3.8634272), (10.0, 54.911064: 3.9655447), (12.0, 62.94843: 4.0553217), (15.0, 75.22431: 4.2090693), (18.0, 88.20284: 3.8824096), (21.0, 98.51877: 2.3075075), (26.0, 104.400635: 0.52677596), (31.0, 105.3141: 0.15132493), (37.0, 106.560425: 0.24726948), (45.0, 108.85497: 0.36848116), (53.0, 112.45612: 0.34037912), (64.0, 114.99288: 0.17917052), (77.0, 116.65333: 0.103468776), (92.0, 117.84149: 0.09011004), (111.0, 119.760666: 0.098024964), (133.0, 121.85156: 0.0883447), (160.0, 124.056076: 0.07658401), (192.0, 126.344696: 0.069573164), (230.0, 128.91452: 0.07123831), (276.0, 132.3576: 0.085743725), (331.0, 137.67268: 0.1045606), (397.0, 145.09659: 0.11655454), (477.0, 154.74664: 0.12050539), (572.0, 166.18323: 0.12061364), (687.0, 180.08008: 0.122483596), (824.0, 197.0852: 0.12800318), (989.0, 218.84563: 0.14809951), (1187.0, 251.38052: 0.18134746), (1424.0, 298.39594: 0.1880185), (1709.0, 349.02896: 0.12196794), (2051.0, 371.6954: 0.024397183), (2461.0, 375.09894: 1.09518245E-4), (2953.0, 378.53174: 0.020931423), (3000.0, 467.9992: 0.14078112), (4000.0, 514.9819: 0.0068564275), (5000.0, 562.99615: 0.047512054), (6000.0, 610.006: 0.04750235), (7000.0, 658.00085: 0.04749524), (8000.0, 704.99646: 0.047506407), (9000.0, 753.0137: 0.035511263), (10000.0, 776.019: 0.0071624625), (20000.0, 800.0: 0.0), (40000.0, 800.0: 0.0)]}
  mNitsToBrightnessSpline=MonotoneCubicSpline{[(2.0, 0.0: 0.03921572), (2.1, 0.0039215684: 0.0075626364), (3.2, 0.007843137: 0.0075626383), (3.3, 0.011764706: 0.007562635), (4.4, 0.015686274: 0.0075626364), (4.5, 0.019607844: 0.0075626415), (5.6, 0.023529412: 0.0075626383), (5.7, 0.02745098: 0.00756263), (6.8, 0.031372547: 0.0075626364), (6.9, 0.03529412: 0.010561321), (8.0, 0.039215688: 0.0016868742), (9.2, 0.043137252: 0.0034165177), (10.3, 0.047058824: 0.008318475), (10.6, 0.050980393: 0.00816993), (11.8, 0.05490196: 0.0038126372), (12.7, 0.05882353: 0.004357296), (13.6, 0.062745094: 0.0041394336), (14.6, 0.06666667: 0.003921572), (15.6, 0.07058824: 0.00413943), (16.5, 0.0745098: 0.00396118), (17.6, 0.078431375: 0.003743318), (18.6, 0.08235294: 0.0039215647), (19.6, 0.086274505: 0.0039215684), (20.6, 0.09019608: 0.0037433184), (21.7, 0.09411765: 0.0035650642), (22.8, 0.09803922: 0.0035650642), (23.9, 0.101960786: 0.003565061), (25.0, 0.105882354: 0.003565061), (26.1, 0.10980392: 0.003565061), (27.2, 0.11372549: 0.0035650642), (28.3, 0.11764706: 0.0034165194), (29.5, 0.12156863: 0.0034165129), (30.6, 0.12549019: 0.0034165154), (31.8, 0.12941176: 0.0032679802), (33.0, 0.13333334: 0.0032679779), (34.2, 0.13725491: 0.0032679716), (35.4, 0.14117648: 0.003267977), (36.6, 0.14509805: 0.0032679706), (37.8, 0.1490196: 0.003142276), (39.1, 0.15294117: 0.0031422884), (40.3, 0.15686275: 0.0032679779), (41.5, 0.16078432: 0.0031422824), (42.8, 0.16470589: 0.003016593), (44.1, 0.16862746: 0.003142276), (45.3, 0.17254901: 0.003142276), (46.6, 0.17647058: 0.0030165943), (47.9, 0.18039216: 0.0030165943), (49.2, 0.18431373: 0.003016593), (50.5, 0.1882353: 0.0029088552), (51.9, 0.19215687: 0.0029088552), (53.2, 0.19607843: 0.003016587), (54.5, 0.19999999: 0.0029088547), (55.9, 0.20392157: 0.0029088603), (57.2, 0.20784314: 0.002908859), (58.6, 0.21176471: 0.0029088545), (59.9, 0.21568628: 0.0029088545), (61.3, 0.21960784: 0.0028011212), (62.7, 0.22352941: 0.0028011212), (64.1, 0.22745098: 0.0028011212), (65.5, 0.23137255: 0.0028011173), (66.9, 0.23529412: 0.0028011173), (68.3, 0.23921569: 0.002801125), (69.7, 0.24313726: 0.002801125), (71.1, 0.24705882: 0.002801112), (72.5, 0.25098038: 0.0027077426), (74.0, 0.25490195: 0.0027077482), (75.4, 0.2588235: 0.002707758), (76.9, 0.2627451: 0.002707758), (78.3, 0.26666668: 0.0027077482), (79.8, 0.27058825: 0.002614379), (81.3, 0.27450982: 0.0027077557), (82.7, 0.2784314: 0.0027077557), (84.2, 0.28235295: 0.002614379), (85.7, 0.28627452: 0.002614379), (87.2, 0.2901961: 0.0026143692), (88.7, 0.29411763: 0.0026143692), (90.2, 0.2980392: 0.002614379), (91.7, 0.30196077: 0.002614379), (93.2, 0.30588233: 0.0025326842), (94.8, 0.30980393: 0.0025326842), (96.3, 0.3137255: 0.002614379), (97.8, 0.31764707: 0.0025326808), (99.4, 0.32156864: 0.0025326808), (100.9, 0.3254902: 0.0025326808), (102.5, 0.32941177: 0.0025326808), (104.0, 0.33333334: 0.0025326808), (105.6, 0.3372549: 0.0025326808), (107.1, 0.34117648: 0.0025326714), (108.7, 0.34509802: 0.0024509674), (110.3, 0.3490196: 0.0024509768), (111.9, 0.35294116: 0.0024509826), (113.5, 0.35686272: 0.002450992), (115.1, 0.36078432: 0.002450992), (116.7, 0.3647059: 0.0024509768), (118.3, 0.36862746: 0.0024509768), (119.9, 0.37254903: 0.0024509826), (121.5, 0.3764706: 0.0024509826), (123.1, 0.38039216: 0.0024509826), (124.7, 0.38431373: 0.0023788908), (126.4, 0.3882353: 0.0023788908), (128.0, 0.39215687: 0.0023788959), (129.7, 0.39607844: 0.0023788807), (131.3, 0.39999998: 0.0023788807), (133.0, 0.40392154: 0.0023788994), (134.6, 0.40784314: 0.0023788994), (136.3, 0.4117647: 0.0023789017), (137.9, 0.41568628: 0.0023788912), (139.6, 0.41960785: 0.002306799), (141.3, 0.42352942: 0.0023068092), (143.0, 0.42745098: 0.00237889), (144.6, 0.43137255: 0.00237889), (146.3, 0.43529412: 0.0023068092), (148.0, 0.4392157: 0.0023068092), (149.7, 0.44313726: 0.0023068092), (151.4, 0.44705883: 0.002306799), (153.1, 0.4509804: 0.002306799), (154.8, 0.45490196: 0.0023068092), (156.5, 0.45882353: 0.0022427272), (158.3, 0.4627451: 0.0022427272), (160.0, 0.46666667: 0.0023068092), (161.7, 0.47058824: 0.0022427272), (163.5, 0.4745098: 0.0022427272), (165.2, 0.47843137: 0.0023068092), (166.9, 0.48235294: 0.0022427272), (168.7, 0.4862745: 0.0022427272), (170.4, 0.49019608: 0.0022427272), (172.2, 0.49411765: 0.0022427272), (173.9, 0.49803922: 0.002242719), (175.7, 0.50196075: 0.0021786373), (177.5, 0.5058823: 0.0022427272), (179.2, 0.5098039: 0.0022427272), (181.0, 0.51372546: 0.0021786455), (182.8, 0.517647: 0.0021786455), (184.6, 0.5215686: 0.0021786713), (186.4, 0.5254902: 0.0022427426), (188.1, 0.5294118: 0.0022427263), (189.9, 0.53333336: 0.0021786545), (191.7, 0.5372549: 0.0021786455), (193.5, 0.5411765: 0.0021786455), (195.3, 0.54509807: 0.0021213177), (197.2, 0.54901963: 0.0021213177), (199.0, 0.5529412: 0.0021786455), (200.8, 0.5568628: 0.0021786455), (202.6, 0.56078434: 0.0021786545), (204.4, 0.5647059: 0.0021213186), (206.3, 0.5686275: 0.0021213093), (208.1, 0.57254905: 0.0021786545), (209.9, 0.5764706: 0.0021213186), (211.8, 0.5803922: 0.002121293), (213.6, 0.5843137: 0.0021213014), (215.5, 0.58823526: 0.0021213177), (217.3, 0.5921568: 0.0021213177), (219.2, 0.5960784: 0.0021213177), (221.0, 0.59999996: 0.0021213177), (222.9, 0.60392153: 0.0020639817), (224.8, 0.6078431: 0.0021213093), (226.6, 0.61176467: 0.0021213177), (228.5, 0.61568624: 0.0020640057), (230.4, 0.61960787: 0.0020639973), (232.3, 0.62352943: 0.0020639817), (234.2, 0.627451: 0.0021213177), (236.0, 0.6313726: 0.0021213177), (237.9, 0.63529414: 0.0020639817), (239.8, 0.6392157: 0.0020639817), (241.7, 0.6431373: 0.0020639817), (243.6, 0.64705884: 0.0020639817), (245.5, 0.6509804: 0.00206399), (247.4, 0.654902: 0.0020123872), (249.4, 0.65882355: 0.0020123788), (251.3, 0.6627451: 0.0020639817), (253.2, 0.6666667: 0.0020639817), (255.1, 0.67058825: 0.0020639817), (257.0, 0.6745098: 0.0020123872), (259.0, 0.6784314: 0.0020123872), (260.9, 0.68235296: 0.00206399), (262.8, 0.6862745: 0.0020123722), (264.8, 0.69019604: 0.0020123557), (266.7, 0.6941176: 0.0020123706), (268.7, 0.6980392: 0.0020123872), (270.6, 0.70196074: 0.0020123872), (272.6, 0.7058823: 0.0020123872), (274.5, 0.7098039: 0.0020123872), (276.5, 0.71372545: 0.0020124028), (278.4, 0.7176471: 0.0020124028), (280.4, 0.72156864: 0.0019607842), (282.4, 0.7254902: 0.0019607842), (284.4, 0.7294118: 0.0020123872), (286.3, 0.73333335: 0.0020123872), (288.3, 0.7372549: 0.0019607842), (290.3, 0.7411765: 0.0019607842), (292.3, 0.74509805: 0.0019607842), (294.3, 0.7490196: 0.0020123706), (296.2, 0.7529412: 0.0020123706), (298.2, 0.75686276: 0.0019607842), (300.2, 0.7607843: 0.0019607842), (302.2, 0.7647059: 0.0019607842), (304.2, 0.76862746: 0.0019607842), (306.2, 0.77254903: 0.0019141097), (308.3, 0.7764706: 0.0019141097), (310.3, 0.78039217: 0.0019607842), (312.3, 0.78431374: 0.0019607842), (314.3, 0.7882353: 0.0019607842), (316.3, 0.7921569: 0.0019607693), (318.3, 0.7960784: 0.0019140812), (320.4, 0.79999995: 0.0019140961), (322.4, 0.8039215: 0.0019607842), (324.4, 0.8078431: 0.0019141103), (326.5, 0.8117647: 0.0019141103), (328.5, 0.8156863: 0.0019140961), (330.6, 0.81960785: 0.0019140961), (332.6, 0.8235294: 0.0019140961), (334.7, 0.827451: 0.0019140961), (336.7, 0.83137256: 0.0019141097), (338.8, 0.8352941: 0.0019141097), (340.8, 0.8392157: 0.0019140961), (342.9, 0.84313726: 0.0019140961), (344.9, 0.84705883: 0.0027629132), (346.0, 0.8509804: 0.002716225), (348.1, 0.85490197: 0.001965699), (350.0, 0.85882354: 0.002121327), (351.8, 0.8627451: 0.0022427263), (353.5, 0.8666667: 0.0022427263), (355.3, 0.87058824: 0.0022427263), (357.0, 0.8745098: 0.0021337862), (359.0, 0.8784314: 0.0019607842), (361.0, 0.88235295: 0.0019607842), (363.0, 0.8862745: 0.0019607842), (365.0, 0.8901961: 0.0018329115), (367.3, 0.89411765: 0.0016695044), (369.7, 0.8980392: 0.0016695044), (372.0, 0.9019608: 0.0018329115), (374.0, 0.90588236: 0.0019607842), (376.0, 0.9098039: 0.0019607842), (378.0, 0.9137255: 0.0019607842), (380.0, 0.91764706: 0.002069724), (381.8, 0.92156863: 0.0022427263), (383.5, 0.9254902: 0.0022427263), (385.3, 0.92941177: 0.0022427263), (387.0, 0.93333334: 0.0021337862), (389.0, 0.9372549: 0.0019607842), (391.0, 0.9411765: 0.0019607842), (393.0, 0.94509804: 0.0019607842), (395.0, 0.9490196: 0.0019607842), (397.0, 0.9529412: 0.0019607842), (399.0, 0.95686275: 0.0019607842), (401.0, 0.9607843: 0.0019607842), (403.0, 0.9647059: 0.0018329115), (405.3, 0.96862745: 0.00174378), (407.5, 0.972549: 0.00174378), (409.8, 0.9764706: 0.00174378), (412.0, 0.98039216: 0.002116746), (413.6, 0.9843137: 0.002450971), (415.2, 0.9882353: 0.0024509942), (416.8, 0.99215686: 0.0024509942), (418.4, 0.99607843: 0.002450971), (420.0, 1.0: 3.498856E-4), (444.684, 1.0039215: 3.2362467E-4), (446.423, 1.0078431: 0.0028193127), (447.582, 1.0117646: 0.0028193127), (449.321, 1.0156863: 0.0022557264), (451.059, 1.0196078: 0.0028185342), (452.219, 1.0235294: 0.0028185144), (453.957, 1.0274509: 0.0022557066), (455.696, 1.0313725: 0.0028193127), (456.855, 1.035294: 0.0028193323), (458.594, 1.0392157: 0.002255073), (460.333, 1.0431372: 0.00281933), (461.492, 1.0470588: 0.002819384), (463.231, 1.0509804: 0.002255073), (464.97, 1.054902: 0.00281933), (466.129, 1.0588236: 0.00281933), (467.868, 1.0627451: 0.002255073), (469.607, 1.0666667: 0.0028193323), (470.766, 1.0705882: 0.0028193127), (472.505, 1.0745099: 0.002255073), (474.244, 1.0784314: 0.002819305), (475.403, 1.082353: 0.002819305), (477.142, 1.0862745: 0.002255073), (478.881, 1.0901961: 0.0028193127), (480.04, 1.0941176: 0.0028193323), (481.779, 1.0980393: 0.0022557264), (483.517, 1.1019608: 0.0028185144), (484.677, 1.1058824: 0.0028178808), (486.416, 1.1098039: 0.0022557264), (488.154, 1.1137255: 0.0028184974), (489.314, 1.117647: 0.0028184974), (491.052, 1.1215687: 0.0022557264), (492.791, 1.1254902: 0.002819305), (493.95, 1.1294118: 0.002819305), (495.689, 1.1333333: 0.002255073), (497.428, 1.137255: 0.0028193127), (498.587, 1.1411765: 0.0028193323), (500.326, 1.1450981: 0.002255073), (502.065, 1.1490196: 0.00281933), (503.224, 1.1529412: 0.00281933), (504.963, 1.1568627: 0.002255073), (506.702, 1.1607844: 0.0028193323), (507.861, 1.1647059: 0.0028192783), (509.6, 1.1686274: 0.002255073), (511.339, 1.172549: 0.0028193323), (512.498, 1.1764705: 0.0028193127), (514.237, 1.1803921: 0.0022550533), (515.976, 1.1843137: 0.00281933), (517.135, 1.1882353: 0.00281933), (518.874, 1.1921568: 0.0022557264), (520.612, 1.1960784: 0.0028185616), (521.772, 1.1999999: 0.002818522), (523.51, 1.2039216: 0.0022556868), (525.249, 1.2078431: 0.0028179055), (526.409, 1.2117647: 0.0028185786), (528.147, 1.2156862: 0.0022557264), (529.886, 1.2196078: 0.0028193127), (531.045, 1.2235293: 0.0028193127), (532.784, 1.227451: 0.0022550533), (534.523, 1.2313725: 0.00281933), (535.682, 1.2352941: 0.002819364), (537.421, 1.2392157: 0.002255127), (539.16, 1.2431374: 0.0028193523), (540.319, 1.2470589: 0.0028193127), (542.058, 1.2509805: 0.0022550533), (543.797, 1.254902: 0.00281933), (544.956, 1.2588236: 0.00281933), (546.695, 1.2627451: 0.0022550533), (548.434, 1.2666668: 0.0028193127), (549.593, 1.2705883: 0.0028193179), (551.332, 1.2745098: 0.0022550928), (553.071, 1.2784314: 0.0028193127), (554.23, 1.2823529: 0.0028193127), (555.969, 1.2862746: 0.0022557264), (557.707, 1.2901961: 0.0028184897), (558.867, 1.2941177: 0.0028184897), (560.605, 1.2980392: 0.0022557264), (562.344, 1.3019608: 0.0028193127), (563.503, 1.3058823: 0.0028193127), (565.242, 1.309804: 0.0022550533), (566.981, 1.3137255: 0.00281933), (568.14, 1.3176471: 0.00281933), (569.879, 1.3215686: 0.0022550928), (571.618, 1.3254902: 0.0028193523), (572.777, 1.3294117: 0.0028193127), (574.516, 1.3333334: 0.0022550533), (576.255, 1.3372549: 0.00281933), (577.414, 1.3411765: 0.00281933), (579.153, 1.345098: 0.0022550533), (580.892, 1.3490196: 0.0028193127), (582.051, 1.3529412: 0.0028193523), (583.79, 1.3568628: 0.0022550928), (585.529, 1.3607843: 0.00281933), (586.688, 1.3647059: 0.00281933), (588.427, 1.3686274: 0.0022557264), (590.165, 1.372549: 0.0028184727), (591.325, 1.3764706: 0.0028184382), (593.063, 1.3803921: 0.0022557264), (594.802, 1.3843137: 0.0028178883), (595.962, 1.3882352: 0.002818522), (597.7, 1.3921568: 0.0022556868), (599.439, 1.3960783: 0.00281933), (600.598, 1.4: 0.0028193695), (602.337, 1.4039215: 0.0022550928), (604.076, 1.4078431: 0.0028193127), (605.235, 1.4117646: 0.0028193127), (606.974, 1.4156862: 0.0022550533), (608.713, 1.4196078: 0.00281933), (609.872, 1.4235294: 0.00281933), (611.611, 1.4274509: 0.002255127), (613.35, 1.4313726: 0.0028193863), (614.509, 1.4352942: 0.0028193127), (616.248, 1.4392158: 0.0028193127), (617.407, 1.4431373: 0.0028193127), (619.146, 1.4470589: 0.0022550533), (620.885, 1.4509804: 0.00281933), (622.044, 1.454902: 0.00281933), (623.783, 1.4588236: 0.0022550928), (625.522, 1.4627452: 0.0028192631), (626.681, 1.4666667: 0.0028192631), (628.42, 1.4705883: 0.0022557264), (630.158, 1.4745098: 0.002818539), (631.318, 1.4784315: 0.002818539), (633.056, 1.482353: 0.0022556921), (634.795, 1.4862745: 0.0028178561), (635.955, 1.4901961: 0.0028184897), (637.693, 1.4941176: 0.0022557264), (639.432, 1.4980392: 0.0028193127), (640.591, 1.5019608: 0.0028193127), (642.33, 1.5058824: 0.0022550928), (644.069, 1.5098039: 0.0028192804), (645.228, 1.5137255: 0.0028192804), (646.967, 1.517647: 0.0022550928), (648.706, 1.5215687: 0.0028193127), (649.865, 1.5254902: 0.0028193127), (651.604, 1.5294118: 0.0022550533), (653.343, 1.5333333: 0.00281933), (654.502, 1.5372549: 0.00281933), (656.241, 1.5411764: 0.0022550928), (657.98, 1.5450981: 0.0028193523), (659.139, 1.5490196: 0.0028193127), (660.878, 1.5529412: 0.0022550533), (662.617, 1.5568627: 0.00281933), (663.776, 1.5607843: 0.00281933), (665.515, 1.5647058: 0.0022557264), (667.253, 1.5686275: 0.0028184727), (668.413, 1.572549: 0.0028184727), (670.151, 1.5764706: 0.0022557264), (671.89, 1.5803921: 0.00281933), (673.049, 1.5843138: 0.00281933), (674.788, 1.5882353: 0.0022550586), (676.527, 1.5921568: 0.0028193695), (677.686, 1.5960784: 0.00281933), (679.425, 1.5999999: 0.0022550533), (681.164, 1.6039215: 0.0028193127), (682.323, 1.607843: 0.0028193127), (684.062, 1.6117647: 0.0022550533), (685.801, 1.6156862: 0.00281933), (686.96, 1.6196078: 0.0028194035), (688.699, 1.6235294: 0.002255127), (690.438, 1.6274511: 0.0028193127), (691.597, 1.6313726: 0.0028193127), (693.336, 1.6352942: 0.0022550533), (695.075, 1.6392157: 0.00281933), (696.234, 1.6431373: 0.00281933), (697.973, 1.6470588: 0.0022557264), (699.711, 1.6509805: 0.0028185616), (700.871, 1.654902: 0.002818522), (702.609, 1.6588236: 0.0022556868), (704.348, 1.6627451: 0.0028179055), (705.508, 1.6666667: 0.0028185786), (707.246, 1.6705883: 0.0022557264), (708.985, 1.6745099: 0.0028193127), (710.144, 1.6784314: 0.0028193127), (711.883, 1.682353: 0.0022550533), (713.622, 1.6862745: 0.00281933), (714.781, 1.6901962: 0.00281933), (716.52, 1.6941177: 0.0022550586), (718.259, 1.6980392: 0.0028192804), (719.418, 1.7019608: 0.0028192804), (721.157, 1.7058823: 0.0022550928), (722.896, 1.7098039: 0.0028193127), (724.055, 1.7137254: 0.0028193127), (725.794, 1.7176471: 0.0022550533), (727.533, 1.7215686: 0.00281933), (728.692, 1.7254902: 0.00281933), (730.431, 1.7294117: 0.0022550928), (732.17, 1.7333333: 0.0028193523), (733.329, 1.7372549: 0.0028193127), (735.068, 1.7411765: 0.0022556868), (736.806, 1.745098: 0.002818539), (737.966, 1.7490196: 0.0028185786), (739.704, 1.7529411: 0.0022557264), (741.443, 1.7568628: 0.0028193127), (742.602, 1.7607843: 0.0028193127), (744.341, 1.7647059: 0.0022550533), (746.08, 1.7686274: 0.00281933), (747.239, 1.772549: 0.00281933), (748.978, 1.7764705: 0.0022550928), (750.717, 1.7803922: 0.0028193523), (751.876, 1.7843137: 0.0028193127), (753.615, 1.7882353: 0.0022550533), (755.354, 1.7921568: 0.00281933), (756.513, 1.7960784: 0.00281933), (758.252, 1.8: 0.0022550533), (759.991, 1.8039216: 0.0028193127), (761.15, 1.8078431: 0.0028193523), (762.889, 1.8117647: 0.002255127), (764.628, 1.8156863: 0.0028193127), (765.787, 1.8196079: 0.0028193127), (767.526, 1.8235295: 0.0022557264), (769.264, 1.827451: 0.0028184897), (770.424, 1.8313726: 0.0028178166), (772.163, 1.8352941: 0.0022557264), (773.901, 1.8392158: 0.0028185616), (775.061, 1.8431373: 0.002818522), (776.799, 1.8470589: 0.0022556868), (778.538, 1.8509804: 0.00281933), (779.697, 1.854902: 0.0028193695), (781.436, 1.8588235: 0.0022550928), (783.175, 1.8627452: 0.0028193127), (784.334, 1.8666667: 0.0028193127), (786.073, 1.8705883: 0.0022550533), (787.812, 1.8745098: 0.00281933), (788.971, 1.8784314: 0.00281933), (790.71, 1.882353: 0.0022550928), (792.449, 1.8862746: 0.0028193523), (793.608, 1.8901961: 0.0028193127), (795.347, 1.8941177: 0.0022550533), (797.086, 1.8980392: 0.00281933), (798.245, 1.9019608: 0.002809056), (800.0, 1.9058824: 0.0022344717)]}
  mBrightnessToNitsSpline=MonotoneCubicSpline{[(0.0, 2.0: 12.576499), (0.0039215684, 2.1: 75.45907), (0.007843137, 3.2: 54.093605), (0.011764706, 3.3: 54.093616), (0.015686274, 4.4: 54.093605), (0.019607844, 4.5: 54.093586), (0.023529412, 5.6: 54.093597), (0.02745098, 5.7: 54.093643), (0.031372547, 6.8: 54.093586), (0.03529412, 6.9: 54.093544), (0.039215688, 8.0: 293.25012), (0.043137252, 9.2: 293.25006), (0.047058824, 10.3: 156.5921), (0.050980393, 10.6: 167.77731), (0.05490196, 11.8: 267.74994), (0.05882353, 12.7: 229.50015), (0.062745094, 13.6: 242.24995), (0.06666667, 14.6: 254.99977), (0.07058824, 15.6: 242.25018), (0.0745098, 16.5: 254.99997), (0.078431375, 17.6: 267.7498), (0.08235294, 18.6: 255.00026), (0.086274505, 19.6: 255.00002), (0.09019608, 20.6: 267.74982), (0.09411765, 21.7: 280.49988), (0.09803922, 22.8: 280.49988), (0.101960786, 23.9: 280.50012), (0.105882354, 25.0: 280.50012), (0.10980392, 26.1: 280.50012), (0.11372549, 27.2: 280.49988), (0.11764706, 28.3: 293.24994), (0.12156863, 29.5: 293.25043), (0.12549019, 30.6: 293.25018), (0.12941176, 31.8: 305.9994), (0.13333334, 33.0: 305.99963), (0.13725491, 34.2: 306.0002), (0.14117648, 35.4: 305.99973), (0.14509805, 36.6: 306.0003), (0.1490196, 37.8: 318.7506), (0.15294117, 39.1: 318.74945), (0.15686275, 40.3: 305.99963), (0.16078432, 41.5: 318.75), (0.16470589, 42.8: 331.49982), (0.16862746, 44.1: 318.7506), (0.17254901, 45.3: 318.7506), (0.17647058, 46.6: 331.4997), (0.18039216, 47.9: 331.4997), (0.18431373, 49.2: 331.49982), (0.1882353, 50.5: 344.25012), (0.19215687, 51.9: 344.25012), (0.19607843, 53.2: 331.50046), (0.19999999, 54.5: 344.25006), (0.20392157, 55.9: 344.24945), (0.20784314, 57.2: 344.24963), (0.21176471, 58.6: 344.25012), (0.21568628, 59.9: 344.25012), (0.21960784, 61.3: 356.99994), (0.22352941, 62.7: 356.99994), (0.22745098, 64.1: 356.99994), (0.23137255, 65.5: 357.0004), (0.23529412, 66.9: 357.0004), (0.23921569, 68.3: 356.99945), (0.24313726, 69.7: 356.99945), (0.24705882, 71.1: 357.0011), (0.25098038, 72.5: 369.75092), (0.25490195, 74.0: 369.7502), (0.2588235, 75.4: 369.74875), (0.2627451, 76.9: 369.74875), (0.26666668, 78.3: 369.7502), (0.27058825, 79.8: 382.50003), (0.27450982, 81.3: 369.74927), (0.2784314, 82.7: 369.74927), (0.28235295, 84.2: 382.50003), (0.28627452, 85.7: 382.50003), (0.2901961, 87.2: 382.50146), (0.29411763, 88.7: 382.50146), (0.2980392, 90.2: 382.50003), (0.30196077, 91.7: 382.50003), (0.30588233, 93.2: 395.24927), (0.30980393, 94.8: 395.24927), (0.3137255, 96.3: 382.50003), (0.31764707, 97.8: 395.24982), (0.32156864, 99.4: 395.24982), (0.3254902, 100.9: 395.24982), (0.32941177, 102.5: 395.24982), (0.33333334, 104.0: 395.24982), (0.3372549, 105.6: 395.24982), (0.34117648, 107.1: 395.2514), (0.34509802, 108.7: 408.00217), (0.3490196, 110.3: 408.0006), (0.35294116, 111.9: 407.99963), (0.35686272, 113.5: 407.99808), (0.36078432, 115.1: 407.99808), (0.3647059, 116.7: 408.0006), (0.36862746, 118.3: 408.0006), (0.37254903, 119.9: 407.99963), (0.3764706, 121.5: 407.99963), (0.38039216, 123.1: 407.99963), (0.38431373, 124.7: 420.75043), (0.3882353, 126.4: 420.75043), (0.39215687, 128.0: 420.74945), (0.39607844, 129.7: 420.75195), (0.39999998, 131.3: 420.75195), (0.40392154, 133.0: 420.74884), (0.40784314, 134.6: 420.74884), (0.4117647, 136.3: 420.74847), (0.41568628, 137.9: 420.75043), (0.41960785, 139.6: 433.5012), (0.42352942, 141.3: 433.49924), (0.42745098, 143.0: 420.75043), (0.43137255, 144.6: 420.75043), (0.43529412, 146.3: 433.49924), (0.4392157, 148.0: 433.49924), (0.44313726, 149.7: 433.49924), (0.44705883, 151.4: 433.5012), (0.4509804, 153.1: 433.5012), (0.45490196, 154.8: 433.49924), (0.45882353, 156.5: 446.25), (0.4627451, 158.3: 446.25), (0.46666667, 160.0: 433.49924), (0.47058824, 161.7: 446.25), (0.4745098, 163.5: 446.25), (0.47843137, 165.2: 433.49924), (0.48235294, 166.9: 446.25), (0.4862745, 168.7: 446.25), (0.49019608, 170.4: 446.25), (0.49411765, 172.2: 446.25), (0.49803922, 173.9: 446.25177), (0.50196075, 175.7: 459.00256), (0.5058823, 177.5: 446.25), (0.5098039, 179.2: 446.25), (0.51372546, 181.0: 459.0008), (0.517647, 182.8: 459.0008), (0.5215686, 184.6: 458.99536), (0.5254902, 186.4: 446.24652), (0.5294118, 188.1: 446.25003), (0.53333336, 189.9: 458.99884), (0.5372549, 191.7: 459.0008), (0.5411765, 193.5: 459.0008), (0.54509807, 195.3: 471.74963), (0.54901963, 197.2: 471.74963), (0.5529412, 199.0: 459.0008), (0.5568628, 200.8: 459.0008), (0.56078434, 202.6: 458.99884), (0.5647059, 204.4: 471.74963), (0.5686275, 206.3: 471.7516), (0.57254905, 208.1: 458.99884), (0.5764706, 209.9: 471.74963), (0.5803922, 211.8: 471.75507), (0.5843137, 213.6: 471.7531), (0.58823526, 215.5: 471.74963), (0.5921568, 217.3: 471.74963), (0.5960784, 219.2: 471.74963), (0.59999996, 221.0: 471.74963), (0.60392153, 222.9: 484.50043), (0.6078431, 224.8: 471.7516), (0.61176467, 226.6: 471.74963), (0.61568624, 228.5: 484.4948), (0.61960787, 230.4: 484.49673), (0.62352943, 232.3: 484.50043), (0.627451, 234.2: 471.74963), (0.6313726, 236.0: 471.74963), (0.63529414, 237.9: 484.50043), (0.6392157, 239.8: 484.50043), (0.6431373, 241.7: 484.50043), (0.64705884, 243.6: 484.50043), (0.6509804, 245.5: 484.49847), (0.654902, 247.4: 497.24927), (0.65882355, 249.4: 497.2512), (0.6627451, 251.3: 484.50043), (0.6666667, 253.2: 484.50043), (0.67058825, 255.1: 484.50043), (0.6745098, 257.0: 497.24927), (0.6784314, 259.0: 497.24927), (0.68235296, 260.9: 484.49847), (0.6862745, 262.8: 497.2531), (0.69019604, 264.8: 497.25702), (0.6941176, 266.7: 497.25314), (0.6980392, 268.7: 497.24927), (0.70196074, 270.6: 497.24927), (0.7058823, 272.6: 497.24927), (0.7098039, 274.5: 497.24927), (0.71372545, 276.5: 497.24557), (0.7176471, 278.4: 497.24557), (0.72156864, 280.4: 510.00003), (0.7254902, 282.4: 510.00003), (0.7294118, 284.4: 497.24927), (0.73333335, 286.3: 497.24927), (0.7372549, 288.3: 510.00003), (0.7411765, 290.3: 510.00003), (0.74509805, 292.3: 510.00003), (0.7490196, 294.3: 497.25314), (0.7529412, 296.2: 497.25314), (0.75686276, 298.2: 510.00003), (0.7607843, 300.2: 510.00003), (0.7647059, 302.2: 510.00003), (0.76862746, 304.2: 510.00003), (0.77254903, 306.2: 522.74695), (0.7764706, 308.3: 522.74695), (0.78039217, 310.3: 510.00003), (0.78431374, 312.3: 510.00003), (0.7882353, 314.3: 510.00003), (0.7921569, 316.3: 510.0039), (0.7960784, 318.3: 522.7547), (0.79999995, 320.4: 522.7508), (0.8039215, 322.4: 510.00003), (0.8078431, 324.4: 522.74677), (0.8117647, 326.5: 522.74677), (0.8156863, 328.5: 522.7508), (0.81960785, 330.6: 522.7508), (0.8235294, 332.6: 522.7508), (0.827451, 334.7: 522.7508), (0.83137256, 336.7: 522.74695), (0.8352941, 338.8: 522.74695), (0.8392157, 340.8: 522.7508), (0.84313726, 342.9: 522.7508), (0.84705883, 344.9: 395.2508), (0.8509804, 346.0: 408.0016), (0.85490197, 348.1: 510.00003), (0.85882354, 350.0: 471.74768), (0.8627451, 351.8: 446.25003), (0.8666667, 353.5: 446.25003), (0.87058824, 355.3: 446.25003), (0.8745098, 357.0: 471.7516), (0.8784314, 359.0: 510.00003), (0.88235295, 361.0: 510.00003), (0.8862745, 363.0: 510.00003), (0.8901961, 365.0: 548.2485), (0.89411765, 367.3: 599.2516), (0.8980392, 369.7: 599.2516), (0.9019608, 372.0: 548.2485), (0.90588236, 374.0: 510.00003), (0.9098039, 376.0: 510.00003), (0.9137255, 378.0: 510.00003), (0.91764706, 380.0: 484.49847), (0.92156863, 381.8: 446.25003), (0.9254902, 383.5: 446.25003), (0.92941177, 385.3: 446.25003), (0.93333334, 387.0: 471.7516), (0.9372549, 389.0: 510.00003), (0.9411765, 391.0: 510.00003), (0.94509804, 393.0: 510.00003), (0.9490196, 395.0: 510.00003), (0.9529412, 397.0: 510.00003), (0.95686275, 399.0: 510.00003), (0.9607843, 401.0: 510.00003), (0.9647059, 403.0: 548.2485), (0.96862745, 405.3: 573.75006), (0.972549, 407.5: 573.75006), (0.9764706, 409.8: 573.75006), (0.98039216, 412.0: 484.50238), (0.9843137, 413.6: 408.0016), (0.9882353, 415.2: 407.99768), (0.99215686, 416.8: 407.99768), (0.99607843, 418.4: 147.92522), (1.0, 420.0: 1215.0332), (1.0039215, 444.684: 1322.3958), (1.0078431, 446.423: 145.03476), (1.0117646, 447.582: 369.4952), (1.0156863, 449.321: 443.31622), (1.0196078, 451.059: 369.49356), (1.0235294, 452.219: 369.49744), (1.0274509, 453.957: 443.32013), (1.0313725, 455.696: 369.4952), (1.035294, 456.855: 369.49133), (1.0392157, 458.594: 443.44464), (1.0431372, 460.333: 369.49744), (1.0470588, 461.492: 369.48682), (1.0509804, 463.231: 443.44464), (1.054902, 464.97: 369.49744), (1.0588236, 466.129: 369.49744), (1.0627451, 467.868: 443.44464), (1.0666667, 469.607: 369.49133), (1.0705882, 470.766: 369.4952), (1.0745099, 472.505: 443.44464), (1.0784314, 474.244: 369.49744), (1.082353, 475.403: 369.49744), (1.0862745, 477.142: 443.44464), (1.0901961, 478.881: 369.4952), (1.0941176, 480.04: 369.49133), (1.0980393, 481.779: 443.31622), (1.1019608, 483.517: 369.49744), (1.1058824, 484.677: 369.62195), (1.1098039, 486.416: 443.31622), (1.1137255, 488.154: 369.4952), (1.117647, 489.314: 369.4952), (1.1215687, 491.052: 443.31622), (1.1254902, 492.791: 369.49744), (1.1294118, 493.95: 369.49744), (1.1333333, 495.689: 443.44464), (1.137255, 497.428: 369.4952), (1.1411765, 498.587: 369.49133), (1.1450981, 500.326: 443.44464), (1.1490196, 502.065: 369.49744), (1.1529412, 503.224: 369.49744), (1.1568627, 504.963: 443.44464), (1.1607844, 506.702: 369.49133), (1.1647059, 507.861: 369.50195), (1.1686274, 509.6: 443.44464), (1.172549, 511.339: 369.49133), (1.1764705, 512.498: 369.4952), (1.1803921, 514.237: 443.44852), (1.1843137, 515.976: 369.49744), (1.1882353, 517.135: 369.49744), (1.1921568, 518.874: 443.31622), (1.1960784, 520.612: 369.48743), (1.1999999, 521.772: 369.4952), (1.2039216, 523.51: 443.324), (1.2078431, 525.249: 369.62195), (1.2117647, 526.409: 369.4897), (1.2156862, 528.147: 443.31622), (1.2196078, 529.886: 369.4952), (1.2235293, 531.045: 369.4952), (1.227451, 532.784: 443.44852), (1.2313725, 534.523: 369.49744), (1.2352941, 535.682: 369.49072), (1.2392157, 537.421: 443.434), (1.2431374, 539.16: 369.48743), (1.2470589, 540.319: 369.4952), (1.2509805, 542.058: 443.44852), (1.254902, 543.797: 369.49744), (1.2588236, 544.956: 369.49744), (1.2627451, 546.695: 443.44852), (1.2666668, 548.434: 369.4952), (1.2705883, 549.593: 369.49417), (1.2745098, 551.332: 443.44073), (1.2784314, 553.071: 369.4952), (1.2823529, 554.23: 369.4952), (1.2862746, 555.969: 443.31622), (1.2901961, 557.707: 369.49744), (1.2941177, 558.867: 369.49744), (1.2980392, 560.605: 443.31622), (1.3019608, 562.344: 369.4952), (1.3058823, 563.503: 369.4952), (1.309804, 565.242: 443.44852), (1.3137255, 566.981: 369.49744), (1.3176471, 568.14: 369.49744), (1.3215686, 569.879: 443.44073), (1.3254902, 571.618: 369.48743), (1.3294117, 572.777: 369.4952), (1.3333334, 574.516: 443.44852), (1.3372549, 576.255: 369.49744), (1.3411765, 577.414: 369.49744), (1.345098, 579.153: 443.44852), (1.3490196, 580.892: 369.4952), (1.3529412, 582.051: 369.48743), (1.3568628, 583.79: 443.44073), (1.3607843, 585.529: 369.49744), (1.3647059, 586.688: 369.49744), (1.3686274, 588.427: 443.31622), (1.372549, 590.165: 369.4952), (1.3764706, 591.325: 369.50195), (1.3803921, 593.063: 443.31622), (1.3843137, 594.802: 369.61972), (1.3882352, 595.962: 369.4952), (1.3921568, 597.7: 443.324), (1.3960783, 599.439: 369.49744), (1.4, 600.598: 369.4897), (1.4039215, 602.337: 443.44073), (1.4078431, 604.076: 369.4952), (1.4117646, 605.235: 369.4952), (1.4156862, 606.974: 443.44852), (1.4196078, 608.713: 369.49744), (1.4235294, 609.872: 369.49744), (1.4274509, 611.611: 443.434), (1.4313726, 613.35: 369.48068), (1.4352942, 614.509: 369.4952), (1.4392158, 616.248: 369.4952), (1.4431373, 617.407: 369.4952), (1.4470589, 619.146: 443.44852), (1.4509804, 620.885: 369.49744), (1.454902, 622.044: 369.49744), (1.4588236, 623.783: 443.44073), (1.4627452, 625.522: 369.4952), (1.4666667, 626.681: 369.4952), (1.4705883, 628.42: 443.31622), (1.4745098, 630.158: 369.49744), (1.4784315, 631.318: 369.49744), (1.482353, 633.056: 443.32297), (1.4862745, 634.795: 369.62195), (1.4901961, 635.955: 369.49744), (1.4941176, 637.693: 443.31622), (1.4980392, 639.432: 369.4952), (1.5019608, 640.591: 369.4952), (1.5058824, 642.33: 443.44073), (1.5098039, 644.069: 369.49744), (1.5137255, 645.228: 369.49744), (1.517647, 646.967: 443.44073), (1.5215687, 648.706: 369.4952), (1.5254902, 649.865: 369.4952), (1.5294118, 651.604: 443.44852), (1.5333333, 653.343: 369.49744), (1.5372549, 654.502: 369.49744), (1.5411764, 656.241: 443.44073), (1.5450981, 657.98: 369.48743), (1.5490196, 659.139: 369.4952), (1.5529412, 660.878: 443.44852), (1.5568627, 662.617: 369.49744), (1.5607843, 663.776: 369.49744), (1.5647058, 665.515: 443.31622), (1.5686275, 667.253: 369.4952), (1.572549, 668.413: 369.4952), (1.5764706, 670.151: 443.31622), (1.5803921, 671.89: 369.49744), (1.5843138, 673.049: 369.49744), (1.5882353, 674.788: 443.44748), (1.5921568, 676.527: 369.4897), (1.5960784, 677.686: 369.49744), (1.5999999, 679.425: 443.44852), (1.6039215, 681.164: 369.4952), (1.607843, 682.323: 369.4952), (1.6117647, 684.062: 443.44852), (1.6156862, 685.801: 369.49744), (1.6196078, 686.96: 369.4829), (1.6235294, 688.699: 443.434), (1.6274511, 690.438: 369.4952), (1.6313726, 691.597: 369.4952), (1.6352942, 693.336: 443.44852), (1.6392157, 695.075: 369.49744), (1.6431373, 696.234: 369.49744), (1.6470588, 697.973: 443.31622), (1.6509805, 699.711: 369.48743), (1.654902, 700.871: 369.4952), (1.6588236, 702.609: 443.324), (1.6627451, 704.348: 369.62195), (1.6666667, 705.508: 369.4897), (1.6705883, 707.246: 443.31622), (1.6745099, 708.985: 369.4952), (1.6784314, 710.144: 369.4952), (1.682353, 711.883: 443.44852), (1.6862745, 713.622: 369.49744), (1.6901962, 714.781: 369.49744), (1.6941177, 716.52: 443.44748), (1.6980392, 718.259: 369.49744), (1.7019608, 719.418: 369.49744), (1.7058823, 721.157: 443.44073), (1.7098039, 722.896: 369.4952), (1.7137254, 724.055: 369.4952), (1.7176471, 725.794: 443.44852), (1.7215686, 727.533: 369.49744), (1.7254902, 728.692: 369.49744), (1.7294117, 730.431: 443.44073), (1.7333333, 732.17: 369.48743), (1.7372549, 733.329: 369.4952), (1.7411765, 735.068: 443.324), (1.745098, 736.806: 369.49744), (1.7490196, 737.966: 369.4897), (1.7529411, 739.704: 443.31622), (1.7568628, 741.443: 369.4952), (1.7607843, 742.602: 369.4952), (1.7647059, 744.341: 443.44852), (1.7686274, 746.08: 369.49744), (1.772549, 747.239: 369.49744), (1.7764705, 748.978: 443.44073), (1.7803922, 750.717: 369.48743), (1.7843137, 751.876: 369.4952), (1.7882353, 753.615: 443.44852), (1.7921568, 755.354: 369.49744), (1.7960784, 756.513: 369.49744), (1.8, 758.252: 443.44852), (1.8039216, 759.991: 369.4952), (1.8078431, 761.15: 369.48743), (1.8117647, 762.889: 443.434), (1.8156863, 764.628: 369.4952), (1.8196079, 765.787: 369.4952), (1.8235295, 767.526: 443.31622), (1.827451, 769.264: 369.49744), (1.8313726, 770.424: 369.62976), (1.8352941, 772.163: 443.31622), (1.8392158, 773.901: 369.48743), (1.8431373, 775.061: 369.4952), (1.8470589, 776.799: 443.324), (1.8509804, 778.538: 369.49744), (1.854902, 779.697: 369.4897), (1.8588235, 781.436: 443.44073), (1.8627452, 783.175: 369.4952), (1.8666667, 784.334: 369.4952), (1.8705883, 786.073: 443.44852), (1.8745098, 787.812: 369.49744), (1.8784314, 788.971: 369.49744), (1.882353, 790.71: 443.44073), (1.8862746, 792.449: 369.48743), (1.8901961, 793.608: 369.4952), (1.8941177, 795.347: 443.44852), (1.8980392, 797.086: 369.49744), (1.9019608, 798.245: 371.53638), (1.9058824, 800.0: 447.53308)]}
  mMaxGamma=3.0
  mAutoBrightnessAdjustment=0.0
UserOffsetManager:

  sDebugLogging: false
  mDefaultConfig=BrightnessConfiguration{[(0.0, 10.62), (1.0, 15.045), (2.0, 22.125), (3.0, 26.55), (4.0, 30.975), (5.0, 35.4), (10.0, 54.87), (15.0, 75.225), (20.0, 95.58), (25.0, 105.315), (30.0, 105.315), (35.0, 105.315), (40.0, 108.854996), (45.0, 108.854996), (50.0, 111.51), (100.0, 118.59), (300.0, 134.52), (500.0, 157.53), (1000.0, 220.36499), (2000.0, 371.69998), (2999.0, 371.69998), (3000.0, 468.0), (4000.0, 515.0), (5000.0, 563.0), (6000.0, 610.0), (7000.0, 658.0), (8000.0, 705.0), (9000.0, 753.0), (10000.0, 776.0), (20000.0, 800.0), (40000.0, 800.0)], {}, ', shouldCollectColorSamples = false, shortTermModelTimeout = 600000, shortTermModelLowerLuxMultiplier = 0.6, shortTermModelUpperLuxMultiplier = 0.6'}
  mBrightnessRangeAdjustmentApplied=false
  SEC_FEATURE_SUPPORT_LEGACY_PERFORMANCE_MODE=true

HysteresisLevels
  mHysteresisBrightSpline=MonotoneCubicSpline{[(0.0, 10.0: 7.0), (10.0, 80.0: 7.5), (15.0, 120.0: 6.5714283), (50.0, 300.0: 3.5714285), (100.0, 400.0: 2.25), (300.0, 900.0: 2.25), (500.0, 1300.0: 1.7), (1000.0, 2000.0: 1.7), (2000.0, 4000.0: 0.0), (2999.0, 4000.0: 0.0), (3000.0, 5000.0: 2.999994), (4000.0, 6000.0: 0.005993994), (5000.0, 7000.0: 1.0), (6000.0, 8000.0: 1.0), (7000.0, 9000.0: 0.5366563), (8000.0, 10000.0: 2.9516098), (9000.0, 20000.0: 0.0), (10000.0, 20000.0: 0.0), (20000.0, 40000.0: 6.0), (40000.0, 999999.0: 47.99995)]}
  mHysteresisDarkSpline=MonotoneCubicSpline{[(0.0, -1.0: 0.2), (5.0, 0.0: 0.0), (9.0, 0.0: 0.0), (10.0, 3.0: 0.39775556), (25.0, 5.0: 0.04231442), (50.0, 10.0: 0.4), (100.0, 40.0: 0.14825575), (300.0, 50.0: 0.020539753), (500.0, 60.0: 0.14858706), (1000.0, 200.0: 0.34), (2000.0, 600.0: 0.0), (2999.0, 600.0: 0.0), (3000.0, 800.0: 0.59996384), (4000.0, 1000.0: 0.006590012), (5000.0, 2999.0: 0.0), (6000.0, 2999.0: 0.0), (7000.0, 3000.0: 0.0030000003), (8000.0, 4000.0: 0.0), (9000.0, 4000.0: 0.0), (10000.0, 5000.0: 0.0), (20000.0, 5000.0: 0.0), (40000.0, 20000.0: 0.75)]}
Automatic Brightness Adjustments Last 100 Events: 
  2026-09-11 11:36:48 - BrightnessEvent: disp=0, brt=1.0, rcmdBrt=NaN, preBrt=NaN, lux=0.0, preLux=0.0, hbmMax=1.0, hbmMode=off, thrmMax=1.0, flags=, reason=manual
  2026-09-11 11:38:16 - BrightnessEvent: disp=0, brt=0.0, rcmdBrt=NaN, preBrt=NaN, lux=0.0, preLux=0.0, hbmMax=1.0, hbmMode=off, thrmMax=1.0, flags=, reason=screen_off
  2026-09-11 11:41:17 - BrightnessEvent: disp=0, brt=1.0, rcmdBrt=NaN, preBrt=NaN, lux=0.0, preLux=0.0, hbmMax=1.0, hbmMode=off, thrmMax=1.0, flags=, reason=manual
  2026-09-11 11:43:24 - BrightnessEvent: disp=0, brt=0.0, rcmdBrt=NaN, preBrt=NaN, lux=0.0, preLux=0.0, hbmMax=1.0, hbmMode=off, thrmMax=1.0, flags=, reason=screen_off
  2026-09-11 11:43:42 - BrightnessEvent: disp=0, brt=1.0, rcmdBrt=NaN, preBrt=NaN, lux=0.0, preLux=0.0, hbmMax=1.0, hbmMode=off, thrmMax=1.0, flags=, reason=manual
  2026-09-11 11:45:50 - BrightnessEvent: disp=0, brt=0.0, rcmdBrt=NaN, preBrt=NaN, lux=0.0, preLux=0.0, hbmMax=1.0, hbmMode=off, thrmMax=1.0, flags=, reason=screen_off
  2026-09-11 11:50:48 - BrightnessEvent: disp=0, brt=1.0, rcmdBrt=NaN, preBrt=NaN, lux=0.0, preLux=0.0, hbmMax=1.0, hbmMode=off, thrmMax=1.0, flags=, reason=manual
  2026-09-11 11:52:32 - BrightnessEvent: disp=0, brt=0.0, rcmdBrt=NaN, preBrt=NaN, lux=0.0, preLux=0.0, hbmMax=1.0, hbmMode=off, thrmMax=1.0, flags=, reason=screen_off
  2026-09-11 11:52:50 - BrightnessEvent: disp=0, brt=1.0, rcmdBrt=NaN, preBrt=NaN, lux=0.0, preLux=0.0, hbmMax=1.0, hbmMode=off, thrmMax=1.0, flags=, reason=manual
  2026-09-11 11:54:33 - BrightnessEvent: disp=0, brt=0.0, rcmdBrt=NaN, preBrt=NaN, lux=0.0, preLux=0.0, hbmMax=1.0, hbmMode=off, thrmMax=1.0, flags=, reason=screen_off
  2026-09-11 11:54:50 - BrightnessEvent: disp=0, brt=1.0, rcmdBrt=NaN, preBrt=NaN, lux=0.0, preLux=0.0, hbmMax=1.0, hbmMode=off, thrmMax=1.0, flags=, reason=manual
  2026-09-11 11:56:33 - BrightnessEvent: disp=0, brt=0.0, rcmdBrt=NaN, preBrt=NaN, lux=0.0, preLux=0.0, hbmMax=1.0, hbmMode=off, thrmMax=1.0, flags=, reason=screen_off
  2026-09-11 11:56:51 - BrightnessEvent: disp=0, brt=1.0, rcmdBrt=NaN, preBrt=NaN, lux=0.0, preLux=0.0, hbmMax=1.0, hbmMode=off, thrmMax=1.0, flags=, reason=manual
  2026-09-11 11:58:36 - BrightnessEvent: disp=0, brt=0.0, rcmdBrt=NaN, preBrt=NaN, lux=0.0, preLux=0.0, hbmMax=1.0, hbmMode=off, thrmMax=1.0, flags=, reason=screen_off
  2026-09-11 11:59:01 - BrightnessEvent: disp=0, brt=1.0, rcmdBrt=NaN, preBrt=NaN, lux=0.0, preLux=0.0, hbmMax=1.0, hbmMode=off, thrmMax=1.0, flags=, reason=manual
  2026-09-11 12:03:55 - BrightnessEvent: disp=0, brt=0.0, rcmdBrt=NaN, preBrt=NaN, lux=0.0, preLux=0.0, hbmMax=1.0, hbmMode=off, thrmMax=1.0, flags=, reason=screen_off
  2026-09-11 12:03:58 - BrightnessEvent: disp=0, brt=1.0, rcmdBrt=NaN, preBrt=NaN, lux=0.0, preLux=0.0, hbmMax=1.0, hbmMode=off, thrmMax=1.0, flags=, reason=manual
  2026-09-11 12:11:04 - BrightnessEvent: disp=0, brt=0.0, rcmdBrt=NaN, preBrt=NaN, lux=0.0, preLux=0.0, hbmMax=1.0, hbmMode=off, thrmMax=1.0, flags=, reason=screen_off
  2026-09-11 14:49:21 - BrightnessEvent: disp=0, brt=1.0, rcmdBrt=NaN, preBrt=NaN, lux=0.0, preLux=0.0, hbmMax=1.0, hbmMode=off, thrmMax=1.0, flags=, reason=manual
  2026-09-11 14:51:18 - BrightnessEvent: disp=0, brt=0.0, rcmdBrt=NaN, preBrt=NaN, lux=0.0, preLux=0.0, hbmMax=1.0, hbmMode=off, thrmMax=1.0, flags=, reason=screen_off
  2026-09-11 14:52:46 - BrightnessEvent: disp=0, brt=1.0, rcmdBrt=NaN, preBrt=NaN, lux=0.0, preLux=0.0, hbmMax=1.0, hbmMode=off, thrmMax=1.0, flags=, reason=manual
  2026-09-11 14:56:07 - BrightnessEvent: disp=0, brt=0.0, rcmdBrt=NaN, preBrt=NaN, lux=0.0, preLux=0.0, hbmMax=1.0, hbmMode=off, thrmMax=1.0, flags=, reason=screen_off
  2026-09-11 14:56:27 - BrightnessEvent: disp=0, brt=1.0, rcmdBrt=NaN, preBrt=NaN, lux=0.0, preLux=0.0, hbmMax=1.0, hbmMode=off, thrmMax=1.0, flags=, reason=manual
  2026-09-11 14:59:52 - BrightnessEvent: disp=0, brt=0.0, rcmdBrt=NaN, preBrt=NaN, lux=0.0, preLux=0.0, hbmMax=1.0, hbmMode=off, thrmMax=1.0, flags=, reason=screen_off
  2026-09-11 15:00:11 - BrightnessEvent: disp=0, brt=1.0, rcmdBrt=NaN, preBrt=NaN, lux=0.0, preLux=0.0, hbmMax=1.0, hbmMode=off, thrmMax=1.0, flags=, reason=manual
  2026-09-11 15:03:32 - BrightnessEvent: disp=0, brt=0.0, rcmdBrt=NaN, preBrt=NaN, lux=0.0, preLux=0.0, hbmMax=1.0, hbmMode=off, thrmMax=1.0, flags=, reason=screen_off
  2026-09-11 15:03:50 - BrightnessEvent: disp=0, brt=1.0, rcmdBrt=NaN, preBrt=NaN, lux=0.0, preLux=0.0, hbmMax=1.0, hbmMode=off, thrmMax=1.0, flags=, reason=manual
  2026-09-11 15:07:12 - BrightnessEvent: disp=0, brt=0.0, rcmdBrt=NaN, preBrt=NaN, lux=0.0, preLux=0.0, hbmMax=1.0, hbmMode=off, thrmMax=1.0, flags=, reason=screen_off
  2026-09-11 15:07:31 - BrightnessEvent: disp=0, brt=1.0, rcmdBrt=NaN, preBrt=NaN, lux=0.0, preLux=0.0, hbmMax=1.0, hbmMode=off, thrmMax=1.0, flags=, reason=manual
  2026-09-11 15:10:54 - BrightnessEvent: disp=0, brt=0.0, rcmdBrt=NaN, preBrt=NaN, lux=0.0, preLux=0.0, hbmMax=1.0, hbmMode=off, thrmMax=1.0, flags=, reason=screen_off
  2026-09-11 15:11:13 - BrightnessEvent: disp=0, brt=1.0, rcmdBrt=NaN, preBrt=NaN, lux=0.0, preLux=0.0, hbmMax=1.0, hbmMode=off, thrmMax=1.0, flags=, reason=manual
  2026-09-11 15:14:35 - BrightnessEvent: disp=0, brt=0.0, rcmdBrt=NaN, preBrt=NaN, lux=0.0, preLux=0.0, hbmMax=1.0, hbmMode=off, thrmMax=1.0, flags=, reason=screen_off
  2026-09-11 15:27:30 - BrightnessEvent: disp=0, brt=1.0, rcmdBrt=NaN, preBrt=NaN, lux=0.0, preLux=0.0, hbmMax=1.0, hbmMode=off, thrmMax=1.0, flags=, reason=manual
  2026-09-11 15:36:26 - BrightnessEvent: disp=0, brt=0.0, rcmdBrt=NaN, preBrt=NaN, lux=0.0, preLux=0.0, hbmMax=1.0, hbmMode=off, thrmMax=1.0, flags=, reason=screen_off
  2026-09-11 16:06:54 - BrightnessEvent: disp=0, brt=1.0, rcmdBrt=NaN, preBrt=NaN, lux=0.0, preLux=0.0, hbmMax=1.0, hbmMode=off, thrmMax=1.0, flags=, reason=manual
  2026-09-11 16:12:03 - BrightnessEvent: disp=0, brt=0.0, rcmdBrt=NaN, preBrt=NaN, lux=0.0, preLux=0.0, hbmMax=1.0, hbmMode=off, thrmMax=1.0, flags=, reason=screen_off
  2026-09-11 16:21:55 - BrightnessEvent: disp=0, brt=1.0, rcmdBrt=NaN, preBrt=NaN, lux=0.0, preLux=0.0, hbmMax=1.0, hbmMode=off, thrmMax=1.0, flags=, reason=manual
  2026-09-11 16:22:48 - BrightnessEvent: disp=0, brt=0.0, rcmdBrt=NaN, preBrt=NaN, lux=0.0, preLux=0.0, hbmMax=1.0, hbmMode=off, thrmMax=1.0, flags=, reason=screen_off
  2026-09-11 16:38:20 - BrightnessEvent: disp=0, brt=1.0, rcmdBrt=NaN, preBrt=NaN, lux=0.0, preLux=0.0, hbmMax=1.0, hbmMode=off, thrmMax=1.0, flags=, reason=manual
  2026-09-11 16:38:36 - BrightnessEvent: disp=0, brt=0.0, rcmdBrt=NaN, preBrt=NaN, lux=0.0, preLux=0.0, hbmMax=1.0, hbmMode=off, thrmMax=1.0, flags=, reason=screen_off
  2026-09-11 23:53:53 - BrightnessEvent: disp=0, brt=1.0, rcmdBrt=NaN, preBrt=NaN, lux=0.0, preLux=0.0, hbmMax=1.0, hbmMode=off, thrmMax=1.0, flags=, reason=manual
  2026-09-11 23:54:35 - BrightnessEvent: disp=0, brt=0.0, rcmdBrt=NaN, preBrt=NaN, lux=0.0, preLux=0.0, hbmMax=1.0, hbmMode=off, thrmMax=1.0, flags=, reason=screen_off
  2026-09-11 23:55:36 - BrightnessEvent: disp=0, brt=1.0, rcmdBrt=NaN, preBrt=NaN, lux=0.0, preLux=0.0, hbmMax=1.0, hbmMode=off, thrmMax=1.0, flags=, reason=manual
  2026-09-11 23:55:59 - BrightnessEvent: disp=0, brt=0.0, rcmdBrt=NaN, preBrt=NaN, lux=0.0, preLux=0.0, hbmMax=1.0, hbmMode=off, thrmMax=1.0, flags=, reason=screen_off
  2026-09-12 00:46:19 - BrightnessEvent: disp=0, brt=1.0, rcmdBrt=NaN, preBrt=NaN, lux=0.0, preLux=0.0, hbmMax=1.0, hbmMode=off, thrmMax=1.0, flags=, reason=manual
  2026-09-12 00:46:34 - BrightnessEvent: disp=0, brt=0.0, rcmdBrt=NaN, preBrt=NaN, lux=0.0, preLux=0.0, hbmMax=1.0, hbmMode=off, thrmMax=1.0, flags=, reason=screen_off
  2026-09-12 00:47:06 - BrightnessEvent: disp=0, brt=1.0, rcmdBrt=NaN, preBrt=NaN, lux=0.0, preLux=0.0, hbmMax=1.0, hbmMode=off, thrmMax=1.0, flags=, reason=manual
  2026-09-12 00:47:21 - BrightnessEvent: disp=0, brt=0.0, rcmdBrt=NaN, preBrt=NaN, lux=0.0, preLux=0.0, hbmMax=1.0, hbmMode=off, thrmMax=1.0, flags=, reason=screen_off
  2026-09-12 00:47:47 - BrightnessEvent: disp=0, brt=1.0, rcmdBrt=NaN, preBrt=NaN, lux=0.0, preLux=0.0, hbmMax=1.0, hbmMode=off, thrmMax=1.0, flags=, reason=manual
  2026-09-12 00:48:02 - BrightnessEvent: disp=0, brt=0.0, rcmdBrt=NaN, preBrt=NaN, lux=0.0, preLux=0.0, hbmMax=1.0, hbmMode=off, thrmMax=1.0, flags=, reason=screen_off
  2026-09-12 00:58:47 - BrightnessEvent: disp=0, brt=1.0, rcmdBrt=NaN, preBrt=NaN, lux=0.0, preLux=0.0, hbmMax=1.0, hbmMode=off, thrmMax=1.0, flags=, reason=manual
  2026-09-12 00:59:02 - BrightnessEvent: disp=0, brt=0.0, rcmdBrt=NaN, preBrt=NaN, lux=0.0, preLux=0.0, hbmMax=1.0, hbmMode=off, thrmMax=1.0, flags=, reason=screen_off
  2026-09-12 01:02:48 - BrightnessEvent: disp=0, brt=1.0, rcmdBrt=NaN, preBrt=NaN, lux=0.0, preLux=0.0, hbmMax=1.0, hbmMode=off, thrmMax=1.0, flags=, reason=manual
  2026-09-12 01:03:02 - BrightnessEvent: disp=0, brt=0.0, rcmdBrt=NaN, preBrt=NaN, lux=0.0, preLux=0.0, hbmMax=1.0, hbmMode=off, thrmMax=1.0, flags=, reason=screen_off
  2026-09-12 01:21:02 - BrightnessEvent: disp=0, brt=1.0, rcmdBrt=NaN, preBrt=NaN, lux=0.0, preLux=0.0, hbmMax=1.0, hbmMode=off, thrmMax=1.0, flags=, reason=manual
  2026-09-12 01:21:11 - BrightnessEvent: disp=0, brt=0.0, rcmdBrt=NaN, preBrt=NaN, lux=0.0, preLux=0.0, hbmMax=1.0, hbmMode=off, thrmMax=1.0, flags=, reason=screen_off
  2026-09-12 01:26:26 - BrightnessEvent: disp=0, brt=1.0, rcmdBrt=NaN, preBrt=NaN, lux=0.0, preLux=0.0, hbmMax=1.0, hbmMode=off, thrmMax=1.0, flags=, reason=manual
  2026-09-12 01:28:06 - BrightnessEvent: disp=0, brt=0.0, rcmdBrt=NaN, preBrt=NaN, lux=0.0, preLux=0.0, hbmMax=1.0, hbmMode=off, thrmMax=1.0, flags=, reason=screen_off
  2026-09-12 01:31:26 - BrightnessEvent: disp=0, brt=1.0, rcmdBrt=NaN, preBrt=NaN, lux=0.0, preLux=0.0, hbmMax=1.0, hbmMode=off, thrmMax=1.0, flags=, reason=manual
  2026-09-12 01:35:08 - BrightnessEvent: disp=0, brt=0.0, rcmdBrt=NaN, preBrt=NaN, lux=0.0, preLux=0.0, hbmMax=1.0, hbmMode=off, thrmMax=1.0, flags=, reason=screen_off
  2026-09-12 01:38:07 - BrightnessEvent: disp=0, brt=1.0, rcmdBrt=NaN, preBrt=NaN, lux=0.0, preLux=0.0, hbmMax=1.0, hbmMode=off, thrmMax=1.0, flags=, reason=manual
  2026-09-12 02:00:57 - BrightnessEvent: disp=0, brt=0.0, rcmdBrt=NaN, preBrt=NaN, lux=0.0, preLux=0.0, hbmMax=1.0, hbmMode=off, thrmMax=1.0, flags=, reason=screen_off
  2026-09-12 02:01:21 - BrightnessEvent: disp=0, brt=1.0, rcmdBrt=NaN, preBrt=NaN, lux=0.0, preLux=0.0, hbmMax=1.0, hbmMode=off, thrmMax=1.0, flags=, reason=manual
  2026-09-12 02:02:49 - BrightnessEvent: disp=0, brt=0.0, rcmdBrt=NaN, preBrt=NaN, lux=0.0, preLux=0.0, hbmMax=1.0, hbmMode=off, thrmMax=1.0, flags=, reason=screen_off
  2026-09-12 02:03:11 - BrightnessEvent: disp=0, brt=1.0, rcmdBrt=NaN, preBrt=NaN, lux=0.0, preLux=0.0, hbmMax=1.0, hbmMode=off, thrmMax=1.0, flags=, reason=manual
  2026-09-12 02:20:33 - BrightnessEvent: disp=0, brt=0.0, rcmdBrt=NaN, preBrt=NaN, lux=0.0, preLux=0.0, hbmMax=1.0, hbmMode=off, thrmMax=1.0, flags=, reason=screen_off
  2026-09-12 02:49:46 - BrightnessEvent: disp=0, brt=1.0, rcmdBrt=NaN, preBrt=NaN, lux=0.0, preLux=0.0, hbmMax=1.0, hbmMode=off, thrmMax=1.0, flags=, reason=manual
  2026-09-12 02:51:53 - BrightnessEvent: disp=0, brt=0.0, rcmdBrt=NaN, preBrt=NaN, lux=0.0, preLux=0.0, hbmMax=1.0, hbmMode=off, thrmMax=1.0, flags=, reason=screen_off
  2026-09-12 02:51:57 - BrightnessEvent: disp=0, brt=1.0, rcmdBrt=NaN, preBrt=NaN, lux=0.0, preLux=0.0, hbmMax=1.0, hbmMode=off, thrmMax=1.0, flags=, reason=manual
  2026-09-12 02:53:38 - BrightnessEvent: disp=0, brt=0.0, rcmdBrt=NaN, preBrt=NaN, lux=0.0, preLux=0.0, hbmMax=1.0, hbmMode=off, thrmMax=1.0, flags=, reason=screen_off
  2026-09-12 02:53:38 - BrightnessEvent: disp=0, brt=1.0, rcmdBrt=NaN, preBrt=NaN, lux=0.0, preLux=0.0, hbmMax=1.0, hbmMode=off, thrmMax=1.0, flags=, reason=manual
  2026-09-12 02:59:07 - BrightnessEvent: disp=0, brt=0.0, rcmdBrt=NaN, preBrt=NaN, lux=0.0, preLux=0.0, hbmMax=1.0, hbmMode=off, thrmMax=1.0, flags=, reason=screen_off
  2026-09-12 03:46:17 - BrightnessEvent: disp=0, brt=1.0, rcmdBrt=NaN, preBrt=NaN, lux=0.0, preLux=0.0, hbmMax=1.0, hbmMode=off, thrmMax=1.0, flags=, reason=manual
  2026-09-12 03:46:24 - BrightnessEvent: disp=0, brt=0.0, rcmdBrt=NaN, preBrt=NaN, lux=0.0, preLux=0.0, hbmMax=1.0, hbmMode=off, thrmMax=1.0, flags=, reason=screen_off
  2026-09-12 04:00:37 - BrightnessEvent: disp=0, brt=1.0, rcmdBrt=NaN, preBrt=NaN, lux=0.0, preLux=0.0, hbmMax=1.0, hbmMode=off, thrmMax=1.0, flags=, reason=manual
  2026-09-12 04:00:45 - BrightnessEvent: disp=0, brt=0.0, rcmdBrt=NaN, preBrt=NaN, lux=0.0, preLux=0.0, hbmMax=1.0, hbmMode=off, thrmMax=1.0, flags=, reason=screen_off
  2026-09-12 04:02:59 - BrightnessEvent: disp=0, brt=1.0, rcmdBrt=NaN, preBrt=NaN, lux=0.0, preLux=0.0, hbmMax=1.0, hbmMode=off, thrmMax=1.0, flags=, reason=manual
  2026-09-12 04:03:12 - BrightnessEvent: disp=0, brt=0.0, rcmdBrt=NaN, preBrt=NaN, lux=0.0, preLux=0.0, hbmMax=1.0, hbmMode=off, thrmMax=1.0, flags=, reason=screen_off
  2026-09-12 04:05:13 - BrightnessEvent: disp=0, brt=1.0, rcmdBrt=NaN, preBrt=NaN, lux=0.0, preLux=0.0, hbmMax=1.0, hbmMode=off, thrmMax=1.0, flags=, reason=manual
  2026-09-12 04:05:30 - BrightnessEvent: disp=0, brt=0.0, rcmdBrt=NaN, preBrt=NaN, lux=0.0, preLux=0.0, hbmMax=1.0, hbmMode=off, thrmMax=1.0, flags=, reason=screen_off
  2026-09-12 09:00:49 - BrightnessEvent: disp=0, brt=1.0, rcmdBrt=NaN, preBrt=NaN, lux=0.0, preLux=0.0, hbmMax=1.0, hbmMode=off, thrmMax=1.0, flags=, reason=manual
  2026-09-12 09:01:04 - BrightnessEvent: disp=0, brt=0.0, rcmdBrt=NaN, preBrt=NaN, lux=0.0, preLux=0.0, hbmMax=1.0, hbmMode=off, thrmMax=1.0, flags=, reason=screen_off
  2026-09-12 09:01:56 - BrightnessEvent: disp=0, brt=1.0, rcmdBrt=NaN, preBrt=NaN, lux=0.0, preLux=0.0, hbmMax=1.0, hbmMode=off, thrmMax=1.0, flags=, reason=manual
  2026-09-12 09:02:13 - BrightnessEvent: disp=0, brt=0.0, rcmdBrt=NaN, preBrt=NaN, lux=0.0, preLux=0.0, hbmMax=1.0, hbmMode=off, thrmMax=1.0, flags=, reason=screen_off
  2026-09-12 09:03:02 - BrightnessEvent: disp=0, brt=1.0, rcmdBrt=NaN, preBrt=NaN, lux=0.0, preLux=0.0, hbmMax=1.0, hbmMode=off, thrmMax=1.0, flags=, reason=manual
  2026-09-12 09:03:08 - BrightnessEvent: disp=0, brt=0.0, rcmdBrt=NaN, preBrt=NaN, lux=0.0, preLux=0.0, hbmMax=1.0, hbmMode=off, thrmMax=1.0, flags=, reason=screen_off
  2026-09-12 09:06:36 - BrightnessEvent: disp=0, brt=1.0, rcmdBrt=NaN, preBrt=NaN, lux=0.0, preLux=0.0, hbmMax=1.0, hbmMode=off, thrmMax=1.0, flags=, reason=manual
  2026-09-12 09:07:14 - BrightnessEvent: disp=0, brt=0.0, rcmdBrt=NaN, preBrt=NaN, lux=0.0, preLux=0.0, hbmMax=1.0, hbmMode=off, thrmMax=1.0, flags=, reason=screen_off
  2026-09-12 09:10:06 - BrightnessEvent: disp=0, brt=1.0, rcmdBrt=NaN, preBrt=NaN, lux=0.0, preLux=0.0, hbmMax=1.0, hbmMode=off, thrmMax=1.0, flags=, reason=manual
  2026-09-12 09:12:06 - BrightnessEvent: disp=0, brt=0.0, rcmdBrt=NaN, preBrt=NaN, lux=0.0, preLux=0.0, hbmMax=1.0, hbmMode=off, thrmMax=1.0, flags=, reason=screen_off
  2026-09-12 13:38:58 - BrightnessEvent: disp=0, brt=1.0, rcmdBrt=NaN, preBrt=NaN, lux=0.0, preLux=0.0, hbmMax=1.0, hbmMode=off, thrmMax=1.0, flags=, reason=manual
  2026-09-12 13:39:39 - BrightnessEvent: disp=0, brt=0.0, rcmdBrt=NaN, preBrt=NaN, lux=0.0, preLux=0.0, hbmMax=1.0, hbmMode=off, thrmMax=1.0, flags=, reason=screen_off
  2026-09-12 13:58:51 - BrightnessEvent: disp=0, brt=1.0, rcmdBrt=NaN, preBrt=NaN, lux=0.0, preLux=0.0, hbmMax=1.0, hbmMode=off, thrmMax=1.0, flags=, reason=manual
  2026-09-12 13:58:57 - BrightnessEvent: disp=0, brt=0.0, rcmdBrt=NaN, preBrt=NaN, lux=0.0, preLux=0.0, hbmMax=1.0, hbmMode=off, thrmMax=1.0, flags=, reason=screen_off
  2026-09-12 14:43:37 - BrightnessEvent: disp=0, brt=1.0, rcmdBrt=NaN, preBrt=NaN, lux=0.0, preLux=0.0, hbmMax=1.0, hbmMode=off, thrmMax=1.0, flags=, reason=manual
  2026-09-12 14:46:04 - BrightnessEvent: disp=0, brt=0.0, rcmdBrt=NaN, preBrt=NaN, lux=0.0, preLux=0.0, hbmMax=1.0, hbmMode=off, thrmMax=1.0, flags=, reason=screen_off
  2026-09-12 14:56:11 - BrightnessEvent: disp=0, brt=1.0, rcmdBrt=NaN, preBrt=NaN, lux=0.0, preLux=0.0, hbmMax=1.0, hbmMode=off, thrmMax=1.0, flags=, reason=manual
  2026-09-12 14:59:27 - BrightnessEvent: disp=0, brt=0.0, rcmdBrt=NaN, preBrt=NaN, lux=0.0, preLux=0.0, hbmMax=1.0, hbmMode=off, thrmMax=1.0, flags=, reason=screen_off
  2026-09-12 15:34:06 - BrightnessEvent: disp=0, brt=1.0, rcmdBrt=NaN, preBrt=NaN, lux=0.0, preLux=0.0, hbmMax=1.0, hbmMode=off, thrmMax=1.0, flags=, reason=manual
  2026-09-12 15:35:13 - BrightnessEvent: disp=0, brt=0.0, rcmdBrt=NaN, preBrt=NaN, lux=0.0, preLux=0.0, hbmMax=1.0, hbmMode=off, thrmMax=1.0, flags=, reason=screen_off
HighBrightnessModeController:
  mBrightness=0.0
  mUnthrottledBrightness=0.0
  mThrottlingReason=none
  mCurrentMin=0.0
  mCurrentMax=1.0
  mHbmMode=off
  mHbmStatsState=HBM_OFF
  mHbmData=HBM{minLux: 3000.0, transition: 1.0, timeWindow: 0ms, timeMax: 0ms, timeMin: 0ms, thermalStatusLimit: 0, allowInLowPowerMode: true, minimumHdrPercentOfScreen: 0.5} 
  mAmbientLux=0.0 (old/invalid)
  mIsInAllowedAmbientRange=false
  mIsAutoBrightnessEnabled=false
  mIsAutoBrightnessOffByState=false
  mIsHdrLayerPresent=false
  mBrightnessMin=0.0
  mBrightnessMax=1.9058824
  remainingTime=0
  mIsTimeAvailable= true
  mRunningStartTimeMillis=-1 (1056222052 ms ago)
  mIsThermalStatusWithinLimit=true
  mIsBlockedByLowPowerMode=false
  width*height=1080*2400
  mEvents=
  SkinThermalStatusObserver:
    mStarted: false
    ThermalService not available
BrightnessThrottler:
  mThrottlingData=null
  mThrottlingStatus=-1
  mBrightnessCap=1.0
  mBrightnessMaxReason=none
  SkinThermalStatusObserver:
    mStarted: false
    ThermalService not available

  mLastBrightnessConfigurationTime=77206
  mPendingForceUpdateAb=false

AdaptiveBrightnessLongtermModelBuilder state:
  mStarted=true
  mLastBatteryLevel=1.0
  mLastBrightness=420.0
  mLastLightData.lux=0.0
  mLastLightData.timestamp=0
  mEventsDirty=false
  mEvents.size=7
    08-29 00:58:23.137, userId=0, 118.3->118.3, isUserSetBrightness=false, powerBrightnessFactor=1.0, isDefaultBrightnessConfig=false {(135.0,1787936303130)}
    08-29 01:26:52.956, userId=0, 123.1->121.5, isUserSetBrightness=false, powerBrightnessFactor=1.0, isDefaultBrightnessConfig=false {(142.0,1787938012954)}
    08-29 01:39:16.233, userId=0, 119.9->121.5, isUserSetBrightness=false, powerBrightnessFactor=1.0, isDefaultBrightnessConfig=false {(122.99999,1787938756229)}
    08-29 01:44:13.720, userId=0, 119.9->121.5, isUserSetBrightness=false, powerBrightnessFactor=1.0, isDefaultBrightnessConfig=false {(108.0,1787939053715)}
    08-29 01:51:49.370, userId=0, 123.1->121.5, isUserSetBrightness=false, powerBrightnessFactor=1.0, isDefaultBrightnessConfig=false {(142.0,1787939509373)}
    08-29 02:48:46.930, userId=0, 35.4->121.5, isUserSetBrightness=false, powerBrightnessFactor=1.0, isDefaultBrightnessConfig=false {(5.0,1787942926927)}
    08-29 08:43:21.228, userId=0, 35.4->57.2, isUserSetBrightness=false, powerBrightnessFactor=1.0, isDefaultBrightnessConfig=false {(5.0,1787964201231)}
  mMinimumBrightnessSpline=MonotoneCubicSpline{[(0.0, 0.0: 0.5), (10.0, 5.0: 0.3611111), (100.0, 25.0: 0.13785297), (500.0, 50.0: 0.1270937), (1000.0, 150.0: 0.1250125), (2999.0, 250.0: 0.050025012)]}
  mMaximumBrightnessSpline=LinearSpline{[(0.0, 250.0: 5.0), (10.0, 300.0: 0.5555556), (100.0, 350.0: 0.125), (500.0, 400.0: 0.1), (1000.0, 450.0: -0.015007503), (2999.0, 420.0)]}
  mMaximumBrightnessLimitLux=[10.0, 100.0, 500.0, 1000.0, 2999.0]
  mMaximumBrightnessLimitCount=[0, 0, 0, 0, 0]
  mMaxBrightnessForNonHbmLux=420.0
  mWriteAdaptiveBrightnessLongtermModelBuilderStateScheduled=false
  mAdaptiveBrightnessStatsTrackerStarted=false
  mColorSamplingEnabled=false
  mNoFramesToSample=0
  mFrameRate=0.0

AdaptiveBrightnessStats:
  0 com.android.server.display.AdaptiveBrightnessWeightStats@6eeec969
  SEC_FEATURE_EARLY_WAKEUP=true

[ew] EarlyWakeUpManager:
  mAppliedLocked=false
  mEarlyLightSensorEnabled=false
  mEarlyDisplayEnabled=false
  mLastEnableRequestedTime=0
  now=1056222052
  mHoldingSuspendBlocker=false
    mEarlyLightSensorReadyLocked=true
    mEarlyDisplayReadyLocked=true

  USE_LONG_RAMP_RATE_FOR_NON_HBM=true
  SEC_FEATURE_BRIGHTNESS_CONTROL_BY_EXTRA_DIM=false

BrightnessTracker state:
  mStarted=false
  mLightSensor=null
  mLastBatteryLevel=NaN
  mLastBrightness=-1.0
  mLastSensorReadings.size=0
  mEventsDirty=false
  mEvents.size=0
  mWriteBrightnessTrackerStateScheduled=false
  mSensorRegistered=false
  mColorSamplingEnabled=false
  mNoFramesToSample=0
  mFrameRate=0.0

PersistentDataStore
  mLoaded=true
  mDirty=false
  RememberedWifiDisplays:
  DisplayStates:
    0: local:4630947232161729153
      ColorMode=0
      BrightnessValue=1.0
      DisplayBrightnessConfigurations: 
  

 dumpSetBrightnessConfiguration_1


 User 0:
  set at: 2026-08-28 16:57:18
  set at: 2026-08-29 00:57:18 GMT : 8
  set by: sbs
   BrightnessConfiguration{[(0.0, 10.642408), (1.0, 15.043598), (2.0, 22.125004), (3.0, 26.550007), (4.0, 30.97632), (5.0, 35.4), (6.0, 39.450153), (7.0, 43.336136), (9.0, 50.962482), (10.0, 54.870754), (12.0, 62.948437), (15.0, 75.224556), (18.0, 88.20284), (21.0, 98.51866), (26.0, 104.4003), (31.0, 105.31441), (37.0, 106.56065), (45.0, 108.854996), (53.0, 112.45613), (64.0, 114.99288), (77.0, 116.653305), (92.0, 117.84138), (111.0, 119.760284), (133.0, 121.85065), (160.0, 124.056175), (192.0, 126.34418), (230.0, 128.91414), (276.0, 132.35765), (331.0, 137.67288), (397.0, 145.09615), (477.0, 154.74664), (572.0, 166.18367), (687.0, 180.07965), (824.0, 197.08531), (989.0, 218.84589), (1187.0, 251.38051), (1424.0, 298.39594), (1709.0, 349.028), (2051.0, 371.69693), (2461.0, 375.09894), (2953.0, 378.5324)], {}, 'sbs:0, shouldCollectColorSamples = false'}
   weight:  (14962.184), (14426.909), (13631.252), (12440.992), (11009.509), (9394.085), (7778.668), (6163.2476), (2932.413), (1316.9966), (366.71387), (67.91863), (74.626625), (265.53763), (672.87726), (1091.4061), (1573.8995), (2237.1792), (2247.0015), (1979.7921), (1639.508), (1268.8263), (740.8116), (494.1133), (420.84863), (344.79694), (225.61386), (122.21564), (97.586105), (78.238556), (60.65124), (60.0), (60.0), (60.0), (60.0), (60.0), (60.0), (60.0), (60.0), (60.0), (60.0),
   timeWeights:  (14902.184), (14366.909), (13571.252), (12380.992), (10949.509), (9334.085), (7718.668), (6103.2476), (2872.413), (1256.9966), (306.71387), (7.918635), (14.626628), (205.53763), (612.87726), (1031.4061), (1513.8995), (2177.1792), (2187.0015), (1919.7921), (1579.508), (1208.8263), (680.8116), (434.1133), (360.84863), (284.79694), (165.61386), (62.21564), (37.586105), (18.238552), (0.6512396), (0.0), (0.0), (0.0), (0.0), (0.0), (0.0), (0.0), (0.0), (0.0), (0.0),
   continuityWeights:  (0.0), (0.0), (0.0), (0.0), (0.0), (0.0), (0.0), (0.0), (0.0), (0.0), (0.0), (0.0), (0.0), (0.0), (0.0), (0.0), (0.0), (0.0), (0.0), (0.0), (0.0), (0.0), (0.0), (0.0), (0.0), (0.0), (0.0), (0.0), (0.0), (0.0), (0.0), (0.0), (0.0), (0.0), (0.0), (0.0), (0.0), (0.0), (0.0), (0.0), (0.0), (0.0),

 User 0:
  set at: 2026-08-28 17:03:55
  set at: 2026-08-29 01:03:55 GMT : 8
  set by: sbs
   Same Configuration

 User 0:
  set at: 2026-08-28 17:09:47
  set at: 2026-08-29 01:09:47 GMT : 8
  set by: sbs
   Same Configuration

 User 0:
  set at: 2026-08-28 17:17:01
  set at: 2026-08-29 01:17:01 GMT : 8
  set by: sbs
   Same Configuration

 User 0:
  set at: 2026-08-28 17:30:24
  set at: 2026-08-29 01:30:24 GMT : 8
  set by: sbs
   Same Configuration

 User 0:
  set at: 2026-08-28 17:39:23
  set at: 2026-08-29 01:39:23 GMT : 8
  set by: sbs
   BrightnessConfiguration{[(0.0, 10.642408), (1.0, 15.043598), (2.0, 22.125004), (3.0, 26.550007), (4.0, 30.97632), (5.0, 35.4), (6.0, 39.450153), (7.0, 43.336136), (9.0, 50.962482), (10.0, 54.870754), (12.0, 62.948437), (15.0, 75.224556), (18.0, 88.20284), (21.0, 98.51866), (26.0, 104.4003), (31.0, 105.31441), (37.0, 106.56065), (45.0, 108.854996), (53.0, 112.45613), (64.0, 114.99288), (77.0, 116.65333), (92.0, 117.841484), (111.0, 119.76067), (133.0, 121.851555), (160.0, 124.056946), (192.0, 126.34479), (230.0, 128.91461), (276.0, 132.35785), (331.0, 137.67288), (397.0, 145.09615), (477.0, 154.74664), (572.0, 166.18367), (687.0, 180.07965), (824.0, 197.08531), (989.0, 218.84589), (1187.0, 251.38051), (1424.0, 298.39594), (1709.0, 349.028), (2051.0, 371.69693), (2461.0, 375.09894), (2953.0, 378.5324)], {}, 'sbs:0, shouldCollectColorSamples = false'}
   weight:  (14962.184), (14426.909), (13631.252), (12440.992), (11009.509), (9394.085), (7778.668), (6163.2476), (2932.413), (1316.9966), (366.71387), (67.91863), (74.626625), (265.53763), (672.87726), (1091.4061), (1573.8995), (2237.1792), (2247.0015), (1979.9087), (1639.7649), (1269.2449), (741.43524), (494.9743), (421.5931), (345.4033), (226.05623), (122.45948), (97.59258), (78.238556), (60.65124), (60.0), (60.0), (60.0), (60.0), (60.0), (60.0), (60.0), (60.0), (60.0), (60.0),
   timeWeights:  (0.0), (0.0), (0.0), (0.0), (0.0), (0.0), (0.0), (0.0), (0.0), (0.0), (0.0), (0.0), (0.0), (0.0), (0.0), (0.0), (0.0), (0.0), (0.0), (0.116526306), (0.25678945), (0.41863155), (0.62363154), (0.861), (0.74447364), (0.6063684), (0.44236842), (0.2438421), (0.006473684), (0.0), (0.0), (0.0), (0.0), (0.0), (0.0), (0.0), (0.0), (0.0), (0.0), (0.0), (0.0),
   continuityWeights:  (0.0), (0.0), (0.0), (0.0), (0.0), (0.0), (0.0), (0.0), (0.0), (0.0), (0.0), (0.0), (0.0), (0.0), (0.0), (0.0), (0.0), (0.0), (0.0), (0.0), (0.0), (0.0), (0.0), (0.0), (0.0), (0.0), (0.0), (0.0), (0.0), (0.0), (0.0), (0.0), (0.0), (0.0), (0.0), (0.0), (0.0), (0.0), (0.0), (0.0), (0.0), (0.0),

 User 0:
  set at: 2026-08-28 17:49:36
  set at: 2026-08-29 01:49:36 GMT : 8
  set by: sbs
   Same Configuration

 User 0:
  set at: 2026-08-28 18:00:38
  set at: 2026-08-29 02:00:38 GMT : 8
  set by: sbs
   Same Configuration

 User 0:
  set at: 2026-08-29 00:31:39
  set at: 2026-08-29 08:31:39 GMT : 8
  set by: sbs
   BrightnessConfiguration{[(0.0, 10.674053), (1.0, 15.080058), (2.0, 22.159737), (3.0, 26.583836), (4.0, 31.00977), (5.0, 35.433598), (6.0, 39.48397), (7.0, 43.370277), (9.0, 50.99836), (10.0, 54.91069), (12.0, 62.948437), (15.0, 75.224556), (18.0, 88.20284), (21.0, 98.51866), (26.0, 104.4003), (31.0, 105.31441), (37.0, 106.56065), (45.0, 108.854996), (53.0, 112.45613), (64.0, 114.99288), (77.0, 116.65333), (92.0, 117.841484), (111.0, 119.76067), (133.0, 121.851555), (160.0, 124.056946), (192.0, 126.34479), (230.0, 128.91461), (276.0, 132.35785), (331.0, 137.67288), (397.0, 145.09615), (477.0, 154.74664), (572.0, 166.18367), (687.0, 180.07965), (824.0, 197.08531), (989.0, 218.84589), (1187.0, 251.38051), (1424.0, 298.39594), (1709.0, 349.028), (2051.0, 371.69693), (2461.0, 375.09894), (2953.0, 378.5324)], {}, 'sbs:0, shouldCollectColorSamples = false'}
   weight:  (14977.983), (14444.464), (13647.052), (12455.036), (11021.797), (9404.618), (7787.4453), (6170.2695), (2935.924), (1318.7521), (366.71387), (67.91863), (74.626625), (265.53763), (672.87726), (1091.4061), (1573.8995), (2237.1792), (2247.0015), (1979.9087), (1639.7649), (1269.2449), (741.43524), (494.9743), (421.5931), (345.4033), (226.05623), (122.45948), (97.59258), (78.238556), (60.65124), (60.0), (60.0), (60.0), (60.0), (60.0), (60.0), (60.0), (60.0), (60.0), (60.0),
   timeWeights:  (15.7994995), (17.555), (15.7994995), (14.044001), (12.2885), (10.533001), (8.7775), (7.0220003), (3.5110002), (1.7555001), (0.0), (0.0), (0.0), (0.0), (0.0), (0.0), (0.0), (0.0), (0.0), (0.0), (0.0), (0.0), (0.0), (0.0), (0.0), (0.0), (0.0), (0.0), (0.0), (0.0), (0.0), (0.0), (0.0), (0.0), (0.0), (0.0), (0.0), (0.0), (0.0), (0.0), (0.0),
   continuityWeights:  (0.0), (0.0), (0.0), (0.0), (0.0), (0.0), (0.0), (0.0), (0.0), (0.0), (0.0), (0.0), (0.0), (0.0), (0.0), (0.0), (0.0), (0.0), (0.0), (0.0), (0.0), (0.0), (0.0), (0.0), (0.0), (0.0), (0.0), (0.0), (0.0), (0.0), (0.0), (0.0), (0.0), (0.0), (0.0), (0.0), (0.0), (0.0), (0.0), (0.0), (0.0), (0.0),

 User 0:
  set at: 2026-08-29 02:56:29
  set at: 2026-08-29 10:56:29 GMT : 8
  set by: sbs
   Same Configuration

 User 0:
  set at: 2026-08-29 10:17:52
  set at: 2026-08-29 18:17:52 GMT : 8
  set by: sbs
   BrightnessConfiguration{[(0.0, 10.674077), (1.0, 15.080058), (2.0, 22.159735), (3.0, 26.583836), (4.0, 31.00977), (5.0, 35.4336), (6.0, 39.483967), (7.0, 43.37028), (9.0, 50.99836), (10.0, 54.91069), (12.0, 62.948437), (15.0, 75.224556), (18.0, 88.20284), (21.0, 98.51866), (26.0, 104.40029), (31.0, 105.3144), (37.0, 106.56065), (45.0, 108.85499), (53.0, 112.45613), (64.0, 114.99288), (77.0, 116.65333), (92.0, 117.84149), (111.0, 119.76068), (133.0, 121.851555), (160.0, 124.05653), (192.0, 126.344765), (230.0, 128.9146), (276.0, 132.35782), (331.0, 137.67288), (397.0, 145.09615), (477.0, 154.74666), (572.0, 166.18367), (687.0, 180.07965), (824.0, 197.08531), (989.0, 218.84589), (1187.0, 251.38051), (1424.0, 298.39594), (1709.0, 349.028), (2051.0, 371.69693), (2461.0, 375.09894), (2953.0, 378.5324)], {}, 'sbs:0, shouldCollectColorSamples = false'}
   weight:  (14980.983), (14447.164), (13649.452), (12457.136), (11023.597), (9406.118), (7788.6455), (6171.1694), (2936.224), (1318.7521), (366.95316), (68.60657), (75.763214), (267.12286), (675.21027), (1094.0259), (1595.7152), (2361.1719), (2473.1711), (2352.4697), (2186.5906), (1955.79), (1341.5414), (994.99316), (778.1344), (530.4897), (251.16576), (136.83524), (99.1345), (78.469635), (60.65823), (60.0), (60.0), (60.0), (60.0), (60.0), (60.0), (60.0), (60.0), (60.0), (60.0),
   timeWeights:  (3.0), (2.6999998), (2.4), (2.1), (1.8000001), (1.5), (1.2), (0.90000004), (0.3), (0.0), (0.2392821), (0.6879359), (1.1365898), (1.5852436), (2.333), (2.619709), (21.815659), (123.99265), (226.16966), (372.56107), (546.8256), (686.54517), (600.10614), (500.01886), (356.54132), (185.0864), (25.109524), (14.375763), (1.5419185), (0.23107848), (0.006989584), (0.0), (0.0), (0.0), (0.0), (0.0), (0.0), (0.0), (0.0), (0.0), (0.0),
   continuityWeights:  (0.0), (0.0), (0.0), (0.0), (0.0), (0.0), (0.0), (0.0), (0.0), (0.0), (0.0), (0.0), (0.0), (0.0), (0.0), (0.0), (0.0), (0.0), (0.0), (0.0), (0.0), (0.0), (0.0), (0.0), (0.0), (0.0), (0.0), (0.0), (0.0), (0.0), (0.0), (0.0), (0.0), (0.0), (0.0), (0.0), (0.0), (0.0), (0.0), (0.0), (0.0), (0.0),
  

 dumpSetBrightnessConfiguration_2
  StableDeviceValues:
      StableDisplayWidth=1080
      StableDisplayHeight=2400
  GlobalBrightnessConfigurations:
      User 0:
        set at: 2026-08-29 10:17:52
        set by: sbs
        BrightnessConfiguration{[(0.0, 10.674077), (1.0, 15.080058), (2.0, 22.159735), (3.0, 26.583836), (4.0, 31.00977), (5.0, 35.4336), (6.0, 39.483967), (7.0, 43.37028), (9.0, 50.99836), (10.0, 54.91069), (12.0, 62.948437), (15.0, 75.224556), (18.0, 88.20284), (21.0, 98.51866), (26.0, 104.40029), (31.0, 105.3144), (37.0, 106.56065), (45.0, 108.85499), (53.0, 112.45613), (64.0, 114.99288), (77.0, 116.65333), (92.0, 117.84149), (111.0, 119.76068), (133.0, 121.851555), (160.0, 124.05653), (192.0, 126.344765), (230.0, 128.9146), (276.0, 132.35782), (331.0, 137.67288), (397.0, 145.09615), (477.0, 154.74666), (572.0, 166.18367), (687.0, 180.07965), (824.0, 197.08531), (989.0, 218.84589), (1187.0, 251.38051), (1424.0, 298.39594), (1709.0, 349.028), (2051.0, 371.69693), (2461.0, 375.09894), (2953.0, 378.5324)], {}, 'sbs:0, shouldCollectColorSamples = false'}
  

 dumpSetBrightnessConfiguration_1


 User 0:
  set at: 2026-08-28 16:57:18
  set at: 2026-08-29 00:57:18 GMT : 8
  set by: sbs
   BrightnessConfiguration{[(0.0, 10.642408), (1.0, 15.043598), (2.0, 22.125004), (3.0, 26.550007), (4.0, 30.97632), (5.0, 35.4), (6.0, 39.450153), (7.0, 43.336136), (9.0, 50.962482), (10.0, 54.870754), (12.0, 62.948437), (15.0, 75.224556), (18.0, 88.20284), (21.0, 98.51866), (26.0, 104.4003), (31.0, 105.31441), (37.0, 106.56065), (45.0, 108.854996), (53.0, 112.45613), (64.0, 114.99288), (77.0, 116.653305), (92.0, 117.84138), (111.0, 119.760284), (133.0, 121.85065), (160.0, 124.056175), (192.0, 126.34418), (230.0, 128.91414), (276.0, 132.35765), (331.0, 137.67288), (397.0, 145.09615), (477.0, 154.74664), (572.0, 166.18367), (687.0, 180.07965), (824.0, 197.08531), (989.0, 218.84589), (1187.0, 251.38051), (1424.0, 298.39594), (1709.0, 349.028), (2051.0, 371.69693), (2461.0, 375.09894), (2953.0, 378.5324)], {}, 'sbs:0, shouldCollectColorSamples = false'}
   weight:  (14962.184), (14426.909), (13631.252), (12440.992), (11009.509), (9394.085), (7778.668), (6163.2476), (2932.413), (1316.9966), (366.71387), (67.91863), (74.626625), (265.53763), (672.87726), (1091.4061), (1573.8995), (2237.1792), (2247.0015), (1979.7921), (1639.508), (1268.8263), (740.8116), (494.1133), (420.84863), (344.79694), (225.61386), (122.21564), (97.586105), (78.238556), (60.65124), (60.0), (60.0), (60.0), (60.0), (60.0), (60.0), (60.0), (60.0), (60.0), (60.0),
   timeWeights:  (14902.184), (14366.909), (13571.252), (12380.992), (10949.509), (9334.085), (7718.668), (6103.2476), (2872.413), (1256.9966), (306.71387), (7.918635), (14.626628), (205.53763), (612.87726), (1031.4061), (1513.8995), (2177.1792), (2187.0015), (1919.7921), (1579.508), (1208.8263), (680.8116), (434.1133), (360.84863), (284.79694), (165.61386), (62.21564), (37.586105), (18.238552), (0.6512396), (0.0), (0.0), (0.0), (0.0), (0.0), (0.0), (0.0), (0.0), (0.0), (0.0),
   continuityWeights:  (0.0), (0.0), (0.0), (0.0), (0.0), (0.0), (0.0), (0.0), (0.0), (0.0), (0.0), (0.0), (0.0), (0.0), (0.0), (0.0), (0.0), (0.0), (0.0), (0.0), (0.0), (0.0), (0.0), (0.0), (0.0), (0.0), (0.0), (0.0), (0.0), (0.0), (0.0), (0.0), (0.0), (0.0), (0.0), (0.0), (0.0), (0.0), (0.0), (0.0), (0.0), (0.0),

 User 0:
  set at: 2026-08-28 17:03:55
  set at: 2026-08-29 01:03:55 GMT : 8
  set by: sbs
   Same Configuration

 User 0:
  set at: 2026-08-28 17:09:47
  set at: 2026-08-29 01:09:47 GMT : 8
  set by: sbs
   Same Configuration

 User 0:
  set at: 2026-08-28 17:17:01
  set at: 2026-08-29 01:17:01 GMT : 8
  set by: sbs
   Same Configuration

 User 0:
  set at: 2026-08-28 17:30:24
  set at: 2026-08-29 01:30:24 GMT : 8
  set by: sbs
   Same Configuration

 User 0:
  set at: 2026-08-28 17:39:23
  set at: 2026-08-29 01:39:23 GMT : 8
  set by: sbs
   BrightnessConfiguration{[(0.0, 10.642408), (1.0, 15.043598), (2.0, 22.125004), (3.0, 26.550007), (4.0, 30.97632), (5.0, 35.4), (6.0, 39.450153), (7.0, 43.336136), (9.0, 50.962482), (10.0, 54.870754), (12.0, 62.948437), (15.0, 75.224556), (18.0, 88.20284), (21.0, 98.51866), (26.0, 104.4003), (31.0, 105.31441), (37.0, 106.56065), (45.0, 108.854996), (53.0, 112.45613), (64.0, 114.99288), (77.0, 116.65333), (92.0, 117.841484), (111.0, 119.76067), (133.0, 121.851555), (160.0, 124.056946), (192.0, 126.34479), (230.0, 128.91461), (276.0, 132.35785), (331.0, 137.67288), (397.0, 145.09615), (477.0, 154.74664), (572.0, 166.18367), (687.0, 180.07965), (824.0, 197.08531), (989.0, 218.84589), (1187.0, 251.38051), (1424.0, 298.39594), (1709.0, 349.028), (2051.0, 371.69693), (2461.0, 375.09894), (2953.0, 378.5324)], {}, 'sbs:0, shouldCollectColorSamples = false'}
   weight:  (14962.184), (14426.909), (13631.252), (12440.992), (11009.509), (9394.085), (7778.668), (6163.2476), (2932.413), (1316.9966), (366.71387), (67.91863), (74.626625), (265.53763), (672.87726), (1091.4061), (1573.8995), (2237.1792), (2247.0015), (1979.9087), (1639.7649), (1269.2449), (741.43524), (494.9743), (421.5931), (345.4033), (226.05623), (122.45948), (97.59258), (78.238556), (60.65124), (60.0), (60.0), (60.0), (60.0), (60.0), (60.0), (60.0), (60.0), (60.0), (60.0),
   timeWeights:  (0.0), (0.0), (0.0), (0.0), (0.0), (0.0), (0.0), (0.0), (0.0), (0.0), (0.0), (0.0), (0.0), (0.0), (0.0), (0.0), (0.0), (0.0), (0.0), (0.116526306), (0.25678945), (0.41863155), (0.62363154), (0.861), (0.74447364), (0.6063684), (0.44236842), (0.2438421), (0.006473684), (0.0), (0.0), (0.0), (0.0), (0.0), (0.0), (0.0), (0.0), (0.0), (0.0), (0.0), (0.0),
   continuityWeights:  (0.0), (0.0), (0.0), (0.0), (0.0), (0.0), (0.0), (0.0), (0.0), (0.0), (0.0), (0.0), (0.0), (0.0), (0.0), (0.0), (0.0), (0.0), (0.0), (0.0), (0.0), (0.0), (0.0), (0.0), (0.0), (0.0), (0.0), (0.0), (0.0), (0.0), (0.0), (0.0), (0.0), (0.0), (0.0), (0.0), (0.0), (0.0), (0.0), (0.0), (0.0), (0.0),

 User 0:
  set at: 2026-08-28 17:49:36
  set at: 2026-08-29 01:49:36 GMT : 8
  set by: sbs
   Same Configuration

 User 0:
  set at: 2026-08-28 18:00:38
  set at: 2026-08-29 02:00:38 GMT : 8
  set by: sbs
   Same Configuration

 User 0:
  set at: 2026-08-29 00:31:39
  set at: 2026-08-29 08:31:39 GMT : 8
  set by: sbs
   BrightnessConfiguration{[(0.0, 10.674053), (1.0, 15.080058), (2.0, 22.159737), (3.0, 26.583836), (4.0, 31.00977), (5.0, 35.433598), (6.0, 39.48397), (7.0, 43.370277), (9.0, 50.99836), (10.0, 54.91069), (12.0, 62.948437), (15.0, 75.224556), (18.0, 88.20284), (21.0, 98.51866), (26.0, 104.4003), (31.0, 105.31441), (37.0, 106.56065), (45.0, 108.854996), (53.0, 112.45613), (64.0, 114.99288), (77.0, 116.65333), (92.0, 117.841484), (111.0, 119.76067), (133.0, 121.851555), (160.0, 124.056946), (192.0, 126.34479), (230.0, 128.91461), (276.0, 132.35785), (331.0, 137.67288), (397.0, 145.09615), (477.0, 154.74664), (572.0, 166.18367), (687.0, 180.07965), (824.0, 197.08531), (989.0, 218.84589), (1187.0, 251.38051), (1424.0, 298.39594), (1709.0, 349.028), (2051.0, 371.69693), (2461.0, 375.09894), (2953.0, 378.5324)], {}, 'sbs:0, shouldCollectColorSamples = false'}
   weight:  (14977.983), (14444.464), (13647.052), (12455.036), (11021.797), (9404.618), (7787.4453), (6170.2695), (2935.924), (1318.7521), (366.71387), (67.91863), (74.626625), (265.53763), (672.87726), (1091.4061), (1573.8995), (2237.1792), (2247.0015), (1979.9087), (1639.7649), (1269.2449), (741.43524), (494.9743), (421.5931), (345.4033), (226.05623), (122.45948), (97.59258), (78.238556), (60.65124), (60.0), (60.0), (60.0), (60.0), (60.0), (60.0), (60.0), (60.0), (60.0), (60.0),
   timeWeights:  (15.7994995), (17.555), (15.7994995), (14.044001), (12.2885), (10.533001), (8.7775), (7.0220003), (3.5110002), (1.7555001), (0.0), (0.0), (0.0), (0.0), (0.0), (0.0), (0.0), (0.0), (0.0), (0.0), (0.0), (0.0), (0.0), (0.0), (0.0), (0.0), (0.0), (0.0), (0.0), (0.0), (0.0), (0.0), (0.0), (0.0), (0.0), (0.0), (0.0), (0.0), (0.0), (0.0), (0.0),
   continuityWeights:  (0.0), (0.0), (0.0), (0.0), (0.0), (0.0), (0.0), (0.0), (0.0), (0.0), (0.0), (0.0), (0.0), (0.0), (0.0), (0.0), (0.0), (0.0), (0.0), (0.0), (0.0), (0.0), (0.0), (0.0), (0.0), (0.0), (0.0), (0.0), (0.0), (0.0), (0.0), (0.0), (0.0), (0.0), (0.0), (0.0), (0.0), (0.0), (0.0), (0.0), (0.0), (0.0),

 User 0:
  set at: 2026-08-29 02:56:29
  set at: 2026-08-29 10:56:29 GMT : 8
  set by: sbs
   Same Configuration

 User 0:
  set at: 2026-08-29 10:17:52
  set at: 2026-08-29 18:17:52 GMT : 8
  set by: sbs
   BrightnessConfiguration{[(0.0, 10.674077), (1.0, 15.080058), (2.0, 22.159735), (3.0, 26.583836), (4.0, 31.00977), (5.0, 35.4336), (6.0, 39.483967), (7.0, 43.37028), (9.0, 50.99836), (10.0, 54.91069), (12.0, 62.948437), (15.0, 75.224556), (18.0, 88.20284), (21.0, 98.51866), (26.0, 104.40029), (31.0, 105.3144), (37.0, 106.56065), (45.0, 108.85499), (53.0, 112.45613), (64.0, 114.99288), (77.0, 116.65333), (92.0, 117.84149), (111.0, 119.76068), (133.0, 121.851555), (160.0, 124.05653), (192.0, 126.344765), (230.0, 128.9146), (276.0, 132.35782), (331.0, 137.67288), (397.0, 145.09615), (477.0, 154.74666), (572.0, 166.18367), (687.0, 180.07965), (824.0, 197.08531), (989.0, 218.84589), (1187.0, 251.38051), (1424.0, 298.39594), (1709.0, 349.028), (2051.0, 371.69693), (2461.0, 375.09894), (2953.0, 378.5324)], {}, 'sbs:0, shouldCollectColorSamples = false'}
   weight:  (14980.983), (14447.164), (13649.452), (12457.136), (11023.597), (9406.118), (7788.6455), (6171.1694), (2936.224), (1318.7521), (366.95316), (68.60657), (75.763214), (267.12286), (675.21027), (1094.0259), (1595.7152), (2361.1719), (2473.1711), (2352.4697), (2186.5906), (1955.79), (1341.5414), (994.99316), (778.1344), (530.4897), (251.16576), (136.83524), (99.1345), (78.469635), (60.65823), (60.0), (60.0), (60.0), (60.0), (60.0), (60.0), (60.0), (60.0), (60.0), (60.0),
   timeWeights:  (3.0), (2.6999998), (2.4), (2.1), (1.8000001), (1.5), (1.2), (0.90000004), (0.3), (0.0), (0.2392821), (0.6879359), (1.1365898), (1.5852436), (2.333), (2.619709), (21.815659), (123.99265), (226.16966), (372.56107), (546.8256), (686.54517), (600.10614), (500.01886), (356.54132), (185.0864), (25.109524), (14.375763), (1.5419185), (0.23107848), (0.006989584), (0.0), (0.0), (0.0), (0.0), (0.0), (0.0), (0.0), (0.0), (0.0), (0.0),
   continuityWeights:  (0.0), (0.0), (0.0), (0.0), (0.0), (0.0), (0.0), (0.0), (0.0), (0.0), (0.0), (0.0), (0.0), (0.0), (0.0), (0.0), (0.0), (0.0), (0.0), (0.0), (0.0), (0.0), (0.0), (0.0), (0.0), (0.0), (0.0), (0.0), (0.0), (0.0), (0.0), (0.0), (0.0), (0.0), (0.0), (0.0), (0.0), (0.0), (0.0), (0.0), (0.0), (0.0),
  

 dumpSetBrightnessConfiguration_2

mDisplayBrightnessListeners: size=1
  com.samsung.android.gesture.MotionRecognitionBrightnessHandler$1@f1bfe47

mDisplayStateListenerInfo: size=2
  com.samsung.android.hardware.secinputdev.SemInputDeviceManagerService$8@d728de1
  com.android.server.biometrics.sensors.fingerprint.SemDisplayStateMonitor@49b7269

Display Window Policy Controllers: size=0

DisplayModeDirector
  RefreshRateTypeOfDisplay:Switchable
  mSupportedModesByDisplay:
    0 -> [{id=1, width=1080, height=2400, fps=120.00001, alternativeRefreshRates=[60.000004]}, {id=2, width=1080, height=2400, fps=60.000004, alternativeRefreshRates=[120.00001]}]
  mDefaultModeByDisplay:
    0 -> {id=1, width=1080, height=2400, fps=120.00001, alternativeRefreshRates=[60.000004]}
  mVotesByDisplay:
    -1:
      PRIORITY_REFRESH_RATE_MODE -> Vote{width=-1, height=-1, minRefreshRate=60.0, maxRefreshRate=120.0, disableRefreshRateSwitching=false, baseModeRefreshRate=0.0}
      PRIORITY_USER_SETTING_PEAK_REFRESH_RATE -> Vote{width=-1, height=-1, minRefreshRate=0.0, maxRefreshRate=120.0, disableRefreshRateSwitching=false, baseModeRefreshRate=0.0}
      PRIORITY_USER_SETTING_MIN_REFRESH_RATE -> Vote{width=-1, height=-1, minRefreshRate=0.0, maxRefreshRate=Infinity, disableRefreshRateSwitching=false, baseModeRefreshRate=0.0}
  mModeSwitchingType: SWITCHING_TYPE_NONE
  mAlwaysRespectAppRequest: false
  RefreshRateTokens:[]
  SettingsObserver
    mDefaultRefreshRate: 0.0
    mDefaultPeakRefreshRate: 120.0
    mRefreshRateModeByDisplayToken
      DisplayToken: android.os.BinderProxy@f0c3961, RefreshRateMode: REFRESH_RATE_MODE_ALWAYS

  AppRequestObserver
    mAppRequestedModeByDisplay:
    mAppPreferredRefreshRateRangeByDisplay:
  BrightnessObserver
    mAmbientLux: -1.0
    mBrightness: -1
    mDefaultDisplayState: 0
    mLowPowerModeEnabled: false
    mRefreshRateChangeable: true
    mShouldObserveDisplayLowChange: false
    mShouldObserveAmbientLowChange: false
    mRefreshRateInLowZone: 0
    mShouldObserveDisplayHighChange: false
    mShouldObserveAmbientHighChange: false
    mRefreshRateInHighZone: 0
    mLastSensorData: 0.0
    mTimestamp: 1970-01-01 08:00:00.000
  UdfpsObserver
    mLocalHbmEnabled: 
   HbmObserver
     mHbmMode: {}
     mHbmActive: {}
     mRefreshRateInHbmSunlight: 0
     mRefreshRateInHbmHdr: 0

DisplayModeDirector History
#15 << 09-12 10:52:54.525 >>
 [DisplayModeDirector] Schedule to change allowedModes=baseModeId=1 allowGroupSwitching=false primaryRefreshRateRange=[120 120] appRequestRefreshRateRange=[120 120], displayId=0
 -1:
   PRIORITY_REFRESH_RATE_MODE -> Vote{width=-1, height=-1, minRefreshRate=60.0, maxRefreshRate=120.0, disableRefreshRateSwitching=false, baseModeRefreshRate=0.0}
   PRIORITY_USER_SETTING_PEAK_REFRESH_RATE -> Vote{width=-1, height=-1, minRefreshRate=0.0, maxRefreshRate=120.0, disableRefreshRateSwitching=false, baseModeRefreshRate=0.0}
   PRIORITY_USER_SETTING_MIN_REFRESH_RATE -> Vote{width=-1, height=-1, minRefreshRate=0.0, maxRefreshRate=Infinity, disableRefreshRateSwitching=false, baseModeRefreshRate=0.0}
 mModeSwitchingType: SWITCHING_TYPE_NONE mAlwaysRespectAppRequest: false
 SettingObserver mRefreshRateModeByDisplayToken
  DisplayToken: android.os.BinderProxy@f0c3961, RefreshRateMode: REFRESH_RATE_MODE_ALWAYS

 BrightnessObserver mPassive=false, mLfdScalability=0, mRequestedPassivefalse, mBrightness: -1, mAmbientLux: -1.0, mIsWirelessCharging=false

#14 << 09-12 10:52:50.087 >>
 [DisplayModeDirector] Schedule to change allowedModes=baseModeId=2 allowGroupSwitching=false primaryRefreshRateRange=[60 60] appRequestRefreshRateRange=[60 60], displayId=0
 -1:
   PRIORITY_REFRESH_RATE_MODE -> Vote{width=-1, height=-1, minRefreshRate=60.0, maxRefreshRate=120.0, disableRefreshRateSwitching=false, baseModeRefreshRate=0.0}
   PRIORITY_USER_SETTING_PEAK_REFRESH_RATE -> Vote{width=-1, height=-1, minRefreshRate=0.0, maxRefreshRate=120.0, disableRefreshRateSwitching=false, baseModeRefreshRate=0.0}
   PRIORITY_USER_SETTING_MIN_REFRESH_RATE -> Vote{width=-1, height=-1, minRefreshRate=0.0, maxRefreshRate=Infinity, disableRefreshRateSwitching=false, baseModeRefreshRate=0.0}
 0:
   PRIORITY_APP_REQUEST_REFRESH_RATE_RANGE -> Vote{width=-1, height=-1, minRefreshRate=0.0, maxRefreshRate=60.000004, disableRefreshRateSwitching=false, baseModeRefreshRate=0.0}
 mModeSwitchingType: SWITCHING_TYPE_NONE mAlwaysRespectAppRequest: false
 SettingObserver mRefreshRateModeByDisplayToken
  DisplayToken: android.os.BinderProxy@f0c3961, RefreshRateMode: REFRESH_RATE_MODE_ALWAYS

 BrightnessObserver mPassive=false, mLfdScalability=0, mRequestedPassivefalse, mBrightness: -1, mAmbientLux: -1.0, mIsWirelessCharging=false

#13 << 09-12 10:51:04.966 >>
 [DisplayModeDirector] Schedule to change allowedModes=baseModeId=1 allowGroupSwitching=false primaryRefreshRateRange=[120 120] appRequestRefreshRateRange=[120 120], displayId=0
 -1:
   PRIORITY_REFRESH_RATE_MODE -> Vote{width=-1, height=-1, minRefreshRate=60.0, maxRefreshRate=120.0, disableRefreshRateSwitching=false, baseModeRefreshRate=0.0}
   PRIORITY_USER_SETTING_PEAK_REFRESH_RATE -> Vote{width=-1, height=-1, minRefreshRate=0.0, maxRefreshRate=120.0, disableRefreshRateSwitching=false, baseModeRefreshRate=0.0}
   PRIORITY_USER_SETTING_MIN_REFRESH_RATE -> Vote{width=-1, height=-1, minRefreshRate=0.0, maxRefreshRate=Infinity, disableRefreshRateSwitching=false, baseModeRefreshRate=0.0}
 mModeSwitchingType: SWITCHING_TYPE_NONE mAlwaysRespectAppRequest: false
 SettingObserver mRefreshRateModeByDisplayToken
  DisplayToken: android.os.BinderProxy@f0c3961, RefreshRateMode: REFRESH_RATE_MODE_ALWAYS

 BrightnessObserver mPassive=false, mLfdScalability=0, mRequestedPassivefalse, mBrightness: -1, mAmbientLux: -1.0, mIsWirelessCharging=false

#12 << 09-12 10:50:50.701 >>
 [DisplayModeDirector] Schedule to change allowedModes=baseModeId=2 allowGroupSwitching=false primaryRefreshRateRange=[60 60] appRequestRefreshRateRange=[60 60], displayId=0
 -1:
   PRIORITY_REFRESH_RATE_MODE -> Vote{width=-1, height=-1, minRefreshRate=60.0, maxRefreshRate=120.0, disableRefreshRateSwitching=false, baseModeRefreshRate=0.0}
   PRIORITY_USER_SETTING_PEAK_REFRESH_RATE -> Vote{width=-1, height=-1, minRefreshRate=0.0, maxRefreshRate=120.0, disableRefreshRateSwitching=false, baseModeRefreshRate=0.0}
   PRIORITY_USER_SETTING_MIN_REFRESH_RATE -> Vote{width=-1, height=-1, minRefreshRate=0.0, maxRefreshRate=Infinity, disableRefreshRateSwitching=false, baseModeRefreshRate=0.0}
 0:
   PRIORITY_APP_REQUEST_REFRESH_RATE_RANGE -> Vote{width=-1, height=-1, minRefreshRate=0.0, maxRefreshRate=60.000004, disableRefreshRateSwitching=false, baseModeRefreshRate=0.0}
 mModeSwitchingType: SWITCHING_TYPE_NONE mAlwaysRespectAppRequest: false
 SettingObserver mRefreshRateModeByDisplayToken
  DisplayToken: android.os.BinderProxy@f0c3961, RefreshRateMode: REFRESH_RATE_MODE_ALWAYS

 BrightnessObserver mPassive=false, mLfdScalability=0, mRequestedPassivefalse, mBrightness: -1, mAmbientLux: -1.0, mIsWirelessCharging=false

#11 << 09-11 20:04:55.736 >>
 [DisplayModeDirector] Schedule to change allowedModes=baseModeId=1 allowGroupSwitching=false primaryRefreshRateRange=[120 120] appRequestRefreshRateRange=[120 120], displayId=0
 -1:
   PRIORITY_REFRESH_RATE_MODE -> Vote{width=-1, height=-1, minRefreshRate=60.0, maxRefreshRate=120.0, disableRefreshRateSwitching=false, baseModeRefreshRate=0.0}
   PRIORITY_USER_SETTING_PEAK_REFRESH_RATE -> Vote{width=-1, height=-1, minRefreshRate=0.0, maxRefreshRate=120.0, disableRefreshRateSwitching=false, baseModeRefreshRate=0.0}
   PRIORITY_USER_SETTING_MIN_REFRESH_RATE -> Vote{width=-1, height=-1, minRefreshRate=0.0, maxRefreshRate=Infinity, disableRefreshRateSwitching=false, baseModeRefreshRate=0.0}
 mModeSwitchingType: SWITCHING_TYPE_NONE mAlwaysRespectAppRequest: false
 SettingObserver mRefreshRateModeByDisplayToken
  DisplayToken: android.os.BinderProxy@f0c3961, RefreshRateMode: REFRESH_RATE_MODE_ALWAYS

 BrightnessObserver mPassive=false, mLfdScalability=0, mRequestedPassivefalse, mBrightness: -1, mAmbientLux: -1.0, mIsWirelessCharging=false

#10 << 09-11 20:04:51.682 >>
 [DisplayModeDirector] Schedule to change allowedModes=baseModeId=2 allowGroupSwitching=false primaryRefreshRateRange=[60 60] appRequestRefreshRateRange=[60 60], displayId=0
 -1:
   PRIORITY_REFRESH_RATE_MODE -> Vote{width=-1, height=-1, minRefreshRate=60.0, maxRefreshRate=120.0, disableRefreshRateSwitching=false, baseModeRefreshRate=0.0}
   PRIORITY_USER_SETTING_PEAK_REFRESH_RATE -> Vote{width=-1, height=-1, minRefreshRate=0.0, maxRefreshRate=120.0, disableRefreshRateSwitching=false, baseModeRefreshRate=0.0}
   PRIORITY_USER_SETTING_MIN_REFRESH_RATE -> Vote{width=-1, height=-1, minRefreshRate=0.0, maxRefreshRate=Infinity, disableRefreshRateSwitching=false, baseModeRefreshRate=0.0}
 0:
   PRIORITY_APP_REQUEST_REFRESH_RATE_RANGE -> Vote{width=-1, height=-1, minRefreshRate=0.0, maxRefreshRate=60.000004, disableRefreshRateSwitching=false, baseModeRefreshRate=0.0}
 mModeSwitchingType: SWITCHING_TYPE_NONE mAlwaysRespectAppRequest: false
 SettingObserver mRefreshRateModeByDisplayToken
  DisplayToken: android.os.BinderProxy@f0c3961, RefreshRateMode: REFRESH_RATE_MODE_ALWAYS

 BrightnessObserver mPassive=false, mLfdScalability=0, mRequestedPassivefalse, mBrightness: -1, mAmbientLux: -1.0, mIsWirelessCharging=false

#9 << 09-11 20:03:07.210 >>
 [DisplayModeDirector] Schedule to change allowedModes=baseModeId=1 allowGroupSwitching=false primaryRefreshRateRange=[120 120] appRequestRefreshRateRange=[120 120], displayId=0
 -1:
   PRIORITY_REFRESH_RATE_MODE -> Vote{width=-1, height=-1, minRefreshRate=60.0, maxRefreshRate=120.0, disableRefreshRateSwitching=false, baseModeRefreshRate=0.0}
   PRIORITY_USER_SETTING_PEAK_REFRESH_RATE -> Vote{width=-1, height=-1, minRefreshRate=0.0, maxRefreshRate=120.0, disableRefreshRateSwitching=false, baseModeRefreshRate=0.0}
   PRIORITY_USER_SETTING_MIN_REFRESH_RATE -> Vote{width=-1, height=-1, minRefreshRate=0.0, maxRefreshRate=Infinity, disableRefreshRateSwitching=false, baseModeRefreshRate=0.0}
 mModeSwitchingType: SWITCHING_TYPE_NONE mAlwaysRespectAppRequest: false
 SettingObserver mRefreshRateModeByDisplayToken
  DisplayToken: android.os.BinderProxy@f0c3961, RefreshRateMode: REFRESH_RATE_MODE_ALWAYS

 BrightnessObserver mPassive=false, mLfdScalability=0, mRequestedPassivefalse, mBrightness: -1, mAmbientLux: -1.0, mIsWirelessCharging=false

#8 << 09-11 20:03:01.648 >>
 [DisplayModeDirector] Schedule to change allowedModes=baseModeId=2 allowGroupSwitching=false primaryRefreshRateRange=[60 60] appRequestRefreshRateRange=[60 60], displayId=0
 -1:
   PRIORITY_REFRESH_RATE_MODE -> Vote{width=-1, height=-1, minRefreshRate=60.0, maxRefreshRate=120.0, disableRefreshRateSwitching=false, baseModeRefreshRate=0.0}
   PRIORITY_USER_SETTING_PEAK_REFRESH_RATE -> Vote{width=-1, height=-1, minRefreshRate=0.0, maxRefreshRate=120.0, disableRefreshRateSwitching=false, baseModeRefreshRate=0.0}
   PRIORITY_USER_SETTING_MIN_REFRESH_RATE -> Vote{width=-1, height=-1, minRefreshRate=0.0, maxRefreshRate=Infinity, disableRefreshRateSwitching=false, baseModeRefreshRate=0.0}
 0:
   PRIORITY_APP_REQUEST_REFRESH_RATE_RANGE -> Vote{width=-1, height=-1, minRefreshRate=0.0, maxRefreshRate=60.000004, disableRefreshRateSwitching=false, baseModeRefreshRate=0.0}
 mModeSwitchingType: SWITCHING_TYPE_NONE mAlwaysRespectAppRequest: false
 SettingObserver mRefreshRateModeByDisplayToken
  DisplayToken: android.os.BinderProxy@f0c3961, RefreshRateMode: REFRESH_RATE_MODE_ALWAYS

 BrightnessObserver mPassive=false, mLfdScalability=0, mRequestedPassivefalse, mBrightness: -1, mAmbientLux: -1.0, mIsWirelessCharging=false

#7 << 09-11 20:02:23.498 >>
 [DisplayModeDirector] Schedule to change allowedModes=baseModeId=1 allowGroupSwitching=false primaryRefreshRateRange=[120 120] appRequestRefreshRateRange=[120 120], displayId=0
 -1:
   PRIORITY_REFRESH_RATE_MODE -> Vote{width=-1, height=-1, minRefreshRate=60.0, maxRefreshRate=120.0, disableRefreshRateSwitching=false, baseModeRefreshRate=0.0}
   PRIORITY_USER_SETTING_PEAK_REFRESH_RATE -> Vote{width=-1, height=-1, minRefreshRate=0.0, maxRefreshRate=120.0, disableRefreshRateSwitching=false, baseModeRefreshRate=0.0}
   PRIORITY_USER_SETTING_MIN_REFRESH_RATE -> Vote{width=-1, height=-1, minRefreshRate=0.0, maxRefreshRate=Infinity, disableRefreshRateSwitching=false, baseModeRefreshRate=0.0}
 mModeSwitchingType: SWITCHING_TYPE_NONE mAlwaysRespectAppRequest: false
 SettingObserver mRefreshRateModeByDisplayToken
  DisplayToken: android.os.BinderProxy@f0c3961, RefreshRateMode: REFRESH_RATE_MODE_ALWAYS

 BrightnessObserver mPassive=false, mLfdScalability=0, mRequestedPassivefalse, mBrightness: -1, mAmbientLux: -1.0, mIsWirelessCharging=false

#6 << 09-11 20:02:18.028 >>
 [DisplayModeDirector] Schedule to change allowedModes=baseModeId=2 allowGroupSwitching=false primaryRefreshRateRange=[60 60] appRequestRefreshRateRange=[60 60], displayId=0
 -1:
   PRIORITY_REFRESH_RATE_MODE -> Vote{width=-1, height=-1, minRefreshRate=60.0, maxRefreshRate=120.0, disableRefreshRateSwitching=false, baseModeRefreshRate=0.0}
   PRIORITY_USER_SETTING_PEAK_REFRESH_RATE -> Vote{width=-1, height=-1, minRefreshRate=0.0, maxRefreshRate=120.0, disableRefreshRateSwitching=false, baseModeRefreshRate=0.0}
   PRIORITY_USER_SETTING_MIN_REFRESH_RATE -> Vote{width=-1, height=-1, minRefreshRate=0.0, maxRefreshRate=Infinity, disableRefreshRateSwitching=false, baseModeRefreshRate=0.0}
 0:
   PRIORITY_APP_REQUEST_REFRESH_RATE_RANGE -> Vote{width=-1, height=-1, minRefreshRate=0.0, maxRefreshRate=60.000004, disableRefreshRateSwitching=false, baseModeRefreshRate=0.0}
 mModeSwitchingType: SWITCHING_TYPE_NONE mAlwaysRespectAppRequest: false
 SettingObserver mRefreshRateModeByDisplayToken
  DisplayToken: android.os.BinderProxy@f0c3961, RefreshRateMode: REFRESH_RATE_MODE_ALWAYS

 BrightnessObserver mPassive=false, mLfdScalability=0, mRequestedPassivefalse, mBrightness: -1, mAmbientLux: -1.0, mIsWirelessCharging=false

#5 << 09-11 20:01:39.880 >>
 [DisplayModeDirector] Schedule to change allowedModes=baseModeId=1 allowGroupSwitching=false primaryRefreshRateRange=[120 120] appRequestRefreshRateRange=[120 120], displayId=0
 -1:
   PRIORITY_REFRESH_RATE_MODE -> Vote{width=-1, height=-1, minRefreshRate=60.0, maxRefreshRate=120.0, disableRefreshRateSwitching=false, baseModeRefreshRate=0.0}
   PRIORITY_USER_SETTING_PEAK_REFRESH_RATE -> Vote{width=-1, height=-1, minRefreshRate=0.0, maxRefreshRate=120.0, disableRefreshRateSwitching=false, baseModeRefreshRate=0.0}
   PRIORITY_USER_SETTING_MIN_REFRESH_RATE -> Vote{width=-1, height=-1, minRefreshRate=0.0, maxRefreshRate=Infinity, disableRefreshRateSwitching=false, baseModeRefreshRate=0.0}
 mModeSwitchingType: SWITCHING_TYPE_NONE mAlwaysRespectAppRequest: false
 SettingObserver mRefreshRateModeByDisplayToken
  DisplayToken: android.os.BinderProxy@f0c3961, RefreshRateMode: REFRESH_RATE_MODE_ALWAYS

 BrightnessObserver mPassive=false, mLfdScalability=0, mRequestedPassivefalse, mBrightness: -1, mAmbientLux: -1.0, mIsWirelessCharging=false

#4 << 09-11 20:01:34.726 >>
 [DisplayModeDirector] Schedule to change allowedModes=baseModeId=2 allowGroupSwitching=false primaryRefreshRateRange=[60 60] appRequestRefreshRateRange=[60 60], displayId=0
 -1:
   PRIORITY_REFRESH_RATE_MODE -> Vote{width=-1, height=-1, minRefreshRate=60.0, maxRefreshRate=120.0, disableRefreshRateSwitching=false, baseModeRefreshRate=0.0}
   PRIORITY_USER_SETTING_PEAK_REFRESH_RATE -> Vote{width=-1, height=-1, minRefreshRate=0.0, maxRefreshRate=120.0, disableRefreshRateSwitching=false, baseModeRefreshRate=0.0}
   PRIORITY_USER_SETTING_MIN_REFRESH_RATE -> Vote{width=-1, height=-1, minRefreshRate=0.0, maxRefreshRate=Infinity, disableRefreshRateSwitching=false, baseModeRefreshRate=0.0}
 0:
   PRIORITY_APP_REQUEST_REFRESH_RATE_RANGE -> Vote{width=-1, height=-1, minRefreshRate=0.0, maxRefreshRate=60.000004, disableRefreshRateSwitching=false, baseModeRefreshRate=0.0}
 mModeSwitchingType: SWITCHING_TYPE_NONE mAlwaysRespectAppRequest: false
 SettingObserver mRefreshRateModeByDisplayToken
  DisplayToken: android.os.BinderProxy@f0c3961, RefreshRateMode: REFRESH_RATE_MODE_ALWAYS

 BrightnessObserver mPassive=false, mLfdScalability=0, mRequestedPassivefalse, mBrightness: -1, mAmbientLux: -1.0, mIsWirelessCharging=false

#3 << 09-11 20:00:56.670 >>
 [DisplayModeDirector] Schedule to change allowedModes=baseModeId=1 allowGroupSwitching=false primaryRefreshRateRange=[120 120] appRequestRefreshRateRange=[120 120], displayId=0
 -1:
   PRIORITY_REFRESH_RATE_MODE -> Vote{width=-1, height=-1, minRefreshRate=60.0, maxRefreshRate=120.0, disableRefreshRateSwitching=false, baseModeRefreshRate=0.0}
   PRIORITY_USER_SETTING_PEAK_REFRESH_RATE -> Vote{width=-1, height=-1, minRefreshRate=0.0, maxRefreshRate=120.0, disableRefreshRateSwitching=false, baseModeRefreshRate=0.0}
   PRIORITY_USER_SETTING_MIN_REFRESH_RATE -> Vote{width=-1, height=-1, minRefreshRate=0.0, maxRefreshRate=Infinity, disableRefreshRateSwitching=false, baseModeRefreshRate=0.0}
 mModeSwitchingType: SWITCHING_TYPE_NONE mAlwaysRespectAppRequest: false
 SettingObserver mRefreshRateModeByDisplayToken
  DisplayToken: android.os.BinderProxy@f0c3961, RefreshRateMode: REFRESH_RATE_MODE_ALWAYS

 BrightnessObserver mPassive=false, mLfdScalability=0, mRequestedPassivefalse, mBrightness: -1, mAmbientLux: -1.0, mIsWirelessCharging=false

#2 << 09-11 20:00:51.802 >>
 [DisplayModeDirector] Schedule to change allowedModes=baseModeId=2 allowGroupSwitching=false primaryRefreshRateRange=[60 60] appRequestRefreshRateRange=[60 60], displayId=0
 -1:
   PRIORITY_REFRESH_RATE_MODE -> Vote{width=-1, height=-1, minRefreshRate=60.0, maxRefreshRate=120.0, disableRefreshRateSwitching=false, baseModeRefreshRate=0.0}
   PRIORITY_USER_SETTING_PEAK_REFRESH_RATE -> Vote{width=-1, height=-1, minRefreshRate=0.0, maxRefreshRate=120.0, disableRefreshRateSwitching=false, baseModeRefreshRate=0.0}
   PRIORITY_USER_SETTING_MIN_REFRESH_RATE -> Vote{width=-1, height=-1, minRefreshRate=0.0, maxRefreshRate=Infinity, disableRefreshRateSwitching=false, baseModeRefreshRate=0.0}
 0:
   PRIORITY_APP_REQUEST_REFRESH_RATE_RANGE -> Vote{width=-1, height=-1, minRefreshRate=0.0, maxRefreshRate=60.000004, disableRefreshRateSwitching=false, baseModeRefreshRate=0.0}
 mModeSwitchingType: SWITCHING_TYPE_NONE mAlwaysRespectAppRequest: false
 SettingObserver mRefreshRateModeByDisplayToken
  DisplayToken: android.os.BinderProxy@f0c3961, RefreshRateMode: REFRESH_RATE_MODE_ALWAYS

 BrightnessObserver mPassive=false, mLfdScalability=0, mRequestedPassivefalse, mBrightness: -1, mAmbientLux: -1.0, mIsWirelessCharging=false

#1 << 09-11 20:00:13.685 >>
 [DisplayModeDirector] Schedule to change allowedModes=baseModeId=1 allowGroupSwitching=false primaryRefreshRateRange=[120 120] appRequestRefreshRateRange=[120 120], displayId=0
 -1:
   PRIORITY_REFRESH_RATE_MODE -> Vote{width=-1, height=-1, minRefreshRate=60.0, maxRefreshRate=120.0, disableRefreshRateSwitching=false, baseModeRefreshRate=0.0}
   PRIORITY_USER_SETTING_PEAK_REFRESH_RATE -> Vote{width=-1, height=-1, minRefreshRate=0.0, maxRefreshRate=120.0, disableRefreshRateSwitching=false, baseModeRefreshRate=0.0}
   PRIORITY_USER_SETTING_MIN_REFRESH_RATE -> Vote{width=-1, height=-1, minRefreshRate=0.0, maxRefreshRate=Infinity, disableRefreshRateSwitching=false, baseModeRefreshRate=0.0}
 mModeSwitchingType: SWITCHING_TYPE_NONE mAlwaysRespectAppRequest: false
 SettingObserver mRefreshRateModeByDisplayToken
  DisplayToken: android.os.BinderProxy@f0c3961, RefreshRateMode: REFRESH_RATE_MODE_ALWAYS

 BrightnessObserver mPassive=false, mLfdScalability=0, mRequestedPassivefalse, mBrightness: -1, mAmbientLux: -1.0, mIsWirelessCharging=false


  SensorObserver
    mIsProxActive=false
    mDozeStateByDisplay:
      0 -> false
BrightnessSynchronizer
  mLatestIntBrightness=255
  mLatestFloatBrightness=1.0
  mCurrentUpdate=null
  mPendingUpdate=null