en-conversation	GUM_conversation_toys	GUM_conversation_toys-119:3	full	two	two	yack pack
en-conversation	GUM_conversation_toys	GUM_conversation_toys-119:3	half	t	two	yack pack
en-conversation	GUM_conversation_toys	GUM_conversation_toys-119:3	transpose	tow	two	yack pack
en-conversation	GUM_conversation_toys	GUM_conversation_toys-171:0	full	yeah	yeah	
en-conversation	GUM_conversation_toys	GUM_conversation_toys-171:0	half	ye	yeah	
en-conversation	GUM_conversation_toys	GUM_conversation_toys-171:0	transpose	eyah	yeah	
en-conversation	GUM_conversation_toys	GUM_conversation_toys-138:0	full	like	like	
en-conversation	GUM_conversation_toys	GUM_conversation_toys-138:0	half	li	like	
en-conversation	GUM_conversation_toys	GUM_conversation_toys-138:0	transpose	ilke	like	
en-conversation	GUM_conversation_toys	GUM_conversation_toys-151:0	full	ouija	ouija	
en-conversation	GUM_conversation_toys	GUM_conversation_toys-151:0	half	ou	ouija	
en-conversation	GUM_conversation_toys	GUM_conversation_toys-151:0	transpose	oiuja	ouija	
en-conversation	GUM_conversation_toys	GUM_conversation_toys-68:6	full	at	at	a look
en-conversation	GUM_conversation_toys	GUM_conversation_toys-68:6	half	a	at	a look
en-conversation	GUM_conversation_toys	GUM_conversation_toys-74:11	full	things	things	get some
en-conversation	GUM_conversation_toys	GUM_conversation_toys-74:11	half	thi	things	get some
en-conversation	GUM_conversation_toys	GUM_conversation_toys-74:11	transpose	thnigs	things	get some
en-conversation	GUM_conversation_toys	GUM_conversation_toys-147:17	full	um	um	game except
en-conversation	GUM_conversation_toys	GUM_conversation_toys-147:17	half	u	um	game except
en-conversation	GUM_conversation_toys	GUM_conversation_toys-87:0	full	its	it's	
en-conversation	GUM_conversation_toys	GUM_conversation_toys-87:0	half	i	it's	
en-conversation	GUM_conversation_toys	GUM_conversation_toys-87:0	transpose	ist	it's	
en-conversation	GUM_conversation_toys	GUM_conversation_toys-90:0	full	no	no	
en-conversation	GUM_conversation_toys	GUM_conversation_toys-90:0	half	n	no	
en-conversation	GUM_conversation_toys	GUM_conversation_toys-160:10	full	answer	answer	knew the
en-conversation	GUM_conversation_toys	GUM_conversation_toys-160:10	half	ans	answer	knew the
en-conversation	GUM_conversation_toys	GUM_conversation_toys-160:10	transpose	answre	answer	knew the
en-conversation	GUM_conversation_toys	GUM_conversation_toys-142:0	full	who	who	
en-conversation	GUM_conversation_toys	GUM_conversation_toys-142:0	half	w	who	
en-conversation	GUM_conversation_toys	GUM_conversation_toys-142:0	transpose	hwo	who	
en-conversation	GUM_conversation_toys	GUM_conversation_toys-166:8	full	come	come	they're gonna
en-conversation	GUM_conversation_toys	GUM_conversation_toys-166:8	half	co	come	they're gonna
en-conversation	GUM_conversation_toys	GUM_conversation_toys-166:8	transpose	ocme	come	they're gonna
en-conversation	GUM_conversation_toys	GUM_conversation_toys-102:2	full	here	here	it's in
en-conversation	GUM_conversation_toys	GUM_conversation_toys-102:2	half	he	here	it's in
en-conversation	GUM_conversation_toys	GUM_conversation_toys-102:2	transpose	hree	here	it's in
en-conversation	GUM_conversation_toys	GUM_conversation_toys-142:15	full	today	today	the ghost
en-conversation	GUM_conversation_toys	GUM_conversation_toys-142:15	half	to	today	the ghost
en-conversation	GUM_conversation_toys	GUM_conversation_toys-142:15	transpose	otday	today	the ghost
en-conversation	GUM_conversation_toys	GUM_conversation_toys-24:3	full	bin	bin	the recycling
en-conversation	GUM_conversation_toys	GUM_conversation_toys-24:3	half	b	bin	the recycling
en-conversation	GUM_conversation_toys	GUM_conversation_toys-24:3	transpose	ibn	bin	the recycling
en-conversation	GUM_conversation_toys	GUM_conversation_toys-54:0	full	hed	he'd	
en-conversation	GUM_conversation_toys	GUM_conversation_toys-54:0	half	h	he'd	
en-conversation	GUM_conversation_toys	GUM_conversation_toys-54:0	transpose	hde	he'd	
en-conversation	GUM_conversation_toys	GUM_conversation_toys-38:8	full	those	those	is put
en-conversation	GUM_conversation_toys	GUM_conversation_toys-38:8	half	th	those	is put
en-conversation	GUM_conversation_toys	GUM_conversation_toys-38:8	transpose	tohse	those	is put
en-conversation	GUM_conversation_toys	GUM_conversation_toys-97:16	full	girl	girl	and the
en-conversation	GUM_conversation_toys	GUM_conversation_toys-97:16	half	gi	girl	and the
en-conversation	GUM_conversation_toys	GUM_conversation_toys-97:16	transpose	gril	girl	and the
en-conversation	GUM_conversation_toys	GUM_conversation_toys-88:1	full	that	that	is
en-conversation	GUM_conversation_toys	GUM_conversation_toys-88:1	half	th	that	is
en-conversation	GUM_conversation_toys	GUM_conversation_toys-88:1	transpose	htat	that	is
en-conversation	GUM_conversation_toys	GUM_conversation_toys-158:9	full	was	was	when i
en-conversation	GUM_conversation_toys	GUM_conversation_toys-158:9	half	w	was	when i
en-conversation	GUM_conversation_toys	GUM_conversation_toys-158:9	transpose	aws	was	when i
en-conversation	GUM_conversation_toys	GUM_conversation_toys-1:7	full	shoes	shoes	put my
en-conversation	GUM_conversation_toys	GUM_conversation_toys-1:7	half	sh	shoes	put my
en-conversation	GUM_conversation_toys	GUM_conversation_toys-1:7	transpose	shose	shoes	put my
en-conversation	GUM_conversation_toys	GUM_conversation_toys-53:4	full	some	some	really like
en-conversation	GUM_conversation_toys	GUM_conversation_toys-53:4	half	so	some	really like
en-conversation	GUM_conversation_toys	GUM_conversation_toys-53:4	transpose	osme	some	really like
en-conversation	GUM_conversation_toys	GUM_conversation_toys-93:2	full	like	like	it's kinda
en-conversation	GUM_conversation_toys	GUM_conversation_toys-93:2	half	li	like	it's kinda
en-conversation	GUM_conversation_toys	GUM_conversation_toys-93:2	transpose	ilke	like	it's kinda
en-conversation	GUM_conversation_toys	GUM_conversation_toys-68:11	full	anything	anything	see if
en-conversation	GUM_conversation_toys	GUM_conversation_toys-68:11	half	anyt	anything	see if
en-conversation	GUM_conversation_toys	GUM_conversation_toys-68:11	transpose	anytihng	anything	see if
en-conversation	GUM_conversation_toys	GUM_conversation_toys-98:4	full	like	like	it kinda
en-conversation	GUM_conversation_toys	GUM_conversation_toys-98:4	half	li	like	it kinda
en-conversation	GUM_conversation_toys	GUM_conversation_toys-98:4	transpose	liek	like	it kinda
en-conversation	GUM_conversation_toys	GUM_conversation_toys-38:4	full	to	to	like you
en-conversation	GUM_conversation_toys	GUM_conversation_toys-38:4	half	t	to	like you
en-conversation	GUM_conversation_toys	GUM_conversation_toys-18:1	full	was	was	it
en-conversation	GUM_conversation_toys	GUM_conversation_toys-18:1	half	w	was	it
en-conversation	GUM_conversation_toys	GUM_conversation_toys-18:1	transpose	aws	was	it
en-conversation	GUM_conversation_toys	GUM_conversation_toys-158:12	full	girl	girl	a little
en-conversation	GUM_conversation_toys	GUM_conversation_toys-158:12	half	gi	girl	a little
en-conversation	GUM_conversation_toys	GUM_conversation_toys-158:12	transpose	gilr	girl	a little
en-conversation	GUM_conversation_toys	GUM_conversation_toys-98:10	full	that	that	talkboys like
en-conversation	GUM_conversation_toys	GUM_conversation_toys-98:10	half	th	that	talkboys like
en-conversation	GUM_conversation_toys	GUM_conversation_toys-98:10	transpose	htat	that	talkboys like
en-conversation	GUM_conversation_toys	GUM_conversation_toys-32:0	full	or	or	
en-conversation	GUM_conversation_toys	GUM_conversation_toys-32:0	half	o	or	
en-conversation	GUM_conversation_toys	GUM_conversation_toys-97:4	full	girl	girl	there's this
en-conversation	GUM_conversation_toys	GUM_conversation_toys-97:4	half	gi	girl	there's this
en-conversation	GUM_conversation_toys	GUM_conversation_toys-97:4	transpose	igrl	girl	there's this
en-conversation	GUM_conversation_toys	GUM_conversation_toys-30:16	full	nothing	nothing	i've done
en-conversation	GUM_conversation_toys	GUM_conversation_toys-30:16	half	not	nothing	i've done
en-conversation	GUM_conversation_toys	GUM_conversation_toys-30:16	transpose	notihng	nothing	i've done
en-conversation	GUM_conversation_atoms	GUM_conversation_atoms-146:11	full	ahead	ahead	a little
en-conversation	GUM_conversation_atoms	GUM_conversation_atoms-146:11	half	ah	ahead	a little
en-conversation	GUM_conversation_atoms	GUM_conversation_atoms-146:11	transpose	aheda	ahead	a little
en-conversation	GUM_conversation_atoms	GUM_conversation_atoms-14:16	full	and	and	this glass
en-conversation	GUM_conversation_atoms	GUM_conversation_atoms-14:16	half	a	and	this glass
en-conversation	GUM_conversation_atoms	GUM_conversation_atoms-14:16	transpose	nad	and	this glass
en-conversation	GUM_conversation_atoms	GUM_conversation_atoms-94:1	full	now	now	and
en-conversation	GUM_conversation_atoms	GUM_conversation_atoms-94:1	half	n	now	and
en-conversation	GUM_conversation_atoms	GUM_conversation_atoms-94:1	transpose	nwo	now	and
en-conversation	GUM_conversation_atoms	GUM_conversation_atoms-23:6	full	what	what	way guys
en-conversation	GUM_conversation_atoms	GUM_conversation_atoms-23:6	half	wh	what	way guys
en-conversation	GUM_conversation_atoms	GUM_conversation_atoms-23:6	transpose	whta	what	way guys
en-conversation	GUM_conversation_atoms	GUM_conversation_atoms-4:27	full	these	these	you about
en-conversation	GUM_conversation_atoms	GUM_conversation_atoms-4:27	half	th	these	you about
en-conversation	GUM_conversation_atoms	GUM_conversation_atoms-4:27	transpose	thsee	these	you about
en-conversation	GUM_conversation_atoms	GUM_conversation_atoms-60:10	full	that	that	something else
en-conversation	GUM_conversation_atoms	GUM_conversation_atoms-60:10	half	th	that	something else
en-conversation	GUM_conversation_atoms	GUM_conversation_atoms-60:10	transpose	htat	that	something else
en-conversation	GUM_conversation_atoms	GUM_conversation_atoms-100:2	full	him	him	everybody tell
en-conversation	GUM_conversation_atoms	GUM_conversation_atoms-100:2	half	h	him	everybody tell
en-conversation	GUM_conversation_atoms	GUM_conversation_atoms-100:2	transpose	ihm	him	everybody tell
en-conversation	GUM_conversation_atoms	GUM_conversation_atoms-15:9	full	different	different	how they're
en-conversation	GUM_conversation_atoms	GUM_conversation_atoms-15:9	half	diff	different	how they're
en-conversation	GUM_conversation_atoms	GUM_conversation_atoms-15:9	transpose	different	different	how they're
en-conversation	GUM_conversation_atoms	GUM_conversation_atoms-145:0	full	you	you	
en-conversation	GUM_conversation_atoms	GUM_conversation_atoms-145:0	half	y	you	
en-conversation	GUM_conversation_atoms	GUM_conversation_atoms-145:0	transpose	oyu	you	
en-conversation	GUM_conversation_atoms	GUM_conversation_atoms-5:12	full	and	and	this glass
en-conversation	GUM_conversation_atoms	GUM_conversation_atoms-5:12	half	a	and	this glass
en-conversation	GUM_conversation_atoms	GUM_conversation_atoms-5:12	transpose	adn	and	this glass
en-conversation	GUM_conversation_atoms	GUM_conversation_atoms-14:24	full	home	home	boil at
en-conversation	GUM_conversation_atoms	GUM_conversation_atoms-14:24	half	ho	home	boil at
en-conversation	GUM_conversation_atoms	GUM_conversation_atoms-14:24	transpose	hmoe	home	boil at
en-conversation	GUM_conversation_atoms	GUM_conversation_atoms-48:5	full	air	air	or the
en-conversation	GUM_conversation_atoms	GUM_conversation_atoms-48:5	half	a	air	or the
en-conversation	GUM_conversation_atoms	GUM_conversation_atoms-48:5	transpose	iar	air	or the
en-conversation	GUM_conversation_atoms	GUM_conversation_atoms-4:20	full	would	would	first i
en-conversation	GUM_conversation_atoms	GUM_conversation_atoms-4:20	half	wo	would	first i
en-conversation	GUM_conversation_atoms	GUM_conversation_atoms-4:20	transpose	woudl	would	first i
en-conversation	GUM_conversation_atoms	GUM_conversation_atoms-16:12	full	twenty	twenty	about uh
en-conversation	GUM_conversation_atoms	GUM_conversation_atoms-16:12	half	twe	twenty	about uh
en-conversation	GUM_conversation_atoms	GUM_conversation_atoms-16:12	transpose	wtenty	twenty	about uh
en-conversation	GUM_conversation_atoms	GUM_conversation_atoms-146:14	full	son	son	of me
en-conversation	GUM_conversation_atoms	GUM_conversation_atoms-146:14	half	s	son	of me
en-conversation	GUM_conversation_atoms	GUM_conversation_atoms-146:14	transpose	osn	son	of me
en-conversation	GUM_conversation_atoms	GUM_conversation_atoms-26:1	full	good	good	very
en-conversation	GUM_conversation_atoms	GUM_conversation_atoms-26:1	half	go	good	very
en-conversation	GUM_conversation_atoms	GUM_conversation_atoms-26:1	transpose	good	good	very
en-conversation	GUM_conversation_atoms	GUM_conversation_atoms-123:0	full	oh	oh	
en-conversation	GUM_conversation_atoms	GUM_conversation_atoms-123:0	half	o	oh	
en-conversation	GUM_conversation_atoms	GUM_conversation_atoms-5:15	full	from	from	steam rising
en-conversation	GUM_conversation_atoms	GUM_conversation_atoms-5:15	half	fr	from	steam rising
en-conversation	GUM_conversation_atoms	GUM_conversation_atoms-5:15	transpose	rfom	from	steam rising
en-conversation	GUM_conversation_atoms	GUM_conversation_atoms-135:8	full	in	in	uh huit
en-conversation	GUM_conversation_atoms	GUM_conversation_atoms-135:8	half	i	in	uh huit
en-conversation	GUM_conversation_atoms	GUM_conversation_atoms-146:6	full	duh	duh	dih duh
en-conversation	GUM_conversation_atoms	GUM_conversation_atoms-146:6	half	d	duh	dih duh
en-conversation	GUM_conversation_atoms	GUM_conversation_atoms-146:6	transpose	dhu	duh	dih duh
en-conversation	GUM_conversation_atoms	GUM_conversation_atoms-14:29	full	with	with	are familiar
en-conversation	GUM_conversation_atoms	GUM_conversation_atoms-14:29	half	wi	with	are familiar
en-conversation	GUM_conversation_atoms	GUM_conversation_atoms-14:29	transpose	iwth	with	are familiar
en-conversation	GUM_conversation_atoms	GUM_conversation_atoms-80:3	full	fitting	fitting	they're not
en-conversation	GUM_conversation_atoms	GUM_conversation_atoms-80:3	half	fit	fitting	they're not
en-conversation	GUM_conversation_atoms	GUM_conversation_atoms-80:3	transpose	fititng	fitting	they're not
en-conversation	GUM_conversation_atoms	GUM_conversation_atoms-118:0	full	in	in	
en-conversation	GUM_conversation_atoms	GUM_conversation_atoms-118:0	half	i	in	
en-conversation	GUM_conversation_atoms	GUM_conversation_atoms-142:12	full	again	again	hole think
en-conversation	GUM_conversation_atoms	GUM_conversation_atoms-142:12	half	ag	again	hole think
en-conversation	GUM_conversation_atoms	GUM_conversation_atoms-142:12	transpose	aagin	again	hole think
en-conversation	GUM_conversation_atoms	GUM_conversation_atoms-65:10	full	never	never	glad i
en-conversation	GUM_conversation_atoms	GUM_conversation_atoms-65:10	half	ne	never	glad i
en-conversation	GUM_conversation_atoms	GUM_conversation_atoms-65:10	transpose	nevre	never	glad i
en-conversation	GUM_conversation_atoms	GUM_conversation_atoms-91:6	full	little	little	the the
en-conversation	GUM_conversation_atoms	GUM_conversation_atoms-91:6	half	lit	little	the the
en-conversation	GUM_conversation_atoms	GUM_conversation_atoms-91:6	transpose	ilttle	little	the the
en-conversation	GUM_conversation_atoms	GUM_conversation_atoms-139:2	full	gosh	gosh	oh my
en-conversation	GUM_conversation_atoms	GUM_conversation_atoms-139:2	half	go	gosh	oh my
en-conversation	GUM_conversation_atoms	GUM_conversation_atoms-139:2	transpose	ogsh	gosh	oh my
en-conversation	GUM_conversation_atoms	GUM_conversation_atoms-5:4	full	ice	ice	here some
en-conversation	GUM_conversation_atoms	GUM_conversation_atoms-5:4	half	i	ice	here some
en-conversation	GUM_conversation_atoms	GUM_conversation_atoms-5:4	transpose	iec	ice	here some
en-conversation	GUM_conversation_atoms	GUM_conversation_atoms-127:1	full	you	you	thank
en-conversation	GUM_conversation_atoms	GUM_conversation_atoms-127:1	half	y	you	thank
en-conversation	GUM_conversation_atoms	GUM_conversation_atoms-127:1	transpose	oyu	you	thank
en-conversation	GUM_conversation_atoms	GUM_conversation_atoms-51:1	full	gas	gas	a
en-conversation	GUM_conversation_atoms	GUM_conversation_atoms-51:1	half	g	gas	a
en-conversation	GUM_conversation_atoms	GUM_conversation_atoms-51:1	transpose	ags	gas	a
en-conversation	GUM_conversation_atoms	GUM_conversation_atoms-14:30	full	steam	steam	familiar with
en-conversation	GUM_conversation_atoms	GUM_conversation_atoms-14:30	half	st	steam	familiar with
en-conversation	GUM_conversation_atoms	GUM_conversation_atoms-14:30	transpose	tseam	steam	familiar with
en-conversation	GUM_conversation_atoms	GUM_conversation_atoms-53:21	full	forth	forth	back and
en-conversation	GUM_conversation_atoms	GUM_conversation_atoms-53:21	half	fo	forth	back and
en-conversation	GUM_conversation_atoms	GUM_conversation_atoms-53:21	transpose	ofrth	forth	back and
en-conversation	GUM_conversation_blacksmithing	GUM_conversation_blacksmithing-64:13	full	horse	horse	shoe a
en-conversation	GUM_conversation_blacksmithing	GUM_conversation_blacksmithing-64:13	half	ho	horse	shoe a
en-conversation	GUM_conversation_blacksmithing	GUM_conversation_blacksmithing-64:13	transpose	hores	horse	shoe a
en-conversation	GUM_conversation_blacksmithing	GUM_conversation_blacksmithing-39:0	full	and	and	
en-conversation	GUM_conversation_blacksmithing	GUM_conversation_blacksmithing-39:0	half	a	and	
en-conversation	GUM_conversation_blacksmithing	GUM_conversation_blacksmithing-39:0	transpose	adn	and	
en-conversation	GUM_conversation_blacksmithing	GUM_conversation_blacksmithing-32:6	full	and	and	go ahead
en-conversation	GUM_conversation_blacksmithing	GUM_conversation_blacksmithing-32:6	half	a	and	go ahead
en-conversation	GUM_conversation_blacksmithing	GUM_conversation_blacksmithing-32:6	transpose	nad	and	go ahead
en-conversation	GUM_conversation_blacksmithing	GUM_conversation_blacksmithing-25:11	full	and	and	doing it
en-conversation	GUM_conversation_blacksmithing	GUM_conversation_blacksmithing-25:11	half	a	and	doing it
en-conversation	GUM_conversation_blacksmithing	GUM_conversation_blacksmithing-25:11	transpose	adn	and	doing it
en-conversation	GUM_conversation_blacksmithing	GUM_conversation_blacksmithing-97:7	full	horses	horse's	at the
en-conversation	GUM_conversation_blacksmithing	GUM_conversation_blacksmithing-97:7	half	hor	horse's	at the
en-conversation	GUM_conversation_blacksmithing	GUM_conversation_blacksmithing-97:7	transpose	hroses	horse's	at the
en-conversation	GUM_conversation_blacksmithing	GUM_conversation_blacksmithing-75:7	full	already	already	that were
en-conversation	GUM_conversation_blacksmithing	GUM_conversation_blacksmithing-75:7	half	alr	already	that were
en-conversation	GUM_conversation_blacksmithing	GUM_conversation_blacksmithing-75:7	transpose	alraedy	already	that were
en-conversation	GUM_conversation_blacksmithing	GUM_conversation_blacksmithing-81:0	full	th	th	
en-conversation	GUM_conversation_blacksmithing	GUM_conversation_blacksmithing-81:0	half	t	th	
en-conversation	GUM_conversation_blacksmithing	GUM_conversation_blacksmithing-43:7	full	go	go	that you
en-conversation	GUM_conversation_blacksmithing	GUM_conversation_blacksmithing-43:7	half	g	go	that you
en-conversation	GUM_conversation_blacksmithing	GUM_conversation_blacksmithing-96:1	full	pick	pick	we
en-conversation	GUM_conversation_blacksmithing	GUM_conversation_blacksmithing-96:1	half	pi	pick	we
en-conversation	GUM_conversation_blacksmithing	GUM_conversation_blacksmithing-96:1	transpose	pcik	pick	we
en-conversation	GUM_conversation_blacksmithing	GUM_conversation_blacksmithing-105:8	full	you	you	light horses
en-conversation	GUM_conversation_blacksmithing	GUM_conversation_blacksmithing-105:8	half	y	you	light horses
en-conversation	GUM_conversation_blacksmithing	GUM_conversation_blacksmithing-105:8	transpose	oyu	you	light horses
en-conversation	GUM_conversation_blacksmithing	GUM_conversation_blacksmithing-83:10	full	at	at	us this
en-conversation	GUM_conversation_blacksmithing	GUM_conversation_blacksmithing-83:10	half	a	at	us this
en-conversation	GUM_conversation_blacksmithing	GUM_conversation_blacksmithing-86:14	full	year	year	of the
en-conversation	GUM_conversation_blacksmithing	GUM_conversation_blacksmithing-86:14	half	ye	year	of the
en-conversation	GUM_conversation_blacksmithing	GUM_conversation_blacksmithing-86:14	transpose	yera	year	of the
en-conversation	GUM_conversation_blacksmithing	GUM_conversation_blacksmithing-58:29	full	dirt	dirt	clods of
en-conversation	GUM_conversation_blacksmithing	GUM_conversation_blacksmithing-58:29	half	di	dirt	clods of
en-conversation	GUM_conversation_blacksmithing	GUM_conversation_blacksmithing-58:29	transpose	ditr	dirt	clods of
en-conversation	GUM_conversation_blacksmithing	GUM_conversation_blacksmithing-7:12	full	early	early	till like
en-conversation	GUM_conversation_blacksmithing	GUM_conversation_blacksmithing-7:12	half	ea	early	till like
en-conversation	GUM_conversation_blacksmithing	GUM_conversation_blacksmithing-7:12	transpose	aerly	early	till like
en-conversation	GUM_conversation_blacksmithing	GUM_conversation_blacksmithing-100:0	full	what	what	
en-conversation	GUM_conversation_blacksmithing	GUM_conversation_blacksmithing-100:0	half	wh	what	
en-conversation	GUM_conversation_blacksmithing	GUM_conversation_blacksmithing-100:0	transpose	waht	what	
en-conversation	GUM_conversation_blacksmithing	GUM_conversation_blacksmithing-91:3	full	never	never	said you
en-conversation	GUM_conversation_blacksmithing	GUM_conversation_blacksmithing-91:3	half	ne	never	said you
en-conversation	GUM_conversation_blacksmithing	GUM_conversation_blacksmithing-91:3	transpose	nevre	never	said you
en-conversation	GUM_conversation_blacksmithing	GUM_conversation_blacksmithing-1:0	full	so	so	
en-conversation	GUM_conversation_blacksmithing	GUM_conversation_blacksmithing-1:0	half	s	so	
en-conversation	GUM_conversation_blacksmithing	GUM_conversation_blacksmithing-56:5	full	horse	horse	make a
en-conversation	GUM_conversation_blacksmithing	GUM_conversation_blacksmithing-56:5	half	ho	horse	make a
en-conversation	GUM_conversation_blacksmithing	GUM_conversation_blacksmithing-56:5	transpose	hrose	horse	make a
en-conversation	GUM_conversation_blacksmithing	GUM_conversation_blacksmithing-61:6	full	long	long	em really
en-conversation	GUM_conversation_blacksmithing	GUM_conversation_blacksmithing-61:6	half	lo	long	em really
en-conversation	GUM_conversation_blacksmithing	GUM_conversation_blacksmithing-61:6	transpose	lnog	long	em really
en-conversation	GUM_conversation_blacksmithing	GUM_conversation_blacksmithing-58:8	full	em	em	like keep
en-conversation	GUM_conversation_blacksmithing	GUM_conversation_blacksmithing-58:8	half	e	em	like keep
en-conversation	GUM_conversation_blacksmithing	GUM_conversation_blacksmithing-10:19	full	not	not	like i'm
en-conversation	GUM_conversation_blacksmithing	GUM_conversation_blacksmithing-10:19	half	n	not	like i'm
en-conversation	GUM_conversation_blacksmithing	GUM_conversation_blacksmithing-10:19	transpose	nto	not	like i'm
en-conversation	GUM_conversation_blacksmithing	GUM_conversation_blacksmithing-84:8	full	too	too	another class
en-conversation	GUM_conversation_blacksmithing	GUM_conversation_blacksmithing-84:8	half	t	too	another class
en-conversation	GUM_conversation_blacksmithing	GUM_conversation_blacksmithing-84:8	transpose	oto	too	another class
en-conversation	GUM_conversation_blacksmithing	GUM_conversation_blacksmithing-91:2	full	you	you	you said
en-conversation	GUM_conversation_blacksmithing	GUM_conversation_blacksmithing-91:2	half	y	you	you said
en-conversation	GUM_conversation_blacksmithing	GUM_conversation_blacksmithing-91:2	transpose	yuo	you	you said
en-conversation	GUM_conversation_blacksmithing	GUM_conversation_blacksmithing-105:3	full	just	just	we're talking
en-conversation	GUM_conversation_blacksmithing	GUM_conversation_blacksmithing-105:3	half	ju	just	we're talking
en-conversation	GUM_conversation_blacksmithing	GUM_conversation_blacksmithing-105:3	transpose	ujst	just	we're talking
en-conversation	GUM_conversation_blacksmithing	GUM_conversation_blacksmithing-69:1	full	know	know	you
en-conversation	GUM_conversation_blacksmithing	GUM_conversation_blacksmithing-69:1	half	kn	know	you
en-conversation	GUM_conversation_blacksmithing	GUM_conversation_blacksmithing-69:1	transpose	knwo	know	you
en-conversation	GUM_conversation_blacksmithing	GUM_conversation_blacksmithing-104:1	full	ponies	ponies	or
en-conversation	GUM_conversation_blacksmithing	GUM_conversation_blacksmithing-104:1	half	pon	ponies	or
en-conversation	GUM_conversation_blacksmithing	GUM_conversation_blacksmithing-104:1	transpose	opnies	ponies	or
en-conversation	GUM_conversation_blacksmithing	GUM_conversation_blacksmithing-88:5	full	or	or	a review
en-conversation	GUM_conversation_blacksmithing	GUM_conversation_blacksmithing-88:5	half	o	or	a review
en-conversation	GUM_conversation_blacksmithing	GUM_conversation_blacksmithing-24:15	full	to	to	kinda how
en-conversation	GUM_conversation_blacksmithing	GUM_conversation_blacksmithing-24:15	half	t	to	kinda how
en-conversation	GUM_conversation_blacksmithing	GUM_conversation_blacksmithing-76:6	full	got	got	as we
en-conversation	GUM_conversation_blacksmithing	GUM_conversation_blacksmithing-76:6	half	g	got	as we
en-conversation	GUM_conversation_blacksmithing	GUM_conversation_blacksmithing-76:6	transpose	gto	got	as we
en-conversation	GUM_conversation_blacksmithing	GUM_conversation_blacksmithing-41:14	full	the	the	then all
en-conversation	GUM_conversation_blacksmithing	GUM_conversation_blacksmithing-41:14	half	t	the	then all
en-conversation	GUM_conversation_blacksmithing	GUM_conversation_blacksmithing-41:14	transpose	teh	the	then all
en-conversation	GUM_conversation_blacksmithing	GUM_conversation_blacksmithing-32:4	full	go	go	decided to
en-conversation	GUM_conversation_blacksmithing	GUM_conversation_blacksmithing-32:4	half	g	go	decided to
en-conversation	GUM_conversation_blacksmithing	GUM_conversation_blacksmithing-76:4	full	as	as	as far
en-conversation	GUM_conversation_blacksmithing	GUM_conversation_blacksmithing-76:4	half	a	as	as far
en-conversation	GUM_conversation_gossip	GUM_conversation_gossip-39:0	full	its	it's	
en-conversation	GUM_conversation_gossip	GUM_conversation_gossip-39:0	half	i	it's	
en-conversation	GUM_conversation_gossip	GUM_conversation_gossip-39:0	transpose	tis	it's	
en-conversation	GUM_conversation_gossip	GUM_conversation_gossip-11:6	full	and	and	a hundred
en-conversation	GUM_conversation_gossip	GUM_conversation_gossip-11:6	half	a	and	a hundred
en-conversation	GUM_conversation_gossip	GUM_conversation_gossip-11:6	transpose	nad	and	a hundred
en-conversation	GUM_conversation_gossip	GUM_conversation_gossip-74:12	full	it	it	they'll say
en-conversation	GUM_conversation_gossip	GUM_conversation_gossip-74:12	half	i	it	they'll say
en-conversation	GUM_conversation_gossip	GUM_conversation_gossip-57:1	full	his	his	that's
en-conversation	GUM_conversation_gossip	GUM_conversation_gossip-57:1	half	h	his	that's
en-conversation	GUM_conversation_gossip	GUM_conversation_gossip-57:1	transpose	ihs	his	that's
en-conversation	GUM_conversation_gossip	GUM_conversation_gossip-131:1	full	then	then	and
en-conversation	GUM_conversation_gossip	GUM_conversation_gossip-131:1	half	th	then	and
en-conversation	GUM_conversation_gossip	GUM_conversation_gossip-131:1	transpose	thne	then	and
en-conversation	GUM_conversation_gossip	GUM_conversation_gossip-84:0	full	its	it's	
en-conversation	GUM_conversation_gossip	GUM_conversation_gossip-84:0	half	i	it's	
en-conversation	GUM_conversation_gossip	GUM_conversation_gossip-84:0	transpose	ist	it's	
en-conversation	GUM_conversation_gossip	GUM_conversation_gossip-131:10	full	had	had	um they
en-conversation	GUM_conversation_gossip	GUM_conversation_gossip-131:10	half	h	had	um they
en-conversation	GUM_conversation_gossip	GUM_conversation_gossip-131:10	transpose	hda	had	um they
en-conversation	GUM_conversation_gossip	GUM_conversation_gossip-38:19	full	have	have	that you
en-conversation	GUM_conversation_gossip	GUM_conversation_gossip-38:19	half	ha	have	that you
en-conversation	GUM_conversation_gossip	GUM_conversation_gossip-38:19	transpose	hvae	have	that you
en-conversation	GUM_conversation_gossip	GUM_conversation_gossip-79:0	full	dont	don't	
en-conversation	GUM_conversation_gossip	GUM_conversation_gossip-79:0	half	do	don't	
en-conversation	GUM_conversation_gossip	GUM_conversation_gossip-79:0	transpose	dotn	don't	
en-conversation	GUM_conversation_gossip	GUM_conversation_gossip-51:5	full	nephews	nephews	are michael's
en-conversation	GUM_conversation_gossip	GUM_conversation_gossip-51:5	half	nep	nephews	are michael's
en-conversation	GUM_conversation_gossip	GUM_conversation_gossip-51:5	transpose	nehpews	nephews	are michael's
en-conversation	GUM_conversation_gossip	GUM_conversation_gossip-71:0	full	yeah	yeah	
en-conversation	GUM_conversation_gossip	GUM_conversation_gossip-71:0	half	ye	yeah	
en-conversation	GUM_conversation_gossip	GUM_conversation_gossip-71:0	transpose	yeha	yeah	
en-conversation	GUM_conversation_gossip	GUM_conversation_gossip-57:0	full	thats	that's	
en-conversation	GUM_conversation_gossip	GUM_conversation_gossip-57:0	half	th	that's	
en-conversation	GUM_conversation_gossip	GUM_conversation_gossip-57:0	transpose	htats	that's	
en-conversation	GUM_conversation_gossip	GUM_conversation_gossip-42:4	full	out	out	gonna stall
en-conversation	GUM_conversation_gossip	GUM_conversation_gossip-42:4	half	o	out	gonna stall
en-conversation	GUM_conversation_gossip	GUM_conversation_gossip-42:4	transpose	otu	out	gonna stall
en-conversation	GUM_conversation_gossip	GUM_conversation_gossip-31:8	full	um	um	are like
en-conversation	GUM_conversation_gossip	GUM_conversation_gossip-31:8	half	u	um	are like
en-conversation	GUM_conversation_gossip	GUM_conversation_gossip-106:0	full	he	he	
en-conversation	GUM_conversation_gossip	GUM_conversation_gossip-106:0	half	h	he	
en-conversation	GUM_conversation_gossip	GUM_conversation_gossip-24:0	full	and	and	
en-conversation	GUM_conversation_gossip	GUM_conversation_gossip-24:0	half	a	and	
en-conversation	GUM_conversation_gossip	GUM_conversation_gossip-24:0	transpose	nad	and	
en-conversation	GUM_conversation_gossip	GUM_conversation_gossip-25:0	full	what	what	
en-conversation	GUM_conversation_gossip	GUM_conversation_gossip-25:0	half	wh	what	
en-conversation	GUM_conversation_gossip	GUM_conversation_gossip-25:0	transpose	waht	what	
en-conversation	GUM_conversation_gossip	GUM_conversation_gossip-73:1	full	just	just	it's
en-conversation	GUM_conversation_gossip	GUM_conversation_gossip-73:1	half	ju	just	it's
en-conversation	GUM_conversation_gossip	GUM_conversation_gossip-73:1	transpose	jsut	just	it's
en-conversation	GUM_conversation_gossip	GUM_conversation_gossip-45:6	full	lower	lower	in the
en-conversation	GUM_conversation_gossip	GUM_conversation_gossip-45:6	half	lo	lower	in the
en-conversation	GUM_conversation_gossip	GUM_conversation_gossip-45:6	transpose	lowre	lower	in the
en-conversation	GUM_conversation_gossip	GUM_conversation_gossip-90:7	full	different	different	like a
en-conversation	GUM_conversation_gossip	GUM_conversation_gossip-90:7	half	diff	different	like a
en-conversation	GUM_conversation_gossip	GUM_conversation_gossip-90:7	transpose	idfferent	different	like a
en-conversation	GUM_conversation_gossip	GUM_conversation_gossip-43:4	full	us	us	out on
en-conversation	GUM_conversation_gossip	GUM_conversation_gossip-43:4	half	u	us	out on
en-conversation	GUM_conversation_gossip	GUM_conversation_gossip-35:6	full	hot	hot	gets that
en-conversation	GUM_conversation_gossip	GUM_conversation_gossip-35:6	half	h	hot	gets that
en-conversation	GUM_conversation_gossip	GUM_conversation_gossip-35:6	transpose	oht	hot	gets that
en-conversation	GUM_conversation_gossip	GUM_conversation_gossip-35:16	full	think	think	whatever i
en-conversation	GUM_conversation_gossip	GUM_conversation_gossip-35:16	half	th	think	whatever i
en-conversation	GUM_conversation_gossip	GUM_conversation_gossip-35:16	transpose	htink	think	whatever i
en-conversation	GUM_conversation_gossip	GUM_conversation_gossip-72:8	full	no	no	n no
en-conversation	GUM_conversation_gossip	GUM_conversation_gossip-72:8	half	n	no	n no
en-conversation	GUM_conversation_gossip	GUM_conversation_gossip-36:1	full	that	that	isn't
en-conversation	GUM_conversation_gossip	GUM_conversation_gossip-36:1	half	th	that	isn't
en-conversation	GUM_conversation_gossip	GUM_conversation_gossip-36:1	transpose	thta	that	isn't
en-conversation	GUM_conversation_gossip	GUM_conversation_gossip-42:0	full	are	are	
en-conversation	GUM_conversation_gossip	GUM_conversation_gossip-42:0	half	a	are	
en-conversation	GUM_conversation_gossip	GUM_conversation_gossip-42:0	transpose	rae	are	
en-conversation	GUM_conversation_gossip	GUM_conversation_gossip-54:2	full	then	then	jose and
en-conversation	GUM_conversation_gossip	GUM_conversation_gossip-54:2	half	th	then	jose and
en-conversation	GUM_conversation_gossip	GUM_conversation_gossip-54:2	transpose	tehn	then	jose and
en-conversation	GUM_conversation_gossip	GUM_conversation_gossip-2:0	full	you	you	
en-conversation	GUM_conversation_gossip	GUM_conversation_gossip-2:0	half	y	you	
en-conversation	GUM_conversation_gossip	GUM_conversation_gossip-2:0	transpose	oyu	you	
en-conversation	GUM_conversation_gossip	GUM_conversation_gossip-135:3	full	problems	problems	you're having
en-conversation	GUM_conversation_gossip	GUM_conversation_gossip-135:3	half	prob	problems	you're having
en-conversation	GUM_conversation_gossip	GUM_conversation_gossip-135:3	transpose	problesm	problems	you're having
en-conversation	GUM_conversation_gossip	GUM_conversation_gossip-38:14	full	uh	uh	it but
en-conversation	GUM_conversation_gossip	GUM_conversation_gossip-38:14	half	u	uh	it but
en-conversation	GUM_conversation_gossip	GUM_conversation_gossip-8:0	full	scary	scary	
en-conversation	GUM_conversation_gossip	GUM_conversation_gossip-8:0	half	sc	scary	
en-conversation	GUM_conversation_gossip	GUM_conversation_gossip-8:0	transpose	scayr	scary	
en-conversation	GUM_conversation_gossip	GUM_conversation_gossip-43:2	full	out	out	don't stall
en-conversation	GUM_conversation_gossip	GUM_conversation_gossip-43:2	half	o	out	don't stall
en-conversation	GUM_conversation_gossip	GUM_conversation_gossip-43:2	transpose	uot	out	don't stall
en-conversation	GUM_conversation_scientist	GUM_conversation_scientist-51:11	full	make	make	knowledge and
en-conversation	GUM_conversation_scientist	GUM_conversation_scientist-51:11	half	ma	make	knowledge and
en-conversation	GUM_conversation_scientist	GUM_conversation_scientist-51:11	transpose	amke	make	knowledge and
en-conversation	GUM_conversation_scientist	GUM_conversation_scientist-38:6	full	directions	directions	in all
en-conversation	GUM_conversation_scientist	GUM_conversation_scientist-38:6	half	direc	directions	in all
en-conversation	GUM_conversation_scientist	GUM_conversation_scientist-38:6	transpose	idrections	directions	in all
en-conversation	GUM_conversation_scientist	GUM_conversation_scientist-23:7	full	symbolized	symbolized	that always
en-conversation	GUM_conversation_scientist	GUM_conversation_scientist-23:7	half	symbo	symbolized	that always
en-conversation	GUM_conversation_scientist	GUM_conversation_scientist-23:7	transpose	smybolized	symbolized	that always
en-conversation	GUM_conversation_scientist	GUM_conversation_scientist-68:13	full	guiding	guiding	much who's
en-conversation	GUM_conversation_scientist	GUM_conversation_scientist-68:13	half	gui	guiding	much who's
en-conversation	GUM_conversation_scientist	GUM_conversation_scientist-68:13	transpose	guidnig	guiding	much who's
en-conversation	GUM_conversation_scientist	GUM_conversation_scientist-35:12	full	microscope	microscope	with a
en-conversation	GUM_conversation_scientist	GUM_conversation_scientist-35:12	half	micro	microscope	with a
en-conversation	GUM_conversation_scientist	GUM_conversation_scientist-35:12	transpose	microsocpe	microscope	with a
en-conversation	GUM_conversation_scientist	GUM_conversation_scientist-87:20	full	world	world	a peaceful
en-conversation	GUM_conversation_scientist	GUM_conversation_scientist-87:20	half	wo	world	a peaceful
en-conversation	GUM_conversation_scientist	GUM_conversation_scientist-87:20	transpose	wordl	world	a peaceful
en-conversation	GUM_conversation_scientist	GUM_conversation_scientist-76:14	full	that	that	the reasons
en-conversation	GUM_conversation_scientist	GUM_conversation_scientist-76:14	half	th	that	the reasons
en-conversation	GUM_conversation_scientist	GUM_conversation_scientist-76:14	transpose	htat	that	the reasons
en-conversation	GUM_conversation_scientist	GUM_conversation_scientist-16:6	full	rubble	rubble	at the
en-conversation	GUM_conversation_scientist	GUM_conversation_scientist-16:6	half	rub	rubble	at the
en-conversation	GUM_conversation_scientist	GUM_conversation_scientist-16:6	transpose	rublbe	rubble	at the
en-conversation	GUM_conversation_scientist	GUM_conversation_scientist-5:7	full	way	way	and the
en-conversation	GUM_conversation_scientist	GUM_conversation_scientist-5:7	half	w	way	and the
en-conversation	GUM_conversation_scientist	GUM_conversation_scientist-5:7	transpose	wya	way	and the
en-conversation	GUM_conversation_scientist	GUM_conversation_scientist-40:5	full	things	things	run into
en-conversation	GUM_conversation_scientist	GUM_conversation_scientist-40:5	half	thi	things	run into
en-conversation	GUM_conversation_scientist	GUM_conversation_scientist-40:5	transpose	tihngs	things	run into
en-conversation	GUM_conversation_scientist	GUM_conversation_scientist-76:1	full	and	and	and
en-conversation	GUM_conversation_scientist	GUM_conversation_scientist-76:1	half	a	and	and
en-conversation	GUM_conversation_scientist	GUM_conversation_scientist-76:1	transpose	adn	and	and
en-conversation	GUM_conversation_scientist	GUM_conversation_scientist-14:15	full	was	was	of it
en-conversation	GUM_conversation_scientist	GUM_conversation_scientist-14:15	half	w	was	of it
en-conversation	GUM_conversation_scientist	GUM_conversation_scientist-14:15	transpose	aws	was	of it
en-conversation	GUM_conversation_scientist	GUM_conversation_scientist-19:23	full	know	know	crumbs you
en-conversation	GUM_conversation_scientist	GUM_conversation_scientist-19:23	half	kn	know	crumbs you
en-conversation	GUM_conversation_scientist	GUM_conversation_scientist-19:23	transpose	nkow	know	crumbs you
en-conversation	GUM_conversation_scientist	GUM_conversation_scientist-47:3	full	problem	problem	the comm
en-conversation	GUM_conversation_scientist	GUM_conversation_scientist-47:3	half	pro	problem	the comm
en-conversation	GUM_conversation_scientist	GUM_conversation_scientist-47:3	transpose	prbolem	problem	the comm
en-conversation	GUM_conversation_scientist	GUM_conversation_scientist-84:3	full	things	things	thinking about
en-conversation	GUM_conversation_scientist	GUM_conversation_scientist-84:3	half	thi	things	thinking about
en-conversation	GUM_conversation_scientist	GUM_conversation_scientist-84:3	transpose	htings	things	thinking about
en-conversation	GUM_conversation_scientist	GUM_conversation_scientist-87:0	full	you	you	
en-conversation	GUM_conversation_scientist	GUM_conversation_scientist-87:0	half	y	you	
en-conversation	GUM_conversation_scientist	GUM_conversation_scientist-87:0	transpose	yuo	you	
en-conversation	GUM_conversation_scientist	GUM_conversation_scientist-47:0	full	but	but	
en-conversation	GUM_conversation_scientist	GUM_conversation_scientist-47:0	half	b	but	
en-conversation	GUM_conversation_scientist	GUM_conversation_scientist-47:0	transpose	btu	but	
en-conversation	GUM_conversation_scientist	GUM_conversation_scientist-7:46	full	so	so	they were
en-conversation	GUM_conversation_scientist	GUM_conversation_scientist-7:46	half	s	so	they were
en-conversation	GUM_conversation_scientist	GUM_conversation_scientist-30:7	full	subjective	subjective	and the
en-conversation	GUM_conversation_scientist	GUM_conversation_scientist-30:7	half	subje	subjective	and the
en-conversation	GUM_conversation_scientist	GUM_conversation_scientist-30:7	transpose	subjectvie	subjective	and the
en-conversation	GUM_conversation_scientist	GUM_conversation_scientist-94:20	full	kind	kind	into some
en-conversation	GUM_conversation_scientist	GUM_conversation_scientist-94:20	half	ki	kind	into some
en-conversation	GUM_conversation_scientist	GUM_conversation_scientist-94:20	transpose	kidn	kind	into some
en-conversation	GUM_conversation_scientist	GUM_conversation_scientist-73:3	full	theres	there's	no l
en-conversation	GUM_conversation_scientist	GUM_conversation_scientist-73:3	half	the	there's	no l
en-conversation	GUM_conversation_scientist	GUM_conversation_scientist-73:3	transpose	hteres	there's	no l
en-conversation	GUM_conversation_scientist	GUM_conversation_scientist-57:3	full	whole	whole	know the
en-conversation	GUM_conversation_scientist	GUM_conversation_scientist-57:3	half	wh	whole	know the
en-conversation	GUM_conversation_scientist	GUM_conversation_scientist-57:3	transpose	wohle	whole	know the
en-conversation	GUM_conversation_scientist	GUM_conversation_scientist-37:16	full	theyre	they're	go if
en-conversation	GUM_conversation_scientist	GUM_conversation_scientist-37:16	half	the	they're	go if
en-conversation	GUM_conversation_scientist	GUM_conversation_scientist-37:16	transpose	therye	they're	go if
en-conversation	GUM_conversation_scientist	GUM_conversation_scientist-14:36	full	this	this	rubble was
en-conversation	GUM_conversation_scientist	GUM_conversation_scientist-14:36	half	th	this	rubble was
en-conversation	GUM_conversation_scientist	GUM_conversation_scientist-14:36	transpose	htis	this	rubble was
en-conversation	GUM_conversation_scientist	GUM_conversation_scientist-26:0	full	the	the	
en-conversation	GUM_conversation_scientist	GUM_conversation_scientist-26:0	half	t	the	
en-conversation	GUM_conversation_scientist	GUM_conversation_scientist-26:0	transpose	hte	the	
en-conversation	GUM_conversation_scientist	GUM_conversation_scientist-30:6	full	the	the	experiences and
en-conversation	GUM_conversation_scientist	GUM_conversation_scientist-30:6	half	t	the	experiences and
en-conversation	GUM_conversation_scientist	GUM_conversation_scientist-30:6	transpose	hte	the	experiences and
en-conversation	GUM_conversation_scientist	GUM_conversation_scientist-2:5	full	kind	kind	on a
en-conversation	GUM_conversation_scientist	GUM_conversation_scientist-2:5	half	ki	kind	on a
en-conversation	GUM_conversation_scientist	GUM_conversation_scientist-2:5	transpose	knid	kind	on a
en-conversation	GUM_conversation_scientist	GUM_conversation_scientist-82:2	full	of	of	and instead
en-conversation	GUM_conversation_scientist	GUM_conversation_scientist-82:2	half	o	of	and instead
en-conversation	GUM_conversation_scientist	GUM_conversation_scientist-16:3	full	looking	looking	he was
en-conversation	GUM_conversation_scientist	GUM_conversation_scientist-16:3	half	loo	looking	he was
en-conversation	GUM_conversation_scientist	GUM_conversation_scientist-16:3	transpose	oloking	looking	he was
en-conversation	GUM_conversation_scientist	GUM_conversation_scientist-37:37	full	in	in	do it
en-conversation	GUM_conversation_scientist	GUM_conversation_scientist-37:37	half	i	in	do it
en-conversation	GUM_conversation_scientist	GUM_conversation_scientist-19:4	full	the	the	up at
en-conversation	GUM_conversation_scientist	GUM_conversation_scientist-19:4	half	t	the	up at
en-conversation	GUM_conversation_scientist	GUM_conversation_scientist-19:4	transpose	teh	the	up at
en-conversation	GUM_conversation_scientist	GUM_conversation_scientist-89:7	full	that	that	was secure
en-conversation	GUM_conversation_scientist	GUM_conversation_scientist-89:7	half	th	that	was secure
en-conversation	GUM_conversation_scientist	GUM_conversation_scientist-89:7	transpose	htat	that	was secure
en-conversation	GUM_conversation_erasmus	GUM_conversation_erasmus-54:15	full	from	from	as suspicious
en-conversation	GUM_conversation_erasmus	GUM_conversation_erasmus-54:15	half	fr	from	as suspicious
en-conversation	GUM_conversation_erasmus	GUM_conversation_erasmus-54:15	transpose	frmo	from	as suspicious
en-conversation	GUM_conversation_erasmus	GUM_conversation_erasmus-50:2	full	skip	skip	um uh
en-conversation	GUM_conversation_erasmus	GUM_conversation_erasmus-50:2	half	sk	skip	um uh
en-conversation	GUM_conversation_erasmus	GUM_conversation_erasmus-50:2	transpose	skpi	skip	um uh
en-conversation	GUM_conversation_erasmus	GUM_conversation_erasmus-23:2	full	will	will	humanistic thinking
en-conversation	GUM_conversation_erasmus	GUM_conversation_erasmus-23:2	half	wi	will	humanistic thinking
en-conversation	GUM_conversation_erasmus	GUM_conversation_erasmus-23:2	transpose	wlil	will	humanistic thinking
en-conversation	GUM_conversation_erasmus	GUM_conversation_erasmus-60:4	full	as	as	as clear
en-conversation	GUM_conversation_erasmus	GUM_conversation_erasmus-60:4	half	a	as	as clear
en-conversation	GUM_conversation_erasmus	GUM_conversation_erasmus-8:10	full	us	us	this gives
en-conversation	GUM_conversation_erasmus	GUM_conversation_erasmus-8:10	half	u	us	this gives
en-conversation	GUM_conversation_erasmus	GUM_conversation_erasmus-13:5	full	me	me	not bore
en-conversation	GUM_conversation_erasmus	GUM_conversation_erasmus-13:5	half	m	me	not bore
en-conversation	GUM_conversation_erasmus	GUM_conversation_erasmus-55:20	full	her	her	demanded of
en-conversation	GUM_conversation_erasmus	GUM_conversation_erasmus-55:20	half	h	her	demanded of
en-conversation	GUM_conversation_erasmus	GUM_conversation_erasmus-55:20	transpose	ehr	her	demanded of
en-conversation	GUM_conversation_erasmus	GUM_conversation_erasmus-31:15	full	system	system	exclusively theological
en-conversation	GUM_conversation_erasmus	GUM_conversation_erasmus-31:15	half	sys	system	exclusively theological
en-conversation	GUM_conversation_erasmus	GUM_conversation_erasmus-31:15	transpose	sysetm	system	exclusively theological
en-conversation	GUM_conversation_erasmus	GUM_conversation_erasmus-80:27	full	to	to	or not
en-conversation	GUM_conversation_erasmus	GUM_conversation_erasmus-80:27	half	t	to	or not
en-conversation	GUM_conversation_erasmus	GUM_conversation_erasmus-49:31	full	and	and	his teaching
en-conversation	GUM_conversation_erasmus	GUM_conversation_erasmus-49:31	half	a	and	his teaching
en-conversation	GUM_conversation_erasmus	GUM_conversation_erasmus-49:31	transpose	adn	and	his teaching
en-conversation	GUM_conversation_erasmus	GUM_conversation_erasmus-28:2	full	think	think	i don't
en-conversation	GUM_conversation_erasmus	GUM_conversation_erasmus-28:2	half	th	think	i don't
en-conversation	GUM_conversation_erasmus	GUM_conversation_erasmus-28:2	transpose	tihnk	think	i don't
en-conversation	GUM_conversation_erasmus	GUM_conversation_erasmus-38:1	full	alone	alone	god
en-conversation	GUM_conversation_erasmus	GUM_conversation_erasmus-38:1	half	al	alone	god
en-conversation	GUM_conversation_erasmus	GUM_conversation_erasmus-38:1	transpose	alnoe	alone	god
en-conversation	GUM_conversation_erasmus	GUM_conversation_erasmus-22:2	full	brendler	brendler	this is
en-conversation	GUM_conversation_erasmus	GUM_conversation_erasmus-22:2	half	bren	brendler	this is
en-conversation	GUM_conversation_erasmus	GUM_conversation_erasmus-22:2	transpose	brendlre	brendler	this is
en-conversation	GUM_conversation_erasmus	GUM_conversation_erasmus-69:27	full	god	god	invitation of
en-conversation	GUM_conversation_erasmus	GUM_conversation_erasmus-69:27	half	g	god	invitation of
en-conversation	GUM_conversation_erasmus	GUM_conversation_erasmus-69:27	transpose	ogd	god	invitation of
en-conversation	GUM_conversation_erasmus	GUM_conversation_erasmus-49:9	full	or	or	to salvation
en-conversation	GUM_conversation_erasmus	GUM_conversation_erasmus-49:9	half	o	or	to salvation
en-conversation	GUM_conversation_erasmus	GUM_conversation_erasmus-30:5	full	alone	alone	from grace
en-conversation	GUM_conversation_erasmus	GUM_conversation_erasmus-30:5	half	al	alone	from grace
en-conversation	GUM_conversation_erasmus	GUM_conversation_erasmus-30:5	transpose	alnoe	alone	from grace
en-conversation	GUM_conversation_erasmus	GUM_conversation_erasmus-81:2	full	or	or	to respond
en-conversation	GUM_conversation_erasmus	GUM_conversation_erasmus-81:2	half	o	or	to respond
en-conversation	GUM_conversation_erasmus	GUM_conversation_erasmus-82:33	full	an	an	by a
en-conversation	GUM_conversation_erasmus	GUM_conversation_erasmus-82:33	half	a	an	by a
en-conversation	GUM_conversation_erasmus	GUM_conversation_erasmus-18:2	full	commented	commented	and erasmus
en-conversation	GUM_conversation_erasmus	GUM_conversation_erasmus-18:2	half	comm	commented	and erasmus
en-conversation	GUM_conversation_erasmus	GUM_conversation_erasmus-18:2	transpose	commentde	commented	and erasmus
en-conversation	GUM_conversation_erasmus	GUM_conversation_erasmus-47:20	full	for	for	well provided
en-conversation	GUM_conversation_erasmus	GUM_conversation_erasmus-47:20	half	f	for	well provided
en-conversation	GUM_conversation_erasmus	GUM_conversation_erasmus-47:20	transpose	fro	for	well provided
en-conversation	GUM_conversation_erasmus	GUM_conversation_erasmus-72:38	full	longer	longer	walked no
en-conversation	GUM_conversation_erasmus	GUM_conversation_erasmus-72:38	half	lon	longer	walked no
en-conversation	GUM_conversation_erasmus	GUM_conversation_erasmus-72:38	transpose	longre	longer	walked no
en-conversation	GUM_conversation_erasmus	GUM_conversation_erasmus-25:4	full	what	what	of uh
en-conversation	GUM_conversation_erasmus	GUM_conversation_erasmus-25:4	half	wh	what	of uh
en-conversation	GUM_conversation_erasmus	GUM_conversation_erasmus-25:4	transpose	hwat	what	of uh
en-conversation	GUM_conversation_erasmus	GUM_conversation_erasmus-80:18	full	he	he	and that
en-conversation	GUM_conversation_erasmus	GUM_conversation_erasmus-80:18	half	h	he	and that
en-conversation	GUM_conversation_erasmus	GUM_conversation_erasmus-33:9	full	deeds	deeds	for his
en-conversation	GUM_conversation_erasmus	GUM_conversation_erasmus-33:9	half	de	deeds	for his
en-conversation	GUM_conversation_erasmus	GUM_conversation_erasmus-33:9	transpose	deeds	deeds	for his
en-conversation	GUM_conversation_erasmus	GUM_conversation_erasmus-30:11	full	do	do	nothing can
en-conversation	GUM_conversation_erasmus	GUM_conversation_erasmus-30:11	half	d	do	nothing can
en-conversation	GUM_conversation_erasmus	GUM_conversation_erasmus-52:2	full	the	the	right here
en-conversation	GUM_conversation_erasmus	GUM_conversation_erasmus-52:2	half	t	the	right here
en-conversation	GUM_conversation_erasmus	GUM_conversation_erasmus-52:2	transpose	teh	the	right here
en-conversation	GUM_conversation_erasmus	GUM_conversation_erasmus-3:2	full	of	of	this freedom
en-conversation	GUM_conversation_erasmus	GUM_conversation_erasmus-3:2	half	o	of	this freedom
en-conversation	GUM_conversation_erasmus	GUM_conversation_erasmus-8:2	full	me	me	but let
en-conversation	GUM_conversation_erasmus	GUM_conversation_erasmus-8:2	half	m	me	but let
en-conversation	GUM_conversation_erasmus	GUM_conversation_erasmus-53:5	full	rational	rational	not accept
en-conversation	GUM_conversation_erasmus	GUM_conversation_erasmus-53:5	half	rati	rational	not accept
en-conversation	GUM_conversation_erasmus	GUM_conversation_erasmus-53:5	transpose	rationla	rational	not accept
en-conversation	GUM_conversation_erasmus	GUM_conversation_erasmus-37:0	full	such	such	
en-conversation	GUM_conversation_erasmus	GUM_conversation_erasmus-37:0	half	su	such	
en-conversation	GUM_conversation_erasmus	GUM_conversation_erasmus-37:0	transpose	usch	such	
en-conversation	GUM_conversation_erasmus	GUM_conversation_erasmus-7:0	full	its	it's	
en-conversation	GUM_conversation_erasmus	GUM_conversation_erasmus-7:0	half	i	it's	
en-conversation	GUM_conversation_erasmus	GUM_conversation_erasmus-7:0	transpose	tis	it's	
en-conversation	GUM_conversation_erasmus	GUM_conversation_erasmus-11:2	full	is	is	and this
en-conversation	GUM_conversation_erasmus	GUM_conversation_erasmus-11:2	half	i	is	and this
en-conversation	GUM_conversation_zero	GUM_conversation_zero-95:7	full	like	like	square roots
en-conversation	GUM_conversation_zero	GUM_conversation_zero-95:7	half	li	like	square roots
en-conversation	GUM_conversation_zero	GUM_conversation_zero-95:7	transpose	lkie	like	square roots
en-conversation	GUM_conversation_zero	GUM_conversation_zero-13:23	full	the	the	you have
en-conversation	GUM_conversation_zero	GUM_conversation_zero-13:23	half	t	the	you have
en-conversation	GUM_conversation_zero	GUM_conversation_zero-13:23	transpose	teh	the	you have
en-conversation	GUM_conversation_zero	GUM_conversation_zero-63:13	full	saying	saying	as you're
en-conversation	GUM_conversation_zero	GUM_conversation_zero-63:13	half	say	saying	as you're
en-conversation	GUM_conversation_zero	GUM_conversation_zero-63:13	transpose	saynig	saying	as you're
en-conversation	GUM_conversation_zero	GUM_conversation_zero-57:9	full	top	top	multiply the
en-conversation	GUM_conversation_zero	GUM_conversation_zero-57:9	half	t	top	multiply the
en-conversation	GUM_conversation_zero	GUM_conversation_zero-57:9	transpose	tpo	top	multiply the
en-conversation	GUM_conversation_zero	GUM_conversation_zero-14:18	full	thirds	thirds	thi two
en-conversation	GUM_conversation_zero	GUM_conversation_zero-14:18	half	thi	thirds	thi two
en-conversation	GUM_conversation_zero	GUM_conversation_zero-14:18	transpose	thrids	thirds	thi two
en-conversation	GUM_conversation_zero	GUM_conversation_zero-66:0	full	right	right	
en-conversation	GUM_conversation_zero	GUM_conversation_zero-66:0	half	ri	right	
en-conversation	GUM_conversation_zero	GUM_conversation_zero-66:0	transpose	irght	right	
en-conversation	GUM_conversation_zero	GUM_conversation_zero-41:4	full	to	to	y'all have
en-conversation	GUM_conversation_zero	GUM_conversation_zero-41:4	half	t	to	y'all have
en-conversation	GUM_conversation_zero	GUM_conversation_zero-3:2	full	way	way	all the
en-conversation	GUM_conversation_zero	GUM_conversation_zero-3:2	half	w	way	all the
en-conversation	GUM_conversation_zero	GUM_conversation_zero-3:2	transpose	wya	way	all the
en-conversation	GUM_conversation_zero	GUM_conversation_zero-57:12	full	square	square	by the
en-conversation	GUM_conversation_zero	GUM_conversation_zero-57:12	half	squ	square	by the
en-conversation	GUM_conversation_zero	GUM_conversation_zero-57:12	transpose	sqaure	square	by the
en-conversation	GUM_conversation_zero	GUM_conversation_zero-26:2	full	you	you	not anymore
en-conversation	GUM_conversation_zero	GUM_conversation_zero-26:2	half	y	you	not anymore
en-conversation	GUM_conversation_zero	GUM_conversation_zero-26:2	transpose	oyu	you	not anymore
en-conversation	GUM_conversation_zero	GUM_conversation_zero-94:0	full	im	i'm	
en-conversation	GUM_conversation_zero	GUM_conversation_zero-94:0	half	i	i'm	
en-conversation	GUM_conversation_zero	GUM_conversation_zero-71:0	full	uh	uh	
en-conversation	GUM_conversation_zero	GUM_conversation_zero-71:0	half	u	uh	
en-conversation	GUM_conversation_zero	GUM_conversation_zero-124:3	full	not	not	if it's
en-conversation	GUM_conversation_zero	GUM_conversation_zero-124:3	half	n	not	if it's
en-conversation	GUM_conversation_zero	GUM_conversation_zero-124:3	transpose	ont	not	if it's
en-conversation	GUM_conversation_zero	GUM_conversation_zero-130:7	full	up	up	those back
en-conversation	GUM_conversation_zero	GUM_conversation_zero-130:7	half	u	up	those back
en-conversation	GUM_conversation_zero	GUM_conversation_zero-87:8	full	square	square	three over
en-conversation	GUM_conversation_zero	GUM_conversation_zero-87:8	half	squ	square	three over
en-conversation	GUM_conversation_zero	GUM_conversation_zero-87:8	transpose	qsuare	square	three over
en-conversation	GUM_conversation_zero	GUM_conversation_zero-56:7	full	two	two	root of
en-conversation	GUM_conversation_zero	GUM_conversation_zero-56:7	half	t	two	root of
en-conversation	GUM_conversation_zero	GUM_conversation_zero-56:7	transpose	tow	two	root of
en-conversation	GUM_conversation_zero	GUM_conversation_zero-130:5	full	those	those	always put
en-conversation	GUM_conversation_zero	GUM_conversation_zero-130:5	half	th	those	always put
en-conversation	GUM_conversation_zero	GUM_conversation_zero-130:5	transpose	tohse	those	always put
en-conversation	GUM_conversation_zero	GUM_conversation_zero-57:16	full	and	and	of two
en-conversation	GUM_conversation_zero	GUM_conversation_zero-57:16	half	a	and	of two
en-conversation	GUM_conversation_zero	GUM_conversation_zero-57:16	transpose	adn	and	of two
en-conversation	GUM_conversation_zero	GUM_conversation_zero-120:3	full	will	will	say this
en-conversation	GUM_conversation_zero	GUM_conversation_zero-120:3	half	wi	will	say this
en-conversation	GUM_conversation_zero	GUM_conversation_zero-120:3	transpose	wlil	will	say this
en-conversation	GUM_conversation_zero	GUM_conversation_zero-78:0	full	right	right	
en-conversation	GUM_conversation_zero	GUM_conversation_zero-78:0	half	ri	right	
en-conversation	GUM_conversation_zero	GUM_conversation_zero-78:0	transpose	rigth	right	
en-conversation	GUM_conversation_zero	GUM_conversation_zero-84:10	full	the	the	or just
en-conversation	GUM_conversation_zero	GUM_conversation_zero-84:10	half	t	the	or just
en-conversation	GUM_conversation_zero	GUM_conversation_zero-84:10	transpose	hte	the	or just
en-conversation	GUM_conversation_zero	GUM_conversation_zero-107:1	full	have	have	you
en-conversation	GUM_conversation_zero	GUM_conversation_zero-107:1	half	ha	have	you
en-conversation	GUM_conversation_zero	GUM_conversation_zero-107:1	transpose	haev	have	you
en-conversation	GUM_conversation_zero	GUM_conversation_zero-118:1	full	this	this	oh
en-conversation	GUM_conversation_zero	GUM_conversation_zero-118:1	half	th	this	oh
en-conversation	GUM_conversation_zero	GUM_conversation_zero-118:1	transpose	htis	this	oh
en-conversation	GUM_conversation_zero	GUM_conversation_zero-61:27	full	two	two	comes to
en-conversation	GUM_conversation_zero	GUM_conversation_zero-61:27	half	t	two	comes to
en-conversation	GUM_conversation_zero	GUM_conversation_zero-61:27	transpose	wto	two	comes to
en-conversation	GUM_conversation_zero	GUM_conversation_zero-13:14	full	so	so	x squared
en-conversation	GUM_conversation_zero	GUM_conversation_zero-13:14	half	s	so	x squared
en-conversation	GUM_conversation_zero	GUM_conversation_zero-41:3	full	have	have	do y'all
en-conversation	GUM_conversation_zero	GUM_conversation_zero-41:3	half	ha	have	do y'all
en-conversation	GUM_conversation_zero	GUM_conversation_zero-41:3	transpose	haev	have	do y'all
en-conversation	GUM_conversation_zero	GUM_conversation_zero-46:8	full	by	by	whole thing
en-conversation	GUM_conversation_zero	GUM_conversation_zero-46:8	half	b	by	whole thing
en-conversation	GUM_conversation_zero	GUM_conversation_zero-36:0	full	so	so	
en-conversation	GUM_conversation_zero	GUM_conversation_zero-36:0	half	s	so	
en-conversation	GUM_conversation_zero	GUM_conversation_zero-57:19	full	square	square	you get
en-conversation	GUM_conversation_zero	GUM_conversation_zero-57:19	half	squ	square	you get
en-conversation	GUM_conversation_zero	GUM_conversation_zero-57:19	transpose	suqare	square	you get
en-conversation	GUM_conversation_zero	GUM_conversation_zero-77:2	full	was	was	see everything
en-conversation	GUM_conversation_zero	GUM_conversation_zero-77:2	half	w	was	see everything
en-conversation	GUM_conversation_zero	GUM_conversation_zero-77:2	transpose	wsa	was	see everything
en-conversation	GUM_conversation_zero	GUM_conversation_zero-29:1	full	mean	mean	i
en-conversation	GUM_conversation_zero	GUM_conversation_zero-29:1	half	me	mean	i
en-conversation	GUM_conversation_zero	GUM_conversation_zero-29:1	transpose	maen	mean	i
en-conversation	GUM_conversation_zero	GUM_conversation_zero-46:6	full	whole	whole	multiply the
en-conversation	GUM_conversation_zero	GUM_conversation_zero-46:6	half	wh	whole	multiply the
en-conversation	GUM_conversation_zero	GUM_conversation_zero-46:6	transpose	hwole	whole	multiply the
en-conversation	GUM_conversation_vet	GUM_conversation_vet-103:6	full	chance	chance	get a
en-conversation	GUM_conversation_vet	GUM_conversation_vet-103:6	half	cha	chance	get a
en-conversation	GUM_conversation_vet	GUM_conversation_vet-103:6	transpose	chnace	chance	get a
en-conversation	GUM_conversation_vet	GUM_conversation_vet-1:5	full	be	be	recheck would
en-conversation	GUM_conversation_vet	GUM_conversation_vet-1:5	half	b	be	recheck would
en-conversation	GUM_conversation_vet	GUM_conversation_vet-16:5	full	an	an	have any
en-conversation	GUM_conversation_vet	GUM_conversation_vet-16:5	half	a	an	have any
en-conversation	GUM_conversation_vet	GUM_conversation_vet-92:34	full	see	see	rays and
en-conversation	GUM_conversation_vet	GUM_conversation_vet-92:34	half	s	see	rays and
en-conversation	GUM_conversation_vet	GUM_conversation_vet-92:34	transpose	see	see	rays and
en-conversation	GUM_conversation_vet	GUM_conversation_vet-40:0	full	let	let	
en-conversation	GUM_conversation_vet	GUM_conversation_vet-40:0	half	l	let	
en-conversation	GUM_conversation_vet	GUM_conversation_vet-40:0	transpose	elt	let	
en-conversation	GUM_conversation_vet	GUM_conversation_vet-56:2	full	much	much	any pretty
en-conversation	GUM_conversation_vet	GUM_conversation_vet-56:2	half	mu	much	any pretty
en-conversation	GUM_conversation_vet	GUM_conversation_vet-56:2	transpose	umch	much	any pretty
en-conversation	GUM_conversation_vet	GUM_conversation_vet-16:6	full	antibiotics	antibiotics	any an
en-conversation	GUM_conversation_vet	GUM_conversation_vet-16:6	half	antib	antibiotics	any an
en-conversation	GUM_conversation_vet	GUM_conversation_vet-16:6	transpose	antbiiotics	antibiotics	any an
en-conversation	GUM_conversation_vet	GUM_conversation_vet-87:16	full	so	so	in place
en-conversation	GUM_conversation_vet	GUM_conversation_vet-87:16	half	s	so	in place
en-conversation	GUM_conversation_vet	GUM_conversation_vet-66:0	full	and	and	
en-conversation	GUM_conversation_vet	GUM_conversation_vet-66:0	half	a	and	
en-conversation	GUM_conversation_vet	GUM_conversation_vet-66:0	transpose	nad	and	
en-conversation	GUM_conversation_vet	GUM_conversation_vet-93:1	full	thats	that's	and
en-conversation	GUM_conversation_vet	GUM_conversation_vet-93:1	half	th	that's	and
en-conversation	GUM_conversation_vet	GUM_conversation_vet-93:1	transpose	htats	that's	and
en-conversation	GUM_conversation_vet	GUM_conversation_vet-22:0	full	oh	oh	
en-conversation	GUM_conversation_vet	GUM_conversation_vet-22:0	half	o	oh	
en-conversation	GUM_conversation_vet	GUM_conversation_vet-5:11	full	her	her	w send
en-conversation	GUM_conversation_vet	GUM_conversation_vet-5:11	half	h	her	w send
en-conversation	GUM_conversation_vet	GUM_conversation_vet-5:11	transpose	hre	her	w send
en-conversation	GUM_conversation_vet	GUM_conversation_vet-60:5	full	well	well	have to
en-conversation	GUM_conversation_vet	GUM_conversation_vet-60:5	half	we	well	have to
en-conversation	GUM_conversation_vet	GUM_conversation_vet-60:5	transpose	wlel	well	have to
en-conversation	GUM_conversation_vet	GUM_conversation_vet-12:1	full	was	was	i
en-conversation	GUM_conversation_vet	GUM_conversation_vet-12:1	half	w	was	i
en-conversation	GUM_conversation_vet	GUM_conversation_vet-12:1	transpose	wsa	was	i
en-conversation	GUM_conversation_vet	GUM_conversation_vet-95:4	full	you	you	a pin
en-conversation	GUM_conversation_vet	GUM_conversation_vet-95:4	half	y	you	a pin
en-conversation	GUM_conversation_vet	GUM_conversation_vet-95:4	transpose	oyu	you	a pin
en-conversation	GUM_conversation_vet	GUM_conversation_vet-94:0	full	yeah	yeah	
en-conversation	GUM_conversation_vet	GUM_conversation_vet-94:0	half	ye	yeah	
en-conversation	GUM_conversation_vet	GUM_conversation_vet-94:0	transpose	eyah	yeah	
en-conversation	GUM_conversation_vet	GUM_conversation_vet-74:2	full	in	in	in back
en-conversation	GUM_conversation_vet	GUM_conversation_vet-74:2	half	i	in	in back
en-conversation	GUM_conversation_vet	GUM_conversation_vet-68:13	full	cast	cast	getting the
en-conversation	GUM_conversation_vet	GUM_conversation_vet-68:13	half	ca	cast	getting the
en-conversation	GUM_conversation_vet	GUM_conversation_vet-68:13	transpose	cats	cast	getting the
en-conversation	GUM_conversation_vet	GUM_conversation_vet-96:11	full	have	have	and then
en-conversation	GUM_conversation_vet	GUM_conversation_vet-96:11	half	ha	have	and then
en-conversation	GUM_conversation_vet	GUM_conversation_vet-96:11	transpose	ahve	have	and then
en-conversation	GUM_conversation_vet	GUM_conversation_vet-9:3	full	she	she	if she
en-conversation	GUM_conversation_vet	GUM_conversation_vet-9:3	half	s	she	if she
en-conversation	GUM_conversation_vet	GUM_conversation_vet-9:3	transpose	hse	she	if she
en-conversation	GUM_conversation_vet	GUM_conversation_vet-15:3	full	na	na	na na
en-conversation	GUM_conversation_vet	GUM_conversation_vet-15:3	half	n	na	na na
en-conversation	GUM_conversation_vet	GUM_conversation_vet-89:20	full	everything	everything	rays and
en-conversation	GUM_conversation_vet	GUM_conversation_vet-89:20	half	every	everything	rays and
en-conversation	GUM_conversation_vet	GUM_conversation_vet-89:20	transpose	everyhting	everything	rays and
en-conversation	GUM_conversation_vet	GUM_conversation_vet-68:10	full	not	not	well maybe
en-conversation	GUM_conversation_vet	GUM_conversation_vet-68:10	half	n	not	well maybe
en-conversation	GUM_conversation_vet	GUM_conversation_vet-68:10	transpose	ont	not	well maybe
en-conversation	GUM_conversation_vet	GUM_conversation_vet-57:9	full	it	it	don't think
en-conversation	GUM_conversation_vet	GUM_conversation_vet-57:9	half	i	it	don't think
en-conversation	GUM_conversation_vet	GUM_conversation_vet-38:1	full	see	see	let's
en-conversation	GUM_conversation_vet	GUM_conversation_vet-38:1	half	s	see	let's
en-conversation	GUM_conversation_vet	GUM_conversation_vet-38:1	transpose	ese	see	let's
en-conversation	GUM_conversation_vet	GUM_conversation_vet-100:0	full	sure	sure	
en-conversation	GUM_conversation_vet	GUM_conversation_vet-100:0	half	su	sure	
en-conversation	GUM_conversation_vet	GUM_conversation_vet-100:0	transpose	usre	sure	
en-conversation	GUM_conversation_vet	GUM_conversation_vet-87:10	full	much	much	um pretty
en-conversation	GUM_conversation_vet	GUM_conversation_vet-87:10	half	mu	much	um pretty
en-conversation	GUM_conversation_vet	GUM_conversation_vet-87:10	transpose	muhc	much	um pretty
en-conversation	GUM_conversation_vet	GUM_conversation_vet-92:32	full	rays	rays	the x
en-conversation	GUM_conversation_vet	GUM_conversation_vet-92:32	half	ra	rays	the x
en-conversation	GUM_conversation_vet	GUM_conversation_vet-92:32	transpose	ryas	rays	the x
en-conversation	GUM_conversation_vet	GUM_conversation_vet-83:13	full	know	know	let you
en-conversation	GUM_conversation_vet	GUM_conversation_vet-83:13	half	kn	know	let you
en-conversation	GUM_conversation_vet	GUM_conversation_vet-83:13	transpose	konw	know	let you
en-conversation	GUM_conversation_vet	GUM_conversation_vet-53:2	full	would	would	right which
en-conversation	GUM_conversation_vet	GUM_conversation_vet-53:2	half	wo	would	right which
en-conversation	GUM_conversation_vet	GUM_conversation_vet-53:2	transpose	owuld	would	right which
en-conversation	GUM_conversation_vet	GUM_conversation_vet-10:1	full	mind	mind	never
en-conversation	GUM_conversation_vet	GUM_conversation_vet-10:1	half	mi	mind	never
en-conversation	GUM_conversation_vet	GUM_conversation_vet-10:1	transpose	imnd	mind	never
en-conversation	GUM_conversation_vet	GUM_conversation_vet-96:23	full	and	and	go ahead
en-conversation	GUM_conversation_vet	GUM_conversation_vet-96:23	half	a	and	go ahead
en-conversation	GUM_conversation_vet	GUM_conversation_vet-96:23	transpose	adn	and	go ahead
en-essay	GUM_essay_sexlife	GUM_essay_sexlife-27:3	full	with	with	is consistent
en-essay	GUM_essay_sexlife	GUM_essay_sexlife-27:3	half	wi	with	is consistent
en-essay	GUM_essay_sexlife	GUM_essay_sexlife-27:3	transpose	wiht	with	is consistent
en-essay	GUM_essay_sexlife	GUM_essay_sexlife-26:11	full	year	year	and a
en-essay	GUM_essay_sexlife	GUM_essay_sexlife-26:11	half	ye	year	and a
en-essay	GUM_essay_sexlife	GUM_essay_sexlife-26:11	transpose	yera	year	and a
en-essay	GUM_essay_sexlife	GUM_essay_sexlife-21:12	full	factors	factors	any other
en-essay	GUM_essay_sexlife	GUM_essay_sexlife-21:12	half	fac	factors	any other
en-essay	GUM_essay_sexlife	GUM_essay_sexlife-21:12	transpose	afctors	factors	any other
en-essay	GUM_essay_sexlife	GUM_essay_sexlife-28:20	full	where	where	romantic relationships
en-essay	GUM_essay_sexlife	GUM_essay_sexlife-28:20	half	wh	where	romantic relationships
en-essay	GUM_essay_sexlife	GUM_essay_sexlife-28:20	transpose	wehre	where	romantic relationships
en-essay	GUM_essay_sexlife	GUM_essay_sexlife-19:21	full	mail	mail	them by
en-essay	GUM_essay_sexlife	GUM_essay_sexlife-19:21	half	ma	mail	them by
en-essay	GUM_essay_sexlife	GUM_essay_sexlife-19:21	transpose	amil	mail	them by
en-essay	GUM_essay_sexlife	GUM_essay_sexlife-25:16	full	sociodemographic	sociodemographic	along with
en-essay	GUM_essay_sexlife	GUM_essay_sexlife-25:16	half	sociodem	sociodemographic	along with
en-essay	GUM_essay_sexlife	GUM_essay_sexlife-25:16	transpose	osciodemographic	sociodemographic	along with
en-essay	GUM_essay_sexlife	GUM_essay_sexlife-34:17	full	factors	factors	to modifiable
en-essay	GUM_essay_sexlife	GUM_essay_sexlife-34:17	half	fac	factors	to modifiable
en-essay	GUM_essay_sexlife	GUM_essay_sexlife-34:17	transpose	factros	factors	to modifiable
en-essay	GUM_essay_sexlife	GUM_essay_sexlife-31:6	full	having	having	quality of
en-essay	GUM_essay_sexlife	GUM_essay_sexlife-31:6	half	hav	having	quality of
en-essay	GUM_essay_sexlife	GUM_essay_sexlife-31:6	transpose	havign	having	quality of
en-essay	GUM_essay_sexlife	GUM_essay_sexlife-20:22	full	possible	possible	the worst
en-essay	GUM_essay_sexlife	GUM_essay_sexlife-20:22	half	poss	possible	the worst
en-essay	GUM_essay_sexlife	GUM_essay_sexlife-20:22	transpose	possbile	possible	the worst
en-essay	GUM_essay_sexlife	GUM_essay_sexlife-31:16	full	life	life	suggests that
en-essay	GUM_essay_sexlife	GUM_essay_sexlife-31:16	half	li	life	suggests that
en-essay	GUM_essay_sexlife	GUM_essay_sexlife-31:16	transpose	ilfe	life	suggests that
en-essay	GUM_essay_sexlife	GUM_essay_sexlife-12:1	full	common	common	a
en-essay	GUM_essay_sexlife	GUM_essay_sexlife-12:1	half	com	common	a
en-essay	GUM_essay_sexlife	GUM_essay_sexlife-12:1	transpose	commno	common	a
en-essay	GUM_essay_sexlife	GUM_essay_sexlife-39:6	full	conversation	conversation	in the
en-essay	GUM_essay_sexlife	GUM_essay_sexlife-39:6	half	conver	conversation	in the
en-essay	GUM_essay_sexlife	GUM_essay_sexlife-39:6	transpose	converstaion	conversation	in the
en-essay	GUM_essay_sexlife	GUM_essay_sexlife-38:2	full	is	is	robert krueger
en-essay	GUM_essay_sexlife	GUM_essay_sexlife-38:2	half	i	is	robert krueger
en-essay	GUM_essay_sexlife	GUM_essay_sexlife-17:8	full	because	because	difference is
en-essay	GUM_essay_sexlife	GUM_essay_sexlife-17:8	half	bec	because	difference is
en-essay	GUM_essay_sexlife	GUM_essay_sexlife-17:8	transpose	becaues	because	difference is
en-essay	GUM_essay_sexlife	GUM_essay_sexlife-41:13	full	robert	robert	eaton and
en-essay	GUM_essay_sexlife	GUM_essay_sexlife-41:13	half	rob	robert	eaton and
en-essay	GUM_essay_sexlife	GUM_essay_sexlife-41:13	transpose	robetr	robert	eaton and
en-essay	GUM_essay_sexlife	GUM_essay_sexlife-41:14	full	krueger	krueger	and robert
en-essay	GUM_essay_sexlife	GUM_essay_sexlife-41:14	half	kru	krueger	and robert
en-essay	GUM_essay_sexlife	GUM_essay_sexlife-41:14	transpose	krueegr	krueger	and robert
en-essay	GUM_essay_sexlife	GUM_essay_sexlife-41:6	full	age	age	in older
en-essay	GUM_essay_sexlife	GUM_essay_sexlife-41:6	half	a	age	in older
en-essay	GUM_essay_sexlife	GUM_essay_sexlife-41:6	transpose	aeg	age	in older
en-essay	GUM_essay_sexlife	GUM_essay_sexlife-41:15	full	is	is	robert krueger
en-essay	GUM_essay_sexlife	GUM_essay_sexlife-41:15	half	i	is	robert krueger
en-essay	GUM_essay_sexlife	GUM_essay_sexlife-6:13	full	as	as	lives improve
en-essay	GUM_essay_sexlife	GUM_essay_sexlife-6:13	half	a	as	lives improve
en-essay	GUM_essay_sexlife	GUM_essay_sexlife-20:7	full	how	how	study was
en-essay	GUM_essay_sexlife	GUM_essay_sexlife-20:7	half	h	how	study was
en-essay	GUM_essay_sexlife	GUM_essay_sexlife-20:7	transpose	ohw	how	study was
en-essay	GUM_essay_sexlife	GUM_essay_sexlife-26:67	full	of	of	sexual quality
en-essay	GUM_essay_sexlife	GUM_essay_sexlife-26:67	half	o	of	sexual quality
en-essay	GUM_essay_sexlife	GUM_essay_sexlife-18:24	full	over	over	individuals followed
en-essay	GUM_essay_sexlife	GUM_essay_sexlife-18:24	half	ov	over	individuals followed
en-essay	GUM_essay_sexlife	GUM_essay_sexlife-18:24	transpose	ovre	over	individuals followed
en-essay	GUM_essay_sexlife	GUM_essay_sexlife-19:14	full	questionnaires	questionnaires	administered survey
en-essay	GUM_essay_sexlife	GUM_essay_sexlife-19:14	half	questio	questionnaires	administered survey
en-essay	GUM_essay_sexlife	GUM_essay_sexlife-19:14	transpose	quesitonnaires	questionnaires	administered survey
en-essay	GUM_essay_sexlife	GUM_essay_sexlife-28:18	full	romantic	romantic	good quality
en-essay	GUM_essay_sexlife	GUM_essay_sexlife-28:18	half	roma	romantic	good quality
en-essay	GUM_essay_sexlife	GUM_essay_sexlife-28:18	transpose	roamntic	romantic	good quality
en-essay	GUM_essay_sexlife	GUM_essay_sexlife-16:33	full	for	for	is responsible
en-essay	GUM_essay_sexlife	GUM_essay_sexlife-16:33	half	f	for	is responsible
en-essay	GUM_essay_sexlife	GUM_essay_sexlife-16:33	transpose	ofr	for	is responsible
en-essay	GUM_essay_sexlife	GUM_essay_sexlife-15:10	full	of	of	all studies
en-essay	GUM_essay_sexlife	GUM_essay_sexlife-15:10	half	o	of	all studies
en-essay	GUM_essay_sexlife	GUM_essay_sexlife-11:7	full	age	age	epidemic of
en-essay	GUM_essay_sexlife	GUM_essay_sexlife-11:7	half	a	age	epidemic of
en-essay	GUM_essay_sexlife	GUM_essay_sexlife-11:7	transpose	aeg	age	epidemic of
en-essay	GUM_essay_sexlife	GUM_essay_sexlife-34:24	full	beliefs	beliefs	sexual skills
en-essay	GUM_essay_sexlife	GUM_essay_sexlife-34:24	half	bel	beliefs	sexual skills
en-essay	GUM_essay_sexlife	GUM_essay_sexlife-34:24	transpose	ebliefs	beliefs	sexual skills
en-essay	GUM_essay_sexlife	GUM_essay_sexlife-8:26	full	with	with	at odds
en-essay	GUM_essay_sexlife	GUM_essay_sexlife-8:26	half	wi	with	at odds
en-essay	GUM_essay_sexlife	GUM_essay_sexlife-8:26	transpose	wtih	with	at odds
en-essay	GUM_essay_sexlife	GUM_essay_sexlife-5:10	full	life	life	quality of
en-essay	GUM_essay_sexlife	GUM_essay_sexlife-5:10	half	li	life	quality of
en-essay	GUM_essay_sexlife	GUM_essay_sexlife-5:10	transpose	ilfe	life	quality of
en-essay	GUM_essay_sexlife	GUM_essay_sexlife-27:32	full	their	their	preferences and
en-essay	GUM_essay_sexlife	GUM_essay_sexlife-27:32	half	th	their	preferences and
en-essay	GUM_essay_sexlife	GUM_essay_sexlife-27:32	transpose	thier	their	preferences and
en-essay	GUM_essay_sexlife	GUM_essay_sexlife-35:2	full	our	our	given that
en-essay	GUM_essay_sexlife	GUM_essay_sexlife-35:2	half	o	our	given that
en-essay	GUM_essay_sexlife	GUM_essay_sexlife-35:2	transpose	uor	our	given that
en-essay	GUM_essay_evolved	GUM_essay_evolved-51:6	full	sun	sun	exercise getting
en-essay	GUM_essay_evolved	GUM_essay_evolved-51:6	half	s	sun	exercise getting
en-essay	GUM_essay_evolved	GUM_essay_evolved-51:6	transpose	snu	sun	exercise getting
en-essay	GUM_essay_evolved	GUM_essay_evolved-28:10	full	wild	wild	in the
en-essay	GUM_essay_evolved	GUM_essay_evolved-28:10	half	wi	wild	in the
en-essay	GUM_essay_evolved	GUM_essay_evolved-28:10	transpose	widl	wild	in the
en-essay	GUM_essay_evolved	GUM_essay_evolved-18:24	full	appealing	appealing	food feels
en-essay	GUM_essay_evolved	GUM_essay_evolved-18:24	half	appe	appealing	food feels
en-essay	GUM_essay_evolved	GUM_essay_evolved-18:24	transpose	appealnig	appealing	food feels
en-essay	GUM_essay_evolved	GUM_essay_evolved-45:4	full	to	to	of going
en-essay	GUM_essay_evolved	GUM_essay_evolved-45:4	half	t	to	of going
en-essay	GUM_essay_evolved	GUM_essay_evolved-47:3	full	exercise	exercise	know that
en-essay	GUM_essay_evolved	GUM_essay_evolved-47:3	half	exer	exercise	know that
en-essay	GUM_essay_evolved	GUM_essay_evolved-47:3	transpose	exercsie	exercise	know that
en-essay	GUM_essay_evolved	GUM_essay_evolved-48:6	full	commit	commit	patients to
en-essay	GUM_essay_evolved	GUM_essay_evolved-48:6	half	com	commit	patients to
en-essay	GUM_essay_evolved	GUM_essay_evolved-48:6	transpose	cmomit	commit	patients to
en-essay	GUM_essay_evolved	GUM_essay_evolved-29:9	full	frequently	frequently	and were
en-essay	GUM_essay_evolved	GUM_essay_evolved-29:9	half	frequ	frequently	and were
en-essay	GUM_essay_evolved	GUM_essay_evolved-29:9	transpose	frequentyl	frequently	and were
en-essay	GUM_essay_evolved	GUM_essay_evolved-53:12	full	the	the	it's not
en-essay	GUM_essay_evolved	GUM_essay_evolved-53:12	half	t	the	it's not
en-essay	GUM_essay_evolved	GUM_essay_evolved-53:12	transpose	hte	the	it's not
en-essay	GUM_essay_evolved	GUM_essay_evolved-3:5	full	history	history	food research
en-essay	GUM_essay_evolved	GUM_essay_evolved-3:5	half	his	history	food research
en-essay	GUM_essay_evolved	GUM_essay_evolved-3:5	transpose	hsitory	history	food research
en-essay	GUM_essay_evolved	GUM_essay_evolved-5:5	full	far	far	made humans
en-essay	GUM_essay_evolved	GUM_essay_evolved-5:5	half	f	far	made humans
en-essay	GUM_essay_evolved	GUM_essay_evolved-5:5	transpose	fra	far	made humans
en-essay	GUM_essay_evolved	GUM_essay_evolved-9:19	full	in	in	be dead
en-essay	GUM_essay_evolved	GUM_essay_evolved-9:19	half	i	in	be dead
en-essay	GUM_essay_evolved	GUM_essay_evolved-43:4	full	you	you	eat what
en-essay	GUM_essay_evolved	GUM_essay_evolved-43:4	half	y	you	eat what
en-essay	GUM_essay_evolved	GUM_essay_evolved-43:4	transpose	yuo	you	eat what
en-essay	GUM_essay_evolved	GUM_essay_evolved-11:11	full	evolve	evolve	and technology
en-essay	GUM_essay_evolved	GUM_essay_evolved-11:11	half	evo	evolve	and technology
en-essay	GUM_essay_evolved	GUM_essay_evolved-11:11	transpose	eovlve	evolve	and technology
en-essay	GUM_essay_evolved	GUM_essay_evolved-8:2	full	psychiatrist	psychiatrist	as a
en-essay	GUM_essay_evolved	GUM_essay_evolved-8:2	half	psychi	psychiatrist	as a
en-essay	GUM_essay_evolved	GUM_essay_evolved-8:2	transpose	psycihatrist	psychiatrist	as a
en-essay	GUM_essay_evolved	GUM_essay_evolved-36:14	full	in	in	we live
en-essay	GUM_essay_evolved	GUM_essay_evolved-36:14	half	i	in	we live
en-essay	GUM_essay_evolved	GUM_essay_evolved-25:1	full	calories	calories	easy
en-essay	GUM_essay_evolved	GUM_essay_evolved-25:1	half	calo	calories	easy
en-essay	GUM_essay_evolved	GUM_essay_evolved-25:1	transpose	caloreis	calories	easy
en-essay	GUM_essay_evolved	GUM_essay_evolved-20:1	full	of	of	none
en-essay	GUM_essay_evolved	GUM_essay_evolved-20:1	half	o	of	none
en-essay	GUM_essay_evolved	GUM_essay_evolved-21:6	full	starvation	starvation	prone to
en-essay	GUM_essay_evolved	GUM_essay_evolved-21:6	half	starv	starvation	prone to
en-essay	GUM_essay_evolved	GUM_essay_evolved-21:6	transpose	tsarvation	starvation	prone to
en-essay	GUM_essay_evolved	GUM_essay_evolved-16:17	full	to	to	and scavenge
en-essay	GUM_essay_evolved	GUM_essay_evolved-16:17	half	t	to	and scavenge
en-essay	GUM_essay_evolved	GUM_essay_evolved-8:23	full	we	we	in us
en-essay	GUM_essay_evolved	GUM_essay_evolved-8:23	half	w	we	in us
en-essay	GUM_essay_evolved	GUM_essay_evolved-57:3	full	need	need	you may
en-essay	GUM_essay_evolved	GUM_essay_evolved-57:3	half	ne	need	you may
en-essay	GUM_essay_evolved	GUM_essay_evolved-57:3	transpose	ened	need	you may
en-essay	GUM_essay_evolved	GUM_essay_evolved-42:2	full	my	my	i tell
en-essay	GUM_essay_evolved	GUM_essay_evolved-42:2	half	m	my	i tell
en-essay	GUM_essay_evolved	GUM_essay_evolved-24:9	full	labrador	labrador	to your
en-essay	GUM_essay_evolved	GUM_essay_evolved-24:9	half	labr	labrador	to your
en-essay	GUM_essay_evolved	GUM_essay_evolved-24:9	transpose	labardor	labrador	to your
en-essay	GUM_essay_evolved	GUM_essay_evolved-53:2	full	feel	feel	do not
en-essay	GUM_essay_evolved	GUM_essay_evolved-53:2	half	fe	feel	do not
en-essay	GUM_essay_evolved	GUM_essay_evolved-53:2	transpose	efel	feel	do not
en-essay	GUM_essay_evolved	GUM_essay_evolved-23:6	full	miles	miles	days and
en-essay	GUM_essay_evolved	GUM_essay_evolved-23:6	half	mi	miles	days and
en-essay	GUM_essay_evolved	GUM_essay_evolved-23:6	transpose	imles	miles	days and
en-essay	GUM_essay_evolved	GUM_essay_evolved-25:2	full	like	like	easy calories
en-essay	GUM_essay_evolved	GUM_essay_evolved-25:2	half	li	like	easy calories
en-essay	GUM_essay_evolved	GUM_essay_evolved-25:2	transpose	lkie	like	easy calories
en-essay	GUM_essay_evolved	GUM_essay_evolved-51:28	full	about	about	feeling better
en-essay	GUM_essay_evolved	GUM_essay_evolved-51:28	half	ab	about	feeling better
en-essay	GUM_essay_evolved	GUM_essay_evolved-51:28	transpose	abuot	about	feeling better
en-essay	GUM_essay_evolved	GUM_essay_evolved-50:0	full	whatever	whatever	
en-essay	GUM_essay_evolved	GUM_essay_evolved-50:0	half	what	whatever	
en-essay	GUM_essay_evolved	GUM_essay_evolved-50:0	transpose	hwatever	whatever	
en-essay	GUM_essay_evolved	GUM_essay_evolved-56:10	full	bright	bright	late caffeine
en-essay	GUM_essay_evolved	GUM_essay_evolved-56:10	half	bri	bright	late caffeine
en-essay	GUM_essay_evolved	GUM_essay_evolved-56:10	transpose	birght	bright	late caffeine
en-essay	GUM_essay_evolved	GUM_essay_evolved-7:2	full	have	have	when we
en-essay	GUM_essay_evolved	GUM_essay_evolved-7:2	half	ha	have	when we
en-essay	GUM_essay_evolved	GUM_essay_evolved-7:2	transpose	hvae	have	when we
en-essay	GUM_essay_evolved	GUM_essay_evolved-15:0	full	what	what	
en-essay	GUM_essay_evolved	GUM_essay_evolved-15:0	half	wh	what	
en-essay	GUM_essay_evolved	GUM_essay_evolved-15:0	transpose	hwat	what	
en-essay	GUM_essay_evolved	GUM_essay_evolved-58:21	full	life	life	much happier
en-essay	GUM_essay_evolved	GUM_essay_evolved-58:21	half	li	life	much happier
en-essay	GUM_essay_evolved	GUM_essay_evolved-58:21	transpose	ilfe	life	much happier
en-essay	GUM_essay_distraction	GUM_essay_distraction-32:10	full	muse	muse	coax your
en-essay	GUM_essay_distraction	GUM_essay_distraction-32:10	half	mu	muse	coax your
en-essay	GUM_essay_distraction	GUM_essay_distraction-32:10	transpose	umse	muse	coax your
en-essay	GUM_essay_distraction	GUM_essay_distraction-10:6	full	good	good	been very
en-essay	GUM_essay_distraction	GUM_essay_distraction-10:6	half	go	good	been very
en-essay	GUM_essay_distraction	GUM_essay_distraction-10:6	transpose	good	good	been very
en-essay	GUM_essay_distraction	GUM_essay_distraction-15:11	full	my	my	workload and
en-essay	GUM_essay_distraction	GUM_essay_distraction-15:11	half	m	my	workload and
en-essay	GUM_essay_distraction	GUM_essay_distraction-10:0	full	but	but	
en-essay	GUM_essay_distraction	GUM_essay_distraction-10:0	half	b	but	
en-essay	GUM_essay_distraction	GUM_essay_distraction-10:0	transpose	ubt	but	
en-essay	GUM_essay_distraction	GUM_essay_distraction-26:5	full	the	the	you're in
en-essay	GUM_essay_distraction	GUM_essay_distraction-26:5	half	t	the	you're in
en-essay	GUM_essay_distraction	GUM_essay_distraction-26:5	transpose	teh	the	you're in
en-essay	GUM_essay_distraction	GUM_essay_distraction-32:12	full	the	the	muse into
en-essay	GUM_essay_distraction	GUM_essay_distraction-32:12	half	t	the	muse into
en-essay	GUM_essay_distraction	GUM_essay_distraction-32:12	transpose	hte	the	muse into
en-essay	GUM_essay_distraction	GUM_essay_distraction-5:8	full	sometimes	sometimes	distracted and
en-essay	GUM_essay_distraction	GUM_essay_distraction-5:8	half	some	sometimes	distracted and
en-essay	GUM_essay_distraction	GUM_essay_distraction-5:8	transpose	sometmies	sometimes	distracted and
en-essay	GUM_essay_distraction	GUM_essay_distraction-41:10	full	use	use	family to
en-essay	GUM_essay_distraction	GUM_essay_distraction-41:10	half	u	use	family to
en-essay	GUM_essay_distraction	GUM_essay_distraction-41:10	transpose	sue	use	family to
en-essay	GUM_essay_distraction	GUM_essay_distraction-34:15	full	convince	convince	if you
en-essay	GUM_essay_distraction	GUM_essay_distraction-34:15	half	conv	convince	if you
en-essay	GUM_essay_distraction	GUM_essay_distraction-34:15	transpose	covnince	convince	if you
en-essay	GUM_essay_distraction	GUM_essay_distraction-32:13	full	room	room	into the
en-essay	GUM_essay_distraction	GUM_essay_distraction-32:13	half	ro	room	into the
en-essay	GUM_essay_distraction	GUM_essay_distraction-32:13	transpose	romo	room	into the
en-essay	GUM_essay_distraction	GUM_essay_distraction-29:7	full	out	out	yarn sticking
en-essay	GUM_essay_distraction	GUM_essay_distraction-29:7	half	o	out	yarn sticking
en-essay	GUM_essay_distraction	GUM_essay_distraction-29:7	transpose	uot	out	yarn sticking
en-essay	GUM_essay_distraction	GUM_essay_distraction-1:2	full	the	the	writing in
en-essay	GUM_essay_distraction	GUM_essay_distraction-1:2	half	t	the	writing in
en-essay	GUM_essay_distraction	GUM_essay_distraction-1:2	transpose	teh	the	writing in
en-essay	GUM_essay_distraction	GUM_essay_distraction-23:30	full	at	at	sit down
en-essay	GUM_essay_distraction	GUM_essay_distraction-23:30	half	a	at	sit down
en-essay	GUM_essay_distraction	GUM_essay_distraction-28:31	full	your	your	you begin
en-essay	GUM_essay_distraction	GUM_essay_distraction-28:31	half	yo	your	you begin
en-essay	GUM_essay_distraction	GUM_essay_distraction-28:31	transpose	yoru	your	you begin
en-essay	GUM_essay_distraction	GUM_essay_distraction-18:30	full	im	i'm	else while
en-essay	GUM_essay_distraction	GUM_essay_distraction-18:30	half	i	i'm	else while
en-essay	GUM_essay_distraction	GUM_essay_distraction-13:11	full	simple	simple	a few
en-essay	GUM_essay_distraction	GUM_essay_distraction-13:11	half	sim	simple	a few
en-essay	GUM_essay_distraction	GUM_essay_distraction-13:11	transpose	sipmle	simple	a few
en-essay	GUM_essay_distraction	GUM_essay_distraction-35:0	full	when	when	
en-essay	GUM_essay_distraction	GUM_essay_distraction-35:0	half	wh	when	
en-essay	GUM_essay_distraction	GUM_essay_distraction-35:0	transpose	hwen	when	
en-essay	GUM_essay_distraction	GUM_essay_distraction-12:0	full	id	i'd	
en-essay	GUM_essay_distraction	GUM_essay_distraction-12:0	half	i	i'd	
en-essay	GUM_essay_distraction	GUM_essay_distraction-38:19	full	etc	etc	skype rings
en-essay	GUM_essay_distraction	GUM_essay_distraction-38:19	half	e	etc	skype rings
en-essay	GUM_essay_distraction	GUM_essay_distraction-38:19	transpose	ect	etc	skype rings
en-essay	GUM_essay_distraction	GUM_essay_distraction-5:24	full	of	of	internet but
en-essay	GUM_essay_distraction	GUM_essay_distraction-5:24	half	o	of	internet but
en-essay	GUM_essay_distraction	GUM_essay_distraction-24:1	full	yourself	yourself	leave
en-essay	GUM_essay_distraction	GUM_essay_distraction-24:1	half	your	yourself	leave
en-essay	GUM_essay_distraction	GUM_essay_distraction-24:1	transpose	yoruself	yourself	leave
en-essay	GUM_essay_distraction	GUM_essay_distraction-42:19	full	like	like	running is
en-essay	GUM_essay_distraction	GUM_essay_distraction-42:19	half	li	like	running is
en-essay	GUM_essay_distraction	GUM_essay_distraction-42:19	transpose	liek	like	running is
en-essay	GUM_essay_distraction	GUM_essay_distraction-42:43	full	the	the	seen by
en-essay	GUM_essay_distraction	GUM_essay_distraction-42:43	half	t	the	seen by
en-essay	GUM_essay_distraction	GUM_essay_distraction-42:43	transpose	hte	the	seen by
en-essay	GUM_essay_distraction	GUM_essay_distraction-15:6	full	top	top	i'm on
en-essay	GUM_essay_distraction	GUM_essay_distraction-15:6	half	t	top	i'm on
en-essay	GUM_essay_distraction	GUM_essay_distraction-15:6	transpose	otp	top	i'm on
en-essay	GUM_essay_distraction	GUM_essay_distraction-20:26	full	no	no	a day
en-essay	GUM_essay_distraction	GUM_essay_distraction-20:26	half	n	no	a day
en-essay	GUM_essay_distraction	GUM_essay_distraction-22:18	full	your	your	to allow
en-essay	GUM_essay_distraction	GUM_essay_distraction-22:18	half	yo	your	to allow
en-essay	GUM_essay_distraction	GUM_essay_distraction-22:18	transpose	yoru	your	to allow
en-essay	GUM_essay_distraction	GUM_essay_distraction-38:4	full	concentration	concentration	impediment to
en-essay	GUM_essay_distraction	GUM_essay_distraction-38:4	half	concen	concentration	impediment to
en-essay	GUM_essay_distraction	GUM_essay_distraction-38:4	transpose	concentratino	concentration	impediment to
en-essay	GUM_essay_distraction	GUM_essay_distraction-26:9	full	sentence	sentence	of a
en-essay	GUM_essay_distraction	GUM_essay_distraction-26:9	half	sent	sentence	of a
en-essay	GUM_essay_distraction	GUM_essay_distraction-26:9	transpose	sentenec	sentence	of a
en-essay	GUM_essay_distraction	GUM_essay_distraction-5:51	full	your	your	away from
en-essay	GUM_essay_distraction	GUM_essay_distraction-5:51	half	yo	your	away from
en-essay	GUM_essay_distraction	GUM_essay_distraction-5:51	transpose	oyur	your	away from
en-essay	GUM_essay_distraction	GUM_essay_distraction-12:5	full	up	up	give it
en-essay	GUM_essay_distraction	GUM_essay_distraction-12:5	half	u	up	give it
en-essay	GUM_essay_distraction	GUM_essay_distraction-34:35	full	the	the	minutes with
en-essay	GUM_essay_distraction	GUM_essay_distraction-34:35	half	t	the	minutes with
en-essay	GUM_essay_distraction	GUM_essay_distraction-34:35	transpose	hte	the	minutes with
en-essay	GUM_essay_distraction	GUM_essay_distraction-8:21	full	hole	hole	attention black
en-essay	GUM_essay_distraction	GUM_essay_distraction-8:21	half	ho	hole	attention black
en-essay	GUM_essay_distraction	GUM_essay_distraction-8:21	transpose	hloe	hole	attention black
en-essay	GUM_essay_dividends	GUM_essay_dividends-33:9	full	from	from	invested starting
en-essay	GUM_essay_dividends	GUM_essay_dividends-33:9	half	fr	from	invested starting
en-essay	GUM_essay_dividends	GUM_essay_dividends-33:9	transpose	frmo	from	invested starting
en-essay	GUM_essay_dividends	GUM_essay_dividends-23:0	full	how	how	
en-essay	GUM_essay_dividends	GUM_essay_dividends-23:0	half	h	how	
en-essay	GUM_essay_dividends	GUM_essay_dividends-23:0	transpose	hwo	how	
en-essay	GUM_essay_dividends	GUM_essay_dividends-20:27	full	america	america	states in
en-essay	GUM_essay_dividends	GUM_essay_dividends-20:27	half	ame	america	states in
en-essay	GUM_essay_dividends	GUM_essay_dividends-20:27	transpose	amreica	america	states in
en-essay	GUM_essay_dividends	GUM_essay_dividends-54:2	full	idea	idea	if paine's
en-essay	GUM_essay_dividends	GUM_essay_dividends-54:2	half	id	idea	if paine's
en-essay	GUM_essay_dividends	GUM_essay_dividends-54:2	transpose	idae	idea	if paine's
en-essay	GUM_essay_dividends	GUM_essay_dividends-9:10	full	income	income	surround such
en-essay	GUM_essay_dividends	GUM_essay_dividends-9:10	half	inc	income	surround such
en-essay	GUM_essay_dividends	GUM_essay_dividends-9:10	transpose	inocme	income	surround such
en-essay	GUM_essay_dividends	GUM_essay_dividends-24:4	full	wealth	wealth	a common
en-essay	GUM_essay_dividends	GUM_essay_dividends-24:4	half	wea	wealth	a common
en-essay	GUM_essay_dividends	GUM_essay_dividends-24:4	transpose	ewalth	wealth	a common
en-essay	GUM_essay_dividends	GUM_essay_dividends-33:18	full	debt	debt	for a
en-essay	GUM_essay_dividends	GUM_essay_dividends-33:18	half	de	debt	for a
en-essay	GUM_essay_dividends	GUM_essay_dividends-33:18	transpose	dbet	debt	for a
en-essay	GUM_essay_dividends	GUM_essay_dividends-49:4	full	immense	immense	example the
en-essay	GUM_essay_dividends	GUM_essay_dividends-49:4	half	imm	immense	example the
en-essay	GUM_essay_dividends	GUM_essay_dividends-49:4	transpose	imemnse	immense	example the
en-essay	GUM_essay_dividends	GUM_essay_dividends-56:11	full	widely	widely	would generate
en-essay	GUM_essay_dividends	GUM_essay_dividends-56:11	half	wid	widely	would generate
en-essay	GUM_essay_dividends	GUM_essay_dividends-56:11	transpose	iwdely	widely	would generate
en-essay	GUM_essay_dividends	GUM_essay_dividends-1:3	full	the	the	to save
en-essay	GUM_essay_dividends	GUM_essay_dividends-1:3	half	t	the	to save
en-essay	GUM_essay_dividends	GUM_essay_dividends-1:3	transpose	hte	the	to save
en-essay	GUM_essay_dividends	GUM_essay_dividends-3:3	full	logos	logos	sharedvalues reportinginformation
en-essay	GUM_essay_dividends	GUM_essay_dividends-3:3	half	lo	logos	sharedvalues reportinginformation
en-essay	GUM_essay_dividends	GUM_essay_dividends-3:3	transpose	logso	logos	sharedvalues reportinginformation
en-essay	GUM_essay_dividends	GUM_essay_dividends-35:10	full	security	security	retiree's social
en-essay	GUM_essay_dividends	GUM_essay_dividends-35:10	half	secu	security	retiree's social
en-essay	GUM_essay_dividends	GUM_essay_dividends-35:10	transpose	securiyt	security	retiree's social
en-essay	GUM_essay_dividends	GUM_essay_dividends-39:3	full	of	of	second kind
en-essay	GUM_essay_dividends	GUM_essay_dividends-39:3	half	o	of	second kind
en-essay	GUM_essay_dividends	GUM_essay_dividends-57:4	full	these	these	would achieve
en-essay	GUM_essay_dividends	GUM_essay_dividends-57:4	half	th	these	would achieve
en-essay	GUM_essay_dividends	GUM_essay_dividends-57:4	transpose	tehse	these	would achieve
en-essay	GUM_essay_dividends	GUM_essay_dividends-49:10	full	intellectual	intellectual	our legal
en-essay	GUM_essay_dividends	GUM_essay_dividends-49:10	half	intell	intellectual	our legal
en-essay	GUM_essay_dividends	GUM_essay_dividends-49:10	transpose	itnellectual	intellectual	our legal
en-essay	GUM_essay_dividends	GUM_essay_dividends-46:4	full	this	this	saw that
en-essay	GUM_essay_dividends	GUM_essay_dividends-46:4	half	th	this	saw that
en-essay	GUM_essay_dividends	GUM_essay_dividends-46:4	transpose	tihs	this	saw that
en-essay	GUM_essay_dividends	GUM_essay_dividends-38:8	full	paine	paine	patriot thomas
en-essay	GUM_essay_dividends	GUM_essay_dividends-38:8	half	pa	paine	patriot thomas
en-essay	GUM_essay_dividends	GUM_essay_dividends-38:8	transpose	piane	paine	patriot thomas
en-essay	GUM_essay_dividends	GUM_essay_dividends-39:6	full	argued	argued	property paine
en-essay	GUM_essay_dividends	GUM_essay_dividends-39:6	half	arg	argued	property paine
en-essay	GUM_essay_dividends	GUM_essay_dividends-39:6	transpose	aruged	argued	property paine
en-essay	GUM_essay_dividends	GUM_essay_dividends-43:10	full	by	by	rent paid
en-essay	GUM_essay_dividends	GUM_essay_dividends-43:10	half	b	by	rent paid
en-essay	GUM_essay_dividends	GUM_essay_dividends-21:14	full	right	right	find the
en-essay	GUM_essay_dividends	GUM_essay_dividends-21:14	half	ri	right	find the
en-essay	GUM_essay_dividends	GUM_essay_dividends-21:14	transpose	irght	right	find the
en-essay	GUM_essay_dividends	GUM_essay_dividends-1:1	full	to	to	how
en-essay	GUM_essay_dividends	GUM_essay_dividends-1:1	half	t	to	how
en-essay	GUM_essay_dividends	GUM_essay_dividends-36:16	full	families	families	middle class
en-essay	GUM_essay_dividends	GUM_essay_dividends-36:16	half	fami	families	middle class
en-essay	GUM_essay_dividends	GUM_essay_dividends-36:16	transpose	famliies	families	middle class
en-essay	GUM_essay_dividends	GUM_essay_dividends-24:6	full	system	system	wealth dividend
en-essay	GUM_essay_dividends	GUM_essay_dividends-24:6	half	sys	system	wealth dividend
en-essay	GUM_essay_dividends	GUM_essay_dividends-24:6	transpose	ysstem	system	wealth dividend
en-essay	GUM_essay_dividends	GUM_essay_dividends-33:10	full	birth	birth	starting from
en-essay	GUM_essay_dividends	GUM_essay_dividends-33:10	half	bi	birth	starting from
en-essay	GUM_essay_dividends	GUM_essay_dividends-33:10	transpose	birht	birth	starting from
en-essay	GUM_essay_dividends	GUM_essay_dividends-21:8	full	ask	ask	should now
en-essay	GUM_essay_dividends	GUM_essay_dividends-21:8	half	a	ask	should now
en-essay	GUM_essay_dividends	GUM_essay_dividends-21:8	transpose	sak	ask	should now
en-essay	GUM_essay_dividends	GUM_essay_dividends-17:13	full	equal	equal	has paid
en-essay	GUM_essay_dividends	GUM_essay_dividends-17:13	half	eq	equal	has paid
en-essay	GUM_essay_dividends	GUM_essay_dividends-17:13	transpose	equla	equal	has paid
en-essay	GUM_essay_dividends	GUM_essay_dividends-56:12	full	shared	shared	generate widely
en-essay	GUM_essay_dividends	GUM_essay_dividends-56:12	half	sha	shared	generate widely
en-essay	GUM_essay_dividends	GUM_essay_dividends-56:12	transpose	sharde	shared	generate widely
en-essay	GUM_essay_dividends	GUM_essay_dividends-31:16	full	electromagnetic	electromagnetic	and our
en-essay	GUM_essay_dividends	GUM_essay_dividends-31:16	half	electro	electromagnetic	and our
en-essay	GUM_essay_dividends	GUM_essay_dividends-31:16	transpose	elecrtomagnetic	electromagnetic	and our
en-essay	GUM_essay_dividends	GUM_essay_dividends-29:11	full	show	show	all i
en-essay	GUM_essay_dividends	GUM_essay_dividends-29:11	half	sh	show	all i
en-essay	GUM_essay_dividends	GUM_essay_dividends-29:11	transpose	hsow	show	all i
en-essay	GUM_essay_dividends	GUM_essay_dividends-13:5	full	these	these	of all
en-essay	GUM_essay_dividends	GUM_essay_dividends-13:5	half	th	these	of all
en-essay	GUM_essay_dividends	GUM_essay_dividends-13:5	transpose	thees	these	of all
en-essay	GUM_essay_dividends	GUM_essay_dividends-44:5	full	this	this	mathematically how
en-essay	GUM_essay_dividends	GUM_essay_dividends-44:5	half	th	this	mathematically how
en-essay	GUM_essay_dividends	GUM_essay_dividends-44:5	transpose	tihs	this	mathematically how
en-essay	GUM_essay_dividends	GUM_essay_dividends-61:5	full	see	see	have to
en-essay	GUM_essay_dividends	GUM_essay_dividends-61:5	half	s	see	have to
en-essay	GUM_essay_dividends	GUM_essay_dividends-61:5	transpose	ese	see	have to
zh-essay	knowledge/Art/鶯歌陶瓷博物館.md	knowledge/Art/鶯歌陶瓷博物館.md:111	full	weijibaike	維基百科	
zh-essay	knowledge/Art/鶯歌陶瓷博物館.md	knowledge/Art/鶯歌陶瓷博物館.md:111	half	weiji	維基百科	
zh-essay	knowledge/Art/鶯歌陶瓷博物館.md	knowledge/Art/鶯歌陶瓷博物館.md:111	initials	wjbk	維基百科	
zh-essay	knowledge/Art/鶯歌陶瓷博物館.md	knowledge/Art/鶯歌陶瓷博物館.md:111	mixed	wjibke	維基百科	
zh-essay	knowledge/Art/鶯歌陶瓷博物館.md	knowledge/Art/鶯歌陶瓷博物館.md:111	transpose	weijibakie	維基百科	
zh-essay	knowledge/Art/鶯歌陶瓷博物館.md	knowledge/Art/鶯歌陶瓷博物館.md:155	full	sanyingyishucun	三鶯藝術村	
zh-essay	knowledge/Art/鶯歌陶瓷博物館.md	knowledge/Art/鶯歌陶瓷博物館.md:155	half	sanying	三鶯藝術村	
zh-essay	knowledge/Art/鶯歌陶瓷博物館.md	knowledge/Art/鶯歌陶瓷博物館.md:155	initials	syysc	三鶯藝術村	
zh-essay	knowledge/Art/鶯歌陶瓷博物館.md	knowledge/Art/鶯歌陶瓷博物館.md:155	mixed	syingyshuc	三鶯藝術村	
zh-essay	knowledge/Art/鶯歌陶瓷博物館.md	knowledge/Art/鶯歌陶瓷博物館.md:155	transpose	sanyingiyshucun	三鶯藝術村	
zh-essay	knowledge/Art/鶯歌陶瓷博物館.md	knowledge/Art/鶯歌陶瓷博物館.md:140	full	taiwanguojitaoyishuangnianzhan	台灣國際陶藝雙年展	
zh-essay	knowledge/Art/鶯歌陶瓷博物館.md	knowledge/Art/鶯歌陶瓷博物館.md:140	half	taiwanguojitaoy	台灣國際陶藝雙年展	
zh-essay	knowledge/Art/鶯歌陶瓷博物館.md	knowledge/Art/鶯歌陶瓷博物館.md:140	initials	twgjtysnz	台灣國際陶藝雙年展	
zh-essay	knowledge/Art/鶯歌陶瓷博物館.md	knowledge/Art/鶯歌陶瓷博物館.md:140	mixed	twangjityisnianz	台灣國際陶藝雙年展	
zh-essay	knowledge/Art/鶯歌陶瓷博物館.md	knowledge/Art/鶯歌陶瓷博物館.md:140	transpose	taiwanugojitaoyishuangnianzhan	台灣國際陶藝雙年展	
zh-essay	knowledge/Art/鶯歌陶瓷博物館.md	knowledge/Art/鶯歌陶瓷博物館.md:104	full	guanfangwangzhan	官方網站	
zh-essay	knowledge/Art/鶯歌陶瓷博物館.md	knowledge/Art/鶯歌陶瓷博物館.md:104	half	guanfang	官方網站	
zh-essay	knowledge/Art/鶯歌陶瓷博物館.md	knowledge/Art/鶯歌陶瓷博物館.md:104	initials	gfwz	官方網站	
zh-essay	knowledge/Art/鶯歌陶瓷博物館.md	knowledge/Art/鶯歌陶瓷博物館.md:104	mixed	gfangwzhan	官方網站	
zh-essay	knowledge/Art/鶯歌陶瓷博物館.md	knowledge/Art/鶯歌陶瓷博物館.md:104	transpose	guanfangwangzahn	官方網站	
zh-essay	knowledge/Art/鶯歌陶瓷博物館.md	knowledge/Art/鶯歌陶瓷博物館.md:90	full	raner	然而	
zh-essay	knowledge/Art/鶯歌陶瓷博物館.md	knowledge/Art/鶯歌陶瓷博物館.md:90	half	ra	然而	
zh-essay	knowledge/Art/鶯歌陶瓷博物館.md	knowledge/Art/鶯歌陶瓷博物館.md:90	initials	re	然而	
zh-essay	knowledge/Art/鶯歌陶瓷博物館.md	knowledge/Art/鶯歌陶瓷博物館.md:90	mixed	rer	然而	
zh-essay	knowledge/Art/鶯歌陶瓷博物館.md	knowledge/Art/鶯歌陶瓷博物館.md:90	transpose	ranre	然而	
zh-essay	knowledge/Art/鶯歌陶瓷博物館.md	knowledge/Art/鶯歌陶瓷博物館.md:157	full	sanyingyishucunchangzhi	三鶯藝術村場址	
zh-essay	knowledge/Art/鶯歌陶瓷博物館.md	knowledge/Art/鶯歌陶瓷博物館.md:157	half	sanyingyish	三鶯藝術村場址	
zh-essay	knowledge/Art/鶯歌陶瓷博物館.md	knowledge/Art/鶯歌陶瓷博物館.md:157	initials	syysccz	三鶯藝術村場址	
zh-essay	knowledge/Art/鶯歌陶瓷博物館.md	knowledge/Art/鶯歌陶瓷博物館.md:157	mixed	syingyshucchangz	三鶯藝術村場址	
zh-essay	knowledge/Art/鶯歌陶瓷博物館.md	knowledge/Art/鶯歌陶瓷博物館.md:157	transpose	sanyingyishucunchagnzhi	三鶯藝術村場址	
zh-essay	knowledge/Art/鶯歌陶瓷博物館.md	knowledge/Art/鶯歌陶瓷博物館.md:150	full	yiqilaisanying	藝起來三鶯	
zh-essay	knowledge/Art/鶯歌陶瓷博物館.md	knowledge/Art/鶯歌陶瓷博物館.md:150	half	yiqilai	藝起來三鶯	
zh-essay	knowledge/Art/鶯歌陶瓷博物館.md	knowledge/Art/鶯歌陶瓷博物館.md:150	initials	yqlsy	藝起來三鶯	
zh-essay	knowledge/Art/鶯歌陶瓷博物館.md	knowledge/Art/鶯歌陶瓷博物館.md:150	mixed	yqilsany	藝起來三鶯	
zh-essay	knowledge/Art/鶯歌陶瓷博物館.md	knowledge/Art/鶯歌陶瓷博物館.md:150	transpose	yiqiliasanying	藝起來三鶯	
zh-essay	knowledge/Art/鶯歌陶瓷博物館.md	knowledge/Art/鶯歌陶瓷博物館.md:67	full	cezhanren	策展人	
zh-essay	knowledge/Art/鶯歌陶瓷博物館.md	knowledge/Art/鶯歌陶瓷博物館.md:67	half	cezh	策展人	
zh-essay	knowledge/Art/鶯歌陶瓷博物館.md	knowledge/Art/鶯歌陶瓷博物館.md:67	initials	czr	策展人	
zh-essay	knowledge/Art/鶯歌陶瓷博物館.md	knowledge/Art/鶯歌陶瓷博物館.md:67	mixed	czhanr	策展人	
zh-essay	knowledge/Art/鶯歌陶瓷博物館.md	knowledge/Art/鶯歌陶瓷博物館.md:67	transpose	cezhanrne	策展人	
zh-essay	knowledge/Art/鶯歌陶瓷博物館.md	knowledge/Art/鶯歌陶瓷博物館.md:50	full	qizhong	其中	
zh-essay	knowledge/Art/鶯歌陶瓷博物館.md	knowledge/Art/鶯歌陶瓷博物館.md:50	half	qiz	其中	
zh-essay	knowledge/Art/鶯歌陶瓷博物館.md	knowledge/Art/鶯歌陶瓷博物館.md:50	initials	qz	其中	
zh-essay	knowledge/Art/鶯歌陶瓷博物館.md	knowledge/Art/鶯歌陶瓷博物館.md:50	mixed	qzhong	其中	
zh-essay	knowledge/Art/鶯歌陶瓷博物館.md	knowledge/Art/鶯歌陶瓷博物館.md:50	transpose	qizhogn	其中	
zh-essay	knowledge/Art/鶯歌陶瓷博物館.md	knowledge/Art/鶯歌陶瓷博物館.md:162	full	pindao	頻道	
zh-essay	knowledge/Art/鶯歌陶瓷博物館.md	knowledge/Art/鶯歌陶瓷博物館.md:162	half	pin	頻道	
zh-essay	knowledge/Art/鶯歌陶瓷博物館.md	knowledge/Art/鶯歌陶瓷博物館.md:162	initials	pd	頻道	
zh-essay	knowledge/Art/鶯歌陶瓷博物館.md	knowledge/Art/鶯歌陶瓷博物館.md:162	mixed	pdao	頻道	
zh-essay	knowledge/Art/鶯歌陶瓷博物館.md	knowledge/Art/鶯歌陶瓷博物館.md:162	transpose	pidnao	頻道	
zh-essay	knowledge/Art/鶯歌陶瓷博物館.md	knowledge/Art/鶯歌陶瓷博物館.md:120	full	taocilaojieguanguanghua	陶瓷老街觀光化	
zh-essay	knowledge/Art/鶯歌陶瓷博物館.md	knowledge/Art/鶯歌陶瓷博物館.md:120	half	taocilaojie	陶瓷老街觀光化	
zh-essay	knowledge/Art/鶯歌陶瓷博物館.md	knowledge/Art/鶯歌陶瓷博物館.md:120	initials	tcljggh	陶瓷老街觀光化	
zh-essay	knowledge/Art/鶯歌陶瓷博物館.md	knowledge/Art/鶯歌陶瓷博物館.md:120	mixed	tciljiegguangh	陶瓷老街觀光化	
zh-essay	knowledge/Art/鶯歌陶瓷博物館.md	knowledge/Art/鶯歌陶瓷博物館.md:120	transpose	taocilaojigeuanguanghua	陶瓷老街觀光化	
zh-essay	knowledge/Art/鶯歌陶瓷博物館.md	knowledge/Art/鶯歌陶瓷博物館.md:51	full	shuiguangchang	水廣場	
zh-essay	knowledge/Art/鶯歌陶瓷博物館.md	knowledge/Art/鶯歌陶瓷博物館.md:51	half	shuigua	水廣場	
zh-essay	knowledge/Art/鶯歌陶瓷博物館.md	knowledge/Art/鶯歌陶瓷博物館.md:51	initials	sgc	水廣場	
zh-essay	knowledge/Art/鶯歌陶瓷博物館.md	knowledge/Art/鶯歌陶瓷博物館.md:51	mixed	sguangc	水廣場	
zh-essay	knowledge/Art/鶯歌陶瓷博物館.md	knowledge/Art/鶯歌陶瓷博物館.md:51	transpose	shuiguangchagn	水廣場	
zh-essay	knowledge/Art/鶯歌陶瓷博物館.md	knowledge/Art/鶯歌陶瓷博物館.md:56	full	fuermoshaxiaojie	福爾摩沙小姐	
zh-essay	knowledge/Art/鶯歌陶瓷博物館.md	knowledge/Art/鶯歌陶瓷博物館.md:56	half	fuermosh	福爾摩沙小姐	
zh-essay	knowledge/Art/鶯歌陶瓷博物館.md	knowledge/Art/鶯歌陶瓷博物館.md:56	initials	femsxj	福爾摩沙小姐	
zh-essay	knowledge/Art/鶯歌陶瓷博物館.md	knowledge/Art/鶯歌陶瓷博物館.md:56	mixed	fermshaxjie	福爾摩沙小姐	
zh-essay	knowledge/Art/鶯歌陶瓷博物館.md	knowledge/Art/鶯歌陶瓷博物館.md:56	transpose	fuermohsaxiaojie	福爾摩沙小姐	
zh-essay	knowledge/Art/鶯歌陶瓷博物館.md	knowledge/Art/鶯歌陶瓷博物館.md:123	full	tushuihuofeng	土水火風	
zh-essay	knowledge/Art/鶯歌陶瓷博物館.md	knowledge/Art/鶯歌陶瓷博物館.md:123	half	tushui	土水火風	
zh-essay	knowledge/Art/鶯歌陶瓷博物館.md	knowledge/Art/鶯歌陶瓷博物館.md:123	initials	tshf	土水火風	
zh-essay	knowledge/Art/鶯歌陶瓷博物館.md	knowledge/Art/鶯歌陶瓷博物館.md:123	mixed	tshuihfeng	土水火風	
zh-essay	knowledge/Art/鶯歌陶瓷博物館.md	knowledge/Art/鶯歌陶瓷博物館.md:123	transpose	tushuiuhofeng	土水火風	
zh-essay	knowledge/Art/鶯歌陶瓷博物館.md	knowledge/Art/鶯歌陶瓷博物館.md:121	full	bowuguanjianzhutesebaodao	博物館建築特色報導	
zh-essay	knowledge/Art/鶯歌陶瓷博物館.md	knowledge/Art/鶯歌陶瓷博物館.md:121	half	bowuguanjian	博物館建築特色報導	
zh-essay	knowledge/Art/鶯歌陶瓷博物館.md	knowledge/Art/鶯歌陶瓷博物館.md:121	initials	bwgjztsbd	博物館建築特色報導	
zh-essay	knowledge/Art/鶯歌陶瓷博物館.md	knowledge/Art/鶯歌陶瓷博物館.md:121	mixed	bwugjianztesbaod	博物館建築特色報導	
zh-essay	knowledge/Art/鶯歌陶瓷博物館.md	knowledge/Art/鶯歌陶瓷博物館.md:121	transpose	bowuguanjianzhutesebaodoa	博物館建築特色報導	
zh-essay	knowledge/Art/鶯歌陶瓷博物館.md	knowledge/Art/鶯歌陶瓷博物館.md:110	full	xinbeishiliyinggetaocibowuguan	新北市立鶯歌陶瓷博物館	
zh-essay	knowledge/Art/鶯歌陶瓷博物館.md	knowledge/Art/鶯歌陶瓷博物館.md:110	half	xinbeishiliying	新北市立鶯歌陶瓷博物館	
zh-essay	knowledge/Art/鶯歌陶瓷博物館.md	knowledge/Art/鶯歌陶瓷博物館.md:110	initials	xbslygtcbwg	新北市立鶯歌陶瓷博物館	
zh-essay	knowledge/Art/鶯歌陶瓷博物館.md	knowledge/Art/鶯歌陶瓷博物館.md:110	mixed	xbeisliygetcibwug	新北市立鶯歌陶瓷博物館	
zh-essay	knowledge/Art/鶯歌陶瓷博物館.md	knowledge/Art/鶯歌陶瓷博物館.md:110	transpose	xinbeishiliyinggeatocibowuguan	新北市立鶯歌陶瓷博物館	
zh-essay	knowledge/Art/台灣攝影.md	knowledge/Art/台灣攝影.md:151	full	tuiguangdangdaisheyingshichuangzuochengguo	推廣當代攝影師創作成果	
zh-essay	knowledge/Art/台灣攝影.md	knowledge/Art/台灣攝影.md:151	half	tuiguangdangdaisheyin	推廣當代攝影師創作成果	
zh-essay	knowledge/Art/台灣攝影.md	knowledge/Art/台灣攝影.md:151	initials	tgddsysczcg	推廣當代攝影師創作成果	
zh-essay	knowledge/Art/台灣攝影.md	knowledge/Art/台灣攝影.md:151	mixed	tguangddaisyingschuangzchengg	推廣當代攝影師創作成果	
zh-essay	knowledge/Art/台灣攝影.md	knowledge/Art/台灣攝影.md:151	transpose	tuiguangdangdaisheyingshichuangzuohcengguo	推廣當代攝影師創作成果	
zh-essay	knowledge/Art/台灣攝影.md	knowledge/Art/台灣攝影.md:122	full	tarenweitaiwanrenchunpu	他認為台灣人純樸	
zh-essay	knowledge/Art/台灣攝影.md	knowledge/Art/台灣攝影.md:122	half	tarenweitai	他認為台灣人純樸	
zh-essay	knowledge/Art/台灣攝影.md	knowledge/Art/台灣攝影.md:122	initials	trwtwrcp	他認為台灣人純樸	
zh-essay	knowledge/Art/台灣攝影.md	knowledge/Art/台灣攝影.md:122	mixed	trenwtaiwrencpu	他認為台灣人純樸	
zh-essay	knowledge/Art/台灣攝影.md	knowledge/Art/台灣攝影.md:122	transpose	tarenweitiawanrenchunpu	他認為台灣人純樸	
zh-essay	knowledge/Art/台灣攝影.md	knowledge/Art/台灣攝影.md:175	full	dengpingtaifenxiangzuopin	等平台分享作品	
zh-essay	knowledge/Art/台灣攝影.md	knowledge/Art/台灣攝影.md:175	half	dengpingtaif	等平台分享作品	
zh-essay	knowledge/Art/台灣攝影.md	knowledge/Art/台灣攝影.md:175	initials	dptfxzp	等平台分享作品	
zh-essay	knowledge/Art/台灣攝影.md	knowledge/Art/台灣攝影.md:175	mixed	dpingtfenxzuop	等平台分享作品	
zh-essay	knowledge/Art/台灣攝影.md	knowledge/Art/台灣攝影.md:175	transpose	dengpingtaifenxaingzuopin	等平台分享作品	
zh-essay	knowledge/Art/台灣攝影.md	knowledge/Art/台灣攝影.md:5	full	yingxiangzhijin	影響至今	
zh-essay	knowledge/Art/台灣攝影.md	knowledge/Art/台灣攝影.md:5	half	yingxia	影響至今	
zh-essay	knowledge/Art/台灣攝影.md	knowledge/Art/台灣攝影.md:5	initials	yxzj	影響至今	
zh-essay	knowledge/Art/台灣攝影.md	knowledge/Art/台灣攝影.md:5	mixed	yxiangzjin	影響至今	
zh-essay	knowledge/Art/台灣攝影.md	knowledge/Art/台灣攝影.md:5	transpose	yingxaingzhijin	影響至今	
zh-essay	knowledge/Art/台灣攝影.md	knowledge/Art/台灣攝影.md:214	full	yougenzhitaiwanwenhuaturang	又根植台灣文化土壤	
zh-essay	knowledge/Art/台灣攝影.md	knowledge/Art/台灣攝影.md:214	half	yougenzhitaiw	又根植台灣文化土壤	
zh-essay	knowledge/Art/台灣攝影.md	knowledge/Art/台灣攝影.md:214	initials	ygztwwhtr	又根植台灣文化土壤	
zh-essay	knowledge/Art/台灣攝影.md	knowledge/Art/台灣攝影.md:214	mixed	ygenztaiwwenhtur	又根植台灣文化土壤	
zh-essay	knowledge/Art/台灣攝影.md	knowledge/Art/台灣攝影.md:214	transpose	yoguenzhitaiwanwenhuaturang	又根植台灣文化土壤	
zh-essay	knowledge/Art/台灣攝影.md	knowledge/Art/台灣攝影.md:244	full	nianshouban	年首版	
zh-essay	knowledge/Art/台灣攝影.md	knowledge/Art/台灣攝影.md:244	half	nians	年首版	
zh-essay	knowledge/Art/台灣攝影.md	knowledge/Art/台灣攝影.md:244	initials	nsb	年首版	
zh-essay	knowledge/Art/台灣攝影.md	knowledge/Art/台灣攝影.md:244	mixed	nshoub	年首版	
zh-essay	knowledge/Art/台灣攝影.md	knowledge/Art/台灣攝影.md:244	transpose	niasnhouban	年首版	
zh-essay	knowledge/Art/台灣攝影.md	knowledge/Art/台灣攝影.md:111	full	zaijingjikuaisufazhan	在經濟快速發展	
zh-essay	knowledge/Art/台灣攝影.md	knowledge/Art/台灣攝影.md:111	half	zaijingjik	在經濟快速發展	
zh-essay	knowledge/Art/台灣攝影.md	knowledge/Art/台灣攝影.md:111	initials	zjjksfz	在經濟快速發展	
zh-essay	knowledge/Art/台灣攝影.md	knowledge/Art/台灣攝影.md:111	mixed	zjingjkuaisfaz	在經濟快速發展	
zh-essay	knowledge/Art/台灣攝影.md	knowledge/Art/台灣攝影.md:111	transpose	zaijingjikuasiufazhan	在經濟快速發展	
zh-essay	knowledge/Art/台灣攝影.md	knowledge/Art/台灣攝影.md:158	full	piaoliu	漂流	
zh-essay	knowledge/Art/台灣攝影.md	knowledge/Art/台灣攝影.md:158	half	pia	漂流	
zh-essay	knowledge/Art/台灣攝影.md	knowledge/Art/台灣攝影.md:158	initials	pl	漂流	
zh-essay	knowledge/Art/台灣攝影.md	knowledge/Art/台灣攝影.md:158	mixed	pliu	漂流	
zh-essay	knowledge/Art/台灣攝影.md	knowledge/Art/台灣攝影.md:158	transpose	piaolui	漂流	
zh-essay	knowledge/Art/台灣攝影.md	knowledge/Art/台灣攝影.md:84	full	yingxiangzhilv	映象之旅	
zh-essay	knowledge/Art/台灣攝影.md	knowledge/Art/台灣攝影.md:84	half	yingxia	映象之旅	
zh-essay	knowledge/Art/台灣攝影.md	knowledge/Art/台灣攝影.md:84	initials	yxzl	映象之旅	
zh-essay	knowledge/Art/台灣攝影.md	knowledge/Art/台灣攝影.md:84	mixed	yxiangzlv	映象之旅	
zh-essay	knowledge/Art/台灣攝影.md	knowledge/Art/台灣攝影.md:84	transpose	yignxiangzhilv	映象之旅	
zh-essay	knowledge/Art/台灣攝影.md	knowledge/Art/台灣攝影.md:213	full	zuopinjijuyouguojishiye	作品既具有國際視野	
zh-essay	knowledge/Art/台灣攝影.md	knowledge/Art/台灣攝影.md:213	half	zuopinjijuy	作品既具有國際視野	
zh-essay	knowledge/Art/台灣攝影.md	knowledge/Art/台灣攝影.md:213	initials	zpjjygjsy	作品既具有國際視野	
zh-essay	knowledge/Art/台灣攝影.md	knowledge/Art/台灣攝影.md:213	mixed	zpinjjuyguojshiy	作品既具有國際視野	
zh-essay	knowledge/Art/台灣攝影.md	knowledge/Art/台灣攝影.md:213	transpose	zuopinjiujyouguojishiye	作品既具有國際視野	
zh-essay	knowledge/Art/台灣攝影.md	knowledge/Art/台灣攝影.md:242	full	bokelai	博客來	
zh-essay	knowledge/Art/台灣攝影.md	knowledge/Art/台灣攝影.md:242	half	bok	博客來	
zh-essay	knowledge/Art/台灣攝影.md	knowledge/Art/台灣攝影.md:242	initials	bkl	博客來	
zh-essay	knowledge/Art/台灣攝影.md	knowledge/Art/台灣攝影.md:242	mixed	bkel	博客來	
zh-essay	knowledge/Art/台灣攝影.md	knowledge/Art/台灣攝影.md:242	transpose	obkelai	博客來	
zh-essay	knowledge/Art/台灣攝影.md	knowledge/Art/台灣攝影.md:226	full	zhangcai	張才	
zh-essay	knowledge/Art/台灣攝影.md	knowledge/Art/台灣攝影.md:226	half	zhan	張才	
zh-essay	knowledge/Art/台灣攝影.md	knowledge/Art/台灣攝影.md:226	initials	zc	張才	
zh-essay	knowledge/Art/台灣攝影.md	knowledge/Art/台灣攝影.md:226	mixed	zcai	張才	
zh-essay	knowledge/Art/台灣攝影.md	knowledge/Art/台灣攝影.md:226	transpose	zahngcai	張才	
zh-essay	knowledge/Art/台灣攝影.md	knowledge/Art/台灣攝影.md:154	full	shiji	世紀	
zh-essay	knowledge/Art/台灣攝影.md	knowledge/Art/台灣攝影.md:154	half	sh	世紀	
zh-essay	knowledge/Art/台灣攝影.md	knowledge/Art/台灣攝影.md:154	initials	sj	世紀	
zh-essay	knowledge/Art/台灣攝影.md	knowledge/Art/台灣攝影.md:154	mixed	sji	世紀	
zh-essay	knowledge/Art/台灣攝影.md	knowledge/Art/台灣攝影.md:154	transpose	shiij	世紀	
zh-essay	knowledge/Art/台灣攝影.md	knowledge/Art/台灣攝影.md:103	full	ruanyizhongfabiao	阮義忠發表	
zh-essay	knowledge/Art/台灣攝影.md	knowledge/Art/台灣攝影.md:103	half	ruanyizh	阮義忠發表	
zh-essay	knowledge/Art/台灣攝影.md	knowledge/Art/台灣攝影.md:103	initials	ryzfb	阮義忠發表	
zh-essay	knowledge/Art/台灣攝影.md	knowledge/Art/台灣攝影.md:103	mixed	ryizfab	阮義忠發表	
zh-essay	knowledge/Art/台灣攝影.md	knowledge/Art/台灣攝影.md:103	transpose	runayizhongfabiao	阮義忠發表	
zh-essay	knowledge/Art/台灣攝影.md	knowledge/Art/台灣攝影.md:174	full	nianqingsheyingshitouguo	年輕攝影師透過	
zh-essay	knowledge/Art/台灣攝影.md	knowledge/Art/台灣攝影.md:174	half	nianqingshey	年輕攝影師透過	
zh-essay	knowledge/Art/台灣攝影.md	knowledge/Art/台灣攝影.md:174	initials	nqsystg	年輕攝影師透過	
zh-essay	knowledge/Art/台灣攝影.md	knowledge/Art/台灣攝影.md:174	mixed	nqingsyingstoug	年輕攝影師透過	
zh-essay	knowledge/Art/台灣攝影.md	knowledge/Art/台灣攝影.md:174	transpose	nianqingsheyingshituoguo	年輕攝影師透過	
zh-essay	knowledge/Art/台灣攝影.md	knowledge/Art/台灣攝影.md:155	full	taiwansheyingchengxianduoyuanfazhan	台灣攝影呈現多元發展	
zh-essay	knowledge/Art/台灣攝影.md	knowledge/Art/台灣攝影.md:155	half	taiwansheyingchen	台灣攝影呈現多元發展	
zh-essay	knowledge/Art/台灣攝影.md	knowledge/Art/台灣攝影.md:155	initials	twsycxdyfz	台灣攝影呈現多元發展	
zh-essay	knowledge/Art/台灣攝影.md	knowledge/Art/台灣攝影.md:155	mixed	twansyingcxiandyuanfzhan	台灣攝影呈現多元發展	
zh-essay	knowledge/Art/台灣攝影.md	knowledge/Art/台灣攝影.md:155	transpose	taiwansheyingchenxgianduoyuanfazhan	台灣攝影呈現多元發展	
zh-essay	knowledge/Culture/鄒族戰祭.md	knowledge/Culture/鄒族戰祭.md:266	full	bunengjinru	不能進入	
zh-essay	knowledge/Culture/鄒族戰祭.md	knowledge/Culture/鄒族戰祭.md:266	half	bunen	不能進入	
zh-essay	knowledge/Culture/鄒族戰祭.md	knowledge/Culture/鄒族戰祭.md:266	initials	bnjr	不能進入	
zh-essay	knowledge/Culture/鄒族戰祭.md	knowledge/Culture/鄒族戰祭.md:266	mixed	bnengjru	不能進入	
zh-essay	knowledge/Culture/鄒族戰祭.md	knowledge/Culture/鄒族戰祭.md:266	transpose	bunengijnru	不能進入	
zh-essay	knowledge/Culture/鄒族戰祭.md	knowledge/Culture/鄒族戰祭.md:252	full	eryan	而言	
zh-essay	knowledge/Culture/鄒族戰祭.md	knowledge/Culture/鄒族戰祭.md:252	half	er	而言	
zh-essay	knowledge/Culture/鄒族戰祭.md	knowledge/Culture/鄒族戰祭.md:252	initials	ey	而言	
zh-essay	knowledge/Culture/鄒族戰祭.md	knowledge/Culture/鄒族戰祭.md:252	mixed	eyan	而言	
zh-essay	knowledge/Culture/鄒族戰祭.md	knowledge/Culture/鄒族戰祭.md:252	transpose	eryna	而言	
zh-essay	knowledge/Culture/鄒族戰祭.md	knowledge/Culture/鄒族戰祭.md:159	full	yingshenshi	迎神時	
zh-essay	knowledge/Culture/鄒族戰祭.md	knowledge/Culture/鄒族戰祭.md:159	half	yings	迎神時	
zh-essay	knowledge/Culture/鄒族戰祭.md	knowledge/Culture/鄒族戰祭.md:159	initials	yss	迎神時	
zh-essay	knowledge/Culture/鄒族戰祭.md	knowledge/Culture/鄒族戰祭.md:159	mixed	yshens	迎神時	
zh-essay	knowledge/Culture/鄒族戰祭.md	knowledge/Culture/鄒族戰祭.md:159	transpose	yingshensih	迎神時	
zh-essay	knowledge/Culture/鄒族戰祭.md	knowledge/Culture/鄒族戰祭.md:255	full	bubafengbiyishixiecheng	不把封閉儀式寫成	
zh-essay	knowledge/Culture/鄒族戰祭.md	knowledge/Culture/鄒族戰祭.md:255	half	bubafengbiy	不把封閉儀式寫成	
zh-essay	knowledge/Culture/鄒族戰祭.md	knowledge/Culture/鄒族戰祭.md:255	initials	bbfbysxc	不把封閉儀式寫成	
zh-essay	knowledge/Culture/鄒族戰祭.md	knowledge/Culture/鄒族戰祭.md:255	mixed	bbafbiyshixcheng	不把封閉儀式寫成	
zh-essay	knowledge/Culture/鄒族戰祭.md	knowledge/Culture/鄒族戰祭.md:255	transpose	bubafengbiyisihxiecheng	不把封閉儀式寫成	
zh-essay	knowledge/Culture/鄒族戰祭.md	knowledge/Culture/鄒族戰祭.md:349	full	baocun	保存	
zh-essay	knowledge/Culture/鄒族戰祭.md	knowledge/Culture/鄒族戰祭.md:349	half	bao	保存	
zh-essay	knowledge/Culture/鄒族戰祭.md	knowledge/Culture/鄒族戰祭.md:349	initials	bc	保存	
zh-essay	knowledge/Culture/鄒族戰祭.md	knowledge/Culture/鄒族戰祭.md:349	mixed	bcun	保存	
zh-essay	knowledge/Culture/鄒族戰祭.md	knowledge/Culture/鄒族戰祭.md:349	transpose	bacoun	保存	
zh-essay	knowledge/Culture/鄒族戰祭.md	knowledge/Culture/鄒族戰祭.md:238	full	guanzhongbuzhikanwudao	觀眾不只看舞蹈	
zh-essay	knowledge/Culture/鄒族戰祭.md	knowledge/Culture/鄒族戰祭.md:238	half	guanzhongbu	觀眾不只看舞蹈	
zh-essay	knowledge/Culture/鄒族戰祭.md	knowledge/Culture/鄒族戰祭.md:238	initials	gzbzkwd	觀眾不只看舞蹈	
zh-essay	knowledge/Culture/鄒族戰祭.md	knowledge/Culture/鄒族戰祭.md:238	mixed	gzhongbzhikwud	觀眾不只看舞蹈	
zh-essay	knowledge/Culture/鄒族戰祭.md	knowledge/Culture/鄒族戰祭.md:238	transpose	guanzhongbuzhiknawudao	觀眾不只看舞蹈	
zh-essay	knowledge/Culture/鄒族戰祭.md	knowledge/Culture/鄒族戰祭.md:62	full	yizhongshibatadangchengyaoyuan	一種是把它當成遙遠	
zh-essay	knowledge/Culture/鄒族戰祭.md	knowledge/Culture/鄒族戰祭.md:62	half	yizhongshibatad	一種是把它當成遙遠	
zh-essay	knowledge/Culture/鄒族戰祭.md	knowledge/Culture/鄒族戰祭.md:62	initials	yzsbtdcyy	一種是把它當成遙遠	
zh-essay	knowledge/Culture/鄒族戰祭.md	knowledge/Culture/鄒族戰祭.md:62	mixed	yzhongsbatdangcyaoy	一種是把它當成遙遠	
zh-essay	knowledge/Culture/鄒族戰祭.md	knowledge/Culture/鄒族戰祭.md:62	transpose	yizhongshibatadangchengyoayuan	一種是把它當成遙遠	
zh-essay	knowledge/Culture/鄒族戰祭.md	knowledge/Culture/鄒族戰祭.md:405	full	yuanzhuminzuwenxian	原住民族文獻	
zh-essay	knowledge/Culture/鄒族戰祭.md	knowledge/Culture/鄒族戰祭.md:405	half	yuanzhumi	原住民族文獻	
zh-essay	knowledge/Culture/鄒族戰祭.md	knowledge/Culture/鄒族戰祭.md:405	initials	yzmzwx	原住民族文獻	
zh-essay	knowledge/Culture/鄒族戰祭.md	knowledge/Culture/鄒族戰祭.md:405	mixed	yzhumzuwxian	原住民族文獻	
zh-essay	knowledge/Culture/鄒族戰祭.md	knowledge/Culture/鄒族戰祭.md:405	transpose	yunazhuminzuwenxian	原住民族文獻	
zh-essay	knowledge/Culture/鄒族戰祭.md	knowledge/Culture/鄒族戰祭.md:211	full	heshikaifang	何時開放	
zh-essay	knowledge/Culture/鄒族戰祭.md	knowledge/Culture/鄒族戰祭.md:211	half	heshik	何時開放	
zh-essay	knowledge/Culture/鄒族戰祭.md	knowledge/Culture/鄒族戰祭.md:211	initials	hskf	何時開放	
zh-essay	knowledge/Culture/鄒族戰祭.md	knowledge/Culture/鄒族戰祭.md:211	mixed	hshikfang	何時開放	
zh-essay	knowledge/Culture/鄒族戰祭.md	knowledge/Culture/鄒族戰祭.md:211	transpose	hsehikaifang	何時開放	
zh-essay	knowledge/Culture/鄒族戰祭.md	knowledge/Culture/鄒族戰祭.md:51	full	guankanfangshi	觀看方式	
zh-essay	knowledge/Culture/鄒族戰祭.md	knowledge/Culture/鄒族戰祭.md:51	half	guankan	觀看方式	
zh-essay	knowledge/Culture/鄒族戰祭.md	knowledge/Culture/鄒族戰祭.md:51	initials	gkfs	觀看方式	
zh-essay	knowledge/Culture/鄒族戰祭.md	knowledge/Culture/鄒族戰祭.md:51	mixed	gkanfshi	觀看方式	
zh-essay	knowledge/Culture/鄒族戰祭.md	knowledge/Culture/鄒族戰祭.md:51	transpose	guankanfangsih	觀看方式	
zh-essay	knowledge/Culture/鄒族戰祭.md	knowledge/Culture/鄒族戰祭.md:426	full	zuxianjiyiyuwenhuazhutixing	祖先記憶與文化主體性	
zh-essay	knowledge/Culture/鄒族戰祭.md	knowledge/Culture/鄒族戰祭.md:426	half	zuxianjiyiyuw	祖先記憶與文化主體性	
zh-essay	knowledge/Culture/鄒族戰祭.md	knowledge/Culture/鄒族戰祭.md:426	initials	zxjyywhztx	祖先記憶與文化主體性	
zh-essay	knowledge/Culture/鄒族戰祭.md	knowledge/Culture/鄒族戰祭.md:426	mixed	zxianjyiywenhzhutxing	祖先記憶與文化主體性	
zh-essay	knowledge/Culture/鄒族戰祭.md	knowledge/Culture/鄒族戰祭.md:426	transpose	zuxianjiyiyuewnhuazhutixing	祖先記憶與文化主體性	
zh-essay	knowledge/Culture/鄒族戰祭.md	knowledge/Culture/鄒族戰祭.md:21	full	guanfangyingwenziliaojilu	官方英文資料記錄	
zh-essay	knowledge/Culture/鄒族戰祭.md	knowledge/Culture/鄒族戰祭.md:21	half	guanfangying	官方英文資料記錄	
zh-essay	knowledge/Culture/鄒族戰祭.md	knowledge/Culture/鄒族戰祭.md:21	initials	gfywzljl	官方英文資料記錄	
zh-essay	knowledge/Culture/鄒族戰祭.md	knowledge/Culture/鄒族戰祭.md:21	mixed	gfangywenzliaojlu	官方英文資料記錄	
zh-essay	knowledge/Culture/鄒族戰祭.md	knowledge/Culture/鄒族戰祭.md:21	transpose	guanfangyingwenzliiaojilu	官方英文資料記錄	
zh-essay	knowledge/Culture/鄒族戰祭.md	knowledge/Culture/鄒族戰祭.md:269	full	bushitongyijianshi	不是同一件事	
zh-essay	knowledge/Culture/鄒族戰祭.md	knowledge/Culture/鄒族戰祭.md:269	half	bushitong	不是同一件事	
zh-essay	knowledge/Culture/鄒族戰祭.md	knowledge/Culture/鄒族戰祭.md:269	initials	bstyjs	不是同一件事	
zh-essay	knowledge/Culture/鄒族戰祭.md	knowledge/Culture/鄒族戰祭.md:269	mixed	bshityijshi	不是同一件事	
zh-essay	knowledge/Culture/鄒族戰祭.md	knowledge/Culture/鄒族戰祭.md:269	transpose	bushitongiyjianshi	不是同一件事	
zh-essay	knowledge/Culture/鄒族戰祭.md	knowledge/Culture/鄒族戰祭.md:224	full	bulianxu	不連續	
zh-essay	knowledge/Culture/鄒族戰祭.md	knowledge/Culture/鄒族戰祭.md:224	half	buli	不連續	
zh-essay	knowledge/Culture/鄒族戰祭.md	knowledge/Culture/鄒族戰祭.md:224	initials	blx	不連續	
zh-essay	knowledge/Culture/鄒族戰祭.md	knowledge/Culture/鄒族戰祭.md:224	mixed	blianx	不連續	
zh-essay	knowledge/Culture/鄒族戰祭.md	knowledge/Culture/鄒族戰祭.md:224	transpose	bulainxu	不連續	
zh-essay	knowledge/Culture/鄒族戰祭.md	knowledge/Culture/鄒族戰祭.md:63	full	chuncui	純粹	
zh-essay	knowledge/Culture/鄒族戰祭.md	knowledge/Culture/鄒族戰祭.md:63	half	chu	純粹	
zh-essay	knowledge/Culture/鄒族戰祭.md	knowledge/Culture/鄒族戰祭.md:63	initials	cc	純粹	
zh-essay	knowledge/Culture/鄒族戰祭.md	knowledge/Culture/鄒族戰祭.md:63	mixed	ccui	純粹	
zh-essay	knowledge/Culture/鄒族戰祭.md	knowledge/Culture/鄒族戰祭.md:63	transpose	hcuncui	純粹	
zh-essay	knowledge/Culture/鄒族戰祭.md	knowledge/Culture/鄒族戰祭.md:162	full	xianshangshengli	獻上牲禮	
zh-essay	knowledge/Culture/鄒族戰祭.md	knowledge/Culture/鄒族戰祭.md:162	half	xianshan	獻上牲禮	
zh-essay	knowledge/Culture/鄒族戰祭.md	knowledge/Culture/鄒族戰祭.md:162	initials	xssl	獻上牲禮	
zh-essay	knowledge/Culture/鄒族戰祭.md	knowledge/Culture/鄒族戰祭.md:162	mixed	xshangsli	獻上牲禮	
zh-essay	knowledge/Culture/鄒族戰祭.md	knowledge/Culture/鄒族戰祭.md:162	transpose	xianshanghsengli	獻上牲禮	
zh-essay	knowledge/Culture/台灣華語的演化.md	knowledge/Culture/台灣華語的演化.md:73	full	disancengshiriyuceng	第三層是日語層	
zh-essay	knowledge/Culture/台灣華語的演化.md	knowledge/Culture/台灣華語的演化.md:73	half	disancengs	第三層是日語層	
zh-essay	knowledge/Culture/台灣華語的演化.md	knowledge/Culture/台灣華語的演化.md:73	initials	dscsryc	第三層是日語層	
zh-essay	knowledge/Culture/台灣華語的演化.md	knowledge/Culture/台灣華語的演化.md:73	mixed	dsancshiryuc	第三層是日語層	
zh-essay	knowledge/Culture/台灣華語的演化.md	knowledge/Culture/台灣華語的演化.md:73	transpose	disancengshiriyucneg	第三層是日語層	
zh-essay	knowledge/Culture/台灣華語的演化.md	knowledge/Culture/台灣華語的演化.md:251	full	yingpian	影片	
zh-essay	knowledge/Culture/台灣華語的演化.md	knowledge/Culture/台灣華語的演化.md:251	half	ying	影片	
zh-essay	knowledge/Culture/台灣華語的演化.md	knowledge/Culture/台灣華語的演化.md:251	initials	yp	影片	
zh-essay	knowledge/Culture/台灣華語的演化.md	knowledge/Culture/台灣華語的演化.md:251	mixed	ypian	影片	
zh-essay	knowledge/Culture/台灣華語的演化.md	knowledge/Culture/台灣華語的演化.md:251	transpose	yignpian	影片	
zh-essay	knowledge/Culture/台灣華語的演化.md	knowledge/Culture/台灣華語的演化.md:212	full	bentuyuyan	本土語言	
zh-essay	knowledge/Culture/台灣華語的演化.md	knowledge/Culture/台灣華語的演化.md:212	half	bentu	本土語言	
zh-essay	knowledge/Culture/台灣華語的演化.md	knowledge/Culture/台灣華語的演化.md:212	initials	btyy	本土語言	
zh-essay	knowledge/Culture/台灣華語的演化.md	knowledge/Culture/台灣華語的演化.md:212	mixed	btuyyan	本土語言	
zh-essay	knowledge/Culture/台灣華語的演化.md	knowledge/Culture/台灣華語的演化.md:212	transpose	betnuyuyan	本土語言	
zh-essay	knowledge/Culture/台灣華語的演化.md	knowledge/Culture/台灣華語的演化.md:247	full	taiwanrenzailuntan	台灣人在論壇	
zh-essay	knowledge/Culture/台灣華語的演化.md	knowledge/Culture/台灣華語的演化.md:247	half	taiwanren	台灣人在論壇	
zh-essay	knowledge/Culture/台灣華語的演化.md	knowledge/Culture/台灣華語的演化.md:247	initials	twrzlt	台灣人在論壇	
zh-essay	knowledge/Culture/台灣華語的演化.md	knowledge/Culture/台灣華語的演化.md:247	mixed	twanrzailtan	台灣人在論壇	
zh-essay	knowledge/Culture/台灣華語的演化.md	knowledge/Culture/台灣華語的演化.md:247	transpose	taiwanernzailuntan	台灣人在論壇	
zh-essay	knowledge/Culture/台灣華語的演化.md	knowledge/Culture/台灣華語的演化.md:312	full	barenheyigeyuyanxianxiangdangcheng	把任何一個語言現象當成	
zh-essay	knowledge/Culture/台灣華語的演化.md	knowledge/Culture/台灣華語的演化.md:312	half	barenheyigeyuyanx	把任何一個語言現象當成	
zh-essay	knowledge/Culture/台灣華語的演化.md	knowledge/Culture/台灣華語的演化.md:312	initials	brhygyyxxdc	把任何一個語言現象當成	
zh-essay	knowledge/Culture/台灣華語的演化.md	knowledge/Culture/台灣華語的演化.md:312	mixed	brenhyigyuyxianxdangc	把任何一個語言現象當成	
zh-essay	knowledge/Culture/台灣華語的演化.md	knowledge/Culture/台灣華語的演化.md:312	transpose	barehneyigeyuyanxianxiangdangcheng	把任何一個語言現象當成	
zh-essay	knowledge/Culture/台灣華語的演化.md	knowledge/Culture/台灣華語的演化.md:262	full	bingcun	並存	
zh-essay	knowledge/Culture/台灣華語的演化.md	knowledge/Culture/台灣華語的演化.md:262	half	bin	並存	
zh-essay	knowledge/Culture/台灣華語的演化.md	knowledge/Culture/台灣華語的演化.md:262	initials	bc	並存	
zh-essay	knowledge/Culture/台灣華語的演化.md	knowledge/Culture/台灣華語的演化.md:262	mixed	bcun	並存	
zh-essay	knowledge/Culture/台灣華語的演化.md	knowledge/Culture/台灣華語的演化.md:262	transpose	bigncun	並存	
zh-essay	knowledge/Culture/台灣華語的演化.md	knowledge/Culture/台灣華語的演化.md:145	full	zishitaiyu	字是台語	
zh-essay	knowledge/Culture/台灣華語的演化.md	knowledge/Culture/台灣華語的演化.md:145	half	zishi	字是台語	
zh-essay	knowledge/Culture/台灣華語的演化.md	knowledge/Culture/台灣華語的演化.md:145	initials	zsty	字是台語	
zh-essay	knowledge/Culture/台灣華語的演化.md	knowledge/Culture/台灣華語的演化.md:145	mixed	zshityu	字是台語	
zh-essay	knowledge/Culture/台灣華語的演化.md	knowledge/Culture/台灣華語的演化.md:145	transpose	zsihitaiyu	字是台語	
zh-essay	knowledge/Culture/台灣華語的演化.md	knowledge/Culture/台灣華語的演化.md:279	full	renshe	人設	
zh-essay	knowledge/Culture/台灣華語的演化.md	knowledge/Culture/台灣華語的演化.md:279	half	ren	人設	
zh-essay	knowledge/Culture/台灣華語的演化.md	knowledge/Culture/台灣華語的演化.md:279	initials	rs	人設	
zh-essay	knowledge/Culture/台灣華語的演化.md	knowledge/Culture/台灣華語的演化.md:279	mixed	rshe	人設	
zh-essay	knowledge/Culture/台灣華語的演化.md	knowledge/Culture/台灣華語的演化.md:279	transpose	renseh	人設	
zh-essay	knowledge/Culture/台灣華語的演化.md	knowledge/Culture/台灣華語的演化.md:237	full	xiabaowei	呷飽未	
zh-essay	knowledge/Culture/台灣華語的演化.md	knowledge/Culture/台灣華語的演化.md:237	half	xiab	呷飽未	
zh-essay	knowledge/Culture/台灣華語的演化.md	knowledge/Culture/台灣華語的演化.md:237	initials	xbw	呷飽未	
zh-essay	knowledge/Culture/台灣華語的演化.md	knowledge/Culture/台灣華語的演化.md:237	mixed	xbaow	呷飽未	
zh-essay	knowledge/Culture/台灣華語的演化.md	knowledge/Culture/台灣華語的演化.md:237	transpose	xiaboawei	呷飽未	
zh-essay	knowledge/Culture/台灣華語的演化.md	knowledge/Culture/台灣華語的演化.md:214	full	taiwanguoyu	台灣國語	
zh-essay	knowledge/Culture/台灣華語的演化.md	knowledge/Culture/台灣華語的演化.md:214	half	taiwa	台灣國語	
zh-essay	knowledge/Culture/台灣華語的演化.md	knowledge/Culture/台灣華語的演化.md:214	initials	twgy	台灣國語	
zh-essay	knowledge/Culture/台灣華語的演化.md	knowledge/Culture/台灣華語的演化.md:214	mixed	twangyu	台灣國語	
zh-essay	knowledge/Culture/台灣華語的演化.md	knowledge/Culture/台灣華語的演化.md:214	transpose	taiwanugoyu	台灣國語	
zh-essay	knowledge/Culture/台灣華語的演化.md	knowledge/Culture/台灣華語的演化.md:295	full	danwulunlichang	但無論立場	
zh-essay	knowledge/Culture/台灣華語的演化.md	knowledge/Culture/台灣華語的演化.md:295	half	danwulu	但無論立場	
zh-essay	knowledge/Culture/台灣華語的演化.md	knowledge/Culture/台灣華語的演化.md:295	initials	dwllc	但無論立場	
zh-essay	knowledge/Culture/台灣華語的演化.md	knowledge/Culture/台灣華語的演化.md:295	mixed	dwullic	但無論立場	
zh-essay	knowledge/Culture/台灣華語的演化.md	knowledge/Culture/台灣華語的演化.md:295	transpose	danwululnichang	但無論立場	
zh-essay	knowledge/Culture/台灣華語的演化.md	knowledge/Culture/台灣華語的演化.md:161	full	yijiusijiunian	一九四九年	
zh-essay	knowledge/Culture/台灣華語的演化.md	knowledge/Culture/台灣華語的演化.md:161	half	yijiusi	一九四九年	
zh-essay	knowledge/Culture/台灣華語的演化.md	knowledge/Culture/台灣華語的演化.md:161	initials	yjsjn	一九四九年	
zh-essay	knowledge/Culture/台灣華語的演化.md	knowledge/Culture/台灣華語的演化.md:161	mixed	yjiusjiun	一九四九年	
zh-essay	knowledge/Culture/台灣華語的演化.md	knowledge/Culture/台灣華語的演化.md:161	transpose	yiijusijiunian	一九四九年	
zh-essay	knowledge/Culture/台灣華語的演化.md	knowledge/Culture/台灣華語的演化.md:220	full	keyu	客語	
zh-essay	knowledge/Culture/台灣華語的演化.md	knowledge/Culture/台灣華語的演化.md:220	half	ke	客語	
zh-essay	knowledge/Culture/台灣華語的演化.md	knowledge/Culture/台灣華語的演化.md:220	initials	ky	客語	
zh-essay	knowledge/Culture/台灣華語的演化.md	knowledge/Culture/台灣華語的演化.md:220	mixed	kyu	客語	
zh-essay	knowledge/Culture/台灣華語的演化.md	knowledge/Culture/台灣華語的演化.md:220	transpose	kyeu	客語	
zh-essay	knowledge/Culture/台灣華語的演化.md	knowledge/Culture/台灣華語的演化.md:9	full	biandang	弁当	
zh-essay	knowledge/Culture/台灣華語的演化.md	knowledge/Culture/台灣華語的演化.md:9	half	bian	弁当	
zh-essay	knowledge/Culture/台灣華語的演化.md	knowledge/Culture/台灣華語的演化.md:9	initials	bd	弁当	
zh-essay	knowledge/Culture/台灣華語的演化.md	knowledge/Culture/台灣華語的演化.md:9	mixed	bdang	弁当	
zh-essay	knowledge/Culture/台灣華語的演化.md	knowledge/Culture/台灣華語的演化.md:9	transpose	bianadng	弁当	
zh-essay	knowledge/Culture/台灣華語的演化.md	knowledge/Culture/台灣華語的演化.md:16	full	jiuxiangjiaobabajiao	就像叫爸爸叫	
zh-essay	knowledge/Culture/台灣華語的演化.md	knowledge/Culture/台灣華語的演化.md:16	half	jiuxiangji	就像叫爸爸叫	
zh-essay	knowledge/Culture/台灣華語的演化.md	knowledge/Culture/台灣華語的演化.md:16	initials	jxjbbj	就像叫爸爸叫	
zh-essay	knowledge/Culture/台灣華語的演化.md	knowledge/Culture/台灣華語的演化.md:16	mixed	jxiangjbabjiao	就像叫爸爸叫	
zh-essay	knowledge/Culture/台灣華語的演化.md	knowledge/Culture/台灣華語的演化.md:16	transpose	jiuxiangijaobabajiao	就像叫爸爸叫	
zh-essay	knowledge/Culture/台灣華語的演化.md	knowledge/Culture/台灣華語的演化.md:286	full	zhiyujingcha	支語警察	
zh-essay	knowledge/Culture/台灣華語的演化.md	knowledge/Culture/台灣華語的演化.md:286	half	zhiyuj	支語警察	
zh-essay	knowledge/Culture/台灣華語的演化.md	knowledge/Culture/台灣華語的演化.md:286	initials	zyjc	支語警察	
zh-essay	knowledge/Culture/台灣華語的演化.md	knowledge/Culture/台灣華語的演化.md:286	mixed	zyujcha	支語警察	
zh-essay	knowledge/Culture/台灣華語的演化.md	knowledge/Culture/台灣華語的演化.md:286	transpose	zhiyuijngcha	支語警察	
zh-essay	knowledge/Economy/台灣企業：兆豐金控.md	knowledge/Economy/台灣企業：兆豐金控.md:252	full	weijibaike	維基百科	
zh-essay	knowledge/Economy/台灣企業：兆豐金控.md	knowledge/Economy/台灣企業：兆豐金控.md:252	half	weiji	維基百科	
zh-essay	knowledge/Economy/台灣企業：兆豐金控.md	knowledge/Economy/台灣企業：兆豐金控.md:252	initials	wjbk	維基百科	
zh-essay	knowledge/Economy/台灣企業：兆豐金控.md	knowledge/Economy/台灣企業：兆豐金控.md:252	mixed	wjibke	維基百科	
zh-essay	knowledge/Economy/台灣企業：兆豐金控.md	knowledge/Economy/台灣企業：兆豐金控.md:252	transpose	weijibakie	維基百科	
zh-essay	knowledge/Economy/台灣企業：兆豐金控.md	knowledge/Economy/台灣企業：兆豐金控.md:240	full	yimeiyuanji	億美元及	
zh-essay	knowledge/Economy/台灣企業：兆豐金控.md	knowledge/Economy/台灣企業：兆豐金控.md:240	half	yimei	億美元及	
zh-essay	knowledge/Economy/台灣企業：兆豐金控.md	knowledge/Economy/台灣企業：兆豐金控.md:240	initials	ymyj	億美元及	
zh-essay	knowledge/Economy/台灣企業：兆豐金控.md	knowledge/Economy/台灣企業：兆豐金控.md:240	mixed	ymeiyji	億美元及	
zh-essay	knowledge/Economy/台灣企業：兆豐金控.md	knowledge/Economy/台灣企業：兆豐金控.md:240	transpose	ymieiyuanji	億美元及	
zh-essay	knowledge/Economy/台灣企業：兆豐金控.md	knowledge/Economy/台灣企業：兆豐金控.md:32	full	chengli	成立	
zh-essay	knowledge/Economy/台灣企業：兆豐金控.md	knowledge/Economy/台灣企業：兆豐金控.md:32	half	che	成立	
zh-essay	knowledge/Economy/台灣企業：兆豐金控.md	knowledge/Economy/台灣企業：兆豐金控.md:32	initials	cl	成立	
zh-essay	knowledge/Economy/台灣企業：兆豐金控.md	knowledge/Economy/台灣企業：兆豐金控.md:32	mixed	cli	成立	
zh-essay	knowledge/Economy/台灣企業：兆豐金控.md	knowledge/Economy/台灣企業：兆豐金控.md:32	transpose	chnegli	成立	
zh-essay	knowledge/Economy/台灣企業：兆豐金控.md	knowledge/Economy/台灣企業：兆豐金控.md:142	full	beimei	北美	
zh-essay	knowledge/Economy/台灣企業：兆豐金控.md	knowledge/Economy/台灣企業：兆豐金控.md:142	half	bei	北美	
zh-essay	knowledge/Economy/台灣企業：兆豐金控.md	knowledge/Economy/台灣企業：兆豐金控.md:142	initials	bm	北美	
zh-essay	knowledge/Economy/台灣企業：兆豐金控.md	knowledge/Economy/台灣企業：兆豐金控.md:142	mixed	bmei	北美	
zh-essay	knowledge/Economy/台灣企業：兆豐金控.md	knowledge/Economy/台灣企業：兆豐金控.md:142	transpose	ebimei	北美	
zh-essay	knowledge/Economy/台灣企業：兆豐金控.md	knowledge/Economy/台灣企業：兆豐金控.md:12	full	jiaoyinjinrongkonggugufenyouxiangongsi	交銀金融控股股份有限公司	
zh-essay	knowledge/Economy/台灣企業：兆豐金控.md	knowledge/Economy/台灣企業：兆豐金控.md:12	half	jiaoyinjinrongkongg	交銀金融控股股份有限公司	
zh-essay	knowledge/Economy/台灣企業：兆豐金控.md	knowledge/Economy/台灣企業：兆豐金控.md:12	initials	jyjrkggfyxgs	交銀金融控股股份有限公司	
zh-essay	knowledge/Economy/台灣企業：兆豐金控.md	knowledge/Economy/台灣企業：兆豐金控.md:12	mixed	jyinjrongkgugfenyxiangsi	交銀金融控股股份有限公司	
zh-essay	knowledge/Economy/台灣企業：兆豐金控.md	knowledge/Economy/台灣企業：兆豐金控.md:12	transpose	jiaoyinjnirongkonggugufenyouxiangongsi	交銀金融控股股份有限公司	
zh-essay	knowledge/Economy/台灣企業：兆豐金控.md	knowledge/Economy/台灣企業：兆豐金控.md:95	full	shuihouchunyi	稅後純益	
zh-essay	knowledge/Economy/台灣企業：兆豐金控.md	knowledge/Economy/台灣企業：兆豐金控.md:95	half	shuiho	稅後純益	
zh-essay	knowledge/Economy/台灣企業：兆豐金控.md	knowledge/Economy/台灣企業：兆豐金控.md:95	initials	shcy	稅後純益	
zh-essay	knowledge/Economy/台灣企業：兆豐金控.md	knowledge/Economy/台灣企業：兆豐金控.md:95	mixed	shoucyi	稅後純益	
zh-essay	knowledge/Economy/台灣企業：兆豐金控.md	knowledge/Economy/台灣企業：兆豐金控.md:95	transpose	shiuhouchunyi	稅後純益	
zh-essay	knowledge/Economy/台灣企業：兆豐金控.md	knowledge/Economy/台灣企業：兆豐金控.md:6	full	zhengfuzhudaoxia	政府主導下	
zh-essay	knowledge/Economy/台灣企業：兆豐金控.md	knowledge/Economy/台灣企業：兆豐金控.md:6	half	zhengfuz	政府主導下	
zh-essay	knowledge/Economy/台灣企業：兆豐金控.md	knowledge/Economy/台灣企業：兆豐金控.md:6	initials	zfzdx	政府主導下	
zh-essay	knowledge/Economy/台灣企業：兆豐金控.md	knowledge/Economy/台灣企業：兆豐金控.md:6	mixed	zfuzdaox	政府主導下	
zh-essay	knowledge/Economy/台灣企業：兆豐金控.md	knowledge/Economy/台灣企業：兆豐金控.md:6	transpose	zhengfuzhudaoixa	政府主導下	
zh-essay	knowledge/Economy/台灣企業：兆豐金控.md	knowledge/Economy/台灣企業：兆豐金控.md:234	full	zhaofengjinkongguanfangjituanjiagou	兆豐金控官方集團架構	
zh-essay	knowledge/Economy/台灣企業：兆豐金控.md	knowledge/Economy/台灣企業：兆豐金控.md:234	half	zhaofengjinkonggu	兆豐金控官方集團架構	
zh-essay	knowledge/Economy/台灣企業：兆豐金控.md	knowledge/Economy/台灣企業：兆豐金控.md:234	initials	zfjkgfjtjg	兆豐金控官方集團架構	
zh-essay	knowledge/Economy/台灣企業：兆豐金控.md	knowledge/Economy/台灣企業：兆豐金控.md:234	mixed	zfengjkonggfangjtuanjgou	兆豐金控官方集團架構	
zh-essay	knowledge/Economy/台灣企業：兆豐金控.md	knowledge/Economy/台灣企業：兆豐金控.md:234	transpose	zhaofengjinkongguanfangjiutanjiagou	兆豐金控官方集團架構	
zh-essay	knowledge/Economy/台灣企業：兆豐金控.md	knowledge/Economy/台灣企業：兆豐金控.md:60	full	zaoniuyuezhoujinrongfuwushu	遭紐約州金融服務署	
zh-essay	knowledge/Economy/台灣企業：兆豐金控.md	knowledge/Economy/台灣企業：兆豐金控.md:60	half	zaoniuyuezhou	遭紐約州金融服務署	
zh-essay	knowledge/Economy/台灣企業：兆豐金控.md	knowledge/Economy/台灣企業：兆豐金控.md:60	initials	znyzjrfws	遭紐約州金融服務署	
zh-essay	knowledge/Economy/台灣企業：兆豐金控.md	knowledge/Economy/台灣企業：兆豐金控.md:60	mixed	zniuyzhoujrongfwus	遭紐約州金融服務署	
zh-essay	knowledge/Economy/台灣企業：兆豐金控.md	knowledge/Economy/台灣企業：兆豐金控.md:60	transpose	azoniuyuezhoujinrongfuwushu	遭紐約州金融服務署	
zh-essay	knowledge/Economy/台灣企業：兆豐金控.md	knowledge/Economy/台灣企業：兆豐金控.md:162	full	zaijinrongshichangwendingfangmian	在金融市場穩定方面	
zh-essay	knowledge/Economy/台灣企業：兆豐金控.md	knowledge/Economy/台灣企業：兆豐金控.md:162	half	zaijinrongshicha	在金融市場穩定方面	
zh-essay	knowledge/Economy/台灣企業：兆豐金控.md	knowledge/Economy/台灣企業：兆豐金控.md:162	initials	zjrscwdfm	在金融市場穩定方面	
zh-essay	knowledge/Economy/台灣企業：兆豐金控.md	knowledge/Economy/台灣企業：兆豐金控.md:162	mixed	zjinrshicwendfangm	在金融市場穩定方面	
zh-essay	knowledge/Economy/台灣企業：兆豐金控.md	knowledge/Economy/台灣企業：兆豐金控.md:162	transpose	zaijinorngshichangwendingfangmian	在金融市場穩定方面	
zh-essay	knowledge/Economy/台灣企業：兆豐金控.md	knowledge/Economy/台灣企業：兆豐金控.md:215	full	zhaofengjinkongzi	兆豐金控自	
zh-essay	knowledge/Economy/台灣企業：兆豐金控.md	knowledge/Economy/台灣企業：兆豐金控.md:215	half	zhaofeng	兆豐金控自	
zh-essay	knowledge/Economy/台灣企業：兆豐金控.md	knowledge/Economy/台灣企業：兆豐金控.md:215	initials	zfjkz	兆豐金控自	
zh-essay	knowledge/Economy/台灣企業：兆豐金控.md	knowledge/Economy/台灣企業：兆豐金控.md:215	mixed	zfengjkongz	兆豐金控自	
zh-essay	knowledge/Economy/台灣企業：兆豐金控.md	knowledge/Economy/台灣企業：兆豐金控.md:215	transpose	zhaofengjinokngzi	兆豐金控自	
zh-essay	knowledge/Economy/台灣企業：兆豐金控.md	knowledge/Economy/台灣企業：兆豐金控.md:224	full	yueqijieren	月起接任	
zh-essay	knowledge/Economy/台灣企業：兆豐金控.md	knowledge/Economy/台灣企業：兆豐金控.md:224	half	yueqi	月起接任	
zh-essay	knowledge/Economy/台灣企業：兆豐金控.md	knowledge/Economy/台灣企業：兆豐金控.md:224	initials	yqjr	月起接任	
zh-essay	knowledge/Economy/台灣企業：兆豐金控.md	knowledge/Economy/台灣企業：兆豐金控.md:224	mixed	yqijren	月起接任	
zh-essay	knowledge/Economy/台灣企業：兆豐金控.md	knowledge/Economy/台灣企業：兆豐金控.md:224	transpose	yueqijierne	月起接任	
zh-essay	knowledge/Economy/台灣企業：兆豐金控.md	knowledge/Economy/台灣企業：兆豐金控.md:199	full	liangan	兩岸	
zh-essay	knowledge/Economy/台灣企業：兆豐金控.md	knowledge/Economy/台灣企業：兆豐金控.md:199	half	lia	兩岸	
zh-essay	knowledge/Economy/台灣企業：兆豐金控.md	knowledge/Economy/台灣企業：兆豐金控.md:199	initials	la	兩岸	
zh-essay	knowledge/Economy/台灣企業：兆豐金控.md	knowledge/Economy/台灣企業：兆豐金控.md:199	mixed	lan	兩岸	
zh-essay	knowledge/Economy/台灣企業：兆豐金控.md	knowledge/Economy/台灣企業：兆豐金控.md:199	transpose	lianagn	兩岸	
zh-essay	knowledge/Economy/台灣企業：兆豐金控.md	knowledge/Economy/台灣企業：兆豐金控.md:201	full	taishanghaiwaitouzigaofeng	台商海外投資高峰	
zh-essay	knowledge/Economy/台灣企業：兆豐金控.md	knowledge/Economy/台灣企業：兆豐金控.md:201	half	taishanghaiwa	台商海外投資高峰	
zh-essay	knowledge/Economy/台灣企業：兆豐金控.md	knowledge/Economy/台灣企業：兆豐金控.md:201	initials	tshwtzgf	台商海外投資高峰	
zh-essay	knowledge/Economy/台灣企業：兆豐金控.md	knowledge/Economy/台灣企業：兆豐金控.md:201	mixed	tshanghwaitzigfeng	台商海外投資高峰	
zh-essay	knowledge/Economy/台灣企業：兆豐金控.md	knowledge/Economy/台灣企業：兆豐金控.md:201	transpose	taihsanghaiwaitouzigaofeng	台商海外投資高峰	
zh-essay	knowledge/Economy/台灣企業：兆豐金控.md	knowledge/Economy/台灣企業：兆豐金控.md:61	full	caifa	裁罰	
zh-essay	knowledge/Economy/台灣企業：兆豐金控.md	knowledge/Economy/台灣企業：兆豐金控.md:61	half	ca	裁罰	
zh-essay	knowledge/Economy/台灣企業：兆豐金控.md	knowledge/Economy/台灣企業：兆豐金控.md:61	initials	cf	裁罰	
zh-essay	knowledge/Economy/台灣企業：兆豐金控.md	knowledge/Economy/台灣企業：兆豐金控.md:61	mixed	cfa	裁罰	
zh-essay	knowledge/Economy/台灣企業：兆豐金控.md	knowledge/Economy/台灣企業：兆豐金控.md:61	transpose	ciafa	裁罰	
zh-essay	knowledge/Economy/台灣企業：兆豐金控.md	knowledge/Economy/台灣企業：兆豐金控.md:248	full	zhaofengjinxianjinguxichuangjinwuniangao	兆豐金現金股息創近五年高	
zh-essay	knowledge/Economy/台灣企業：兆豐金控.md	knowledge/Economy/台灣企業：兆豐金控.md:248	half	zhaofengjinxianjingu	兆豐金現金股息創近五年高	
zh-essay	knowledge/Economy/台灣企業：兆豐金控.md	knowledge/Economy/台灣企業：兆豐金控.md:248	initials	zfjxjgxcjwng	兆豐金現金股息創近五年高	
zh-essay	knowledge/Economy/台灣企業：兆豐金控.md	knowledge/Economy/台灣企業：兆豐金控.md:248	mixed	zfengjxianjguxchuangjwungao	兆豐金現金股息創近五年高	
zh-essay	knowledge/Economy/台灣企業：兆豐金控.md	knowledge/Economy/台灣企業：兆豐金控.md:248	transpose	zhaofengjinxiajninguxichuangjinwuniangao	兆豐金現金股息創近五年高	
zh-essay	knowledge/Economy/台灣國際貿易政策.md	knowledge/Economy/台灣國際貿易政策.md:287	full	tainiu	台紐	
zh-essay	knowledge/Economy/台灣國際貿易政策.md	knowledge/Economy/台灣國際貿易政策.md:287	half	tai	台紐	
zh-essay	knowledge/Economy/台灣國際貿易政策.md	knowledge/Economy/台灣國際貿易政策.md:287	initials	tn	台紐	
zh-essay	knowledge/Economy/台灣國際貿易政策.md	knowledge/Economy/台灣國際貿易政策.md:287	mixed	tniu	台紐	
zh-essay	knowledge/Economy/台灣國際貿易政策.md	knowledge/Economy/台灣國際貿易政策.md:287	transpose	taiinu	台紐	
zh-essay	knowledge/Economy/台灣國際貿易政策.md	knowledge/Economy/台灣國際貿易政策.md:76	full	zaiduobianmaoyitixizhongzunshouguifan	在多邊貿易體系中遵守規範	
zh-essay	knowledge/Economy/台灣國際貿易政策.md	knowledge/Economy/台灣國際貿易政策.md:76	half	zaiduobianmaoyitix	在多邊貿易體系中遵守規範	
zh-essay	knowledge/Economy/台灣國際貿易政策.md	knowledge/Economy/台灣國際貿易政策.md:76	initials	zdbmytxzzsgf	在多邊貿易體系中遵守規範	
zh-essay	knowledge/Economy/台灣國際貿易政策.md	knowledge/Economy/台灣國際貿易政策.md:76	mixed	zduobmaoytixzhongzshougfan	在多邊貿易體系中遵守規範	
zh-essay	knowledge/Economy/台灣國際貿易政策.md	knowledge/Economy/台灣國際貿易政策.md:76	transpose	zaiduobianmaoyitxiizhongzunshouguifan	在多邊貿易體系中遵守規範	
zh-essay	knowledge/Economy/台灣國際貿易政策.md	knowledge/Economy/台灣國際貿易政策.md:286	full	zongrukouwangzhan	總入口網站	
zh-essay	knowledge/Economy/台灣國際貿易政策.md	knowledge/Economy/台灣國際貿易政策.md:286	half	zongruko	總入口網站	
zh-essay	knowledge/Economy/台灣國際貿易政策.md	knowledge/Economy/台灣國際貿易政策.md:286	initials	zrkwz	總入口網站	
zh-essay	knowledge/Economy/台灣國際貿易政策.md	knowledge/Economy/台灣國際貿易政策.md:286	mixed	zrukwangz	總入口網站	
zh-essay	knowledge/Economy/台灣國際貿易政策.md	knowledge/Economy/台灣國際貿易政策.md:286	transpose	zongruokuwangzhan	總入口網站	
zh-essay	knowledge/Economy/台灣國際貿易政策.md	knowledge/Economy/台灣國際貿易政策.md:122	full	duinei	對內	
zh-essay	knowledge/Economy/台灣國際貿易政策.md	knowledge/Economy/台灣國際貿易政策.md:122	half	dui	對內	
zh-essay	knowledge/Economy/台灣國際貿易政策.md	knowledge/Economy/台灣國際貿易政策.md:122	initials	dn	對內	
zh-essay	knowledge/Economy/台灣國際貿易政策.md	knowledge/Economy/台灣國際貿易政策.md:122	mixed	dnei	對內	
zh-essay	knowledge/Economy/台灣國際貿易政策.md	knowledge/Economy/台灣國際貿易政策.md:122	transpose	diunei	對內	
zh-essay	knowledge/Economy/台灣國際貿易政策.md	knowledge/Economy/台灣國際貿易政策.md:184	full	bingjianlihouxutanpanjizhi	並建立後續談判機制	
zh-essay	knowledge/Economy/台灣國際貿易政策.md	knowledge/Economy/台灣國際貿易政策.md:184	half	bingjianlihou	並建立後續談判機制	
zh-essay	knowledge/Economy/台灣國際貿易政策.md	knowledge/Economy/台灣國際貿易政策.md:184	initials	bjlhxtpjz	並建立後續談判機制	
zh-essay	knowledge/Economy/台灣國際貿易政策.md	knowledge/Economy/台灣國際貿易政策.md:184	mixed	bjianlhouxtanpjiz	並建立後續談判機制	
zh-essay	knowledge/Economy/台灣國際貿易政策.md	knowledge/Economy/台灣國際貿易政策.md:184	transpose	bingjianlihouxutanpanjzihi	並建立後續談判機制	
zh-essay	knowledge/Economy/台灣國際貿易政策.md	knowledge/Economy/台灣國際貿易政策.md:308	full	yuezhongguozaiquxiao	月中國再取消	
zh-essay	knowledge/Economy/台灣國際貿易政策.md	knowledge/Economy/台灣國際貿易政策.md:308	half	yuezhonggu	月中國再取消	
zh-essay	knowledge/Economy/台灣國際貿易政策.md	knowledge/Economy/台灣國際貿易政策.md:308	initials	yzgzqx	月中國再取消	
zh-essay	knowledge/Economy/台灣國際貿易政策.md	knowledge/Economy/台灣國際貿易政策.md:308	mixed	yzhonggzaiqxiao	月中國再取消	
zh-essay	knowledge/Economy/台灣國際貿易政策.md	knowledge/Economy/台灣國際貿易政策.md:308	transpose	yuezhongguozaiuqxiao	月中國再取消	
zh-essay	knowledge/Economy/台灣國際貿易政策.md	knowledge/Economy/台灣國際貿易政策.md:170	full	fantanfu	反貪腐	
zh-essay	knowledge/Economy/台灣國際貿易政策.md	knowledge/Economy/台灣國際貿易政策.md:170	half	fant	反貪腐	
zh-essay	knowledge/Economy/台灣國際貿易政策.md	knowledge/Economy/台灣國際貿易政策.md:170	initials	ftf	反貪腐	
zh-essay	knowledge/Economy/台灣國際貿易政策.md	knowledge/Economy/台灣國際貿易政策.md:170	mixed	ftanf	反貪腐	
zh-essay	knowledge/Economy/台灣國際貿易政策.md	knowledge/Economy/台灣國際貿易政策.md:170	transpose	fantanuf	反貪腐	
zh-essay	knowledge/Economy/台灣國際貿易政策.md	knowledge/Economy/台灣國際貿易政策.md:267	full	shitaiwanzaiyintaijingjijiagou	使台灣在印太經濟架構	
zh-essay	knowledge/Economy/台灣國際貿易政策.md	knowledge/Economy/台灣國際貿易政策.md:267	half	shitaiwanzaiyin	使台灣在印太經濟架構	
zh-essay	knowledge/Economy/台灣國際貿易政策.md	knowledge/Economy/台灣國際貿易政策.md:267	initials	stwzytjjjg	使台灣在印太經濟架構	
zh-essay	knowledge/Economy/台灣國際貿易政策.md	knowledge/Economy/台灣國際貿易政策.md:267	mixed	staiwzaiytaijjijgou	使台灣在印太經濟架構	
zh-essay	knowledge/Economy/台灣國際貿易政策.md	knowledge/Economy/台灣國際貿易政策.md:267	transpose	shitaiwanaziyintaijingjijiagou	使台灣在印太經濟架構	
zh-essay	knowledge/Economy/台灣國際貿易政策.md	knowledge/Economy/台灣國際貿易政策.md:232	full	gezibaohubiaozhun	個資保護標準	
zh-essay	knowledge/Economy/台灣國際貿易政策.md	knowledge/Economy/台灣國際貿易政策.md:232	half	gezibaoh	個資保護標準	
zh-essay	knowledge/Economy/台灣國際貿易政策.md	knowledge/Economy/台灣國際貿易政策.md:232	initials	gzbhbz	個資保護標準	
zh-essay	knowledge/Economy/台灣國際貿易政策.md	knowledge/Economy/台灣國際貿易政策.md:232	mixed	gzibhubzhun	個資保護標準	
zh-essay	knowledge/Economy/台灣國際貿易政策.md	knowledge/Economy/台灣國際貿易政策.md:232	transpose	gezibaohuibaozhun	個資保護標準	
zh-essay	knowledge/Economy/台灣國際貿易政策.md	knowledge/Economy/台灣國際貿易政策.md:151	full	aozhougong	澳洲共	
zh-essay	knowledge/Economy/台灣國際貿易政策.md	knowledge/Economy/台灣國際貿易政策.md:151	half	aozho	澳洲共	
zh-essay	knowledge/Economy/台灣國際貿易政策.md	knowledge/Economy/台灣國際貿易政策.md:151	initials	azg	澳洲共	
zh-essay	knowledge/Economy/台灣國際貿易政策.md	knowledge/Economy/台灣國際貿易政策.md:151	mixed	azhoug	澳洲共	
zh-essay	knowledge/Economy/台灣國際貿易政策.md	knowledge/Economy/台灣國際貿易政策.md:151	transpose	aozohugong	澳洲共	
zh-essay	knowledge/Economy/台灣國際貿易政策.md	knowledge/Economy/台灣國際貿易政策.md:60	full	tianranqi	天然氣	
zh-essay	knowledge/Economy/台灣國際貿易政策.md	knowledge/Economy/台灣國際貿易政策.md:60	half	tian	天然氣	
zh-essay	knowledge/Economy/台灣國際貿易政策.md	knowledge/Economy/台灣國際貿易政策.md:60	initials	trq	天然氣	
zh-essay	knowledge/Economy/台灣國際貿易政策.md	knowledge/Economy/台灣國際貿易政策.md:60	mixed	tranq	天然氣	
zh-essay	knowledge/Economy/台灣國際貿易政策.md	knowledge/Economy/台灣國際貿易政策.md:60	transpose	tianraniq	天然氣	
zh-essay	knowledge/Economy/台灣國際貿易政策.md	knowledge/Economy/台灣國際貿易政策.md:158	full	shuangbianmaoyiezengjia	雙邊貿易額增加	
zh-essay	knowledge/Economy/台灣國際貿易政策.md	knowledge/Economy/台灣國際貿易政策.md:158	half	shuangbianm	雙邊貿易額增加	
zh-essay	knowledge/Economy/台灣國際貿易政策.md	knowledge/Economy/台灣國際貿易政策.md:158	initials	sbmyezj	雙邊貿易額增加	
zh-essay	knowledge/Economy/台灣國際貿易政策.md	knowledge/Economy/台灣國際貿易政策.md:158	mixed	sbianmyiezengj	雙邊貿易額增加	
zh-essay	knowledge/Economy/台灣國際貿易政策.md	knowledge/Economy/台灣國際貿易政策.md:158	transpose	shuangbianmaoyiezegnjia	雙邊貿易額增加	
zh-essay	knowledge/Economy/台灣國際貿易政策.md	knowledge/Economy/台灣國際貿易政策.md:14	full	jinchukouzongezhan	進出口總額佔	
zh-essay	knowledge/Economy/台灣國際貿易政策.md	knowledge/Economy/台灣國際貿易政策.md:14	half	jinchukou	進出口總額佔	
zh-essay	knowledge/Economy/台灣國際貿易政策.md	knowledge/Economy/台灣國際貿易政策.md:14	initials	jckzez	進出口總額佔	
zh-essay	knowledge/Economy/台灣國際貿易政策.md	knowledge/Economy/台灣國際貿易政策.md:14	mixed	jchukzongezhan	進出口總額佔	
zh-essay	knowledge/Economy/台灣國際貿易政策.md	knowledge/Economy/台灣國際貿易政策.md:14	transpose	jinchuokuzongezhan	進出口總額佔	
zh-essay	knowledge/Economy/台灣國際貿易政策.md	knowledge/Economy/台灣國際貿易政策.md:41	full	hanguoyutaiwanzaibandaoti	韓國與台灣在半導體	
zh-essay	knowledge/Economy/台灣國際貿易政策.md	knowledge/Economy/台灣國際貿易政策.md:41	half	hanguoyutaiw	韓國與台灣在半導體	
zh-essay	knowledge/Economy/台灣國際貿易政策.md	knowledge/Economy/台灣國際貿易政策.md:41	initials	hgytwzbdt	韓國與台灣在半導體	
zh-essay	knowledge/Economy/台灣國際貿易政策.md	knowledge/Economy/台灣國際貿易政策.md:41	mixed	hguoytaiwzaibdaot	韓國與台灣在半導體	
zh-essay	knowledge/Economy/台灣國際貿易政策.md	knowledge/Economy/台灣國際貿易政策.md:41	transpose	hagnuoyutaiwanzaibandaoti	韓國與台灣在半導體	
zh-essay	knowledge/Economy/台灣國際貿易政策.md	knowledge/Economy/台灣國際貿易政策.md:270	full	ranerxianzhitongyangqingxi	然而限制同樣清晰	
zh-essay	knowledge/Economy/台灣國際貿易政策.md	knowledge/Economy/台灣國際貿易政策.md:270	half	ranerxianzhit	然而限制同樣清晰	
zh-essay	knowledge/Economy/台灣國際貿易政策.md	knowledge/Economy/台灣國際貿易政策.md:270	initials	rexztyqx	然而限制同樣清晰	
zh-essay	knowledge/Economy/台灣國際貿易政策.md	knowledge/Economy/台灣國際貿易政策.md:270	mixed	rerxzhityangqxi	然而限制同樣清晰	
zh-essay	knowledge/Economy/台灣國際貿易政策.md	knowledge/Economy/台灣國際貿易政策.md:270	transpose	ranerxainzhitongyangqingxi	然而限制同樣清晰	
zh-essay	knowledge/Economy/台灣國際貿易政策.md	knowledge/Economy/台灣國際貿易政策.md:168	full	faguizhidingshiwu	法規制訂實務	
zh-essay	knowledge/Economy/台灣國際貿易政策.md	knowledge/Economy/台灣國際貿易政策.md:168	half	faguizhi	法規制訂實務	
zh-essay	knowledge/Economy/台灣國際貿易政策.md	knowledge/Economy/台灣國際貿易政策.md:168	initials	fgzdsw	法規制訂實務	
zh-essay	knowledge/Economy/台灣國際貿易政策.md	knowledge/Economy/台灣國際貿易政策.md:168	mixed	fguizdingswu	法規制訂實務	
zh-essay	knowledge/Economy/台灣國際貿易政策.md	knowledge/Economy/台灣國際貿易政策.md:168	transpose	afguizhidingshiwu	法規制訂實務	
zh-essay	knowledge/Food/台灣咖啡文化.md	knowledge/Food/台灣咖啡文化.md:179	full	genshaobingyoutiao	跟燒餅油條	
zh-essay	knowledge/Food/台灣咖啡文化.md	knowledge/Food/台灣咖啡文化.md:179	half	genshaobi	跟燒餅油條	
zh-essay	knowledge/Food/台灣咖啡文化.md	knowledge/Food/台灣咖啡文化.md:179	initials	gsbyt	跟燒餅油條	
zh-essay	knowledge/Food/台灣咖啡文化.md	knowledge/Food/台灣咖啡文化.md:179	mixed	gshaobyout	跟燒餅油條	
zh-essay	knowledge/Food/台灣咖啡文化.md	knowledge/Food/台灣咖啡文化.md:179	transpose	genshaboingyoutiao	跟燒餅油條	
zh-essay	knowledge/Food/台灣咖啡文化.md	knowledge/Food/台灣咖啡文化.md:259	full	kafeitingbangong	咖啡廳辦公	
zh-essay	knowledge/Food/台灣咖啡文化.md	knowledge/Food/台灣咖啡文化.md:259	half	kafeitin	咖啡廳辦公	
zh-essay	knowledge/Food/台灣咖啡文化.md	knowledge/Food/台灣咖啡文化.md:259	initials	kftbg	咖啡廳辦公	
zh-essay	knowledge/Food/台灣咖啡文化.md	knowledge/Food/台灣咖啡文化.md:259	mixed	kfeitbang	咖啡廳辦公	
zh-essay	knowledge/Food/台灣咖啡文化.md	knowledge/Food/台灣咖啡文化.md:259	transpose	kafietingbangong	咖啡廳辦公	
zh-essay	knowledge/Food/台灣咖啡文化.md	knowledge/Food/台灣咖啡文化.md:34	full	nihekafei	你喝咖啡	
zh-essay	knowledge/Food/台灣咖啡文化.md	knowledge/Food/台灣咖啡文化.md:34	half	nihe	你喝咖啡	
zh-essay	knowledge/Food/台灣咖啡文化.md	knowledge/Food/台灣咖啡文化.md:34	initials	nhkf	你喝咖啡	
zh-essay	knowledge/Food/台灣咖啡文化.md	knowledge/Food/台灣咖啡文化.md:34	mixed	nhekfei	你喝咖啡	
zh-essay	knowledge/Food/台灣咖啡文化.md	knowledge/Food/台灣咖啡文化.md:34	transpose	inhekafei	你喝咖啡	
zh-essay	knowledge/Food/台灣咖啡文化.md	knowledge/Food/台灣咖啡文化.md:222	full	weijibaike	維基百科	
zh-essay	knowledge/Food/台灣咖啡文化.md	knowledge/Food/台灣咖啡文化.md:222	half	weiji	維基百科	
zh-essay	knowledge/Food/台灣咖啡文化.md	knowledge/Food/台灣咖啡文化.md:222	initials	wjbk	維基百科	
zh-essay	knowledge/Food/台灣咖啡文化.md	knowledge/Food/台灣咖啡文化.md:222	mixed	wjibke	維基百科	
zh-essay	knowledge/Food/台灣咖啡文化.md	knowledge/Food/台灣咖啡文化.md:222	transpose	ewijibaike	維基百科	
zh-essay	knowledge/Food/台灣咖啡文化.md	knowledge/Food/台灣咖啡文化.md:233	full	youtongyijituandaili	由統一集團代理	
zh-essay	knowledge/Food/台灣咖啡文化.md	knowledge/Food/台灣咖啡文化.md:233	half	youtongyij	由統一集團代理	
zh-essay	knowledge/Food/台灣咖啡文化.md	knowledge/Food/台灣咖啡文化.md:233	initials	ytyjtdl	由統一集團代理	
zh-essay	knowledge/Food/台灣咖啡文化.md	knowledge/Food/台灣咖啡文化.md:233	mixed	ytongyjitdail	由統一集團代理	
zh-essay	knowledge/Food/台灣咖啡文化.md	knowledge/Food/台灣咖啡文化.md:233	transpose	youtongyijituadnaili	由統一集團代理	
zh-essay	knowledge/Food/台灣咖啡文化.md	knowledge/Food/台灣咖啡文化.md:62	full	xingbakeyiyue	星巴克以約	
zh-essay	knowledge/Food/台灣咖啡文化.md	knowledge/Food/台灣咖啡文化.md:62	half	xingba	星巴克以約	
zh-essay	knowledge/Food/台灣咖啡文化.md	knowledge/Food/台灣咖啡文化.md:62	initials	xbkyy	星巴克以約	
zh-essay	knowledge/Food/台灣咖啡文化.md	knowledge/Food/台灣咖啡文化.md:62	mixed	xbakyiy	星巴克以約	
zh-essay	knowledge/Food/台灣咖啡文化.md	knowledge/Food/台灣咖啡文化.md:62	transpose	xingbakyeiyue	星巴克以約	
zh-essay	knowledge/Food/台灣咖啡文化.md	knowledge/Food/台灣咖啡文化.md:264	full	zhudaxianhongkafeidouyukafeijiaoyu	主打現烘咖啡豆與咖啡教育	
zh-essay	knowledge/Food/台灣咖啡文化.md	knowledge/Food/台灣咖啡文化.md:264	half	zhudaxianhongkafe	主打現烘咖啡豆與咖啡教育	
zh-essay	knowledge/Food/台灣咖啡文化.md	knowledge/Food/台灣咖啡文化.md:264	initials	zdxhkfdykfjy	主打現烘咖啡豆與咖啡教育	
zh-essay	knowledge/Food/台灣咖啡文化.md	knowledge/Food/台灣咖啡文化.md:264	mixed	zdaxhongkfeidyukfeijyu	主打現烘咖啡豆與咖啡教育	
zh-essay	knowledge/Food/台灣咖啡文化.md	knowledge/Food/台灣咖啡文化.md:264	transpose	zhudaxianhognkafeidouyukafeijiaoyu	主打現烘咖啡豆與咖啡教育	
zh-essay	knowledge/Food/台灣咖啡文化.md	knowledge/Food/台灣咖啡文化.md:283	full	guanfangjilu	官方紀錄	
zh-essay	knowledge/Food/台灣咖啡文化.md	knowledge/Food/台灣咖啡文化.md:283	half	guanfa	官方紀錄	
zh-essay	knowledge/Food/台灣咖啡文化.md	knowledge/Food/台灣咖啡文化.md:283	initials	gfjl	官方紀錄	
zh-essay	knowledge/Food/台灣咖啡文化.md	knowledge/Food/台灣咖啡文化.md:283	mixed	gfangjlu	官方紀錄	
zh-essay	knowledge/Food/台灣咖啡文化.md	knowledge/Food/台灣咖啡文化.md:283	transpose	guanfangjiul	官方紀錄	
zh-essay	knowledge/Food/台灣咖啡文化.md	knowledge/Food/台灣咖啡文化.md:112	full	quanqiudi	全球第	
zh-essay	knowledge/Food/台灣咖啡文化.md	knowledge/Food/台灣咖啡文化.md:112	half	quan	全球第	
zh-essay	knowledge/Food/台灣咖啡文化.md	knowledge/Food/台灣咖啡文化.md:112	initials	qqd	全球第	
zh-essay	knowledge/Food/台灣咖啡文化.md	knowledge/Food/台灣咖啡文化.md:112	mixed	qqiud	全球第	
zh-essay	knowledge/Food/台灣咖啡文化.md	knowledge/Food/台灣咖啡文化.md:112	transpose	quaqniudi	全球第	
zh-essay	knowledge/Food/台灣咖啡文化.md	knowledge/Food/台灣咖啡文化.md:23	full	gongyingribenguoneishichang	供應日本國內市場	
zh-essay	knowledge/Food/台灣咖啡文化.md	knowledge/Food/台灣咖啡文化.md:23	half	gongyingriben	供應日本國內市場	
zh-essay	knowledge/Food/台灣咖啡文化.md	knowledge/Food/台灣咖啡文化.md:23	initials	gyrbgnsc	供應日本國內市場	
zh-essay	knowledge/Food/台灣咖啡文化.md	knowledge/Food/台灣咖啡文化.md:23	mixed	gyingrbengneischang	供應日本國內市場	
zh-essay	knowledge/Food/台灣咖啡文化.md	knowledge/Food/台灣咖啡文化.md:23	transpose	gongyignribenguoneishichang	供應日本國內市場	
zh-essay	knowledge/Food/台灣咖啡文化.md	knowledge/Food/台灣咖啡文化.md:294	full	kafeipeizhongshizaocan	咖啡配中式早餐	
zh-essay	knowledge/Food/台灣咖啡文化.md	knowledge/Food/台灣咖啡文化.md:294	half	kafeipeizho	咖啡配中式早餐	
zh-essay	knowledge/Food/台灣咖啡文化.md	knowledge/Food/台灣咖啡文化.md:294	initials	kfpzszc	咖啡配中式早餐	
zh-essay	knowledge/Food/台灣咖啡文化.md	knowledge/Food/台灣咖啡文化.md:294	mixed	kfeipzhongszaoc	咖啡配中式早餐	
zh-essay	knowledge/Food/台灣咖啡文化.md	knowledge/Food/台灣咖啡文化.md:294	transpose	kafeipeizhonghsizaocan	咖啡配中式早餐	
zh-essay	knowledge/Food/台灣咖啡文化.md	knowledge/Food/台灣咖啡文化.md:290	full	quanjia	全家	
zh-essay	knowledge/Food/台灣咖啡文化.md	knowledge/Food/台灣咖啡文化.md:290	half	qua	全家	
zh-essay	knowledge/Food/台灣咖啡文化.md	knowledge/Food/台灣咖啡文化.md:290	initials	qj	全家	
zh-essay	knowledge/Food/台灣咖啡文化.md	knowledge/Food/台灣咖啡文化.md:290	mixed	qjia	全家	
zh-essay	knowledge/Food/台灣咖啡文化.md	knowledge/Food/台灣咖啡文化.md:290	transpose	quajnia	全家	
zh-essay	knowledge/Food/台灣咖啡文化.md	knowledge/Food/台灣咖啡文化.md:55	full	quanqiuyizhitiyan	全球一致體驗	
zh-essay	knowledge/Food/台灣咖啡文化.md	knowledge/Food/台灣咖啡文化.md:55	half	quanqiuy	全球一致體驗	
zh-essay	knowledge/Food/台灣咖啡文化.md	knowledge/Food/台灣咖啡文化.md:55	initials	qqyzty	全球一致體驗	
zh-essay	knowledge/Food/台灣咖啡文化.md	knowledge/Food/台灣咖啡文化.md:55	mixed	qqiuyzhityan	全球一致體驗	
zh-essay	knowledge/Food/台灣咖啡文化.md	knowledge/Food/台灣咖啡文化.md:55	transpose	quanqiuyizhitiayn	全球一致體驗	
zh-essay	knowledge/Food/台灣咖啡文化.md	knowledge/Food/台灣咖啡文化.md:26	full	zhanhoukafeiyuanhuangfei	戰後咖啡園荒廢	
zh-essay	knowledge/Food/台灣咖啡文化.md	knowledge/Food/台灣咖啡文化.md:26	half	zhanhoukafei	戰後咖啡園荒廢	
zh-essay	knowledge/Food/台灣咖啡文化.md	knowledge/Food/台灣咖啡文化.md:26	initials	zhkfyhf	戰後咖啡園荒廢	
zh-essay	knowledge/Food/台灣咖啡文化.md	knowledge/Food/台灣咖啡文化.md:26	mixed	zhoukfeiyhuangf	戰後咖啡園荒廢	
zh-essay	knowledge/Food/台灣咖啡文化.md	knowledge/Food/台灣咖啡文化.md:26	transpose	zhanhoukafeiuyanhuangfei	戰後咖啡園荒廢	
zh-essay	knowledge/Food/台灣咖啡文化.md	knowledge/Food/台灣咖啡文化.md:105	full	jieguoshiyibeidaiyouhuaxiang	結果是一杯帶有花香	
zh-essay	knowledge/Food/台灣咖啡文化.md	knowledge/Food/台灣咖啡文化.md:105	half	jieguoshiyibei	結果是一杯帶有花香	
zh-essay	knowledge/Food/台灣咖啡文化.md	knowledge/Food/台灣咖啡文化.md:105	initials	jgsybdyhx	結果是一杯帶有花香	
zh-essay	knowledge/Food/台灣咖啡文化.md	knowledge/Food/台灣咖啡文化.md:105	mixed	jguosyibdaiyhuax	結果是一杯帶有花香	
zh-essay	knowledge/Food/台灣咖啡文化.md	knowledge/Food/台灣咖啡文化.md:105	transpose	jieguoshiyibeidaiyouhuaxaing	結果是一杯帶有花香	
zh-essay	knowledge/Food/台灣咖啡文化.md	knowledge/Food/台灣咖啡文化.md:19	full	ribenzhiminzhengfuzai	日本殖民政府在	
zh-essay	knowledge/Food/台灣咖啡文化.md	knowledge/Food/台灣咖啡文化.md:19	half	ribenzhimi	日本殖民政府在	
zh-essay	knowledge/Food/台灣咖啡文化.md	knowledge/Food/台灣咖啡文化.md:19	initials	rbzmzfz	日本殖民政府在	
zh-essay	knowledge/Food/台灣咖啡文化.md	knowledge/Food/台灣咖啡文化.md:19	mixed	rbenzminzfuz	日本殖民政府在	
zh-essay	knowledge/Food/台灣咖啡文化.md	knowledge/Food/台灣咖啡文化.md:19	transpose	ribnezhiminzhengfuzai	日本殖民政府在	
zh-essay	knowledge/Food/大腸包小腸.md	knowledge/Food/大腸包小腸.md:144	full	jiareshiyounian	加熱時又黏	
zh-essay	knowledge/Food/大腸包小腸.md	knowledge/Food/大腸包小腸.md:144	half	jiaresh	加熱時又黏	
zh-essay	knowledge/Food/大腸包小腸.md	knowledge/Food/大腸包小腸.md:144	initials	jrsyn	加熱時又黏	
zh-essay	knowledge/Food/大腸包小腸.md	knowledge/Food/大腸包小腸.md:144	mixed	jresyoun	加熱時又黏	
zh-essay	knowledge/Food/大腸包小腸.md	knowledge/Food/大腸包小腸.md:144	transpose	jiareshiyounain	加熱時又黏	
zh-essay	knowledge/Food/大腸包小腸.md	knowledge/Food/大腸包小腸.md:390	full	dachangbaoxiaochang	大腸包小腸	
zh-essay	knowledge/Food/大腸包小腸.md	knowledge/Food/大腸包小腸.md:390	half	dachangba	大腸包小腸	
zh-essay	knowledge/Food/大腸包小腸.md	knowledge/Food/大腸包小腸.md:390	initials	dcbxc	大腸包小腸	
zh-essay	knowledge/Food/大腸包小腸.md	knowledge/Food/大腸包小腸.md:390	mixed	dchangbxiaoc	大腸包小腸	
zh-essay	knowledge/Food/大腸包小腸.md	knowledge/Food/大腸包小腸.md:390	transpose	dachnagbaoxiaochang	大腸包小腸	
zh-essay	knowledge/Food/大腸包小腸.md	knowledge/Food/大腸包小腸.md:145	full	guanruchangyibingburongyi	灌入腸衣並不容易	
zh-essay	knowledge/Food/大腸包小腸.md	knowledge/Food/大腸包小腸.md:145	half	guanruchangy	灌入腸衣並不容易	
zh-essay	knowledge/Food/大腸包小腸.md	knowledge/Food/大腸包小腸.md:145	initials	grcybbry	灌入腸衣並不容易	
zh-essay	knowledge/Food/大腸包小腸.md	knowledge/Food/大腸包小腸.md:145	mixed	grucyibburyi	灌入腸衣並不容易	
zh-essay	knowledge/Food/大腸包小腸.md	knowledge/Food/大腸包小腸.md:145	transpose	gunaruchangyibingburongyi	灌入腸衣並不容易	
zh-essay	knowledge/Food/大腸包小腸.md	knowledge/Food/大腸包小腸.md:195	full	ershiba	而是把	
zh-essay	knowledge/Food/大腸包小腸.md	knowledge/Food/大腸包小腸.md:195	half	ers	而是把	
zh-essay	knowledge/Food/大腸包小腸.md	knowledge/Food/大腸包小腸.md:195	initials	esb	而是把	
zh-essay	knowledge/Food/大腸包小腸.md	knowledge/Food/大腸包小腸.md:195	mixed	eshib	而是把	
zh-essay	knowledge/Food/大腸包小腸.md	knowledge/Food/大腸包小腸.md:195	transpose	ersihba	而是把	
zh-essay	knowledge/Food/大腸包小腸.md	knowledge/Food/大腸包小腸.md:39	full	limianshiyitiaoxiangchang	裡面是一條香腸	
zh-essay	knowledge/Food/大腸包小腸.md	knowledge/Food/大腸包小腸.md:39	half	limianshiyit	裡面是一條香腸	
zh-essay	knowledge/Food/大腸包小腸.md	knowledge/Food/大腸包小腸.md:39	initials	lmsytxc	裡面是一條香腸	
zh-essay	knowledge/Food/大腸包小腸.md	knowledge/Food/大腸包小腸.md:39	mixed	lmiansyitxiangc	裡面是一條香腸	
zh-essay	knowledge/Food/大腸包小腸.md	knowledge/Food/大腸包小腸.md:39	transpose	ilmianshiyitiaoxiangchang	裡面是一條香腸	
zh-essay	knowledge/Food/大腸包小腸.md	knowledge/Food/大腸包小腸.md:151	full	daxiangchang	打香腸	
zh-essay	knowledge/Food/大腸包小腸.md	knowledge/Food/大腸包小腸.md:151	half	daxian	打香腸	
zh-essay	knowledge/Food/大腸包小腸.md	knowledge/Food/大腸包小腸.md:151	initials	dxc	打香腸	
zh-essay	knowledge/Food/大腸包小腸.md	knowledge/Food/大腸包小腸.md:151	mixed	dxiangc	打香腸	
zh-essay	knowledge/Food/大腸包小腸.md	knowledge/Food/大腸包小腸.md:151	transpose	adxiangchang	打香腸	
zh-essay	knowledge/Food/大腸包小腸.md	knowledge/Food/大腸包小腸.md:186	full	yidingchaobiao	一定超標	
zh-essay	knowledge/Food/大腸包小腸.md	knowledge/Food/大腸包小腸.md:186	half	yidingc	一定超標	
zh-essay	knowledge/Food/大腸包小腸.md	knowledge/Food/大腸包小腸.md:186	initials	ydcb	一定超標	
zh-essay	knowledge/Food/大腸包小腸.md	knowledge/Food/大腸包小腸.md:186	mixed	ydingcbiao	一定超標	
zh-essay	knowledge/Food/大腸包小腸.md	knowledge/Food/大腸包小腸.md:186	transpose	yidingchoabiao	一定超標	
zh-essay	knowledge/Food/大腸包小腸.md	knowledge/Food/大腸包小腸.md:354	full	regou	熱狗	
zh-essay	knowledge/Food/大腸包小腸.md	knowledge/Food/大腸包小腸.md:354	half	re	熱狗	
zh-essay	knowledge/Food/大腸包小腸.md	knowledge/Food/大腸包小腸.md:354	initials	rg	熱狗	
zh-essay	knowledge/Food/大腸包小腸.md	knowledge/Food/大腸包小腸.md:354	mixed	rgou	熱狗	
zh-essay	knowledge/Food/大腸包小腸.md	knowledge/Food/大腸包小腸.md:354	transpose	rgeou	熱狗	
zh-essay	knowledge/Food/大腸包小腸.md	knowledge/Food/大腸包小腸.md:304	full	taiwanbanregou	台灣版熱狗	
zh-essay	knowledge/Food/大腸包小腸.md	knowledge/Food/大腸包小腸.md:304	half	taiwanb	台灣版熱狗	
zh-essay	knowledge/Food/大腸包小腸.md	knowledge/Food/大腸包小腸.md:304	initials	twbrg	台灣版熱狗	
zh-essay	knowledge/Food/大腸包小腸.md	knowledge/Food/大腸包小腸.md:304	mixed	twanbreg	台灣版熱狗	
zh-essay	knowledge/Food/大腸包小腸.md	knowledge/Food/大腸包小腸.md:304	transpose	taiwanbanrgeou	台灣版熱狗	
zh-essay	knowledge/Food/大腸包小腸.md	knowledge/Food/大腸包小腸.md:52	full	neijiataishixiangchang	內夾台式香腸	
zh-essay	knowledge/Food/大腸包小腸.md	knowledge/Food/大腸包小腸.md:52	half	neijiataish	內夾台式香腸	
zh-essay	knowledge/Food/大腸包小腸.md	knowledge/Food/大腸包小腸.md:52	initials	njtsxc	內夾台式香腸	
zh-essay	knowledge/Food/大腸包小腸.md	knowledge/Food/大腸包小腸.md:52	mixed	njiatshixchang	內夾台式香腸	
zh-essay	knowledge/Food/大腸包小腸.md	knowledge/Food/大腸包小腸.md:52	transpose	neiijataishixiangchang	內夾台式香腸	
zh-essay	knowledge/Food/大腸包小腸.md	knowledge/Food/大腸包小腸.md:367	full	dachangbaoxiaochang	大腸包小腸	
zh-essay	knowledge/Food/大腸包小腸.md	knowledge/Food/大腸包小腸.md:367	half	dachangba	大腸包小腸	
zh-essay	knowledge/Food/大腸包小腸.md	knowledge/Food/大腸包小腸.md:367	initials	dcbxc	大腸包小腸	
zh-essay	knowledge/Food/大腸包小腸.md	knowledge/Food/大腸包小腸.md:367	mixed	dchangbxiaoc	大腸包小腸	
zh-essay	knowledge/Food/大腸包小腸.md	knowledge/Food/大腸包小腸.md:367	transpose	dachangbaxoiaochang	大腸包小腸	
zh-essay	knowledge/Food/大腸包小腸.md	knowledge/Food/大腸包小腸.md:56	full	weixiazaihuogaizuo	未下載或改作	
zh-essay	knowledge/Food/大腸包小腸.md	knowledge/Food/大腸包小腸.md:56	half	weixiazai	未下載或改作	
zh-essay	knowledge/Food/大腸包小腸.md	knowledge/Food/大腸包小腸.md:56	initials	wxzhgz	未下載或改作	
zh-essay	knowledge/Food/大腸包小腸.md	knowledge/Food/大腸包小腸.md:56	mixed	wxiazhuogzuo	未下載或改作	
zh-essay	knowledge/Food/大腸包小腸.md	knowledge/Food/大腸包小腸.md:56	transpose	weixaizaihuogaizuo	未下載或改作	
zh-essay	knowledge/Food/大腸包小腸.md	knowledge/Food/大腸包小腸.md:73	full	zaiyuzhuyou	再與豬油	
zh-essay	knowledge/Food/大腸包小腸.md	knowledge/Food/大腸包小腸.md:73	half	zaiyu	再與豬油	
zh-essay	knowledge/Food/大腸包小腸.md	knowledge/Food/大腸包小腸.md:73	initials	zyzy	再與豬油	
zh-essay	knowledge/Food/大腸包小腸.md	knowledge/Food/大腸包小腸.md:73	mixed	zyuzyou	再與豬油	
zh-essay	knowledge/Food/大腸包小腸.md	knowledge/Food/大腸包小腸.md:73	transpose	zaiuyzhuyou	再與豬油	
zh-essay	knowledge/Food/大腸包小腸.md	knowledge/Food/大腸包小腸.md:71	full	shijiannuomijinpaoyue	是尖糯米浸泡約	
zh-essay	knowledge/Food/大腸包小腸.md	knowledge/Food/大腸包小腸.md:71	half	shijiannuo	是尖糯米浸泡約	
zh-essay	knowledge/Food/大腸包小腸.md	knowledge/Food/大腸包小腸.md:71	initials	sjnmjpy	是尖糯米浸泡約	
zh-essay	knowledge/Food/大腸包小腸.md	knowledge/Food/大腸包小腸.md:71	mixed	sjiannmijpaoy	是尖糯米浸泡約	
zh-essay	knowledge/Food/大腸包小腸.md	knowledge/Food/大腸包小腸.md:71	transpose	shijiannuomijinapoyue	是尖糯米浸泡約	
zh-essay	knowledge/Food/大腸包小腸.md	knowledge/Food/大腸包小腸.md:385	full	dachangbaoxiaochang	大腸包小腸	
zh-essay	knowledge/Food/大腸包小腸.md	knowledge/Food/大腸包小腸.md:385	half	dachangba	大腸包小腸	
zh-essay	knowledge/Food/大腸包小腸.md	knowledge/Food/大腸包小腸.md:385	initials	dcbxc	大腸包小腸	
zh-essay	knowledge/Food/大腸包小腸.md	knowledge/Food/大腸包小腸.md:385	mixed	dchangbxiaoc	大腸包小腸	
zh-essay	knowledge/Food/大腸包小腸.md	knowledge/Food/大腸包小腸.md:385	transpose	dachangbaoxiaocahng	大腸包小腸	
zh-essay	knowledge/Food/大腸包小腸.md	knowledge/Food/大腸包小腸.md:328	full	chuantong	傳統	
zh-essay	knowledge/Food/大腸包小腸.md	knowledge/Food/大腸包小腸.md:328	half	chua	傳統	
zh-essay	knowledge/Food/大腸包小腸.md	knowledge/Food/大腸包小腸.md:328	initials	ct	傳統	
zh-essay	knowledge/Food/大腸包小腸.md	knowledge/Food/大腸包小腸.md:328	mixed	ctong	傳統	
zh-essay	knowledge/Food/大腸包小腸.md	knowledge/Food/大腸包小腸.md:328	transpose	chuantogn	傳統	
zh-essay	knowledge/Geography/林安泰古厝.md	knowledge/Geography/林安泰古厝.md:283	full	antaitang	安泰堂	
zh-essay	knowledge/Geography/林安泰古厝.md	knowledge/Geography/林安泰古厝.md:283	half	anta	安泰堂	
zh-essay	knowledge/Geography/林安泰古厝.md	knowledge/Geography/林安泰古厝.md:283	initials	att	安泰堂	
zh-essay	knowledge/Geography/林安泰古厝.md	knowledge/Geography/林安泰古厝.md:283	mixed	atait	安泰堂	
zh-essay	knowledge/Geography/林安泰古厝.md	knowledge/Geography/林安泰古厝.md:283	transpose	atnaitang	安泰堂	
zh-essay	knowledge/Geography/林安泰古厝.md	knowledge/Geography/林安泰古厝.md:109	full	wenxian	文獻	
zh-essay	knowledge/Geography/林安泰古厝.md	knowledge/Geography/林安泰古厝.md:109	half	wen	文獻	
zh-essay	knowledge/Geography/林安泰古厝.md	knowledge/Geography/林安泰古厝.md:109	initials	wx	文獻	
zh-essay	knowledge/Geography/林安泰古厝.md	knowledge/Geography/林安泰古厝.md:109	mixed	wxian	文獻	
zh-essay	knowledge/Geography/林安泰古厝.md	knowledge/Geography/林安泰古厝.md:109	transpose	wnexian	文獻	
zh-essay	knowledge/Geography/林安泰古厝.md	knowledge/Geography/林安泰古厝.md:277	full	yeshiyicigongkaichengren	也是一次公開承認	
zh-essay	knowledge/Geography/林安泰古厝.md	knowledge/Geography/林安泰古厝.md:277	half	yeshiyicigon	也是一次公開承認	
zh-essay	knowledge/Geography/林安泰古厝.md	knowledge/Geography/林安泰古厝.md:277	initials	ysycgkcr	也是一次公開承認	
zh-essay	knowledge/Geography/林安泰古厝.md	knowledge/Geography/林安泰古厝.md:277	mixed	yshiycigkaicren	也是一次公開承認	
zh-essay	knowledge/Geography/林安泰古厝.md	knowledge/Geography/林安泰古厝.md:277	transpose	yesihyicigongkaichengren	也是一次公開承認	
zh-essay	knowledge/Geography/林安泰古厝.md	knowledge/Geography/林安泰古厝.md:17	full	tupianweigaizuo	圖片未改作	
zh-essay	knowledge/Geography/林安泰古厝.md	knowledge/Geography/林安泰古厝.md:17	half	tupianw	圖片未改作	
zh-essay	knowledge/Geography/林安泰古厝.md	knowledge/Geography/林安泰古厝.md:17	initials	tpwgz	圖片未改作	
zh-essay	knowledge/Geography/林安泰古厝.md	knowledge/Geography/林安泰古厝.md:17	mixed	tpianwgaiz	圖片未改作	
zh-essay	knowledge/Geography/林安泰古厝.md	knowledge/Geography/林安泰古厝.md:17	transpose	tuipanweigaizuo	圖片未改作	
zh-essay	knowledge/Geography/林安泰古厝.md	knowledge/Geography/林安泰古厝.md:316	full	zhaopiannengjiluwaiguan	照片能記錄外觀	
zh-essay	knowledge/Geography/林安泰古厝.md	knowledge/Geography/林安泰古厝.md:316	half	zhaopiannen	照片能記錄外觀	
zh-essay	knowledge/Geography/林安泰古厝.md	knowledge/Geography/林安泰古厝.md:316	initials	zpnjlwg	照片能記錄外觀	
zh-essay	knowledge/Geography/林安泰古厝.md	knowledge/Geography/林安泰古厝.md:316	mixed	zpiannjilwaig	照片能記錄外觀	
zh-essay	knowledge/Geography/林安泰古厝.md	knowledge/Geography/林安泰古厝.md:316	transpose	zhaopiannengjiluwagiuan	照片能記錄外觀	
zh-essay	knowledge/Geography/林安泰古厝.md	knowledge/Geography/林安泰古厝.md:67	full	zhufan	煮飯	
zh-essay	knowledge/Geography/林安泰古厝.md	knowledge/Geography/林安泰古厝.md:67	half	zhu	煮飯	
zh-essay	knowledge/Geography/林安泰古厝.md	knowledge/Geography/林安泰古厝.md:67	initials	zf	煮飯	
zh-essay	knowledge/Geography/林安泰古厝.md	knowledge/Geography/林安泰古厝.md:67	mixed	zfan	煮飯	
zh-essay	knowledge/Geography/林安泰古厝.md	knowledge/Geography/林安泰古厝.md:67	transpose	zhfuan	煮飯	
zh-essay	knowledge/Geography/林安泰古厝.md	knowledge/Geography/林安泰古厝.md:49	full	zuoyouhulongzezai	左右護龍則在	
zh-essay	knowledge/Geography/林安泰古厝.md	knowledge/Geography/林安泰古厝.md:49	half	zuoyouhu	左右護龍則在	
zh-essay	knowledge/Geography/林安泰古厝.md	knowledge/Geography/林安泰古厝.md:49	initials	zyhlzz	左右護龍則在	
zh-essay	knowledge/Geography/林安泰古厝.md	knowledge/Geography/林安泰古厝.md:49	mixed	zyouhlongzzai	左右護龍則在	
zh-essay	knowledge/Geography/林安泰古厝.md	knowledge/Geography/林安泰古厝.md:49	transpose	zuoyuohulongzezai	左右護龍則在	
zh-essay	knowledge/Geography/林安泰古厝.md	knowledge/Geography/林安泰古厝.md:355	full	erbushizhidangzuozhuangshi	而不是只當作裝飾	
zh-essay	knowledge/Geography/林安泰古厝.md	knowledge/Geography/林安泰古厝.md:355	half	erbushizhidan	而不是只當作裝飾	
zh-essay	knowledge/Geography/林安泰古厝.md	knowledge/Geography/林安泰古厝.md:355	initials	ebszdzzs	而不是只當作裝飾	
zh-essay	knowledge/Geography/林安泰古厝.md	knowledge/Geography/林安泰古厝.md:355	mixed	ebuszhidzuozshi	而不是只當作裝飾	
zh-essay	knowledge/Geography/林安泰古厝.md	knowledge/Geography/林安泰古厝.md:355	transpose	ebrushizhidangzuozhuangshi	而不是只當作裝飾	
zh-essay	knowledge/Geography/林安泰古厝.md	knowledge/Geography/林安泰古厝.md:143	full	gucuoyuanbenshiyitaoyoufangxiang	古厝原本是一套有方向	
zh-essay	knowledge/Geography/林安泰古厝.md	knowledge/Geography/林安泰古厝.md:143	half	gucuoyuanbenshiy	古厝原本是一套有方向	
zh-essay	knowledge/Geography/林安泰古厝.md	knowledge/Geography/林安泰古厝.md:143	initials	gcybsytyfx	古厝原本是一套有方向	
zh-essay	knowledge/Geography/林安泰古厝.md	knowledge/Geography/林安泰古厝.md:143	mixed	gcuoybensyityoufxiang	古厝原本是一套有方向	
zh-essay	knowledge/Geography/林安泰古厝.md	knowledge/Geography/林安泰古厝.md:143	transpose	ugcuoyuanbenshiyitaoyoufangxiang	古厝原本是一套有方向	
zh-essay	knowledge/Geography/林安泰古厝.md	knowledge/Geography/林安泰古厝.md:273	full	quebunengbachanchushan	卻不能把蟾蜍山	
zh-essay	knowledge/Geography/林安泰古厝.md	knowledge/Geography/林安泰古厝.md:273	half	quebunengba	卻不能把蟾蜍山	
zh-essay	knowledge/Geography/林安泰古厝.md	knowledge/Geography/林安泰古厝.md:273	initials	qbnbccs	卻不能把蟾蜍山	
zh-essay	knowledge/Geography/林安泰古厝.md	knowledge/Geography/林安泰古厝.md:273	mixed	qbunbacchus	卻不能把蟾蜍山	
zh-essay	knowledge/Geography/林安泰古厝.md	knowledge/Geography/林安泰古厝.md:273	transpose	quebunengbachanchsuhan	卻不能把蟾蜍山	
zh-essay	knowledge/Geography/林安泰古厝.md	knowledge/Geography/林安泰古厝.md:64	full	hulong	護龍	
zh-essay	knowledge/Geography/林安泰古厝.md	knowledge/Geography/林安泰古厝.md:64	half	hul	護龍	
zh-essay	knowledge/Geography/林安泰古厝.md	knowledge/Geography/林安泰古厝.md:64	initials	hl	護龍	
zh-essay	knowledge/Geography/林安泰古厝.md	knowledge/Geography/林安泰古厝.md:64	mixed	hlong	護龍	
zh-essay	knowledge/Geography/林安泰古厝.md	knowledge/Geography/林安泰古厝.md:64	transpose	uhlong	護龍	
zh-essay	knowledge/Geography/林安泰古厝.md	knowledge/Geography/林安泰古厝.md:8	full	tupianweigaizuo	圖片未改作	
zh-essay	knowledge/Geography/林安泰古厝.md	knowledge/Geography/林安泰古厝.md:8	half	tupianw	圖片未改作	
zh-essay	knowledge/Geography/林安泰古厝.md	knowledge/Geography/林安泰古厝.md:8	initials	tpwgz	圖片未改作	
zh-essay	knowledge/Geography/林安泰古厝.md	knowledge/Geography/林安泰古厝.md:8	mixed	tpianwgaiz	圖片未改作	
zh-essay	knowledge/Geography/林安泰古厝.md	knowledge/Geography/林安泰古厝.md:8	transpose	utpianweigaizuo	圖片未改作	
zh-essay	knowledge/Geography/林安泰古厝.md	knowledge/Geography/林安泰古厝.md:180	full	fangxiang	方向	
zh-essay	knowledge/Geography/林安泰古厝.md	knowledge/Geography/林安泰古厝.md:180	half	fang	方向	
zh-essay	knowledge/Geography/林安泰古厝.md	knowledge/Geography/林安泰古厝.md:180	initials	fx	方向	
zh-essay	knowledge/Geography/林安泰古厝.md	knowledge/Geography/林安泰古厝.md:180	mixed	fxiang	方向	
zh-essay	knowledge/Geography/林安泰古厝.md	knowledge/Geography/林安泰古厝.md:180	transpose	fnagxiang	方向	
zh-essay	knowledge/Geography/林安泰古厝.md	knowledge/Geography/林安泰古厝.md:444	full	zoujinbinjianggongyuanshi	走進濱江公園時	
zh-essay	knowledge/Geography/林安泰古厝.md	knowledge/Geography/林安泰古厝.md:444	half	zoujinbinjia	走進濱江公園時	
zh-essay	knowledge/Geography/林安泰古厝.md	knowledge/Geography/林安泰古厝.md:444	initials	zjbjgys	走進濱江公園時	
zh-essay	knowledge/Geography/林安泰古厝.md	knowledge/Geography/林安泰古厝.md:444	mixed	zjinbjianggyuans	走進濱江公園時	
zh-essay	knowledge/Geography/林安泰古厝.md	knowledge/Geography/林安泰古厝.md:444	transpose	zouijnbinjianggongyuanshi	走進濱江公園時	
zh-essay	knowledge/Geography/林安泰古厝.md	knowledge/Geography/林安泰古厝.md:282	full	waicheng	外埕	
zh-essay	knowledge/Geography/林安泰古厝.md	knowledge/Geography/林安泰古厝.md:282	half	waic	外埕	
zh-essay	knowledge/Geography/林安泰古厝.md	knowledge/Geography/林安泰古厝.md:282	initials	wc	外埕	
zh-essay	knowledge/Geography/林安泰古厝.md	knowledge/Geography/林安泰古厝.md:282	mixed	wcheng	外埕	
zh-essay	knowledge/Geography/林安泰古厝.md	knowledge/Geography/林安泰古厝.md:282	transpose	waicehng	外埕	
zh-essay	knowledge/Geography/林安泰古厝.md	knowledge/Geography/林安泰古厝.md:4	full	tupianweigaizuo	圖片未改作	
zh-essay	knowledge/Geography/林安泰古厝.md	knowledge/Geography/林安泰古厝.md:4	half	tupianw	圖片未改作	
zh-essay	knowledge/Geography/林安泰古厝.md	knowledge/Geography/林安泰古厝.md:4	initials	tpwgz	圖片未改作	
zh-essay	knowledge/Geography/林安泰古厝.md	knowledge/Geography/林安泰古厝.md:4	mixed	tpianwgaiz	圖片未改作	
zh-essay	knowledge/Geography/林安泰古厝.md	knowledge/Geography/林安泰古厝.md:4	transpose	tupianweigaziuo	圖片未改作	
zh-essay	knowledge/Geography/基隆市.md	knowledge/Geography/基隆市.md:332	full	chuangbanrenwutianfu	創辦人吳添福	
zh-essay	knowledge/Geography/基隆市.md	knowledge/Geography/基隆市.md:332	half	chuangbanr	創辦人吳添福	
zh-essay	knowledge/Geography/基隆市.md	knowledge/Geography/基隆市.md:332	initials	cbrwtf	創辦人吳添福	
zh-essay	knowledge/Geography/基隆市.md	knowledge/Geography/基隆市.md:332	mixed	cbanrwutfu	創辦人吳添福	
zh-essay	knowledge/Geography/基隆市.md	knowledge/Geography/基隆市.md:332	transpose	chuangbanrenuwtianfu	創辦人吳添福	
zh-essay	knowledge/Geography/基隆市.md	knowledge/Geography/基隆市.md:180	full	xianfengwunian	咸豐五年	
zh-essay	knowledge/Geography/基隆市.md	knowledge/Geography/基隆市.md:180	half	xianfen	咸豐五年	
zh-essay	knowledge/Geography/基隆市.md	knowledge/Geography/基隆市.md:180	initials	xfwn	咸豐五年	
zh-essay	knowledge/Geography/基隆市.md	knowledge/Geography/基隆市.md:180	mixed	xfengwnian	咸豐五年	
zh-essay	knowledge/Geography/基隆市.md	knowledge/Geography/基隆市.md:180	transpose	xinafengwunian	咸豐五年	
zh-essay	knowledge/Geography/基隆市.md	knowledge/Geography/基隆市.md:659	full	guangxuyuannian	光緒元年	
zh-essay	knowledge/Geography/基隆市.md	knowledge/Geography/基隆市.md:659	half	guangxu	光緒元年	
zh-essay	knowledge/Geography/基隆市.md	knowledge/Geography/基隆市.md:659	initials	gxyn	光緒元年	
zh-essay	knowledge/Geography/基隆市.md	knowledge/Geography/基隆市.md:659	mixed	gxuynian	光緒元年	
zh-essay	knowledge/Geography/基隆市.md	knowledge/Geography/基隆市.md:659	transpose	gaungxuyuannian	光緒元年	
zh-essay	knowledge/Geography/基隆市.md	knowledge/Geography/基隆市.md:245	full	disanqi	第三期	
zh-essay	knowledge/Geography/基隆市.md	knowledge/Geography/基隆市.md:245	half	dis	第三期	
zh-essay	knowledge/Geography/基隆市.md	knowledge/Geography/基隆市.md:245	initials	dsq	第三期	
zh-essay	knowledge/Geography/基隆市.md	knowledge/Geography/基隆市.md:245	mixed	dsanq	第三期	
zh-essay	knowledge/Geography/基隆市.md	knowledge/Geography/基隆市.md:245	transpose	disaniq	第三期	
zh-essay	knowledge/Geography/基隆市.md	knowledge/Geography/基隆市.md:418	full	youxueguohangjingyingfanchuanyoutingdaigong	由薛國航經營帆船遊艇代工	
zh-essay	knowledge/Geography/基隆市.md	knowledge/Geography/基隆市.md:418	half	youxueguohangjingying	由薛國航經營帆船遊艇代工	
zh-essay	knowledge/Geography/基隆市.md	knowledge/Geography/基隆市.md:418	initials	yxghjyfcytdg	由薛國航經營帆船遊艇代工	
zh-essay	knowledge/Geography/基隆市.md	knowledge/Geography/基隆市.md:418	mixed	yxueghangjyingfchuanytingdgong	由薛國航經營帆船遊艇代工	
zh-essay	knowledge/Geography/基隆市.md	knowledge/Geography/基隆市.md:418	transpose	youxueguohangjingyingfancuhanyoutingdaigong	由薛國航經營帆船遊艇代工	
zh-essay	knowledge/Geography/基隆市.md	knowledge/Geography/基隆市.md:756	full	rougengshun	肉羹順	
zh-essay	knowledge/Geography/基隆市.md	knowledge/Geography/基隆市.md:756	half	rouge	肉羹順	
zh-essay	knowledge/Geography/基隆市.md	knowledge/Geography/基隆市.md:756	initials	rgs	肉羹順	
zh-essay	knowledge/Geography/基隆市.md	knowledge/Geography/基隆市.md:756	mixed	rgengs	肉羹順	
zh-essay	knowledge/Geography/基隆市.md	knowledge/Geography/基隆市.md:756	transpose	ruogengshun	肉羹順	
zh-essay	knowledge/Geography/基隆市.md	knowledge/Geography/基隆市.md:731	full	jiangzhi	降至	
zh-essay	knowledge/Geography/基隆市.md	knowledge/Geography/基隆市.md:731	half	jian	降至	
zh-essay	knowledge/Geography/基隆市.md	knowledge/Geography/基隆市.md:731	initials	jz	降至	
zh-essay	knowledge/Geography/基隆市.md	knowledge/Geography/基隆市.md:731	mixed	jzhi	降至	
zh-essay	knowledge/Geography/基隆市.md	knowledge/Geography/基隆市.md:731	transpose	jiangzih	降至	
zh-essay	knowledge/Geography/基隆市.md	knowledge/Geography/基隆市.md:578	full	duilaojilongeryan	對老基隆而言	
zh-essay	knowledge/Geography/基隆市.md	knowledge/Geography/基隆市.md:578	half	duilaoji	對老基隆而言	
zh-essay	knowledge/Geography/基隆市.md	knowledge/Geography/基隆市.md:578	initials	dljley	對老基隆而言	
zh-essay	knowledge/Geography/基隆市.md	knowledge/Geography/基隆市.md:578	mixed	dlaojlongeyan	對老基隆而言	
zh-essay	knowledge/Geography/基隆市.md	knowledge/Geography/基隆市.md:578	transpose	duilaojilongerayn	對老基隆而言	
zh-essay	knowledge/Geography/基隆市.md	knowledge/Geography/基隆市.md:451	full	lvsedaibiaoshancheng	綠色代表山城	
zh-essay	knowledge/Geography/基隆市.md	knowledge/Geography/基隆市.md:451	half	lvsedaibia	綠色代表山城	
zh-essay	knowledge/Geography/基隆市.md	knowledge/Geography/基隆市.md:451	initials	lsdbsc	綠色代表山城	
zh-essay	knowledge/Geography/基隆市.md	knowledge/Geography/基隆市.md:451	mixed	lsedbiaoscheng	綠色代表山城	
zh-essay	knowledge/Geography/基隆市.md	knowledge/Geography/基隆市.md:451	transpose	lvsedabiiaoshancheng	綠色代表山城	
zh-essay	knowledge/Geography/基隆市.md	knowledge/Geography/基隆市.md:597	full	shishilingchensandianbanlikaitaibei	試試凌晨三點半離開台北	
zh-essay	knowledge/Geography/基隆市.md	knowledge/Geography/基隆市.md:597	half	shishilingchensan	試試凌晨三點半離開台北	
zh-essay	knowledge/Geography/基隆市.md	knowledge/Geography/基隆市.md:597	initials	sslcsdblktb	試試凌晨三點半離開台北	
zh-essay	knowledge/Geography/基隆市.md	knowledge/Geography/基隆市.md:597	mixed	sshilchensdianbliktaib	試試凌晨三點半離開台北	
zh-essay	knowledge/Geography/基隆市.md	knowledge/Geography/基隆市.md:597	transpose	shishilingchensandianbanlikaitaibie	試試凌晨三點半離開台北	
zh-essay	knowledge/Geography/基隆市.md	knowledge/Geography/基隆市.md:690	full	yuanwen	原文	
zh-essay	knowledge/Geography/基隆市.md	knowledge/Geography/基隆市.md:690	half	yua	原文	
zh-essay	knowledge/Geography/基隆市.md	knowledge/Geography/基隆市.md:690	initials	yw	原文	
zh-essay	knowledge/Geography/基隆市.md	knowledge/Geography/基隆市.md:690	mixed	ywen	原文	
zh-essay	knowledge/Geography/基隆市.md	knowledge/Geography/基隆市.md:690	transpose	yuawnen	原文	
zh-essay	knowledge/Geography/基隆市.md	knowledge/Geography/基隆市.md:139	full	ridangtian	日當天	
zh-essay	knowledge/Geography/基隆市.md	knowledge/Geography/基隆市.md:139	half	ridan	日當天	
zh-essay	knowledge/Geography/基隆市.md	knowledge/Geography/基隆市.md:139	initials	rdt	日當天	
zh-essay	knowledge/Geography/基隆市.md	knowledge/Geography/基隆市.md:139	mixed	rdangt	日當天	
zh-essay	knowledge/Geography/基隆市.md	knowledge/Geography/基隆市.md:139	transpose	ridantgian	日當天	
zh-essay	knowledge/Geography/基隆市.md	knowledge/Geography/基隆市.md:719	full	nianxiermatou	年西二碼頭	
zh-essay	knowledge/Geography/基隆市.md	knowledge/Geography/基隆市.md:719	half	nianxi	年西二碼頭	
zh-essay	knowledge/Geography/基隆市.md	knowledge/Geography/基隆市.md:719	initials	nxemt	年西二碼頭	
zh-essay	knowledge/Geography/基隆市.md	knowledge/Geography/基隆市.md:719	mixed	nxiemat	年西二碼頭	
zh-essay	knowledge/Geography/基隆市.md	knowledge/Geography/基隆市.md:719	transpose	nianixermatou	年西二碼頭	
zh-essay	knowledge/Geography/基隆市.md	knowledge/Geography/基隆市.md:422	full	yuedengluweijilongshilishijianzhu	月登錄為基隆市歷史建築	
zh-essay	knowledge/Geography/基隆市.md	knowledge/Geography/基隆市.md:422	half	yuedengluweijilo	月登錄為基隆市歷史建築	
zh-essay	knowledge/Geography/基隆市.md	knowledge/Geography/基隆市.md:422	initials	ydlwjlslsjz	月登錄為基隆市歷史建築	
zh-essay	knowledge/Geography/基隆市.md	knowledge/Geography/基隆市.md:422	mixed	ydenglweijlongslisjianz	月登錄為基隆市歷史建築	
zh-essay	knowledge/Geography/基隆市.md	knowledge/Geography/基隆市.md:422	transpose	yuedenglwueijilongshilishijianzhu	月登錄為基隆市歷史建築	
zh-essay	knowledge/Geography/基隆市.md	knowledge/Geography/基隆市.md:849	full	yinzitaiwanguanghuazazhi	引自台灣光華雜誌	
zh-essay	knowledge/Geography/基隆市.md	knowledge/Geography/基隆市.md:849	half	yinzitaiwang	引自台灣光華雜誌	
zh-essay	knowledge/Geography/基隆市.md	knowledge/Geography/基隆市.md:849	initials	yztwghzz	引自台灣光華雜誌	
zh-essay	knowledge/Geography/基隆市.md	knowledge/Geography/基隆市.md:849	mixed	yzitwanghuazzhi	引自台灣光華雜誌	
zh-essay	knowledge/Geography/基隆市.md	knowledge/Geography/基隆市.md:849	transpose	iynzitaiwanguanghuazazhi	引自台灣光華雜誌	
zh-essay	knowledge/Geography/基隆市.md	knowledge/Geography/基隆市.md:291	full	niandiaodaoshijiedi	年掉到世界第	
zh-essay	knowledge/Geography/基隆市.md	knowledge/Geography/基隆市.md:291	half	niandiaod	年掉到世界第	
zh-essay	knowledge/Geography/基隆市.md	knowledge/Geography/基隆市.md:291	initials	nddsjd	年掉到世界第	
zh-essay	knowledge/Geography/基隆市.md	knowledge/Geography/基隆市.md:291	mixed	ndiaodshijdi	年掉到世界第	
zh-essay	knowledge/Geography/基隆市.md	knowledge/Geography/基隆市.md:291	transpose	niandiaodaoshijidei	年掉到世界第	
zh-essay	knowledge/History/台灣漁業起源.md	knowledge/History/台灣漁業起源.md:279	full	yuanyangyuyeyincijishichanyekuozhang	遠洋漁業因此既是產業擴張	
zh-essay	knowledge/History/台灣漁業起源.md	knowledge/History/台灣漁業起源.md:279	half	yuanyangyuyeyincij	遠洋漁業因此既是產業擴張	
zh-essay	knowledge/History/台灣漁業起源.md	knowledge/History/台灣漁業起源.md:279	initials	yyyyycjscykz	遠洋漁業因此既是產業擴張	
zh-essay	knowledge/History/台灣漁業起源.md	knowledge/History/台灣漁業起源.md:279	mixed	yyangyyeycijshicyekzhang	遠洋漁業因此既是產業擴張	
zh-essay	knowledge/History/台灣漁業起源.md	knowledge/History/台灣漁業起源.md:279	transpose	yuanyangyuyeiyncijishichanyekuozhang	遠洋漁業因此既是產業擴張	
zh-essay	knowledge/History/台灣漁業起源.md	knowledge/History/台灣漁業起源.md:50	full	yinci	因此	
zh-essay	knowledge/History/台灣漁業起源.md	knowledge/History/台灣漁業起源.md:50	half	yi	因此	
zh-essay	knowledge/History/台灣漁業起源.md	knowledge/History/台灣漁業起源.md:50	initials	yc	因此	
zh-essay	knowledge/History/台灣漁業起源.md	knowledge/History/台灣漁業起源.md:50	mixed	yci	因此	
zh-essay	knowledge/History/台灣漁業起源.md	knowledge/History/台灣漁業起源.md:50	transpose	yinic	因此	
zh-essay	knowledge/History/台灣漁業起源.md	knowledge/History/台灣漁業起源.md:18	full	lengcang	冷藏	
zh-essay	knowledge/History/台灣漁業起源.md	knowledge/History/台灣漁業起源.md:18	half	leng	冷藏	
zh-essay	knowledge/History/台灣漁業起源.md	knowledge/History/台灣漁業起源.md:18	initials	lc	冷藏	
zh-essay	knowledge/History/台灣漁業起源.md	knowledge/History/台灣漁業起源.md:18	mixed	lcang	冷藏	
zh-essay	knowledge/History/台灣漁業起源.md	knowledge/History/台灣漁業起源.md:18	transpose	lengcagn	冷藏	
zh-essay	knowledge/History/台灣漁業起源.md	knowledge/History/台灣漁業起源.md:52	full	jishijishujinbu	既是技術進步	
zh-essay	knowledge/History/台灣漁業起源.md	knowledge/History/台灣漁業起源.md:52	half	jishiji	既是技術進步	
zh-essay	knowledge/History/台灣漁業起源.md	knowledge/History/台灣漁業起源.md:52	initials	jsjsjb	既是技術進步	
zh-essay	knowledge/History/台灣漁業起源.md	knowledge/History/台灣漁業起源.md:52	mixed	jshijshujbu	既是技術進步	
zh-essay	knowledge/History/台灣漁業起源.md	knowledge/History/台灣漁業起源.md:52	transpose	jishijisuhjinbu	既是技術進步	
zh-essay	knowledge/History/台灣漁業起源.md	knowledge/History/台灣漁業起源.md:404	full	rizhishuichanshiyan	日治水產試驗	
zh-essay	knowledge/History/台灣漁業起源.md	knowledge/History/台灣漁業起源.md:404	half	rizhishui	日治水產試驗	
zh-essay	knowledge/History/台灣漁業起源.md	knowledge/History/台灣漁業起源.md:404	initials	rzscsy	日治水產試驗	
zh-essay	knowledge/History/台灣漁業起源.md	knowledge/History/台灣漁業起源.md:404	mixed	rzhischansyan	日治水產試驗	
zh-essay	knowledge/History/台灣漁業起源.md	knowledge/History/台灣漁業起源.md:404	transpose	rizihshuichanshiyan	日治水產試驗	
zh-essay	knowledge/History/台灣漁業起源.md	knowledge/History/台灣漁業起源.md:275	full	zhengceyifangmianyaoqiushichanghua	政策一方面要求市場化	
zh-essay	knowledge/History/台灣漁業起源.md	knowledge/History/台灣漁業起源.md:275	half	zhengceyifangmian	政策一方面要求市場化	
zh-essay	knowledge/History/台灣漁業起源.md	knowledge/History/台灣漁業起源.md:275	initials	zcyfmyqsch	政策一方面要求市場化	
zh-essay	knowledge/History/台灣漁業起源.md	knowledge/History/台灣漁業起源.md:275	mixed	zceyfangmyaoqshichua	政策一方面要求市場化	
zh-essay	knowledge/History/台灣漁業起源.md	knowledge/History/台灣漁業起源.md:275	transpose	zhengceyifanmgianyaoqiushichanghua	政策一方面要求市場化	
zh-essay	knowledge/History/台灣漁業起源.md	knowledge/History/台灣漁業起源.md:6	full	jilongjianjieshiyangongchang	基隆鰹節試驗工場	
zh-essay	knowledge/History/台灣漁業起源.md	knowledge/History/台灣漁業起源.md:6	half	jilongjianjies	基隆鰹節試驗工場	
zh-essay	knowledge/History/台灣漁業起源.md	knowledge/History/台灣漁業起源.md:6	initials	jljjsygc	基隆鰹節試驗工場	
zh-essay	knowledge/History/台灣漁業起源.md	knowledge/History/台灣漁業起源.md:6	mixed	jlongjjiesyangchang	基隆鰹節試驗工場	
zh-essay	knowledge/History/台灣漁業起源.md	knowledge/History/台灣漁業起源.md:6	transpose	jilongjianjeishiyangongchang	基隆鰹節試驗工場	
zh-essay	knowledge/History/台灣漁業起源.md	knowledge/History/台灣漁業起源.md:173	full	jiaohuanxiaoxi	交換消息	
zh-essay	knowledge/History/台灣漁業起源.md	knowledge/History/台灣漁業起源.md:173	half	jiaohua	交換消息	
zh-essay	knowledge/History/台灣漁業起源.md	knowledge/History/台灣漁業起源.md:173	initials	jhxx	交換消息	
zh-essay	knowledge/History/台灣漁業起源.md	knowledge/History/台灣漁業起源.md:173	mixed	jhuanxxi	交換消息	
zh-essay	knowledge/History/台灣漁業起源.md	knowledge/History/台灣漁業起源.md:173	transpose	jiaohuanxioaxi	交換消息	
zh-essay	knowledge/History/台灣漁業起源.md	knowledge/History/台灣漁業起源.md:100	full	nianhou	年後	
zh-essay	knowledge/History/台灣漁業起源.md	knowledge/History/台灣漁業起源.md:100	half	nia	年後	
zh-essay	knowledge/History/台灣漁業起源.md	knowledge/History/台灣漁業起源.md:100	initials	nh	年後	
zh-essay	knowledge/History/台灣漁業起源.md	knowledge/History/台灣漁業起源.md:100	mixed	nhou	年後	
zh-essay	knowledge/History/台灣漁業起源.md	knowledge/History/台灣漁業起源.md:100	transpose	nianhuo	年後	
zh-essay	knowledge/History/台灣漁業起源.md	knowledge/History/台灣漁業起源.md:378	full	jiedai	借貸	
zh-essay	knowledge/History/台灣漁業起源.md	knowledge/History/台灣漁業起源.md:378	half	jie	借貸	
zh-essay	knowledge/History/台灣漁業起源.md	knowledge/History/台灣漁業起源.md:378	initials	jd	借貸	
zh-essay	knowledge/History/台灣漁業起源.md	knowledge/History/台灣漁業起源.md:378	mixed	jdai	借貸	
zh-essay	knowledge/History/台灣漁業起源.md	knowledge/History/台灣漁業起源.md:378	transpose	jideai	借貸	
zh-essay	knowledge/History/台灣漁業起源.md	knowledge/History/台灣漁業起源.md:436	full	wuboxun	吳柏勳	
zh-essay	knowledge/History/台灣漁業起源.md	knowledge/History/台灣漁業起源.md:436	half	wub	吳柏勳	
zh-essay	knowledge/History/台灣漁業起源.md	knowledge/History/台灣漁業起源.md:436	initials	wbx	吳柏勳	
zh-essay	knowledge/History/台灣漁業起源.md	knowledge/History/台灣漁業起源.md:436	mixed	wbox	吳柏勳	
zh-essay	knowledge/History/台灣漁業起源.md	knowledge/History/台灣漁業起源.md:436	transpose	wbuoxun	吳柏勳	
zh-essay	knowledge/History/台灣漁業起源.md	knowledge/History/台灣漁業起源.md:291	full	gongdun	公噸	
zh-essay	knowledge/History/台灣漁業起源.md	knowledge/History/台灣漁業起源.md:291	half	gon	公噸	
zh-essay	knowledge/History/台灣漁業起源.md	knowledge/History/台灣漁業起源.md:291	initials	gd	公噸	
zh-essay	knowledge/History/台灣漁業起源.md	knowledge/History/台灣漁業起源.md:291	mixed	gdun	公噸	
zh-essay	knowledge/History/台灣漁業起源.md	knowledge/History/台灣漁業起源.md:291	transpose	gondgun	公噸	
zh-essay	knowledge/History/台灣漁業起源.md	knowledge/History/台灣漁業起源.md:361	full	yourenbataceliangchengyuhaikuangziliao	有人把它測量成漁海況資料	
zh-essay	knowledge/History/台灣漁業起源.md	knowledge/History/台灣漁業起源.md:361	half	yourenbataceliangch	有人把它測量成漁海況資料	
zh-essay	knowledge/History/台灣漁業起源.md	knowledge/History/台灣漁業起源.md:361	initials	yrbtclcyhkzl	有人把它測量成漁海況資料	
zh-essay	knowledge/History/台灣漁業起源.md	knowledge/History/台灣漁業起源.md:361	mixed	yrenbtacliangcyuhkuangzliao	有人把它測量成漁海況資料	
zh-essay	knowledge/History/台灣漁業起源.md	knowledge/History/台灣漁業起源.md:361	transpose	yourenbatacleiangchengyuhaikuangziliao	有人把它測量成漁海況資料	
zh-essay	knowledge/History/台灣漁業起源.md	knowledge/History/台灣漁業起源.md:290	full	nianchanliangdadao	年產量達到	
zh-essay	knowledge/History/台灣漁業起源.md	knowledge/History/台灣漁業起源.md:290	half	nianchanl	年產量達到	
zh-essay	knowledge/History/台灣漁業起源.md	knowledge/History/台灣漁業起源.md:290	initials	ncldd	年產量達到	
zh-essay	knowledge/History/台灣漁業起源.md	knowledge/History/台灣漁業起源.md:290	mixed	nchanldad	年產量達到	
zh-essay	knowledge/History/台灣漁業起源.md	knowledge/History/台灣漁業起源.md:290	transpose	nainchanliangdadao	年產量達到	
zh-essay	knowledge/History/台灣漁業起源.md	knowledge/History/台灣漁業起源.md:258	full	nongfuhui	農復會	
zh-essay	knowledge/History/台灣漁業起源.md	knowledge/History/台灣漁業起源.md:258	half	nong	農復會	
zh-essay	knowledge/History/台灣漁業起源.md	knowledge/History/台灣漁業起源.md:258	initials	nfh	農復會	
zh-essay	knowledge/History/台灣漁業起源.md	knowledge/History/台灣漁業起源.md:258	mixed	nfuh	農復會	
zh-essay	knowledge/History/台灣漁業起源.md	knowledge/History/台灣漁業起源.md:258	transpose	nnogfuhui	農復會	
zh-essay	knowledge/History/台灣漁業起源.md	knowledge/History/台灣漁業起源.md:97	full	guolihaiyangkejibowuguanjizai	國立海洋科技博物館記載	
zh-essay	knowledge/History/台灣漁業起源.md	knowledge/History/台灣漁業起源.md:97	half	guolihaiyangke	國立海洋科技博物館記載	
zh-essay	knowledge/History/台灣漁業起源.md	knowledge/History/台灣漁業起源.md:97	initials	glhykjbwgjz	國立海洋科技博物館記載	
zh-essay	knowledge/History/台灣漁業起源.md	knowledge/History/台灣漁業起源.md:97	mixed	glihyangkjibwugjiz	國立海洋科技博物館記載	
zh-essay	knowledge/History/台灣漁業起源.md	knowledge/History/台灣漁業起源.md:97	transpose	guolihaiyangkejibowguuanjizai	國立海洋科技博物館記載	
zh-essay	knowledge/History/高雄加工出口區.md	knowledge/History/高雄加工出口區.md:266	full	bataxiecheng	把它寫成	
zh-essay	knowledge/History/高雄加工出口區.md	knowledge/History/高雄加工出口區.md:266	half	bataxi	把它寫成	
zh-essay	knowledge/History/高雄加工出口區.md	knowledge/History/高雄加工出口區.md:266	initials	btxc	把它寫成	
zh-essay	knowledge/History/高雄加工出口區.md	knowledge/History/高雄加工出口區.md:266	mixed	btaxcheng	把它寫成	
zh-essay	knowledge/History/高雄加工出口區.md	knowledge/History/高雄加工出口區.md:266	transpose	bataxiecehng	把它寫成	
zh-essay	knowledge/History/高雄加工出口區.md	knowledge/History/高雄加工出口區.md:309	full	taiwanguanghua	台灣光華	
zh-essay	knowledge/History/高雄加工出口區.md	knowledge/History/高雄加工出口區.md:309	half	taiwang	台灣光華	
zh-essay	knowledge/History/高雄加工出口區.md	knowledge/History/高雄加工出口區.md:309	initials	twgh	台灣光華	
zh-essay	knowledge/History/高雄加工出口區.md	knowledge/History/高雄加工出口區.md:309	mixed	twanghua	台灣光華	
zh-essay	knowledge/History/高雄加工出口區.md	knowledge/History/高雄加工出口區.md:309	transpose	taiwangunaghua	台灣光華	
zh-essay	knowledge/History/高雄加工出口區.md	knowledge/History/高雄加工出口區.md:96	full	jinruchengyi	進入成衣	
zh-essay	knowledge/History/高雄加工出口區.md	knowledge/History/高雄加工出口區.md:96	half	jinruc	進入成衣	
zh-essay	knowledge/History/高雄加工出口區.md	knowledge/History/高雄加工出口區.md:96	initials	jrcy	進入成衣	
zh-essay	knowledge/History/高雄加工出口區.md	knowledge/History/高雄加工出口區.md:96	mixed	jrucyi	進入成衣	
zh-essay	knowledge/History/高雄加工出口區.md	knowledge/History/高雄加工出口區.md:96	transpose	jinruchengiy	進入成衣	
zh-essay	knowledge/History/高雄加工出口區.md	knowledge/History/高雄加工出口區.md:38	full	meiguoyuanzhutingzhi	美國援助停止	
zh-essay	knowledge/History/高雄加工出口區.md	knowledge/History/高雄加工出口區.md:38	half	meiguoyuan	美國援助停止	
zh-essay	knowledge/History/高雄加工出口區.md	knowledge/History/高雄加工出口區.md:38	initials	mgyztz	美國援助停止	
zh-essay	knowledge/History/高雄加工出口區.md	knowledge/History/高雄加工出口區.md:38	mixed	mguoyzhutzhi	美國援助停止	
zh-essay	knowledge/History/高雄加工出口區.md	knowledge/History/高雄加工出口區.md:38	transpose	meiguouyanzhutingzhi	美國援助停止	
zh-essay	knowledge/History/高雄加工出口區.md	knowledge/History/高雄加工出口區.md:243	full	batamenzhidangchengchenggongjinianwu	把它們只當成成功紀念物	
zh-essay	knowledge/History/高雄加工出口區.md	knowledge/History/高雄加工出口區.md:243	half	batamenzhidangchen	把它們只當成成功紀念物	
zh-essay	knowledge/History/高雄加工出口區.md	knowledge/History/高雄加工出口區.md:243	initials	btmzdccgjnw	把它們只當成成功紀念物	
zh-essay	knowledge/History/高雄加工出口區.md	knowledge/History/高雄加工出口區.md:243	mixed	btamzhidchengcgongjnianw	把它們只當成成功紀念物	
zh-essay	knowledge/History/高雄加工出口區.md	knowledge/History/高雄加工出口區.md:243	transpose	baatmenzhidangchengchenggongjinianwu	把它們只當成成功紀念物	
zh-essay	knowledge/History/高雄加工出口區.md	knowledge/History/高雄加工出口區.md:264	full	zhengfuguihuachenggong	政府規劃成功	
zh-essay	knowledge/History/高雄加工出口區.md	knowledge/History/高雄加工出口區.md:264	half	zhengfuguih	政府規劃成功	
zh-essay	knowledge/History/高雄加工出口區.md	knowledge/History/高雄加工出口區.md:264	initials	zfghcg	政府規劃成功	
zh-essay	knowledge/History/高雄加工出口區.md	knowledge/History/高雄加工出口區.md:264	mixed	zfughuacgong	政府規劃成功	
zh-essay	knowledge/History/高雄加工出口區.md	knowledge/History/高雄加工出口區.md:264	transpose	zhengfguuihuachenggong	政府規劃成功	
zh-essay	knowledge/History/高雄加工出口區.md	knowledge/History/高雄加工出口區.md:147	full	liechuyingxiangguandianshi	列出映像管電視	
zh-essay	knowledge/History/高雄加工出口區.md	knowledge/History/高雄加工出口區.md:147	half	liechuyingxia	列出映像管電視	
zh-essay	knowledge/History/高雄加工出口區.md	knowledge/History/高雄加工出口區.md:147	initials	lcyxgds	列出映像管電視	
zh-essay	knowledge/History/高雄加工出口區.md	knowledge/History/高雄加工出口區.md:147	mixed	lchuyxianggdians	列出映像管電視	
zh-essay	knowledge/History/高雄加工出口區.md	knowledge/History/高雄加工出口區.md:147	transpose	liechuyinxgiangguandianshi	列出映像管電視	
zh-essay	knowledge/History/高雄加工出口區.md	knowledge/History/高雄加工出口區.md:29	full	haiguan	海關	
zh-essay	knowledge/History/高雄加工出口區.md	knowledge/History/高雄加工出口區.md:29	half	hai	海關	
zh-essay	knowledge/History/高雄加工出口區.md	knowledge/History/高雄加工出口區.md:29	initials	hg	海關	
zh-essay	knowledge/History/高雄加工出口區.md	knowledge/History/高雄加工出口區.md:29	mixed	hguan	海關	
zh-essay	knowledge/History/高雄加工出口區.md	knowledge/History/高雄加工出口區.md:29	transpose	hiaguan	海關	
zh-essay	knowledge/History/高雄加工出口區.md	knowledge/History/高雄加工出口區.md:196	full	mingquebalaodongkongzhi	明確把勞動控制	
zh-essay	knowledge/History/高雄加工出口區.md	knowledge/History/高雄加工出口區.md:196	half	mingquebala	明確把勞動控制	
zh-essay	knowledge/History/高雄加工出口區.md	knowledge/History/高雄加工出口區.md:196	initials	mqbldkz	明確把勞動控制	
zh-essay	knowledge/History/高雄加工出口區.md	knowledge/History/高雄加工出口區.md:196	mixed	mqueblaodkongz	明確把勞動控制	
zh-essay	knowledge/History/高雄加工出口區.md	knowledge/History/高雄加工出口區.md:196	transpose	mingquebalaodnogkongzhi	明確把勞動控制	
zh-essay	knowledge/History/高雄加工出口區.md	knowledge/History/高雄加工出口區.md:197	full	xingbiehualaodong	性別化勞動	
zh-essay	knowledge/History/高雄加工出口區.md	knowledge/History/高雄加工出口區.md:197	half	xingbieh	性別化勞動	
zh-essay	knowledge/History/高雄加工出口區.md	knowledge/History/高雄加工出口區.md:197	initials	xbhld	性別化勞動	
zh-essay	knowledge/History/高雄加工出口區.md	knowledge/History/高雄加工出口區.md:197	mixed	xbiehlaod	性別化勞動	
zh-essay	knowledge/History/高雄加工出口區.md	knowledge/History/高雄加工出口區.md:197	transpose	xingbiheualaodong	性別化勞動	
zh-essay	knowledge/History/高雄加工出口區.md	knowledge/History/高雄加工出口區.md:131	full	chanyewaiyizhihou	產業外移之後	
zh-essay	knowledge/History/高雄加工出口區.md	knowledge/History/高雄加工出口區.md:131	half	chanyewa	產業外移之後	
zh-essay	knowledge/History/高雄加工出口區.md	knowledge/History/高雄加工出口區.md:131	initials	cywyzh	產業外移之後	
zh-essay	knowledge/History/高雄加工出口區.md	knowledge/History/高雄加工出口區.md:131	mixed	cyewyizhou	產業外移之後	
zh-essay	knowledge/History/高雄加工出口區.md	knowledge/History/高雄加工出口區.md:131	transpose	hcanyewaiyizhihou	產業外移之後	
zh-essay	knowledge/History/高雄加工出口區.md	knowledge/History/高雄加工出口區.md:180	full	nianchengli	年成立	
zh-essay	knowledge/History/高雄加工出口區.md	knowledge/History/高雄加工出口區.md:180	half	nianc	年成立	
zh-essay	knowledge/History/高雄加工出口區.md	knowledge/History/高雄加工出口區.md:180	initials	ncl	年成立	
zh-essay	knowledge/History/高雄加工出口區.md	knowledge/History/高雄加工出口區.md:180	mixed	nchengl	年成立	
zh-essay	knowledge/History/高雄加工出口區.md	knowledge/History/高雄加工出口區.md:180	transpose	nianchenlgi	年成立	
zh-essay	knowledge/History/高雄加工出口區.md	knowledge/History/高雄加工出口區.md:89	full	ruguozhikantouzieyuwaixiaoe	如果只看投資額與外銷額	
zh-essay	knowledge/History/高雄加工出口區.md	knowledge/History/高雄加工出口區.md:89	half	ruguozhikanto	如果只看投資額與外銷額	
zh-essay	knowledge/History/高雄加工出口區.md	knowledge/History/高雄加工出口區.md:89	initials	rgzktzeywxe	如果只看投資額與外銷額	
zh-essay	knowledge/History/高雄加工出口區.md	knowledge/History/高雄加工出口區.md:89	mixed	rguozkantzieyuwxiaoe	如果只看投資額與外銷額	
zh-essay	knowledge/History/高雄加工出口區.md	knowledge/History/高雄加工出口區.md:89	transpose	ruugozhikantouzieyuwaixiaoe	如果只看投資額與外銷額	
zh-essay	knowledge/History/高雄加工出口區.md	knowledge/History/高雄加工出口區.md:213	full	laolimijichanyezai	勞力密集產業在	
zh-essay	knowledge/History/高雄加工出口區.md	knowledge/History/高雄加工出口區.md:213	half	laolimiji	勞力密集產業在	
zh-essay	knowledge/History/高雄加工出口區.md	knowledge/History/高雄加工出口區.md:213	initials	llmjcyz	勞力密集產業在	
zh-essay	knowledge/History/高雄加工出口區.md	knowledge/History/高雄加工出口區.md:213	mixed	llimjicyez	勞力密集產業在	
zh-essay	knowledge/History/高雄加工出口區.md	knowledge/History/高雄加工出口區.md:213	transpose	laolimijicahnyezai	勞力密集產業在	
zh-essay	knowledge/History/高雄加工出口區.md	knowledge/History/高雄加工出口區.md:15	full	biaomianshangxiangshibashengchangeliqilai	表面上像是把生產隔離起來	
zh-essay	knowledge/History/高雄加工出口區.md	knowledge/History/高雄加工出口區.md:15	half	biaomianshangxiangsh	表面上像是把生產隔離起來	
zh-essay	knowledge/History/高雄加工出口區.md	knowledge/History/高雄加工出口區.md:15	initials	bmsxsbscglql	表面上像是把生產隔離起來	
zh-essay	knowledge/History/高雄加工出口區.md	knowledge/History/高雄加工出口區.md:15	mixed	bmiansxiangsbaschangliqlai	表面上像是把生產隔離起來	
zh-essay	knowledge/History/高雄加工出口區.md	knowledge/History/高雄加工出口區.md:15	transpose	biaomianshagnxiangshibashengchangeliqilai	表面上像是把生產隔離起來	
zh-essay	knowledge/History/高雄加工出口區.md	knowledge/History/高雄加工出口區.md:310	full	nianwenzhang	年文章	
zh-essay	knowledge/History/高雄加工出口區.md	knowledge/History/高雄加工出口區.md:310	half	nianwe	年文章	
zh-essay	knowledge/History/高雄加工出口區.md	knowledge/History/高雄加工出口區.md:310	initials	nwz	年文章	
zh-essay	knowledge/History/高雄加工出口區.md	knowledge/History/高雄加工出口區.md:310	mixed	nwenz	年文章	
zh-essay	knowledge/History/高雄加工出口區.md	knowledge/History/高雄加工出口區.md:310	transpose	nianwenzhnag	年文章	
zh-essay	knowledge/Lifestyle/台灣海關報關制度與EZWAY.md	knowledge/Lifestyle/台灣海關報關制度與EZWAY.md:1070	full	taolunchuanzhuanluye	討論串轉錄頁	
zh-essay	knowledge/Lifestyle/台灣海關報關制度與EZWAY.md	knowledge/Lifestyle/台灣海關報關制度與EZWAY.md:1070	half	taolunchua	討論串轉錄頁	
zh-essay	knowledge/Lifestyle/台灣海關報關制度與EZWAY.md	knowledge/Lifestyle/台灣海關報關制度與EZWAY.md:1070	initials	tlczly	討論串轉錄頁	
zh-essay	knowledge/Lifestyle/台灣海關報關制度與EZWAY.md	knowledge/Lifestyle/台灣海關報關制度與EZWAY.md:1070	mixed	tlunczhuanlye	討論串轉錄頁	
zh-essay	knowledge/Lifestyle/台灣海關報關制度與EZWAY.md	knowledge/Lifestyle/台灣海關報關制度與EZWAY.md:1070	transpose	taolunchuanzhuanlyue	討論串轉錄頁	
zh-essay	knowledge/Lifestyle/台灣海關報關制度與EZWAY.md	knowledge/Lifestyle/台灣海關報關制度與EZWAY.md:918	full	yanhuo	驗貨	
zh-essay	knowledge/Lifestyle/台灣海關報關制度與EZWAY.md	knowledge/Lifestyle/台灣海關報關制度與EZWAY.md:918	half	yan	驗貨	
zh-essay	knowledge/Lifestyle/台灣海關報關制度與EZWAY.md	knowledge/Lifestyle/台灣海關報關制度與EZWAY.md:918	initials	yh	驗貨	
zh-essay	knowledge/Lifestyle/台灣海關報關制度與EZWAY.md	knowledge/Lifestyle/台灣海關報關制度與EZWAY.md:918	mixed	yhuo	驗貨	
zh-essay	knowledge/Lifestyle/台灣海關報關制度與EZWAY.md	knowledge/Lifestyle/台灣海關報關制度與EZWAY.md:918	transpose	yahnuo	驗貨	
zh-essay	knowledge/Lifestyle/台灣海關報關制度與EZWAY.md	knowledge/Lifestyle/台灣海關報關制度與EZWAY.md:888	full	benwenbushiyonggaipaiming	本文不使用該排名	
zh-essay	knowledge/Lifestyle/台灣海關報關制度與EZWAY.md	knowledge/Lifestyle/台灣海關報關制度與EZWAY.md:888	half	benwenbushiy	本文不使用該排名	
zh-essay	knowledge/Lifestyle/台灣海關報關制度與EZWAY.md	knowledge/Lifestyle/台灣海關報關制度與EZWAY.md:888	initials	bwbsygpm	本文不使用該排名	
zh-essay	knowledge/Lifestyle/台灣海關報關制度與EZWAY.md	knowledge/Lifestyle/台灣海關報關制度與EZWAY.md:888	mixed	bwenbshiygaipming	本文不使用該排名	
zh-essay	knowledge/Lifestyle/台灣海關報關制度與EZWAY.md	knowledge/Lifestyle/台灣海關報關制度與EZWAY.md:888	transpose	benwenbusihyonggaipaiming	本文不使用該排名	
zh-essay	knowledge/Lifestyle/台灣海關報關制度與EZWAY.md	knowledge/Lifestyle/台灣海關報關制度與EZWAY.md:519	full	tongyidao	同一道	
zh-essay	knowledge/Lifestyle/台灣海關報關制度與EZWAY.md	knowledge/Lifestyle/台灣海關報關制度與EZWAY.md:519	half	tong	同一道	
zh-essay	knowledge/Lifestyle/台灣海關報關制度與EZWAY.md	knowledge/Lifestyle/台灣海關報關制度與EZWAY.md:519	initials	tyd	同一道	
zh-essay	knowledge/Lifestyle/台灣海關報關制度與EZWAY.md	knowledge/Lifestyle/台灣海關報關制度與EZWAY.md:519	mixed	tyid	同一道	
zh-essay	knowledge/Lifestyle/台灣海關報關制度與EZWAY.md	knowledge/Lifestyle/台灣海關報關制度與EZWAY.md:519	transpose	tongyidoa	同一道	
zh-essay	knowledge/Lifestyle/台灣海關報關制度與EZWAY.md	knowledge/Lifestyle/台灣海關報關制度與EZWAY.md:618	full	gaojie	高階	
zh-essay	knowledge/Lifestyle/台灣海關報關制度與EZWAY.md	knowledge/Lifestyle/台灣海關報關制度與EZWAY.md:618	half	gao	高階	
zh-essay	knowledge/Lifestyle/台灣海關報關制度與EZWAY.md	knowledge/Lifestyle/台灣海關報關制度與EZWAY.md:618	initials	gj	高階	
zh-essay	knowledge/Lifestyle/台灣海關報關制度與EZWAY.md	knowledge/Lifestyle/台灣海關報關制度與EZWAY.md:618	mixed	gjie	高階	
zh-essay	knowledge/Lifestyle/台灣海關報關制度與EZWAY.md	knowledge/Lifestyle/台灣海關報關制度與EZWAY.md:618	transpose	gaoije	高階	
zh-essay	knowledge/Lifestyle/台灣海關報關制度與EZWAY.md	knowledge/Lifestyle/台灣海關報關制度與EZWAY.md:713	full	yueweizhi	月為止	
zh-essay	knowledge/Lifestyle/台灣海關報關制度與EZWAY.md	knowledge/Lifestyle/台灣海關報關制度與EZWAY.md:713	half	yuew	月為止	
zh-essay	knowledge/Lifestyle/台灣海關報關制度與EZWAY.md	knowledge/Lifestyle/台灣海關報關制度與EZWAY.md:713	initials	ywz	月為止	
zh-essay	knowledge/Lifestyle/台灣海關報關制度與EZWAY.md	knowledge/Lifestyle/台灣海關報關制度與EZWAY.md:713	mixed	yweiz	月為止	
zh-essay	knowledge/Lifestyle/台灣海關報關制度與EZWAY.md	knowledge/Lifestyle/台灣海關報關制度與EZWAY.md:713	transpose	yeuweizhi	月為止	
zh-essay	knowledge/Lifestyle/台灣海關報關制度與EZWAY.md	knowledge/Lifestyle/台灣海關報關制度與EZWAY.md:898	full	rihaiyuntongguanzidonghua	日海運通關自動化	
zh-essay	knowledge/Lifestyle/台灣海關報關制度與EZWAY.md	knowledge/Lifestyle/台灣海關報關制度與EZWAY.md:898	half	rihaiyuntong	日海運通關自動化	
zh-essay	knowledge/Lifestyle/台灣海關報關制度與EZWAY.md	knowledge/Lifestyle/台灣海關報關制度與EZWAY.md:898	initials	rhytgzdh	日海運通關自動化	
zh-essay	knowledge/Lifestyle/台灣海關報關制度與EZWAY.md	knowledge/Lifestyle/台灣海關報關制度與EZWAY.md:898	mixed	rhaiytonggzidhua	日海運通關自動化	
zh-essay	knowledge/Lifestyle/台灣海關報關制度與EZWAY.md	knowledge/Lifestyle/台灣海關報關制度與EZWAY.md:898	transpose	rihaiyuntnogguanzidonghua	日海運通關自動化	
zh-essay	knowledge/Lifestyle/台灣海關報關制度與EZWAY.md	knowledge/Lifestyle/台灣海關報關制度與EZWAY.md:1145	full	quanminfangpianwang	全民防騙網	
zh-essay	knowledge/Lifestyle/台灣海關報關制度與EZWAY.md	knowledge/Lifestyle/台灣海關報關制度與EZWAY.md:1145	half	quanminfa	全民防騙網	
zh-essay	knowledge/Lifestyle/台灣海關報關制度與EZWAY.md	knowledge/Lifestyle/台灣海關報關制度與EZWAY.md:1145	initials	qmfpw	全民防騙網	
zh-essay	knowledge/Lifestyle/台灣海關報關制度與EZWAY.md	knowledge/Lifestyle/台灣海關報關制度與EZWAY.md:1145	mixed	qminfpianw	全民防騙網	
zh-essay	knowledge/Lifestyle/台灣海關報關制度與EZWAY.md	knowledge/Lifestyle/台灣海關報關制度與EZWAY.md:1145	transpose	quanminfanpgianwang	全民防騙網	
zh-essay	knowledge/Lifestyle/台灣海關報關制度與EZWAY.md	knowledge/Lifestyle/台灣海關報關制度與EZWAY.md:317	full	nianshanggui	年上櫃	
zh-essay	knowledge/Lifestyle/台灣海關報關制度與EZWAY.md	knowledge/Lifestyle/台灣海關報關制度與EZWAY.md:317	half	niansh	年上櫃	
zh-essay	knowledge/Lifestyle/台灣海關報關制度與EZWAY.md	knowledge/Lifestyle/台灣海關報關制度與EZWAY.md:317	initials	nsg	年上櫃	
zh-essay	knowledge/Lifestyle/台灣海關報關制度與EZWAY.md	knowledge/Lifestyle/台灣海關報關制度與EZWAY.md:317	mixed	nshangg	年上櫃	
zh-essay	knowledge/Lifestyle/台灣海關報關制度與EZWAY.md	knowledge/Lifestyle/台灣海關報關制度與EZWAY.md:317	transpose	inanshanggui	年上櫃	
zh-essay	knowledge/Lifestyle/台灣海關報關制度與EZWAY.md	knowledge/Lifestyle/台灣海關報關制度與EZWAY.md:761	full	jingjiribao	經濟日報	
zh-essay	knowledge/Lifestyle/台灣海關報關制度與EZWAY.md	knowledge/Lifestyle/台灣海關報關制度與EZWAY.md:761	half	jingj	經濟日報	
zh-essay	knowledge/Lifestyle/台灣海關報關制度與EZWAY.md	knowledge/Lifestyle/台灣海關報關制度與EZWAY.md:761	initials	jjrb	經濟日報	
zh-essay	knowledge/Lifestyle/台灣海關報關制度與EZWAY.md	knowledge/Lifestyle/台灣海關報關制度與EZWAY.md:761	mixed	jjirbao	經濟日報	
zh-essay	knowledge/Lifestyle/台灣海關報關制度與EZWAY.md	knowledge/Lifestyle/台灣海關報關制度與EZWAY.md:761	transpose	jnigjiribao	經濟日報	
zh-essay	knowledge/Lifestyle/台灣海關報關制度與EZWAY.md	knowledge/Lifestyle/台灣海關報關制度與EZWAY.md:984	full	zaimingguanwushuziminguo	載明關務署自民國	
zh-essay	knowledge/Lifestyle/台灣海關報關制度與EZWAY.md	knowledge/Lifestyle/台灣海關報關制度與EZWAY.md:984	half	zaimingguanw	載明關務署自民國	
zh-essay	knowledge/Lifestyle/台灣海關報關制度與EZWAY.md	knowledge/Lifestyle/台灣海關報關制度與EZWAY.md:984	initials	zmgwszmg	載明關務署自民國	
zh-essay	knowledge/Lifestyle/台灣海關報關制度與EZWAY.md	knowledge/Lifestyle/台灣海關報關制度與EZWAY.md:984	mixed	zminggwuszimguo	載明關務署自民國	
zh-essay	knowledge/Lifestyle/台灣海關報關制度與EZWAY.md	knowledge/Lifestyle/台灣海關報關制度與EZWAY.md:984	transpose	zaimingguanwushuziminguo	載明關務署自民國	
zh-essay	knowledge/Lifestyle/台灣海關報關制度與EZWAY.md	knowledge/Lifestyle/台灣海關報關制度與EZWAY.md:695	full	qiuchong	丘崈	
zh-essay	knowledge/Lifestyle/台灣海關報關制度與EZWAY.md	knowledge/Lifestyle/台灣海關報關制度與EZWAY.md:695	half	qiuc	丘崈	
zh-essay	knowledge/Lifestyle/台灣海關報關制度與EZWAY.md	knowledge/Lifestyle/台灣海關報關制度與EZWAY.md:695	initials	qc	丘崈	
zh-essay	knowledge/Lifestyle/台灣海關報關制度與EZWAY.md	knowledge/Lifestyle/台灣海關報關制度與EZWAY.md:695	mixed	qchong	丘崈	
zh-essay	knowledge/Lifestyle/台灣海關報關制度與EZWAY.md	knowledge/Lifestyle/台灣海關報關制度與EZWAY.md:695	transpose	qicuhong	丘崈	
zh-essay	knowledge/Lifestyle/台灣海關報關制度與EZWAY.md	knowledge/Lifestyle/台灣海關報關制度與EZWAY.md:169	full	tongguanshijianyou	通關時間由	
zh-essay	knowledge/Lifestyle/台灣海關報關制度與EZWAY.md	knowledge/Lifestyle/台灣海關報關制度與EZWAY.md:169	half	tongguans	通關時間由	
zh-essay	knowledge/Lifestyle/台灣海關報關制度與EZWAY.md	knowledge/Lifestyle/台灣海關報關制度與EZWAY.md:169	initials	tgsjy	通關時間由	
zh-essay	knowledge/Lifestyle/台灣海關報關制度與EZWAY.md	knowledge/Lifestyle/台灣海關報關制度與EZWAY.md:169	mixed	tguansjiany	通關時間由	
zh-essay	knowledge/Lifestyle/台灣海關報關制度與EZWAY.md	knowledge/Lifestyle/台灣海關報關制度與EZWAY.md:169	transpose	tongguanshijianyuo	通關時間由	
zh-essay	knowledge/Lifestyle/台灣海關報關制度與EZWAY.md	knowledge/Lifestyle/台灣海關報關制度與EZWAY.md:411	full	gongkaijiangfazhishaoyousanzhongsuanfa	公開講法至少有三種算法	
zh-essay	knowledge/Lifestyle/台灣海關報關制度與EZWAY.md	knowledge/Lifestyle/台灣海關報關制度與EZWAY.md:411	half	gongkaijiangfazhish	公開講法至少有三種算法	
zh-essay	knowledge/Lifestyle/台灣海關報關制度與EZWAY.md	knowledge/Lifestyle/台灣海關報關制度與EZWAY.md:411	initials	gkjfzsyszsf	公開講法至少有三種算法	
zh-essay	knowledge/Lifestyle/台灣海關報關制度與EZWAY.md	knowledge/Lifestyle/台灣海關報關制度與EZWAY.md:411	mixed	gkaijfazshaoysanzsuanf	公開講法至少有三種算法	
zh-essay	knowledge/Lifestyle/台灣海關報關制度與EZWAY.md	knowledge/Lifestyle/台灣海關報關制度與EZWAY.md:411	transpose	gongkaijiangfazhishaoyousanhzongsuanfa	公開講法至少有三種算法	
zh-essay	knowledge/Lifestyle/台灣海關報關制度與EZWAY.md	knowledge/Lifestyle/台灣海關報關制度與EZWAY.md:226	full	buweirenjiubutongguan	不委任就不通關	
zh-essay	knowledge/Lifestyle/台灣海關報關制度與EZWAY.md	knowledge/Lifestyle/台灣海關報關制度與EZWAY.md:226	half	buweirenji	不委任就不通關	
zh-essay	knowledge/Lifestyle/台灣海關報關制度與EZWAY.md	knowledge/Lifestyle/台灣海關報關制度與EZWAY.md:226	initials	bwrjbtg	不委任就不通關	
zh-essay	knowledge/Lifestyle/台灣海關報關制度與EZWAY.md	knowledge/Lifestyle/台灣海關報關制度與EZWAY.md:226	mixed	bweirjiubtongg	不委任就不通關	
zh-essay	knowledge/Lifestyle/台灣海關報關制度與EZWAY.md	knowledge/Lifestyle/台灣海關報關制度與EZWAY.md:226	transpose	buweirenjiuubtongguan	不委任就不通關	
zh-essay	knowledge/Lifestyle/台灣海關報關制度與EZWAY.md	knowledge/Lifestyle/台灣海關報關制度與EZWAY.md:511	full	sikaodangzhong	思考當中	
zh-essay	knowledge/Lifestyle/台灣海關報關制度與EZWAY.md	knowledge/Lifestyle/台灣海關報關制度與EZWAY.md:511	half	sikaoda	思考當中	
zh-essay	knowledge/Lifestyle/台灣海關報關制度與EZWAY.md	knowledge/Lifestyle/台灣海關報關制度與EZWAY.md:511	initials	skdz	思考當中	
zh-essay	knowledge/Lifestyle/台灣海關報關制度與EZWAY.md	knowledge/Lifestyle/台灣海關報關制度與EZWAY.md:511	mixed	skaodzhong	思考當中	
zh-essay	knowledge/Lifestyle/台灣海關報關制度與EZWAY.md	knowledge/Lifestyle/台灣海關報關制度與EZWAY.md:511	transpose	iskaodangzhong	思考當中	
zh-essay	knowledge/Lifestyle/台灣機車文化.md	knowledge/Lifestyle/台灣機車文化.md:158	full	tongnian	同年	
zh-essay	knowledge/Lifestyle/台灣機車文化.md	knowledge/Lifestyle/台灣機車文化.md:158	half	tong	同年	
zh-essay	knowledge/Lifestyle/台灣機車文化.md	knowledge/Lifestyle/台灣機車文化.md:158	initials	tn	同年	
zh-essay	knowledge/Lifestyle/台灣機車文化.md	knowledge/Lifestyle/台灣機車文化.md:158	mixed	tnian	同年	
zh-essay	knowledge/Lifestyle/台灣機車文化.md	knowledge/Lifestyle/台灣機車文化.md:158	transpose	tonngian	同年	
zh-essay	knowledge/Lifestyle/台灣機車文化.md	knowledge/Lifestyle/台灣機車文化.md:67	full	zaitaiwanzuzhuang	在台灣組裝	
zh-essay	knowledge/Lifestyle/台灣機車文化.md	knowledge/Lifestyle/台灣機車文化.md:67	half	zaitaiwa	在台灣組裝	
zh-essay	knowledge/Lifestyle/台灣機車文化.md	knowledge/Lifestyle/台灣機車文化.md:67	initials	ztwzz	在台灣組裝	
zh-essay	knowledge/Lifestyle/台灣機車文化.md	knowledge/Lifestyle/台灣機車文化.md:67	mixed	ztaiwzuz	在台灣組裝	
zh-essay	knowledge/Lifestyle/台灣機車文化.md	knowledge/Lifestyle/台灣機車文化.md:67	transpose	zatiaiwanzuzhuang	在台灣組裝	
zh-essay	knowledge/Lifestyle/台灣機車文化.md	knowledge/Lifestyle/台灣機車文化.md:73	full	nianchanchaoguo	年產超過	
zh-essay	knowledge/Lifestyle/台灣機車文化.md	knowledge/Lifestyle/台灣機車文化.md:73	half	niancha	年產超過	
zh-essay	knowledge/Lifestyle/台灣機車文化.md	knowledge/Lifestyle/台灣機車文化.md:73	initials	nccg	年產超過	
zh-essay	knowledge/Lifestyle/台灣機車文化.md	knowledge/Lifestyle/台灣機車文化.md:73	mixed	nchancguo	年產超過	
zh-essay	knowledge/Lifestyle/台灣機車文化.md	knowledge/Lifestyle/台灣機車文化.md:73	transpose	nianhcanchaoguo	年產超過	
zh-essay	knowledge/Lifestyle/台灣機車文化.md	knowledge/Lifestyle/台灣機車文化.md:168	full	xinjiapodanmaxi	新加坡淡馬錫	
zh-essay	knowledge/Lifestyle/台灣機車文化.md	knowledge/Lifestyle/台灣機車文化.md:168	half	xinjiap	新加坡淡馬錫	
zh-essay	knowledge/Lifestyle/台灣機車文化.md	knowledge/Lifestyle/台灣機車文化.md:168	initials	xjpdmx	新加坡淡馬錫	
zh-essay	knowledge/Lifestyle/台灣機車文化.md	knowledge/Lifestyle/台灣機車文化.md:168	mixed	xjiapdanmxi	新加坡淡馬錫	
zh-essay	knowledge/Lifestyle/台灣機車文化.md	knowledge/Lifestyle/台灣機車文化.md:168	transpose	xijniapodanmaxi	新加坡淡馬錫	
zh-essay	knowledge/Lifestyle/台灣機車文化.md	knowledge/Lifestyle/台灣機車文化.md:327	full	budebu	不得不	
zh-essay	knowledge/Lifestyle/台灣機車文化.md	knowledge/Lifestyle/台灣機車文化.md:327	half	bud	不得不	
zh-essay	knowledge/Lifestyle/台灣機車文化.md	knowledge/Lifestyle/台灣機車文化.md:327	initials	bdb	不得不	
zh-essay	knowledge/Lifestyle/台灣機車文化.md	knowledge/Lifestyle/台灣機車文化.md:327	mixed	bdeb	不得不	
zh-essay	knowledge/Lifestyle/台灣機車文化.md	knowledge/Lifestyle/台灣機車文化.md:327	transpose	ubdebu	不得不	
zh-essay	knowledge/Lifestyle/台灣機車文化.md	knowledge/Lifestyle/台灣機車文化.md:217	full	xilie	系列	
zh-essay	knowledge/Lifestyle/台灣機車文化.md	knowledge/Lifestyle/台灣機車文化.md:217	half	xi	系列	
zh-essay	knowledge/Lifestyle/台灣機車文化.md	knowledge/Lifestyle/台灣機車文化.md:217	initials	xl	系列	
zh-essay	knowledge/Lifestyle/台灣機車文化.md	knowledge/Lifestyle/台灣機車文化.md:217	mixed	xlie	系列	
zh-essay	knowledge/Lifestyle/台灣機車文化.md	knowledge/Lifestyle/台灣機車文化.md:217	transpose	xliie	系列	
zh-essay	knowledge/Lifestyle/台灣機車文化.md	knowledge/Lifestyle/台灣機車文化.md:224	full	zhenying	陣營	
zh-essay	knowledge/Lifestyle/台灣機車文化.md	knowledge/Lifestyle/台灣機車文化.md:224	half	zhen	陣營	
zh-essay	knowledge/Lifestyle/台灣機車文化.md	knowledge/Lifestyle/台灣機車文化.md:224	initials	zy	陣營	
zh-essay	knowledge/Lifestyle/台灣機車文化.md	knowledge/Lifestyle/台灣機車文化.md:224	mixed	zying	陣營	
zh-essay	knowledge/Lifestyle/台灣機車文化.md	knowledge/Lifestyle/台灣機車文化.md:224	transpose	zheyning	陣營	
zh-essay	knowledge/Lifestyle/台灣機車文化.md	knowledge/Lifestyle/台灣機車文化.md:128	full	daolujiaotongguanlichufatiaoli	道路交通管理處罰條例	
zh-essay	knowledge/Lifestyle/台灣機車文化.md	knowledge/Lifestyle/台灣機車文化.md:128	half	daolujiaotonggu	道路交通管理處罰條例	
zh-essay	knowledge/Lifestyle/台灣機車文化.md	knowledge/Lifestyle/台灣機車文化.md:128	initials	dljtglcftl	道路交通管理處罰條例	
zh-essay	knowledge/Lifestyle/台灣機車文化.md	knowledge/Lifestyle/台灣機車文化.md:128	mixed	dlujtongglicfatli	道路交通管理處罰條例	
zh-essay	knowledge/Lifestyle/台灣機車文化.md	knowledge/Lifestyle/台灣機車文化.md:128	transpose	daolujiaotognguanlichufatiaoli	道路交通管理處罰條例	
zh-essay	knowledge/Lifestyle/台灣機車文化.md	knowledge/Lifestyle/台灣機車文化.md:333	full	liushiwunianhou	六十五年後	
zh-essay	knowledge/Lifestyle/台灣機車文化.md	knowledge/Lifestyle/台灣機車文化.md:333	half	liushiw	六十五年後	
zh-essay	knowledge/Lifestyle/台灣機車文化.md	knowledge/Lifestyle/台灣機車文化.md:333	initials	lswnh	六十五年後	
zh-essay	knowledge/Lifestyle/台灣機車文化.md	knowledge/Lifestyle/台灣機車文化.md:333	mixed	lshiwnianh	六十五年後	
zh-essay	knowledge/Lifestyle/台灣機車文化.md	knowledge/Lifestyle/台灣機車文化.md:333	transpose	liushwiunianhou	六十五年後	
zh-essay	knowledge/Lifestyle/台灣機車文化.md	knowledge/Lifestyle/台灣機車文化.md:315	full	yindu	印度	
zh-essay	knowledge/Lifestyle/台灣機車文化.md	knowledge/Lifestyle/台灣機車文化.md:315	half	yi	印度	
zh-essay	knowledge/Lifestyle/台灣機車文化.md	knowledge/Lifestyle/台灣機車文化.md:315	initials	yd	印度	
zh-essay	knowledge/Lifestyle/台灣機車文化.md	knowledge/Lifestyle/台灣機車文化.md:315	mixed	ydu	印度	
zh-essay	knowledge/Lifestyle/台灣機車文化.md	knowledge/Lifestyle/台灣機車文化.md:315	transpose	ynidu	印度	
zh-essay	knowledge/Lifestyle/台灣機車文化.md	knowledge/Lifestyle/台灣機車文化.md:160	full	diyiliang	第一輛	
zh-essay	knowledge/Lifestyle/台灣機車文化.md	knowledge/Lifestyle/台灣機車文化.md:160	half	diyi	第一輛	
zh-essay	knowledge/Lifestyle/台灣機車文化.md	knowledge/Lifestyle/台灣機車文化.md:160	initials	dyl	第一輛	
zh-essay	knowledge/Lifestyle/台灣機車文化.md	knowledge/Lifestyle/台灣機車文化.md:160	mixed	dyil	第一輛	
zh-essay	knowledge/Lifestyle/台灣機車文化.md	knowledge/Lifestyle/台灣機車文化.md:160	transpose	diyilaing	第一輛	
zh-essay	knowledge/Lifestyle/台灣機車文化.md	knowledge/Lifestyle/台灣機車文化.md:176	full	touguo	透過	
zh-essay	knowledge/Lifestyle/台灣機車文化.md	knowledge/Lifestyle/台灣機車文化.md:176	half	tou	透過	
zh-essay	knowledge/Lifestyle/台灣機車文化.md	knowledge/Lifestyle/台灣機車文化.md:176	initials	tg	透過	
zh-essay	knowledge/Lifestyle/台灣機車文化.md	knowledge/Lifestyle/台灣機車文化.md:176	mixed	tguo	透過	
zh-essay	knowledge/Lifestyle/台灣機車文化.md	knowledge/Lifestyle/台灣機車文化.md:176	transpose	toguuo	透過	
zh-essay	knowledge/Lifestyle/台灣機車文化.md	knowledge/Lifestyle/台灣機車文化.md:173	full	yimeiyuan	億美元	
zh-essay	knowledge/Lifestyle/台灣機車文化.md	knowledge/Lifestyle/台灣機車文化.md:173	half	yime	億美元	
zh-essay	knowledge/Lifestyle/台灣機車文化.md	knowledge/Lifestyle/台灣機車文化.md:173	initials	ymy	億美元	
zh-essay	knowledge/Lifestyle/台灣機車文化.md	knowledge/Lifestyle/台灣機車文化.md:173	mixed	ymeiy	億美元	
zh-essay	knowledge/Lifestyle/台灣機車文化.md	knowledge/Lifestyle/台灣機車文化.md:173	transpose	yimeyiuan	億美元	
zh-essay	knowledge/Lifestyle/台灣機車文化.md	knowledge/Lifestyle/台灣機車文化.md:17	full	gongli	公里	
zh-essay	knowledge/Lifestyle/台灣機車文化.md	knowledge/Lifestyle/台灣機車文化.md:17	half	gon	公里	
zh-essay	knowledge/Lifestyle/台灣機車文化.md	knowledge/Lifestyle/台灣機車文化.md:17	initials	gl	公里	
zh-essay	knowledge/Lifestyle/台灣機車文化.md	knowledge/Lifestyle/台灣機車文化.md:17	mixed	gli	公里	
zh-essay	knowledge/Lifestyle/台灣機車文化.md	knowledge/Lifestyle/台灣機車文化.md:17	transpose	gongil	公里	
zh-essay	knowledge/Lifestyle/台灣機車文化.md	knowledge/Lifestyle/台灣機車文化.md:13	full	taibeiyou	台北有	
zh-essay	knowledge/Lifestyle/台灣機車文化.md	knowledge/Lifestyle/台灣機車文化.md:13	half	taib	台北有	
zh-essay	knowledge/Lifestyle/台灣機車文化.md	knowledge/Lifestyle/台灣機車文化.md:13	initials	tby	台北有	
zh-essay	knowledge/Lifestyle/台灣機車文化.md	knowledge/Lifestyle/台灣機車文化.md:13	mixed	tbeiy	台北有	
zh-essay	knowledge/Lifestyle/台灣機車文化.md	knowledge/Lifestyle/台灣機車文化.md:13	transpose	taibeioyu	台北有	
zh-essay	knowledge/Lifestyle/台灣機車文化.md	knowledge/Lifestyle/台灣機車文化.md:223	full	bujiaru	不加入	
zh-essay	knowledge/Lifestyle/台灣機車文化.md	knowledge/Lifestyle/台灣機車文化.md:223	half	buj	不加入	
zh-essay	knowledge/Lifestyle/台灣機車文化.md	knowledge/Lifestyle/台灣機車文化.md:223	initials	bjr	不加入	
zh-essay	knowledge/Lifestyle/台灣機車文化.md	knowledge/Lifestyle/台灣機車文化.md:223	mixed	bjiar	不加入	
zh-essay	knowledge/Lifestyle/台灣機車文化.md	knowledge/Lifestyle/台灣機車文化.md:223	transpose	bujiaur	不加入	
zh-essay	knowledge/Music/台灣民歌運動.md	knowledge/Music/台灣民歌運動.md:182	full	hudefujieshouwanchengluzhi	胡德夫接手完成錄製	
zh-essay	knowledge/Music/台灣民歌運動.md	knowledge/Music/台灣民歌運動.md:182	half	hudefujieshou	胡德夫接手完成錄製	
zh-essay	knowledge/Music/台灣民歌運動.md	knowledge/Music/台灣民歌運動.md:182	initials	hdfjswclz	胡德夫接手完成錄製	
zh-essay	knowledge/Music/台灣民歌運動.md	knowledge/Music/台灣民歌運動.md:182	mixed	hdefjieswancluz	胡德夫接手完成錄製	
zh-essay	knowledge/Music/台灣民歌運動.md	knowledge/Music/台灣民歌運動.md:182	transpose	hudefujieshouwanchengluhzi	胡德夫接手完成錄製	
zh-essay	knowledge/Music/台灣民歌運動.md	knowledge/Music/台灣民歌運動.md:82	full	danjiangshijian	淡江事件	
zh-essay	knowledge/Music/台灣民歌運動.md	knowledge/Music/台灣民歌運動.md:82	half	danjian	淡江事件	
zh-essay	knowledge/Music/台灣民歌運動.md	knowledge/Music/台灣民歌運動.md:82	initials	djsj	淡江事件	
zh-essay	knowledge/Music/台灣民歌運動.md	knowledge/Music/台灣民歌運動.md:82	mixed	djiangsjian	淡江事件	
zh-essay	knowledge/Music/台灣民歌運動.md	knowledge/Music/台灣民歌運動.md:82	transpose	danjiagnshijian	淡江事件	
zh-essay	knowledge/Music/台灣民歌運動.md	knowledge/Music/台灣民歌運動.md:111	full	nianhaishanchangpianchuangban	年海山唱片創辦	
zh-essay	knowledge/Music/台灣民歌運動.md	knowledge/Music/台灣民歌運動.md:111	half	nianhaishancha	年海山唱片創辦	
zh-essay	knowledge/Music/台灣民歌運動.md	knowledge/Music/台灣民歌運動.md:111	initials	nhscpcb	年海山唱片創辦	
zh-essay	knowledge/Music/台灣民歌運動.md	knowledge/Music/台灣民歌運動.md:111	mixed	nhaischangpchuangb	年海山唱片創辦	
zh-essay	knowledge/Music/台灣民歌運動.md	knowledge/Music/台灣民歌運動.md:111	transpose	nianhaishanchangpiacnhuangban	年海山唱片創辦	
zh-essay	knowledge/Music/台灣民歌運動.md	knowledge/Music/台灣民歌運動.md:116	full	baomeisheng	包美聖	
zh-essay	knowledge/Music/台灣民歌運動.md	knowledge/Music/台灣民歌運動.md:116	half	baome	包美聖	
zh-essay	knowledge/Music/台灣民歌運動.md	knowledge/Music/台灣民歌運動.md:116	initials	bms	包美聖	
zh-essay	knowledge/Music/台灣民歌運動.md	knowledge/Music/台灣民歌運動.md:116	mixed	bmeis	包美聖	
zh-essay	knowledge/Music/台灣民歌運動.md	knowledge/Music/台灣民歌運動.md:116	transpose	baomesiheng	包美聖	
zh-essay	knowledge/Music/台灣民歌運動.md	knowledge/Music/台灣民歌運動.md:245	full	shidaijingshen	時代精神	
zh-essay	knowledge/Music/台灣民歌運動.md	knowledge/Music/台灣民歌運動.md:245	half	shidaij	時代精神	
zh-essay	knowledge/Music/台灣民歌運動.md	knowledge/Music/台灣民歌運動.md:245	initials	sdjs	時代精神	
zh-essay	knowledge/Music/台灣民歌運動.md	knowledge/Music/台灣民歌運動.md:245	mixed	sdaijshen	時代精神	
zh-essay	knowledge/Music/台灣民歌運動.md	knowledge/Music/台灣民歌運動.md:245	transpose	shidaijinghsen	時代精神	
zh-essay	knowledge/Music/台灣民歌運動.md	knowledge/Music/台灣民歌運動.md:290	full	zhongshantang	中山堂	
zh-essay	knowledge/Music/台灣民歌運動.md	knowledge/Music/台灣民歌運動.md:290	half	zhongs	中山堂	
zh-essay	knowledge/Music/台灣民歌運動.md	knowledge/Music/台灣民歌運動.md:290	initials	zst	中山堂	
zh-essay	knowledge/Music/台灣民歌運動.md	knowledge/Music/台灣民歌運動.md:290	mixed	zshant	中山堂	
zh-essay	knowledge/Music/台灣民歌運動.md	knowledge/Music/台灣民歌運動.md:290	transpose	zhnogshantang	中山堂	
zh-essay	knowledge/Music/台灣民歌運動.md	knowledge/Music/台灣民歌運動.md:315	full	zhongwenweiji	中文維基	
zh-essay	knowledge/Music/台灣民歌運動.md	knowledge/Music/台灣民歌運動.md:315	half	zhongw	中文維基	
zh-essay	knowledge/Music/台灣民歌運動.md	knowledge/Music/台灣民歌運動.md:315	initials	zwwj	中文維基	
zh-essay	knowledge/Music/台灣民歌運動.md	knowledge/Music/台灣民歌運動.md:315	mixed	zwenwji	中文維基	
zh-essay	knowledge/Music/台灣民歌運動.md	knowledge/Music/台灣民歌運動.md:315	transpose	zhongwenweiij	中文維基	
zh-essay	knowledge/Music/台灣民歌運動.md	knowledge/Music/台灣民歌運動.md:113	full	bisai	比賽	
zh-essay	knowledge/Music/台灣民歌運動.md	knowledge/Music/台灣民歌運動.md:113	half	bi	比賽	
zh-essay	knowledge/Music/台灣民歌運動.md	knowledge/Music/台灣民歌運動.md:113	initials	bs	比賽	
zh-essay	knowledge/Music/台灣民歌運動.md	knowledge/Music/台灣民歌運動.md:113	mixed	bsai	比賽	
zh-essay	knowledge/Music/台灣民歌運動.md	knowledge/Music/台灣民歌運動.md:113	transpose	bisia	比賽	
zh-essay	knowledge/Music/台灣民歌運動.md	knowledge/Music/台灣民歌運動.md:272	full	renwu	人物	
zh-essay	knowledge/Music/台灣民歌運動.md	knowledge/Music/台灣民歌運動.md:272	half	re	人物	
zh-essay	knowledge/Music/台灣民歌運動.md	knowledge/Music/台灣民歌運動.md:272	initials	rw	人物	
zh-essay	knowledge/Music/台灣民歌運動.md	knowledge/Music/台灣民歌運動.md:272	mixed	rwu	人物	
zh-essay	knowledge/Music/台灣民歌運動.md	knowledge/Music/台灣民歌運動.md:272	transpose	rewnu	人物	
zh-essay	knowledge/Music/台灣民歌運動.md	knowledge/Music/台灣民歌運動.md:112	full	minyaofeng	民謠風	
zh-essay	knowledge/Music/台灣民歌運動.md	knowledge/Music/台灣民歌運動.md:112	half	minya	民謠風	
zh-essay	knowledge/Music/台灣民歌運動.md	knowledge/Music/台灣民歌運動.md:112	initials	myf	民謠風	
zh-essay	knowledge/Music/台灣民歌運動.md	knowledge/Music/台灣民歌運動.md:112	mixed	myaof	民謠風	
zh-essay	knowledge/Music/台灣民歌運動.md	knowledge/Music/台灣民歌運動.md:112	transpose	imnyaofeng	民謠風	
zh-essay	knowledge/Music/台灣民歌運動.md	knowledge/Music/台灣民歌運動.md:224	full	jinru	進入	
zh-essay	knowledge/Music/台灣民歌運動.md	knowledge/Music/台灣民歌運動.md:224	half	ji	進入	
zh-essay	knowledge/Music/台灣民歌運動.md	knowledge/Music/台灣民歌運動.md:224	initials	jr	進入	
zh-essay	knowledge/Music/台灣民歌運動.md	knowledge/Music/台灣民歌運動.md:224	mixed	jru	進入	
zh-essay	knowledge/Music/台灣民歌運動.md	knowledge/Music/台灣民歌運動.md:224	transpose	jinur	進入	
zh-essay	knowledge/Music/台灣民歌運動.md	knowledge/Music/台灣民歌運動.md:123	full	minyaofeng	民謠風	
zh-essay	knowledge/Music/台灣民歌運動.md	knowledge/Music/台灣民歌運動.md:123	half	minya	民謠風	
zh-essay	knowledge/Music/台灣民歌運動.md	knowledge/Music/台灣民歌運動.md:123	initials	myf	民謠風	
zh-essay	knowledge/Music/台灣民歌運動.md	knowledge/Music/台灣民歌運動.md:123	mixed	myaof	民謠風	
zh-essay	knowledge/Music/台灣民歌運動.md	knowledge/Music/台灣民歌運動.md:123	transpose	minyaoefng	民謠風	
zh-essay	knowledge/Music/台灣民歌運動.md	knowledge/Music/台灣民歌運動.md:119	full	jinyunjiang	金韻獎	
zh-essay	knowledge/Music/台灣民歌運動.md	knowledge/Music/台灣民歌運動.md:119	half	jinyu	金韻獎	
zh-essay	knowledge/Music/台灣民歌運動.md	knowledge/Music/台灣民歌運動.md:119	initials	jyj	金韻獎	
zh-essay	knowledge/Music/台灣民歌運動.md	knowledge/Music/台灣民歌運動.md:119	mixed	jyunj	金韻獎	
zh-essay	knowledge/Music/台灣民歌運動.md	knowledge/Music/台灣民歌運動.md:119	transpose	jiynunjiang	金韻獎	
zh-essay	knowledge/Music/台灣民歌運動.md	knowledge/Music/台灣民歌運動.md:280	full	meilidao	美麗島	
zh-essay	knowledge/Music/台灣民歌運動.md	knowledge/Music/台灣民歌運動.md:280	half	meil	美麗島	
zh-essay	knowledge/Music/台灣民歌運動.md	knowledge/Music/台灣民歌運動.md:280	initials	mld	美麗島	
zh-essay	knowledge/Music/台灣民歌運動.md	knowledge/Music/台灣民歌運動.md:280	mixed	mlid	美麗島	
zh-essay	knowledge/Music/台灣民歌運動.md	knowledge/Music/台灣民歌運動.md:280	transpose	meiildao	美麗島	
zh-essay	knowledge/Music/台灣民歌運動.md	knowledge/Music/台灣民歌運動.md:316	full	hudefu	胡德夫	
zh-essay	knowledge/Music/台灣民歌運動.md	knowledge/Music/台灣民歌運動.md:316	half	hud	胡德夫	
zh-essay	knowledge/Music/台灣民歌運動.md	knowledge/Music/台灣民歌運動.md:316	initials	hdf	胡德夫	
zh-essay	knowledge/Music/台灣民歌運動.md	knowledge/Music/台灣民歌運動.md:316	mixed	hdef	胡德夫	
zh-essay	knowledge/Music/台灣民歌運動.md	knowledge/Music/台灣民歌運動.md:316	transpose	hudfeu	胡德夫	
zh-essay	knowledge/Music/台灣民歌運動.md	knowledge/Music/台灣民歌運動.md:178	full	meilidao	美麗島	
zh-essay	knowledge/Music/台灣民歌運動.md	knowledge/Music/台灣民歌運動.md:178	half	meil	美麗島	
zh-essay	knowledge/Music/台灣民歌運動.md	knowledge/Music/台灣民歌運動.md:178	initials	mld	美麗島	
zh-essay	knowledge/Music/台灣民歌運動.md	knowledge/Music/台灣民歌運動.md:178	mixed	mlid	美麗島	
zh-essay	knowledge/Music/台灣民歌運動.md	knowledge/Music/台灣民歌運動.md:178	transpose	meildiao	美麗島	
zh-essay	knowledge/Music/台灣嘻哈與饒舌發展.md	knowledge/Music/台灣嘻哈與饒舌發展.md:274	full	wangzhiyou	王之佑	
zh-essay	knowledge/Music/台灣嘻哈與饒舌發展.md	knowledge/Music/台灣嘻哈與饒舌發展.md:274	half	wangz	王之佑	
zh-essay	knowledge/Music/台灣嘻哈與饒舌發展.md	knowledge/Music/台灣嘻哈與饒舌發展.md:274	initials	wzy	王之佑	
zh-essay	knowledge/Music/台灣嘻哈與饒舌發展.md	knowledge/Music/台灣嘻哈與饒舌發展.md:274	mixed	wzhiy	王之佑	
zh-essay	knowledge/Music/台灣嘻哈與饒舌發展.md	knowledge/Music/台灣嘻哈與饒舌發展.md:274	transpose	wnagzhiyou	王之佑	
zh-essay	knowledge/Music/台灣嘻哈與饒舌發展.md	knowledge/Music/台灣嘻哈與饒舌發展.md:513	full	sheyun	社運	
zh-essay	knowledge/Music/台灣嘻哈與饒舌發展.md	knowledge/Music/台灣嘻哈與饒舌發展.md:513	half	she	社運	
zh-essay	knowledge/Music/台灣嘻哈與饒舌發展.md	knowledge/Music/台灣嘻哈與饒舌發展.md:513	initials	sy	社運	
zh-essay	knowledge/Music/台灣嘻哈與饒舌發展.md	knowledge/Music/台灣嘻哈與饒舌發展.md:513	mixed	syun	社運	
zh-essay	knowledge/Music/台灣嘻哈與饒舌發展.md	knowledge/Music/台灣嘻哈與饒舌發展.md:513	transpose	sheynu	社運	
zh-essay	knowledge/Music/台灣嘻哈與饒舌發展.md	knowledge/Music/台灣嘻哈與饒舌發展.md:518	full	yiwunian	一五年	
zh-essay	knowledge/Music/台灣嘻哈與饒舌發展.md	knowledge/Music/台灣嘻哈與饒舌發展.md:518	half	yiwu	一五年	
zh-essay	knowledge/Music/台灣嘻哈與饒舌發展.md	knowledge/Music/台灣嘻哈與饒舌發展.md:518	initials	ywn	一五年	
zh-essay	knowledge/Music/台灣嘻哈與饒舌發展.md	knowledge/Music/台灣嘻哈與饒舌發展.md:518	mixed	ywun	一五年	
zh-essay	knowledge/Music/台灣嘻哈與饒舌發展.md	knowledge/Music/台灣嘻哈與饒舌發展.md:518	transpose	iywunian	一五年	
zh-essay	knowledge/Music/台灣嘻哈與饒舌發展.md	knowledge/Music/台灣嘻哈與饒舌發展.md:1086	full	songyuetingyushuangyunjiqiao	宋岳庭與雙韻技巧	
zh-essay	knowledge/Music/台灣嘻哈與饒舌發展.md	knowledge/Music/台灣嘻哈與饒舌發展.md:1086	half	songyuetingyus	宋岳庭與雙韻技巧	
zh-essay	knowledge/Music/台灣嘻哈與饒舌發展.md	knowledge/Music/台灣嘻哈與饒舌發展.md:1086	initials	sytysyjq	宋岳庭與雙韻技巧	
zh-essay	knowledge/Music/台灣嘻哈與饒舌發展.md	knowledge/Music/台灣嘻哈與饒舌發展.md:1086	mixed	syuetyusyunjqiao	宋岳庭與雙韻技巧	
zh-essay	knowledge/Music/台灣嘻哈與饒舌發展.md	knowledge/Music/台灣嘻哈與饒舌發展.md:1086	transpose	songyuetingyushuangyunjqiiao	宋岳庭與雙韻技巧	
zh-essay	knowledge/Music/台灣嘻哈與饒舌發展.md	knowledge/Music/台灣嘻哈與饒舌發展.md:1265	full	guanfanglianshu	官方臉書	
zh-essay	knowledge/Music/台灣嘻哈與饒舌發展.md	knowledge/Music/台灣嘻哈與饒舌發展.md:1265	half	guanfan	官方臉書	
zh-essay	knowledge/Music/台灣嘻哈與饒舌發展.md	knowledge/Music/台灣嘻哈與饒舌發展.md:1265	initials	gfls	官方臉書	
zh-essay	knowledge/Music/台灣嘻哈與饒舌發展.md	knowledge/Music/台灣嘻哈與饒舌發展.md:1265	mixed	gfanglshu	官方臉書	
zh-essay	knowledge/Music/台灣嘻哈與饒舌發展.md	knowledge/Music/台灣嘻哈與饒舌發展.md:1265	transpose	guafnanglianshu	官方臉書	
zh-essay	knowledge/Music/台灣嘻哈與饒舌發展.md	knowledge/Music/台灣嘻哈與饒舌發展.md:1536	full	yirenaidaobushe	藝人哀悼不捨	
zh-essay	knowledge/Music/台灣嘻哈與饒舌發展.md	knowledge/Music/台灣嘻哈與饒舌發展.md:1536	half	yirenai	藝人哀悼不捨	
zh-essay	knowledge/Music/台灣嘻哈與饒舌發展.md	knowledge/Music/台灣嘻哈與饒舌發展.md:1536	initials	yradbs	藝人哀悼不捨	
zh-essay	knowledge/Music/台灣嘻哈與饒舌發展.md	knowledge/Music/台灣嘻哈與饒舌發展.md:1536	mixed	yrenadaobshe	藝人哀悼不捨	
zh-essay	knowledge/Music/台灣嘻哈與饒舌發展.md	knowledge/Music/台灣嘻哈與饒舌發展.md:1536	transpose	yirenaidaobuseh	藝人哀悼不捨	
zh-essay	knowledge/Music/台灣嘻哈與饒舌發展.md	knowledge/Music/台灣嘻哈與饒舌發展.md:139	full	jiushitaiyu	就是台語	
zh-essay	knowledge/Music/台灣嘻哈與饒舌發展.md	knowledge/Music/台灣嘻哈與饒舌發展.md:139	half	jiush	就是台語	
zh-essay	knowledge/Music/台灣嘻哈與饒舌發展.md	knowledge/Music/台灣嘻哈與饒舌發展.md:139	initials	jsty	就是台語	
zh-essay	knowledge/Music/台灣嘻哈與饒舌發展.md	knowledge/Music/台灣嘻哈與饒舌發展.md:139	mixed	jshityu	就是台語	
zh-essay	knowledge/Music/台灣嘻哈與饒舌發展.md	knowledge/Music/台灣嘻哈與饒舌發展.md:139	transpose	ijushitaiyu	就是台語	
zh-essay	knowledge/Music/台灣嘻哈與饒舌發展.md	knowledge/Music/台灣嘻哈與饒舌發展.md:1239	full	jingzhoukan	鏡週刊	
zh-essay	knowledge/Music/台灣嘻哈與饒舌發展.md	knowledge/Music/台灣嘻哈與饒舌發展.md:1239	half	jingz	鏡週刊	
zh-essay	knowledge/Music/台灣嘻哈與饒舌發展.md	knowledge/Music/台灣嘻哈與饒舌發展.md:1239	initials	jzk	鏡週刊	
zh-essay	knowledge/Music/台灣嘻哈與饒舌發展.md	knowledge/Music/台灣嘻哈與饒舌發展.md:1239	mixed	jzhouk	鏡週刊	
zh-essay	knowledge/Music/台灣嘻哈與饒舌發展.md	knowledge/Music/台灣嘻哈與饒舌發展.md:1239	transpose	jingzohukan	鏡週刊	
zh-essay	knowledge/Music/台灣嘻哈與饒舌發展.md	knowledge/Music/台灣嘻哈與饒舌發展.md:1381	full	weijibaike	維基百科	
zh-essay	knowledge/Music/台灣嘻哈與饒舌發展.md	knowledge/Music/台灣嘻哈與饒舌發展.md:1381	half	weiji	維基百科	
zh-essay	knowledge/Music/台灣嘻哈與饒舌發展.md	knowledge/Music/台灣嘻哈與饒舌發展.md:1381	initials	wjbk	維基百科	
zh-essay	knowledge/Music/台灣嘻哈與饒舌發展.md	knowledge/Music/台灣嘻哈與饒舌發展.md:1381	mixed	wjibke	維基百科	
zh-essay	knowledge/Music/台灣嘻哈與饒舌發展.md	knowledge/Music/台灣嘻哈與饒舌發展.md:1381	transpose	weiijbaike	維基百科	
zh-essay	knowledge/Music/台灣嘻哈與饒舌發展.md	knowledge/Music/台灣嘻哈與饒舌發展.md:825	full	zhihou	之後	
zh-essay	knowledge/Music/台灣嘻哈與饒舌發展.md	knowledge/Music/台灣嘻哈與饒舌發展.md:825	half	zhi	之後	
zh-essay	knowledge/Music/台灣嘻哈與饒舌發展.md	knowledge/Music/台灣嘻哈與饒舌發展.md:825	initials	zh	之後	
zh-essay	knowledge/Music/台灣嘻哈與饒舌發展.md	knowledge/Music/台灣嘻哈與饒舌發展.md:825	mixed	zhou	之後	
zh-essay	knowledge/Music/台灣嘻哈與饒舌發展.md	knowledge/Music/台灣嘻哈與饒舌發展.md:825	transpose	zihhou	之後	
zh-essay	knowledge/Music/台灣嘻哈與饒舌發展.md	knowledge/Music/台灣嘻哈與饒舌發展.md:592	full	chenyifan	陳奕凡	
zh-essay	knowledge/Music/台灣嘻哈與饒舌發展.md	knowledge/Music/台灣嘻哈與饒舌發展.md:592	half	chen	陳奕凡	
zh-essay	knowledge/Music/台灣嘻哈與饒舌發展.md	knowledge/Music/台灣嘻哈與饒舌發展.md:592	initials	cyf	陳奕凡	
zh-essay	knowledge/Music/台灣嘻哈與饒舌發展.md	knowledge/Music/台灣嘻哈與饒舌發展.md:592	mixed	cyif	陳奕凡	
zh-essay	knowledge/Music/台灣嘻哈與饒舌發展.md	knowledge/Music/台灣嘻哈與饒舌發展.md:592	transpose	cehnyifan	陳奕凡	
zh-essay	knowledge/Music/台灣嘻哈與饒舌發展.md	knowledge/Music/台灣嘻哈與饒舌發展.md:1061	full	quanbu	全部	
zh-essay	knowledge/Music/台灣嘻哈與饒舌發展.md	knowledge/Music/台灣嘻哈與饒舌發展.md:1061	half	qua	全部	
zh-essay	knowledge/Music/台灣嘻哈與饒舌發展.md	knowledge/Music/台灣嘻哈與饒舌發展.md:1061	initials	qb	全部	
zh-essay	knowledge/Music/台灣嘻哈與饒舌發展.md	knowledge/Music/台灣嘻哈與饒舌發展.md:1061	mixed	qbu	全部	
zh-essay	knowledge/Music/台灣嘻哈與饒舌發展.md	knowledge/Music/台灣嘻哈與饒舌發展.md:1061	transpose	qunabu	全部	
zh-essay	knowledge/Music/台灣嘻哈與饒舌發展.md	knowledge/Music/台灣嘻哈與饒舌發展.md:1311	full	lijie	歷屆	
zh-essay	knowledge/Music/台灣嘻哈與饒舌發展.md	knowledge/Music/台灣嘻哈與饒舌發展.md:1311	half	li	歷屆	
zh-essay	knowledge/Music/台灣嘻哈與饒舌發展.md	knowledge/Music/台灣嘻哈與饒舌發展.md:1311	initials	lj	歷屆	
zh-essay	knowledge/Music/台灣嘻哈與饒舌發展.md	knowledge/Music/台灣嘻哈與饒舌發展.md:1311	mixed	ljie	歷屆	
zh-essay	knowledge/Music/台灣嘻哈與饒舌發展.md	knowledge/Music/台灣嘻哈與饒舌發展.md:1311	transpose	ljiie	歷屆	
zh-essay	knowledge/Music/台灣嘻哈與饒舌發展.md	knowledge/Music/台灣嘻哈與饒舌發展.md:1331	full	wanghuozuijiaguoyunangeshou	王獲最佳國語男歌手	
zh-essay	knowledge/Music/台灣嘻哈與饒舌發展.md	knowledge/Music/台灣嘻哈與饒舌發展.md:1331	half	wanghuozuijia	王獲最佳國語男歌手	
zh-essay	knowledge/Music/台灣嘻哈與饒舌發展.md	knowledge/Music/台灣嘻哈與饒舌發展.md:1331	initials	whzjgyngs	王獲最佳國語男歌手	
zh-essay	knowledge/Music/台灣嘻哈與饒舌發展.md	knowledge/Music/台灣嘻哈與饒舌發展.md:1331	mixed	whuozjiagyunges	王獲最佳國語男歌手	
zh-essay	knowledge/Music/台灣嘻哈與饒舌發展.md	knowledge/Music/台灣嘻哈與饒舌發展.md:1331	transpose	wanghuozuijiagouyunangeshou	王獲最佳國語男歌手	
zh-essay	knowledge/Music/台灣嘻哈與饒舌發展.md	knowledge/Music/台灣嘻哈與饒舌發展.md:407	full	zhangyisheng	張逸聖	
zh-essay	knowledge/Music/台灣嘻哈與饒舌發展.md	knowledge/Music/台灣嘻哈與饒舌發展.md:407	half	zhangy	張逸聖	
zh-essay	knowledge/Music/台灣嘻哈與饒舌發展.md	knowledge/Music/台灣嘻哈與饒舌發展.md:407	initials	zys	張逸聖	
zh-essay	knowledge/Music/台灣嘻哈與饒舌發展.md	knowledge/Music/台灣嘻哈與饒舌發展.md:407	mixed	zyis	張逸聖	
zh-essay	knowledge/Music/台灣嘻哈與饒舌發展.md	knowledge/Music/台灣嘻哈與饒舌發展.md:407	transpose	zhagnyisheng	張逸聖	
zh-essay	knowledge/Music/台灣嘻哈與饒舌發展.md	knowledge/Music/台灣嘻哈與饒舌發展.md:1456	full	piping	批評	
zh-essay	knowledge/Music/台灣嘻哈與饒舌發展.md	knowledge/Music/台灣嘻哈與饒舌發展.md:1456	half	pip	批評	
zh-essay	knowledge/Music/台灣嘻哈與饒舌發展.md	knowledge/Music/台灣嘻哈與饒舌發展.md:1456	initials	pp	批評	
zh-essay	knowledge/Music/台灣嘻哈與饒舌發展.md	knowledge/Music/台灣嘻哈與饒舌發展.md:1456	mixed	pping	批評	
zh-essay	knowledge/Music/台灣嘻哈與饒舌發展.md	knowledge/Music/台灣嘻哈與饒舌發展.md:1456	transpose	pipnig	批評	
zh-essay	knowledge/Nature/台灣海洋生態.md	knowledge/Nature/台灣海洋生態.md:146	full	moshi	模式	
zh-essay	knowledge/Nature/台灣海洋生態.md	knowledge/Nature/台灣海洋生態.md:146	half	mo	模式	
zh-essay	knowledge/Nature/台灣海洋生態.md	knowledge/Nature/台灣海洋生態.md:146	initials	ms	模式	
zh-essay	knowledge/Nature/台灣海洋生態.md	knowledge/Nature/台灣海洋生態.md:146	mixed	mshi	模式	
zh-essay	knowledge/Nature/台灣海洋生態.md	knowledge/Nature/台灣海洋生態.md:146	transpose	mohsi	模式	
zh-essay	knowledge/Nature/台灣海洋生態.md	knowledge/Nature/台灣海洋生態.md:51	full	haiyangshengwenrangheichaoweizhibuwending	海洋升溫讓黑潮位置不穩定	
zh-essay	knowledge/Nature/台灣海洋生態.md	knowledge/Nature/台灣海洋生態.md:51	half	haiyangshengwenrangh	海洋升溫讓黑潮位置不穩定	
zh-essay	knowledge/Nature/台灣海洋生態.md	knowledge/Nature/台灣海洋生態.md:51	initials	hyswrhcwzbwd	海洋升溫讓黑潮位置不穩定	
zh-essay	knowledge/Nature/台灣海洋生態.md	knowledge/Nature/台灣海洋生態.md:51	mixed	hyangswenrheicweizbuwding	海洋升溫讓黑潮位置不穩定	
zh-essay	knowledge/Nature/台灣海洋生態.md	knowledge/Nature/台灣海洋生態.md:51	transpose	haiyangshengwenrangheichaoewizhibuwending	海洋升溫讓黑潮位置不穩定	
zh-essay	knowledge/Nature/台灣海洋生態.md	knowledge/Nature/台灣海洋生態.md:110	full	rongyishanggou	容易上鉤	
zh-essay	knowledge/Nature/台灣海洋生態.md	knowledge/Nature/台灣海洋生態.md:110	half	rongyis	容易上鉤	
zh-essay	knowledge/Nature/台灣海洋生態.md	knowledge/Nature/台灣海洋生態.md:110	initials	rysg	容易上鉤	
zh-essay	knowledge/Nature/台灣海洋生態.md	knowledge/Nature/台灣海洋生態.md:110	mixed	ryisgou	容易上鉤	
zh-essay	knowledge/Nature/台灣海洋生態.md	knowledge/Nature/台灣海洋生態.md:110	transpose	rongyishanggou	容易上鉤	
zh-essay	knowledge/Nature/台灣海洋生態.md	knowledge/Nature/台灣海洋生態.md:79	full	nianzaicimianlinshengsikaoyan	年再次面臨生死考驗	
zh-essay	knowledge/Nature/台灣海洋生態.md	knowledge/Nature/台灣海洋生態.md:79	half	nianzaicimianl	年再次面臨生死考驗	
zh-essay	knowledge/Nature/台灣海洋生態.md	knowledge/Nature/台灣海洋生態.md:79	initials	nzcmlssky	年再次面臨生死考驗	
zh-essay	knowledge/Nature/台灣海洋生態.md	knowledge/Nature/台灣海洋生態.md:79	mixed	nzaicmianlshengskaoy	年再次面臨生死考驗	
zh-essay	knowledge/Nature/台灣海洋生態.md	knowledge/Nature/台灣海洋生態.md:79	transpose	nianzaicimianlinshengsikaoyna	年再次面臨生死考驗	
zh-essay	knowledge/Nature/台灣海洋生態.md	knowledge/Nature/台灣海洋生態.md:108	full	nanyibuzhuo	難以捕捉	
zh-essay	knowledge/Nature/台灣海洋生態.md	knowledge/Nature/台灣海洋生態.md:108	half	nanyi	難以捕捉	
zh-essay	knowledge/Nature/台灣海洋生態.md	knowledge/Nature/台灣海洋生態.md:108	initials	nybz	難以捕捉	
zh-essay	knowledge/Nature/台灣海洋生態.md	knowledge/Nature/台灣海洋生態.md:108	mixed	nyibzhuo	難以捕捉	
zh-essay	knowledge/Nature/台灣海洋生態.md	knowledge/Nature/台灣海洋生態.md:108	transpose	nanyibuzuho	難以捕捉	
zh-essay	knowledge/Nature/台灣海洋生態.md	knowledge/Nature/台灣海洋生態.md:116	full	feiyutoumujiaodaodawuren	飛魚頭目教導達悟人	
zh-essay	knowledge/Nature/台灣海洋生態.md	knowledge/Nature/台灣海洋生態.md:116	half	feiyutoumuji	飛魚頭目教導達悟人	
zh-essay	knowledge/Nature/台灣海洋生態.md	knowledge/Nature/台灣海洋生態.md:116	initials	fytmjddwr	飛魚頭目教導達悟人	
zh-essay	knowledge/Nature/台灣海洋生態.md	knowledge/Nature/台灣海洋生態.md:116	mixed	fyutmujdaodwur	飛魚頭目教導達悟人	
zh-essay	knowledge/Nature/台灣海洋生態.md	knowledge/Nature/台灣海洋生態.md:116	transpose	feiyutoumujiaodaoadwuren	飛魚頭目教導達悟人	
zh-essay	knowledge/Nature/台灣海洋生態.md	knowledge/Nature/台灣海洋生態.md:138	full	quedingweihai	確定危害	
zh-essay	knowledge/Nature/台灣海洋生態.md	knowledge/Nature/台灣海洋生態.md:138	half	quedin	確定危害	
zh-essay	knowledge/Nature/台灣海洋生態.md	knowledge/Nature/台灣海洋生態.md:138	initials	qdwh	確定危害	
zh-essay	knowledge/Nature/台灣海洋生態.md	knowledge/Nature/台灣海洋生態.md:138	mixed	qdingwhai	確定危害	
zh-essay	knowledge/Nature/台灣海洋生態.md	knowledge/Nature/台灣海洋生態.md:138	transpose	quedingewihai	確定危害	
zh-essay	knowledge/Nature/台灣海洋生態.md	knowledge/Nature/台灣海洋生態.md:156	full	daqi	大氣	
zh-essay	knowledge/Nature/台灣海洋生態.md	knowledge/Nature/台灣海洋生態.md:156	half	da	大氣	
zh-essay	knowledge/Nature/台灣海洋生態.md	knowledge/Nature/台灣海洋生態.md:156	initials	dq	大氣	
zh-essay	knowledge/Nature/台灣海洋生態.md	knowledge/Nature/台灣海洋生態.md:156	mixed	dqi	大氣	
zh-essay	knowledge/Nature/台灣海洋生態.md	knowledge/Nature/台灣海洋生態.md:156	transpose	adqi	大氣	
zh-essay	knowledge/Nature/台灣海洋生態.md	knowledge/Nature/台灣海洋生態.md:66	full	zaidao	再到	
zh-essay	knowledge/Nature/台灣海洋生態.md	knowledge/Nature/台灣海洋生態.md:66	half	zai	再到	
zh-essay	knowledge/Nature/台灣海洋生態.md	knowledge/Nature/台灣海洋生態.md:66	initials	zd	再到	
zh-essay	knowledge/Nature/台灣海洋生態.md	knowledge/Nature/台灣海洋生態.md:66	mixed	zdao	再到	
zh-essay	knowledge/Nature/台灣海洋生態.md	knowledge/Nature/台灣海洋生態.md:66	transpose	ziadao	再到	
zh-essay	knowledge/Nature/台灣海洋生態.md	knowledge/Nature/台灣海洋生態.md:115	full	chuanshuozhong	傳說中	
zh-essay	knowledge/Nature/台灣海洋生態.md	knowledge/Nature/台灣海洋生態.md:115	half	chuansh	傳說中	
zh-essay	knowledge/Nature/台灣海洋生態.md	knowledge/Nature/台灣海洋生態.md:115	initials	csz	傳說中	
zh-essay	knowledge/Nature/台灣海洋生態.md	knowledge/Nature/台灣海洋生態.md:115	mixed	cshuoz	傳說中	
zh-essay	knowledge/Nature/台灣海洋生態.md	knowledge/Nature/台灣海洋生態.md:115	transpose	chuanshuozohng	傳說中	
zh-essay	knowledge/Nature/台灣海洋生態.md	knowledge/Nature/台灣海洋生態.md:83	full	genjuguojiziranbaohulianmeng	根據國際自然保護聯盟	
zh-essay	knowledge/Nature/台灣海洋生態.md	knowledge/Nature/台灣海洋生態.md:83	half	genjuguojizira	根據國際自然保護聯盟	
zh-essay	knowledge/Nature/台灣海洋生態.md	knowledge/Nature/台灣海洋生態.md:83	initials	gjgjzrbhlm	根據國際自然保護聯盟	
zh-essay	knowledge/Nature/台灣海洋生態.md	knowledge/Nature/台灣海洋生態.md:83	mixed	gjugjizranbhulmeng	根據國際自然保護聯盟	
zh-essay	knowledge/Nature/台灣海洋生態.md	knowledge/Nature/台灣海洋生態.md:83	transpose	genjuguojiziranbaohuilanmeng	根據國際自然保護聯盟	
zh-essay	knowledge/Nature/台灣海洋生態.md	knowledge/Nature/台灣海洋生態.md:90	full	pingfanggonglihaiyu	平方公里海域	
zh-essay	knowledge/Nature/台灣海洋生態.md	knowledge/Nature/台灣海洋生態.md:90	half	pingfangg	平方公里海域	
zh-essay	knowledge/Nature/台灣海洋生態.md	knowledge/Nature/台灣海洋生態.md:90	initials	pfglhy	平方公里海域	
zh-essay	knowledge/Nature/台灣海洋生態.md	knowledge/Nature/台灣海洋生態.md:90	mixed	pfangglihyu	平方公里海域	
zh-essay	knowledge/Nature/台灣海洋生態.md	knowledge/Nature/台灣海洋生態.md:90	transpose	pingfagngonglihaiyu	平方公里海域	
zh-essay	knowledge/Nature/台灣海洋生態.md	knowledge/Nature/台灣海洋生態.md:36	full	jintietaiwandonghaian	緊貼台灣東海岸	
zh-essay	knowledge/Nature/台灣海洋生態.md	knowledge/Nature/台灣海洋生態.md:36	half	jintietaiw	緊貼台灣東海岸	
zh-essay	knowledge/Nature/台灣海洋生態.md	knowledge/Nature/台灣海洋生態.md:36	initials	jttwdha	緊貼台灣東海岸	
zh-essay	knowledge/Nature/台灣海洋生態.md	knowledge/Nature/台灣海洋生態.md:36	mixed	jtietwandhaia	緊貼台灣東海岸	
zh-essay	knowledge/Nature/台灣海洋生態.md	knowledge/Nature/台灣海洋生態.md:36	transpose	ijntietaiwandonghaian	緊貼台灣東海岸	
zh-essay	knowledge/Nature/台灣海洋生態.md	knowledge/Nature/台灣海洋生態.md:163	full	zhege	這個	
zh-essay	knowledge/Nature/台灣海洋生態.md	knowledge/Nature/台灣海洋生態.md:163	half	zh	這個	
zh-essay	knowledge/Nature/台灣海洋生態.md	knowledge/Nature/台灣海洋生態.md:163	initials	zg	這個	
zh-essay	knowledge/Nature/台灣海洋生態.md	knowledge/Nature/台灣海洋生態.md:163	mixed	zge	這個	
zh-essay	knowledge/Nature/台灣海洋生態.md	knowledge/Nature/台灣海洋生態.md:163	transpose	zheeg	這個	
zh-essay	knowledge/Nature/台灣海洋生態.md	knowledge/Nature/台灣海洋生態.md:162	full	nanyixingchengtansuangaiguge	難以形成碳酸鈣骨骼	
zh-essay	knowledge/Nature/台灣海洋生態.md	knowledge/Nature/台灣海洋生態.md:162	half	nanyixingcheng	難以形成碳酸鈣骨骼	
zh-essay	knowledge/Nature/台灣海洋生態.md	knowledge/Nature/台灣海洋生態.md:162	initials	nyxctsggg	難以形成碳酸鈣骨骼	
zh-essay	knowledge/Nature/台灣海洋生態.md	knowledge/Nature/台灣海洋生態.md:162	mixed	nyixchengtsuanggug	難以形成碳酸鈣骨骼	
zh-essay	knowledge/Nature/台灣海洋生態.md	knowledge/Nature/台灣海洋生態.md:162	transpose	nanyixingchengtansuangaigueg	難以形成碳酸鈣骨骼	
zh-essay	knowledge/Nature/台灣海洋生態.md	knowledge/Nature/台灣海洋生態.md:93	full	taizhonggang	台中港	
zh-essay	knowledge/Nature/台灣海洋生態.md	knowledge/Nature/台灣海洋生態.md:93	half	taizho	台中港	
zh-essay	knowledge/Nature/台灣海洋生態.md	knowledge/Nature/台灣海洋生態.md:93	initials	tzg	台中港	
zh-essay	knowledge/Nature/台灣海洋生態.md	knowledge/Nature/台灣海洋生態.md:93	mixed	tzhongg	台中港	
zh-essay	knowledge/Nature/台灣海洋生態.md	knowledge/Nature/台灣海洋生態.md:93	transpose	taihzonggang	台中港	
zh-essay	knowledge/Nature/特有種.md	knowledge/Nature/特有種.md:91	full	gongchi	公尺	
zh-essay	knowledge/Nature/特有種.md	knowledge/Nature/特有種.md:91	half	gon	公尺	
zh-essay	knowledge/Nature/特有種.md	knowledge/Nature/特有種.md:91	initials	gc	公尺	
zh-essay	knowledge/Nature/特有種.md	knowledge/Nature/特有種.md:91	mixed	gchi	公尺	
zh-essay	knowledge/Nature/特有種.md	knowledge/Nature/特有種.md:91	transpose	gognchi	公尺	
zh-essay	knowledge/Nature/特有種.md	knowledge/Nature/特有種.md:58	full	yitaiwanchashuweiweiyijizhuzhiwu	以台灣檫樹為唯一寄主植物	
zh-essay	knowledge/Nature/特有種.md	knowledge/Nature/特有種.md:58	half	yitaiwanchashuwe	以台灣檫樹為唯一寄主植物	
zh-essay	knowledge/Nature/特有種.md	knowledge/Nature/特有種.md:58	initials	ytwcswwyjzzw	以台灣檫樹為唯一寄主植物	
zh-essay	knowledge/Nature/特有種.md	knowledge/Nature/特有種.md:58	mixed	ytaiwchasweiwyijzhuzwu	以台灣檫樹為唯一寄主植物	
zh-essay	knowledge/Nature/特有種.md	knowledge/Nature/特有種.md:58	transpose	yitaiwanchashuweiweyiijizhuzhiwu	以台灣檫樹為唯一寄主植物	
zh-essay	knowledge/Nature/特有種.md	knowledge/Nature/特有種.md:98	full	taiwanshengwuduoyangxingziliaoku	台灣生物多樣性資料庫	
zh-essay	knowledge/Nature/特有種.md	knowledge/Nature/特有種.md:98	half	taiwanshengwuduo	台灣生物多樣性資料庫	
zh-essay	knowledge/Nature/特有種.md	knowledge/Nature/特有種.md:98	initials	twswdyxzlk	台灣生物多樣性資料庫	
zh-essay	knowledge/Nature/特有種.md	knowledge/Nature/特有種.md:98	mixed	twanswudyangxzilku	台灣生物多樣性資料庫	
zh-essay	knowledge/Nature/特有種.md	knowledge/Nature/特有種.md:98	transpose	taiwanhsengwuduoyangxingziliaoku	台灣生物多樣性資料庫	
zh-essay	knowledge/Nature/特有種.md	knowledge/Nature/特有種.md:9	full	chuizhihaibabianhuachuangzaochuredai	垂直海拔變化創造出熱帶	
zh-essay	knowledge/Nature/特有種.md	knowledge/Nature/特有種.md:9	half	chuizhihaibabianhu	垂直海拔變化創造出熱帶	
zh-essay	knowledge/Nature/特有種.md	knowledge/Nature/特有種.md:9	initials	czhbbhczcrd	垂直海拔變化創造出熱帶	
zh-essay	knowledge/Nature/特有種.md	knowledge/Nature/特有種.md:9	mixed	czhihbabhuaczaocred	垂直海拔變化創造出熱帶	
zh-essay	knowledge/Nature/特有種.md	knowledge/Nature/特有種.md:9	transpose	chuizhihaibabianhuachuangzaochureadi	垂直海拔變化創造出熱帶	
zh-essay	knowledge/Nature/特有種.md	knowledge/Nature/特有種.md:100	full	kuanweifengdie	寬尾鳳蝶	
zh-essay	knowledge/Nature/特有種.md	knowledge/Nature/特有種.md:100	half	kuanwei	寬尾鳳蝶	
zh-essay	knowledge/Nature/特有種.md	knowledge/Nature/特有種.md:100	initials	kwfd	寬尾鳳蝶	
zh-essay	knowledge/Nature/特有種.md	knowledge/Nature/特有種.md:100	mixed	kweifdie	寬尾鳳蝶	
zh-essay	knowledge/Nature/特有種.md	knowledge/Nature/特有種.md:100	transpose	kuanweiefngdie	寬尾鳳蝶	
zh-essay	knowledge/Nature/特有種.md	knowledge/Nature/特有種.md:38	full	danshuiyu	淡水魚	
zh-essay	knowledge/Nature/特有種.md	knowledge/Nature/特有種.md:38	half	dans	淡水魚	
zh-essay	knowledge/Nature/特有種.md	knowledge/Nature/特有種.md:38	initials	dsy	淡水魚	
zh-essay	knowledge/Nature/特有種.md	knowledge/Nature/特有種.md:38	mixed	dshuiy	淡水魚	
zh-essay	knowledge/Nature/特有種.md	knowledge/Nature/特有種.md:38	transpose	danshuiuy	淡水魚	
zh-essay	knowledge/Nature/特有種.md	knowledge/Nature/特有種.md:19	full	kunchongyuzhiwudenggeleiqun	昆蟲與植物等各類群	
zh-essay	knowledge/Nature/特有種.md	knowledge/Nature/特有種.md:19	half	kunchongyuzhi	昆蟲與植物等各類群	
zh-essay	knowledge/Nature/特有種.md	knowledge/Nature/特有種.md:19	initials	kcyzwdglq	昆蟲與植物等各類群	
zh-essay	knowledge/Nature/特有種.md	knowledge/Nature/特有種.md:19	mixed	kchongyzhiwdenggleiq	昆蟲與植物等各類群	
zh-essay	knowledge/Nature/特有種.md	knowledge/Nature/特有種.md:19	transpose	uknchongyuzhiwudenggeleiqun	昆蟲與植物等各類群	
zh-essay	knowledge/Nature/特有種.md	knowledge/Nature/特有種.md:34	full	liangqilei	兩棲類	
zh-essay	knowledge/Nature/特有種.md	knowledge/Nature/特有種.md:34	half	liang	兩棲類	
zh-essay	knowledge/Nature/特有種.md	knowledge/Nature/特有種.md:34	initials	lql	兩棲類	
zh-essay	knowledge/Nature/特有種.md	knowledge/Nature/特有種.md:34	mixed	lqil	兩棲類	
zh-essay	knowledge/Nature/特有種.md	knowledge/Nature/特有種.md:34	transpose	liangqliei	兩棲類	
zh-essay	knowledge/Nature/特有種.md	knowledge/Nature/特有種.md:97	full	taiwanwuzhongminglu	臺灣物種名錄	
zh-essay	knowledge/Nature/特有種.md	knowledge/Nature/特有種.md:97	half	taiwanwuz	臺灣物種名錄	
zh-essay	knowledge/Nature/特有種.md	knowledge/Nature/特有種.md:97	initials	twwzml	臺灣物種名錄	
zh-essay	knowledge/Nature/特有種.md	knowledge/Nature/特有種.md:97	mixed	twanwzhongmlu	臺灣物種名錄	
zh-essay	knowledge/Nature/特有種.md	knowledge/Nature/特有種.md:97	transpose	atiwanwuzhongminglu	臺灣物種名錄	
zh-essay	knowledge/Nature/特有種.md	knowledge/Nature/特有種.md:40	full	yinghuagouwengui	櫻花鉤吻鮭	
zh-essay	knowledge/Nature/特有種.md	knowledge/Nature/特有種.md:40	half	yinghuag	櫻花鉤吻鮭	
zh-essay	knowledge/Nature/特有種.md	knowledge/Nature/特有種.md:40	initials	yhgwg	櫻花鉤吻鮭	
zh-essay	knowledge/Nature/特有種.md	knowledge/Nature/特有種.md:40	mixed	yhuagweng	櫻花鉤吻鮭	
zh-essay	knowledge/Nature/特有種.md	knowledge/Nature/特有種.md:40	transpose	ynighuagouwengui	櫻花鉤吻鮭	
zh-essay	knowledge/Nature/特有種.md	knowledge/Nature/特有種.md:46	full	hudie	蝴蝶	
zh-essay	knowledge/Nature/特有種.md	knowledge/Nature/特有種.md:46	half	hu	蝴蝶	
zh-essay	knowledge/Nature/特有種.md	knowledge/Nature/特有種.md:46	initials	hd	蝴蝶	
zh-essay	knowledge/Nature/特有種.md	knowledge/Nature/特有種.md:46	mixed	hdie	蝴蝶	
zh-essay	knowledge/Nature/特有種.md	knowledge/Nature/特有種.md:46	transpose	uhdie	蝴蝶	
zh-essay	knowledge/Nature/特有種.md	knowledge/Nature/特有種.md:60	full	caihongqiaoxingchong	彩虹鍬形蟲	
zh-essay	knowledge/Nature/特有種.md	knowledge/Nature/特有種.md:60	half	caihongqia	彩虹鍬形蟲	
zh-essay	knowledge/Nature/特有種.md	knowledge/Nature/特有種.md:60	initials	chqxc	彩虹鍬形蟲	
zh-essay	knowledge/Nature/特有種.md	knowledge/Nature/特有種.md:60	mixed	chongqxingc	彩虹鍬形蟲	
zh-essay	knowledge/Nature/特有種.md	knowledge/Nature/特有種.md:60	transpose	caihongqiaoxingchogn	彩虹鍬形蟲	
zh-essay	knowledge/Nature/特有種.md	knowledge/Nature/特有種.md:74	full	ruqinzhongtongbaopingtai	入侵種通報平台	
zh-essay	knowledge/Nature/特有種.md	knowledge/Nature/特有種.md:74	half	ruqinzhongto	入侵種通報平台	
zh-essay	knowledge/Nature/特有種.md	knowledge/Nature/特有種.md:74	initials	rqztbpt	入侵種通報平台	
zh-essay	knowledge/Nature/特有種.md	knowledge/Nature/特有種.md:74	mixed	rqinztongbpingt	入侵種通報平台	
zh-essay	knowledge/Nature/特有種.md	knowledge/Nature/特有種.md:74	transpose	ruqinzhongtongbaopnigtai	入侵種通報平台	
zh-essay	knowledge/Nature/特有種.md	knowledge/Nature/特有種.md:70	full	zhinengguanlibunengxiaomie	只能管理不能消滅	
zh-essay	knowledge/Nature/特有種.md	knowledge/Nature/特有種.md:70	half	zhinengguanli	只能管理不能消滅	
zh-essay	knowledge/Nature/特有種.md	knowledge/Nature/特有種.md:70	initials	znglbnxm	只能管理不能消滅	
zh-essay	knowledge/Nature/特有種.md	knowledge/Nature/特有種.md:70	mixed	znengglibnengxmie	只能管理不能消滅	
zh-essay	knowledge/Nature/特有種.md	knowledge/Nature/特有種.md:70	transpose	zhinegnguanlibunengxiaomie	只能管理不能消滅	
zh-essay	knowledge/Nature/特有種.md	knowledge/Nature/特有種.md:52	full	kuanweifengdie	寬尾鳳蝶	
zh-essay	knowledge/Nature/特有種.md	knowledge/Nature/特有種.md:52	half	kuanwei	寬尾鳳蝶	
zh-essay	knowledge/Nature/特有種.md	knowledge/Nature/特有種.md:52	initials	kwfd	寬尾鳳蝶	
zh-essay	knowledge/Nature/特有種.md	knowledge/Nature/特有種.md:52	mixed	kweifdie	寬尾鳳蝶	
zh-essay	knowledge/Nature/特有種.md	knowledge/Nature/特有種.md:52	transpose	kuanwiefengdie	寬尾鳳蝶	
zh-essay	knowledge/Nature/特有種.md	knowledge/Nature/特有種.md:17	full	liangqilei	兩棲類	
zh-essay	knowledge/Nature/特有種.md	knowledge/Nature/特有種.md:17	half	liang	兩棲類	
zh-essay	knowledge/Nature/特有種.md	knowledge/Nature/特有種.md:17	initials	lql	兩棲類	
zh-essay	knowledge/Nature/特有種.md	knowledge/Nature/特有種.md:17	mixed	lqil	兩棲類	
zh-essay	knowledge/Nature/特有種.md	knowledge/Nature/特有種.md:17	transpose	liangqilie	兩棲類	
zh-essay	knowledge/People/蕭敬騰.md	knowledge/People/蕭敬騰.md:38	full	xiaojingteng	蕭敬騰	
zh-essay	knowledge/People/蕭敬騰.md	knowledge/People/蕭敬騰.md:38	half	xiaoji	蕭敬騰	
zh-essay	knowledge/People/蕭敬騰.md	knowledge/People/蕭敬騰.md:38	initials	xjt	蕭敬騰	
zh-essay	knowledge/People/蕭敬騰.md	knowledge/People/蕭敬騰.md:38	mixed	xjingt	蕭敬騰	
zh-essay	knowledge/People/蕭敬騰.md	knowledge/People/蕭敬騰.md:38	transpose	ixaojingteng	蕭敬騰	
zh-essay	knowledge/People/蕭敬騰.md	knowledge/People/蕭敬騰.md:94	full	yushen	雨神	
zh-essay	knowledge/People/蕭敬騰.md	knowledge/People/蕭敬騰.md:94	half	yus	雨神	
zh-essay	knowledge/People/蕭敬騰.md	knowledge/People/蕭敬騰.md:94	initials	ys	雨神	
zh-essay	knowledge/People/蕭敬騰.md	knowledge/People/蕭敬騰.md:94	mixed	yshen	雨神	
zh-essay	knowledge/People/蕭敬騰.md	knowledge/People/蕭敬騰.md:94	transpose	yusehn	雨神	
zh-essay	knowledge/People/蕭敬騰.md	knowledge/People/蕭敬騰.md:59	full	xiexiepingshen	謝謝評審	
zh-essay	knowledge/People/蕭敬騰.md	knowledge/People/蕭敬騰.md:59	half	xiexiep	謝謝評審	
zh-essay	knowledge/People/蕭敬騰.md	knowledge/People/蕭敬騰.md:59	initials	xxps	謝謝評審	
zh-essay	knowledge/People/蕭敬騰.md	knowledge/People/蕭敬騰.md:59	mixed	xxiepshen	謝謝評審	
zh-essay	knowledge/People/蕭敬騰.md	knowledge/People/蕭敬騰.md:59	transpose	xeixiepingshen	謝謝評審	
zh-essay	knowledge/People/蕭敬騰.md	knowledge/People/蕭敬騰.md:56	full	xiliezhuanji	系列專輯	
zh-essay	knowledge/People/蕭敬騰.md	knowledge/People/蕭敬騰.md:56	half	xiliez	系列專輯	
zh-essay	knowledge/People/蕭敬騰.md	knowledge/People/蕭敬騰.md:56	initials	xlzj	系列專輯	
zh-essay	knowledge/People/蕭敬騰.md	knowledge/People/蕭敬騰.md:56	mixed	xliezji	系列專輯	
zh-essay	knowledge/People/蕭敬騰.md	knowledge/People/蕭敬騰.md:56	transpose	xiliezhuanij	系列專輯	
zh-essay	knowledge/People/蕭敬騰.md	knowledge/People/蕭敬騰.md:29	full	beipan	背叛	
zh-essay	knowledge/People/蕭敬騰.md	knowledge/People/蕭敬騰.md:29	half	bei	背叛	
zh-essay	knowledge/People/蕭敬騰.md	knowledge/People/蕭敬騰.md:29	initials	bp	背叛	
zh-essay	knowledge/People/蕭敬騰.md	knowledge/People/蕭敬騰.md:29	mixed	bpan	背叛	
zh-essay	knowledge/People/蕭敬騰.md	knowledge/People/蕭敬騰.md:29	transpose	biepan	背叛	
zh-essay	knowledge/People/蕭敬騰.md	knowledge/People/蕭敬騰.md:72	full	yushen	雨神	
zh-essay	knowledge/People/蕭敬騰.md	knowledge/People/蕭敬騰.md:72	half	yus	雨神	
zh-essay	knowledge/People/蕭敬騰.md	knowledge/People/蕭敬騰.md:72	initials	ys	雨神	
zh-essay	knowledge/People/蕭敬騰.md	knowledge/People/蕭敬騰.md:72	mixed	yshen	雨神	
zh-essay	knowledge/People/蕭敬騰.md	knowledge/People/蕭敬騰.md:72	transpose	yuhsen	雨神	
zh-essay	knowledge/People/蕭敬騰.md	knowledge/People/蕭敬騰.md:119	full	xiaojingtengyejijitouzicanyinye	蕭敬騰也積極投資餐飲業	
zh-essay	knowledge/People/蕭敬騰.md	knowledge/People/蕭敬騰.md:119	half	xiaojingtengyej	蕭敬騰也積極投資餐飲業	
zh-essay	knowledge/People/蕭敬騰.md	knowledge/People/蕭敬騰.md:119	initials	xjtyjjtzcyy	蕭敬騰也積極投資餐飲業	
zh-essay	knowledge/People/蕭敬騰.md	knowledge/People/蕭敬騰.md:119	mixed	xjingtyejjitzicyiny	蕭敬騰也積極投資餐飲業	
zh-essay	knowledge/People/蕭敬騰.md	knowledge/People/蕭敬騰.md:119	transpose	xiaojingtengyejiijtouzicanyinye	蕭敬騰也積極投資餐飲業	
zh-essay	knowledge/People/蕭敬騰.md	knowledge/People/蕭敬騰.md:108	full	takuajieyanchudianying	他跨界演出電影	
zh-essay	knowledge/People/蕭敬騰.md	knowledge/People/蕭敬騰.md:108	half	takuajieyan	他跨界演出電影	
zh-essay	knowledge/People/蕭敬騰.md	knowledge/People/蕭敬騰.md:108	initials	tkjycdy	他跨界演出電影	
zh-essay	knowledge/People/蕭敬騰.md	knowledge/People/蕭敬騰.md:108	mixed	tkuajyancdiany	他跨界演出電影	
zh-essay	knowledge/People/蕭敬騰.md	knowledge/People/蕭敬騰.md:108	transpose	takuajieyanchudianyign	他跨界演出電影	
zh-essay	knowledge/People/蕭敬騰.md	knowledge/People/蕭敬騰.md:83	full	shenhua	神話	
zh-essay	knowledge/People/蕭敬騰.md	knowledge/People/蕭敬騰.md:83	half	she	神話	
zh-essay	knowledge/People/蕭敬騰.md	knowledge/People/蕭敬騰.md:83	initials	sh	神話	
zh-essay	knowledge/People/蕭敬騰.md	knowledge/People/蕭敬騰.md:83	mixed	shua	神話	
zh-essay	knowledge/People/蕭敬騰.md	knowledge/People/蕭敬騰.md:83	transpose	shenhau	神話	
zh-essay	knowledge/People/蕭敬騰.md	knowledge/People/蕭敬騰.md:41	full	shoucang	收藏	
zh-essay	knowledge/People/蕭敬騰.md	knowledge/People/蕭敬騰.md:41	half	shou	收藏	
zh-essay	knowledge/People/蕭敬騰.md	knowledge/People/蕭敬騰.md:41	initials	sc	收藏	
zh-essay	knowledge/People/蕭敬騰.md	knowledge/People/蕭敬騰.md:41	mixed	scang	收藏	
zh-essay	knowledge/People/蕭敬騰.md	knowledge/People/蕭敬騰.md:41	transpose	shocuang	收藏	
zh-essay	knowledge/People/蕭敬騰.md	knowledge/People/蕭敬騰.md:87	full	yushen	雨神	
zh-essay	knowledge/People/蕭敬騰.md	knowledge/People/蕭敬騰.md:87	half	yus	雨神	
zh-essay	knowledge/People/蕭敬騰.md	knowledge/People/蕭敬騰.md:87	initials	ys	雨神	
zh-essay	knowledge/People/蕭敬騰.md	knowledge/People/蕭敬騰.md:87	mixed	yshen	雨神	
zh-essay	knowledge/People/蕭敬騰.md	knowledge/People/蕭敬騰.md:87	transpose	yushne	雨神	
zh-essay	knowledge/People/蕭敬騰.md	knowledge/People/蕭敬騰.md:121	full	tatouzi	他投資	
zh-essay	knowledge/People/蕭敬騰.md	knowledge/People/蕭敬騰.md:121	half	tat	他投資	
zh-essay	knowledge/People/蕭敬騰.md	knowledge/People/蕭敬騰.md:121	initials	ttz	他投資	
zh-essay	knowledge/People/蕭敬騰.md	knowledge/People/蕭敬騰.md:121	mixed	ttouz	他投資	
zh-essay	knowledge/People/蕭敬騰.md	knowledge/People/蕭敬騰.md:121	transpose	taotuzi	他投資	
zh-essay	knowledge/People/蕭敬騰.md	knowledge/People/蕭敬騰.md:123	full	fumianmian	傅麵麵	
zh-essay	knowledge/People/蕭敬騰.md	knowledge/People/蕭敬騰.md:123	half	fumia	傅麵麵	
zh-essay	knowledge/People/蕭敬騰.md	knowledge/People/蕭敬騰.md:123	initials	fmm	傅麵麵	
zh-essay	knowledge/People/蕭敬騰.md	knowledge/People/蕭敬騰.md:123	mixed	fmianm	傅麵麵	
zh-essay	knowledge/People/蕭敬騰.md	knowledge/People/蕭敬騰.md:123	transpose	fmuianmian	傅麵麵	
zh-essay	knowledge/People/蕭敬騰.md	knowledge/People/蕭敬騰.md:93	full	duitaeryan	對他而言	
zh-essay	knowledge/People/蕭敬騰.md	knowledge/People/蕭敬騰.md:93	half	duita	對他而言	
zh-essay	knowledge/People/蕭敬騰.md	knowledge/People/蕭敬騰.md:93	initials	dtey	對他而言	
zh-essay	knowledge/People/蕭敬騰.md	knowledge/People/蕭敬騰.md:93	mixed	dtaeyan	對他而言	
zh-essay	knowledge/People/蕭敬騰.md	knowledge/People/蕭敬騰.md:93	transpose	duiateryan	對他而言	
zh-essay	knowledge/People/蕭敬騰.md	knowledge/People/蕭敬騰.md:65	full	yirankaixinweihaoyouguzhang	依然開心為好友鼓掌	
zh-essay	knowledge/People/蕭敬騰.md	knowledge/People/蕭敬騰.md:65	half	yirankaixinwe	依然開心為好友鼓掌	
zh-essay	knowledge/People/蕭敬騰.md	knowledge/People/蕭敬騰.md:65	initials	yrkxwhygz	依然開心為好友鼓掌	
zh-essay	knowledge/People/蕭敬騰.md	knowledge/People/蕭敬騰.md:65	mixed	yrankxinwhaoyguz	依然開心為好友鼓掌	
zh-essay	knowledge/People/蕭敬騰.md	knowledge/People/蕭敬騰.md:65	transpose	yirankaixinewihaoyouguzhang	依然開心為好友鼓掌	
zh-essay	knowledge/People/蕭敬騰.md	knowledge/People/蕭敬騰.md:15	full	suiqingnian	歲青年	
zh-essay	knowledge/People/蕭敬騰.md	knowledge/People/蕭敬騰.md:15	half	suiqi	歲青年	
zh-essay	knowledge/People/蕭敬騰.md	knowledge/People/蕭敬騰.md:15	initials	sqn	歲青年	
zh-essay	knowledge/People/蕭敬騰.md	knowledge/People/蕭敬騰.md:15	mixed	sqingn	歲青年	
zh-essay	knowledge/People/蕭敬騰.md	knowledge/People/蕭敬騰.md:15	transpose	suiqingnain	歲青年	
zh-essay	knowledge/People/席慕蓉.md	knowledge/People/席慕蓉.md:10	full	yiweimengguzu	亦為蒙古族	
zh-essay	knowledge/People/席慕蓉.md	knowledge/People/席慕蓉.md:10	half	yiweim	亦為蒙古族	
zh-essay	knowledge/People/席慕蓉.md	knowledge/People/席慕蓉.md:10	initials	ywmgz	亦為蒙古族	
zh-essay	knowledge/People/席慕蓉.md	knowledge/People/席慕蓉.md:10	mixed	yweimguz	亦為蒙古族	
zh-essay	knowledge/People/席慕蓉.md	knowledge/People/席慕蓉.md:10	transpose	ywieimengguzu	亦為蒙古族	
zh-essay	knowledge/People/席慕蓉.md	knowledge/People/席慕蓉.md:85	full	aiqing	愛情	
zh-essay	knowledge/People/席慕蓉.md	knowledge/People/席慕蓉.md:85	half	aiq	愛情	
zh-essay	knowledge/People/席慕蓉.md	knowledge/People/席慕蓉.md:85	initials	aq	愛情	
zh-essay	knowledge/People/席慕蓉.md	knowledge/People/席慕蓉.md:85	mixed	aqing	愛情	
zh-essay	knowledge/People/席慕蓉.md	knowledge/People/席慕蓉.md:85	transpose	aiqnig	愛情	
zh-essay	knowledge/People/席慕蓉.md	knowledge/People/席慕蓉.md:110	full	tadiyicitashangmenggucaoyuan	她第一次踏上蒙古草原	
zh-essay	knowledge/People/席慕蓉.md	knowledge/People/席慕蓉.md:110	half	tadiyicitashan	她第一次踏上蒙古草原	
zh-essay	knowledge/People/席慕蓉.md	knowledge/People/席慕蓉.md:110	initials	tdyctsmgcy	她第一次踏上蒙古草原	
zh-essay	knowledge/People/席慕蓉.md	knowledge/People/席慕蓉.md:110	mixed	tdiycitshangmgucyuan	她第一次踏上蒙古草原	
zh-essay	knowledge/People/席慕蓉.md	knowledge/People/席慕蓉.md:110	transpose	tadiyicitashangmengguacoyuan	她第一次踏上蒙古草原	
zh-essay	knowledge/People/席慕蓉.md	knowledge/People/席慕蓉.md:47	full	gujianzhu	古建築	
zh-essay	knowledge/People/席慕蓉.md	knowledge/People/席慕蓉.md:47	half	guji	古建築	
zh-essay	knowledge/People/席慕蓉.md	knowledge/People/席慕蓉.md:47	initials	gjz	古建築	
zh-essay	knowledge/People/席慕蓉.md	knowledge/People/席慕蓉.md:47	mixed	gjianz	古建築	
zh-essay	knowledge/People/席慕蓉.md	knowledge/People/席慕蓉.md:47	transpose	gujianzuh	古建築	
zh-essay	knowledge/People/席慕蓉.md	knowledge/People/席慕蓉.md:114	full	jiangshanyoudai	江山有待	
zh-essay	knowledge/People/席慕蓉.md	knowledge/People/席慕蓉.md:114	half	jiangsh	江山有待	
zh-essay	knowledge/People/席慕蓉.md	knowledge/People/席慕蓉.md:114	initials	jsyd	江山有待	
zh-essay	knowledge/People/席慕蓉.md	knowledge/People/席慕蓉.md:114	mixed	jshanydai	江山有待	
zh-essay	knowledge/People/席慕蓉.md	knowledge/People/席慕蓉.md:114	transpose	jiangshanoyudai	江山有待	
zh-essay	knowledge/People/席慕蓉.md	knowledge/People/席慕蓉.md:108	full	qingganzhenzhi	情感真摯	
zh-essay	knowledge/People/席慕蓉.md	knowledge/People/席慕蓉.md:108	half	qinggan	情感真摯	
zh-essay	knowledge/People/席慕蓉.md	knowledge/People/席慕蓉.md:108	initials	qgzz	情感真摯	
zh-essay	knowledge/People/席慕蓉.md	knowledge/People/席慕蓉.md:108	mixed	qganzzhi	情感真摯	
zh-essay	knowledge/People/席慕蓉.md	knowledge/People/席慕蓉.md:108	transpose	iqngganzhenzhi	情感真摯	
zh-essay	knowledge/People/席慕蓉.md	knowledge/People/席慕蓉.md:185	full	huazhanjiluyuchuangzuolicheng	畫展紀錄與創作歷程	
zh-essay	knowledge/People/席慕蓉.md	knowledge/People/席慕蓉.md:185	half	huazhanjiluyuc	畫展紀錄與創作歷程	
zh-essay	knowledge/People/席慕蓉.md	knowledge/People/席慕蓉.md:185	initials	hzjlyczlc	畫展紀錄與創作歷程	
zh-essay	knowledge/People/席慕蓉.md	knowledge/People/席慕蓉.md:185	mixed	hzhanjluychuangzlic	畫展紀錄與創作歷程	
zh-essay	knowledge/People/席慕蓉.md	knowledge/People/席慕蓉.md:185	transpose	huazhanjiluyuchuangzoulicheng	畫展紀錄與創作歷程	
zh-essay	knowledge/People/席慕蓉.md	knowledge/People/席慕蓉.md:38	full	ximurongzaihuihuashangyousuochengjiu	席慕蓉在繪畫上有所成就	
zh-essay	knowledge/People/席慕蓉.md	knowledge/People/席慕蓉.md:38	half	ximurongzaihuihuas	席慕蓉在繪畫上有所成就	
zh-essay	knowledge/People/席慕蓉.md	knowledge/People/席慕蓉.md:38	initials	xmrzhhsyscj	席慕蓉在繪畫上有所成就	
zh-essay	knowledge/People/席慕蓉.md	knowledge/People/席慕蓉.md:38	mixed	xmurzaihhuasyouschengj	席慕蓉在繪畫上有所成就	
zh-essay	knowledge/People/席慕蓉.md	knowledge/People/席慕蓉.md:38	transpose	ximurongzaihuihuashangyousuochengjui	席慕蓉在繪畫上有所成就	
zh-essay	knowledge/People/席慕蓉.md	knowledge/People/席慕蓉.md:171	full	ximurongtezhan	席慕蓉特展	
zh-essay	knowledge/People/席慕蓉.md	knowledge/People/席慕蓉.md:171	half	ximuron	席慕蓉特展	
zh-essay	knowledge/People/席慕蓉.md	knowledge/People/席慕蓉.md:171	initials	xmrtz	席慕蓉特展	
zh-essay	knowledge/People/席慕蓉.md	knowledge/People/席慕蓉.md:171	mixed	xmurtez	席慕蓉特展	
zh-essay	knowledge/People/席慕蓉.md	knowledge/People/席慕蓉.md:171	transpose	xmiurongtezhan	席慕蓉特展	
zh-essay	knowledge/People/席慕蓉.md	knowledge/People/席慕蓉.md:6	full	mengminglaxidunduoke	蒙名拉席敦多克	
zh-essay	knowledge/People/席慕蓉.md	knowledge/People/席慕蓉.md:6	half	mengmingla	蒙名拉席敦多克	
zh-essay	knowledge/People/席慕蓉.md	knowledge/People/席慕蓉.md:6	initials	mmlxddk	蒙名拉席敦多克	
zh-essay	knowledge/People/席慕蓉.md	knowledge/People/席慕蓉.md:6	mixed	mminglxidduok	蒙名拉席敦多克	
zh-essay	knowledge/People/席慕蓉.md	knowledge/People/席慕蓉.md:6	transpose	mengminglaxidundukoe	蒙名拉席敦多克	
zh-essay	knowledge/People/席慕蓉.md	knowledge/People/席慕蓉.md:66	full	ruhuacao	如花草	
zh-essay	knowledge/People/席慕蓉.md	knowledge/People/席慕蓉.md:66	half	ruhu	如花草	
zh-essay	knowledge/People/席慕蓉.md	knowledge/People/席慕蓉.md:66	initials	rhc	如花草	
zh-essay	knowledge/People/席慕蓉.md	knowledge/People/席慕蓉.md:66	mixed	rhuac	如花草	
zh-essay	knowledge/People/席慕蓉.md	knowledge/People/席慕蓉.md:66	transpose	urhuacao	如花草	
zh-essay	knowledge/People/席慕蓉.md	knowledge/People/席慕蓉.md:104	full	youyishouge	有一首歌	
zh-essay	knowledge/People/席慕蓉.md	knowledge/People/席慕蓉.md:104	half	youyi	有一首歌	
zh-essay	knowledge/People/席慕蓉.md	knowledge/People/席慕蓉.md:104	initials	yysg	有一首歌	
zh-essay	knowledge/People/席慕蓉.md	knowledge/People/席慕蓉.md:104	mixed	yyisge	有一首歌	
zh-essay	knowledge/People/席慕蓉.md	knowledge/People/席慕蓉.md:104	transpose	yuoyishouge	有一首歌	
zh-essay	knowledge/People/席慕蓉.md	knowledge/People/席慕蓉.md:86	full	youqingdengrenshengzhuti	友情等人生主題	
zh-essay	knowledge/People/席慕蓉.md	knowledge/People/席慕蓉.md:86	half	youqingdengr	友情等人生主題	
zh-essay	knowledge/People/席慕蓉.md	knowledge/People/席慕蓉.md:86	initials	yqdrszt	友情等人生主題	
zh-essay	knowledge/People/席慕蓉.md	knowledge/People/席慕蓉.md:86	mixed	yqingdrenszhut	友情等人生主題	
zh-essay	knowledge/People/席慕蓉.md	knowledge/People/席慕蓉.md:86	transpose	youqingdengrenshengzuhti	友情等人生主題	
zh-essay	knowledge/People/席慕蓉.md	knowledge/People/席慕蓉.md:141	full	renjiaoduonian	任教多年	
zh-essay	knowledge/People/席慕蓉.md	knowledge/People/席慕蓉.md:141	half	renjiao	任教多年	
zh-essay	knowledge/People/席慕蓉.md	knowledge/People/席慕蓉.md:141	initials	rjdn	任教多年	
zh-essay	knowledge/People/席慕蓉.md	knowledge/People/席慕蓉.md:141	mixed	rjiaodnian	任教多年	
zh-essay	knowledge/People/席慕蓉.md	knowledge/People/席慕蓉.md:141	transpose	rejniaoduonian	任教多年	
zh-essay	knowledge/People/席慕蓉.md	knowledge/People/席慕蓉.md:182	full	ximurongguanfangwangzhan	席慕蓉官方網站	
zh-essay	knowledge/People/席慕蓉.md	knowledge/People/席慕蓉.md:182	half	ximurongguan	席慕蓉官方網站	
zh-essay	knowledge/People/席慕蓉.md	knowledge/People/席慕蓉.md:182	initials	xmrgfwz	席慕蓉官方網站	
zh-essay	knowledge/People/席慕蓉.md	knowledge/People/席慕蓉.md:182	mixed	xmurguanfwangz	席慕蓉官方網站	
zh-essay	knowledge/People/席慕蓉.md	knowledge/People/席慕蓉.md:182	transpose	ximurongguanfanwgangzhan	席慕蓉官方網站	
zh-essay	knowledge/People/席慕蓉.md	knowledge/People/席慕蓉.md:158	full	longyingtai	龍應台	
zh-essay	knowledge/People/席慕蓉.md	knowledge/People/席慕蓉.md:158	half	longy	龍應台	
zh-essay	knowledge/People/席慕蓉.md	knowledge/People/席慕蓉.md:158	initials	lyt	龍應台	
zh-essay	knowledge/People/席慕蓉.md	knowledge/People/席慕蓉.md:158	mixed	lyingt	龍應台	
zh-essay	knowledge/People/席慕蓉.md	knowledge/People/席慕蓉.md:158	transpose	lognyingtai	龍應台	
zh-essay	knowledge/Politics/選舉過程.md	knowledge/Politics/選舉過程.md:194	full	faguishiwuyuhanguobutong	法規實務與韓國不同	
zh-essay	knowledge/Politics/選舉過程.md	knowledge/Politics/選舉過程.md:194	half	faguishiwuyu	法規實務與韓國不同	
zh-essay	knowledge/Politics/選舉過程.md	knowledge/Politics/選舉過程.md:194	initials	fgswyhgbt	法規實務與韓國不同	
zh-essay	knowledge/Politics/選舉過程.md	knowledge/Politics/選舉過程.md:194	mixed	fguiswuyhangbut	法規實務與韓國不同	
zh-essay	knowledge/Politics/選舉過程.md	knowledge/Politics/選舉過程.md:194	transpose	faguishiwuyuhanguobtuong	法規實務與韓國不同	
zh-essay	knowledge/Politics/選舉過程.md	knowledge/Politics/選舉過程.md:9	full	yishigan	儀式感	
zh-essay	knowledge/Politics/選舉過程.md	knowledge/Politics/選舉過程.md:9	half	yish	儀式感	
zh-essay	knowledge/Politics/選舉過程.md	knowledge/Politics/選舉過程.md:9	initials	ysg	儀式感	
zh-essay	knowledge/Politics/選舉過程.md	knowledge/Politics/選舉過程.md:9	mixed	yshig	儀式感	
zh-essay	knowledge/Politics/選舉過程.md	knowledge/Politics/選舉過程.md:9	transpose	ysihigan	儀式感	
zh-essay	knowledge/Politics/選舉過程.md	knowledge/Politics/選舉過程.md:34	full	wanren	萬人	
zh-essay	knowledge/Politics/選舉過程.md	knowledge/Politics/選舉過程.md:34	half	wan	萬人	
zh-essay	knowledge/Politics/選舉過程.md	knowledge/Politics/選舉過程.md:34	initials	wr	萬人	
zh-essay	knowledge/Politics/選舉過程.md	knowledge/Politics/選舉過程.md:34	mixed	wren	萬人	
zh-essay	knowledge/Politics/選舉過程.md	knowledge/Politics/選舉過程.md:34	transpose	warnen	萬人	
zh-essay	knowledge/Politics/選舉過程.md	knowledge/Politics/選舉過程.md:99	full	shitizhengju	實體證據	
zh-essay	knowledge/Politics/選舉過程.md	knowledge/Politics/選舉過程.md:99	half	shitiz	實體證據	
zh-essay	knowledge/Politics/選舉過程.md	knowledge/Politics/選舉過程.md:99	initials	stzj	實體證據	
zh-essay	knowledge/Politics/選舉過程.md	knowledge/Politics/選舉過程.md:99	mixed	stizju	實體證據	
zh-essay	knowledge/Politics/選舉過程.md	knowledge/Politics/選舉過程.md:99	transpose	shtiizhengju	實體證據	
zh-essay	knowledge/Politics/選舉過程.md	knowledge/Politics/選舉過程.md:58	full	jingchahusong	警察護送	
zh-essay	knowledge/Politics/選舉過程.md	knowledge/Politics/選舉過程.md:58	half	jingch	警察護送	
zh-essay	knowledge/Politics/選舉過程.md	knowledge/Politics/選舉過程.md:58	initials	jchs	警察護送	
zh-essay	knowledge/Politics/選舉過程.md	knowledge/Politics/選舉過程.md:58	mixed	jchahsong	警察護送	
zh-essay	knowledge/Politics/選舉過程.md	knowledge/Politics/選舉過程.md:58	transpose	jingchahusnog	警察護送	
zh-essay	knowledge/Politics/選舉過程.md	knowledge/Politics/選舉過程.md:160	full	baodaozhe	報導者	
zh-essay	knowledge/Politics/選舉過程.md	knowledge/Politics/選舉過程.md:160	half	baod	報導者	
zh-essay	knowledge/Politics/選舉過程.md	knowledge/Politics/選舉過程.md:160	initials	bdz	報導者	
zh-essay	knowledge/Politics/選舉過程.md	knowledge/Politics/選舉過程.md:160	mixed	bdaoz	報導者	
zh-essay	knowledge/Politics/選舉過程.md	knowledge/Politics/選舉過程.md:160	transpose	baodaozeh	報導者	
zh-essay	knowledge/Politics/選舉過程.md	knowledge/Politics/選舉過程.md:76	full	zhanshikonggui	展示空匭	
zh-essay	knowledge/Politics/選舉過程.md	knowledge/Politics/選舉過程.md:76	half	zhanshi	展示空匭	
zh-essay	knowledge/Politics/選舉過程.md	knowledge/Politics/選舉過程.md:76	initials	zskg	展示空匭	
zh-essay	knowledge/Politics/選舉過程.md	knowledge/Politics/選舉過程.md:76	mixed	zshikgui	展示空匭	
zh-essay	knowledge/Politics/選舉過程.md	knowledge/Politics/選舉過程.md:76	transpose	zhanshkionggui	展示空匭	
zh-essay	knowledge/Politics/選舉過程.md	knowledge/Politics/選舉過程.md:219	full	meiguozhiyinzhongwenwang	美國之音中文網	
zh-essay	knowledge/Politics/選舉過程.md	knowledge/Politics/選舉過程.md:219	half	meiguozhiyin	美國之音中文網	
zh-essay	knowledge/Politics/選舉過程.md	knowledge/Politics/選舉過程.md:219	initials	mgzyzww	美國之音中文網	
zh-essay	knowledge/Politics/選舉過程.md	knowledge/Politics/選舉過程.md:219	mixed	mguozyinzwenw	美國之音中文網	
zh-essay	knowledge/Politics/選舉過程.md	knowledge/Politics/選舉過程.md:219	transpose	meiguozhiyinzhongewnwang	美國之音中文網	
zh-essay	knowledge/Politics/選舉過程.md	knowledge/Politics/選舉過程.md:212	full	minzhujinbudang	民主進步黨	
zh-essay	knowledge/Politics/選舉過程.md	knowledge/Politics/選舉過程.md:212	half	minzhuj	民主進步黨	
zh-essay	knowledge/Politics/選舉過程.md	knowledge/Politics/選舉過程.md:212	initials	mzjbd	民主進步黨	
zh-essay	knowledge/Politics/選舉過程.md	knowledge/Politics/選舉過程.md:212	mixed	mzhujbud	民主進步黨	
zh-essay	knowledge/Politics/選舉過程.md	knowledge/Politics/選舉過程.md:212	transpose	minzuhjinbudang	民主進步黨	
zh-essay	knowledge/Politics/選舉過程.md	knowledge/Politics/選舉過程.md:135	full	xuanjuwuxiao	選舉無效	
zh-essay	knowledge/Politics/選舉過程.md	knowledge/Politics/選舉過程.md:135	half	xuanju	選舉無效	
zh-essay	knowledge/Politics/選舉過程.md	knowledge/Politics/選舉過程.md:135	initials	xjwx	選舉無效	
zh-essay	knowledge/Politics/選舉過程.md	knowledge/Politics/選舉過程.md:135	mixed	xjuwxiao	選舉無效	
zh-essay	knowledge/Politics/選舉過程.md	knowledge/Politics/選舉過程.md:135	transpose	xuanjuwuxaio	選舉無效	
zh-essay	knowledge/Politics/選舉過程.md	knowledge/Politics/選舉過程.md:166	full	nianquanguoxinggongmintoupiaojianchashiwu	年全國性公民投票監察實務	
zh-essay	knowledge/Politics/選舉過程.md	knowledge/Politics/選舉過程.md:166	half	nianquanguoxinggongm	年全國性公民投票監察實務	
zh-essay	knowledge/Politics/選舉過程.md	knowledge/Politics/選舉過程.md:166	initials	nqgxgmtpjcsw	年全國性公民投票監察實務	
zh-essay	knowledge/Politics/選舉過程.md	knowledge/Politics/選舉過程.md:166	mixed	nquangxinggmintpiaojchaswu	年全國性公民投票監察實務	
zh-essay	knowledge/Politics/選舉過程.md	knowledge/Politics/選舉過程.md:166	transpose	nianquanguoxinggongmintoupiaojianchashiwu	年全國性公民投票監察實務	
zh-essay	knowledge/Politics/選舉過程.md	knowledge/Politics/選舉過程.md:201	full	wenhua	文化	
zh-essay	knowledge/Politics/選舉過程.md	knowledge/Politics/選舉過程.md:201	half	wen	文化	
zh-essay	knowledge/Politics/選舉過程.md	knowledge/Politics/選舉過程.md:201	initials	wh	文化	
zh-essay	knowledge/Politics/選舉過程.md	knowledge/Politics/選舉過程.md:201	mixed	whua	文化	
zh-essay	knowledge/Politics/選舉過程.md	knowledge/Politics/選舉過程.md:201	transpose	ewnhua	文化	
zh-essay	knowledge/Politics/選舉過程.md	knowledge/Politics/選舉過程.md:74	full	buluncaizhi	不論材質	
zh-essay	knowledge/Politics/選舉過程.md	knowledge/Politics/選舉過程.md:74	half	bulun	不論材質	
zh-essay	knowledge/Politics/選舉過程.md	knowledge/Politics/選舉過程.md:74	initials	blcz	不論材質	
zh-essay	knowledge/Politics/選舉過程.md	knowledge/Politics/選舉過程.md:74	mixed	blunczhi	不論材質	
zh-essay	knowledge/Politics/選舉過程.md	knowledge/Politics/選舉過程.md:74	transpose	bulucnaizhi	不論材質	
zh-essay	knowledge/Politics/選舉過程.md	knowledge/Politics/選舉過程.md:28	full	xuanjurenmingce	選舉人名冊	
zh-essay	knowledge/Politics/選舉過程.md	knowledge/Politics/選舉過程.md:28	half	xuanjur	選舉人名冊	
zh-essay	knowledge/Politics/選舉過程.md	knowledge/Politics/選舉過程.md:28	initials	xjrmc	選舉人名冊	
zh-essay	knowledge/Politics/選舉過程.md	knowledge/Politics/選舉過程.md:28	mixed	xjurmingc	選舉人名冊	
zh-essay	knowledge/Politics/選舉過程.md	knowledge/Politics/選舉過程.md:28	transpose	xuanjuremningce	選舉人名冊	
zh-essay	knowledge/Politics/選舉過程.md	knowledge/Politics/選舉過程.md:188	full	fanzhi	反制	
zh-essay	knowledge/Politics/選舉過程.md	knowledge/Politics/選舉過程.md:188	half	fan	反制	
zh-essay	knowledge/Politics/選舉過程.md	knowledge/Politics/選舉過程.md:188	initials	fz	反制	
zh-essay	knowledge/Politics/選舉過程.md	knowledge/Politics/選舉過程.md:188	mixed	fzhi	反制	
zh-essay	knowledge/Politics/選舉過程.md	knowledge/Politics/選舉過程.md:188	transpose	fanhzi	反制	
zh-essay	knowledge/Politics/選舉過程.md	knowledge/Politics/選舉過程.md:55	full	yuanze	原則	
zh-essay	knowledge/Politics/選舉過程.md	knowledge/Politics/選舉過程.md:55	half	yua	原則	
zh-essay	knowledge/Politics/選舉過程.md	knowledge/Politics/選舉過程.md:55	initials	yz	原則	
zh-essay	knowledge/Politics/選舉過程.md	knowledge/Politics/選舉過程.md:55	mixed	yze	原則	
zh-essay	knowledge/Politics/選舉過程.md	knowledge/Politics/選舉過程.md:55	transpose	yuazne	原則	
zh-essay	knowledge/Politics/九合一選舉是什麼.md	knowledge/Politics/九合一選舉是什麼.md:27	full	xinbei	新北	
zh-essay	knowledge/Politics/九合一選舉是什麼.md	knowledge/Politics/九合一選舉是什麼.md:27	half	xin	新北	
zh-essay	knowledge/Politics/九合一選舉是什麼.md	knowledge/Politics/九合一選舉是什麼.md:27	initials	xb	新北	
zh-essay	knowledge/Politics/九合一選舉是什麼.md	knowledge/Politics/九合一選舉是什麼.md:27	mixed	xbei	新北	
zh-essay	knowledge/Politics/九合一選舉是什麼.md	knowledge/Politics/九合一選舉是什麼.md:27	transpose	xinebi	新北	
zh-essay	knowledge/Politics/九合一選舉是什麼.md	knowledge/Politics/九合一選舉是什麼.md:0	full	erlingyisinianshiyiyueershijiuri	二零一四年十一月二十九日	
zh-essay	knowledge/Politics/九合一選舉是什麼.md	knowledge/Politics/九合一選舉是什麼.md:0	half	erlingyisiniansh	二零一四年十一月二十九日	
zh-essay	knowledge/Politics/九合一選舉是什麼.md	knowledge/Politics/九合一選舉是什麼.md:0	initials	elysnsyyesjr	二零一四年十一月二十九日	
zh-essay	knowledge/Politics/九合一選舉是什麼.md	knowledge/Politics/九合一選舉是什麼.md:0	mixed	elingysinshiyyueeshijri	二零一四年十一月二十九日	
zh-essay	knowledge/Politics/九合一選舉是什麼.md	knowledge/Politics/九合一選舉是什麼.md:0	transpose	erlingyisinianshiyiyueesrhijiuri	二零一四年十一月二十九日	
zh-essay	knowledge/Politics/九合一選舉是什麼.md	knowledge/Politics/九合一選舉是什麼.md:293	full	jiuheyixuanju	九合一選舉	
zh-essay	knowledge/Politics/九合一選舉是什麼.md	knowledge/Politics/九合一選舉是什麼.md:293	half	jiuhey	九合一選舉	
zh-essay	knowledge/Politics/九合一選舉是什麼.md	knowledge/Politics/九合一選舉是什麼.md:293	initials	jhyxj	九合一選舉	
zh-essay	knowledge/Politics/九合一選舉是什麼.md	knowledge/Politics/九合一選舉是什麼.md:293	mixed	jheyxuanj	九合一選舉	
zh-essay	knowledge/Politics/九合一選舉是什麼.md	knowledge/Politics/九合一選舉是什麼.md:293	transpose	juiheyixuanju	九合一選舉	
zh-essay	knowledge/Politics/九合一選舉是什麼.md	knowledge/Politics/九合一選舉是什麼.md:335	full	weijibaike	維基百科	
zh-essay	knowledge/Politics/九合一選舉是什麼.md	knowledge/Politics/九合一選舉是什麼.md:335	half	weiji	維基百科	
zh-essay	knowledge/Politics/九合一選舉是什麼.md	knowledge/Politics/九合一選舉是什麼.md:335	initials	wjbk	維基百科	
zh-essay	knowledge/Politics/九合一選舉是什麼.md	knowledge/Politics/九合一選舉是什麼.md:335	mixed	wjibke	維基百科	
zh-essay	knowledge/Politics/九合一選舉是什麼.md	knowledge/Politics/九合一選舉是什麼.md:335	transpose	weijibaiek	維基百科	
zh-essay	knowledge/Politics/九合一選舉是什麼.md	knowledge/Politics/九合一選舉是什麼.md:267	full	tongritoupiao	同日投票	
zh-essay	knowledge/Politics/九合一選舉是什麼.md	knowledge/Politics/九合一選舉是什麼.md:267	half	tongri	同日投票	
zh-essay	knowledge/Politics/九合一選舉是什麼.md	knowledge/Politics/九合一選舉是什麼.md:267	initials	trtp	同日投票	
zh-essay	knowledge/Politics/九合一選舉是什麼.md	knowledge/Politics/九合一選舉是什麼.md:267	mixed	tritpiao	同日投票	
zh-essay	knowledge/Politics/九合一選舉是什麼.md	knowledge/Politics/九合一選舉是什麼.md:267	transpose	tonrgitoupiao	同日投票	
zh-essay	knowledge/Politics/九合一選舉是什麼.md	knowledge/Politics/九合一選舉是什麼.md:197	full	disanshili	第三勢力	
zh-essay	knowledge/Politics/九合一選舉是什麼.md	knowledge/Politics/九合一選舉是什麼.md:197	half	disan	第三勢力	
zh-essay	knowledge/Politics/九合一選舉是什麼.md	knowledge/Politics/九合一選舉是什麼.md:197	initials	dssl	第三勢力	
zh-essay	knowledge/Politics/九合一選舉是什麼.md	knowledge/Politics/九合一選舉是什麼.md:197	mixed	dsansli	第三勢力	
zh-essay	knowledge/Politics/九合一選舉是什麼.md	knowledge/Politics/九合一選舉是什麼.md:197	transpose	disanhsili	第三勢力	
zh-essay	knowledge/Politics/九合一選舉是什麼.md	knowledge/Politics/九合一選舉是什麼.md:68	full	xinzhushi	新竹市	
zh-essay	knowledge/Politics/九合一選舉是什麼.md	knowledge/Politics/九合一選舉是什麼.md:68	half	xinz	新竹市	
zh-essay	knowledge/Politics/九合一選舉是什麼.md	knowledge/Politics/九合一選舉是什麼.md:68	initials	xzs	新竹市	
zh-essay	knowledge/Politics/九合一選舉是什麼.md	knowledge/Politics/九合一選舉是什麼.md:68	mixed	xzhus	新竹市	
zh-essay	knowledge/Politics/九合一選舉是什麼.md	knowledge/Politics/九合一選舉是什麼.md:68	transpose	xinzhuhsi	新竹市	
zh-essay	knowledge/Politics/九合一選舉是什麼.md	knowledge/Politics/九合一選舉是什麼.md:11	full	shitaiwan	是台灣	
zh-essay	knowledge/Politics/九合一選舉是什麼.md	knowledge/Politics/九合一選舉是什麼.md:11	half	shit	是台灣	
zh-essay	knowledge/Politics/九合一選舉是什麼.md	knowledge/Politics/九合一選舉是什麼.md:11	initials	stw	是台灣	
zh-essay	knowledge/Politics/九合一選舉是什麼.md	knowledge/Politics/九合一選舉是什麼.md:11	mixed	staiw	是台灣	
zh-essay	knowledge/Politics/九合一選舉是什麼.md	knowledge/Politics/九合一選舉是什麼.md:11	transpose	shitawian	是台灣	
zh-essay	knowledge/Politics/九合一選舉是什麼.md	knowledge/Politics/九合一選舉是什麼.md:104	full	wulianrenxianzhi	無連任限制	
zh-essay	knowledge/Politics/九合一選舉是什麼.md	knowledge/Politics/九合一選舉是什麼.md:104	half	wulianre	無連任限制	
zh-essay	knowledge/Politics/九合一選舉是什麼.md	knowledge/Politics/九合一選舉是什麼.md:104	initials	wlrxz	無連任限制	
zh-essay	knowledge/Politics/九合一選舉是什麼.md	knowledge/Politics/九合一選舉是什麼.md:104	mixed	wlianrxianz	無連任限制	
zh-essay	knowledge/Politics/九合一選舉是什麼.md	knowledge/Politics/九合一選舉是什麼.md:104	transpose	wluianrenxianzhi	無連任限制	
zh-essay	knowledge/Politics/九合一選舉是什麼.md	knowledge/Politics/九合一選舉是什麼.md:158	full	danshenggeyedailai	但升格也帶來	
zh-essay	knowledge/Politics/九合一選舉是什麼.md	knowledge/Politics/九合一選舉是什麼.md:158	half	danshengg	但升格也帶來	
zh-essay	knowledge/Politics/九合一選舉是什麼.md	knowledge/Politics/九合一選舉是什麼.md:158	initials	dsgydl	但升格也帶來	
zh-essay	knowledge/Politics/九合一選舉是什麼.md	knowledge/Politics/九合一選舉是什麼.md:158	mixed	dshenggyedlai	但升格也帶來	
zh-essay	knowledge/Politics/九合一選舉是什麼.md	knowledge/Politics/九合一選舉是什麼.md:158	transpose	danshneggeyedailai	但升格也帶來	
zh-essay	knowledge/Politics/九合一選舉是什麼.md	knowledge/Politics/九合一選舉是什麼.md:237	full	jiuzhongzhiweizhong	九種職位中	
zh-essay	knowledge/Politics/九合一選舉是什麼.md	knowledge/Politics/九合一選舉是什麼.md:237	half	jiuzhongz	九種職位中	
zh-essay	knowledge/Politics/九合一選舉是什麼.md	knowledge/Politics/九合一選舉是什麼.md:237	initials	jzzwz	九種職位中	
zh-essay	knowledge/Politics/九合一選舉是什麼.md	knowledge/Politics/九合一選舉是什麼.md:237	mixed	jzhongzweiz	九種職位中	
zh-essay	knowledge/Politics/九合一選舉是什麼.md	knowledge/Politics/九合一選舉是什麼.md:237	transpose	jiuzhongzhiwiezhong	九種職位中	
zh-essay	knowledge/Politics/九合一選舉是什麼.md	knowledge/Politics/九合一選舉是什麼.md:130	full	renqi	任期	
zh-essay	knowledge/Politics/九合一選舉是什麼.md	knowledge/Politics/九合一選舉是什麼.md:130	half	re	任期	
zh-essay	knowledge/Politics/九合一選舉是什麼.md	knowledge/Politics/九合一選舉是什麼.md:130	initials	rq	任期	
zh-essay	knowledge/Politics/九合一選舉是什麼.md	knowledge/Politics/九合一選舉是什麼.md:130	mixed	rqi	任期	
zh-essay	knowledge/Politics/九合一選舉是什麼.md	knowledge/Politics/九合一選舉是什麼.md:130	transpose	reqni	任期	
zh-essay	knowledge/Politics/九合一選舉是什麼.md	knowledge/Politics/九合一選舉是什麼.md:7	full	jiuheyi	九合一	
zh-essay	knowledge/Politics/九合一選舉是什麼.md	knowledge/Politics/九合一選舉是什麼.md:7	half	jiu	九合一	
zh-essay	knowledge/Politics/九合一選舉是什麼.md	knowledge/Politics/九合一選舉是什麼.md:7	initials	jhy	九合一	
zh-essay	knowledge/Politics/九合一選舉是什麼.md	knowledge/Politics/九合一選舉是什麼.md:7	mixed	jhey	九合一	
zh-essay	knowledge/Politics/九合一選舉是什麼.md	knowledge/Politics/九合一選舉是什麼.md:7	transpose	jiuhyei	九合一	
zh-essay	knowledge/Politics/九合一選舉是什麼.md	knowledge/Politics/九合一選舉是什麼.md:185	full	quyu	區域	
zh-essay	knowledge/Politics/九合一選舉是什麼.md	knowledge/Politics/九合一選舉是什麼.md:185	half	qu	區域	
zh-essay	knowledge/Politics/九合一選舉是什麼.md	knowledge/Politics/九合一選舉是什麼.md:185	initials	qy	區域	
zh-essay	knowledge/Politics/九合一選舉是什麼.md	knowledge/Politics/九合一選舉是什麼.md:185	mixed	qyu	區域	
zh-essay	knowledge/Politics/九合一選舉是什麼.md	knowledge/Politics/九合一選舉是什麼.md:185	transpose	uqyu	區域	
zh-essay	knowledge/Politics/九合一選舉是什麼.md	knowledge/Politics/九合一選舉是什麼.md:290	full	xiangxide	詳細的	
zh-essay	knowledge/Politics/九合一選舉是什麼.md	knowledge/Politics/九合一選舉是什麼.md:290	half	xian	詳細的	
zh-essay	knowledge/Politics/九合一選舉是什麼.md	knowledge/Politics/九合一選舉是什麼.md:290	initials	xxd	詳細的	
zh-essay	knowledge/Politics/九合一選舉是什麼.md	knowledge/Politics/九合一選舉是什麼.md:290	mixed	xxid	詳細的	
zh-essay	knowledge/Politics/九合一選舉是什麼.md	knowledge/Politics/九合一選舉是什麼.md:290	transpose	ixangxide	詳細的	
zh-essay	knowledge/Politics/九合一選舉是什麼.md	knowledge/Politics/九合一選舉是什麼.md:221	full	wenhuazhengce	文化政策	
zh-essay	knowledge/Politics/九合一選舉是什麼.md	knowledge/Politics/九合一選舉是什麼.md:221	half	wenhua	文化政策	
zh-essay	knowledge/Politics/九合一選舉是什麼.md	knowledge/Politics/九合一選舉是什麼.md:221	initials	whzc	文化政策	
zh-essay	knowledge/Politics/九合一選舉是什麼.md	knowledge/Politics/九合一選舉是什麼.md:221	mixed	whuazce	文化政策	
zh-essay	knowledge/Politics/九合一選舉是什麼.md	knowledge/Politics/九合一選舉是什麼.md:221	transpose	wenhuazhnegce	文化政策	
zh-essay	knowledge/Society/手語視訊轉譯.md	knowledge/Society/手語視訊轉譯.md:182	full	kouyu	口語	
zh-essay	knowledge/Society/手語視訊轉譯.md	knowledge/Society/手語視訊轉譯.md:182	half	ko	口語	
zh-essay	knowledge/Society/手語視訊轉譯.md	knowledge/Society/手語視訊轉譯.md:182	initials	ky	口語	
zh-essay	knowledge/Society/手語視訊轉譯.md	knowledge/Society/手語視訊轉譯.md:182	mixed	kyu	口語	
zh-essay	knowledge/Society/手語視訊轉譯.md	knowledge/Society/手語視訊轉譯.md:182	transpose	okuyu	口語	
zh-essay	knowledge/Society/手語視訊轉譯.md	knowledge/Society/手語視訊轉譯.md:317	full	sifahuolaodongzhengyizhongqiuzhushi	司法或勞動爭議中求助時	
zh-essay	knowledge/Society/手語視訊轉譯.md	knowledge/Society/手語視訊轉譯.md:317	half	sifahuolaodongzhe	司法或勞動爭議中求助時	
zh-essay	knowledge/Society/手語視訊轉譯.md	knowledge/Society/手語視訊轉譯.md:317	initials	sfhldzyzqzs	司法或勞動爭議中求助時	
zh-essay	knowledge/Society/手語視訊轉譯.md	knowledge/Society/手語視訊轉譯.md:317	mixed	sfahlaodzhengyzhongqzhus	司法或勞動爭議中求助時	
zh-essay	knowledge/Society/手語視訊轉譯.md	knowledge/Society/手語視訊轉譯.md:317	transpose	sifahuolaodongzhengyizhnogqiuzhushi	司法或勞動爭議中求助時	
zh-essay	knowledge/Society/手語視訊轉譯.md	knowledge/Society/手語視訊轉譯.md:220	full	tongyifenjiluyezhichu	同一份紀錄也指出	
zh-essay	knowledge/Society/手語視訊轉譯.md	knowledge/Society/手語視訊轉譯.md:220	half	tongyifenj	同一份紀錄也指出	
zh-essay	knowledge/Society/手語視訊轉譯.md	knowledge/Society/手語視訊轉譯.md:220	initials	tyfjlyzc	同一份紀錄也指出	
zh-essay	knowledge/Society/手語視訊轉譯.md	knowledge/Society/手語視訊轉譯.md:220	mixed	tyifjilyezchu	同一份紀錄也指出	
zh-essay	knowledge/Society/手語視訊轉譯.md	knowledge/Society/手語視訊轉譯.md:220	transpose	tongyfienjiluyezhichu	同一份紀錄也指出	
zh-essay	knowledge/Society/手語視訊轉譯.md	knowledge/Society/手語視訊轉譯.md:231	full	jinrong	金融	
zh-essay	knowledge/Society/手語視訊轉譯.md	knowledge/Society/手語視訊轉譯.md:231	half	jin	金融	
zh-essay	knowledge/Society/手語視訊轉譯.md	knowledge/Society/手語視訊轉譯.md:231	initials	jr	金融	
zh-essay	knowledge/Society/手語視訊轉譯.md	knowledge/Society/手語視訊轉譯.md:231	mixed	jrong	金融	
zh-essay	knowledge/Society/手語視訊轉譯.md	knowledge/Society/手語視訊轉譯.md:231	transpose	jinrogn	金融	
zh-essay	knowledge/Society/手語視訊轉譯.md	knowledge/Society/手語視訊轉譯.md:26	full	disan	第三	
zh-essay	knowledge/Society/手語視訊轉譯.md	knowledge/Society/手語視訊轉譯.md:26	half	di	第三	
zh-essay	knowledge/Society/手語視訊轉譯.md	knowledge/Society/手語視訊轉譯.md:26	initials	ds	第三	
zh-essay	knowledge/Society/手語視訊轉譯.md	knowledge/Society/手語視訊轉譯.md:26	mixed	dsan	第三	
zh-essay	knowledge/Society/手語視訊轉譯.md	knowledge/Society/手語視訊轉譯.md:26	transpose	disna	第三	
zh-essay	knowledge/Society/手語視訊轉譯.md	knowledge/Society/手語視訊轉譯.md:447	full	tongbutingda	同步聽打	
zh-essay	knowledge/Society/手語視訊轉譯.md	knowledge/Society/手語視訊轉譯.md:447	half	tongbu	同步聽打	
zh-essay	knowledge/Society/手語視訊轉譯.md	knowledge/Society/手語視訊轉譯.md:447	initials	tbtd	同步聽打	
zh-essay	knowledge/Society/手語視訊轉譯.md	knowledge/Society/手語視訊轉譯.md:447	mixed	tbutda	同步聽打	
zh-essay	knowledge/Society/手語視訊轉譯.md	knowledge/Society/手語視訊轉譯.md:447	transpose	otngbutingda	同步聽打	
zh-essay	knowledge/Society/手語視訊轉譯.md	knowledge/Society/手語視訊轉譯.md:132	full	yebubibagerenyiliao	也不必把個人醫療	
zh-essay	knowledge/Society/手語視訊轉譯.md	knowledge/Society/手語視訊轉譯.md:132	half	yebubibag	也不必把個人醫療	
zh-essay	knowledge/Society/手語視訊轉譯.md	knowledge/Society/手語視訊轉譯.md:132	initials	ybbbgryl	也不必把個人醫療	
zh-essay	knowledge/Society/手語視訊轉譯.md	knowledge/Society/手語視訊轉譯.md:132	mixed	ybubbagrenyliao	也不必把個人醫療	
zh-essay	knowledge/Society/手語視訊轉譯.md	knowledge/Society/手語視訊轉譯.md:132	transpose	yebuibbagerenyiliao	也不必把個人醫療	
zh-essay	knowledge/Society/手語視訊轉譯.md	knowledge/Society/手語視訊轉譯.md:381	full	fanyiyuan	翻譯員	
zh-essay	knowledge/Society/手語視訊轉譯.md	knowledge/Society/手語視訊轉譯.md:381	half	fany	翻譯員	
zh-essay	knowledge/Society/手語視訊轉譯.md	knowledge/Society/手語視訊轉譯.md:381	initials	fyy	翻譯員	
zh-essay	knowledge/Society/手語視訊轉譯.md	knowledge/Society/手語視訊轉譯.md:381	mixed	fyiy	翻譯員	
zh-essay	knowledge/Society/手語視訊轉譯.md	knowledge/Society/手語視訊轉譯.md:381	transpose	fayniyuan	翻譯員	
zh-essay	knowledge/Society/手語視訊轉譯.md	knowledge/Society/手語視訊轉譯.md:188	full	rongyihuluelongrenwenhua	容易忽略聾人文化	
zh-essay	knowledge/Society/手語視訊轉譯.md	knowledge/Society/手語視訊轉譯.md:188	half	rongyihuluel	容易忽略聾人文化	
zh-essay	knowledge/Society/手語視訊轉譯.md	knowledge/Society/手語視訊轉譯.md:188	initials	ryhllrwh	容易忽略聾人文化	
zh-essay	knowledge/Society/手語視訊轉譯.md	knowledge/Society/手語視訊轉譯.md:188	mixed	ryihluelrenwhua	容易忽略聾人文化	
zh-essay	knowledge/Society/手語視訊轉譯.md	knowledge/Society/手語視訊轉譯.md:188	transpose	rongyihuluelongernwenhua	容易忽略聾人文化	
zh-essay	knowledge/Society/手語視訊轉譯.md	knowledge/Society/手語視訊轉譯.md:246	full	dengdaiduojiu	等待多久	
zh-essay	knowledge/Society/手語視訊轉譯.md	knowledge/Society/手語視訊轉譯.md:246	half	dengda	等待多久	
zh-essay	knowledge/Society/手語視訊轉譯.md	knowledge/Society/手語視訊轉譯.md:246	initials	dddj	等待多久	
zh-essay	knowledge/Society/手語視訊轉譯.md	knowledge/Society/手語視訊轉譯.md:246	mixed	ddaidjiu	等待多久	
zh-essay	knowledge/Society/手語視訊轉譯.md	knowledge/Society/手語視訊轉譯.md:246	transpose	dengdaidujoiu	等待多久	
zh-essay	knowledge/Society/手語視訊轉譯.md	knowledge/Society/手語視訊轉譯.md:160	full	qingchu	清楚	
zh-essay	knowledge/Society/手語視訊轉譯.md	knowledge/Society/手語視訊轉譯.md:160	half	qin	清楚	
zh-essay	knowledge/Society/手語視訊轉譯.md	knowledge/Society/手語視訊轉譯.md:160	initials	qc	清楚	
zh-essay	knowledge/Society/手語視訊轉譯.md	knowledge/Society/手語視訊轉譯.md:160	mixed	qchu	清楚	
zh-essay	knowledge/Society/手語視訊轉譯.md	knowledge/Society/手語視訊轉譯.md:160	transpose	qingcuh	清楚	
zh-essay	knowledge/Society/手語視訊轉譯.md	knowledge/Society/手語視訊轉譯.md:68	full	jianxun	簡訊	
zh-essay	knowledge/Society/手語視訊轉譯.md	knowledge/Society/手語視訊轉譯.md:68	half	jia	簡訊	
zh-essay	knowledge/Society/手語視訊轉譯.md	knowledge/Society/手語視訊轉譯.md:68	initials	jx	簡訊	
zh-essay	knowledge/Society/手語視訊轉譯.md	knowledge/Society/手語視訊轉譯.md:68	mixed	jxun	簡訊	
zh-essay	knowledge/Society/手語視訊轉譯.md	knowledge/Society/手語視訊轉譯.md:68	transpose	jiaxnun	簡訊	
zh-essay	knowledge/Society/手語視訊轉譯.md	knowledge/Society/手語視訊轉譯.md:123	full	pingbanhuodiannaodengru	平板或電腦登入	
zh-essay	knowledge/Society/手語視訊轉譯.md	knowledge/Society/手語視訊轉譯.md:123	half	pingbanhuod	平板或電腦登入	
zh-essay	knowledge/Society/手語視訊轉譯.md	knowledge/Society/手語視訊轉譯.md:123	initials	pbhdndr	平板或電腦登入	
zh-essay	knowledge/Society/手語視訊轉譯.md	knowledge/Society/手語視訊轉譯.md:123	mixed	pbanhdianndengr	平板或電腦登入	
zh-essay	knowledge/Society/手語視訊轉譯.md	knowledge/Society/手語視訊轉譯.md:123	transpose	pingbanhoudiannaodengru	平板或電腦登入	
zh-essay	knowledge/Society/手語視訊轉譯.md	knowledge/Society/手語視訊轉譯.md:342	full	sifachenshu	司法陳述	
zh-essay	knowledge/Society/手語視訊轉譯.md	knowledge/Society/手語視訊轉譯.md:342	half	sifac	司法陳述	
zh-essay	knowledge/Society/手語視訊轉譯.md	knowledge/Society/手語視訊轉譯.md:342	initials	sfcs	司法陳述	
zh-essay	knowledge/Society/手語視訊轉譯.md	knowledge/Society/手語視訊轉譯.md:342	mixed	sfacshu	司法陳述	
zh-essay	knowledge/Society/手語視訊轉譯.md	knowledge/Society/手語視訊轉譯.md:342	transpose	sifacehnshu	司法陳述	
zh-essay	knowledge/Society/手語視訊轉譯.md	knowledge/Society/手語視訊轉譯.md:31	full	disi	第四	
zh-essay	knowledge/Society/手語視訊轉譯.md	knowledge/Society/手語視訊轉譯.md:31	half	di	第四	
zh-essay	knowledge/Society/手語視訊轉譯.md	knowledge/Society/手語視訊轉譯.md:31	initials	ds	第四	
zh-essay	knowledge/Society/手語視訊轉譯.md	knowledge/Society/手語視訊轉譯.md:31	mixed	dsi	第四	
zh-essay	knowledge/Society/手語視訊轉譯.md	knowledge/Society/手語視訊轉譯.md:31	transpose	idsi	第四	
zh-essay	knowledge/Society/手語視訊轉譯.md	knowledge/Society/手語視訊轉譯.md:416	full	shouyushixunzhuanyifuwu	手語視訊轉譯服務	
zh-essay	knowledge/Society/手語視訊轉譯.md	knowledge/Society/手語視訊轉譯.md:416	half	shouyushixu	手語視訊轉譯服務	
zh-essay	knowledge/Society/手語視訊轉譯.md	knowledge/Society/手語視訊轉譯.md:416	initials	sysxzyfw	手語視訊轉譯服務	
zh-essay	knowledge/Society/手語視訊轉譯.md	knowledge/Society/手語視訊轉譯.md:416	mixed	syusxunzyifwu	手語視訊轉譯服務	
zh-essay	knowledge/Society/手語視訊轉譯.md	knowledge/Society/手語視訊轉譯.md:416	transpose	hsouyushixunzhuanyifuwu	手語視訊轉譯服務	
zh-essay	knowledge/Society/毒馬鈴薯認知作戰.md	knowledge/Society/毒馬鈴薯認知作戰.md:234	full	yufangfaya	預防發芽	
zh-essay	knowledge/Society/毒馬鈴薯認知作戰.md	knowledge/Society/毒馬鈴薯認知作戰.md:234	half	yufan	預防發芽	
zh-essay	knowledge/Society/毒馬鈴薯認知作戰.md	knowledge/Society/毒馬鈴薯認知作戰.md:234	initials	yffy	預防發芽	
zh-essay	knowledge/Society/毒馬鈴薯認知作戰.md	knowledge/Society/毒馬鈴薯認知作戰.md:234	mixed	yfangfya	預防發芽	
zh-essay	knowledge/Society/毒馬鈴薯認知作戰.md	knowledge/Society/毒馬鈴薯認知作戰.md:234	transpose	yufangafya	預防發芽	
zh-essay	knowledge/Society/毒馬鈴薯認知作戰.md	knowledge/Society/毒馬鈴薯認知作戰.md:983	full	gongtongjiegoushi	共通結構是	
zh-essay	knowledge/Society/毒馬鈴薯認知作戰.md	knowledge/Society/毒馬鈴薯認知作戰.md:983	half	gongtong	共通結構是	
zh-essay	knowledge/Society/毒馬鈴薯認知作戰.md	knowledge/Society/毒馬鈴薯認知作戰.md:983	initials	gtjgs	共通結構是	
zh-essay	knowledge/Society/毒馬鈴薯認知作戰.md	knowledge/Society/毒馬鈴薯認知作戰.md:983	mixed	gtongjgous	共通結構是	
zh-essay	knowledge/Society/毒馬鈴薯認知作戰.md	knowledge/Society/毒馬鈴薯認知作戰.md:983	transpose	gnogtongjiegoushi	共通結構是	
zh-essay	knowledge/Society/毒馬鈴薯認知作戰.md	knowledge/Society/毒馬鈴薯認知作戰.md:1588	full	zhonggongzhongyangtaiban	中共中央台辦	
zh-essay	knowledge/Society/毒馬鈴薯認知作戰.md	knowledge/Society/毒馬鈴薯認知作戰.md:1588	half	zhonggongzho	中共中央台辦	
zh-essay	knowledge/Society/毒馬鈴薯認知作戰.md	knowledge/Society/毒馬鈴薯認知作戰.md:1588	initials	zgzytb	中共中央台辦	
zh-essay	knowledge/Society/毒馬鈴薯認知作戰.md	knowledge/Society/毒馬鈴薯認知作戰.md:1588	mixed	zgongzyangtban	中共中央台辦	
zh-essay	knowledge/Society/毒馬鈴薯認知作戰.md	knowledge/Society/毒馬鈴薯認知作戰.md:1588	transpose	zhonggongzhongayngtaiban	中共中央台辦	
zh-essay	knowledge/Society/毒馬鈴薯認知作戰.md	knowledge/Society/毒馬鈴薯認知作戰.md:1334	full	fabu	發布	
zh-essay	knowledge/Society/毒馬鈴薯認知作戰.md	knowledge/Society/毒馬鈴薯認知作戰.md:1334	half	fa	發布	
zh-essay	knowledge/Society/毒馬鈴薯認知作戰.md	knowledge/Society/毒馬鈴薯認知作戰.md:1334	initials	fb	發布	
zh-essay	knowledge/Society/毒馬鈴薯認知作戰.md	knowledge/Society/毒馬鈴薯認知作戰.md:1334	mixed	fbu	發布	
zh-essay	knowledge/Society/毒馬鈴薯認知作戰.md	knowledge/Society/毒馬鈴薯認知作戰.md:1334	transpose	afbu	發布	
zh-essay	knowledge/Society/毒馬鈴薯認知作戰.md	knowledge/Society/毒馬鈴薯認知作戰.md:1327	full	toumingzhuang	投名狀	
zh-essay	knowledge/Society/毒馬鈴薯認知作戰.md	knowledge/Society/毒馬鈴薯認知作戰.md:1327	half	toumin	投名狀	
zh-essay	knowledge/Society/毒馬鈴薯認知作戰.md	knowledge/Society/毒馬鈴薯認知作戰.md:1327	initials	tmz	投名狀	
zh-essay	knowledge/Society/毒馬鈴薯認知作戰.md	knowledge/Society/毒馬鈴薯認知作戰.md:1327	mixed	tmingz	投名狀	
zh-essay	knowledge/Society/毒馬鈴薯認知作戰.md	knowledge/Society/毒馬鈴薯認知作戰.md:1327	transpose	touminzghuang	投名狀	
zh-essay	knowledge/Society/毒馬鈴薯認知作戰.md	knowledge/Society/毒馬鈴薯認知作戰.md:102	full	muqian	目前	
zh-essay	knowledge/Society/毒馬鈴薯認知作戰.md	knowledge/Society/毒馬鈴薯認知作戰.md:102	half	muq	目前	
zh-essay	knowledge/Society/毒馬鈴薯認知作戰.md	knowledge/Society/毒馬鈴薯認知作戰.md:102	initials	mq	目前	
zh-essay	knowledge/Society/毒馬鈴薯認知作戰.md	knowledge/Society/毒馬鈴薯認知作戰.md:102	mixed	mqian	目前	
zh-essay	knowledge/Society/毒馬鈴薯認知作戰.md	knowledge/Society/毒馬鈴薯認知作戰.md:102	transpose	muqina	目前	
zh-essay	knowledge/Society/毒馬鈴薯認知作戰.md	knowledge/Society/毒馬鈴薯認知作戰.md:30	full	shizexiangduianshihaotoumingzhuang	實則向對岸示好投名狀	
zh-essay	knowledge/Society/毒馬鈴薯認知作戰.md	knowledge/Society/毒馬鈴薯認知作戰.md:30	half	shizexiangduiansh	實則向對岸示好投名狀	
zh-essay	knowledge/Society/毒馬鈴薯認知作戰.md	knowledge/Society/毒馬鈴薯認知作戰.md:30	initials	szxdashtmz	實則向對岸示好投名狀	
zh-essay	knowledge/Society/毒馬鈴薯認知作戰.md	knowledge/Society/毒馬鈴薯認知作戰.md:30	mixed	szexduiashihtoumzhuang	實則向對岸示好投名狀	
zh-essay	knowledge/Society/毒馬鈴薯認知作戰.md	knowledge/Society/毒馬鈴薯認知作戰.md:30	transpose	shizexiangduinashihaotoumingzhuang	實則向對岸示好投名狀	
zh-essay	knowledge/Society/毒馬鈴薯認知作戰.md	knowledge/Society/毒馬鈴薯認知作戰.md:490	full	zhuke	逐顆	
zh-essay	knowledge/Society/毒馬鈴薯認知作戰.md	knowledge/Society/毒馬鈴薯認知作戰.md:490	half	zh	逐顆	
zh-essay	knowledge/Society/毒馬鈴薯認知作戰.md	knowledge/Society/毒馬鈴薯認知作戰.md:490	initials	zk	逐顆	
zh-essay	knowledge/Society/毒馬鈴薯認知作戰.md	knowledge/Society/毒馬鈴薯認知作戰.md:490	mixed	zke	逐顆	
zh-essay	knowledge/Society/毒馬鈴薯認知作戰.md	knowledge/Society/毒馬鈴薯認知作戰.md:490	transpose	zuhke	逐顆	
zh-essay	knowledge/Society/毒馬鈴薯認知作戰.md	knowledge/Society/毒馬鈴薯認知作戰.md:1382	full	weixiaofeizhexiang	位消費者向	
zh-essay	knowledge/Society/毒馬鈴薯認知作戰.md	knowledge/Society/毒馬鈴薯認知作戰.md:1382	half	weixiaofe	位消費者向	
zh-essay	knowledge/Society/毒馬鈴薯認知作戰.md	knowledge/Society/毒馬鈴薯認知作戰.md:1382	initials	wxfzx	位消費者向	
zh-essay	knowledge/Society/毒馬鈴薯認知作戰.md	knowledge/Society/毒馬鈴薯認知作戰.md:1382	mixed	wxiaofzhex	位消費者向	
zh-essay	knowledge/Society/毒馬鈴薯認知作戰.md	knowledge/Society/毒馬鈴薯認知作戰.md:1382	transpose	weixiaofeizhexaing	位消費者向	
zh-essay	knowledge/Society/毒馬鈴薯認知作戰.md	knowledge/Society/毒馬鈴薯認知作戰.md:644	full	yuantouliyouyigeyoudutianjiawu	源頭裡有一個有毒添加物	
zh-essay	knowledge/Society/毒馬鈴薯認知作戰.md	knowledge/Society/毒馬鈴薯認知作戰.md:644	half	yuantouliyouyig	源頭裡有一個有毒添加物	
zh-essay	knowledge/Society/毒馬鈴薯認知作戰.md	knowledge/Society/毒馬鈴薯認知作戰.md:644	initials	ytlyygydtjw	源頭裡有一個有毒添加物	
zh-essay	knowledge/Society/毒馬鈴薯認知作戰.md	knowledge/Society/毒馬鈴薯認知作戰.md:644	mixed	ytoulyouygeydutjiaw	源頭裡有一個有毒添加物	
zh-essay	knowledge/Society/毒馬鈴薯認知作戰.md	knowledge/Society/毒馬鈴薯認知作戰.md:644	transpose	uyantouliyouyigeyoudutianjiawu	源頭裡有一個有毒添加物	
zh-essay	knowledge/Society/毒馬鈴薯認知作戰.md	knowledge/Society/毒馬鈴薯認知作戰.md:1223	full	xinwenyun	新聞雲	
zh-essay	knowledge/Society/毒馬鈴薯認知作戰.md	knowledge/Society/毒馬鈴薯認知作戰.md:1223	half	xinw	新聞雲	
zh-essay	knowledge/Society/毒馬鈴薯認知作戰.md	knowledge/Society/毒馬鈴薯認知作戰.md:1223	initials	xwy	新聞雲	
zh-essay	knowledge/Society/毒馬鈴薯認知作戰.md	knowledge/Society/毒馬鈴薯認知作戰.md:1223	mixed	xweny	新聞雲	
zh-essay	knowledge/Society/毒馬鈴薯認知作戰.md	knowledge/Society/毒馬鈴薯認知作戰.md:1223	transpose	xinewnyun	新聞雲	
zh-essay	knowledge/Society/毒馬鈴薯認知作戰.md	knowledge/Society/毒馬鈴薯認知作戰.md:1156	full	guotaibanzaichedumalingshu	國台辦再扯毒馬鈴薯	
zh-essay	knowledge/Society/毒馬鈴薯認知作戰.md	knowledge/Society/毒馬鈴薯認知作戰.md:1156	half	guotaibanzaic	國台辦再扯毒馬鈴薯	
zh-essay	knowledge/Society/毒馬鈴薯認知作戰.md	knowledge/Society/毒馬鈴薯認知作戰.md:1156	initials	gtbzcdmls	國台辦再扯毒馬鈴薯	
zh-essay	knowledge/Society/毒馬鈴薯認知作戰.md	knowledge/Society/毒馬鈴薯認知作戰.md:1156	mixed	gtaibzaicdumlings	國台辦再扯毒馬鈴薯	
zh-essay	knowledge/Society/毒馬鈴薯認知作戰.md	knowledge/Society/毒馬鈴薯認知作戰.md:1156	transpose	guotaibanzaicheduamlingshu	國台辦再扯毒馬鈴薯	
zh-essay	knowledge/Society/毒馬鈴薯認知作戰.md	knowledge/Society/毒馬鈴薯認知作戰.md:523	full	chouyan	抽驗	
zh-essay	knowledge/Society/毒馬鈴薯認知作戰.md	knowledge/Society/毒馬鈴薯認知作戰.md:523	half	cho	抽驗	
zh-essay	knowledge/Society/毒馬鈴薯認知作戰.md	knowledge/Society/毒馬鈴薯認知作戰.md:523	initials	cy	抽驗	
zh-essay	knowledge/Society/毒馬鈴薯認知作戰.md	knowledge/Society/毒馬鈴薯認知作戰.md:523	mixed	cyan	抽驗	
zh-essay	knowledge/Society/毒馬鈴薯認知作戰.md	knowledge/Society/毒馬鈴薯認知作戰.md:523	transpose	cohuyan	抽驗	
zh-essay	knowledge/Society/毒馬鈴薯認知作戰.md	knowledge/Society/毒馬鈴薯認知作戰.md:145	full	likezhisi	立刻致死	
zh-essay	knowledge/Society/毒馬鈴薯認知作戰.md	knowledge/Society/毒馬鈴薯認知作戰.md:145	half	like	立刻致死	
zh-essay	knowledge/Society/毒馬鈴薯認知作戰.md	knowledge/Society/毒馬鈴薯認知作戰.md:145	initials	lkzs	立刻致死	
zh-essay	knowledge/Society/毒馬鈴薯認知作戰.md	knowledge/Society/毒馬鈴薯認知作戰.md:145	mixed	lkezsi	立刻致死	
zh-essay	knowledge/Society/毒馬鈴薯認知作戰.md	knowledge/Society/毒馬鈴薯認知作戰.md:145	transpose	lkiezhisi	立刻致死	
zh-essay	knowledge/Society/毒馬鈴薯認知作戰.md	knowledge/Society/毒馬鈴薯認知作戰.md:698	full	qianyuan	千元	
zh-essay	knowledge/Society/毒馬鈴薯認知作戰.md	knowledge/Society/毒馬鈴薯認知作戰.md:698	half	qian	千元	
zh-essay	knowledge/Society/毒馬鈴薯認知作戰.md	knowledge/Society/毒馬鈴薯認知作戰.md:698	initials	qy	千元	
zh-essay	knowledge/Society/毒馬鈴薯認知作戰.md	knowledge/Society/毒馬鈴薯認知作戰.md:698	mixed	qyuan	千元	
zh-essay	knowledge/Society/毒馬鈴薯認知作戰.md	knowledge/Society/毒馬鈴薯認知作戰.md:698	transpose	qiaynuan	千元	
zh-essay	knowledge/Society/毒馬鈴薯認知作戰.md	knowledge/Society/毒馬鈴薯認知作戰.md:236	full	yiyaji	抑芽劑	
zh-essay	knowledge/Society/毒馬鈴薯認知作戰.md	knowledge/Society/毒馬鈴薯認知作戰.md:236	half	yiy	抑芽劑	
zh-essay	knowledge/Society/毒馬鈴薯認知作戰.md	knowledge/Society/毒馬鈴薯認知作戰.md:236	initials	yyj	抑芽劑	
zh-essay	knowledge/Society/毒馬鈴薯認知作戰.md	knowledge/Society/毒馬鈴薯認知作戰.md:236	mixed	yyaj	抑芽劑	
zh-essay	knowledge/Society/毒馬鈴薯認知作戰.md	knowledge/Society/毒馬鈴薯認知作戰.md:236	transpose	yiyjai	抑芽劑	
zh-essay	knowledge/Technology/均一教育平台.md	knowledge/Technology/均一教育平台.md:35	full	tianxia	天下	
zh-essay	knowledge/Technology/均一教育平台.md	knowledge/Technology/均一教育平台.md:35	half	tia	天下	
zh-essay	knowledge/Technology/均一教育平台.md	knowledge/Technology/均一教育平台.md:35	initials	tx	天下	
zh-essay	knowledge/Technology/均一教育平台.md	knowledge/Technology/均一教育平台.md:35	mixed	txia	天下	
zh-essay	knowledge/Technology/均一教育平台.md	knowledge/Technology/均一教育平台.md:35	transpose	tianxai	天下	
zh-essay	knowledge/Technology/均一教育平台.md	knowledge/Technology/均一教育平台.md:129	full	leijiguankan	累積觀看	
zh-essay	knowledge/Technology/均一教育平台.md	knowledge/Technology/均一教育平台.md:129	half	leijig	累積觀看	
zh-essay	knowledge/Technology/均一教育平台.md	knowledge/Technology/均一教育平台.md:129	initials	ljgk	累積觀看	
zh-essay	knowledge/Technology/均一教育平台.md	knowledge/Technology/均一教育平台.md:129	mixed	ljigkan	累積觀看	
zh-essay	knowledge/Technology/均一教育平台.md	knowledge/Technology/均一教育平台.md:129	transpose	leiijguankan	累積觀看	
zh-essay	knowledge/Technology/均一教育平台.md	knowledge/Technology/均一教育平台.md:145	full	huanjuhuashuo	換句話說	
zh-essay	knowledge/Technology/均一教育平台.md	knowledge/Technology/均一教育平台.md:145	half	huanju	換句話說	
zh-essay	knowledge/Technology/均一教育平台.md	knowledge/Technology/均一教育平台.md:145	initials	hjhs	換句話說	
zh-essay	knowledge/Technology/均一教育平台.md	knowledge/Technology/均一教育平台.md:145	mixed	hjuhshuo	換句話說	
zh-essay	knowledge/Technology/均一教育平台.md	knowledge/Technology/均一教育平台.md:145	transpose	hunajuhuashuo	換句話說	
zh-essay	knowledge/Technology/均一教育平台.md	knowledge/Technology/均一教育平台.md:236	full	wanmingleijizhucezhe	萬名累計註冊者	
zh-essay	knowledge/Technology/均一教育平台.md	knowledge/Technology/均一教育平台.md:236	half	wanminglei	萬名累計註冊者	
zh-essay	knowledge/Technology/均一教育平台.md	knowledge/Technology/均一教育平台.md:236	initials	wmljzcz	萬名累計註冊者	
zh-essay	knowledge/Technology/均一教育平台.md	knowledge/Technology/均一教育平台.md:236	mixed	wmingljizcez	萬名累計註冊者	
zh-essay	knowledge/Technology/均一教育平台.md	knowledge/Technology/均一教育平台.md:236	transpose	wanmingleijizhueczhe	萬名累計註冊者	
zh-essay	knowledge/Technology/均一教育平台.md	knowledge/Technology/均一教育平台.md:50	full	tupianlaiyuan	圖片來源	
zh-essay	knowledge/Technology/均一教育平台.md	knowledge/Technology/均一教育平台.md:50	half	tupian	圖片來源	
zh-essay	knowledge/Technology/均一教育平台.md	knowledge/Technology/均一教育平台.md:50	initials	tply	圖片來源	
zh-essay	knowledge/Technology/均一教育平台.md	knowledge/Technology/均一教育平台.md:50	mixed	tpianlyuan	圖片來源	
zh-essay	knowledge/Technology/均一教育平台.md	knowledge/Technology/均一教育平台.md:50	transpose	tupialnaiyuan	圖片來源	
zh-essay	knowledge/Technology/均一教育平台.md	knowledge/Technology/均一教育平台.md:20	full	nengbunengzaiwanglushangfanfuguankan	能不能在網路上反覆觀看	
zh-essay	knowledge/Technology/均一教育平台.md	knowledge/Technology/均一教育平台.md:20	half	nengbunengzaiwangl	能不能在網路上反覆觀看	
zh-essay	knowledge/Technology/均一教育平台.md	knowledge/Technology/均一教育平台.md:20	initials	nbnzwlsffgk	能不能在網路上反覆觀看	
zh-essay	knowledge/Technology/均一教育平台.md	knowledge/Technology/均一教育平台.md:20	mixed	nbunzaiwlusfanfguank	能不能在網路上反覆觀看	
zh-essay	knowledge/Technology/均一教育平台.md	knowledge/Technology/均一教育平台.md:20	transpose	nengbunengzaiwanglsuhangfanfuguankan	能不能在網路上反覆觀看	
zh-essay	knowledge/Technology/均一教育平台.md	knowledge/Technology/均一教育平台.md:426	full	yiji	以及	
zh-essay	knowledge/Technology/均一教育平台.md	knowledge/Technology/均一教育平台.md:426	half	yi	以及	
zh-essay	knowledge/Technology/均一教育平台.md	knowledge/Technology/均一教育平台.md:426	initials	yj	以及	
zh-essay	knowledge/Technology/均一教育平台.md	knowledge/Technology/均一教育平台.md:426	mixed	yji	以及	
zh-essay	knowledge/Technology/均一教育平台.md	knowledge/Technology/均一教育平台.md:426	transpose	yiij	以及	
zh-essay	knowledge/Technology/均一教育平台.md	knowledge/Technology/均一教育平台.md:448	full	nianzhengfuxinwen	年政府新聞	
zh-essay	knowledge/Technology/均一教育平台.md	knowledge/Technology/均一教育平台.md:448	half	nianzhen	年政府新聞	
zh-essay	knowledge/Technology/均一教育平台.md	knowledge/Technology/均一教育平台.md:448	initials	nzfxw	年政府新聞	
zh-essay	knowledge/Technology/均一教育平台.md	knowledge/Technology/均一教育平台.md:448	mixed	nzhengfxinw	年政府新聞	
zh-essay	knowledge/Technology/均一教育平台.md	knowledge/Technology/均一教育平台.md:448	transpose	nianzhengfuixnwen	年政府新聞	
zh-essay	knowledge/Technology/均一教育平台.md	knowledge/Technology/均一教育平台.md:73	full	ridengjichengli	日登記成立	
zh-essay	knowledge/Technology/均一教育平台.md	knowledge/Technology/均一教育平台.md:73	half	ridengj	日登記成立	
zh-essay	knowledge/Technology/均一教育平台.md	knowledge/Technology/均一教育平台.md:73	initials	rdjcl	日登記成立	
zh-essay	knowledge/Technology/均一教育平台.md	knowledge/Technology/均一教育平台.md:73	mixed	rdengjchengl	日登記成立	
zh-essay	knowledge/Technology/均一教育平台.md	knowledge/Technology/均一教育平台.md:73	transpose	ridengjicehngli	日登記成立	
zh-essay	knowledge/Technology/均一教育平台.md	knowledge/Technology/均一教育平台.md:383	full	daojintian	到今天	
zh-essay	knowledge/Technology/均一教育平台.md	knowledge/Technology/均一教育平台.md:383	half	daoji	到今天	
zh-essay	knowledge/Technology/均一教育平台.md	knowledge/Technology/均一教育平台.md:383	initials	djt	到今天	
zh-essay	knowledge/Technology/均一教育平台.md	knowledge/Technology/均一教育平台.md:383	mixed	djint	到今天	
zh-essay	knowledge/Technology/均一教育平台.md	knowledge/Technology/均一教育平台.md:383	transpose	dajointian	到今天	
zh-essay	knowledge/Technology/均一教育平台.md	knowledge/Technology/均一教育平台.md:350	full	jiaoshi	教師	
zh-essay	knowledge/Technology/均一教育平台.md	knowledge/Technology/均一教育平台.md:350	half	jia	教師	
zh-essay	knowledge/Technology/均一教育平台.md	knowledge/Technology/均一教育平台.md:350	initials	js	教師	
zh-essay	knowledge/Technology/均一教育平台.md	knowledge/Technology/均一教育平台.md:350	mixed	jshi	教師	
zh-essay	knowledge/Technology/均一教育平台.md	knowledge/Technology/均一教育平台.md:350	transpose	jiaosih	教師	
zh-essay	knowledge/Technology/均一教育平台.md	knowledge/Technology/均一教育平台.md:412	full	jingliren	經理人	
zh-essay	knowledge/Technology/均一教育平台.md	knowledge/Technology/均一教育平台.md:412	half	jing	經理人	
zh-essay	knowledge/Technology/均一教育平台.md	knowledge/Technology/均一教育平台.md:412	initials	jlr	經理人	
zh-essay	knowledge/Technology/均一教育平台.md	knowledge/Technology/均一教育平台.md:412	mixed	jlir	經理人	
zh-essay	knowledge/Technology/均一教育平台.md	knowledge/Technology/均一教育平台.md:412	transpose	ijngliren	經理人	
zh-essay	knowledge/Technology/均一教育平台.md	knowledge/Technology/均一教育平台.md:460	full	chengwenyu	程雯瑜	
zh-essay	knowledge/Technology/均一教育平台.md	knowledge/Technology/均一教育平台.md:460	half	cheng	程雯瑜	
zh-essay	knowledge/Technology/均一教育平台.md	knowledge/Technology/均一教育平台.md:460	initials	cwy	程雯瑜	
zh-essay	knowledge/Technology/均一教育平台.md	knowledge/Technology/均一教育平台.md:460	mixed	cweny	程雯瑜	
zh-essay	knowledge/Technology/均一教育平台.md	knowledge/Technology/均一教育平台.md:460	transpose	hcengwenyu	程雯瑜	
zh-essay	knowledge/Technology/均一教育平台.md	knowledge/Technology/均一教育平台.md:44	full	junyijiaoyupingtai	均一教育平台	
zh-essay	knowledge/Technology/均一教育平台.md	knowledge/Technology/均一教育平台.md:44	half	junyijiao	均一教育平台	
zh-essay	knowledge/Technology/均一教育平台.md	knowledge/Technology/均一教育平台.md:44	initials	jyjypt	均一教育平台	
zh-essay	knowledge/Technology/均一教育平台.md	knowledge/Technology/均一教育平台.md:44	mixed	jyijyuptai	均一教育平台	
zh-essay	knowledge/Technology/均一教育平台.md	knowledge/Technology/均一教育平台.md:44	transpose	juynijiaoyupingtai	均一教育平台	
zh-essay	knowledge/Technology/均一教育平台.md	knowledge/Technology/均一教育平台.md:53	full	baozhongguozhong	褒忠國中	
zh-essay	knowledge/Technology/均一教育平台.md	knowledge/Technology/均一教育平台.md:53	half	baozhong	褒忠國中	
zh-essay	knowledge/Technology/均一教育平台.md	knowledge/Technology/均一教育平台.md:53	initials	bzgz	褒忠國中	
zh-essay	knowledge/Technology/均一教育平台.md	knowledge/Technology/均一教育平台.md:53	mixed	bzhonggzhong	褒忠國中	
zh-essay	knowledge/Technology/均一教育平台.md	knowledge/Technology/均一教育平台.md:53	transpose	baozhongguozhong	褒忠國中	
zh-essay	knowledge/Technology/均一教育平台.md	knowledge/Technology/均一教育平台.md:219	full	xihuangongju	喜歡工具	
zh-essay	knowledge/Technology/均一教育平台.md	knowledge/Technology/均一教育平台.md:219	half	xihuan	喜歡工具	
zh-essay	knowledge/Technology/均一教育平台.md	knowledge/Technology/均一教育平台.md:219	initials	xhgj	喜歡工具	
zh-essay	knowledge/Technology/均一教育平台.md	knowledge/Technology/均一教育平台.md:219	mixed	xhuangju	喜歡工具	
zh-essay	knowledge/Technology/均一教育平台.md	knowledge/Technology/均一教育平台.md:219	transpose	xiuhangongju	喜歡工具	
zh-essay	knowledge/Technology/電子商務與數位支付生態系.md	knowledge/Technology/電子商務與數位支付生態系.md:21	full	zijiancangchu	自建倉儲	
zh-essay	knowledge/Technology/電子商務與數位支付生態系.md	knowledge/Technology/電子商務與數位支付生態系.md:21	half	zijian	自建倉儲	
zh-essay	knowledge/Technology/電子商務與數位支付生態系.md	knowledge/Technology/電子商務與數位支付生態系.md:21	initials	zjcc	自建倉儲	
zh-essay	knowledge/Technology/電子商務與數位支付生態系.md	knowledge/Technology/電子商務與數位支付生態系.md:21	mixed	zjiancchu	自建倉儲	
zh-essay	knowledge/Technology/電子商務與數位支付生態系.md	knowledge/Technology/電子商務與數位支付生態系.md:21	transpose	zijinacangchu	自建倉儲	
zh-essay	knowledge/Technology/電子商務與數位支付生態系.md	knowledge/Technology/電子商務與數位支付生態系.md:92	full	fubangmeiti	富邦媒體	
zh-essay	knowledge/Technology/電子商務與數位支付生態系.md	knowledge/Technology/電子商務與數位支付生態系.md:92	half	fuban	富邦媒體	
zh-essay	knowledge/Technology/電子商務與數位支付生態系.md	knowledge/Technology/電子商務與數位支付生態系.md:92	initials	fbmt	富邦媒體	
zh-essay	knowledge/Technology/電子商務與數位支付生態系.md	knowledge/Technology/電子商務與數位支付生態系.md:92	mixed	fbangmti	富邦媒體	
zh-essay	knowledge/Technology/電子商務與數位支付生態系.md	knowledge/Technology/電子商務與數位支付生態系.md:92	transpose	fubangemiti	富邦媒體	
zh-essay	knowledge/Technology/電子商務與數位支付生態系.md	knowledge/Technology/電子商務與數位支付生態系.md:3	full	dengsandaoqitian	等三到七天	
zh-essay	knowledge/Technology/電子商務與數位支付生態系.md	knowledge/Technology/電子商務與數位支付生態系.md:3	half	dengsand	等三到七天	
zh-essay	knowledge/Technology/電子商務與數位支付生態系.md	knowledge/Technology/電子商務與數位支付生態系.md:3	initials	dsdqt	等三到七天	
zh-essay	knowledge/Technology/電子商務與數位支付生態系.md	knowledge/Technology/電子商務與數位支付生態系.md:3	mixed	dsandqit	等三到七天	
zh-essay	knowledge/Technology/電子商務與數位支付生態系.md	knowledge/Technology/電子商務與數位支付生態系.md:3	transpose	dengsandaoqitain	等三到七天	
zh-essay	knowledge/Technology/電子商務與數位支付生態系.md	knowledge/Technology/電子商務與數位支付生態系.md:46	full	xinjiapo	新加坡	
zh-essay	knowledge/Technology/電子商務與數位支付生態系.md	knowledge/Technology/電子商務與數位支付生態系.md:46	half	xinj	新加坡	
zh-essay	knowledge/Technology/電子商務與數位支付生態系.md	knowledge/Technology/電子商務與數位支付生態系.md:46	initials	xjp	新加坡	
zh-essay	knowledge/Technology/電子商務與數位支付生態系.md	knowledge/Technology/電子商務與數位支付生態系.md:46	mixed	xjiap	新加坡	
zh-essay	knowledge/Technology/電子商務與數位支付生態系.md	knowledge/Technology/電子商務與數位支付生態系.md:46	transpose	xinjipao	新加坡	
zh-essay	knowledge/Technology/電子商務與數位支付生態系.md	knowledge/Technology/電子商務與數位支付生態系.md:167	full	taiwanzongrenkoucai	台灣總人口才	
zh-essay	knowledge/Technology/電子商務與數位支付生態系.md	knowledge/Technology/電子商務與數位支付生態系.md:167	half	taiwanzon	台灣總人口才	
zh-essay	knowledge/Technology/電子商務與數位支付生態系.md	knowledge/Technology/電子商務與數位支付生態系.md:167	initials	twzrkc	台灣總人口才	
zh-essay	knowledge/Technology/電子商務與數位支付生態系.md	knowledge/Technology/電子商務與數位支付生態系.md:167	mixed	twanzrenkcai	台灣總人口才	
zh-essay	knowledge/Technology/電子商務與數位支付生態系.md	knowledge/Technology/電子商務與數位支付生態系.md:167	transpose	taiwanzonrgenkoucai	台灣總人口才	
zh-essay	knowledge/Technology/電子商務與數位支付生態系.md	knowledge/Technology/電子商務與數位支付生態系.md:199	full	zoujintaiwanrenheyigeyeshi	走進台灣任何一個夜市	
zh-essay	knowledge/Technology/電子商務與數位支付生態系.md	knowledge/Technology/電子商務與數位支付生態系.md:199	half	zoujintaiwanr	走進台灣任何一個夜市	
zh-essay	knowledge/Technology/電子商務與數位支付生態系.md	knowledge/Technology/電子商務與數位支付生態系.md:199	initials	zjtwrhygys	走進台灣任何一個夜市	
zh-essay	knowledge/Technology/電子商務與數位支付生態系.md	knowledge/Technology/電子商務與數位支付生態系.md:199	mixed	zjintwanrheygeyshi	走進台灣任何一個夜市	
zh-essay	knowledge/Technology/電子商務與數位支付生態系.md	knowledge/Technology/電子商務與數位支付生態系.md:199	transpose	zoujintaiwanrehneyigeyeshi	走進台灣任何一個夜市	
zh-essay	knowledge/Technology/電子商務與數位支付生態系.md	knowledge/Technology/電子商務與數位支付生態系.md:202	full	biaozhun	標準	
zh-essay	knowledge/Technology/電子商務與數位支付生態系.md	knowledge/Technology/電子商務與數位支付生態系.md:202	half	biao	標準	
zh-essay	knowledge/Technology/電子商務與數位支付生態系.md	knowledge/Technology/電子商務與數位支付生態系.md:202	initials	bz	標準	
zh-essay	knowledge/Technology/電子商務與數位支付生態系.md	knowledge/Technology/電子商務與數位支付生態系.md:202	mixed	bzhun	標準	
zh-essay	knowledge/Technology/電子商務與數位支付生態系.md	knowledge/Technology/電子商務與數位支付生態系.md:202	transpose	baiozhun	標準	
zh-essay	knowledge/Technology/電子商務與數位支付生態系.md	knowledge/Technology/電子商務與數位支付生態系.md:240	full	niandai	年代	
zh-essay	knowledge/Technology/電子商務與數位支付生態系.md	knowledge/Technology/電子商務與數位支付生態系.md:240	half	nia	年代	
zh-essay	knowledge/Technology/電子商務與數位支付生態系.md	knowledge/Technology/電子商務與數位支付生態系.md:240	initials	nd	年代	
zh-essay	knowledge/Technology/電子商務與數位支付生態系.md	knowledge/Technology/電子商務與數位支付生態系.md:240	mixed	ndai	年代	
zh-essay	knowledge/Technology/電子商務與數位支付生態系.md	knowledge/Technology/電子商務與數位支付生態系.md:240	transpose	nianadi	年代	
zh-essay	knowledge/Technology/電子商務與數位支付生態系.md	knowledge/Technology/電子商務與數位支付生態系.md:28	full	chaoshijiupei	超時就賠	
zh-essay	knowledge/Technology/電子商務與數位支付生態系.md	knowledge/Technology/電子商務與數位支付生態系.md:28	half	chaosh	超時就賠	
zh-essay	knowledge/Technology/電子商務與數位支付生態系.md	knowledge/Technology/電子商務與數位支付生態系.md:28	initials	csjp	超時就賠	
zh-essay	knowledge/Technology/電子商務與數位支付生態系.md	knowledge/Technology/電子商務與數位支付生態系.md:28	mixed	cshijpei	超時就賠	
zh-essay	knowledge/Technology/電子商務與數位支付生態系.md	knowledge/Technology/電子商務與數位支付生態系.md:28	transpose	chaosihjiupei	超時就賠	
zh-essay	knowledge/Technology/電子商務與數位支付生態系.md	knowledge/Technology/電子商務與數位支付生態系.md:25	full	jinliang	盡量	
zh-essay	knowledge/Technology/電子商務與數位支付生態系.md	knowledge/Technology/電子商務與數位支付生態系.md:25	half	jinl	盡量	
zh-essay	knowledge/Technology/電子商務與數位支付生態系.md	knowledge/Technology/電子商務與數位支付生態系.md:25	initials	jl	盡量	
zh-essay	knowledge/Technology/電子商務與數位支付生態系.md	knowledge/Technology/電子商務與數位支付生態系.md:25	mixed	jliang	盡量	
zh-essay	knowledge/Technology/電子商務與數位支付生態系.md	knowledge/Technology/電子商務與數位支付生態系.md:25	transpose	jinilang	盡量	
zh-essay	knowledge/Technology/電子商務與數位支付生態系.md	knowledge/Technology/電子商務與數位支付生態系.md:51	full	shishaoqian	是燒錢	
zh-essay	knowledge/Technology/電子商務與數位支付生態系.md	knowledge/Technology/電子商務與數位支付生態系.md:51	half	shish	是燒錢	
zh-essay	knowledge/Technology/電子商務與數位支付生態系.md	knowledge/Technology/電子商務與數位支付生態系.md:51	initials	ssq	是燒錢	
zh-essay	knowledge/Technology/電子商務與數位支付生態系.md	knowledge/Technology/電子商務與數位支付生態系.md:51	mixed	sshaoq	是燒錢	
zh-essay	knowledge/Technology/電子商務與數位支付生態系.md	knowledge/Technology/電子商務與數位支付生態系.md:51	transpose	shishoaqian	是燒錢	
zh-essay	knowledge/Technology/電子商務與數位支付生態系.md	knowledge/Technology/電子商務與數位支付生態系.md:352	full	yueyingshounianzeng	月營收年增	
zh-essay	knowledge/Technology/電子商務與數位支付生態系.md	knowledge/Technology/電子商務與數位支付生態系.md:352	half	yueyingsh	月營收年增	
zh-essay	knowledge/Technology/電子商務與數位支付生態系.md	knowledge/Technology/電子商務與數位支付生態系.md:352	initials	yysnz	月營收年增	
zh-essay	knowledge/Technology/電子商務與數位支付生態系.md	knowledge/Technology/電子商務與數位支付生態系.md:352	mixed	yyingsnianz	月營收年增	
zh-essay	knowledge/Technology/電子商務與數位支付生態系.md	knowledge/Technology/電子商務與數位支付生態系.md:352	transpose	yueynigshounianzeng	月營收年增	
zh-essay	knowledge/Technology/電子商務與數位支付生態系.md	knowledge/Technology/電子商務與數位支付生態系.md:236	full	niandai	年代	
zh-essay	knowledge/Technology/電子商務與數位支付生態系.md	knowledge/Technology/電子商務與數位支付生態系.md:236	half	nia	年代	
zh-essay	knowledge/Technology/電子商務與數位支付生態系.md	knowledge/Technology/電子商務與數位支付生態系.md:236	initials	nd	年代	
zh-essay	knowledge/Technology/電子商務與數位支付生態系.md	knowledge/Technology/電子商務與數位支付生態系.md:236	mixed	ndai	年代	
zh-essay	knowledge/Technology/電子商務與數位支付生態系.md	knowledge/Technology/電子商務與數位支付生態系.md:236	transpose	ninadai	年代	
zh-essay	knowledge/Technology/電子商務與數位支付生態系.md	knowledge/Technology/電子商務與數位支付生態系.md:213	full	youjilujiuyaobaoshui	有紀錄就要報稅	
zh-essay	knowledge/Technology/電子商務與數位支付生態系.md	knowledge/Technology/電子商務與數位支付生態系.md:213	half	youjilujiu	有紀錄就要報稅	
zh-essay	knowledge/Technology/電子商務與數位支付生態系.md	knowledge/Technology/電子商務與數位支付生態系.md:213	initials	yjljybs	有紀錄就要報稅	
zh-essay	knowledge/Technology/電子商務與數位支付生態系.md	knowledge/Technology/電子商務與數位支付生態系.md:213	mixed	yjiljiuybaos	有紀錄就要報稅	
zh-essay	knowledge/Technology/電子商務與數位支付生態系.md	knowledge/Technology/電子商務與數位支付生態系.md:213	transpose	youjilujiuyaboaoshui	有紀錄就要報稅	
zh-essay	knowledge/Technology/電子商務與數位支付生態系.md	knowledge/Technology/電子商務與數位支付生態系.md:256	full	yimatongyong	一碼通用	
zh-essay	knowledge/Technology/電子商務與數位支付生態系.md	knowledge/Technology/電子商務與數位支付生態系.md:256	half	yimato	一碼通用	
zh-essay	knowledge/Technology/電子商務與數位支付生態系.md	knowledge/Technology/電子商務與數位支付生態系.md:256	initials	ymty	一碼通用	
zh-essay	knowledge/Technology/電子商務與數位支付生態系.md	knowledge/Technology/電子商務與數位支付生態系.md:256	mixed	ymatyong	一碼通用	
zh-essay	knowledge/Technology/電子商務與數位支付生態系.md	knowledge/Technology/電子商務與數位支付生態系.md:256	transpose	iymatongyong	一碼通用	
zh-essay	knowledge/Technology/電子商務與數位支付生態系.md	knowledge/Technology/電子商務與數位支付生態系.md:178	full	jiekouzhifuzou	街口支付走	
zh-essay	knowledge/Technology/電子商務與數位支付生態系.md	knowledge/Technology/電子商務與數位支付生態系.md:178	half	jiekouz	街口支付走	
zh-essay	knowledge/Technology/電子商務與數位支付生態系.md	knowledge/Technology/電子商務與數位支付生態系.md:178	initials	jkzfz	街口支付走	
zh-essay	knowledge/Technology/電子商務與數位支付生態系.md	knowledge/Technology/電子商務與數位支付生態系.md:178	mixed	jkouzfuz	街口支付走	
zh-essay	knowledge/Technology/電子商務與數位支付生態系.md	knowledge/Technology/電子商務與數位支付生態系.md:178	transpose	jiekouhzifuzou	街口支付走	
japanese-retrieval	japanese	jmdict:2840111:o'to'na'ni'na'ru	full	otonaninaru	otonaninaru	
japanese-retrieval	japanese	jmdict:2840111:o'to'na'ni'na'ru	half	otona	otonaninaru	
japanese-retrieval	japanese	jmdict:2840111:o'to'na'ni'na'ru	transpose	toonaninaru	otonaninaru	
japanese-retrieval	japanese	jmdict:2840111:o'to'na'ni'na'ru	full	otonaninaru	おとなになる	
japanese-retrieval	japanese	jmdict:2840111:o'to'na'ni'na'ru	half	otona	おとなになる	
japanese-retrieval	japanese	jmdict:2840111:o'to'na'ni'na'ru	transpose	toonaninaru	おとなになる	
japanese-retrieval	japanese	jmdict:2840111:o'to'na'ni'na'ru	full	otonaninaru	大人になる	
japanese-retrieval	japanese	jmdict:2840111:o'to'na'ni'na'ru	half	otona	大人になる	
japanese-retrieval	japanese	jmdict:2840111:o'to'na'ni'na'ru	transpose	toonaninaru	大人になる	
japanese-retrieval	japanese	jmdict:2009070:de'na'i'to	full	denaito	denaito	
japanese-retrieval	japanese	jmdict:2009070:de'na'i'to	half	den	denaito	
japanese-retrieval	japanese	jmdict:2009070:de'na'i'to	transpose	denatio	denaito	
japanese-retrieval	japanese	jmdict:2009070:de'na'i'to	full	denaito	でないと	
japanese-retrieval	japanese	jmdict:2009070:de'na'i'to	half	den	でないと	
japanese-retrieval	japanese	jmdict:2009070:de'na'i'to	transpose	denatio	でないと	
japanese-retrieval	japanese	jmdict:1006200:su'be'ki	full	subeki	subeki	
japanese-retrieval	japanese	jmdict:1006200:su'be'ki	half	sub	subeki	
japanese-retrieval	japanese	jmdict:1006200:su'be'ki	transpose	usbeki	subeki	
japanese-retrieval	japanese	jmdict:1006200:su'be'ki	full	subeki	すべき	
japanese-retrieval	japanese	jmdict:1006200:su'be'ki	half	sub	すべき	
japanese-retrieval	japanese	jmdict:1006200:su'be'ki	transpose	usbeki	すべき	
japanese-retrieval	japanese	jmdict:2667510:yo'ne	full	yone	yone	
japanese-retrieval	japanese	jmdict:2667510:yo'ne	half	yo	yone	
japanese-retrieval	japanese	jmdict:2667510:yo'ne	transpose	yoen	yone	
japanese-retrieval	japanese	jmdict:2667510:yo'ne	full	yone	よね	
japanese-retrieval	japanese	jmdict:2667510:yo'ne	half	yo	よね	
japanese-retrieval	japanese	jmdict:2667510:yo'ne	transpose	yoen	よね	
japanese-retrieval	japanese	jmdict:1001150:e'to	full	eto	eto	
japanese-retrieval	japanese	jmdict:1001150:e'to	half	e	eto	
japanese-retrieval	japanese	jmdict:1001150:e'to	transpose	teo	eto	
japanese-retrieval	japanese	jmdict:1001150:e'to	full	eto	えと	
japanese-retrieval	japanese	jmdict:1001150:e'to	half	e	えと	
japanese-retrieval	japanese	jmdict:1001150:e'to	transpose	teo	えと	
japanese-retrieval	japanese	jmdict:1188490:na'ni'mo	full	nanimo	nanimo	
japanese-retrieval	japanese	jmdict:1188490:na'ni'mo	half	nan	nanimo	
japanese-retrieval	japanese	jmdict:1188490:na'ni'mo	transpose	naniom	nanimo	
japanese-retrieval	japanese	jmdict:1188490:na'ni'mo	full	nanimo	なにも	
japanese-retrieval	japanese	jmdict:1188490:na'ni'mo	half	nan	なにも	
japanese-retrieval	japanese	jmdict:1188490:na'ni'mo	transpose	naniom	なにも	
japanese-retrieval	japanese	jmdict:1188490:na'ni'mo	full	nanimo	何も	
japanese-retrieval	japanese	jmdict:1188490:na'ni'mo	half	nan	何も	
japanese-retrieval	japanese	jmdict:1188490:na'ni'mo	transpose	naniom	何も	
japanese-retrieval	japanese	jmdict:2266130:ko'to'ni'yo'ri	full	kotoniyori	kotoniyori	
japanese-retrieval	japanese	jmdict:2266130:ko'to'ni'yo'ri	half	koton	kotoniyori	
japanese-retrieval	japanese	jmdict:2266130:ko'to'ni'yo'ri	transpose	kotoniyroi	kotoniyori	
japanese-retrieval	japanese	jmdict:2266130:ko'to'ni'yo'ri	full	kotoniyori	ことにより	
japanese-retrieval	japanese	jmdict:2266130:ko'to'ni'yo'ri	half	koton	ことにより	
japanese-retrieval	japanese	jmdict:2266130:ko'to'ni'yo'ri	transpose	kotoniyroi	ことにより	
japanese-retrieval	japanese	jmdict:2266130:ko'to'ni'yo'ri	full	kotoniyori	事により	
japanese-retrieval	japanese	jmdict:2266130:ko'to'ni'yo'ri	half	koton	事により	
japanese-retrieval	japanese	jmdict:2266130:ko'to'ni'yo'ri	transpose	kotoniyroi	事により	
japanese-retrieval	japanese	jmdict:1430230:cho'u'da'i	full	choudai	choudai	
japanese-retrieval	japanese	jmdict:1430230:cho'u'da'i	half	cho	choudai	
japanese-retrieval	japanese	jmdict:1430230:cho'u'da'i	transpose	cohudai	choudai	
japanese-retrieval	japanese	jmdict:1430230:cho'u'da'i	full	choudai	ちょうだい	
japanese-retrieval	japanese	jmdict:1430230:cho'u'da'i	half	cho	ちょうだい	
japanese-retrieval	japanese	jmdict:1430230:cho'u'da'i	transpose	cohudai	ちょうだい	
japanese-retrieval	japanese	jmdict:1430230:cho'u'da'i	full	choudai	頂戴	
japanese-retrieval	japanese	jmdict:1430230:cho'u'da'i	half	cho	頂戴	
japanese-retrieval	japanese	jmdict:1430230:cho'u'da'i	transpose	cohudai	頂戴	
japanese-retrieval	japanese	jmdict:2872401:ni'tsu'ki'ma'shi'te	full	nitsukimashite	nitsukimashite	
japanese-retrieval	japanese	jmdict:2872401:ni'tsu'ki'ma'shi'te	half	nitsuki	nitsukimashite	
japanese-retrieval	japanese	jmdict:2872401:ni'tsu'ki'ma'shi'te	transpose	nistukimashite	nitsukimashite	
japanese-retrieval	japanese	jmdict:2872401:ni'tsu'ki'ma'shi'te	full	nitsukimashite	につきまして	
japanese-retrieval	japanese	jmdict:2872401:ni'tsu'ki'ma'shi'te	half	nitsuki	につきまして	
japanese-retrieval	japanese	jmdict:2872401:ni'tsu'ki'ma'shi'te	transpose	nistukimashite	につきまして	
japanese-retrieval	japanese	jmdict:1188950:na'n'ji'ka'n	full	nanjikan	nanjikan	
japanese-retrieval	japanese	jmdict:1188950:na'n'ji'ka'n	half	nanj	nanjikan	
japanese-retrieval	japanese	jmdict:1188950:na'n'ji'ka'n	transpose	nnajikan	nanjikan	
japanese-retrieval	japanese	jmdict:1188950:na'n'ji'ka'n	full	nanjikan	なんじかん	
japanese-retrieval	japanese	jmdict:1188950:na'n'ji'ka'n	half	nanj	なんじかん	
japanese-retrieval	japanese	jmdict:1188950:na'n'ji'ka'n	transpose	nnajikan	なんじかん	
japanese-retrieval	japanese	jmdict:1188950:na'n'ji'ka'n	full	nanjikan	何時間	
japanese-retrieval	japanese	jmdict:1188950:na'n'ji'ka'n	half	nanj	何時間	
japanese-retrieval	japanese	jmdict:1188950:na'n'ji'ka'n	transpose	nnajikan	何時間	
japanese-retrieval	japanese	jmdict:1597010:ta'chi'i'ri'ki'n'shi	full	tachiirikinshi	tachiirikinshi	
japanese-retrieval	japanese	jmdict:1597010:ta'chi'i'ri'ki'n'shi	half	tachiir	tachiirikinshi	
japanese-retrieval	japanese	jmdict:1597010:ta'chi'i'ri'ki'n'shi	transpose	tcahiirikinshi	tachiirikinshi	
japanese-retrieval	japanese	jmdict:1597010:ta'chi'i'ri'ki'n'shi	full	tachiirikinshi	たちいりきんし	
japanese-retrieval	japanese	jmdict:1597010:ta'chi'i'ri'ki'n'shi	half	tachiir	たちいりきんし	
japanese-retrieval	japanese	jmdict:1597010:ta'chi'i'ri'ki'n'shi	transpose	tcahiirikinshi	たちいりきんし	
japanese-retrieval	japanese	jmdict:1597010:ta'chi'i'ri'ki'n'shi	full	tachiirikinshi	立ち入り禁止	
japanese-retrieval	japanese	jmdict:1597010:ta'chi'i'ri'ki'n'shi	half	tachiir	立ち入り禁止	
japanese-retrieval	japanese	jmdict:1597010:ta'chi'i'ri'ki'n'shi	transpose	tcahiirikinshi	立ち入り禁止	
japanese-retrieval	japanese	jmdict:1597010:ta'chi'i'ri'ki'n'shi	full	tachiirikinshi	立入禁止	
japanese-retrieval	japanese	jmdict:1597010:ta'chi'i'ri'ki'n'shi	half	tachiir	立入禁止	
japanese-retrieval	japanese	jmdict:1597010:ta'chi'i'ri'ki'n'shi	transpose	tcahiirikinshi	立入禁止	
japanese-retrieval	japanese	jmdict:2134700:na'shi'ni'ha	full	nashiniha	nashiniha	
japanese-retrieval	japanese	jmdict:2134700:na'shi'ni'ha	half	nash	nashiniha	
japanese-retrieval	japanese	jmdict:2134700:na'shi'ni'ha	transpose	nashiniah	nashiniha	
japanese-retrieval	japanese	jmdict:2134700:na'shi'ni'ha	full	nashiniha	なしには	
japanese-retrieval	japanese	jmdict:2134700:na'shi'ni'ha	half	nash	なしには	
japanese-retrieval	japanese	jmdict:2134700:na'shi'ni'ha	transpose	nashiniah	なしには	
japanese-retrieval	japanese	jmdict:2134700:na'shi'ni'ha	full	nashiniha	無しには	
japanese-retrieval	japanese	jmdict:2134700:na'shi'ni'ha	half	nash	無しには	
japanese-retrieval	japanese	jmdict:2134700:na'shi'ni'ha	transpose	nashiniah	無しには	
japanese-retrieval	japanese	jmdict:2534350:o'na'ka'no'ko	full	onakanoko	onakanoko	
japanese-retrieval	japanese	jmdict:2534350:o'na'ka'no'ko	half	onak	onakanoko	
japanese-retrieval	japanese	jmdict:2534350:o'na'ka'no'ko	transpose	onakanook	onakanoko	
japanese-retrieval	japanese	jmdict:2534350:o'na'ka'no'ko	full	onakanoko	おなかのこ	
japanese-retrieval	japanese	jmdict:2534350:o'na'ka'no'ko	half	onak	おなかのこ	
japanese-retrieval	japanese	jmdict:2534350:o'na'ka'no'ko	transpose	onakanook	おなかのこ	
japanese-retrieval	japanese	jmdict:2534350:o'na'ka'no'ko	full	onakanoko	お腹の子	
japanese-retrieval	japanese	jmdict:2534350:o'na'ka'no'ko	half	onak	お腹の子	
japanese-retrieval	japanese	jmdict:2534350:o'na'ka'no'ko	transpose	onakanook	お腹の子	
japanese-retrieval	japanese	jmdict:2757620:tchu'u	full	tchuu	tchuu	
japanese-retrieval	japanese	jmdict:2757620:tchu'u	half	tc	tchuu	
japanese-retrieval	japanese	jmdict:2757620:tchu'u	transpose	tcuhu	tchuu	
japanese-retrieval	japanese	jmdict:2757620:tchu'u	full	tchuu	っちゅう	
japanese-retrieval	japanese	jmdict:2757620:tchu'u	half	tc	っちゅう	
japanese-retrieval	japanese	jmdict:2757620:tchu'u	transpose	tcuhu	っちゅう	
japanese-retrieval	japanese	jmdict:1116520:pu're'e'bo'o'ru	full	pureebooru	pureebooru	
japanese-retrieval	japanese	jmdict:1116520:pu're'e'bo'o'ru	half	puree	pureebooru	
japanese-retrieval	japanese	jmdict:1116520:pu're'e'bo'o'ru	transpose	pureeborou	pureebooru	
japanese-retrieval	japanese	jmdict:1116520:pu're'e'bo'o'ru	full	pureebooru	プレーボール	
japanese-retrieval	japanese	jmdict:1116520:pu're'e'bo'o'ru	half	puree	プレーボール	
japanese-retrieval	japanese	jmdict:1116520:pu're'e'bo'o'ru	transpose	pureeborou	プレーボール	
japanese-retrieval	japanese	jmdict:2871489:sa'i'wa'i'de'su	full	saiwaidesu	saiwaidesu	
japanese-retrieval	japanese	jmdict:2871489:sa'i'wa'i'de'su	half	saiwa	saiwaidesu	
japanese-retrieval	japanese	jmdict:2871489:sa'i'wa'i'de'su	transpose	saiwaideus	saiwaidesu	
japanese-retrieval	japanese	jmdict:2871489:sa'i'wa'i'de'su	full	saiwaidesu	さいわいです	
japanese-retrieval	japanese	jmdict:2871489:sa'i'wa'i'de'su	half	saiwa	さいわいです	
japanese-retrieval	japanese	jmdict:2871489:sa'i'wa'i'de'su	transpose	saiwaideus	さいわいです	
japanese-retrieval	japanese	jmdict:2871489:sa'i'wa'i'de'su	full	saiwaidesu	幸いです	
japanese-retrieval	japanese	jmdict:2871489:sa'i'wa'i'de'su	half	saiwa	幸いです	
japanese-retrieval	japanese	jmdict:2871489:sa'i'wa'i'de'su	transpose	saiwaideus	幸いです	
japanese-retrieval	japanese	jmdict:2214880:i'i'yo'u'ga'na'i	full	iiyouganai	iiyouganai	
japanese-retrieval	japanese	jmdict:2214880:i'i'yo'u'ga'na'i	half	iiyou	iiyouganai	
japanese-retrieval	japanese	jmdict:2214880:i'i'yo'u'ga'na'i	transpose	iiyouganai	iiyouganai	
japanese-retrieval	japanese	jmdict:2214880:i'i'yo'u'ga'na'i	full	iiyouganai	いいようがない	
japanese-retrieval	japanese	jmdict:2214880:i'i'yo'u'ga'na'i	half	iiyou	いいようがない	
japanese-retrieval	japanese	jmdict:2214880:i'i'yo'u'ga'na'i	transpose	iiyouganai	いいようがない	
japanese-retrieval	japanese	jmdict:2214880:i'i'yo'u'ga'na'i	full	iiyouganai	言いようがない	
japanese-retrieval	japanese	jmdict:2214880:i'i'yo'u'ga'na'i	half	iiyou	言いようがない	
japanese-retrieval	japanese	jmdict:2214880:i'i'yo'u'ga'na'i	transpose	iiyouganai	言いようがない	
japanese-retrieval	japanese	jmdict:1013000:ya're'ya're	full	yareyare	yareyare	
japanese-retrieval	japanese	jmdict:1013000:ya're'ya're	half	yare	yareyare	
japanese-retrieval	japanese	jmdict:1013000:ya're'ya're	transpose	yareyaer	yareyare	
japanese-retrieval	japanese	jmdict:1013000:ya're'ya're	full	yareyare	やれやれ	
japanese-retrieval	japanese	jmdict:1013000:ya're'ya're	half	yare	やれやれ	
japanese-retrieval	japanese	jmdict:1013000:ya're'ya're	transpose	yareyaer	やれやれ	
japanese-retrieval	japanese	jmdict:1218380:a'bu'na'i	full	abunai	abunai	
japanese-retrieval	japanese	jmdict:1218380:a'bu'na'i	half	abu	abunai	
japanese-retrieval	japanese	jmdict:1218380:a'bu'na'i	transpose	baunai	abunai	
japanese-retrieval	japanese	jmdict:1218380:a'bu'na'i	full	abunai	あぶない	
japanese-retrieval	japanese	jmdict:1218380:a'bu'na'i	half	abu	あぶない	
japanese-retrieval	japanese	jmdict:1218380:a'bu'na'i	transpose	baunai	あぶない	
japanese-retrieval	japanese	jmdict:1218380:a'bu'na'i	full	abunai	危ない	
japanese-retrieval	japanese	jmdict:1218380:a'bu'na'i	half	abu	危ない	
japanese-retrieval	japanese	jmdict:1218380:a'bu'na'i	transpose	baunai	危ない	
japanese-retrieval	japanese	jmdict:1004820:ko're'ma'de	full	koremade	koremade	
japanese-retrieval	japanese	jmdict:1004820:ko're'ma'de	half	kore	koremade	
japanese-retrieval	japanese	jmdict:1004820:ko're'ma'de	transpose	kormeade	koremade	
japanese-retrieval	japanese	jmdict:1004820:ko're'ma'de	full	koremade	これまで	
japanese-retrieval	japanese	jmdict:1004820:ko're'ma'de	half	kore	これまで	
japanese-retrieval	japanese	jmdict:1004820:ko're'ma'de	transpose	kormeade	これまで	
japanese-retrieval	japanese	jmdict:1007310:da'ka'ra	full	dakara	dakara	
japanese-retrieval	japanese	jmdict:1007310:da'ka'ra	half	dak	dakara	
japanese-retrieval	japanese	jmdict:1007310:da'ka'ra	transpose	daakra	dakara	
japanese-retrieval	japanese	jmdict:1007310:da'ka'ra	full	dakara	だから	
japanese-retrieval	japanese	jmdict:1007310:da'ka'ra	half	dak	だから	
japanese-retrieval	japanese	jmdict:1007310:da'ka'ra	transpose	daakra	だから	
japanese-retrieval	japanese	jmdict:1606630:wa'ga'ku'ni	full	wagakuni	wagakuni	
japanese-retrieval	japanese	jmdict:1606630:wa'ga'ku'ni	half	waga	wagakuni	
japanese-retrieval	japanese	jmdict:1606630:wa'ga'ku'ni	transpose	wagakuin	wagakuni	
japanese-retrieval	japanese	jmdict:1606630:wa'ga'ku'ni	full	wagakuni	わがくに	
japanese-retrieval	japanese	jmdict:1606630:wa'ga'ku'ni	half	waga	わがくに	
japanese-retrieval	japanese	jmdict:1606630:wa'ga'ku'ni	transpose	wagakuin	わがくに	
japanese-retrieval	japanese	jmdict:1606630:wa'ga'ku'ni	full	wagakuni	わが国	
japanese-retrieval	japanese	jmdict:1606630:wa'ga'ku'ni	half	waga	わが国	
japanese-retrieval	japanese	jmdict:1606630:wa'ga'ku'ni	transpose	wagakuin	わが国	
japanese-retrieval	japanese	jmdict:1606630:wa'ga'ku'ni	full	wagakuni	我が国	
japanese-retrieval	japanese	jmdict:1606630:wa'ga'ku'ni	half	waga	我が国	
japanese-retrieval	japanese	jmdict:1606630:wa'ga'ku'ni	transpose	wagakuin	我が国	
japanese-retrieval	japanese	jmdict:2002400:u'u'n	full	uun	uun	
japanese-retrieval	japanese	jmdict:2002400:u'u'n	half	u	uun	
japanese-retrieval	japanese	jmdict:2002400:u'u'n	transpose	uun	uun	
japanese-retrieval	japanese	jmdict:2002400:u'u'n	full	uun	ううん	
japanese-retrieval	japanese	jmdict:2002400:u'u'n	half	u	ううん	
japanese-retrieval	japanese	jmdict:2002400:u'u'n	transpose	uun	ううん	
japanese-retrieval	japanese	jmdict:1006530:se'zu	full	sezu	sezu	
japanese-retrieval	japanese	jmdict:1006530:se'zu	half	se	sezu	
japanese-retrieval	japanese	jmdict:1006530:se'zu	transpose	eszu	sezu	
japanese-retrieval	japanese	jmdict:1006530:se'zu	full	sezu	せず	
japanese-retrieval	japanese	jmdict:1006530:se'zu	half	se	せず	
japanese-retrieval	japanese	jmdict:1006530:se'zu	transpose	eszu	せず	
japanese-retrieval	japanese	jmdict:2008640:so'u'i'tta	full	souitta	souitta	
japanese-retrieval	japanese	jmdict:2008640:so'u'i'tta	half	sou	souitta	
japanese-retrieval	japanese	jmdict:2008640:so'u'i'tta	transpose	suoitta	souitta	
japanese-retrieval	japanese	jmdict:2008640:so'u'i'tta	full	souitta	そういった	
japanese-retrieval	japanese	jmdict:2008640:so'u'i'tta	half	sou	そういった	
japanese-retrieval	japanese	jmdict:2008640:so'u'i'tta	transpose	suoitta	そういった	
japanese-retrieval	japanese	jmdict:2008640:so'u'i'tta	full	souitta	そう言った	
japanese-retrieval	japanese	jmdict:2008640:so'u'i'tta	half	sou	そう言った	
japanese-retrieval	japanese	jmdict:2008640:so'u'i'tta	transpose	suoitta	そう言った	
japanese-retrieval	japanese	jmdict:2825920:na'ka'ni'mo	full	nakanimo	nakanimo	
japanese-retrieval	japanese	jmdict:2825920:na'ka'ni'mo	half	naka	nakanimo	
japanese-retrieval	japanese	jmdict:2825920:na'ka'ni'mo	transpose	ankanimo	nakanimo	
japanese-retrieval	japanese	jmdict:2825920:na'ka'ni'mo	full	nakanimo	なかにも	
japanese-retrieval	japanese	jmdict:2825920:na'ka'ni'mo	half	naka	なかにも	
japanese-retrieval	japanese	jmdict:2825920:na'ka'ni'mo	transpose	ankanimo	なかにも	
japanese-retrieval	japanese	jmdict:2825920:na'ka'ni'mo	full	nakanimo	中にも	
japanese-retrieval	japanese	jmdict:2825920:na'ka'ni'mo	half	naka	中にも	
japanese-retrieval	japanese	jmdict:2825920:na'ka'ni'mo	transpose	ankanimo	中にも	
japanese-retrieval	japanese	jmdict:1625780:ha'ji'me'ma'shi'te	full	hajimemashite	hajimemashite	
japanese-retrieval	japanese	jmdict:1625780:ha'ji'me'ma'shi'te	half	hajime	hajimemashite	
japanese-retrieval	japanese	jmdict:1625780:ha'ji'me'ma'shi'te	transpose	hajimemasihte	hajimemashite	
japanese-retrieval	japanese	jmdict:1625780:ha'ji'me'ma'shi'te	full	hajimemashite	はじめまして	
japanese-retrieval	japanese	jmdict:1625780:ha'ji'me'ma'shi'te	half	hajime	はじめまして	
japanese-retrieval	japanese	jmdict:1625780:ha'ji'me'ma'shi'te	transpose	hajimemasihte	はじめまして	
japanese-retrieval	japanese	jmdict:1625780:ha'ji'me'ma'shi'te	full	hajimemashite	初めまして	
japanese-retrieval	japanese	jmdict:1625780:ha'ji'me'ma'shi'te	half	hajime	初めまして	
japanese-retrieval	japanese	jmdict:1625780:ha'ji'me'ma'shi'te	transpose	hajimemasihte	初めまして	
japanese-retrieval	japanese	jmdict:1625780:ha'ji'me'ma'shi'te	full	hajimemashite	始めまして	
japanese-retrieval	japanese	jmdict:1625780:ha'ji'me'ma'shi'te	half	hajime	始めまして	
japanese-retrieval	japanese	jmdict:1625780:ha'ji'me'ma'shi'te	transpose	hajimemasihte	始めまして	
japanese-retrieval	japanese	jmdict:2080530:no'o	full	noo	noo	
japanese-retrieval	japanese	jmdict:2080530:no'o	half	n	noo	
japanese-retrieval	japanese	jmdict:2080530:no'o	transpose	ono	noo	
japanese-retrieval	japanese	jmdict:2080530:no'o	full	noo	ノー	
japanese-retrieval	japanese	jmdict:2080530:no'o	half	n	ノー	
japanese-retrieval	japanese	jmdict:2080530:no'o	transpose	ono	ノー	
japanese-retrieval	japanese	jmdict:2793200:go'shu'ji'n'sa'ma	full	goshujinsama	goshujinsama	
japanese-retrieval	japanese	jmdict:2793200:go'shu'ji'n'sa'ma	half	goshuj	goshujinsama	
japanese-retrieval	japanese	jmdict:2793200:go'shu'ji'n'sa'ma	transpose	gosuhjinsama	goshujinsama	
japanese-retrieval	japanese	jmdict:2793200:go'shu'ji'n'sa'ma	full	goshujinsama	ごしゅじんさま	
japanese-retrieval	japanese	jmdict:2793200:go'shu'ji'n'sa'ma	half	goshuj	ごしゅじんさま	
japanese-retrieval	japanese	jmdict:2793200:go'shu'ji'n'sa'ma	transpose	gosuhjinsama	ごしゅじんさま	
japanese-retrieval	japanese	jmdict:2793200:go'shu'ji'n'sa'ma	full	goshujinsama	ご主人様	
japanese-retrieval	japanese	jmdict:2793200:go'shu'ji'n'sa'ma	half	goshuj	ご主人様	
japanese-retrieval	japanese	jmdict:2793200:go'shu'ji'n'sa'ma	transpose	gosuhjinsama	ご主人様	
japanese-retrieval	japanese	jmdict:2857085:tte'ko'to'ha	full	ttekotoha	ttekotoha	
japanese-retrieval	japanese	jmdict:2857085:tte'ko'to'ha	half	ttek	ttekotoha	
japanese-retrieval	japanese	jmdict:2857085:tte'ko'to'ha	transpose	tetkotoha	ttekotoha	
japanese-retrieval	japanese	jmdict:2857085:tte'ko'to'ha	full	ttekotoha	ってことは	
japanese-retrieval	japanese	jmdict:2857085:tte'ko'to'ha	half	ttek	ってことは	
japanese-retrieval	japanese	jmdict:2857085:tte'ko'to'ha	transpose	tetkotoha	ってことは	
japanese-retrieval	japanese	jmdict:1221740:ki'ni'i'ru	full	kiniiru	kiniiru	
japanese-retrieval	japanese	jmdict:1221740:ki'ni'i'ru	half	kin	kiniiru	
japanese-retrieval	japanese	jmdict:1221740:ki'ni'i'ru	transpose	kiniiur	kiniiru	
japanese-retrieval	japanese	jmdict:1221740:ki'ni'i'ru	full	kiniiru	きにいる	
japanese-retrieval	japanese	jmdict:1221740:ki'ni'i'ru	half	kin	きにいる	
japanese-retrieval	japanese	jmdict:1221740:ki'ni'i'ru	transpose	kiniiur	きにいる	
japanese-retrieval	japanese	jmdict:1221740:ki'ni'i'ru	full	kiniiru	気に入る	
japanese-retrieval	japanese	jmdict:1221740:ki'ni'i'ru	half	kin	気に入る	
japanese-retrieval	japanese	jmdict:1221740:ki'ni'i'ru	transpose	kiniiur	気に入る	
japanese-retrieval	japanese	jmdict:1482930:i'na'me'na'i	full	inamenai	inamenai	
japanese-retrieval	japanese	jmdict:1482930:i'na'me'na'i	half	inam	inamenai	
japanese-retrieval	japanese	jmdict:1482930:i'na'me'na'i	transpose	inmaenai	inamenai	
japanese-retrieval	japanese	jmdict:1482930:i'na'me'na'i	full	inamenai	いなめない	
japanese-retrieval	japanese	jmdict:1482930:i'na'me'na'i	half	inam	いなめない	
japanese-retrieval	japanese	jmdict:1482930:i'na'me'na'i	transpose	inmaenai	いなめない	
japanese-retrieval	japanese	jmdict:1482930:i'na'me'na'i	full	inamenai	否めない	
japanese-retrieval	japanese	jmdict:1482930:i'na'me'na'i	half	inam	否めない	
japanese-retrieval	japanese	jmdict:1482930:i'na'me'na'i	transpose	inmaenai	否めない	
japanese-retrieval	japanese	jmdict:1005030:go'ku'ro'u'sa'ma	full	gokurousama	gokurousama	
japanese-retrieval	japanese	jmdict:1005030:go'ku'ro'u'sa'ma	half	gokur	gokurousama	
japanese-retrieval	japanese	jmdict:1005030:go'ku'ro'u'sa'ma	transpose	gkourousama	gokurousama	
japanese-retrieval	japanese	jmdict:1005030:go'ku'ro'u'sa'ma	full	gokurousama	ごくろうさま	
japanese-retrieval	japanese	jmdict:1005030:go'ku'ro'u'sa'ma	half	gokur	ごくろうさま	
japanese-retrieval	japanese	jmdict:1005030:go'ku'ro'u'sa'ma	transpose	gkourousama	ごくろうさま	
japanese-retrieval	japanese	jmdict:1005030:go'ku'ro'u'sa'ma	full	gokurousama	ご苦労さま	
japanese-retrieval	japanese	jmdict:1005030:go'ku'ro'u'sa'ma	half	gokur	ご苦労さま	
japanese-retrieval	japanese	jmdict:1005030:go'ku'ro'u'sa'ma	transpose	gkourousama	ご苦労さま	
japanese-retrieval	japanese	jmdict:1005030:go'ku'ro'u'sa'ma	full	gokurousama	ご苦労様	
japanese-retrieval	japanese	jmdict:1005030:go'ku'ro'u'sa'ma	half	gokur	ご苦労様	
japanese-retrieval	japanese	jmdict:1005030:go'ku'ro'u'sa'ma	transpose	gkourousama	ご苦労様	
japanese-retrieval	japanese	jmdict:1009290:do're	full	dore	dore	
japanese-retrieval	japanese	jmdict:1009290:do're	half	do	dore	
japanese-retrieval	japanese	jmdict:1009290:do're	transpose	doer	dore	
japanese-retrieval	japanese	jmdict:1009290:do're	full	dore	どれ	
japanese-retrieval	japanese	jmdict:1009290:do're	half	do	どれ	
japanese-retrieval	japanese	jmdict:1009290:do're	transpose	doer	どれ	
japanese-retrieval	japanese	jmdict:1847970:a'i'te'do'ru	full	aitedoru	aitedoru	
japanese-retrieval	japanese	jmdict:1847970:a'i'te'do'ru	half	aite	aitedoru	
japanese-retrieval	japanese	jmdict:1847970:a'i'te'do'ru	transpose	aiteodru	aitedoru	
japanese-retrieval	japanese	jmdict:1847970:a'i'te'do'ru	full	aitedoru	あいてどる	
japanese-retrieval	japanese	jmdict:1847970:a'i'te'do'ru	half	aite	あいてどる	
japanese-retrieval	japanese	jmdict:1847970:a'i'te'do'ru	transpose	aiteodru	あいてどる	
japanese-retrieval	japanese	jmdict:1847970:a'i'te'do'ru	full	aitedoru	相手取る	
japanese-retrieval	japanese	jmdict:1847970:a'i'te'do'ru	half	aite	相手取る	
japanese-retrieval	japanese	jmdict:1847970:a'i'te'do'ru	transpose	aiteodru	相手取る	
japanese-retrieval	japanese	jmdict:1000930:i'ra'ssha'i'ma'se	full	irasshaimase	irasshaimase	
japanese-retrieval	japanese	jmdict:1000930:i'ra'ssha'i'ma'se	half	irassh	irasshaimase	
japanese-retrieval	japanese	jmdict:1000930:i'ra'ssha'i'ma'se	transpose	irassahimase	irasshaimase	
japanese-retrieval	japanese	jmdict:1000930:i'ra'ssha'i'ma'se	full	irasshaimase	いらっしゃいませ	
japanese-retrieval	japanese	jmdict:1000930:i'ra'ssha'i'ma'se	half	irassh	いらっしゃいませ	
japanese-retrieval	japanese	jmdict:1000930:i'ra'ssha'i'ma'se	transpose	irassahimase	いらっしゃいませ	
japanese-retrieval	japanese	jmdict:2013805:cha'u	full	chau	chau	
japanese-retrieval	japanese	jmdict:2013805:cha'u	half	ch	chau	
japanese-retrieval	japanese	jmdict:2013805:cha'u	transpose	chua	chau	
japanese-retrieval	japanese	jmdict:2013805:cha'u	full	chau	ちゃう	
japanese-retrieval	japanese	jmdict:2013805:cha'u	half	ch	ちゃう	
japanese-retrieval	japanese	jmdict:2013805:cha'u	transpose	chua	ちゃう	
japanese-retrieval	japanese	jmdict:1058250:sa'n'kyu'u	full	sankyuu	sankyuu	
japanese-retrieval	japanese	jmdict:1058250:sa'n'kyu'u	half	san	sankyuu	
japanese-retrieval	japanese	jmdict:1058250:sa'n'kyu'u	transpose	saknyuu	sankyuu	
japanese-retrieval	japanese	jmdict:1058250:sa'n'kyu'u	full	sankyuu	サンキュー	
japanese-retrieval	japanese	jmdict:1058250:sa'n'kyu'u	half	san	サンキュー	
japanese-retrieval	japanese	jmdict:1058250:sa'n'kyu'u	transpose	saknyuu	サンキュー	
japanese-retrieval	japanese	jmdict:2457920:de'su'ka	full	desuka	desuka	
japanese-retrieval	japanese	jmdict:2457920:de'su'ka	half	des	desuka	
japanese-retrieval	japanese	jmdict:2457920:de'su'ka	transpose	dseuka	desuka	
japanese-retrieval	japanese	jmdict:2457920:de'su'ka	full	desuka	ですか	
japanese-retrieval	japanese	jmdict:2457920:de'su'ka	half	des	ですか	
japanese-retrieval	japanese	jmdict:2457920:de'su'ka	transpose	dseuka	ですか	
japanese-retrieval	japanese	jmdict:2009560:hyo'tto'shi'ta'ra	full	hyottoshitara	hyottoshitara	
japanese-retrieval	japanese	jmdict:2009560:hyo'tto'shi'ta'ra	half	hyotto	hyottoshitara	
japanese-retrieval	japanese	jmdict:2009560:hyo'tto'shi'ta'ra	transpose	hyottoshitaar	hyottoshitara	
japanese-retrieval	japanese	jmdict:2009560:hyo'tto'shi'ta'ra	full	hyottoshitara	ひょっとしたら	
japanese-retrieval	japanese	jmdict:2009560:hyo'tto'shi'ta'ra	half	hyotto	ひょっとしたら	
japanese-retrieval	japanese	jmdict:2009560:hyo'tto'shi'ta'ra	transpose	hyottoshitaar	ひょっとしたら	
japanese-retrieval	japanese	jmdict:1494610:fu'bi	full	fubi	fubi	
japanese-retrieval	japanese	jmdict:1494610:fu'bi	half	fu	fubi	
japanese-retrieval	japanese	jmdict:1494610:fu'bi	transpose	ufbi	fubi	
japanese-retrieval	japanese	jmdict:1494610:fu'bi	full	fubi	ふび	
japanese-retrieval	japanese	jmdict:1494610:fu'bi	half	fu	ふび	
japanese-retrieval	japanese	jmdict:1494610:fu'bi	transpose	ufbi	ふび	
japanese-retrieval	japanese	jmdict:1494610:fu'bi	full	fubi	不備	
japanese-retrieval	japanese	jmdict:1494610:fu'bi	half	fu	不備	
japanese-retrieval	japanese	jmdict:1494610:fu'bi	transpose	ufbi	不備	
japanese-retrieval	japanese	jmdict:2096190:hyo'tto'shi'te	full	hyottoshite	hyottoshite	
japanese-retrieval	japanese	jmdict:2096190:hyo'tto'shi'te	half	hyott	hyottoshite	
japanese-retrieval	japanese	jmdict:2096190:hyo'tto'shi'te	transpose	yhottoshite	hyottoshite	
japanese-retrieval	japanese	jmdict:2096190:hyo'tto'shi'te	full	hyottoshite	ひょっとして	
japanese-retrieval	japanese	jmdict:2096190:hyo'tto'shi'te	half	hyott	ひょっとして	
japanese-retrieval	japanese	jmdict:2096190:hyo'tto'shi'te	transpose	yhottoshite	ひょっとして	
japanese-retrieval	japanese	jmdict:2830216:ji'ssa'i'ha	full	jissaiha	jissaiha	
japanese-retrieval	japanese	jmdict:2830216:ji'ssa'i'ha	half	jiss	jissaiha	
japanese-retrieval	japanese	jmdict:2830216:ji'ssa'i'ha	transpose	jissiaha	jissaiha	
japanese-retrieval	japanese	jmdict:2830216:ji'ssa'i'ha	full	jissaiha	じっさいは	
japanese-retrieval	japanese	jmdict:2830216:ji'ssa'i'ha	half	jiss	じっさいは	
japanese-retrieval	japanese	jmdict:2830216:ji'ssa'i'ha	transpose	jissiaha	じっさいは	
japanese-retrieval	japanese	jmdict:2830216:ji'ssa'i'ha	full	jissaiha	実際は	
japanese-retrieval	japanese	jmdict:2830216:ji'ssa'i'ha	half	jiss	実際は	
japanese-retrieval	japanese	jmdict:2830216:ji'ssa'i'ha	transpose	jissiaha	実際は	
japanese-retrieval	japanese	jmdict:2857380:i'ya	full	iya	iya	
japanese-retrieval	japanese	jmdict:2857380:i'ya	half	i	iya	
japanese-retrieval	japanese	jmdict:2857380:i'ya	transpose	yia	iya	
japanese-retrieval	japanese	jmdict:2857380:i'ya	full	iya	いや	
japanese-retrieval	japanese	jmdict:2857380:i'ya	half	i	いや	
japanese-retrieval	japanese	jmdict:2857380:i'ya	transpose	yia	いや	
japanese-retrieval	japanese	jmdict:1004590:ko'to'ni'na'ru	full	kotoninaru	kotoninaru	
japanese-retrieval	japanese	jmdict:1004590:ko'to'ni'na'ru	half	koton	kotoninaru	
japanese-retrieval	japanese	jmdict:1004590:ko'to'ni'na'ru	transpose	kotoninaur	kotoninaru	
japanese-retrieval	japanese	jmdict:1004590:ko'to'ni'na'ru	full	kotoninaru	ことになる	
japanese-retrieval	japanese	jmdict:1004590:ko'to'ni'na'ru	half	koton	ことになる	
japanese-retrieval	japanese	jmdict:1004590:ko'to'ni'na'ru	transpose	kotoninaur	ことになる	
japanese-retrieval	japanese	jmdict:1004590:ko'to'ni'na'ru	full	kotoninaru	事になる	
japanese-retrieval	japanese	jmdict:1004590:ko'to'ni'na'ru	half	koton	事になる	
japanese-retrieval	japanese	jmdict:1004590:ko'to'ni'na'ru	transpose	kotoninaur	事になる	
japanese-retrieval	japanese	jmdict:1004600:ko'to'ni'yo'tte	full	kotoniyotte	kotoniyotte	
japanese-retrieval	japanese	jmdict:1004600:ko'to'ni'yo'tte	half	koton	kotoniyotte	
japanese-retrieval	japanese	jmdict:1004600:ko'to'ni'yo'tte	transpose	kotnoiyotte	kotoniyotte	
japanese-retrieval	japanese	jmdict:1004600:ko'to'ni'yo'tte	full	kotoniyotte	ことによって	
japanese-retrieval	japanese	jmdict:1004600:ko'to'ni'yo'tte	half	koton	ことによって	
japanese-retrieval	japanese	jmdict:1004600:ko'to'ni'yo'tte	transpose	kotnoiyotte	ことによって	
japanese-retrieval	japanese	jmdict:1004600:ko'to'ni'yo'tte	full	kotoniyotte	事によって	
japanese-retrieval	japanese	jmdict:1004600:ko'to'ni'yo'tte	half	koton	事によって	
japanese-retrieval	japanese	jmdict:1004600:ko'to'ni'yo'tte	transpose	kotnoiyotte	事によって	
japanese-retrieval	japanese	jmdict:1495000:ma'zu'i	full	mazui	mazui	
japanese-retrieval	japanese	jmdict:1495000:ma'zu'i	half	ma	mazui	
japanese-retrieval	japanese	jmdict:1495000:ma'zu'i	transpose	maziu	mazui	
japanese-retrieval	japanese	jmdict:1495000:ma'zu'i	full	mazui	まずい	
japanese-retrieval	japanese	jmdict:1495000:ma'zu'i	half	ma	まずい	
japanese-retrieval	japanese	jmdict:1495000:ma'zu'i	transpose	maziu	まずい	
japanese-retrieval	japanese	jmdict:1495000:ma'zu'i	full	mazui	不味い	
japanese-retrieval	japanese	jmdict:1495000:ma'zu'i	half	ma	不味い	
japanese-retrieval	japanese	jmdict:1495000:ma'zu'i	transpose	maziu	不味い	
japanese-retrieval	japanese	jmdict:1611030:na'n'de'mo	full	nandemo	nandemo	
japanese-retrieval	japanese	jmdict:1611030:na'n'de'mo	half	nan	nandemo	
japanese-retrieval	japanese	jmdict:1611030:na'n'de'mo	transpose	nadnemo	nandemo	
japanese-retrieval	japanese	jmdict:1611030:na'n'de'mo	full	nandemo	なんでも	
japanese-retrieval	japanese	jmdict:1611030:na'n'de'mo	half	nan	なんでも	
japanese-retrieval	japanese	jmdict:1611030:na'n'de'mo	transpose	nadnemo	なんでも	
japanese-retrieval	japanese	jmdict:1611030:na'n'de'mo	full	nandemo	何でも	
japanese-retrieval	japanese	jmdict:1611030:na'n'de'mo	half	nan	何でも	
japanese-retrieval	japanese	jmdict:1611030:na'n'de'mo	transpose	nadnemo	何でも	
japanese-retrieval	japanese	jmdict:2028950:to'ha	full	toha	toha	
japanese-retrieval	japanese	jmdict:2028950:to'ha	half	to	toha	
japanese-retrieval	japanese	jmdict:2028950:to'ha	transpose	otha	toha	
japanese-retrieval	japanese	jmdict:2028950:to'ha	full	toha	とは	
japanese-retrieval	japanese	jmdict:2028950:to'ha	half	to	とは	
japanese-retrieval	japanese	jmdict:2028950:to'ha	transpose	otha	とは	
poj-retrieval	poj	taiwanese-basic:5111:pong-pio	full	pongpio	pōng-pió	
poj-retrieval	poj	taiwanese-basic:5111:pong-pio	half	pon	pōng-pió	
poj-retrieval	poj	taiwanese-basic:5111:pong-pio	transpose	ponpgio	pōng-pió	
poj-retrieval	poj	taiwanese-basic:2570:khi-phian	full	khiphian	khi-phiàn	
poj-retrieval	poj	taiwanese-basic:2570:khi-phian	half	khip	khi-phiàn	
poj-retrieval	poj	taiwanese-basic:2570:khi-phian	transpose	hkiphian	khi-phiàn	
poj-retrieval	poj	taiwanese-basic:5061:tiam	full	tiam	tiám	
poj-retrieval	poj	taiwanese-basic:5061:tiam	half	ti	tiám	
poj-retrieval	poj	taiwanese-basic:5061:tiam	transpose	tima	tiám	
poj-retrieval	poj	taiwanese-basic:1565:khi hia	full	khihia	khì hia	
poj-retrieval	poj	taiwanese-basic:1565:khi hia	half	khi	khì hia	
poj-retrieval	poj	taiwanese-basic:1565:khi hia	transpose	khihai	khì hia	
poj-retrieval	poj	taiwanese-basic:5036:kut hi-ti	full	kuthiti	ku̍t hî-tî	
poj-retrieval	poj	taiwanese-basic:5036:kut hi-ti	half	kut	ku̍t hî-tî	
poj-retrieval	poj	taiwanese-basic:5036:kut hi-ti	transpose	ktuhiti	ku̍t hî-tî	
poj-retrieval	poj	taiwanese-basic:545:koan	full	koan	koān	
poj-retrieval	poj	taiwanese-basic:545:koan	half	ko	koān	
poj-retrieval	poj	taiwanese-basic:545:koan	transpose	kona	koān	
poj-retrieval	poj	taiwanese-basic:3775:phin-heng ho	full	phinhengho	phín-hēng hó	
poj-retrieval	poj	taiwanese-basic:3775:phin-heng ho	half	phinh	phín-hēng hó	
poj-retrieval	poj	taiwanese-basic:3775:phin-heng ho	transpose	phinhengoh	phín-hēng hó	
poj-retrieval	poj	taiwanese-basic:1604:hioh	full	hioh	hioh	
poj-retrieval	poj	taiwanese-basic:1604:hioh	half	hi	hioh	
poj-retrieval	poj	taiwanese-basic:1604:hioh	transpose	hoih	hioh	
poj-retrieval	poj	taiwanese-basic:2032:iong-too	full	iongtoo	iōng-tô͘	
poj-retrieval	poj	taiwanese-basic:2032:iong-too	half	ion	iōng-tô͘	
poj-retrieval	poj	taiwanese-basic:2032:iong-too	transpose	iontgoo	iōng-tô͘	
poj-retrieval	poj	taiwanese-basic:2813:kim-chi	full	kimchi	kìm-chí	
poj-retrieval	poj	taiwanese-basic:2813:kim-chi	half	kim	kìm-chí	
poj-retrieval	poj	taiwanese-basic:2813:kim-chi	transpose	kimcih	kìm-chí	
poj-retrieval	poj	taiwanese-basic:3859:ti piah--nih	full	tipiahnih	tī piah--ni̍h	
poj-retrieval	poj	taiwanese-basic:3859:ti piah--nih	half	tipi	tī piah--ni̍h	
poj-retrieval	poj	taiwanese-basic:3859:ti piah--nih	transpose	tiipahnih	tī piah--ni̍h	
poj-retrieval	poj	taiwanese-basic:4006:kong put-peng	full	kongputpeng	kóng put-pêng	
poj-retrieval	poj	taiwanese-basic:4006:kong put-peng	half	kongp	kóng put-pêng	
poj-retrieval	poj	taiwanese-basic:4006:kong put-peng	transpose	kongptupeng	kóng put-pêng	
poj-retrieval	poj	taiwanese-basic:641:chhe-chhau	full	chhechhau	chhe-chhau	
poj-retrieval	poj	taiwanese-basic:641:chhe-chhau	half	chhe	chhe-chhau	
poj-retrieval	poj	taiwanese-basic:641:chhe-chhau	transpose	chehchhau	chhe-chhau	
poj-retrieval	poj	taiwanese-basic:3994:pun	full	pun	pûn	
poj-retrieval	poj	taiwanese-basic:3994:pun	half	p	pûn	
poj-retrieval	poj	taiwanese-basic:3994:pun	transpose	upn	pûn	
poj-retrieval	poj	taiwanese-basic:1986:in-siong	full	insiong	ìn-siōng	
poj-retrieval	poj	taiwanese-basic:1986:in-siong	half	ins	ìn-siōng	
poj-retrieval	poj	taiwanese-basic:1986:in-siong	transpose	inisong	ìn-siōng	
poj-retrieval	poj	taiwanese-basic:3663:pang-chan	full	pangchan	pang-chān	
poj-retrieval	poj	taiwanese-basic:3663:pang-chan	half	pang	pang-chān	
poj-retrieval	poj	taiwanese-basic:3663:pang-chan	transpose	panghcan	pang-chān	
poj-retrieval	poj	taiwanese-basic:2579:khia	full	khia	khiâ	
poj-retrieval	poj	taiwanese-basic:2579:khia	half	kh	khiâ	
poj-retrieval	poj	taiwanese-basic:2579:khia	transpose	hkia	khiâ	
poj-retrieval	poj	taiwanese-basic:4890:example:si thian-chu e an-pai	full	sithianchueanpai	Sī Thian-chú ê an-pâi	
poj-retrieval	poj	taiwanese-basic:4890:example:si thian-chu e an-pai	half	sithianc	Sī Thian-chú ê an-pâi	
poj-retrieval	poj	taiwanese-basic:4890:example:si thian-chu e an-pai	transpose	sithianchuaenpai	Sī Thian-chú ê an-pâi	
poj-retrieval	poj	taiwanese-basic:3242:li-kai	full	likai	lí-kái	
poj-retrieval	poj	taiwanese-basic:3242:li-kai	half	li	lí-kái	
poj-retrieval	poj	taiwanese-basic:3242:li-kai	transpose	ilkai	lí-kái	
poj-retrieval	poj	taiwanese-basic:647:chhek-a	full	chheka	chhek-á	
poj-retrieval	poj	taiwanese-basic:647:chhek-a	half	chh	chhek-á	
poj-retrieval	poj	taiwanese-basic:647:chhek-a	transpose	chheka	chhek-á	
poj-retrieval	poj	taiwanese-basic:2017:eng soh-a pak--khi-lai	full	engsohapakkhilai	ēng soh-á pa̍k--khí-lâi	
poj-retrieval	poj	taiwanese-basic:2017:eng soh-a pak--khi-lai	half	engsohap	ēng soh-á pa̍k--khí-lâi	
poj-retrieval	poj	taiwanese-basic:2017:eng soh-a pak--khi-lai	transpose	engsohpaakkhilai	ēng soh-á pa̍k--khí-lâi	
poj-retrieval	poj	taiwanese-basic:4740:thang	full	thang	thang	
poj-retrieval	poj	taiwanese-basic:4740:thang	half	th	thang	
poj-retrieval	poj	taiwanese-basic:4740:thang	transpose	htang	thang	
poj-retrieval	poj	taiwanese-basic:2725:ki	full	ki	ki	
poj-retrieval	poj	taiwanese-basic:2725:ki	half	k	ki	
poj-retrieval	poj	taiwanese-basic:788:chhiu-kang	full	chhiukang	chhiú-kang	
poj-retrieval	poj	taiwanese-basic:788:chhiu-kang	half	chhi	chhiú-kang	
poj-retrieval	poj	taiwanese-basic:788:chhiu-kang	transpose	chhiuakng	chhiú-kang	
poj-retrieval	poj	taiwanese-basic:2534:kheh-thiann	full	khehthiann	kheh-thiaⁿ	
poj-retrieval	poj	taiwanese-basic:2534:kheh-thiann	half	kheht	kheh-thiaⁿ	
poj-retrieval	poj	taiwanese-basic:2534:kheh-thiann	transpose	khhethiann	kheh-thiaⁿ	
poj-retrieval	poj	taiwanese-basic:4852:example:kau-iu chin ai sin-hu	full	kauiuchinaisinhu	Kàu-iú chin ài sîn-hū	
poj-retrieval	poj	taiwanese-basic:4852:example:kau-iu chin ai sin-hu	half	kauiuchi	Kàu-iú chin ài sîn-hū	
poj-retrieval	poj	taiwanese-basic:4852:example:kau-iu chin ai sin-hu	transpose	kauiuchinaisinuh	Kàu-iú chin ài sîn-hū	
poj-retrieval	poj	taiwanese-basic:1729:khui-hoe	full	khuihoe	khui-hoe	
poj-retrieval	poj	taiwanese-basic:1729:khui-hoe	half	khu	khui-hoe	
poj-retrieval	poj	taiwanese-basic:1729:khui-hoe	transpose	khuhioe	khui-hoe	
poj-retrieval	poj	taiwanese-basic:3933:poann chiah	full	poannchiah	pòaⁿ chiah	
poj-retrieval	poj	taiwanese-basic:3933:poann chiah	half	poann	pòaⁿ chiah	
poj-retrieval	poj	taiwanese-basic:3933:poann chiah	transpose	opannchiah	pòaⁿ chiah	
poj-retrieval	poj	taiwanese-basic:1486:kang-giap hak-hau	full	kanggiaphakhau	kang-gia̍p ha̍k-hāu	
poj-retrieval	poj	taiwanese-basic:1486:kang-giap hak-hau	half	kanggia	kang-gia̍p ha̍k-hāu	
poj-retrieval	poj	taiwanese-basic:1486:kang-giap hak-hau	transpose	kanggiapahkhau	kang-gia̍p ha̍k-hāu	
poj-retrieval	poj	taiwanese-basic:758:kong chhio-oe	full	kongchhiooe	kóng chhiò-ōe	
poj-retrieval	poj	taiwanese-basic:758:kong chhio-oe	half	kongc	kóng chhiò-ōe	
poj-retrieval	poj	taiwanese-basic:758:kong chhio-oe	transpose	konghchiooe	kóng chhiò-ōe	
poj-retrieval	poj	taiwanese-basic:585:tiau-cha	full	tiaucha	tiâu-cha	
poj-retrieval	poj	taiwanese-basic:585:tiau-cha	half	tia	tiâu-cha	
poj-retrieval	poj	taiwanese-basic:585:tiau-cha	transpose	itaucha	tiâu-cha	
poj-retrieval	poj	taiwanese-basic:2012:eng ian-pit sia	full	engianpitsia	ēng iân-pit siá	
poj-retrieval	poj	taiwanese-basic:2012:eng ian-pit sia	half	engian	ēng iân-pit siá	
poj-retrieval	poj	taiwanese-basic:2012:eng ian-pit sia	transpose	engianpitisa	ēng iân-pit siá	
poj-retrieval	poj	taiwanese-basic:3708:to-chhiu-peng	full	tochhiupeng	tò-chhiú-pêng	
poj-retrieval	poj	taiwanese-basic:3708:to-chhiu-peng	half	tochh	tò-chhiú-pêng	
poj-retrieval	poj	taiwanese-basic:3708:to-chhiu-peng	transpose	tcohhiupeng	tò-chhiú-pêng	
poj-retrieval	poj	taiwanese-basic:2119:jim-nai	full	jimnai	jím-nāi	
poj-retrieval	poj	taiwanese-basic:2119:jim-nai	half	jim	jím-nāi	
poj-retrieval	poj	taiwanese-basic:2119:jim-nai	transpose	jimnia	jím-nāi	
poj-retrieval	poj	taiwanese-basic:1227:chu-sian su-giap	full	chusiansugiap	chû-siān sū-gia̍p	
poj-retrieval	poj	taiwanese-basic:1227:chu-sian su-giap	half	chusia	chû-siān sū-gia̍p	
poj-retrieval	poj	taiwanese-basic:1227:chu-sian su-giap	transpose	hcusiansugiap	chû-siān sū-gia̍p	
poj-retrieval	poj	taiwanese-basic:3380:chit lui hoe	full	chitluihoe	chi̍t lúi hoe	
poj-retrieval	poj	taiwanese-basic:3380:chit lui hoe	half	chitl	chi̍t lúi hoe	
poj-retrieval	poj	taiwanese-basic:3380:chit lui hoe	transpose	chtiluihoe	chi̍t lúi hoe	
poj-retrieval	poj	taiwanese-basic:1753:tng hoe-siu	full	tnghoesiu	tn̂g hòe-siū	
poj-retrieval	poj	taiwanese-basic:1753:tng hoe-siu	half	tngh	tn̂g hòe-siū	
poj-retrieval	poj	taiwanese-basic:1753:tng hoe-siu	transpose	tnghoeisu	tn̂g hòe-siū	
poj-retrieval	poj	taiwanese-basic:2806:kiau-ngoo	full	kiaungoo	kiau-ngō͘	
poj-retrieval	poj	taiwanese-basic:2806:kiau-ngoo	half	kiau	kiau-ngō͘	
poj-retrieval	poj	taiwanese-basic:2806:kiau-ngoo	transpose	kianugoo	kiau-ngō͘	
poj-retrieval	poj	taiwanese-basic:4118:seng-li-lang	full	senglilang	seng-lí-lâng	
poj-retrieval	poj	taiwanese-basic:4118:seng-li-lang	half	sengl	seng-lí-lâng	
poj-retrieval	poj	taiwanese-basic:4118:seng-li-lang	transpose	sengillang	seng-lí-lâng	
poj-retrieval	poj	taiwanese-basic:2300:kang	full	kang	káng	
poj-retrieval	poj	taiwanese-basic:2300:kang	half	ka	káng	
poj-retrieval	poj	taiwanese-basic:2300:kang	transpose	kagn	káng	
poj-retrieval	poj	taiwanese-basic:1950:iau	full	iau	iáu	
poj-retrieval	poj	taiwanese-basic:1950:iau	half	i	iáu	
poj-retrieval	poj	taiwanese-basic:1950:iau	transpose	aiu	iáu	
poj-retrieval	poj	taiwanese-basic:1114:example:chit ui e chiunn	full	chituiechiunn	Chit ūi ē chiūⁿ	
poj-retrieval	poj	taiwanese-basic:1114:example:chit ui e chiunn	half	chitui	Chit ūi ē chiūⁿ	
poj-retrieval	poj	taiwanese-basic:1114:example:chit ui e chiunn	transpose	chitiuechiunn	Chit ūi ē chiūⁿ	
poj-retrieval	poj	taiwanese-basic:1453:chhiah gu	full	chhiahgu	chhiah gû	
poj-retrieval	poj	taiwanese-basic:1453:chhiah gu	half	chhi	chhiah gû	
poj-retrieval	poj	taiwanese-basic:1453:chhiah gu	transpose	chhihagu	chhiah gû	
poj-retrieval	poj	taiwanese-basic:2988:koe-khi	full	koekhi	kòe-khì	
poj-retrieval	poj	taiwanese-basic:2988:koe-khi	half	koe	kòe-khì	
poj-retrieval	poj	taiwanese-basic:2988:koe-khi	transpose	okekhi	kòe-khì	
poj-retrieval	poj	taiwanese-basic:4374:siu-seng	full	siuseng	siu-seng	
poj-retrieval	poj	taiwanese-basic:4374:siu-seng	half	siu	siu-seng	
poj-retrieval	poj	taiwanese-basic:4374:siu-seng	transpose	siuesng	siu-seng	
poj-retrieval	poj	taiwanese-basic:4553:tak e-poo	full	takepoo	ta̍k e-po͘	
poj-retrieval	poj	taiwanese-basic:4553:tak e-poo	half	tak	ta̍k e-po͘	
poj-retrieval	poj	taiwanese-basic:4553:tak e-poo	transpose	atkepoo	ta̍k e-po͘	
poj-retrieval	poj	taiwanese-basic:2895:koo-put-chiong	full	kooputchiong	ko͘-put-chiong	
poj-retrieval	poj	taiwanese-basic:2895:koo-put-chiong	half	kooput	ko͘-put-chiong	
poj-retrieval	poj	taiwanese-basic:2895:koo-put-chiong	transpose	koopucthiong	ko͘-put-chiong	
poj-retrieval	poj	taiwanese-basic:4558:tak-pai	full	takpai	ta̍k-pái	
poj-retrieval	poj	taiwanese-basic:4558:tak-pai	half	tak	ta̍k-pái	
poj-retrieval	poj	taiwanese-basic:4558:tak-pai	transpose	tkapai	ta̍k-pái	
poj-retrieval	poj	taiwanese-basic:1808:hu hoe	full	huhoe	hù hōe	
poj-retrieval	poj	taiwanese-basic:1808:hu hoe	half	hu	hù hōe	
poj-retrieval	poj	taiwanese-basic:1808:hu hoe	transpose	huohe	hù hōe	
poj-retrieval	poj	taiwanese-basic:1771:example:chhiu-siok chin hok-chap	full	chhiusiokchinhokchap	Chhiú-sio̍k chin ho̍k-cha̍p	
poj-retrieval	poj	taiwanese-basic:1771:example:chhiu-siok chin hok-chap	half	chhiusiokc	Chhiú-sio̍k chin ho̍k-cha̍p	
poj-retrieval	poj	taiwanese-basic:1771:example:chhiu-siok chin hok-chap	transpose	chhiusiokhcinhokchap	Chhiú-sio̍k chin ho̍k-cha̍p	
poj-retrieval	poj	taiwanese-basic:1194:chu-jit	full	chujit	chú-ji̍t	
poj-retrieval	poj	taiwanese-basic:1194:chu-jit	half	chu	chú-ji̍t	
poj-retrieval	poj	taiwanese-basic:1194:chu-jit	transpose	chuijt	chú-ji̍t	
poj-retrieval	poj	taiwanese-basic:1385:sin-giong	full	singiong	sìn-gióng	
poj-retrieval	poj	taiwanese-basic:1385:sin-giong	half	sing	sìn-gióng	
poj-retrieval	poj	taiwanese-basic:1385:sin-giong	transpose	singinog	sìn-gióng	
poj-retrieval	poj	taiwanese-basic:1266:chui-ka	full	chuika	chúi-ka	
poj-retrieval	poj	taiwanese-basic:1266:chui-ka	half	chu	chúi-ka	
poj-retrieval	poj	taiwanese-basic:1266:chui-ka	transpose	cuhika	chúi-ka	
poj-retrieval	poj	taiwanese-basic:2525:m-bian khau	full	mbiankhau	m̄-bián khàu	
poj-retrieval	poj	taiwanese-basic:2525:m-bian khau	half	mbia	m̄-bián khàu	
poj-retrieval	poj	taiwanese-basic:2525:m-bian khau	transpose	mibankhau	m̄-bián khàu	
poj-retrieval	poj	taiwanese-basic:1715:hoe	full	hoe	hòe	
poj-retrieval	poj	taiwanese-basic:1715:hoe	half	h	hòe	
poj-retrieval	poj	taiwanese-basic:1715:hoe	transpose	heo	hòe	
poj-retrieval	poj	taiwanese-basic:5316:toh-kin	full	tohkin	toh-kin	
poj-retrieval	poj	taiwanese-basic:5316:toh-kin	half	toh	toh-kin	
poj-retrieval	poj	taiwanese-basic:5316:toh-kin	transpose	othkin	toh-kin	
poj-retrieval	poj	taiwanese-basic:1097:chiu	full	chiu	chiú	
poj-retrieval	poj	taiwanese-basic:1097:chiu	half	ch	chiú	
poj-retrieval	poj	taiwanese-basic:1097:chiu	transpose	cihu	chiú	
poj-retrieval	poj	taiwanese-basic:3878:pin-toann	full	pintoann	pīn-tōaⁿ	
poj-retrieval	poj	taiwanese-basic:3878:pin-toann	half	pint	pīn-tōaⁿ	
poj-retrieval	poj	taiwanese-basic:3878:pin-toann	transpose	pitnoann	pīn-tōaⁿ	
poj-retrieval	poj	taiwanese-basic:3834:pi	full	pi	pí	
poj-retrieval	poj	taiwanese-basic:3834:pi	half	p	pí	
poj-retrieval	poj	taiwanese-basic:1511:hang nng te mi-pau	full	hangnngtemipau	hang nn̄g tè mī-pau	
poj-retrieval	poj	taiwanese-basic:1511:hang nng te mi-pau	half	hangnng	hang nn̄g tè mī-pau	
poj-retrieval	poj	taiwanese-basic:1511:hang nng te mi-pau	transpose	hangnngtemipua	hang nn̄g tè mī-pau	
poj-retrieval	poj	taiwanese-basic:1754:te hoe-siu	full	tehoesiu	té hòe-siū	
poj-retrieval	poj	taiwanese-basic:1754:te hoe-siu	half	teho	té hòe-siū	
poj-retrieval	poj	taiwanese-basic:1754:te hoe-siu	transpose	teheosiu	té hòe-siū	
poj-retrieval	poj	taiwanese-basic:251:sit the-bian	full	sitthebian	sit thé-biān	
poj-retrieval	poj	taiwanese-basic:251:sit the-bian	half	sitth	sit thé-biān	
poj-retrieval	poj	taiwanese-basic:251:sit the-bian	transpose	sitthebian	sit thé-biān	
poj-retrieval	poj	taiwanese-basic:1340:gam	full	gam	gâm	
poj-retrieval	poj	taiwanese-basic:1340:gam	half	g	gâm	
poj-retrieval	poj	taiwanese-basic:1340:gam	transpose	agm	gâm	
poj-retrieval	poj	taiwanese-basic:4581:tang	full	tang	tang	
poj-retrieval	poj	taiwanese-basic:4581:tang	half	ta	tang	
poj-retrieval	poj	taiwanese-basic:4581:tang	transpose	tagn	tang	
poj-retrieval	poj	taiwanese-basic:3641:pai	full	pai	pâi	
poj-retrieval	poj	taiwanese-basic:3641:pai	half	p	pâi	
poj-retrieval	poj	taiwanese-basic:3641:pai	transpose	api	pâi	
poj-retrieval	poj	taiwanese-basic:4946:bo tho-tong	full	bothotong	bô thò-tòng	
poj-retrieval	poj	taiwanese-basic:4946:bo tho-tong	half	both	bô thò-tòng	
poj-retrieval	poj	taiwanese-basic:4946:bo tho-tong	transpose	obthotong	bô thò-tòng	
poj-retrieval	poj	taiwanese-basic:324:bo li e koan-he	full	boliekoanhe	bô lí ê koan-hē	
poj-retrieval	poj	taiwanese-basic:324:bo li e koan-he	half	bolie	bô lí ê koan-hē	
poj-retrieval	poj	taiwanese-basic:324:bo li e koan-he	transpose	boleikoanhe	bô lí ê koan-hē	
poj-retrieval	poj	taiwanese-basic:3899:png oann	full	pngoann	pn̄g óaⁿ	
poj-retrieval	poj	taiwanese-basic:3899:png oann	half	png	pn̄g óaⁿ	
poj-retrieval	poj	taiwanese-basic:3899:png oann	transpose	pngaonn	pn̄g óaⁿ	
poj-retrieval	poj	taiwanese-basic:566:seng cheng-hu	full	sengchenghu	séng chèng-hú	
poj-retrieval	poj	taiwanese-basic:566:seng cheng-hu	half	sengc	séng chèng-hú	
poj-retrieval	poj	taiwanese-basic:566:seng cheng-hu	transpose	sengchenguh	séng chèng-hú	
poj-retrieval	poj	taiwanese-basic:5374:che-i ti	full	cheiti	chè-i tî	
poj-retrieval	poj	taiwanese-basic:5374:che-i ti	half	che	chè-i tî	
poj-retrieval	poj	taiwanese-basic:5374:che-i ti	transpose	hceiti	chè-i tî	
poj-retrieval	poj	taiwanese-basic:3167:lang	full	lang	láng	
poj-retrieval	poj	taiwanese-basic:3167:lang	half	la	láng	
poj-retrieval	poj	taiwanese-basic:3167:lang	transpose	lnag	láng	
poj-retrieval	poj	taiwanese-basic:4452:soan-chhiu	full	soanchhiu	soán-chhiú	
poj-retrieval	poj	taiwanese-basic:4452:soan-chhiu	half	soan	soán-chhiú	
poj-retrieval	poj	taiwanese-basic:4452:soan-chhiu	transpose	soanchhiu	soán-chhiú	
poj-retrieval	poj	taiwanese-basic:219:bek-leng-siann	full	beklengsiann	be̍k-léng-siâⁿ	
poj-retrieval	poj	taiwanese-basic:219:bek-leng-siann	half	beklen	be̍k-léng-siâⁿ	
poj-retrieval	poj	taiwanese-basic:219:bek-leng-siann	transpose	beklegnsiann	be̍k-léng-siâⁿ	
poj-retrieval	poj	taiwanese-basic:4209:siah-a	full	siaha	sia̍h-á	
poj-retrieval	poj	taiwanese-basic:4209:siah-a	half	si	sia̍h-á	
poj-retrieval	poj	taiwanese-basic:4209:siah-a	transpose	isaha	sia̍h-á	
poj-retrieval	poj	taiwanese-basic:954:chiah chiu-chui	full	chiahchiuchui	chia̍h chiú-chùi	
poj-retrieval	poj	taiwanese-basic:954:chiah chiu-chui	half	chiahc	chia̍h chiú-chùi	
poj-retrieval	poj	taiwanese-basic:954:chiah chiu-chui	transpose	cihahchiuchui	chia̍h chiú-chùi	
poj-retrieval	poj	taiwanese-basic:2554:kng--khi-lai	full	kngkhilai	kńg--khí-lâi	
poj-retrieval	poj	taiwanese-basic:2554:kng--khi-lai	half	kngk	kńg--khí-lâi	
poj-retrieval	poj	taiwanese-basic:2554:kng--khi-lai	transpose	kgnkhilai	kńg--khí-lâi	
poj-retrieval	poj	taiwanese-basic:5403:ui	full	ui	ùi	
poj-retrieval	poj	taiwanese-basic:5403:ui	half	u	ùi	
poj-retrieval	poj	taiwanese-basic:4375:siu	full	siu	siú	
poj-retrieval	poj	taiwanese-basic:4375:siu	half	s	siú	
poj-retrieval	poj	taiwanese-basic:4375:siu	transpose	sui	siú	
poj-retrieval	poj	taiwanese-basic:3829:pho-to	full	photo	phô-tô	
poj-retrieval	poj	taiwanese-basic:3829:pho-to	half	ph	phô-tô	
poj-retrieval	poj	taiwanese-basic:3829:pho-to	transpose	phoot	phô-tô	
poj-retrieval	poj	taiwanese-basic:385:bok-tong	full	boktong	bo̍k-tông	
poj-retrieval	poj	taiwanese-basic:385:bok-tong	half	bok	bo̍k-tông	
poj-retrieval	poj	taiwanese-basic:385:bok-tong	transpose	botkong	bo̍k-tông	
poj-retrieval	poj	taiwanese-basic:1924:hoe chin iam	full	hoechiniam	hóe chin iām	
poj-retrieval	poj	taiwanese-basic:1924:hoe chin iam	half	hoech	hóe chin iām	
poj-retrieval	poj	taiwanese-basic:1924:hoe chin iam	transpose	hoechinima	hóe chin iām	
poj-retrieval	poj	taiwanese-basic:1346:example:i chin gau cho sann	full	ichingauchosann	I chin gâu chò saⁿ	
poj-retrieval	poj	taiwanese-basic:1346:example:i chin gau cho sann	half	ichinga	I chin gâu chò saⁿ	
poj-retrieval	poj	taiwanese-basic:1346:example:i chin gau cho sann	transpose	ichingauchoasnn	I chin gâu chò saⁿ	
poj-retrieval	poj	taiwanese-basic:1199:chu	full	chu	chū	
poj-retrieval	poj	taiwanese-basic:1199:chu	half	c	chū	
poj-retrieval	poj	taiwanese-basic:1199:chu	transpose	cuh	chū	
poj-retrieval	poj	taiwanese-basic:4114:be seng-kong	full	besengkong	bē sêng-kong	
poj-retrieval	poj	taiwanese-basic:4114:be seng-kong	half	besen	bē sêng-kong	
poj-retrieval	poj	taiwanese-basic:4114:be seng-kong	transpose	besengknog	bē sêng-kong	
poj-retrieval	poj	taiwanese-basic:3339:loa hng	full	loahng	lōa hn̄g	
poj-retrieval	poj	taiwanese-basic:3339:loa hng	half	loa	lōa hn̄g	
poj-retrieval	poj	taiwanese-basic:3339:loa hng	transpose	olahng	lōa hn̄g	
poj-retrieval	poj	taiwanese-basic:4343:sit-sip	full	sitsip	si̍t-si̍p	
poj-retrieval	poj	taiwanese-basic:4343:sit-sip	half	sit	si̍t-si̍p	
poj-retrieval	poj	taiwanese-basic:4343:sit-sip	transpose	stisip	si̍t-si̍p	
poj-retrieval	poj	taiwanese-basic:4582:lak-goeh tang	full	lakgoehtang	la̍k-goe̍h tang	
poj-retrieval	poj	taiwanese-basic:4582:lak-goeh tang	half	lakgo	la̍k-goe̍h tang	
poj-retrieval	poj	taiwanese-basic:4582:lak-goeh tang	transpose	lakgeohtang	la̍k-goe̍h tang	
poj-retrieval	poj	taiwanese-basic:2997:koh koe-khi hit kham tiam	full	kohkoekhihitkhamtiam	koh kòe-khì hit khám tiàm	
poj-retrieval	poj	taiwanese-basic:2997:koh koe-khi hit kham tiam	half	kohkoekhih	koh kòe-khì hit khám tiàm	
poj-retrieval	poj	taiwanese-basic:2997:koh koe-khi hit kham tiam	transpose	kohkoekihhitkhamtiam	koh kòe-khì hit khám tiàm	
poj-retrieval	poj	taiwanese-basic:3599:oe	full	oe	ōe	
poj-retrieval	poj	taiwanese-basic:3599:oe	half	o	ōe	
poj-retrieval	poj	taiwanese-basic:3943:poann chhu	full	poannchhu	poaⁿ chhù	
poj-retrieval	poj	taiwanese-basic:3943:poann chhu	half	poan	poaⁿ chhù	
poj-retrieval	poj	taiwanese-basic:3943:poann chhu	transpose	poancnhhu	poaⁿ chhù	
poj-retrieval	poj	taiwanese-basic:2689:khong-chu	full	khongchu	khóng-chú	
poj-retrieval	poj	taiwanese-basic:2689:khong-chu	half	khon	khóng-chú	
poj-retrieval	poj	taiwanese-basic:2689:khong-chu	transpose	khongcuh	khóng-chú	
poj-retrieval	poj	taiwanese-basic:5198:tiong-iau	full	tiongiau	tio̍ng-iàu	
poj-retrieval	poj	taiwanese-basic:5198:tiong-iau	half	tion	tio̍ng-iàu	
poj-retrieval	poj	taiwanese-basic:5198:tiong-iau	transpose	tionigau	tio̍ng-iàu	
poj-retrieval	poj	taiwanese-basic:2072:u-bang	full	ubang	ū-bāng	
poj-retrieval	poj	taiwanese-basic:2072:u-bang	half	ub	ū-bāng	
poj-retrieval	poj	taiwanese-basic:2072:u-bang	transpose	buang	ū-bāng	
poj-retrieval	poj	taiwanese-basic:3937:bo poann hang	full	bopoannhang	bô pòaⁿ hāng	
poj-retrieval	poj	taiwanese-basic:3937:bo poann hang	half	bopoa	bô pòaⁿ hāng	
poj-retrieval	poj	taiwanese-basic:3937:bo poann hang	transpose	bopoannhnag	bô pòaⁿ hāng	
poj-retrieval	poj	taiwanese-basic:2305:kang-su	full	kangsu	kang-sū	
poj-retrieval	poj	taiwanese-basic:2305:kang-su	half	kan	kang-sū	
poj-retrieval	poj	taiwanese-basic:2305:kang-su	transpose	kangus	kang-sū	
poj-retrieval	poj	taiwanese-basic:1093:chit-bu	full	chitbu	chit-bū	
poj-retrieval	poj	taiwanese-basic:1093:chit-bu	half	chi	chit-bū	
poj-retrieval	poj	taiwanese-basic:1093:chit-bu	transpose	chitub	chit-bū	
poj-retrieval	poj	taiwanese-basic:3222:leng	full	leng	leng	
poj-retrieval	poj	taiwanese-basic:3222:leng	half	le	leng	
poj-retrieval	poj	taiwanese-basic:3222:leng	transpose	elng	leng	
poj-retrieval	poj	taiwanese-basic:184:m-bat	full	mbat	m̄-bat	
poj-retrieval	poj	taiwanese-basic:184:m-bat	half	mb	m̄-bat	
poj-retrieval	poj	taiwanese-basic:184:m-bat	transpose	mabt	m̄-bat	
poj-retrieval	poj	taiwanese-basic:3863:pian-chhai	full	pianchhai	piān-chhài	
poj-retrieval	poj	taiwanese-basic:3863:pian-chhai	half	pian	piān-chhài	
poj-retrieval	poj	taiwanese-basic:3863:pian-chhai	transpose	pianchahi	piān-chhài	
poj-retrieval	poj	taiwanese-basic:3415:mai-khi	full	maikhi	mài-khì	
poj-retrieval	poj	taiwanese-basic:3415:mai-khi	half	mai	mài-khì	
poj-retrieval	poj	taiwanese-basic:3415:mai-khi	transpose	miakhi	mài-khì	
poj-retrieval	poj	taiwanese-basic:158:bak-chhiunn-sai-hu	full	bakchhiunnsaihu	ba̍k-chhiūⁿ-sai-hū	
poj-retrieval	poj	taiwanese-basic:158:bak-chhiunn-sai-hu	half	bakchhi	ba̍k-chhiūⁿ-sai-hū	
poj-retrieval	poj	taiwanese-basic:158:bak-chhiunn-sai-hu	transpose	bakchhiunnsaihu	ba̍k-chhiūⁿ-sai-hū	
poj-retrieval	poj	taiwanese-basic:288:bin-chiong	full	binchiong	bîn-chiòng	
poj-retrieval	poj	taiwanese-basic:288:bin-chiong	half	binc	bîn-chiòng	
poj-retrieval	poj	taiwanese-basic:288:bin-chiong	transpose	binchinog	bîn-chiòng	
poj-retrieval	poj	taiwanese-basic:453:chai	full	chai	chài	
poj-retrieval	poj	taiwanese-basic:453:chai	half	ch	chài	
poj-retrieval	poj	taiwanese-basic:453:chai	transpose	chia	chài	
poj-retrieval	poj	taiwanese-basic:858:chhong-ti	full	chhongti	chhòng-tī	
poj-retrieval	poj	taiwanese-basic:858:chhong-ti	half	chho	chhòng-tī	
poj-retrieval	poj	taiwanese-basic:858:chhong-ti	transpose	chhongti	chhòng-tī	
poj-retrieval	poj	taiwanese-basic:726:hainn chhian-chhiu	full	hainnchhianchhiu	hàiⁿ chhian-chhiu	
poj-retrieval	poj	taiwanese-basic:726:hainn chhian-chhiu	half	hainnchh	hàiⁿ chhian-chhiu	
poj-retrieval	poj	taiwanese-basic:726:hainn chhian-chhiu	transpose	hainnchhainchhiu	hàiⁿ chhian-chhiu	
poj-retrieval	poj	taiwanese-basic:2904:koo tiam	full	kootiam	kò͘ tiàm	
poj-retrieval	poj	taiwanese-basic:2904:koo tiam	half	koo	kò͘ tiàm	
poj-retrieval	poj	taiwanese-basic:2904:koo tiam	transpose	okotiam	kò͘ tiàm	
poj-retrieval	poj	taiwanese-basic:1911:u iann	full	uiann	ū iáⁿ	
poj-retrieval	poj	taiwanese-basic:1911:u iann	half	ui	ū iáⁿ	
poj-retrieval	poj	taiwanese-basic:1911:u iann	transpose	uinan	ū iáⁿ	
poj-retrieval	poj	taiwanese-basic:701:chhia	full	chhia	chhia	
poj-retrieval	poj	taiwanese-basic:701:chhia	half	ch	chhia	
poj-retrieval	poj	taiwanese-basic:701:chhia	transpose	hchia	chhia	
poj-retrieval	poj	taiwanese-basic:2325:ia-soo-kau	full	iasookau	iâ-so͘-kàu	
poj-retrieval	poj	taiwanese-basic:2325:ia-soo-kau	half	iaso	iâ-so͘-kàu	
poj-retrieval	poj	taiwanese-basic:2325:ia-soo-kau	transpose	iasokoau	iâ-so͘-kàu	
poj-retrieval	poj	taiwanese-basic:1231:sio-chui	full	siochui	sio-chúi	
poj-retrieval	poj	taiwanese-basic:1231:sio-chui	half	sio	sio-chúi	
poj-retrieval	poj	taiwanese-basic:1231:sio-chui	transpose	siohcui	sio-chúi	
poj-retrieval	poj	taiwanese-basic:4945:tho-tong--loh	full	thotongloh	thò-tòng--lo̍h	
poj-retrieval	poj	taiwanese-basic:4945:tho-tong--loh	half	thoto	thò-tòng--lo̍h	
poj-retrieval	poj	taiwanese-basic:4945:tho-tong--loh	transpose	thotonlgoh	thò-tòng--lo̍h	
poj-retrieval	poj	taiwanese-basic:5051:ti khong	full	tikhong	tì khong	
poj-retrieval	poj	taiwanese-basic:5051:ti khong	half	tik	tì khong	
poj-retrieval	poj	taiwanese-basic:5051:ti khong	transpose	itkhong	tì khong	
poj-retrieval	poj	taiwanese-basic:3250:li-hun	full	lihun	lī-hun	
poj-retrieval	poj	taiwanese-basic:3250:li-hun	half	li	lī-hun	
poj-retrieval	poj	taiwanese-basic:3250:li-hun	transpose	lhiun	lī-hun	
poj-retrieval	poj	taiwanese-basic:997:chiap-kut	full	chiapkut	chiap-kut	
poj-retrieval	poj	taiwanese-basic:997:chiap-kut	half	chia	chiap-kut	
poj-retrieval	poj	taiwanese-basic:997:chiap-kut	transpose	chiakput	chiap-kut	
poj-retrieval	poj	taiwanese-basic:3948:poah-loh-be	full	poahlohbe	poa̍h-lo̍h-bé	
poj-retrieval	poj	taiwanese-basic:3948:poah-loh-be	half	poah	poa̍h-lo̍h-bé	
poj-retrieval	poj	taiwanese-basic:3948:poah-loh-be	transpose	poahlobhe	poa̍h-lo̍h-bé	
poj-retrieval	poj	taiwanese-basic:3292:liau	full	liau	liáu	
poj-retrieval	poj	taiwanese-basic:3292:liau	half	li	liáu	
poj-retrieval	poj	taiwanese-basic:3292:liau	transpose	liua	liáu	
poj-retrieval	poj	taiwanese-basic:1688:hoan-ek	full	hoanek	hoan-e̍k	
poj-retrieval	poj	taiwanese-basic:1688:hoan-ek	half	hoa	hoan-e̍k	
poj-retrieval	poj	taiwanese-basic:1688:hoan-ek	transpose	honaek	hoan-e̍k	
poj-retrieval	poj	taiwanese-basic:3637:pai thian-chu	full	paithianchu	pài thian-chú	
poj-retrieval	poj	taiwanese-basic:3637:pai thian-chu	half	paith	pài thian-chú	
poj-retrieval	poj	taiwanese-basic:3637:pai thian-chu	transpose	paithiancuh	pài thian-chú	
poj-retrieval	poj	taiwanese-basic:4311:siok-sin	full	sioksin	sio̍k-sin	
poj-retrieval	poj	taiwanese-basic:4311:siok-sin	half	sio	sio̍k-sin	
poj-retrieval	poj	taiwanese-basic:4311:siok-sin	transpose	siokisn	sio̍k-sin	
poj-retrieval	poj	taiwanese-basic:2712:hian-khui	full	hiankhui	hian-khui	
poj-retrieval	poj	taiwanese-basic:2712:hian-khui	half	hian	hian-khui	
poj-retrieval	poj	taiwanese-basic:2712:hian-khui	transpose	hainkhui	hian-khui	
poj-retrieval	poj	taiwanese-basic:4851:thinn	full	thinn	thiⁿ	
poj-retrieval	poj	taiwanese-basic:4851:thinn	half	th	thiⁿ	
poj-retrieval	poj	taiwanese-basic:4851:thinn	transpose	thnin	thiⁿ	
poj-retrieval	poj	taiwanese-basic:2271:kan-tan	full	kantan	kán-tan	
poj-retrieval	poj	taiwanese-basic:2271:kan-tan	half	kan	kán-tan	
poj-retrieval	poj	taiwanese-basic:2271:kan-tan	transpose	kanatn	kán-tan	
poj-retrieval	poj	taiwanese-basic:1830:example:sann tiam ji chap goo hun	full	sanntiamjichapgoohun	Saⁿ tiám jī cha̍p gō͘ hun	
poj-retrieval	poj	taiwanese-basic:1830:example:sann tiam ji chap goo hun	half	sanntiamji	Saⁿ tiám jī cha̍p gō͘ hun	
poj-retrieval	poj	taiwanese-basic:1830:example:sann tiam ji chap goo hun	transpose	sanntiajmichapgoohun	Saⁿ tiám jī cha̍p gō͘ hun	
poj-retrieval	poj	taiwanese-basic:714:chhiah cha-boo	full	chhiahchaboo	chhiah cha-bó͘	
poj-retrieval	poj	taiwanese-basic:714:chhiah cha-boo	half	chhiah	chhiah cha-bó͘	
poj-retrieval	poj	taiwanese-basic:714:chhiah cha-boo	transpose	chhiahhcaboo	chhiah cha-bó͘	
poj-retrieval	poj	taiwanese-basic:1949:iang	full	iang	iāng	
poj-retrieval	poj	taiwanese-basic:1949:iang	half	ia	iāng	
poj-retrieval	poj	taiwanese-basic:1949:iang	transpose	iagn	iāng	
poj-retrieval	poj	taiwanese-basic:5175:eng-kai tioh-ai cho	full	engkaitiohaicho	èng-kai tio̍h-ài chò	
poj-retrieval	poj	taiwanese-basic:5175:eng-kai tioh-ai cho	half	engkait	èng-kai tio̍h-ài chò	
poj-retrieval	poj	taiwanese-basic:5175:eng-kai tioh-ai cho	transpose	negkaitiohaicho	èng-kai tio̍h-ài chò	
poj-retrieval	poj	taiwanese-basic:250:the-bin	full	thebin	thé-bīn	
poj-retrieval	poj	taiwanese-basic:250:the-bin	half	the	thé-bīn	
poj-retrieval	poj	taiwanese-basic:250:the-bin	transpose	thebni	thé-bīn	
poj-retrieval	poj	taiwanese-basic:883:chhut-giap	full	chhutgiap	chhut-gia̍p	
poj-retrieval	poj	taiwanese-basic:883:chhut-giap	half	chhu	chhut-gia̍p	
poj-retrieval	poj	taiwanese-basic:883:chhut-giap	transpose	chhutgipa	chhut-gia̍p	
