a	missing-letter,phrase-prefix,syllable,syllable-prefix
aa	adjacent-key
aai	adjacent-key
aan	adjacent-key
aang	adjacent-key
aao	adjacent-key
ab	adjacent-key,transposed-letters
abg	adjacent-key
abi	transposed-letters
abn	transposed-letters
abng	transposed-letters
abo	transposed-letters
ac	transposed-letters
aci	transposed-letters
acn	transposed-letters
acng	transposed-letters
aco	transposed-letters
ad	transposed-letters
adanxlai	phrase-mixed
adi	transposed-letters
adn	transposed-letters
adng	transposed-letters
ado	transposed-letters
adxl	phrase-initial
ae	adjacent-key
aei	adjacent-key
aen	adjacent-key
aeng	adjacent-key
af	transposed-letters
afn	transposed-letters
afng	transposed-letters
ag	missing-letter,transposed-letters
agi	transposed-letters
agn	transposed-letters
agng	transposed-letters
ago	transposed-letters
aguoxluk	phrase-mixed
agxlk	phrase-initial
ah	transposed-letters
aha	adjacent-key
ahai	adjacent-key
ahan	adjacent-key
ahang	adjacent-key
ahao	adjacent-key
ahaobyi	phrase-mixed
ahby	phrase-initial
ahe	adjacent-key
ahei	adjacent-key
ahen	adjacent-key
aheng	adjacent-key
ahi	adjacent-key,transposed-letters
ahn	transposed-letters
ahng	transposed-letters
aho	transposed-letters
ahou	adjacent-key
ahu	adjacent-key
ahua	adjacent-key
ahuai	adjacent-key
ahuan	adjacent-key
ahuang	adjacent-key
ahui	adjacent-key
ahun	adjacent-key
ahuo	adjacent-key
ai	adjacent-key,missing-letter,phrase-prefix,syllable
aig	phrase-prefix
aigu	phrase-prefix
aiguo	phrase-prefix
aiguox	phrase-prefix
aiguoxi	phrase-prefix
aiguoxil	phrase-prefix
aiguoxilu	phrase-prefix
aiguoxiluk	phrase-prefix
aiguoxiluko	phrase-prefix
aiguoxilukou	phrase-full
aih	phrase-prefix
aiha	phrase-prefix
aihao	phrase-prefix
aihaob	phrase-prefix
aihaobu	phrase-prefix
aihaobuy	phrase-prefix
aihaobuyi	phrase-full
ais	phrase-prefix
aish	phrase-prefix
aishu	phrase-prefix
aishup	phrase-prefix
aishupi	phrase-full
aiw	phrase-prefix
aiwe	phrase-prefix
aiwen	phrase-prefix
aiwenm	phrase-prefix
aiwenma	phrase-prefix
aiwenman	phrase-prefix
aiwenmang	phrase-prefix
aiwenmangg	phrase-prefix
aiwenmanggu	phrase-prefix
aiwenmangguo	phrase-full
ak	transposed-letters
aki	transposed-letters
akn	transposed-letters
akng	transposed-letters
ako	transposed-letters
al	transposed-letters
ali	transposed-letters
aln	transposed-letters
alng	transposed-letters
alo	transposed-letters
am	adjacent-key,transposed-letters
amg	adjacent-key
ami	transposed-letters
amianj	phrase-mixed
amikrong	phrase-mixed
amj	phrase-initial
amkr	phrase-initial
amn	transposed-letters
amng	transposed-letters
amo	transposed-letters
an	missing-letter,phrase-initial,phrase-prefix,syllable,syllable-prefix,transposed-letters
and	phrase-prefix
anda	phrase-prefix
andan	phrase-prefix
andanx	phrase-prefix
andanxi	phrase-prefix
andanxia	phrase-prefix
andanxial	phrase-prefix
andanxiala	phrase-prefix
andanxialai	phrase-full
anf	adjacent-key
ang	missing-letter,phrase-prefix,syllable
angz	phrase-prefix
angza	phrase-prefix
angzan	phrase-prefix
angzang	phrase-full
anh	adjacent-key
ani	transposed-letters
anian	phrase-mixed
anm	phrase-prefix
anmi	phrase-prefix
anmia	phrase-prefix
anmian	phrase-prefix
anmianj	phrase-prefix
anmianji	phrase-full
ann	phrase-prefix,transposed-letters
anng	transposed-letters
anni	phrase-prefix
annia	phrase-prefix
annian	phrase-full
ano	transposed-letters
anr	phrase-prefix
anra	phrase-prefix
anran	phrase-prefix
anrand	phrase-prefix
anranda	phrase-prefix
anrandao	phrase-prefix
anrandaom	phrase-prefix
anrandaoma	phrase-prefix
anrandaomao	phrase-full
anw	phrase-prefix
anwe	phrase-prefix
anwei	phrase-prefix
anweih	phrase-prefix
anweihu	phrase-prefix
anweihuo	phrase-prefix
anweihuof	phrase-prefix
anweihuofu	phrase-full
anx	phrase-prefix
anxi	phrase-prefix
anxia	phrase-prefix
anxian	phrase-prefix
anxiang	phrase-full
any	phrase-prefix
anyu	phrase-prefix
anyue	phrase-prefix
anyuej	phrase-prefix
anyueji	phrase-prefix
anyuejic	phrase-prefix
anyuejich	phrase-prefix
anyuejicho	phrase-prefix
anyuejichou	phrase-full
anz	phrase-prefix
anzh	phrase-prefix
anzhu	phrase-full
ao	adjacent-key,missing-letter,phrase-prefix,syllable
aom	phrase-prefix
aomi	phrase-prefix
aomik	phrase-prefix
aomike	phrase-prefix
aomiker	phrase-prefix
aomikero	phrase-prefix
aomikeron	phrase-prefix
aomikerong	phrase-full
aong	adjacent-key
aou	adjacent-key
aoy	phrase-prefix
aoyi	phrase-prefix
aoyis	phrase-prefix
aoyish	phrase-prefix
aoyishu	phrase-full
ap	adjacent-key,transposed-letters
api	transposed-letters
apn	transposed-letters
apng	transposed-letters
apo	transposed-letters
arandmao	phrase-mixed
ardm	phrase-initial
arn	transposed-letters
arng	transposed-letters
aro	transposed-letters
as	transposed-letters
ashup	phrase-mixed
asi	transposed-letters
asn	transposed-letters
asng	transposed-letters
aso	transposed-letters
asp	phrase-initial
at	transposed-letters
ati	transposed-letters
atn	transposed-letters
atng	transposed-letters
ato	transposed-letters
au	adjacent-key
auan	adjacent-key
aui	adjacent-key
aun	adjacent-key
auo	adjacent-key
aw	transposed-letters
aweihfu	phrase-mixed
awenmguo	phrase-mixed
awhf	phrase-initial
awi	transposed-letters
awmg	phrase-initial
awn	transposed-letters
awng	transposed-letters
ax	phrase-initial
axiang	phrase-mixed
ay	transposed-letters
ayi	transposed-letters
ayis	phrase-mixed
ayjc	phrase-initial
ayn	transposed-letters
ayng	transposed-letters
ayo	transposed-letters
ays	phrase-initial
ayuejchou	phrase-mixed
az	phrase-initial,transposed-letters
azang	phrase-mixed
azhu	phrase-mixed
azi	transposed-letters
azn	transposed-letters
azng	transposed-letters
azo	transposed-letters
b	adjacent-key,missing-letter,phrase-prefix,syllable,syllable-prefix
ba	adjacent-key,missing-letter,phrase-prefix,syllable,syllable-prefix
bab	adjacent-key,phrase-prefix
babg	adjacent-key
babu	phrase-prefix
babud	phrase-prefix
babuda	phrase-prefix
babudao	phrase-full
bag	missing-letter
bagn	transposed-letters
bah	phrase-prefix
bahe	phrase-prefix
baheb	phrase-prefix
bahebi	phrase-prefix
bahebis	phrase-prefix
bahebisa	phrase-prefix
bahebisai	phrase-full
bai	adjacent-key,phrase-prefix,syllable
baic	phrase-prefix
baich	phrase-prefix
baichu	phrase-prefix
baichul	phrase-prefix
baichula	phrase-prefix
baichulai	phrase-full
baif	phrase-prefix
baifa	phrase-prefix
baifab	phrase-prefix
baifaba	phrase-prefix
baifabai	phrase-prefix
baifabaiz	phrase-prefix
baifabaizh	phrase-prefix
baifabaizho	phrase-prefix
baifabaizhon	phrase-prefix
baifabaizhong	phrase-full
baife	phrase-prefix
baifen	phrase-full
baih	phrase-prefix
baihu	phrase-prefix
baihua	phrase-prefix
baihuai	phrase-full
bain	phrase-prefix,transposed-letters
baing	transposed-letters
baini	phrase-prefix
bainia	phrase-prefix
bainiao	phrase-full
baio	transposed-letters
baip	phrase-prefix
baipi	phrase-prefix
baipin	phrase-prefix
baiping	phrase-prefix
baipingh	phrase-prefix
baipinghe	phrase-prefix
baipinghen	phrase-prefix
baipingheng	phrase-full
baiq	phrase-prefix
baiqi	phrase-full
bait	phrase-prefix
baita	phrase-prefix
baitan	phrase-prefix
baitang	phrase-full
baitqu	phrase-mixed
baix	phrase-prefix
baixi	phrase-prefix
baixia	phrase-full,phrase-prefix
baixial	phrase-prefix
baixiala	phrase-prefix
baixialai	phrase-full
baiy	phrase-prefix
baiye	phrase-full
baj	phrase-prefix
baji	phrase-prefix
bajia	phrase-prefix
bajiao	phrase-prefix
bajiaox	phrase-prefix
bajiaoxi	phrase-prefix
bajiaoxin	phrase-prefix
bajiaoxing	phrase-full
bak	phrase-prefix
baku	phrase-full
bal	phrase-prefix
bale	phrase-prefix
bales	phrase-prefix
balesh	phrase-prefix
baleshu	phrase-full
bali	phrase-full,phrase-prefix
balin	phrase-prefix
baling	phrase-full
bam	adjacent-key,phrase-prefix
bama	phrase-full
bamg	adjacent-key
ban	adjacent-key,missing-letter,phrase-prefix,syllable,syllable-prefix
band	phrase-prefix
bandi	phrase-prefix
bandin	phrase-prefix
banding	phrase-full
banf	adjacent-key
bang	adjacent-key,missing-letter,phrase-prefix,syllable
bange	phrase-prefix
bangex	phrase-prefix
bangexi	phrase-prefix
bangexia	phrase-prefix
bangexiao	phrase-prefix
bangexiaos	phrase-prefix
bangexiaosh	phrase-prefix
bangexiaoshi	phrase-full
bangz	phrase-prefix
bangzh	phrase-prefix
bangzha	phrase-full
banh	adjacent-key
bank	phrase-prefix
banko	phrase-prefix
bankon	phrase-prefix
bankong	phrase-full
bant	phrase-prefix
banti	phrase-prefix
bantia	phrase-prefix
bantiao	phrase-full
banz	phrase-prefix
banzh	phrase-prefix
banzhi	phrase-full
bao	adjacent-key,missing-letter,phrase-prefix,syllable
baob	phrase-prefix
baoba	phrase-prefix
baoban	phrase-full
baoc	phrase-prefix
baoch	phrase-prefix
baocha	phrase-prefix
baochao	phrase-full
baof	phrase-prefix
baofe	phrase-prefix
baofen	phrase-prefix
baofeng	phrase-full
baoh	phrase-prefix
baohe	phrase-prefix
baohen	phrase-full
baoj	phrase-prefix
baoji	phrase-prefix
baojie	phrase-full
baojin	phrase-full
baol	phrase-prefix
baoli	phrase-full
baos	phrase-prefix
baosh	phrase-prefix
baosha	phrase-prefix
baoshan	phrase-prefix
baoshanl	phrase-prefix
baoshanlu	phrase-full
baow	phrase-prefix
baowu	phrase-full
baox	phrase-prefix
baoxi	phrase-prefix
baoxia	phrase-prefix
baoxian	phrase-prefix
baoxiang	phrase-full
baoxiao	phrase-full
baoy	phrase-prefix
baoyu	phrase-prefix
baoyua	phrase-prefix
baoyuan	phrase-full
baoz	phrase-prefix
baoza	phrase-prefix
baozai	phrase-full
bap	adjacent-key
bas	phrase-prefix
bash	phrase-prefix
bashi	phrase-full
batq	phrase-initial
bau	adjacent-key
bb	phrase-initial
bban	phrase-mixed
bbao	phrase-mixed
bbd	phrase-initial
bben	phrase-mixed
bbens	phrase-mixed
bbox	phrase-mixed
bbs	phrase-initial
bbud	phrase-mixed
bbx	phrase-initial
bc	phrase-initial
bcb	phrase-initial
bchao	phrase-mixed
bchongb	phrase-mixed
bchou	phrase-mixed
bchul	phrase-mixed
bchuq	phrase-mixed
bci	phrase-mixed
bcl	phrase-initial
bcq	phrase-initial
bd	phrase-initial
bdangh	phrase-mixed
bdel	phrase-mixed
bdf	phrase-initial
bdh	phrase-initial
bdi	phrase-mixed
bding	phrase-mixed
bdl	phrase-initial
bduan	phrase-mixed
bdui	phrase-mixed
bduif	phrase-mixed
bduil	phrase-mixed
be	adjacent-key,missing-letter,phrase-prefix,syllable-prefix
beb	adjacent-key
bebg	adjacent-key
beg	missing-letter
begn	transposed-letters
bei	adjacent-key,phrase-prefix,syllable,transposed-letters
beib	phrase-prefix
beibo	phrase-prefix
beibox	phrase-prefix
beiboxu	phrase-prefix
beiboxue	phrase-full
beic	phrase-prefix
beich	phrase-prefix
beichu	phrase-prefix
beichuq	phrase-prefix
beichuqu	phrase-full
beif	phrase-prefix
beifu	phrase-full
beig	phrase-prefix
beiga	phrase-prefix
beigao	phrase-full
beigu	phrase-prefix
beigua	phrase-full,phrase-prefix
beiguan	phrase-prefix
beiguang	phrase-prefix
beiguangx	phrase-prefix
beiguangxi	phrase-prefix
beiguangxin	phrase-prefix
beiguangxing	phrase-full
beih	phrase-prefix
beiha	phrase-prefix
beihai	phrase-prefix
beihaiz	phrase-prefix
beihaizh	phrase-prefix
beihaizhe	phrase-full
beij	phrase-prefix
beiji	phrase-prefix
beijin	phrase-prefix
beijing	phrase-prefix
beijingc	phrase-prefix
beijingch	phrase-prefix
beijingche	phrase-prefix
beijingchen	phrase-prefix
beijingcheng	phrase-full
beis	phrase-prefix
beish	phrase-prefix
beisha	phrase-prefix
beishan	phrase-prefix
beishang	phrase-full
beisi	phrase-prefix
beisim	phrase-prefix
beisima	phrase-prefix
beisimai	phrase-full
beit	phrase-prefix
beito	phrase-prefix
beiton	phrase-prefix
beitong	phrase-full
beix	phrase-prefix
beixi	phrase-prefix
beixia	phrase-prefix
beixial	phrase-prefix
beixiala	phrase-prefix
beixialai	phrase-full
beiy	phrase-prefix
beiyu	phrase-prefix
beiyue	phrase-prefix
beiyuez	phrase-prefix
beiyuezu	phrase-prefix
beiyuezuz	phrase-prefix
beiyuezuzh	phrase-prefix
beiyuezuzhi	phrase-full
bem	adjacent-key
bemg	adjacent-key
ben	adjacent-key,missing-letter,phrase-prefix,syllable,syllable-prefix
benb	phrase-prefix
benba	phrase-prefix
benban	phrase-full
benc	phrase-prefix
benci	phrase-full
bend	phrase-prefix
bendi	phrase-full
benf	adjacent-key
beng	adjacent-key,syllable
benh	adjacent-key,phrase-prefix
benha	phrase-prefix
benhan	phrase-prefix
benhang	phrase-full
benj	phrase-prefix
benji	phrase-full
benl	phrase-prefix
benle	phrase-prefix
benlei	phrase-full
benli	phrase-full
benp	phrase-prefix
benpi	phrase-prefix
benpia	phrase-prefix
benpiao	phrase-full
bens	phrase-prefix
bensh	phrase-prefix
benshi	phrase-prefix
benshit	phrase-prefix
benshito	phrase-prefix
benshiton	phrase-prefix
benshitong	phrase-prefix
benshitongg	phrase-prefix
benshitongge	phrase-prefix
benshitonggen	phrase-prefix
benshitonggens	phrase-prefix
benshitonggensh	phrase-prefix
benshitonggenshe	phrase-prefix
benshitonggenshen	phrase-prefix
benshitonggensheng	phrase-full
bent	phrase-prefix
benti	phrase-prefix
bentin	phrase-prefix
benting	phrase-full
benw	phrase-prefix
benwa	phrase-prefix
benwan	phrase-prefix
benwang	phrase-full
benx	phrase-prefix
benxi	phrase-prefix
benxia	phrase-prefix
benxian	phrase-prefix
benxiang	phrase-prefix
benxiangz	phrase-prefix
benxiangzo	phrase-prefix
benxiangzou	phrase-prefix
benxiangzoug	phrase-prefix
benxiangzouga	phrase-prefix
benxiangzougao	phrase-full
benz	phrase-prefix
benzh	phrase-prefix
benzho	phrase-prefix
benzhou	phrase-full
beo	adjacent-key
beu	adjacent-key
bf	phrase-initial
bfa	phrase-mixed
bfabzhong	phrase-mixed
bfang	phrase-mixed
bfbz	phrase-initial
bfen	phrase-mixed
bfeng	phrase-mixed
bfu	phrase-mixed
bg	phrase-initial
bgao	phrase-mixed
bgegxia	phrase-mixed
bgexshi	phrase-mixed
bggx	phrase-initial
bgua	phrase-mixed
bguangx	phrase-mixed
bguiz	phrase-mixed
bguozyong	phrase-mixed
bgx	phrase-initial
bgxs	phrase-initial
bgz	phrase-initial
bgzy	phrase-initial
bh	phrase-initial
bhaihteng	phrase-mixed
bhaiz	phrase-mixed
bhang	phrase-mixed
bhbm	phrase-initial
bhbs	phrase-initial
bhe	phrase-mixed
bhebsai	phrase-mixed
bhen	phrase-mixed
bhht	phrase-initial
bhuai	phrase-mixed
bhuangbmang	phrase-mixed
bhuiz	phrase-mixed
bhz	phrase-initial
bi	adjacent-key,missing-letter,phrase-prefix,syllable,syllable-prefix
bia	missing-letter,phrase-prefix,syllable-prefix,transposed-letters
biab	adjacent-key
biabg	adjacent-key
biag	missing-letter
biagn	transposed-letters
biai	adjacent-key
biam	adjacent-key
biamg	adjacent-key
bian	adjacent-key,missing-letter,phrase-prefix,syllable,syllable-prefix
biand	phrase-prefix
bianda	phrase-prefix
biandan	phrase-prefix
biandang	phrase-prefix
biandangh	phrase-prefix
biandanghe	phrase-full
bianf	adjacent-key
biang	adjacent-key,syllable
bianh	adjacent-key
bianj	phrase-prefix
bianji	phrase-prefix
bianjia	phrase-prefix
bianjian	phrase-prefix
bianjiang	phrase-prefix
bianjiangd	phrase-prefix
bianjiangdi	phrase-prefix
bianjiangdid	phrase-prefix
bianjiangdida	phrase-prefix
bianjiangdidai	phrase-full
bianm	phrase-prefix
bianme	phrase-prefix
bianmen	phrase-full
bianx	phrase-prefix
bianxi	phrase-prefix
bianxie	phrase-prefix
bianxiec	phrase-prefix
bianxiech	phrase-prefix
bianxiechu	phrase-full
biao	adjacent-key,phrase-prefix,syllable
biaob	phrase-prefix
biaobe	phrase-prefix
biaoben	phrase-full,phrase-prefix
biaobens	phrase-prefix
biaobensh	phrase-prefix
biaobenshi	phrase-full
biaom	phrase-prefix
biaomi	phrase-prefix
biaomia	phrase-prefix
biaomian	phrase-full
biaos	phrase-prefix
biaosh	phrase-prefix
biaosha	phrase-prefix
biaoshan	phrase-prefix
biaoshang	phrase-full
biaoy	phrase-prefix
biaoya	phrase-prefix
biaoyan	phrase-prefix
biaoyanx	phrase-prefix
biaoyanxi	phrase-prefix
biaoyanxin	phrase-prefix
biaoyanxing	phrase-full
biap	adjacent-key
bib	adjacent-key
bibg	adjacent-key
bid	phrase-prefix
bidu	phrase-prefix
bidua	phrase-prefix
biduan	phrase-full
bidui	phrase-prefix
biduif	phrase-prefix
biduifa	phrase-full
bie	adjacent-key,phrase-prefix,syllable,transposed-letters
bied	phrase-prefix
biedu	phrase-prefix
biedui	phrase-full
bieq	phrase-prefix
bieqi	phrase-prefix
bieqin	phrase-prefix
bieqing	phrase-full
bies	phrase-prefix
biesh	phrase-prefix
biesha	phrase-prefix
bieshal	phrase-prefix
bieshale	phrase-full
bieshe	phrase-prefix
bieshen	phrase-prefix
biesheng	phrase-full
bieshu	phrase-full
bif	phrase-prefix
bifa	phrase-prefix
bifan	phrase-prefix
bifang	phrase-full
big	missing-letter,phrase-prefix
bige	phrase-prefix
bigeg	phrase-prefix
bigega	phrase-prefix
bigegao	phrase-prefix
bigegaox	phrase-prefix
bigegaoxi	phrase-prefix
bigegaoxia	phrase-full
bign	transposed-letters
bigu	phrase-prefix
biguo	phrase-prefix
biguoz	phrase-prefix
biguozi	phrase-prefix
biguoziy	phrase-prefix
biguoziyo	phrase-prefix
biguoziyon	phrase-prefix
biguoziyong	phrase-full
bih	phrase-prefix
bihe	phrase-full
bij	phrase-prefix
biji	phrase-prefix
bijiu	phrase-full
bil	phrase-prefix
bile	phrase-prefix
bilei	phrase-prefix
bileig	phrase-prefix
bileigu	phrase-prefix
bileigua	phrase-prefix
bileiguan	phrase-full
bim	adjacent-key,phrase-prefix
bimg	adjacent-key
bimu	phrase-prefix
bimuy	phrase-prefix
bimuyu	phrase-full
bin	adjacent-key,missing-letter,phrase-prefix,syllable,syllable-prefix
bina	transposed-letters
binag	transposed-letters
binf	adjacent-key
bing	adjacent-key,missing-letter,phrase-prefix,syllable
bingj	phrase-prefix
bingji	phrase-prefix
bingjib	phrase-prefix
bingjibi	phrase-prefix
bingjibia	phrase-prefix
bingjibiao	phrase-full
bingju	phrase-prefix
bingjus	phrase-prefix
bingjush	phrase-prefix
bingjusho	phrase-prefix
bingjushou	phrase-full
binh	adjacent-key
biny	phrase-prefix
binyu	phrase-full
binz	phrase-prefix
binzh	phrase-prefix
binzhi	phrase-prefix
binzhir	phrase-prefix
binzhiru	phrase-prefix
binzhirug	phrase-prefix
binzhirugu	phrase-prefix
binzhirugui	phrase-full
bio	missing-letter
bioa	transposed-letters
bir	adjacent-key,phrase-prefix
bire	phrase-prefix
biren	phrase-full
bis	phrase-prefix
bish	phrase-prefix
bishi	phrase-full
bisn	adjacent-key
bisng	adjacent-key
biso	adjacent-key
biu	adjacent-key
biw	adjacent-key,phrase-prefix
biwu	phrase-prefix
biwul	phrase-prefix
biwuli	phrase-prefix
biwulia	phrase-prefix
biwulian	phrase-prefix
biwulianl	phrase-prefix
biwulianle	phrase-prefix
biwulianlei	phrase-full
biy	phrase-prefix
biyu	phrase-full
bj	phrase-initial
bjb	phrase-initial
bjc	phrase-initial
bjdd	phrase-initial
bjdn	phrase-initial
bji	phrase-mixed
bjiandnian	phrase-mixed
bjiangddai	phrase-mixed
bjiaox	phrase-mixed
bjib	phrase-mixed
bjie	phrase-mixed
bjin	phrase-mixed
bjingc	phrase-mixed
bjingz	phrase-mixed
bjiu	phrase-mixed
bjs	phrase-initial
bjus	phrase-mixed
bjx	phrase-initial
bjz	phrase-initial
bk	phrase-initial
bkai	phrase-mixed
bke	phrase-mixed
bkemzhuang	phrase-mixed
bkezfan	phrase-mixed
bkmz	phrase-initial
bkong	phrase-mixed
bku	phrase-mixed
bkzf	phrase-initial
bl	phrase-initial
bld	phrase-initial
blei	phrase-mixed
bleig	phrase-mixed
bles	phrase-mixed
blg	phrase-initial
bli	phrase-mixed
bliangd	phrase-mixed
bling	phrase-mixed
bls	phrase-initial
bm	phrase-initial
bma	phrase-mixed
bmen	phrase-mixed
bmian	phrase-mixed
bmu	phrase-mixed
bmuy	phrase-mixed
bmy	phrase-initial
bn	missing-letter,phrase-initial
bna	transposed-letters
bnag	transposed-letters
bne	transposed-letters
bneg	transposed-letters
bng	missing-letter
bni	transposed-letters
bniao	phrase-mixed
bnig	transposed-letters
bo	adjacent-key,missing-letter,phrase-prefix,syllable
boa	phrase-prefix,transposed-letters
boai	phrase-prefix
boait	phrase-prefix
boaite	phrase-prefix
boaiteq	phrase-prefix
boaitequ	phrase-full
boan	adjacent-key
boang	adjacent-key
boao	adjacent-key
boe	adjacent-key
boh	phrase-prefix
boha	phrase-prefix
bohai	phrase-prefix
bohaih	phrase-prefix
bohaihu	phrase-prefix
bohaihua	phrase-prefix
bohaihuan	phrase-prefix
bohaihuant	phrase-prefix
bohaihuante	phrase-prefix
bohaihuanten	phrase-prefix
bohaihuanteng	phrase-full
boj	phrase-prefix
boji	phrase-prefix
bojin	phrase-prefix
bojing	phrase-prefix
bojingz	phrase-prefix
bojingzi	phrase-full
bok	phrase-prefix
boka	phrase-prefix
bokai	phrase-full
bon	adjacent-key
bong	adjacent-key
boq	phrase-prefix
boqi	phrase-prefix
boqin	phrase-prefix
boqing	phrase-prefix
boqingl	phrase-prefix
boqingla	phrase-prefix
boqinglan	phrase-prefix
boqinglang	phrase-full
bou	adjacent-key
bp	adjacent-key,phrase-initial
bph	phrase-initial
bpiao	phrase-mixed
bping	phrase-mixed
bpingh	phrase-mixed
bq	phrase-initial
bqds	phrase-initial
bqi	phrase-mixed
bqiaodshi	phrase-mixed
bqing	phrase-mixed
bqingl	phrase-mixed
bql	phrase-initial
br	phrase-initial
bren	phrase-mixed
bri	adjacent-key
brn	adjacent-key
brng	adjacent-key
bs	adjacent-key,phrase-initial
bshal	phrase-mixed
bshang	phrase-mixed
bshanl	phrase-mixed
bsheng	phrase-mixed
bshi	phrase-mixed
bshischan	phrase-mixed
bshitgens	phrase-mixed
bshu	phrase-mixed
bsi	adjacent-key
bsim	phrase-mixed
bsl	phrase-initial
bsm	phrase-initial
bsn	adjacent-key
bsng	adjacent-key
bso	adjacent-key
bssc	phrase-initial
bstgs	phrase-initial
bt	phrase-initial
btang	phrase-mixed
btiao	phrase-mixed
bting	phrase-mixed
btong	phrase-mixed
bu	adjacent-key,phrase-prefix,syllable
buan	adjacent-key
buang	adjacent-key
buao	adjacent-key
bub	phrase-prefix
buba	phrase-prefix
bubao	phrase-full
buc	phrase-prefix
buch	phrase-prefix
bucho	phrase-prefix
buchon	phrase-prefix
buchong	phrase-prefix
buchongb	phrase-prefix
buchongbi	phrase-prefix
buchongbin	phrase-prefix
buchongbing	phrase-full
buchou	phrase-full
bud	phrase-prefix
bude	phrase-prefix
budel	phrase-prefix
budeli	phrase-prefix
budelia	phrase-prefix
budeliao	phrase-full
budu	phrase-prefix
budui	phrase-prefix
buduil	phrase-prefix
buduili	phrase-full
bue	adjacent-key
buf	phrase-prefix
bufa	phrase-full
bug	phrase-prefix
bugu	phrase-prefix
bugui	phrase-prefix
buguiz	phrase-prefix
buguize	phrase-full
buh	phrase-prefix
buhu	phrase-prefix
buhua	phrase-prefix
buhuan	phrase-prefix
buhuang	phrase-prefix
buhuangb	phrase-prefix
buhuangbu	phrase-prefix
buhuangbum	phrase-prefix
buhuangbuma	phrase-prefix
buhuangbuman	phrase-prefix
buhuangbumang	phrase-full
buhui	phrase-prefix
buhuiz	phrase-prefix
buhuiza	phrase-prefix
buhuizai	phrase-full
buj	phrase-prefix
buji	phrase-prefix
bujia	phrase-prefix
bujian	phrase-prefix
bujiand	phrase-prefix
bujianda	phrase-prefix
bujiandan	phrase-prefix
bujiandang	phrase-prefix
bujiandangn	phrase-prefix
bujiandangni	phrase-prefix
bujiandangnia	phrase-prefix
bujiandangnian	phrase-full
buk	phrase-prefix
buke	phrase-full,phrase-prefix
bukem	phrase-prefix
bukemi	phrase-prefix
bukemin	phrase-prefix
bukeming	phrase-prefix
bukemingz	phrase-prefix
bukemingzh	phrase-prefix
bukemingzhu	phrase-prefix
bukemingzhua	phrase-prefix
bukemingzhuan	phrase-prefix
bukemingzhuang	phrase-full
bukez	phrase-prefix
bukeza	phrase-prefix
bukezai	phrase-prefix
bukezaif	phrase-prefix
bukezaifa	phrase-prefix
bukezaifan	phrase-full
bul	phrase-prefix
buli	phrase-prefix
bulia	phrase-prefix
bulian	phrase-prefix
buliang	phrase-prefix
buliangd	phrase-prefix
buliangde	phrase-full
bum	phrase-prefix
bumu	phrase-full
bun	adjacent-key
bung	adjacent-key
buo	adjacent-key
bup	phrase-prefix
bupi	phrase-prefix
bupin	phrase-prefix
buping	phrase-full
buq	phrase-prefix
buqi	phrase-prefix
buqia	phrase-prefix
buqiao	phrase-prefix
buqiaod	phrase-prefix
buqiaode	phrase-prefix
buqiaodes	phrase-prefix
buqiaodesh	phrase-prefix
buqiaodeshi	phrase-full
bus	phrase-prefix
bush	phrase-prefix
bushi	phrase-prefix
bushis	phrase-prefix
bushish	phrase-prefix
bushishe	phrase-prefix
bushishen	phrase-prefix
bushisheng	phrase-prefix
bushishengc	phrase-prefix
bushishengch	phrase-prefix
bushishengcha	phrase-prefix
bushishengchan	phrase-full
bux	phrase-prefix
buxi	phrase-prefix
buxie	phrase-full
buxiz	phrase-prefix
buxizi	phrase-prefix
buxiziq	phrase-prefix
buxiziqi	phrase-prefix
buxiziqia	phrase-prefix
buxiziqian	phrase-prefix
buxiziqiang	phrase-full
buy	phrase-prefix
buyi	phrase-full
buyu	phrase-prefix
buyua	phrase-prefix
buyuan	phrase-prefix
buyuanq	phrase-prefix
buyuanqi	phrase-prefix
buyuanqia	phrase-prefix
buyuanqian	phrase-prefix
buyuanqianl	phrase-prefix
buyuanqianli	phrase-prefix
buyuanqianlie	phrase-prefix
buyuanqianlier	phrase-prefix
buyuanqianlierl	phrase-prefix
buyuanqianlierla	phrase-prefix
buyuanqianlierlai	phrase-full
buz	phrase-prefix
buzh	phrase-prefix
buzha	phrase-prefix
buzhan	phrase-full,phrase-prefix
buzhang	phrase-prefix
buzhangh	phrase-prefix
buzhanghu	phrase-prefix
buzhanghui	phrase-prefix
buzhanghuiy	phrase-prefix
buzhanghuiyi	phrase-full
buzhi	phrase-prefix
buzhid	phrase-prefix
buzhida	phrase-prefix
buzhidao	phrase-prefix
buzhidaod	phrase-prefix
buzhidaodi	phrase-full
buzho	phrase-prefix
buzhon	phrase-prefix
buzhong	phrase-prefix
buzhongt	phrase-prefix
buzhongta	phrase-prefix
buzhongtai	phrase-prefix
buzhongtaij	phrase-prefix
buzhongtaiju	phrase-full
bv	adjacent-key
bw	phrase-initial
bwang	phrase-mixed
bwi	adjacent-key
bwll	phrase-initial
bwn	adjacent-key
bwng	adjacent-key
bwu	phrase-mixed
bwullei	phrase-mixed
bx	phrase-initial
bxc	phrase-initial
bxia	phrase-mixed
bxial	phrase-mixed
bxiang	phrase-mixed
bxiangzgao	phrase-mixed
bxiao	phrase-mixed
bxie	phrase-mixed
bxiec	phrase-mixed
bxizqiang	phrase-mixed
bxl	phrase-initial
bxzg	phrase-initial
bxzq	phrase-initial
by	adjacent-key,phrase-initial
byanx	phrase-mixed
bye	phrase-mixed
byi	phrase-mixed
byqlel	phrase-initial
byu	phrase-mixed
byuan	phrase-mixed
byuanqlielai	phrase-mixed
byuezzhi	phrase-mixed
byx	phrase-initial
byzz	phrase-initial
bz	phrase-initial
bzai	phrase-mixed
bzdd	phrase-initial
bzha	phrase-mixed
bzhan	phrase-mixed
bzhanghyi	phrase-mixed
bzhi	phrase-mixed
bzhiddi	phrase-mixed
bzhirgui	phrase-mixed
bzhongtju	phrase-mixed
bzhou	phrase-mixed
bzhy	phrase-initial
bzrg	phrase-initial
bztj	phrase-initial
c	missing-letter,phrase-prefix,syllable-prefix
ca	missing-letter,phrase-prefix,syllable,syllable-prefix
cab	adjacent-key
cabg	adjacent-key
cag	missing-letter,phrase-prefix
cagn	transposed-letters
cagu	phrase-prefix
caguo	phrase-full
cah	transposed-letters
cahi	transposed-letters
cahn	transposed-letters
cahng	transposed-letters
caho	transposed-letters
cai	adjacent-key,missing-letter,phrase-prefix,syllable
caid	phrase-prefix
caide	phrase-prefix
caiden	phrase-prefix
caideng	phrase-prefix
caidengm	phrase-prefix
caidengmi	phrase-full
caidu	phrase-prefix
caiduo	phrase-full
caif	phrase-prefix
caife	phrase-prefix
caifen	phrase-prefix
caifend	phrase-prefix
caifendi	phrase-prefix
caifendie	phrase-full
caik	phrase-prefix
caiku	phrase-prefix
caikua	phrase-prefix
caikuan	phrase-prefix
caikuang	phrase-full
cais	phrase-prefix
caish	phrase-prefix
caishi	phrase-full
cam	adjacent-key
camg	adjacent-key
can	missing-letter,phrase-prefix,syllable,syllable-prefix
canc	phrase-prefix
cancu	phrase-prefix
cancun	phrase-prefix
cancunb	phrase-prefix
cancunbe	phrase-prefix
cancunben	phrase-full
canf	adjacent-key
cang	missing-letter,phrase-prefix,syllable
cangb	phrase-prefix
cangbu	phrase-prefix
cangbuz	phrase-prefix
cangbuzh	phrase-prefix
cangbuzhu	phrase-full
cangm	phrase-prefix
cangma	phrase-prefix
cangman	phrase-prefix
cangmang	phrase-full
cangr	phrase-prefix
cangra	phrase-prefix
cangran	phrase-full
canh	adjacent-key
canz	phrase-prefix
canzh	phrase-prefix
canzhu	phrase-prefix
canzhuo	phrase-prefix
canzhuos	phrase-prefix
canzhuosh	phrase-prefix
canzhuosha	phrase-prefix
canzhuoshan	phrase-prefix
canzhuoshang	phrase-full
cao	adjacent-key,missing-letter,phrase-prefix,syllable
caol	phrase-prefix
caolv	phrase-prefix
caolvc	phrase-prefix
caolvch	phrase-prefix
caolvcho	phrase-prefix
caolvchon	phrase-prefix
caolvchong	phrase-full
caos	phrase-prefix
caosh	phrase-prefix
caoshu	phrase-prefix
caoshua	phrase-prefix
caoshuai	phrase-prefix
caoshuaic	phrase-prefix
caoshuaico	phrase-prefix
caoshuaicon	phrase-prefix
caoshuaicong	phrase-prefix
caoshuaicongs	phrase-prefix
caoshuaicongsh	phrase-prefix
caoshuaicongshi	phrase-full
caox	phrase-mixed
cap	adjacent-key
cau	adjacent-key
caun	transposed-letters
cax	phrase-initial
cb	phrase-initial
cband	phrase-mixed
cbd	phrase-initial
cbi	phrase-mixed
cbuz	phrase-mixed
cbz	phrase-initial
cc	phrase-initial
ccai	phrase-mixed
ccb	phrase-initial
ccg	phrase-initial
cchang	phrase-mixed
cchi	phrase-mixed
cchoug	phrase-mixed
cchu	phrase-mixed
ccunb	phrase-mixed
cd	phrase-initial
cdao	phrase-mixed
cdek	phrase-mixed
cdengm	phrase-mixed
cdi	phrase-mixed
cdian	phrase-mixed
cdianj	phrase-mixed
cdj	phrase-initial
cdk	phrase-initial
cdm	phrase-initial
cdu	phrase-mixed
cduo	phrase-mixed
ce	missing-letter,phrase-prefix,syllable,syllable-prefix
ceb	adjacent-key,phrase-prefix
cebg	adjacent-key
cebi	phrase-full
ceg	missing-letter
cegn	transposed-letters
ceh	transposed-letters
cehn	transposed-letters
cehng	transposed-letters
cem	adjacent-key
cemg	adjacent-key
cen	missing-letter,syllable,syllable-prefix
cenf	adjacent-key
ceng	missing-letter,syllable
cenh	adjacent-key
cew	phrase-prefix
cewe	phrase-prefix
cewen	phrase-full
cf	phrase-initial
cfang	phrase-mixed
cfd	phrase-initial
cfend	phrase-mixed
cfh	phrase-initial
cfjl	phrase-initial
cfuh	phrase-mixed
cfujlu	phrase-mixed
cg	phrase-initial
cga	adjacent-key
cgai	adjacent-key
cgan	adjacent-key
cgang	adjacent-key
cgao	adjacent-key
cgc	phrase-initial
cge	adjacent-key
cgen	adjacent-key
cgeng	adjacent-key
cgi	adjacent-key
cgong	adjacent-key,phrase-mixed
cgou	adjacent-key
cgu	adjacent-key
cgua	adjacent-key
cguai	adjacent-key
cguan	adjacent-key,phrase-mixed
cguang	adjacent-key
cguc	phrase-mixed
cgui	adjacent-key,phrase-mixed
cgun	adjacent-key
cguo	adjacent-key,phrase-mixed
ch	missing-letter,phrase-initial,phrase-prefix,syllable-prefix
cha	missing-letter,phrase-prefix,syllable,syllable-prefix
chab	adjacent-key
chabg	adjacent-key
chad	phrase-prefix
chadi	phrase-prefix
chadia	phrase-prefix
chadian	phrase-full
chag	missing-letter
chagn	transposed-letters
chah	phrase-prefix
chahe	phrase-prefix
chahen	phrase-prefix
chahend	phrase-prefix
chahendu	phrase-prefix
chahenduo	phrase-full
chai	adjacent-key,missing-letter,syllable
chaj	phrase-prefix
chaji	phrase-prefix
chajin	phrase-prefix
chajing	phrase-full
chal	phrase-prefix
chali	phrase-prefix
chaliw	phrase-prefix
chaliwa	phrase-prefix
chaliwan	phrase-prefix
chaliwang	phrase-full
cham	adjacent-key
chamg	adjacent-key
chan	missing-letter,phrase-mixed,phrase-prefix,syllable,syllable-prefix
chand	phrase-prefix
chandi	phrase-full
chanf	adjacent-key
chang	missing-letter,phrase-prefix,syllable
changd	phrase-prefix
changda	phrase-prefix
changdao	phrase-full
changg	phrase-prefix
changgu	phrase-prefix
changguc	phrase-prefix
changguch	phrase-prefix
changguchu	phrase-prefix
changguchua	phrase-prefix
changguchuan	phrase-full
changgui	phrase-full
changh	phrase-prefix
changhe	phrase-full
changm	phrase-prefix
changmi	phrase-prefix
changmin	phrase-prefix
changming	phrase-full
changq	phrase-prefix
changqi	phrase-prefix
changqin	phrase-prefix
changqing	phrase-full
changy	phrase-prefix
changyi	phrase-prefix
changyig	phrase-prefix
changyiga	phrase-prefix
changyigao	phrase-prefix
changyigaoz	phrase-prefix
changyigaozh	phrase-prefix
changyigaozho	phrase-prefix
changyigaozhon	phrase-prefix
changyigaozhong	phrase-full
changyin	phrase-prefix
changyinc	phrase-prefix
changyinch	phrase-prefix
changyinche	phrase-prefix
changyinchen	phrase-prefix
changyincheng	phrase-full
chanh	adjacent-key,phrase-prefix
chanhu	phrase-prefix
chanhui	phrase-prefix
chanhuil	phrase-prefix
chanhuilu	phrase-full
chao	adjacent-key,phrase-prefix,syllable
chaoj	phrase-prefix
chaoji	phrase-prefix
chaojia	phrase-prefix
chaojian	phrase-prefix
chaojiang	phrase-prefix
chaojiangs	phrase-prefix
chaojiangsi	phrase-full
chaos	phrase-prefix
chaosh	phrase-prefix
chaosha	phrase-prefix
chaoshao	phrase-full
chaoz	phrase-prefix
chaoza	phrase-prefix
chaozai	phrase-full
chap	adjacent-key
chau	adjacent-key,transposed-letters
chaui	transposed-letters
chaun	transposed-letters
chaung	transposed-letters
chd	phrase-initial
che	missing-letter,phrase-mixed,phrase-prefix,syllable,syllable-prefix
cheb	adjacent-key
chebg	adjacent-key
cheg	missing-letter
chegn	transposed-letters
chem	adjacent-key
chemg	adjacent-key
chen	missing-letter,phrase-prefix,syllable,syllable-prefix
chend	phrase-mixed,phrase-prefix
chendi	phrase-prefix
chendia	phrase-prefix
chendian	phrase-prefix
chendianj	phrase-prefix
chendianji	phrase-full
chenf	adjacent-key,phrase-prefix
chenfu	phrase-prefix
chenfuh	phrase-prefix
chenfuha	phrase-prefix
chenfuhai	phrase-full
cheng	phrase-prefix,syllable
chengc	phrase-prefix
chengca	phrase-prefix
chengcai	phrase-full
chengd	phrase-prefix
chengdu	phrase-full
chengk	phrase-prefix
chengka	phrase-prefix
chengkai	phrase-full
chengn	phrase-prefix
chengni	phrase-prefix
chengnia	phrase-prefix
chengnian	phrase-prefix
chengnianl	phrase-prefix
chengnianle	phrase-prefix
chengnianlei	phrase-prefix
chengnianleiy	phrase-prefix
chengnianleiyu	phrase-prefix
chengnianleiyue	phrase-full
chengp	phrase-prefix
chengpi	phrase-full
chengq	phrase-prefix
chengqi	phrase-full
chengr	phrase-prefix
chengre	phrase-prefix
chengren	phrase-prefix
chengrenz	phrase-prefix
chengrenzh	phrase-prefix
chengrenzhi	phrase-prefix
chengrenzhim	phrase-prefix
chengrenzhime	phrase-prefix
chengrenzhimei	phrase-full
chenh	adjacent-key
chenm	phrase-prefix
chenmu	phrase-full
cheny	phrase-prefix
chenyu	phrase-full
chi	adjacent-key,missing-letter,phrase-prefix,syllable
chia	adjacent-key,phrase-prefix,transposed-letters
chiai	adjacent-key
chian	adjacent-key
chiang	adjacent-key
chiao	phrase-prefix
chiaox	phrase-prefix
chiaoxi	phrase-prefix
chiaoxie	phrase-full
chid	phrase-prefix
chide	phrase-prefix
chidek	phrase-prefix
chideka	phrase-prefix
chidekai	phrase-full
chih	phrase-prefix
chiha	phrase-prefix
chihan	phrase-full
chii	adjacent-key
chim	phrase-prefix
chima	phrase-full
chin	adjacent-key
ching	adjacent-key
chio	adjacent-key
chiu	adjacent-key,transposed-letters
chl	phrase-initial
chn	missing-letter
chna	transposed-letters
chnag	transposed-letters
chne	transposed-letters
chneg	transposed-letters
chng	missing-letter
chnog	transposed-letters
chnu	transposed-letters
cho	adjacent-key,missing-letter,phrase-prefix,syllable-prefix
choa	transposed-letters
chobg	adjacent-key
chog	missing-letter
chogn	transposed-letters
choi	adjacent-key
chomg	adjacent-key
chon	missing-letter,phrase-prefix,syllable-prefix
chonf	adjacent-key
chong	phrase-prefix,syllable
chongf	phrase-prefix
chongfu	phrase-prefix
chongfuj	phrase-prefix
chongfuji	phrase-prefix
chongfujil	phrase-prefix
chongfujilu	phrase-full
chongj	phrase-prefix
chongji	phrase-full
chongl	phrase-prefix
chongle	phrase-prefix
chonglei	phrase-full
chongm	phrase-prefix
chongmi	phrase-prefix
chongmin	phrase-prefix
chongming	phrase-prefix
chongmingg	phrase-prefix
chongminggu	phrase-prefix
chongmingguo	phrase-prefix
chongmingguoz	phrase-prefix
chongmingguozh	phrase-prefix
chongmingguozho	phrase-prefix
chongmingguozhon	phrase-prefix
chongmingguozhong	phrase-full
chongq	phrase-prefix
chongqu	phrase-full
chongs	phrase-prefix
chongse	phrase-prefix
chongsez	phrase-prefix
chongsezh	phrase-prefix
chongsezhe	phrase-full
chonh	adjacent-key
chou	phrase-prefix,syllable,transposed-letters
chouc	phrase-prefix
chouch	phrase-prefix
choucha	phrase-prefix
chouchan	phrase-prefix
chouchang	phrase-full
choucho	phrase-prefix
chouchou	phrase-prefix
chouchoug	phrase-prefix
chouchougu	phrase-prefix
chouchouguo	phrase-full
chout	phrase-prefix
chouto	phrase-prefix
chouton	phrase-prefix
choutong	phrase-prefix
choutongw	phrase-prefix
choutongwe	phrase-prefix
choutongwei	phrase-full
choux	phrase-prefix
chouxi	phrase-prefix
chouxia	phrase-prefix
chouxian	phrase-prefix
chouxiang	phrase-prefix
chouxiangz	phrase-prefix
chouxiangzh	phrase-prefix
chouxiangzhu	phrase-prefix
chouxiangzhuy	phrase-prefix
chouxiangzhuyi	phrase-full
choy	adjacent-key
chpng	adjacent-key
chpu	adjacent-key
chr	adjacent-key
chrn	adjacent-key
chrng	adjacent-key
chs	adjacent-key
chsi	adjacent-key
chsn	adjacent-key
chsng	adjacent-key
chso	adjacent-key
chu	adjacent-key,missing-letter,phrase-prefix,syllable,syllable-prefix
chua	missing-letter,phrase-prefix,syllable,syllable-prefix
chuab	adjacent-key
chuabg	adjacent-key
chuag	missing-letter
chuagn	transposed-letters
chuai	phrase-mixed,syllable
chuam	adjacent-key
chuamg	adjacent-key
chuan	missing-letter,phrase-prefix,syllable,syllable-prefix
chuanf	adjacent-key
chuang	phrase-prefix,syllable
chuangg	phrase-prefix
chuanggu	phrase-prefix
chuanggua	phrase-prefix
chuangguan	phrase-full
chuangj	phrase-prefix
chuangji	phrase-prefix
chuangjia	phrase-prefix
chuangjiao	phrase-full
chuangl	phrase-prefix
chuangli	phrase-full
chuango	phrase-prefix
chuangon	phrase-prefix
chuangong	phrase-full
chuangp	phrase-prefix
chuangpu	phrase-full
chuangs	phrase-prefix
chuangsh	phrase-prefix
chuangshi	phrase-full
chuangw	phrase-prefix
chuangwe	phrase-prefix
chuangwei	phrase-full
chuanh	adjacent-key
chuank	phrase-prefix
chuanko	phrase-prefix
chuankou	phrase-full
chuanr	phrase-prefix
chuanru	phrase-full
chuans	phrase-prefix
chuanso	phrase-prefix
chuanson	phrase-prefix
chuansong	phrase-prefix
chuansongl	phrase-prefix
chuansonglv	phrase-full
chuant	phrase-prefix
chuanto	phrase-prefix
chuanton	phrase-prefix
chuantong	phrase-prefix
chuantongh	phrase-prefix
chuantonghu	phrase-prefix
chuantonghua	phrase-full
chuanw	phrase-prefix
chuanwe	phrase-prefix
chuanwen	phrase-prefix
chuanwenz	phrase-prefix
chuanwenzh	phrase-prefix
chuanwenzho	phrase-prefix
chuanwenzhon	phrase-prefix
chuanwenzhong	phrase-full
chuanwu	phrase-full
chuanx	phrase-prefix
chuanxi	phrase-full
chuao	adjacent-key
chuau	adjacent-key
chub	adjacent-key,phrase-prefix
chuba	phrase-prefix
chuban	phrase-prefix
chuband	phrase-prefix
chubandi	phrase-full
chuc	phrase-prefix
chuch	phrase-prefix
chuchu	phrase-full
chuf	phrase-prefix
chufa	phrase-prefix
chufan	phrase-prefix
chufang	phrase-full
chui	adjacent-key,missing-letter,phrase-prefix,syllable
chuia	transposed-letters
chuil	phrase-mixed
chuix	phrase-prefix
chuixi	phrase-prefix
chuixia	phrase-prefix
chuixian	phrase-full
chuiz	phrase-prefix
chuizh	phrase-prefix
chuizhe	phrase-full
chuj	phrase-prefix
chuji	phrase-full,phrase-prefix
chujia	phrase-prefix
chujiao	phrase-prefix
chujiaoy	phrase-prefix
chujiaoya	phrase-prefix
chujiaoyan	phrase-prefix
chujiaoyang	phrase-full
chum	adjacent-key
chun	missing-letter,phrase-prefix,syllable
chuna	transposed-letters
chunag	transposed-letters
chunc	phrase-prefix
chunch	phrase-prefix
chunchi	phrase-full
chung	missing-letter
chunj	phrase-prefix
chunji	phrase-prefix
chunjia	phrase-prefix
chunjian	phrase-full
chunm	phrase-prefix
chunme	phrase-prefix
chunmen	phrase-prefix
chunmeng	phrase-full
chunn	phrase-prefix
chunnu	phrase-prefix
chunnua	phrase-prefix
chunnuan	phrase-prefix
chunnuanh	phrase-prefix
chunnuanhu	phrase-prefix
chunnuanhua	phrase-prefix
chunnuanhuak	phrase-prefix
chunnuanhuaka	phrase-prefix
chunnuanhuakai	phrase-full
chunw	phrase-prefix
chunwe	phrase-prefix
chunwen	phrase-prefix
chunwenx	phrase-prefix
chunwenxu	phrase-prefix
chunwenxue	phrase-full
chunx	phrase-prefix
chunxi	phrase-prefix
chunxia	phrase-prefix
chunxiao	phrase-full
chuny	phrase-prefix
chunyu	phrase-prefix
chunyum	phrase-prefix
chunyumi	phrase-prefix
chunyumia	phrase-prefix
chunyumian	phrase-prefix
chunyumianm	phrase-prefix
chunyumianmi	phrase-prefix
chunyumianmia	phrase-prefix
chunyumianmian	phrase-full
chuo	adjacent-key,syllable,transposed-letters
chup	adjacent-key
chuq	phrase-prefix
chuqu	phrase-full
chus	adjacent-key,phrase-prefix
chush	phrase-prefix
chushi	phrase-full,phrase-prefix
chushiz	phrase-prefix
chushizh	phrase-prefix
chushizhi	phrase-prefix
chushizhid	phrase-prefix
chushizhida	phrase-prefix
chushizhidao	phrase-full
chusho	phrase-prefix
chushou	phrase-full
chusi	adjacent-key
chusn	adjacent-key
chusng	adjacent-key
chuu	adjacent-key
chux	phrase-prefix
chuxi	phrase-full
chuxu	phrase-prefix
chuxue	phrase-prefix
chuxuez	phrase-prefix
chuxuezh	phrase-prefix
chuxuezhe	phrase-full
chuy	phrase-prefix
chuyu	phrase-prefix
chuyua	phrase-prefix
chuyuan	phrase-full
chuz	phrase-prefix
chuzh	phrase-prefix
chuzho	phrase-prefix
chuzhon	phrase-prefix
chuzhong	phrase-full
chw	adjacent-key
chwn	adjacent-key
chwng	adjacent-key
chy	adjacent-key
chya	adjacent-key
chyai	adjacent-key
chyan	adjacent-key
chyang	adjacent-key
chyi	adjacent-key
chyn	adjacent-key
chyo	adjacent-key
ci	adjacent-key,missing-letter,phrase-prefix,syllable
cia	adjacent-key,transposed-letters
cian	adjacent-key
ciang	adjacent-key
ciao	adjacent-key
cie	adjacent-key
cih	phrase-prefix,transposed-letters
cihu	phrase-prefix
cihua	phrase-prefix
cihuai	phrase-full
cii	adjacent-key
cin	adjacent-key
cing	adjacent-key
cio	adjacent-key
ciong	adjacent-key
cit	phrase-prefix
citi	phrase-prefix
citia	phrase-prefix
citiao	phrase-full
citu	phrase-prefix
citui	phrase-full
ciu	adjacent-key,transposed-letters
cix	phrase-prefix
cixi	phrase-prefix
cixio	phrase-prefix
cixion	phrase-prefix
cixiong	phrase-prefix
cixiongm	phrase-prefix
cixiongmo	phrase-prefix
cixiongmob	phrase-prefix
cixiongmobi	phrase-prefix
cixiongmobia	phrase-prefix
cixiongmobian	phrase-full
cj	phrase-initial
cja	adjacent-key
cjai	adjacent-key
cjan	adjacent-key
cjang	adjacent-key
cjao	adjacent-key
cje	adjacent-key
cjen	adjacent-key
cjeng	adjacent-key
cji	adjacent-key,phrase-mixed
cjian	phrase-mixed
cjiangs	phrase-mixed
cjiao	phrase-mixed
cjiaoy	phrase-mixed
cjin	phrase-mixed
cjing	phrase-mixed
cjong	adjacent-key
cjou	adjacent-key
cjs	phrase-initial
cju	adjacent-key
cjua	adjacent-key
cjuai	adjacent-key
cjuan	adjacent-key
cjuang	adjacent-key
cjui	adjacent-key
cjun	adjacent-key
cjuo	adjacent-key
cjy	phrase-initial
ck	phrase-initial
ckai	phrase-mixed
ckou	phrase-mixed
ckuang	phrase-mixed
cl	phrase-initial
clc	phrase-initial
clei	phrase-mixed
cli	phrase-mixed
cliu	phrase-mixed
cliw	phrase-mixed
clvc	phrase-mixed
clw	phrase-initial
cm	phrase-initial
cma	phrase-mixed
cmang	phrase-mixed
cmeng	phrase-mixed
cmgz	phrase-initial
cming	phrase-mixed
cminggzhong	phrase-mixed
cmu	phrase-mixed
cn	missing-letter
cna	transposed-letters
cnag	transposed-letters
cne	transposed-letters
cneg	transposed-letters
cng	missing-letter
cnhk	phrase-initial
cnianlyue	phrase-mixed
cnly	phrase-initial
cnog	transposed-letters
cnu	transposed-letters
cnuanhkai	phrase-mixed
co	adjacent-key,missing-letter,phrase-prefix,syllable-prefix
coa	transposed-letters
cobg	adjacent-key
cog	missing-letter
cogn	transposed-letters
cohng	transposed-letters
cohu	transposed-letters
coi	adjacent-key
comg	adjacent-key
con	missing-letter,syllable-prefix
conf	adjacent-key
cong	missing-letter,syllable
conh	adjacent-key
cou	missing-letter,phrase-prefix,syllable,transposed-letters
couj	phrase-prefix
couji	phrase-prefix
coujin	phrase-full
coy	adjacent-key
cp	phrase-initial
cpi	phrase-mixed
cpng	adjacent-key
cpu	adjacent-key,phrase-mixed
cq	phrase-initial
cqi	phrase-mixed
cqing	phrase-mixed
cqu	phrase-mixed
cr	adjacent-key,phrase-initial
cran	phrase-mixed
crenzmei	phrase-mixed
crn	adjacent-key
crng	adjacent-key
cru	phrase-mixed
crzm	phrase-initial
cs	adjacent-key,phrase-initial
cscs	phrase-initial
csez	phrase-mixed
cshao	phrase-mixed
cshi	phrase-mixed
cshizdao	phrase-mixed
cshou	phrase-mixed
cshuaicshi	phrase-mixed
csi	adjacent-key
csl	phrase-initial
csn	adjacent-key
csng	adjacent-key
cso	adjacent-key
csongl	phrase-mixed
csz	phrase-initial
cszd	phrase-initial
ct	phrase-initial
cth	phrase-initial
ctiao	phrase-mixed
ctongh	phrase-mixed
ctongw	phrase-mixed
ctui	phrase-mixed
ctw	phrase-initial
cu	adjacent-key,missing-letter,phrase-prefix,syllable,syllable-prefix
cua	missing-letter,syllable-prefix
cuab	adjacent-key
cuai	missing-letter
cuam	adjacent-key
cuan	adjacent-key,missing-letter,syllable
cuang	missing-letter
cub	adjacent-key
cue	adjacent-key
cuh	transposed-letters
cuha	transposed-letters
cuhai	transposed-letters
cuhan	transposed-letters
cuhang	transposed-letters
cuhi	transposed-letters
cuhn	transposed-letters
cuho	transposed-letters
cui	adjacent-key,missing-letter,phrase-prefix,syllable
cuiz	phrase-prefix
cuizh	phrase-prefix
cuizhu	phrase-full
cum	adjacent-key
cun	adjacent-key,missing-letter,phrase-prefix,syllable
cuna	transposed-letters
cunl	phrase-prefix
cunli	phrase-prefix
cunliu	phrase-full
cuo	adjacent-key,missing-letter,phrase-prefix,syllable,transposed-letters
cuoy	phrase-prefix
cuoya	phrase-prefix
cuoyao	phrase-full
cup	adjacent-key
cusn	adjacent-key
cuu	adjacent-key
cuz	phrase-prefix
cuzh	phrase-prefix
cuzhi	phrase-prefix
cuzhid	phrase-prefix
cuzhida	phrase-prefix
cuzhiday	phrase-prefix
cuzhidaye	phrase-full
cw	adjacent-key,phrase-initial
cwei	phrase-mixed
cwen	phrase-mixed
cwenx	phrase-mixed
cwenz	phrase-mixed
cwn	adjacent-key
cwng	adjacent-key
cwu	phrase-mixed
cwx	phrase-initial
cwz	phrase-initial
cx	phrase-initial
cxi	phrase-mixed
cxian	phrase-mixed
cxiangzyi	phrase-mixed
cxiao	phrase-mixed
cxiongmbian	phrase-mixed
cxmb	phrase-initial
cxuez	phrase-mixed
cxz	phrase-initial
cxzy	phrase-initial
cy	adjacent-key,phrase-initial
cyan	adjacent-key
cyao	phrase-mixed
cyc	phrase-initial
cygz	phrase-initial
cyi	adjacent-key
cyigzhong	phrase-mixed
cyinc	phrase-mixed
cymm	phrase-initial
cyn	adjacent-key
cyo	adjacent-key
cyu	phrase-mixed
cyuan	phrase-mixed
cyummian	phrase-mixed
cz	phrase-initial
czai	phrase-mixed
czdy	phrase-initial
czhe	phrase-mixed
czhidye	phrase-mixed
czhong	phrase-mixed
czhu	phrase-mixed
czhuos	phrase-mixed
czs	phrase-initial
d	adjacent-key,missing-letter,phrase-prefix,syllable,syllable-prefix
da	adjacent-key,missing-letter,phrase-prefix,syllable,syllable-prefix
dab	adjacent-key
dabg	adjacent-key
dad	phrase-prefix
dado	phrase-prefix
dadon	phrase-prefix
dadong	phrase-prefix
dadongb	phrase-prefix
dadongbe	phrase-prefix
dadongbei	phrase-full
dadu	phrase-prefix
dadui	phrase-prefix
daduir	phrase-prefix
daduire	phrase-prefix
daduiren	phrase-prefix
daduirenm	phrase-prefix
daduirenma	phrase-full
daf	phrase-prefix
dafe	phrase-prefix
dafei	phrase-prefix
dafeiz	phrase-prefix
dafeizh	phrase-prefix
dafeizho	phrase-prefix
dafeizhou	phrase-prefix
dafeizhouz	phrase-prefix
dafeizhouzh	phrase-prefix
dafeizhouzha	phrase-prefix
dafeizhouzhan	phrase-prefix
dafeizhouzhang	phrase-full
dag	missing-letter
dagn	transposed-letters
dah	phrase-prefix
dahu	phrase-prefix
dahug	phrase-prefix
dahugu	phrase-prefix
dahuguo	phrase-prefix
dahuguox	phrase-prefix
dahuguoxi	phrase-prefix
dahuguoxia	phrase-prefix
dahuguoxiao	phrase-full
dahui	phrase-full
dai	adjacent-key,phrase-prefix,syllable,transposed-letters
daib	phrase-prefix
daibu	phrase-prefix
daibuz	phrase-prefix
daibuzh	phrase-prefix
daibuzhu	phrase-full
dail	phrase-prefix
daili	phrase-prefix
dailij	phrase-prefix
dailiji	phrase-prefix
dailijia	phrase-prefix
dailijian	phrase-prefix
dailijiang	phrase-prefix
dailijiangt	phrase-prefix
dailijiangta	phrase-prefix
dailijiangtao	phrase-full
dain	transposed-letters
daio	transposed-letters
daiy	phrase-prefix
daiyo	phrase-prefix
daiyon	phrase-prefix
daiyong	phrase-full
daiyu	phrase-prefix
daiyue	phrase-prefix
daiyuep	phrase-prefix
daiyuepi	phrase-prefix
daiyuepix	phrase-prefix
daiyuepixi	phrase-prefix
daiyuepixin	phrase-prefix
daiyuepixing	phrase-full
daj	phrase-prefix
daji	phrase-prefix
dajia	phrase-prefix
dajian	phrase-prefix
dajiang	phrase-prefix
dajiangn	phrase-prefix
dajiangna	phrase-prefix
dajiangnan	phrase-prefix
dajiangnanb	phrase-prefix
dajiangnanbe	phrase-prefix
dajiangnanbei	phrase-full
dajiao	phrase-full
dajie	phrase-full
dal	phrase-prefix
dalu	phrase-prefix
dalux	phrase-prefix
daluxu	phrase-prefix
daluxun	phrase-prefix
daluxunq	phrase-prefix
daluxunqi	phrase-full
dam	adjacent-key
damg	adjacent-key
dan	adjacent-key,missing-letter,phrase-prefix,syllable,syllable-prefix
danb	phrase-prefix
danbo	phrase-full
danc	phrase-prefix
danca	phrase-prefix
dancao	phrase-prefix
dancaos	phrase-prefix
dancaosh	phrase-prefix
dancaoshi	phrase-full
danci	phrase-full
dand	phrase-prefix
danda	phrase-prefix
dandan	phrase-full
danf	adjacent-key
dang	adjacent-key,phrase-prefix,syllable
dangj	phrase-prefix
dangju	phrase-prefix
dangjua	phrase-prefix
dangjuan	phrase-full
dangs	phrase-prefix
dangsh	phrase-prefix
dangshi	phrase-full
dangt	phrase-prefix
dangtu	phrase-full
danh	adjacent-key,phrase-prefix
danhe	phrase-prefix
danhen	phrase-full
danq	phrase-prefix
danqi	phrase-full,phrase-prefix
danqiu	phrase-full
danw	phrase-prefix
danwa	phrase-prefix
danwan	phrase-prefix
danwang	phrase-full
danwu	phrase-prefix
danwux	phrase-prefix
danwuxu	phrase-prefix
danwuxuf	phrase-prefix
danwuxufa	phrase-full
danx	phrase-prefix
danxu	phrase-prefix
danxua	phrase-prefix
danxuan	phrase-full
dao	adjacent-key,missing-letter,phrase-prefix,syllable
daod	phrase-prefix
daodi	phrase-prefix
daodia	phrase-prefix
daodiao	phrase-full
daoj	phrase-prefix
daoji	phrase-prefix
daojia	phrase-prefix
daojiao	phrase-full
daol	phrase-prefix
daolu	phrase-prefix
daolua	phrase-prefix
daoluan	phrase-full
daox	phrase-prefix
daoxi	phrase-prefix
daoxio	phrase-prefix
daoxion	phrase-prefix
daoxiong	phrase-full
daoz	phrase-prefix
daozi	phrase-full
dap	adjacent-key,phrase-prefix
dapa	phrase-prefix
dapao	phrase-full
daq	phrase-prefix
daqi	phrase-prefix
daqia	phrase-prefix
daqian	phrase-prefix
daqiang	phrase-full
daqin	phrase-prefix
daqing	phrase-full
dau	adjacent-key
daun	transposed-letters
dax	phrase-prefix
daxi	phrase-prefix
daxiy	phrase-prefix
daxiya	phrase-prefix
daxiyan	phrase-prefix
daxiyang	phrase-full
day	phrase-prefix
dayi	phrase-prefix
dayin	phrase-prefix
dayinj	phrase-prefix
dayinji	phrase-prefix
dayinjie	phrase-full
daz	phrase-prefix
dazh	phrase-prefix
dazhe	phrase-prefix
dazhek	phrase-prefix
dazheko	phrase-prefix
dazhekou	phrase-full
db	phrase-initial
dbanh	phrase-mixed
dbh	phrase-initial
dbian	phrase-mixed
dbij	phrase-mixed
dbj	phrase-initial
dbo	phrase-mixed
dbuz	phrase-mixed
dbz	phrase-initial
dc	phrase-initial
dcaos	phrase-mixed
dcccx	phrase-initial
dcengcchuanx	phrase-mixed
dchu	phrase-mixed
dchul	phrase-mixed
dchuq	phrase-mixed
dci	phrase-mixed
dcl	phrase-initial
dcq	phrase-initial
dcs	phrase-initial
dd	phrase-initial
ddan	phrase-mixed
ddao	phrase-mixed
ddb	phrase-initial
ddiao	phrase-mixed
ddongb	phrase-mixed
ddrm	phrase-initial
dduirma	phrase-mixed
de	adjacent-key,missing-letter,phrase-initial,phrase-prefix,syllable,syllable-prefix
debg	adjacent-key
deg	missing-letter,phrase-prefix
degn	transposed-letters
degu	phrase-prefix
deguo	phrase-full
dei	adjacent-key,syllable,transposed-letters
demg	adjacent-key
den	adjacent-key,missing-letter,phrase-prefix,syllable-prefix
denf	adjacent-key
deng	adjacent-key,phrase-prefix,syllable
dengg	phrase-prefix
denggu	phrase-prefix
denggua	phrase-prefix
dengguan	phrase-prefix
dengguang	phrase-prefix
dengguangs	phrase-prefix
dengguangsh	phrase-prefix
dengguangshe	phrase-prefix
dengguangsheb	phrase-prefix
dengguangshebe	phrase-prefix
dengguangshebei	phrase-full
dengy	phrase-prefix
dengyi	phrase-prefix
dengyin	phrase-prefix
dengying	phrase-full
denh	adjacent-key
deo	adjacent-key
der	phrase-mixed
deu	adjacent-key
df	phrase-initial
dfeizzhang	phrase-mixed
dfr	phrase-initial
dfu	phrase-mixed
dfur	phrase-mixed
dfzz	phrase-initial
dg	phrase-initial
dge	phrase-mixed
dgl	phrase-initial
dgong	phrase-mixed
dgsb	phrase-initial
dguangsbei	phrase-mixed
dguaxfan	phrase-mixed
dguo	phrase-mixed
dguol	phrase-mixed
dgxf	phrase-initial
dh	phrase-initial
dha	adjacent-key
dhai	adjacent-key
dhan	adjacent-key
dhang	adjacent-key
dhao	adjacent-key,phrase-mixed
dhe	adjacent-key
dhei	adjacent-key
dhen	adjacent-key,phrase-mixed
dheng	adjacent-key
dhgx	phrase-initial
dhi	adjacent-key
dhou	adjacent-key
dhu	adjacent-key
dhua	adjacent-key,phrase-mixed
dhuai	adjacent-key
dhuan	adjacent-key
dhuang	adjacent-key
dhugxiao	phrase-mixed
dhui	adjacent-key,phrase-mixed
dhun	adjacent-key,phrase-mixed
dhuo	adjacent-key
di	adjacent-key,missing-letter,phrase-prefix,syllable,syllable-prefix
dia	missing-letter,phrase-prefix,syllable,syllable-prefix,transposed-letters
diab	adjacent-key
diai	adjacent-key
diam	adjacent-key
dian	adjacent-key,phrase-prefix,syllable
diang	phrase-prefix
diangu	phrase-prefix
dianguo	phrase-prefix
dianguol	phrase-prefix
dianguolu	phrase-full
dianj	phrase-prefix
dianji	phrase-prefix
dianjie	phrase-prefix
dianjiey	phrase-prefix
dianjieyi	phrase-full
diann	phrase-prefix
dianna	phrase-prefix
diannao	phrase-prefix
diannaob	phrase-prefix
diannaobi	phrase-prefix
diannaobin	phrase-prefix
diannaobing	phrase-prefix
diannaobingd	phrase-prefix
diannaobingdu	phrase-full
dians	phrase-prefix
diansh	phrase-prefix
diansho	phrase-prefix
dianshou	phrase-full
dianx	phrase-prefix
dianxi	phrase-prefix
dianxia	phrase-prefix
dianxiao	phrase-prefix
dianxiaoe	phrase-prefix
dianxiaoer	phrase-full
dianxu	phrase-prefix
dianxun	phrase-full
dianz	phrase-prefix
dianzi	phrase-prefix
dianzif	phrase-prefix
dianzifu	phrase-prefix
dianzifut	phrase-prefix
dianzifute	phrase-full
diao	adjacent-key,phrase-prefix,syllable
diaoh	phrase-prefix
diaohu	phrase-prefix
diaohun	phrase-full
diaol	phrase-prefix
diaole	phrase-prefix
diaolei	phrase-full
diaoy	phrase-prefix
diaoyo	phrase-prefix
diaoyou	phrase-full
diaoyu	phrase-full
diap	adjacent-key
dibg	adjacent-key
dic	phrase-prefix
dich	phrase-prefix
dichu	phrase-full
did	phrase-prefix
dida	phrase-prefix
didao	phrase-full
die	phrase-prefix,syllable,transposed-letters
diec	phrase-prefix
diech	phrase-prefix
diechu	phrase-prefix
diechuq	phrase-prefix
diechuqu	phrase-full
dig	missing-letter,phrase-prefix
dign	transposed-letters
digu	phrase-prefix
digua	phrase-prefix
diguax	phrase-prefix
diguaxi	phrase-prefix
diguaxif	phrase-prefix
diguaxifa	phrase-prefix
diguaxifan	phrase-full
dii	adjacent-key
dik	phrase-prefix
diko	phrase-prefix
dikou	phrase-full
dimg	adjacent-key
din	adjacent-key,missing-letter,phrase-prefix,syllable-prefix
dina	transposed-letters
dinf	adjacent-key
ding	adjacent-key,phrase-prefix,syllable
dingg	phrase-prefix
dingge	phrase-full
dingh	phrase-prefix
dingha	phrase-prefix
dinghao	phrase-full
dingj	phrase-prefix
dingju	phrase-prefix
dingjud	phrase-prefix
dingjudi	phrase-prefix
dingjudia	phrase-prefix
dingjudian	phrase-full
dingr	phrase-prefix
dingre	phrase-prefix
dingren	phrase-full
dingt	phrase-prefix
dingti	phrase-full
dingw	phrase-prefix
dingwe	phrase-prefix
dingwei	phrase-full
dingx	phrase-prefix
dingxi	phrase-prefix
dingxia	phrase-prefix
dingxian	phrase-prefix
dingxiang	phrase-full
dingz	phrase-prefix
dingzh	phrase-prefix
dingzhi	phrase-full
dinh	adjacent-key
dio	adjacent-key,missing-letter
dioa	transposed-letters
diq	phrase-prefix
diqi	phrase-prefix
diqio	phrase-prefix
diqion	phrase-prefix
diqiong	phrase-full
dir	adjacent-key
dis	adjacent-key,phrase-prefix
dish	phrase-prefix
dishi	phrase-prefix
dishij	phrase-prefix
dishiji	phrase-prefix
dishijie	phrase-full
dishin	phrase-prefix
dishini	phrase-full
disn	adjacent-key
diso	adjacent-key
diu	adjacent-key,syllable,transposed-letters
diw	adjacent-key,phrase-prefix
diwu	phrase-prefix
diwus	phrase-prefix
diwush	phrase-prefix
diwushi	phrase-prefix
diwushij	phrase-prefix
diwushiji	phrase-prefix
diwushijiu	phrase-full
dix	phrase-prefix
dixi	phrase-prefix
dixia	phrase-prefix
dixian	phrase-full
diy	adjacent-key
diz	phrase-prefix
dizh	phrase-prefix
dizho	phrase-prefix
dizhou	phrase-prefix
dizhoup	phrase-prefix
dizhoupo	phrase-full
dj	phrase-initial
djd	phrase-initial
djian	phrase-mixed
djiangnbei	phrase-mixed
djiao	phrase-mixed
djie	phrase-mixed
djiey	phrase-mixed
djing	phrase-mixed
djingd	phrase-mixed
djnb	phrase-initial
djuan	phrase-mixed
djud	phrase-mixed
djunzzhif	phrase-mixed
djy	phrase-initial
djzzf	phrase-initial
dk	phrase-initial
dkai	phrase-mixed
dke	phrase-mixed
dkou	phrase-mixed
dl	phrase-initial
dlei	phrase-mixed
dlijtao	phrase-mixed
dliu	phrase-mixed
dljt	phrase-initial
dluan	phrase-mixed
dluxqi	phrase-mixed
dlxq	phrase-initial
dmuz	phrase-mixed
dmz	phrase-initial
dn	missing-letter
dna	transposed-letters
dnag	transposed-letters
dnaobdu	phrase-mixed
dnbd	phrase-initial
dneg	transposed-letters
dng	missing-letter
dnig	transposed-letters
dnius	phrase-mixed
dnog	transposed-letters
dns	phrase-initial
dnu	transposed-letters
do	adjacent-key,missing-letter,phrase-prefix,syllable-prefix
doa	adjacent-key,transposed-letters
doan	adjacent-key
doao	adjacent-key
dobg	adjacent-key
doe	adjacent-key
dog	missing-letter
dogn	transposed-letters
doi	adjacent-key
domg	adjacent-key
don	missing-letter,phrase-prefix,syllable-prefix
donf	adjacent-key
dong	adjacent-key,phrase-prefix,syllable
dongb	phrase-prefix
dongbi	phrase-prefix
dongbia	phrase-prefix
dongbian	phrase-full
dongg	phrase-prefix
donggo	phrase-prefix
donggon	phrase-prefix
donggong	phrase-full
dongj	phrase-prefix
dongji	phrase-prefix
dongjin	phrase-prefix
dongjing	phrase-full,phrase-prefix
dongjingd	phrase-prefix
dongjingdu	phrase-full
dongju	phrase-prefix
dongjud	phrase-prefix
dongjuda	phrase-prefix
dongjudao	phrase-full
dongw	phrase-prefix
dongwu	phrase-prefix
dongwux	phrase-prefix
dongwuxu	phrase-prefix
dongwuxue	phrase-full
dongx	phrase-prefix
dongxi	phrase-prefix
dongxia	phrase-prefix
dongxian	phrase-full
dongxih	phrase-prefix
dongxihe	phrase-prefix
dongxihen	phrase-prefix
dongxiheng	phrase-prefix
dongxihengg	phrase-prefix
dongxihenggu	phrase-prefix
dongxihenggua	phrase-prefix
dongxihengguan	phrase-prefix
dongxihengguang	phrase-prefix
dongxihengguango	phrase-prefix
dongxihengguangon	phrase-prefix
dongxihengguangong	phrase-prefix
dongxihengguangongl	phrase-prefix
dongxihengguangonglu	phrase-full
dongy	phrase-prefix
dongyi	phrase-full
dongyo	phrase-prefix
dongyou	phrase-full
donh	adjacent-key
dou	adjacent-key,phrase-prefix,syllable,transposed-letters
douf	phrase-prefix
doufu	phrase-prefix
doufur	phrase-prefix
doufuru	phrase-full
doul	phrase-prefix
douli	phrase-prefix
douliu	phrase-full
doun	phrase-prefix
douni	phrase-prefix
douniu	phrase-prefix
dounius	phrase-prefix
douniush	phrase-prefix
douniushi	phrase-full
douz	phrase-prefix
douzh	phrase-prefix
douzhu	phrase-full
doy	adjacent-key
dp	phrase-initial
dpao	phrase-mixed
dpng	adjacent-key
dpu	adjacent-key
dq	phrase-initial
dqi	phrase-mixed
dqiang	phrase-mixed
dqing	phrase-mixed
dqiong	phrase-mixed
dqiu	phrase-mixed
dr	adjacent-key,phrase-initial
dren	phrase-mixed
dri	adjacent-key
drng	adjacent-key
drnm	phrase-initial
drunmao	phrase-mixed
ds	adjacent-key,phrase-initial
dshang	phrase-mixed
dshi	phrase-mixed
dshij	phrase-mixed
dshin	phrase-mixed
dshou	phrase-mixed
dshur	phrase-mixed
dsi	adjacent-key
dsj	phrase-initial
dsn	adjacent-key,phrase-initial
dsng	adjacent-key
dso	adjacent-key
dsr	phrase-initial
dt	phrase-initial
dti	phrase-mixed
dtu	phrase-mixed
du	adjacent-key,missing-letter,phrase-prefix,syllable,syllable-prefix
dua	adjacent-key,missing-letter,phrase-prefix,syllable-prefix
duab	adjacent-key
duam	adjacent-key
duan	adjacent-key,phrase-prefix,syllable
duanc	phrase-prefix
duanch	phrase-prefix
duanchu	phrase-prefix
duanchul	phrase-prefix
duanchula	phrase-prefix
duanchulai	phrase-full
duane	phrase-prefix
duaner	phrase-full
duanz	phrase-prefix
duanza	phrase-prefix
duanzao	phrase-prefix
duanzaog	phrase-prefix
duanzaogo	phrase-prefix
duanzaogon	phrase-prefix
duanzaogong	phrase-full
duao	adjacent-key
dub	adjacent-key
due	adjacent-key
duf	phrase-prefix
dufu	phrase-full
dui	adjacent-key,phrase-prefix,syllable,transposed-letters
duiy	phrase-prefix
duiyu	phrase-prefix
duiyua	phrase-prefix
duiyuan	phrase-full
duj	phrase-prefix
duji	phrase-prefix
dujia	phrase-prefix
dujian	phrase-full
dum	adjacent-key,phrase-prefix
dumu	phrase-prefix
dumuz	phrase-prefix
dumuzh	phrase-prefix
dumuzho	phrase-prefix
dumuzhou	phrase-full
dun	adjacent-key,missing-letter,phrase-prefix,syllable
duna	transposed-letters
dung	adjacent-key
dunh	phrase-prefix
dunhu	phrase-prefix
dunhua	phrase-full
dunq	phrase-prefix
dunqi	phrase-full
duo	adjacent-key,phrase-prefix,syllable,transposed-letters
duob	phrase-prefix
duoba	phrase-prefix
duoban	phrase-prefix
duobanh	phrase-prefix
duobanhu	phrase-prefix
duobanhui	phrase-full
duobi	phrase-prefix
duobij	phrase-prefix
duobiji	phrase-full
duoc	phrase-prefix
duoce	phrase-prefix
duocen	phrase-prefix
duoceng	phrase-prefix
duocengc	phrase-prefix
duocengci	phrase-prefix
duocengcic	phrase-prefix
duocengcich	phrase-prefix
duocengcichu	phrase-prefix
duocengcichua	phrase-prefix
duocengcichuan	phrase-prefix
duocengcichuanx	phrase-prefix
duocengcichuanxi	phrase-prefix
duocengcichuanxia	phrase-prefix
duocengcichuanxiao	phrase-full
duog	phrase-prefix
duogo	phrase-prefix
duogon	phrase-prefix
duogong	phrase-full
duoj	phrase-prefix
duoju	phrase-prefix
duojun	phrase-prefix
duojunz	phrase-prefix
duojunzi	phrase-prefix
duojunziz	phrase-prefix
duojunzizh	phrase-prefix
duojunzizhi	phrase-prefix
duojunzizhif	phrase-prefix
duojunzizhifu	phrase-full
duok	phrase-prefix
duoka	phrase-prefix
duokai	phrase-full
duoke	phrase-full
duor	phrase-prefix
duoru	phrase-prefix
duorun	phrase-prefix
duoruni	phrase-prefix
duoruniu	phrase-prefix
duorunium	phrase-prefix
duoruniuma	phrase-prefix
duoruniumao	phrase-full
duos	phrase-prefix
duosh	phrase-prefix
duoshu	phrase-prefix
duoshur	phrase-prefix
duoshure	phrase-prefix
duoshuren	phrase-full
duox	phrase-prefix
duoxi	phrase-prefix
duoxia	phrase-prefix
duoxian	phrase-prefix
duoxiang	phrase-full
duoy	phrase-prefix
duoyu	phrase-full
dup	adjacent-key
dus	phrase-prefix
dush	phrase-prefix
dusha	phrase-prefix
dushan	phrase-prefix
dushang	phrase-full
dusn	adjacent-key
duu	adjacent-key
duz	phrase-prefix
duzi	phrase-prefix
duzie	phrase-full
dw	adjacent-key,phrase-initial
dwang	phrase-mixed
dwei	phrase-mixed
dwi	adjacent-key
dwng	adjacent-key
dwsj	phrase-initial
dwusjiu	phrase-mixed
dwux	phrase-mixed
dwuxfa	phrase-mixed
dwx	phrase-initial
dwxf	phrase-initial
dx	phrase-initial
dxe	phrase-initial
dxhggl	phrase-initial
dxian	phrase-mixed
dxiang	phrase-mixed
dxiaoe	phrase-mixed
dxihguanglu	phrase-mixed
dxiong	phrase-mixed
dxiy	phrase-mixed
dxuan	phrase-mixed
dxun	phrase-mixed
dxy	phrase-initial
dy	adjacent-key,phrase-initial
dyan	adjacent-key
dyi	adjacent-key,phrase-mixed
dying	phrase-mixed
dyinj	phrase-mixed
dyj	phrase-initial
dyn	adjacent-key
dyo	adjacent-key
dyong	phrase-mixed
dyou	phrase-mixed
dypx	phrase-initial
dyu	phrase-mixed
dyuan	phrase-mixed
dyuepxing	phrase-mixed
dz	phrase-initial
dzaog	phrase-mixed
dze	phrase-initial
dzft	phrase-initial
dzg	phrase-initial
dzhek	phrase-mixed
dzhi	phrase-mixed
dzhoup	phrase-mixed
dzhu	phrase-mixed
dzi	phrase-mixed
dzie	phrase-mixed
dzifte	phrase-mixed
dzk	phrase-initial
dzp	phrase-initial
e	missing-letter,phrase-prefix,syllable,syllable-prefix
ea	adjacent-key
eai	adjacent-key
ean	adjacent-key
eang	adjacent-key
eao	adjacent-key
eb	adjacent-key
ebg	adjacent-key
ebi	transposed-letters
ebn	transposed-letters
ebng	transposed-letters
ec	transposed-letters
ecn	transposed-letters
ecng	transposed-letters
ed	transposed-letters
edi	transposed-letters
edianrshan	phrase-mixed
edng	transposed-letters
edrs	phrase-initial
ee	adjacent-key
eei	adjacent-key
een	adjacent-key
eeng	adjacent-key
efi	transposed-letters
efn	transposed-letters
efng	transposed-letters
eg	missing-letter,phrase-initial,phrase-prefix,transposed-letters
egi	transposed-letters
egn	transposed-letters
egng	transposed-letters
ego	phrase-prefix
egon	phrase-prefix
egong	phrase-full,phrase-mixed
eguz	phrase-mixed
egz	phrase-initial
eh	transposed-letters
ehi	transposed-letters
ehn	transposed-letters
ehng	transposed-letters
ei	adjacent-key,missing-letter,syllable
ek	transposed-letters
ekn	transposed-letters
ekng	transposed-letters
el	phrase-initial,phrase-prefix,transposed-letters
ela	phrase-prefix
elan	phrase-prefix
elang	phrase-prefix
elangp	phrase-prefix
elangpu	phrase-prefix
elangpuy	phrase-prefix
elangpuya	phrase-prefix
elangpuyan	phrase-prefix
elangpuyang	phrase-full
elangpyang	phrase-mixed
elcy	phrase-initial
eli	phrase-mixed,phrase-prefix,transposed-letters
elic	phrase-prefix
elich	phrase-prefix
elichu	phrase-prefix
elichui	phrase-prefix
elichuiy	phrase-prefix
elichuiya	phrase-full
elicya	phrase-mixed
elius	phrase-mixed
elng	transposed-letters
elpy	phrase-initial
els	phrase-initial
elsj	phrase-initial
elu	phrase-prefix
eluo	phrase-prefix
eluos	phrase-prefix
eluosi	phrase-prefix
eluosij	phrase-prefix
eluosiji	phrase-full
eluosji	phrase-mixed
em	adjacent-key,phrase-initial,transposed-letters
emg	adjacent-key
emi	transposed-letters
emn	transposed-letters
emng	transposed-letters
emo	phrase-mixed
en	missing-letter,phrase-prefix,syllable,syllable-prefix,transposed-letters
end	phrase-prefix
endi	phrase-prefix
endia	phrase-prefix
endian	phrase-prefix
endianr	phrase-prefix
endianru	phrase-prefix
endianrus	phrase-prefix
endianrush	phrase-prefix
endianrusha	phrase-prefix
endianrushan	phrase-full
enf	adjacent-key
eng	missing-letter,syllable
enh	adjacent-key
eni	transposed-letters
enn	transposed-letters
enng	transposed-letters
eo	adjacent-key
eong	adjacent-key
eou	adjacent-key
epi	transposed-letters
epn	transposed-letters
epng	transposed-letters
er	phrase-prefix,syllable,transposed-letters
erg	phrase-prefix
ergu	phrase-prefix
erguz	phrase-prefix
erguzh	phrase-prefix
erguzha	phrase-prefix
erguzhan	phrase-prefix
erguzhang	phrase-full
erl	phrase-prefix
erli	phrase-full,phrase-prefix
erliu	phrase-prefix
erlius	phrase-prefix
erliusa	phrase-prefix
erliusan	phrase-full
erm	phrase-prefix
ermo	phrase-full
ern	transposed-letters
erng	transposed-letters
erw	phrase-prefix
erwa	phrase-prefix
erwan	phrase-prefix
erwanw	phrase-prefix
erwanwu	phrase-prefix
erwanwuq	phrase-prefix
erwanwuqi	phrase-prefix
erwanwuqia	phrase-prefix
erwanwuqian	phrase-full
es	transposed-letters
esi	transposed-letters
esn	transposed-letters
esng	transposed-letters
et	adjacent-key,transposed-letters
etng	transposed-letters
eu	adjacent-key
euan	adjacent-key
eui	adjacent-key
eun	adjacent-key
euo	adjacent-key
ewanwqian	phrase-mixed
ewi	transposed-letters
ewn	transposed-letters
ewng	transposed-letters
ewwq	phrase-initial
ey	phrase-prefix,transposed-letters
eyp	phrase-initial
eyu	phrase-prefix
eyup	phrase-mixed,phrase-prefix
eyupi	phrase-full
ez	transposed-letters
ezi	transposed-letters
ezn	transposed-letters
ezng	transposed-letters
f	adjacent-key,missing-letter,phrase-prefix,syllable,syllable-prefix
fa	adjacent-key,missing-letter,phrase-prefix,syllable,syllable-prefix
fab	adjacent-key
fabg	adjacent-key
fad	phrase-prefix
fadi	phrase-prefix
fadin	phrase-prefix
fading	phrase-prefix
fadingg	phrase-prefix
fadinggo	phrase-prefix
fadinggon	phrase-prefix
fadinggong	phrase-prefix
fadinggongj	phrase-prefix
fadinggongji	phrase-full
faf	phrase-prefix
fafe	phrase-prefix
fafen	phrase-prefix
fafenw	phrase-prefix
fafenwa	phrase-prefix
fafenwan	phrase-prefix
fafenwang	phrase-prefix
fafenwangs	phrase-prefix
fafenwangsh	phrase-prefix
fafenwangshi	phrase-full
fag	missing-letter,phrase-prefix
fagn	transposed-letters
fagu	phrase-prefix
faguo	phrase-prefix
faguoj	phrase-prefix
faguoji	phrase-full
fagus	phrase-prefix
fagush	phrase-prefix
fagusha	phrase-prefix
fagushan	phrase-full
fai	adjacent-key
faio	transposed-letters
fam	adjacent-key,phrase-prefix
famg	adjacent-key
famu	phrase-prefix
famuq	phrase-prefix
famuqu	phrase-full
fan	adjacent-key,missing-letter,phrase-prefix,syllable,syllable-prefix
fand	phrase-prefix
fandu	phrase-prefix
fandui	phrase-prefix
fanduip	phrase-prefix
fanduipi	phrase-prefix
fanduipia	phrase-prefix
fanduipiao	phrase-full
fanf	adjacent-key,phrase-prefix
fanfu	phrase-full
fang	adjacent-key,phrase-prefix,syllable
fangc	phrase-prefix
fangch	phrase-prefix
fangcho	phrase-prefix
fangchou	phrase-prefix
fangchouj	phrase-prefix
fangchouji	phrase-full
fangk	phrase-prefix
fangko	phrase-prefix
fangkon	phrase-prefix
fangkong	phrase-prefix
fangkongc	phrase-prefix
fangkongch	phrase-prefix
fangkongche	phrase-full
fangkongp	phrase-prefix
fangkongpa	phrase-prefix
fangkongpao	phrase-full
fangq	phrase-prefix
fangqi	phrase-full
fangr	phrase-prefix
fangre	phrase-prefix
fangren	phrase-prefix
fangrenz	phrase-prefix
fangrenzh	phrase-prefix
fangrenzhe	phrase-prefix
fangrenzhen	phrase-prefix
fangrenzheng	phrase-prefix
fangrenzhengc	phrase-prefix
fangrenzhengce	phrase-full
fangs	phrase-prefix
fangsa	phrase-prefix
fangsan	phrase-full
fangu	phrase-prefix
fangua	phrase-prefix
fanguan	phrase-full
fangui	phrase-full
fangx	phrase-prefix
fangxi	phrase-prefix
fangxin	phrase-prefix
fangxinw	phrase-prefix
fangxinwu	phrase-prefix
fangxinwuz	phrase-prefix
fangxinwuzh	phrase-prefix
fangxinwuzhu	phrase-full
fanh	adjacent-key
fanl	phrase-prefix
fanla	phrase-prefix
fanlai	phrase-full
fanm	phrase-prefix
fanmi	phrase-prefix
fanmia	phrase-prefix
fanmian	phrase-prefix
fanmianj	phrase-prefix
fanmianji	phrase-prefix
fanmianjia	phrase-prefix
fanmianjiao	phrase-prefix
fanmianjiaos	phrase-prefix
fanmianjiaose	phrase-full
fanp	phrase-prefix
fanpa	phrase-prefix
fanpan	phrase-prefix
fanpand	phrase-prefix
fanpanda	phrase-prefix
fanpandan	phrase-prefix
fanpandang	phrase-full
fant	phrase-prefix
fanto	phrase-prefix
fanton	phrase-prefix
fantong	phrase-full
fao	adjacent-key,missing-letter
faq	phrase-prefix
faqi	phrase-prefix
faqis	phrase-prefix
faqish	phrase-prefix
faqisha	phrase-prefix
faqishao	phrase-prefix
faqishaol	phrase-prefix
faqishaola	phrase-prefix
faqishaolai	phrase-full
far	phrase-prefix
fare	phrase-prefix
faren	phrase-prefix
farenj	phrase-prefix
farenji	phrase-prefix
farenjig	phrase-prefix
farenjigo	phrase-prefix
farenjigou	phrase-full
fas	phrase-prefix
fash	phrase-prefix
fasha	phrase-prefix
fashao	phrase-full
fashe	phrase-full
fashu	phrase-full
fax	phrase-prefix
faxi	phrase-prefix
faxin	phrase-prefix
faxins	phrase-prefix
faxinsh	phrase-prefix
faxinshu	phrase-prefix
faxinshui	phrase-full
faz	phrase-prefix
fazh	phrase-prefix
fazha	phrase-prefix
fazhan	phrase-prefix
fazhand	phrase-prefix
fazhanda	phrase-prefix
fazhandao	phrase-full
fc	phrase-initial
fcheng	phrase-mixed
fchouj	phrase-mixed
fcj	phrase-initial
fd	phrase-initial
fdaoj	phrase-mixed
fdgj	phrase-initial
fdian	phrase-mixed
fdinggji	phrase-mixed
fdj	phrase-initial
fdjx	phrase-initial
fdp	phrase-initial
fduanjxing	phrase-mixed
fduip	phrase-mixed
fe	adjacent-key,missing-letter,phrase-prefix,syllable-prefix
feb	adjacent-key
febg	adjacent-key
feg	missing-letter
fegn	transposed-letters
fei	adjacent-key,phrase-prefix,syllable
feij	phrase-prefix
feiji	phrase-prefix
feijie	phrase-prefix
feijieh	phrase-prefix
feijiehe	phrase-prefix
feijiehez	phrase-prefix
feijiehezh	phrase-prefix
feijiehezhe	phrase-prefix
feijiehezhen	phrase-prefix
feijiehezheng	phrase-full
feim	phrase-prefix
feima	phrase-prefix
feimao	phrase-full
feiz	phrase-prefix
feizh	phrase-prefix
feizho	phrase-prefix
feizhou	phrase-prefix
feizhout	phrase-prefix
feizhoutu	phrase-prefix
feizhoutua	phrase-prefix
feizhoutuan	phrase-prefix
feizhoutuanj	phrase-prefix
feizhoutuanji	phrase-prefix
feizhoutuanjie	phrase-prefix
feizhoutuanjiez	phrase-prefix
feizhoutuanjiezu	phrase-prefix
feizhoutuanjiezuz	phrase-prefix
feizhoutuanjiezuzh	phrase-prefix
feizhoutuanjiezuzhi	phrase-full
fem	adjacent-key
femg	adjacent-key
fen	adjacent-key,missing-letter,phrase-prefix,syllable,syllable-prefix
fend	phrase-prefix
fendi	phrase-prefix
fendia	phrase-prefix
fendian	phrase-full
fendu	phrase-prefix
fendua	phrase-prefix
fenduan	phrase-prefix
fenduanj	phrase-prefix
fenduanji	phrase-prefix
fenduanjin	phrase-prefix
fenduanjinx	phrase-prefix
fenduanjinxi	phrase-prefix
fenduanjinxin	phrase-prefix
fenduanjinxing	phrase-full
fenf	adjacent-key
feng	adjacent-key,phrase-prefix,syllable
fengh	phrase-prefix
fenghu	phrase-prefix
fenghua	phrase-prefix
fenghuan	phrase-prefix
fenghuang	phrase-prefix
fenghuangh	phrase-prefix
fenghuanghu	phrase-prefix
fenghuanghua	phrase-prefix
fenghuanghuak	phrase-prefix
fenghuanghuaka	phrase-prefix
fenghuanghuakai	phrase-full
fenghuax	phrase-prefix
fenghuaxi	phrase-prefix
fenghuaxia	phrase-prefix
fenghuaxian	phrase-full
fenghuaz	phrase-prefix
fenghuazu	phrase-prefix
fenghuazuo	phrase-prefix
fenghuazuoy	phrase-prefix
fenghuazuoyo	phrase-prefix
fenghuazuoyon	phrase-prefix
fenghuazuoyong	phrase-full
fengj	phrase-prefix
fengji	phrase-prefix
fengjia	phrase-prefix
fengjian	phrase-prefix
fengjiand	phrase-prefix
fengjianda	phrase-prefix
fengjiandao	phrase-prefix
fengjiandaod	phrase-prefix
fengjiandaode	phrase-full
fengm	phrase-prefix
fengma	phrase-prefix
fengman	phrase-prefix
fengmang	phrase-prefix
fengmangb	phrase-prefix
fengmangbi	phrase-prefix
fengmangbil	phrase-prefix
fengmangbilo	phrase-prefix
fengmangbilou	phrase-full
fengx	phrase-prefix
fengxi	phrase-prefix
fengxie	phrase-full
fenh	adjacent-key,phrase-prefix
fenha	phrase-prefix
fenhao	phrase-prefix
fenhaob	phrase-prefix
fenhaobu	phrase-prefix
fenhaobuc	phrase-prefix
fenhaobuch	phrase-prefix
fenhaobucha	phrase-full
fenhu	phrase-prefix
fenhui	phrase-full
fenl	phrase-prefix
fenla	phrase-prefix
fenlan	phrase-prefix
fenlanh	phrase-prefix
fenlanhu	phrase-prefix
fenlanhua	phrase-full
fenq	phrase-prefix
fenqi	phrase-prefix
fenqin	phrase-prefix
fenqinz	phrase-prefix
fenqinzh	phrase-prefix
fenqinzhu	phrase-prefix
fenqinzhuh	phrase-prefix
fenqinzhuhe	phrase-full
fens	phrase-prefix
fensa	phrase-prefix
fensan	phrase-prefix
fensanz	phrase-prefix
fensanzh	phrase-prefix
fensanzhu	phrase-prefix
fensanzhuy	phrase-prefix
fensanzhuyi	phrase-full
fenz	phrase-prefix
fenzu	phrase-full
feo	adjacent-key
feu	adjacent-key
ff	phrase-initial
ffenwshi	phrase-mixed
ffu	phrase-mixed
ffws	phrase-initial
fg	phrase-initial
fgd	phrase-initial
fgj	phrase-initial
fgs	phrase-initial
fguan	phrase-mixed
fgui	phrase-mixed
fguod	phrase-mixed
fguoj	phrase-mixed
fgus	phrase-mixed
fh	phrase-initial
fhao	phrase-mixed
fhaobcha	phrase-mixed
fhbc	phrase-initial
fhhk	phrase-initial
fhuanghkai	phrase-mixed
fhuax	phrase-mixed
fhuazyong	phrase-mixed
fhui	phrase-mixed
fhx	phrase-initial
fhzy	phrase-initial
fi	adjacent-key,missing-letter,syllable-prefix
fia	adjacent-key,missing-letter,syllable-prefix
fiai	adjacent-key
fian	adjacent-key
fiao	adjacent-key,syllable
fiap	adjacent-key
fie	adjacent-key,transposed-letters
fing	adjacent-key
fio	missing-letter
fioa	transposed-letters
fiso	adjacent-key
fiu	adjacent-key
fjdd	phrase-initial
fjhz	phrase-initial
fjiandde	phrase-mixed
fjiehzheng	phrase-mixed
fkc	phrase-initial
fkongc	phrase-mixed
fkongp	phrase-mixed
fkp	phrase-initial
fl	phrase-initial
flai	phrase-mixed
flanh	phrase-mixed
flh	phrase-initial
fliszhang	phrase-mixed
flsz	phrase-initial
fm	phrase-initial
fmangblou	phrase-mixed
fmao	phrase-mixed
fmbl	phrase-initial
fmian	phrase-mixed
fmianjse	phrase-mixed
fmjs	phrase-initial
fmq	phrase-initial
fmuq	phrase-mixed
fn	missing-letter
fna	transposed-letters
fnag	transposed-letters
fne	transposed-letters
fneg	transposed-letters
fng	missing-letter
fnvzqing	phrase-mixed
fnzq	phrase-initial
fo	missing-letter,phrase-prefix,syllable,syllable-prefix
foao	adjacent-key
foi	adjacent-key
fong	adjacent-key
fos	phrase-prefix
fosh	phrase-prefix
fosho	phrase-prefix
foshou	phrase-prefix
foshoug	phrase-prefix
foshougu	phrase-prefix
foshougua	phrase-full
fou	adjacent-key,syllable
foy	adjacent-key
fp	adjacent-key
fpand	phrase-mixed
fpd	phrase-initial
fpu	adjacent-key
fq	phrase-initial
fqi	phrase-mixed
fqinzhe	phrase-mixed
fqislai	phrase-mixed
fqsl	phrase-initial
fqzh	phrase-initial
frenjgou	phrase-mixed
frenzce	phrase-mixed
frenzren	phrase-mixed
fri	adjacent-key
frjg	phrase-initial
frn	adjacent-key
frng	adjacent-key
frzc	phrase-initial
frzr	phrase-initial
fs	adjacent-key,phrase-initial
fsan	phrase-mixed
fsanzyi	phrase-mixed
fsg	phrase-initial
fshao	phrase-mixed
fshe	phrase-mixed
fshen	phrase-mixed
fshoug	phrase-mixed
fshu	phrase-mixed
fsn	adjacent-key
fsng	adjacent-key
fszy	phrase-initial
ft	phrase-initial
ftong	phrase-mixed
ftu	phrase-mixed
fu	adjacent-key,missing-letter,phrase-prefix,syllable
fua	adjacent-key
fuai	adjacent-key
fuan	adjacent-key
fuang	adjacent-key
fuao	adjacent-key
fuc	phrase-prefix
fuch	phrase-prefix
fuche	phrase-prefix
fuchen	phrase-prefix
fucheng	phrase-full
fud	phrase-prefix
fuda	phrase-prefix
fudao	phrase-prefix
fudaoj	phrase-prefix
fudaoji	phrase-prefix
fudaojin	phrase-full
fug	phrase-prefix
fugu	phrase-prefix
fuguo	phrase-prefix
fuguod	phrase-prefix
fuguodu	phrase-prefix
fuguodun	phrase-full
fuh	phrase-prefix
fuha	phrase-prefix
fuhao	phrase-full
fui	adjacent-key
ful	phrase-prefix
fuli	phrase-prefix
fulis	phrase-prefix
fulish	phrase-prefix
fulishi	phrase-prefix
fulishiz	phrase-prefix
fulishizh	phrase-prefix
fulishizha	phrase-prefix
fulishizhan	phrase-prefix
fulishizhang	phrase-full
fum	phrase-prefix
fumi	phrase-prefix
fumia	phrase-prefix
fumian	phrase-full
fun	adjacent-key,phrase-prefix
funv	phrase-prefix
funvz	phrase-prefix
funvzh	phrase-prefix
funvzhi	phrase-prefix
funvzhiq	phrase-prefix
funvzhiqi	phrase-prefix
funvzhiqin	phrase-prefix
funvzhiqing	phrase-full
fuo	adjacent-key,transposed-letters
fur	phrase-prefix
fure	phrase-prefix
furen	phrase-prefix
furenz	phrase-prefix
furenzh	phrase-prefix
furenzhi	phrase-prefix
furenzhir	phrase-prefix
furenzhire	phrase-prefix
furenzhiren	phrase-full
fus	phrase-prefix
fush	phrase-prefix
fushe	phrase-prefix
fushen	phrase-full
fushu	phrase-full
fut	phrase-prefix
futu	phrase-full
fuw	phrase-prefix
fuwo	phrase-full
fux	phrase-prefix
fuxi	phrase-prefix
fuxin	phrase-prefix
fuxing	phrase-prefix
fuxingx	phrase-prefix
fuxingxi	phrase-prefix
fuxingxia	phrase-prefix
fuxingxian	phrase-prefix
fuxingxiang	phrase-full
fuxu	phrase-full
fuy	phrase-prefix
fuya	phrase-prefix
fuyan	phrase-prefix
fuyane	phrase-prefix
fuyaner	phrase-prefix
fuyanerx	phrase-prefix
fuyanerxi	phrase-prefix
fuyanerxie	phrase-full
fuyang	phrase-full
fuyi	phrase-prefix
fuyin	phrase-full
fuyo	phrase-prefix
fuyou	phrase-prefix
fuyouz	phrase-prefix
fuyouzh	phrase-prefix
fuyouzhi	phrase-prefix
fuyouzhiw	phrase-prefix
fuyouzhiwu	phrase-full
fuz	phrase-prefix
fuzh	phrase-prefix
fuzhi	phrase-full
fuzu	phrase-prefix
fuzuo	phrase-full
fw	phrase-initial
fwi	adjacent-key
fwn	adjacent-key
fwng	adjacent-key
fwo	phrase-mixed
fx	phrase-initial
fxie	phrase-mixed
fxingx	phrase-mixed
fxins	phrase-mixed
fxinwzhu	phrase-mixed
fxs	phrase-initial
fxu	phrase-mixed
fxwz	phrase-initial
fxx	phrase-initial
fy	adjacent-key,phrase-initial
fyanexie	phrase-mixed
fyang	phrase-mixed
fyex	phrase-initial
fyin	phrase-mixed
fyouzwu	phrase-mixed
fyzw	phrase-initial
fz	phrase-initial
fzd	phrase-initial
fzhand	phrase-mixed
fzhi	phrase-mixed
fzhoutjiezzhi	phrase-mixed
fztjzz	phrase-initial
fzu	phrase-mixed
fzuo	phrase-mixed
g	adjacent-key,missing-letter,phrase-prefix,syllable,syllable-prefix
ga	adjacent-key,missing-letter,phrase-prefix,syllable,syllable-prefix
gab	adjacent-key
gabg	adjacent-key
gag	missing-letter
gagn	transposed-letters
gai	adjacent-key,missing-letter,phrase-prefix,syllable
gaib	phrase-prefix
gaibu	phrase-full
gaid	phrase-prefix
gaida	phrase-prefix
gaidao	phrase-full
gaig	phrase-prefix
gaigu	phrase-prefix
gaiguo	phrase-full
gail	phrase-prefix
gailv	phrase-full
gaip	phrase-prefix
gaipi	phrase-prefix
gaipia	phrase-prefix
gaipian	phrase-full
gaiz	phrase-prefix
gaizi	phrase-full
gam	adjacent-key
gamg	adjacent-key
gan	adjacent-key,missing-letter,phrase-prefix,syllable,syllable-prefix
ganc	phrase-prefix
ganch	phrase-prefix
gancha	phrase-prefix
ganchan	phrase-prefix
ganchang	phrase-full
ganf	adjacent-key
gang	adjacent-key,missing-letter,phrase-prefix,syllable
gangd	phrase-prefix
gangda	phrase-prefix
gangdan	phrase-full
gangh	phrase-prefix
gangha	phrase-prefix
ganghai	phrase-prefix
ganghaid	phrase-prefix
ganghaidi	phrase-prefix
ganghaidiq	phrase-prefix
ganghaidiqu	phrase-full
gangj	phrase-prefix
gangji	phrase-prefix
gangjin	phrase-full
gangr	phrase-prefix
gangro	phrase-prefix
gangrou	phrase-prefix
gangroub	phrase-prefix
gangroubi	phrase-prefix
gangroubin	phrase-prefix
gangroubing	phrase-prefix
gangroubingj	phrase-prefix
gangroubingji	phrase-full
gangs	phrase-prefix
gangsi	phrase-full
gangu	phrase-prefix
gangua	phrase-prefix
ganguan	phrase-prefix
ganguang	phrase-prefix
ganguangj	phrase-prefix
ganguangji	phrase-full
ganh	adjacent-key
ganw	phrase-prefix
ganwa	phrase-prefix
ganwan	phrase-prefix
ganwang	phrase-full
ganwe	phrase-prefix
ganwei	phrase-full
gany	phrase-prefix
ganyu	phrase-prefix
ganyua	phrase-prefix
ganyuan	phrase-full
ganz	phrase-prefix
ganza	phrase-prefix
ganzai	phrase-full,phrase-prefix
ganzaid	phrase-prefix
ganzaidi	phrase-prefix
ganzaidia	phrase-prefix
ganzaidian	phrase-full
ganzh	phrase-prefix
ganzhe	phrase-prefix
ganzhey	phrase-prefix
ganzheyu	phrase-prefix
ganzheyua	phrase-prefix
ganzheyuan	phrase-full
ganzhez	phrase-prefix
ganzhezh	phrase-prefix
ganzhezha	phrase-full
ganzhezhi	phrase-full
gao	adjacent-key,phrase-prefix,syllable
gaob	phrase-prefix
gaobi	phrase-prefix
gaobin	phrase-prefix
gaobing	phrase-prefix
gaobingd	phrase-prefix
gaobingdi	phrase-prefix
gaobingdia	phrase-prefix
gaobingdian	phrase-full
gaof	phrase-prefix
gaofe	phrase-prefix
gaofei	phrase-prefix
gaofeiy	phrase-prefix
gaofeiyu	phrase-prefix
gaofeiyua	phrase-prefix
gaofeiyuan	phrase-prefix
gaofeiyuanz	phrase-prefix
gaofeiyuanzo	phrase-prefix
gaofeiyuanzou	phrase-full
gaofen	phrase-prefix
gaofeng	phrase-prefix
gaofengk	phrase-prefix
gaofengku	phrase-prefix
gaofengkuj	phrase-prefix
gaofengkuji	phrase-prefix
gaofengkujie	phrase-full
gaol	phrase-prefix
gaoli	phrase-prefix
gaolia	phrase-prefix
gaoliao	phrase-full
gaos	phrase-prefix
gaosh	phrase-prefix
gaosho	phrase-prefix
gaoshou	phrase-full
gaox	phrase-prefix
gaoxi	phrase-prefix
gaoxie	phrase-prefix
gaoxiet	phrase-prefix
gaoxieta	phrase-prefix
gaoxietan	phrase-prefix
gaoxietang	phrase-prefix
gaoxietangz	phrase-prefix
gaoxietangzh	phrase-prefix
gaoxietangzhe	phrase-prefix
gaoxietangzhen	phrase-prefix
gaoxietangzheng	phrase-full
gaoxiez	phrase-prefix
gaoxiezh	phrase-prefix
gaoxiezhi	phrase-prefix
gaoxiezhif	phrase-prefix
gaoxiezhifa	phrase-prefix
gaoxiezhifan	phrase-prefix
gaoxiezhifang	phrase-prefix
gaoxiezhifangz	phrase-prefix
gaoxiezhifangzh	phrase-prefix
gaoxiezhifangzhe	phrase-prefix
gaoxiezhifangzhen	phrase-prefix
gaoxiezhifangzheng	phrase-full
gaoxin	phrase-prefix
gaoxing	phrase-prefix
gaoxingq	phrase-prefix
gaoxingqi	phrase-prefix
gaoxingqil	phrase-prefix
gaoxingqila	phrase-prefix
gaoxingqilai	phrase-full
gaoxu	phrase-prefix
gaoxua	phrase-prefix
gaoxuan	phrase-prefix
gaoxuanq	phrase-prefix
gaoxuanqi	phrase-prefix
gaoxuanqin	phrase-prefix
gaoxuanqinj	phrase-prefix
gaoxuanqinji	phrase-prefix
gaoxuanqinjin	phrase-prefix
gaoxuanqinjing	phrase-full
gaoz	phrase-prefix
gaozh	phrase-prefix
gaozhe	phrase-prefix
gaozhen	phrase-prefix
gaozhenw	phrase-prefix
gaozhenwu	phrase-prefix
gaozhenwuy	phrase-prefix
gaozhenwuyo	phrase-prefix
gaozhenwuyou	phrase-full
gap	adjacent-key
gau	adjacent-key,transposed-letters
gaui	transposed-letters
gaun	transposed-letters
gaung	transposed-letters
gb	phrase-initial
gbd	phrase-initial
gben	phrase-mixed
gbingd	phrase-mixed
gbingp	phrase-mixed
gbl	phrase-initial
gbn	phrase-initial
gbo	phrase-mixed
gbp	phrase-initial
gbu	phrase-mixed
gbul	phrase-mixed
gbun	phrase-mixed
gc	phrase-initial
gcha	phrase-mixed
gchang	phrase-mixed
gchas	phrase-mixed
gcheng	phrase-mixed
gci	phrase-mixed
gcs	phrase-initial
gd	phrase-initial
gda	phrase-mixed
gdan	phrase-mixed
gdao	phrase-mixed
ge	adjacent-key,missing-letter,phrase-initial,phrase-prefix,syllable,syllable-prefix
geb	adjacent-key,phrase-prefix
gebg	adjacent-key
gebu	phrase-prefix
gebul	phrase-prefix
gebuli	phrase-prefix
gebulin	phrase-full
gec	phrase-prefix
gech	phrase-prefix
geche	phrase-prefix
gechen	phrase-prefix
gecheng	phrase-full
gee	phrase-prefix
geer	phrase-full
geg	missing-letter
gegn	transposed-letters
gei	adjacent-key,syllable
gek	phrase-prefix
geku	phrase-prefix
gekui	phrase-full
gem	adjacent-key
gemg	adjacent-key
gen	adjacent-key,missing-letter,phrase-prefix,syllable,syllable-prefix
genf	adjacent-key
geng	adjacent-key,phrase-prefix,syllable
gengm	phrase-prefix
gengme	phrase-prefix
gengmei	phrase-prefix
gengmeiy	phrase-prefix
gengmeiyo	phrase-prefix
gengmeiyou	phrase-full
gengp	phrase-prefix
gengpu	phrase-prefix
gengpun	phrase-prefix
gengpuna	phrase-prefix
gengpunan	phrase-prefix
gengpunans	phrase-prefix
gengpunansh	phrase-prefix
gengpunanshu	phrase-full
gengy	phrase-prefix
gengyi	phrase-full
gengyu	phrase-prefix
gengyun	phrase-full
gengz	phrase-prefix
gengzh	phrase-prefix
gengzhi	phrase-full
genh	adjacent-key
geni	phrase-prefix
genis	phrase-prefix
genisi	phrase-prefix
genisip	phrase-prefix
genisipa	phrase-prefix
genisipai	phrase-prefix
genisipait	phrase-prefix
genisipaite	phrase-prefix
genisipaitel	phrase-prefix
genisipaitelu	phrase-prefix
genisipaiteluo	phrase-full
geo	adjacent-key
ger	phrase-mixed
gerx	phrase-mixed
ges	phrase-prefix
gesh	phrase-prefix
gesha	phrase-prefix
geshaw	phrase-prefix
geshawu	phrase-prefix
geshawul	phrase-prefix
geshawulu	phrase-prefix
geshawulun	phrase-full
geshe	phrase-prefix
geshen	phrase-prefix
gesheng	phrase-full
gesi	phrase-prefix
gesid	phrase-prefix
gesida	phrase-prefix
gesidal	phrase-prefix
gesidali	phrase-prefix
gesidalij	phrase-prefix
gesidaliji	phrase-prefix
gesidalijia	phrase-full
geso	phrase-prefix
geson	phrase-prefix
gesong	phrase-full
geu	adjacent-key
gex	phrase-initial
gey	phrase-prefix
geyo	phrase-prefix
geyou	phrase-prefix
geyous	phrase-prefix
geyousu	phrase-prefix
geyousuo	phrase-prefix
geyousuoc	phrase-prefix
geyousuoch	phrase-prefix
geyousuocha	phrase-prefix
geyousuochan	phrase-prefix
geyousuochang	phrase-full
gez	phrase-prefix
geza	phrase-prefix
gezai	phrase-full,phrase-prefix
gezaix	phrase-prefix
gezaixi	phrase-full
gfeiyzou	phrase-mixed
gfengkjie	phrase-mixed
gfkj	phrase-initial
gfyz	phrase-initial
gg	phrase-initial
ggaos	phrase-mixed
ggdhk	phrase-initial
ggj	phrase-initial
ggong	phrase-mixed
ggongdhuak	phrase-mixed
ggs	phrase-initial
gguangj	phrase-mixed
gguo	phrase-mixed
gh	phrase-initial
ghaidqu	phrase-mixed
ghc	phrase-initial
ghdq	phrase-initial
ghen	phrase-mixed
ghua	phrase-mixed
ghuac	phrase-mixed
gi	adjacent-key,missing-letter
gia	adjacent-key,transposed-letters
giai	adjacent-key
gian	adjacent-key
giang	adjacent-key
giao	adjacent-key
gie	transposed-letters
gii	adjacent-key
gin	adjacent-key
ging	adjacent-key
gio	adjacent-key
giu	adjacent-key,transposed-letters
gj	phrase-initial
gjia	phrase-mixed
gjiaj	phrase-mixed
gjiazdu	phrase-mixed
gjimyi	phrase-mixed
gjin	phrase-mixed
gjiz	phrase-mixed
gjj	phrase-initial
gjmy	phrase-initial
gjue	phrase-mixed
gjz	phrase-initial
gjzd	phrase-initial
gk	phrase-initial
gkaix	phrase-mixed
gkui	phrase-mixed
gkx	phrase-initial
gl	phrase-initial
glair	phrase-mixed
gle	phrase-mixed
glfd	phrase-initial
gli	phrase-mixed
glian	phrase-mixed
gliao	phrase-mixed
gliaoq	phrase-mixed
glisery	phrase-mixed
glixxiao	phrase-mixed
glq	phrase-initial
glr	phrase-initial
glsey	phrase-initial
glv	phrase-mixed
glvfda	phrase-mixed
glxx	phrase-initial
gm	phrase-initial
gmeiy	phrase-mixed
gming	phrase-mixed
gmo	phrase-mixed
gmsz	phrase-initial
gmu	phrase-mixed
gmuszhi	phrase-mixed
gmy	phrase-initial
gn	missing-letter,phrase-initial
gna	transposed-letters
gnag	transposed-letters
gnan	phrase-mixed
gne	transposed-letters
gneg	transposed-letters
gng	missing-letter
gnispaitluo	phrase-mixed
gnog	transposed-letters
gnsptl	phrase-initial
gnu	transposed-letters
go	adjacent-key,missing-letter,phrase-prefix,syllable-prefix
goa	transposed-letters
gobg	adjacent-key
gog	missing-letter
gogn	transposed-letters
goi	adjacent-key
gomg	adjacent-key
gon	missing-letter,phrase-prefix,syllable-prefix
gonf	adjacent-key
gong	adjacent-key,phrase-prefix,syllable
gongb	phrase-prefix
gongbi	phrase-prefix
gongbin	phrase-prefix
gongbing	phrase-prefix
gongbingp	phrase-prefix
gongbingpa	phrase-prefix
gongbingpai	phrase-full
gongg	phrase-prefix
gonggo	phrase-prefix
gonggon	phrase-prefix
gonggong	phrase-prefix
gonggongd	phrase-prefix
gonggongdi	phrase-prefix
gonggongdia	phrase-prefix
gonggongdian	phrase-prefix
gonggongdianh	phrase-prefix
gonggongdianhu	phrase-prefix
gonggongdianhua	phrase-prefix
gonggongdianhuak	phrase-prefix
gonggongdianhuaka	phrase-full
gongj	phrase-prefix
gongji	phrase-prefix
gongjia	phrase-prefix
gongjiaj	phrase-prefix
gongjiaji	phrase-prefix
gongjiajia	phrase-prefix
gongjiajian	phrase-full
gongjiz	phrase-prefix
gongjizh	phrase-prefix
gongjizhi	phrase-full
gongju	phrase-prefix
gongjue	phrase-full
gongk	phrase-prefix
gongka	phrase-prefix
gongkai	phrase-prefix
gongkaix	phrase-prefix
gongkaixi	phrase-prefix
gongkaixin	phrase-prefix
gongkaixing	phrase-full
gongl	phrase-prefix
gongli	phrase-prefix
gonglia	phrase-prefix
gonglian	phrase-full
gongliao	phrase-prefix
gongliaoq	phrase-prefix
gongliaoqu	phrase-full
gonglix	phrase-prefix
gonglixu	phrase-prefix
gonglixue	phrase-prefix
gonglixuex	phrase-prefix
gonglixuexi	phrase-prefix
gonglixuexia	phrase-prefix
gonglixuexiao	phrase-full
gonglv	phrase-prefix
gonglvf	phrase-prefix
gonglvfa	phrase-prefix
gonglvfan	phrase-prefix
gonglvfang	phrase-prefix
gonglvfangd	phrase-prefix
gonglvfangda	phrase-full
gongm	phrase-prefix
gongmu	phrase-full
gongq	phrase-prefix
gongqu	phrase-full
gongs	phrase-prefix
gongsh	phrase-prefix
gongsha	phrase-prefix
gongshan	phrase-prefix
gongshang	phrase-prefix
gongshangy	phrase-prefix
gongshangye	phrase-prefix
gongshangyej	phrase-prefix
gongshangyeji	phrase-prefix
gongshangyejie	phrase-full
gongsi	phrase-prefix
gongsih	phrase-prefix
gongsihu	phrase-prefix
gongsihuo	phrase-full
gongx	phrase-prefix
gongxu	phrase-prefix
gongxup	phrase-prefix
gongxupi	phrase-prefix
gongxupin	phrase-prefix
gongxuping	phrase-prefix
gongxupingh	phrase-prefix
gongxupinghe	phrase-prefix
gongxupinghen	phrase-prefix
gongxupingheng	phrase-full
gongy	phrase-prefix
gongya	phrase-prefix
gongyan	phrase-prefix
gongyang	phrase-full
gongz	phrase-prefix
gongzh	phrase-prefix
gongzhe	phrase-prefix
gongzhey	phrase-prefix
gongzheya	phrase-prefix
gongzheyao	phrase-full
gonh	adjacent-key
gou	adjacent-key,phrase-prefix,syllable,transposed-letters
goub	phrase-prefix
goubu	phrase-prefix
goubun	phrase-prefix
goubune	phrase-prefix
goubunen	phrase-prefix
goubuneng	phrase-full
gous	phrase-prefix
goush	phrase-prefix
goushi	phrase-full
goux	phrase-prefix
gouxi	phrase-prefix
gouxia	phrase-prefix
gouxiao	phrase-full
gouxu	phrase-full
gouz	phrase-prefix
gouza	phrase-prefix
gouzao	phrase-full
goy	adjacent-key
gp	phrase-initial
gpai	phrase-mixed
gpaixying	phrase-mixed
gpian	phrase-mixed
gpng	adjacent-key
gpns	phrase-initial
gpu	adjacent-key
gpunshu	phrase-mixed
gpxy	phrase-initial
gq	phrase-initial
gqi	phrase-mixed
gqu	phrase-mixed
gquanxnai	phrase-mixed
gqxn	phrase-initial
gr	adjacent-key,phrase-initial
granz	phrase-mixed
grbj	phrase-initial
gri	adjacent-key
grn	adjacent-key
grng	adjacent-key
groubji	phrase-mixed
gru	phrase-mixed
grz	phrase-initial
gs	adjacent-key,phrase-initial
gsdlj	phrase-initial
gsh	phrase-initial
gshangyjie	phrase-mixed
gshawlun	phrase-mixed
gsheng	phrase-mixed
gshi	phrase-mixed
gshou	phrase-mixed
gshuij	phrase-mixed
gshuy	phrase-mixed
gsi	adjacent-key,phrase-mixed
gsidlij	phrase-mixed
gsih	phrase-mixed
gsj	phrase-initial
gsn	adjacent-key
gsng	adjacent-key
gso	adjacent-key
gsong	phrase-mixed
gsui	phrase-mixed
gswl	phrase-initial
gsy	phrase-initial
gsyj	phrase-initial
gt	phrase-initial
gtad	phrase-mixed
gtao	phrase-mixed
gtd	phrase-initial
gtongs	phrase-mixed
gts	phrase-initial
gu	adjacent-key,missing-letter,phrase-prefix,syllable,syllable-prefix
gua	adjacent-key,missing-letter,phrase-prefix,syllable,syllable-prefix
guab	adjacent-key
guabg	adjacent-key
guag	missing-letter
guagn	transposed-letters
guah	phrase-prefix
guahe	phrase-prefix
guahen	phrase-full
guai	adjacent-key,phrase-prefix,syllable
guail	phrase-prefix
guaile	phrase-full
guaix	phrase-prefix
guaixi	phrase-prefix
guaixia	phrase-prefix
guaixial	phrase-prefix
guaixiala	phrase-prefix
guaixialai	phrase-full
guaiz	phrase-prefix
guaizo	phrase-prefix
guaizou	phrase-full
gual	phrase-prefix
guali	phrase-prefix
gualia	phrase-prefix
gualian	phrase-full
guam	adjacent-key,phrase-prefix
guamg	adjacent-key
guamu	phrase-prefix
guamus	phrase-prefix
guamush	phrase-prefix
guamushi	phrase-prefix
guamushiz	phrase-prefix
guamushizh	phrase-prefix
guamushizhi	phrase-full
guan	adjacent-key,missing-letter,phrase-prefix,syllable,syllable-prefix
guanc	phrase-prefix
guanch	phrase-prefix
guancha	phrase-full,phrase-prefix
guanchas	phrase-prefix
guanchasu	phrase-prefix
guanchasuo	phrase-full
guanf	adjacent-key
guang	adjacent-key,phrase-prefix,syllable
guangb	phrase-prefix
guangbo	phrase-full
guangd	phrase-prefix
guangda	phrase-full
guangg	phrase-prefix
guangga	phrase-prefix
guanggao	phrase-prefix
guanggaos	phrase-prefix
guanggaosh	phrase-prefix
guanggaosha	phrase-prefix
guanggaoshan	phrase-prefix
guanggaoshang	phrase-full
guangl	phrase-prefix
guangle	phrase-full
guango	phrase-prefix
guangon	phrase-prefix
guangong	phrase-full
guangq	phrase-prefix
guangqu	phrase-prefix
guangqua	phrase-prefix
guangquan	phrase-prefix
guangquanx	phrase-prefix
guangquanxi	phrase-prefix
guangquanxia	phrase-prefix
guangquanxian	phrase-prefix
guangquanxiann	phrase-prefix
guangquanxianna	phrase-prefix
guangquanxiannai	phrase-full
guangu	phrase-prefix
guangua	phrase-prefix
guanguan	phrase-prefix
guanguang	phrase-prefix
guanguangj	phrase-prefix
guanguangju	phrase-full
guangw	phrase-prefix
guangwu	phrase-prefix
guangwug	phrase-prefix
guangwugu	phrase-prefix
guangwuguo	phrase-prefix
guangwuguox	phrase-prefix
guangwuguoxi	phrase-prefix
guangwuguoxia	phrase-prefix
guangwuguoxiao	phrase-full
guangx	phrase-prefix
guangxu	phrase-prefix
guangxue	phrase-prefix
guangxueb	phrase-prefix
guangxuebo	phrase-prefix
guangxuebol	phrase-prefix
guangxueboli	phrase-full
guangxun	phrase-prefix
guangxuni	phrase-prefix
guangxunia	phrase-prefix
guangxunian	phrase-prefix
guangxunianj	phrase-prefix
guangxunianji	phrase-prefix
guangxunianjia	phrase-prefix
guangxunianjian	phrase-full
guanh	adjacent-key
guanj	phrase-prefix
guanji	phrase-prefix
guanjia	phrase-full
guanm	phrase-prefix
guanmi	phrase-prefix
guanmin	phrase-prefix
guanming	phrase-full
guanq	phrase-prefix
guanqi	phrase-full
guant	phrase-prefix
guanta	phrase-prefix
guantad	phrase-prefix
guantade	phrase-full
guantao	phrase-full
guanx	phrase-prefix
guanxi	phrase-prefix
guanxir	phrase-prefix
guanxire	phrase-prefix
guanxiren	phrase-full
guanz	phrase-prefix
guanzh	phrase-prefix
guanzhu	phrase-prefix
guanzhua	phrase-prefix
guanzhuan	phrase-prefix
guanzhuang	phrase-full,phrase-prefix
guanzhuangb	phrase-prefix
guanzhuangbi	phrase-prefix
guanzhuangbin	phrase-prefix
guanzhuangbing	phrase-prefix
guanzhuangbingd	phrase-prefix
guanzhuangbingdu	phrase-full
guao	adjacent-key
guau	adjacent-key
gub	adjacent-key,phrase-prefix
gube	phrase-prefix
guben	phrase-full
guc	phrase-prefix
guci	phrase-full
gud	phrase-prefix
guda	phrase-prefix
gudao	phrase-full
guh	phrase-prefix
guhu	phrase-prefix
guhua	phrase-full
gui	adjacent-key,missing-letter,phrase-prefix,syllable
guia	transposed-letters
guih	phrase-prefix
guihu	phrase-prefix
guihua	phrase-full,phrase-prefix
guihuac	phrase-prefix
guihuach	phrase-prefix
guihuacha	phrase-full
guim	phrase-prefix
guimo	phrase-full
guis	phrase-prefix
guisu	phrase-prefix
guisui	phrase-full
guiy	phrase-prefix
guiya	phrase-prefix
guiyan	phrase-prefix
guiyang	phrase-full
gul	phrase-prefix
guli	phrase-full
gum	adjacent-key,phrase-prefix
gumi	phrase-prefix
gumin	phrase-prefix
guming	phrase-full
gun	adjacent-key,missing-letter,syllable
guna	transposed-letters
gunag	transposed-letters
gung	missing-letter
guo	adjacent-key,phrase-prefix,syllable,transposed-letters
guoe	phrase-prefix
guoer	phrase-prefix
guoerx	phrase-prefix
guoerxi	phrase-prefix
guoerxia	phrase-full
guog	phrase-prefix
guogo	phrase-prefix
guogon	phrase-prefix
guogong	phrase-full
guoj	phrase-prefix
guoji	phrase-prefix
guojia	phrase-prefix
guojiaz	phrase-prefix
guojiazh	phrase-prefix
guojiazhi	phrase-prefix
guojiazhid	phrase-prefix
guojiazhidu	phrase-full
guojim	phrase-prefix
guojima	phrase-prefix
guojimao	phrase-prefix
guojimaoy	phrase-prefix
guojimaoyi	phrase-full
guol	phrase-prefix
guola	phrase-prefix
guolai	phrase-prefix
guolair	phrase-prefix
guolaire	phrase-prefix
guolairen	phrase-full
guoli	phrase-prefix
guolis	phrase-prefix
guolish	phrase-prefix
guolishi	phrase-prefix
guolishie	phrase-prefix
guolishier	phrase-prefix
guolishiery	phrase-prefix
guolishieryu	phrase-prefix
guolishieryue	phrase-full
guon	phrase-prefix
guona	phrase-prefix
guonan	phrase-full
guoq	phrase-prefix
guoqi	phrase-full
guor	phrase-prefix
guora	phrase-prefix
guoran	phrase-prefix
guoranz	phrase-prefix
guoranza	phrase-prefix
guoranzai	phrase-full
guoru	phrase-full
guos	phrase-prefix
guosh	phrase-prefix
guoshu	phrase-prefix
guoshui	phrase-prefix
guoshuij	phrase-prefix
guoshuiju	phrase-full
guoshuy	phrase-prefix
guoshuya	phrase-prefix
guoshuyao	phrase-full
guoz	phrase-prefix
guozh	phrase-prefix
guozha	phrase-prefix
guozhai	phrase-full
gup	adjacent-key,phrase-prefix
gupa	phrase-prefix
gupai	phrase-full,phrase-prefix
gupaix	phrase-prefix
gupaixi	phrase-prefix
gupaixia	phrase-prefix
gupaixiao	phrase-prefix
gupaixiaoy	phrase-prefix
gupaixiaoyi	phrase-prefix
gupaixiaoyin	phrase-prefix
gupaixiaoying	phrase-full
gus	adjacent-key
gusi	adjacent-key
gusn	adjacent-key
gusng	adjacent-key
gut	phrase-prefix
guto	phrase-prefix
guton	phrase-prefix
gutong	phrase-prefix
gutongs	phrase-prefix
gutongse	phrase-full
guu	adjacent-key
guw	phrase-prefix
guwe	phrase-prefix
guwen	phrase-prefix
guwent	phrase-prefix
guwenti	phrase-full
guy	phrase-prefix
guyu	phrase-prefix
guyua	phrase-prefix
guyuan	phrase-prefix
guyuanz	phrase-prefix
guyuanzh	phrase-prefix
guyuanzha	phrase-prefix
guyuanzhan	phrase-prefix
guyuanzhang	phrase-full
gw	adjacent-key,phrase-initial
gwang	phrase-mixed
gwei	phrase-mixed
gwent	phrase-mixed
gwgx	phrase-initial
gwi	adjacent-key
gwn	adjacent-key
gwng	adjacent-key
gwt	phrase-initial
gwugxiao	phrase-mixed
gx	phrase-initial
gxbl	phrase-initial
gxial	phrase-mixed
gxiao	phrase-mixed
gxietzheng	phrase-mixed
gxiezfangz	phrase-mixed
gxingqlai	phrase-mixed
gxir	phrase-mixed
gxl	phrase-initial
gxnj	phrase-initial
gxph	phrase-initial
gxqj	phrase-initial
gxql	phrase-initial
gxr	phrase-initial
gxtz	phrase-initial
gxu	phrase-mixed
gxuanqjing	phrase-mixed
gxuebli	phrase-mixed
gxunjian	phrase-mixed
gxupheng	phrase-mixed
gxzfz	phrase-initial
gy	adjacent-key,phrase-initial
gya	adjacent-key
gyai	adjacent-key
gyan	adjacent-key
gyang	adjacent-key,phrase-mixed
gyi	adjacent-key,phrase-mixed
gyn	adjacent-key
gyo	adjacent-key
gyouschang	phrase-mixed
gysc	phrase-initial
gyuan	phrase-mixed
gyuanz	phrase-mixed
gyun	phrase-mixed
gyz	phrase-initial
gz	phrase-initial
gzai	phrase-mixed
gzaid	phrase-mixed
gzaix	phrase-mixed
gzao	phrase-mixed
gzbd	phrase-initial
gzd	phrase-initial
gzhai	phrase-mixed
gzhenwyou	phrase-mixed
gzhey	phrase-mixed
gzhez	phrase-mixed
gzhi	phrase-mixed
gzhuang	phrase-mixed
gzhuangbdu	phrase-mixed
gzi	phrase-mixed
gzou	phrase-mixed
gzwy	phrase-initial
gzx	phrase-initial
gzy	phrase-initial
gzz	phrase-initial
h	adjacent-key,missing-letter,phrase-prefix,syllable,syllable-prefix
ha	adjacent-key,missing-letter,phrase-initial,phrase-prefix,syllable,syllable-prefix
hab	adjacent-key
habg	adjacent-key
hag	missing-letter
hagl	phrase-initial
hagn	transposed-letters
hai	adjacent-key,missing-letter,phrase-prefix,syllable
haia	phrase-prefix
haian	phrase-prefix
haiang	phrase-prefix
haiango	phrase-prefix
haiangon	phrase-prefix
haiangong	phrase-prefix
haiangongl	phrase-prefix
haiangonglu	phrase-full
haic	phrase-prefix
haich	phrase-prefix
haicho	phrase-prefix
haichon	phrase-prefix
haichong	phrase-full
haid	phrase-prefix
haide	phrase-full
haij	phrase-prefix
haiji	phrase-prefix
haijin	phrase-prefix
haijing	phrase-full
hain	phrase-prefix
haina	phrase-prefix
hainan	phrase-full
haiw	phrase-prefix
haiwe	phrase-prefix
haiwei	phrase-full
haiy	phrase-prefix
haiyu	phrase-prefix
haiyun	phrase-full
ham	adjacent-key
hamg	adjacent-key
han	adjacent-key,missing-letter,phrase-mixed,phrase-prefix,syllable,syllable-prefix
hand	phrase-prefix
handa	phrase-prefix
handai	phrase-full
hanf	adjacent-key
hang	adjacent-key,missing-letter,phrase-prefix,syllable
hangk	phrase-prefix
hangko	phrase-prefix
hangkon	phrase-prefix
hangkong	phrase-prefix
hangkongj	phrase-prefix
hangkongji	phrase-prefix
hangkongjia	phrase-prefix
hangkongjian	phrase-full
hanglu	phrase-mixed
hangx	phrase-prefix
hangxi	phrase-prefix
hangxia	phrase-prefix
hangxian	phrase-full
hanh	adjacent-key,phrase-prefix
hanhu	phrase-prefix
hanhun	phrase-prefix
hanhunb	phrase-prefix
hanhunbu	phrase-prefix
hanhunbuq	phrase-prefix
hanhunbuqi	phrase-prefix
hanhunbuqin	phrase-prefix
hanhunbuqing	phrase-full
hanm	phrase-prefix
hanma	phrase-prefix
hanmao	phrase-full
hans	phrase-prefix
hansh	phrase-prefix
hansha	phrase-prefix
hanshan	phrase-prefix
hanshans	phrase-prefix
hanshansi	phrase-full
hanshi	phrase-full
hany	phrase-prefix
hanyu	phrase-prefix
hanyua	phrase-prefix
hanyuan	phrase-full
hanz	phrase-prefix
hanzh	phrase-prefix
hanzhe	phrase-prefix
hanzhen	phrase-prefix
hanzhenz	phrase-prefix
hanzhenzh	phrase-prefix
hanzhenzhi	phrase-prefix
hanzhenzhik	phrase-prefix
hanzhenzhike	phrase-full
hao	adjacent-key,missing-letter,phrase-prefix,syllable
haob	phrase-prefix
haobu	phrase-full,phrase-prefix
haobut	phrase-prefix
haobutu	phrase-prefix
haobutuo	phrase-prefix
haobutuox	phrase-prefix
haobutuoxi	phrase-prefix
haobutuoxie	phrase-full
haop	phrase-prefix
haopa	phrase-prefix
haopai	phrase-full
haos	phrase-prefix
haosh	phrase-prefix
haoshi	phrase-prefix
haoshid	phrase-prefix
haoshidu	phrase-prefix
haoshiduo	phrase-prefix
haoshiduoq	phrase-prefix
haoshiduoqi	phrase-prefix
haoshiduoqia	phrase-prefix
haoshiduoqian	phrase-full
haosi	phrase-full
hap	adjacent-key
haq	phrase-prefix
haqi	phrase-prefix
haqia	phrase-prefix
haqian	phrase-full
hau	adjacent-key,transposed-letters
haui	transposed-letters
haun	transposed-letters
haung	transposed-letters
hb	phrase-initial
hbany	phrase-mixed
hbanzyu	phrase-mixed
hbing	phrase-mixed
hbqf	phrase-initial
hbtx	phrase-initial
hbu	phrase-mixed
hbuqfan	phrase-mixed
hbutxie	phrase-mixed
hby	phrase-initial
hbzy	phrase-initial
hc	phrase-initial
hca	transposed-letters
hcai	transposed-letters
hcan	transposed-letters
hcang	transposed-letters
hcao	transposed-letters
hce	transposed-letters
hcen	transposed-letters
hceng	transposed-letters
hche	phrase-mixed
hchengt	phrase-mixed
hchi	phrase-mixed
hchong	phrase-mixed
hchul	phrase-mixed
hci	phrase-mixed,transposed-letters
hcl	phrase-initial
hcong	transposed-letters
hcou	transposed-letters
hct	phrase-initial
hcu	transposed-letters
hcua	transposed-letters
hcuai	transposed-letters
hcuan	transposed-letters
hcuang	transposed-letters
hcui	transposed-letters
hcun	transposed-letters
hcuo	transposed-letters
hd	phrase-initial
hdai	phrase-mixed
hdannrou	phrase-mixed
hdcg	phrase-initial
hde	phrase-mixed
hdegxiao	phrase-mixed
hdgx	phrase-initial
hdiecgu	phrase-mixed
hding	phrase-mixed
hdnr	phrase-initial
hdou	phrase-mixed
he	adjacent-key,missing-letter,phrase-initial,phrase-mixed,phrase-prefix,syllable,syllable-prefix
heb	adjacent-key
hebg	adjacent-key
hec	phrase-prefix
hech	phrase-prefix
heche	phrase-prefix
hechen	phrase-prefix
hecheng	phrase-prefix
hechengt	phrase-prefix
hechengti	phrase-full
hechi	phrase-full
heci	phrase-full
hed	phrase-prefix
hedi	phrase-prefix
hedin	phrase-prefix
heding	phrase-full
hef	phrase-prefix
hefa	phrase-prefix
hefan	phrase-prefix
hefang	phrase-full
heg	missing-letter,phrase-prefix
hega	phrase-prefix
hegai	phrase-full
hegn	transposed-letters
hei	adjacent-key,missing-letter,phrase-prefix,syllable
heid	phrase-prefix
heido	phrase-prefix
heidou	phrase-full
heim	phrase-prefix
heimi	phrase-prefix
heimia	phrase-prefix
heimian	phrase-prefix
heimianp	phrase-prefix
heimianpi	phrase-prefix
heimianpil	phrase-prefix
heimianpilu	phrase-full
heit	phrase-prefix
heita	phrase-prefix
heitao	phrase-full
hej	phrase-prefix
heji	phrase-prefix
hejie	phrase-full
hel	phrase-prefix
hela	phrase-prefix
helan	phrase-prefix
helanr	phrase-prefix
helanre	phrase-prefix
helanren	phrase-full
hem	adjacent-key
hemg	adjacent-key
hen	adjacent-key,missing-letter,phrase-prefix,syllable,syllable-prefix
henf	adjacent-key
heng	adjacent-key,missing-letter,phrase-prefix,syllable
hengm	phrase-prefix
hengme	phrase-prefix
hengmei	phrase-prefix
hengmeid	phrase-prefix
hengmeide	phrase-prefix
hengmeiden	phrase-prefix
hengmeideng	phrase-prefix
hengmeidengy	phrase-prefix
hengmeidengya	phrase-prefix
hengmeidengyan	phrase-full
henh	adjacent-key
heny	phrase-prefix
henyo	phrase-prefix
henyou	phrase-full
heo	adjacent-key
hes	phrase-prefix
hesh	phrase-prefix
heshi	phrase-prefix
heshil	phrase-prefix
heshila	phrase-prefix
heshilao	phrase-full
heu	adjacent-key
hew	phrase-prefix
hewe	phrase-prefix
hewei	phrase-prefix
heweig	phrase-prefix
heweigu	phrase-prefix
heweigui	phrase-full
hey	phrase-prefix
heyi	phrase-full,phrase-prefix
heyin	phrase-full
hez	phrase-prefix
hezi	phrase-prefix
hezid	phrase-prefix
hezido	phrase-prefix
hezidon	phrase-prefix
hezidong	phrase-prefix
hezidongl	phrase-prefix
hezidongli	phrase-prefix
hezidongliq	phrase-prefix
hezidongliqi	phrase-prefix
hezidongliqia	phrase-prefix
hezidongliqian	phrase-prefix
hezidongliqiant	phrase-prefix
hezidongliqianti	phrase-prefix
hezidongliqiantin	phrase-prefix
hezidongliqianting	phrase-full
heziq	phrase-prefix
heziqi	phrase-prefix
heziqia	phrase-prefix
heziqian	phrase-prefix
heziqiant	phrase-prefix
heziqianti	phrase-prefix
heziqiantin	phrase-prefix
heziqianting	phrase-full
hf	phrase-initial
hfang	phrase-mixed
hfen	phrase-mixed
hfu	phrase-mixed
hg	phrase-initial
hgai	phrase-mixed
hge	phrase-mixed
hgl	phrase-initial
hgongx	phrase-mixed
hguol	phrase-mixed
hgx	phrase-initial
hh	phrase-initial
hhang	phrase-mixed
hhao	phrase-mixed
hhb	phrase-initial
hhbq	phrase-initial
hhei	phrase-mixed
hhejgou	phrase-mixed
hhjg	phrase-initial
hhuab	phrase-mixed
hhunbqing	phrase-mixed
hi	adjacent-key,missing-letter
hia	adjacent-key,transposed-letters
hiai	adjacent-key
hian	adjacent-key
hiang	adjacent-key
hiao	adjacent-key
hie	adjacent-key,transposed-letters
hii	adjacent-key
hin	adjacent-key
hing	adjacent-key
hio	adjacent-key
hiong	adjacent-key
hiu	adjacent-key,transposed-letters
hj	phrase-initial
hjiangj	phrase-mixed
hjiao	phrase-mixed
hjie	phrase-mixed
hjing	phrase-mixed
hjj	phrase-initial
hkaolchi	phrase-mixed
hkj	phrase-initial
hklc	phrase-initial
hkongj	phrase-mixed
hl	phrase-initial
hlanr	phrase-mixed
hle	phrase-mixed
hli	phrase-mixed
hlpybqq	phrase-initial
hlr	phrase-initial
hluopyangbquanq	phrase-mixed
hm	phrase-initial
hmao	phrase-mixed
hmdy	phrase-initial
hmeidyan	phrase-mixed
hmeix	phrase-mixed
hmianplu	phrase-mixed
hmpl	phrase-initial
hmx	phrase-initial
hn	missing-letter,phrase-initial
hna	transposed-letters
hnag	transposed-letters
hnan	phrase-mixed
hne	transposed-letters
hneg	transposed-letters
hng	missing-letter
hnog	transposed-letters
hnu	transposed-letters
ho	missing-letter,phrase-prefix,syllable-prefix
hoa	transposed-letters
hobg	adjacent-key
hog	missing-letter
hogn	transposed-letters
hoi	adjacent-key
homg	adjacent-key
hon	missing-letter,phrase-prefix,syllable-prefix
honf	adjacent-key
hong	adjacent-key,missing-letter,phrase-prefix,syllable
hongc	phrase-prefix
hongch	phrase-prefix
hongchu	phrase-prefix
hongchul	phrase-prefix
hongchula	phrase-prefix
hongchulai	phrase-full
hongs	phrase-prefix
hongsh	phrase-prefix
hongsha	phrase-prefix
hongshao	phrase-prefix
hongshaor	phrase-prefix
hongshaoro	phrase-prefix
hongshaorou	phrase-full
hongx	phrase-prefix
hongxu	phrase-prefix
hongxun	phrase-full
hongz	phrase-prefix
hongzh	phrase-prefix
hongzhi	phrase-full
honh	adjacent-key
hou	adjacent-key,missing-letter,phrase-prefix,syllable,transposed-letters
houb	phrase-prefix
houba	phrase-prefix
houban	phrase-prefix
houbany	phrase-prefix
houbanye	phrase-full
houd	phrase-prefix
houde	phrase-prefix
houdeg	phrase-prefix
houdegu	phrase-prefix
houdeguo	phrase-prefix
houdeguox	phrase-prefix
houdeguoxi	phrase-prefix
houdeguoxia	phrase-prefix
houdeguoxiao	phrase-full
houf	phrase-prefix
houfe	phrase-prefix
houfen	phrase-full
hout	phrase-prefix
houto	phrase-prefix
houtou	phrase-full
houtu	phrase-prefix
houtui	phrase-full
houw	phrase-prefix
houwa	phrase-prefix
houwan	phrase-prefix
houwang	phrase-full
houz	phrase-prefix
houzh	phrase-prefix
houzha	phrase-prefix
houzhao	phrase-prefix
houzhaoj	phrase-prefix
houzhaoji	phrase-prefix
houzhaojin	phrase-prefix
houzhaojing	phrase-full
houzho	phrase-prefix
houzhon	phrase-prefix
houzhong	phrase-full
hoy	adjacent-key
hp	phrase-initial
hpai	phrase-mixed
hpng	adjacent-key
hpu	adjacent-key
hq	phrase-initial
hqian	phrase-mixed
hr	adjacent-key
hri	adjacent-key
hrn	adjacent-key
hrng	adjacent-key
hs	adjacent-key,phrase-initial
hsa	transposed-letters
hsai	transposed-letters
hsan	transposed-letters
hsang	transposed-letters
hsao	transposed-letters
hsdq	phrase-initial
hse	phrase-mixed,transposed-letters
hsei	transposed-letters
hsen	transposed-letters
hseng	transposed-letters
hset	phrase-mixed
hshang	phrase-mixed
hshans	phrase-mixed
hshaor	phrase-mixed
hshi	phrase-mixed
hshidqian	phrase-mixed
hshil	phrase-mixed
hshuan	phrase-mixed
hsi	adjacent-key,phrase-mixed,transposed-letters
hsir	phrase-mixed
hsl	phrase-initial
hsn	adjacent-key
hsng	adjacent-key
hso	adjacent-key
hsou	transposed-letters
hsr	phrase-initial
hss	phrase-initial
hst	phrase-initial
hsu	transposed-letters
hsua	transposed-letters
hsuai	transposed-letters
hsuan	transposed-letters
hsuang	transposed-letters
hsui	transposed-letters
hsun	transposed-letters
hsuo	transposed-letters
ht	phrase-initial
htao	phrase-mixed
htis	phrase-mixed
htong	phrase-mixed
htou	phrase-mixed
hts	phrase-initial
htu	phrase-mixed
htui	phrase-mixed
htuz	phrase-mixed
htz	phrase-initial
hu	adjacent-key,missing-letter,phrase-prefix,syllable,syllable-prefix
hua	adjacent-key,missing-letter,phrase-prefix,syllable,syllable-prefix
huab	adjacent-key
huabg	adjacent-key
huad	phrase-prefix
huada	phrase-prefix
huadan	phrase-prefix
huadann	phrase-prefix
huadanni	phrase-prefix
huadanniu	phrase-prefix
huadanniur	phrase-prefix
huadanniuro	phrase-prefix
huadanniurou	phrase-full
huag	missing-letter,phrase-prefix
huagn	transposed-letters
huago	phrase-prefix
huagon	phrase-prefix
huagong	phrase-prefix
huagongx	phrase-prefix
huagongxi	phrase-full
huai	adjacent-key,missing-letter,phrase-prefix,syllable
huaie	phrase-full
huaj	phrase-prefix
huaji	phrase-prefix
huajie	phrase-full
huam	adjacent-key
huamg	adjacent-key
huan	adjacent-key,missing-letter,phrase-prefix,syllable,syllable-prefix
huanb	phrase-prefix
huanbi	phrase-prefix
huanbin	phrase-prefix
huanbing	phrase-full
huanf	adjacent-key
huang	adjacent-key,missing-letter,phrase-prefix,syllable
huangd	phrase-prefix
huangdi	phrase-prefix
huangdie	phrase-prefix
huangdiec	phrase-prefix
huangdiecu	phrase-prefix
huangdiecui	phrase-prefix
huangdiecuig	phrase-prefix
huangdiecuigu	phrase-full
huange	phrase-full
huangg	phrase-prefix
huanggu	phrase-prefix
huangguo	phrase-prefix
huangguol	phrase-prefix
huangguolu	phrase-prefix
huangguolun	phrase-full
huangl	phrase-prefix
huangle	phrase-full
huangm	phrase-prefix
huangme	phrase-prefix
huangmei	phrase-prefix
huangmeix	phrase-prefix
huangmeixi	phrase-full
huangs	phrase-prefix
huangse	phrase-prefix
huangset	phrase-prefix
huangseti	phrase-prefix
huangsetia	phrase-prefix
huangsetiao	phrase-full
huangt	phrase-prefix
huangti	phrase-prefix
huangtis	phrase-prefix
huangtisu	phrase-full
huangz	phrase-prefix
huangzh	phrase-prefix
huangzha	phrase-prefix
huangzhan	phrase-prefix
huangzhang	phrase-full
huangzho	phrase-prefix
huangzhon	phrase-prefix
huangzhong	phrase-prefix
huangzhongh	phrase-prefix
huangzhonghu	phrase-prefix
huangzhonghui	phrase-prefix
huangzhonghuiq	phrase-prefix
huangzhonghuiqi	phrase-full
huanh	adjacent-key
huanj	phrase-prefix
huanji	phrase-prefix
huanjia	phrase-prefix
huanjian	phrase-prefix
huanjiang	phrase-prefix
huanjiangj	phrase-prefix
huanjiangji	phrase-full
huanx	phrase-prefix
huanxi	phrase-prefix
huanxia	phrase-prefix
huanxian	phrase-prefix
huanxiang	phrase-prefix
huanxiangq	phrase-prefix
huanxiangqi	phrase-full
huany	phrase-prefix
huanyu	phrase-prefix
huanyua	phrase-prefix
huanyuan	phrase-prefix
huanyuanm	phrase-prefix
huanyuanme	phrase-prefix
huanyuanmei	phrase-full
huao	adjacent-key
huas	phrase-prefix
huash	phrase-prefix
huasha	phrase-prefix
huashan	phrase-prefix
huashang	phrase-full
huau	adjacent-key
huax	phrase-prefix
huaxu	phrase-prefix
huaxue	phrase-prefix
huaxuex	phrase-prefix
huaxuexi	phrase-prefix
huaxuexin	phrase-prefix
huaxuexing	phrase-full
huay	phrase-prefix
huaya	phrase-prefix
huayaf	phrase-prefix
huayafe	phrase-prefix
huayafen	phrase-prefix
huayafenh	phrase-prefix
huayafenhu	phrase-prefix
huayafenhua	phrase-full
huayi	phrase-prefix
huayin	phrase-prefix
huaying	phrase-full
huayu	phrase-prefix
huayua	phrase-prefix
huayuan	phrase-full
hub	adjacent-key,phrase-prefix
hubu	phrase-prefix
hubuq	phrase-prefix
hubuqi	phrase-prefix
hubuqin	phrase-prefix
hubuqinf	phrase-prefix
hubuqinfa	phrase-prefix
hubuqinfan	phrase-full
hue	adjacent-key
huh	phrase-prefix
huha	phrase-prefix
huhao	phrase-full
hui	adjacent-key,missing-letter,phrase-prefix,syllable
huia	transposed-letters
huib	phrase-prefix
huiba	phrase-prefix
huiban	phrase-prefix
huibanz	phrase-prefix
huibanzu	phrase-prefix
huibanzuy	phrase-prefix
huibanzuyu	phrase-full
huif	phrase-prefix
huifu	phrase-full
huih	phrase-prefix
huiha	phrase-prefix
huihan	phrase-prefix
huihang	phrase-full
huihe	phrase-prefix
huihei	phrase-full
huihu	phrase-prefix
huihua	phrase-prefix
huihuab	phrase-prefix
huihuaba	phrase-prefix
huihuaban	phrase-full
huit	phrase-prefix
huito	phrase-prefix
huiton	phrase-prefix
huitong	phrase-full
huiw	phrase-prefix
huiwe	phrase-prefix
huiwen	phrase-full
huix	phrase-prefix
huixi	phrase-prefix
huixin	phrase-prefix
huixing	phrase-prefix
huixingh	phrase-prefix
huixinghu	phrase-prefix
huixinghui	phrase-prefix
huixinghuis	phrase-prefix
huixinghuish	phrase-prefix
huixinghuishe	phrase-prefix
huixinghuishen	phrase-prefix
huixinghuisheng	phrase-full
huiy	phrase-prefix
huiyu	phrase-prefix
huiyua	phrase-prefix
huiyuan	phrase-prefix
huiyuand	phrase-prefix
huiyuanda	phrase-prefix
huiyuandah	phrase-prefix
huiyuandahu	phrase-prefix
huiyuandahui	phrase-full
huiz	phrase-prefix
huizh	phrase-prefix
huizhi	phrase-full
huj	phrase-prefix
huji	phrase-prefix
hujia	phrase-prefix
hujiao	phrase-full
hul	phrase-prefix
huli	phrase-full
hulu	phrase-prefix
huluo	phrase-prefix
huluop	phrase-prefix
huluopi	phrase-prefix
huluopin	phrase-prefix
huluoping	phrase-prefix
huluopingy	phrase-prefix
huluopingya	phrase-prefix
huluopingyan	phrase-prefix
huluopingyang	phrase-prefix
huluopingyangb	phrase-prefix
huluopingyangbe	phrase-prefix
huluopingyangbei	phrase-prefix
huluopingyangbeiq	phrase-prefix
huluopingyangbeiqu	phrase-prefix
huluopingyangbeiqua	phrase-prefix
huluopingyangbeiquan	phrase-prefix
huluopingyangbeiquanq	phrase-prefix
huluopingyangbeiquanqi	phrase-full
hum	adjacent-key
hun	adjacent-key,missing-letter,phrase-prefix,syllable
huna	phrase-prefix,transposed-letters
hunag	transposed-letters
hunan	phrase-full
hung	missing-letter
hunh	phrase-prefix
hunhe	phrase-prefix
hunhej	phrase-prefix
hunheji	phrase-prefix
hunhejie	phrase-prefix
hunhejieg	phrase-prefix
hunhejiego	phrase-prefix
hunhejiegou	phrase-full
huo	adjacent-key,missing-letter,phrase-prefix,syllable,transposed-letters
huoc	phrase-prefix
huoch	phrase-prefix
huoche	phrase-full
huok	phrase-prefix
huoka	phrase-prefix
huokao	phrase-prefix
huokaol	phrase-prefix
huokaoli	phrase-prefix
huokaolia	phrase-prefix
huokaolian	phrase-prefix
huokaoliang	phrase-prefix
huokaoliangc	phrase-prefix
huokaoliangch	phrase-prefix
huokaoliangchi	phrase-full
huol	phrase-prefix
huole	phrase-full
huos	phrase-prefix
huose	phrase-full
huosh	phrase-prefix
huoshu	phrase-prefix
huoshua	phrase-prefix
huoshuan	phrase-full
huosi	phrase-prefix
huosir	phrase-prefix
huosire	phrase-prefix
huosiren	phrase-full
huow	phrase-prefix
huowu	phrase-full
huoz	phrase-prefix
huoza	phrase-prefix
huozai	phrase-prefix
huozaib	phrase-prefix
huozaiba	phrase-prefix
huozaibao	phrase-prefix
huozaibaox	phrase-prefix
huozaibaoxi	phrase-prefix
huozaibaoxia	phrase-prefix
huozaibaoxian	phrase-full
hup	adjacent-key
hus	adjacent-key,phrase-prefix
hush	phrase-prefix
hushi	phrase-full
husi	adjacent-key
husn	adjacent-key
husng	adjacent-key
hut	phrase-prefix
hutu	phrase-full,phrase-prefix
hutuz	phrase-prefix
hutuzh	phrase-prefix
hutuzha	phrase-prefix
hutuzhan	phrase-prefix
hutuzhang	phrase-full
huu	adjacent-key
huz	phrase-prefix
huzh	phrase-prefix
huzhu	phrase-prefix
huzhuh	phrase-prefix
huzhuhe	phrase-prefix
huzhuhez	phrase-prefix
huzhuhezu	phrase-prefix
huzhuhezuo	phrase-full
hw	adjacent-key,phrase-initial
hwang	phrase-mixed
hwei	phrase-mixed
hweig	phrase-mixed
hwen	phrase-mixed
hwg	phrase-initial
hwi	adjacent-key
hwn	adjacent-key
hwng	adjacent-key
hwu	phrase-mixed
hx	phrase-initial
hxhs	phrase-initial
hxian	phrase-mixed
hxiangq	phrase-mixed
hxinghsheng	phrase-mixed
hxq	phrase-initial
hxuex	phrase-mixed
hxun	phrase-mixed
hxx	phrase-initial
hy	adjacent-key,phrase-initial
hya	adjacent-key
hyafhua	phrase-mixed
hyai	adjacent-key
hyan	adjacent-key
hyang	adjacent-key
hydh	phrase-initial
hyfh	phrase-initial
hyi	adjacent-key,phrase-mixed
hyin	phrase-mixed
hying	phrase-mixed
hym	phrase-initial
hyn	adjacent-key
hyo	adjacent-key
hyou	phrase-mixed
hyuan	phrase-mixed
hyuandhui	phrase-mixed
hyuanm	phrase-mixed
hyun	phrase-mixed
hz	phrase-initial
hza	transposed-letters
hzai	transposed-letters
hzaibxian	phrase-mixed
hzan	transposed-letters
hzang	transposed-letters
hzao	transposed-letters
hzbx	phrase-initial
hzdlqt	phrase-initial
hze	transposed-letters
hzei	transposed-letters
hzen	transposed-letters
hzeng	transposed-letters
hzhang	phrase-mixed
hzhaoj	phrase-mixed
hzhenzke	phrase-mixed
hzhi	phrase-mixed
hzhong	phrase-mixed
hzhonghqi	phrase-mixed
hzhq	phrase-initial
hzhuhzuo	phrase-mixed
hzhz	phrase-initial
hzi	transposed-letters
hzidliqting	phrase-mixed
hziqting	phrase-mixed
hzj	phrase-initial
hzong	transposed-letters
hzou	transposed-letters
hzqt	phrase-initial
hzu	transposed-letters
hzua	transposed-letters
hzuai	transposed-letters
hzuan	transposed-letters
hzuang	transposed-letters
hzui	transposed-letters
hzun	transposed-letters
hzuo	transposed-letters
hzzk	phrase-initial
i	adjacent-key,missing-letter
ia	missing-letter,transposed-letters
ian	missing-letter
iang	missing-letter
iao	missing-letter
ib	transposed-letters
iban	transposed-letters
ibang	transposed-letters
ibao	transposed-letters
ibe	transposed-letters
ibn	transposed-letters
ibng	transposed-letters
ic	transposed-letters
id	transposed-letters
ida	transposed-letters
idan	transposed-letters
idao	transposed-letters
ide	transposed-letters
idng	transposed-letters
idu	transposed-letters
ie	missing-letter,transposed-letters
ifao	transposed-letters
ij	transposed-letters
ija	transposed-letters
ijan	transposed-letters
ijang	transposed-letters
ijao	transposed-letters
ije	transposed-letters
ijn	transposed-letters
ijng	transposed-letters
ijong	transposed-letters
iju	transposed-letters
il	transposed-letters
ila	transposed-letters
ilan	transposed-letters
ilang	transposed-letters
ilao	transposed-letters
ile	transposed-letters
iln	transposed-letters
ilng	transposed-letters
ilu	transposed-letters
im	transposed-letters
iman	transposed-letters
imao	transposed-letters
ime	transposed-letters
imn	transposed-letters
imng	transposed-letters
imu	transposed-letters
in	missing-letter,transposed-letters
inan	transposed-letters
inang	transposed-letters
inao	transposed-letters
ine	transposed-letters
ing	missing-letter
inn	transposed-letters
inng	transposed-letters
inu	transposed-letters
iong	missing-letter
ip	transposed-letters
ipa	transposed-letters
ipan	transposed-letters
ipao	transposed-letters
ipe	transposed-letters
ipn	transposed-letters
ipng	transposed-letters
iq	transposed-letters
iqa	transposed-letters
iqan	transposed-letters
iqang	transposed-letters
iqao	transposed-letters
iqe	transposed-letters
iqn	transposed-letters
iqng	transposed-letters
iqong	transposed-letters
iqu	transposed-letters
ir	transposed-letters
is	transposed-letters
it	transposed-letters
itan	transposed-letters
itao	transposed-letters
ite	transposed-letters
itng	transposed-letters
iu	adjacent-key,missing-letter
ix	transposed-letters
ixa	transposed-letters
ixan	transposed-letters
ixang	transposed-letters
ixao	transposed-letters
ixe	transposed-letters
ixn	transposed-letters
ixng	transposed-letters
ixong	transposed-letters
ixu	transposed-letters
iy	transposed-letters
iyn	transposed-letters
iyng	transposed-letters
iz	transposed-letters
j	adjacent-key,missing-letter,phrase-prefix,syllable-prefix
ja	adjacent-key,missing-letter
jai	adjacent-key,transposed-letters
jain	transposed-letters
jaing	transposed-letters
jaio	transposed-letters
jan	adjacent-key,missing-letter
jang	adjacent-key,missing-letter
jao	adjacent-key,missing-letter
jaun	transposed-letters
jb	phrase-initial
jban	phrase-mixed
jbei	phrase-mixed
jbeij	phrase-mixed
jbiao	phrase-mixed
jbing	phrase-mixed
jbj	phrase-initial
jbl	phrase-initial
jbu	phrase-mixed
jbul	phrase-mixed
jc	phrase-initial
jcao	phrase-mixed
jchas	phrase-mixed
jchu	phrase-mixed
jcong	phrase-mixed
jcs	phrase-initial
jcun	phrase-mixed
jd	phrase-initial
jdaizsi	phrase-mixed
jdang	phrase-mixed
jdaoj	phrase-mixed
jdian	phrase-mixed
jdingl	phrase-mixed
jdingxxin	phrase-mixed
jdj	phrase-initial
jdl	phrase-initial
jdxx	phrase-initial
jdzs	phrase-initial
je	adjacent-key,missing-letter
jei	adjacent-key,transposed-letters
jen	adjacent-key
jeng	adjacent-key
jeu	transposed-letters
jf	phrase-initial
jfan	phrase-mixed
jfang	phrase-mixed
jfeng	phrase-mixed
jfengzqiuscun	phrase-mixed
jfjs	phrase-initial
jfu	phrase-mixed
jfujshi	phrase-mixed
jfzqsc	phrase-initial
jg	phrase-initial
jgan	phrase-mixed
jgansjing	phrase-mixed
jgb	phrase-initial
jge	phrase-mixed
jgeb	phrase-mixed
jgong	phrase-mixed
jgsj	phrase-initial
jguai	phrase-mixed
jguan	phrase-mixed
jguo	phrase-mixed
jh	phrase-initial
jhao	phrase-mixed
jhengl	phrase-mixed
jhf	phrase-initial
jhl	phrase-initial
jhouf	phrase-mixed
jhqj	phrase-initial
jhsc	phrase-initial
jhu	phrase-mixed
jhuangscuo	phrase-mixed
jhui	phrase-mixed
jhuil	phrase-mixed
jhuizyou	phrase-mixed
jhuoqjie	phrase-mixed
jhzy	phrase-initial
ji	adjacent-key,missing-letter,phrase-prefix,syllable,syllable-prefix
jia	missing-letter,phrase-prefix,syllable,syllable-prefix
jiab	adjacent-key
jiabg	adjacent-key
jiac	phrase-prefix
jiach	phrase-prefix
jiachu	phrase-full
jiad	phrase-prefix
jiada	phrase-prefix
jiadai	phrase-prefix
jiadaiz	phrase-prefix
jiadaizo	phrase-prefix
jiadaizou	phrase-prefix
jiadaizous	phrase-prefix
jiadaizousi	phrase-full
jiaf	phrase-prefix
jiafe	phrase-prefix
jiafen	phrase-prefix
jiafeng	phrase-prefix
jiafengz	phrase-prefix
jiafengzh	phrase-prefix
jiafengzho	phrase-prefix
jiafengzhon	phrase-prefix
jiafengzhong	phrase-prefix
jiafengzhongq	phrase-prefix
jiafengzhongqi	phrase-prefix
jiafengzhongqiu	phrase-prefix
jiafengzhongqius	phrase-prefix
jiafengzhongqiush	phrase-prefix
jiafengzhongqiushe	phrase-prefix
jiafengzhongqiushen	phrase-prefix
jiafengzhongqiusheng	phrase-prefix
jiafengzhongqiushengc	phrase-prefix
jiafengzhongqiushengcu	phrase-prefix
jiafengzhongqiushengcun	phrase-full
jiag	missing-letter,phrase-prefix
jiage	phrase-prefix
jiageb	phrase-prefix
jiagebi	phrase-prefix
jiagebia	phrase-prefix
jiagebiao	phrase-full
jiagn	transposed-letters
jiagu	phrase-prefix
jiaguo	phrase-full
jiah	phrase-prefix
jiahu	phrase-prefix
jiahui	phrase-full
jiai	adjacent-key
jial	phrase-prefix
jiali	phrase-prefix
jialin	phrase-full
jiam	adjacent-key
jiamg	adjacent-key
jian	adjacent-key,missing-letter,phrase-prefix,syllable,syllable-prefix
jianc	phrase-prefix
jianch	phrase-prefix
jiancha	phrase-prefix
jianchas	phrase-prefix
jianchash	phrase-prefix
jianchashu	phrase-full
jiand	phrase-prefix
jianda	phrase-prefix
jiandao	phrase-prefix
jiandaoj	phrase-prefix
jiandaoji	phrase-prefix
jiandaojia	phrase-prefix
jiandaojiao	phrase-full
jiandi	phrase-prefix
jiandin	phrase-prefix
jianding	phrase-prefix
jiandingx	phrase-prefix
jiandingxi	phrase-prefix
jiandingxin	phrase-prefix
jiandingxinx	phrase-prefix
jiandingxinxi	phrase-prefix
jiandingxinxin	phrase-full
jianf	adjacent-key,phrase-prefix
jianfa	phrase-prefix
jianfan	phrase-full
jiang	phrase-prefix,syllable
jiangj	phrase-prefix
jiangji	phrase-prefix
jiangjia	phrase-prefix
jiangjian	phrase-prefix
jiangjiang	phrase-prefix
jiangjiangh	phrase-prefix
jiangjianghu	phrase-prefix
jiangjianghua	phrase-full
jiangl	phrase-prefix
jiangli	phrase-prefix
jianglin	phrase-prefix
jiangling	phrase-full
jiangm	phrase-prefix
jiangmi	phrase-prefix
jiangmin	phrase-prefix
jiangming	phrase-full
jianh	adjacent-key
jiani	phrase-prefix
jiania	phrase-prefix
jianian	phrase-prefix
jianiang	phrase-full
jianj	phrase-prefix
jianji	phrase-prefix
jianjia	phrase-prefix
jianjian	phrase-prefix
jianjiand	phrase-prefix
jianjianda	phrase-prefix
jianjiandan	phrase-prefix
jianjiandand	phrase-prefix
jianjiandanda	phrase-prefix
jianjiandandan	phrase-full
jianjianz	phrase-prefix
jianjianzh	phrase-prefix
jianjianzhu	phrase-prefix
jianjianzhua	phrase-prefix
jianjianzhuan	phrase-prefix
jianjianzhuanl	phrase-prefix
jianjianzhuanli	phrase-prefix
jianjianzhuanlia	phrase-prefix
jianjianzhuanlian	phrase-prefix
jianjianzhuanliang	phrase-full
jianjiao	phrase-full
jiank	phrase-prefix
jianko	phrase-prefix
jiankon	phrase-prefix
jiankong	phrase-full
jiankou	phrase-prefix
jiankour	phrase-prefix
jiankouru	phrase-prefix
jiankourup	phrase-prefix
jiankourupi	phrase-prefix
jiankourupin	phrase-prefix
jiankouruping	phrase-full
jianl	phrase-prefix
jianle	phrase-prefix
jianlen	phrase-prefix
jianleng	phrase-prefix
jianlengj	phrase-prefix
jianlengji	phrase-prefix
jianlengjia	phrase-prefix
jianlengjian	phrase-prefix
jianlengjianj	phrase-prefix
jianlengjianji	phrase-prefix
jianlengjianjia	phrase-prefix
jianlengjianjiao	phrase-full
jianq	phrase-prefix
jianqi	phrase-prefix
jianqie	phrase-full
jianr	phrase-prefix
jianru	phrase-prefix
jianruo	phrase-prefix
jianruod	phrase-prefix
jianruoda	phrase-prefix
jianruodao	phrase-full
jians	phrase-prefix
jiansh	phrase-prefix
jianshi	phrase-full
jiant	phrase-prefix
jianta	phrase-prefix
jiantan	phrase-full
jianw	phrase-prefix
jianwe	phrase-prefix
jianwei	phrase-prefix
jianweix	phrase-prefix
jianweixi	phrase-prefix
jianweixia	phrase-prefix
jianweixian	phrase-full
jianx	phrase-prefix
jianxu	phrase-prefix
jianxun	phrase-full
jiao	phrase-prefix,syllable
jiaob	phrase-prefix
jiaobu	phrase-prefix
jiaobul	phrase-prefix
jiaobuli	phrase-prefix
jiaobulia	phrase-prefix
jiaobuliao	phrase-full
jiaof	phrase-prefix
jiaofu	phrase-prefix
jiaofuj	phrase-prefix
jiaofuji	phrase-prefix
jiaofujia	phrase-prefix
jiaofujian	phrase-prefix
jiaofujians	phrase-prefix
jiaofujiansh	phrase-prefix
jiaofujianshi	phrase-full
jiaog	phrase-prefix
jiaoga	phrase-prefix
jiaogan	phrase-prefix
jiaogans	phrase-prefix
jiaogansh	phrase-prefix
jiaoganshe	phrase-prefix
jiaoganshen	phrase-prefix
jiaoganshenj	phrase-prefix
jiaoganshenji	phrase-prefix
jiaoganshenjin	phrase-prefix
jiaoganshenjing	phrase-full
jiaoj	phrase-prefix
jiaoju	phrase-prefix
jiaojua	phrase-prefix
jiaojuan	phrase-full
jiaok	phrase-prefix
jiaoke	phrase-full
jiaol	phrase-prefix
jiaolu	phrase-prefix
jiaoluo	phrase-prefix
jiaoluol	phrase-prefix
jiaoluoli	phrase-full
jiaos	phrase-prefix
jiaosh	phrase-prefix
jiaoshu	phrase-prefix
jiaoshui	phrase-full
jiaot	phrase-prefix
jiaoti	phrase-prefix
jiaotia	phrase-prefix
jiaotiao	phrase-full
jiaow	phrase-prefix
jiaowe	phrase-prefix
jiaowei	phrase-prefix
jiaoweif	phrase-prefix
jiaoweifa	phrase-prefix
jiaoweifan	phrase-full
jiaoy	phrase-prefix
jiaoyu	phrase-prefix
jiaoyuj	phrase-prefix
jiaoyuji	phrase-prefix
jiaoyujie	phrase-full
jiaoz	phrase-prefix
jiaozh	phrase-prefix
jiaozha	phrase-prefix
jiaozhan	phrase-prefix
jiaozhant	phrase-prefix
jiaozhantu	phrase-full
jiap	adjacent-key
jiaq	phrase-prefix
jiaqi	phrase-prefix
jiaqia	phrase-prefix
jiaqiao	phrase-full
jias	phrase-prefix
jiash	phrase-prefix
jiashi	phrase-full
jiat	phrase-prefix
jiati	phrase-prefix
jiatin	phrase-prefix
jiating	phrase-prefix
jiatingz	phrase-prefix
jiatingzh	phrase-prefix
jiatingzhu	phrase-prefix
jiatingzhuf	phrase-prefix
jiatingzhufu	phrase-full
jiax	phrase-prefix
jiaxu	phrase-prefix
jiaxua	phrase-prefix
jiaxuan	phrase-prefix
jiaxuanf	phrase-prefix
jiaxuanfa	phrase-full
jiaz	phrase-prefix
jiazh	phrase-prefix
jiazhu	phrase-full,phrase-prefix
jiazhua	phrase-prefix
jiazhuan	phrase-prefix
jiazhuang	phrase-full,phrase-prefix
jiazhuangx	phrase-prefix
jiazhuangxi	phrase-prefix
jiazhuangxia	phrase-prefix
jiazhuangxian	phrase-prefix
jiazhuangxianz	phrase-prefix
jiazhuangxianzh	phrase-prefix
jiazhuangxianzho	phrase-prefix
jiazhuangxianzhon	phrase-prefix
jiazhuangxianzhong	phrase-full
jiazhuh	phrase-prefix
jiazhuha	phrase-prefix
jiazhuhao	phrase-full
jib	adjacent-key
jibg	adjacent-key
jic	phrase-prefix
jicu	phrase-prefix
jicun	phrase-full
jie	adjacent-key,phrase-prefix,syllable
jief	phrase-prefix
jiefa	phrase-prefix
jiefan	phrase-prefix
jiefang	phrase-full
jieh	phrase-prefix
jiehu	phrase-prefix
jiehui	phrase-prefix
jiehuil	phrase-prefix
jiehuila	phrase-prefix
jiehuilai	phrase-full
jiehuo	phrase-prefix
jiehuoq	phrase-prefix
jiehuoqi	phrase-prefix
jiehuoqia	phrase-prefix
jiehuoqian	phrase-prefix
jiehuoqiang	phrase-prefix
jiehuoqiangj	phrase-prefix
jiehuoqiangji	phrase-prefix
jiehuoqiangjie	phrase-full
jiej	phrase-prefix
jieji	phrase-prefix
jiejin	phrase-prefix
jiejind	phrase-prefix
jiejinda	phrase-prefix
jiejindao	phrase-full
jier	phrase-prefix
jiere	phrase-prefix
jieren	phrase-full
jies	phrase-prefix
jiesh	phrase-prefix
jiesha	phrase-prefix
jieshao	phrase-prefix
jieshaof	phrase-prefix
jieshaofe	phrase-prefix
jieshaofei	phrase-full
jieshe	phrase-prefix
jieshen	phrase-prefix
jiesheng	phrase-prefix
jieshengx	phrase-prefix
jieshengxi	phrase-prefix
jieshengxia	phrase-prefix
jieshengxial	phrase-prefix
jieshengxiala	phrase-prefix
jieshengxialai	phrase-full
jiet	phrase-prefix
jieti	phrase-prefix
jietin	phrase-prefix
jieting	phrase-full
jiey	phrase-prefix
jieya	phrase-prefix
jieyan	phrase-prefix
jieyana	phrase-prefix
jieyanan	phrase-full
jieyi	phrase-prefix
jieyin	phrase-prefix
jieying	phrase-prefix
jieyingb	phrase-prefix
jieyingbu	phrase-prefix
jieyingbux	phrase-prefix
jieyingbuxi	phrase-prefix
jieyingbuxia	phrase-full
jieyu	phrase-prefix
jieyua	phrase-prefix
jieyuan	phrase-full
jif	phrase-prefix
jife	phrase-prefix
jifen	phrase-prefix
jifeng	phrase-full
jig	missing-letter,phrase-prefix
jiga	phrase-prefix
jigan	phrase-full
jign	transposed-letters
jigo	phrase-prefix
jigon	phrase-prefix
jigong	phrase-full
jih	phrase-prefix
jiha	phrase-prefix
jihao	phrase-full
jiho	phrase-prefix
jihou	phrase-prefix
jihouf	phrase-prefix
jihoufe	phrase-prefix
jihoufen	phrase-prefix
jihoufeng	phrase-full
jihu	phrase-prefix
jihui	phrase-prefix
jihuiz	phrase-prefix
jihuizi	phrase-prefix
jihuiziy	phrase-prefix
jihuiziyo	phrase-prefix
jihuiziyou	phrase-full
jii	adjacent-key
jiing	adjacent-key
jij	phrase-prefix
jiji	phrase-prefix
jijin	phrase-prefix
jijing	phrase-full
jik	phrase-prefix
jike	phrase-prefix
jikeq	phrase-prefix
jikeqi	phrase-full
jil	phrase-prefix
jile	phrase-prefix
jilei	phrase-full
jili	phrase-full,phrase-prefix
jilia	phrase-prefix
jilian	phrase-prefix
jiliang	phrase-full
jilu	phrase-prefix
jiluh	phrase-prefix
jiluha	phrase-prefix
jiluhao	phrase-full
jim	adjacent-key,phrase-prefix
jimg	adjacent-key
jimi	phrase-prefix
jimin	phrase-prefix
jiming	phrase-prefix
jimingt	phrase-prefix
jimingto	phrase-prefix
jimingtou	phrase-prefix
jimingtoup	phrase-prefix
jimingtoupi	phrase-prefix
jimingtoupia	phrase-prefix
jimingtoupiao	phrase-full
jin	adjacent-key,missing-letter,phrase-prefix,syllable,syllable-prefix
jina	transposed-letters
jinag	transposed-letters
jinb	phrase-prefix
jinbe	phrase-prefix
jinbei	phrase-prefix
jinbeij	phrase-prefix
jinbeiji	phrase-prefix
jinbeijiu	phrase-full
jinbi	phrase-prefix
jinbin	phrase-prefix
jinbing	phrase-full
jinc	phrase-prefix
jinca	phrase-prefix
jincao	phrase-full
jine	phrase-prefix
jinen	phrase-prefix
jineng	phrase-prefix
jinengj	phrase-prefix
jinengji	phrase-prefix
jinengjia	phrase-prefix
jinengjian	phrase-prefix
jinengjiand	phrase-prefix
jinengjiandi	phrase-prefix
jinengjiandin	phrase-prefix
jinengjianding	phrase-full
jinf	adjacent-key
jing	missing-letter,phrase-prefix,syllable
jingb	phrase-prefix
jingbe	phrase-prefix
jingbei	phrase-full
jingbi	phrase-prefix
jingbia	phrase-prefix
jingbiao	phrase-full
jingf	phrase-prefix
jingfu	phrase-full
jingg	phrase-prefix
jingga	phrase-prefix
jinggan	phrase-full
jinggu	phrase-prefix
jinggua	phrase-prefix
jingguai	phrase-full
jingh	phrase-prefix
jinghu	phrase-prefix
jinghua	phrase-prefix
jinghuan	phrase-prefix
jinghuang	phrase-prefix
jinghuangs	phrase-prefix
jinghuangsh	phrase-prefix
jinghuangshi	phrase-prefix
jinghuangshic	phrase-prefix
jinghuangshicu	phrase-prefix
jinghuangshicuo	phrase-full
jingl	phrase-prefix
jingli	phrase-full
jings	phrase-prefix
jingsh	phrase-prefix
jingshi	phrase-full
jingx	phrase-prefix
jingxi	phrase-full,phrase-prefix
jingxin	phrase-full
jingy	phrase-prefix
jingyo	phrase-prefix
jingyon	phrase-prefix
jingyong	phrase-full
jingz	phrase-prefix
jingza	phrase-prefix
jingzan	phrase-full
jinh	adjacent-key,phrase-prefix
jinhu	phrase-full
jinj	phrase-prefix
jinji	phrase-prefix
jinjiz	phrase-prefix
jinjizh	phrase-prefix
jinjizhi	phrase-prefix
jinjizhid	phrase-prefix
jinjizhido	phrase-prefix
jinjizhidon	phrase-prefix
jinjizhidong	phrase-full
jinju	phrase-prefix
jinjue	phrase-full
jinjul	phrase-prefix
jinjuli	phrase-full
jinog	transposed-letters
jinq	phrase-prefix
jinqu	phrase-prefix
jinqux	phrase-prefix
jinquxi	phrase-prefix
jinquxin	phrase-full
jins	phrase-prefix
jinse	phrase-prefix
jinses	phrase-prefix
jinsesa	phrase-prefix
jinsesan	phrase-prefix
jinsesanm	phrase-prefix
jinsesanma	phrase-prefix
jinsesanmai	phrase-full
jinsh	phrase-prefix
jinsha	phrase-full
jinsho	phrase-prefix
jinshou	phrase-prefix
jinshouz	phrase-prefix
jinshouzh	phrase-prefix
jinshouzhu	phrase-full
jinshu	phrase-prefix
jinshuq	phrase-prefix
jinshuqi	phrase-prefix
jinshuqim	phrase-prefix
jinshuqimi	phrase-prefix
jinshuqimin	phrase-full
jinsi	phrase-prefix
jinsig	phrase-prefix
jinsiga	phrase-prefix
jinsigao	phrase-full
jinz	phrase-prefix
jinzh	phrase-prefix
jinzho	phrase-prefix
jinzhon	phrase-prefix
jinzhong	phrase-prefix
jinzhongj	phrase-prefix
jinzhongji	phrase-prefix
jinzhongjia	phrase-prefix
jinzhongjian	phrase-prefix
jinzhongjiang	phrase-full
jio	missing-letter,phrase-prefix,syllable-prefix
jioa	transposed-letters
jiobg	adjacent-key
jiog	missing-letter
jiogn	transposed-letters
jiomg	adjacent-key
jion	missing-letter,phrase-prefix,syllable-prefix
jionf	adjacent-key
jiong	phrase-prefix,syllable
jiongj	phrase-prefix
jiongju	phrase-full
jionh	adjacent-key
jipng	adjacent-key
jiq	phrase-prefix
jiqi	phrase-prefix
jiqin	phrase-prefix
jiqing	phrase-full
jir	adjacent-key
jis	adjacent-key,phrase-prefix
jisa	phrase-prefix
jisao	phrase-full
jish	phrase-prefix
jishi	phrase-full
jishu	phrase-full
jisn	adjacent-key
jisng	adjacent-key
jiso	adjacent-key
jisu	phrase-prefix
jisua	phrase-prefix
jisuan	phrase-full
jiu	phrase-prefix,syllable
jiuc	phrase-prefix
jiuco	phrase-prefix
jiucon	phrase-prefix
jiucong	phrase-full
jiud	phrase-prefix
jiudi	phrase-prefix
jiudia	phrase-prefix
jiudian	phrase-full
jiug	phrase-prefix
jiuge	phrase-full
jiuj	phrase-prefix
jiuji	phrase-full,phrase-prefix
jiujib	phrase-prefix
jiujibu	phrase-prefix
jiujibuj	phrase-prefix
jiujibuji	phrase-prefix
jiujibujiu	phrase-prefix
jiujibujiuq	phrase-prefix
jiujibujiuqi	phrase-prefix
jiujibujiuqio	phrase-prefix
jiujibujiuqion	phrase-prefix
jiujibujiuqiong	phrase-full
jiujif	phrase-prefix
jiujife	phrase-prefix
jiujifei	phrase-full
jiux	phrase-prefix
jiuxi	phrase-prefix
jiuxia	phrase-prefix
jiuxian	phrase-prefix
jiuxiang	phrase-full
jiuxiao	phrase-full
jiuy	phrase-prefix
jiuye	phrase-full
jiw	adjacent-key,phrase-prefix
jiwa	phrase-prefix
jiwan	phrase-prefix
jiwang	phrase-full
jix	phrase-prefix
jixi	phrase-prefix
jixin	phrase-full,phrase-prefix
jixing	phrase-full
jixinl	phrase-prefix
jixinli	phrase-prefix
jixinlin	phrase-prefix
jixinling	phrase-full
jiy	adjacent-key,phrase-prefix
jiyi	phrase-prefix
jiyin	phrase-prefix
jiyint	phrase-prefix
jiyinti	phrase-prefix
jiyintid	phrase-prefix
jiyintidi	phrase-prefix
jiyintidin	phrase-prefix
jiyintiding	phrase-prefix
jiyintidingx	phrase-prefix
jiyintidingxu	phrase-full
jiz	phrase-prefix
jizh	phrase-prefix
jizhu	phrase-prefix
jizhua	phrase-prefix
jizhuan	phrase-prefix
jizhuant	phrase-prefix
jizhuanti	phrase-full
jj	phrase-initial
jjbjq	phrase-initial
jjd	phrase-initial
jjdd	phrase-initial
jjf	phrase-initial
jjh	phrase-initial
jji	phrase-mixed
jjianddan	phrase-mixed
jjiangh	phrase-mixed
jjianzliang	phrase-mixed
jjiao	phrase-mixed
jjibjiuq	phrase-mixed
jjif	phrase-mixed
jjind	phrase-mixed
jjing	phrase-mixed
jjizdong	phrase-mixed
jjl	phrase-initial
jju	phrase-mixed
jjuan	phrase-mixed
jjue	phrase-mixed
jjul	phrase-mixed
jjzd	phrase-initial
jjzl	phrase-initial
jk	phrase-initial
jke	phrase-mixed
jkeq	phrase-mixed
jkong	phrase-mixed
jkourping	phrase-mixed
jkq	phrase-initial
jkrp	phrase-initial
jl	phrase-initial
jlei	phrase-mixed
jlengjjiao	phrase-mixed
jlh	phrase-initial
jli	phrase-mixed
jliang	phrase-mixed
jlin	phrase-mixed
jling	phrase-mixed
jljj	phrase-initial
jll	phrase-initial
jluh	phrase-mixed
jluol	phrase-mixed
jm	phrase-initial
jming	phrase-mixed
jmingtpiao	phrase-mixed
jmtp	phrase-initial
jn	missing-letter,phrase-initial
jnengjding	phrase-mixed
jng	missing-letter
jni	transposed-letters
jniang	phrase-mixed
jnig	transposed-letters
jnjd	phrase-initial
jnu	transposed-letters
jo	adjacent-key
joa	adjacent-key
joan	adjacent-key
joang	adjacent-key
joao	adjacent-key
joe	adjacent-key
joing	transposed-letters
jon	adjacent-key
jong	adjacent-key,missing-letter
joong	adjacent-key
jou	adjacent-key
jq	phrase-initial
jqiao	phrase-mixed
jqie	phrase-mixed
jqil	phrase-mixed
jqing	phrase-mixed
jql	phrase-initial
jqux	phrase-mixed
jqx	phrase-initial
jr	phrase-initial
jran	phrase-mixed
jrd	phrase-initial
jren	phrase-mixed
jruod	phrase-mixed
js	phrase-initial
jsao	phrase-mixed
jsesmai	phrase-mixed
jsf	phrase-initial
jsg	phrase-initial
jsha	phrase-mixed
jshaof	phrase-mixed
jshengxlai	phrase-mixed
jshi	phrase-mixed
jshitding	phrase-mixed
jshouz	phrase-mixed
jshu	phrase-mixed
jshui	phrase-mixed
jshuqmin	phrase-mixed
jsig	phrase-mixed
jsqm	phrase-initial
jssm	phrase-initial
jstd	phrase-initial
jsuan	phrase-mixed
jsxl	phrase-initial
jsz	phrase-initial
jt	phrase-initial
jtan	phrase-mixed
jtiao	phrase-mixed
jting	phrase-mixed
jtingzfu	phrase-mixed
jtong	phrase-mixed
jtzf	phrase-initial
ju	adjacent-key,missing-letter,phrase-prefix,syllable,syllable-prefix
jua	adjacent-key,missing-letter,phrase-prefix,syllable-prefix
juab	adjacent-key
juai	adjacent-key
juam	adjacent-key
juan	adjacent-key,phrase-prefix,syllable
juang	adjacent-key
juany	phrase-prefix
juanyi	phrase-prefix
juanyin	phrase-full
juao	adjacent-key
jub	adjacent-key,phrase-prefix
jubu	phrase-full
jud	phrase-prefix
juda	phrase-prefix
judan	phrase-prefix
judang	phrase-full
judi	phrase-prefix
judia	phrase-prefix
judian	phrase-full
jue	adjacent-key,phrase-prefix,syllable
jueb	phrase-prefix
jueba	phrase-prefix
jueban	phrase-full
jued	phrase-prefix
juedi	phrase-prefix
juedin	phrase-prefix
jueding	phrase-prefix
juedingl	phrase-prefix
juedinglu	phrase-prefix
juedinglun	phrase-full
jug	phrase-prefix
jugu	phrase-prefix
jugua	phrase-prefix
juguan	phrase-full
jui	adjacent-key,transposed-letters
juj	phrase-prefix
juji	phrase-full
juju	phrase-full
jum	adjacent-key
jun	adjacent-key,missing-letter,phrase-prefix,syllable
juna	transposed-letters
jung	adjacent-key
junh	phrase-prefix
junhe	phrase-prefix
junhen	phrase-prefix
junheng	phrase-prefix
junhengl	phrase-prefix
junhenglu	phrase-prefix
junhenglun	phrase-full
juns	phrase-prefix
junsh	phrase-prefix
junshi	phrase-prefix
junshit	phrase-prefix
junshita	phrase-prefix
junshitan	phrase-prefix
junshitand	phrase-prefix
junshitandi	phrase-prefix
junshitandin	phrase-prefix
junshitanding	phrase-full
junt	phrase-prefix
junto	phrase-prefix
junton	phrase-prefix
juntong	phrase-full
junx	phrase-prefix
junxu	phrase-prefix
junxub	phrase-prefix
junxubu	phrase-prefix
junxubuj	phrase-prefix
junxubuji	phrase-full
juo	adjacent-key
juong	adjacent-key
juq	phrase-prefix
juqi	phrase-prefix
juqil	phrase-prefix
juqila	phrase-prefix
juqilai	phrase-full
jur	adjacent-key,phrase-prefix
jura	phrase-prefix
juran	phrase-full
jusn	adjacent-key
juu	adjacent-key
juw	adjacent-key
jw	phrase-initial
jwang	phrase-mixed
jweif	phrase-mixed
jweix	phrase-mixed
jwf	phrase-initial
jwx	phrase-initial
jx	phrase-initial
jxbj	phrase-initial
jxf	phrase-initial
jxi	phrase-mixed
jxiang	phrase-mixed
jxiao	phrase-mixed
jxin	phrase-mixed
jxing	phrase-mixed
jxinl	phrase-mixed
jxl	phrase-initial
jxuanf	phrase-mixed
jxubji	phrase-mixed
jxun	phrase-mixed
jy	adjacent-key,phrase-initial
jya	phrase-initial
jyan	adjacent-key
jyana	phrase-mixed
jybx	phrase-initial
jye	adjacent-key,phrase-mixed
jyin	phrase-mixed
jyingbxia	phrase-mixed
jyintdingx	phrase-mixed
jyj	phrase-initial
jyn	adjacent-key
jyong	phrase-mixed
jytdx	phrase-initial
jyuan	phrase-mixed
jyuj	phrase-mixed
jz	phrase-initial
jzan	phrase-mixed
jzh	phrase-initial
jzhant	phrase-mixed
jzhongj	phrase-mixed
jzhu	phrase-mixed
jzhuang	phrase-mixed
jzhuangxzhong	phrase-mixed
jzhuant	phrase-mixed
jzhuh	phrase-mixed
jzj	phrase-initial
jzt	phrase-initial
jzxz	phrase-initial
k	adjacent-key,missing-letter,phrase-prefix,syllable,syllable-prefix
ka	adjacent-key,missing-letter,phrase-prefix,syllable,syllable-prefix
kab	adjacent-key
kabg	adjacent-key
kaf	phrase-prefix
kafe	phrase-prefix
kafei	phrase-prefix
kafeiy	phrase-prefix
kafeiyu	phrase-prefix
kafeiyua	phrase-prefix
kafeiyuan	phrase-full
kag	missing-letter
kagn	transposed-letters
kai	adjacent-key,missing-letter,phrase-prefix,syllable
kaif	phrase-prefix
kaifa	phrase-prefix
kaifan	phrase-prefix
kaifang	phrase-prefix
kaifangg	phrase-prefix
kaifangge	phrase-prefix
kaifanggei	phrase-full
kaix	phrase-prefix
kaixi	phrase-prefix
kaixia	phrase-prefix
kaixiaq	phrase-prefix
kaixiaqu	phrase-full
kam	adjacent-key
kamg	adjacent-key
kan	adjacent-key,missing-letter,phrase-prefix,syllable,syllable-prefix
kanf	adjacent-key
kang	adjacent-key,missing-letter,phrase-prefix,syllable
kangu	phrase-prefix
kanguo	phrase-prefix
kanguoq	phrase-prefix
kanguoqu	phrase-full
kanh	adjacent-key
kanx	phrase-prefix
kanxi	phrase-prefix
kanxia	phrase-full
kany	phrase-prefix
kanyi	phrase-prefix
kanyis	phrase-prefix
kanyish	phrase-prefix
kanyishe	phrase-prefix
kanyishen	phrase-prefix
kanyisheng	phrase-full
kanz	phrase-prefix
kanza	phrase-prefix
kanzai	phrase-full
kao	adjacent-key,phrase-prefix,syllable
kaoq	phrase-prefix
kaoqi	phrase-full
kaox	phrase-prefix
kaoxi	phrase-prefix
kaoxia	phrase-full
kaoy	phrase-prefix
kaoya	phrase-prefix
kaoyao	phrase-full
kap	adjacent-key
kau	adjacent-key,transposed-letters
kaui	transposed-letters
kaun	transposed-letters
kaung	transposed-letters
kb	phrase-initial
kbai	phrase-mixed
kbuzyan	phrase-mixed
kbzy	phrase-initial
kc	phrase-initial
kcha	phrase-mixed
kchengzji	phrase-mixed
kchong	phrase-mixed
kchongx	phrase-mixed
kchuq	phrase-mixed
kcq	phrase-initial
kcx	phrase-initial
kczj	phrase-initial
kd	phrase-initial
kde	phrase-mixed
ke	adjacent-key,missing-letter,phrase-prefix,syllable,syllable-prefix
keb	adjacent-key
kebg	adjacent-key
kec	phrase-prefix
kech	phrase-prefix
keche	phrase-prefix
kechen	phrase-prefix
kecheng	phrase-prefix
kechengz	phrase-prefix
kechengzh	phrase-prefix
kechengzhi	phrase-prefix
kechengzhij	phrase-prefix
kechengzhiji	phrase-full
keg	missing-letter
kegn	transposed-letters
kei	adjacent-key
kek	phrase-prefix
keke	phrase-prefix
kekef	phrase-prefix
kekefe	phrase-prefix
kekefen	phrase-full
kel	phrase-prefix
kela	phrase-prefix
kelas	phrase-prefix
kelasu	phrase-full
kelu	phrase-prefix
kelun	phrase-full
kem	adjacent-key
kemg	adjacent-key
ken	missing-letter,phrase-prefix,syllable,syllable-prefix
kenc	phrase-prefix
kench	phrase-prefix
kenchu	phrase-prefix
kenchuq	phrase-prefix
kenchuqu	phrase-full
kenf	adjacent-key
keng	adjacent-key,syllable
kenh	adjacent-key
ker	phrase-prefix
kere	phrase-prefix
keren	phrase-full
kes	phrase-prefix
keso	phrase-prefix
kesou	phrase-prefix
kesouy	phrase-prefix
kesouya	phrase-prefix
kesouyao	phrase-full
kez	phrase-prefix
keze	phrase-prefix
kezen	phrase-prefix
kezeng	phrase-full
kezu	phrase-prefix
kezuo	phrase-prefix
kezuoj	phrase-prefix
kezuoji	phrase-prefix
kezuojia	phrase-prefix
kezuojiao	phrase-prefix
kezuojiaos	phrase-prefix
kezuojiaosh	phrase-prefix
kezuojiaosho	phrase-prefix
kezuojiaoshou	phrase-full
kfangg	phrase-mixed
kfeiy	phrase-mixed
kfg	phrase-initial
kfy	phrase-initial
kg	phrase-initial
kgao	phrase-mixed
kgeg	phrase-mixed
kgg	phrase-initial
kgong	phrase-mixed
kgq	phrase-initial
kguoq	phrase-mixed
kh	phrase-initial
khao	phrase-mixed
khua	phrase-mixed
ki	adjacent-key,missing-letter
kia	adjacent-key,transposed-letters
kiai	adjacent-key
kian	adjacent-key
kiang	adjacent-key
kiao	adjacent-key
kie	adjacent-key
kii	adjacent-key
kin	adjacent-key
king	adjacent-key
kio	adjacent-key
kiong	adjacent-key
kiu	adjacent-key,transposed-letters
kkef	phrase-mixed
kkf	phrase-initial
kkuxqiu	phrase-mixed
kkxq	phrase-initial
kl	phrase-initial
klas	phrase-mixed
kls	phrase-initial
klun	phrase-mixed
km	phrase-initial
kman	phrase-mixed
kmeiy	phrase-mixed
kmy	phrase-initial
kn	missing-letter
kna	transposed-letters
knag	transposed-letters
kne	transposed-letters
kneg	transposed-letters
kng	missing-letter
knog	transposed-letters
knu	transposed-letters
ko	missing-letter,phrase-prefix,syllable-prefix
koa	transposed-letters
kobg	adjacent-key
kog	missing-letter
kogn	transposed-letters
koi	adjacent-key
komg	adjacent-key
kon	missing-letter,phrase-prefix,syllable-prefix
konf	adjacent-key
kong	adjacent-key,phrase-prefix,syllable
kongs	phrase-prefix
kongsh	phrase-prefix
kongsho	phrase-prefix
kongshou	phrase-prefix
kongshoue	phrase-prefix
kongshouer	phrase-prefix
kongshouerh	phrase-prefix
kongshouerhu	phrase-prefix
kongshouerhui	phrase-full
konh	adjacent-key
kou	adjacent-key,phrase-prefix,syllable,transposed-letters
koub	phrase-prefix
kouba	phrase-prefix
koubai	phrase-full
koubu	phrase-prefix
koubuz	phrase-prefix
koubuze	phrase-prefix
koubuzey	phrase-prefix
koubuzeya	phrase-prefix
koubuzeyan	phrase-full
kouh	phrase-prefix
kouha	phrase-prefix
kouhao	phrase-full
koum	phrase-prefix
kouma	phrase-prefix
kouman	phrase-full
koy	adjacent-key
kpng	adjacent-key
kpu	adjacent-key
kq	phrase-initial
kqi	phrase-mixed
kr	adjacent-key,phrase-initial
kren	phrase-mixed
krn	adjacent-key
krng	adjacent-key
ks	adjacent-key
kseh	phrase-initial
kshangq	phrase-mixed
kshouehui	phrase-mixed
ksi	adjacent-key
ksn	adjacent-key
ksng	adjacent-key
kso	adjacent-key
ksouy	phrase-mixed
ksq	phrase-initial
ksy	phrase-initial
ku	adjacent-key,missing-letter,phrase-prefix,syllable,syllable-prefix
kua	missing-letter,phrase-prefix,syllable,syllable-prefix
kuab	adjacent-key
kuabg	adjacent-key
kuag	missing-letter
kuagn	transposed-letters
kuai	phrase-prefix,syllable
kuaim	phrase-prefix
kuaime	phrase-prefix
kuaimei	phrase-prefix
kuaimeiy	phrase-prefix
kuaimeiyo	phrase-prefix
kuaimeiyou	phrase-full
kuais	phrase-prefix
kuaish	phrase-prefix
kuaisha	phrase-prefix
kuaishan	phrase-prefix
kuaishang	phrase-prefix
kuaishangq	phrase-prefix
kuaishangqu	phrase-full
kuaix	phrase-prefix
kuaixu	phrase-prefix
kuaixue	phrase-prefix
kuaixues	phrase-prefix
kuaixuesh	phrase-prefix
kuaixueshi	phrase-prefix
kuaixueshiq	phrase-prefix
kuaixueshiqi	phrase-prefix
kuaixueshiqin	phrase-prefix
kuaixueshiqing	phrase-full
kuam	adjacent-key
kuamg	adjacent-key
kuan	adjacent-key,missing-letter,phrase-prefix,syllable,syllable-prefix
kuanf	adjacent-key
kuang	phrase-prefix,syllable
kuangh	phrase-prefix
kuanghu	phrase-prefix
kuanghua	phrase-full
kuanh	adjacent-key
kuao	adjacent-key
kuau	adjacent-key
kuax	phrase-prefix
kuaxi	phrase-prefix
kuaxia	phrase-full
kub	adjacent-key
kud	phrase-prefix
kude	phrase-full
kue	adjacent-key
kug	phrase-prefix
kuga	phrase-prefix
kugao	phrase-full
kuge	phrase-prefix
kugeg	phrase-prefix
kugego	phrase-prefix
kugegou	phrase-full
kugo	phrase-prefix
kugon	phrase-prefix
kugong	phrase-full
kui	adjacent-key,missing-letter,phrase-prefix,syllable
kuia	transposed-letters
kuic	phrase-prefix
kuich	phrase-prefix
kuicha	phrase-full
kuix	phrase-prefix
kuixi	phrase-prefix
kuixin	phrase-full
kuk	phrase-prefix
kuku	phrase-prefix
kukux	phrase-prefix
kukuxi	phrase-prefix
kukuxia	phrase-prefix
kukuxian	phrase-prefix
kukuxiang	phrase-prefix
kukuxiangq	phrase-prefix
kukuxiangqi	phrase-prefix
kukuxiangqiu	phrase-full
kum	adjacent-key
kun	adjacent-key,missing-letter,syllable
kuna	transposed-letters
kunag	transposed-letters
kung	missing-letter
kuo	adjacent-key,phrase-prefix,syllable,transposed-letters
kuoc	phrase-prefix
kuoch	phrase-prefix
kuocho	phrase-prefix
kuochon	phrase-prefix
kuochong	phrase-full,phrase-prefix
kuochongx	phrase-prefix
kuochongxi	phrase-prefix
kuochongxin	phrase-prefix
kuochongxing	phrase-full
kuoz	phrase-prefix
kuoze	phrase-prefix
kuozen	phrase-prefix
kuozeng	phrase-prefix
kuozengd	phrase-prefix
kuozengda	phrase-prefix
kuozengdao	phrase-full
kuozh	phrase-prefix
kuozha	phrase-prefix
kuozhan	phrase-prefix
kuozhang	phrase-prefix
kuozhangq	phrase-prefix
kuozhangqi	phrase-full
kup	adjacent-key
kus	adjacent-key
kusi	adjacent-key
kusn	adjacent-key
kusng	adjacent-key
kuu	adjacent-key
kv	adjacent-key
kvan	adjacent-key
kw	adjacent-key
kwn	adjacent-key
kwng	adjacent-key
kx	phrase-initial
kxia	phrase-mixed
kxiaq	phrase-mixed
kxin	phrase-mixed
kxq	phrase-initial
kxsq	phrase-initial
kxuesqing	phrase-mixed
ky	adjacent-key,phrase-initial
kya	adjacent-key
kyai	adjacent-key
kyan	adjacent-key
kyang	adjacent-key
kyao	phrase-mixed
kyi	adjacent-key
kyis	phrase-mixed
kyn	adjacent-key
kyo	adjacent-key
kys	phrase-initial
kz	phrase-initial
kzai	phrase-mixed
kzd	phrase-initial
kzeng	phrase-mixed
kzengd	phrase-mixed
kzhangq	phrase-mixed
kzjs	phrase-initial
kzq	phrase-initial
kzuojshou	phrase-mixed
l	adjacent-key,missing-letter,phrase-prefix,syllable,syllable-prefix
la	adjacent-key,missing-letter,phrase-prefix,syllable,syllable-prefix
lab	adjacent-key
labg	adjacent-key
lac	phrase-prefix
lach	phrase-prefix
lache	phrase-full
lag	missing-letter
lagn	transposed-letters
lai	adjacent-key,phrase-prefix,syllable,transposed-letters
laif	phrase-prefix
laifu	phrase-full
lain	transposed-letters
laing	transposed-letters
laio	transposed-letters
lam	adjacent-key
lamg	adjacent-key
lan	adjacent-key,missing-letter,phrase-prefix,syllable,syllable-prefix
land	phrase-prefix
landa	phrase-prefix
landao	phrase-full
lanf	adjacent-key
lang	adjacent-key,missing-letter,phrase-prefix,syllable
langh	phrase-prefix
langha	phrase-prefix
langhao	phrase-prefix
langhaog	phrase-prefix
langhaogu	phrase-prefix
langhaogui	phrase-prefix
langhaoguij	phrase-prefix
langhaoguiji	phrase-prefix
langhaoguijia	phrase-prefix
langhaoguijiao	phrase-full
lanh	adjacent-key
lank	phrase-prefix
lanka	phrase-prefix
lankan	phrase-full
lans	phrase-prefix
lansh	phrase-prefix
lanshe	phrase-prefix
lanshen	phrase-prefix
lansheng	phrase-full
lao	adjacent-key,missing-letter,phrase-prefix,syllable
laod	phrase-prefix
laodo	phrase-prefix
laodon	phrase-prefix
laodong	phrase-prefix
laodongf	phrase-prefix
laodongfa	phrase-full
laodongj	phrase-prefix
laodongju	phrase-full
laodongs	phrase-prefix
laodongsh	phrase-prefix
laodongshe	phrase-prefix
laodongshen	phrase-prefix
laodongsheng	phrase-prefix
laodongshengc	phrase-prefix
laodongshengch	phrase-prefix
laodongshengcha	phrase-prefix
laodongshengchan	phrase-prefix
laodongshengchanl	phrase-prefix
laodongshengchanli	phrase-full
laodou	phrase-prefix
laodouf	phrase-prefix
laodoufu	phrase-full
laof	phrase-prefix
laofu	phrase-full
laog	phrase-prefix
laoge	phrase-prefix
laogem	phrase-prefix
laogemi	phrase-prefix
laogemin	phrase-prefix
laogeming	phrase-full
laoh	phrase-prefix
laohu	phrase-prefix
laohua	phrase-prefix
laohuay	phrase-prefix
laohuaya	phrase-prefix
laohuayan	phrase-prefix
laohuayang	phrase-full
laok	phrase-prefix
laoku	phrase-prefix
laokug	phrase-prefix
laokugo	phrase-prefix
laokugon	phrase-prefix
laokugong	phrase-prefix
laokugongg	phrase-prefix
laokugongga	phrase-prefix
laokugonggao	phrase-full
laon	phrase-prefix
laoni	phrase-prefix
laonia	phrase-prefix
laonian	phrase-prefix
laonianq	phrase-prefix
laonianqi	phrase-full
laoq	phrase-prefix
laoqi	phrase-prefix
laoqin	phrase-prefix
laoqing	phrase-prefix
laoqingg	phrase-prefix
laoqingge	phrase-full
laos	phrase-prefix
laosh	phrase-prefix
laoshi	phrase-prefix
laoshij	phrase-prefix
laoshiji	phrase-prefix
laoshijia	phrase-prefix
laoshijiao	phrase-full
laot	phrase-prefix
laota	phrase-prefix
laotao	phrase-full
lap	adjacent-key
lau	adjacent-key
laun	transposed-letters
lavn	transposed-letters
lax	phrase-prefix
laxi	phrase-prefix
laxia	phrase-prefix
laxian	phrase-prefix
laxiang	phrase-full
lb	adjacent-key
lban	adjacent-key
lbeiz	phrase-mixed
lbz	phrase-initial
lc	adjacent-key,phrase-initial
lcan	adjacent-key
lcao	phrase-mixed
lchangz	phrase-mixed
lche	phrase-mixed
lci	phrase-mixed
lcz	phrase-initial
ld	phrase-initial
ldao	phrase-mixed
ldf	phrase-initial
ldingmzhong	phrase-mixed
ldj	phrase-initial
ldmz	phrase-initial
ldong	phrase-mixed
ldongf	phrase-mixed
ldongj	phrase-mixed
ldongschanl	phrase-mixed
ldouf	phrase-mixed
ldouz	phrase-mixed
ldscl	phrase-initial
lduo	phrase-mixed
ldz	phrase-initial
le	adjacent-key,missing-letter,phrase-prefix,syllable,syllable-prefix
lebg	adjacent-key
leg	missing-letter
legn	transposed-letters
lei	phrase-prefix,syllable,transposed-letters
leic	phrase-prefix
leici	phrase-full
leig	phrase-prefix
leigo	phrase-prefix
leigon	phrase-prefix
leigong	phrase-full
leil	phrase-prefix
leilu	phrase-prefix
leilua	phrase-prefix
leiluan	phrase-prefix
leiluanz	phrase-prefix
leiluanzh	phrase-prefix
leiluanzhi	phrase-prefix
leiluanzhiw	phrase-prefix
leiluanzhiwe	phrase-prefix
leiluanzhiwei	phrase-full
leit	phrase-prefix
leitu	phrase-prefix
leitui	phrase-full
lej	phrase-prefix
leji	phrase-prefix
lejia	phrase-prefix
lejian	phrase-full
lemg	adjacent-key
len	adjacent-key,missing-letter,syllable-prefix
lenf	adjacent-key
leng	adjacent-key,syllable
lenh	adjacent-key
leo	adjacent-key
leu	adjacent-key,transposed-letters
lf	phrase-initial
lfeng	phrase-mixed
lfenghming	phrase-mixed
lfengsji	phrase-mixed
lfhm	phrase-initial
lfsj	phrase-initial
lfu	phrase-mixed
lg	phrase-initial
lge	phrase-mixed
lgem	phrase-mixed
lgm	phrase-initial
lgong	phrase-mixed
lh	phrase-initial
lhanj	phrase-mixed
lhaogjiao	phrase-mixed
lhei	phrase-mixed
lhemlu	phrase-mixed
lhet	phrase-initial
lhetshi	phrase-mixed
lhgj	phrase-initial
lhj	phrase-initial
lhml	phrase-initial
lhougjia	phrase-mixed
lhts	phrase-initial
lhuangetao	phrase-mixed
lhuay	phrase-mixed
lhy	phrase-initial
li	adjacent-key,missing-letter,phrase-prefix,syllable,syllable-prefix
lia	missing-letter,phrase-prefix,syllable,syllable-prefix,transposed-letters
liab	adjacent-key
liabg	adjacent-key
liag	missing-letter
liagn	transposed-letters
liai	adjacent-key
liam	adjacent-key
liamg	adjacent-key
lian	adjacent-key,missing-letter,phrase-prefix,syllable,syllable-prefix
lianc	phrase-prefix
lianca	phrase-prefix
liancao	phrase-full
lianf	adjacent-key
liang	phrase-prefix,syllable
liangg	phrase-prefix
liangge	phrase-full
liangj	phrase-prefix
liangji	phrase-prefix
liangjia	phrase-prefix
liangjiaz	phrase-prefix
liangjiazi	phrase-prefix
liangjiazid	phrase-prefix
liangjiazidi	phrase-full
liangjie	phrase-full
liangm	phrase-prefix
liangmi	phrase-prefix
liangmin	phrase-full
liangx	phrase-prefix
liangxi	phrase-prefix
liangxin	phrase-prefix
liangxing	phrase-prefix
liangxingd	phrase-prefix
liangxingde	phrase-full
lianh	adjacent-key,phrase-prefix
lianhe	phrase-prefix
lianhem	phrase-prefix
lianhemu	phrase-prefix
lianhemul	phrase-prefix
lianhemulu	phrase-full
lianq	phrase-prefix
lianqi	phrase-prefix
lianqia	phrase-prefix
lianqian	phrase-prefix
lianqiang	phrase-prefix
lianqiangg	phrase-prefix
lianqianggu	phrase-prefix
lianqiangguo	phrase-prefix
lianqiangguoj	phrase-prefix
lianqiangguoji	phrase-full
liany	phrase-prefix
lianyi	phrase-prefix
lianyiq	phrase-prefix
lianyiqu	phrase-prefix
lianyiqun	phrase-full
lianz	phrase-prefix
lianzh	phrase-prefix
lianzhu	phrase-prefix
lianzhua	phrase-prefix
lianzhuan	phrase-prefix
lianzhuang	phrase-full
liao	phrase-prefix,syllable
liaod	phrase-prefix
liaodu	phrase-prefix
liaoduo	phrase-full
liaol	phrase-prefix
liaoli	phrase-prefix
liaolia	phrase-prefix
liaoliao	phrase-full
liaow	phrase-prefix
liaowu	phrase-full,phrase-prefix
liaowuh	phrase-prefix
liaowuhe	phrase-prefix
liaowuhen	phrase-prefix
liaowuhenj	phrase-prefix
liaowuhenji	phrase-full
liaoy	phrase-prefix
liaoyu	phrase-prefix
liaoyua	phrase-prefix
liaoyuan	phrase-full
liap	adjacent-key
lib	adjacent-key
libg	adjacent-key
lie	adjacent-key,phrase-prefix,syllable,transposed-letters
lied	phrase-prefix
liedi	phrase-prefix
liedin	phrase-prefix
lieding	phrase-prefix
liedingm	phrase-prefix
liedingmi	phrase-prefix
liedingmin	phrase-prefix
liedingming	phrase-prefix
liedingmingz	phrase-prefix
liedingmingzh	phrase-prefix
liedingmingzho	phrase-prefix
liedingmingzhon	phrase-prefix
liedingmingzhong	phrase-full
lien	phrase-prefix
lieni	phrase-prefix
lienin	phrase-prefix
liening	phrase-full
lieq	phrase-prefix
lieqi	phrase-prefix
lieqia	phrase-prefix
lieqian	phrase-prefix
lieqiang	phrase-full
liey	phrase-prefix
lieyu	phrase-prefix
lieyux	phrase-prefix
lieyuxi	phrase-prefix
lieyuxia	phrase-prefix
lieyuxian	phrase-prefix
lieyuxiang	phrase-full
liez	phrase-prefix
liezu	phrase-prefix
liezul	phrase-prefix
liezuli	phrase-prefix
liezulie	phrase-prefix
liezuliez	phrase-prefix
liezuliezo	phrase-prefix
liezuliezon	phrase-prefix
liezuliezong	phrase-full
lig	missing-letter
lign	transposed-letters
lih	phrase-prefix
lihe	phrase-prefix
lihei	phrase-full
lihet	phrase-prefix
liheti	phrase-prefix
lihetis	phrase-prefix
lihetish	phrase-prefix
lihetishi	phrase-full
lii	adjacent-key
lij	phrase-prefix
liji	phrase-prefix
lijia	phrase-prefix
lijian	phrase-prefix
lijians	phrase-prefix
lijiansh	phrase-prefix
lijianshi	phrase-prefix
lijianshih	phrase-prefix
lijianshihu	phrase-prefix
lijianshihui	phrase-full
lik	phrase-prefix
liko	phrase-prefix
likou	phrase-full
lil	phrase-prefix
lilu	phrase-prefix
lilun	phrase-prefix
lilunz	phrase-prefix
lilunzh	phrase-prefix
lilunzhi	phrase-full
lilv	phrase-full
lim	adjacent-key
limg	adjacent-key
lin	adjacent-key,missing-letter,phrase-prefix,syllable,syllable-prefix
lina	transposed-letters
linag	transposed-letters
linc	phrase-prefix
linch	phrase-prefix
lincha	phrase-prefix
linchan	phrase-prefix
linchang	phrase-prefix
linchangz	phrase-prefix
linchangzu	phrase-prefix
linchangzuo	phrase-full
linf	adjacent-key
ling	adjacent-key,missing-letter,phrase-prefix,syllable
lingd	phrase-prefix
lingdo	phrase-prefix
lingdon	phrase-prefix
lingdong	phrase-full
lingj	phrase-prefix
lingji	phrase-prefix
lingjin	phrase-prefix
lingjing	phrase-full
lings	phrase-prefix
lingsh	phrase-prefix
lingsho	phrase-prefix
lingshou	phrase-prefix
lingshoud	phrase-prefix
lingshoudi	phrase-prefix
lingshoudia	phrase-prefix
lingshoudian	phrase-full
lingx	phrase-prefix
lingxi	phrase-prefix
lingxia	phrase-prefix
lingxian	phrase-prefix
lingxiang	phrase-full,phrase-prefix
lingxiangh	phrase-prefix
lingxiangho	phrase-prefix
lingxianghou	phrase-full
linh	adjacent-key
linj	phrase-prefix
linji	phrase-prefix
linjiy	phrase-prefix
linjiyi	phrase-prefix
linjiyin	phrase-prefix
linjiying	phrase-prefix
linjiyingb	phrase-prefix
linjiyingbi	phrase-prefix
linjiyingbia	phrase-prefix
linjiyingbian	phrase-full
linju	phrase-full
linm	phrase-prefix
linme	phrase-prefix
linmen	phrase-full
lins	phrase-prefix
linsh	phrase-prefix
linshe	phrase-prefix
linshen	phrase-prefix
linshenl	phrase-prefix
linshenlv	phrase-prefix
linshenlvb	phrase-prefix
linshenlvbi	phrase-prefix
linshenlvbin	phrase-prefix
linshenlvbing	phrase-full
lio	adjacent-key,missing-letter
lioa	transposed-letters
lir	adjacent-key
lis	adjacent-key,phrase-prefix
lisn	adjacent-key
lisng	adjacent-key
liso	adjacent-key
lisu	phrase-prefix
lisuo	phrase-prefix
lisuom	phrase-prefix
lisuomi	phrase-prefix
lisuomin	phrase-prefix
lisuoming	phrase-prefix
lisuomingq	phrase-prefix
lisuomingqi	phrase-prefix
lisuomingqia	phrase-prefix
lisuomingqian	phrase-full
lit	phrase-prefix
litu	phrase-full
liu	adjacent-key,phrase-prefix,syllable
liuf	phrase-prefix
liufe	phrase-prefix
liufen	phrase-prefix
liufeng	phrase-prefix
liufengs	phrase-prefix
liufengsu	phrase-prefix
liufengsuo	phrase-prefix
liufengsuoj	phrase-prefix
liufengsuoji	phrase-full
liufu	phrase-full
liul	phrase-prefix
liula	phrase-prefix
liulan	phrase-full
liuli	phrase-prefix
liulia	phrase-prefix
liulian	phrase-full
lius	phrase-prefix
liusa	phrase-prefix
liusan	phrase-prefix
liusans	phrase-prefix
liusansa	phrase-prefix
liusansan	phrase-full
liush	phrase-prefix
liusha	phrase-prefix
liushan	phrase-prefix
liushang	phrase-prefix
liushangl	phrase-prefix
liushangla	phrase-prefix
liushanglai	phrase-full
liushu	phrase-full,phrase-prefix
liushui	phrase-prefix
liushuig	phrase-prefix
liushuiga	phrase-prefix
liushuigao	phrase-prefix
liushuigaos	phrase-prefix
liushuigaosh	phrase-prefix
liushuigaosha	phrase-prefix
liushuigaoshan	phrase-full
liux	phrase-prefix
liuxi	phrase-prefix
liuxia	phrase-prefix
liuxiao	phrase-prefix
liuxiaoc	phrase-prefix
liuxiaoch	phrase-prefix
liuxiaocha	phrase-prefix
liuxiaochak	phrase-prefix
liuxiaochaka	phrase-prefix
liuxiaochakan	phrase-full
liuz	phrase-prefix
liuzh	phrase-prefix
liuzha	phrase-prefix
liuzhan	phrase-prefix
liuzhang	phrase-full
liw	adjacent-key
lix	phrase-prefix
lixi	phrase-prefix
lixia	phrase-prefix
lixian	phrase-prefix
lixiang	phrase-full
lixiao	phrase-prefix
lixiaol	phrase-prefix
lixiaolo	phrase-prefix
lixiaolon	phrase-prefix
lixiaolong	phrase-full
lixin	phrase-prefix
lixiny	phrase-prefix
lixinyi	phrase-prefix
lixinyiy	phrase-prefix
lixinyiyu	phrase-prefix
lixinyiyua	phrase-prefix
lixinyiyuan	phrase-full
liy	adjacent-key,phrase-prefix
liyu	phrase-prefix
liyus	phrase-prefix
liyush	phrase-prefix
liyusha	phrase-prefix
liyushan	phrase-full
lj	phrase-initial
ljian	phrase-mixed
ljianshui	phrase-mixed
ljiazdi	phrase-mixed
ljie	phrase-mixed
ljing	phrase-mixed
ljiybian	phrase-mixed
ljsh	phrase-initial
lju	phrase-mixed
ljyb	phrase-initial
ljzd	phrase-initial
lk	phrase-initial
lkan	phrase-mixed
lkgg	phrase-initial
lkou	phrase-mixed
lkuggao	phrase-mixed
ll	phrase-initial
llan	phrase-mixed
llian	phrase-mixed
lliao	phrase-mixed
lluanzwei	phrase-mixed
llunz	phrase-mixed
llv	phrase-mixed
llz	phrase-initial
llzw	phrase-initial
lm	phrase-initial
lmen	phrase-mixed
lmin	phrase-mixed
ln	missing-letter,phrase-initial
lna	transposed-letters
lnag	transposed-letters
lneg	transposed-letters
lng	missing-letter
lni	transposed-letters
lnianq	phrase-mixed
lnig	transposed-letters
lning	phrase-mixed
lnog	transposed-letters
lnq	phrase-initial
lnu	transposed-letters
lo	adjacent-key,missing-letter,phrase-prefix,syllable-prefix
loa	adjacent-key,transposed-letters
loan	adjacent-key
loang	adjacent-key
loao	adjacent-key
lobg	adjacent-key
loe	adjacent-key
log	missing-letter
logn	transposed-letters
loi	adjacent-key
lomg	adjacent-key
lon	adjacent-key,missing-letter,syllable-prefix
lonf	adjacent-key
long	adjacent-key,syllable
lonh	adjacent-key
lou	adjacent-key,phrase-prefix,syllable,transposed-letters
loub	phrase-prefix
loube	phrase-prefix
loubei	phrase-prefix
loubeiz	phrase-prefix
loubeizh	phrase-prefix
loubeizhu	phrase-prefix
loubeizhua	phrase-prefix
loubeizhuan	phrase-prefix
loubeizhuang	phrase-full
louf	phrase-prefix
loufe	phrase-prefix
loufen	phrase-prefix
loufeng	phrase-full
loy	adjacent-key
lpng	adjacent-key
lpu	adjacent-key
lq	phrase-initial
lqg	phrase-initial
lqgj	phrase-initial
lqiang	phrase-mixed
lqianggji	phrase-mixed
lqingg	phrase-mixed
lr	adjacent-key
lri	adjacent-key
lrng	adjacent-key
ls	adjacent-key,phrase-initial
lsans	phrase-mixed
lsd	phrase-initial
lsgs	phrase-initial
lshangl	phrase-mixed
lsheng	phrase-mixed
lshenlbing	phrase-mixed
lshij	phrase-mixed
lshoud	phrase-mixed
lshu	phrase-mixed
lshuigshan	phrase-mixed
lsi	adjacent-key
lsj	phrase-initial
lsl	phrase-initial
lslb	phrase-initial
lsmq	phrase-initial
lsn	adjacent-key
lsng	adjacent-key
lso	adjacent-key
lss	phrase-initial
lsuomqian	phrase-mixed
lt	phrase-initial
ltao	phrase-mixed
lti	phrase-mixed
ltu	phrase-mixed
ltui	phrase-mixed
lu	adjacent-key,missing-letter,phrase-prefix,syllable,syllable-prefix
lua	adjacent-key,missing-letter,phrase-prefix,syllable-prefix
luab	adjacent-key
luai	adjacent-key
luam	adjacent-key
luan	adjacent-key,phrase-prefix,syllable
luanf	phrase-prefix
luanfe	phrase-prefix
luanfen	phrase-prefix
luanfeng	phrase-prefix
luanfengh	phrase-prefix
luanfenghe	phrase-prefix
luanfenghem	phrase-prefix
luanfenghemi	phrase-prefix
luanfenghemin	phrase-prefix
luanfengheming	phrase-full
luang	adjacent-key
luany	phrase-prefix
luanyu	phrase-prefix
luanyua	phrase-prefix
luanyuan	phrase-full
luao	adjacent-key
lub	adjacent-key
lue	adjacent-key,phrase-prefix,syllable
luey	phrase-prefix
lueyo	phrase-prefix
lueyou	phrase-prefix
lueyous	phrase-prefix
lueyousu	phrase-prefix
lueyousuo	phrase-prefix
lueyousuow	phrase-prefix
lueyousuowe	phrase-prefix
lueyousuowen	phrase-full
lui	adjacent-key,transposed-letters
lum	adjacent-key
lun	adjacent-key,missing-letter,syllable
luna	transposed-letters
lung	adjacent-key
luo	adjacent-key,phrase-prefix,syllable,transposed-letters
luoh	phrase-prefix
luoha	phrase-prefix
luohan	phrase-prefix
luohanj	phrase-prefix
luohanji	phrase-prefix
luohanjia	phrase-prefix
luohanjiao	phrase-full
luoho	phrase-prefix
luohou	phrase-prefix
luohoug	phrase-prefix
luohougu	phrase-prefix
luohouguo	phrase-prefix
luohouguoj	phrase-prefix
luohouguoji	phrase-prefix
luohouguojia	phrase-full
luohu	phrase-prefix
luohua	phrase-prefix
luohuan	phrase-prefix
luohuang	phrase-prefix
luohuange	phrase-prefix
luohuanger	phrase-prefix
luohuangert	phrase-prefix
luohuangerta	phrase-prefix
luohuangertao	phrase-full
luot	phrase-prefix
luoti	phrase-full
lup	adjacent-key
lur	adjacent-key
lusn	adjacent-key
luu	adjacent-key
luw	adjacent-key
luy	phrase-prefix
luyu	phrase-prefix
luyuh	phrase-prefix
luyuha	phrase-prefix
luyuhai	phrase-prefix
luyuhais	phrase-prefix
luyuhaish	phrase-prefix
luyuhaishi	phrase-full
lv	phrase-prefix,syllable,syllable-prefix
lva	missing-letter,syllable-prefix
lvab	adjacent-key
lvam	adjacent-key
lvan	syllable
lvd	phrase-prefix
lvdo	phrase-prefix
lvdou	phrase-prefix
lvdouz	phrase-prefix
lvdouzh	phrase-prefix
lvdouzho	phrase-prefix
lvdouzhou	phrase-full
lvh	phrase-prefix
lvhu	phrase-prefix
lvhua	phrase-prefix
lvhuay	phrase-prefix
lvhuayi	phrase-prefix
lvhuayin	phrase-full
lvn	missing-letter
lvna	transposed-letters
lvsn	adjacent-key
lw	adjacent-key,phrase-initial
lwhj	phrase-initial
lwi	adjacent-key
lwng	adjacent-key
lwu	phrase-mixed
lwuhji	phrase-mixed
lx	phrase-initial
lxck	phrase-initial
lxd	phrase-initial
lxh	phrase-initial
lxiang	phrase-mixed
lxiangh	phrase-mixed
lxiaockan	phrase-mixed
lxiaol	phrase-mixed
lxingd	phrase-mixed
lxinyyuan	phrase-mixed
lxl	phrase-initial
lxyy	phrase-initial
ly	adjacent-key,phrase-initial
lyan	adjacent-key
lye	adjacent-key
lyhs	phrase-initial
lyiq	phrase-mixed
lyn	adjacent-key
lyo	adjacent-key
lyouswen	phrase-mixed
lyq	phrase-initial
lys	phrase-initial
lysw	phrase-initial
lyuan	phrase-mixed
lyuhshi	phrase-mixed
lyus	phrase-mixed
lyux	phrase-mixed
lyx	phrase-initial
lz	phrase-initial
lzhang	phrase-mixed
lzhuang	phrase-mixed
lzlz	phrase-initial
lzulzong	phrase-mixed
m	adjacent-key,missing-letter,phrase-prefix,syllable,syllable-prefix
ma	adjacent-key,missing-letter,phrase-prefix,syllable,syllable-prefix
mab	adjacent-key,phrase-prefix
mabg	adjacent-key
mabi	phrase-prefix
mabib	phrase-prefix
mabibu	phrase-prefix
mabibur	phrase-prefix
mabibure	phrase-prefix
mabiburen	phrase-full
mae	phrase-prefix
maer	phrase-full
maf	phrase-prefix
mafe	phrase-prefix
mafen	phrase-prefix
mafeng	phrase-prefix
mafengy	phrase-prefix
mafengyu	phrase-prefix
mafengyua	phrase-prefix
mafengyuan	phrase-full
mag	missing-letter
magn	transposed-letters
mah	phrase-prefix
mahe	phrase-prefix
mahes	phrase-prefix
mahesh	phrase-prefix
maheshu	phrase-full
mai	adjacent-key,phrase-prefix,syllable
maid	phrase-prefix
maidu	phrase-prefix
maidua	phrase-prefix
maiduan	phrase-full
maik	phrase-prefix
maike	phrase-prefix
maikep	phrase-prefix
maikepo	phrase-prefix
maikepod	phrase-prefix
maikepodu	phrase-prefix
maikepodun	phrase-full
main	transposed-letters
maio	transposed-letters
mal	phrase-prefix
mala	phrase-prefix
malaj	phrase-prefix
malaji	phrase-prefix
malajia	phrase-full
mali	phrase-prefix
malil	phrase-prefix
malila	phrase-prefix
malilan	phrase-prefix
malilanz	phrase-prefix
malilanzh	phrase-prefix
malilanzho	phrase-prefix
malilanzhou	phrase-full
malix	phrase-prefix
malixu	phrase-prefix
malixue	phrase-prefix
malixuel	phrase-prefix
malixuela	phrase-prefix
malixuelai	phrase-full
mam	adjacent-key
mamg	adjacent-key
man	adjacent-key,missing-letter,phrase-prefix,syllable,syllable-prefix
manb	phrase-prefix
manbu	phrase-prefix
manbus	phrase-prefix
manbush	phrase-prefix
manbushi	phrase-full
manf	adjacent-key
mang	adjacent-key,syllable
manh	adjacent-key
manl	phrase-prefix
manli	phrase-prefix
manlia	phrase-prefix
manlian	phrase-prefix
manlianc	phrase-prefix
manlianch	phrase-prefix
manlianchu	phrase-prefix
manlianchun	phrase-prefix
manlianchunf	phrase-prefix
manlianchunfe	phrase-prefix
manlianchunfen	phrase-prefix
manlianchunfeng	phrase-full
manm	phrase-prefix
manma	phrase-prefix
manman	phrase-full
mann	phrase-prefix
manna	phrase-prefix
mannan	phrase-prefix
mannany	phrase-prefix
mannanyo	phrase-prefix
mannanyon	phrase-prefix
mannanyong	phrase-full
mant	phrase-prefix
mantu	phrase-prefix
mantuo	phrase-prefix
mantuol	phrase-prefix
mantuoli	phrase-prefix
mantuolin	phrase-prefix
mantuoling	phrase-full
manw	phrase-prefix
manwu	phrase-prefix
manwuz	phrase-prefix
manwuzh	phrase-prefix
manwuzhi	phrase-prefix
manwuzhij	phrase-prefix
manwuzhiji	phrase-prefix
manwuzhijin	phrase-prefix
manwuzhijing	phrase-full
mao	adjacent-key,missing-letter,phrase-prefix,syllable
maod	phrase-prefix
maoda	phrase-prefix
maodai	phrase-full
maodu	phrase-prefix
maodun	phrase-prefix
maodunb	phrase-prefix
maodunba	phrase-prefix
maodunbai	phrase-prefix
maodunbaic	phrase-prefix
maodunbaich	phrase-prefix
maodunbaichu	phrase-full
maoy	phrase-prefix
maoyi	phrase-prefix
maoyis	phrase-prefix
maoyish	phrase-prefix
maoyisha	phrase-prefix
maoyishan	phrase-prefix
maoyishang	phrase-full
maoyo	phrase-prefix
maoyon	phrase-prefix
maoyong	phrase-full
map	adjacent-key
mas	phrase-prefix
masa	phrase-prefix
masai	phrase-prefix
masaiz	phrase-prefix
masaizh	phrase-prefix
masaizhu	phrase-prefix
masaizhus	phrase-prefix
masaizhuse	phrase-prefix
masaizhusez	phrase-prefix
masaizhusezh	phrase-prefix
masaizhusezho	phrase-prefix
masaizhusezhou	phrase-full
mau	adjacent-key
may	phrase-prefix
mayi	phrase-prefix
mayin	phrase-prefix
maying	phrase-prefix
mayingd	phrase-prefix
mayingda	phrase-prefix
mayingdan	phrase-full
mayo	phrase-prefix
mayou	phrase-prefix
mayouj	phrase-prefix
mayouji	phrase-full
mbbr	phrase-initial
mbd	phrase-initial
mbibren	phrase-mixed
mbs	phrase-initial
mbud	phrase-mixed
mbus	phrase-mixed
mc	phrase-initial
mcaf	phrase-initial
mchaafang	phrase-mixed
mchou	phrase-mixed
md	phrase-initial
mdai	phrase-mixed
mdbc	phrase-initial
mde	phrase-mixed
mdew	phrase-mixed
mdi	phrase-mixed
mduan	phrase-mixed
mdunbchu	phrase-mixed
mdw	phrase-initial
me	adjacent-key,missing-letter,phrase-initial,phrase-prefix,syllable,syllable-prefix
meb	adjacent-key
mebg	adjacent-key
meg	missing-letter
megn	transposed-letters
mei	adjacent-key,phrase-prefix,syllable,transposed-letters
meic	phrase-prefix
meich	phrase-prefix
meicho	phrase-prefix
meichou	phrase-full
meid	phrase-prefix
meide	phrase-prefix
meidew	phrase-prefix
meidewa	phrase-prefix
meidewan	phrase-full
meig	phrase-prefix
meigu	phrase-prefix
meigui	phrase-prefix
meiguic	phrase-prefix
meiguich	phrase-prefix
meiguicha	phrase-prefix
meiguichan	phrase-prefix
meiguichang	phrase-prefix
meiguichangp	phrase-prefix
meiguichangpi	phrase-prefix
meiguichangpia	phrase-prefix
meiguichangpian	phrase-prefix
meiguichangpianh	phrase-prefix
meiguichangpianha	phrase-prefix
meiguichangpianhan	phrase-prefix
meiguichangpianhang	phrase-full
meij	phrase-prefix
meiji	phrase-full
meik	phrase-prefix
meike	phrase-prefix
meikee	phrase-prefix
meikeer	phrase-full
meil	phrase-prefix
meilu	phrase-prefix
meilun	phrase-prefix
meilunm	phrase-prefix
meilunme	phrase-prefix
meilunmei	phrase-prefix
meilunmeih	phrase-prefix
meilunmeihu	phrase-prefix
meilunmeihua	phrase-prefix
meilunmeihuan	phrase-full
meiq	phrase-prefix
meiqu	phrase-prefix
meiqua	phrase-prefix
meiquan	phrase-prefix
meiquanm	phrase-prefix
meiquanme	phrase-prefix
meiquanmei	phrase-prefix
meiquanmeis	phrase-prefix
meiquanmeish	phrase-prefix
meiquanmeishi	phrase-full
meir	phrase-prefix
meiru	phrase-prefix
meirut	phrase-prefix
meiruti	phrase-prefix
meirutia	phrase-prefix
meirutian	phrase-prefix
meirutianx	phrase-prefix
meirutianxi	phrase-prefix
meirutianxia	phrase-prefix
meirutianxian	phrase-full
meit	phrase-prefix
meiti	phrase-prefix
meitir	phrase-prefix
meitire	phrase-prefix
meitiren	phrase-full
meiw	phrase-prefix
meiwa	phrase-prefix
meiwan	phrase-full
meiy	phrase-prefix
meiyu	phrase-full
mem	adjacent-key
memg	adjacent-key
men	adjacent-key,missing-letter,phrase-prefix,syllable,syllable-prefix
menf	adjacent-key
meng	adjacent-key,phrase-prefix,syllable
mengj	phrase-prefix
mengju	phrase-prefix
mengjun	phrase-full
mengm	phrase-prefix
mengma	phrase-prefix
mengmai	phrase-full
mengn	phrase-prefix
mengna	phrase-prefix
mengnan	phrase-full
menh	adjacent-key
menz	phrase-prefix
menzh	phrase-prefix
menzhu	phrase-full
meo	adjacent-key
mer	phrase-mixed
meu	adjacent-key
mfengy	phrase-mixed
mfenl	phrase-mixed
mfl	phrase-initial
mfy	phrase-initial
mgaoy	phrase-mixed
mgcph	phrase-initial
mguicpianh	phrase-mixed
mgy	phrase-initial
mhes	phrase-mixed
mhs	phrase-initial
mi	adjacent-key,missing-letter,phrase-prefix,syllable,syllable-prefix
mia	missing-letter,phrase-prefix,syllable-prefix,transposed-letters
miab	adjacent-key
miai	adjacent-key
miam	adjacent-key
mian	adjacent-key,phrase-prefix,syllable
miang	adjacent-key
mianr	phrase-prefix
mianro	phrase-prefix
mianron	phrase-prefix
mianrong	phrase-full
miao	adjacent-key,phrase-prefix,syllable
miaol	phrase-prefix
miaoli	phrase-prefix
miaolig	phrase-prefix
miaoliga	phrase-prefix
miaoligao	phrase-prefix
miaoligaos	phrase-prefix
miaoligaosh	phrase-prefix
miaoligaosha	phrase-prefix
miaoligaoshan	phrase-prefix
miaoligaoshang	phrase-full
miaos	phrase-prefix
miaosh	phrase-prefix
miaoshu	phrase-full
miap	adjacent-key
mib	adjacent-key
mibg	adjacent-key
mie	adjacent-key,syllable,transposed-letters
mif	phrase-prefix
mife	phrase-prefix
mifen	phrase-prefix
mifenl	phrase-prefix
mifenli	phrase-prefix
mifenlia	phrase-prefix
mifenliao	phrase-full
mig	missing-letter,phrase-prefix
miga	phrase-prefix
migao	phrase-prefix
migaoy	phrase-prefix
migaoya	phrase-prefix
migaoyan	phrase-prefix
migaoyang	phrase-full
mign	transposed-letters
mii	adjacent-key
mij	phrase-prefix
miji	phrase-prefix
mijiq	phrase-prefix
mijiqu	phrase-full
mijiu	phrase-full
mim	adjacent-key
mimg	adjacent-key
min	adjacent-key,missing-letter,phrase-prefix,syllable,syllable-prefix
mina	transposed-letters
minf	adjacent-key
ming	adjacent-key,phrase-prefix,syllable
mingc	phrase-prefix
mingch	phrase-prefix
mingcha	phrase-prefix
mingchaa	phrase-prefix
mingchaan	phrase-prefix
mingchaanf	phrase-prefix
mingchaanfa	phrase-prefix
mingchaanfan	phrase-prefix
mingchaanfang	phrase-full
mingn	phrase-prefix
mingni	phrase-prefix
mingnis	phrase-prefix
mingnisu	phrase-prefix
mingnisud	phrase-prefix
mingnisuda	phrase-prefix
mingnisudah	phrase-prefix
mingnisudahu	phrase-prefix
mingnisudahui	phrase-prefix
mingnisudahuil	phrase-prefix
mingnisudahuila	phrase-prefix
mingnisudahuilan	phrase-prefix
mingnisudahuilang	phrase-full
mingr	phrase-prefix
mingre	phrase-prefix
mingren	phrase-full
mingx	phrase-prefix
mingxi	phrase-prefix
mingxia	phrase-prefix
mingxian	phrase-prefix
mingxiand	phrase-prefix
mingxiande	phrase-full
minh	adjacent-key
mins	phrase-prefix
minsu	phrase-full
miny	phrase-prefix
minyi	phrase-prefix
minyis	phrase-prefix
minyish	phrase-prefix
minyishi	phrase-prefix
minyishiw	phrase-prefix
minyishiwe	phrase-prefix
minyishiwei	phrase-prefix
minyishiweit	phrase-prefix
minyishiweiti	phrase-prefix
minyishiweitia	phrase-prefix
minyishiweitian	phrase-full
mio	missing-letter
mioa	transposed-letters
mir	adjacent-key
mis	phrase-prefix
mish	phrase-prefix
mishu	phrase-prefix
mishuc	phrase-prefix
mishuch	phrase-prefix
mishuchu	phrase-full
misn	adjacent-key
miso	adjacent-key
miu	adjacent-key,syllable
miw	adjacent-key
miy	adjacent-key
mj	phrase-initial
mji	phrase-mixed
mjia	phrase-mixed
mjiq	phrase-mixed
mjiu	phrase-mixed
mjq	phrase-initial
mju	phrase-mixed
mjun	phrase-mixed
mke	phrase-initial
mkee	phrase-mixed
mkepdun	phrase-mixed
mkpd	phrase-initial
ml	phrase-initial
mlaj	phrase-mixed
mlan	phrase-mixed
mlanj	phrase-mixed
mlcf	phrase-initial
mlgs	phrase-initial
mliancfeng	phrase-mixed
mligshang	phrase-mixed
mlilzhou	phrase-mixed
mlixlai	phrase-mixed
mlj	phrase-initial
mllz	phrase-initial
mlmh	phrase-initial
mlunmhuan	phrase-mixed
mlxl	phrase-initial
mm	phrase-initial
mmai	phrase-mixed
mmalbing	phrase-mixed
mman	phrase-mixed
mmatchengj	phrase-mixed
mmlb	phrase-initial
mmtcj	phrase-initial
mn	missing-letter,phrase-initial
mna	transposed-letters
mnag	transposed-letters
mnan	phrase-mixed
mnany	phrase-mixed
mne	transposed-letters
mneg	transposed-letters
mng	missing-letter
mni	transposed-letters
mnig	transposed-letters
mnisdahlang	phrase-mixed
mnsdhl	phrase-initial
mny	phrase-initial
mo	adjacent-key,missing-letter,phrase-prefix,syllable,syllable-prefix
moa	transposed-letters
moan	adjacent-key
moao	adjacent-key
mob	phrase-prefix
mobu	phrase-prefix
mobud	phrase-prefix
mobuda	phrase-prefix
mobudao	phrase-full
moe	adjacent-key
moi	adjacent-key
moj	phrase-prefix
moju	phrase-full
mom	phrase-prefix
moma	phrase-prefix
momal	phrase-prefix
momali	phrase-prefix
momalib	phrase-prefix
momalibi	phrase-prefix
momalibin	phrase-prefix
momalibing	phrase-full
mon	adjacent-key
mong	adjacent-key
mor	phrase-prefix
mora	phrase-prefix
moran	phrase-prefix
moranh	phrase-prefix
moranhu	phrase-prefix
moranhui	phrase-prefix
moranhuis	phrase-prefix
moranhuish	phrase-prefix
moranhuisho	phrase-prefix
moranhuishou	phrase-full
mos	phrase-prefix
mosh	phrase-prefix
moshi	phrase-prefix
moshij	phrase-prefix
moshiji	phrase-prefix
moshijia	phrase-prefix
moshijian	phrase-full
mosi	phrase-prefix
mosik	phrase-prefix
mosike	phrase-full
mou	adjacent-key,phrase-prefix,syllable
mouj	phrase-prefix
mouji	phrase-prefix
moujia	phrase-full
mouy	phrase-prefix
mouyi	phrase-full
mox	phrase-prefix
moxi	phrase-prefix
moxia	phrase-prefix
moxian	phrase-prefix
moxiang	phrase-full
moy	adjacent-key
mp	adjacent-key
mpu	adjacent-key
mqms	phrase-initial
mquanmshi	phrase-mixed
mr	adjacent-key,phrase-initial
mranhshou	phrase-mixed
mren	phrase-mixed
mrhs	phrase-initial
mri	adjacent-key
mrn	adjacent-key
mrng	adjacent-key
mrong	phrase-mixed
mrtx	phrase-initial
mrutxian	phrase-mixed
ms	adjacent-key,phrase-initial
msaizsez	phrase-mixed
msc	phrase-initial
mshij	phrase-mixed
mshu	phrase-mixed
mshuc	phrase-mixed
msi	adjacent-key
msik	phrase-mixed
msj	phrase-initial
msk	phrase-initial
msn	adjacent-key
msng	adjacent-key
mso	adjacent-key
msu	phrase-mixed
mszsz	phrase-initial
mtir	phrase-mixed
mtl	phrase-initial
mtr	phrase-initial
mtuol	phrase-mixed
mu	adjacent-key,missing-letter,phrase-prefix,syllable
muan	adjacent-key
muao	adjacent-key
mud	phrase-prefix
mude	phrase-full
mudi	phrase-full
mue	adjacent-key
mui	transposed-letters
mul	phrase-prefix
mula	phrase-prefix
mulan	phrase-full,phrase-prefix
mulanj	phrase-prefix
mulanju	phrase-prefix
mulanjun	phrase-full
mum	phrase-prefix
muma	phrase-prefix
mumat	phrase-prefix
mumatu	phrase-prefix
mumatuc	phrase-prefix
mumatuch	phrase-prefix
mumatuche	phrase-prefix
mumatuchen	phrase-prefix
mumatucheng	phrase-prefix
mumatuchengj	phrase-prefix
mumatuchengji	phrase-full
mun	adjacent-key
mung	adjacent-key
muo	adjacent-key,transposed-letters
mus	phrase-prefix
mush	phrase-prefix
mushu	phrase-full
muu	adjacent-key
muz	phrase-prefix
muzh	phrase-prefix
muzha	phrase-prefix
muzhag	phrase-prefix
muzhagu	phrase-prefix
muzhaguo	phrase-prefix
muzhaguoz	phrase-prefix
muzhaguozh	phrase-prefix
muzhaguozho	phrase-prefix
muzhaguozhon	phrase-prefix
muzhaguozhong	phrase-full
muzhi	phrase-prefix
muzhib	phrase-prefix
muzhibu	phrase-full
mv	adjacent-key
mw	adjacent-key,phrase-initial
mwan	phrase-mixed
mwi	adjacent-key
mwn	adjacent-key
mwng	adjacent-key
mwuzjing	phrase-mixed
mwzj	phrase-initial
mx	phrase-initial
mxd	phrase-initial
mxiand	phrase-mixed
mxiang	phrase-mixed
my	adjacent-key,phrase-initial
myd	phrase-initial
myi	phrase-mixed
myingd	phrase-mixed
myis	phrase-mixed
myisweit	phrase-mixed
myj	phrase-initial
myong	phrase-mixed
myouj	phrase-mixed
mys	phrase-initial
myswt	phrase-initial
myu	phrase-mixed
mz	phrase-initial
mzb	phrase-initial
mzgz	phrase-initial
mzhagzhong	phrase-mixed
mzhib	phrase-mixed
mzhu	phrase-mixed
n	adjacent-key,missing-letter,phrase-prefix,syllable,syllable-prefix
na	adjacent-key,missing-letter,phrase-prefix,syllable,syllable-prefix,transposed-letters
nab	adjacent-key
nabg	adjacent-key
nac	phrase-prefix
nacu	phrase-prefix
nacui	phrase-full
nad	phrase-prefix
nado	phrase-prefix
nadou	phrase-full
nag	missing-letter,transposed-letters
nagn	transposed-letters
nai	adjacent-key,phrase-prefix,syllable
nail	phrase-prefix
naili	phrase-prefix
nailia	phrase-prefix
nailian	phrase-prefix
nailiang	phrase-full
nain	transposed-letters
naing	transposed-letters
naio	transposed-letters
nais	phrase-prefix
naish	phrase-prefix
naishu	phrase-prefix
naishui	phrase-full
naj	phrase-prefix
naji	phrase-prefix
najiu	phrase-full
nam	adjacent-key,phrase-prefix
name	phrase-prefix
namej	phrase-prefix
nameji	phrase-prefix
namejiu	phrase-full
namg	adjacent-key
namo	phrase-full,phrase-prefix
namos	phrase-prefix
namosh	phrase-prefix
namoshu	phrase-prefix
namoshuo	phrase-full
namow	phrase-prefix
namowe	phrase-prefix
namowen	phrase-full
nan	adjacent-key,missing-letter,phrase-prefix,syllable,syllable-prefix
nanb	phrase-prefix
nanbi	phrase-prefix
nanbin	phrase-prefix
nanbing	phrase-prefix
nanbingy	phrase-prefix
nanbingya	phrase-prefix
nanbingyan	phrase-prefix
nanbingyang	phrase-full
nanf	adjacent-key
nang	adjacent-key,missing-letter,phrase-prefix,syllable
nangx	phrase-prefix
nangxi	phrase-full
nanh	adjacent-key
nann	phrase-prefix
nanna	phrase-prefix
nannan	phrase-prefix
nannanz	phrase-prefix
nannanzi	phrase-prefix
nannanziy	phrase-prefix
nannanziyu	phrase-full
nanp	phrase-prefix
nanpe	phrase-prefix
nanpei	phrase-prefix
nanpeij	phrase-prefix
nanpeiji	phrase-prefix
nanpeijia	phrase-prefix
nanpeijiao	phrase-full
nans	phrase-prefix
nansh	phrase-prefix
nanshe	phrase-full
nany	phrase-prefix
nanya	phrase-prefix
nanyan	phrase-prefix
nanyang	phrase-prefix
nanyangg	phrase-prefix
nanyanggu	phrase-prefix
nanyangguo	phrase-prefix
nanyangguoj	phrase-prefix
nanyangguoji	phrase-prefix
nanyangguojia	phrase-full
nao	adjacent-key,missing-letter,phrase-prefix,syllable
naob	phrase-prefix
naoba	phrase-full
naod	phrase-prefix
naoda	phrase-prefix
naodai	phrase-prefix
naodaig	phrase-prefix
naodaigu	phrase-prefix
naodaigua	phrase-full
nap	adjacent-key
nas	phrase-prefix
nasi	phrase-prefix
nasid	phrase-prefix
nasida	phrase-prefix
nasidak	phrase-prefix
nasidake	phrase-prefix
nasidakez	phrase-prefix
nasidakezh	phrase-prefix
nasidakezhi	phrase-prefix
nasidakezhis	phrase-prefix
nasidakezhish	phrase-prefix
nasidakezhishu	phrase-full
nau	adjacent-key
naun	transposed-letters
nb	adjacent-key,phrase-initial
nba	phrase-mixed
nbi	phrase-mixed
nbingy	phrase-mixed
nbk	phrase-initial
nbuk	phrase-mixed
nby	phrase-initial
nc	adjacent-key,phrase-initial
nchuxxing	phrase-mixed
ncui	phrase-mixed
ncxx	phrase-initial
nd	phrase-initial
ndaig	phrase-mixed
ndg	phrase-initial
ndou	phrase-mixed
ne	adjacent-key,missing-letter,phrase-prefix,syllable,syllable-prefix,transposed-letters
neb	adjacent-key
nebg	adjacent-key
neg	missing-letter,transposed-letters
negn	transposed-letters
nei	adjacent-key,phrase-prefix,syllable,transposed-letters
neic	phrase-prefix
neich	phrase-prefix
neichu	phrase-prefix
neichux	phrase-prefix
neichuxi	phrase-prefix
neichuxie	phrase-prefix
neichuxiex	phrase-prefix
neichuxiexi	phrase-prefix
neichuxiexin	phrase-prefix
neichuxiexing	phrase-full
neif	phrase-prefix
neife	phrase-prefix
neifen	phrase-prefix
neifenm	phrase-prefix
neifenmi	phrase-prefix
neifenmix	phrase-prefix
neifenmixi	phrase-prefix
neifenmixia	phrase-prefix
neifenmixian	phrase-full
neig	phrase-prefix
neige	phrase-full
neih	phrase-prefix
neihu	phrase-full
neim	phrase-prefix
neima	phrase-full
neiy	phrase-prefix
neiye	phrase-full
neiz	phrase-prefix
neizh	phrase-prefix
neizhu	phrase-full
nem	adjacent-key
nemg	adjacent-key
nen	adjacent-key,missing-letter,phrase-prefix,syllable,syllable-prefix
nenf	adjacent-key
neng	adjacent-key,phrase-prefix,syllable
nengs	phrase-prefix
nengsh	phrase-prefix
nengshu	phrase-prefix
nengshuo	phrase-prefix
nengshuon	phrase-prefix
nengshuone	phrase-prefix
nengshuonen	phrase-prefix
nengshuoneng	phrase-prefix
nengshuonengd	phrase-prefix
nengshuonengdu	phrase-full
nengx	phrase-prefix
nengxi	phrase-prefix
nengxie	phrase-prefix
nengxien	phrase-prefix
nengxiene	phrase-prefix
nengxienen	phrase-prefix
nengxieneng	phrase-prefix
nengxienengt	phrase-prefix
nengxienengti	phrase-prefix
nengxienengtin	phrase-prefix
nengxienengting	phrase-full
nenh	adjacent-key
neo	adjacent-key
neu	adjacent-key,transposed-letters
nf	phrase-initial
nfan	phrase-mixed
nfenmxian	phrase-mixed
nfl	phrase-initial
nfmx	phrase-initial
nful	phrase-mixed
ng	missing-letter,phrase-initial
nge	phrase-mixed
nh	phrase-initial
nhu	phrase-mixed
ni	adjacent-key,missing-letter,phrase-prefix,syllable,syllable-prefix
nia	missing-letter,phrase-prefix,syllable-prefix,transposed-letters
niab	adjacent-key
niabg	adjacent-key
niag	missing-letter
niagn	transposed-letters
niai	adjacent-key
niam	adjacent-key
niamg	adjacent-key
nian	adjacent-key,missing-letter,phrase-prefix,syllable,syllable-prefix
nianf	adjacent-key,phrase-prefix
nianfu	phrase-prefix
nianful	phrase-prefix
nianfuli	phrase-full
niang	adjacent-key,syllable
nianh	adjacent-key
nianj	phrase-prefix
nianji	phrase-prefix
nianjin	phrase-prefix
nianjing	phrase-full
nianm	phrase-prefix
nianmi	phrase-full
nianq	phrase-prefix
nianqi	phrase-full
nianz	phrase-prefix
nianzu	phrase-prefix
nianzuo	phrase-full
niao	adjacent-key,phrase-prefix,syllable
niaoj	phrase-prefix
niaoji	phrase-prefix
niaojia	phrase-prefix
niaojiao	phrase-prefix
niaojiaos	phrase-prefix
niaojiaosh	phrase-prefix
niaojiaoshe	phrase-prefix
niaojiaoshen	phrase-prefix
niaojiaosheng	phrase-full
niaok	phrase-prefix
niaoku	phrase-prefix
niaokua	phrase-prefix
niaokuan	phrase-prefix
niaokuang	phrase-full
niaow	phrase-prefix
niaowo	phrase-full
niap	adjacent-key
nib	adjacent-key
nibg	adjacent-key
nie	adjacent-key,syllable,transposed-letters
nif	phrase-prefix
nifa	phrase-prefix
nifan	phrase-full
nig	missing-letter
nign	transposed-letters
nii	adjacent-key
nim	adjacent-key,phrase-prefix
nimg	adjacent-key
nimi	phrase-prefix
nimin	phrase-prefix
niming	phrase-prefix
nimingb	phrase-prefix
nimingba	phrase-prefix
nimingban	phrase-full
nin	adjacent-key,missing-letter,phrase-prefix,syllable,syllable-prefix
nina	transposed-letters
ninag	transposed-letters
ninf	adjacent-key
ning	adjacent-key,missing-letter,phrase-prefix,syllable
nings	phrase-prefix
ningsh	phrase-prefix
ningshe	phrase-prefix
ningshen	phrase-prefix
ningshenj	phrase-prefix
ningshenji	phrase-prefix
ningshenjin	phrase-prefix
ningshenjing	phrase-prefix
ningshenjingt	phrase-prefix
ningshenjingti	phrase-prefix
ningshenjingtin	phrase-prefix
ningshenjingting	phrase-full
ningx	phrase-prefix
ningxi	phrase-prefix
ningxia	phrase-prefix
ningxiac	phrase-prefix
ningxiach	phrase-prefix
ningxiache	phrase-prefix
ningxiachen	phrase-prefix
ningxiacheng	phrase-full
ningz	phrase-prefix
ningzh	phrase-prefix
ningzho	phrase-prefix
ningzhon	phrase-prefix
ningzhong	phrase-full
ninh	adjacent-key
niny	phrase-prefix
ninya	phrase-prefix
ninyao	phrase-full
nio	adjacent-key,missing-letter
nioa	transposed-letters
nip	phrase-prefix
nipi	phrase-full
nir	adjacent-key
nisn	adjacent-key
nisng	adjacent-key
niso	adjacent-key
niu	adjacent-key,phrase-prefix,syllable
niur	phrase-prefix
niuro	phrase-prefix
niurou	phrase-prefix
niuroum	phrase-prefix
niuroumi	phrase-prefix
niuroumia	phrase-prefix
niuroumian	phrase-prefix
niuroumiant	phrase-prefix
niuroumianta	phrase-prefix
niuroumiantan	phrase-full
niut	phrase-prefix
niuto	phrase-prefix
niutou	phrase-prefix
niutoup	phrase-prefix
niutoupa	phrase-prefix
niutoupai	phrase-full
niuy	phrase-prefix
niuya	phrase-prefix
niuyao	phrase-full
niuyu	phrase-prefix
niuyue	phrase-prefix
niuyuek	phrase-prefix
niuyueke	phrase-full
niw	adjacent-key
nix	phrase-prefix
nixi	phrase-prefix
nixin	phrase-prefix
nixing	phrase-prefix
nixinge	phrase-prefix
nixinger	phrase-prefix
nixingerj	phrase-prefix
nixingerji	phrase-prefix
nixingerjin	phrase-full
niy	adjacent-key
nj	phrase-initial
njiaos	phrase-mixed
njing	phrase-mixed
njit	phrase-mixed
njiu	phrase-mixed
njix	phrase-mixed
njs	phrase-initial
njt	phrase-initial
njx	phrase-initial
nk	phrase-initial
nkuang	phrase-mixed
nl	phrase-initial
nliang	phrase-mixed
nlu	phrase-mixed
nm	phrase-initial
nma	phrase-mixed
nmb	phrase-initial
nmej	phrase-mixed
nmi	phrase-mixed
nmingb	phrase-mixed
nmj	phrase-initial
nmo	phrase-mixed
nmos	phrase-mixed
nmow	phrase-mixed
nms	phrase-initial
nmw	phrase-initial
nn	missing-letter
nna	transposed-letters
nnag	transposed-letters
nnanzyu	phrase-mixed
nne	transposed-letters
nneg	transposed-letters
nng	missing-letter
nni	transposed-letters
nnig	transposed-letters
nnog	transposed-letters
nnu	transposed-letters
nnzy	phrase-initial
no	adjacent-key,missing-letter,phrase-initial,phrase-prefix,syllable-prefix
noa	transposed-letters
noan	adjacent-key
noang	adjacent-key
noao	adjacent-key
nobg	adjacent-key
noe	adjacent-key
nog	missing-letter
nogn	transposed-letters
noi	adjacent-key
nomg	adjacent-key
non	adjacent-key,missing-letter,phrase-prefix,syllable-prefix
nonf	adjacent-key
nong	adjacent-key,phrase-prefix,syllable
nongb	phrase-prefix
nongbi	phrase-full
nongj	phrase-prefix
nongji	phrase-prefix
nongjit	phrase-prefix
nongjitu	phrase-prefix
nongjitua	phrase-prefix
nongjituan	phrase-full
nongjix	phrase-prefix
nongjixi	phrase-full
nongx	phrase-prefix
nongxu	phrase-prefix
nongxuz	phrase-prefix
nongxuzu	phrase-prefix
nongxuzuo	phrase-prefix
nongxuzuoj	phrase-prefix
nongxuzuoji	phrase-prefix
nongxuzuojia	phrase-full
nongy	phrase-prefix
nongye	phrase-prefix
nongyep	phrase-prefix
nongyepi	phrase-prefix
nongyepin	phrase-full
nongyi	phrase-prefix
nongyin	phrase-full
nonh	adjacent-key
nou	adjacent-key,phrase-mixed,syllable,transposed-letters
noy	adjacent-key
np	phrase-initial
npeij	phrase-mixed
npi	phrase-mixed
npj	phrase-initial
npng	adjacent-key
npu	adjacent-key
nq	phrase-initial
nqi	phrase-mixed
nqiangr	phrase-mixed
nqr	phrase-initial
nr	adjacent-key
nrenxhaidzhen	phrase-mixed
nri	adjacent-key
nrmt	phrase-initial
nrn	adjacent-key
nrng	adjacent-key
nroumtan	phrase-mixed
nrxhdz	phrase-initial
ns	adjacent-key,phrase-initial
nsdkzs	phrase-initial
nshe	phrase-mixed
nshenjting	phrase-mixed
nshou	phrase-mixed
nshui	phrase-mixed
nshuondu	phrase-mixed
nsi	adjacent-key
nsidkezshu	phrase-mixed
nsjt	phrase-initial
nsn	adjacent-key
nsnd	phrase-initial
nsng	adjacent-key
nso	adjacent-key
ntoup	phrase-mixed
ntp	phrase-initial
nu	adjacent-key,missing-letter,phrase-prefix,syllable,syllable-prefix
nua	missing-letter,phrase-prefix,syllable-prefix
nuab	adjacent-key
nuam	adjacent-key
nuan	adjacent-key,phrase-prefix,syllable
nuang	adjacent-key
nuanl	phrase-prefix
nuanlu	phrase-full
nuans	phrase-prefix
nuansh	phrase-prefix
nuansho	phrase-prefix
nuanshou	phrase-full
nuao	adjacent-key
nub	adjacent-key
nue	adjacent-key,syllable
nui	adjacent-key,transposed-letters
num	adjacent-key
nun	adjacent-key,missing-letter,syllable
nuna	transposed-letters
nung	adjacent-key
nuo	phrase-prefix,syllable,transposed-letters
nuob	phrase-prefix
nuobu	phrase-prefix
nuobuk	phrase-prefix
nuobuka	phrase-prefix
nuobukai	phrase-full
nuou	phrase-full
nup	adjacent-key
nur	adjacent-key
nusn	adjacent-key
nuu	adjacent-key
nuw	adjacent-key
nv	phrase-prefix,syllable
nvq	phrase-prefix
nvqi	phrase-prefix
nvqia	phrase-prefix
nvqian	phrase-prefix
nvqiang	phrase-prefix
nvqiangr	phrase-prefix
nvqiangre	phrase-prefix
nvqiangren	phrase-full
nvr	phrase-prefix
nvre	phrase-prefix
nvren	phrase-prefix
nvrenx	phrase-prefix
nvrenxi	phrase-prefix
nvrenxin	phrase-prefix
nvrenxinh	phrase-prefix
nvrenxinha	phrase-prefix
nvrenxinhai	phrase-prefix
nvrenxinhaid	phrase-prefix
nvrenxinhaidi	phrase-prefix
nvrenxinhaidiz	phrase-prefix
nvrenxinhaidizh	phrase-prefix
nvrenxinhaidizhe	phrase-prefix
nvrenxinhaidizhen	phrase-full
nvy	phrase-prefix
nvyo	phrase-prefix
nvyon	phrase-prefix
nvyong	phrase-prefix
nvyongr	phrase-prefix
nvyongre	phrase-prefix
nvyongren	phrase-full
nw	adjacent-key,phrase-initial
nwi	adjacent-key
nwn	adjacent-key
nwng	adjacent-key
nwo	phrase-mixed
nx	phrase-initial
nxc	phrase-initial
nxej	phrase-initial
nxi	phrase-mixed
nxiac	phrase-mixed
nxienting	phrase-mixed
nxingejin	phrase-mixed
nxnt	phrase-initial
nxuzjia	phrase-mixed
nxzj	phrase-initial
ny	adjacent-key,phrase-initial
nyan	adjacent-key
nyanggjia	phrase-mixed
nyao	phrase-mixed
nye	adjacent-key,phrase-mixed
nyep	phrase-mixed
nygj	phrase-initial
nyin	phrase-mixed
nyk	phrase-initial
nyn	adjacent-key
nyo	adjacent-key
nyongr	phrase-mixed
nyp	phrase-initial
nyr	phrase-initial
nyuek	phrase-mixed
nz	phrase-initial
nzhong	phrase-mixed
nzhu	phrase-mixed
nzuo	phrase-mixed
o	adjacent-key,missing-letter,syllable,syllable-prefix
oa	adjacent-key,transposed-letters
oai	adjacent-key
oan	adjacent-key
oang	adjacent-key
oao	adjacent-key
ob	transposed-letters
ocng	transposed-letters
ocu	transposed-letters
odng	transposed-letters
odu	transposed-letters
oei	adjacent-key
oen	adjacent-key
oeng	adjacent-key
of	transposed-letters
ofu	transposed-letters
ogng	transposed-letters
ogu	transposed-letters
ohng	transposed-letters
ohu	transposed-letters
oi	adjacent-key
oia	adjacent-key
oian	adjacent-key
oiao	adjacent-key
oie	adjacent-key
oin	adjacent-key
oing	adjacent-key
okng	transposed-letters
oku	transposed-letters
olng	transposed-letters
olu	transposed-letters
om	transposed-letters
omu	transposed-letters
ong	missing-letter
onng	transposed-letters
onu	transposed-letters
oo	adjacent-key
oou	adjacent-key
op	transposed-letters
opu	transposed-letters
orng	transposed-letters
oru	transposed-letters
osng	transposed-letters
osu	transposed-letters
otng	transposed-letters
otu	transposed-letters
ou	adjacent-key,missing-letter,syllable
ow	transposed-letters
oy	adjacent-key,transposed-letters
oyng	transposed-letters
oyu	transposed-letters
ozng	transposed-letters
ozu	transposed-letters
p	adjacent-key,missing-letter,phrase-prefix,syllable,syllable-prefix
pa	missing-letter,phrase-prefix,syllable,syllable-prefix
pab	adjacent-key
pabg	adjacent-key
pag	missing-letter
pagn	transposed-letters
pai	adjacent-key,phrase-prefix,syllable,transposed-letters
pain	transposed-letters
paio	transposed-letters
paiq	phrase-prefix
paiqu	phrase-full
pais	phrase-prefix
paish	phrase-prefix
paishu	phrase-prefix
paishui	phrase-prefix
paishuig	phrase-prefix
paishuigu	phrase-prefix
paishuigua	phrase-prefix
paishuiguan	phrase-full
paishuik	phrase-prefix
paishuiko	phrase-prefix
paishuikou	phrase-full
pam	adjacent-key
pamg	adjacent-key
pan	missing-letter,phrase-prefix,syllable,syllable-prefix
panf	adjacent-key
pang	phrase-prefix,syllable
pangh	phrase-prefix
panghu	phrase-prefix
panghua	phrase-prefix
panghuan	phrase-prefix
panghuang	phrase-full
panh	adjacent-key
pans	phrase-prefix
pansh	phrase-prefix
pansha	phrase-prefix
panshan	phrase-prefix
panshang	phrase-prefix
panshangl	phrase-prefix
panshangla	phrase-prefix
panshanglai	phrase-full
pansi	phrase-full
pany	phrase-mixed
panz	phrase-prefix
panzh	phrase-prefix
panzha	phrase-prefix
panzhan	phrase-prefix
panzhang	phrase-full
panzu	phrase-prefix
panzuo	phrase-prefix
panzuoz	phrase-prefix
panzuoza	phrase-prefix
panzuozai	phrase-full
pao	adjacent-key,missing-letter,phrase-prefix,syllable
paod	phrase-prefix
paode	phrase-full
paodi	phrase-prefix
paodia	phrase-prefix
paodiao	phrase-full
pap	adjacent-key
pau	adjacent-key
pay	phrase-initial
pb	phrase-initial
pbei	phrase-mixed
pben	phrase-mixed
pc	phrase-initial
pchuan	phrase-mixed
pcixlian	phrase-mixed
pcxl	phrase-initial
pd	phrase-initial
pdaotlang	phrase-mixed
pde	phrase-mixed
pdiao	phrase-mixed
pdtl	phrase-initial
pe	missing-letter,phrase-prefix,syllable-prefix
peb	adjacent-key
pebg	adjacent-key
peg	missing-letter
pegn	transposed-letters
pei	phrase-prefix,syllable,transposed-letters
peib	phrase-prefix
peibe	phrase-prefix
peiben	phrase-full
peix	phrase-prefix
peixi	phrase-prefix
peixia	phrase-prefix
peixiao	phrase-prefix
peixiaox	phrase-prefix
peixiaoxi	phrase-prefix
peixiaoxin	phrase-full
peiy	phrase-prefix
peiyi	phrase-prefix
peiyin	phrase-full
peiz	phrase-prefix
peizh	phrase-prefix
peizhi	phrase-full
pem	adjacent-key
pemg	adjacent-key
pen	missing-letter,phrase-prefix,syllable,syllable-prefix
penf	adjacent-key
peng	phrase-prefix,syllable
pengb	phrase-prefix
pengbe	phrase-prefix
pengbei	phrase-full
pengl	phrase-prefix
penglu	phrase-prefix
penglua	phrase-prefix
pengluan	phrase-full
penh	adjacent-key
peo	adjacent-key
peu	adjacent-key
pf	phrase-initial
pfei	phrase-mixed
pg	phrase-initial
pgu	phrase-mixed
pguo	phrase-mixed
ph	phrase-initial
phbl	phrase-initial
phuabli	phrase-mixed
phuang	phrase-mixed
pi	adjacent-key,missing-letter,phrase-prefix,syllable,syllable-prefix
pia	missing-letter,phrase-prefix,syllable,syllable-prefix,transposed-letters
piab	adjacent-key
piai	adjacent-key
piam	adjacent-key
pian	phrase-prefix,syllable
piang	phrase-prefix
piangu	phrase-prefix
pianguo	phrase-full
pianj	phrase-prefix
pianji	phrase-prefix
pianjia	phrase-prefix
pianjiao	phrase-full
pians	phrase-prefix
piansh	phrase-prefix
piansha	phrase-prefix
pianshan	phrase-prefix
pianshang	phrase-full
piao	phrase-prefix,syllable
piaoj	phrase-prefix
piaoju	phrase-full
piaoz	phrase-prefix
piaozi	phrase-full
piap	adjacent-key
pib	adjacent-key
pibg	adjacent-key
pic	phrase-prefix
pici	phrase-prefix
picix	phrase-prefix
picixu	phrase-prefix
picixun	phrase-prefix
picixunl	phrase-prefix
picixunli	phrase-prefix
picixunlia	phrase-prefix
picixunlian	phrase-full
pie	phrase-prefix,syllable,transposed-letters
piex	phrase-prefix
piexi	phrase-prefix
piexia	phrase-full
pig	missing-letter,phrase-prefix
pign	transposed-letters
pigu	phrase-full
pik	phrase-prefix
piku	phrase-prefix
pikun	phrase-full
pim	adjacent-key
pimg	adjacent-key
pin	missing-letter,phrase-prefix,syllable,syllable-prefix
pina	transposed-letters
pind	phrase-prefix
pinde	phrase-full
pinf	adjacent-key,phrase-prefix
pinfe	phrase-prefix
pinfei	phrase-full
ping	phrase-prefix,syllable
pinga	phrase-prefix
pingan	phrase-prefix
pingany	phrase-prefix
pinganye	phrase-full
pingn	phrase-prefix
pingni	phrase-full
pingt	phrase-prefix
pingta	phrase-prefix
pingtan	phrase-prefix
pingtans	phrase-prefix
pingtansh	phrase-prefix
pingtanshu	phrase-prefix
pingtanshun	phrase-prefix
pingtanshunc	phrase-prefix
pingtanshunch	phrase-prefix
pingtanshuncha	phrase-prefix
pingtanshunchan	phrase-prefix
pingtanshunchang	phrase-full
pingy	phrase-prefix
pingyi	phrase-prefix
pingyiw	phrase-prefix
pingyiwe	phrase-prefix
pingyiwei	phrase-prefix
pingyiweiy	phrase-prefix
pingyiweiyu	phrase-prefix
pingyiweiyua	phrase-prefix
pingyiweiyuan	phrase-full
pinh	adjacent-key,phrase-prefix
pinhu	phrase-prefix
pinhua	phrase-prefix
pinhuab	phrase-prefix
pinhuabo	phrase-prefix
pinhuabol	phrase-prefix
pinhuaboli	phrase-full
pinx	phrase-prefix
pinxi	phrase-prefix
pinxin	phrase-prefix
pinxing	phrase-prefix
pinxingy	phrase-prefix
pinxingyo	phrase-prefix
pinxingyou	phrase-prefix
pinxingyoul	phrase-prefix
pinxingyouli	phrase-prefix
pinxingyoulia	phrase-prefix
pinxingyoulian	phrase-prefix
pinxingyouliang	phrase-full
pio	missing-letter
pioa	transposed-letters
pir	adjacent-key
pis	adjacent-key,phrase-prefix
pish	phrase-prefix
pishi	phrase-prefix
pishim	phrase-prefix
pishimi	phrase-prefix
pishimit	phrase-prefix
pishimita	phrase-prefix
pishimitan	phrase-full
pisn	adjacent-key
piso	adjacent-key
piu	adjacent-key
piw	adjacent-key
pj	phrase-initial
pjiao	phrase-mixed
pju	phrase-mixed
pk	phrase-initial
pkun	phrase-mixed
pl	phrase-initial
plai	phrase-mixed
plm	phrase-initial
pluan	phrase-mixed
pluom	phrase-mixed
pn	missing-letter,phrase-initial
pna	transposed-letters
pnag	transposed-letters
pne	transposed-letters
pneg	transposed-letters
png	missing-letter
pni	phrase-mixed,transposed-letters
pnig	transposed-letters
po	adjacent-key,missing-letter,phrase-prefix,syllable,syllable-prefix
poa	adjacent-key,transposed-letters
poan	adjacent-key
poao	adjacent-key
poc	phrase-prefix
poch	phrase-prefix
pochu	phrase-prefix
pochua	phrase-prefix
pochuan	phrase-full
poe	adjacent-key
poi	adjacent-key
pol	phrase-prefix
polu	phrase-prefix
poluo	phrase-prefix
poluom	phrase-prefix
poluomi	phrase-full
pon	adjacent-key
pong	adjacent-key
poq	phrase-prefix
poqi	phrase-prefix
poqie	phrase-prefix
poqiex	phrase-prefix
poqiexu	phrase-prefix
poqiexuy	phrase-prefix
poqiexuya	phrase-prefix
poqiexuyao	phrase-full
pou	syllable
poy	adjacent-key,phrase-prefix
poyo	phrase-prefix
poyou	phrase-prefix
poyoux	phrase-prefix
poyouxi	phrase-prefix
poyouxin	phrase-prefix
poyouxinq	phrase-prefix
poyouxinqu	phrase-full
poz	phrase-prefix
pozh	phrase-prefix
pozhu	phrase-full
pp	adjacent-key
ppu	adjacent-key
pq	phrase-initial
pqiexyao	phrase-mixed
pqu	phrase-mixed
pqxy	phrase-initial
pri	adjacent-key
prn	adjacent-key
prng	adjacent-key
ps	adjacent-key,phrase-initial
psg	phrase-initial
pshang	phrase-mixed
pshangl	phrase-mixed
pshimtan	phrase-mixed
pshuig	phrase-mixed
pshuik	phrase-mixed
psi	adjacent-key,phrase-mixed
psk	phrase-initial
psl	phrase-initial
psmt	phrase-initial
psn	adjacent-key
psng	adjacent-key
pso	adjacent-key
ptanschang	phrase-mixed
ptis	phrase-mixed
pts	phrase-initial
ptsc	phrase-initial
pu	adjacent-key,missing-letter,phrase-prefix,syllable
pua	adjacent-key
puan	adjacent-key
puao	adjacent-key
pud	phrase-prefix
puda	phrase-prefix
pudao	phrase-prefix
pudaot	phrase-prefix
pudaota	phrase-prefix
pudaotai	phrase-prefix
pudaotail	phrase-prefix
pudaotaila	phrase-prefix
pudaotailan	phrase-prefix
pudaotailang	phrase-full
pue	adjacent-key
pul	phrase-prefix
pula	phrase-prefix
pulai	phrase-full
pun	adjacent-key
pung	adjacent-key
puo	transposed-letters
put	phrase-prefix
puti	phrase-prefix
putis	phrase-prefix
putish	phrase-prefix
putishu	phrase-full
puw	phrase-prefix
puwu	phrase-full
pw	phrase-initial
pwi	adjacent-key
pwn	adjacent-key
pwng	adjacent-key
pwu	phrase-mixed
px	phrase-initial
pxia	phrase-mixed
pxiaox	phrase-mixed
pxingyliang	phrase-mixed
pxx	phrase-initial
pxyl	phrase-initial
py	adjacent-key,phrase-initial
pyin	phrase-mixed
pyiwyuan	phrase-mixed
pyouxqu	phrase-mixed
pywy	phrase-initial
pyxq	phrase-initial
pz	phrase-initial
pzhang	phrase-mixed
pzhi	phrase-mixed
pzhu	phrase-mixed
pzi	phrase-mixed
pzuoz	phrase-mixed
pzz	phrase-initial
q	missing-letter,phrase-prefix,syllable-prefix
qa	adjacent-key,missing-letter,phrase-initial
qai	adjacent-key,phrase-mixed,transposed-letters
qain	transposed-letters
qaing	transposed-letters
qaio	transposed-letters
qan	adjacent-key,missing-letter
qang	adjacent-key,missing-letter
qao	missing-letter
qaun	transposed-letters
qb	phrase-initial
qbab	phrase-mixed
qbai	phrase-mixed
qbb	phrase-initial
qbenzmo	phrase-mixed
qbi	phrase-mixed
qbis	phrase-mixed
qbix	phrase-mixed
qbs	phrase-initial
qbuzren	phrase-mixed
qbx	phrase-initial
qbzm	phrase-initial
qbzr	phrase-initial
qc	phrase-initial
qcan	phrase-mixed
qch	phrase-initial
qchang	phrase-mixed
qcheng	phrase-mixed
qchepjian	phrase-mixed
qchu	phrase-mixed
qchuangh	phrase-mixed
qchutwai	phrase-mixed
qci	phrase-mixed
qcong	phrase-mixed
qcpj	phrase-initial
qctw	phrase-initial
qdaoz	phrase-mixed
qdhc	phrase-initial
qduanhchang	phrase-mixed
qdz	phrase-initial
qe	missing-letter
qei	adjacent-key,transposed-letters
qen	adjacent-key
qeng	adjacent-key
qeu	transposed-letters
qfand	phrase-mixed
qfd	phrase-initial
qfengx	phrase-mixed
qfnwwmzc	phrase-initial
qfunweiwmizchui	phrase-mixed
qfuztong	phrase-mixed
qfx	phrase-initial
qfzt	phrase-initial
qg	phrase-initial
qgen	phrase-mixed
qgongy	phrase-mixed
qguang	phrase-mixed
qgy	phrase-initial
qh	phrase-initial
qhaobran	phrase-mixed
qhbr	phrase-initial
qheng	phrase-mixed
qi	adjacent-key,missing-letter,phrase-prefix,syllable,syllable-prefix
qia	missing-letter,phrase-prefix,syllable,syllable-prefix
qiab	adjacent-key
qiabg	adjacent-key
qiag	missing-letter
qiagn	transposed-letters
qiai	adjacent-key
qiam	adjacent-key
qiamg	adjacent-key
qian	adjacent-key,missing-letter,phrase-prefix,syllable,syllable-prefix
qianb	phrase-prefix
qianbi	phrase-prefix
qianbis	phrase-prefix
qianbisi	phrase-full
qianbix	phrase-prefix
qianbixi	phrase-prefix
qianbixin	phrase-full
qianc	phrase-prefix
qianch	phrase-prefix
qiancha	phrase-prefix
qianchan	phrase-prefix
qianchang	phrase-full
qianche	phrase-prefix
qianchen	phrase-prefix
qiancheng	phrase-full
qiand	phrase-prefix
qiandu	phrase-prefix
qiandua	phrase-prefix
qianduan	phrase-prefix
qianduanh	phrase-prefix
qianduanho	phrase-prefix
qianduanhou	phrase-prefix
qianduanhouc	phrase-prefix
qianduanhouch	phrase-prefix
qianduanhoucha	phrase-prefix
qianduanhouchan	phrase-prefix
qianduanhouchang	phrase-full
qianf	adjacent-key
qiang	phrase-prefix,syllable
qiangb	phrase-prefix
qiangbi	phrase-full
qiangj	phrase-prefix
qiangji	phrase-prefix
qiangjiu	phrase-prefix
qiangjiur	phrase-prefix
qiangjiure	phrase-prefix
qiangjiuren	phrase-prefix
qiangjiurenz	phrase-prefix
qiangjiurenzh	phrase-prefix
qiangjiurenzhi	phrase-full
qiangl	phrase-prefix
qiangli	phrase-prefix
qianglie	phrase-full
qianglin	phrase-prefix
qianglind	phrase-prefix
qianglinda	phrase-prefix
qianglindan	phrase-prefix
qianglindany	phrase-prefix
qianglindanyu	phrase-full
qiangp	phrase-prefix
qiangpo	phrase-prefix
qiangpoz	phrase-prefix
qiangpozh	phrase-prefix
qiangpozhe	phrase-prefix
qiangpozhen	phrase-prefix
qiangpozheng	phrase-full
qiangz	phrase-prefix
qiangzh	phrase-prefix
qiangzha	phrase-prefix
qiangzhan	phrase-prefix
qiangzhanx	phrase-prefix
qiangzhanxi	phrase-prefix
qiangzhanxin	phrase-prefix
qiangzhanxing	phrase-full
qiangzhi	phrase-prefix
qiangzhiz	phrase-prefix
qiangzhizh	phrase-prefix
qiangzhizhi	phrase-prefix
qiangzhizhix	phrase-prefix
qiangzhizhixi	phrase-prefix
qiangzhizhixin	phrase-prefix
qiangzhizhixing	phrase-full
qiangzu	phrase-prefix
qiangzuo	phrase-full
qianh	adjacent-key
qiank	phrase-prefix
qianku	phrase-prefix
qiankun	phrase-full
qianl	phrase-prefix
qianli	phrase-prefix
qianlin	phrase-full
qianq	phrase-prefix
qianqi	phrase-prefix
qianqiu	phrase-prefix
qianqiuw	phrase-prefix
qianqiuwa	phrase-prefix
qianqiuwan	phrase-prefix
qianqiuwans	phrase-prefix
qianqiuwansh	phrase-prefix
qianqiuwanshi	phrase-full
qians	phrase-prefix
qiansh	phrase-prefix
qianshu	phrase-prefix
qianshui	phrase-prefix
qianshuif	phrase-prefix
qianshuifu	phrase-prefix
qianshuifub	phrase-prefix
qianshuifubi	phrase-prefix
qianshuifubin	phrase-prefix
qianshuifubing	phrase-full
qiansu	phrase-prefix
qiansuo	phrase-prefix
qiansuow	phrase-prefix
qiansuowe	phrase-prefix
qiansuowei	phrase-prefix
qiansuoweij	phrase-prefix
qiansuoweiji	phrase-prefix
qiansuoweijia	phrase-prefix
qiansuoweijian	phrase-full
qiant	phrase-prefix
qianta	phrase-prefix
qiantao	phrase-full
qianw	phrase-prefix
qianwa	phrase-prefix
qianwan	phrase-full
qianx	phrase-prefix
qianxi	phrase-prefix
qianxia	phrase-prefix
qianxial	phrase-prefix
qianxiala	phrase-prefix
qianxialai	phrase-full
qiany	phrase-prefix
qianyi	phrase-prefix
qianyin	phrase-full
qianyo	phrase-prefix
qianyon	phrase-prefix
qianyong	phrase-prefix
qianyongz	phrase-prefix
qianyongza	phrase-prefix
qianyongzai	phrase-prefix
qianyongzaid	phrase-prefix
qianyongzaida	phrase-prefix
qianyongzaidao	phrase-prefix
qianyongzaidaok	phrase-prefix
qianyongzaidaoko	phrase-prefix
qianyongzaidaokou	phrase-prefix
qianyongzaidaokous	phrase-prefix
qianyongzaidaokoush	phrase-prefix
qianyongzaidaokousha	phrase-prefix
qianyongzaidaokoushan	phrase-prefix
qianyongzaidaokoushang	phrase-full
qianyu	phrase-prefix
qianyue	phrase-prefix
qianyueg	phrase-prefix
qianyuegu	phrase-prefix
qianyueguo	phrase-full
qiao	phrase-prefix,syllable
qiaof	phrase-prefix
qiaofu	phrase-prefix
qiaofun	phrase-prefix
qiaofuna	phrase-prefix
qiaofunan	phrase-prefix
qiaofunanw	phrase-prefix
qiaofunanwe	phrase-prefix
qiaofunanwei	phrase-prefix
qiaofunanweiw	phrase-prefix
qiaofunanweiwu	phrase-prefix
qiaofunanweiwum	phrase-prefix
qiaofunanweiwumi	phrase-prefix
qiaofunanweiwumiz	phrase-prefix
qiaofunanweiwumizh	phrase-prefix
qiaofunanweiwumizhi	phrase-prefix
qiaofunanweiwumizhic	phrase-prefix
qiaofunanweiwumizhich	phrase-prefix
qiaofunanweiwumizhichu	phrase-prefix
qiaofunanweiwumizhichui	phrase-full
qiaom	phrase-prefix
qiaome	phrase-prefix
qiaomen	phrase-full
qiaox	phrase-prefix
qiaoxi	phrase-prefix
qiaoxia	phrase-prefix
qiaoxian	phrase-prefix
qiaoxiang	phrase-full
qiaoz	phrase-prefix
qiaozh	phrase-prefix
qiaozha	phrase-full
qiap	adjacent-key
qib	adjacent-key,phrase-prefix
qiba	phrase-prefix
qibab	phrase-prefix
qibaba	phrase-prefix
qibabai	phrase-full
qibai	phrase-full
qibe	phrase-prefix
qiben	phrase-prefix
qibenz	phrase-prefix
qibenzh	phrase-prefix
qibenzhu	phrase-prefix
qibenzhum	phrase-prefix
qibenzhumo	phrase-full
qibg	adjacent-key
qic	phrase-prefix
qica	phrase-prefix
qican	phrase-full
qich	phrase-prefix
qiche	phrase-prefix
qichen	phrase-prefix
qicheng	phrase-full
qichep	phrase-prefix
qichepe	phrase-prefix
qichepei	phrase-prefix
qichepeij	phrase-prefix
qichepeiji	phrase-prefix
qichepeijia	phrase-prefix
qichepeijian	phrase-full
qie	adjacent-key,phrase-prefix,syllable
qied	phrase-prefix
qieda	phrase-prefix
qiedao	phrase-prefix
qiedaoz	phrase-prefix
qiedaozu	phrase-prefix
qiedaozui	phrase-full
qief	phrase-prefix
qiefu	phrase-prefix
qiefuz	phrase-prefix
qiefuzh	phrase-prefix
qiefuzhi	phrase-prefix
qiefuzhit	phrase-prefix
qiefuzhito	phrase-prefix
qiefuzhiton	phrase-prefix
qiefuzhitong	phrase-full
qiej	phrase-prefix
qieji	phrase-prefix
qiejin	phrase-prefix
qiejinl	phrase-prefix
qiejinla	phrase-prefix
qiejinlai	phrase-full
qiex	phrase-prefix
qiexi	phrase-prefix
qiexia	phrase-prefix
qiexian	phrase-full
qig	missing-letter
qign	transposed-letters
qii	adjacent-key
qiing	adjacent-key
qij	phrase-prefix
qiji	phrase-prefix
qijiu	phrase-prefix
qijiuy	phrase-prefix
qijiuyi	phrase-prefix
qijiuyin	phrase-prefix
qijiuying	phrase-prefix
qijiuyingx	phrase-prefix
qijiuyingxi	phrase-prefix
qijiuyingxin	phrase-full
qik	phrase-prefix
qike	phrase-full
qim	adjacent-key,phrase-prefix
qima	phrase-prefix
qimao	phrase-full
qimg	adjacent-key
qin	adjacent-key,missing-letter,phrase-prefix,syllable,syllable-prefix
qina	transposed-letters
qinag	transposed-letters
qinf	adjacent-key,phrase-prefix
qinfa	phrase-prefix
qinfan	phrase-prefix
qinfand	phrase-prefix
qinfanda	phrase-prefix
qinfandao	phrase-full
qing	missing-letter,phrase-prefix,syllable
qinga	phrase-prefix
qingai	phrase-full
qingb	phrase-prefix
qingbu	phrase-prefix
qingbuz	phrase-prefix
qingbuzi	phrase-prefix
qingbuzir	phrase-prefix
qingbuzire	phrase-prefix
qingbuziren	phrase-full
qingc	phrase-prefix
qingci	phrase-full
qingf	phrase-prefix
qingfe	phrase-prefix
qingfen	phrase-prefix
qingfeng	phrase-prefix
qingfengx	phrase-prefix
qingfengxi	phrase-prefix
qingfengxia	phrase-full
qingg	phrase-prefix
qinggo	phrase-prefix
qinggon	phrase-prefix
qinggong	phrase-prefix
qinggongy	phrase-prefix
qinggongya	phrase-prefix
qinggongyan	phrase-full
qingj	phrase-prefix
qingju	phrase-prefix
qingjuj	phrase-prefix
qingjuji	phrase-prefix
qingjujia	phrase-prefix
qingjujian	phrase-prefix
qingjujianz	phrase-prefix
qingjujianzo	phrase-prefix
qingjujianzon	phrase-prefix
qingjujianzong	phrase-full
qingm	phrase-prefix
qingme	phrase-prefix
qingmei	phrase-full
qingmi	phrase-prefix
qingmin	phrase-prefix
qingming	phrase-prefix
qingmings	phrase-prefix
qingmingsh	phrase-prefix
qingmingshi	phrase-prefix
qingmingshij	phrase-prefix
qingmingshiji	phrase-prefix
qingmingshijie	phrase-full
qingp	phrase-prefix
qingpi	phrase-prefix
qingpia	phrase-prefix
qingpiao	phrase-full
qings	phrase-prefix
qingsa	phrase-prefix
qingsao	phrase-prefix
qingsaof	phrase-prefix
qingsaofu	phrase-full
qingsaom	phrase-prefix
qingsaoma	phrase-prefix
qingsaomal	phrase-prefix
qingsaomalu	phrase-full
qingx	phrase-prefix
qingxi	phrase-prefix
qingxin	phrase-prefix
qingxing	phrase-full
qingy	phrase-prefix
qingyi	phrase-prefix
qingyis	phrase-prefix
qingyish	phrase-prefix
qingyishe	phrase-prefix
qingyishen	phrase-prefix
qingyishenz	phrase-prefix
qingyishenzh	phrase-prefix
qingyishenzho	phrase-prefix
qingyishenzhon	phrase-prefix
qingyishenzhong	phrase-full
qingyu	phrase-prefix
qingyua	phrase-prefix
qingyuan	phrase-prefix
qingyuanz	phrase-prefix
qingyuanzi	phrase-full
qinh	adjacent-key
qinl	phrase-prefix
qinlu	phrase-prefix
qinlue	phrase-prefix
qinluec	phrase-prefix
qinluech	phrase-prefix
qinlueche	phrase-prefix
qinluechen	phrase-prefix
qinluecheng	phrase-prefix
qinluechengx	phrase-prefix
qinluechengxi	phrase-prefix
qinluechengxin	phrase-prefix
qinluechengxing	phrase-full
qinm	phrase-prefix
qinmu	phrase-prefix
qinmug	phrase-prefix
qinmugo	phrase-prefix
qinmugon	phrase-prefix
qinmugong	phrase-full
qinog	transposed-letters
qinx	phrase-prefix
qinxi	phrase-prefix
qinxid	phrase-prefix
qinxida	phrase-prefix
qinxidao	phrase-full
qiny	phrase-prefix
qinyu	phrase-prefix
qinyue	phrase-full
qio	missing-letter,phrase-prefix,syllable-prefix
qioa	transposed-letters
qiobg	adjacent-key
qiog	missing-letter
qiogn	transposed-letters
qiomg	adjacent-key
qion	missing-letter,phrase-prefix,syllable-prefix
qionf	adjacent-key
qiong	phrase-prefix,syllable
qiongg	phrase-prefix
qionggu	phrase-prefix
qionggua	phrase-prefix
qiongguan	phrase-prefix
qiongguang	phrase-full
qionh	adjacent-key
qip	phrase-prefix
qipa	phrase-prefix
qipao	phrase-prefix
qipaod	phrase-prefix
qipaodi	phrase-prefix
qipaodia	phrase-prefix
qipaodian	phrase-full
qipng	adjacent-key
qiq	phrase-prefix
qiqi	phrase-prefix
qiqia	phrase-prefix
qiqian	phrase-prefix
qiqiang	phrase-full
qiqid	phrase-prefix
qiqide	phrase-full
qir	adjacent-key
qis	adjacent-key
qisn	adjacent-key
qisng	adjacent-key
qiso	adjacent-key
qiu	phrase-prefix,syllable
qiuc	phrase-prefix
qiuch	phrase-prefix
qiuche	phrase-prefix
qiuchen	phrase-prefix
qiucheng	phrase-full
qiuchu	phrase-prefix
qiuchua	phrase-prefix
qiuchuan	phrase-prefix
qiuchuang	phrase-prefix
qiuchuangh	phrase-prefix
qiuchuanghu	phrase-prefix
qiuchuanghua	phrase-prefix
qiuchuanghuan	phrase-full
qiug	phrase-prefix
qiuge	phrase-prefix
qiugen	phrase-full
qiuh	phrase-prefix
qiuha	phrase-prefix
qiuhao	phrase-prefix
qiuhaob	phrase-prefix
qiuhaobu	phrase-prefix
qiuhaobur	phrase-prefix
qiuhaobura	phrase-prefix
qiuhaoburan	phrase-full
qiuy	phrase-prefix
qiuyi	phrase-prefix
qiuyin	phrase-full
qiuz	phrase-prefix
qiuzh	phrase-prefix
qiuzhu	phrase-prefix
qiuzhuw	phrase-prefix
qiuzhuwu	phrase-prefix
qiuzhuwum	phrase-prefix
qiuzhuwume	phrase-prefix
qiuzhuwumen	phrase-full
qiw	adjacent-key,phrase-prefix
qiwe	phrase-prefix
qiwen	phrase-full,phrase-prefix
qiweng	phrase-prefix
qiwengo	phrase-prefix
qiwengon	phrase-prefix
qiwengong	phrase-prefix
qiwengongs	phrase-prefix
qiwengongsh	phrase-prefix
qiwengongsha	phrase-prefix
qiwengongshan	phrase-prefix
qiwengongshang	phrase-full
qix	phrase-prefix
qixi	phrase-prefix
qixia	phrase-prefix
qixian	phrase-full,phrase-prefix
qixiang	phrase-prefix
qixiangw	phrase-prefix
qixiangwe	phrase-prefix
qixiangwei	phrase-prefix
qixiangweix	phrase-prefix
qixiangweixi	phrase-prefix
qixiangweixin	phrase-prefix
qixiangweixing	phrase-full
qixiao	phrase-prefix
qixiaos	phrase-prefix
qixiaosh	phrase-prefix
qixiaoshi	phrase-prefix
qixiaoshih	phrase-prefix
qixiaoshiho	phrase-prefix
qixiaoshihou	phrase-full
qiy	adjacent-key,phrase-prefix
qiyu	phrase-prefix
qiyua	phrase-prefix
qiyuan	phrase-full
qj	phrase-initial
qjian	phrase-mixed
qjie	phrase-mixed
qjing	phrase-mixed
qjinl	phrase-mixed
qjiurzhi	phrase-mixed
qjiuyxin	phrase-mixed
qjjz	phrase-initial
qjl	phrase-initial
qjrz	phrase-initial
qjujzong	phrase-mixed
qjyx	phrase-initial
qk	phrase-initial
qke	phrase-mixed
qkun	phrase-mixed
ql	phrase-initial
qlcx	phrase-initial
qldq	phrase-initial
qldy	phrase-initial
qleidqiang	phrase-mixed
qliang	phrase-mixed
qlie	phrase-mixed
qlin	phrase-mixed
qlindyu	phrase-mixed
qluecxing	phrase-mixed
qm	phrase-initial
qmao	phrase-mixed
qmei	phrase-mixed
qmen	phrase-mixed
qmg	phrase-initial
qmingsjie	phrase-mixed
qmsj	phrase-initial
qmug	phrase-mixed
qn	missing-letter
qng	missing-letter
qni	transposed-letters
qnig	transposed-letters
qnu	transposed-letters
qo	adjacent-key
qoa	adjacent-key
qoan	adjacent-key
qoang	adjacent-key
qoao	adjacent-key
qoe	adjacent-key
qoing	transposed-letters
qon	adjacent-key
qong	adjacent-key,missing-letter
qoong	adjacent-key
qou	adjacent-key
qp	phrase-initial
qpaod	phrase-mixed
qpd	phrase-initial
qpiao	phrase-mixed
qpoz	phrase-mixed
qpz	phrase-initial
qq	phrase-initial
qqd	phrase-initial
qqi	phrase-mixed
qqiang	phrase-mixed
qqid	phrase-mixed
qqiuwshi	phrase-mixed
qqws	phrase-initial
qs	phrase-initial
qsaof	phrase-mixed
qsaomlu	phrase-mixed
qsf	phrase-initial
qsfb	phrase-initial
qshan	phrase-mixed
qshuifbing	phrase-mixed
qsml	phrase-initial
qsuowjian	phrase-mixed
qswj	phrase-initial
qt	phrase-initial
qta	phrase-mixed
qtao	phrase-mixed
qtian	phrase-mixed
qu	adjacent-key,missing-letter,phrase-prefix,syllable,syllable-prefix
qua	adjacent-key,missing-letter,phrase-prefix,syllable-prefix
quab	adjacent-key
quam	adjacent-key
quan	adjacent-key,phrase-prefix,syllable
quang	adjacent-key
quanh	phrase-prefix
quanhe	phrase-prefix
quanhen	phrase-prefix
quanheng	phrase-full
quanj	phrase-prefix
quanji	phrase-prefix
quanjia	phrase-prefix
quanjian	phrase-full
quanl	phrase-prefix
quanle	phrase-prefix
quanlei	phrase-prefix
quanleid	phrase-prefix
quanleida	phrase-prefix
quanleidaq	phrase-prefix
quanleidaqi	phrase-prefix
quanleidaqia	phrase-prefix
quanleidaqian	phrase-prefix
quanleidaqiang	phrase-full
quanli	phrase-prefix
quanlia	phrase-prefix
quanlian	phrase-prefix
quanliang	phrase-full
quanq	phrase-prefix
quanqi	phrase-full
quant	phrase-prefix
quanta	phrase-full,phrase-prefix
quantao	phrase-full
quanti	phrase-prefix
quantia	phrase-prefix
quantian	phrase-full
quanw	phrase-prefix
quanwa	phrase-prefix
quanwai	phrase-prefix
quanwair	phrase-prefix
quanwaire	phrase-prefix
quanwairen	phrase-full
quao	adjacent-key
qub	adjacent-key
quc	phrase-prefix
quch	phrase-prefix
quchu	phrase-full,phrase-prefix
quchut	phrase-prefix
quchuti	phrase-prefix
quchutiw	phrase-prefix
quchutiwa	phrase-prefix
quchutiwai	phrase-full
quco	phrase-prefix
qucon	phrase-prefix
qucong	phrase-full
que	adjacent-key,syllable
qui	transposed-letters
quj	phrase-prefix
quji	phrase-prefix
qujie	phrase-full
qum	adjacent-key
qun	adjacent-key,missing-letter,phrase-prefix,syllable
quna	transposed-letters
qung	adjacent-key
qunj	phrase-prefix
qunji	phrase-prefix
qunjin	phrase-prefix
qunjing	phrase-full
quns	phrase-prefix
qunsh	phrase-prefix
qunsha	phrase-prefix
qunshan	phrase-full
qunx	phrase-prefix
qunxi	phrase-prefix
qunxin	phrase-prefix
qunxing	phrase-full
quong	adjacent-key
qur	adjacent-key
qusn	adjacent-key
quu	adjacent-key
quw	adjacent-key,phrase-prefix
quwe	phrase-prefix
quwei	phrase-prefix
quweij	phrase-prefix
quweiji	phrase-prefix
quweijin	phrase-prefix
quweijing	phrase-prefix
quweijings	phrase-prefix
quweijingsa	phrase-prefix
quweijingsai	phrase-full
quz	phrase-prefix
quzi	phrase-full
qw	phrase-initial
qwair	phrase-mixed
qwan	phrase-mixed
qweijsai	phrase-mixed
qwen	phrase-mixed
qwengshang	phrase-mixed
qwgs	phrase-initial
qwjs	phrase-initial
qwr	phrase-initial
qx	phrase-initial
qxd	phrase-initial
qxial	phrase-mixed
qxian	phrase-mixed
qxiang	phrase-mixed
qxiangwxing	phrase-mixed
qxiaoshou	phrase-mixed
qxid	phrase-mixed
qxing	phrase-mixed
qxl	phrase-initial
qxsh	phrase-initial
qxwx	phrase-initial
qy	adjacent-key,phrase-initial
qyan	adjacent-key
qye	adjacent-key
qyg	phrase-initial
qyin	phrase-mixed
qyiszhong	phrase-mixed
qyn	adjacent-key
qyongzdaokshang	phrase-mixed
qysz	phrase-initial
qyuan	phrase-mixed
qyuanz	phrase-mixed
qyue	phrase-mixed
qyueg	phrase-mixed
qyz	phrase-initial
qyzdks	phrase-initial
qz	phrase-initial
qzha	phrase-mixed
qzhanx	phrase-mixed
qzhizxing	phrase-mixed
qzhuwmen	phrase-mixed
qzi	phrase-mixed
qzuo	phrase-mixed
qzwm	phrase-initial
qzx	phrase-initial
qzzx	phrase-initial
r	adjacent-key,missing-letter,phrase-prefix,syllable-prefix
ra	adjacent-key,missing-letter,phrase-prefix,syllable-prefix
rab	adjacent-key
rabg	adjacent-key
rag	missing-letter
ragn	transposed-letters
rai	adjacent-key
ram	adjacent-key
ramg	adjacent-key
ran	adjacent-key,missing-letter,phrase-prefix,syllable,syllable-prefix
ranf	adjacent-key
rang	adjacent-key,phrase-prefix,syllable
rangq	phrase-prefix
rangqi	phrase-prefix
rangqil	phrase-prefix
rangqila	phrase-prefix
rangqilai	phrase-full
rangz	phrase-prefix
rangzu	phrase-prefix
rangzuo	phrase-full
ranh	adjacent-key
rao	adjacent-key,syllable
rap	adjacent-key
raun	transposed-letters
rc	phrase-initial
rchenx	phrase-mixed
rchong	phrase-mixed
rcx	phrase-initial
rdiant	phrase-mixed
rdt	phrase-initial
re	adjacent-key,missing-letter,phrase-prefix,syllable,syllable-prefix,transposed-letters
reb	adjacent-key
rebg	adjacent-key
rec	phrase-prefix
rech	phrase-prefix
reche	phrase-prefix
rechen	phrase-prefix
rechenx	phrase-prefix
rechenxi	phrase-prefix
rechenxin	phrase-full
red	phrase-prefix
redi	phrase-prefix
redia	phrase-prefix
redian	phrase-prefix
rediant	phrase-prefix
redianti	phrase-full
reg	missing-letter
regn	transposed-letters
reh	phrase-prefix
rehu	phrase-prefix
rehuo	phrase-prefix
rehuos	phrase-prefix
rehuosh	phrase-prefix
rehuosha	phrase-prefix
rehuoshan	phrase-prefix
rehuoshang	phrase-prefix
rehuoshangs	phrase-prefix
rehuoshangsh	phrase-prefix
rehuoshangshe	phrase-prefix
rehuoshangshen	phrase-full
rem	adjacent-key
remg	adjacent-key
ren	missing-letter,phrase-prefix,syllable,syllable-prefix
renf	adjacent-key
reng	adjacent-key,phrase-prefix,syllable
rengh	phrase-prefix
renghu	phrase-prefix
renghui	phrase-full
renh	adjacent-key
renk	phrase-prefix
renko	phrase-prefix
renkou	phrase-full
rens	phrase-prefix
rensu	phrase-prefix
rensua	phrase-prefix
rensuan	phrase-prefix
rensuanb	phrase-prefix
rensuanbu	phrase-prefix
rensuanbur	phrase-prefix
rensuanburu	phrase-full
rent	phrase-prefix
rento	phrase-prefix
rentou	phrase-prefix
rentoul	phrase-prefix
rentoulu	phrase-prefix
rentouluo	phrase-prefix
rentouluod	phrase-prefix
rentouluodi	phrase-full
renw	phrase-prefix
renwu	phrase-full
renx	phrase-prefix
renxi	phrase-prefix
renxia	phrase-prefix
renxial	phrase-prefix
renxiala	phrase-prefix
renxialai	phrase-full
renxin	phrase-prefix
renxing	phrase-prefix
renxingb	phrase-prefix
renxingbe	phrase-prefix
renxingben	phrase-prefix
renxingbene	phrase-full
reny	phrase-prefix
renya	phrase-prefix
renyan	phrase-prefix
renyanj	phrase-prefix
renyanji	phrase-prefix
renyanjij	phrase-prefix
renyanjiji	phrase-full
renyi	phrase-full
rex	phrase-prefix
rexi	phrase-prefix
rexia	phrase-full
rey	phrase-prefix
reyu	phrase-prefix
reyua	phrase-prefix
reyuan	phrase-full
rg	phrase-initial
rguang	phrase-mixed
rh	phrase-initial
rhss	phrase-initial
rhui	phrase-mixed
rhuosshen	phrase-mixed
ri	adjacent-key,missing-letter,phrase-prefix,syllable
rian	adjacent-key
riao	adjacent-key
rie	adjacent-key
rii	adjacent-key
rij	phrase-prefix
riji	phrase-prefix
rijia	phrase-prefix
rijian	phrase-full
rim	phrase-prefix
rimu	phrase-prefix
rimul	phrase-prefix
rimulu	phrase-prefix
rimuluy	phrase-prefix
rimuluyu	phrase-prefix
rimuluyua	phrase-prefix
rimuluyuan	phrase-full
rin	adjacent-key
ring	adjacent-key
rio	adjacent-key
riu	adjacent-key,transposed-letters
rj	phrase-initial
rjian	phrase-mixed
rjiu	phrase-mixed
rk	phrase-initial
rkou	phrase-mixed
rm	phrase-initial
rming	phrase-mixed
rmly	phrase-initial
rmulyuan	phrase-mixed
rn	adjacent-key,missing-letter,phrase-initial
rna	transposed-letters
rnag	transposed-letters
rne	transposed-letters
rneg	transposed-letters
rng	adjacent-key,missing-letter
rni	phrase-mixed
rnog	transposed-letters
rnu	transposed-letters
ro	adjacent-key,missing-letter,phrase-prefix,syllable-prefix
roa	transposed-letters
robg	adjacent-key
rog	missing-letter
rogn	transposed-letters
roi	adjacent-key
romg	adjacent-key
ron	missing-letter,phrase-prefix,syllable-prefix
ronf	adjacent-key
rong	adjacent-key,phrase-prefix,syllable
rongc	phrase-prefix
rongch	phrase-prefix
rongcho	phrase-prefix
rongchon	phrase-prefix
rongchong	phrase-full
rongw	phrase-prefix
rongwe	phrase-prefix
rongwei	phrase-full
ronh	adjacent-key
rou	adjacent-key,phrase-prefix,syllable,transposed-letters
roug	phrase-prefix
rougu	phrase-prefix
rougua	phrase-prefix
rouguan	phrase-prefix
rouguang	phrase-full
rour	phrase-prefix
rouru	phrase-prefix
rourua	phrase-prefix
rouruan	phrase-prefix
rouruand	phrase-prefix
rouruandu	phrase-full
rous	phrase-prefix
roush	phrase-prefix
rousha	phrase-prefix
roushan	phrase-full
rout	phrase-prefix
routi	phrase-prefix
routis	phrase-prefix
routish	phrase-prefix
routisha	phrase-prefix
routishan	phrase-prefix
routishang	phrase-full
roy	adjacent-key
rpng	adjacent-key
rpu	adjacent-key
rqil	phrase-mixed
rql	phrase-initial
rr	adjacent-key
rrd	phrase-initial
rrn	adjacent-key
rrng	adjacent-key
rruand	phrase-mixed
rs	phrase-initial
rsbr	phrase-initial
rshan	phrase-mixed
rshe	phrase-mixed
rshistang	phrase-mixed
rsn	adjacent-key
rsng	adjacent-key
rso	adjacent-key
rsst	phrase-initial
rsuanbru	phrase-mixed
rtis	phrase-mixed
rtld	phrase-initial
rtouldi	phrase-mixed
rts	phrase-initial
ru	adjacent-key,missing-letter,phrase-prefix,syllable,syllable-prefix
rua	missing-letter,syllable-prefix
ruab	adjacent-key
ruam	adjacent-key
ruan	adjacent-key,syllable
rub	adjacent-key
rui	adjacent-key,phrase-prefix,syllable
ruiy	phrase-prefix
ruiya	phrase-prefix
ruiyan	phrase-full
ruiyi	phrase-full
ruj	phrase-prefix
ruji	phrase-prefix
rujiu	phrase-full
rum	adjacent-key,phrase-prefix
rumi	phrase-prefix
rumin	phrase-prefix
ruming	phrase-full
run	adjacent-key,missing-letter,phrase-prefix,syllable
runa	transposed-letters
runi	phrase-full
runy	phrase-prefix
runyu	phrase-prefix
runyue	phrase-full
ruo	adjacent-key,phrase-prefix,syllable,transposed-letters
ruow	phrase-prefix
ruowu	phrase-prefix
ruowuq	phrase-prefix
ruowuqi	phrase-prefix
ruowuqis	phrase-prefix
ruowuqish	phrase-prefix
ruowuqishi	phrase-full
ruoy	phrase-prefix
ruoyo	phrase-prefix
ruoyou	phrase-prefix
ruoyouq	phrase-prefix
ruoyouqi	phrase-prefix
ruoyouqis	phrase-prefix
ruoyouqish	phrase-prefix
ruoyouqishi	phrase-full
rup	adjacent-key
rus	phrase-prefix
rush	phrase-prefix
rushe	phrase-full
rushi	phrase-prefix
rushis	phrase-prefix
rushish	phrase-prefix
rushishe	phrase-prefix
rushishen	phrase-prefix
rushisheng	phrase-prefix
rushishengt	phrase-prefix
rushishengta	phrase-prefix
rushishengtan	phrase-prefix
rushishengtang	phrase-full
rusn	adjacent-key
ruu	adjacent-key
rux	phrase-prefix
ruxi	phrase-prefix
ruxia	phrase-prefix
ruxian	phrase-prefix
ruxiany	phrase-prefix
ruxianya	phrase-prefix
ruxianyan	phrase-full
ruxu	phrase-prefix
ruxua	phrase-prefix
ruxuan	phrase-prefix
ruxuanw	phrase-prefix
ruxuanwe	phrase-prefix
ruxuanwei	phrase-full
ruz	phrase-prefix
ruzi	phrase-full
rw	adjacent-key,phrase-initial
rwei	phrase-mixed
rwn	adjacent-key
rwng	adjacent-key
rwqs	phrase-initial
rwu	phrase-mixed
rwuqshi	phrase-mixed
rx	phrase-initial
rxbe	phrase-initial
rxia	phrase-mixed
rxial	phrase-mixed
rxiany	phrase-mixed
rxingbe	phrase-mixed
rxl	phrase-initial
rxuanw	phrase-mixed
rxw	phrase-initial
rxy	phrase-initial
ry	adjacent-key,phrase-initial
ryan	adjacent-key,phrase-mixed
ryanjji	phrase-mixed
ryi	adjacent-key,phrase-mixed
ryjj	phrase-initial
ryn	adjacent-key
ryo	adjacent-key
ryouqshi	phrase-mixed
ryqs	phrase-initial
ryuan	phrase-mixed
ryue	phrase-mixed
rz	phrase-initial
rzi	phrase-mixed
rzuo	phrase-mixed
s	adjacent-key,missing-letter,phrase-prefix,syllable-prefix
sa	adjacent-key,missing-letter,phrase-prefix,syllable,syllable-prefix
sab	adjacent-key
sabg	adjacent-key
sag	missing-letter
sagn	transposed-letters
sah	transposed-letters
sahi	transposed-letters
sahn	transposed-letters
sahng	transposed-letters
saho	transposed-letters
sai	adjacent-key,missing-letter,syllable
sam	adjacent-key
samg	adjacent-key
san	adjacent-key,missing-letter,phrase-prefix,syllable,syllable-prefix
sanb	phrase-prefix
sanba	phrase-prefix
sanbao	phrase-prefix
sanbaot	phrase-prefix
sanbaota	phrase-prefix
sanbaotai	phrase-prefix
sanbaotaij	phrase-prefix
sanbaotaiji	phrase-prefix
sanbaotaijia	phrase-prefix
sanbaotaijian	phrase-full
sanc	phrase-prefix
sanch	phrase-prefix
sancha	phrase-prefix
sanchal	phrase-prefix
sanchalu	phrase-full
sanchan	phrase-prefix
sanchang	phrase-prefix
sanchangs	phrase-prefix
sanchangsi	phrase-prefix
sanchangsid	phrase-prefix
sanchangsidu	phrase-prefix
sanchangsidua	phrase-prefix
sanchangsiduan	phrase-full
sand	phrase-prefix
sandi	phrase-prefix
sandia	phrase-prefix
sandian	phrase-prefix
sandians	phrase-prefix
sandiansh	phrase-prefix
sandianshi	phrase-full
sandim	phrase-prefix
sandime	phrase-prefix
sandimen	phrase-full
sanf	adjacent-key
sang	adjacent-key,missing-letter,phrase-prefix,syllable
sangq	phrase-prefix
sangqi	phrase-full
sangy	phrase-prefix
sangye	phrase-full
sanh	adjacent-key
sanj	phrase-prefix
sanju	phrase-prefix
sanjue	phrase-prefix
sanjuew	phrase-prefix
sanjuewe	phrase-prefix
sanjuewei	phrase-full
sanjuq	phrase-prefix
sanjuqi	phrase-prefix
sanjuqin	phrase-prefix
sanjuqing	phrase-prefix
sanjuqinga	phrase-prefix
sanjuqingan	phrase-full
sanl	phrase-prefix
sanli	phrase-prefix
sanlin	phrase-prefix
sanling	phrase-prefix
sanlingw	phrase-prefix
sanlingwu	phrase-prefix
sanlingwus	phrase-prefix
sanlingwush	phrase-prefix
sanlingwushe	phrase-prefix
sanlingwushen	phrase-full
sanlu	phrase-prefix
sanluo	phrase-full
sans	phrase-prefix
sansh	phrase-prefix
sanshe	phrase-prefix
sanshen	phrase-full
sant	phrase-prefix
santa	phrase-prefix
santai	phrase-prefix
santail	phrase-prefix
santaili	phrase-prefix
santailia	phrase-prefix
santailian	phrase-prefix
santailianb	phrase-prefix
santailianbo	phrase-full
sanx	phrase-prefix
sanxi	phrase-prefix
sanxia	phrase-prefix
sanxian	phrase-prefix
sanxianq	phrase-prefix
sanxianqi	phrase-prefix
sanxianqin	phrase-full
sany	phrase-prefix
sanyi	phrase-full
sanyu	phrase-prefix
sanyua	phrase-prefix
sanyuan	phrase-full
sanz	phrase-prefix
sanzh	phrase-prefix
sanzha	phrase-prefix
sanzhan	phrase-prefix
sanzhang	phrase-prefix
sanzhangz	phrase-prefix
sanzhangzh	phrase-prefix
sanzhangzhi	phrase-full
sao	adjacent-key,missing-letter,syllable
sap	adjacent-key
sas	phrase-prefix
sash	phrase-prefix
sashu	phrase-prefix
sashui	phrase-prefix
sashuiq	phrase-prefix
sashuiqi	phrase-full
sau	adjacent-key
saun	transposed-letters
sb	phrase-initial
sbaotjian	phrase-mixed
sbei	phrase-mixed
sbtj	phrase-initial
sc	phrase-initial
scb	phrase-initial
scej	phrase-initial
sceng	phrase-mixed
scf	phrase-initial
schal	phrase-mixed
schangsduan	phrase-mixed
schanjjin	phrase-mixed
schenb	phrase-mixed
scheng	phrase-mixed
schenglban	phrase-mixed
schi	phrase-mixed
schongejiao	phrase-mixed
schunf	phrase-mixed
schuytiaoslu	phrase-mixed
schuzkang	phrase-mixed
scjj	phrase-initial
scl	phrase-initial
sclb	phrase-initial
scsd	phrase-initial
scytsl	phrase-initial
sczk	phrase-initial
sd	phrase-initial
sda	phrase-mixed
sdai	phrase-mixed
sdaih	phrase-mixed
sdan	phrase-mixed
sdaorjin	phrase-mixed
sdh	phrase-initial
sdians	phrase-mixed
sdianwsi	phrase-mixed
sdim	phrase-mixed
sdm	phrase-initial
sdong	phrase-mixed
sdqc	phrase-initial
sdrj	phrase-initial
sds	phrase-initial
sduanqchang	phrase-mixed
sdui	phrase-mixed
sdws	phrase-initial
se	adjacent-key,missing-letter,phrase-initial,phrase-mixed,phrase-prefix,syllable,syllable-prefix
seb	adjacent-key
sebg	adjacent-key
seg	missing-letter,phrase-prefix
segn	transposed-letters
segu	phrase-prefix
segua	phrase-prefix
seguan	phrase-prefix
seguang	phrase-full
seh	transposed-letters
sehi	transposed-letters
sehn	transposed-letters
sehng	transposed-letters
sei	adjacent-key,missing-letter,syllable
sem	adjacent-key
semg	adjacent-key
sen	missing-letter,syllable,syllable-prefix
senf	adjacent-key
seng	adjacent-key,missing-letter,syllable
senh	adjacent-key
seo	adjacent-key
sersxiao	phrase-mixed
ses	phrase-prefix
sese	phrase-prefix
seses	phrase-prefix
sesesu	phrase-prefix
sesesuo	phrase-prefix
sesesuos	phrase-prefix
sesesuosu	phrase-prefix
sesesuosuo	phrase-full
sesx	phrase-initial
seu	adjacent-key
sf	phrase-initial
sfu	phrase-mixed
sg	phrase-initial
sga	adjacent-key
sgai	adjacent-key
sgan	adjacent-key,phrase-mixed
sgang	adjacent-key
sgao	adjacent-key,phrase-mixed
sge	adjacent-key,phrase-mixed
sgei	adjacent-key,phrase-mixed
sgen	adjacent-key
sgeng	adjacent-key
sgf	phrase-initial
sgi	adjacent-key
sgou	adjacent-key
sgu	adjacent-key,phrase-mixed
sgua	adjacent-key,phrase-mixed
sguai	adjacent-key
sguan	adjacent-key
sguang	adjacent-key,phrase-mixed
sgui	adjacent-key
sgun	adjacent-key
sguo	adjacent-key,phrase-mixed
sguof	phrase-mixed
sh	missing-letter,phrase-initial,phrase-prefix,syllable-prefix
sha	missing-letter,phrase-prefix,syllable,syllable-prefix
shab	adjacent-key
shabg	adjacent-key
shac	phrase-prefix
shach	phrase-prefix
shache	phrase-prefix
shachen	phrase-prefix
shachenb	phrase-prefix
shachenba	phrase-prefix
shachenbao	phrase-full
shachu	phrase-prefix
shachuy	phrase-prefix
shachuyi	phrase-prefix
shachuyit	phrase-prefix
shachuyiti	phrase-prefix
shachuyitia	phrase-prefix
shachuyitiao	phrase-prefix
shachuyitiaos	phrase-prefix
shachuyitiaosh	phrase-prefix
shachuyitiaoshe	phrase-prefix
shachuyitiaoshen	phrase-prefix
shachuyitiaosheng	phrase-prefix
shachuyitiaoshengl	phrase-prefix
shachuyitiaoshenglu	phrase-full
shad	phrase-prefix
shada	phrase-prefix
shadai	phrase-full
shadu	phrase-prefix
shadui	phrase-full
shag	missing-letter
shagn	transposed-letters
shai	adjacent-key,missing-letter,syllable
shaj	phrase-prefix
shaji	phrase-prefix
shajij	phrase-prefix
shajiji	phrase-prefix
shajijin	phrase-prefix
shajijing	phrase-prefix
shajijingh	phrase-prefix
shajijingho	phrase-prefix
shajijinghou	phrase-full
shal	phrase-prefix
shala	phrase-prefix
shalao	phrase-prefix
shalaoy	phrase-prefix
shalaoyu	phrase-prefix
shalaoyue	phrase-full
sham	adjacent-key,phrase-prefix
shamg	adjacent-key
shami	phrase-full
shan	missing-letter,phrase-mixed,phrase-prefix,syllable,syllable-prefix
shand	phrase-prefix
shando	phrase-prefix
shandon	phrase-prefix
shandong	phrase-full
shanf	adjacent-key
shang	missing-letter,phrase-mixed,phrase-prefix,syllable
shangh	phrase-prefix
shangha	phrase-prefix
shanghan	phrase-prefix
shanghang	phrase-full
shangj	phrase-prefix
shangji	phrase-prefix
shangjin	phrase-full
shangl	phrase-prefix
shangli	phrase-full
shanglu	phrase-full
shangm	phrase-prefix
shangmi	phrase-prefix
shangmin	phrase-prefix
shangming	phrase-full
shangp	phrase-prefix
shangpi	phrase-prefix
shangpin	phrase-prefix
shangpinb	phrase-prefix
shangpinbi	phrase-prefix
shangpinbia	phrase-prefix
shangpinbiao	phrase-prefix
shangpinbiaos	phrase-prefix
shangpinbiaosh	phrase-prefix
shangpinbiaoshi	phrase-full
shangs	phrase-prefix
shangsh	phrase-prefix
shangshe	phrase-prefix
shangshen	phrase-full
shangw	phrase-prefix
shangwa	phrase-prefix
shangwan	phrase-prefix
shangwang	phrase-full
shangx	phrase-prefix
shangxi	phrase-prefix
shangxia	phrase-prefix
shangxiay	phrase-prefix
shangxiayo	phrase-prefix
shangxiayou	phrase-full
shangy	phrase-prefix
shangye	phrase-prefix
shangyey	phrase-prefix
shangyeyi	phrase-prefix
shangyeyin	phrase-prefix
shangyeyinh	phrase-prefix
shangyeyinha	phrase-prefix
shangyeyinhan	phrase-prefix
shangyeyinhang	phrase-full
shanh	adjacent-key
shanx	phrase-prefix
shanxi	phrase-prefix
shanxia	phrase-prefix
shanxian	phrase-full
shao	adjacent-key,phrase-prefix,syllable
shaoc	phrase-prefix
shaoch	phrase-prefix
shaoche	phrase-prefix
shaochen	phrase-prefix
shaocheng	phrase-full
shaom	phrase-prefix
shaoma	phrase-prefix
shaomai	phrase-prefix
shaomaid	phrase-prefix
shaomaidi	phrase-prefix
shaomaidia	phrase-prefix
shaomaidian	phrase-full
shaoz	phrase-prefix
shaozh	phrase-prefix
shaozhi	phrase-full
shap	adjacent-key
shar	phrase-prefix
share	phrase-prefix
sharen	phrase-prefix
sharenr	phrase-prefix
sharenru	phrase-prefix
sharenruy	phrase-prefix
sharenruyi	phrase-full
shau	adjacent-key,transposed-letters
shaui	transposed-letters
shaun	transposed-letters
shaung	transposed-letters
shbsh	phrase-initial
she	missing-letter,phrase-mixed,phrase-prefix,syllable,syllable-prefix
sheb	adjacent-key
shebg	adjacent-key
shed	phrase-prefix
shedu	phrase-prefix
shedua	phrase-prefix
sheduan	phrase-prefix
sheduanq	phrase-prefix
sheduanqu	phrase-prefix
sheduanquc	phrase-prefix
sheduanquch	phrase-prefix
sheduanqucha	phrase-prefix
sheduanquchan	phrase-prefix
sheduanquchang	phrase-full
sheg	missing-letter,phrase-prefix
shegn	transposed-letters
shegu	phrase-full
sheh	phrase-prefix
shehu	phrase-prefix
shehui	phrase-prefix
shehuix	phrase-prefix
shehuixi	phrase-prefix
shehuixin	phrase-prefix
shehuixinl	phrase-prefix
shehuixinli	phrase-prefix
shehuixinlix	phrase-prefix
shehuixinlixu	phrase-prefix
shehuixinlixue	phrase-full
shehux	phrase-prefix
shehuxi	phrase-prefix
shehuxia	phrase-prefix
shehuxian	phrase-prefix
shehuxiany	phrase-prefix
shehuxianya	phrase-prefix
shehuxianyan	phrase-full
shei	syllable
shel	phrase-prefix
sheli	phrase-prefix
shelia	phrase-prefix
sheliao	phrase-full
shem	adjacent-key,phrase-prefix
shemg	adjacent-key
shemu	phrase-prefix
shemud	phrase-prefix
shemudi	phrase-prefix
shemudie	phrase-full
shen	missing-letter,phrase-prefix,syllable,syllable-prefix
shenf	adjacent-key
sheng	phrase-prefix,syllable
shenga	phrase-prefix
shengao	phrase-full
shengc	phrase-prefix
shengch	phrase-prefix
shengcha	phrase-prefix
shengchan	phrase-prefix
shengchanj	phrase-prefix
shengchanji	phrase-prefix
shengchanjij	phrase-prefix
shengchanjiji	phrase-prefix
shengchanjijin	phrase-full
shengchi	phrase-full
shengd	phrase-prefix
shengda	phrase-prefix
shengdan	phrase-full
shengg	phrase-prefix
shengge	phrase-full
shenggu	phrase-prefix
shengguo	phrase-full
shengh	phrase-prefix
shenghu	phrase-prefix
shenghuo	phrase-prefix
shenghuoz	phrase-prefix
shenghuozh	phrase-prefix
shenghuozhu	phrase-prefix
shenghuozhua	phrase-prefix
shenghuozhuan	phrase-prefix
shenghuozhuang	phrase-prefix
shenghuozhuangk	phrase-prefix
shenghuozhuangku	phrase-prefix
shenghuozhuangkua	phrase-prefix
shenghuozhuangkuan	phrase-prefix
shenghuozhuangkuang	phrase-full
shengj	phrase-prefix
shengji	phrase-prefix
shengjia	phrase-prefix
shengjian	phrase-prefix
shengjianb	phrase-prefix
shengjianba	phrase-prefix
shengjianbao	phrase-full
shengjiao	phrase-full
shengk	phrase-prefix
shengku	phrase-full
shengl	phrase-prefix
shengle	phrase-prefix
shenglen	phrase-prefix
shengleng	phrase-prefix
shenglengs	phrase-prefix
shenglengsh	phrase-prefix
shenglengshi	phrase-prefix
shenglengshiw	phrase-prefix
shenglengshiwu	phrase-full
shengm	phrase-prefix
shengme	phrase-prefix
shengmei	phrase-prefix
shengmeig	phrase-prefix
shengmeigu	phrase-prefix
shengmeigua	phrase-prefix
shengmeiguan	phrase-full
shengn	phrase-prefix
shengnv	phrase-prefix
shengnvf	phrase-prefix
shengnvfa	phrase-prefix
shengnvfan	phrase-prefix
shengnvfanq	phrase-prefix
shengnvfanqi	phrase-prefix
shengnvfanqie	phrase-full
shengq	phrase-prefix
shengqi	phrase-prefix
shengqij	phrase-prefix
shengqiji	phrase-prefix
shengqijia	phrase-prefix
shengqijiar	phrase-prefix
shengqijiare	phrase-prefix
shengqijiaren	phrase-full
shengqil	phrase-prefix
shengqili	phrase-prefix
shengqilin	phrase-prefix
shengqilinr	phrase-prefix
shengqilinre	phrase-prefix
shengqilinren	phrase-full
shengs	phrase-prefix
shengse	phrase-full
shengu	phrase-prefix
shengua	phrase-full
shengy	phrase-prefix
shengyi	phrase-full
shengyu	phrase-prefix
shengyue	phrase-full
shengz	phrase-prefix
shengzh	phrase-prefix
shengzha	phrase-prefix
shengzhan	phrase-prefix
shengzhang	phrase-full
shengzhi	phrase-full
shenh	adjacent-key,phrase-prefix
shenhu	phrase-prefix
shenhua	phrase-prefix
shenhual	phrase-prefix
shenhuali	phrase-full
shenj	phrase-prefix
shenji	phrase-prefix
shenjin	phrase-prefix
shenjing	phrase-prefix
shenjingx	phrase-prefix
shenjingxi	phrase-prefix
shenjingxia	phrase-prefix
shenjingxian	phrase-prefix
shenjingxianw	phrase-prefix
shenjingxianwe	phrase-prefix
shenjingxianwei	phrase-full
shenl	phrase-prefix
shenlu	phrase-prefix
shenlun	phrase-prefix
shenlunt	phrase-prefix
shenlunti	phrase-full
shenm	phrase-prefix
shenmo	phrase-prefix
shenmou	phrase-prefix
shenmoum	phrase-prefix
shenmoumi	phrase-prefix
shenmoumia	phrase-prefix
shenmoumiao	phrase-prefix
shenmoumiaoc	phrase-prefix
shenmoumiaoce	phrase-full
shenq	phrase-prefix
shenqi	phrase-prefix
shenqie	phrase-prefix
shenqiet	phrase-prefix
shenqieti	phrase-prefix
shenqietir	phrase-prefix
shenqietire	phrase-prefix
shenqietiren	phrase-full
shenqu	phrase-full,phrase-prefix
shenqua	phrase-prefix
shenquan	phrase-full
shens	phrase-prefix
shensh	phrase-prefix
shenshi	phrase-full
shent	phrase-prefix
shento	phrase-prefix
shentou	phrase-full,phrase-prefix
shentouy	phrase-prefix
shentouya	phrase-full
shenx	phrase-prefix
shenxi	phrase-prefix
shenxia	phrase-prefix
shenxian	phrase-prefix
shenxians	phrase-prefix
shenxiansh	phrase-prefix
shenxianshi	phrase-prefix
shenxianshiz	phrase-prefix
shenxianshizu	phrase-full
shenz	phrase-prefix
shenzh	phrase-prefix
shenzhe	phrase-prefix
shenzhen	phrase-prefix
shenzhens	phrase-prefix
shenzhensh	phrase-prefix
shenzhenshi	phrase-full
shenzhi	phrase-full
sheo	adjacent-key
sheq	phrase-prefix
shequ	phrase-prefix
shequn	phrase-full
shes	phrase-prefix
shesh	phrase-prefix
sheshe	phrase-prefix
sheshen	phrase-prefix
shesheng	phrase-prefix
sheshengq	phrase-prefix
sheshengqu	phrase-prefix
sheshengquy	phrase-prefix
sheshengquyi	phrase-full
shesi	phrase-prefix
shesiw	phrase-prefix
shesiwa	phrase-prefix
shesiwan	phrase-prefix
shesiwang	phrase-prefix
shesiwangs	phrase-prefix
shesiwangsh	phrase-prefix
shesiwangshe	phrase-prefix
shesiwangshen	phrase-prefix
shesiwangsheng	phrase-full
sheu	adjacent-key
shey	phrase-prefix
sheyu	phrase-prefix
sheyun	phrase-prefix
sheyunr	phrase-prefix
sheyunre	phrase-prefix
sheyunren	phrase-prefix
sheyunrens	phrase-prefix
sheyunrensh	phrase-prefix
sheyunrenshi	phrase-full
shi	adjacent-key,missing-letter,phrase-prefix,syllable
shia	adjacent-key,transposed-letters
shiai	adjacent-key
shian	adjacent-key
shiang	adjacent-key
shic	phrase-prefix
shich	phrase-prefix
shicho	phrase-prefix
shichon	phrase-prefix
shichong	phrase-prefix
shichonge	phrase-prefix
shichonger	phrase-prefix
shichongerj	phrase-prefix
shichongerji	phrase-prefix
shichongerjia	phrase-prefix
shichongerjiao	phrase-full
shid	phrase-prefix
shida	phrase-full,phrase-prefix
shidai	phrase-prefix
shidaih	phrase-prefix
shidaihu	phrase-prefix
shidaihua	phrase-full
shidao	phrase-prefix
shidaor	phrase-prefix
shidaoru	phrase-prefix
shidaoruj	phrase-prefix
shidaoruji	phrase-prefix
shidaorujin	phrase-full
shie	phrase-prefix,transposed-letters
shier	phrase-prefix
shiers	phrase-prefix
shiersh	phrase-prefix
shiershe	phrase-prefix
shiershen	phrase-prefix
shiersheng	phrase-prefix
shiershengx	phrase-prefix
shiershengxi	phrase-prefix
shiershengxia	phrase-prefix
shiershengxiao	phrase-full
shig	phrase-prefix
shiga	phrase-prefix
shigan	phrase-full
shigu	phrase-full
shih	phrase-prefix
shihu	phrase-full,phrase-prefix
shihua	phrase-prefix
shihuan	phrase-full
shii	adjacent-key
shij	phrase-prefix
shiji	phrase-prefix
shijia	phrase-prefix
shijian	phrase-prefix
shijians	phrase-prefix
shijiansh	phrase-prefix
shijianshi	phrase-full
shijie	phrase-full,phrase-prefix
shijied	phrase-prefix
shijiedi	phrase-prefix
shijiedit	phrase-prefix
shijieditu	phrase-full
shijiew	phrase-prefix
shijiewe	phrase-prefix
shijiewei	phrase-prefix
shijieweis	phrase-prefix
shijieweish	phrase-prefix
shijieweishe	phrase-prefix
shijieweishen	phrase-prefix
shijieweisheng	phrase-prefix
shijieweishengz	phrase-prefix
shijieweishengzu	phrase-prefix
shijieweishengzuz	phrase-prefix
shijieweishengzuzh	phrase-prefix
shijieweishengzuzhi	phrase-full
shijin	phrase-full
shijiu	phrase-prefix
shijiur	phrase-prefix
shijiure	phrase-prefix
shijiuren	phrase-full
shik	phrase-prefix
shike	phrase-full
shil	phrase-prefix
shili	phrase-prefix
shiliu	phrase-prefix
shilius	phrase-prefix
shiliush	phrase-prefix
shiliushi	phrase-prefix
shiliushiw	phrase-prefix
shiliushiwu	phrase-full
shim	phrase-prefix
shime	phrase-prefix
shimen	phrase-prefix
shimeng	phrase-full
shimi	phrase-prefix
shimin	phrase-prefix
shiming	phrase-full
shin	adjacent-key
shio	adjacent-key
shir	phrase-prefix
shire	phrase-prefix
shiren	phrase-full
shis	phrase-prefix
shisa	phrase-prefix
shisan	phrase-prefix
shisanh	phrase-prefix
shisanha	phrase-prefix
shisanhan	phrase-prefix
shisanhang	phrase-full
shish	phrase-prefix
shishe	phrase-prefix
shishen	phrase-prefix
shishenr	phrase-prefix
shishenre	phrase-prefix
shishenren	phrase-prefix
shishenrenm	phrase-prefix
shishenrenmi	phrase-prefix
shishenrenmia	phrase-prefix
shishenrenmian	phrase-prefix
shishenrenmianx	phrase-prefix
shishenrenmianxi	phrase-prefix
shishenrenmianxia	phrase-prefix
shishenrenmianxian	phrase-prefix
shishenrenmianxiang	phrase-full
shishi	phrase-full
shishu	phrase-prefix
shishui	phrase-full
shisi	phrase-full
shisu	phrase-prefix
shisuo	phrase-prefix
shisuon	phrase-prefix
shisuona	phrase-prefix
shisuonan	phrase-prefix
shisuonanm	phrase-prefix
shisuonanmi	phrase-prefix
shisuonanmia	phrase-prefix
shisuonanmian	phrase-full
shit	phrase-prefix
shiti	phrase-full
shiu	adjacent-key,transposed-letters
shix	phrase-prefix
shixi	phrase-prefix
shixin	phrase-prefix
shixing	phrase-prefix
shixingd	phrase-prefix
shixingda	phrase-full
shiy	phrase-prefix
shiye	phrase-full
shiyi	phrase-prefix
shiyir	phrase-prefix
shiyiri	phrase-full
shiyo	phrase-prefix
shiyon	phrase-prefix
shiyong	phrase-prefix
shiyongd	phrase-prefix
shiyongda	phrase-prefix
shiyongdao	phrase-full
shiyu	phrase-prefix
shiyus	phrase-prefix
shiyusu	phrase-prefix
shiyusuo	phrase-full
shiz	phrase-prefix
shizh	phrase-prefix
shizhi	phrase-prefix
shizhij	phrase-prefix
shizhiji	phrase-prefix
shizhijia	phrase-prefix
shizhijiao	phrase-prefix
shizhijiaob	phrase-prefix
shizhijiaobi	phrase-full
shizo	phrase-prefix
shizon	phrase-prefix
shizong	phrase-full
shizu	phrase-prefix
shizuo	phrase-full
shl	phrase-initial
shn	missing-letter
shna	transposed-letters
shnag	transposed-letters
shne	transposed-letters
shneg	transposed-letters
shng	missing-letter
shnu	transposed-letters
sho	adjacent-key,missing-letter,phrase-prefix,syllable-prefix
shoa	transposed-letters
shoi	adjacent-key
shou	phrase-prefix,syllable,transposed-letters
shoub	phrase-prefix
shoube	phrase-prefix
shoubei	phrase-full
shouj	phrase-prefix
shouji	phrase-full,phrase-prefix
shoujie	phrase-full
shoum	phrase-prefix
shouma	phrase-prefix
shouman	phrase-prefix
shoumang	phrase-prefix
shoumangz	phrase-prefix
shoumangzu	phrase-prefix
shoumangzul	phrase-prefix
shoumangzulu	phrase-prefix
shoumangzulua	phrase-prefix
shoumangzuluan	phrase-full
shous	phrase-prefix
shoush	phrase-prefix
shoushi	phrase-full
shouso	phrase-prefix
shouson	phrase-prefix
shousong	phrase-full
shouw	phrase-prefix
shouwa	phrase-prefix
shouwan	phrase-full
shoux	phrase-prefix
shouxi	phrase-prefix
shouxia	phrase-prefix
shouxiaq	phrase-prefix
shouxiaqu	phrase-full
shouy	phrase-prefix
shouyi	phrase-prefix
shouyin	phrase-full
shouyu	phrase-prefix
shouyun	phrase-full
shouz	phrase-prefix
shouzh	phrase-prefix
shouzhi	phrase-full
shoy	adjacent-key
shpu	adjacent-key
shq	phrase-initial
shr	adjacent-key
shri	adjacent-key
shrn	adjacent-key
shrng	adjacent-key
shs	adjacent-key
shsi	adjacent-key
shsn	adjacent-key
shsng	adjacent-key
shso	adjacent-key
shu	adjacent-key,missing-letter,phrase-mixed,phrase-prefix,syllable,syllable-prefix
shua	missing-letter,phrase-prefix,syllable,syllable-prefix
shuab	adjacent-key
shuabg	adjacent-key
shuabsuanh	phrase-mixed
shuag	missing-letter
shuagn	transposed-letters
shuai	phrase-prefix,syllable
shuaic	phrase-prefix
shuaich	phrase-prefix
shuaiche	phrase-prefix
shuaichen	phrase-prefix
shuaicheng	phrase-prefix
shuaichengl	phrase-prefix
shuaichengli	phrase-prefix
shuaichenglia	phrase-prefix
shuaichenglian	phrase-prefix
shuaichengliang	phrase-prefix
shuaichengliangb	phrase-prefix
shuaichengliangba	phrase-prefix
shuaichengliangban	phrase-full
shuaiw	phrase-prefix
shuaiwe	phrase-prefix
shuaiwei	phrase-full
shuaix	phrase-prefix
shuaixi	phrase-prefix
shuaixin	phrase-prefix
shuaixing	phrase-prefix
shuaixinge	phrase-prefix
shuaixinger	phrase-prefix
shuaixingerw	phrase-prefix
shuaixingerwe	phrase-prefix
shuaixingerwei	phrase-full
shual	phrase-mixed
shuam	adjacent-key
shuamg	adjacent-key
shuan	missing-letter,phrase-mixed,syllable,syllable-prefix
shuanf	adjacent-key
shuang	syllable
shuanh	adjacent-key
shuao	adjacent-key
shuau	adjacent-key
shub	adjacent-key
shuc	phrase-prefix
shuch	phrase-prefix
shuchu	phrase-prefix
shuchuz	phrase-prefix
shuchuzu	phrase-prefix
shuchuzuk	phrase-prefix
shuchuzuka	phrase-prefix
shuchuzukan	phrase-prefix
shuchuzukang	phrase-full
shuf	phrase-prefix
shufu	phrase-full
shuh	phrase-prefix
shuha	phrase-prefix
shuhan	phrase-full
shui	adjacent-key,missing-letter,phrase-mixed,phrase-prefix,syllable
shuia	transposed-letters
shuid	phrase-prefix
shuidi	phrase-prefix
shuidia	phrase-prefix
shuidian	phrase-prefix
shuidianw	phrase-prefix
shuidianwa	phrase-prefix
shuidianwas	phrase-prefix
shuidianwasi	phrase-full
shuig	phrase-prefix
shuigu	phrase-prefix
shuiguo	phrase-prefix
shuiguof	phrase-prefix
shuiguofa	phrase-prefix
shuiguofan	phrase-full
shuij	phrase-prefix
shuiju	phrase-prefix
shuijua	phrase-prefix
shuijuan	phrase-prefix
shuijuanc	phrase-prefix
shuijuanch	phrase-prefix
shuijuanchu	phrase-prefix
shuijuanchuz	phrase-prefix
shuijuanchuzh	phrase-prefix
shuijuanchuzha	phrase-prefix
shuijuanchuzhan	phrase-prefix
shuijuanchuzhang	phrase-full
shuin	phrase-prefix
shuini	phrase-prefix
shuinij	phrase-prefix
shuiniji	phrase-prefix
shuinijia	phrase-prefix
shuinijian	phrase-prefix
shuinijiang	phrase-full
shuiq	phrase-mixed
shuixlix	phrase-mixed
shuiz	phrase-prefix
shuizh	phrase-prefix
shuizha	phrase-full
shuk	phrase-prefix
shuko	phrase-prefix
shukou	phrase-prefix
shukouy	phrase-prefix
shukouya	phrase-prefix
shukouyao	phrase-prefix
shukouyaos	phrase-prefix
shukouyaosh	phrase-prefix
shukouyaoshu	phrase-prefix
shukouyaoshui	phrase-full
shul	phrase-prefix
shuli	phrase-prefix
shulie	phrase-full
shum	adjacent-key
shun	missing-letter,phrase-prefix,syllable
shuna	transposed-letters
shunag	transposed-letters
shung	missing-letter
shuns	phrase-prefix
shunsh	phrase-prefix
shunshi	phrase-prefix
shunshit	phrase-prefix
shunshitu	phrase-prefix
shunshitui	phrase-prefix
shunshituiz	phrase-prefix
shunshituizh	phrase-prefix
shunshituizho	phrase-prefix
shunshituizhou	phrase-full
shuo	adjacent-key,phrase-prefix,syllable,transposed-letters
shuoh	phrase-prefix
shuohe	phrase-full
shuohu	phrase-prefix
shuohua	phrase-prefix
shuohuab	phrase-prefix
shuohuabu	phrase-prefix
shuohuabus	phrase-prefix
shuohuabusu	phrase-prefix
shuohuabusua	phrase-prefix
shuohuabusuan	phrase-prefix
shuohuabusuanh	phrase-prefix
shuohuabusuanhu	phrase-prefix
shuohuabusuanhua	phrase-full
shuoz	phrase-mixed,phrase-prefix
shuozh	phrase-prefix
shuozhe	phrase-prefix
shuozhen	phrase-prefix
shuozhend	phrase-prefix
shuozhende	phrase-full
shuozkuang	phrase-mixed
shup	adjacent-key
shur	phrase-prefix
shuru	phrase-prefix
shuruf	phrase-prefix
shurufa	phrase-full
shus	adjacent-key
shusi	adjacent-key
shusn	adjacent-key
shusng	adjacent-key
shuu	adjacent-key
shuxyan	phrase-mixed
shw	adjacent-key
shwi	adjacent-key
shwn	adjacent-key
shwng	adjacent-key
shxlx	phrase-initial
shxy	phrase-initial
shy	adjacent-key
shya	adjacent-key
shyai	adjacent-key
shyan	adjacent-key
shyang	adjacent-key
shyi	adjacent-key
shyn	adjacent-key
shyo	adjacent-key
shz	phrase-initial
shzk	phrase-initial
si	adjacent-key,missing-letter,phrase-prefix,syllable
sia	adjacent-key,transposed-letters
sian	adjacent-key
siao	adjacent-key
sic	phrase-prefix
sice	phrase-prefix
sicen	phrase-prefix
siceng	phrase-full
sie	adjacent-key,transposed-letters
sih	transposed-letters
sii	adjacent-key
sin	adjacent-key
sing	adjacent-key
sio	adjacent-key
sir	phrase-prefix
sire	phrase-prefix
siren	phrase-prefix
sirenj	phrase-prefix
sirenji	phrase-prefix
sirenjig	phrase-prefix
sirenjigu	phrase-prefix
sirenjigua	phrase-prefix
sirenjiguan	phrase-full
sis	phrase-prefix
sisi	phrase-prefix
sisiw	phrase-prefix
sisiwe	phrase-prefix
sisiwen	phrase-prefix
sisiwenw	phrase-prefix
sisiwenwe	phrase-prefix
sisiwenwen	phrase-full
siu	adjacent-key,transposed-letters
six	phrase-prefix
sixi	phrase-prefix
sixia	phrase-prefix
sixian	phrase-prefix
sixiang	phrase-full
sixin	phrase-full,phrase-prefix
sixing	phrase-prefix
sixingq	phrase-prefix
sixingqi	phrase-full
siy	phrase-prefix
siyi	phrase-prefix
siyin	phrase-prefix
siyinj	phrase-prefix
siyinji	phrase-prefix
siyinjie	phrase-full
sj	phrase-initial
sja	adjacent-key
sjai	adjacent-key
sjan	adjacent-key
sjang	adjacent-key
sjao	adjacent-key
sjb	phrase-initial
sjcz	phrase-initial
sjdt	phrase-initial
sje	adjacent-key
sjei	adjacent-key
sjen	adjacent-key
sjeng	adjacent-key
sji	adjacent-key,phrase-mixed
sjianb	phrase-mixed
sjians	phrase-mixed
sjiao	phrase-mixed
sjie	phrase-mixed
sjiedtu	phrase-mixed
sjiewshengzzhi	phrase-mixed
sjijhou	phrase-mixed
sjin	phrase-mixed
sjingxwei	phrase-mixed
sjiur	phrase-mixed
sjjh	phrase-initial
sjou	adjacent-key
sjqa	phrase-initial
sjr	phrase-initial
sjs	phrase-initial
sju	adjacent-key
sjua	adjacent-key
sjuai	adjacent-key
sjuan	adjacent-key
sjuanczhang	phrase-mixed
sjuang	adjacent-key
sjuew	phrase-mixed
sjui	adjacent-key
sjun	adjacent-key
sjuo	adjacent-key
sjuqan	phrase-mixed
sjw	phrase-initial
sjwszz	phrase-initial
sjxw	phrase-initial
sk	phrase-initial
ske	phrase-mixed
skouyshui	phrase-mixed
sku	phrase-mixed
skys	phrase-initial
sl	phrase-initial
slaoy	phrase-mixed
slengswu	phrase-mixed
sli	phrase-mixed
sliao	phrase-mixed
slie	phrase-mixed
slingwshen	phrase-mixed
sliuswu	phrase-mixed
slsw	phrase-initial
slt	phrase-initial
slu	phrase-mixed
slunt	phrase-mixed
sluo	phrase-mixed
slws	phrase-initial
sly	phrase-initial
sm	phrase-initial
smaid	phrase-mixed
smangzluan	phrase-mixed
smd	phrase-initial
smeig	phrase-mixed
smeng	phrase-mixed
smg	phrase-initial
smi	phrase-mixed
sming	phrase-mixed
smmc	phrase-initial
smoumce	phrase-mixed
smud	phrase-mixed
smzl	phrase-initial
sn	adjacent-key,missing-letter
sna	transposed-letters
snag	transposed-letters
sne	transposed-letters
sneg	transposed-letters
snfq	phrase-initial
sng	adjacent-key,missing-letter
snij	phrase-mixed
snj	phrase-initial
snog	transposed-letters
snu	transposed-letters
snvfqie	phrase-mixed
so	adjacent-key,missing-letter,phrase-prefix,syllable-prefix
soa	transposed-letters
sobg	adjacent-key
sog	missing-letter
sogn	transposed-letters
sohu	transposed-letters
soi	adjacent-key
somg	adjacent-key
son	missing-letter,phrase-prefix,syllable-prefix
sonf	adjacent-key
song	adjacent-key,phrase-prefix,syllable
songc	phrase-prefix
songch	phrase-prefix
songchu	phrase-prefix
songchun	phrase-prefix
songchunf	phrase-prefix
songchunfa	phrase-prefix
songchunfan	phrase-prefix
songchunfang	phrase-full
songg	phrase-prefix
songge	phrase-prefix
songgei	phrase-full
songh	phrase-prefix
songhu	phrase-prefix
songhui	phrase-full
songt	phrase-prefix
songtu	phrase-prefix
songtuj	phrase-prefix
songtuji	phrase-full
sonh	adjacent-key
sou	adjacent-key,missing-letter,syllable,transposed-letters
soy	adjacent-key
spbs	phrase-initial
spinbshi	phrase-mixed
spng	adjacent-key
spu	adjacent-key
sq	phrase-initial
sqi	phrase-mixed
sqietren	phrase-mixed
sqijren	phrase-mixed
sqilren	phrase-mixed
sqjr	phrase-initial
sqlr	phrase-initial
sqtr	phrase-initial
squ	phrase-mixed
squan	phrase-mixed
squn	phrase-mixed
sr	adjacent-key,phrase-initial
sren	phrase-mixed
srenjguan	phrase-mixed
srenryi	phrase-mixed
srf	phrase-initial
sri	adjacent-key
srjg	phrase-initial
srn	adjacent-key
srng	adjacent-key
srry	phrase-initial
sru	phrase-mixed
sruf	phrase-mixed
ss	adjacent-key,phrase-initial
ssanh	phrase-mixed
sse	phrase-mixed
ssessuo	phrase-mixed
ssh	phrase-initial
sshen	phrase-mixed
sshengqyi	phrase-mixed
sshenrmianx	phrase-mixed
sshi	phrase-mixed
sshitzhou	phrase-mixed
sshiwduan	phrase-mixed
sshui	phrase-mixed
sshuiq	phrase-mixed
ssi	adjacent-key,phrase-mixed
ssiwsheng	phrase-mixed
ssiwwen	phrase-mixed
ssn	adjacent-key
ssng	adjacent-key
ssnm	phrase-initial
sso	adjacent-key
ssong	phrase-mixed
ssq	phrase-initial
ssqy	phrase-initial
ssrmx	phrase-initial
ssss	phrase-initial
sstz	phrase-initial
ssuonmian	phrase-mixed
sswd	phrase-initial
ssws	phrase-initial
ssww	phrase-initial
st	phrase-initial
stailbo	phrase-mixed
sti	phrase-mixed
stj	phrase-initial
stlb	phrase-initial
stou	phrase-mixed
stouy	phrase-mixed
stuj	phrase-mixed
sty	phrase-initial
su	adjacent-key,missing-letter,phrase-prefix,syllable,syllable-prefix
sua	missing-letter,phrase-prefix,syllable-prefix
suab	adjacent-key
suai	missing-letter
suam	adjacent-key
suan	adjacent-key,missing-letter,phrase-prefix,syllable
suang	missing-letter
suanx	phrase-prefix
suanxi	phrase-prefix
suanxia	phrase-full
sub	adjacent-key
sue	phrase-full
suh	phrase-prefix,transposed-letters
suha	transposed-letters
suhai	transposed-letters
suhan	transposed-letters
suhang	transposed-letters
suhi	transposed-letters
suhn	transposed-letters
suho	transposed-letters
suhu	phrase-prefix
suhuo	phrase-prefix
suhuoz	phrase-prefix
suhuozu	phrase-full
sui	adjacent-key,missing-letter,phrase-prefix,syllable
suis	phrase-prefix
suish	phrase-prefix
suishi	phrase-prefix
suishiw	phrase-prefix
suishiwa	phrase-prefix
suishiwan	phrase-prefix
suishiwand	phrase-prefix
suishiwandu	phrase-prefix
suishiwandua	phrase-prefix
suishiwanduan	phrase-full
sum	adjacent-key
sun	adjacent-key,missing-letter,phrase-prefix,syllable
suna	transposed-letters
suny	phrase-prefix
sunyi	phrase-prefix
sunyib	phrase-prefix
sunyibi	phrase-prefix
sunyibia	phrase-prefix
sunyibiao	phrase-full
suo	adjacent-key,missing-letter,phrase-prefix,syllable,transposed-letters
suoh	phrase-prefix
suohu	phrase-prefix
suohui	phrase-prefix
suohuiq	phrase-prefix
suohuiqu	phrase-full
sup	adjacent-key
sur	phrase-prefix
suru	phrase-full
susn	adjacent-key
suu	adjacent-key
sux	phrase-prefix
suxi	phrase-full
suy	phrase-prefix
suyu	phrase-prefix
suyua	phrase-prefix
suyuan	phrase-prefix
suyuand	phrase-prefix
suyuande	phrase-prefix
suyuandec	phrase-prefix
suyuandech	phrase-prefix
suyuandecha	phrase-prefix
suyuandechan	phrase-prefix
suyuandechang	phrase-full
sw	adjacent-key,phrase-initial
swan	phrase-mixed
swang	phrase-mixed
swei	phrase-mixed
swi	adjacent-key
swn	adjacent-key
swng	adjacent-key
sx	phrase-initial
sxd	phrase-initial
sxew	phrase-initial
sxi	phrase-mixed
sxia	phrase-mixed
sxian	phrase-mixed
sxiang	phrase-mixed
sxianq	phrase-mixed
sxianszu	phrase-mixed
sxiaq	phrase-mixed
sxiay	phrase-mixed
sxin	phrase-mixed
sxingd	phrase-mixed
sxingewei	phrase-mixed
sxingq	phrase-mixed
sxq	phrase-initial
sxsz	phrase-initial
sxy	phrase-initial
sy	adjacent-key,phrase-initial
syan	adjacent-key
syb	phrase-initial
syd	phrase-initial
sydc	phrase-initial
sye	phrase-mixed
syeyhang	phrase-mixed
syi	adjacent-key,phrase-mixed
syib	phrase-mixed
syin	phrase-mixed
syinj	phrase-mixed
syir	phrase-mixed
syj	phrase-initial
syn	adjacent-key
syo	adjacent-key
syongd	phrase-mixed
syr	phrase-initial
syrs	phrase-initial
sys	phrase-initial
syuan	phrase-mixed
syuandchang	phrase-mixed
syue	phrase-mixed
syun	phrase-mixed
syunrshi	phrase-mixed
syus	phrase-mixed
syyh	phrase-initial
sz	phrase-initial
szd	phrase-initial
szha	phrase-mixed
szhang	phrase-mixed
szhangz	phrase-mixed
szhend	phrase-mixed
szhens	phrase-mixed
szhi	phrase-mixed
szhijbi	phrase-mixed
szjb	phrase-initial
szong	phrase-mixed
szs	phrase-initial
szuo	phrase-mixed
szz	phrase-initial
t	missing-letter,phrase-prefix,syllable,syllable-prefix
ta	adjacent-key,missing-letter,phrase-prefix,syllable,syllable-prefix
tab	adjacent-key,phrase-prefix
tabe	phrase-prefix
tabei	phrase-full
tabg	adjacent-key
taf	phrase-prefix
tafa	phrase-full
tag	missing-letter
tagn	transposed-letters
tai	adjacent-key,phrase-prefix,syllable
taib	phrase-prefix
taibe	phrase-prefix
taibei	phrase-prefix
taibeif	phrase-prefix
taibeifu	phrase-full
taibeis	phrase-prefix
taibeish	phrase-prefix
taibeishi	phrase-prefix
taibeishiz	phrase-prefix
taibeishizh	phrase-prefix
taibeishizhe	phrase-prefix
taibeishizhen	phrase-prefix
taibeishizheng	phrase-prefix
taibeishizhengf	phrase-prefix
taibeishizhengfu	phrase-full
taid	phrase-prefix
taida	phrase-prefix
taiday	phrase-prefix
taidayi	phrase-prefix
taidayix	phrase-prefix
taidayixu	phrase-prefix
taidayixue	phrase-prefix
taidayixuey	phrase-prefix
taidayixueyu	phrase-prefix
taidayixueyua	phrase-prefix
taidayixueyuan	phrase-full
taide	phrase-full
taie	phrase-prefix
taied	phrase-prefix
taieda	phrase-prefix
taiedao	phrase-prefix
taiedaoc	phrase-prefix
taiedaoch	phrase-prefix
taiedaochi	phrase-full
taij	phrase-prefix
taiji	phrase-prefix
taijia	phrase-prefix
taijian	phrase-full
taijin	phrase-prefix
taijing	phrase-prefix
taijingy	phrase-prefix
taijingyu	phrase-prefix
taijingyua	phrase-prefix
taijingyuan	phrase-full
tail	phrase-prefix
taili	phrase-prefix
tailia	phrase-prefix
tailian	phrase-prefix
tailiand	phrase-prefix
tailianda	phrase-prefix
tailiandan	phrase-prefix
tailiandang	phrase-full
tain	transposed-letters
taio	transposed-letters
tais	phrase-prefix
taish	phrase-prefix
taishi	phrase-prefix
taishiy	phrase-prefix
taishiyi	phrase-full
taisu	phrase-full
taiz	phrase-prefix
taizi	phrase-full
taizo	phrase-prefix
taizon	phrase-prefix
taizong	phrase-full
tam	adjacent-key
tamg	adjacent-key
tan	adjacent-key,missing-letter,phrase-prefix,syllable,syllable-prefix
tanf	adjacent-key
tang	adjacent-key,syllable
tanh	adjacent-key
tanl	phrase-prefix
tanlu	phrase-full
tanp	phrase-prefix
tanpa	phrase-prefix
tanpan	phrase-prefix
tanpanz	phrase-prefix
tanpanzh	phrase-prefix
tanpanzhu	phrase-prefix
tanpanzhuo	phrase-full
tanr	phrase-prefix
tanra	phrase-prefix
tanran	phrase-full
tans	phrase-prefix
tansh	phrase-prefix
tanshi	phrase-full
tant	phrase-prefix
tanti	phrase-prefix
tantia	phrase-prefix
tantian	phrase-full
tanw	phrase-prefix
tanwa	phrase-prefix
tanwan	phrase-full
tanx	phrase-prefix
tanxi	phrase-prefix
tanxia	phrase-prefix
tanxian	phrase-prefix
tanxiang	phrase-prefix
tanxiangs	phrase-prefix
tanxiangsh	phrase-prefix
tanxiangshu	phrase-full
tanz	phrase-prefix
tanzh	phrase-prefix
tanzha	phrase-prefix
tanzhan	phrase-prefix
tanzhang	phrase-full
tanzi	phrase-full
tao	adjacent-key,missing-letter,phrase-prefix,syllable
taoq	phrase-prefix
taoqi	phrase-full
taor	phrase-prefix
taore	phrase-prefix
taoren	phrase-prefix
taoreny	phrase-prefix
taorenya	phrase-prefix
taorenyan	phrase-full
taos	phrase-prefix
taosh	phrase-prefix
taosha	phrase-prefix
taoshan	phrase-prefix
taoshang	phrase-prefix
taoshangl	phrase-prefix
taoshangla	phrase-prefix
taoshanglai	phrase-full
taot	phrase-prefix
taota	phrase-prefix
taotao	phrase-prefix
taotaob	phrase-prefix
taotaobu	phrase-prefix
taotaobuj	phrase-prefix
taotaobuji	phrase-prefix
taotaobujie	phrase-full
taoto	phrase-prefix
taotou	phrase-prefix
taotoum	phrase-prefix
taotouma	phrase-prefix
taotoumao	phrase-prefix
taotoumaoy	phrase-prefix
taotoumaoyi	phrase-full
taoy	phrase-prefix
taoyo	phrase-prefix
taoyon	phrase-prefix
taoyong	phrase-full
taoyu	phrase-prefix
taoyua	phrase-prefix
taoyuan	phrase-prefix
taoyuanz	phrase-prefix
taoyuanzh	phrase-prefix
taoyuanzho	phrase-prefix
taoyuanzhon	phrase-prefix
taoyuanzhong	phrase-prefix
taoyuanzhongz	phrase-prefix
taoyuanzhongzh	phrase-prefix
taoyuanzhongzhe	phrase-prefix
taoyuanzhongzhen	phrase-prefix
taoyuanzhongzheng	phrase-prefix
taoyuanzhongzhengj	phrase-prefix
taoyuanzhongzhengji	phrase-prefix
taoyuanzhongzhengjic	phrase-prefix
taoyuanzhongzhengjich	phrase-prefix
taoyuanzhongzhengjicha	phrase-prefix
taoyuanzhongzhengjichan	phrase-prefix
taoyuanzhongzhengjichang	phrase-full
tap	adjacent-key
taq	phrase-prefix
taqi	phrase-prefix
taqin	phrase-prefix
taqing	phrase-full
tau	adjacent-key
taun	transposed-letters
tax	phrase-prefix
taxi	phrase-prefix
taxia	phrase-full
tb	phrase-initial
tbd	phrase-initial
tbei	phrase-mixed
tbeif	phrase-mixed
tbeiszhengf	phrase-mixed
tbf	phrase-initial
tbi	phrase-mixed
tbiany	phrase-mixed
tbqj	phrase-initial
tbszf	phrase-initial
tbud	phrase-mixed
tbuqjing	phrase-mixed
tby	phrase-initial
tc	phrase-initial
tcheng	phrase-mixed
tchu	phrase-mixed
tchuang	phrase-mixed
td	phrase-initial
tdaip	phrase-mixed
tdayxuey	phrase-mixed
tde	phrase-mixed
tdi	phrase-mixed
tdian	phrase-mixed
tding	phrase-mixed
tdp	phrase-initial
tduan	phrase-mixed
tdyxy	phrase-initial
te	adjacent-key,missing-letter,phrase-prefix,syllable,syllable-prefix
tebg	adjacent-key
tedc	phrase-initial
tedchi	phrase-mixed
teg	missing-letter
tegn	transposed-letters
tei	transposed-letters
tem	phrase-prefix
tema	phrase-prefix
temai	phrase-prefix
temaih	phrase-prefix
temaihu	phrase-prefix
temaihui	phrase-full
temg	adjacent-key
ten	adjacent-key,missing-letter,phrase-prefix,syllable-prefix
tenf	adjacent-key
teng	adjacent-key,phrase-prefix,syllable
tengt	phrase-prefix
tengta	phrase-prefix
tengtaf	phrase-prefix
tengtafe	phrase-prefix
tengtafei	phrase-prefix
tengtafeih	phrase-prefix
tengtafeihu	phrase-prefix
tengtafeihua	phrase-prefix
tengtafeihuan	phrase-prefix
tengtafeihuang	phrase-full
tengti	phrase-prefix
tengtia	phrase-prefix
tengtiao	phrase-full
tenh	adjacent-key
tf	phrase-initial
tfa	phrase-mixed
tfang	phrase-mixed
tfengj	phrase-mixed
tfj	phrase-initial
tg	phrase-initial
tgan	phrase-mixed
tgangku	phrase-mixed
tgao	phrase-mixed
tgfj	phrase-initial
tggk	phrase-initial
tgong	phrase-mixed
tgu	phrase-mixed
tgua	phrase-mixed
tguang	phrase-mixed
tgufjin	phrase-mixed
tguiywang	phrase-mixed
tgyw	phrase-initial
th	phrase-initial
thua	phrase-mixed
ti	adjacent-key,missing-letter,phrase-prefix,syllable,syllable-prefix
tia	missing-letter,phrase-prefix,syllable-prefix,transposed-letters
tiab	adjacent-key
tiai	adjacent-key
tiam	adjacent-key
tian	adjacent-key,phrase-prefix,syllable
tiand	phrase-prefix
tiandi	phrase-prefix
tiandia	phrase-prefix
tiandian	phrase-full
tiandin	phrase-prefix
tianding	phrase-full
tiang	phrase-prefix
tiango	phrase-prefix
tiangon	phrase-prefix
tiangong	phrase-full
tiangu	phrase-prefix
tiangua	phrase-full
tianj	phrase-prefix
tianji	phrase-prefix
tianjin	phrase-prefix
tianjing	phrase-full
tianm	phrase-prefix
tianmi	phrase-prefix
tianmin	phrase-prefix
tianming	phrase-full
tiann	phrase-prefix
tianna	phrase-full
tianr	phrase-prefix
tianra	phrase-prefix
tianran	phrase-prefix
tianranq	phrase-prefix
tianranqi	phrase-prefix
tianranqij	phrase-prefix
tianranqiji	phrase-prefix
tianranqijin	phrase-prefix
tianranqijing	phrase-full
tians	phrase-prefix
tiansi	phrase-prefix
tiansix	phrase-prefix
tiansixi	phrase-prefix
tiansixia	phrase-prefix
tiansixial	phrase-prefix
tiansixiali	phrase-prefix
tiansixialin	phrase-prefix
tiansixialing	phrase-full
tianz	phrase-prefix
tianze	phrase-full
tianzh	phrase-prefix
tianzho	phrase-prefix
tianzhon	phrase-prefix
tianzhong	phrase-prefix
tianzhongj	phrase-prefix
tianzhongji	phrase-prefix
tianzhongjia	phrase-prefix
tianzhongjiao	phrase-prefix
tianzhongjiaor	phrase-prefix
tianzhongjiaoro	phrase-prefix
tianzhongjiaoron	phrase-prefix
tianzhongjiaorong	phrase-full
tiao	phrase-prefix,syllable
tiaob	phrase-prefix
tiaobu	phrase-prefix
tiaobud	phrase-prefix
tiaobudo	phrase-prefix
tiaobudon	phrase-prefix
tiaobudong	phrase-full
tiaoh	phrase-prefix
tiaohu	phrase-prefix
tiaohua	phrase-full
tiaol	phrase-prefix
tiaoli	phrase-prefix
tiaolie	phrase-full
tiap	adjacent-key
tib	phrase-prefix
tibg	adjacent-key
tibu	phrase-prefix
tibuq	phrase-prefix
tibuqi	phrase-prefix
tibuqij	phrase-prefix
tibuqiji	phrase-prefix
tibuqijin	phrase-prefix
tibuqijing	phrase-full
tid	phrase-prefix
tida	phrase-prefix
tidai	phrase-prefix
tidaip	phrase-prefix
tidaipi	phrase-prefix
tidaipin	phrase-full
tie	phrase-prefix,syllable
ties	phrase-prefix
tiesh	phrase-prefix
tieshi	phrase-full
tif	phrase-prefix
tifa	phrase-prefix
tifan	phrase-prefix
tifang	phrase-full
tig	missing-letter
tign	transposed-letters
tii	adjacent-key
timg	adjacent-key
tin	adjacent-key,missing-letter,phrase-prefix,syllable-prefix
tina	transposed-letters
tinf	adjacent-key
ting	adjacent-key,phrase-prefix,syllable
tingz	phrase-prefix
tingzh	phrase-prefix
tingzho	phrase-prefix
tingzhou	phrase-full
tinh	adjacent-key
tio	adjacent-key,missing-letter
tioa	transposed-letters
tir	adjacent-key
tisn	adjacent-key
tiso	adjacent-key
tiu	adjacent-key,transposed-letters
tiw	adjacent-key
tiz	phrase-prefix
tizh	phrase-prefix
tizhi	phrase-full
tj	phrase-initial
tjian	phrase-mixed
tjiang	phrase-mixed
tjing	phrase-mixed
tjingy	phrase-mixed
tjun	phrase-mixed
tjy	phrase-initial
tk	phrase-initial
tkdl	phrase-initial
tken	phrase-mixed
tkll	phrase-initial
tkuailli	phrase-mixed
tkuandlu	phrase-mixed
tl	phrase-initial
tld	phrase-initial
tlgl	phrase-initial
tliand	phrase-mixed
tlie	phrase-mixed
tlouglai	phrase-mixed
tlu	phrase-mixed
tm	phrase-initial
tmaih	phrase-mixed
tmengj	phrase-mixed
tmenj	phrase-mixed
tmh	phrase-initial
tmi	phrase-mixed
tming	phrase-mixed
tmj	phrase-initial
tmuyfu	phrase-mixed
tmyf	phrase-initial
tn	missing-letter,phrase-initial
tna	phrase-mixed,transposed-letters
tnag	transposed-letters
tneg	transposed-letters
tng	missing-letter
tnian	phrase-mixed
tnig	transposed-letters
tnog	transposed-letters
tnu	transposed-letters
to	adjacent-key,missing-letter,phrase-prefix,syllable-prefix
toa	transposed-letters
toan	adjacent-key
toao	adjacent-key
tobg	adjacent-key
toe	adjacent-key
tog	missing-letter
togn	transposed-letters
toi	adjacent-key
tomg	adjacent-key
ton	missing-letter,phrase-prefix,syllable-prefix
tonf	adjacent-key
tong	adjacent-key,phrase-prefix,syllable
tongc	phrase-prefix
tongch	phrase-prefix
tongchu	phrase-full,phrase-prefix
tongchua	phrase-prefix
tongchuan	phrase-prefix
tongchuang	phrase-full
tongf	phrase-prefix
tongfe	phrase-prefix
tongfen	phrase-prefix
tongfeng	phrase-prefix
tongfengj	phrase-prefix
tongfengji	phrase-full
tongg	phrase-prefix
tongga	phrase-prefix
tonggan	phrase-prefix
tonggang	phrase-prefix
tonggango	phrase-prefix
tonggangon	phrase-prefix
tonggangong	phrase-prefix
tonggangongk	phrase-prefix
tonggangongku	phrase-full
tonggu	phrase-prefix
tonggui	phrase-prefix
tongguiy	phrase-prefix
tongguiyu	phrase-prefix
tongguiyuw	phrase-prefix
tongguiyuwa	phrase-prefix
tongguiyuwan	phrase-prefix
tongguiyuwang	phrase-full
tongj	phrase-prefix
tongju	phrase-prefix
tongjun	phrase-full
tongk	phrase-prefix
tongku	phrase-prefix
tongkua	phrase-prefix
tongkuai	phrase-prefix
tongkuail	phrase-prefix
tongkuaili	phrase-prefix
tongkuailin	phrase-prefix
tongkuailinl	phrase-prefix
tongkuailinli	phrase-full
tongm	phrase-prefix
tongme	phrase-prefix
tongmen	phrase-prefix
tongmeng	phrase-prefix
tongmengj	phrase-prefix
tongmengju	phrase-prefix
tongmengjun	phrase-full
tongmu	phrase-prefix
tongmuy	phrase-prefix
tongmuyi	phrase-prefix
tongmuyif	phrase-prefix
tongmuyifu	phrase-full
tongn	phrase-prefix
tongni	phrase-prefix
tongnia	phrase-prefix
tongnian	phrase-full
tongp	phrase-prefix
tongpa	phrase-prefix
tongpai	phrase-full
tongpao	phrase-full
tongq	phrase-prefix
tongqi	phrase-full
tongqu	phrase-full
tongt	phrase-prefix
tongti	phrase-prefix
tongtia	phrase-prefix
tongtian	phrase-full
tongw	phrase-prefix
tongwa	phrase-prefix
tongwan	phrase-prefix
tongwang	phrase-full
tongx	phrase-prefix
tongxi	phrase-prefix
tongxin	phrase-prefix
tongxinf	phrase-prefix
tongxinfe	phrase-prefix
tongxinfen	phrase-full
tongxu	phrase-prefix
tongxun	phrase-prefix
tongxunl	phrase-prefix
tongxunlu	phrase-full
tongz	phrase-prefix
tongze	phrase-full
tonh	adjacent-key
tou	adjacent-key,phrase-prefix,syllable,transposed-letters
toug	phrase-prefix
touga	phrase-prefix
tougao	phrase-full
touj	phrase-prefix
touji	phrase-prefix
toujia	phrase-prefix
toujian	phrase-prefix
toujiang	phrase-full
toul	phrase-prefix
toulo	phrase-prefix
toulou	phrase-prefix
touloug	phrase-prefix
toulougu	phrase-prefix
toulouguo	phrase-prefix
toulouguol	phrase-prefix
toulouguola	phrase-prefix
toulouguolai	phrase-full
tous	phrase-prefix
toush	phrase-prefix
toushi	phrase-prefix
toushiq	phrase-prefix
toushiqi	phrase-prefix
toushiqie	phrase-prefix
toushiqiem	phrase-prefix
toushiqiemi	phrase-prefix
toushiqiemin	phrase-prefix
toushiqieming	phrase-full
tout	phrase-prefix
touto	phrase-prefix
touton	phrase-prefix
toutong	phrase-full
touz	phrase-prefix
touzh	phrase-prefix
touzhe	phrase-full
toy	adjacent-key
tp	phrase-initial
tpai	phrase-mixed
tpanz	phrase-mixed
tpao	phrase-mixed
tpng	adjacent-key
tpu	adjacent-key
tpz	phrase-initial
tq	phrase-initial
tqc	phrase-initial
tqi	phrase-mixed
tqiaoc	phrase-mixed
tqing	phrase-mixed
tqu	phrase-mixed
tr	adjacent-key,phrase-initial
tran	phrase-mixed
tranqjing	phrase-mixed
treny	phrase-mixed
trng	adjacent-key
trqj	phrase-initial
try	phrase-initial
ts	adjacent-key,phrase-initial
tshangl	phrase-mixed
tshi	phrase-mixed
tshiqming	phrase-mixed
tshiy	phrase-mixed
tsi	adjacent-key
tsikni	phrase-mixed
tsixling	phrase-mixed
tskn	phrase-initial
tsl	phrase-initial
tsn	adjacent-key
tsng	adjacent-key
tso	adjacent-key
tsqm	phrase-initial
tsu	phrase-mixed
tsxl	phrase-initial
tsy	phrase-initial
tt	phrase-initial
ttafhuang	phrase-mixed
ttaobjie	phrase-mixed
ttbj	phrase-initial
ttfh	phrase-initial
ttian	phrase-mixed
ttiao	phrase-mixed
ttmy	phrase-initial
ttong	phrase-mixed
ttoumyi	phrase-mixed
tu	adjacent-key,missing-letter,phrase-prefix,syllable,syllable-prefix
tua	missing-letter,syllable-prefix
tuab	adjacent-key
tuam	adjacent-key
tuan	adjacent-key,syllable
tuao	adjacent-key
tub	adjacent-key,phrase-prefix
tubi	phrase-full,phrase-prefix
tubia	phrase-prefix
tubian	phrase-prefix
tubiany	phrase-prefix
tubianyu	phrase-prefix
tubianyua	phrase-prefix
tubianyuan	phrase-full
tud	phrase-prefix
tudu	phrase-prefix
tudua	phrase-prefix
tuduan	phrase-full
tue	adjacent-key
tui	adjacent-key,phrase-prefix,syllable
tuig	phrase-prefix
tuiga	phrase-prefix
tuigan	phrase-full
tuigu	phrase-full,phrase-prefix
tuigua	phrase-prefix
tuiguan	phrase-prefix
tuiguang	phrase-full
tuim	phrase-prefix
tuimi	phrase-full
tuiq	phrase-prefix
tuiqi	phrase-prefix
tuiqia	phrase-prefix
tuiqiao	phrase-prefix
tuiqiaoc	phrase-prefix
tuiqiaoch	phrase-prefix
tuiqiaochu	phrase-full
tuix	phrase-prefix
tuixi	phrase-prefix
tuixia	phrase-prefix
tuixian	phrase-prefix
tuixiang	phrase-full
tuixu	phrase-prefix
tuixue	phrase-full
tum	adjacent-key,phrase-prefix
tume	phrase-prefix
tumen	phrase-prefix
tumenj	phrase-prefix
tumenji	phrase-prefix
tumenjia	phrase-prefix
tumenjian	phrase-prefix
tumenjiang	phrase-full
tun	adjacent-key,missing-letter,phrase-prefix,syllable
tuna	transposed-letters
tunc	phrase-prefix
tunch	phrase-prefix
tunche	phrase-prefix
tunchen	phrase-prefix
tuncheng	phrase-full
tung	adjacent-key
tunk	phrase-prefix
tunke	phrase-prefix
tunken	phrase-full
tuo	adjacent-key,phrase-prefix,syllable,transposed-letters
tuod	phrase-prefix
tuodi	phrase-full
tuog	phrase-prefix
tuogu	phrase-prefix
tuoguf	phrase-prefix
tuogufe	phrase-prefix
tuogufen	phrase-prefix
tuogufeng	phrase-prefix
tuogufengj	phrase-prefix
tuogufengji	phrase-prefix
tuogufengjin	phrase-full
tuok	phrase-prefix
tuoku	phrase-prefix
tuokua	phrase-prefix
tuokuan	phrase-prefix
tuokuand	phrase-prefix
tuokuanda	phrase-prefix
tuokuandao	phrase-prefix
tuokuandaol	phrase-prefix
tuokuandaolu	phrase-full
tuos	phrase-prefix
tuosh	phrase-prefix
tuoshi	phrase-full
tuosi	phrase-prefix
tuosik	phrase-prefix
tuosika	phrase-prefix
tuosikan	phrase-prefix
tuosikani	phrase-full
tup	adjacent-key
tusn	adjacent-key
tuu	adjacent-key
tuz	phrase-prefix
tuze	phrase-prefix
tuzen	phrase-prefix
tuzeng	phrase-full
tw	adjacent-key,phrase-initial
twan	phrase-mixed
twang	phrase-mixed
twng	adjacent-key
tx	phrase-initial
txf	phrase-initial
txia	phrase-mixed
txiang	phrase-mixed
txiangs	phrase-mixed
txinf	phrase-mixed
txl	phrase-initial
txs	phrase-initial
txue	phrase-mixed
txunl	phrase-mixed
ty	adjacent-key,phrase-initial
tyan	adjacent-key
tyi	adjacent-key
tyn	adjacent-key
tyo	adjacent-key
tyong	phrase-mixed
tyuanzzhengjchang	phrase-mixed
tyzzjc	phrase-initial
tz	phrase-initial
tze	phrase-mixed
tzeng	phrase-mixed
tzhang	phrase-mixed
tzhe	phrase-mixed
tzhi	phrase-mixed
tzhongjrong	phrase-mixed
tzhou	phrase-mixed
tzi	phrase-mixed
tzjr	phrase-initial
tzong	phrase-mixed
u	missing-letter
ua	adjacent-key,missing-letter
uai	adjacent-key,missing-letter
uan	adjacent-key,missing-letter
uang	adjacent-key,missing-letter
uao	adjacent-key
ub	transposed-letters
uc	transposed-letters
ucan	transposed-letters
uci	transposed-letters
ucn	transposed-letters
uco	transposed-letters
ud	transposed-letters
udan	transposed-letters
udi	transposed-letters
udn	transposed-letters
udo	transposed-letters
ue	adjacent-key,missing-letter
uf	transposed-letters
ug	transposed-letters
uga	transposed-letters
ugai	transposed-letters
ugan	transposed-letters
ugang	transposed-letters
ugi	transposed-letters
ugn	transposed-letters
ugo	transposed-letters
uh	transposed-letters
uha	transposed-letters
uhai	transposed-letters
uhan	transposed-letters
uhang	transposed-letters
uhi	transposed-letters
uhn	transposed-letters
uho	transposed-letters
ui	adjacent-key,missing-letter
uin	adjacent-key
uing	adjacent-key
uj	transposed-letters
ujan	transposed-letters
uje	transposed-letters
ujn	transposed-letters
uk	transposed-letters
uka	transposed-letters
ukai	transposed-letters
ukan	transposed-letters
ukang	transposed-letters
uki	transposed-letters
ukn	transposed-letters
uko	transposed-letters
ul	transposed-letters
ulan	transposed-letters
ule	transposed-letters
uln	transposed-letters
ulo	transposed-letters
um	transposed-letters
un	missing-letter,transposed-letters
unan	transposed-letters
une	transposed-letters
unn	transposed-letters
uno	transposed-letters
uo	adjacent-key,missing-letter,transposed-letters
uong	adjacent-key
uou	adjacent-key
up	transposed-letters
uq	transposed-letters
uqan	transposed-letters
uqe	transposed-letters
uqn	transposed-letters
ur	transposed-letters
uran	transposed-letters
uri	transposed-letters
urn	transposed-letters
uro	transposed-letters
us	transposed-letters
usan	transposed-letters
usi	transposed-letters
usn	transposed-letters
uso	transposed-letters
ut	transposed-letters
utan	transposed-letters
uti	transposed-letters
utn	transposed-letters
uto	transposed-letters
uu	adjacent-key
uuan	adjacent-key
uue	adjacent-key
uun	adjacent-key
uw	transposed-letters
ux	transposed-letters
uxan	transposed-letters
uxe	transposed-letters
uxn	transposed-letters
uy	transposed-letters
uyan	transposed-letters
uye	transposed-letters
uyn	transposed-letters
uz	transposed-letters
uzan	transposed-letters
uzi	transposed-letters
uzn	transposed-letters
uzo	transposed-letters
v	adjacent-key,missing-letter
va	adjacent-key
vai	adjacent-key
van	adjacent-key,missing-letter
vang	adjacent-key
vao	adjacent-key
ve	adjacent-key
vei	adjacent-key
ven	adjacent-key
veng	adjacent-key
vha	adjacent-key
vhai	adjacent-key
vhan	adjacent-key
vhang	adjacent-key
vhao	adjacent-key
vhe	adjacent-key
vhen	adjacent-key
vheng	adjacent-key
vhi	adjacent-key
vhong	adjacent-key
vhou	adjacent-key
vhu	adjacent-key
vhua	adjacent-key
vhuai	adjacent-key
vhuan	adjacent-key
vhuang	adjacent-key
vhui	adjacent-key
vhun	adjacent-key
vhuo	adjacent-key
vi	adjacent-key
vian	adjacent-key
viang	adjacent-key
viao	adjacent-key
vie	adjacent-key
vin	adjacent-key
ving	adjacent-key
vl	transposed-letters
vlan	transposed-letters
vn	transposed-letters
vo	adjacent-key
vong	adjacent-key
vou	adjacent-key
vu	adjacent-key
vuan	adjacent-key
vui	adjacent-key
vun	adjacent-key
vuo	adjacent-key
w	adjacent-key,missing-letter,phrase-prefix,syllable-prefix
wa	missing-letter,phrase-prefix,syllable,syllable-prefix
wab	adjacent-key
wabg	adjacent-key
wad	phrase-initial
wag	missing-letter
wagn	transposed-letters
wai	phrase-prefix,syllable
waif	phrase-prefix
waifa	phrase-prefix
waifan	phrase-full
wais	phrase-prefix
waish	phrase-prefix
waishe	phrase-prefix
waishen	phrase-prefix
waisheng	phrase-full,phrase-prefix
waishengn	phrase-prefix
waishengnv	phrase-full
wait	phrase-prefix
waito	phrase-prefix
waitou	phrase-full
waiw	phrase-prefix
waiwa	phrase-prefix
waiwai	phrase-prefix
waiwaid	phrase-prefix
waiwaidi	phrase-full
waj	phrase-prefix
waji	phrase-prefix
wajie	phrase-prefix
wajieb	phrase-prefix
wajiebi	phrase-prefix
wajiebin	phrase-prefix
wajiebing	phrase-prefix
wajiebingx	phrase-prefix
wajiebingxi	phrase-prefix
wajiebingxia	phrase-prefix
wajiebingxiao	phrase-full
wam	adjacent-key
wamg	adjacent-key
wan	missing-letter,phrase-prefix,syllable,syllable-prefix
wanc	phrase-prefix
wanch	phrase-prefix
wancho	phrase-prefix
wanchon	phrase-prefix
wanchong	phrase-prefix
wanchongs	phrase-prefix
wanchongsh	phrase-prefix
wanchongsha	phrase-prefix
wanchongshan	phrase-full
wanchu	phrase-prefix
wanchun	phrase-prefix
wanchuns	phrase-prefix
wanchunsh	phrase-prefix
wanchunshi	phrase-prefix
wanchunshij	phrase-prefix
wanchunshiji	phrase-prefix
wanchunshijie	phrase-full
wand	phrase-mixed
wanf	adjacent-key
wang	phrase-prefix,syllable
wanga	phrase-prefix
wangan	phrase-prefix
wangand	phrase-prefix
wanganda	phrase-prefix
wangandao	phrase-full
wangc	phrase-prefix
wangch	phrase-prefix
wangcho	phrase-prefix
wangchon	phrase-prefix
wangchong	phrase-full
wangf	phrase-prefix
wangfa	phrase-prefix
wangfan	phrase-prefix
wangfang	phrase-full
wangfe	phrase-prefix
wangfei	phrase-full
wangu	phrase-prefix
wanguo	phrase-full
wangy	phrase-prefix
wangya	phrase-prefix
wangyan	phrase-prefix
wangyanj	phrase-prefix
wangyanji	phrase-prefix
wangyanjia	phrase-prefix
wangyanjian	phrase-prefix
wangyanjiang	phrase-prefix
wangyanjiangc	phrase-prefix
wangyanjiangch	phrase-prefix
wangyanjiangchu	phrase-prefix
wangyanjiangchua	phrase-prefix
wangyanjiangchuan	phrase-full
wanh	adjacent-key,phrase-prefix
wanhu	phrase-prefix
wanhuo	phrase-prefix
wanhuoz	phrase-prefix
wanhuozi	phrase-prefix
wanhuozif	phrase-prefix
wanhuozife	phrase-prefix
wanhuozifen	phrase-full
wani	phrase-full
wanj	phrase-prefix
wanji	phrase-prefix
wanjia	phrase-prefix
wanjian	phrase-prefix
wanjianc	phrase-prefix
wanjianch	phrase-prefix
wanjianchu	phrase-prefix
wanjianchua	phrase-prefix
wanjianchuan	phrase-prefix
wanjianchuanx	phrase-prefix
wanjianchuanxi	phrase-prefix
wanjianchuanxin	phrase-full
wanl	phrase-prefix
wanli	phrase-prefix
wanliu	phrase-full
wanm	phrase-prefix
wanmi	phrase-full
wans	phrase-prefix
wansh	phrase-prefix
wansho	phrase-prefix
wanshou	phrase-prefix
wanshouw	phrase-prefix
wanshouwu	phrase-prefix
wanshouwuj	phrase-prefix
wanshouwuji	phrase-prefix
wanshouwujia	phrase-prefix
wanshouwujian	phrase-prefix
wanshouwujiang	phrase-full
wanw	phrase-prefix
wanwa	phrase-prefix
wanwan	phrase-full
wanz	phrase-prefix
wanzh	phrase-prefix
wanzhe	phrase-full
wao	adjacent-key
wau	adjacent-key
waw	phrase-prefix
wawa	phrase-prefix
waway	phrase-prefix
wawayu	phrase-full
wc	phrase-initial
wchang	phrase-mixed
wchong	phrase-mixed
wchongs	phrase-mixed
wchunsjie	phrase-mixed
wci	phrase-mixed
wcs	phrase-initial
wcsj	phrase-initial
wd	phrase-initial
wdan	phrase-mixed
wde	phrase-mixed
we	missing-letter,phrase-prefix,syllable-prefix
web	adjacent-key
webg	adjacent-key
weg	missing-letter
wegn	transposed-letters
wei	phrase-prefix,syllable
weic	phrase-prefix
weich	phrase-prefix
weicha	phrase-prefix
weichan	phrase-prefix
weichang	phrase-full
weid	phrase-prefix
weida	phrase-prefix
weidan	phrase-full
weig	phrase-prefix
weigu	phrase-prefix
weiguo	phrase-full
weih	phrase-prefix
weihe	phrase-prefix
weiheg	phrase-prefix
weihega	phrase-prefix
weihegan	phrase-full
weihu	phrase-prefix
weihuo	phrase-full
weij	phrase-prefix
weiji	phrase-prefix
weijin	phrase-prefix
weijing	phrase-prefix
weijingx	phrase-prefix
weijingxi	phrase-prefix
weijingxin	phrase-prefix
weijingxing	phrase-prefix
weijingxingw	phrase-prefix
weijingxingwe	phrase-prefix
weijingxingwei	phrase-full
weiju	phrase-full
weik	phrase-prefix
weiku	phrase-prefix
weikun	phrase-full
weil	phrase-prefix
weili	phrase-prefix
weilin	phrase-prefix
weiling	phrase-prefix
weilingd	phrase-prefix
weilingdu	phrase-prefix
weilingdun	phrase-full
weiliz	phrase-prefix
weilizi	phrase-full
wein	phrase-prefix
weini	phrase-prefix
weinis	phrase-prefix
weinisi	phrase-prefix
weinisir	phrase-prefix
weinisire	phrase-prefix
weinisiren	phrase-full
weis	phrase-prefix
weish	phrase-prefix
weisha	phrase-prefix
weishan	phrase-prefix
weishang	phrase-prefix
weishangs	phrase-prefix
weishangsh	phrase-prefix
weishangshi	phrase-prefix
weishangshig	phrase-prefix
weishangshigu	phrase-prefix
weishangshigup	phrase-prefix
weishangshigupi	phrase-prefix
weishangshigupia	phrase-prefix
weishangshigupiao	phrase-full
weishi	phrase-prefix
weishiz	phrase-prefix
weishizh	phrase-prefix
weishizho	phrase-prefix
weishizhon	phrase-prefix
weishizhong	phrase-prefix
weishizhongw	phrase-prefix
weishizhongwe	phrase-prefix
weishizhongwen	phrase-prefix
weishizhongwent	phrase-prefix
weishizhongwenta	phrase-prefix
weishizhongwentai	phrase-full
weiw	phrase-prefix
weiwe	phrase-prefix
weiwei	phrase-full
weiwo	phrase-prefix
weiwod	phrase-prefix
weiwodu	phrase-prefix
weiwoduq	phrase-prefix
weiwoduqi	phrase-prefix
weiwoduqin	phrase-prefix
weiwoduqing	phrase-full
weix	phrase-prefix
weixi	phrase-prefix
weixin	phrase-full
weiy	phrase-prefix
weiyu	phrase-full
wem	adjacent-key
wemg	adjacent-key
wen	missing-letter,phrase-prefix,syllable,syllable-prefix
wenf	adjacent-key,phrase-prefix
wenfe	phrase-prefix
wenfen	phrase-prefix
wenfeng	phrase-full
weng	syllable
wenh	adjacent-key
wenj	phrase-prefix
wenji	phrase-prefix
wenjia	phrase-prefix
wenjian	phrase-prefix
wenjianj	phrase-prefix
wenjianji	phrase-prefix
wenjianjij	phrase-prefix
wenjianjiji	phrase-prefix
wenjianjijin	phrase-prefix
wenjianjijinh	phrase-prefix
wenjianjijinhu	phrase-prefix
wenjianjijinhui	phrase-full
wenl	phrase-prefix
wenlu	phrase-full
wenm	phrase-prefix
wenmi	phrase-prefix
wenmin	phrase-prefix
wenming	phrase-prefix
wenmingy	phrase-prefix
wenmingyu	phrase-prefix
wenmingyus	phrase-prefix
wenmingyush	phrase-prefix
wenmingyushi	phrase-full
wenr	phrase-prefix
wenre	phrase-prefix
wenren	phrase-prefix
wenrenh	phrase-prefix
wenrenhu	phrase-prefix
wenrenhua	phrase-full
wenw	phrase-prefix
wenwa	phrase-prefix
wenwan	phrase-full
weny	phrase-prefix
wenyi	phrase-prefix
wenyiz	phrase-prefix
wenyiza	phrase-prefix
wenyizai	phrase-prefix
wenyizaid	phrase-prefix
wenyizaida	phrase-prefix
wenyizaidao	phrase-full
weo	adjacent-key
weu	adjacent-key
wf	phrase-initial
wfan	phrase-mixed
wfang	phrase-mixed
wfei	phrase-mixed
wfeng	phrase-mixed
wg	phrase-initial
wget	phrase-initial
wgongetui	phrase-mixed
wguo	phrase-mixed
wh	phrase-initial
wheg	phrase-mixed
whg	phrase-initial
whuo	phrase-mixed
whuozfen	phrase-mixed
whzf	phrase-initial
wi	adjacent-key,missing-letter
wia	adjacent-key,transposed-letters
wian	adjacent-key
wiang	adjacent-key
wiao	adjacent-key
wie	adjacent-key,transposed-letters
win	adjacent-key
wing	adjacent-key
wiong	adjacent-key
wiu	adjacent-key
wj	phrase-initial
wjb	phrase-initial
wjbx	phrase-initial
wjcx	phrase-initial
wjez	phrase-initial
wji	phrase-mixed
wjiancxin	phrase-mixed
wjianjjinh	phrase-mixed
wjiaob	phrase-mixed
wjie	phrase-mixed
wjiebxiao	phrase-mixed
wjiezhong	phrase-mixed
wjingxwei	phrase-mixed
wjiyshi	phrase-mixed
wjjjh	phrase-initial
wju	phrase-mixed
wjxw	phrase-initial
wjys	phrase-initial
wk	phrase-initial
wkou	phrase-mixed
wkun	phrase-mixed
wl	phrase-initial
wld	phrase-initial
wliang	phrase-mixed
wlingd	phrase-mixed
wliu	phrase-mixed
wliz	phrase-mixed
wlu	phrase-mixed
wlz	phrase-initial
wm	phrase-initial
wmi	phrase-mixed
wmie	phrase-mixed
wmingyshi	phrase-mixed
wmys	phrase-initial
wn	adjacent-key,missing-letter,phrase-initial
wna	transposed-letters
wnag	transposed-letters
wne	transposed-letters
wneg	transposed-letters
wng	adjacent-key,missing-letter
wni	phrase-mixed
wniant	phrase-mixed
wnisren	phrase-mixed
wnsr	phrase-initial
wnt	phrase-initial
wo	phrase-prefix,syllable
wod	phrase-prefix
wode	phrase-full
woj	phrase-prefix
woji	phrase-prefix
wojie	phrase-full
wok	phrase-prefix
woko	phrase-prefix
wokou	phrase-full
wow	phrase-prefix
wowo	phrase-prefix
wowos	phrase-prefix
wowosh	phrase-prefix
wowosho	phrase-prefix
wowoshou	phrase-full
woy	phrase-prefix
woya	phrase-prefix
woyao	phrase-prefix
woyaoq	phrase-prefix
woyaoqi	phrase-prefix
woyaoqiu	phrase-full
woye	phrase-prefix
woyes	phrase-prefix
woyesh	phrase-prefix
woyeshi	phrase-full
woz	phrase-prefix
wozh	phrase-prefix
wozhu	phrase-full
wp	adjacent-key
wq	phrase-initial
wquan	phrase-mixed
wr	adjacent-key
wrenf	phrase-mixed
wrenh	phrase-mixed
wrf	phrase-initial
wrh	phrase-initial
wri	adjacent-key
wrn	adjacent-key
wrng	adjacent-key
ws	adjacent-key,phrase-initial
wsbn	phrase-initial
wshangsgup	phrase-mixed
wsheng	phrase-mixed
wshengn	phrase-mixed
wshenl	phrase-mixed
wshim	phrase-mixed
wshizwent	phrase-mixed
wshouwjiang	phrase-mixed
wsi	adjacent-key
wsl	phrase-initial
wsm	phrase-initial
wsn	adjacent-key,phrase-initial
wsng	adjacent-key
wssgp	phrase-initial
wsuobneng	phrase-mixed
wswj	phrase-initial
wszwt	phrase-initial
wt	phrase-initial
wtaix	phrase-mixed
wtou	phrase-mixed
wtx	phrase-initial
wu	adjacent-key,phrase-prefix,syllable
wuan	adjacent-key
wuc	phrase-prefix
wuci	phrase-full
wue	adjacent-key
wug	phrase-prefix
wugo	phrase-prefix
wugon	phrase-prefix
wugong	phrase-prefix
wugonge	phrase-prefix
wugonger	phrase-prefix
wugongert	phrase-prefix
wugongertu	phrase-prefix
wugongertui	phrase-full
wuj	phrase-prefix
wuji	phrase-full,phrase-prefix
wujia	phrase-prefix
wujiao	phrase-prefix
wujiaob	phrase-prefix
wujiaobi	phrase-prefix
wujiaobin	phrase-prefix
wujiaobing	phrase-full
wujie	phrase-prefix
wujier	phrase-prefix
wujierz	phrase-prefix
wujierzh	phrase-prefix
wujierzho	phrase-prefix
wujierzhon	phrase-prefix
wujierzhong	phrase-full
wujiy	phrase-prefix
wujiyu	phrase-prefix
wujiyus	phrase-prefix
wujiyush	phrase-prefix
wujiyushi	phrase-full
wul	phrase-prefix
wuli	phrase-prefix
wulia	phrase-prefix
wulian	phrase-prefix
wuliang	phrase-full
wum	phrase-prefix
wumi	phrase-prefix
wumie	phrase-full
wun	adjacent-key,phrase-prefix
wuni	phrase-prefix
wunia	phrase-prefix
wunian	phrase-prefix
wuniant	phrase-prefix
wunianti	phrase-prefix
wuniantin	phrase-prefix
wunianting	phrase-full
wuq	phrase-prefix
wuqu	phrase-prefix
wuqua	phrase-prefix
wuquan	phrase-full
wur	phrase-prefix
wure	phrase-prefix
wuren	phrase-prefix
wurenf	phrase-prefix
wurenfe	phrase-prefix
wurenfen	phrase-full
wus	phrase-prefix
wush	phrase-prefix
wushe	phrase-prefix
wushen	phrase-prefix
wushenl	phrase-prefix
wushenlu	phrase-prefix
wushenlun	phrase-full
wushi	phrase-prefix
wushim	phrase-prefix
wushima	phrase-prefix
wushiman	phrase-prefix
wushimang	phrase-full
wusu	phrase-prefix
wusuo	phrase-prefix
wusuob	phrase-prefix
wusuobu	phrase-prefix
wusuobun	phrase-prefix
wusuobune	phrase-prefix
wusuobunen	phrase-prefix
wusuobuneng	phrase-full
wut	phrase-prefix
wuta	phrase-prefix
wutai	phrase-prefix
wutaix	phrase-prefix
wutaixi	phrase-prefix
wutaixia	phrase-prefix
wutaixian	phrase-prefix
wutaixiang	phrase-full
wuy	phrase-prefix
wuya	phrase-prefix
wuyan	phrase-prefix
wuyanw	phrase-prefix
wuyanwe	phrase-prefix
wuyanwen	phrase-prefix
wuyanwenx	phrase-prefix
wuyanwenxi	phrase-prefix
wuyanwenxiu	phrase-full
wuyi	phrase-prefix
wuyih	phrase-prefix
wuyiho	phrase-prefix
wuyihou	phrase-prefix
wuyihouh	phrase-prefix
wuyihouhu	phrase-prefix
wuyihouhua	phrase-prefix
wuyihouhuan	phrase-full
wuyu	phrase-prefix
wuyub	phrase-prefix
wuyubi	phrase-prefix
wuyubin	phrase-prefix
wuyubing	phrase-prefix
wuyubingz	phrase-prefix
wuyubingzh	phrase-prefix
wuyubingzho	phrase-prefix
wuyubingzhon	phrase-prefix
wuyubingzhong	phrase-full
wuz	phrase-prefix
wuzh	phrase-prefix
wuzhu	phrase-prefix
wuzhua	phrase-prefix
wuzhuap	phrase-prefix
wuzhuapi	phrase-prefix
wuzhuapin	phrase-prefix
wuzhuaping	phrase-prefix
wuzhuapingg	phrase-prefix
wuzhuapinggu	phrase-prefix
wuzhuapingguo	phrase-full
ww	phrase-initial
wwaid	phrase-mixed
wwan	phrase-mixed
wway	phrase-mixed
wwd	phrase-initial
wwdq	phrase-initial
wwei	phrase-mixed
wwi	adjacent-key
wwn	adjacent-key
wwng	adjacent-key
wwodqing	phrase-mixed
wwos	phrase-mixed
wws	phrase-initial
wwy	phrase-initial
wx	phrase-initial
wxin	phrase-mixed
wy	adjacent-key,phrase-initial
wyanjchuan	phrase-mixed
wyanwxiu	phrase-mixed
wyaoq	phrase-mixed
wybz	phrase-initial
wyes	phrase-mixed
wyhh	phrase-initial
wyihhuan	phrase-mixed
wyizdao	phrase-mixed
wyjc	phrase-initial
wyq	phrase-initial
wys	phrase-initial
wyu	phrase-mixed
wyubzhong	phrase-mixed
wywx	phrase-initial
wyzd	phrase-initial
wz	phrase-initial
wzhe	phrase-mixed
wzhu	phrase-mixed
wzhuapguo	phrase-mixed
wzpg	phrase-initial
x	missing-letter,phrase-prefix,syllable-prefix
xa	adjacent-key,missing-letter
xai	adjacent-key,transposed-letters
xain	transposed-letters
xaing	transposed-letters
xaio	transposed-letters
xan	adjacent-key,missing-letter
xang	adjacent-key,missing-letter
xao	adjacent-key,missing-letter
xaun	transposed-letters
xb	phrase-initial
xbai	phrase-mixed
xban	phrase-mixed
xbanywenx	phrase-mixed
xbaoz	phrase-mixed
xbywx	phrase-initial
xbz	phrase-initial
xc	phrase-initial
xcai	phrase-mixed
xchang	phrase-mixed
xchemren	phrase-mixed
xcheng	phrase-mixed
xchi	phrase-mixed
xcmr	phrase-initial
xcuo	phrase-mixed
xd	phrase-initial
xdaih	phrase-mixed
xdang	phrase-mixed
xdh	phrase-initial
xdian	phrase-mixed
xdie	phrase-mixed
xding	phrase-mixed
xe	adjacent-key,missing-letter,phrase-initial
xei	adjacent-key,transposed-letters
xen	adjacent-key,phrase-mixed
xeng	adjacent-key
xeu	transposed-letters
xf	phrase-initial
xfang	phrase-mixed
xfawseng	phrase-mixed
xfeng	phrase-mixed
xfws	phrase-initial
xgd	phrase-initial
xgeldi	phrase-mixed
xgld	phrase-initial
xgoud	phrase-mixed
xgour	phrase-mixed
xgr	phrase-initial
xgsybh	phrase-initial
xguangsyuebhuo	phrase-mixed
xh	phrase-initial
xha	adjacent-key
xhai	adjacent-key,phrase-mixed
xhan	adjacent-key
xhang	adjacent-key
xhao	adjacent-key,phrase-mixed
xhe	adjacent-key,phrase-mixed
xhei	adjacent-key
xhen	adjacent-key
xheng	adjacent-key
xhi	adjacent-key
xhl	phrase-initial
xhong	adjacent-key
xhou	adjacent-key
xhu	adjacent-key
xhua	adjacent-key,phrase-mixed
xhuai	adjacent-key
xhual	phrase-mixed
xhuan	adjacent-key
xhuang	adjacent-key
xhuanl	phrase-mixed
xhui	adjacent-key,phrase-mixed
xhun	adjacent-key
xhuo	adjacent-key
xi	adjacent-key,missing-letter,phrase-prefix,syllable,syllable-prefix
xia	missing-letter,phrase-prefix,syllable,syllable-prefix
xiab	adjacent-key
xiabg	adjacent-key
xiac	phrase-prefix
xiaca	phrase-prefix
xiacai	phrase-full
xiag	missing-letter
xiagn	transposed-letters
xiai	adjacent-key
xial	phrase-prefix
xiala	phrase-prefix
xialao	phrase-full
xiam	adjacent-key
xiamg	adjacent-key
xian	adjacent-key,missing-letter,phrase-prefix,syllable,syllable-prefix
xianc	phrase-prefix
xianca	phrase-prefix
xiancai	phrase-full
xianf	adjacent-key
xiang	phrase-prefix,syllable
xiangc	phrase-prefix
xiangch	phrase-prefix
xiangche	phrase-prefix
xiangchem	phrase-prefix
xiangcheme	phrase-prefix
xiangchemei	phrase-prefix
xiangchemeir	phrase-prefix
xiangchemeire	phrase-prefix
xiangchemeiren	phrase-full
xiangchen	phrase-prefix
xiangcheng	phrase-full
xiangd	phrase-prefix
xiangda	phrase-prefix
xiangdai	phrase-prefix
xiangdaih	phrase-prefix
xiangdaihu	phrase-prefix
xiangdaihui	phrase-full
xiangdan	phrase-prefix
xiangdang	phrase-full
xiangh	phrase-prefix
xiangha	phrase-prefix
xianghai	phrase-full
xianghao	phrase-full
xiangl	phrase-prefix
xianglu	phrase-prefix
xianglue	phrase-full
xiangp	phrase-prefix
xiangpi	phrase-prefix
xiangpis	phrase-prefix
xiangpish	phrase-prefix
xiangpishu	phrase-full
xiangq	phrase-prefix
xiangqu	phrase-prefix
xiangqus	phrase-prefix
xiangqush	phrase-prefix
xiangqushe	phrase-prefix
xiangqushen	phrase-prefix
xiangqushenw	phrase-prefix
xiangqushenwu	phrase-full
xiangs	phrase-prefix
xiangsh	phrase-prefix
xiangshi	phrase-full
xiangsu	phrase-full
xiangx	phrase-prefix
xiangxi	phrase-prefix
xiangxia	phrase-prefix
xiangxian	phrase-prefix
xiangxiang	phrase-prefix
xiangxiangk	phrase-prefix
xiangxiangka	phrase-prefix
xiangxiangkan	phrase-full
xiangxie	phrase-prefix
xiangxiel	phrase-prefix
xiangxieli	phrase-prefix
xiangxielis	phrase-prefix
xiangxielish	phrase-prefix
xiangxielishe	phrase-full
xiangz	phrase-prefix
xiangzi	phrase-full
xianh	adjacent-key,phrase-prefix
xianhu	phrase-prefix
xianhui	phrase-full
xianj	phrase-prefix
xianji	phrase-prefix
xianjin	phrase-full
xiank	phrase-prefix
xianku	phrase-prefix
xiankua	phrase-prefix
xiankuan	phrase-full
xiano	phrase-prefix
xianon	phrase-prefix
xianong	phrase-full
xianr	phrase-prefix
xianra	phrase-prefix
xianran	phrase-prefix
xianrann	phrase-prefix
xianranne	phrase-prefix
xianrannen	phrase-prefix
xianranneng	phrase-full
xians	phrase-prefix
xiansh	phrase-prefix
xianshi	phrase-full
xiany	phrase-prefix
xianyi	phrase-prefix
xianyin	phrase-prefix
xianying	phrase-prefix
xianyingl	phrase-prefix
xianyingli	phrase-full
xianz	phrase-prefix
xianzh	phrase-prefix
xianzhi	phrase-prefix
xianzhis	phrase-prefix
xianzhish	phrase-prefix
xianzhishi	phrase-full
xianzhu	phrase-prefix
xianzhua	phrase-prefix
xianzhuan	phrase-prefix
xianzhuang	phrase-full
xianzu	phrase-full
xiao	phrase-prefix,syllable
xiaob	phrase-prefix
xiaoba	phrase-prefix
xiaobai	phrase-full
xiaoc	phrase-prefix
xiaoch	phrase-prefix
xiaocha	phrase-prefix
xiaochan	phrase-prefix
xiaochang	phrase-full
xiaocu	phrase-prefix
xiaocuo	phrase-full
xiaod	phrase-prefix
xiaodi	phrase-prefix
xiaodie	phrase-full
xiaof	phrase-prefix
xiaofa	phrase-prefix
xiaofaw	phrase-prefix
xiaofawe	phrase-prefix
xiaofawei	phrase-prefix
xiaofaweis	phrase-prefix
xiaofaweise	phrase-prefix
xiaofaweisen	phrase-prefix
xiaofaweiseng	phrase-full
xiaoj	phrase-prefix
xiaoji	phrase-prefix
xiaojia	phrase-prefix
xiaojian	phrase-prefix
xiaojiang	phrase-full
xiaojin	phrase-prefix
xiaojing	phrase-full
xiaoq	phrase-prefix
xiaoqu	phrase-prefix
xiaoque	phrase-prefix
xiaoquex	phrase-prefix
xiaoquexi	phrase-prefix
xiaoquexin	phrase-prefix
xiaoquexing	phrase-full
xiaoquq	phrase-prefix
xiaoquqi	phrase-prefix
xiaoquqiu	phrase-full
xiaoy	phrase-prefix
xiaoye	phrase-prefix
xiaoyeq	phrase-prefix
xiaoyequ	phrase-full
xiaoz	phrase-prefix
xiaozh	phrase-prefix
xiaozha	phrase-prefix
xiaozhan	phrase-prefix
xiaozhang	phrase-prefix
xiaozhangf	phrase-prefix
xiaozhangfu	phrase-full
xiaozhu	phrase-prefix
xiaozhuy	phrase-prefix
xiaozhuya	phrase-prefix
xiaozhuyan	phrase-prefix
xiaozhuyank	phrase-prefix
xiaozhuyanka	phrase-prefix
xiaozhuyankai	phrase-full
xiaozu	phrase-prefix
xiaozuz	phrase-prefix
xiaozuzh	phrase-prefix
xiaozuzha	phrase-prefix
xiaozuzhan	phrase-prefix
xiaozuzhang	phrase-full
xiap	adjacent-key
xiaq	phrase-prefix
xiaqu	phrase-full
xiat	phrase-prefix
xiati	phrase-prefix
xiatie	phrase-prefix
xiatiez	phrase-prefix
xiatiezi	phrase-full
xiay	phrase-prefix
xiayu	phrase-prefix
xiayus	phrase-prefix
xiayush	phrase-prefix
xiayushu	phrase-prefix
xiayushun	phrase-full
xiaz	phrase-prefix
xiazh	phrase-prefix
xiazho	phrase-prefix
xiazhon	phrase-prefix
xiazhong	phrase-full
xib	adjacent-key,phrase-prefix
xiba	phrase-prefix
xiban	phrase-prefix
xibany	phrase-prefix
xibanya	phrase-prefix
xibanyaw	phrase-prefix
xibanyawe	phrase-prefix
xibanyawen	phrase-prefix
xibanyawenx	phrase-prefix
xibanyawenxu	phrase-prefix
xibanyawenxue	phrase-full
xibao	phrase-prefix
xibaoz	phrase-prefix
xibaozh	phrase-prefix
xibaozhu	phrase-prefix
xibaozhua	phrase-prefix
xibaozhuan	phrase-prefix
xibaozhuang	phrase-full
xibg	adjacent-key
xie	adjacent-key,phrase-prefix,syllable
xiec	phrase-prefix
xiech	phrase-prefix
xiechi	phrase-full
xied	phrase-prefix
xiedi	phrase-prefix
xiedia	phrase-prefix
xiedian	phrase-full
xiee	phrase-prefix
xieen	phrase-full
xieq	phrase-prefix
xiequ	phrase-full
xiet	phrase-prefix
xieto	phrase-prefix
xieton	phrase-prefix
xietong	phrase-prefix
xietongs	phrase-prefix
xietongsh	phrase-prefix
xietongshu	phrase-full
xiez	phrase-prefix
xiezh	phrase-prefix
xiezhu	phrase-prefix
xiezhua	phrase-prefix
xiezhuan	phrase-prefix
xiezhuang	phrase-prefix
xiezhuangy	phrase-prefix
xiezhuangyi	phrase-full
xif	phrase-prefix
xifa	phrase-prefix
xifan	phrase-prefix
xifang	phrase-full
xig	missing-letter
xign	transposed-letters
xii	adjacent-key
xiing	adjacent-key
xij	phrase-prefix
xiji	phrase-prefix
xijia	phrase-prefix
xijiad	phrase-prefix
xijiada	phrase-prefix
xijiadai	phrase-prefix
xijiadaij	phrase-prefix
xijiadaiju	phrase-prefix
xijiadaijua	phrase-prefix
xijiadaijuan	phrase-full
xijiao	phrase-prefix
xijiaom	phrase-prefix
xijiaoma	phrase-prefix
xijiaoman	phrase-prefix
xijiaomany	phrase-prefix
xijiaomanya	phrase-prefix
xijiaomanyan	phrase-full
xijie	phrase-prefix
xijiex	phrase-prefix
xijiexi	phrase-prefix
xijiexin	phrase-prefix
xijiexing	phrase-full
xil	phrase-prefix
xila	phrase-prefix
xilai	phrase-full
xili	phrase-full
xim	adjacent-key
ximg	adjacent-key
xin	adjacent-key,missing-letter,phrase-prefix,syllable,syllable-prefix
xina	transposed-letters
xinag	transposed-letters
xinb	phrase-prefix
xinba	phrase-prefix
xinban	phrase-full
xinf	adjacent-key,phrase-prefix
xinfe	phrase-prefix
xinfen	phrase-prefix
xinfeng	phrase-full
xing	missing-letter,phrase-prefix,syllable
xingb	phrase-prefix
xingba	phrase-prefix
xingban	phrase-full
xingh	phrase-prefix
xinghu	phrase-prefix
xinghua	phrase-prefix
xinghual	phrase-prefix
xinghualo	phrase-prefix
xinghualou	phrase-full
xingn	phrase-prefix
xingna	phrase-prefix
xingnan	phrase-prefix
xingnang	phrase-full
xingo	phrase-prefix
xingou	phrase-prefix
xingour	phrase-prefix
xingouru	phrase-full
xingt	phrase-prefix
xingta	phrase-prefix
xingtan	phrase-full
xingu	phrase-prefix
xingua	phrase-prefix
xinguan	phrase-prefix
xinguang	phrase-prefix
xinguangs	phrase-prefix
xinguangsa	phrase-prefix
xinguangsan	phrase-prefix
xinguangsany	phrase-prefix
xinguangsanyu	phrase-prefix
xinguangsanyue	phrase-prefix
xinguangsanyueb	phrase-prefix
xinguangsanyueba	phrase-prefix
xinguangsanyuebai	phrase-prefix
xinguangsanyuebaih	phrase-prefix
xinguangsanyuebaihu	phrase-prefix
xinguangsanyuebaihuo	phrase-full
xinh	adjacent-key
xinj	phrase-prefix
xinji	phrase-full,phrase-prefix
xinjia	phrase-prefix
xinjiao	phrase-prefix
xinjiaot	phrase-prefix
xinjiaotu	phrase-full
xinjiay	phrase-prefix
xinjiayi	phrase-prefix
xinjiayig	phrase-prefix
xinjiayige	phrase-full
xinl	phrase-prefix
xinle	phrase-prefix
xinley	phrase-prefix
xinleyu	phrase-prefix
xinleyua	phrase-prefix
xinleyuan	phrase-full
xinog	transposed-letters
xins	phrase-prefix
xinsh	phrase-prefix
xinshi	phrase-full
xint	phrase-prefix
xinta	phrase-prefix
xintai	phrase-prefix
xintaib	phrase-prefix
xintaibi	phrase-full
xinw	phrase-prefix
xinwa	phrase-prefix
xinwan	phrase-prefix
xinwanz	phrase-prefix
xinwanzh	phrase-prefix
xinwanzhi	phrase-full
xinwe	phrase-prefix
xinwen	phrase-prefix
xinwenm	phrase-prefix
xinwenme	phrase-prefix
xinwenmei	phrase-prefix
xinwenmeit	phrase-prefix
xinwenmeiti	phrase-full
xinx	phrase-prefix
xinxi	phrase-prefix
xinxie	phrase-full
xinxin	phrase-full,phrase-prefix
xinxing	phrase-full
xinxu	phrase-prefix
xinxun	phrase-full
xiny	phrase-prefix
xinya	phrase-prefix
xinyan	phrase-prefix
xinyanf	phrase-prefix
xinyanfa	phrase-full
xinz	phrase-prefix
xinzh	phrase-prefix
xinzha	phrase-full
xinzi	phrase-full
xio	missing-letter,phrase-prefix,syllable-prefix
xioa	transposed-letters
xiobg	adjacent-key
xiog	missing-letter
xiogn	transposed-letters
xiomg	adjacent-key
xion	missing-letter,phrase-prefix,syllable-prefix
xionf	adjacent-key
xiong	phrase-prefix,syllable
xiongl	phrase-prefix
xiongle	phrase-prefix
xionglem	phrase-prefix
xionglemo	phrase-full
xiongz	phrase-prefix
xiongzh	phrase-prefix
xiongzho	phrase-prefix
xiongzhon	phrase-prefix
xiongzhong	phrase-prefix
xiongzhongx	phrase-prefix
xiongzhongxi	phrase-prefix
xiongzhongxim	phrase-prefix
xiongzhongximo	phrase-full
xionh	adjacent-key
xipng	adjacent-key
xiq	phrase-prefix
xiqi	phrase-full
xir	adjacent-key
xis	adjacent-key,phrase-prefix
xisi	phrase-prefix
xisil	phrase-prefix
xisila	phrase-prefix
xisilai	phrase-prefix
xisilaij	phrase-prefix
xisilaiji	phrase-prefix
xisilaijie	phrase-full
xisn	adjacent-key
xisng	adjacent-key
xiso	adjacent-key,phrase-prefix
xison	phrase-prefix
xisong	phrase-full
xiu	phrase-prefix,syllable
xiud	phrase-prefix
xiudi	phrase-prefix
xiudin	phrase-prefix
xiuding	phrase-full
xiul	phrase-prefix
xiula	phrase-prefix
xiulai	phrase-full
xiw	adjacent-key
xiy	adjacent-key,phrase-prefix
xiya	phrase-prefix
xiyan	phrase-prefix
xiyang	phrase-prefix
xiyangw	phrase-prefix
xiyangwe	phrase-prefix
xiyangwen	phrase-prefix
xiyangwenx	phrase-prefix
xiyangwenxu	phrase-prefix
xiyangwenxue	phrase-full
xj	phrase-initial
xjdj	phrase-initial
xji	phrase-mixed
xjia	phrase-mixed
xjiadjuan	phrase-mixed
xjiang	phrase-mixed
xjiao	phrase-mixed
xjiaomyan	phrase-mixed
xjiaot	phrase-mixed
xjiayge	phrase-mixed
xjiex	phrase-mixed
xjin	phrase-mixed
xjing	phrase-mixed
xjmy	phrase-initial
xjt	phrase-initial
xjx	phrase-initial
xjyg	phrase-initial
xk	phrase-initial
xkuan	phrase-mixed
xkuang	phrase-mixed
xl	phrase-initial
xlai	phrase-mixed
xlao	phrase-mixed
xlem	phrase-mixed
xley	phrase-mixed
xli	phrase-mixed
xlm	phrase-initial
xlue	phrase-mixed
xly	phrase-initial
xm	phrase-initial
xmaoc	phrase-mixed
xmc	phrase-initial
xmi	phrase-mixed
xming	phrase-mixed
xn	missing-letter,phrase-initial
xnang	phrase-mixed
xng	missing-letter
xni	transposed-letters
xnig	transposed-letters
xnong	phrase-mixed
xnu	transposed-letters
xo	adjacent-key
xoa	adjacent-key
xoan	adjacent-key
xoang	adjacent-key
xoao	adjacent-key
xoe	adjacent-key
xoing	transposed-letters
xon	adjacent-key
xong	adjacent-key,missing-letter
xoong	adjacent-key
xou	adjacent-key
xpis	phrase-mixed
xps	phrase-initial
xq	phrase-initial
xqi	phrase-mixed
xqq	phrase-initial
xqsw	phrase-initial
xqu	phrase-mixed
xquex	phrase-mixed
xquq	phrase-mixed
xquswu	phrase-mixed
xqx	phrase-initial
xr	phrase-initial
xrann	phrase-mixed
xrcs	phrase-initial
xri	phrase-mixed
xricsheng	phrase-mixed
xrn	phrase-initial
xs	phrase-initial
xshan	phrase-mixed
xshe	phrase-mixed
xshi	phrase-mixed
xsiljie	phrase-mixed
xslj	phrase-initial
xsong	phrase-mixed
xsu	phrase-mixed
xt	phrase-initial
xtaib	phrase-mixed
xtan	phrase-mixed
xtao	phrase-mixed
xtb	phrase-initial
xtiez	phrase-mixed
xtongs	phrase-mixed
xts	phrase-initial
xtz	phrase-initial
xu	adjacent-key,missing-letter,phrase-prefix,syllable,syllable-prefix
xua	adjacent-key,missing-letter,phrase-prefix,syllable-prefix
xuab	adjacent-key
xuam	adjacent-key
xuan	adjacent-key,phrase-prefix,syllable
xuang	adjacent-key,phrase-prefix
xuange	phrase-prefix
xuangel	phrase-prefix
xuangeli	phrase-prefix
xuangelia	phrase-prefix
xuangelian	phrase-prefix
xuangeliang	phrase-prefix
xuangeliangd	phrase-prefix
xuangeliangdi	phrase-full
xuanm	phrase-prefix
xuanma	phrase-prefix
xuanmao	phrase-prefix
xuanmaoc	phrase-prefix
xuanmaoch	phrase-prefix
xuanmaocho	phrase-prefix
xuanmaochon	phrase-prefix
xuanmaochong	phrase-full
xuao	adjacent-key
xub	adjacent-key
xue	adjacent-key,phrase-prefix,syllable
xuej	phrase-prefix
xueji	phrase-prefix
xuejia	phrase-full
xues	phrase-prefix
xuesh	phrase-prefix
xuesha	phrase-prefix
xueshan	phrase-full
xug	phrase-prefix
xugo	phrase-prefix
xugou	phrase-prefix
xugoud	phrase-prefix
xugoude	phrase-full
xuh	phrase-prefix
xuhu	phrase-prefix
xuhua	phrase-full
xui	adjacent-key,transposed-letters
xum	adjacent-key,phrase-prefix
xumi	phrase-full,phrase-prefix
xumin	phrase-prefix
xuming	phrase-full
xun	adjacent-key,missing-letter,phrase-prefix,syllable
xuna	transposed-letters
xung	adjacent-key
xunh	phrase-prefix
xunhe	phrase-full
xunhu	phrase-prefix
xunhua	phrase-prefix
xunhuan	phrase-prefix
xunhuanl	phrase-prefix
xunhuanlu	phrase-prefix
xunhuanlun	phrase-full
xunhui	phrase-full
xunj	phrase-prefix
xunji	phrase-prefix
xunjia	phrase-prefix
xunjiao	phrase-full
xunk	phrase-prefix
xunku	phrase-prefix
xunkua	phrase-prefix
xunkuan	phrase-prefix
xunkuang	phrase-full
xunt	phrase-prefix
xunta	phrase-prefix
xuntao	phrase-full
xuny	phrase-prefix
xunye	phrase-full
xuo	adjacent-key
xuong	adjacent-key
xur	adjacent-key,phrase-prefix
xuri	phrase-full,phrase-prefix
xuric	phrase-prefix
xurich	phrase-prefix
xurichu	phrase-prefix
xurichus	phrase-prefix
xurichush	phrase-prefix
xurichushe	phrase-prefix
xurichushen	phrase-prefix
xurichusheng	phrase-full
xus	phrase-prefix
xush	phrase-prefix
xushe	phrase-full
xusn	adjacent-key
xuu	adjacent-key
xuw	adjacent-key
xuy	phrase-prefix
xuyi	phrase-prefix
xuyin	phrase-prefix
xuying	phrase-prefix
xuyingg	phrase-prefix
xuyinggu	phrase-prefix
xuyinggus	phrase-prefix
xuyinggush	phrase-prefix
xuyinggushi	phrase-full
xuz	phrase-prefix
xuzh	phrase-prefix
xuzha	phrase-prefix
xuzhan	phrase-prefix
xuzhany	phrase-prefix
xuzhanyu	phrase-prefix
xuzhanyua	phrase-prefix
xuzhanyuan	phrase-full
xwanz	phrase-mixed
xwenmti	phrase-mixed
xwmt	phrase-initial
xwz	phrase-initial
xx	phrase-initial
xxiangk	phrase-mixed
xxie	phrase-mixed
xxielshe	phrase-mixed
xxin	phrase-mixed
xxing	phrase-mixed
xxk	phrase-initial
xxls	phrase-initial
xxun	phrase-mixed
xy	adjacent-key,phrase-initial
xyan	adjacent-key
xyanf	phrase-mixed
xyangwxue	phrase-mixed
xye	adjacent-key,phrase-mixed
xyeq	phrase-mixed
xyf	phrase-initial
xygs	phrase-initial
xyinggshi	phrase-mixed
xyingl	phrase-mixed
xyl	phrase-initial
xyn	adjacent-key
xyq	phrase-initial
xys	phrase-initial
xyus	phrase-mixed
xywx	phrase-initial
xz	phrase-initial
xzf	phrase-initial
xzha	phrase-mixed
xzhangf	phrase-mixed
xzhany	phrase-mixed
xzhis	phrase-mixed
xzhong	phrase-mixed
xzhongxmo	phrase-mixed
xzhuang	phrase-mixed
xzhuangy	phrase-mixed
xzhuykai	phrase-mixed
xzi	phrase-mixed
xzs	phrase-initial
xzu	phrase-mixed
xzuz	phrase-mixed
xzxm	phrase-initial
xzy	phrase-initial
xzyk	phrase-initial
xzz	phrase-initial
y	adjacent-key,missing-letter,phrase-prefix,syllable-prefix
ya	adjacent-key,missing-letter,phrase-prefix,syllable,syllable-prefix
yab	adjacent-key
yabg	adjacent-key
yac	phrase-prefix
yach	phrase-prefix
yacho	phrase-prefix
yachon	phrase-prefix
yachong	phrase-full
yaf	phrase-prefix
yafe	phrase-prefix
yafen	phrase-prefix
yafeng	phrase-full
yag	missing-letter,phrase-prefix
yagn	transposed-letters
yagu	phrase-prefix
yagun	phrase-full
yai	adjacent-key,syllable
yam	adjacent-key
yamg	adjacent-key
yan	adjacent-key,missing-letter,phrase-prefix,syllable,syllable-prefix
yanf	adjacent-key
yang	adjacent-key,phrase-prefix,syllable
yangc	phrase-prefix
yangch	phrase-prefix
yangcha	phrase-prefix
yangchan	phrase-prefix
yangchang	phrase-prefix
yangchangx	phrase-prefix
yangchangxi	phrase-prefix
yangchangxia	phrase-prefix
yangchangxiao	phrase-prefix
yangchangxiaod	phrase-prefix
yangchangxiaoda	phrase-prefix
yangchangxiaodao	phrase-full
yangh	phrase-prefix
yanghu	phrase-prefix
yanghuc	phrase-prefix
yanghuch	phrase-prefix
yanghuche	phrase-prefix
yanghuchen	phrase-prefix
yanghucheng	phrase-full
yangt	phrase-prefix
yangtu	phrase-prefix
yangtui	phrase-full
yanh	adjacent-key,phrase-prefix
yanhu	phrase-full
yank	phrase-prefix
yanku	phrase-prefix
yankua	phrase-prefix
yankuan	phrase-prefix
yankuang	phrase-full
yanr	phrase-prefix
yanra	phrase-prefix
yanran	phrase-full
yans	phrase-prefix
yansh	phrase-prefix
yansho	phrase-prefix
yanshou	phrase-prefix
yanshouh	phrase-prefix
yanshouhu	phrase-prefix
yanshouhua	phrase-prefix
yanshouhuan	phrase-prefix
yanshouhuanf	phrase-prefix
yanshouhuanfe	phrase-prefix
yanshouhuanfei	phrase-full
yanw	phrase-prefix
yanwu	phrase-prefix
yanwum	phrase-prefix
yanwumi	phrase-prefix
yanwumim	phrase-prefix
yanwumima	phrase-prefix
yanwumiman	phrase-full
yanx	phrase-prefix
yanxi	phrase-prefix
yanxia	phrase-prefix
yanxiao	phrase-prefix
yanxiaob	phrase-prefix
yanxiaobu	phrase-prefix
yanxiaobug	phrase-prefix
yanxiaobugo	phrase-prefix
yanxiaobugou	phrase-full
yany	phrase-prefix
yanyu	phrase-prefix
yanyue	phrase-prefix
yanyuex	phrase-prefix
yanyuexi	phrase-prefix
yanyuexiu	phrase-prefix
yanyuexiuh	phrase-prefix
yanyuexiuhu	phrase-prefix
yanyuexiuhua	phrase-full
yanz	phrase-prefix
yanzh	phrase-prefix
yanzhu	phrase-full
yao	adjacent-key,phrase-prefix,syllable
yaoc	phrase-prefix
yaoci	phrase-full
yaoq	phrase-prefix
yaoqi	phrase-prefix
yaoqil	phrase-prefix
yaoqila	phrase-prefix
yaoqilai	phrase-full
yaox	phrase-prefix
yaoxi	phrase-prefix
yaoxia	phrase-prefix
yaoxian	phrase-full
yaoy	phrase-prefix
yaoya	phrase-prefix
yaoyao	phrase-prefix
yaoyaod	phrase-prefix
yaoyaodi	phrase-full
yap	adjacent-key
yat	phrase-prefix
yate	phrase-prefix
yatel	phrase-prefix
yatela	phrase-prefix
yatelan	phrase-prefix
yateland	phrase-prefix
yatelanda	phrase-prefix
yatelandal	phrase-prefix
yatelandala	phrase-prefix
yatelandalao	phrase-prefix
yatelandalaoy	phrase-prefix
yatelandalaoyi	phrase-prefix
yatelandalaoyin	phrase-prefix
yatelandalaoying	phrase-full
yatelanday	phrase-prefix
yatelandayo	phrase-prefix
yatelandayon	phrase-prefix
yatelandayong	phrase-prefix
yatelandayongs	phrase-prefix
yatelandayongsh	phrase-prefix
yatelandayongshi	phrase-full
yau	adjacent-key
yaun	transposed-letters
yb	phrase-initial
ybaibshid	phrase-mixed
ybaos	phrase-mixed
ybbsd	phrase-initial
ybd	phrase-initial
ybei	phrase-mixed
ybi	phrase-mixed
ybian	phrase-mixed
ybiao	phrase-mixed
ybied	phrase-mixed
ybs	phrase-initial
yc	phrase-initial
ycc	phrase-initial
ychangxdao	phrase-mixed
ychaoc	phrase-mixed
ychizyang	phrase-mixed
ychong	phrase-mixed
ychuq	phrase-mixed
yci	phrase-mixed
ycq	phrase-initial
ycuo	phrase-mixed
ycxd	phrase-initial
yczy	phrase-initial
yd	phrase-initial
ydan	phrase-initial
ydao	phrase-mixed
ydcg	phrase-initial
ydd	phrase-initial
yde	phrase-initial,phrase-mixed
ydiana	phrase-mixed
ydiane	phrase-mixed
ydjs	phrase-initial
ydongcguan	phrase-mixed
ydongd	phrase-mixed
ydongjsai	phrase-mixed
yduan	phrase-mixed
ye	adjacent-key,missing-letter,phrase-prefix,syllable
yeg	phrase-prefix
yegu	phrase-prefix
yeguo	phrase-prefix
yeguoz	phrase-prefix
yeguozi	phrase-full
yen	phrase-prefix
yene	phrase-prefix
yenen	phrase-prefix
yeneng	phrase-prefix
yenengg	phrase-prefix
yenenggo	phrase-prefix
yenenggou	phrase-full
yeng	adjacent-key
yerzzaiesan	phrase-mixed
yeu	transposed-letters
yex	phrase-prefix
yexi	phrase-prefix
yexia	phrase-prefix
yexiao	phrase-prefix
yexiaos	phrase-prefix
yexiaosh	phrase-prefix
yexiaoshe	phrase-prefix
yexiaoshen	phrase-prefix
yexiaosheng	phrase-full
yexu	phrase-prefix
yexuh	phrase-prefix
yexuhu	phrase-prefix
yexuhui	phrase-full
yeym	phrase-initial
yeymei	phrase-mixed
yez	phrase-prefix
yezh	phrase-prefix
yezhu	phrase-full
yezzes	phrase-initial
yf	phrase-initial
yfaxshi	phrase-mixed
yfen	phrase-mixed
yfeng	phrase-mixed
yfxs	phrase-initial
yg	phrase-initial
ygq	phrase-initial
yguan	phrase-mixed
ygui	phrase-mixed
ygun	phrase-mixed
yguoq	phrase-mixed
yguoz	phrase-mixed
ygz	phrase-initial
yh	phrase-initial
yhai	phrase-mixed
yhanzsheng	phrase-mixed
yhc	phrase-initial
yhou	phrase-mixed
yhs	phrase-initial
yhu	phrase-mixed
yhuan	phrase-mixed
yhuc	phrase-mixed
yhuis	phrase-mixed
yhuznuo	phrase-mixed
yhzn	phrase-initial
yhzs	phrase-initial
yi	adjacent-key,missing-letter,phrase-prefix,syllable,syllable-prefix
yia	transposed-letters
yian	adjacent-key
yiao	adjacent-key
yib	adjacent-key,phrase-prefix
yiba	phrase-prefix
yibai	phrase-prefix
yibaib	phrase-prefix
yibaiba	phrase-prefix
yibaibas	phrase-prefix
yibaibash	phrase-prefix
yibaibashi	phrase-prefix
yibaibashid	phrase-prefix
yibaibashidu	phrase-full
yibe	phrase-prefix
yibei	phrase-full
yibg	adjacent-key
yibi	phrase-prefix
yibia	phrase-prefix
yibiao	phrase-full
yic	phrase-prefix
yicu	phrase-prefix
yicuo	phrase-full
yid	phrase-prefix
yida	phrase-prefix
yidao	phrase-full
yido	phrase-prefix
yidon	phrase-prefix
yidong	phrase-prefix
yidongd	phrase-prefix
yidongdo	phrase-prefix
yidongdon	phrase-prefix
yidongdong	phrase-full
yidu	phrase-prefix
yidua	phrase-prefix
yiduan	phrase-full
yie	adjacent-key,phrase-prefix
yier	phrase-prefix
yierz	phrase-prefix
yierza	phrase-prefix
yierzai	phrase-prefix
yierzaiz	phrase-prefix
yierzaiza	phrase-prefix
yierzaizai	phrase-prefix
yierzaizaie	phrase-prefix
yierzaizaier	phrase-prefix
yierzaizaiers	phrase-prefix
yierzaizaiersa	phrase-prefix
yierzaizaiersan	phrase-full
yif	phrase-prefix
yifa	phrase-prefix
yifax	phrase-prefix
yifaxi	phrase-prefix
yifaxin	phrase-prefix
yifaxing	phrase-prefix
yifaxings	phrase-prefix
yifaxingsh	phrase-prefix
yifaxingshi	phrase-full
yife	phrase-prefix
yifen	phrase-full
yig	missing-letter
yign	transposed-letters
yih	phrase-prefix
yiha	phrase-prefix
yihan	phrase-prefix
yihanz	phrase-prefix
yihanzh	phrase-prefix
yihanzho	phrase-prefix
yihanzhon	phrase-prefix
yihanzhong	phrase-prefix
yihanzhongs	phrase-prefix
yihanzhongsh	phrase-prefix
yihanzhongshe	phrase-prefix
yihanzhongshen	phrase-prefix
yihanzhongsheng	phrase-full
yihu	phrase-prefix
yihua	phrase-prefix
yihuan	phrase-full
yihui	phrase-prefix
yihuis	phrase-prefix
yihuish	phrase-prefix
yihuishi	phrase-full
yihuz	phrase-prefix
yihuza	phrase-prefix
yihuzai	phrase-prefix
yihuzain	phrase-prefix
yihuzainu	phrase-prefix
yihuzainuo	phrase-full
yij	phrase-prefix
yiji	phrase-prefix
yijiz	phrase-prefix
yijiza	phrase-prefix
yijizai	phrase-prefix
yijizais	phrase-prefix
yijizaish	phrase-prefix
yijizaishe	phrase-prefix
yijizaishen	phrase-full
yiju	phrase-prefix
yijul	phrase-prefix
yijuli	phrase-prefix
yijulia	phrase-prefix
yijulian	phrase-prefix
yijuliang	phrase-prefix
yijuliangq	phrase-prefix
yijuliangqu	phrase-prefix
yijuliangqua	phrase-prefix
yijuliangquan	phrase-full
yik	phrase-prefix
yika	phrase-prefix
yikan	phrase-prefix
yikand	phrase-prefix
yikanda	phrase-prefix
yikandao	phrase-full
yiku	phrase-prefix
yikui	phrase-prefix
yikuiy	phrase-prefix
yikuiyi	phrase-prefix
yikuiyiz	phrase-prefix
yikuiyizu	phrase-full
yil	phrase-prefix
yila	phrase-prefix
yilai	phrase-prefix
yilaic	phrase-prefix
yilaich	phrase-prefix
yilaiche	phrase-prefix
yilaichen	phrase-prefix
yilaicheng	phrase-prefix
yilaichengx	phrase-prefix
yilaichengxi	phrase-prefix
yilaichengxin	phrase-prefix
yilaichengxing	phrase-full
yilak	phrase-prefix
yilake	phrase-prefix
yilaker	phrase-prefix
yilakere	phrase-prefix
yilakeren	phrase-full
yilan	phrase-prefix
yilanw	phrase-prefix
yilanwu	phrase-prefix
yilanwuy	phrase-prefix
yilanwuyu	phrase-full
yili	phrase-prefix
yilia	phrase-prefix
yiliao	phrase-prefix
yiliaot	phrase-prefix
yiliaotu	phrase-prefix
yiliaotua	phrase-prefix
yiliaotuan	phrase-full
yim	adjacent-key
yimg	adjacent-key
yin	adjacent-key,missing-letter,phrase-prefix,syllable,syllable-prefix
yinb	phrase-prefix
yinbi	phrase-prefix
yinbia	phrase-prefix
yinbian	phrase-full
yind	phrase-prefix
yindi	phrase-prefix
yindia	phrase-prefix
yindian	phrase-prefix
yindiann	phrase-prefix
yindianna	phrase-full
yine	phrase-prefix
yinen	phrase-prefix
yineng	phrase-prefix
yinengf	phrase-prefix
yinengfu	phrase-prefix
yinengfuz	phrase-prefix
yinengfuzh	phrase-prefix
yinengfuzho	phrase-prefix
yinengfuzhou	phrase-full
yiney	phrase-prefix
yineya	phrase-prefix
yineyan	phrase-prefix
yineyang	phrase-prefix
yineyangm	phrase-prefix
yineyangme	phrase-prefix
yineyangmei	phrase-full
yinf	adjacent-key
ying	adjacent-key,phrase-prefix,syllable
yingh	phrase-prefix
yingho	phrase-prefix
yinghou	phrase-full
yingj	phrase-prefix
yingji	phrase-prefix
yingjie	phrase-prefix
yingjieb	phrase-prefix
yingjiebu	phrase-prefix
yingjiebux	phrase-prefix
yingjiebuxi	phrase-prefix
yingjiebuxia	phrase-full
yingq	phrase-prefix
yingqi	phrase-prefix
yingqia	phrase-prefix
yingqian	phrase-prefix
yingqiang	phrase-full
yings	phrase-prefix
yingsh	phrase-prefix
yingshe	phrase-prefix
yingshen	phrase-full,phrase-prefix
yingsheng	phrase-prefix
yingshenge	phrase-prefix
yingshenger	phrase-prefix
yingshengerd	phrase-prefix
yingshengerda	phrase-prefix
yingshengerdao	phrase-full
yingt	phrase-prefix
yingto	phrase-prefix
yingtou	phrase-full
yingu	phrase-prefix
yinguo	phrase-prefix
yinguoq	phrase-prefix
yinguoqu	phrase-full
yingw	phrase-prefix
yingwe	phrase-prefix
yingwen	phrase-prefix
yingwens	phrase-prefix
yingwensh	phrase-prefix
yingwenshu	phrase-full
yingx	phrase-prefix
yingxi	phrase-prefix
yingxio	phrase-prefix
yingxion	phrase-prefix
yingxiong	phrase-prefix
yingxiongn	phrase-prefix
yingxiongna	phrase-prefix
yingxiongnan	phrase-prefix
yingxiongnang	phrase-prefix
yingxiongnangu	phrase-prefix
yingxiongnanguo	phrase-prefix
yingxiongnanguom	phrase-prefix
yingxiongnanguome	phrase-prefix
yingxiongnanguomei	phrase-prefix
yingxiongnanguomeir	phrase-prefix
yingxiongnanguomeire	phrase-prefix
yingxiongnanguomeiren	phrase-prefix
yingxiongnanguomeireng	phrase-prefix
yingxiongnanguomeirengu	phrase-prefix
yingxiongnanguomeirengua	phrase-prefix
yingxiongnanguomeirenguan	phrase-full
yinh	adjacent-key
yinj	phrase-prefix
yinji	phrase-prefix
yinjig	phrase-prefix
yinjigu	phrase-prefix
yinjigua	phrase-prefix
yinjiguan	phrase-full
yinjin	phrase-prefix
yinjing	phrase-prefix
yinjingq	phrase-prefix
yinjingqi	phrase-prefix
yinjingqip	phrase-prefix
yinjingqipa	phrase-prefix
yinjingqipan	phrase-full
yinl	phrase-prefix
yinli	phrase-prefix
yinlia	phrase-prefix
yinlian	phrase-prefix
yinliang	phrase-full
yinm	phrase-prefix
yinmo	phrase-prefix
yinmou	phrase-prefix
yinmoul	phrase-prefix
yinmoulu	phrase-prefix
yinmoulun	phrase-full
yins	phrase-prefix
yinsh	phrase-prefix
yinsha	phrase-prefix
yinshan	phrase-prefix
yinshang	phrase-prefix
yinshangl	phrase-prefix
yinshangla	phrase-prefix
yinshanglai	phrase-full
yinshe	phrase-prefix
yinshec	phrase-prefix
yinshech	phrase-prefix
yinshechu	phrase-prefix
yinshechud	phrase-prefix
yinshechudo	phrase-prefix
yinshechudon	phrase-prefix
yinshechudong	phrase-full
yinshi	phrase-full
yinx	phrase-prefix
yinxi	phrase-prefix
yinxia	phrase-prefix
yinxiaq	phrase-prefix
yinxiaqu	phrase-full
yiny	phrase-prefix
yinya	phrase-prefix
yinyan	phrase-prefix
yinyang	phrase-prefix
yinyangg	phrase-prefix
yinyanggu	phrase-prefix
yinyanggua	phrase-prefix
yinyangguai	phrase-prefix
yinyangguaiq	phrase-prefix
yinyangguaiqi	phrase-full
yiq	phrase-prefix
yiqi	phrase-prefix
yiqia	phrase-prefix
yiqian	phrase-prefix
yiqianb	phrase-prefix
yiqianbu	phrase-prefix
yiqianbuz	phrase-prefix
yiqianbuzh	phrase-prefix
yiqianbuzhi	phrase-full
yiqiang	phrase-prefix
yiqiange	phrase-full
yiqu	phrase-prefix
yiqun	phrase-prefix
yiqunr	phrase-prefix
yiqunre	phrase-prefix
yiqunren	phrase-full
yis	phrase-prefix
yish	phrase-prefix
yisha	phrase-prefix
yishay	phrase-prefix
yishaya	phrase-prefix
yishayan	phrase-full
yishi	phrase-full,phrase-prefix
yishig	phrase-prefix
yishigo	phrase-prefix
yishigon	phrase-prefix
yishigong	phrase-prefix
yishigongp	phrase-prefix
yishigongpi	phrase-prefix
yishigongpin	phrase-prefix
yishigongping	phrase-full
yishij	phrase-prefix
yishiji	phrase-prefix
yishijia	phrase-prefix
yishijian	phrase-full
yishiy	phrase-prefix
yishiyi	phrase-prefix
yishiyik	phrase-prefix
yishiyike	phrase-full
yisu	phrase-prefix
yisua	phrase-prefix
yisuan	phrase-full
yit	phrase-prefix
yito	phrase-prefix
yiton	phrase-prefix
yitong	phrase-full
yiu	adjacent-key
yiw	phrase-prefix
yiwa	phrase-prefix
yiwan	phrase-prefix
yiwanr	phrase-prefix
yiwanre	phrase-prefix
yiwanren	phrase-full
yix	phrase-prefix
yixi	phrase-full,phrase-prefix
yixia	phrase-full,phrase-prefix
yixian	phrase-full,phrase-prefix
yixiang	phrase-prefix
yixiangd	phrase-prefix
yixiangda	phrase-prefix
yixiangdao	phrase-full
yixiant	phrase-prefix
yixianti	phrase-prefix
yixiantia	phrase-prefix
yixiantian	phrase-full
yixu	phrase-prefix
yixue	phrase-prefix
yixued	phrase-prefix
yixueda	phrase-prefix
yixuedao	phrase-full
yiy	phrase-prefix
yiya	phrase-prefix
yiyan	phrase-prefix
yiyany	phrase-prefix
yiyanyi	phrase-prefix
yiyanyib	phrase-prefix
yiyanyibi	phrase-prefix
yiyanyibiz	phrase-prefix
yiyanyibizh	phrase-prefix
yiyanyibizhi	phrase-full
yiye	phrase-full
yiyi	phrase-prefix
yiyid	phrase-prefix
yiyida	phrase-prefix
yiyidai	phrase-prefix
yiyidais	phrase-prefix
yiyidaish	phrase-prefix
yiyidaishu	phrase-prefix
yiyidaishui	phrase-full
yiz	phrase-prefix
yizh	phrase-prefix
yizhi	phrase-prefix
yizhil	phrase-prefix
yizhili	phrase-full
yizhu	phrase-prefix
yizhuq	phrase-prefix
yizhuqi	phrase-prefix
yizhuqin	phrase-prefix
yizhuqing	phrase-prefix
yizhuqingt	phrase-prefix
yizhuqingti	phrase-prefix
yizhuqingtia	phrase-prefix
yizhuqingtian	phrase-full
yj	phrase-initial
yjbx	phrase-initial
yjg	phrase-initial
yjiang	phrase-mixed
yjiebxia	phrase-mixed
yjig	phrase-mixed
yjing	phrase-mixed
yjingqpan	phrase-mixed
yjizshen	phrase-mixed
yjlq	phrase-initial
yjqp	phrase-initial
yjulquan	phrase-mixed
yjzs	phrase-initial
yk	phrase-initial
ykand	phrase-mixed
ykd	phrase-initial
yklw	phrase-initial
ykonglwan	phrase-mixed
yku	phrase-mixed
ykuang	phrase-mixed
ykuiyzu	phrase-mixed
ykyz	phrase-initial
yl	phrase-initial
ylaicxing	phrase-mixed
ylakren	phrase-mixed
ylanwyu	phrase-mixed
ylcx	phrase-initial
yliang	phrase-mixed
yliaot	phrase-mixed
ylim	phrase-mixed
ylinxzhengf	phrase-mixed
ylkr	phrase-initial
ylm	phrase-initial
ylt	phrase-initial
ylwy	phrase-initial
ylxzf	phrase-initial
ym	phrase-initial
ymen	phrase-mixed
yming	phrase-mixed
yml	phrase-initial
ymoul	phrase-mixed
yn	missing-letter
yna	transposed-letters
ynag	transposed-letters
ynengfzhou	phrase-mixed
ynengg	phrase-mixed
ynfz	phrase-initial
yng	missing-letter,phrase-initial
yni	transposed-letters
ynig	transposed-letters
ynog	transposed-letters
ynu	transposed-letters
yo	adjacent-key,missing-letter,phrase-prefix,syllable,syllable-prefix
yoa	transposed-letters
yobg	adjacent-key
yog	missing-letter
yogn	transposed-letters
yoi	adjacent-key
yomg	adjacent-key
yon	adjacent-key,missing-letter,phrase-prefix,syllable-prefix
yonf	adjacent-key
yong	adjacent-key,phrase-prefix,syllable
yongk	phrase-prefix
yongku	phrase-full
yongx	phrase-prefix
yongxi	phrase-prefix
yongxin	phrase-prefix
yongxing	phrase-full
yongy	phrase-prefix
yongyu	phrase-prefix
yongyue	phrase-prefix
yongyuec	phrase-prefix
yongyuech	phrase-prefix
yongyuecha	phrase-prefix
yongyuechao	phrase-prefix
yongyuechaof	phrase-prefix
yongyuechaofe	phrase-prefix
yongyuechaofen	phrase-prefix
yongyuechaofeng	phrase-full
yongz	phrase-prefix
yongzh	phrase-prefix
yongzhi	phrase-full
yonh	adjacent-key
you	adjacent-key,phrase-prefix,syllable
youb	phrase-prefix
youbi	phrase-prefix
youbie	phrase-prefix
youbied	phrase-prefix
youbiede	phrase-full
youd	phrase-prefix
youde	phrase-full
youdi	phrase-prefix
youdia	phrase-prefix
youdian	phrase-prefix
youdiane	phrase-prefix
youdianer	phrase-full
youk	phrase-prefix
youko	phrase-prefix
youkon	phrase-prefix
youkong	phrase-prefix
youkongl	phrase-prefix
youkongla	phrase-prefix
youkonglai	phrase-prefix
youkonglaiw	phrase-prefix
youkonglaiwa	phrase-prefix
youkonglaiwan	phrase-full
youl	phrase-prefix
youli	phrase-prefix
youlia	phrase-prefix
youlian	phrase-prefix
youliang	phrase-full
youlim	phrase-prefix
youlima	phrase-prefix
youlimao	phrase-full
youm	phrase-prefix
youme	phrase-prefix
youmen	phrase-full
youmi	phrase-prefix
youmin	phrase-prefix
youming	phrase-full
youq	phrase-prefix
youqi	phrase-prefix
youqin	phrase-prefix
youqing	phrase-full
yous	phrase-prefix
youse	phrase-prefix
yousey	phrase-prefix
youseya	phrase-prefix
youseyan	phrase-prefix
youseyanj	phrase-prefix
youseyanji	phrase-prefix
youseyanjin	phrase-prefix
youseyanjing	phrase-full
yoush	phrase-prefix
yousha	phrase-prefix
youshan	phrase-prefix
youshang	phrase-full
youshe	phrase-prefix
youshen	phrase-prefix
yousheng	phrase-prefix
youshengz	phrase-prefix
youshengzh	phrase-prefix
youshengzhe	phrase-full
youshi	phrase-prefix
youshib	phrase-prefix
youshibu	phrase-prefix
youshibuk	phrase-prefix
youshibuko	phrase-prefix
youshibukon	phrase-prefix
youshibukong	phrase-full
yout	phrase-prefix
youtu	phrase-full
youx	phrase-prefix
youxi	phrase-prefix
youxin	phrase-full
youy	phrase-prefix
youyi	phrase-full,phrase-prefix
youyib	phrase-prefix
youyibu	phrase-prefix
youyibuj	phrase-prefix
youyibuju	phrase-prefix
youyibujue	phrase-full
youyis	phrase-prefix
youyisa	phrase-prefix
youyisai	phrase-full
youyo	phrase-prefix
youyou	phrase-prefix
youyoul	phrase-prefix
youyoulu	phrase-prefix
youyoulum	phrase-prefix
youyoulumi	phrase-prefix
youyoulumin	phrase-prefix
youyouluming	phrase-full
youyu	phrase-prefix
youyuz	phrase-prefix
youyuzh	phrase-prefix
youyuzhe	phrase-prefix
youyuzhen	phrase-prefix
youyuzheng	phrase-full
youz	phrase-prefix
youzh	phrase-prefix
youzhu	phrase-prefix
youzhui	phrase-full
yoy	adjacent-key
yp	adjacent-key,phrase-initial
ypiao	phrase-mixed
ypng	adjacent-key
ypu	adjacent-key
yq	phrase-initial
yqbz	phrase-initial
yqg	phrase-initial
yqianbzhi	phrase-mixed
yqiang	phrase-mixed
yqil	phrase-mixed
yqing	phrase-mixed
yql	phrase-initial
yqr	phrase-initial
yqunr	phrase-mixed
yr	adjacent-key,phrase-initial
yran	phrase-mixed
yrouxmin	phrase-mixed
yrxm	phrase-initial
ys	adjacent-key,phrase-initial
ysbk	phrase-initial
yscd	phrase-initial
ysed	phrase-initial
yseyjing	phrase-mixed
ysgp	phrase-initial
yshang	phrase-mixed
yshangl	phrase-mixed
yshay	phrase-mixed
yshecdong	phrase-mixed
yshen	phrase-mixed
ysheng	phrase-mixed
yshengedao	phrase-mixed
yshengz	phrase-mixed
yshf	phrase-initial
yshi	phrase-mixed
yshibkong	phrase-mixed
yshigping	phrase-mixed
yshij	phrase-mixed
yshiyke	phrase-mixed
yshou	phrase-mixed
yshouhfei	phrase-mixed
ysi	adjacent-key
ysj	phrase-initial
ysl	phrase-initial
ysn	adjacent-key
ysng	adjacent-key
yso	adjacent-key
ysong	phrase-mixed
ysuan	phrase-mixed
ysy	phrase-initial
ysyj	phrase-initial
ysyk	phrase-initial
ysz	phrase-initial
yt	phrase-initial
yteldalying	phrase-mixed
yteldayshi	phrase-mixed
yti	phrase-mixed
ytldly	phrase-initial
ytldys	phrase-initial
ytong	phrase-mixed
ytongz	phrase-mixed
ytou	phrase-mixed
ytu	phrase-mixed
ytui	phrase-mixed
ytz	phrase-initial
yu	adjacent-key,missing-letter,phrase-prefix,syllable,syllable-prefix
yua	missing-letter,phrase-prefix,syllable-prefix
yuab	adjacent-key
yuam	adjacent-key
yuan	adjacent-key,phrase-prefix,syllable
yuanh	phrase-prefix
yuanha	phrase-prefix
yuanhai	phrase-full
yuans	phrase-prefix
yuansh	phrase-prefix
yuanshi	phrase-full
yuant	phrase-prefix
yuanto	phrase-prefix
yuanton	phrase-prefix
yuantong	phrase-prefix
yuantongz	phrase-prefix
yuantongzh	phrase-prefix
yuantongzhu	phrase-prefix
yuantongzhua	phrase-prefix
yuantongzhuan	phrase-prefix
yuantongzhuang	phrase-full
yuanw	phrase-prefix
yuanwu	phrase-full
yuany	phrase-prefix
yuanyi	phrase-prefix
yuanyic	phrase-prefix
yuanyich	phrase-prefix
yuanyicha	phrase-prefix
yuanyichan	phrase-prefix
yuanyichang	phrase-full
yuanyin	phrase-prefix
yuanyinc	phrase-prefix
yuanyinch	phrase-prefix
yuanyincho	phrase-prefix
yuanyinchon	phrase-prefix
yuanyinchong	phrase-prefix
yuanyinchongx	phrase-prefix
yuanyinchongxi	phrase-prefix
yuanyinchongxia	phrase-prefix
yuanyinchongxian	phrase-full
yuanz	phrase-prefix
yuanzh	phrase-prefix
yuanzhe	phrase-prefix
yuanzhen	phrase-prefix
yuanzheng	phrase-full
yub	adjacent-key,phrase-prefix
yubi	phrase-full
yuc	phrase-prefix
yuch	phrase-prefix
yuchi	phrase-prefix
yuchiz	phrase-prefix
yuchizh	phrase-prefix
yuchizhi	phrase-prefix
yuchizhiy	phrase-prefix
yuchizhiya	phrase-prefix
yuchizhiyan	phrase-prefix
yuchizhiyang	phrase-full
yue	phrase-prefix,syllable
yueb	phrase-prefix
yueba	phrase-prefix
yuebao	phrase-prefix
yuebaos	phrase-prefix
yuebaosh	phrase-prefix
yuebaoshi	phrase-full
yuep	phrase-prefix
yuepi	phrase-prefix
yuepia	phrase-prefix
yuepiao	phrase-full
yug	phrase-prefix
yugu	phrase-prefix
yugua	phrase-prefix
yuguan	phrase-full
yugui	phrase-full
yui	adjacent-key
yuj	phrase-prefix
yuji	phrase-prefix
yujia	phrase-prefix
yujian	phrase-prefix
yujiang	phrase-full
yum	adjacent-key
yun	adjacent-key,missing-letter,phrase-prefix,syllable
yuna	transposed-letters
yunc	phrase-prefix
yunch	phrase-prefix
yuncha	phrase-prefix
yunchao	phrase-prefix
yunchaoc	phrase-prefix
yunchaoch	phrase-prefix
yunchaoche	phrase-full
yunchu	phrase-prefix
yunchuq	phrase-prefix
yunchuqu	phrase-full
yund	phrase-prefix
yundo	phrase-prefix
yundon	phrase-prefix
yundong	phrase-prefix
yundongc	phrase-prefix
yundongch	phrase-prefix
yundongcha	phrase-prefix
yundongchan	phrase-prefix
yundongchang	phrase-prefix
yundongchangg	phrase-prefix
yundongchanggu	phrase-prefix
yundongchanggua	phrase-prefix
yundongchangguan	phrase-full
yundongj	phrase-prefix
yundongji	phrase-prefix
yundongjin	phrase-prefix
yundongjing	phrase-prefix
yundongjings	phrase-prefix
yundongjingsa	phrase-prefix
yundongjingsai	phrase-full
yung	adjacent-key
yunj	phrase-prefix
yunji	phrase-prefix
yunjin	phrase-prefix
yunjing	phrase-full
yunl	phrase-prefix
yunli	phrase-prefix
yunlin	phrase-prefix
yunlinx	phrase-prefix
yunlinxi	phrase-prefix
yunlinxia	phrase-prefix
yunlinxian	phrase-prefix
yunlinxianz	phrase-prefix
yunlinxianzh	phrase-prefix
yunlinxianzhe	phrase-prefix
yunlinxianzhen	phrase-prefix
yunlinxianzheng	phrase-prefix
yunlinxianzhengf	phrase-prefix
yunlinxianzhengfu	phrase-full
yunt	phrase-prefix
yunti	phrase-full
yuo	adjacent-key,transposed-letters
yur	adjacent-key,phrase-prefix
yuro	phrase-prefix
yurou	phrase-prefix
yuroux	phrase-prefix
yurouxi	phrase-prefix
yurouxia	phrase-prefix
yurouxian	phrase-prefix
yurouxiang	phrase-prefix
yurouxiangm	phrase-prefix
yurouxiangmi	phrase-prefix
yurouxiangmin	phrase-full
yus	phrase-prefix
yush	phrase-prefix
yushe	phrase-prefix
yushen	phrase-prefix
yusheng	phrase-full
yusho	phrase-prefix
yushou	phrase-full
yusn	adjacent-key
yuso	phrase-prefix
yuson	phrase-prefix
yusong	phrase-full
yuw	adjacent-key
yux	phrase-prefix
yuxi	phrase-prefix
yuxie	phrase-full
yuxig	phrase-prefix
yuxigo	phrase-prefix
yuxigon	phrase-prefix
yuxigong	phrase-prefix
yuxigongk	phrase-prefix
yuxigongke	phrase-full
yuz	phrase-prefix
yuzh	phrase-prefix
yuzho	phrase-prefix
yuzhon	phrase-prefix
yuzhong	phrase-prefix
yuzhongb	phrase-prefix
yuzhongbu	phrase-prefix
yuzhongbut	phrase-prefix
yuzhongbuto	phrase-prefix
yuzhongbuton	phrase-prefix
yuzhongbutong	phrase-full
yw	adjacent-key,phrase-initial
ywanr	phrase-mixed
ywens	phrase-mixed
ywmm	phrase-initial
ywr	phrase-initial
yws	phrase-initial
ywu	phrase-mixed
ywumman	phrase-mixed
yx	phrase-initial
yxbg	phrase-initial
yxd	phrase-initial
yxgk	phrase-initial
yxh	phrase-initial
yxi	phrase-mixed
yxia	phrase-mixed
yxian	phrase-mixed
yxiangd	phrase-mixed
yxiant	phrase-mixed
yxiaobgou	phrase-mixed
yxiaos	phrase-mixed
yxiaq	phrase-mixed
yxie	phrase-mixed
yxigke	phrase-mixed
yxin	phrase-mixed
yxing	phrase-mixed
yxiongnguomreng	phrase-mixed
yxngmrg	phrase-initial
yxq	phrase-initial
yxs	phrase-initial
yxt	phrase-initial
yxued	phrase-mixed
yxuh	phrase-mixed
yy	adjacent-key,phrase-initial
yyan	adjacent-key
yyanggqi	phrase-mixed
yyanybiz	phrase-mixed
yyaod	phrase-mixed
yybj	phrase-initial
yyc	phrase-initial
yycf	phrase-initial
yycx	phrase-initial
yyd	phrase-initial
yyds	phrase-initial
yye	adjacent-key,phrase-mixed
yygq	phrase-initial
yyi	phrase-mixed
yyibjue	phrase-mixed
yyic	phrase-mixed
yyidshui	phrase-mixed
yyincxian	phrase-mixed
yyis	phrase-mixed
yylm	phrase-initial
yyn	adjacent-key
yyoulming	phrase-mixed
yys	phrase-initial
yyuecfeng	phrase-mixed
yyuexhua	phrase-mixed
yyuz	phrase-mixed
yyxh	phrase-initial
yyybz	phrase-initial
yyz	phrase-initial
yz	phrase-initial
yzbt	phrase-initial
yzheng	phrase-mixed
yzhi	phrase-mixed
yzhil	phrase-mixed
yzhongbtong	phrase-mixed
yzhu	phrase-mixed
yzhui	phrase-mixed
yzhuqtian	phrase-mixed
yzl	phrase-initial
yzqt	phrase-initial
z	missing-letter,phrase-prefix,syllable-prefix
za	missing-letter,phrase-prefix,syllable,syllable-prefix
zab	adjacent-key
zabg	adjacent-key
zag	missing-letter
zagn	transposed-letters
zah	transposed-letters
zahi	transposed-letters
zahn	transposed-letters
zahng	transposed-letters
zaho	transposed-letters
zai	adjacent-key,missing-letter,phrase-prefix,syllable
zaih	phrase-prefix
zaihu	phrase-prefix
zaihun	phrase-full
zam	adjacent-key
zamg	adjacent-key
zan	missing-letter,phrase-prefix,syllable,syllable-prefix
zanf	adjacent-key
zang	missing-letter,phrase-prefix,syllable
zangs	phrase-prefix
zangsh	phrase-prefix
zangshe	phrase-prefix
zangshen	phrase-prefix
zangsheny	phrase-prefix
zangshenyu	phrase-prefix
zangshenyuf	phrase-prefix
zangshenyufu	phrase-full
zanh	adjacent-key
zao	adjacent-key,missing-letter,phrase-prefix,syllable
zaoc	phrase-prefix
zaoch	phrase-prefix
zaochu	phrase-prefix
zaochua	phrase-prefix
zaochuan	phrase-prefix
zaochuang	phrase-prefix
zaochuangu	phrase-prefix
zaochuanguo	phrase-full
zaochuw	phrase-prefix
zaochuwa	phrase-prefix
zaochuwan	phrase-prefix
zaochuwang	phrase-prefix
zaochuwangu	phrase-prefix
zaochuwangui	phrase-full
zaod	phrase-prefix
zaoda	phrase-prefix
zaodao	phrase-full
zaof	phrase-prefix
zaofa	phrase-prefix
zaofan	phrase-prefix
zaofanh	phrase-prefix
zaofanho	phrase-prefix
zaofanhou	phrase-full
zap	adjacent-key
zau	adjacent-key
zaun	transposed-letters
zb	phrase-initial
zbanz	phrase-mixed
zbiaoz	phrase-mixed
zbp	phrase-initial
zbu	phrase-mixed
zbup	phrase-mixed
zbz	phrase-initial
zc	phrase-initial
zcai	phrase-mixed
zcang	phrase-mixed
zcb	phrase-initial
zce	phrase-initial
zcg	phrase-initial
zchab	phrase-mixed
zchane	phrase-mixed
zchao	phrase-mixed
zcheng	phrase-mixed
zchu	phrase-mixed
zchuang	phrase-mixed
zchuwgui	phrase-mixed
zcij	phrase-mixed
zcj	phrase-initial
zcwg	phrase-initial
zd	phrase-initial
zdao	phrase-mixed
zdcm	phrase-initial
zdengjcai	phrase-mixed
zdi	phrase-mixed
zdian	phrase-mixed
zdians	phrase-mixed
zdicmeng	phrase-mixed
zding	phrase-mixed
zdingslin	phrase-mixed
zdjc	phrase-initial
zdjs	phrase-initial
zdongjshi	phrase-mixed
zds	phrase-initial
zdsl	phrase-initial
zduiy	phrase-mixed
zdy	phrase-initial
ze	missing-letter,phrase-prefix,syllable,syllable-prefix
zeb	adjacent-key
zebg	adjacent-key
zed	phrase-prefix
zedi	phrase-full
zefs	phrase-initial
zeg	missing-letter
zegn	transposed-letters
zeh	transposed-letters
zehi	transposed-letters
zehn	transposed-letters
zehng	transposed-letters
zei	missing-letter,syllable
zem	adjacent-key
zemg	adjacent-key
zen	missing-letter,phrase-prefix,syllable,syllable-prefix
zenf	adjacent-key
zeng	missing-letter,phrase-prefix,syllable
zengy	phrase-prefix
zengya	phrase-prefix
zengyan	phrase-prefix
zengyani	phrase-full
zenh	adjacent-key
zeo	adjacent-key
zerfshi	phrase-mixed
zeu	adjacent-key
zf	phrase-initial
zfang	phrase-mixed
zfangx	phrase-mixed
zfanh	phrase-mixed
zfei	phrase-mixed
zfh	phrase-initial
zfx	phrase-initial
zg	phrase-initial
zga	adjacent-key
zgai	adjacent-key,phrase-mixed
zgan	adjacent-key
zgang	adjacent-key,phrase-mixed
zgao	adjacent-key
zge	adjacent-key
zgei	adjacent-key
zgen	adjacent-key
zgeng	adjacent-key
zggjsy	phrase-initial
zgi	adjacent-key
zglc	phrase-initial
zgong	adjacent-key,phrase-mixed
zgongs	phrase-mixed
zgou	adjacent-key
zgs	phrase-initial
zgu	adjacent-key
zgua	adjacent-key
zguai	adjacent-key
zguan	adjacent-key
zguang	adjacent-key
zgui	adjacent-key,phrase-mixed
zguilcheng	phrase-mixed
zgun	adjacent-key
zguo	adjacent-key
zguogjisyin	phrase-mixed
zh	missing-letter,phrase-initial,phrase-prefix,syllable-prefix
zha	missing-letter,phrase-prefix,syllable,syllable-prefix
zhab	adjacent-key
zhabg	adjacent-key
zhag	missing-letter
zhagn	transposed-letters
zhai	adjacent-key,missing-letter,phrase-prefix,syllable
zhaig	phrase-prefix
zhaigu	phrase-prefix
zhaigui	phrase-full
zhaij	phrase-prefix
zhaiji	phrase-prefix
zhaijia	phrase-prefix
zhaijiao	phrase-full
zhaiq	phrase-mixed
zhaiz	phrase-prefix
zhaizi	phrase-full
zham	adjacent-key
zhamg	adjacent-key
zhan	missing-letter,phrase-prefix,syllable,syllable-prefix
zhand	phrase-prefix
zhandi	phrase-prefix
zhandic	phrase-prefix
zhandich	phrase-prefix
zhandichu	phrase-prefix
zhandichun	phrase-prefix
zhandichunm	phrase-prefix
zhandichunme	phrase-prefix
zhandichunmen	phrase-prefix
zhandichunmeng	phrase-full
zhanf	adjacent-key
zhang	missing-letter,phrase-mixed,phrase-prefix,syllable
zhangc	phrase-prefix
zhangch	phrase-prefix
zhangchu	phrase-full
zhangd	phrase-prefix
zhangde	phrase-prefix
zhangden	phrase-prefix
zhangdeng	phrase-prefix
zhangdengj	phrase-prefix
zhangdengji	phrase-prefix
zhangdengjie	phrase-prefix
zhangdengjiec	phrase-prefix
zhangdengjieca	phrase-prefix
zhangdengjiecai	phrase-full
zhangf	phrase-prefix
zhangfa	phrase-prefix
zhangfan	phrase-prefix
zhangfang	phrase-full
zhangs	phrase-prefix
zhangsh	phrase-prefix
zhangsha	phrase-prefix
zhangshan	phrase-prefix
zhangshang	phrase-prefix
zhangshangc	phrase-prefix
zhangshangch	phrase-prefix
zhangshangchu	phrase-prefix
zhangshangchun	phrase-full
zhangshangx	phrase-prefix
zhangshangxi	phrase-prefix
zhangshangxin	phrase-prefix
zhangshangxing	phrase-prefix
zhangshangxingd	phrase-prefix
zhangshangxingdi	phrase-prefix
zhangshangxingdia	phrase-prefix
zhangshangxingdian	phrase-prefix
zhangshangxingdiann	phrase-prefix
zhangshangxingdianna	phrase-prefix
zhangshangxingdiannao	phrase-full
zhangt	phrase-prefix
zhangta	phrase-prefix
zhangtai	phrase-prefix
zhangtais	phrase-prefix
zhangtaish	phrase-prefix
zhangtaisha	phrase-prefix
zhangtaishan	phrase-full
zhangx	phrase-prefix
zhangxi	phrase-prefix
zhangxin	phrase-prefix
zhangxinl	phrase-prefix
zhangxinle	phrase-prefix
zhangxinlei	phrase-full
zhangy	phrase-prefix
zhangyu	phrase-prefix
zhangyuw	phrase-prefix
zhangyuwa	phrase-prefix
zhangyuwan	phrase-full
zhanh	adjacent-key
zhanj	phrase-prefix
zhanji	phrase-prefix
zhanjin	phrase-prefix
zhanjinl	phrase-prefix
zhanjinla	phrase-prefix
zhanjinlai	phrase-full
zhans	phrase-prefix
zhansh	phrase-prefix
zhanshu	phrase-full
zhant	phrase-prefix
zhanta	phrase-prefix
zhantan	phrase-full
zhao	adjacent-key,phrase-prefix,syllable
zhaoh	phrase-prefix
zhaohu	phrase-prefix
zhaohui	phrase-full
zhaom	phrase-prefix
zhaomi	phrase-prefix
zhaomin	phrase-prefix
zhaoming	phrase-full
zhaoz	phrase-prefix
zhaoze	phrase-prefix
zhaozed	phrase-prefix
zhaozedi	phrase-full
zhaozh	phrase-prefix
zhaozha	phrase-prefix
zhaozhao	phrase-full
zhap	adjacent-key
zhau	adjacent-key,transposed-letters
zhaui	transposed-letters
zhaun	transposed-letters
zhaung	transposed-letters
zhax	phrase-prefix
zhaxi	phrase-prefix
zhaxia	phrase-full
zhaz	phrase-prefix
zhazi	phrase-full
zhe	missing-letter,phrase-prefix,syllable,syllable-prefix
zheb	adjacent-key
zhebg	adjacent-key
zheg	missing-letter
zhegn	transposed-letters
zhei	syllable
zhej	phrase-prefix
zheju	phrase-full
zhel	phrase-prefix
zheli	phrase-prefix
zheliy	phrase-prefix
zheliyo	phrase-prefix
zheliyou	phrase-full
zhem	adjacent-key
zhemg	adjacent-key
zhen	missing-letter,phrase-prefix,syllable,syllable-prefix
zhenb	phrase-prefix
zhenbu	phrase-full
zhenc	phrase-prefix
zhenca	phrase-prefix
zhencan	phrase-prefix
zhencang	phrase-full
zhench	phrase-prefix
zhencha	phrase-prefix
zhenchab	phrase-prefix
zhenchabi	phrase-prefix
zhenchabin	phrase-prefix
zhenchabing	phrase-full
zhend	phrase-prefix
zhendu	phrase-prefix
zhendui	phrase-prefix
zhenduiy	phrase-prefix
zhenduiyu	phrase-full
zhenf	adjacent-key
zheng	phrase-prefix,syllable
zhengd	phrase-prefix
zhengdi	phrase-prefix
zhengdia	phrase-prefix
zhengdian	phrase-full
zhengf	phrase-prefix
zhengfa	phrase-prefix
zhengfan	phrase-prefix
zhengfang	phrase-prefix
zhengfangx	phrase-prefix
zhengfangxi	phrase-prefix
zhengfangxin	phrase-prefix
zhengfangxing	phrase-full
zhengg	phrase-prefix
zhengga	phrase-prefix
zhenggai	phrase-full
zhengj	phrase-prefix
zhengji	phrase-prefix
zhengjin	phrase-prefix
zhengjing	phrase-prefix
zhengjingh	phrase-prefix
zhengjinghu	phrase-prefix
zhengjinghua	phrase-full
zhengm	phrase-prefix
zhengma	phrase-prefix
zhengman	phrase-prefix
zhengmang	phrase-prefix
zhengmangz	phrase-prefix
zhengmangzh	phrase-prefix
zhengmangzhe	phrase-full
zhengme	phrase-prefix
zhengmen	phrase-full
zhengn	phrase-prefix
zhengni	phrase-prefix
zhengnia	phrase-prefix
zhengnian	phrase-full
zhengq	phrase-prefix
zhengqu	phrase-prefix
zhengqud	phrase-prefix
zhengquda	phrase-prefix
zhengqudao	phrase-full
zhengs	phrase-prefix
zhengsh	phrase-prefix
zhengshi	phrase-full
zhengt	phrase-prefix
zhengti	phrase-prefix
zhengtic	phrase-prefix
zhengtici	phrase-full
zhengz	phrase-prefix
zhengzh	phrase-prefix
zhengzhe	phrase-prefix
zhengzhen	phrase-prefix
zhengzheng	phrase-prefix
zhengzhengr	phrase-prefix
zhengzhengri	phrase-prefix
zhengzhengris	phrase-prefix
zhengzhengrish	phrase-prefix
zhengzhengrishe	phrase-prefix
zhengzhengrishen	phrase-prefix
zhengzhengrisheng	phrase-full
zhengzhi	phrase-full
zhenh	adjacent-key
zhenk	phrase-prefix
zhenko	phrase-prefix
zhenkon	phrase-prefix
zhenkong	phrase-prefix
zhenkongs	phrase-prefix
zhenkongsh	phrase-prefix
zhenkongshe	phrase-prefix
zhenkongshey	phrase-prefix
zhenkongsheyi	phrase-prefix
zhenkongsheyin	phrase-prefix
zhenkongsheying	phrase-prefix
zhenkongsheyingj	phrase-prefix
zhenkongsheyingji	phrase-full
zhenn	phrase-prefix
zhenna	phrase-prefix
zhennan	phrase-full
zhenp	phrase-prefix
zhenpi	phrase-full
zhens	phrase-prefix
zhensh	phrase-prefix
zhensha	phrase-prefix
zhenshan	phrase-prefix
zhenshang	phrase-full
zhenx	phrase-prefix
zhenxi	phrase-full,phrase-prefix
zhenxin	phrase-full,phrase-prefix
zhenxing	phrase-prefix
zhenxingy	phrase-prefix
zhenxingyi	phrase-prefix
zhenxingyil	phrase-prefix
zhenxingyili	phrase-prefix
zhenxingyilia	phrase-prefix
zhenxingyiliao	phrase-full
zhenz	phrase-prefix
zhenzh	phrase-prefix
zhenzha	phrase-prefix
zhenzhao	phrase-full
zhenzi	phrase-full
zheo	adjacent-key
zher	phrase-prefix
zhere	phrase-prefix
zheren	phrase-full
zheu	adjacent-key
zhey	phrase-prefix
zheyi	phrase-prefix
zheyin	phrase-full
zheytong	phrase-mixed
zhi	adjacent-key,missing-letter,phrase-prefix,syllable
zhia	adjacent-key,transposed-letters
zhiai	adjacent-key
zhian	adjacent-key
zhiang	adjacent-key
zhie	transposed-letters
zhig	phrase-prefix
zhigu	phrase-prefix
zhigui	phrase-prefix
zhiguil	phrase-prefix
zhiguilu	phrase-prefix
zhiguiluo	phrase-prefix
zhiguiluoc	phrase-prefix
zhiguiluoch	phrase-prefix
zhiguiluoche	phrase-prefix
zhiguiluochen	phrase-prefix
zhiguiluocheng	phrase-full
zhih	phrase-prefix
zhiha	phrase-prefix
zhihai	phrase-prefix
zhihaiq	phrase-prefix
zhihaiqu	phrase-prefix
zhihaiqua	phrase-prefix
zhihaiquan	phrase-full
zhihe	phrase-prefix
zhihey	phrase-prefix
zhiheyi	phrase-prefix
zhiheyit	phrase-prefix
zhiheyito	phrase-prefix
zhiheyiton	phrase-prefix
zhiheyitong	phrase-full
zhihu	phrase-prefix
zhihua	phrase-full
zhii	adjacent-key
zhij	phrase-prefix
zhiji	phrase-prefix
zhijin	phrase-full
zhik	phrase-prefix
zhike	phrase-prefix
zhikes	phrase-prefix
zhikesi	phrase-prefix
zhikesim	phrase-prefix
zhikesime	phrase-prefix
zhikesimei	phrase-full
zhil	phrase-prefix
zhilu	phrase-full
zhin	adjacent-key,phrase-prefix
zhina	phrase-prefix
zhinaj	phrase-prefix
zhinaji	phrase-prefix
zhinajin	phrase-full
zhing	adjacent-key
zhini	phrase-full
zhio	adjacent-key
zhip	phrase-prefix
zhipa	phrase-prefix
zhipah	phrase-prefix
zhipahu	phrase-prefix
zhipahui	phrase-full
zhis	phrase-prefix
zhish	phrase-prefix
zhishi	phrase-prefix
zhishih	phrase-prefix
zhishihu	phrase-prefix
zhishihua	phrase-full
zhit	phrase-prefix
zhiti	phrase-prefix
zhitin	phrase-prefix
zhiting	phrase-full
zhiu	adjacent-key,transposed-letters
zhix	phrase-prefix
zhixi	phrase-full,phrase-prefix
zhixia	phrase-prefix
zhixian	phrase-prefix
zhixiang	phrase-prefix
zhixiangc	phrase-prefix
zhixiangch	phrase-prefix
zhixiangchu	phrase-full
zhixin	phrase-prefix
zhixing	phrase-prefix
zhixingg	phrase-prefix
zhixinggu	phrase-prefix
zhixinggua	phrase-prefix
zhixingguan	phrase-full
zhixu	phrase-prefix
zhixun	phrase-full
zhiy	phrase-prefix
zhiya	phrase-prefix
zhiyan	phrase-prefix
zhiyanw	phrase-prefix
zhiyanwu	phrase-prefix
zhiyanwuz	phrase-prefix
zhiyanwuzh	phrase-prefix
zhiyanwuzhi	phrase-full
zhiyo	phrase-prefix
zhiyon	phrase-prefix
zhiyong	phrase-full
zhiyu	phrase-prefix
zhiyuy	phrase-prefix
zhiyuyu	phrase-prefix
zhiyuyua	phrase-prefix
zhiyuyuan	phrase-prefix
zhiyuyuanw	phrase-prefix
zhiyuyuanwe	phrase-prefix
zhiyuyuanwei	phrase-full
zhiz	phrase-prefix
zhizh	phrase-prefix
zhizhi	phrase-prefix
zhizhiz	phrase-prefix
zhizhizh	phrase-prefix
zhizhizha	phrase-prefix
zhizhizhaz	phrase-prefix
zhizhizhazh	phrase-prefix
zhizhizhazha	phrase-full
zhizi	phrase-prefix
zhizip	phrase-prefix
zhizipi	phrase-prefix
zhizipia	phrase-prefix
zhizipian	phrase-prefix
zhizipiany	phrase-prefix
zhizipianyu	phrase-full
zhizu	phrase-prefix
zhizub	phrase-prefix
zhizubu	phrase-prefix
zhizubum	phrase-prefix
zhizubuma	phrase-prefix
zhizubumai	phrase-full
zhn	missing-letter
zhna	transposed-letters
zhnag	transposed-letters
zhne	transposed-letters
zhneg	transposed-letters
zhng	missing-letter
zhnog	transposed-letters
zhnu	transposed-letters
zho	adjacent-key,missing-letter,phrase-prefix,syllable-prefix
zhoa	transposed-letters
zhobg	adjacent-key
zhog	missing-letter
zhogn	transposed-letters
zhoi	adjacent-key
zhomg	adjacent-key
zhon	missing-letter,phrase-prefix,syllable-prefix
zhonf	adjacent-key
zhong	phrase-prefix,syllable
zhongd	phrase-prefix
zhongdi	phrase-prefix
zhongdia	phrase-prefix
zhongdian	phrase-prefix
zhongdians	phrase-prefix
zhongdiansh	phrase-prefix
zhongdianshi	phrase-full
zhongdin	phrase-prefix
zhongding	phrase-prefix
zhongdings	phrase-prefix
zhongdingsh	phrase-prefix
zhongdingsha	phrase-prefix
zhongdingshan	phrase-prefix
zhongdingshanl	phrase-prefix
zhongdingshanli	phrase-prefix
zhongdingshanlin	phrase-full
zhongg	phrase-prefix
zhongga	phrase-prefix
zhonggan	phrase-prefix
zhonggang	phrase-full
zhonggu	phrase-prefix
zhongguo	phrase-prefix
zhongguog	phrase-prefix
zhongguogu	phrase-prefix
zhongguoguo	phrase-prefix
zhongguoguoj	phrase-prefix
zhongguoguoji	phrase-prefix
zhongguoguojis	phrase-prefix
zhongguoguojish	phrase-prefix
zhongguoguojisha	phrase-prefix
zhongguoguojishan	phrase-prefix
zhongguoguojishang	phrase-prefix
zhongguoguojishangy	phrase-prefix
zhongguoguojishangyi	phrase-prefix
zhongguoguojishangyin	phrase-full
zhongh	phrase-prefix
zhongho	phrase-prefix
zhonghou	phrase-full
zhongj	phrase-prefix
zhongji	phrase-full,phrase-prefix
zhongjia	phrase-prefix
zhongjian	phrase-prefix
zhongjiang	phrase-full
zhongl	phrase-prefix
zhongli	phrase-prefix
zhonglia	phrase-prefix
zhongliao	phrase-prefix
zhongliaoc	phrase-prefix
zhongliaocu	phrase-prefix
zhongliaocun	phrase-full
zhongq	phrase-prefix
zhongqi	phrase-prefix
zhongqiu	phrase-full,phrase-prefix
zhongqiuy	phrase-prefix
zhongqiuyu	phrase-prefix
zhongqiuyue	phrase-prefix
zhongqiuyueb	phrase-prefix
zhongqiuyuebi	phrase-prefix
zhongqiuyuebin	phrase-prefix
zhongqiuyuebing	phrase-full
zhongs	phrase-prefix
zhongsh	phrase-prefix
zhongshi	phrase-full
zhongx	phrase-prefix
zhongxi	phrase-prefix
zhongxia	phrase-prefix
zhongxian	phrase-prefix
zhongxiang	phrase-prefix
zhongxiangs	phrase-prefix
zhongxiangsh	phrase-prefix
zhongxiangshe	phrase-prefix
zhongxiangshen	phrase-prefix
zhongxiangsheng	phrase-full
zhongxin	phrase-prefix
zhongxing	phrase-prefix
zhongxingd	phrase-prefix
zhongxingde	phrase-full
zhongy	phrase-prefix
zhongya	phrase-prefix
zhongyad	phrase-prefix
zhongyadi	phrase-prefix
zhongyadiq	phrase-prefix
zhongyadiqu	phrase-full
zhongyao	phrase-prefix
zhongyaog	phrase-prefix
zhongyaogu	phrase-prefix
zhongyaogua	phrase-prefix
zhongyaoguan	phrase-prefix
zhongyaoguanj	phrase-prefix
zhongyaoguanji	phrase-prefix
zhongyaoguanjia	phrase-prefix
zhongyaoguanjian	phrase-full
zhongye	phrase-full
zhongyi	phrase-prefix
zhongyin	phrase-prefix
zhongying	phrase-full
zhonh	adjacent-key
zhou	phrase-mixed,phrase-prefix,syllable,transposed-letters
zhoue	phrase-prefix
zhouer	phrase-prefix
zhouerf	phrase-prefix
zhouerfu	phrase-prefix
zhouerfus	phrase-prefix
zhouerfush	phrase-prefix
zhouerfushi	phrase-full
zhouw	phrase-prefix
zhouwe	phrase-prefix
zhouwen	phrase-full
zhoux	phrase-prefix
zhouxi	phrase-prefix
zhouxia	phrase-prefix
zhouxian	phrase-full
zhouxiu	phrase-prefix
zhouxiue	phrase-prefix
zhouxiuer	phrase-prefix
zhouxiuerr	phrase-prefix
zhouxiuerri	phrase-full
zhouy	phrase-prefix
zhouyo	phrase-prefix
zhouyou	phrase-full
zhoy	adjacent-key
zhpng	adjacent-key
zhpu	adjacent-key
zhq	phrase-initial
zhr	adjacent-key
zhri	adjacent-key
zhrn	adjacent-key
zhrng	adjacent-key
zhs	adjacent-key
zhsi	adjacent-key
zhsn	adjacent-key
zhsng	adjacent-key
zhso	adjacent-key
zhu	adjacent-key,missing-letter,phrase-mixed,phrase-prefix,syllable,syllable-prefix
zhua	missing-letter,phrase-mixed,phrase-prefix,syllable,syllable-prefix
zhuab	adjacent-key
zhuabg	adjacent-key
zhuag	missing-letter
zhuagn	transposed-letters
zhuai	syllable
zhuam	adjacent-key
zhuamg	adjacent-key
zhuan	missing-letter,phrase-prefix,syllable,syllable-prefix
zhuanf	adjacent-key
zhuang	phrase-prefix,syllable
zhuangd	phrase-prefix
zhuangdi	phrase-prefix
zhuangdin	phrase-prefix
zhuangding	phrase-full
zhuangj	phrase-prefix
zhuangji	phrase-prefix
zhuangjia	phrase-prefix
zhuangjias	phrase-prefix
zhuangjiash	phrase-prefix
zhuangjiashi	phrase-full
zhuangk	phrase-prefix
zhuangku	phrase-prefix
zhuangkua	phrase-prefix
zhuangkuan	phrase-prefix
zhuangkuang	phrase-prefix
zhuangkuangl	phrase-prefix
zhuangkuangli	phrase-prefix
zhuangkuanglia	phrase-prefix
zhuangkuanglian	phrase-prefix
zhuangkuangliang	phrase-prefix
zhuangkuangliangh	phrase-prefix
zhuangkuangliangha	phrase-prefix
zhuangkuanglianghao	phrase-full
zhuangq	phrase-prefix
zhuangqi	phrase-full
zhuangz	phrase-prefix
zhuangza	phrase-prefix
zhuangzai	phrase-full
zhuanh	adjacent-key,phrase-prefix
zhuanha	phrase-prefix
zhuanhan	phrase-prefix
zhuanhang	phrase-full
zhuanhu	phrase-full
zhuans	phrase-prefix
zhuansh	phrase-prefix
zhuanshu	phrase-full
zhuany	phrase-prefix
zhuanye	phrase-prefix
zhuanyej	phrase-prefix
zhuanyeji	phrase-prefix
zhuanyejia	phrase-prefix
zhuanyejiao	phrase-prefix
zhuanyejiaoy	phrase-prefix
zhuanyejiaoyu	phrase-full
zhuanyek	phrase-prefix
zhuanyeke	phrase-full
zhuanz	phrase-prefix
zhuanze	phrase-prefix
zhuanzen	phrase-prefix
zhuanzeng	phrase-prefix
zhuanzengg	phrase-prefix
zhuanzengge	phrase-prefix
zhuanzenggei	phrase-full
zhuanzh	phrase-prefix
zhuanzhe	phrase-prefix
zhuanzhed	phrase-prefix
zhuanzhedi	phrase-prefix
zhuanzhedia	phrase-prefix
zhuanzhedian	phrase-full
zhuao	adjacent-key
zhuau	adjacent-key
zhub	adjacent-key,phrase-prefix
zhuba	phrase-prefix
zhuban	phrase-prefix
zhubanz	phrase-prefix
zhubanzh	phrase-prefix
zhubanzhe	phrase-full
zhuc	phrase-prefix
zhuch	phrase-prefix
zhucha	phrase-prefix
zhuchao	phrase-full
zhuche	phrase-prefix
zhuchen	phrase-prefix
zhucheng	phrase-full
zhud	phrase-prefix
zhuda	phrase-prefix
zhudao	phrase-full
zhuf	phrase-prefix
zhufe	phrase-prefix
zhufei	phrase-full
zhui	adjacent-key,missing-letter,phrase-mixed,phrase-prefix,syllable
zhuia	transposed-letters
zhuij	phrase-prefix
zhuiji	phrase-prefix
zhuijia	phrase-full
zhuj	phrase-prefix
zhuji	phrase-prefix
zhujin	phrase-prefix
zhujing	phrase-full
zhum	adjacent-key,phrase-prefix
zhuma	phrase-full
zhumi	phrase-prefix
zhumia	phrase-prefix
zhumian	phrase-prefix
zhumianc	phrase-prefix
zhumianch	phrase-prefix
zhumianchi	phrase-full
zhumo	phrase-full
zhun	missing-letter,phrase-mixed,syllable
zhuna	transposed-letters
zhunag	transposed-letters
zhung	missing-letter
zhuo	adjacent-key,phrase-prefix,syllable,transposed-letters
zhuoy	phrase-prefix
zhuoyo	phrase-prefix
zhuoyou	phrase-prefix
zhuoyouc	phrase-prefix
zhuoyouch	phrase-prefix
zhuoyouche	phrase-prefix
zhuoyouchen	phrase-prefix
zhuoyoucheng	phrase-prefix
zhuoyouchengx	phrase-prefix
zhuoyouchengxi	phrase-prefix
zhuoyouchengxia	phrase-prefix
zhuoyouchengxiao	phrase-full
zhuoyu	phrase-full
zhuoz	phrase-prefix
zhuozu	phrase-prefix
zhuozui	phrase-prefix
zhuozuib	phrase-prefix
zhuozuibe	phrase-prefix
zhuozuiben	phrase-prefix
zhuozuibens	phrase-prefix
zhuozuibensh	phrase-prefix
zhuozuibenshe	phrase-full
zhup	adjacent-key
zhur	phrase-prefix
zhure	phrase-prefix
zhuren	phrase-prefix
zhurenw	phrase-prefix
zhurenwe	phrase-prefix
zhurenwei	phrase-prefix
zhurenweil	phrase-prefix
zhurenweile	phrase-full
zhuro	phrase-prefix
zhurou	phrase-prefix
zhurouc	phrase-prefix
zhurouco	phrase-prefix
zhuroucon	phrase-prefix
zhuroucong	phrase-prefix
zhuroucongj	phrase-prefix
zhuroucongju	phrase-prefix
zhuroucongjua	phrase-prefix
zhuroucongjuan	phrase-full
zhus	adjacent-key
zhusi	adjacent-key
zhusn	adjacent-key
zhusng	adjacent-key
zhut	phrase-prefix
zhuti	phrase-prefix
zhutie	phrase-full
zhuu	adjacent-key
zhuw	phrase-prefix
zhuwu	phrase-full
zhuy	phrase-prefix
zhuyu	phrase-full
zhw	adjacent-key
zhwi	adjacent-key
zhwn	adjacent-key
zhwng	adjacent-key
zhy	adjacent-key
zhya	adjacent-key
zhyai	adjacent-key
zhyan	adjacent-key
zhyang	adjacent-key
zhyi	adjacent-key
zhyn	adjacent-key
zhyo	adjacent-key
zhyt	phrase-initial
zi	adjacent-key,missing-letter,phrase-prefix,syllable
zia	adjacent-key,transposed-letters
zian	adjacent-key
ziang	adjacent-key
ziao	adjacent-key
zib	phrase-prefix
zibu	phrase-prefix
zibup	phrase-prefix
zibupi	phrase-prefix
zibupin	phrase-full
zic	phrase-prefix
zica	phrase-prefix
zicai	phrase-full
zich	phrase-prefix
zicha	phrase-prefix
zichan	phrase-prefix
zichane	phrase-full
zid	phrase-prefix
zido	phrase-prefix
zidon	phrase-prefix
zidong	phrase-prefix
zidongj	phrase-prefix
zidongji	phrase-prefix
zidongjia	phrase-prefix
zidongjias	phrase-prefix
zidongjiash	phrase-prefix
zidongjiashi	phrase-full
zie	adjacent-key,transposed-letters
zih	transposed-letters
zii	adjacent-key
zij	phrase-prefix
ziji	phrase-prefix
zijia	phrase-full
zil	phrase-prefix
zila	phrase-prefix
zilai	phrase-prefix
zilais	phrase-prefix
zilaish	phrase-prefix
zilaishu	phrase-prefix
zilaishui	phrase-full
zilu	phrase-prefix
zilua	phrase-prefix
ziluan	phrase-prefix
ziluanz	phrase-prefix
ziluanzh	phrase-prefix
ziluanzhe	phrase-prefix
ziluanzhen	phrase-prefix
ziluanzhenj	phrase-prefix
ziluanzhenji	phrase-prefix
ziluanzhenjia	phrase-prefix
ziluanzhenjiao	phrase-full
zim	phrase-prefix
zimi	phrase-prefix
zimin	phrase-prefix
ziming	phrase-prefix
zimingd	phrase-prefix
zimingde	phrase-prefix
zimingdey	phrase-prefix
zimingdeyi	phrase-full
zin	adjacent-key
zing	adjacent-key
zio	adjacent-key
ziong	adjacent-key
zir	phrase-prefix
zira	phrase-prefix
ziran	phrase-prefix
ziranf	phrase-prefix
ziranfa	phrase-prefix
ziranfax	phrase-prefix
ziranfaxu	phrase-prefix
ziranfaxue	phrase-full
ziranl	phrase-prefix
ziranli	phrase-prefix
ziranlia	phrase-prefix
ziranliao	phrase-prefix
ziranliaof	phrase-prefix
ziranliaofa	phrase-full
zis	phrase-prefix
zisi	phrase-full
ziu	adjacent-key,transposed-letters
ziy	phrase-prefix
ziyi	phrase-full,phrase-prefix
ziyis	phrase-prefix
ziyish	phrase-prefix
ziyishu	phrase-prefix
ziyishuz	phrase-prefix
ziyishuzh	phrase-prefix
ziyishuzhe	phrase-prefix
ziyishuzhen	phrase-prefix
ziyishuzheng	phrase-full
ziyo	phrase-prefix
ziyou	phrase-prefix
ziyoum	phrase-prefix
ziyouma	phrase-prefix
ziyoumao	phrase-prefix
ziyoumaoy	phrase-prefix
ziyoumaoyi	phrase-prefix
ziyoumaoyix	phrase-prefix
ziyoumaoyixi	phrase-prefix
ziyoumaoyixie	phrase-prefix
ziyoumaoyixied	phrase-prefix
ziyoumaoyixiedi	phrase-prefix
ziyoumaoyixiedin	phrase-prefix
ziyoumaoyixieding	phrase-full
ziyu	phrase-prefix
ziyua	phrase-prefix
ziyuan	phrase-prefix
ziyuanm	phrase-prefix
ziyuanma	phrase-full
ziz	phrase-prefix
zizu	phrase-prefix
zizun	phrase-prefix
zizunx	phrase-prefix
zizunxi	phrase-prefix
zizunxin	phrase-full
zj	phrase-initial
zja	adjacent-key
zjai	adjacent-key
zjan	adjacent-key
zjang	adjacent-key
zjao	adjacent-key
zje	adjacent-key
zjei	adjacent-key
zjen	adjacent-key
zjeng	adjacent-key
zjh	phrase-initial
zji	adjacent-key,phrase-mixed
zjia	phrase-mixed
zjiang	phrase-mixed
zjianzchang	phrase-mixed
zjiao	phrase-mixed
zjias	phrase-mixed
zjin	phrase-mixed
zjing	phrase-mixed
zjingh	phrase-mixed
zjinl	phrase-mixed
zjl	phrase-initial
zjong	adjacent-key
zjou	adjacent-key
zjs	phrase-initial
zju	adjacent-key,phrase-mixed
zjua	adjacent-key
zjuai	adjacent-key
zjuan	adjacent-key
zjuang	adjacent-key
zjui	adjacent-key
zjun	adjacent-key
zjuo	adjacent-key
zjzcg	phrase-initial
zkesmei	phrase-mixed
zklh	phrase-initial
zkongsyingj	phrase-mixed
zksm	phrase-initial
zksyj	phrase-initial
zkuanglhao	phrase-mixed
zl	phrase-initial
zlais	phrase-mixed
zlc	phrase-initial
zliaoc	phrase-mixed
zling	phrase-mixed
zliy	phrase-mixed
zls	phrase-initial
zlu	phrase-mixed
zluanzjiao	phrase-mixed
zly	phrase-initial
zlzj	phrase-initial
zm	phrase-initial
zma	phrase-mixed
zmangz	phrase-mixed
zmc	phrase-initial
zmdy	phrase-initial
zmen	phrase-mixed
zmianc	phrase-mixed
zming	phrase-mixed
zmingdyi	phrase-mixed
zmo	phrase-mixed
zmz	phrase-initial
zn	missing-letter,phrase-initial
zna	transposed-letters
znag	transposed-letters
znaj	phrase-mixed
znan	phrase-mixed
zne	transposed-letters
zneg	transposed-letters
zng	missing-letter
zni	phrase-mixed
znian	phrase-mixed
znj	phrase-initial
znog	transposed-letters
znu	transposed-letters
zo	adjacent-key,missing-letter,phrase-prefix,syllable-prefix
zoa	transposed-letters
zobg	adjacent-key
zog	missing-letter
zogn	transposed-letters
zohng	transposed-letters
zohu	transposed-letters
zoi	adjacent-key
zomg	adjacent-key
zon	missing-letter,phrase-prefix,syllable-prefix
zonf	adjacent-key
zong	missing-letter,phrase-prefix,syllable
zongg	phrase-prefix
zonggo	phrase-prefix
zonggon	phrase-prefix
zonggong	phrase-prefix
zonggongs	phrase-prefix
zonggongsh	phrase-prefix
zonggongshi	phrase-full
zongp	phrase-prefix
zongpu	phrase-prefix
zongpus	phrase-prefix
zongpush	phrase-prefix
zongpushi	phrase-full
zongr	phrase-prefix
zongro	phrase-prefix
zongron	phrase-prefix
zongrong	phrase-full
zongy	phrase-prefix
zongyu	phrase-prefix
zongyus	phrase-prefix
zongyusu	phrase-prefix
zongyusua	phrase-prefix
zongyusuan	phrase-full
zonh	adjacent-key
zou	missing-letter,syllable,transposed-letters
zoy	adjacent-key
zp	phrase-initial
zpah	phrase-mixed
zph	phrase-initial
zpi	phrase-mixed
zpiez	phrase-mixed
zpng	adjacent-key
zps	phrase-initial
zpu	adjacent-key
zpus	phrase-mixed
zpz	phrase-initial
zq	phrase-initial
zqd	phrase-initial
zqi	phrase-mixed
zqian	phrase-mixed
zqiu	phrase-mixed
zqiuybing	phrase-mixed
zqud	phrase-mixed
zqyb	phrase-initial
zr	adjacent-key,phrase-initial
zranfxue	phrase-mixed
zranlfa	phrase-mixed
zrcj	phrase-initial
zren	phrase-mixed
zrenwle	phrase-mixed
zrfx	phrase-initial
zri	adjacent-key
zrlf	phrase-initial
zrn	adjacent-key
zrng	adjacent-key
zrong	phrase-mixed
zroucjuan	phrase-mixed
zrwl	phrase-initial
zs	adjacent-key,phrase-initial
zsc	phrase-initial
zsfy	phrase-initial
zsh	phrase-initial
zshang	phrase-mixed
zshangc	phrase-mixed
zshangxdiann	phrase-mixed
zshengr	phrase-mixed
zshenyfu	phrase-mixed
zshi	phrase-mixed
zshifyi	phrase-mixed
zshih	phrase-mixed
zshou	phrase-mixed
zshu	phrase-mixed
zsi	adjacent-key,phrase-mixed
zsn	adjacent-key
zsng	adjacent-key
zso	adjacent-key
zsr	phrase-initial
zsxdn	phrase-initial
zsyf	phrase-initial
zt	phrase-initial
ztais	phrase-mixed
ztan	phrase-mixed
ztc	phrase-initial
ztic	phrase-mixed
ztie	phrase-mixed
zting	phrase-mixed
zts	phrase-initial
zu	adjacent-key,missing-letter,phrase-prefix,syllable,syllable-prefix
zua	missing-letter,syllable-prefix
zuab	adjacent-key
zuai	missing-letter
zuam	adjacent-key
zuan	adjacent-key,missing-letter,syllable
zuang	missing-letter
zub	adjacent-key
zue	adjacent-key
zuh	transposed-letters
zuha	transposed-letters
zuhai	transposed-letters
zuhan	transposed-letters
zuhang	transposed-letters
zuhi	transposed-letters
zuhn	transposed-letters
zuho	transposed-letters
zui	adjacent-key,missing-letter,phrase-prefix,syllable
zuiq	phrase-prefix
zuiqi	phrase-prefix
zuiqia	phrase-prefix
zuiqian	phrase-full
zum	adjacent-key
zun	adjacent-key,missing-letter,phrase-prefix,syllable
zuna	transposed-letters
zunl	phrase-prefix
zunli	phrase-prefix
zunlin	phrase-prefix
zunling	phrase-full
zunx	phrase-prefix
zunxi	phrase-prefix
zunxin	phrase-prefix
zunxing	phrase-full
zuny	phrase-prefix
zunyi	phrase-full
zuo	adjacent-key,missing-letter,phrase-prefix,syllable,transposed-letters
zuob	phrase-prefix
zuobi	phrase-prefix
zuobia	phrase-prefix
zuobiao	phrase-prefix
zuobiaoz	phrase-prefix
zuobiaozh	phrase-prefix
zuobiaozho	phrase-prefix
zuobiaozhou	phrase-full
zuoc	phrase-prefix
zuoci	phrase-prefix
zuocij	phrase-prefix
zuociji	phrase-prefix
zuocijia	phrase-full
zuof	phrase-prefix
zuofa	phrase-prefix
zuofan	phrase-prefix
zuofang	phrase-full
zuog	phrase-prefix
zuogo	phrase-prefix
zuogon	phrase-prefix
zuogong	phrase-full
zuoj	phrase-prefix
zuoji	phrase-prefix
zuojia	phrase-prefix
zuojian	phrase-prefix
zuojianz	phrase-prefix
zuojianzi	phrase-prefix
zuojianzic	phrase-prefix
zuojianzich	phrase-prefix
zuojianzicha	phrase-prefix
zuojianzichan	phrase-prefix
zuojianzichang	phrase-prefix
zuojianzichangu	phrase-prefix
zuojianzichanguo	phrase-full
zuop	phrase-prefix
zuopi	phrase-prefix
zuopie	phrase-prefix
zuopiez	phrase-prefix
zuopiezi	phrase-full
zuos	phrase-prefix
zuosh	phrase-prefix
zuoshe	phrase-prefix
zuoshen	phrase-prefix
zuosheng	phrase-prefix
zuoshengr	phrase-prefix
zuoshengri	phrase-full
zuosho	phrase-prefix
zuoshou	phrase-full
zuow	phrase-prefix
zuowe	phrase-prefix
zuowen	phrase-prefix
zuowenk	phrase-prefix
zuowenke	phrase-full
zuox	phrase-prefix
zuoxi	phrase-prefix
zuoxia	phrase-prefix
zuoxian	phrase-prefix
zuoxiang	phrase-prefix
zuoxiangy	phrase-prefix
zuoxiangyo	phrase-prefix
zuoxiangyou	phrase-prefix
zuoxiangyoux	phrase-prefix
zuoxiangyouxi	phrase-prefix
zuoxiangyouxia	phrase-prefix
zuoxiangyouxian	phrase-prefix
zuoxiangyouxiang	phrase-full
zuoy	phrase-prefix
zuoyo	phrase-prefix
zuoyou	phrase-prefix
zuoyouf	phrase-prefix
zuoyoufe	phrase-prefix
zuoyoufen	phrase-prefix
zuoyoufeng	phrase-prefix
zuoyoufengy	phrase-prefix
zuoyoufengyu	phrase-prefix
zuoyoufengyua	phrase-prefix
zuoyoufengyuan	phrase-full
zuoyouj	phrase-prefix
zuoyouji	phrase-prefix
zuoyoujia	phrase-prefix
zuoyoujian	phrase-full
zup	adjacent-key
zus	phrase-prefix
zush	phrase-prefix
zushi	phrase-prefix
zushif	phrase-prefix
zushife	phrase-prefix
zushifen	phrase-prefix
zushifeng	phrase-prefix
zushifengy	phrase-prefix
zushifengyi	phrase-full
zusn	adjacent-key
zuu	adjacent-key
zuz	phrase-prefix
zuzh	phrase-prefix
zuzho	phrase-prefix
zuzhou	phrase-full
zw	adjacent-key,phrase-initial
zwen	phrase-mixed
zwenk	phrase-mixed
zwi	adjacent-key
zwk	phrase-initial
zwn	adjacent-key
zwng	adjacent-key
zwu	phrase-mixed
zx	phrase-initial
zxc	phrase-initial
zxd	phrase-initial
zxer	phrase-initial
zxg	phrase-initial
zxi	phrase-mixed
zxia	phrase-mixed
zxian	phrase-mixed
zxiangc	phrase-mixed
zxiangs	phrase-mixed
zxiangyxiang	phrase-mixed
zxin	phrase-mixed
zxing	phrase-mixed
zxingd	phrase-mixed
zxingg	phrase-mixed
zxingyliao	phrase-mixed
zxinl	phrase-mixed
zxiueri	phrase-mixed
zxl	phrase-initial
zxs	phrase-initial
zxun	phrase-mixed
zxyl	phrase-initial
zxyx	phrase-initial
zy	adjacent-key,phrase-initial
zyadqu	phrase-mixed
zyan	adjacent-key,phrase-mixed
zyanwzhi	phrase-mixed
zyaogjian	phrase-mixed
zycx	phrase-initial
zydq	phrase-initial
zye	phrase-mixed
zyejyu	phrase-mixed
zyek	phrase-mixed
zyfy	phrase-initial
zygj	phrase-initial
zyi	adjacent-key,phrase-mixed
zyin	phrase-mixed
zying	phrase-mixed
zyiszheng	phrase-mixed
zyj	phrase-initial
zyjy	phrase-initial
zyk	phrase-initial
zym	phrase-initial
zymyxd	phrase-initial
zyn	adjacent-key,phrase-initial
zyo	adjacent-key
zyong	phrase-mixed
zyou	phrase-mixed
zyoucxiao	phrase-mixed
zyoufyuan	phrase-mixed
zyouj	phrase-mixed
zyoumyixding	phrase-mixed
zys	phrase-initial
zysz	phrase-initial
zyu	phrase-mixed
zyuanm	phrase-mixed
zyus	phrase-mixed
zyuw	phrase-mixed
zyuywei	phrase-mixed
zyw	phrase-initial
zywz	phrase-initial
zyyw	phrase-initial
zz	phrase-initial
zzai	phrase-mixed
zzbm	phrase-initial
zzbs	phrase-initial
zzd	phrase-initial
zzed	phrase-mixed
zzengg	phrase-mixed
zzg	phrase-initial
zzhao	phrase-mixed
zzhed	phrase-mixed
zzhengrsheng	phrase-mixed
zzhi	phrase-mixed
zzhizzha	phrase-mixed
zzhou	phrase-mixed
zzi	phrase-mixed
zzipyu	phrase-mixed
zzpy	phrase-initial
zzrs	phrase-initial
zzubmai	phrase-mixed
zzuibshe	phrase-mixed
zzunx	phrase-mixed
zzx	phrase-initial
zzzz	phrase-initial
