id	mode	source	genre	condition	raw	source_file	source_line	document	identity	source_role
001555422876f02afe09e546cdf6decc85cf004e8fef1e3bd8784f60df4a4dd0	chinese	moztw-g0v-edited	chat-derived-edited-excerpts	full	guanlian	docs/release-hardening/chat-inputs.tsv.gz	4463	g0v-file-line-4545	g0v-file-line-4545/0:2	reused-regression; original conversations unavailable
009fbc34212b0aa14591d7c95f382f6b3008d3658bfe866ca884c869a9ffc09a	chinese	moztw-g0v-edited	chat-derived-edited-excerpts	full	zhongshouyugaizuoshou	docs/release-hardening/chat-inputs.tsv.gz	1895	g0v-file-line-7391	g0v-file-line-7391/2:8	reused-regression; original conversations unavailable
00decfbb99ba111faadb4c8f872e63a33dc3b10744fda1af03d3ec543990b1c5	chinese	moztw-g0v-edited	chat-derived-edited-excerpts	full	xinyipiyuyinziliao	docs/release-hardening/chat-inputs.tsv.gz	650	g0v-file-line-8787	g0v-file-line-8787/0:7	reused-regression; original conversations unavailable
00f44b4f4d2e3a12568bbc0035664a6aa407ef2f198fd82c63a4cb27041a51f2	chinese	moztw-g0v-edited	chat-derived-edited-excerpts	full	yibai	docs/release-hardening/chat-inputs.tsv.gz	1592	g0v-file-line-496	g0v-file-line-496/0:2	reused-regression; original conversations unavailable
00ffe57b55a10a2ccd0423e354768add563848615c43ed703dbd68e1dad920fe	chinese	moztw-g0v-edited	chat-derived-edited-excerpts	full	tiaozhanbukeneng	docs/release-hardening/chat-inputs.tsv.gz	4304	g0v-file-line-5122	g0v-file-line-5122/0:5	reused-regression; original conversations unavailable
010de2c13ae647223231124883697dd9aa31052e15bc0f09fa4cb6dc26bc092d	chinese	moztw-g0v-edited	chat-derived-edited-excerpts	full	xiangzuozhi	docs/release-hardening/chat-inputs.tsv.gz	3686	g0v-file-line-8783	g0v-file-line-8783/0:3	reused-regression; original conversations unavailable
011d015c0b0f14ffba0c0a791910dfa2185371a5879046689966fd9377eed1fd	chinese	moztw-g0v-edited	chat-derived-edited-excerpts	full	bendianguo	docs/release-hardening/chat-inputs.tsv.gz	1049	g0v-file-line-4672	g0v-file-line-4672/1:4	reused-regression; original conversations unavailable
0122b8f18127e96f1a9da5f04a126f74347d1dd902effbc94502f14710cc2063	chinese	moztw-g0v-edited	chat-derived-edited-excerpts	full	duoguan	docs/release-hardening/chat-inputs.tsv.gz	932	g0v-file-line-4822	g0v-file-line-4822/3:5	reused-regression; original conversations unavailable
012c179e3fa2af208498a8aabf4f9fb24829cbf1f5fef58759951a43dde33fa9	chinese	moztw-g0v-edited	chat-derived-edited-excerpts	full	tongxuanjudianshi	docs/release-hardening/chat-inputs.tsv.gz	3308	g0v-file-line-4393	g0v-file-line-4393/1:6	reused-regression; original conversations unavailable
014125230b5e40a3a131333db7268da160dd5ddff0fab5d221e3f8bb656648f3	chinese	moztw-g0v-edited	chat-derived-edited-excerpts	full	shuiyixiaoshi	docs/release-hardening/chat-inputs.tsv.gz	3239	g0v-file-line-8045	g0v-file-line-8045/2:6	reused-regression; original conversations unavailable
01b2ef1112398d756aee7cadcf6abc8c91275468bddbb7ea3fa308ab6897645a	chinese	moztw-g0v-edited	chat-derived-edited-excerpts	full	dongwu	docs/release-hardening/chat-inputs.tsv.gz	3641	g0v-file-line-6617	g0v-file-line-6617/2:4	reused-regression; original conversations unavailable
0218144600a2f2410d2848d9bf808ccbd33282150bb3fcc580f238fb6de04882	chinese	moztw-g0v-edited	chat-derived-edited-excerpts	full	jixing	docs/release-hardening/chat-inputs.tsv.gz	3947	g0v-file-line-6904	g0v-file-line-6904/2:4	reused-regression; original conversations unavailable
0218e4a3d31d3e15c6f116f4ae3889cde00cfb2f8690691988c7019a07cce510	chinese	moztw-g0v-edited	chat-derived-edited-excerpts	full	chaoguosanwuge	docs/release-hardening/chat-inputs.tsv.gz	3566	g0v-file-line-6972	g0v-file-line-6972/0:5	reused-regression; original conversations unavailable
028effdad0613a580a7b738f3e880c7e09d69f52619b488b6cca985d8afdc1f9	chinese	moztw-g0v-edited	chat-derived-edited-excerpts	full	zaoyuwen	docs/release-hardening/chat-inputs.tsv.gz	2012	g0v-file-line-2142	g0v-file-line-2142/4:7	reused-regression; original conversations unavailable
0294c2f6e54e712b8117ca21910671d3071a2ef2485eb3cc9739b71aa59659d3	chinese	moztw-g0v-edited	chat-derived-edited-excerpts	full	kaishui	docs/release-hardening/chat-inputs.tsv.gz	3812	g0v-file-line-415	g0v-file-line-415/5:7	reused-regression; original conversations unavailable
02bb6599324a1ae011f8cd62ae24a3c4c249d33513d09a432662ae4512c3d0eb	chinese	moztw-g0v-edited	chat-derived-edited-excerpts	full	erlingyier	docs/release-hardening/chat-inputs.tsv.gz	3137	g0v-file-line-530	g0v-file-line-530/0:4	reused-regression; original conversations unavailable
00053dbfcf841f2f1df2dd053e36cee9d80b6a26357ec7d15fd7ed4b92ccba89	chinese	moztw-g0v-edited	chat-derived-edited-excerpts	initials	zwgk	docs/release-hardening/chat-inputs.tsv.gz	3051	g0v-file-line-7347	g0v-file-line-7347/0:4	reused-regression; original conversations unavailable
001019193158e3f6b31a9180c7d140205028878aeaf85f13c8fc051fb2ffb6b9	chinese	moztw-g0v-edited	chat-derived-edited-excerpts	initials	wdxz	docs/release-hardening/chat-inputs.tsv.gz	4026	g0v-file-line-7115	g0v-file-line-7115/0:4	reused-regression; original conversations unavailable
001fb805974f8f1f2061530e96ea597de3b908a7f87dd92d112e34765e4d6112	chinese	moztw-g0v-edited	chat-derived-edited-excerpts	initials	kyzy	docs/release-hardening/chat-inputs.tsv.gz	1746	g0v-file-line-8305	g0v-file-line-8305/0:4	reused-regression; original conversations unavailable
00266b8a3fae276ec2bbb3dd9959546c9c8ac625ccd6aefd50710ef17a3c21ec	chinese	moztw-g0v-edited	chat-derived-edited-excerpts	initials	lp	docs/release-hardening/chat-inputs.tsv.gz	852	g0v-file-line-3261	g0v-file-line-3261/0:2	reused-regression; original conversations unavailable
0087e9ff387b02e304f424bbaa8e9f7066b5aee18275de525ae5323c1ec0c149	chinese	moztw-g0v-edited	chat-derived-edited-excerpts	initials	rh	docs/release-hardening/chat-inputs.tsv.gz	1167	g0v-file-line-3225	g0v-file-line-3225/3:5	reused-regression; original conversations unavailable
00940255b64d66c374c60533ae0dae71633e10acf3b6530626f099c49583d619	chinese	moztw-g0v-edited	chat-derived-edited-excerpts	initials	bjs	docs/release-hardening/chat-inputs.tsv.gz	3534	g0v-file-line-6561	g0v-file-line-6561/3:6	reused-regression; original conversations unavailable
00981475407f2144f3f371f53ab67043bcc25b1f6e21eec769e1dcb6c0f3d311	chinese	moztw-g0v-edited	chat-derived-edited-excerpts	initials	yhxbn	docs/release-hardening/chat-inputs.tsv.gz	3255	g0v-file-line-567	g0v-file-line-567/1:6	reused-regression; original conversations unavailable
01626ac4130d3c07e1f12e324afe42857b5bfcb3b453ddc2a435236ea0fe56b4	chinese	moztw-g0v-edited	chat-derived-edited-excerpts	initials	tscdtp	docs/release-hardening/chat-inputs.tsv.gz	345	g0v-file-line-4299	g0v-file-line-4299/0:6	reused-regression; original conversations unavailable
01b11f1d30d4640ec48de4ef9e35c5d334ccb2325186e6ce37584c4e0e4aa898	chinese	moztw-g0v-edited	chat-derived-edited-excerpts	initials	ajhd	docs/release-hardening/chat-inputs.tsv.gz	3954	g0v-file-line-5234	g0v-file-line-5234/0:4	reused-regression; original conversations unavailable
01b50193ea1fdf6c31feb39c8c2defbd7752e2fa178fdc8c12bcad9ce16a9834	chinese	moztw-g0v-edited	chat-derived-edited-excerpts	initials	yx	docs/release-hardening/chat-inputs.tsv.gz	60	g0v-file-line-4699	g0v-file-line-4699/3:5	reused-regression; original conversations unavailable
01bcaf96eaf0e86277046279b474356f68f70ef075ddb4d346aa4f278427c981	chinese	moztw-g0v-edited	chat-derived-edited-excerpts	initials	dycsbj	docs/release-hardening/chat-inputs.tsv.gz	1209	g0v-file-line-3675	g0v-file-line-3675/0:6	reused-regression; original conversations unavailable
01d0dcfcf086ca3ee357688293ae3135df4e8e7db781014c2d7bad8605f23b37	chinese	moztw-g0v-edited	chat-derived-edited-excerpts	initials	gljyx	docs/release-hardening/chat-inputs.tsv.gz	57	g0v-file-line-4699	g0v-file-line-4699/0:5	reused-regression; original conversations unavailable
01e32aff4038cd9f0434ac592bce6e0c30c2b051901c180016f3d265364a4b5b	chinese	moztw-g0v-edited	chat-derived-edited-excerpts	initials	naw	docs/release-hardening/chat-inputs.tsv.gz	4293	g0v-file-line-6168	g0v-file-line-6168/1:4	reused-regression; original conversations unavailable
01e70e8663bd201c5a348132775ae6be5c5fedcd63b9c6dbdcce3e07c9bb06b6	chinese	moztw-g0v-edited	chat-derived-edited-excerpts	initials	hdlj	docs/release-hardening/chat-inputs.tsv.gz	2424	g0v-file-line-6449	g0v-file-line-6449/0:4	reused-regression; original conversations unavailable
02230be3f90ddf6cd198ad7363a0973b79bb02890ebfd4e36af862d55d2cd62a	chinese	moztw-g0v-edited	chat-derived-edited-excerpts	initials	ws	docs/release-hardening/chat-inputs.tsv.gz	1098	g0v-file-line-7257	g0v-file-line-7257/0:2	reused-regression; original conversations unavailable
02311037d6ea6111510822456331b55af399647bb29245ecd3f89f37f39a5bea	chinese	moztw-g0v-edited	chat-derived-edited-excerpts	initials	js	docs/release-hardening/chat-inputs.tsv.gz	1365	g0v-file-line-7265	g0v-file-line-7265/7:9	reused-regression; original conversations unavailable
001d273cc2f11573f5b09692cd3e40ef3f6fe129d49fc04a7179bec15ed61938	chinese	moztw-g0v-edited	chat-derived-edited-excerpts	mixed	rezyinfpiaopjih	docs/release-hardening/chat-inputs.tsv.gz	2578	g0v-file-line-6725	g0v-file-line-6725/0:8	reused-regression; original conversations unavailable
005a3e2b58bf1f0b247105c5c4810f35d6b8077d2a9210d5087b2efef411f836	chinese	moztw-g0v-edited	chat-derived-edited-excerpts	mixed	wudfen	docs/release-hardening/chat-inputs.tsv.gz	3550	g0v-file-line-5857	g0v-file-line-5857/0:3	reused-regression; original conversations unavailable
00da463fd90748bdb23f50c4881d687e932510666ce5527ddec885478b92b3a2	chinese	moztw-g0v-edited	chat-derived-edited-excerpts	mixed	zuztong	docs/release-hardening/chat-inputs.tsv.gz	1123	g0v-file-line-773	g0v-file-line-773/2:5	reused-regression; original conversations unavailable
00f7fd97677bbae201c25fda41cece6f827b169834598077d1cef6e893e16591	chinese	moztw-g0v-edited	chat-derived-edited-excerpts	mixed	shigna	docs/release-hardening/chat-inputs.tsv.gz	2293	g0v-file-line-6697	g0v-file-line-6697/1:4	reused-regression; original conversations unavailable
012a2417ff307a3c284d54cfa8d3150ae18108f6481096936b9d5abc6567b9d1	chinese	moztw-g0v-edited	chat-derived-edited-excerpts	mixed	dengf	docs/release-hardening/chat-inputs.tsv.gz	3556	g0v-file-line-5857	g0v-file-line-5857/1:3	reused-regression; original conversations unavailable
014cf7271ca43d0c45837d16eb330a1e238903c029c9725cad75114a73c64457	chinese	moztw-g0v-edited	chat-derived-edited-excerpts	mixed	yongybeibnig	docs/release-hardening/chat-inputs.tsv.gz	4303	g0v-file-line-5542	g0v-file-line-5542/1:7	reused-regression; original conversations unavailable
0151beeaafec2499073014c61ce68277a41317f02bbb1f9b0eae3858930aa483	chinese	moztw-g0v-edited	chat-derived-edited-excerpts	mixed	wombenlshinchang	docs/release-hardening/chat-inputs.tsv.gz	4414	g0v-file-line-4190	g0v-file-line-4190/0:7	reused-regression; original conversations unavailable
0164f321bcfe641376996d8d7d533d83888464c73a2784bfb7b34c7de18d6e8c	chinese	moztw-g0v-edited	chat-derived-edited-excerpts	mixed	bug	docs/release-hardening/chat-inputs.tsv.gz	2746	g0v-file-line-6075	g0v-file-line-6075/0:2	reused-regression; original conversations unavailable
01776b2c42f8d7e8c2334a9c14684865395c93f55b2bd783ec24c3465ed758c8	chinese	moztw-g0v-edited	chat-derived-edited-excerpts	mixed	luanp	docs/release-hardening/chat-inputs.tsv.gz	4228	g0v-file-line-8307	g0v-file-line-8307/0:2	reused-regression; original conversations unavailable
017ce4f12ddc01ccb7b9b34d78cddc4c390c11c2ee4b57db5c6204d32db67f2a	chinese	moztw-g0v-edited	chat-derived-edited-excerpts	mixed	xianzxiaopyou	docs/release-hardening/chat-inputs.tsv.gz	217	g0v-file-line-1003	g0v-file-line-1003/0:5	reused-regression; original conversations unavailable
01b967446967453b8baddf42e69a67f46f1de112361d2c91b8961655eb28809d	chinese	moztw-g0v-edited	chat-derived-edited-excerpts	mixed	neizbujribshi	docs/release-hardening/chat-inputs.tsv.gz	1138	g0v-file-line-7272	g0v-file-line-7272/0:7	reused-regression; original conversations unavailable
01e1bcfb9152f74ea8c9c0f833a3c2689b18a5ac82842aced52adf64d81ef36a	chinese	moztw-g0v-edited	chat-derived-edited-excerpts	mixed	xuypiszhek	docs/release-hardening/chat-inputs.tsv.gz	319	g0v-file-line-6719	g0v-file-line-6719/0:6	reused-regression; original conversations unavailable
01e2363e7f256e8f0db376549b31c315485c44a87a654e2f6257f51876448239	chinese	moztw-g0v-edited	chat-derived-edited-excerpts	mixed	huozlianxzi	docs/release-hardening/chat-inputs.tsv.gz	2803	g0v-file-line-8643	g0v-file-line-8643/0:5	reused-regression; original conversations unavailable
01fc8f29d861c2c41c3577eec8fb421573fc8f16a57d1ade364ed2bd0378ac5a	chinese	moztw-g0v-edited	chat-derived-edited-excerpts	mixed	shizguo	docs/release-hardening/chat-inputs.tsv.gz	3319	g0v-file-line-7333	g0v-file-line-7333/2:5	reused-regression; original conversations unavailable
021488d9d9dacde0a8b43ee7b48b86f2b4ffcb11336eb98c923771f27cd963f8	chinese	moztw-g0v-edited	chat-derived-edited-excerpts	mixed	zuijliansshangyhaodniaolxinw	docs/release-hardening/chat-inputs.tsv.gz	3271	g0v-file-line-8250	g0v-file-line-8250/0:12	reused-regression; original conversations unavailable
0289c564871c3e0ef8423c34e7f6ad86e760f6a72d1a4288ea55dce06bcc898c	chinese	moztw-g0v-edited	chat-derived-edited-excerpts	mixed	pinggrib	docs/release-hardening/chat-inputs.tsv.gz	3109	g0v-file-line-2270	g0v-file-line-2270/0:4	reused-regression; original conversations unavailable
004f28b07c40607f70833b51c6f3f1ad7f148b39e4b794e21f6d39b1d09c624f	chinese	zh-essay	essay	full	danshuiyu	docs/language-contract-benchmark/inputs.tsv	2464	knowledge/Nature/特有種.md	knowledge/Nature/特有種.md:38	reused-regression; upstream role not encoded in this TSV
00bd5c82043a9d7114ae4d2d8e4a1619c0df38bbcd60c3eb35130dcf37e99707	chinese	zh-essay	essay	full	jingjiribao	docs/language-contract-benchmark/inputs.tsv	2084	knowledge/Lifestyle/台灣海關報關制度與EZWAY.md	knowledge/Lifestyle/台灣海關報關制度與EZWAY.md:761	reused-regression; upstream role not encoded in this TSV
00cf7c7523bcd8a7c8c647a8e902ddd65f14126e4aff90a9d8ac8ad28949cf9e	chinese	zh-essay	essay	full	nihekafei	docs/language-contract-benchmark/inputs.tsv	1569	knowledge/Food/台灣咖啡文化.md	knowledge/Food/台灣咖啡文化.md:34	reused-regression; upstream role not encoded in this TSV
01885b061f3b9d420c4838dfaed609b5da12dcd2048fd45668b2645b2939f933	chinese	zh-essay	essay	full	taiwanguanghua	docs/language-contract-benchmark/inputs.tsv	1964	knowledge/History/高雄加工出口區.md	knowledge/History/高雄加工出口區.md:309	reused-regression; upstream role not encoded in this TSV
033e4284d4054a69bd29f4c985b5286a066e613d3d731f5f757bd73a1f31f67d	chinese	zh-essay	essay	full	jinyunjiang	docs/language-contract-benchmark/inputs.tsv	2259	knowledge/Music/台灣民歌運動.md	knowledge/Music/台灣民歌運動.md:119	reused-regression; upstream role not encoded in this TSV
0358f0b7cfdc5884b3256ee47b27c0282b7fc5514b8fd5fffc6750ef8a02e429	chinese	zh-essay	essay	full	yiyaji	docs/language-contract-benchmark/inputs.tsv	2994	knowledge/Society/毒馬鈴薯認知作戰.md	knowledge/Society/毒馬鈴薯認知作戰.md:236	reused-regression; upstream role not encoded in this TSV
03e76557a1ebec4687a11773f53b670ad2d5872b60b6d19441747fcf132787ac	chinese	zh-essay	essay	full	songyuetingyushuangyunjiqiao	docs/language-contract-benchmark/inputs.tsv	2294	knowledge/Music/台灣嘻哈與饒舌發展.md	knowledge/Music/台灣嘻哈與饒舌發展.md:1086	reused-regression; upstream role not encoded in this TSV
043f84498b7f6afa821105d7e1ba66a0be661c7cf860a8e8bb246a3b7c9b936f	chinese	zh-essay	essay	full	wanmingleijizhucezhe	docs/language-contract-benchmark/inputs.tsv	3014	knowledge/Technology/均一教育平台.md	knowledge/Technology/均一教育平台.md:236	reused-regression; upstream role not encoded in this TSV
04b900d8a80dd338209df19af1bd7b256fbdcad6bcf57bd555a72c359c741a92	chinese	zh-essay	essay	full	tongnian	docs/language-contract-benchmark/inputs.tsv	2119	knowledge/Lifestyle/台灣機車文化.md	knowledge/Lifestyle/台灣機車文化.md:158	reused-regression; upstream role not encoded in this TSV
04d40149473d5d379cd3ac8f81603d5dd6f91d36b9d946491adba6b1c6749e82	chinese	zh-essay	essay	full	xiexiepingshen	docs/language-contract-benchmark/inputs.tsv	2529	knowledge/People/蕭敬騰.md	knowledge/People/蕭敬騰.md:59	reused-regression; upstream role not encoded in this TSV
05178c78f187f5311c9537010d1fa10aa28e76fe2228715cbca78d0eb0a09f84	chinese	zh-essay	essay	full	disi	docs/language-contract-benchmark/inputs.tsv	2909	knowledge/Society/手語視訊轉譯.md	knowledge/Society/手語視訊轉譯.md:31	reused-regression; upstream role not encoded in this TSV
0545c5f67bf877b5278f2701511a6b10a9e01ed2d2a8dbb9ba83177adb8ac4ed	chinese	zh-essay	essay	full	suiqingnian	docs/language-contract-benchmark/inputs.tsv	2594	knowledge/People/蕭敬騰.md	knowledge/People/蕭敬騰.md:15	reused-regression; upstream role not encoded in this TSV
064aed1bcca63d9f3a8db1d3e68ba9267bcd2b9ef82cca482173ae7305c3d7c1	chinese	zh-essay	essay	full	zhengfuguihuachenggong	docs/language-contract-benchmark/inputs.tsv	1984	knowledge/History/高雄加工出口區.md	knowledge/History/高雄加工出口區.md:264	reused-regression; upstream role not encoded in this TSV
06cd5b0114e3f4ce81a930b6e427f994feb476935f0e2af37bcd5a37ccf9b2b7	chinese	zh-essay	essay	full	wenhuazhengce	docs/language-contract-benchmark/inputs.tsv	2834	knowledge/Politics/九合一選舉是什麼.md	knowledge/Politics/九合一選舉是什麼.md:221	reused-regression; upstream role not encoded in this TSV
06d0121f84fd595f07a9c679fab18b2c2f0079b2542a34f22fdd1080c009e92d	chinese	zh-essay	essay	full	meilidao	docs/language-contract-benchmark/inputs.tsv	2264	knowledge/Music/台灣民歌運動.md	knowledge/Music/台灣民歌運動.md:280	reused-regression; upstream role not encoded in this TSV
07fe193ae80f8dc3149e5d4e71e7657a7e1ff8442fe61408dde81686f55748fb	chinese	zh-essay	essay	full	zongrukouwangzhan	docs/language-contract-benchmark/inputs.tsv	1489	knowledge/Economy/台灣國際貿易政策.md	knowledge/Economy/台灣國際貿易政策.md:286	reused-regression; upstream role not encoded in this TSV
0035a54ff07f6b789281e458ff30de3e5adf2b669f25eb884ccd1530f1e155de	chinese	zh-essay	essay	half	baod	docs/language-contract-benchmark/inputs.tsv	2705	knowledge/Politics/選舉過程.md	knowledge/Politics/選舉過程.md:160	reused-regression; upstream role not encoded in this TSV
006f6a4779da72b0eb14b27b27249a6977ea55241cbd354851816186f71dc942	chinese	zh-essay	essay	half	zhinengguanli	docs/language-contract-benchmark/inputs.tsv	2505	knowledge/Nature/特有種.md	knowledge/Nature/特有種.md:70	reused-regression; upstream role not encoded in this TSV
00e2fa7272c06a446c97ec0f203e2b2831a6491bbc488f8b086773b95ea9b459	chinese	zh-essay	essay	half	niansh	docs/language-contract-benchmark/inputs.tsv	2080	knowledge/Lifestyle/台灣海關報關制度與EZWAY.md	knowledge/Lifestyle/台灣海關報關制度與EZWAY.md:317	reused-regression; upstream role not encoded in this TSV
0236b09f3e9e76ac13cd369e9d23295953b07df1baf849f4169247baac74a25d	chinese	zh-essay	essay	half	gongtong	docs/language-contract-benchmark/inputs.tsv	2925	knowledge/Society/毒馬鈴薯認知作戰.md	knowledge/Society/毒馬鈴薯認知作戰.md:983	reused-regression; upstream role not encoded in this TSV
02c5c677c331434f601bbd3b8dec78372e3681d571bb8e7469ed7d9548bc3709	chinese	zh-essay	essay	half	gao	docs/language-contract-benchmark/inputs.tsv	2060	knowledge/Lifestyle/台灣海關報關制度與EZWAY.md	knowledge/Lifestyle/台灣海關報關制度與EZWAY.md:618	reused-regression; upstream role not encoded in this TSV
0362c7c03520b38bf860c5f46aac42a5f58f83da742c258a4155c2967c098952	chinese	zh-essay	essay	half	zishi	docs/language-contract-benchmark/inputs.tsv	1350	knowledge/Culture/台灣華語的演化.md	knowledge/Culture/台灣華語的演化.md:145	reused-regression; upstream role not encoded in this TSV
03cd8f832048760190f19848329db608e5509ce9a8ae3526dbe178a073b7b7f6	chinese	zh-essay	essay	half	liang	docs/language-contract-benchmark/inputs.tsv	2475	knowledge/Nature/特有種.md	knowledge/Nature/特有種.md:34	reused-regression; upstream role not encoded in this TSV
049288ef8195a35f873c1b1a8dcc11e08d6184e8a52554bbb9e77ba84da3a2bc	chinese	zh-essay	essay	half	meiguoyuan	docs/language-contract-benchmark/inputs.tsv	1975	knowledge/History/高雄加工出口區.md	knowledge/History/高雄加工出口區.md:38	reused-regression; upstream role not encoded in this TSV
04f169feb3a2662b79bf7fe0d0bccc7e332fad5b7d2d39a03ec8f5bee1be9685	chinese	zh-essay	essay	half	cheng	docs/language-contract-benchmark/inputs.tsv	3060	knowledge/Technology/均一教育平台.md	knowledge/Technology/均一教育平台.md:460	reused-regression; upstream role not encoded in this TSV
0549df7bdf60dcd1c33556fa85606513797e6b0f3349f53bc1cafca88efd17a8	chinese	zh-essay	essay	half	zhengfuguih	docs/language-contract-benchmark/inputs.tsv	1985	knowledge/History/高雄加工出口區.md	knowledge/History/高雄加工出口區.md:264	reused-regression; upstream role not encoded in this TSV
061a97a45b78c73b5d0a69967f8a998a6be261f7ea807648b3e499eeaa20da1a	chinese	zh-essay	essay	half	jin	docs/language-contract-benchmark/inputs.tsv	2855	knowledge/Society/手語視訊轉譯.md	knowledge/Society/手語視訊轉譯.md:231	reused-regression; upstream role not encoded in this TSV
0646203a70f6026892b5b8547f7fd660d9c030a100d2c2add886f4a49639341d	chinese	zh-essay	essay	half	aozho	docs/language-contract-benchmark/inputs.tsv	1525	knowledge/Economy/台灣國際貿易政策.md	knowledge/Economy/台灣國際貿易政策.md:151	reused-regression; upstream role not encoded in this TSV
0670c5453d46be782f077f69bc9f784fd98eb4d2756e1b1bd614415437820a59	chinese	zh-essay	essay	half	sifac	docs/language-contract-benchmark/inputs.tsv	2905	knowledge/Society/手語視訊轉譯.md	knowledge/Society/手語視訊轉譯.md:342	reused-regression; upstream role not encoded in this TSV
084e803ec6e7840b5306765f4a8a131f3a0e8eaa1dd43f0ccf6f0d0cd5f3e018	chinese	zh-essay	essay	half	jiaohua	docs/language-contract-benchmark/inputs.tsv	1915	knowledge/History/台灣漁業起源.md	knowledge/History/台灣漁業起源.md:173	reused-regression; upstream role not encoded in this TSV
087db2ac323fdf5f6ca5deba23c5229eaa9e320a1c59024fd237b726be584541	chinese	zh-essay	essay	half	tat	docs/language-contract-benchmark/inputs.tsv	2575	knowledge/People/蕭敬騰.md	knowledge/People/蕭敬騰.md:121	reused-regression; upstream role not encoded in this TSV
089df78a9768ab1268ef23b74660e9feca3845fe09e09e24388ac2ff0a890fc8	chinese	zh-essay	essay	half	jiaoyinjinrongkongg	docs/language-contract-benchmark/inputs.tsv	1420	knowledge/Economy/台灣企業：兆豐金控.md	knowledge/Economy/台灣企業：兆豐金控.md:12	reused-regression; upstream role not encoded in this TSV
0130b42425ef65c902e718e20c7ee41ad2a4a799991561069b4dd90d2d43238f	chinese	zh-essay	essay	initials	sbmyezj	docs/language-contract-benchmark/inputs.tsv	1536	knowledge/Economy/台灣國際貿易政策.md	knowledge/Economy/台灣國際貿易政策.md:158	reused-regression; upstream role not encoded in this TSV
0150a12b9b6862119af51a7c7ce6686c2c1c4a8f38d3fe4e26916720c9aa7edf	chinese	zh-essay	essay	initials	cf	docs/language-contract-benchmark/inputs.tsv	1471	knowledge/Economy/台灣企業：兆豐金控.md	knowledge/Economy/台灣企業：兆豐金控.md:61	reused-regression; upstream role not encoded in this TSV
01612d4c77afaa59cfdcf78809ce5c69f80953146402c51667d56432986ea601	chinese	zh-essay	essay	initials	bbfbysxc	docs/language-contract-benchmark/inputs.tsv	1256	knowledge/Culture/鄒族戰祭.md	knowledge/Culture/鄒族戰祭.md:255	reused-regression; upstream role not encoded in this TSV
01fc81dbee4cfeee56417e5d0f0366b03c7f477a64aa49edf4e05db0f332f04d	chinese	zh-essay	essay	initials	ytwcswwyjzzw	docs/language-contract-benchmark/inputs.tsv	2446	knowledge/Nature/特有種.md	knowledge/Nature/特有種.md:58	reused-regression; upstream role not encoded in this TSV
025d47510e1693c5856652f4346ed722c5a59bf98dd1305f2b512fb85bec848a	chinese	zh-essay	essay	initials	jrsyn	docs/language-contract-benchmark/inputs.tsv	1641	knowledge/Food/大腸包小腸.md	knowledge/Food/大腸包小腸.md:144	reused-regression; upstream role not encoded in this TSV
028ed91331cf3cc336972aaa5ab458b5a347da4809fb67841b8e9d1d9aa34ed2	chinese	zh-essay	essay	initials	dssl	docs/language-contract-benchmark/inputs.tsv	2786	knowledge/Politics/九合一選舉是什麼.md	knowledge/Politics/九合一選舉是什麼.md:197	reused-regression; upstream role not encoded in this TSV
035ff69865fd8a6d2a86099764a220886279964e490290043a6ea51c1514e968	chinese	zh-essay	essay	initials	yrbtclcyhkzl	docs/language-contract-benchmark/inputs.tsv	1941	knowledge/History/台灣漁業起源.md	knowledge/History/台灣漁業起源.md:361	reused-regression; upstream role not encoded in this TSV
03e0b277e348f608a93fd6b12f4b8c2532d2eafe700996f2e70b0d736089f5ad	chinese	zh-essay	essay	initials	yjsjn	docs/language-contract-benchmark/inputs.tsv	1376	knowledge/Culture/台灣華語的演化.md	knowledge/Culture/台灣華語的演化.md:161	reused-regression; upstream role not encoded in this TSV
056e898c40217f4061bd9283169535f667cde7a47bd688760bcee5f7301ea27f	chinese	zh-essay	essay	initials	zdbmytxzzsgf	docs/language-contract-benchmark/inputs.tsv	1486	knowledge/Economy/台灣國際貿易政策.md	knowledge/Economy/台灣國際貿易政策.md:76	reused-regression; upstream role not encoded in this TSV
06409a7324faf3e85e868b7d8913ce5033925bcd742fe86694bed912ccf1b85a	chinese	zh-essay	essay	initials	xb	docs/language-contract-benchmark/inputs.tsv	2761	knowledge/Politics/九合一選舉是什麼.md	knowledge/Politics/九合一選舉是什麼.md:27	reused-regression; upstream role not encoded in this TSV
064e5b225c039f83dde2075e9eee21e93ba5f1164e82956510ebd08d2a209fdf	chinese	zh-essay	essay	initials	tshf	docs/language-contract-benchmark/inputs.tsv	1146	knowledge/Art/鶯歌陶瓷博物館.md	knowledge/Art/鶯歌陶瓷博物館.md:123	reused-regression; upstream role not encoded in this TSV
0677fc7dc446b16ca80063e861ef8e11715a5f5b2cfd868ff268e4a6391b1c12	chinese	zh-essay	essay	initials	jhy	docs/language-contract-benchmark/inputs.tsv	2821	knowledge/Politics/九合一選舉是什麼.md	knowledge/Politics/九合一選舉是什麼.md:7	reused-regression; upstream role not encoded in this TSV
06a575085f23c03d185963c7d5a4a81e8dd55a182e9d09b036fd9f0865d51447	chinese	zh-essay	essay	initials	dwllc	docs/language-contract-benchmark/inputs.tsv	1371	knowledge/Culture/台灣華語的演化.md	knowledge/Culture/台灣華語的演化.md:295	reused-regression; upstream role not encoded in this TSV
08f0b46c5f42086db543381b83f60bee7601858b1237a0d36023ea8998a6d173	chinese	zh-essay	essay	initials	mmlxddk	docs/language-contract-benchmark/inputs.tsv	2646	knowledge/People/席慕蓉.md	knowledge/People/席慕蓉.md:6	reused-regression; upstream role not encoded in this TSV
098247566ff527f9cbe1e4fc6b6de2b63e717a5fe4849d84a45ad116db5e37a6	chinese	zh-essay	essay	initials	tg	docs/language-contract-benchmark/inputs.tsv	2176	knowledge/Lifestyle/台灣機車文化.md	knowledge/Lifestyle/台灣機車文化.md:176	reused-regression; upstream role not encoded in this TSV
0989833f93c71568d0f8128d6464f7da675ef62a15eedf1850082dc089907051	chinese	zh-essay	essay	initials	ky	docs/language-contract-benchmark/inputs.tsv	1381	knowledge/Culture/台灣華語的演化.md	knowledge/Culture/台灣華語的演化.md:220	reused-regression; upstream role not encoded in this TSV
005cf0a90ae33e06c803ae6f11e843232f8455da859699aefe5fdba683348bd1	chinese	zh-essay	essay	mixed	zfengjkongz	docs/language-contract-benchmark/inputs.tsv	1452	knowledge/Economy/台灣企業：兆豐金控.md	knowledge/Economy/台灣企業：兆豐金控.md:215	reused-regression; upstream role not encoded in this TSV
007c36b94d82a43306116a80521dce2e1b5b43950edfba9cb6a8241d8a5d22b1	chinese	zh-essay	essay	mixed	yweimguz	docs/language-contract-benchmark/inputs.tsv	2602	knowledge/People/席慕蓉.md	knowledge/People/席慕蓉.md:10	reused-regression; upstream role not encoded in this TSV
00ebaee178d2a50e85ac801368bea404380dbd1eeb5c5a4f002e1aeee7a20c3f	chinese	zh-essay	essay	mixed	zpiannjilwaig	docs/language-contract-benchmark/inputs.tsv	1742	knowledge/Geography/林安泰古厝.md	knowledge/Geography/林安泰古厝.md:316	reused-regression; upstream role not encoded in this TSV
025fe6cffb47a17db776f438fb2c3016451eefde99537a991885b553b2da6825	chinese	zh-essay	essay	mixed	lyingt	docs/language-contract-benchmark/inputs.tsv	2677	knowledge/People/席慕蓉.md	knowledge/People/席慕蓉.md:158	reused-regression; upstream role not encoded in this TSV
0339273849d081fe1fe9e6e2785001b5ae3bfe868a9ac8e241859d0e26481d2e	chinese	zh-essay	essay	mixed	tkuajyancdiany	docs/language-contract-benchmark/inputs.tsv	2557	knowledge/People/蕭敬騰.md	knowledge/People/蕭敬騰.md:108	reused-regression; upstream role not encoded in this TSV
033fb987d9eda50cde16f91c6fbdbd1d623b154b883821a0895931edfcd62ef5	chinese	zh-essay	essay	mixed	dnei	docs/language-contract-benchmark/inputs.tsv	1497	knowledge/Economy/台灣國際貿易政策.md	knowledge/Economy/台灣國際貿易政策.md:122	reused-regression; upstream role not encoded in this TSV
035955976203887269cee2f36d35f3daee29bacf4123809d09bc25d18f811eb4	chinese	zh-essay	essay	mixed	rshe	docs/language-contract-benchmark/inputs.tsv	1357	knowledge/Culture/台灣華語的演化.md	knowledge/Culture/台灣華語的演化.md:279	reused-regression; upstream role not encoded in this TSV
039f463011097375ff7ea5409f985aef59bd63b035e17f8a86aeca362a1536a0	chinese	zh-essay	essay	mixed	nquangxinggmintpiaojchaswu	docs/language-contract-benchmark/inputs.tsv	2732	knowledge/Politics/選舉過程.md	knowledge/Politics/選舉過程.md:166	reused-regression; upstream role not encoded in this TSV
03fe6e5d81755efb111c3d1c262f29f02fe01b85b0fc741a05d92b0bd50c4d54	chinese	zh-essay	essay	mixed	dsan	docs/language-contract-benchmark/inputs.tsv	2862	knowledge/Society/手語視訊轉譯.md	knowledge/Society/手語視訊轉譯.md:26	reused-regression; upstream role not encoded in this TSV
047c21a23a276a438f4af5f3f0c3d73535fed4dd266bb4aabdb5acdc6e461b1c	chinese	zh-essay	essay	mixed	hdefjieswancluz	docs/language-contract-benchmark/inputs.tsv	2202	knowledge/Music/台灣民歌運動.md	knowledge/Music/台灣民歌運動.md:182	reused-regression; upstream role not encoded in this TSV
053e017df82de0eb7f036ec62b399e3fd5337b887570147dd68c094843e300f8	chinese	zh-essay	essay	mixed	gzhongbzhikwud	docs/language-contract-benchmark/inputs.tsv	1267	knowledge/Culture/鄒族戰祭.md	knowledge/Culture/鄒族戰祭.md:238	reused-regression; upstream role not encoded in this TSV
07a0f8108c3ef148a8a578100298ce6b0df01928f5ff65988670047264d55095	chinese	zh-essay	essay	mixed	bweirjiubtongg	docs/language-contract-benchmark/inputs.tsv	2112	knowledge/Lifestyle/台灣海關報關制度與EZWAY.md	knowledge/Lifestyle/台灣海關報關制度與EZWAY.md:226	reused-regression; upstream role not encoded in this TSV
07b4710b305db3c4c6bb3b592c48717ed06712a8965066fb268cdeebf61a7026	chinese	zh-essay	essay	mixed	sshilchensdianbliktaib	docs/language-contract-benchmark/inputs.tsv	1847	knowledge/Geography/基隆市.md	knowledge/Geography/基隆市.md:597	reused-regression; upstream role not encoded in this TSV
088e068d853ed58bc999fa2ee559b05318e32f1bdc6fed40a864ae8af972ffc2	chinese	zh-essay	essay	mixed	shua	docs/language-contract-benchmark/inputs.tsv	2562	knowledge/People/蕭敬騰.md	knowledge/People/蕭敬騰.md:83	reused-regression; upstream role not encoded in this TSV
08f89db7068971ef62a6eb4688b74f7fb259e81af1139f6d06546d16bcc12376	chinese	zh-essay	essay	mixed	jguosyibdaiyhuax	docs/language-contract-benchmark/inputs.tsv	1632	knowledge/Food/台灣咖啡文化.md	knowledge/Food/台灣咖啡文化.md:105	reused-regression; upstream role not encoded in this TSV
09160bcc9bc403c2080d18adb90c31a34bdf3aa7543443a00c56e67223ad5fc6	chinese	zh-essay	essay	mixed	dsanq	docs/language-contract-benchmark/inputs.tsv	1817	knowledge/Geography/基隆市.md	knowledge/Geography/基隆市.md:245	reused-regression; upstream role not encoded in this TSV
010dda744d3f980ccd041f7f6956e973bdebfb0537876d59ba694fa995e7a33c	chinese	zh-essay	essay	transpose	taolunchuanzhuanlyue	docs/language-contract-benchmark/inputs.tsv	2043	knowledge/Lifestyle/台灣海關報關制度與EZWAY.md	knowledge/Lifestyle/台灣海關報關制度與EZWAY.md:1070	reused-regression; upstream role not encoded in this TSV
022f91bbc737ea70e57258a7eedae7958eeecd95e8b548cbe010013502690ed0	chinese	zh-essay	essay	transpose	waicehng	docs/language-contract-benchmark/inputs.tsv	1793	knowledge/Geography/林安泰古厝.md	knowledge/Geography/林安泰古厝.md:282	reused-regression; upstream role not encoded in this TSV
032f71ac3410f492873ffeec268751d9d18f4f04857a5e079a1bd73f63969910	chinese	zh-essay	essay	transpose	tushuiuhofeng	docs/language-contract-benchmark/inputs.tsv	1148	knowledge/Art/鶯歌陶瓷博物館.md	knowledge/Art/鶯歌陶瓷博物館.md:123	reused-regression; upstream role not encoded in this TSV
033deeb70f80196f605f0dc4cf4d1a3850ac3bfc41e71d57916a4e548786af18	chinese	zh-essay	essay	transpose	ywieimengguzu	docs/language-contract-benchmark/inputs.tsv	2603	knowledge/People/席慕蓉.md	knowledge/People/席慕蓉.md:10	reused-regression; upstream role not encoded in this TSV
038eb860e7d1f6d7875a585096c0a622f256dde83729e03098277091c246dc78	chinese	zh-essay	essay	transpose	tonrgitoupiao	docs/language-contract-benchmark/inputs.tsv	2783	knowledge/Politics/九合一選舉是什麼.md	knowledge/Politics/九合一選舉是什麼.md:267	reused-regression; upstream role not encoded in this TSV
03b4b14361df2d425c447e089ad57568cd2df533100c90c2492fe548bb1d9743	chinese	zh-essay	essay	transpose	iqngganzhenzhi	docs/language-contract-benchmark/inputs.tsv	2628	knowledge/People/席慕蓉.md	knowledge/People/席慕蓉.md:108	reused-regression; upstream role not encoded in this TSV
03d4d74773de9b9544d04bf8516879ea360845afd5e58502ba4b28a7db622200	chinese	zh-essay	essay	transpose	ridantgian	docs/language-contract-benchmark/inputs.tsv	1858	knowledge/Geography/基隆市.md	knowledge/Geography/基隆市.md:139	reused-regression; upstream role not encoded in this TSV
057c179a38dbd07d27fbc0e3365c1b47089cc523594d7ed2483ae23b99460f8b	chinese	zh-essay	essay	transpose	gognchi	docs/language-contract-benchmark/inputs.tsv	2443	knowledge/Nature/特有種.md	knowledge/Nature/特有種.md:91	reused-regression; upstream role not encoded in this TSV
05a7238ca7bde3e2e60faa4d1a86e5f64c65ffe8a789641a1d4ac0a7f110c538	chinese	zh-essay	essay	transpose	yesihyicigongkaichengren	docs/language-contract-benchmark/inputs.tsv	1733	knowledge/Geography/林安泰古厝.md	knowledge/Geography/林安泰古厝.md:277	reused-regression; upstream role not encoded in this TSV
06a2acad67bcc0b730f7268e62f42a14ca24364afaef09b755d79558b8502945	chinese	zh-essay	essay	transpose	jinur	docs/language-contract-benchmark/inputs.tsv	2253	knowledge/Music/台灣民歌運動.md	knowledge/Music/台灣民歌運動.md:224	reused-regression; upstream role not encoded in this TSV
06ed3775cb356a01c761181679bf088c6482f8c5514228d167fe0ea5093ed9b7	chinese	zh-essay	essay	transpose	ymieiyuanji	docs/language-contract-benchmark/inputs.tsv	1408	knowledge/Economy/台灣企業：兆豐金控.md	knowledge/Economy/台灣企業：兆豐金控.md:240	reused-regression; upstream role not encoded in this TSV
070adc6d867ab13bc97d0468bc85becdeaf4249d33933faa4f7b35436509bfd8	chinese	zh-essay	essay	transpose	zatiaiwanzuzhuang	docs/language-contract-benchmark/inputs.tsv	2128	knowledge/Lifestyle/台灣機車文化.md	knowledge/Lifestyle/台灣機車文化.md:67	reused-regression; upstream role not encoded in this TSV
07aa9be83d0736ccee9e4c63df3122c1a16ca3cfef765161212c2dba363efb90	chinese	zh-essay	essay	transpose	zaimingguanwushuziminguo	docs/language-contract-benchmark/inputs.tsv	2093	knowledge/Lifestyle/台灣海關報關制度與EZWAY.md	knowledge/Lifestyle/台灣海關報關制度與EZWAY.md:984	reused-regression; upstream role not encoded in this TSV
090435ebe291a0d0ce6f194285a3e52b597c4c51d8a684a5a6ae2d51aa464382	chinese	zh-essay	essay	transpose	rizihshuichanshiyan	docs/language-contract-benchmark/inputs.tsv	1903	knowledge/History/台灣漁業起源.md	knowledge/History/台灣漁業起源.md:404	reused-regression; upstream role not encoded in this TSV
09938aa8ac9041b66b2bd399337c3b04097e5de79fd8aaa93054e6a6d36310d9	chinese	zh-essay	essay	transpose	feiyutoumujiaodaoadwuren	docs/language-contract-benchmark/inputs.tsv	2388	knowledge/Nature/台灣海洋生態.md	knowledge/Nature/台灣海洋生態.md:116	reused-regression; upstream role not encoded in this TSV
09d99bd189c367536d0710f780b7eca188013278ceeeabbf9fbcd143d16084eb	chinese	zh-essay	essay	transpose	zihhou	docs/language-contract-benchmark/inputs.tsv	2328	knowledge/Music/台灣嘻哈與饒舌發展.md	knowledge/Music/台灣嘻哈與饒舌發展.md:825	reused-regression; upstream role not encoded in this TSV
01073d359b9d60c97cb6c6dd2d5535a2ea2efc74ac8b373150dbde9485905af6	english	en-conversation	conversation	full	today	docs/language-contract-benchmark/inputs.tsv	37	GUM_conversation_toys	GUM_conversation_toys-142:15	reused-regression; upstream role not encoded in this TSV
017d56c2f11592f2c0672998ff6eb9b7fbaa6ed2de50e1b29e8291ae79a1797a	english	en-conversation	conversation	full	of	docs/language-contract-benchmark/inputs.tsv	442	GUM_conversation_scientist	GUM_conversation_scientist-82:2	reused-regression; upstream role not encoded in this TSV
0260f41adc57175f19f1b406bbfffe5a4a57cdbf659b6b4fd3f77cc3a147a829	english	en-conversation	conversation	full	would	docs/language-contract-benchmark/inputs.tsv	128	GUM_conversation_atoms	GUM_conversation_atoms-4:20	reused-regression; upstream role not encoded in this TSV
046e0141651bb0aef38eab8ed133e6b59cb5fabc71e05bf4ff4db18f8b7e84e6	english	en-conversation	conversation	full	alone	docs/language-contract-benchmark/inputs.tsv	495	GUM_conversation_erasmus	GUM_conversation_erasmus-30:5	reused-regression; upstream role not encoded in this TSV
0474c5a308dd35840462f2381fd6a500fe1ba2e3d8fdd1a107b0a57a14ec4c21	english	en-conversation	conversation	full	oh	docs/language-contract-benchmark/inputs.tsv	140	GUM_conversation_atoms	GUM_conversation_atoms-123:0	reused-regression; upstream role not encoded in this TSV
05a4fe44c6eb5211841f603c7bf3cb82e1ff21203727e2713eefe9d358d0f8d3	english	en-conversation	conversation	full	in	docs/language-contract-benchmark/inputs.tsv	145	GUM_conversation_atoms	GUM_conversation_atoms-135:8	reused-regression; upstream role not encoded in this TSV
0692098cc6aec9ea14b75c038047c1ee32ef77e92ba2cdc453fa5d1640c6e6b1	english	en-conversation	conversation	full	and	docs/language-contract-benchmark/inputs.tsv	194	GUM_conversation_blacksmithing	GUM_conversation_blacksmithing-25:11	reused-regression; upstream role not encoded in this TSV
06a2afa16fd1b2e109df73a2aaa5a3f7eb0a040706b81ef12be5af35387115d2	english	en-conversation	conversation	full	good	docs/language-contract-benchmark/inputs.tsv	137	GUM_conversation_atoms	GUM_conversation_atoms-26:1	reused-regression; upstream role not encoded in this TSV
0797ef5248ed27400c621a01016a9fdfb4cfa70f5598582b553a43fada9a5190	english	en-conversation	conversation	full	to	docs/language-contract-benchmark/inputs.tsv	260	GUM_conversation_blacksmithing	GUM_conversation_blacksmithing-24:15	reused-regression; upstream role not encoded in this TSV
0801e192d5dbc038221183370a498930d1e02f7b488fd6c7dd6ee9abbf40523c	english	en-conversation	conversation	full	th	docs/language-contract-benchmark/inputs.tsv	203	GUM_conversation_blacksmithing	GUM_conversation_blacksmithing-81:0	reused-regression; upstream role not encoded in this TSV
0ad0a063418255de697db8c45cc08722d28d4aad5c972a9ff3f2dd52eca27fc5	english	en-conversation	conversation	full	mean	docs/language-contract-benchmark/inputs.tsv	622	GUM_conversation_zero	GUM_conversation_zero-29:1	reused-regression; upstream role not encoded in this TSV
0b9ff29437f4031c468998581068c0223de87f341e21390c60d27a6f96703c4e	english	en-conversation	conversation	full	theyre	docs/language-contract-benchmark/inputs.tsv	427	GUM_conversation_scientist	GUM_conversation_scientist-37:16	reused-regression; upstream role not encoded in this TSV
0c8e5570715162f44c918fe615ddb3f2f9ac9a029a9bcd24a65bf502785a5883	english	en-conversation	conversation	full	the	docs/language-contract-benchmark/inputs.tsv	449	GUM_conversation_scientist	GUM_conversation_scientist-19:4	reused-regression; upstream role not encoded in this TSV
0e03422a93feed98979f9b772f04af06af375ba0c6070f87e77bebe682d714c9	english	en-conversation	conversation	full	what	docs/language-contract-benchmark/inputs.tsv	317	GUM_conversation_gossip	GUM_conversation_gossip-25:0	reused-regression; upstream role not encoded in this TSV
100f612a76612922c723d0cd4e293434f432a7ef2d2efbfcd1143d8e71d5a7ad	english	en-conversation	conversation	full	symbolized	docs/language-contract-benchmark/inputs.tsv	368	GUM_conversation_scientist	GUM_conversation_scientist-23:7	reused-regression; upstream role not encoded in this TSV
11674bac8cca7b4bd1de2436e91ce46216cdab9e4ca492acd6ca90831c70bae0	english	en-conversation	conversation	full	for	docs/language-contract-benchmark/inputs.tsv	505	GUM_conversation_erasmus	GUM_conversation_erasmus-47:20	reused-regression; upstream role not encoded in this TSV
0115c7d84c9f943f60f0cd5000e64f7028e1fe01448c7b0b6c5d401386d735ff	english	en-conversation	conversation	half	d	docs/language-contract-benchmark/inputs.tsv	148	GUM_conversation_atoms	GUM_conversation_atoms-146:6	reused-regression; upstream role not encoded in this TSV
040fa15171e137d8d53e3673c1ab0631736613ac7b330114be78e623381d343e	english	en-conversation	conversation	half	th	docs/language-contract-benchmark/inputs.tsv	82	GUM_conversation_toys	GUM_conversation_toys-98:10	reused-regression; upstream role not encoded in this TSV
05f4d729527e95ceab61c77850dd28f5cc6b7bb587185f898fd757a5ff41e150	english	en-conversation	conversation	half	rub	docs/language-contract-benchmark/inputs.tsv	384	GUM_conversation_scientist	GUM_conversation_scientist-16:6	reused-regression; upstream role not encoded in this TSV
07bf84e98a789180c6acc36a661abe2c290424d3a2cbe5f7f849d4d8fd8dd72c	english	en-conversation	conversation	half	g	docs/language-contract-benchmark/inputs.tsv	269	GUM_conversation_blacksmithing	GUM_conversation_blacksmithing-32:4	reused-regression; upstream role not encoded in this TSV
0b96e16240829105c9c68ea4d549d0259948278ac1672ebbcad5f84cfc8426df	english	en-conversation	conversation	half	lon	docs/language-contract-benchmark/inputs.tsv	509	GUM_conversation_erasmus	GUM_conversation_erasmus-72:38	reused-regression; upstream role not encoded in this TSV
0ce84ddd2895805aa281164b0d8801379df8f3d0b9c31641cbe0a56ca8fdd93b	english	en-conversation	conversation	half	pro	docs/language-contract-benchmark/inputs.tsv	402	GUM_conversation_scientist	GUM_conversation_scientist-47:3	reused-regression; upstream role not encoded in this TSV
0ebe9b7c5bbb3163c823c9f47b1b8848d49daf42414a2abaab5ee829ab44b2b0	english	en-conversation	conversation	half	o	docs/language-contract-benchmark/inputs.tsv	259	GUM_conversation_blacksmithing	GUM_conversation_blacksmithing-88:5	reused-regression; upstream role not encoded in this TSV
0f227bc9cf9653130762ef8006b21b9608e2749e88fa83d17bbefd7991f331ce	english	en-conversation	conversation	half	ha	docs/language-contract-benchmark/inputs.tsv	610	GUM_conversation_zero	GUM_conversation_zero-41:3	reused-regression; upstream role not encoded in this TSV
0fa7a4d1a83771d20ec238994cf7a25d037ab7cb095fb108eb46fc3a85642739	english	en-conversation	conversation	half	a	docs/language-contract-benchmark/inputs.tsv	271	GUM_conversation_blacksmithing	GUM_conversation_blacksmithing-76:4	reused-regression; upstream role not encoded in this TSV
10e5eff8303243307d3023af235f6d0b6dd6c58a7cd3f3cd5ccc5dd3fd6dafc3	english	en-conversation	conversation	half	ea	docs/language-contract-benchmark/inputs.tsv	222	GUM_conversation_blacksmithing	GUM_conversation_blacksmithing-7:12	reused-regression; upstream role not encoded in this TSV
111a00bec8bdebbd9b54f2e12cfbe340258c5c5d400a76a169966674f152f079	english	en-conversation	conversation	half	e	docs/language-contract-benchmark/inputs.tsv	239	GUM_conversation_blacksmithing	GUM_conversation_blacksmithing-58:8	reused-regression; upstream role not encoded in this TSV
11e7ef77bbbbef5f63530bfadf3db5b97032727188f64b92681541b9bef17404	english	en-conversation	conversation	half	squ	docs/language-contract-benchmark/inputs.tsv	563	GUM_conversation_zero	GUM_conversation_zero-57:12	reused-regression; upstream role not encoded in this TSV
152b8d4c6bc575cdb2006495d6f85cd31396d998427a1baf7bf941721a13be3f	english	en-conversation	conversation	half	w	docs/language-contract-benchmark/inputs.tsv	560	GUM_conversation_zero	GUM_conversation_zero-3:2	reused-regression; upstream role not encoded in this TSV
164214dc6ae2e419669de6009705f23a2427b74c717d8f051d13b5f4b634ad48	english	en-conversation	conversation	half	antib	docs/language-contract-benchmark/inputs.tsv	645	GUM_conversation_vet	GUM_conversation_vet-16:6	reused-regression; upstream role not encoded in this TSV
195b5b9b9436706fa65ba5dc1dc629fc438eb60b7fe8277cae32587a6bc6d473	english	en-conversation	conversation	half	comm	docs/language-contract-benchmark/inputs.tsv	503	GUM_conversation_erasmus	GUM_conversation_erasmus-18:2	reused-regression; upstream role not encoded in this TSV
198ddb9f25c73c3bc37a6b25fe76f7e5b4077d718b9c5f9b25a488e488bdd266	english	en-conversation	conversation	half	kn	docs/language-contract-benchmark/inputs.tsv	706	GUM_conversation_vet	GUM_conversation_vet-83:13	reused-regression; upstream role not encoded in this TSV
00aad5d9ea898fca3cd3e6463c2b7a4f2164aa5accca57d47812a10391701a96	english	en-conversation	conversation	transpose	ont	docs/language-contract-benchmark/inputs.tsv	690	GUM_conversation_vet	GUM_conversation_vet-68:10	reused-regression; upstream role not encoded in this TSV
0124910f6da924654b00eb441a71b872a6e5e7c739329622deabe541cb2b933e	english	en-conversation	conversation	transpose	prbolem	docs/language-contract-benchmark/inputs.tsv	403	GUM_conversation_scientist	GUM_conversation_scientist-47:3	reused-regression; upstream role not encoded in this TSV
044d8e99566152a696d5ffe46d01345b3660b32937c7284df237dab510e0abfb	english	en-conversation	conversation	transpose	aagin	docs/language-contract-benchmark/inputs.tsv	160	GUM_conversation_atoms	GUM_conversation_atoms-142:12	reused-regression; upstream role not encoded in this TSV
05a72c7b6cc8bae470ac24c7748bdef46fc9001da59e2645f481cb18c8b20722	english	en-conversation	conversation	transpose	otday	docs/language-contract-benchmark/inputs.tsv	39	GUM_conversation_toys	GUM_conversation_toys-142:15	reused-regression; upstream role not encoded in this TSV
05fbcee454ad959ac06faad7b632a439fc468ff1f90bbe3eaaf4f8ee1e40cc5c	english	en-conversation	conversation	transpose	hre	docs/language-contract-benchmark/inputs.tsv	659	GUM_conversation_vet	GUM_conversation_vet-5:11	reused-regression; upstream role not encoded in this TSV
084cf3a407a1e7d996364818016c2989b78dc470e831bd85d25cb68e3de6660a	english	en-conversation	conversation	transpose	tehn	docs/language-contract-benchmark/inputs.tsv	347	GUM_conversation_gossip	GUM_conversation_gossip-54:2	reused-regression; upstream role not encoded in this TSV
0905a62d22c88671c1cc6ecf587bba1fdaaaffd6b9d8786ad20baeea602f36f1	english	en-conversation	conversation	transpose	hree	docs/language-contract-benchmark/inputs.tsv	36	GUM_conversation_toys	GUM_conversation_toys-102:2	reused-regression; upstream role not encoded in this TSV
0ae2088432e051ed5790c7434ce5d8f9871fca65ab30a0dd784e6518930406eb	english	en-conversation	conversation	transpose	ilke	docs/language-contract-benchmark/inputs.tsv	66	GUM_conversation_toys	GUM_conversation_toys-93:2	reused-regression; upstream role not encoded in this TSV
0bbb51e2c02254db5d1591121affb83da1f576dce2f0ee45de7fff2008eed279	english	en-conversation	conversation	transpose	antbiiotics	docs/language-contract-benchmark/inputs.tsv	646	GUM_conversation_vet	GUM_conversation_vet-16:6	reused-regression; upstream role not encoded in this TSV
0cda8e675f58d2b6854facd84e8d541ec110bbf6d8059e2634662eae47dbd661	english	en-conversation	conversation	transpose	ofrth	docs/language-contract-benchmark/inputs.tsv	184	GUM_conversation_atoms	GUM_conversation_atoms-53:21	reused-regression; upstream role not encoded in this TSV
0d1e940a464e6d1159a32e90c5e15b8e5fefb5a0717b3ecbffe00f09a0e777df	english	en-conversation	conversation	transpose	teh	docs/language-contract-benchmark/inputs.tsv	267	GUM_conversation_blacksmithing	GUM_conversation_blacksmithing-41:14	reused-regression; upstream role not encoded in this TSV
0de339075063f98037b309b0f0c0162cffbc0c3c03e1140aaa79b28209a7f244	english	en-conversation	conversation	transpose	ahve	docs/language-contract-benchmark/inputs.tsv	679	GUM_conversation_vet	GUM_conversation_vet-96:11	reused-regression; upstream role not encoded in this TSV
0e8b21ae141eadcf3a355e43889cda90c648441fded168661a48fc218c0df031	english	en-conversation	conversation	transpose	htat	docs/language-contract-benchmark/inputs.tsv	382	GUM_conversation_scientist	GUM_conversation_scientist-76:14	reused-regression; upstream role not encoded in this TSV
0e9b6a42d18fd829ef0c43120e6c2c23dd95aadd8d27bfc3cdf6f1e71f35254c	english	en-conversation	conversation	transpose	waht	docs/language-contract-benchmark/inputs.tsv	226	GUM_conversation_blacksmithing	GUM_conversation_blacksmithing-100:0	reused-regression; upstream role not encoded in this TSV
0eabe0867f4e00d9c33996079bd02570da56c192bb58bfe71890728a619c65fc	english	en-conversation	conversation	transpose	skpi	docs/language-contract-benchmark/inputs.tsv	460	GUM_conversation_erasmus	GUM_conversation_erasmus-50:2	reused-regression; upstream role not encoded in this TSV
0f236deaf7607b849833ed7ba08ea903f7560104ce2837aff7e1566495d85a2c	english	en-conversation	conversation	transpose	iar	docs/language-contract-benchmark/inputs.tsv	127	GUM_conversation_atoms	GUM_conversation_atoms-48:5	reused-regression; upstream role not encoded in this TSV
0046e0be72f6933a987dcd09d98ed90231545456fef5f46e6ad5a4e84cd989be	english	en-essay	essay	full	hole	docs/language-contract-benchmark/inputs.tsv	983	GUM_essay_distraction	GUM_essay_distraction-8:21	reused-regression; upstream role not encoded in this TSV
0158ad32227dafe44e8b9f4522db05cb71d39a7da1e43601ef7e8883568fdbca	english	en-essay	essay	full	robert	docs/language-contract-benchmark/inputs.tsv	758	GUM_essay_sexlife	GUM_essay_sexlife-41:13	reused-regression; upstream role not encoded in this TSV
0737148c57efac8809be4d54d3b4cefb8cc33a9ccd42c150efaf0cf440a0ac33	english	en-essay	essay	full	labrador	docs/language-contract-benchmark/inputs.tsv	867	GUM_essay_evolved	GUM_essay_evolved-24:9	reused-regression; upstream role not encoded in this TSV
07853ea049af21338441505c110321491227f6928c92a60842346f3343724d06	english	en-essay	essay	full	your	docs/language-contract-benchmark/inputs.tsv	966	GUM_essay_distraction	GUM_essay_distraction-22:18	reused-regression; upstream role not encoded in this TSV
092a0cb5b7c3434ea9a24fd55d16ed64bfcb6c7ef55608fbcdb39c5ac7482236	english	en-essay	essay	full	simple	docs/language-contract-benchmark/inputs.tsv	939	GUM_essay_distraction	GUM_essay_distraction-13:11	reused-regression; upstream role not encoded in this TSV
0a1b957dc78933fef91fbcedf23165a66d0998bc5588a569171c4346aa94d0e9	english	en-essay	essay	full	history	docs/language-contract-benchmark/inputs.tsv	831	GUM_essay_evolved	GUM_essay_evolved-3:5	reused-regression; upstream role not encoded in this TSV
0d9d4aa5e95afd50598c8177f812b732a26fe684d83e1f09edb0ecfa988857c3	english	en-essay	essay	full	is	docs/language-contract-benchmark/inputs.tsv	767	GUM_essay_sexlife	GUM_essay_sexlife-41:15	reused-regression; upstream role not encoded in this TSV
10745c3c5484702e008159d997f842b7fc506bb68c8d579ddf9a5939eb38f0ca	english	en-essay	essay	full	miles	docs/language-contract-benchmark/inputs.tsv	873	GUM_essay_evolved	GUM_essay_evolved-23:6	reused-regression; upstream role not encoded in this TSV
10af3f7720ffd748735805759e7b48ffd5a88cb17bed275c8acac0f930c9e419	english	en-essay	essay	full	what	docs/language-contract-benchmark/inputs.tsv	891	GUM_essay_evolved	GUM_essay_evolved-15:0	reused-regression; upstream role not encoded in this TSV
1304f34def47591d319e9c03df832f4cdfaae707917ce6f74091245dcf5ce881	english	en-essay	essay	full	romantic	docs/language-contract-benchmark/inputs.tsv	782	GUM_essay_sexlife	GUM_essay_sexlife-28:18	reused-regression; upstream role not encoded in this TSV
14f130daff20c60307af34162a9f7e281629c16379d42efa61a7d0e6c417580b	english	en-essay	essay	full	calories	docs/language-contract-benchmark/inputs.tsv	850	GUM_essay_evolved	GUM_essay_evolved-25:1	reused-regression; upstream role not encoded in this TSV
16aa2f4bb4a847920f19afa030c2c56249de80297d2c12e9ac5f4944830cedac	english	en-essay	essay	full	with	docs/language-contract-benchmark/inputs.tsv	717	GUM_essay_sexlife	GUM_essay_sexlife-27:3	reused-regression; upstream role not encoded in this TSV
1e1ae1b277ce6b09aa4208d0dd12a834ade8443f4b54f296db24ff86b4e8b86d	english	en-essay	essay	full	yourself	docs/language-contract-benchmark/inputs.tsv	952	GUM_essay_distraction	GUM_essay_distraction-24:1	reused-regression; upstream role not encoded in this TSV
20999102696a0b71d40309d40457240afc2ece61e7c9a78f4bd12b54f96c0526	english	en-essay	essay	full	we	docs/language-contract-benchmark/inputs.tsv	860	GUM_essay_evolved	GUM_essay_evolved-8:23	reused-regression; upstream role not encoded in this TSV
224a6c861e6a331f761173bac3f1708e29006f5aab53b9923a70b37ff8589810	english	en-essay	essay	full	the	docs/language-contract-benchmark/inputs.tsv	929	GUM_essay_distraction	GUM_essay_distraction-1:2	reused-regression; upstream role not encoded in this TSV
22c8cee2503396aaf91fbd327f9e197a0f17802ef61c235de41ddd1d436d9913	english	en-essay	essay	full	life	docs/language-contract-benchmark/inputs.tsv	744	GUM_essay_sexlife	GUM_essay_sexlife-31:16	reused-regression; upstream role not encoded in this TSV
0360e402613ecf70ae13fcd952516151c0f0163f2b077911eef9d4d219e7519f	english	en-essay	essay	half	th	docs/language-contract-benchmark/inputs.tsv	1074	GUM_essay_dividends	GUM_essay_dividends-44:5	reused-regression; upstream role not encoded in this TSV
05b4e2909dd4bc18984b5f56e9ee9b0436a40f707b63af6d7d4573256f8c96fe	english	en-essay	essay	half	mu	docs/language-contract-benchmark/inputs.tsv	898	GUM_essay_distraction	GUM_essay_distraction-32:10	reused-regression; upstream role not encoded in this TSV
09c8de45f174b40d46bd6ff0802c8cd47dd55a1b5137bc8137722adbaec0f937	english	en-essay	essay	half	wea	docs/language-contract-benchmark/inputs.tsv	1002	GUM_essay_dividends	GUM_essay_dividends-24:4	reused-regression; upstream role not encoded in this TSV
0a6400ec63935027cf61a5f97b7c50b3f0f7248e5e5e9df034184842ee969c01	english	en-essay	essay	half	sh	docs/language-contract-benchmark/inputs.tsv	1068	GUM_essay_dividends	GUM_essay_dividends-29:11	reused-regression; upstream role not encoded in this TSV
0b8ed4ad0fc73052c686ed5971e1d09ea1ca8353529d4708b09b0e035c87924d	english	en-essay	essay	half	roma	docs/language-contract-benchmark/inputs.tsv	783	GUM_essay_sexlife	GUM_essay_sexlife-28:18	reused-regression; upstream role not encoded in this TSV
0f64ad0a1ac319d3d2a3349aea7b847bf1e72a8460806cc5859cbf1751f0c7ec	english	en-essay	essay	half	fr	docs/language-contract-benchmark/inputs.tsv	987	GUM_essay_dividends	GUM_essay_dividends-33:9	reused-regression; upstream role not encoded in this TSV
1306c451c97d4c6f368ae0520453f735344e5c0ed8c0c4c8285e57e9085aad00	english	en-essay	essay	half	t	docs/language-contract-benchmark/inputs.tsv	930	GUM_essay_distraction	GUM_essay_distraction-1:2	reused-regression; upstream role not encoded in this TSV
1616a6924f359df7285835d7b426bee8d9992893b2409bd3c3da15fd310bf1bd	english	en-essay	essay	half	o	docs/language-contract-benchmark/inputs.tsv	789	GUM_essay_sexlife	GUM_essay_sexlife-15:10	reused-regression; upstream role not encoded in this TSV
16a9a5d8f9f47cd1833df4720bf4edd2b0dac178220125cf80e95b47c4019482	english	en-essay	essay	half	exer	docs/language-contract-benchmark/inputs.tsv	820	GUM_essay_evolved	GUM_essay_evolved-47:3	reused-regression; upstream role not encoded in this TSV
16c9e2fc7998688508ec553a0186bbeb3f02aa5d5c8ac1f675721952dca5ad08	english	en-essay	essay	half	a	docs/language-contract-benchmark/inputs.tsv	765	GUM_essay_sexlife	GUM_essay_sexlife-41:6	reused-regression; upstream role not encoded in this TSV
189bad677043b3af0e725c84cbd43c43020a1dbf27de24dd9a8934144578bf64	english	en-essay	essay	half	wh	docs/language-contract-benchmark/inputs.tsv	943	GUM_essay_distraction	GUM_essay_distraction-35:0	reused-regression; upstream role not encoded in this TSV
1c5b6ebd56530f2cb3aac45ba09edda088312e9bc1e842f283f40fc85b9a88f8	english	en-essay	essay	half	bri	docs/language-contract-benchmark/inputs.tsv	886	GUM_essay_evolved	GUM_essay_evolved-56:10	reused-regression; upstream role not encoded in this TSV
1d2a724b6649640071c33c09edbdb07415d7f1bd6ef0f027b54bcdc2b4551c0e	english	en-essay	essay	half	ha	docs/language-contract-benchmark/inputs.tsv	889	GUM_essay_evolved	GUM_essay_evolved-7:2	reused-regression; upstream role not encoded in this TSV
1da33f558c12190f46dfe44f7130a3d023fadbb5535afe1953435ce066e47548	english	en-essay	essay	half	li	docs/language-contract-benchmark/inputs.tsv	800	GUM_essay_sexlife	GUM_essay_sexlife-5:10	reused-regression; upstream role not encoded in this TSV
26aa3ae5b856d0963aaf10a92f9efd47fed73241cb1f32c1acfa2ab5a1c2b82f	english	en-essay	essay	half	eq	docs/language-contract-benchmark/inputs.tsv	1059	GUM_essay_dividends	GUM_essay_dividends-17:13	reused-regression; upstream role not encoded in this TSV
372150c305645e3809c4edffc61eab584341e9adfae92d2c4915d90c438aa28d	english	en-essay	essay	half	poss	docs/language-contract-benchmark/inputs.tsv	742	GUM_essay_sexlife	GUM_essay_sexlife-20:22	reused-regression; upstream role not encoded in this TSV
032754d93c4c08f74f8000dfdaf7aef85282aef7853ce2117cf28c20f247ca9d	english	en-essay	essay	transpose	aeg	docs/language-contract-benchmark/inputs.tsv	792	GUM_essay_sexlife	GUM_essay_sexlife-11:7	reused-regression; upstream role not encoded in this TSV
0a2bc2a5345cdf3964bf4c9c04a415e0cc4c278895df43d4c50ade010d9288a8	english	en-essay	essay	transpose	caloreis	docs/language-contract-benchmark/inputs.tsv	852	GUM_essay_evolved	GUM_essay_evolved-25:1	reused-regression; upstream role not encoded in this TSV
0b7f9fe7edd817a0ea2e2bd9e1d74e110b40f84264e5ac58fd9f842818b6d23f	english	en-essay	essay	transpose	hte	docs/language-contract-benchmark/inputs.tsv	982	GUM_essay_distraction	GUM_essay_distraction-34:35	reused-regression; upstream role not encoded in this TSV
12b360bb5e1e14754e10920119d53c631428e3693b3165903acb6be1532b8dcd	english	en-essay	essay	transpose	idae	docs/language-contract-benchmark/inputs.tsv	997	GUM_essay_dividends	GUM_essay_dividends-54:2	reused-regression; upstream role not encoded in this TSV
12b599e22d06985c80f2f33e03ad5af14626d857526c82ea7a9aa7d522f21329	english	en-essay	essay	transpose	amil	docs/language-contract-benchmark/inputs.tsv	731	GUM_essay_sexlife	GUM_essay_sexlife-19:21	reused-regression; upstream role not encoded in this TSV
13f1d37727e5aac630348d4f768e7b0e5bb214c8b1cee2cfc8eb3c5e5e4916ff	english	en-essay	essay	transpose	romo	docs/language-contract-benchmark/inputs.tsv	925	GUM_essay_distraction	GUM_essay_distraction-32:13	reused-regression; upstream role not encoded in this TSV
15dc5b81fd45e3e404c7341163b8f6080409c47496588c4997b41cf07c846ccc	english	en-essay	essay	transpose	yuo	docs/language-contract-benchmark/inputs.tsv	841	GUM_essay_evolved	GUM_essay_evolved-43:4	reused-regression; upstream role not encoded in this TSV
1613fb421cd5ea9989a4f69d9a983d41633c82dc098cd45661cf6cfcffa6848f	english	en-essay	essay	transpose	yoru	docs/language-contract-benchmark/inputs.tsv	936	GUM_essay_distraction	GUM_essay_distraction-28:31	reused-regression; upstream role not encoded in this TSV
176750ae286ecaa4a5bcf7c3ca3366a64100cbe2433a8a8997416b66f3dd969f	english	en-essay	essay	transpose	logso	docs/language-contract-benchmark/inputs.tsv	1018	GUM_essay_dividends	GUM_essay_dividends-3:3	reused-regression; upstream role not encoded in this TSV
198933cdf21353219865e34479980e506c7dfbcb7f745fd8cb5656ef697861d8	english	en-essay	essay	transpose	psycihatrist	docs/language-contract-benchmark/inputs.tsv	847	GUM_essay_evolved	GUM_essay_evolved-8:2	reused-regression; upstream role not encoded in this TSV
1be67fca50c8200745534889e7727461bb21d1d0c2bde84e9f4d456a62ade2d2	english	en-essay	essay	transpose	fra	docs/language-contract-benchmark/inputs.tsv	836	GUM_essay_evolved	GUM_essay_evolved-5:5	reused-regression; upstream role not encoded in this TSV
1de1715a7107082c3baddf313c46d9dcccce5c5ea5e6b0578f243ec31d31a264	english	en-essay	essay	transpose	thier	docs/language-contract-benchmark/inputs.tsv	804	GUM_essay_sexlife	GUM_essay_sexlife-27:32	reused-regression; upstream role not encoded in this TSV
1feece42ee3661742a19232f55d329f26db41d373aea736f322d9245074b21f9	english	en-essay	essay	transpose	elecrtomagnetic	docs/language-contract-benchmark/inputs.tsv	1066	GUM_essay_dividends	GUM_essay_dividends-31:16	reused-regression; upstream role not encoded in this TSV
2342b110b12e0d322936276e570cf979f837140e8e30cd49c6cc79ee8b2943a8	english	en-essay	essay	transpose	quesitonnaires	docs/language-contract-benchmark/inputs.tsv	781	GUM_essay_sexlife	GUM_essay_sexlife-19:14	reused-regression; upstream role not encoded in this TSV
252d44fffe261c5bc7871ce5c36fd05fe137ab422c1b1bb841a1e27a2dc5c592	english	en-essay	essay	transpose	hloe	docs/language-contract-benchmark/inputs.tsv	985	GUM_essay_distraction	GUM_essay_distraction-8:21	reused-regression; upstream role not encoded in this TSV
2d4ec27cb8d6035bce868b71f53cffa212bcaa59454d6151b55a14486dab7174	english	en-essay	essay	transpose	irght	docs/language-contract-benchmark/inputs.tsv	1043	GUM_essay_dividends	GUM_essay_dividends-21:14	reused-regression; upstream role not encoded in this TSV
020930dda0059d3cc6325c471d7d3e4dea2d9dfed1eb00ac4be5e1aafc7c842d	english	en-reserved-conversation	conversation	full	for	docs/language-contract-benchmark/inputs.tsv	4064	GUM_conversation_christmas	GUM_conversation_christmas-67:4	reused-regression; upstream role not encoded in this TSV
020eff5c6c8164914b872e9b7bc8c72c8efc84c1d63415002313157deb731a23	english	en-reserved-conversation	conversation	full	in	docs/language-contract-benchmark/inputs.tsv	4196	GUM_conversation_family	GUM_conversation_family-106:4	reused-regression; upstream role not encoded in this TSV
022359c2334344f9771fe278f14899e85c28f50e4ff48e6cb67e870d1c55645c	english	en-reserved-conversation	conversation	full	tea	docs/language-contract-benchmark/inputs.tsv	4241	GUM_conversation_family	GUM_conversation_family-89:4	reused-regression; upstream role not encoded in this TSV
0413b852797e0c2f9b1e74d4854605fa2b3590eb588b34017db2733e879a1a29	english	en-reserved-conversation	conversation	full	he	docs/language-contract-benchmark/inputs.tsv	3959	GUM_conversation_christmas	GUM_conversation_christmas-20:2	reused-regression; upstream role not encoded in this TSV
06ae0825592d21a662ba6873a3989ab1acf6868ab6320284af162ada10c0fac2	english	en-reserved-conversation	conversation	full	bale	docs/language-contract-benchmark/inputs.tsv	4229	GUM_conversation_family	GUM_conversation_family-50:5	reused-regression; upstream role not encoded in this TSV
06b7930e290d06b01daea928d46e8de7404591ca9129285805d5aba0e2053e68	english	en-reserved-conversation	conversation	full	it	docs/language-contract-benchmark/inputs.tsv	4295	GUM_conversation_family	GUM_conversation_family-174:9	reused-regression; upstream role not encoded in this TSV
0a855c619a9997464a1bf27e15f8f41e6fad96d1e0d1c8115bf4753ae59fe227	english	en-reserved-conversation	conversation	full	did	docs/language-contract-benchmark/inputs.tsv	4493	GUM_conversation_grounded	GUM_conversation_grounded-101:1	reused-regression; upstream role not encoded in this TSV
0abe94d69e6044c160f0dd8d9624d973ba9c5e1c7ba34cc67b4deb351bce3c1e	english	en-reserved-conversation	conversation	full	hospital	docs/language-contract-benchmark/inputs.tsv	4298	GUM_conversation_family	GUM_conversation_family-164:4	reused-regression; upstream role not encoded in this TSV
0d7e8de9142e23dd1c7d154d06f5303466ad12291768c239345183e30056b1ed	english	en-reserved-conversation	conversation	full	oh	docs/language-contract-benchmark/inputs.tsv	4541	GUM_conversation_risk	GUM_conversation_risk-12:0	reused-regression; upstream role not encoded in this TSV
0f8d103449a5bc1c736803260f69553552ab844cdeba9739ad2963d7edc948b2	english	en-reserved-conversation	conversation	full	twenty	docs/language-contract-benchmark/inputs.tsv	4625	GUM_conversation_risk	GUM_conversation_risk-163:1	reused-regression; upstream role not encoded in this TSV
0ffe5236478a4e5e1f8c4caca32b6cea8808767d91db8c653a21242b5b776f43	english	en-reserved-conversation	conversation	full	you	docs/language-contract-benchmark/inputs.tsv	4583	GUM_conversation_risk	GUM_conversation_risk-141:0	reused-regression; upstream role not encoded in this TSV
12974ee5a5a8460e6d8382ed2124efe4cbec32f25898e3b6d0f93bf4c5b2eb84	english	en-reserved-conversation	conversation	full	call	docs/language-contract-benchmark/inputs.tsv	4367	GUM_conversation_grounded	GUM_conversation_grounded-24:10	reused-regression; upstream role not encoded in this TSV
13e990148ad0a3b95cf0c432c9dc5be20b463972eafaf1edf7f31f37b616498f	english	en-reserved-conversation	conversation	full	uh	docs/language-contract-benchmark/inputs.tsv	3950	GUM_conversation_christmas	GUM_conversation_christmas-197:0	reused-regression; upstream role not encoded in this TSV
14a96567de84385539f2397d298c5848a2cc538c626826548fd1509aca80f1fd	english	en-reserved-conversation	conversation	full	wonderful	docs/language-contract-benchmark/inputs.tsv	4013	GUM_conversation_christmas	GUM_conversation_christmas-19:1	reused-regression; upstream role not encoded in this TSV
14d5d64aa18bbd07e7100f81279b47f9c53cb95a36321e8dd9b28fde092c546b	english	en-reserved-conversation	conversation	full	well	docs/language-contract-benchmark/inputs.tsv	4316	GUM_conversation_grounded	GUM_conversation_grounded-75:0	reused-regression; upstream role not encoded in this TSV
152873368d3ed844f3098211dfd9343e0af2b4e239d0e78620daa6fc545d9050	english	en-reserved-conversation	conversation	full	my	docs/language-contract-benchmark/inputs.tsv	4364	GUM_conversation_grounded	GUM_conversation_grounded-81:0	reused-regression; upstream role not encoded in this TSV
008e737818ab9eae73da6d638bc838ef921017867e9c283270eb5d864e33657b	english	en-reserved-conversation	conversation	half	ov	docs/language-contract-benchmark/inputs.tsv	4527	GUM_conversation_risk	GUM_conversation_risk-130:5	reused-regression; upstream role not encoded in this TSV
0146e92252c597a1c50eca4a76d6f364e080b08f101f39a1333ee72556b75bc6	english	en-reserved-conversation	conversation	half	b	docs/language-contract-benchmark/inputs.tsv	4611	GUM_conversation_risk	GUM_conversation_risk-34:0	reused-regression; upstream role not encoded in this TSV
01e02a9f19d001dab3e498d94d35834d1840b7e8bfbc6af0dff061395bdf9c62	english	en-reserved-conversation	conversation	half	li	docs/language-contract-benchmark/inputs.tsv	4338	GUM_conversation_grounded	GUM_conversation_grounded-24:8	reused-regression; upstream role not encoded in this TSV
021abc433af2449a9d34f097677665474ad613457426d24deb550eb21e4ef7cf	english	en-reserved-conversation	conversation	half	t	docs/language-contract-benchmark/inputs.tsv	3948	GUM_conversation_christmas	GUM_conversation_christmas-28:2	reused-regression; upstream role not encoded in this TSV
02cd10ba7a904ad25dc776a888753a7c3cfe8673b54d07770c0eae5bca5e4035	english	en-reserved-conversation	conversation	half	wa	docs/language-contract-benchmark/inputs.tsv	4533	GUM_conversation_risk	GUM_conversation_risk-94:1	reused-regression; upstream role not encoded in this TSV
0325007c8c33fa71aaabf8e1a341393e41d2af8767f6006b66a8346511603d7b	english	en-reserved-conversation	conversation	half	wh	docs/language-contract-benchmark/inputs.tsv	3963	GUM_conversation_christmas	GUM_conversation_christmas-212:1	reused-regression; upstream role not encoded in this TSV
03c4c405913e7274cfac2879ba1c55f6ea51173fc02d05d18e35504e35a427b2	english	en-reserved-conversation	conversation	half	yo	docs/language-contract-benchmark/inputs.tsv	4449	GUM_conversation_grounded	GUM_conversation_grounded-10:0	reused-regression; upstream role not encoded in this TSV
09001f0c7accd11cc7fc67b93ad46f614238d14d6b4b58579d840ab294a02ee0	english	en-reserved-conversation	conversation	half	po	docs/language-contract-benchmark/inputs.tsv	4305	GUM_conversation_family	GUM_conversation_family-150:5	reused-regression; upstream role not encoded in this TSV
0937ec5320e6a6f0bd0da554f0b1c91689ff40f73cba455bcaac49330f5702f3	english	en-reserved-conversation	conversation	half	m	docs/language-contract-benchmark/inputs.tsv	3942	GUM_conversation_christmas	GUM_conversation_christmas-186:2	reused-regression; upstream role not encoded in this TSV
097dbcb0c1f5c14121ec720d1b5e35f29f58121d0570a8ec63c0716cd95b33e5	english	en-reserved-conversation	conversation	half	lea	docs/language-contract-benchmark/inputs.tsv	4440	GUM_conversation_grounded	GUM_conversation_grounded-74:5	reused-regression; upstream role not encoded in this TSV
09c3b41671763b5b42d75cd4e5e8e1879ac07e53a95e0cee075553dd27ad151b	english	en-reserved-conversation	conversation	half	th	docs/language-contract-benchmark/inputs.tsv	3927	GUM_conversation_christmas	GUM_conversation_christmas-113:0	reused-regression; upstream role not encoded in this TSV
0a952f448e71e324f4a618bbd07447aef5a0b54b66e50973ddbab3bb3d0e75e4	english	en-reserved-conversation	conversation	half	wi	docs/language-contract-benchmark/inputs.tsv	4089	GUM_conversation_christmas	GUM_conversation_christmas-94:4	reused-regression; upstream role not encoded in this TSV
0e19816adc4a1ab8168de4efefe95891c240e39ef8d02e07894a9b9e5d14f095	english	en-reserved-conversation	conversation	half	o	docs/language-contract-benchmark/inputs.tsv	4209	GUM_conversation_family	GUM_conversation_family-11:5	reused-regression; upstream role not encoded in this TSV
0e4f06fd14dd7fe66ef44ff81b8b8a093fe2b951faabb4e24039f40ffadeb1d6	english	en-reserved-conversation	conversation	half	uni	docs/language-contract-benchmark/inputs.tsv	4497	GUM_conversation_grounded	GUM_conversation_grounded-106:14	reused-regression; upstream role not encoded in this TSV
1437b12cb455c47412af1ac33d19834abc0928995282e6a2d1029c2bdd48bf17	english	en-reserved-conversation	conversation	half	i	docs/language-contract-benchmark/inputs.tsv	4002	GUM_conversation_christmas	GUM_conversation_christmas-71:0	reused-regression; upstream role not encoded in this TSV
1545f4b7bdb661b78f34df09ca1f2a1af22397bed6466f1c64f7a5296f6fdcc8	english	en-reserved-conversation	conversation	half	a	docs/language-contract-benchmark/inputs.tsv	4098	GUM_conversation_christmas	GUM_conversation_christmas-125:0	reused-regression; upstream role not encoded in this TSV
000672e9d756078074852ab67d94afa485413996c7cf6afeb8ab63fa7f449840	english	en-reserved-conversation	conversation	transpose	yaeh	docs/language-contract-benchmark/inputs.tsv	4303	GUM_conversation_family	GUM_conversation_family-109:4	reused-regression; upstream role not encoded in this TSV
0099df4b7a1eee6e64d5a3343182d29ad2578d207f4f0d41bc0416d46c9b81ba	english	en-reserved-conversation	conversation	transpose	till	docs/language-contract-benchmark/inputs.tsv	4051	GUM_conversation_christmas	GUM_conversation_christmas-156:1	reused-regression; upstream role not encoded in this TSV
01baf1c22ddcdcde15be27c95f52d68e508127c74600c67a67755e1c91c3da9c	english	en-reserved-conversation	conversation	transpose	liek	docs/language-contract-benchmark/inputs.tsv	4339	GUM_conversation_grounded	GUM_conversation_grounded-24:8	reused-regression; upstream role not encoded in this TSV
02c20968d6083b3388fd03a4b0aff99d8abc16ba4a06f72e3716ef835357d590	english	en-reserved-conversation	conversation	transpose	eahc	docs/language-contract-benchmark/inputs.tsv	4639	GUM_conversation_risk	GUM_conversation_risk-72:5	reused-regression; upstream role not encoded in this TSV
04bf6f97b191c93f5d21251a37681ff4b8d3fdb5fa459da15a88b3716a8a4317	english	en-reserved-conversation	conversation	transpose	tahts	docs/language-contract-benchmark/inputs.tsv	4333	GUM_conversation_grounded	GUM_conversation_grounded-147:2	reused-regression; upstream role not encoded in this TSV
04e8ad4f474a3d0184e511e8fc057da93efb11e078ad9c883ead594db3641f49	english	en-reserved-conversation	conversation	transpose	supopsed	docs/language-contract-benchmark/inputs.tsv	4321	GUM_conversation_grounded	GUM_conversation_grounded-47:3	reused-regression; upstream role not encoded in this TSV
0590f876941c0c65840d493a3ea213fbfc145700f629e201821acb1c6c852123	english	en-reserved-conversation	conversation	transpose	egt	docs/language-contract-benchmark/inputs.tsv	4288	GUM_conversation_family	GUM_conversation_family-103:1	reused-regression; upstream role not encoded in this TSV
075e55c50b50665a9a8d51f214e61e79244b8a0025a1831d4ad0880cff9fcb2e	english	en-reserved-conversation	conversation	transpose	thsi	docs/language-contract-benchmark/inputs.tsv	3967	GUM_conversation_christmas	GUM_conversation_christmas-50:7	reused-regression; upstream role not encoded in this TSV
07a8fd692f0df6640aa04e9a77fec2f6ebc34d70c1f1a062769faa409e497409	english	en-reserved-conversation	conversation	transpose	hwos	docs/language-contract-benchmark/inputs.tsv	3964	GUM_conversation_christmas	GUM_conversation_christmas-212:1	reused-regression; upstream role not encoded in this TSV
07c7d5fa8f073ac082badfd9747b7028ff7230ed0038907e16b613d1a2ef663e	english	en-reserved-conversation	conversation	transpose	yorue	docs/language-contract-benchmark/inputs.tsv	4450	GUM_conversation_grounded	GUM_conversation_grounded-10:0	reused-regression; upstream role not encoded in this TSV
08006cfeaa8e014d907c46af3692be267d03c21a5103974efd39e1c49709815a	english	en-reserved-conversation	conversation	transpose	oevr	docs/language-contract-benchmark/inputs.tsv	4528	GUM_conversation_risk	GUM_conversation_risk-130:5	reused-regression; upstream role not encoded in this TSV
09571ec623aab697846028766d51dba1159fa245e366ad69d04a4b6e6a8166d7	english	en-reserved-conversation	conversation	transpose	mh	docs/language-contract-benchmark/inputs.tsv	4222	GUM_conversation_family	GUM_conversation_family-27:0	reused-regression; upstream role not encoded in this TSV
09e8a44c21db7dafae51011014f951053da10424e7c1da8c90768da05d2fad92	english	en-reserved-conversation	conversation	transpose	nad	docs/language-contract-benchmark/inputs.tsv	4417	GUM_conversation_grounded	GUM_conversation_grounded-22:0	reused-regression; upstream role not encoded in this TSV
0a8a61d631c25a6c44e6cfe8e27fa975db057176690bcb44c04bd6ccf32dc4f3	english	en-reserved-conversation	conversation	transpose	ilke	docs/language-contract-benchmark/inputs.tsv	4384	GUM_conversation_grounded	GUM_conversation_grounded-90:2	reused-regression; upstream role not encoded in this TSV
0b58bc0a6fdf7e53a13669e22e693a182567fe4486b1125adc7a73c9fcf65e6f	english	en-reserved-conversation	conversation	transpose	alawys	docs/language-contract-benchmark/inputs.tsv	4135	GUM_conversation_family	GUM_conversation_family-136:1	reused-regression; upstream role not encoded in this TSV
0b8fda7af0aa35456c3aba78e33635f78c656f08eaf7c83c6b734828c570601b	english	en-reserved-conversation	conversation	transpose	wtih	docs/language-contract-benchmark/inputs.tsv	4540	GUM_conversation_risk	GUM_conversation_risk-148:1	reused-regression; upstream role not encoded in this TSV
0003897a9637b8739c2c00d69a41b3013287628f634691ca897758b170487b8e	japanese_english	asdc	service-roleplay	full	deha	docs/language-contract-benchmark/conversations/inputs.tsv	16902	asdc:073	10:1/clause	development; already evaluated
003ed1c7770bf53f532f6bcf714294a1b0e8b4f9aa8d7652c9d4fbd18daeddac	japanese_english	asdc	service-roleplay	full	man	docs/language-contract-benchmark/conversations/inputs.tsv	30161	asdc:176	4:1:0/word	holdout; already evaluated
00607bcdfa472f0cfecfd4e47b7f6d42aa6da1a8c64ed29bc5f1eea660b6d638	japanese_english	asdc	service-roleplay	full	ta	docs/language-contract-benchmark/conversations/inputs.tsv	27339	asdc:086	14:0:2/word	holdout; already evaluated
00715ac396e406a35ebca1bdfc1bef4158cf50359c60776a66b002899188a814	japanese_english	asdc	service-roleplay	full	hou	docs/language-contract-benchmark/conversations/inputs.tsv	23313	asdc:067	4:3:2/word	holdout; already evaluated
007774713b951bf3db4975d50c02127a6df32c2a8c1918a86398e0a4cf01a423	japanese_english	asdc	service-roleplay	full	yuumeina	docs/language-contract-benchmark/conversations/inputs.tsv	29164	asdc:195	5:1:2/two-token	holdout; already evaluated
00c57374acdf40d2da594964312dc3592c70d1f14c161787a0a8d8547f5f4b78	japanese_english	asdc	service-roleplay	full	arigatougozaimasu	docs/language-contract-benchmark/conversations/inputs.tsv	16575	asdc:108	14:0/clause	development; already evaluated
00d407504f40b3e26cdc7258cf78e018eb2e2e1fa77b9236ebac20091404f5f6	japanese_english	asdc	service-roleplay	full	go	docs/language-contract-benchmark/conversations/inputs.tsv	30495	asdc:150	14:2:2/word	holdout; already evaluated
01085a90845787708b2d86ff89d3ca03b614fe6285c516ba7b8563aa56ec0061	japanese_english	asdc	service-roleplay	full	onegaishitaidesu	docs/language-contract-benchmark/conversations/inputs.tsv	29030	asdc:062	21:1/clause	holdout; already evaluated
011a2639c0688311eaa1c95764ad01afca3bfcf6923335a0a8f972a38d908120	japanese_english	asdc	service-roleplay	full	tabi	docs/language-contract-benchmark/conversations/inputs.tsv	22119	asdc:002	0:0:1/word	holdout; already evaluated
0151e28e4069735292353241db6b37a7ea9b9bdc47ce0c6d62a3b260aa3f53b9	japanese_english	asdc	service-roleplay	full	omou	docs/language-contract-benchmark/conversations/inputs.tsv	23953	asdc:016	13:0:11/word	holdout; already evaluated
017f0ac31b8ca7315bdd18e6ba5e8b142781f6f3e9832b2b87b13d0248490f7e	japanese_english	asdc	service-roleplay	full	woyotei	docs/language-contract-benchmark/conversations/inputs.tsv	26935	asdc:100	17:2:1/two-token	holdout; already evaluated
01b50833c30fd231bba1e64fd32b03b20d98886f81e9aea8184d7815ed106db6	japanese_english	asdc	service-roleplay	full	ga	docs/language-contract-benchmark/conversations/inputs.tsv	29372	asdc:003	7:3:3/word	holdout; already evaluated
01bf87b6919fbc2f0a45dfddf1e777f7abb59a2d50948562a439c46be06caf77	japanese_english	asdc	service-roleplay	full	no	docs/language-contract-benchmark/conversations/inputs.tsv	18539	asdc:175	18:3:1/word	development; already evaluated
01eda4e9d29d263a58e33786d8220370e92b5a860383954cad89deda7d6362f7	japanese_english	asdc	service-roleplay	full	ka	docs/language-contract-benchmark/conversations/inputs.tsv	28567	asdc:041	16:2:9/word	holdout; already evaluated
020e88ed4a8a97a12bf15f8d7397e6f410af3f9c92399895e04d330a937995a5	japanese_english	asdc	service-roleplay	full	masuto	docs/language-contract-benchmark/conversations/inputs.tsv	23091	asdc:069	4:3:2/two-token	holdout; already evaluated
02120f021a90ec116457af7a5eca41ba6b4f33ae938bc84b78ef7508c7508386	japanese_english	asdc	service-roleplay	full	joujunni	docs/language-contract-benchmark/conversations/inputs.tsv	27889	asdc:207	5:0:1/two-token	holdout; already evaluated
003e972be95d7cf77ec3d523bdc037c457aefb15d1fc434ed3e0303e4e4265cd	japanese_english	asdc	service-roleplay	half	ma	docs/language-contract-benchmark/conversations/inputs.tsv	16338	asdc:136	13:0:1/word	development; already evaluated
00503c802e0e0081fde68d02cf6e1ed79fc4d4de5401c57e0b90e6e15c08ceea	japanese_english	asdc	service-roleplay	half	k	docs/language-contract-benchmark/conversations/inputs.tsv	26873	asdc:100	14:2:2/word	holdout; already evaluated
007d0dab83cd1fccf8053269d6f41d7c5a2c7f6f7b48de2313ad6b325344feba	japanese_english	asdc	service-roleplay	half	yadowosagash	docs/language-contract-benchmark/conversations/inputs.tsv	19943	asdc:084	1:2/clause	development; already evaluated
0095203ac874950c78fb18fd4eef471953df72f14d0cadfdc52704f1c3744800	japanese_english	asdc	service-roleplay	half	y	docs/language-contract-benchmark/conversations/inputs.tsv	26729	asdc:032	5:1:3/word	holdout; already evaluated
00bcb433dbd3ad26971056d63adae864e07db6c295bc26f1f151f1ebaec7e4fa	japanese_english	asdc	service-roleplay	half	in	docs/language-contract-benchmark/conversations/inputs.tsv	30535	asdc:150	15:17:1/word	holdout; already evaluated
00da1165414eda052ab1e7f5c363ddde6b679a5081b8cb65717ab386d9909cb9	japanese_english	asdc	service-roleplay	half	t	docs/language-contract-benchmark/conversations/inputs.tsv	18913	asdc:206	14:1:2/word	development; already evaluated
00f842718958962f15a71f1c0ad0b989035502eb82191f8f02c6e48d19ff901d	japanese_english	asdc	service-roleplay	half	m	docs/language-contract-benchmark/conversations/inputs.tsv	20173	asdc:093	4:3:0/word	development; already evaluated
012a60399626e155b1ae24c26f4031fcb190b29dd5fbb8ddf7abf5de3f72d018	japanese_english	asdc	service-roleplay	half	pakkupurand	docs/language-contract-benchmark/conversations/inputs.tsv	30623	asdc:150	5:1/clause	holdout; already evaluated
017610dc13e6936fc5a37ee665863cc1dc6af8d5003477f94e34bcef9768e94e	japanese_english	asdc	service-roleplay	half	de	docs/language-contract-benchmark/conversations/inputs.tsv	29739	asdc:149	7:1:8/word	holdout; already evaluated
019103f87aced04de5116870e6cda5e669f9189eedab73a164e6fd0eaf70534d	japanese_english	asdc	service-roleplay	half	donoyounaoyadow	docs/language-contract-benchmark/conversations/inputs.tsv	25685	asdc:109	3:1/clause	holdout; already evaluated
01936a1d6e842beb807ca1bee2df3a6193a48da69c28ed37e81ecc55c770ca5f	japanese_english	asdc	service-roleplay	half	n	docs/language-contract-benchmark/conversations/inputs.tsv	22279	asdc:127	9:2:1/word	holdout; already evaluated
01941ae656013effc8a880455c8f80ee17c9e37b80f4faf50fa9bb568b9ddf71	japanese_english	asdc	service-roleplay	half	choku	docs/language-contract-benchmark/conversations/inputs.tsv	18643	asdc:175	10:3:2/two-token	development; already evaluated
02152470886e5b925972414e68ddd582c39a5d01edcc88101eb091eeb3791186	japanese_english	asdc	service-roleplay	half	a	docs/language-contract-benchmark/conversations/inputs.tsv	16991	asdc:008	7:3:4/word	development; already evaluated
021ac721b2f0aabcffd9c70f21e5f1f0450fc62bf7148b4fdb6ec8bca68f2fd4	japanese_english	asdc	service-roleplay	half	kashikoma	docs/language-contract-benchmark/conversations/inputs.tsv	25986	asdc:208	16:0/clause	holdout; already evaluated
023be0db1c3d79468ce470f9b8c511edc843eb5ced2d6dadf24474d3d11f5efa	japanese_english	asdc	service-roleplay	half	chikakunitouennoaruoya	docs/language-contract-benchmark/conversations/inputs.tsv	27444	asdc:086	10:2/clause	holdout; already evaluated
026bf49a4b7b5292d8f0ad49ef7d90d8cc42d3069d19bf155f87f647cd5528b0	japanese_english	asdc	service-roleplay	half	tom	docs/language-contract-benchmark/conversations/inputs.tsv	20940	asdc:075	21:4:0/word	holdout; already evaluated
00490daddc7a976f7acb03fdb2e3fb023b3131fe3b20fc6358911d9b3ae1222a	japanese_english	asdc	service-roleplay	initials	o	docs/language-contract-benchmark/conversations/inputs.tsv	16284	asdc:141	3:0/clause	development; already evaluated
0056e982494840bc1e87de37f66c80abf707c45657a3c554e82a4244dcbe2486	japanese_english	asdc	service-roleplay	initials	n	docs/language-contract-benchmark/conversations/inputs.tsv	29717	asdc:149	19:0:4/word	holdout; already evaluated
006192af1b638c6de8eeb146fe4551b0f7fe57b34d727d17cf9c63d811165377	japanese_english	asdc	service-roleplay	initials	d	docs/language-contract-benchmark/conversations/inputs.tsv	29263	asdc:117	8:5:4/word	holdout; already evaluated
008041f0cdf14227c0124c99e7caf4dca2e3d2af94b0dbe6c53c91c8c0cb350e	japanese_english	asdc	service-roleplay	initials	t	docs/language-contract-benchmark/conversations/inputs.tsv	23708	asdc:200	6:1:2/word	holdout; already evaluated
00ac719728fc0ccf7407c582e07713bc289b263713ad999632fc8916776ed48a	japanese_english	asdc	service-roleplay	initials	mt	docs/language-contract-benchmark/conversations/inputs.tsv	15453	asdc:058	4:0:1/two-token	development; already evaluated
00e46e9cb2cc89892814e02ca14807ed0f228c0c464a76935bd5b7e1aec64fd0	japanese_english	asdc	service-roleplay	initials	g	docs/language-contract-benchmark/conversations/inputs.tsv	30498	asdc:150	14:2:2/word	holdout; already evaluated
00fdf765287bba5bd1b5979b9fc0da2bf5098307af9e0d47b63ea4c72f1533e3	japanese_english	asdc	service-roleplay	initials	m	docs/language-contract-benchmark/conversations/inputs.tsv	17320	asdc:121	20:3:7/word	development; already evaluated
010b865f1251930797b37ec7f920ed11fdb28e40b51f7842ffdcbe0e494e2d16	japanese_english	asdc	service-roleplay	initials	dg	docs/language-contract-benchmark/conversations/inputs.tsv	18151	asdc:051	2:0:1/two-token	development; already evaluated
012798346ce563e4bea2956d49caffdde9f8415d034ddab0142f10eb5b32d806	japanese_english	asdc	service-roleplay	initials	y	docs/language-contract-benchmark/conversations/inputs.tsv	30379	asdc:006	22:10:7/word	holdout; already evaluated
019156b30203d7a8ba0220b43f16d42f7321af54fd22432c31f26af0eb9707dc	japanese_english	asdc	service-roleplay	initials	hn	docs/language-contract-benchmark/conversations/inputs.tsv	28562	asdc:156	15:5/clause	holdout; already evaluated
02093e1866790404a37a469ac88062212fdb024bab01049d4bc3482ebcdaa5e9	japanese_english	asdc	service-roleplay	initials	rt	docs/language-contract-benchmark/conversations/inputs.tsv	24060	asdc:016	0:2:7/two-token	holdout; already evaluated
022e75f65b34c45a5267588378222097d9432690602df4e01cd08fdcf81220a7	japanese_english	asdc	service-roleplay	initials	s	docs/language-contract-benchmark/conversations/inputs.tsv	29869	asdc:007	18:3:2/word	holdout; already evaluated
024cd1d14e06d284bce0f5eefac3195cab3e92f32dda256072731bf716177678	japanese_english	asdc	service-roleplay	initials	onsm	docs/language-contract-benchmark/conversations/inputs.tsv	22010	asdc:080	17:0/clause	holdout; already evaluated
025c0614aa3c69d2db94fa267d6a6938a80f1d7036aea29d1edbf063579437d0	japanese_english	asdc	service-roleplay	initials	sd	docs/language-contract-benchmark/conversations/inputs.tsv	17073	asdc:008	3:0/clause	development; already evaluated
02823a8414320e0d43e64d5e21d6c411bfbab513024a62df5cfaae26f9ba8759	japanese_english	asdc	service-roleplay	initials	wy	docs/language-contract-benchmark/conversations/inputs.tsv	25008	asdc:196	3:2:3/two-token	holdout; already evaluated
02b9009d6017db1f29c129a3d959bedaddb08c7b63d4b33a8a5eb82fd0b0f8a9	japanese_english	asdc	service-roleplay	initials	h	docs/language-contract-benchmark/conversations/inputs.tsv	27493	asdc:158	16:3:0/word	holdout; already evaluated
002cec85cf0134ec92d09715b6aa90aa03390c6712b7433cc71223872dbe4e06	japanese_english	asdc	service-roleplay	mixed	nha	docs/language-contract-benchmark/conversations/inputs.tsv	30602	asdc:150	15:4:0/two-token	holdout; already evaluated
00558dbc428f1e032cb73c3430e5fcaf751b1c0343cb8ba1f4572338649320e7	japanese_english	asdc	service-roleplay	mixed	d	docs/language-contract-benchmark/conversations/inputs.tsv	19866	asdc:084	12:6:8/word	development; already evaluated
006b8fbf86a9806054ec7916767c7b447758e7b96a98b0668dbb2451a72beb65	japanese_english	asdc	service-roleplay	mixed	okikasitadakemdeshouk	docs/language-contract-benchmark/conversations/inputs.tsv	17721	asdc:162	0:6/clause	development; already evaluated
00a8f4e6dc6b560e29e23dbb3c8c6f6f85085742d6d6d4a4f6fcde6eb770ff2b	japanese_english	asdc	service-roleplay	mixed	j	docs/language-contract-benchmark/conversations/inputs.tsv	27526	asdc:158	2:2:0/word	holdout; already evaluated
01504344161c4341ee9177187e93a829104ae5da0a809eeb3f1616daaf0acc82	japanese_english	asdc	service-roleplay	mixed	m	docs/language-contract-benchmark/conversations/inputs.tsv	28579	asdc:041	15:1:8/word	holdout; already evaluated
015d4e419ea9174d1a681cbebf6e767637cc727ec4a62792cdfdd9a3af5c9ca8	japanese_english	asdc	service-roleplay	mixed	wsagashi	docs/language-contract-benchmark/conversations/inputs.tsv	28044	asdc:198	1:5:16/two-token	holdout; already evaluated
01783d9b2f7754633d7d456bf28a346939da8019a7d2f1d0d1b4a8c2cef56d7e	japanese_english	asdc	service-roleplay	mixed	gitadaki	docs/language-contract-benchmark/conversations/inputs.tsv	30285	asdc:176	0:0:2/two-token	holdout; already evaluated
0196b9ed81dccb898b219cc4f5bddc4d39eef184059f77f1286d05a725d659b4	japanese_english	asdc	service-roleplay	mixed	mdemdaijoubud	docs/language-contract-benchmark/conversations/inputs.tsv	28236	asdc:160	7:1/clause	holdout; already evaluated
01bc8fb91a871912da1c55d9337a937c111c87d0087dc75eb3837158fc220691	japanese_english	asdc	service-roleplay	mixed	o	docs/language-contract-benchmark/conversations/inputs.tsv	23151	asdc:082	6:2:9/word	holdout; already evaluated
01cef0f48c4c1e95610ae0d80dc2de87d40b5795c9f15847665217941689bbd0	japanese_english	asdc	service-roleplay	mixed	g	docs/language-contract-benchmark/conversations/inputs.tsv	25456	asdc:057	1:5:5/word	holdout; already evaluated
01dce25ce25dfb26b0dcb09c9e4c59958d227cadcd3b7af7144eab33ecc6e700	japanese_english	asdc	service-roleplay	mixed	k	docs/language-contract-benchmark/conversations/inputs.tsv	25736	asdc:050	13:1:5/word	holdout; already evaluated
0213af8b34d71fea229f8b6bb5852b98d58f8e901e1c7067b221569735dcaed6	japanese_english	asdc	service-roleplay	mixed	t	docs/language-contract-benchmark/conversations/inputs.tsv	23661	asdc:200	1:10:3/word	holdout; already evaluated
02633b1c6a0ccee6d525894c3d73637d9519c24c582d214324091a3429f691de	japanese_english	asdc	service-roleplay	mixed	htaipu	docs/language-contract-benchmark/conversations/inputs.tsv	26292	asdc:089	25:11:0/two-token	holdout; already evaluated
02b020ff07b1b07c7ce5f5bf458de99c65ec2bffdd4cb90622e90ed19141dc2e	japanese_english	asdc	service-roleplay	mixed	n	docs/language-contract-benchmark/conversations/inputs.tsv	27678	asdc:074	19:1:3/word	holdout; already evaluated
02bad6bd612e9bcc7d413c2c8dbbad4e62bfc730878b7bf0002b26f0e0f7f9ec	japanese_english	asdc	service-roleplay	mixed	gyosan	docs/language-contract-benchmark/conversations/inputs.tsv	22298	asdc:127	6:2:0/two-token	holdout; already evaluated
02be40a4626f3e345e524809cf59357b82c5a09e39355da112c9dc696c3fc422	japanese_english	asdc	service-roleplay	mixed	kte	docs/language-contract-benchmark/conversations/inputs.tsv	19116	asdc:132	13:2:9/two-token	development; already evaluated
0051852c37c4ab19bcd3c1423210ceb764987a6c9038a407139cceb429073047	japanese_english	asdc	service-roleplay	neighbor	ye	docs/language-contract-benchmark/conversations/inputs.tsv	17612	asdc:162	0:0:5/word	development; already evaluated
00681a4666721b4f244e14f553afd7d5e0bc0642940c5bef22890302d07cc650	japanese_english	asdc	service-roleplay	neighbor	ja	docs/language-contract-benchmark/conversations/inputs.tsv	18242	asdc:027	25:6:1/word	development; already evaluated
0160b5b9fad4c8cd9f6d5b999517002c355a04195a1ff7c0d8a461c103584be2	japanese_english	asdc	service-roleplay	neighbor	yo	docs/language-contract-benchmark/conversations/inputs.tsv	28925	asdc:062	8:1:6/word	holdout; already evaluated
01955448cb25d485a896e7c9f840b24d70339892d9934b42d7f82de55d22c3cd	japanese_english	asdc	service-roleplay	neighbor	kpdomo	docs/language-contract-benchmark/conversations/inputs.tsv	28893	asdc:062	1:3:2/word	holdout; already evaluated
02023bf5670d5a128021050959f06eff244cd154b0cbd94d16dcba9d62fd19de	japanese_english	asdc	service-roleplay	neighbor	libou	docs/language-contract-benchmark/conversations/inputs.tsv	30096	asdc:187	0:3:3/word	holdout; already evaluated
023c765fbb63772260d0e876935d64c92d6e88202555bcf32d180e7f716162b4	japanese_english	asdc	service-roleplay	neighbor	ptona	docs/language-contract-benchmark/conversations/inputs.tsv	23456	asdc:067	3:0/clause	holdout; already evaluated
029b95964721c06bed5418e897534f8b507d44459d8c2d912c68d23d221e6143	japanese_english	asdc	service-roleplay	neighbor	nehaiitashi	docs/language-contract-benchmark/conversations/inputs.tsv	22453	asdc:119	14:6:2/two-token	holdout; already evaluated
030e54eb1bd03153a7c5b1abaea402ee5555e50ed6110613afba20b4359935d7	japanese_english	asdc	service-roleplay	neighbor	fe	docs/language-contract-benchmark/conversations/inputs.tsv	16320	asdc:136	13:1:11/word	development; already evaluated
0337b5a9142c6a0d16297c22863810688845dc76790a9516f58fc6276e1e5224	japanese_english	asdc	service-roleplay	neighbor	souiuyadonitomaytemitaidesu	docs/language-contract-benchmark/conversations/inputs.tsv	16128	asdc:188	9:1/clause	development; already evaluated
03959d1a3cd0b793213fda3131afb3c4596733c0d4e4962e7df444fd0b46d9c6	japanese_english	asdc	service-roleplay	neighbor	yeru	docs/language-contract-benchmark/conversations/inputs.tsv	30360	asdc:006	13:1:5/word	holdout; already evaluated
0399f8ea2b13ceeb514a98322a508498fa81a27062fc6b389c7a52ba1e78fb38	japanese_english	asdc	service-roleplay	neighbor	mano	docs/language-contract-benchmark/conversations/inputs.tsv	24048	asdc:016	3:3:4/two-token	holdout; already evaluated
039a235abfbb387a8e11205c31c6c4582362605364c63254f485e223b51aa91b	japanese_english	asdc	service-roleplay	neighbor	dagashi	docs/language-contract-benchmark/conversations/inputs.tsv	23512	asdc:191	12:3:11/word	holdout; already evaluated
03c1da101660fd895e62e4723e55bcd74c82ca76d5bd41b0b2ee44f5fd738e99	japanese_english	asdc	service-roleplay	neighbor	ha	docs/language-contract-benchmark/conversations/inputs.tsv	28638	asdc:041	31:18:2/word	holdout; already evaluated
03cc8644cb1b811664c677db4c8b8012c049a80d6e1e19f13cfdcf6a09d3d5dc	japanese_english	asdc	service-roleplay	neighbor	goriyouitadakomashite	docs/language-contract-benchmark/conversations/inputs.tsv	24574	asdc:044	0:1/clause	holdout; already evaluated
03e7981f7ea2a8112cb46263017fe444a6f8686bd6cdf99e175f940252d1ff5d	japanese_english	asdc	service-roleplay	neighbor	hozai	docs/language-contract-benchmark/conversations/inputs.tsv	19685	asdc:154	0:1:3/word	development; already evaluated
03e79a1e2ecef185b6cb43b3dfe2bf63ddd0bdce2dfa35ad2dddcf8cd302d71c	japanese_english	asdc	service-roleplay	neighbor	ma	docs/language-contract-benchmark/conversations/inputs.tsv	21544	asdc:107	25:8/clause	holdout; already evaluated
000672ea434a8e16548e8714139c58944b5d9d9c89e5c55490b0b72b6ac356a4	japanese_english	asdc	service-roleplay	omission	mau	docs/language-contract-benchmark/conversations/inputs.tsv	23871	asdc:031	7:2:12/word	holdout; already evaluated
00088301c22300ffb17989f9ada0fa363647871c2232a5eef90a2f92507806d3	japanese_english	asdc	service-roleplay	omission	esu	docs/language-contract-benchmark/conversations/inputs.tsv	17148	asdc:166	12:0:4/word	development; already evaluated
000b1ed8e1b6e82267e446e8a9e590d2d6fd53f30d622e64fbbe67e7717f27ed	japanese_english	asdc	service-roleplay	omission	kakou	docs/language-contract-benchmark/conversations/inputs.tsv	20322	asdc:115	17:0:0/word	development; already evaluated
007b09934f0d51956d89cc1559862aa91e70f39c6a4d282110bcfe245e138660	japanese_english	asdc	service-roleplay	omission	mahi	docs/language-contract-benchmark/conversations/inputs.tsv	29274	asdc:117	0:0:4/word	holdout; already evaluated
00864323a7d2f6d1eaa4f1e3d18a6bd887aaf3977d35122b803c2032c2cf766f	japanese_english	asdc	service-roleplay	omission	deu	docs/language-contract-benchmark/conversations/inputs.tsv	17571	asdc:162	4:1:8/word	development; already evaluated
00b2d0bad736302e7f592091e091e2db1d4cab6334e48f9b036239f0e1ac939b	japanese_english	asdc	service-roleplay	omission	a	docs/language-contract-benchmark/conversations/inputs.tsv	25927	asdc:208	17:15:1/word	holdout; already evaluated
00b4ae1a2ba2e4690e7b5815ce68aa57e44f7ceb991d70f49813a161492990da	japanese_english	asdc	service-roleplay	omission	ragetsu	docs/language-contract-benchmark/conversations/inputs.tsv	23631	asdc:200	1:1:0/word	holdout; already evaluated
00ee28c10a8baddc0c8d8125f0019a7623aa011d0353d890760d1797af727da3	japanese_english	asdc	service-roleplay	omission	akanou	docs/language-contract-benchmark/conversations/inputs.tsv	25975	asdc:208	17:11:6/two-token	holdout; already evaluated
0133013edd798dec9877012f0dfc6e2612650e7ff03bb37e390894926296d879	japanese_english	asdc	service-roleplay	omission	ai	docs/language-contract-benchmark/conversations/inputs.tsv	16788	asdc:073	0:1:6/word	development; already evaluated
015b86545c94d37d71e159206af2b1dd662c51e137cfe00d10415379ec1b343d	japanese_english	asdc	service-roleplay	omission	ni	docs/language-contract-benchmark/conversations/inputs.tsv	26750	asdc:032	13:1:9/word	holdout; already evaluated
01715dfc7fab4a3f0f8e124a53d29ad2f6ad33397e963a4f85fe668bdc7b6eae	japanese_english	asdc	service-roleplay	omission	ninzuhaotona	docs/language-contract-benchmark/conversations/inputs.tsv	29202	asdc:195	13:1/clause	holdout; already evaluated
01cd6a6490af5413c23fa058ff2817f9a6d142198aeed6334b1000c6858da4b9	japanese_english	asdc	service-roleplay	omission	ou	docs/language-contract-benchmark/conversations/inputs.tsv	23319	asdc:067	4:3:2/word	holdout; already evaluated
01e74a3ca2531e4d94071333a5457b1aee8e1bd4187bb1961070ba288e369a13	japanese_english	asdc	service-roleplay	omission	ouki	docs/language-contract-benchmark/conversations/inputs.tsv	17939	asdc:145	1:0:7/word	development; already evaluated
01e7ee925e3b502f364c92d9fa41c8ca4fb7b9d08998d755289ea32008b7345b	japanese_english	asdc	service-roleplay	omission	shukuakuchi	docs/language-contract-benchmark/conversations/inputs.tsv	29218	asdc:117	15:4:0/word	holdout; already evaluated
01eb8ef2ad8fd003e7833cae71a7d77581b242f91499cd746beb14fad441193f	japanese_english	asdc	service-roleplay	omission	kiou	docs/language-contract-benchmark/conversations/inputs.tsv	21726	asdc:090	18:6:3/word	holdout; already evaluated
022b5c39dda82f0bdd387f0ffabf89e4f629158714c65ae73e41f599dbc86e43	japanese_english	asdc	service-roleplay	omission	onenno	docs/language-contract-benchmark/conversations/inputs.tsv	20881	asdc:170	21:13:1/two-token	holdout; already evaluated
001866f92f89188c12cc0f2335f8cc730b5ff41b941e49d33b53507abc9cb9d7	japanese_english	asdc	service-roleplay	transpose	in	docs/language-contract-benchmark/conversations/inputs.tsv	28612	asdc:041	21:2:1/word	holdout; already evaluated
005edfff94a84e39cc2f99414b11f8c2f809d8cdcf4d992c0918e659518f7e2a	japanese_english	asdc	service-roleplay	transpose	mna	docs/language-contract-benchmark/conversations/inputs.tsv	30166	asdc:176	4:1:0/word	holdout; already evaluated
0087fd4a2604e448daf9c2a5d27beada3d4e0f7f81003c15b9870ca09949e415	japanese_english	asdc	service-roleplay	transpose	ak	docs/language-contract-benchmark/conversations/inputs.tsv	28572	asdc:041	16:2:9/word	holdout; already evaluated
00992a129213591f79a2b4638f7611e8aae6ec49c8a0bc3e18d104859a5fa642	japanese_english	asdc	service-roleplay	transpose	on	docs/language-contract-benchmark/conversations/inputs.tsv	28947	asdc:062	21:0:6/word	holdout; already evaluated
00c10b76fd38f6495d90dcc72b234fc662b80b8c19f6b6cbd683654ea76bf7a1	japanese_english	asdc	service-roleplay	transpose	sih	docs/language-contract-benchmark/conversations/inputs.tsv	26581	asdc:111	8:2:11/word	holdout; already evaluated
00c3da4b5a40b8723dec7c257d814c88bcd1e631b256f6e368756564ab33bc2c	japanese_english	asdc	service-roleplay	transpose	asma	docs/language-contract-benchmark/conversations/inputs.tsv	23390	asdc:067	2:2:1/word	holdout; already evaluated
00f2c2c2604d04adf5071678b4e4f0c89cacd2cfa08854e7768ab7c4ca1030a3	japanese_english	asdc	service-roleplay	transpose	souittayadogaarebaurehsiidesu	docs/language-contract-benchmark/conversations/inputs.tsv	30150	asdc:187	11:2/clause	holdout; already evaluated
010298312ededa5e536c8fb04dbdaeba621d3ac919143bd652008601a5452bba	japanese_english	asdc	service-roleplay	transpose	yadoow	docs/language-contract-benchmark/conversations/inputs.tsv	25321	asdc:096	15:17:7/two-token	holdout; already evaluated
012ddf33450e8d85ebcedf64fab16d819d2d94b6717706b4941efeb7469b58df	japanese_english	asdc	service-roleplay	transpose	shiarbe	docs/language-contract-benchmark/conversations/inputs.tsv	20976	asdc:075	20:1:12/word	holdout; already evaluated
0138c9192eede64a13abbeb6cbf75181b36ed6d2ad6af6d50319a9bca6efe4bc	japanese_english	asdc	service-roleplay	transpose	konotabinogroiyou	docs/language-contract-benchmark/conversations/inputs.tsv	21216	asdc:139	0:0/clause	holdout; already evaluated
013e1815d62696ff088f1bca5d4ca9ff75cd1adacba7997a184c949733327dc6	japanese_english	asdc	service-roleplay	transpose	makotoniarigatoguozaimasu	docs/language-contract-benchmark/conversations/inputs.tsv	18679	asdc:175	0:1/clause	development; already evaluated
016e78d6f830b65ee7e1a6b9a68ee340fa5c6d6e1286af29fcebf69efe1b5b24	japanese_english	asdc	service-roleplay	transpose	deah	docs/language-contract-benchmark/conversations/inputs.tsv	18838	asdc:125	18:0/clause	development; already evaluated
019951f483addd3e79d8c4ff8f77c6b2ff334a5432b1ee86efa3b3f4240bb9b1	japanese_english	asdc	service-roleplay	transpose	shiat	docs/language-contract-benchmark/conversations/inputs.tsv	15750	asdc:163	9:2:8/two-token	development; already evaluated
01c897debbaca32b14db820c523c44655636bbc252e2232327506ec1ba90a65b	japanese_english	asdc	service-roleplay	transpose	ihkara	docs/language-contract-benchmark/conversations/inputs.tsv	15798	asdc:163	3:1/clause	development; already evaluated
01d648d49ea4127eba9fb3246f218130a7608788a40dfb5d548de76d1d681df3	japanese_english	asdc	service-roleplay	transpose	anrimasu	docs/language-contract-benchmark/conversations/inputs.tsv	18782	asdc:125	10:5:6/two-token	development; already evaluated
0206f6d5022984aa1e6d1f4ee42103451df4178f2de8df8b012e12fa309b3751	japanese_english	asdc	service-roleplay	transpose	yoroshiukonegaiitashimasu	docs/language-contract-benchmark/conversations/inputs.tsv	27266	asdc:012	16:3/clause	holdout; already evaluated
0001b58098f9607490a4e0f66af86e0efdf63bcbaa09d1e9da8129ff7d079f19	japanese_english	real-persona-chat	casual-conversation	full	ka	docs/language-contract-benchmark/conversations/inputs.tsv	4018	real-persona-chat:13547	26:0:4/word	development; already evaluated
00218898142ce3a56fbe4eef72b903c51176f6f444b068d1003ed88630f7d276	japanese_english	real-persona-chat	casual-conversation	full	hisashii	docs/language-contract-benchmark/conversations/inputs.tsv	2764	real-persona-chat:04644	28:1:6/word	development; already evaluated
0058655f1aa901f7d335edb9352af2515b905dea422150363fca86eb861df1f3	japanese_english	real-persona-chat	casual-conversation	full	iyoiyo	docs/language-contract-benchmark/conversations/inputs.tsv	7103	real-persona-chat:09064	26:2:0/word	holdout; already evaluated
0065da6dfe20fabfde3c0b8357355ec5ab35bdfc1aa7c77982c1491217c0b1a9	japanese_english	real-persona-chat	casual-conversation	full	desune	docs/language-contract-benchmark/conversations/inputs.tsv	9999	real-persona-chat:11587	19:0:1/two-token	holdout; already evaluated
0080ed63702c9170560ff3d108f834889edbd9e846f404e0ed6ad0d1eb896627	japanese_english	real-persona-chat	casual-conversation	full	no	docs/language-contract-benchmark/conversations/inputs.tsv	8207	real-persona-chat:06858	17:1:1/word	holdout; already evaluated
00b0fb0e983cc94f42d8fb37f5fc68db512f0984568c609abf1b352c716b1162	japanese_english	real-persona-chat	casual-conversation	full	hitodatohimajanaidesuka	docs/language-contract-benchmark/conversations/inputs.tsv	11973	real-persona-chat:01289	11:0/clause	holdout; already evaluated
00d292ee5e1bd59449c2ac656ff2b2679ebb6f37f90f6d1d65704c8c81e9db2c	japanese_english	real-persona-chat	casual-conversation	full	mo	docs/language-contract-benchmark/conversations/inputs.tsv	4193	real-persona-chat:06716	22:0:4/word	development; already evaluated
00e2115e5ae5767b5144c944ee0b869ffcc2dba9a6f9d09a727f249f02cfc657	japanese_english	real-persona-chat	casual-conversation	full	tachifue	docs/language-contract-benchmark/conversations/inputs.tsv	2828	real-persona-chat:04644	28:0:4/two-token	development; already evaluated
0170d1cd3f3355a5a32913eb83023a7af3b0200f004017cfd76166dfe05d9ef0	japanese_english	real-persona-chat	casual-conversation	full	oe	docs/language-contract-benchmark/conversations/inputs.tsv	1301	real-persona-chat:12180	26:1:2/word	development; already evaluated
0172ac2c9b007d69fd95f18a4f6fa755a1816733c4cea90ec35b14399bad9de5	japanese_english	real-persona-chat	casual-conversation	full	toka	docs/language-contract-benchmark/conversations/inputs.tsv	10975	real-persona-chat:01018	29:0:1/two-token	holdout; already evaluated
017ec14018e8f9f0860cdd7feb3f38bc40c759e92a6e9d888936ba978dc6d349	japanese_english	real-persona-chat	casual-conversation	full	monecchuushou	docs/language-contract-benchmark/conversations/inputs.tsv	4742	real-persona-chat:07906	8:0:6/two-token	development; already evaluated
01940b8535aafd40bc42541584ca75d2a0550dd2f0fcb4432c64e45626886192	japanese_english	real-persona-chat	casual-conversation	full	okosangairundesune	docs/language-contract-benchmark/conversations/inputs.tsv	14023	real-persona-chat:12974	12:0/clause	holdout; already evaluated
019427d5bbe2be870d8242fabef254737bb440585cf400caf5154f4f801338ab	japanese_english	real-persona-chat	casual-conversation	full	kyouhadokokaodekakeshimashitaka	docs/language-contract-benchmark/conversations/inputs.tsv	2364	real-persona-chat:01550	2:0/clause	development; already evaluated
01bcba027fa22262753d201208742b939904823264743943218efa6a17ca29ae	japanese_english	real-persona-chat	casual-conversation	full	hakamawomotteitanodesuga	docs/language-contract-benchmark/conversations/inputs.tsv	4464	real-persona-chat:03809	17:1/clause	development; already evaluated
029a16870ce7382b271d17398733f2012b81e11f0c51e83568ae92e7ae5e65c7	japanese_english	real-persona-chat	casual-conversation	full	deyoku	docs/language-contract-benchmark/conversations/inputs.tsv	735	real-persona-chat:03814	12:0:8/two-token	development; already evaluated
029ba9fe93b48f09f123df5866fa01dff2ffbf7a0fce2edbbb956d03ae8c5764	japanese_english	real-persona-chat	casual-conversation	full	ga	docs/language-contract-benchmark/conversations/inputs.tsv	4345	real-persona-chat:03809	1:1:12/word	development; already evaluated
0021cecf4b4b933d2ceedd239742749a15285ddb01131dfa7900c53e3577e6c1	japanese_english	real-persona-chat	casual-conversation	half	saikou	docs/language-contract-benchmark/conversations/inputs.tsv	9728	real-persona-chat:03176	9:0/clause	holdout; already evaluated
004181f6091349346e46eda5482e6f446bb23d77b96c535f19142d203fc3b0c8	japanese_english	real-persona-chat	casual-conversation	half	m	docs/language-contract-benchmark/conversations/inputs.tsv	1334	real-persona-chat:12180	26:1:1/word	development; already evaluated
0067845dd9af0cd056cbe3df3e8705fc13c216439b259132d82d6473ec317df9	japanese_english	real-persona-chat	casual-conversation	half	subar	docs/language-contract-benchmark/conversations/inputs.tsv	8176	real-persona-chat:06858	5:0:0/word	holdout; already evaluated
00752aa5a1f75feb549a6561c23310cfe3a50543b137d9ea2e343e018374cc96	japanese_english	real-persona-chat	casual-conversation	half	w	docs/language-contract-benchmark/conversations/inputs.tsv	1158	real-persona-chat:01258	3:1:5/word	development; already evaluated
00a6ac19d94412c7edb184e16ebdd30bb0fa6493b3cd775e7021ed07528a4499	japanese_english	real-persona-chat	casual-conversation	half	ham	docs/language-contract-benchmark/conversations/inputs.tsv	12238	real-persona-chat:04289	2:0:1/two-token	holdout; already evaluated
00abb87e6129b0bb428ac72a963170debc47291b88819dc88ac2e15f73b4878e	japanese_english	real-persona-chat	casual-conversation	half	chih	docs/language-contract-benchmark/conversations/inputs.tsv	5214	real-persona-chat:09643	9:1:0/two-token	holdout; already evaluated
00f90daee3fb97d733750d749d52f34af0e0db44a38d60384f39a87f3fc59f94	japanese_english	real-persona-chat	casual-conversation	half	osoros	docs/language-contract-benchmark/conversations/inputs.tsv	4767	real-persona-chat:07906	25:1/clause	development; already evaluated
010c97ae90bb879355cc882d0b66571c75d3a27080b04ce2ea563f2b444ee198	japanese_english	real-persona-chat	casual-conversation	half	moshik	docs/language-contract-benchmark/conversations/inputs.tsv	952	real-persona-chat:13383	15:0/clause	development; already evaluated
0126c6b6975437892c52d1f0330a433b628fd64de3fee083ae31d36a53c8dec6	japanese_english	real-persona-chat	casual-conversation	half	hair	docs/language-contract-benchmark/conversations/inputs.tsv	10968	real-persona-chat:01018	29:0:3/two-token	holdout; already evaluated
01394ae7c535259ae7b9d50d1874779cedea9e323adc3855f55fdf37179fa81f	japanese_english	real-persona-chat	casual-conversation	half	n	docs/language-contract-benchmark/conversations/inputs.tsv	3412	real-persona-chat:10362	27:0:6/word	development; already evaluated
014a846c4d35ceceb97dff3628230eee3d8a4383637521ad5d43499ba39955c4	japanese_english	real-persona-chat	casual-conversation	half	dek	docs/language-contract-benchmark/conversations/inputs.tsv	13050	real-persona-chat:07168	24:0:6/two-token	holdout; already evaluated
014aeed303ac3725687067820ca974d88225b472d5dd9527d58f3df1274327c5	japanese_english	real-persona-chat	casual-conversation	half	kaim	docs/language-contract-benchmark/conversations/inputs.tsv	4735	real-persona-chat:07906	12:2:0/two-token	development; already evaluated
015373063b5046dbe6592c56e1c6e37fdb002f2eb5b6fef3db6d0d03c2f125af	japanese_english	real-persona-chat	casual-conversation	half	dakaragyak	docs/language-contract-benchmark/conversations/inputs.tsv	12756	real-persona-chat:05465	20:0/clause	holdout; already evaluated
0158299c680957bbdf6adf14481be57d21b3f0fb7e7c5c74df13f0481e7052e0	japanese_english	real-persona-chat	casual-conversation	half	mi	docs/language-contract-benchmark/conversations/inputs.tsv	2805	real-persona-chat:04644	27:1:8/word	development; already evaluated
0158c1d2e05631900b9052feb9d95ef8b49265b6b8c1e167682a0f8e53e73f28	japanese_english	real-persona-chat	casual-conversation	half	chuukarakur	docs/language-contract-benchmark/conversations/inputs.tsv	11495	real-persona-chat:07152	5:1/clause	holdout; already evaluated
0180f1a27d51a3d78f359576f43002cc7879642356fa0b395239d68fc1fe8915	japanese_english	real-persona-chat	casual-conversation	half	konni	docs/language-contract-benchmark/conversations/inputs.tsv	12907	real-persona-chat:02262	0:0/clause	holdout; already evaluated
004ee2dc07d28ed24acb3cae858fef305fd6562328f0411934cdcc8d8d0121e1	japanese_english	real-persona-chat	casual-conversation	initials	s	docs/language-contract-benchmark/conversations/inputs.tsv	8282	real-persona-chat:06858	18:0/clause	holdout; already evaluated
006c521ab968fffdc75f0e8d65ba53d2da44b1e06714eac72753ba9d98882bc5	japanese_english	real-persona-chat	casual-conversation	initials	g	docs/language-contract-benchmark/conversations/inputs.tsv	6286	real-persona-chat:00856	13:0:3/word	holdout; already evaluated
00f97b272bf12bdffb699788051a8629c852373624a53f8e995f1b29ea27c212	japanese_english	real-persona-chat	casual-conversation	initials	n	docs/language-contract-benchmark/conversations/inputs.tsv	10354	real-persona-chat:11290	25:0/clause	holdout; already evaluated
011cc68b5be23b720b058604644f42015b8633526e9341ce2165acbe463d27c5	japanese_english	real-persona-chat	casual-conversation	initials	th	docs/language-contract-benchmark/conversations/inputs.tsv	922	real-persona-chat:13383	10:0:9/two-token	development; already evaluated
011ff3cf94a54f97e8e28622ac4f8465a608cf0c0c71631b80a32f3b9fd53d60	japanese_english	real-persona-chat	casual-conversation	initials	dgdf	docs/language-contract-benchmark/conversations/inputs.tsv	1895	real-persona-chat:05683	25:2/clause	development; already evaluated
0126f0f247e1fa89ed7b236b283d3a01632f06d5208e53b12fccc834065f96d3	japanese_english	real-persona-chat	casual-conversation	initials	k	docs/language-contract-benchmark/conversations/inputs.tsv	13746	real-persona-chat:11491	9:0:2/word	holdout; already evaluated
013d76ec6525accf337c527c41b0e117f2c8a1523d0f8273515463d05537a7f5	japanese_english	real-persona-chat	casual-conversation	initials	an	docs/language-contract-benchmark/conversations/inputs.tsv	6015	real-persona-chat:06199	19:0:8/two-token	holdout; already evaluated
02093aaf512a6931f0d51a3cf1d5a97134ee93f26825d0711648a289c772d4e5	japanese_english	real-persona-chat	casual-conversation	initials	o	docs/language-contract-benchmark/conversations/inputs.tsv	14122	real-persona-chat:02099	14:0:1/word	holdout; already evaluated
02418e376f7d4025c185af6038191aa492b8067276888ad0895664581c5076b3	japanese_english	real-persona-chat	casual-conversation	initials	t	docs/language-contract-benchmark/conversations/inputs.tsv	5488	real-persona-chat:00409	23:1:2/word	holdout; already evaluated
02561c168628e7f2cd65da69d2f8879366ba4de4e04b44efabb9bde04c780d21	japanese_english	real-persona-chat	casual-conversation	initials	ogindn	docs/language-contract-benchmark/conversations/inputs.tsv	14026	real-persona-chat:12974	12:0/clause	holdout; already evaluated
025a7948d1dfa85e66bd440f43461efd3a463342095bbcbcd2b55f6c30d42a78	japanese_english	real-persona-chat	casual-conversation	initials	am	docs/language-contract-benchmark/conversations/inputs.tsv	7602	real-persona-chat:09237	11:2:3/two-token	holdout; already evaluated
02a79104b00d8003774d8e352a4747df2e200d47d68a5b433e7664565dc5f465	japanese_english	real-persona-chat	casual-conversation	initials	dt	docs/language-contract-benchmark/conversations/inputs.tsv	1879	real-persona-chat:05683	24:0:9/two-token	development; already evaluated
02aa8163c28c3b386331ab86129577de0a24174e46f342140484e1a9efabbb54	japanese_english	real-persona-chat	casual-conversation	initials	stmm	docs/language-contract-benchmark/conversations/inputs.tsv	8930	real-persona-chat:08193	24:0/clause	holdout; already evaluated
02fc5c88c61a393f97caeda65d3d2b4e647dc8dcc96337ff56ef59e78da058b3	japanese_english	real-persona-chat	casual-conversation	initials	hnoamk	docs/language-contract-benchmark/conversations/inputs.tsv	5728	real-persona-chat:06198	27:0/clause	holdout; already evaluated
02ff3c7f0a25c454d70627e0153cc923b343548f5cab204c0c77b160b901b9c3	japanese_english	real-persona-chat	casual-conversation	initials	m	docs/language-contract-benchmark/conversations/inputs.tsv	4380	real-persona-chat:03809	13:1:4/word	development; already evaluated
033b99df100e4f06f98f1405a5a28c0f47915c1d235ab02f49da502998bbf027	japanese_english	real-persona-chat	casual-conversation	initials	ja	docs/language-contract-benchmark/conversations/inputs.tsv	6820	real-persona-chat:03450	9:0:0/two-token	holdout; already evaluated
00cfd03624491a32adb5d01defb1a9775333dc4545cd2aa77425aa54a8ed21ca	japanese_english	real-persona-chat	casual-conversation	mixed	nkasmasen	docs/language-contract-benchmark/conversations/inputs.tsv	14665	real-persona-chat:13037	24:1/clause	holdout; already evaluated
00e0ec50239a6484e9c61e194f7d5bf109e377f32d5c3ace8e94804a4f90be4e	japanese_english	real-persona-chat	casual-conversation	mixed	d	docs/language-contract-benchmark/conversations/inputs.tsv	9659	real-persona-chat:03176	10:1:5/word	holdout; already evaluated
016396eb8983d59c46a3636bc8c3c3262650fa4b442409251d4900ae8357c9cf	japanese_english	real-persona-chat	casual-conversation	mixed	f	docs/language-contract-benchmark/conversations/inputs.tsv	7195	real-persona-chat:01966	9:0:2/word	holdout; already evaluated
01d4d9b526392a6126c49e130e62cdd397be26d51f2776556cb54c1a5b53824c	japanese_english	real-persona-chat	casual-conversation	mixed	k	docs/language-contract-benchmark/conversations/inputs.tsv	12815	real-persona-chat:02262	10:1:8/word	holdout; already evaluated
01ea6d43eb9fc1882923f47382c575d049b4855ece2e76f56b2787a7442fc516	japanese_english	real-persona-chat	casual-conversation	mixed	a	docs/language-contract-benchmark/conversations/inputs.tsv	11889	real-persona-chat:01289	8:1:2/word	holdout; already evaluated
021c57e171073507b7b234b4b775aea9b58c54a0abe7bf75673cb63ac09bfc1a	japanese_english	real-persona-chat	casual-conversation	mixed	o	docs/language-contract-benchmark/conversations/inputs.tsv	8371	real-persona-chat:01138	19:1:2/word	holdout; already evaluated
02342e73d2dc913b9fa50b92aa9e172d089892bc755469dda106073e8181077c	japanese_english	real-persona-chat	casual-conversation	mixed	nyuukyuu	docs/language-contract-benchmark/conversations/inputs.tsv	3631	real-persona-chat:07944	9:1:0/two-token	development; already evaluated
026e89d075ff6d3731bbba415a3f2e0e61544a5dd91dbdba9b0747048bf24d1f	japanese_english	real-persona-chat	casual-conversation	mixed	m	docs/language-contract-benchmark/conversations/inputs.tsv	6885	real-persona-chat:02521	4:0:1/word	holdout; already evaluated
028e75171b7f3defbd0307f2da2646f7108d9e8ae3ab1955189f5cae4922f121	japanese_english	real-persona-chat	casual-conversation	mixed	s	docs/language-contract-benchmark/conversations/inputs.tsv	12535	real-persona-chat:01043	15:1:0/word	holdout; already evaluated
029a9df876173dd1f24fd9f4dbb55667439eac77620b95529ed6b6a701dd2930	japanese_english	real-persona-chat	casual-conversation	mixed	t	docs/language-contract-benchmark/conversations/inputs.tsv	11745	real-persona-chat:08709	12:1:5/word	holdout; already evaluated
02a6f8d5a0d4cc80a00cd32324df9f92c2d4bb6ab8535bf319e82ac1b5c3d475	japanese_english	real-persona-chat	casual-conversation	mixed	nnaru	docs/language-contract-benchmark/conversations/inputs.tsv	5705	real-persona-chat:06198	20:1:4/two-token	holdout; already evaluated
035820a241653c1aed6c5fd9945335fd71faef084100fb82ec7780901af4fa3f	japanese_english	real-persona-chat	casual-conversation	mixed	ama	docs/language-contract-benchmark/conversations/inputs.tsv	475	real-persona-chat:05135	24:0/clause	development; already evaluated
0364f3a0767b06acac415ae34dcccb191630d34adca651673e5d68689a8496c8	japanese_english	real-persona-chat	casual-conversation	mixed	x	docs/language-contract-benchmark/conversations/inputs.tsv	9323	real-persona-chat:09265	4:2:1/word	holdout; already evaluated
037c909d625344ca06c572819842e68dde5dcd78d8932393d0e25cf1fed26fca	japanese_english	real-persona-chat	casual-conversation	mixed	kuremyo	docs/language-contract-benchmark/conversations/inputs.tsv	15008	real-persona-chat:00841	7:0/clause	holdout; already evaluated
03afd57528d3d1ed87f75c80b1c89a2c3d849a56fe76d0bb39755b9be9f3c39d	japanese_english	real-persona-chat	casual-conversation	mixed	y	docs/language-contract-benchmark/conversations/inputs.tsv	1840	real-persona-chat:05683	5:0:7/word	development; already evaluated
03bcd96b7464fb634f485cf72833ed3601adeebb94cfc556adf182b8b1cf59e6	japanese_english	real-persona-chat	casual-conversation	mixed	bpakkudmasen	docs/language-contract-benchmark/conversations/inputs.tsv	947	real-persona-chat:13383	13:1/clause	development; already evaluated
00001d615598f9daa0e638877370bb29fe50029fec1e750485bc4f78ca1897d1	japanese_english	real-persona-chat	casual-conversation	neighbor	yanoshimidesu	docs/language-contract-benchmark/conversations/inputs.tsv	10542	real-persona-chat:06838	28:2/clause	holdout; already evaluated
0016301e9333bdc6e6cab884af241587e3cac8e0fdafa7cd93a13c39e50f4779	japanese_english	real-persona-chat	casual-conversation	neighbor	rongujanainodesuga	docs/language-contract-benchmark/conversations/inputs.tsv	3035	real-persona-chat:02376	21:0/clause	development; already evaluated
0045a9a12b40d06a32e13ff06202045f8c271314715b78fcd73cd71c0b844091	japanese_english	real-persona-chat	casual-conversation	neighbor	fesuyo	docs/language-contract-benchmark/conversations/inputs.tsv	7142	real-persona-chat:09064	14:1:4/two-token	holdout; already evaluated
004bc45c2ac54c025ab461ef8e5591a5239b98ae0e6e567a60cfb009565b29d6	japanese_english	real-persona-chat	casual-conversation	neighbor	yo	docs/language-contract-benchmark/conversations/inputs.tsv	14708	real-persona-chat:11900	20:1:2/word	holdout; already evaluated
008d302e78590918a4a41b48959deb838889b2c1da36bcf15b78555210fa2e21	japanese_english	real-persona-chat	casual-conversation	neighbor	me	docs/language-contract-benchmark/conversations/inputs.tsv	4176	real-persona-chat:06716	12:0:12/word	development; already evaluated
008e3a5ff648cac84f074ca4d96afb3ccbb0433345298553ceaefff2b7d7be74	japanese_english	real-persona-chat	casual-conversation	neighbor	fuuuno	docs/language-contract-benchmark/conversations/inputs.tsv	8262	real-persona-chat:06858	27:1:2/two-token	holdout; already evaluated
00a6ed48df2bc4ceb16c4e06a3b8b12c84af18d76669c01da8e856bf6d0e6227	japanese_english	real-persona-chat	casual-conversation	neighbor	boudaisetto	docs/language-contract-benchmark/conversations/inputs.tsv	1228	real-persona-chat:01258	4:0:0/two-token	development; already evaluated
00c64e46b0a59a776ac21682ce7f1a6328158c3d3f977cd4d5cad67d08172993	japanese_english	real-persona-chat	casual-conversation	neighbor	kuttdui	docs/language-contract-benchmark/conversations/inputs.tsv	2251	real-persona-chat:01550	14:1:3/word	development; already evaluated
0141ce68fb65aabe804fa684642a090d89ae907a3bbf9edb794f459cb2629789	japanese_english	real-persona-chat	casual-conversation	neighbor	ha	docs/language-contract-benchmark/conversations/inputs.tsv	8486	real-persona-chat:07038	6:2:1/word	holdout; already evaluated
015b5816f2e926377fbe36cc6b67b363ab2f6119df01321c6e63699887a0de6c	japanese_english	real-persona-chat	casual-conversation	neighbor	ye	docs/language-contract-benchmark/conversations/inputs.tsv	14908	real-persona-chat:00841	23:0:6/word	holdout; already evaluated
01c66cb409346ece14b90a61d50a6be6ad6677485c54570461e319b9a5516c5b	japanese_english	real-persona-chat	casual-conversation	neighbor	shimpai	docs/language-contract-benchmark/conversations/inputs.tsv	3434	real-persona-chat:10362	28:1:6/word	development; already evaluated
01f2225bae916ba58dd0fc8f15778422d614c24c8e8d6a877f7cae34f93c4dae	japanese_english	real-persona-chat	casual-conversation	neighbor	yeha	docs/language-contract-benchmark/conversations/inputs.tsv	9710	real-persona-chat:03176	24:1:6/two-token	holdout; already evaluated
02026dc8148962e0c25bbbf92efbbab595ce7472035faa901554555aa41bec65	japanese_english	real-persona-chat	casual-conversation	neighbor	ya	docs/language-contract-benchmark/conversations/inputs.tsv	2475	real-persona-chat:04547	11:2:4/word	development; already evaluated
025bcb528102d3d4f4446b4af8570c4779d61b73ddd129205f2968f6632dd26a	japanese_english	real-persona-chat	casual-conversation	neighbor	hanada	docs/language-contract-benchmark/conversations/inputs.tsv	10238	real-persona-chat:11290	7:0:5/word	holdout; already evaluated
026a74b04a49b089673656c3c282d750850db4746fdd54e82a2dca14362b409b	japanese_english	real-persona-chat	casual-conversation	neighbor	fe	docs/language-contract-benchmark/conversations/inputs.tsv	8230	real-persona-chat:06858	26:0:8/word	holdout; already evaluated
032d51563d3983a66546726188a83b22cc024cf0fd7648d9a7a69b667db4566a	japanese_english	real-persona-chat	casual-conversation	neighbor	mari	docs/language-contract-benchmark/conversations/inputs.tsv	13144	real-persona-chat:10594	4:1:4/word	holdout; already evaluated
000220ad45028a5289a96ed5200a8639c7d7e04b018dc07027f0d687228a447c	japanese_english	real-persona-chat	casual-conversation	omission	hoto	docs/language-contract-benchmark/conversations/inputs.tsv	6432	real-persona-chat:04130	26:0:0/word	holdout; already evaluated
001c3bba34d94350cdc2946f47716f90e55a34617dcb885dd618821d764b51dc	japanese_english	real-persona-chat	casual-conversation	omission	desne	docs/language-contract-benchmark/conversations/inputs.tsv	6201	real-persona-chat:13161	4:0/clause	holdout; already evaluated
00202d68ebf64a1f24dd8abc171a68210930c1ea344cbe2ec7dfc43215b795be	japanese_english	real-persona-chat	casual-conversation	omission	a	docs/language-contract-benchmark/conversations/inputs.tsv	10269	real-persona-chat:11290	15:2:1/word	holdout; already evaluated
00559e212d487d3d3bdde89500035ab75f1b8315c6f13ca5427d171da9c176fd	japanese_english	real-persona-chat	casual-conversation	omission	soudeune	docs/language-contract-benchmark/conversations/inputs.tsv	14515	real-persona-chat:10272	29:0/clause	holdout; already evaluated
006143914c5251371c6da8f476b00300b8b61dff95bf5bb6456cd69fbccac97d	japanese_english	real-persona-chat	casual-conversation	omission	re	docs/language-contract-benchmark/conversations/inputs.tsv	6568	real-persona-chat:08912	11:1:3/word	holdout; already evaluated
0070d456f28596f6647867be7a81017990de515babcd40ce04a5578cb8fa9e8c	japanese_english	real-persona-chat	casual-conversation	omission	eiden	docs/language-contract-benchmark/conversations/inputs.tsv	6098	real-persona-chat:13161	18:1:1/word	holdout; already evaluated
0071ff33762a7616add163417da47856c0911030e7a2dd7f25978168e4d8e41f	japanese_english	real-persona-chat	casual-conversation	omission	o	docs/language-contract-benchmark/conversations/inputs.tsv	11995	real-persona-chat:13743	20:0:5/word	holdout; already evaluated
00ed4956fbc8c8dd02731f89507d6c64254a1bdc4fdeddc556fae9b5ae33b6ab	japanese_english	real-persona-chat	casual-conversation	omission	aa	docs/language-contract-benchmark/conversations/inputs.tsv	4016	real-persona-chat:13547	27:2:3/word	development; already evaluated
01263aa299171f40c125efe0287b8e595f234c4c1384b313859385369c98d782	japanese_english	real-persona-chat	casual-conversation	omission	ztto	docs/language-contract-benchmark/conversations/inputs.tsv	6440	real-persona-chat:04130	11:0:2/word	holdout; already evaluated
01426d0f0730076b5690355736022a4f5ead0c66c5f31f84027c67ee83c0bb6b	japanese_english	real-persona-chat	casual-conversation	omission	oshi	docs/language-contract-benchmark/conversations/inputs.tsv	10021	real-persona-chat:11587	26:0:3/two-token	holdout; already evaluated
01aa186e732dc527404caa2b5eb89ec809014a9050697c671c1e7d22b577326a	japanese_english	real-persona-chat	casual-conversation	omission	uenkogako	docs/language-contract-benchmark/conversations/inputs.tsv	13095	real-persona-chat:07168	19:0/clause	holdout; already evaluated
01fe20f20bc81de52d61f7da26c9e0cac0c4c3015ce2b2328eb4f562f6c5bd49	japanese_english	real-persona-chat	casual-conversation	omission	esu	docs/language-contract-benchmark/conversations/inputs.tsv	11428	real-persona-chat:07152	29:0:1/word	holdout; already evaluated
025394de88ff0b4636bb12f0c59398a5adf5e35d121b406ce6dbd8b76075b9b0	japanese_english	real-persona-chat	casual-conversation	omission	mau	docs/language-contract-benchmark/conversations/inputs.tsv	11851	real-persona-chat:01289	28:1:3/word	holdout; already evaluated
02aad0f984c6c90d6df34d862e3aa82efa9bda5d8143c64ad2e96308b8058b93	japanese_english	real-persona-chat	casual-conversation	omission	anatahaaimasu	docs/language-contract-benchmark/conversations/inputs.tsv	6863	real-persona-chat:03450	27:1/clause	holdout; already evaluated
02e777bf634278c0f8cf86e7ca95a935903c5a0ce6ad2995d81b1c62cb24e9f7	japanese_english	real-persona-chat	casual-conversation	omission	kanen	docs/language-contract-benchmark/conversations/inputs.tsv	10085	real-persona-chat:00451	25:1:9/word	holdout; already evaluated
032ba7b42a70385f7ee49f2a89c4c6a828fd53af292a2329d7417d654e797c1c	japanese_english	real-persona-chat	casual-conversation	omission	e	docs/language-contract-benchmark/conversations/inputs.tsv	2130	real-persona-chat:09921	4:1:2/word	development; already evaluated
0084f562c32b1e5c9d66cac5a6a033d9e716b79bf7debf1bf92e9f87265be839	japanese_english	real-persona-chat	casual-conversation	transpose	ot	docs/language-contract-benchmark/conversations/inputs.tsv	13628	real-persona-chat:12950	12:1:2/word	holdout; already evaluated
00c733219fcc114ae26643ea5e9b3908e14b6f9a5ebce683987a823654717572	japanese_english	real-persona-chat	casual-conversation	transpose	chotot	docs/language-contract-benchmark/conversations/inputs.tsv	2401	real-persona-chat:04547	3:1:2/word	development; already evaluated
0119824cbe3d6243dd48cbb7ea863ed5e9b39a916b9837fe519c787c685b0913	japanese_english	real-persona-chat	casual-conversation	transpose	er	docs/language-contract-benchmark/conversations/inputs.tsv	8548	real-persona-chat:07038	10:1:1/word	holdout; already evaluated
015500c3d51dba99b7b7b5dd0966f8fc5ca41bc6a08e80f35a534b3df79b1fc7	japanese_english	real-persona-chat	casual-conversation	transpose	inkun	docs/language-contract-benchmark/conversations/inputs.tsv	12098	real-persona-chat:13743	22:0:7/two-token	holdout; already evaluated
0161c21f227dd1465bf88c8a7f42d3673ec9021f740a05f8e7d2d6952049dafe	japanese_english	real-persona-chat	casual-conversation	transpose	sounadnesune	docs/language-contract-benchmark/conversations/inputs.tsv	13230	real-persona-chat:10594	15:0/clause	holdout; already evaluated
0164f94cc32d7f032944064d83cb8e5abb508ec36158562d2601b88e03842f9e	japanese_english	real-persona-chat	casual-conversation	transpose	hissu	docs/language-contract-benchmark/conversations/inputs.tsv	11419	real-persona-chat:07152	22:0:6/word	holdout; already evaluated
01a82d2226c31dfe667f32a465fb43b1fa563074c824949e20f7b1d3297b54ed	japanese_english	real-persona-chat	casual-conversation	transpose	amsu	docs/language-contract-benchmark/conversations/inputs.tsv	13764	real-persona-chat:11491	10:1:12/word	holdout; already evaluated
01cde4765919fee89ce51a89f9009d5bffd18cc220d529879987f27169da255d	japanese_english	real-persona-chat	casual-conversation	transpose	osu	docs/language-contract-benchmark/conversations/inputs.tsv	2297	real-persona-chat:01550	16:1:0/word	development; already evaluated
01d7ba6aa296c05e6c43ef4decf1b5284340d990731aa61967d70225d1f2daec	japanese_english	real-persona-chat	casual-conversation	transpose	ononagetekitrai	docs/language-contract-benchmark/conversations/inputs.tsv	9244	real-persona-chat:08260	11:2/clause	holdout; already evaluated
01d85a7a168a7449e424790548c157c7adbbb1d35ba4c4bd99fd075eed176798	japanese_english	real-persona-chat	casual-conversation	transpose	ah	docs/language-contract-benchmark/conversations/inputs.tsv	14227	real-persona-chat:05156	14:2:1/word	holdout; already evaluated
01edea9e3439920882e994bff62f905f025ed0a0e7f95e2263f5bba8f17f8228	japanese_english	real-persona-chat	casual-conversation	transpose	n	docs/language-contract-benchmark/conversations/inputs.tsv	4971	real-persona-chat:02727	21:0:2/word	development; already evaluated
0203d8482e8d388d297669d82fdb839c5d03b818943083b6c062cec8df4b893f	japanese_english	real-persona-chat	casual-conversation	transpose	amse	docs/language-contract-benchmark/conversations/inputs.tsv	10300	real-persona-chat:11290	22:0:4/word	holdout; already evaluated
021748848768846c45d98f3e2772587e5d43f553f47b4ccb06a70a4dc9664f5c	japanese_english	real-persona-chat	casual-conversation	transpose	ed	docs/language-contract-benchmark/conversations/inputs.tsv	9652	real-persona-chat:03176	22:0:4/word	holdout; already evaluated
028b8ffc444da40dde6de68cffb41f2cb882ecf83c521b44b44074884b521f4d	japanese_english	real-persona-chat	casual-conversation	transpose	htio	docs/language-contract-benchmark/conversations/inputs.tsv	5002	real-persona-chat:02727	20:3:0/word	development; already evaluated
02bee47a4eed4a30a8aefd8edfaaeac4abd5303ea3b85148c689c9124f351738	japanese_english	real-persona-chat	casual-conversation	transpose	chottsohirabe	docs/language-contract-benchmark/conversations/inputs.tsv	9844	real-persona-chat:08498	28:0:1/two-token	holdout; already evaluated
02d462d5e58af4c5b542513e92af0d661a9f157afb55897a6eb7517598967625	japanese_english	real-persona-chat	casual-conversation	transpose	uikuki	docs/language-contract-benchmark/conversations/inputs.tsv	8076	real-persona-chat:10050	19:2:8/word	holdout; already evaluated
004f6b41bd65ceaa9e3db6fdbd763dfc818e54b98311d80052b32d33bb3dd459	taiwanese_english	suisiann-thousand	authored-situational-examples	full	lin	docs/language-contract-benchmark/conversations/inputs.tsv	42002	kong_po/服務台_hanlo.txt	4:0:1/word	holdout; already evaluated
0053ee87a3b4b1c9ed1c5dbfe2d7e318b28fac18fddcde61079aa0867f26ff18	taiwanese_english	suisiann-thousand	authored-situational-examples	full	kengjiantuilauboetengpoahloh	docs/language-contract-benchmark/conversations/inputs.tsv	39197	ki-thann其他/han_lo漢羅/動詞輕聲詞_hanlo.txt	202:1/clause	holdout; already evaluated
00726a5f1fbc8304e2f19fd262707861ca2d788d47fc3774db07cc01d3a68bf5	taiwanese_english	suisiann-thousand	authored-situational-examples	full	koo	docs/language-contract-benchmark/conversations/inputs.tsv	45385	ki-thann其他/han_lo漢羅/khang-sû-luī空詞類_hanlo.txt	22:0:4/word	holdout; already evaluated
00b2715333f37b7993a5f81978680b84e0b6f08eb26c611f254a6377b9f145e0	taiwanese_english	suisiann-thousand	authored-situational-examples	full	ho	docs/language-contract-benchmark/conversations/inputs.tsv	40456	ki-thann其他/han_lo漢羅/phuà-pēnn破病_hanlo.txt	13:0/clause	holdout; already evaluated
00b325ce1e09f4c3673cca3951fc766bd06421b3403fc3044bf7985e2badc2f3	taiwanese_english	suisiann-thousand	authored-situational-examples	full	li	docs/language-contract-benchmark/conversations/inputs.tsv	37801	ki-thann其他/han_lo漢羅/suánn_ê散的_hanlo.txt	265:0:0/word	holdout; already evaluated
00c9433a3f852f76e65ecf9ccd8e176f8067d5bfb12e1ef563657c2b019fda65	taiwanese_english	suisiann-thousand	authored-situational-examples	full	chitliaplaiachhechhechinhochiah	docs/language-contract-benchmark/conversations/inputs.tsv	41460	ki-thann其他/han_lo漢羅/疊字詞_hanlo.txt	31:0/clause	holdout; already evaluated
00d593d1e94185b5cf0fb7255aa47bb6da1195209188624e23b258f0c5ed5c71	taiwanese_english	suisiann-thousand	authored-situational-examples	full	siannhlah	docs/language-contract-benchmark/conversations/inputs.tsv	34918	ki-thann其他/han_lo漢羅/bô_kóng-liáu無講了_hanlo.txt	13:0:5/word	development; already evaluated
0141d6904425980b75d8162be49f07513dc7379a63f8303500b9ec82596f4445	taiwanese_english	suisiann-thousand	authored-situational-examples	full	siotan	docs/language-contract-benchmark/conversations/inputs.tsv	41874	kong_po/服務台_hanlo.txt	16:3:4/word	holdout; already evaluated
01a9b8dc2cfdd1171967e571aa919af406ae0e785ac92b5b0b384ac93be8eb93	taiwanese_english	suisiann-thousand	authored-situational-examples	full	binachaipiankohkhahjoah	docs/language-contract-benchmark/conversations/inputs.tsv	36095	ki-thann其他/han_lo漢羅/pí-kàu-kù比較句_hanlo.txt	145:0/clause	holdout; already evaluated
01aa3e6c543599f68dc2e13bc6ee3c4013a8f245d41b41c3caea8c3f6baa46f2	taiwanese_english	suisiann-thousand	authored-situational-examples	full	chhiann	docs/language-contract-benchmark/conversations/inputs.tsv	43237	kong_po/鐵路_hanlo.txt	49:1:0/word	holdout; already evaluated
01c2553cf3898e0a66bc6538403636189217d389a02de7bef435b69c1b72adc7	taiwanese_english	suisiann-thousand	authored-situational-examples	full	e	docs/language-contract-benchmark/conversations/inputs.tsv	30795	ki-thann其他/han_lo漢羅/補句_hanlo.txt	10:0:5/word	development; already evaluated
01f30db10917c7adbe5f4e1fbcdc262d0695ccc9d605cce5ff8abc403e21da82	taiwanese_english	suisiann-thousand	authored-situational-examples	full	u	docs/language-contract-benchmark/conversations/inputs.tsv	43540	kong_po/鐵路_hanlo.txt	1:1:0/word	holdout; already evaluated
020150cc870ffa78b6ccd7e0321848bf5a9a5efb41945d01e4757ccad743b53a	taiwanese_english	suisiann-thousand	authored-situational-examples	full	kau	docs/language-contract-benchmark/conversations/inputs.tsv	41787	kong_po/服務台_hanlo.txt	16:3:1/word	holdout; already evaluated
0212925a265002a51ee63f2638464bd7c012fd2c71696665ddb7041fdbf98972	taiwanese_english	suisiann-thousand	authored-situational-examples	full	mngkhau	docs/language-contract-benchmark/conversations/inputs.tsv	41938	kong_po/服務台_hanlo.txt	16:3:3/word	holdout; already evaluated
0218ea2fd14ed8bceb355457f20e46f2eac76debe4235b88654453c5c71bfa6b	taiwanese_english	suisiann-thousand	authored-situational-examples	full	chhoeli	docs/language-contract-benchmark/conversations/inputs.tsv	41906	kong_po/服務台_hanlo.txt	13:2:4/word	holdout; already evaluated
0245a8eb2e804ecc15d25066db313adc2fd5fcc60d57cf7b239a0ff69dc762ae	taiwanese_english	suisiann-thousand	authored-situational-examples	full	chhiannkakichutongtantiau	docs/language-contract-benchmark/conversations/inputs.tsv	43094	kong_po/tshua-thuan_hanlo.txt	70:5/clause	holdout; already evaluated
002d3d5e2238f04445f50e9ababc56ffeecd334bb52415b0213af75bf45a8bb1	taiwanese_english	suisiann-thousand	authored-situational-examples	half	t	docs/language-contract-benchmark/conversations/inputs.tsv	37730	ki-thann其他/han_lo漢羅/suánn_ê散的_hanlo.txt	550:1:3/word	holdout; already evaluated
003bdbac2c872436cf28ba419c811f65e137ba9d711afbde17197e59c21ef3ff	taiwanese_english	suisiann-thousand	authored-situational-examples	half	chh	docs/language-contract-benchmark/conversations/inputs.tsv	35079	ki-thann其他/han_lo漢羅/bô_kóng-liáu無講了_hanlo.txt	19:1:3/word	development; already evaluated
0046b2c21d768afee26d42ea7f601fedfeaafe8f51c04200319d5c51b4a4e6cf	taiwanese_english	suisiann-thousand	authored-situational-examples	half	asengkinaji	docs/language-contract-benchmark/conversations/inputs.tsv	38449	ki-thann其他/han_lo漢羅/suánn_ê散的_hanlo.txt	226:0/clause	holdout; already evaluated
005583b5f7d45e1a34bac45ce1c829b3fee19f22164a4aacbfbfd1d9757fd350	taiwanese_english	suisiann-thousand	authored-situational-examples	half	au	docs/language-contract-benchmark/conversations/inputs.tsv	30947	ki-thann其他/han_lo漢羅/補句_hanlo.txt	97:0:0/word	development; already evaluated
005ec533ca8cc93ba11bdf44ece38e5777d513fadc10a23f3980973f6188deb5	taiwanese_english	suisiann-thousand	authored-situational-examples	half	ko	docs/language-contract-benchmark/conversations/inputs.tsv	43350	kong_po/鐵路_hanlo.txt	25:0:0/word	holdout; already evaluated
006716709317f501c88c6de745053cc73ac40814418df57135608734e67f4393	taiwanese_english	suisiann-thousand	authored-situational-examples	half	kam	docs/language-contract-benchmark/conversations/inputs.tsv	32608	ki-thann其他/han_lo漢羅/hóo-tīng否定句_hanlo.txt	67:0:0/word	development; already evaluated
006c4560ecf8966953a8c31195468f24962ab90e4adfdf97b148e2b4a29e72ba	taiwanese_english	suisiann-thousand	authored-situational-examples	half	k	docs/language-contract-benchmark/conversations/inputs.tsv	35063	ki-thann其他/han_lo漢羅/bô_kóng-liáu無講了_hanlo.txt	22:0:5/word	development; already evaluated
007b77ddc917cca357c7790ee8915b64c0f6d02d55bbe499d7525be234311900	taiwanese_english	suisiann-thousand	authored-situational-examples	half	ta	docs/language-contract-benchmark/conversations/inputs.tsv	42235	kong_po/tshua-thuan_hanlo.txt	178:0:2/word	holdout; already evaluated
00a61d7b16cb9df158c3f030f074f2d4e04300462c24fe81847861a1e6ddf635	taiwanese_english	suisiann-thousand	authored-situational-examples	half	kiannlooban	docs/language-contract-benchmark/conversations/inputs.tsv	36160	ki-thann其他/han_lo漢羅/pí-kàu-kù比較句_hanlo.txt	79:0/clause	holdout; already evaluated
00e2b1a9bbb09bcaf65003ff549fd544f76e58acc9d8ed14861150531855263c	taiwanese_english	suisiann-thousand	authored-situational-examples	half	a	docs/language-contract-benchmark/conversations/inputs.tsv	43588	kong_po/鐵路_hanlo.txt	10:0:0/word	holdout; already evaluated
013ccd6783a81102d35063d63dae2cbafcc67c5ab6ef4551b2f3cfd754ef1fdf	taiwanese_english	suisiann-thousand	authored-situational-examples	half	kh	docs/language-contract-benchmark/conversations/inputs.tsv	35389	ki-thann其他/han_lo漢羅/pí-kàu-kù比較句_hanlo.txt	49:0:5/word	holdout; already evaluated
01448d4c00a990dedbc5c82bc637ee1d951e1982be4b632d09acc2c00452ebcc	taiwanese_english	suisiann-thousand	authored-situational-examples	half	usuiaupo	docs/language-contract-benchmark/conversations/inputs.tsv	43776	kong_po/鐵路_hanlo.txt	1:1/clause	holdout; already evaluated
0154c5816e76f4573b8a8cdaadc0c68d5e5d4ce3748ea78b7e5c5d64c6154b65	taiwanese_english	suisiann-thousand	authored-situational-examples	half	ch	docs/language-contract-benchmark/conversations/inputs.tsv	36982	ki-thann其他/han_lo漢羅/mn̄g-kù問句_hanlo.txt	25:0:3/word	holdout; already evaluated
01688fb717daf337bfa9eb248dae98fcbe27500843925d9caaa9da4b88028261	taiwanese_english	suisiann-thousand	authored-situational-examples	half	e	docs/language-contract-benchmark/conversations/inputs.tsv	31695	kong_po/氣象_hanlo.txt	4:0:5/word	development; already evaluated
017ddfbb0e5593c280855c764548235600304ed5e2bb119205343d06c0230fa3	taiwanese_english	suisiann-thousand	authored-situational-examples	half	keng	docs/language-contract-benchmark/conversations/inputs.tsv	43556	kong_po/鐵路_hanlo.txt	46:0:0/word	holdout; already evaluated
01861940c385b599926a35830da3d28c04a5cb94c0d41c8fc6fca3f1b9a41de7	taiwanese_english	suisiann-thousand	authored-situational-examples	half	chen	docs/language-contract-benchmark/conversations/inputs.tsv	36672	ki-thann其他/han_lo漢羅/mn̄g-kù問句_hanlo.txt	46:0:9/word	holdout; already evaluated
00035ae4c356e3f2032ce73b569ebf88f5edbdafeb7af76885ef1470be75d6be	taiwanese_english	suisiann-thousand	authored-situational-examples	initials	satebt	docs/language-contract-benchmark/conversations/inputs.tsv	33422	ki-thann其他/han_lo漢羅/hóo-tīng否定句_hanlo.txt	79:0/clause	development; already evaluated
001a9e4f4bd9d4c0c0feadcab6b172335208038394329ed8827ebc5807b6f7e3	taiwanese_english	suisiann-thousand	authored-situational-examples	initials	ahkacnkktnn	docs/language-contract-benchmark/conversations/inputs.tsv	35882	ki-thann其他/han_lo漢羅/pí-kàu-kù比較句_hanlo.txt	139:0/clause	holdout; already evaluated
002279a3ab103e37d84b509473c7198b26f00f858328b0e4d65be44b4eba5693	taiwanese_english	suisiann-thousand	authored-situational-examples	initials	b	docs/language-contract-benchmark/conversations/inputs.tsv	32895	ki-thann其他/han_lo漢羅/hóo-tīng否定句_hanlo.txt	148:0:0/word	development; already evaluated
0042729ec095f9d4634f41bb382de4ae1e21947f9bb5cab02cb4fc2655ccdd73	taiwanese_english	suisiann-thousand	authored-situational-examples	initials	jc	docs/language-contract-benchmark/conversations/inputs.tsv	35708	ki-thann其他/han_lo漢羅/pí-kàu-kù比較句_hanlo.txt	136:1:1/word	holdout; already evaluated
004b5a4e32bba0be58102c919a00a5c5b73468204005da8f0adeaf7fbb7e7c92	taiwanese_english	suisiann-thousand	authored-situational-examples	initials	l	docs/language-contract-benchmark/conversations/inputs.tsv	45160	ki-thann其他/han_lo漢羅/khang-sû-luī空詞類_hanlo.txt	4:0:2/word	holdout; already evaluated
00a567ad2c630a85c95c06305feb2c4fe99d9b9c584515077789bf673d3cd6bf	taiwanese_english	suisiann-thousand	authored-situational-examples	initials	t	docs/language-contract-benchmark/conversations/inputs.tsv	34314	ki-thann其他/han_lo漢羅/sòo-sû數詞_hanlo.txt	103:0:1/word	development; already evaluated
00e3e7d313e087ce2a0b0eb2e450039d5c5960373673c5cfa01319d16cd57cff	taiwanese_english	suisiann-thousand	authored-situational-examples	initials	is	docs/language-contract-benchmark/conversations/inputs.tsv	32998	ki-thann其他/han_lo漢羅/hóo-tīng否定句_hanlo.txt	94:0:4/word	development; already evaluated
00fdd4edc18c2b35dcb9fe1471055d6fa395ac2de9a9714ceef3a342480b0f93	taiwanese_english	suisiann-thousand	authored-situational-examples	initials	c	docs/language-contract-benchmark/conversations/inputs.tsv	37748	ki-thann其他/han_lo漢羅/suánn_ê散的_hanlo.txt	346:0:4/word	holdout; already evaluated
012335d3c1fb8d7fc1fd4d2edf6e55c78adcf1e145fc82dbb69e056a90755136	taiwanese_english	suisiann-thousand	authored-situational-examples	initials	ktepkss	docs/language-contract-benchmark/conversations/inputs.tsv	43041	kong_po/tshua-thuan_hanlo.txt	25:1/clause	holdout; already evaluated
0178ee80c5fb17b01b8853da69d0c332a657a6292e42b2c51bb2562a9f73c7f8	taiwanese_english	suisiann-thousand	authored-situational-examples	initials	jathelkco	docs/language-contract-benchmark/conversations/inputs.tsv	44825	ing-gi/ing-gí-sû英語詞_hanlo.txt	52:3/clause	holdout; already evaluated
01a6e7292433605fdab01f8890efd48611879e78338229ab703c1ba2c9eff5a6	taiwanese_english	suisiann-thousand	authored-situational-examples	initials	hc	docs/language-contract-benchmark/conversations/inputs.tsv	35477	ki-thann其他/han_lo漢羅/pí-kàu-kù比較句_hanlo.txt	136:0:1/word	holdout; already evaluated
01c2586a6cc8c4d8a90b0fd9f09aebb548aae097e9a1c5a1ce30dd829a2da4b3	taiwanese_english	suisiann-thousand	authored-situational-examples	initials	lnesbpksisch	docs/language-contract-benchmark/conversations/inputs.tsv	34745	ki-thann其他/han_lo漢羅/sòo-sû數詞_hanlo.txt	25:1/clause	development; already evaluated
01cc3398c901352680e55b3f402aa38f7fcfe831790eae9f7609b5402e8e7157	taiwanese_english	suisiann-thousand	authored-situational-examples	initials	pnsc	docs/language-contract-benchmark/conversations/inputs.tsv	31402	ki-thann其他/han_lo漢羅/補句_hanlo.txt	43:4/clause	development; already evaluated
01cd1924a688dd0a5cfc23a165610a9df5dbf5709dc110b410470e357a9c9736	taiwanese_english	suisiann-thousand	authored-situational-examples	initials	s	docs/language-contract-benchmark/conversations/inputs.tsv	30933	ki-thann其他/han_lo漢羅/補句_hanlo.txt	226:1:2/word	development; already evaluated
01f1e7ed058d152164955384e38138e0e8345669fee37010c3afcb62cc22da56	taiwanese_english	suisiann-thousand	authored-situational-examples	initials	tkcpgsllp	docs/language-contract-benchmark/conversations/inputs.tsv	36122	ki-thann其他/han_lo漢羅/pí-kàu-kù比較句_hanlo.txt	43:0/clause	holdout; already evaluated
01f7840d143d1825606bce9de34120c75c2103b6e72f0bf11148e2b9358dd9fb	taiwanese_english	suisiann-thousand	authored-situational-examples	initials	ktektactcsth	docs/language-contract-benchmark/conversations/inputs.tsv	43225	kong_po/tshua-thuan_hanlo.txt	34:1/clause	holdout; already evaluated
00ef651705d110d161c60aa28ecbcc6f7c63f609197f1205f5ba0ba28dba9888	taiwanese_english	suisiann-thousand	authored-situational-examples	mixed	b	docs/language-contract-benchmark/conversations/inputs.tsv	40976	ki-thann其他/han_lo漢羅/疊字詞_hanlo.txt	163:0:3/word	holdout; already evaluated
011292eaaedd89efa07fcfd93cc6e48927715cff971a2eb9f0b1391d4f21b9f0	taiwanese_english	suisiann-thousand	authored-situational-examples	mixed	k	docs/language-contract-benchmark/conversations/inputs.tsv	31809	kong_po/氣象_hanlo.txt	31:1:1/word	development; already evaluated
01c483ac66ec52dc6d8055c2395acc6e920c86578db2cd9a898928bc205a0e97	taiwanese_english	suisiann-thousand	authored-situational-examples	mixed	hetpoockahplutl	docs/language-contract-benchmark/conversations/inputs.tsv	41392	ki-thann其他/han_lo漢羅/疊字詞_hanlo.txt	166:0/clause	holdout; already evaluated
01dd20007be2605eb4a6079093b1eee0a65096387ea06e00cdc27ce393baf565	taiwanese_english	suisiann-thousand	authored-situational-examples	mixed	schiocsigkangsboklah	docs/language-contract-benchmark/conversations/inputs.tsv	32420	kong_po/氣象_hanlo.txt	46:1/clause	development; already evaluated
01ee424e1bee4063e561fbd6f79600658ba87b7c0f4d5ea790bd220d081d3861	taiwanese_english	suisiann-thousand	authored-situational-examples	mixed	i	docs/language-contract-benchmark/conversations/inputs.tsv	41735	kong_po/服務台_hanlo.txt	13:0:0/word	holdout; already evaluated
01ee4c3ca00106116fe217fd959cf9edf05ac90e9240de18ed8e5a754d2d849a	taiwanese_english	suisiann-thousand	authored-situational-examples	mixed	gsuhlchitppaiaboc	docs/language-contract-benchmark/conversations/inputs.tsv	34578	ki-thann其他/han_lo漢羅/sòo-sû數詞_hanlo.txt	106:0/clause	development; already evaluated
01efd162cadc2ca017a73bd4e5b41da3cffe90426bc8c1be09b76cfa2f7a2a0c	taiwanese_english	suisiann-thousand	authored-situational-examples	mixed	mhokphahalah	docs/language-contract-benchmark/conversations/inputs.tsv	38197	ki-thann其他/han_lo漢羅/suánn_ê散的_hanlo.txt	367:1/clause	holdout; already evaluated
01f15f1eea8444554cfa3e77ea9630cc37ee88fbe4628cd964592346e315e67d	taiwanese_english	suisiann-thousand	authored-situational-examples	mixed	geeaskahpsiaks	docs/language-contract-benchmark/conversations/inputs.tsv	41168	ki-thann其他/han_lo漢羅/疊字詞_hanlo.txt	124:0/clause	holdout; already evaluated
022b4034264286331e1204658af6861ddb7569781d6b70656533330e1c181b65	taiwanese_english	suisiann-thousand	authored-situational-examples	mixed	kpe	docs/language-contract-benchmark/conversations/inputs.tsv	34866	ki-thann其他/han_lo漢羅/bô_kóng-liáu無講了_hanlo.txt	13:0:4/word	development; already evaluated
02862e3fff75bcb05a0adf870d14c4e3448b8f21b1e9d3134a5db117b4c5c15a	taiwanese_english	suisiann-thousand	authored-situational-examples	mixed	ssiannkkulsikphiang	docs/language-contract-benchmark/conversations/inputs.tsv	41480	ki-thann其他/han_lo漢羅/疊字詞_hanlo.txt	226:0/clause	holdout; already evaluated
02d893fdb4b82ec24f295e0b8b4cbc4b42389b7f7e0e53fedcf4c85f91870f5a	taiwanese_english	suisiann-thousand	authored-situational-examples	mixed	bsuji	docs/language-contract-benchmark/conversations/inputs.tsv	42102	kong_po/服務台_hanlo.txt	4:1/clause	holdout; already evaluated
036475b26609c5eca5588783e57c319ec1098ce2faac1b56a6668c7137457a4e	taiwanese_english	suisiann-thousand	authored-situational-examples	mixed	iaubanctoelchhuttthinn	docs/language-contract-benchmark/conversations/inputs.tsv	33039	ki-thann其他/han_lo漢羅/hóo-tīng否定句_hanlo.txt	10:1/clause	development; already evaluated
036610d2a88576cd70f3b77264efd9d6ad0a4bf114bfff70d0de1864437d3226	taiwanese_english	suisiann-thousand	authored-situational-examples	mixed	c	docs/language-contract-benchmark/conversations/inputs.tsv	35757	ki-thann其他/han_lo漢羅/pí-kàu-kù比較句_hanlo.txt	82:0:3/word	holdout; already evaluated
03ce70fd37822b163a6fdb0cc50bbdaf7a70362182a607785039e0f096e55391	taiwanese_english	suisiann-thousand	authored-situational-examples	mixed	e	docs/language-contract-benchmark/conversations/inputs.tsv	42651	kong_po/tshua-thuan_hanlo.txt	100:0:2/word	holdout; already evaluated
03d15155100223cecb0e2d87e69ccca5e531806d91848738141f9d5ef0f52704	taiwanese_english	suisiann-thousand	authored-situational-examples	mixed	ssenghas	docs/language-contract-benchmark/conversations/inputs.tsv	42198	kong_po/服務台_hanlo.txt	16:1/clause	holdout; already evaluated
03df70e650a1577f15dc04695041b62146e23dd09eeb8a8836254b472b4c335e	taiwanese_english	suisiann-thousand	authored-situational-examples	mixed	h	docs/language-contract-benchmark/conversations/inputs.tsv	45169	ki-thann其他/han_lo漢羅/khang-sû-luī空詞類_hanlo.txt	7:2:4/word	holdout; already evaluated
000975286ebd1d137c944e1b05116fb914b6c8c8037e7182d0885f9191dc53e7	taiwanese_english	suisiann-thousand	authored-situational-examples	neighbor	kichhiann	docs/language-contract-benchmark/conversations/inputs.tsv	44557	ing-gi/ing-gí-sû英語詞_hanlo.txt	97:1:0/word	holdout; already evaluated
006808ef56ed3ac9f09ef7d6bf68c26dfe0a7fef8f0e9a1b21436a455e016d77	taiwanese_english	suisiann-thousand	authored-situational-examples	neighbor	chhpeli	docs/language-contract-benchmark/conversations/inputs.tsv	41841	kong_po/服務台_hanlo.txt	16:2:4/word	holdout; already evaluated
0085f8cc840a9e5907877d9241db3b27269e102a5ef9a0d94963068310fc0c13	taiwanese_english	suisiann-thousand	authored-situational-examples	neighbor	chaamteyang	docs/language-contract-benchmark/conversations/inputs.tsv	38056	ki-thann其他/han_lo漢羅/suánn_ê散的_hanlo.txt	274:0/clause	holdout; already evaluated
0089722d266c188059a0e641d69bfab3f242e2d9b1d8ddbf5de4f833a5be5ea7	taiwanese_english	suisiann-thousand	authored-situational-examples	neighbor	siannlangpaktopiau	docs/language-contract-benchmark/conversations/inputs.tsv	37228	ki-thann其他/han_lo漢羅/mn̄g-kù問句_hanlo.txt	10:0/clause	holdout; already evaluated
00b758a744df868c2d7abb8b9a6a5b0dac98373544f3b3b616f593bdf3ff66b0	taiwanese_english	suisiann-thousand	authored-situational-examples	neighbor	r	docs/language-contract-benchmark/conversations/inputs.tsv	33983	ki-thann其他/han_lo漢羅/sòo-sû數詞_hanlo.txt	61:0:3/word	development; already evaluated
00d76cff5e1af6e5e13dcce428943af0d7a2192bc3f0a447a59c201765f398ae	taiwanese_english	suisiann-thousand	authored-situational-examples	neighbor	liuihiahionhkong	docs/language-contract-benchmark/conversations/inputs.tsv	36206	ki-thann其他/han_lo漢羅/pí-kàu-kù比較句_hanlo.txt	16:0/clause	holdout; already evaluated
00d9f833a5e51716833735815a9ce3dd40772a4f48f9a9fee6bf7af3067c50ef	taiwanese_english	suisiann-thousand	authored-situational-examples	neighbor	tihomgsangchincheng	docs/language-contract-benchmark/conversations/inputs.tsv	33800	kong_po/電影院_hanlo.txt	4:0/clause	development; already evaluated
00da1b4203d22b8970af2d1bf3b8df5450bca9f0acae217390ebbbbb0e5178b9	taiwanese_english	suisiann-thousand	authored-situational-examples	neighbor	chhiamn	docs/language-contract-benchmark/conversations/inputs.tsv	43396	kong_po/鐵路_hanlo.txt	34:1:0/word	holdout; already evaluated
00e2d425217d1a0e54af82ec6681dc59253513ede80ecb97b7d93f6e962b1d08	taiwanese_english	suisiann-thousand	authored-situational-examples	neighbor	annechpkamok	docs/language-contract-benchmark/conversations/inputs.tsv	44821	ing-gi/ing-gí-sû英語詞_hanlo.txt	367:0/clause	holdout; already evaluated
011838f609e7ffd4b5c967442b6fc5869afa7bede13503c33b12f170310a86c9	taiwanese_english	suisiann-thousand	authored-situational-examples	neighbor	yi	docs/language-contract-benchmark/conversations/inputs.tsv	43665	kong_po/鐵路_hanlo.txt	34:1:1/word	holdout; already evaluated
0121c5c9cf1fa26cc5d0aa335b2452b029761b71f0ab1687ecea331349e75f7e	taiwanese_english	suisiann-thousand	authored-situational-examples	neighbor	temgtai	docs/language-contract-benchmark/conversations/inputs.tsv	31039	ki-thann其他/han_lo漢羅/補句_hanlo.txt	283:2:3/word	development; already evaluated
0154ccf6a25bdb1815cadc2b41b9e3fc1d344391f508f43ba2ef465d6ca09025	taiwanese_english	suisiann-thousand	authored-situational-examples	neighbor	hpo	docs/language-contract-benchmark/conversations/inputs.tsv	40692	ki-thann其他/han_lo漢羅/疊字詞_hanlo.txt	67:0:4/word	holdout; already evaluated
0184f151ddbd2ae63abc6175cc89f438d39c291b0b7189f88a4827f59be10a16	taiwanese_english	suisiann-thousand	authored-situational-examples	neighbor	yeh	docs/language-contract-benchmark/conversations/inputs.tsv	32582	ki-thann其他/han_lo漢羅/hóo-tīng否定句_hanlo.txt	112:1:2/word	development; already evaluated
01aec88315964040ea017eb505fe0227b2e2a451a3fd8727c406540d1432a863	taiwanese_english	suisiann-thousand	authored-situational-examples	neighbor	itokiansiautngsiukhish	docs/language-contract-benchmark/conversations/inputs.tsv	33338	ki-thann其他/han_lo漢羅/hóo-tīng否定句_hanlo.txt	118:1/clause	development; already evaluated
01bbe8cb5a2b9ca2d084c25bc16c6dccbc29d513eb14dbb3f6404d9b7ca020e2	taiwanese_english	suisiann-thousand	authored-situational-examples	neighbor	thailpokohho	docs/language-contract-benchmark/conversations/inputs.tsv	43404	kong_po/鐵路_hanlo.txt	49:0:4/word	holdout; already evaluated
01eccdc117c9abb9b011e3e4cbc867fcce519903472daadd104840dfc7f274a4	taiwanese_english	suisiann-thousand	authored-situational-examples	neighbor	snne	docs/language-contract-benchmark/conversations/inputs.tsv	39740	ki-thann其他/han_lo漢羅/phuà-pēnn破病_hanlo.txt	52:1:0/word	holdout; already evaluated
00024c51e3ccc63c5416c19b80c73a7be8a801f21818d022a286810d5bf0e178	taiwanese_english	suisiann-thousand	authored-situational-examples	omission	jiattaseng	docs/language-contract-benchmark/conversations/inputs.tsv	31875	kong_po/氣象_hanlo.txt	10:1:4/word	development; already evaluated
000b757ff683eaf312fc84830d57bf20fde9ba4db184dcc765ce4a8b1cba978f	taiwanese_english	suisiann-thousand	authored-situational-examples	omission	hannti	docs/language-contract-benchmark/conversations/inputs.tsv	32985	ki-thann其他/han_lo漢羅/hóo-tīng否定句_hanlo.txt	130:0:4/word	development; already evaluated
007417a24b1b89a8cbf3d88b9d9b7667123392c406e98be8edaeba905feb553f	taiwanese_english	suisiann-thousand	authored-situational-examples	omission	thuke	docs/language-contract-benchmark/conversations/inputs.tsv	34086	ki-thann其他/han_lo漢羅/sòo-sû數詞_hanlo.txt	37:0:0/word	development; already evaluated
00b356ccf277d2d867accc73975085761f604f3f9063ec1ea09ebd9c5ba82744	taiwanese_english	suisiann-thousand	authored-situational-examples	omission	bh	docs/language-contract-benchmark/conversations/inputs.tsv	32541	ki-thann其他/han_lo漢羅/hóo-tīng否定句_hanlo.txt	22:0:5/word	development; already evaluated
0166589b2efce4add1f38ba11991f061c20e230ebe45b14af75821fe04be2531	taiwanese_english	suisiann-thousand	authored-situational-examples	omission	ang	docs/language-contract-benchmark/conversations/inputs.tsv	40667	ki-thann其他/han_lo漢羅/疊字詞_hanlo.txt	139:2:3/word	holdout; already evaluated
01806b2cfe2cb88e0858e7f3424f7ca75badfa8dfbfb78db677a8c67c8658d5b	taiwanese_english	suisiann-thousand	authored-situational-examples	omission	a	docs/language-contract-benchmark/conversations/inputs.tsv	38638	ki-thann其他/han_lo漢羅/動詞輕聲詞_hanlo.txt	247:0:1/word	holdout; already evaluated
018107b1b5f5b8c903bcdfb296b9da5a84faaeeb5e711e7fbb72f6a158a25435	taiwanese_english	suisiann-thousand	authored-situational-examples	omission	hoatio	docs/language-contract-benchmark/conversations/inputs.tsv	40016	ki-thann其他/han_lo漢羅/phuà-pēnn破病_hanlo.txt	4:0:2/word	holdout; already evaluated
018283433bcb5422894d380660f334f9e91d0996784d25a0dc198f8b484fb439	taiwanese_english	suisiann-thousand	authored-situational-examples	omission	ga	docs/language-contract-benchmark/conversations/inputs.tsv	37601	ki-thann其他/han_lo漢羅/suánn_ê散的_hanlo.txt	412:0:0/word	holdout; already evaluated
01921205e82a4e6c7b54d3a57f83b684ec734ac5bacd9a02241ed1229b84913b	taiwanese_english	suisiann-thousand	authored-situational-examples	omission	limsikongtiannachingau	docs/language-contract-benchmark/conversations/inputs.tsv	37443	ki-thann其他/han_lo漢羅/mn̄g-kù問句_hanlo.txt	112:0/clause	holdout; already evaluated
01985748974cbf1576f5da14c3c334197a25185f30ea17ffd0811137165a9f13	taiwanese_english	suisiann-thousand	authored-situational-examples	omission	ikhoankhilaichinhiauneh	docs/language-contract-benchmark/conversations/inputs.tsv	39299	ki-thann其他/han_lo漢羅/動詞輕聲詞_hanlo.txt	328:0/clause	holdout; already evaluated
019f04194f1ec33bd5abd6b75711a5f3e0df56104ec18bf3016c763fcbb477e8	taiwanese_english	suisiann-thousand	authored-situational-examples	omission	bnchhiannleh	docs/language-contract-benchmark/conversations/inputs.tsv	31030	ki-thann其他/han_lo漢羅/補句_hanlo.txt	184:0:0/word	development; already evaluated
020006baf9cc5ef691029fe264f7a9852914ea5af8a429ba01bf480de0e13a6e	taiwanese_english	suisiann-thousand	authored-situational-examples	omission	kokulukhehliho	docs/language-contract-benchmark/conversations/inputs.tsv	43909	kong_po/鐵路_hanlo.txt	28:0/clause	holdout; already evaluated
0208543e20600bc5253dec31e58a704ec8655c2c42136a707ce3f5c52c9a7251	taiwanese_english	suisiann-thousand	authored-situational-examples	omission	o	docs/language-contract-benchmark/conversations/inputs.tsv	43347	kong_po/鐵路_hanlo.txt	19:0:1/word	holdout; already evaluated
0237706c102e0f750bbdbf9fe3fe06d4ddbb337b2d6592120135a45845e4e178	taiwanese_english	suisiann-thousand	authored-situational-examples	omission	solohlai	docs/language-contract-benchmark/conversations/inputs.tsv	32374	kong_po/氣象_hanlo.txt	22:0/clause	development; already evaluated
02654f1a5b1fc923a2116d768937baf048c19e033c801338492423443abf01b7	taiwanese_english	suisiann-thousand	authored-situational-examples	omission	piahtngukoanngpaktoo	docs/language-contract-benchmark/conversations/inputs.tsv	38143	ki-thann其他/han_lo漢羅/suánn_ê散的_hanlo.txt	421:0/clause	holdout; already evaluated
0287a0e9eed11216d5ddc2847d6aa346f58fec3ce580a601ca1a45470a141afa	taiwanese_english	suisiann-thousand	authored-situational-examples	omission	t	docs/language-contract-benchmark/conversations/inputs.tsv	42399	kong_po/tshua-thuan_hanlo.txt	142:1:5/word	holdout; already evaluated
0002f7bd31776e31035b52ae2fb88be61cc1a7773638b1c25cc3d3761360ad21	taiwanese_english	suisiann-thousand	authored-situational-examples	transpose	hcunpi	docs/language-contract-benchmark/conversations/inputs.tsv	42469	kong_po/tshua-thuan_hanlo.txt	91:1:4/word	holdout; already evaluated
000708dc6aeb696f19153d8dd314e4be85fb87a23814157b2d87a10a2e2cf94f	taiwanese_english	suisiann-thousand	authored-situational-examples	transpose	sengkhioanlimhooetluhhiohkhun	docs/language-contract-benchmark/conversations/inputs.tsv	43075	kong_po/tshua-thuan_hanlo.txt	88:4/clause	holdout; already evaluated
0007905e94b602ebeab3b38fe2169d371c7a653cb021f16736a8a898d3689bf7	taiwanese_english	suisiann-thousand	authored-situational-examples	transpose	is	docs/language-contract-benchmark/conversations/inputs.tsv	36891	ki-thann其他/han_lo漢羅/mn̄g-kù問句_hanlo.txt	109:0:3/word	holdout; already evaluated
002992b5f6cc16d5fe500591df683a71fa78367e4ec0df775ebb7c89ae54a66a	taiwanese_english	suisiann-thousand	authored-situational-examples	transpose	haoat	docs/language-contract-benchmark/conversations/inputs.tsv	35567	ki-thann其他/han_lo漢羅/pí-kàu-kù比較句_hanlo.txt	127:0:0/word	holdout; already evaluated
006acb3f3bb53cf1984c3b1bdd4f7bd6df564a0135c93722f036a28851819d98	taiwanese_english	suisiann-thousand	authored-situational-examples	transpose	kha	docs/language-contract-benchmark/conversations/inputs.tsv	35035	ki-thann其他/han_lo漢羅/bô_kóng-liáu無講了_hanlo.txt	22:0:3/word	development; already evaluated
00767ca71436eee7156b3f7b378ac183b958103f53811528712266c2ed3626fb	taiwanese_english	suisiann-thousand	authored-situational-examples	transpose	ot	docs/language-contract-benchmark/conversations/inputs.tsv	32620	ki-thann其他/han_lo漢羅/hóo-tīng否定句_hanlo.txt	100:1:5/word	development; already evaluated
00a326dd4efad905aa88066094b39f18e7a4c76522f193e688820bf8bab22f3b	taiwanese_english	suisiann-thousand	authored-situational-examples	transpose	piantongusijianikenglengkhiah	docs/language-contract-benchmark/conversations/inputs.tsv	41433	ki-thann其他/han_lo漢羅/疊字詞_hanlo.txt	199:0/clause	holdout; already evaluated
00a50a3a3f9c1a473d49d98fcc71cd05187bad26499bd4f3dab44093cfc9b7a7	taiwanese_english	suisiann-thousand	authored-situational-examples	transpose	behchiunnpakeluhkeh	docs/language-contract-benchmark/conversations/inputs.tsv	44012	kong_po/鐵路_hanlo.txt	37:0/clause	holdout; already evaluated
00be0c18e1dbbbfc74445658df6e76d9a8586f1e3efad5f2e0b3d66d66f86487	taiwanese_english	suisiann-thousand	authored-situational-examples	transpose	ia	docs/language-contract-benchmark/conversations/inputs.tsv	40682	ki-thann其他/han_lo漢羅/疊字詞_hanlo.txt	34:0:1/word	holdout; already evaluated
00d1d04707a6fdc729f40d971168b4c29d77f1db3a8fb0fe48c662159bab845a	taiwanese_english	suisiann-thousand	authored-situational-examples	transpose	solaohlai	docs/language-contract-benchmark/conversations/inputs.tsv	32373	kong_po/氣象_hanlo.txt	22:0/clause	development; already evaluated
011d01844364fd53795ea411d1bd5886299c70ed9ca16a1385244ea6c662da00	taiwanese_english	suisiann-thousand	authored-situational-examples	transpose	ihasi	docs/language-contract-benchmark/conversations/inputs.tsv	33000	ki-thann其他/han_lo漢羅/hóo-tīng否定句_hanlo.txt	94:0:4/word	development; already evaluated
0138963d6c80a2e06c861b4caba06ab8447a9f7c0f42f31e2d488f8ea6b10a54	taiwanese_english	suisiann-thousand	authored-situational-examples	transpose	langchhoebo	docs/language-contract-benchmark/conversations/inputs.tsv	38158	ki-thann其他/han_lo漢羅/suánn_ê散的_hanlo.txt	133:1/clause	holdout; already evaluated
0139e9687f655b6a1e21d5b29642f91363511e1648237d6a5517317cc1aec88a	taiwanese_english	suisiann-thousand	authored-situational-examples	transpose	ikneg	docs/language-contract-benchmark/conversations/inputs.tsv	37942	ki-thann其他/han_lo漢羅/suánn_ê散的_hanlo.txt	574:0:4/word	holdout; already evaluated
014b745e553597f162decbca855b663b9726da2cec58190674fa68c79b4149cb	taiwanese_english	suisiann-thousand	authored-situational-examples	transpose	tois	docs/language-contract-benchmark/conversations/inputs.tsv	31890	kong_po/氣象_hanlo.txt	10:1:3/word	development; already evaluated
0158bd2056b3d42413c8f983be8b0393f2b8ba8910d1b4035970366c78041055	taiwanese_english	suisiann-thousand	authored-situational-examples	transpose	il	docs/language-contract-benchmark/conversations/inputs.tsv	36724	ki-thann其他/han_lo漢羅/mn̄g-kù問句_hanlo.txt	145:0:0/word	holdout; already evaluated
0199f16bf8e7a6a26115575184c2bab0ae498ca4394ededede738df99057a7b2	taiwanese_english	suisiann-thousand	authored-situational-examples	transpose	chitchunjitchikeloahenghkoleh	docs/language-contract-benchmark/conversations/inputs.tsv	36132	ki-thann其他/han_lo漢羅/pí-kàu-kù比較句_hanlo.txt	136:1/clause	holdout; already evaluated
00008e338d844f0e0879b8f632c2ea18901e485259eac1feff5f7997f6d6fd12	taiwanese_english	taiwanese-basic	historical-authored-examples	full	binachaimchaiehothinnbe	docs/language-contract-benchmark/conversations/inputs.tsv	58110	taiwanese-basic:1956	3394:0/clause	regression; already evaluated
004cdd0226421df46486d1857cddb10cea440f6f09512778ab59496f6516774e	taiwanese_english	taiwanese-basic	historical-authored-examples	full	chitpoannhiachoanthau	docs/language-contract-benchmark/conversations/inputs.tsv	48405	taiwanese-basic:1956	4771:0/clause	regression; already evaluated
007cebf829cdc74f81aa37c8ecff301f9305ddf7c1d20438da1b89d75a6d6470	taiwanese_english	taiwanese-basic	historical-authored-examples	full	chitkuusimmihisu	docs/language-contract-benchmark/conversations/inputs.tsv	47720	taiwanese-basic:1956	1863:0/clause	regression; already evaluated
00b3f8888cbff297c706c035fd0b2e3d77c822e3305d337850d6beaa1d6cc942	taiwanese_english	taiwanese-basic	historical-authored-examples	full	poah	docs/language-contract-benchmark/conversations/inputs.tsv	61140	taiwanese-basic:1956	2806:0:2/word	regression; already evaluated
00c873395bee2018d36da6b20afff9523adfa5ca40d75e8d5463e29608eff434	taiwanese_english	taiwanese-basic	historical-authored-examples	full	giahthaukhilaikhoannbaileh	docs/language-contract-benchmark/conversations/inputs.tsv	59873	taiwanese-basic:1956	1365:0/clause	regression; already evaluated
00f32b121c8de622cca3f674a1d6311adaaf9e9e221cde75f026f888ae628614	taiwanese_english	taiwanese-basic	historical-authored-examples	full	chitesaihuekisutchinho	docs/language-contract-benchmark/conversations/inputs.tsv	57185	taiwanese-basic:1956	2743:0/clause	regression; already evaluated
01150c9067d7417b64265b2329f4333262e7ab048231c7d726a3fc63c7c5d1a3	taiwanese_english	taiwanese-basic	historical-authored-examples	full	e	docs/language-contract-benchmark/conversations/inputs.tsv	56939	taiwanese-basic:1956	3218:0:1/word	regression; already evaluated
011ead01f3b689b850a27511933ca99019d48665232852f677ad57ca5b637345	taiwanese_english	taiwanese-basic	historical-authored-examples	full	lituitohuilai	docs/language-contract-benchmark/conversations/inputs.tsv	54961	taiwanese-basic:1956	5353:0/clause	regression; already evaluated
0145d383dfcfcad3bb201b2620955e8b4fa13592fd374f137cabb067b0960ef8	taiwanese_english	taiwanese-basic	historical-authored-examples	full	chit	docs/language-contract-benchmark/conversations/inputs.tsv	61631	taiwanese-basic:1956	68:0:0/word	regression; already evaluated
015cb1e79bc78e57ca58fa8a692a9371ff52700326afd475ced8c0aef358c8d7	taiwanese_english	taiwanese-basic	historical-authored-examples	full	goa	docs/language-contract-benchmark/conversations/inputs.tsv	46475	taiwanese-basic:1956	2236:0:2/word	regression; already evaluated
01850774c5ee418ffbd6f2ed4202de4691c7b1fc5adeafc0771eaa73e88090a2	taiwanese_english	taiwanese-basic	historical-authored-examples	full	lichokautangsichiaheoanseng	docs/language-contract-benchmark/conversations/inputs.tsv	57727	taiwanese-basic:1956	3592:0/clause	regression; already evaluated
01a28ea430fa1ff41813694b1cdca54af04abac0d2c263f53a33a32dd5673ef3	taiwanese_english	taiwanese-basic	historical-authored-examples	full	hit	docs/language-contract-benchmark/conversations/inputs.tsv	54300	taiwanese-basic:1956	3003:0:1/word	regression; already evaluated
01c53105e9902906b6094784469d906a4d629f58814f2bde15846c34ef09f476	taiwanese_english	taiwanese-basic	historical-authored-examples	full	siausitbo	docs/language-contract-benchmark/conversations/inputs.tsv	57783	taiwanese-basic:1956	4239:0:5/word	regression; already evaluated
01ead71c235b75d76ccac9ff465379e6350b64f74b56e0d4dfaae92ab49e8d73	taiwanese_english	taiwanese-basic	historical-authored-examples	full	goeh	docs/language-contract-benchmark/conversations/inputs.tsv	61583	taiwanese-basic:1956	958:0:5/word	regression; already evaluated
020ee50806c653bf2f75dbe332e6ab3fbc55642226425e9a41cfa5950ba53d7e	taiwanese_english	taiwanese-basic	historical-authored-examples	full	lai	docs/language-contract-benchmark/conversations/inputs.tsv	54554	taiwanese-basic:1956	1358:0:8/word	regression; already evaluated
021951ee1b4c4c5d5f107977bb252176b91f92933a109f6861242ded6d7f74e2	taiwanese_english	taiwanese-basic	historical-authored-examples	full	hoatpiau	docs/language-contract-benchmark/conversations/inputs.tsv	58290	taiwanese-basic:1956	1711:0:1/word	regression; already evaluated
00036d54c953390e9de111be3161050d75447203ee69829ad0b94baacd21c8c0	taiwanese_english	taiwanese-basic	historical-authored-examples	half	thia	docs/language-contract-benchmark/conversations/inputs.tsv	46093	taiwanese-basic:1956	4852:1:3/word	regression; already evaluated
0019ea15b7f97452ef1875b6670cc93c450795351233635f9e054c3265b43cbd	taiwanese_english	taiwanese-basic	historical-authored-examples	half	i	docs/language-contract-benchmark/conversations/inputs.tsv	52827	taiwanese-basic:1956	749:0:0/word	regression; already evaluated
0020d5b2915d2b7896f79cb25538855de420449093e2356479be93f6e8d59a3f	taiwanese_english	taiwanese-basic	historical-authored-examples	half	k	docs/language-contract-benchmark/conversations/inputs.tsv	51298	taiwanese-basic:1956	4983:0:1/word	regression; already evaluated
0036eea694bfd6280d28754e93ff9f8cde72281517510949b558f6137a704af0	taiwanese_english	taiwanese-basic	historical-authored-examples	half	goaboehlohoanlikag	docs/language-contract-benchmark/conversations/inputs.tsv	50843	taiwanese-basic:1956	3323:0/clause	regression; already evaluated
0037725bf7125902051aec792fdec0dd43c52222e844efb942863a69c81fe398	taiwanese_english	taiwanese-basic	historical-authored-examples	half	li	docs/language-contract-benchmark/conversations/inputs.tsv	49067	taiwanese-basic:1956	1648:9:2/word	regression; already evaluated
00393a45a9ab4989afbe57a3cd45a39dfa33125f510e9417cec3b6b0b2a8dae3	taiwanese_english	taiwanese-basic	historical-authored-examples	half	goakinajittiohch	docs/language-contract-benchmark/conversations/inputs.tsv	47800	taiwanese-basic:1956	4252:0/clause	regression; already evaluated
0067e7c213bff7240cff933a3286e128135082f79044769ae51152aed2878c2a	taiwanese_english	taiwanese-basic	historical-authored-examples	half	chit	docs/language-contract-benchmark/conversations/inputs.tsv	56414	taiwanese-basic:1956	4138:0:2/word	regression; already evaluated
0081ab7fdb7a553ead5834139aa327ee05e0568760491f4f2e33d5dd8f1dbc96	taiwanese_english	taiwanese-basic	historical-authored-examples	half	e	docs/language-contract-benchmark/conversations/inputs.tsv	59373	taiwanese-basic:1956	5242:0:1/word	regression; already evaluated
009c6509ab14db739f5ed16f4e10efe6e4a63abebd2daef9256f84fa54131215	taiwanese_english	taiwanese-basic	historical-authored-examples	half	sengbutesikan	docs/language-contract-benchmark/conversations/inputs.tsv	46340	taiwanese-basic:1956	2236:1/clause	regression; already evaluated
00b1f98a579cc4960be59667af7886f05bc538aae338e6818a839f5862e95f32	taiwanese_english	taiwanese-basic	historical-authored-examples	half	sug	docs/language-contract-benchmark/conversations/inputs.tsv	54906	taiwanese-basic:1956	2072:0:2/word	regression; already evaluated
00b82e9078a469ad9a4d3718866a4351fc36428338a8e9c9ca2fdfacdec736f1	taiwanese_english	taiwanese-basic	historical-authored-examples	half	goakapibos	docs/language-contract-benchmark/conversations/inputs.tsv	56312	taiwanese-basic:1956	1948:0/clause	regression; already evaluated
00cc99a41ed95101311073eeadde06e7345292567f6eaa11b86a55a57d9c48ec	taiwanese_english	taiwanese-basic	historical-authored-examples	half	b	docs/language-contract-benchmark/conversations/inputs.tsv	46156	taiwanese-basic:1956	1290:0:6/word	regression; already evaluated
00e7c10307b4703652da30219b399df2e8e58faeaca2f57b6d82215640797a6d	taiwanese_english	taiwanese-basic	historical-authored-examples	half	chitesiansinnchingau	docs/language-contract-benchmark/conversations/inputs.tsv	51274	taiwanese-basic:1956	2893:0/clause	regression; already evaluated
00ea9bb05d6f9d40effd130d2365cdfce87a078929702ead0899cca6c3e12660	taiwanese_english	taiwanese-basic	historical-authored-examples	half	g	docs/language-contract-benchmark/conversations/inputs.tsv	53859	taiwanese-basic:1956	4993:0:3/word	regression; already evaluated
0143795a4f79bd2f8e8cedb1664cec58665f9f849814f7b3976fdfb6c6139c21	taiwanese_english	taiwanese-basic	historical-authored-examples	half	liusimm	docs/language-contract-benchmark/conversations/inputs.tsv	57552	taiwanese-basic:1956	1875:0/clause	regression; already evaluated
0173fdb71bf7ab1a6b04b1ed55d4796d4882b2f530350ed3040c8ec6b47d75d2	taiwanese_english	taiwanese-basic	historical-authored-examples	half	chun	docs/language-contract-benchmark/conversations/inputs.tsv	49481	taiwanese-basic:1956	282:0:2/word	regression; already evaluated
0044070f762827423d26606b9ea5baf49b5b7e5c18f2ba8b2cd2590dbbbcdba0	taiwanese_english	taiwanese-basic	historical-authored-examples	initials	ccsktalkt	docs/language-contract-benchmark/conversations/inputs.tsv	54788	taiwanese-basic:1956	4544:0/clause	regression; already evaluated
004c56e41bf094e4128ed17b8af34df01c110f4b525e0aa5258cc119c36cb28b	taiwanese_english	taiwanese-basic	historical-authored-examples	initials	cscgtebt	docs/language-contract-benchmark/conversations/inputs.tsv	46582	taiwanese-basic:1956	1367:0/clause	regression; already evaluated
00d70db737c007b350e53ad5b7cf0e1aec75298cabcb40f4f0f581d24e77c9b1	taiwanese_english	taiwanese-basic	historical-authored-examples	initials	ceclcgt	docs/language-contract-benchmark/conversations/inputs.tsv	59367	taiwanese-basic:1956	5242:0/clause	regression; already evaluated
00eea578d9ec715750cbe4bc3ba654d2bda2e39fb538593d7674e04ff26dba62	taiwanese_english	taiwanese-basic	historical-authored-examples	initials	helessklbkk	docs/language-contract-benchmark/conversations/inputs.tsv	50512	taiwanese-basic:1956	4481:0/clause	regression; already evaluated
01109f87b7466c56a629403884751a37ac891c21cb346a3eba59c93754b0b216	taiwanese_english	taiwanese-basic	historical-authored-examples	initials	g	docs/language-contract-benchmark/conversations/inputs.tsv	55718	taiwanese-basic:1956	804:0:0/word	regression; already evaluated
011b6a76902e657f59ca8012f53b1d0c166b0469f74012e81876f5c745426084	taiwanese_english	taiwanese-basic	historical-authored-examples	initials	hklbi	docs/language-contract-benchmark/conversations/inputs.tsv	48551	taiwanese-basic:1956	149:0/clause	regression; already evaluated
01684af0b6f1a6fab70a8d5f495e79d4eacba71f4564a031e3821ee2a2f88018	taiwanese_english	taiwanese-basic	historical-authored-examples	initials	gbtt	docs/language-contract-benchmark/conversations/inputs.tsv	56456	taiwanese-basic:1956	4836:0/clause	regression; already evaluated
019986f5d3500823c8dd6668962b7455864c38d4b946888467f2b22363bb727d	taiwanese_english	taiwanese-basic	historical-authored-examples	initials	tc	docs/language-contract-benchmark/conversations/inputs.tsv	58372	taiwanese-basic:1956	186:0:3/word	regression; already evaluated
01af8a45e22ca03265132b15066578cd54e7437649833d95552d23e92a13b0dd	taiwanese_english	taiwanese-basic	historical-authored-examples	initials	l	docs/language-contract-benchmark/conversations/inputs.tsv	57324	taiwanese-basic:1956	4165:0:0/word	regression; already evaluated
01f35d5352b8fa8046278f2d2c46826babd19b913d7bc007941dbf7a0a1530bf	taiwanese_english	taiwanese-basic	historical-authored-examples	initials	clpccl	docs/language-contract-benchmark/conversations/inputs.tsv	50049	taiwanese-basic:1956	3641:0/clause	regression; already evaluated
02214e83440bfdfadb666782c2fd209b5f73c605930533f204ecc5659f8fae5a	taiwanese_english	taiwanese-basic	historical-authored-examples	initials	ptlkgtbsckc	docs/language-contract-benchmark/conversations/inputs.tsv	59351	taiwanese-basic:1956	425:0/clause	regression; already evaluated
022874516d211f41367dc8c4b9b6cddecd43df094f0d2e66bd8b6581f2f244f5	taiwanese_english	taiwanese-basic	historical-authored-examples	initials	ll	docs/language-contract-benchmark/conversations/inputs.tsv	51220	taiwanese-basic:1956	3120:6:11/word	regression; already evaluated
023a0fe357a0aaf5887847fa17e81824fd1d7f480c891fe241bfe4a5b2673098	taiwanese_english	taiwanese-basic	historical-authored-examples	initials	slkch	docs/language-contract-benchmark/conversations/inputs.tsv	50352	taiwanese-basic:1956	2220:5/clause	regression; already evaluated
02473d5e4f96f598bea4da1060b9994666bf9a76515625461172918984b69d3d	taiwanese_english	taiwanese-basic	historical-authored-examples	initials	lmtltskt	docs/language-contract-benchmark/conversations/inputs.tsv	58412	taiwanese-basic:1956	3324:0/clause	regression; already evaluated
0282d75827d432aacb9cae095eef3c9e689ff923598ad619a9ffd50ff639056f	taiwanese_english	taiwanese-basic	historical-authored-examples	initials	mt	docs/language-contract-benchmark/conversations/inputs.tsv	55671	taiwanese-basic:1956	1685:0:1/word	regression; already evaluated
0298269efc0f81ea5bbd3994094f5ffa529b173d980b11e192b66cd3deb356f0	taiwanese_english	taiwanese-basic	historical-authored-examples	initials	c	docs/language-contract-benchmark/conversations/inputs.tsv	50853	taiwanese-basic:1956	3323:0:6/word	regression; already evaluated
000c907577da2dcb1408e1be6b7023bda8e94af3897c4a69044df6c6b5c4b132	taiwanese_english	taiwanese-basic	historical-authored-examples	mixed	helchingchiahtchiaht	docs/language-contract-benchmark/conversations/inputs.tsv	45818	taiwanese-basic:1956	4592:0/clause	regression; already evaluated
009831f55b223108b6262195455c168131e9caf1f1eaa1d6ae09332aaefc9b94	taiwanese_english	taiwanese-basic	historical-authored-examples	mixed	t	docs/language-contract-benchmark/conversations/inputs.tsv	57404	taiwanese-basic:1956	2659:1:4/word	regression; already evaluated
00d3d4b76bba27b571cebf2927bb75f7d252077c8a1f78dc802ff64f9410e9c4	taiwanese_english	taiwanese-basic	historical-authored-examples	mixed	isoohlangttoasjik	docs/language-contract-benchmark/conversations/inputs.tsv	58397	taiwanese-basic:1956	4676:0/clause	regression; already evaluated
00ec7efe740f2bb64bfc88f216aa994aa63259b713b884b1309b1ec618d80cbb	taiwanese_english	taiwanese-basic	historical-authored-examples	mixed	mthanghiciann	docs/language-contract-benchmark/conversations/inputs.tsv	61279	taiwanese-basic:1956	1655:1/clause	regression; already evaluated
00f3889ab5ca77955ee20a1baffbf45e09f7226f63290a5bd71f5d90a39e2284	taiwanese_english	taiwanese-basic	historical-authored-examples	mixed	k	docs/language-contract-benchmark/conversations/inputs.tsv	60395	taiwanese-basic:1956	2831:0:1/word	regression; already evaluated
011661d23ce10a35e7ae3db71c8f26d8947dc908607d347d400641e3c2138617	taiwanese_english	taiwanese-basic	historical-authored-examples	mixed	kthong	docs/language-contract-benchmark/conversations/inputs.tsv	59026	taiwanese-basic:1956	1712:0:3/word	regression; already evaluated
0131485f8c73784afd2a685f4ceb3b6c176d48770f3681cf7e0f097f2a4e4c05	taiwanese_english	taiwanese-basic	historical-authored-examples	mixed	opoannnsehaikle	docs/language-contract-benchmark/conversations/inputs.tsv	60800	taiwanese-basic:1956	2522:0/clause	regression; already evaluated
0134d87a0716bbb36d0e65b502916046aff3dac3d3cc63106061d95663bcb24c	taiwanese_english	taiwanese-basic	historical-authored-examples	mixed	helessiongklangbkangk	docs/language-contract-benchmark/conversations/inputs.tsv	50513	taiwanese-basic:1956	4481:0/clause	regression; already evaluated
01400102d35880d2d346b00f431d86a39782dd9305dc798b477aec95078165e6	taiwanese_english	taiwanese-basic	historical-authored-examples	mixed	changtchisbesamsi	docs/language-contract-benchmark/conversations/inputs.tsv	53314	taiwanese-basic:1956	4275:0/clause	regression; already evaluated
0156c5c9a0330dff2842b2bdd1fb3484d26170f869e4f3f3f9ef49235685fa30	taiwanese_english	taiwanese-basic	historical-authored-examples	mixed	skahlbockhi	docs/language-contract-benchmark/conversations/inputs.tsv	54201	taiwanese-basic:1956	2220:9/clause	regression; already evaluated
01e4ee800d83291d50b6fb47881cbfa6e9e8459795bab6b8546e6e131de88f7a	taiwanese_english	taiwanese-basic	historical-authored-examples	mixed	s	docs/language-contract-benchmark/conversations/inputs.tsv	54288	taiwanese-basic:1956	3195:4:3/word	regression; already evaluated
020323a785b12bcf61d5848ca5e6da6c9ee7b1d3afd36c74097a8a2fce408541	taiwanese_english	taiwanese-basic	historical-authored-examples	mixed	canchostoakkeesooctaikuhthai	docs/language-contract-benchmark/conversations/inputs.tsv	45675	taiwanese-basic:1956	4388:0/clause	regression; already evaluated
020edbbcf9fb90449c565d22cf9380b7ecf4251dcb5d6e203c9b65341e73d5ba	taiwanese_english	taiwanese-basic	historical-authored-examples	mixed	lesattesmih	docs/language-contract-benchmark/conversations/inputs.tsv	47454	taiwanese-basic:1956	4024:0/clause	regression; already evaluated
021099fe5a6bc2a17b808e55550adf498ee9b9ecfc9bd3c385180ed38ada6453	taiwanese_english	taiwanese-basic	historical-authored-examples	mixed	smih	docs/language-contract-benchmark/conversations/inputs.tsv	57452	taiwanese-basic:1956	1395:1:4/word	regression; already evaluated
021d5d38657cd41a53de6ff6be5089ce7823967aef8529b808b65a8440224e39	taiwanese_english	taiwanese-basic	historical-authored-examples	mixed	ltituithokb	docs/language-contract-benchmark/conversations/inputs.tsv	53156	taiwanese-basic:1956	1774:0/clause	regression; already evaluated
022e7221f1f25547c3dbc134435b6c1a706dfd9d1d43dd834f9504f1da0e99b5	taiwanese_english	taiwanese-basic	historical-authored-examples	mixed	ltiohahokcpeb	docs/language-contract-benchmark/conversations/inputs.tsv	55394	taiwanese-basic:1956	1773:0/clause	regression; already evaluated
00113e5693de7e298d949da1d1aac916ae496ba3093a2598a794b6511fa173ad	taiwanese_english	taiwanese-basic	historical-authored-examples	neighbor	iaukeng	docs/language-contract-benchmark/conversations/inputs.tsv	46178	taiwanese-basic:1956	1965:0:3/word	regression; already evaluated
0016c67632a7733a259e53b065d4004de37daef94d95b46d985d9523ffcf39ac	taiwanese_english	taiwanese-basic	historical-authored-examples	neighbor	hitelangekhakuthoolangphahtnglhi	docs/language-contract-benchmark/conversations/inputs.tsv	46729	taiwanese-basic:1956	3109:0/clause	regression; already evaluated
00176bb49d293aea43696f0809ea4ee1b37f3c9df72b9d5b66a945c45436cc98	taiwanese_english	taiwanese-basic	historical-authored-examples	neighbor	joanui	docs/language-contract-benchmark/conversations/inputs.tsv	47225	taiwanese-basic:1956	1693:0:2/word	regression; already evaluated
0018716fb99011ba4a91e16c9d724af47d044c8110d41d7bd29a0ef2717a1565	taiwanese_english	taiwanese-basic	historical-authored-examples	neighbor	bpeh	docs/language-contract-benchmark/conversations/inputs.tsv	61925	taiwanese-basic:1956	72:0:4/word	regression; already evaluated
002cb2e491df763d475b168cbd0997c333150dba9c6d34d7adfeb4c7511dbc51	taiwanese_english	taiwanese-basic	historical-authored-examples	neighbor	tangsiboehsoankoanyiunn	docs/language-contract-benchmark/conversations/inputs.tsv	52730	taiwanese-basic:1956	4451:0/clause	regression; already evaluated
00499974917f509170f357faed00edca95046204e09b0aab6d28d553c234977f	taiwanese_english	taiwanese-basic	historical-authored-examples	neighbor	yhe	docs/language-contract-benchmark/conversations/inputs.tsv	48086	taiwanese-basic:1956	1101:0:1/word	regression; already evaluated
00647a2c55eb4f5b509e4d3ded04740cf2a29c6c4566b3e31ea8e1ad5684f44e	taiwanese_english	taiwanese-basic	historical-authored-examples	neighbor	lenhhun	docs/language-contract-benchmark/conversations/inputs.tsv	50252	taiwanese-basic:1956	909:0:2/word	regression; already evaluated
00b8ca9143ae3ca17e7958016886a24c573ed48a532d4d9500de22c96dc14156	taiwanese_english	taiwanese-basic	historical-authored-examples	neighbor	moh	docs/language-contract-benchmark/conversations/inputs.tsv	48229	taiwanese-basic:1956	1339:0:5/word	regression; already evaluated
00cc377b92abd637704e86dd1b74e30f5f8ce2e7ec8ba5c5edced7bf083ee80e	taiwanese_english	taiwanese-basic	historical-authored-examples	neighbor	chhanchngkang	docs/language-contract-benchmark/conversations/inputs.tsv	50284	taiwanese-basic:1956	4176:0:0/word	regression; already evaluated
0105744ff4687f05cf519328de25405ea08d95a9646212f87d27248c4f597cdd	taiwanese_english	taiwanese-basic	historical-authored-examples	neighbor	bayle	docs/language-contract-benchmark/conversations/inputs.tsv	53485	taiwanese-basic:1956	187:2:2/word	regression; already evaluated
0129eeed3ec4dc84bbe16ffbab0e9208b4bf125c0dad86b77fb09074661f729f	taiwanese_english	taiwanese-basic	historical-authored-examples	neighbor	tiojai	docs/language-contract-benchmark/conversations/inputs.tsv	49105	taiwanese-basic:1956	5425:0:2/word	regression; already evaluated
01785ac5bd05f9904a1cf244391d81186e574d61e06d4942b3270884a2a56626	taiwanese_english	taiwanese-basic	historical-authored-examples	neighbor	likhimngkhosnniboehlaibo	docs/language-contract-benchmark/conversations/inputs.tsv	52888	taiwanese-basic:1956	2658:0/clause	regression; already evaluated
017a9a824c2711bfd5aed2c03e49eb1b3e2ec288a019556a41d080aea0356cb1	taiwanese_english	taiwanese-basic	historical-authored-examples	neighbor	paklhilai	docs/language-contract-benchmark/conversations/inputs.tsv	58680	taiwanese-basic:1956	3646:0:2/word	regression; already evaluated
018a61addb3b1c6257602a8bea1e50f5defe2ff7b7013b5e36e4afceab568d06	taiwanese_english	taiwanese-basic	historical-authored-examples	neighbor	isichitekhpkathau	docs/language-contract-benchmark/conversations/inputs.tsv	56032	taiwanese-basic:1956	2804:1/clause	regression; already evaluated
01de35ff164c265a11404886511e5dee236b198f943ed67b65fb5a24343e1a60	taiwanese_english	taiwanese-basic	historical-authored-examples	neighbor	khangkhoenacjokoetooephoapinn	docs/language-contract-benchmark/conversations/inputs.tsv	52523	taiwanese-basic:1956	5280:0/clause	regression; already evaluated
01ee5419e17f378d86e5066aa1e9734c0297b49f5eccc32cb872fdc287439a82	taiwanese_english	taiwanese-basic	historical-authored-examples	neighbor	cjin	docs/language-contract-benchmark/conversations/inputs.tsv	45829	taiwanese-basic:1956	4592:0:3/word	regression; already evaluated
00176fec64c92396e7f1b89f682b9eb20b8ab11e9bd8c2d489e36b4aa08eaf42	taiwanese_english	taiwanese-basic	historical-authored-examples	omission	chhoncho	docs/language-contract-benchmark/conversations/inputs.tsv	61367	taiwanese-basic:1956	856:0:1/word	regression; already evaluated
001a9e2c57b74fceb6bcedfacfc4df9456b8dc4aa21d6407f64ef1592edcff65	taiwanese_english	taiwanese-basic	historical-authored-examples	omission	engtng	docs/language-contract-benchmark/conversations/inputs.tsv	55863	taiwanese-basic:1956	4824:0:7/word	regression; already evaluated
003686f2cff3d80ebf120d6e61a01fe8b365189b32a7d5ec7366e58e5ede144d	taiwanese_english	taiwanese-basic	historical-authored-examples	omission	i	docs/language-contract-benchmark/conversations/inputs.tsv	53356	taiwanese-basic:1956	2802:0:0/word	regression; already evaluated
0061d035b54571fd2c0699e8b246da7547c22646d605c3177250a91f6d08679d	taiwanese_english	taiwanese-basic	historical-authored-examples	omission	ap	docs/language-contract-benchmark/conversations/inputs.tsv	48818	taiwanese-basic:1956	4103:0:2/word	regression; already evaluated
0071484c907d9b4b7dcce5e8895c69984ad193b8be560cb7dc8e83d304ffe48e	taiwanese_english	taiwanese-basic	historical-authored-examples	omission	gon	docs/language-contract-benchmark/conversations/inputs.tsv	55023	taiwanese-basic:1956	3771:1:2/word	regression; already evaluated
007c581e512d67d84ee21d168bc7dcd2c1607b5a79adc9e7ea847145f0d9afbe	taiwanese_english	taiwanese-basic	historical-authored-examples	omission	boh	docs/language-contract-benchmark/conversations/inputs.tsv	61461	taiwanese-basic:1956	1793:0:6/word	regression; already evaluated
0084bf53632c27dd2a14080b8299f00be16143c4bbd19826ec59a87ccb87ea79	taiwanese_english	taiwanese-basic	historical-authored-examples	omission	thauhak	docs/language-contract-benchmark/conversations/inputs.tsv	55119	taiwanese-basic:1956	1596:0:1/word	regression; already evaluated
00d9ab57a9798d2d7e1f5f425260cc56522d888f4b64a1bae36bd3a2980fb53e	taiwanese_english	taiwanese-basic	historical-authored-examples	omission	o	docs/language-contract-benchmark/conversations/inputs.tsv	55815	taiwanese-basic:1956	2750:0:6/word	regression; already evaluated
01c40edb81469e4701e24e5cdf5a54aa0f1a80b6e43c367217659388b67370b9	taiwanese_english	taiwanese-basic	historical-authored-examples	omission	goasenglng	docs/language-contract-benchmark/conversations/inputs.tsv	49820	taiwanese-basic:1956	2599:0:0/word	regression; already evaluated
021ac5c419d0cee07bcaa218a2134e45edbcf2398a3d8468b875b157a2f39377	taiwanese_english	taiwanese-basic	historical-authored-examples	omission	boehengchheakalihah	docs/language-contract-benchmark/conversations/inputs.tsv	57303	taiwanese-basic:1956	636:0/clause	regression; already evaluated
023e0299a9ab3b5791fea48923111427218ba831ae2e3244295be3d1cd080690	taiwanese_english	taiwanese-basic	historical-authored-examples	omission	khoan	docs/language-contract-benchmark/conversations/inputs.tsv	59044	taiwanese-basic:1956	2659:2:1/word	regression; already evaluated
02a05f215f1b4242cec4a4d2dcc0192b14ab551cf6f7f01ceae8fa863e0cb812	taiwanese_english	taiwanese-basic	historical-authored-examples	omission	sanhhangausuhchui	docs/language-contract-benchmark/conversations/inputs.tsv	61757	taiwanese-basic:1956	4492:1/clause	regression; already evaluated
02bda7074bfb5871b591cbe49a7ab40827a5e95f56ad3cb2cd7d64a3e9378fda	taiwanese_english	taiwanese-basic	historical-authored-examples	omission	mthanghogoa	docs/language-contract-benchmark/conversations/inputs.tsv	54361	taiwanese-basic:1956	1662:0/clause	regression; already evaluated
0336e24432fa708538852063c45bfcd185e0a7d55a9c82b91ca6bd6b9271b580	taiwanese_english	taiwanese-basic	historical-authored-examples	omission	paktooeiube	docs/language-contract-benchmark/conversations/inputs.tsv	57064	taiwanese-basic:1956	1285:3/clause	regression; already evaluated
034edba914389cd359391a86671f7ab379c97fb6ec1ed703862af7a44255cdc0	taiwanese_english	taiwanese-basic	historical-authored-examples	omission	kanli	docs/language-contract-benchmark/conversations/inputs.tsv	50012	taiwanese-basic:1956	2950:0:3/word	regression; already evaluated
039b12fde0a36df305798956c67eaea6e1364c11832da114aa74eff5ab137409	taiwanese_english	taiwanese-basic	historical-authored-examples	omission	he	docs/language-contract-benchmark/conversations/inputs.tsv	49740	taiwanese-basic:1956	1068:0:2/word	regression; already evaluated
009b3810cfaca92c9135f15060ec0f3a4caac7a76836604039dea4ae087894c0	taiwanese_english	taiwanese-basic	historical-authored-examples	transpose	il	docs/language-contract-benchmark/conversations/inputs.tsv	57150	taiwanese-basic:1956	4182:0:2/word	regression; already evaluated
00f122653968d57b0e2c9ef62024f1fd2e0f1a26640427c2a44854893bf0b2a7	taiwanese_english	taiwanese-basic	historical-authored-examples	transpose	lagn	docs/language-contract-benchmark/conversations/inputs.tsv	58470	taiwanese-basic:1956	4218:0:3/word	regression; already evaluated
00f89736ae6d7765520f47e7b808e92e838ad12f3542d71119bda5d744ddf543	taiwanese_english	taiwanese-basic	historical-authored-examples	transpose	osoliansibutchitchugiekokka	docs/language-contract-benchmark/conversations/inputs.tsv	51804	taiwanese-basic:1956	423:0/clause	regression; already evaluated
0139d23f228900cd368bae938808f67724d08885911c6a254eec84318d0451ee	taiwanese_english	taiwanese-basic	historical-authored-examples	transpose	kakchhinn	docs/language-contract-benchmark/conversations/inputs.tsv	54990	taiwanese-basic:1956	2250:0:3/word	regression; already evaluated
01583fda24a8d2883bf515d8eead2f372d8cf51f198a44ebe63fc5b236f8f799	taiwanese_english	taiwanese-basic	historical-authored-examples	transpose	chitteicheachinhohcaiginna	docs/language-contract-benchmark/conversations/inputs.tsv	56666	taiwanese-basic:1956	1630:0/clause	regression; already evaluated
01588921cffb57b57c501d327bc8797c2663d74fe02de546fb29b59df5820cc3	taiwanese_english	taiwanese-basic	historical-authored-examples	transpose	likiannloochhinchhiunknoosoe	docs/language-contract-benchmark/conversations/inputs.tsv	51550	taiwanese-basic:1956	4410:0/clause	regression; already evaluated
01779ea14eb916f0bda1131298b5dd76549157ba05bf583d7d555668d6057149	taiwanese_english	taiwanese-basic	historical-authored-examples	transpose	tinale	docs/language-contract-benchmark/conversations/inputs.tsv	45700	taiwanese-basic:1956	5136:0:4/word	regression; already evaluated
0189203b03de308efef4f1af6077b36b4a24a3f29292c2513ac1d274e38a44a2	taiwanese_english	taiwanese-basic	historical-authored-examples	transpose	ichingauliuali	docs/language-contract-benchmark/conversations/inputs.tsv	46568	taiwanese-basic:1956	3289:0/clause	regression; already evaluated
019cc1220ad1f657497be48ba9459170e55f3c60f6584eaad0b412d8d99c5923	taiwanese_english	taiwanese-basic	historical-authored-examples	transpose	ia	docs/language-contract-benchmark/conversations/inputs.tsv	54830	taiwanese-basic:1956	3301:0:1/word	regression; already evaluated
01ce4bbcceeede2d4f34947e2d1bfceef6e64f7fac5e60548effe7354788e961	taiwanese_english	taiwanese-basic	historical-authored-examples	transpose	e	docs/language-contract-benchmark/conversations/inputs.tsv	57071	taiwanese-basic:1956	1285:3:1/word	regression; already evaluated
01de9b52d7e1ddb86239e6405485061e936438bb7c0c0e3bd1d27504f97b7869	taiwanese_english	taiwanese-basic	historical-authored-examples	transpose	thammthangsikephui	docs/language-contract-benchmark/conversations/inputs.tsv	48442	taiwanese-basic:1956	4721:0/clause	regression; already evaluated
024c8c5ba2dee2ba628db456191bee6b9ddad51ec770ab61e1395309c0dde720	taiwanese_english	taiwanese-basic	historical-authored-examples	transpose	isichtikengkongsiekanpoo	docs/language-contract-benchmark/conversations/inputs.tsv	46552	taiwanese-basic:1956	2272:0/clause	regression; already evaluated
02c234e57f93ef77c928c1646bf0db09a097f8e172cda3fb9d86b61dedafcb47	taiwanese_english	taiwanese-basic	historical-authored-examples	transpose	chhiannliottochikau	docs/language-contract-benchmark/conversations/inputs.tsv	48617	taiwanese-basic:1956	903:0/clause	regression; already evaluated
02f9e607b21c77c09eb846d3bb30737706d81943003b151912749f354ee7650b	taiwanese_english	taiwanese-basic	historical-authored-examples	transpose	oh	docs/language-contract-benchmark/conversations/inputs.tsv	61524	taiwanese-basic:1956	4158:0:3/word	regression; already evaluated
0304d15bb2dfb7b4e1059963d38e4724a54f62f6c2a313db01199d2612131e35	taiwanese_english	taiwanese-basic	historical-authored-examples	transpose	beo	docs/language-contract-benchmark/conversations/inputs.tsv	46400	taiwanese-basic:1956	2283:0:6/word	regression; already evaluated
0307bdea6e4d2dac8acf7d35a719021c855ac5928d2e7a00520f71a5334b2ca8	taiwanese_english	taiwanese-basic	historical-authored-examples	transpose	chitpunsepunhcheh	docs/language-contract-benchmark/conversations/inputs.tsv	60881	taiwanese-basic:1956	4082:0/clause	regression; already evaluated
