taiwanese-basic:564	full	chhoanpankongchhu	Chhoan Pān-kong-chhù
taiwanese-basic:564	prefix	chhoanpan	Chhoan Pān-kong-chhù
taiwanese-basic:564	initials	cpkc	Chhoan Pān-kong-chhù
taiwanese-basic:565	full	chhoantiunn	Chhoan Tiúⁿ
taiwanese-basic:565	prefix	chhoan	Chhoan Tiúⁿ
taiwanese-basic:565	initials	ct	Chhoan Tiúⁿ
taiwanese-basic:543	full	chhichenghu	Chhī Chèng-hú
taiwanese-basic:543	prefix	chhich	Chhī Chèng-hú
taiwanese-basic:543	initials	cch	Chhī Chèng-hú
taiwanese-basic:552	full	chhikongsoo	Chhī Kong-só͘
taiwanese-basic:552	prefix	chhiko	Chhī Kong-só͘
taiwanese-basic:552	initials	cks	Chhī Kong-só͘
taiwanese-basic:544	full	chhitiunn	Chhī Tiúⁿ
taiwanese-basic:544	prefix	chhit	Chhī Tiúⁿ
taiwanese-basic:544	initials	ct	Chhī Tiúⁿ
taiwanese-basic:553	full	chhitiunn	Chhī tiúⁿ
taiwanese-basic:553	prefix	chhit	Chhī tiúⁿ
taiwanese-basic:553	initials	ct	Chhī tiúⁿ
taiwanese-basic:558	full	hiongkongsoo	Hiong Kong-só͘
taiwanese-basic:558	prefix	hiongk	Hiong Kong-só͘
taiwanese-basic:558	initials	hks	Hiong Kong-só͘
taiwanese-basic:559	full	hiongtiunn	Hiong Tiúⁿ
taiwanese-basic:559	prefix	hiong	Hiong Tiúⁿ
taiwanese-basic:559	initials	ht	Hiong Tiúⁿ
taiwanese-basic:2140	full	jinbatthianchu	Jīn bat Thian-chú
taiwanese-basic:2140	prefix	jinbatt	Jīn bat Thian-chú
taiwanese-basic:2140	initials	jbtc	Jīn bat Thian-chú
taiwanese-basic:2220	full	kah	KAH
taiwanese-basic:2220	prefix	ka	KAH
taiwanese-basic:2220	initials	k	KAH
taiwanese-basic:549	full	khukongsoo	Khu Kong-só͘
taiwanese-basic:549	prefix	khuko	Khu Kong-só͘
taiwanese-basic:549	initials	kks	Khu Kong-só͘
taiwanese-basic:550	full	khutiunn	Khu Tiúⁿ
taiwanese-basic:550	prefix	khut	Khu Tiúⁿ
taiwanese-basic:550	initials	kt	Khu Tiúⁿ
taiwanese-basic:546	full	koanchenghu	Koān Chèng-hú
taiwanese-basic:546	prefix	koanch	Koān Chèng-hú
taiwanese-basic:546	initials	kch	Koān Chèng-hú
taiwanese-basic:547	full	koantiunn	Koān Tiúⁿ
taiwanese-basic:547	prefix	koant	Koān Tiúⁿ
taiwanese-basic:547	initials	kt	Koān Tiúⁿ
taiwanese-basic:561	full	lipankongchhu	Lí Pān-kong-chhù
taiwanese-basic:561	prefix	lipanko	Lí Pān-kong-chhù
taiwanese-basic:561	initials	lpkc	Lí Pān-kong-chhù
taiwanese-basic:562	full	litiunn	Lí Tiúⁿ
taiwanese-basic:562	prefix	liti	Lí Tiúⁿ
taiwanese-basic:562	initials	lt	Lí Tiúⁿ
taiwanese-basic:1465	full	lihai	Lī-hāi
taiwanese-basic:1465	prefix	lih	Lī-hāi
taiwanese-basic:1465	initials	lh	Lī-hāi
taiwanese-basic:540	full	sengchenghu	Séng Chèng-hú
taiwanese-basic:540	prefix	sengch	Séng Chèng-hú
taiwanese-basic:540	initials	sch	Séng Chèng-hú
taiwanese-basic:541	full	sengchusek	Séng Chú-sek
taiwanese-basic:541	prefix	sengc	Séng Chú-sek
taiwanese-basic:541	initials	scs	Séng Chú-sek
taiwanese-basic:555	full	tinkongsoo	Tìn Kong-só͘
taiwanese-basic:555	prefix	tinko	Tìn Kong-só͘
taiwanese-basic:555	initials	tks	Tìn Kong-só͘
taiwanese-basic:556	full	tintiunn	Tìn Tiúⁿ
taiwanese-basic:556	prefix	tint	Tìn Tiúⁿ
taiwanese-basic:556	initials	tt	Tìn Tiúⁿ
taiwanese-basic:2	full	a	a
taiwanese-basic:2	prefix	a	a
taiwanese-basic:2	initials	a	a
taiwanese-basic:401	full	abu	a-bú
taiwanese-basic:401	prefix	ab	a-bú
taiwanese-basic:401	initials	ab	a-bú
taiwanese-basic:17	full	achek	a-chek
taiwanese-basic:17	prefix	ach	a-chek
taiwanese-basic:17	initials	ac	a-chek
taiwanese-basic:21	full	achiu	a-chiu
taiwanese-basic:21	prefix	ach	a-chiu
taiwanese-basic:21	initials	ac	a-chiu
taiwanese-basic:899	full	ache	a-ché
taiwanese-basic:899	prefix	ac	a-ché
taiwanese-basic:899	initials	ac	a-ché
taiwanese-basic:899	full	achi	a-chí
taiwanese-basic:899	prefix	ac	a-chí
taiwanese-basic:899	initials	ac	a-chí
taiwanese-basic:1021	full	achim	a-chím
taiwanese-basic:1021	prefix	ach	a-chím
taiwanese-basic:1021	initials	ac	a-chím
taiwanese-basic:3	full	achoo	a-chó͘
taiwanese-basic:3	prefix	ach	a-chó͘
taiwanese-basic:3	initials	ac	a-chó͘
taiwanese-basic:19	full	ahiann	a-hiaⁿ
taiwanese-basic:19	prefix	ahi	a-hiaⁿ
taiwanese-basic:19	initials	ah	a-hiaⁿ
taiwanese-basic:3032	full	akong	a-kong
taiwanese-basic:3032	prefix	ako	a-kong
taiwanese-basic:3032	initials	ak	a-kong
taiwanese-basic:9	full	akoo	a-ko͘
taiwanese-basic:9	prefix	ak	a-ko͘
taiwanese-basic:9	initials	ak	a-ko͘
taiwanese-basic:12	full	akim	a-kīm
taiwanese-basic:12	prefix	ak	a-kīm
taiwanese-basic:12	initials	ak	a-kīm
taiwanese-basic:11	full	aku	a-kū
taiwanese-basic:11	prefix	ak	a-kū
taiwanese-basic:11	initials	ak	a-kū
taiwanese-basic:8	full	ama	a-mà
taiwanese-basic:8	prefix	am	a-mà
taiwanese-basic:8	initials	am	a-mà
taiwanese-basic:3408	full	ama	a-má
taiwanese-basic:3408	prefix	am	a-má
taiwanese-basic:3408	initials	am	a-má
taiwanese-basic:15	full	apeh	a-peh
taiwanese-basic:15	prefix	ap	a-peh
taiwanese-basic:15	initials	ap	a-peh
taiwanese-basic:22	full	aphian	a-phiàn
taiwanese-basic:22	prefix	aph	a-phiàn
taiwanese-basic:22	initials	ap	a-phiàn
taiwanese-basic:20	full	aso	a-só
taiwanese-basic:20	prefix	as	a-só
taiwanese-basic:20	initials	as	a-só
taiwanese-basic:13	full	ai	a-î
taiwanese-basic:13	prefix	a	a-î
taiwanese-basic:13	initials	ai	a-î
taiwanese-basic:16	full	am	a-ḿ
taiwanese-basic:16	prefix	a	a-ḿ
taiwanese-basic:16	initials	am	a-ḿ
taiwanese-basic:1914	full	ah	ah
taiwanese-basic:1914	prefix	a	ah
taiwanese-basic:1914	initials	a	ah
taiwanese-basic:3551	full	ahnng	ah nn̄g
taiwanese-basic:3551	prefix	ahn	ah nn̄g
taiwanese-basic:3551	initials	an	ah nn̄g
taiwanese-basic:133	full	ahbah	ah-bah
taiwanese-basic:133	prefix	ahb	ah-bah
taiwanese-basic:133	initials	ab	ah-bah
taiwanese-basic:26	full	ahbo	ah-bó
taiwanese-basic:26	prefix	ah	ah-bó
taiwanese-basic:26	initials	ab	ah-bó
taiwanese-basic:26	full	ahbu	ah-bú
taiwanese-basic:26	prefix	ah	ah-bú
taiwanese-basic:26	initials	ab	ah-bú
taiwanese-basic:27	full	ahkang	ah-kang
taiwanese-basic:27	prefix	ahk	ah-kang
taiwanese-basic:27	initials	ak	ah-kang
taiwanese-basic:28	full	ahnng	ah-nn̄g
taiwanese-basic:28	prefix	ahn	ah-nn̄g
taiwanese-basic:28	initials	an	ah-nn̄g
taiwanese-basic:25	full	aha	ah-á
taiwanese-basic:25	prefix	ah	ah-á
taiwanese-basic:25	initials	aa	ah-á
taiwanese-basic:50	full	aikeng	ai-keng
taiwanese-basic:50	prefix	aik	ai-keng
taiwanese-basic:50	initials	ak	ai-keng
taiwanese-basic:49	full	aikiu	ai-kiû
taiwanese-basic:49	prefix	aik	ai-kiû
taiwanese-basic:49	initials	ak	ai-kiû
taiwanese-basic:51	full	aikip	ai-ki̍p
taiwanese-basic:51	prefix	aik	ai-ki̍p
taiwanese-basic:51	initials	ak	ai-ki̍p
taiwanese-basic:58	full	akchhiu	ak-chhiú
taiwanese-basic:58	prefix	akch	ak-chhiú
taiwanese-basic:58	initials	ac	ak-chhiú
taiwanese-basic:57	full	akchui	ak-chúi
taiwanese-basic:57	prefix	akc	ak-chúi
taiwanese-basic:57	initials	ac	ak-chúi
taiwanese-basic:54	full	akhoe	ak-hoe
taiwanese-basic:54	prefix	akh	ak-hoe
taiwanese-basic:54	initials	ah	ak-hoe
taiwanese-basic:55	full	akhoo	ak-hō͘
taiwanese-basic:55	prefix	akh	ak-hō͘
taiwanese-basic:55	initials	ah	ak-hō͘
taiwanese-basic:56	full	aktiohhoo	ak-tio̍h-hō͘
taiwanese-basic:56	prefix	aktio	ak-tio̍h-hō͘
taiwanese-basic:56	initials	ath	ak-tio̍h-hō͘
taiwanese-basic:78	full	anchoan	an-choân
taiwanese-basic:78	prefix	anch	an-choân
taiwanese-basic:78	initials	ac	an-choân
taiwanese-basic:79	full	anchoanteit	an-choân tē-it
taiwanese-basic:79	prefix	anchoa	an-choân tē-it
taiwanese-basic:79	initials	acti	an-choân tē-it
taiwanese-basic:81	full	anlok	an-lo̍k
taiwanese-basic:81	prefix	anl	an-lo̍k
taiwanese-basic:81	initials	al	an-lo̍k
taiwanese-basic:80	full	ansim	an-sim
taiwanese-basic:80	prefix	ans	an-sim
taiwanese-basic:80	initials	as	an-sim
taiwanese-basic:5402	full	anui	an-ùi
taiwanese-basic:5402	prefix	an	an-ùi
taiwanese-basic:5402	initials	au	an-ùi
taiwanese-basic:82	full	anun	an-ún
taiwanese-basic:82	prefix	an	an-ún
taiwanese-basic:82	initials	au	an-ún
taiwanese-basic:93	full	ang	ang
taiwanese-basic:93	prefix	an	ang
taiwanese-basic:93	initials	a	ang
taiwanese-basic:94	full	angboo	ang-bó͘
taiwanese-basic:94	prefix	ang	ang-bó͘
taiwanese-basic:94	initials	ab	ang-bó͘
taiwanese-basic:91	full	anga	ang-á
taiwanese-basic:91	prefix	an	ang-á
taiwanese-basic:91	initials	aa	ang-á
taiwanese-basic:92	full	angatoo	ang-á tô͘
taiwanese-basic:92	prefix	anga	ang-á tô͘
taiwanese-basic:92	initials	aat	ang-á tô͘
taiwanese-basic:5275	full	angatoo	ang-á-tô͘
taiwanese-basic:5275	prefix	anga	ang-á-tô͘
taiwanese-basic:5275	initials	aat	ang-á-tô͘
taiwanese-basic:98	full	appek	ap-pek
taiwanese-basic:98	prefix	app	ap-pek
taiwanese-basic:98	initials	ap	ap-pek
taiwanese-basic:99	full	at	at
taiwanese-basic:99	prefix	a	at
taiwanese-basic:99	initials	a	at
taiwanese-basic:3952	full	au	au
taiwanese-basic:3952	prefix	a	au
taiwanese-basic:3952	initials	a	au
taiwanese-basic:120	full	auchiu	au-chiu
taiwanese-basic:120	prefix	auc	au-chiu
taiwanese-basic:120	initials	ac	au-chiu
taiwanese-basic:116	full	aua	au-á
taiwanese-basic:116	prefix	au	au-á
taiwanese-basic:116	initials	aa	au-á
taiwanese-basic:97	full	ap	a̍p
taiwanese-basic:97	prefix	a	a̍p
taiwanese-basic:97	initials	a	a̍p
taiwanese-basic:128	full	bah	bah
taiwanese-basic:128	prefix	ba	bah
taiwanese-basic:128	initials	b	bah
taiwanese-basic:137	full	bahsuh	bah-suh
taiwanese-basic:137	prefix	bah	bah-suh
taiwanese-basic:137	initials	bs	bah-suh
taiwanese-basic:136	full	bahthng	bah-thng
taiwanese-basic:136	prefix	baht	bah-thng
taiwanese-basic:136	initials	bt	bah-thng
taiwanese-basic:160	full	bakchui	bak chúi
taiwanese-basic:160	prefix	bakc	bak chúi
taiwanese-basic:160	initials	bc	bak chúi
taiwanese-basic:183	full	bat	bat
taiwanese-basic:183	prefix	ba	bat
taiwanese-basic:183	initials	b	bat
taiwanese-basic:4091	full	batsesu	bat sè-sū
taiwanese-basic:4091	prefix	bats	bat sè-sū
taiwanese-basic:4091	initials	bss	bat sè-sū
taiwanese-basic:150	full	bakbai	ba̍k-bâi
taiwanese-basic:150	prefix	bak	ba̍k-bâi
taiwanese-basic:150	initials	bb	ba̍k-bâi
taiwanese-basic:4037	full	bakchhiunnsaihu	ba̍k-chhiūⁿ sai-hū
taiwanese-basic:4037	prefix	bakchhiu	ba̍k-chhiūⁿ sai-hū
taiwanese-basic:4037	initials	bcsh	ba̍k-chhiūⁿ sai-hū
taiwanese-basic:158	full	bakchhiunnsaihu	ba̍k-chhiūⁿ-sai-hū
taiwanese-basic:158	prefix	bakchhiu	ba̍k-chhiūⁿ-sai-hū
taiwanese-basic:158	initials	bcsh	ba̍k-chhiūⁿ-sai-hū
taiwanese-basic:1000	full	bakchiap	ba̍k-chiap
taiwanese-basic:1000	prefix	bakc	ba̍k-chiap
taiwanese-basic:1000	initials	bc	ba̍k-chiap
taiwanese-basic:147	full	bakchiu	ba̍k-chiu
taiwanese-basic:147	prefix	bakc	ba̍k-chiu
taiwanese-basic:147	initials	bc	ba̍k-chiu
taiwanese-basic:152	full	bakchiujin	ba̍k-chiu-jîn
taiwanese-basic:152	prefix	bakch	ba̍k-chiu-jîn
taiwanese-basic:152	initials	bcj	ba̍k-chiu-jîn
taiwanese-basic:151	full	bakchiumoo	ba̍k-chiu-mo͘
taiwanese-basic:151	prefix	bakch	ba̍k-chiu-mo͘
taiwanese-basic:151	initials	bcm	ba̍k-chiu-mo͘
taiwanese-basic:153	full	bakchiuphoe	ba̍k-chiu-phôe
taiwanese-basic:153	prefix	bakchi	ba̍k-chiu-phôe
taiwanese-basic:153	initials	bcp	ba̍k-chiu-phôe
taiwanese-basic:159	full	bakchui	ba̍k-chúi
taiwanese-basic:159	prefix	bakc	ba̍k-chúi
taiwanese-basic:159	initials	bc	ba̍k-chúi
taiwanese-basic:154	full	bakioh	ba̍k-io̍h
taiwanese-basic:154	prefix	bak	ba̍k-io̍h
taiwanese-basic:154	initials	bi	ba̍k-io̍h
taiwanese-basic:149	full	bakiu	ba̍k-iû
taiwanese-basic:149	prefix	bak	ba̍k-iû
taiwanese-basic:149	initials	bi	ba̍k-iû
taiwanese-basic:161	full	bakkiah	ba̍k-kia̍h
taiwanese-basic:161	prefix	bakk	ba̍k-kia̍h
taiwanese-basic:161	initials	bk	ba̍k-kia̍h
taiwanese-basic:156	full	bakkiann	ba̍k-kiàⁿ
taiwanese-basic:156	prefix	bakk	ba̍k-kiàⁿ
taiwanese-basic:156	initials	bk	ba̍k-kiàⁿ
taiwanese-basic:146	full	baksai	ba̍k-sái
taiwanese-basic:146	prefix	bak	ba̍k-sái
taiwanese-basic:146	initials	bs	ba̍k-sái
taiwanese-basic:155	full	baksaiko	ba̍k-sái-ko
taiwanese-basic:155	prefix	baks	ba̍k-sái-ko
taiwanese-basic:155	initials	bsk	ba̍k-sái-ko
taiwanese-basic:127	full	bat	ba̍t
taiwanese-basic:127	prefix	ba	ba̍t
taiwanese-basic:127	initials	b	ba̍t
taiwanese-basic:3701	full	batbatbat	ba̍t-ba̍t-ba̍t
taiwanese-basic:3701	prefix	batba	ba̍t-ba̍t-ba̍t
taiwanese-basic:3701	initials	bbb	ba̍t-ba̍t-ba̍t
taiwanese-basic:185	full	batsat	ba̍t-sat
taiwanese-basic:185	prefix	bat	ba̍t-sat
taiwanese-basic:185	initials	bs	ba̍t-sat
taiwanese-basic:188	full	bauh	ba̍uh
taiwanese-basic:188	prefix	ba	ba̍uh
taiwanese-basic:188	initials	b	ba̍uh
taiwanese-basic:216	full	beh	beh
taiwanese-basic:216	prefix	be	beh
taiwanese-basic:216	initials	b	beh
taiwanese-basic:3860	full	behpiah	beh-piah
taiwanese-basic:3860	prefix	behp	beh-piah
taiwanese-basic:3860	initials	bp	beh-piah
taiwanese-basic:1351	full	behge	be̍h-gê
taiwanese-basic:1351	prefix	beh	be̍h-gê
taiwanese-basic:1351	initials	bg	be̍h-gê
taiwanese-basic:213	full	beha	be̍h-á
taiwanese-basic:213	prefix	be	be̍h-á
taiwanese-basic:213	initials	ba	be̍h-á
taiwanese-basic:214	full	behachiu	be̍h-á-chiú
taiwanese-basic:214	prefix	beha	be̍h-á-chiú
taiwanese-basic:214	initials	bac	be̍h-á-chiú
taiwanese-basic:219	full	beklengsiann	be̍k-léng-siâⁿ
taiwanese-basic:219	prefix	beklen	be̍k-léng-siâⁿ
taiwanese-basic:219	initials	bls	be̍k-léng-siâⁿ
taiwanese-basic:220	full	beksiong	be̍k-sióng
taiwanese-basic:220	prefix	beks	be̍k-sióng
taiwanese-basic:220	initials	bs	be̍k-sióng
taiwanese-basic:221	full	beksi	be̍k-sī
taiwanese-basic:221	prefix	bek	be̍k-sī
taiwanese-basic:221	initials	bs	be̍k-sī
taiwanese-basic:222	full	beksilok	be̍k-sī lo̍k
taiwanese-basic:222	prefix	beks	be̍k-sī lo̍k
taiwanese-basic:222	initials	bsl	be̍k-sī lo̍k
taiwanese-basic:255	full	biat	bia̍t
taiwanese-basic:255	prefix	bi	bia̍t
taiwanese-basic:255	initials	b	bia̍t
taiwanese-basic:256	full	biatbong	bia̍t-bông
taiwanese-basic:256	prefix	biat	bia̍t-bông
taiwanese-basic:256	initials	bb	bia̍t-bông
taiwanese-basic:257	full	bih	bih
taiwanese-basic:257	prefix	bi	bih
taiwanese-basic:257	initials	b	bih
taiwanese-basic:258	full	bihsiochhoe	bih sio chhōe
taiwanese-basic:258	prefix	bihsio	bih sio chhōe
taiwanese-basic:258	initials	bsc	bih sio chhōe
taiwanese-basic:244	full	bian	bián
taiwanese-basic:244	prefix	bi	bián
taiwanese-basic:244	initials	b	bián
taiwanese-basic:245	full	biankhi	bián khì
taiwanese-basic:245	prefix	bian	bián khì
taiwanese-basic:245	initials	bk	bián khì
taiwanese-basic:248	full	bianchit	bián-chit
taiwanese-basic:248	prefix	bian	bián-chit
taiwanese-basic:248	initials	bc	bián-chit
taiwanese-basic:247	full	bianle	bián-lē
taiwanese-basic:247	prefix	bia	bián-lē
taiwanese-basic:247	initials	bl	bián-lē
taiwanese-basic:2958	full	biaulekkoan	biâu-le̍k koān
taiwanese-basic:2958	prefix	biaule	biâu-le̍k koān
taiwanese-basic:2958	initials	blk	biâu-le̍k koān
taiwanese-basic:292	full	bio	bió
taiwanese-basic:292	prefix	bi	bió
taiwanese-basic:292	initials	b	bió
taiwanese-basic:293	full	bio	biô
taiwanese-basic:293	prefix	bi	biô
taiwanese-basic:293	initials	b	biô
taiwanese-basic:249	full	bianbok	biān-bo̍k
taiwanese-basic:249	prefix	bian	biān-bo̍k
taiwanese-basic:249	initials	bb	biān-bo̍k
taiwanese-basic:249	full	bianchu	biān-chú
taiwanese-basic:249	prefix	bian	biān-chú
taiwanese-basic:249	initials	bc	biān-chú
taiwanese-basic:291	full	bio	biō
taiwanese-basic:291	prefix	bi	biō
taiwanese-basic:291	initials	b	biō
taiwanese-basic:294	full	bit	bi̍t
taiwanese-basic:294	prefix	bi	bi̍t
taiwanese-basic:294	initials	b	bi̍t
taiwanese-basic:3754	full	bitphang	bi̍t phang
taiwanese-basic:3754	prefix	bitp	bi̍t phang
taiwanese-basic:3754	initials	bp	bi̍t phang
taiwanese-basic:296	full	bitgoat	bi̍t-goa̍t
taiwanese-basic:296	prefix	bitg	bi̍t-goa̍t
taiwanese-basic:296	initials	bg	bi̍t-goa̍t
taiwanese-basic:297	full	bitgoatliheng	bi̍t-goa̍t lí-hêng
taiwanese-basic:297	prefix	bitgoat	bi̍t-goa̍t lí-hêng
taiwanese-basic:297	initials	bglh	bi̍t-goa̍t lí-hêng
taiwanese-basic:301	full	bitgi	bi̍t-gī
taiwanese-basic:301	prefix	bit	bi̍t-gī
taiwanese-basic:301	initials	bg	bi̍t-gī
taiwanese-basic:298	full	bithoe	bi̍t-hōe
taiwanese-basic:298	prefix	bit	bi̍t-hōe
taiwanese-basic:298	initials	bh	bi̍t-hōe
taiwanese-basic:299	full	bitko	bi̍t-kò
taiwanese-basic:299	prefix	bit	bi̍t-kò
taiwanese-basic:299	initials	bk	bi̍t-kò
taiwanese-basic:295	full	bitphang	bi̍t-phang
taiwanese-basic:295	prefix	bitp	bi̍t-phang
taiwanese-basic:295	initials	bp	bi̍t-phang
taiwanese-basic:300	full	bittam	bi̍t-tâm
taiwanese-basic:300	prefix	bit	bi̍t-tâm
taiwanese-basic:300	initials	bt	bi̍t-tâm
taiwanese-basic:340	full	boah	boah
taiwanese-basic:340	prefix	bo	boah
taiwanese-basic:340	initials	b	boah
taiwanese-basic:343	full	boahbakioh	boah ba̍k io̍h
taiwanese-basic:343	prefix	boahb	boah ba̍k io̍h
taiwanese-basic:343	initials	bbi	boah ba̍k io̍h
taiwanese-basic:1751	full	boahhoe	boah hoe
taiwanese-basic:1751	prefix	boah	boah hoe
taiwanese-basic:1751	initials	bh	boah hoe
taiwanese-basic:342	full	boahioha	boah io̍h-á
taiwanese-basic:342	prefix	boah	boah io̍h-á
taiwanese-basic:342	initials	bia	boah io̍h-á
taiwanese-basic:341	full	boahiu	boah iû
taiwanese-basic:341	prefix	boa	boah iû
taiwanese-basic:341	initials	bi	boah iû
taiwanese-basic:344	full	boahpiah	boah piah
taiwanese-basic:344	prefix	boah	boah piah
taiwanese-basic:344	initials	bp	boah piah
taiwanese-basic:345	full	boahhun	boah-hún
taiwanese-basic:345	prefix	boah	boah-hún
taiwanese-basic:345	initials	bh	boah-hún
taiwanese-basic:216	full	boeh	boeh
taiwanese-basic:216	prefix	bo	boeh
taiwanese-basic:216	initials	b	boeh
taiwanese-basic:380	full	boehhoa	boeh hó--à
taiwanese-basic:380	prefix	boeh	boeh hó--à
taiwanese-basic:380	initials	bha	boeh hó--à
taiwanese-basic:3124	full	boehkhi	boeh khì
taiwanese-basic:3124	prefix	boeh	boeh khì
taiwanese-basic:3124	initials	bk	boeh khì
taiwanese-basic:3123	full	boehlaikhi	boeh lai-khì
taiwanese-basic:3123	prefix	boehl	boeh lai-khì
taiwanese-basic:3123	initials	blk	boeh lai-khì
taiwanese-basic:4960	full	boehthooboehthoo	boeh thò͘ boeh thò͘
taiwanese-basic:4960	prefix	boehthoo	boeh thò͘ boeh thò͘
taiwanese-basic:4960	initials	btbt	boeh thò͘ boeh thò͘
taiwanese-basic:5154	full	boehtih	boeh ti̍h
taiwanese-basic:5154	prefix	boeh	boeh ti̍h
taiwanese-basic:5154	initials	bt	boeh ti̍h
taiwanese-basic:379	full	boehama	boeh àm-á
taiwanese-basic:379	prefix	boeh	boeh àm-á
taiwanese-basic:379	initials	baa	boeh àm-á
taiwanese-basic:63	full	boehama	boeh-àm-á
taiwanese-basic:63	prefix	boeh	boeh-àm-á
taiwanese-basic:63	initials	baa	boeh-àm-á
taiwanese-basic:63	full	boehamasi	boeh-àm-á-sî
taiwanese-basic:63	prefix	boeha	boeh-àm-á-sî
taiwanese-basic:63	initials	baas	boeh-àm-á-sî
taiwanese-basic:217	full	boeha	boe̍h-á
taiwanese-basic:217	prefix	boe	boe̍h-á
taiwanese-basic:217	initials	ba	boe̍h-á
taiwanese-basic:389	full	bong	bong
taiwanese-basic:389	prefix	bo	bong
taiwanese-basic:389	initials	b	bong
taiwanese-basic:3470	full	boanchiok	boán-chiok
taiwanese-basic:3470	prefix	boanc	boán-chiok
taiwanese-basic:3470	initials	bc	boán-chiok
taiwanese-basic:384	full	bokchai	bo̍k-châi
taiwanese-basic:384	prefix	bokc	bo̍k-châi
taiwanese-basic:384	initials	bc	bo̍k-châi
taiwanese-basic:2980	full	bokkoe	bo̍k-koe
taiwanese-basic:2980	prefix	bok	bo̍k-koe
taiwanese-basic:2980	initials	bk	bo̍k-koe
taiwanese-basic:386	full	boksu	bo̍k-su
taiwanese-basic:386	prefix	bok	bo̍k-su
taiwanese-basic:386	initials	bs	bo̍k-su
taiwanese-basic:387	full	boktek	bo̍k-te̍k
taiwanese-basic:387	prefix	bok	bo̍k-te̍k
taiwanese-basic:387	initials	bt	bo̍k-te̍k
taiwanese-basic:388	full	boktekte	bo̍k-te̍k-tē
taiwanese-basic:388	prefix	bokt	bo̍k-te̍k-tē
taiwanese-basic:388	initials	btt	bo̍k-te̍k-tē
taiwanese-basic:383	full	boktiunn	bo̍k-tiûⁿ
taiwanese-basic:383	prefix	bokt	bo̍k-tiûⁿ
taiwanese-basic:383	initials	bt	bo̍k-tiûⁿ
taiwanese-basic:385	full	boktong	bo̍k-tông
taiwanese-basic:385	prefix	bokt	bo̍k-tông
taiwanese-basic:385	initials	bt	bo̍k-tông
taiwanese-basic:422	full	butchit	bu̍t-chit
taiwanese-basic:422	prefix	butc	bu̍t-chit
taiwanese-basic:422	initials	bc	bu̍t-chit
taiwanese-basic:423	full	butchitchugi	bu̍t-chit chú-gī
taiwanese-basic:423	prefix	butchi	bu̍t-chit chú-gī
taiwanese-basic:423	initials	bccg	bu̍t-chit chú-gī
taiwanese-basic:426	full	butchu	bu̍t-chu
taiwanese-basic:426	prefix	but	bu̍t-chu
taiwanese-basic:426	initials	bc	bu̍t-chu
taiwanese-basic:424	full	butke	bu̍t-kè
taiwanese-basic:424	prefix	but	bu̍t-kè
taiwanese-basic:424	initials	bk	bu̍t-kè
taiwanese-basic:421	full	butli	bu̍t-lí
taiwanese-basic:421	prefix	but	bu̍t-lí
taiwanese-basic:421	initials	bl	bu̍t-lí
taiwanese-basic:425	full	butsek	bu̍t-sek
taiwanese-basic:425	prefix	but	bu̍t-sek
taiwanese-basic:425	initials	bs	bu̍t-sek
taiwanese-basic:138	full	bai	bái
taiwanese-basic:138	prefix	ba	bái
taiwanese-basic:138	initials	b	bái
taiwanese-basic:167	full	ban	bán
taiwanese-basic:167	prefix	ba	bán
taiwanese-basic:167	initials	b	bán
taiwanese-basic:171	full	banchhai	bán chhài
taiwanese-basic:171	prefix	banc	bán chhài
taiwanese-basic:171	initials	bc	bán chhài
taiwanese-basic:170	full	banhoe	bán hoe
taiwanese-basic:170	prefix	ban	bán hoe
taiwanese-basic:170	initials	bh	bán hoe
taiwanese-basic:168	full	bante	bán tê
taiwanese-basic:168	prefix	ban	bán tê
taiwanese-basic:168	initials	bt	bán tê
taiwanese-basic:169	full	banonglai	bán ông-lâi
taiwanese-basic:169	prefix	banon	bán ông-lâi
taiwanese-basic:169	initials	bol	bán ông-lâi
taiwanese-basic:175	full	bang	báng
taiwanese-basic:175	prefix	ba	báng
taiwanese-basic:175	initials	b	báng
taiwanese-basic:176	full	bangta	báng-tà
taiwanese-basic:176	prefix	ban	báng-tà
taiwanese-basic:176	initials	bt	báng-tà
taiwanese-basic:4613	full	bangtau	báng-tàu
taiwanese-basic:4613	prefix	bang	báng-tàu
taiwanese-basic:4613	initials	bt	báng-tàu
taiwanese-basic:175	full	banga	báng-á
taiwanese-basic:175	prefix	ban	báng-á
taiwanese-basic:175	initials	ba	báng-á
taiwanese-basic:125	full	ba	bâ
taiwanese-basic:125	prefix	b	bâ
taiwanese-basic:125	initials	b	bâ
taiwanese-basic:126	full	baioh	bâ-io̍h
taiwanese-basic:126	prefix	bai	bâ-io̍h
taiwanese-basic:126	initials	bi	bâ-io̍h
taiwanese-basic:172	full	ban	bân
taiwanese-basic:172	prefix	ba	bân
taiwanese-basic:172	initials	b	bân
taiwanese-basic:190	full	be	bé
taiwanese-basic:190	prefix	b	bé
taiwanese-basic:190	initials	b	bé
taiwanese-basic:194	full	bebe	bé-bē
taiwanese-basic:194	prefix	be	bé-bē
taiwanese-basic:194	initials	bb	bé-bē
taiwanese-basic:202	full	becho	bé-chô
taiwanese-basic:202	prefix	bec	bé-chô
taiwanese-basic:202	initials	bc	bé-chô
taiwanese-basic:203	full	betiau	bé-tiâu
taiwanese-basic:203	prefix	bet	bé-tiâu
taiwanese-basic:203	initials	bt	bé-tiâu
taiwanese-basic:229	full	beng	béng
taiwanese-basic:229	prefix	be	béng
taiwanese-basic:229	initials	b	béng
taiwanese-basic:230	full	bengsiu	béng-siù
taiwanese-basic:230	prefix	beng	béng-siù
taiwanese-basic:230	initials	bs	béng-siù
taiwanese-basic:212	full	be	bê
taiwanese-basic:212	prefix	b	bê
taiwanese-basic:212	initials	b	bê
taiwanese-basic:201	full	besin	bê-sìn
taiwanese-basic:201	prefix	bes	bê-sìn
taiwanese-basic:201	initials	bs	bê-sìn
taiwanese-basic:224	full	bengbeng	bêng-bêng
taiwanese-basic:224	prefix	beng	bêng-bêng
taiwanese-basic:224	initials	bb	bêng-bêng
taiwanese-basic:223	full	bengpek	bêng-pe̍k
taiwanese-basic:223	prefix	beng	bêng-pe̍k
taiwanese-basic:223	initials	bp	bêng-pe̍k
taiwanese-basic:3439	full	bengphinn	bêng-phìⁿ
taiwanese-basic:3439	prefix	bengp	bêng-phìⁿ
taiwanese-basic:3439	initials	bp	bêng-phìⁿ
taiwanese-basic:225	full	bengsinphian	bêng-sìn phiàn
taiwanese-basic:225	prefix	bengsi	bêng-sìn phiàn
taiwanese-basic:225	initials	bsp	bêng-sìn phiàn
taiwanese-basic:1792	full	bengsinphian	bêng-sìn-phiàn
taiwanese-basic:1792	prefix	bengsi	bêng-sìn-phiàn
taiwanese-basic:1792	initials	bsp	bêng-sìn-phiàn
taiwanese-basic:237	full	bi	bí
taiwanese-basic:237	prefix	b	bí
taiwanese-basic:237	initials	b	bí
taiwanese-basic:243	full	biboan	bí-boán
taiwanese-basic:243	prefix	bib	bí-boán
taiwanese-basic:243	initials	bb	bí-boán
taiwanese-basic:625	full	bichhau	bí-chhau
taiwanese-basic:625	prefix	bich	bí-chhau
taiwanese-basic:625	initials	bc	bí-chhau
taiwanese-basic:235	full	biionginn	bí-iông-īⁿ
taiwanese-basic:235	prefix	biion	bí-iông-īⁿ
taiwanese-basic:235	initials	bii	bí-iông-īⁿ
taiwanese-basic:242	full	bijin	bí-jîn
taiwanese-basic:242	prefix	bij	bí-jîn
taiwanese-basic:242	initials	bj	bí-jîn
taiwanese-basic:231	full	bikok	bí-kok
taiwanese-basic:231	prefix	bik	bí-kok
taiwanese-basic:231	initials	bk	bí-kok
taiwanese-basic:514	full	bikokche	bí-kok chè
taiwanese-basic:514	prefix	biko	bí-kok chè
taiwanese-basic:514	initials	bkc	bí-kok chè
taiwanese-basic:232	full	bikoklang	bí-kok lâng
taiwanese-basic:232	prefix	bikok	bí-kok lâng
taiwanese-basic:232	initials	bkl	bí-kok lâng
taiwanese-basic:241	full	bile	bí-lē
taiwanese-basic:241	prefix	bi	bí-lē
taiwanese-basic:241	initials	bl	bí-lē
taiwanese-basic:243	full	bimoa	bí-móa
taiwanese-basic:243	prefix	bim	bí-móa
taiwanese-basic:243	initials	bm	bí-móa
taiwanese-basic:233	full	bisut	bí-su̍t
taiwanese-basic:233	prefix	bis	bí-su̍t
taiwanese-basic:233	initials	bs	bí-su̍t
taiwanese-basic:234	full	bisutka	bí-su̍t-ka
taiwanese-basic:234	prefix	bisu	bí-su̍t-ka
taiwanese-basic:234	initials	bsk	bí-su̍t-ka
taiwanese-basic:274	full	bin	bín
taiwanese-basic:274	prefix	bi	bín
taiwanese-basic:274	initials	b	bín
taiwanese-basic:275	full	bina	bín-á
taiwanese-basic:275	prefix	bi	bín-á
taiwanese-basic:275	initials	ba	bín-á
taiwanese-basic:277	full	binbin	bîn-bîn
taiwanese-basic:277	prefix	bin	bîn-bîn
taiwanese-basic:277	initials	bb	bîn-bîn
taiwanese-basic:273	full	binbang	bîn-bāng
taiwanese-basic:273	prefix	binb	bîn-bāng
taiwanese-basic:273	initials	bb	bîn-bāng
taiwanese-basic:281	full	binbong	bîn-bōng
taiwanese-basic:281	prefix	binb	bîn-bōng
taiwanese-basic:281	initials	bb	bîn-bōng
taiwanese-basic:272	full	binchhng	bîn-chhn̂g
taiwanese-basic:272	prefix	binc	bîn-chhn̂g
taiwanese-basic:272	initials	bc	bîn-chhn̂g
taiwanese-basic:288	full	binchiong	bîn-chiòng
taiwanese-basic:288	prefix	binch	bîn-chiòng
taiwanese-basic:288	initials	bc	bîn-chiòng
taiwanese-basic:289	full	binchok	bîn-cho̍k
taiwanese-basic:289	prefix	binc	bîn-cho̍k
taiwanese-basic:289	initials	bc	bîn-cho̍k
taiwanese-basic:287	full	binchuchugi	bîn-chú chú-gī
taiwanese-basic:287	prefix	binchu	bîn-chú chú-gī
taiwanese-basic:287	initials	bccg	bîn-chú chú-gī
taiwanese-basic:285	full	binchukok	bîn-chú kok
taiwanese-basic:285	prefix	binch	bîn-chú kok
taiwanese-basic:285	initials	bck	bîn-chú kok
taiwanese-basic:284	full	binchutek	bîn-chú tek
taiwanese-basic:284	prefix	binch	bîn-chú tek
taiwanese-basic:284	initials	bct	bîn-chú tek
taiwanese-basic:286	full	binchutong	bîn-chú tóng
taiwanese-basic:286	prefix	binch	bîn-chú tóng
taiwanese-basic:286	initials	bct	bîn-chú tóng
taiwanese-basic:5346	full	binchutong	bîn-chú-tóng
taiwanese-basic:5346	prefix	binch	bîn-chú-tóng
taiwanese-basic:5346	initials	bct	bîn-chú-tóng
taiwanese-basic:267	full	binnachaikhi	bîn-ná chái-khí
taiwanese-basic:267	prefix	binnac	bîn-ná chái-khí
taiwanese-basic:267	initials	bnck	bîn-ná chái-khí
taiwanese-basic:268	full	binnationgtau	bîn-ná tiong-tàu
taiwanese-basic:268	prefix	binnati	bîn-ná tiong-tàu
taiwanese-basic:268	initials	bntt	bîn-ná tiong-tàu
taiwanese-basic:271	full	binnaam	bîn-ná àm
taiwanese-basic:271	prefix	binn	bîn-ná àm
taiwanese-basic:271	initials	bna	bîn-ná àm
taiwanese-basic:270	full	binnaepoo	bîn-ná ē-po͘
taiwanese-basic:270	prefix	binna	bîn-ná ē-po͘
taiwanese-basic:270	initials	bnep	bîn-ná ē-po͘
taiwanese-basic:269	full	binnaetau	bîn-ná ē-tàu
taiwanese-basic:269	prefix	binna	bîn-ná ē-tàu
taiwanese-basic:269	initials	bnet	bîn-ná ē-tàu
taiwanese-basic:265	full	binnachai	bîn-ná-chài
taiwanese-basic:265	prefix	binna	bîn-ná-chài
taiwanese-basic:265	initials	bnc	bîn-ná-chài
taiwanese-basic:290	full	binnachaiechimma	bîn-ná-chài ê chím-má
taiwanese-basic:290	prefix	binnacha	bîn-ná-chài ê chím-má
taiwanese-basic:290	initials	bncecm	bîn-ná-chài ê chím-má
taiwanese-basic:266	full	binnajit	bîn-ná-ji̍t
taiwanese-basic:266	prefix	binn	bîn-ná-ji̍t
taiwanese-basic:266	initials	bnj	bîn-ná-ji̍t
taiwanese-basic:1308	full	binnaehng	bîn-ná-ē-hng
taiwanese-basic:1308	prefix	binna	bîn-ná-ē-hng
taiwanese-basic:1308	initials	bneh	bîn-ná-ē-hng
taiwanese-basic:283	full	binsoan	bîn-soán
taiwanese-basic:283	prefix	bins	bîn-soán
taiwanese-basic:283	initials	bs	bîn-soán
taiwanese-basic:282	full	bini	bîn-ì
taiwanese-basic:282	prefix	bi	bîn-ì
taiwanese-basic:282	initials	bi	bîn-ì
taiwanese-basic:396	full	bo	bó
taiwanese-basic:396	prefix	b	bó
taiwanese-basic:396	initials	b	bó
taiwanese-basic:319	full	bochhin	bó-chhin
taiwanese-basic:319	prefix	boch	bó-chhin
taiwanese-basic:319	initials	bc	bó-chhin
taiwanese-basic:347	full	boe	bóe
taiwanese-basic:347	prefix	bo	bóe
taiwanese-basic:347	initials	b	bóe
taiwanese-basic:356	full	boejit	bóe ji̍t
taiwanese-basic:356	prefix	boe	bóe ji̍t
taiwanese-basic:356	initials	bj	bóe ji̍t
taiwanese-basic:362	full	boeahitgoophinn	bóe--a hit gō͘ phiⁿ
taiwanese-basic:362	prefix	boeahitg	bóe--a hit gō͘ phiⁿ
taiwanese-basic:362	initials	bahgp	bóe--a hit gō͘ phiⁿ
taiwanese-basic:356	full	boeahitjit	bóe--a hit ji̍t
taiwanese-basic:356	prefix	boeah	bóe--a hit ji̍t
taiwanese-basic:356	initials	bahj	bóe--a hit ji̍t
taiwanese-basic:360	full	boeahitku	bóe--a hit kù
taiwanese-basic:360	prefix	boeah	bóe--a hit kù
taiwanese-basic:360	initials	bahk	bóe--a hit kù
taiwanese-basic:364	full	boeahitnngpai	bóe--a hit nn̄g pái
taiwanese-basic:364	prefix	boeahit	bóe--a hit nn̄g pái
taiwanese-basic:364	initials	bahnp	bóe--a hit nn̄g pái
taiwanese-basic:358	full	boeahitnnge	bóe--a hit nn̄g ê
taiwanese-basic:358	prefix	boeahi	bóe--a hit nn̄g ê
taiwanese-basic:358	initials	bahne	bóe--a hit nn̄g ê
taiwanese-basic:366	full	boeahitsannku	bóe--a hit saⁿ kù
taiwanese-basic:366	prefix	boeahit	bóe--a hit saⁿ kù
taiwanese-basic:366	initials	bahsk	bóe--a hit saⁿ kù
taiwanese-basic:354	full	boeahite	bóe--a hit ê
taiwanese-basic:354	prefix	boea	bóe--a hit ê
taiwanese-basic:354	initials	bahe	bóe--a hit ê
taiwanese-basic:329	full	boo	bó͘
taiwanese-basic:329	prefix	bo	bó͘
taiwanese-basic:329	initials	b	bó͘
taiwanese-basic:330	full	booboo	bó͘-bó͘
taiwanese-basic:330	prefix	boo	bó͘-bó͘
taiwanese-basic:330	initials	bb	bó͘-bó͘
taiwanese-basic:302	full	bo	bô
taiwanese-basic:302	prefix	b	bô
taiwanese-basic:302	initials	b	bô
taiwanese-basic:182	full	bobang	bô bāng
taiwanese-basic:182	prefix	bob	bô bāng
taiwanese-basic:182	initials	bb	bô bāng
taiwanese-basic:318	full	bochhaikang	bô chhái-kang
taiwanese-basic:318	prefix	bochha	bô chhái-kang
taiwanese-basic:318	initials	bck	bô chhái-kang
taiwanese-basic:326	full	bochui	bô chú-ì
taiwanese-basic:326	prefix	boc	bô chú-ì
taiwanese-basic:326	initials	bci	bô chú-ì
taiwanese-basic:1434	full	bogoankhi	bô goân-khì
taiwanese-basic:1434	prefix	bogoa	bô goân-khì
taiwanese-basic:1434	initials	bgk	bô goân-khì
taiwanese-basic:1703	full	bohoattoo	bô hoat-tō͘
taiwanese-basic:1703	prefix	bohoa	bô hoat-tō͘
taiwanese-basic:1703	initials	bht	bô hoat-tō͘
taiwanese-basic:1531	full	bohauko	bô hāu-kó
taiwanese-basic:1531	prefix	boha	bô hāu-kó
taiwanese-basic:1531	initials	bhk	bô hāu-kó
taiwanese-basic:1952	full	boiaukin	bô iàu-kín
taiwanese-basic:1952	prefix	boia	bô iàu-kín
taiwanese-basic:1952	initials	bik	bô iàu-kín
taiwanese-basic:328	full	boiankoo	bô iân-kò͘
taiwanese-basic:328	prefix	boia	bô iân-kò͘
taiwanese-basic:328	initials	bik	bô iân-kò͘
taiwanese-basic:2123	full	bojinkhi	bô jîn-khì
taiwanese-basic:2123	prefix	boji	bô jîn-khì
taiwanese-basic:2123	initials	bjk	bô jîn-khì
taiwanese-basic:2126	full	bojinto	bô jîn-tō
taiwanese-basic:2126	prefix	boji	bô jîn-tō
taiwanese-basic:2126	initials	bjt	bô jîn-tō
taiwanese-basic:2423	full	bokenggiam	bô keng-giām
taiwanese-basic:2423	prefix	boken	bô keng-giām
taiwanese-basic:2423	initials	bkg	bô keng-giām
taiwanese-basic:323	full	bokoanhe	bô koan-hē
taiwanese-basic:323	prefix	boko	bô koan-hē
taiwanese-basic:323	initials	bkh	bô koan-hē
taiwanese-basic:3090	full	bokuiki	bô kui-kí
taiwanese-basic:3090	prefix	boku	bô kui-kí
taiwanese-basic:3090	initials	bkk	bô kui-kí
taiwanese-basic:4603	full	boketat	bô kè-ta̍t
taiwanese-basic:4603	prefix	boke	bô kè-ta̍t
taiwanese-basic:4603	initials	bkt	bô kè-ta̍t
taiwanese-basic:3077	full	bokuijitcheng	bô kúi ji̍t chêng
taiwanese-basic:3077	prefix	bokuiji	bô kúi ji̍t chêng
taiwanese-basic:3077	initials	bkjc	bô kúi ji̍t chêng
taiwanese-basic:2676	full	bokangkhoan	bô kāng khoán
taiwanese-basic:2676	prefix	bokang	bô kāng khoán
taiwanese-basic:2676	initials	bkk	bô kāng khoán
taiwanese-basic:2286	full	bokangkhoan	bô kāng-khoán
taiwanese-basic:2286	prefix	bokang	bô kāng-khoán
taiwanese-basic:2286	initials	bkk	bô kāng-khoán
taiwanese-basic:3175	full	bolat	bô la̍t
taiwanese-basic:3175	prefix	bol	bô la̍t
taiwanese-basic:3175	initials	bl	bô la̍t
taiwanese-basic:3306	full	boliongsim	bô liông-sim
taiwanese-basic:3306	prefix	bolio	bô liông-sim
taiwanese-basic:3306	initials	bls	bô liông-sim
taiwanese-basic:309	full	bolemau	bô lé-māu
taiwanese-basic:309	prefix	bole	bô lé-māu
taiwanese-basic:309	initials	blm	bô lé-māu
taiwanese-basic:3206	full	bolesoo	bô lé-sò͘
taiwanese-basic:3206	prefix	bole	bô lé-sò͘
taiwanese-basic:3206	initials	bls	bô lé-sò͘
taiwanese-basic:324	full	boliekoanhe	bô lí ê koan-hē
taiwanese-basic:324	prefix	boliek	bô lí ê koan-hē
taiwanese-basic:324	initials	blekh	bô lí ê koan-hē
taiwanese-basic:325	full	bolietaichi	bô lí ê tāi-chì
taiwanese-basic:325	prefix	boliet	bô lí ê tāi-chì
taiwanese-basic:325	initials	bletc	bô lí ê tāi-chì
taiwanese-basic:328	full	boliiu	bô lí-iû
taiwanese-basic:328	prefix	bol	bô lí-iû
taiwanese-basic:328	initials	bli	bô lí-iû
taiwanese-basic:320	full	bolooeng	bô lō͘ ēng
taiwanese-basic:320	prefix	bolo	bô lō͘ ēng
taiwanese-basic:320	initials	ble	bô lō͘ ēng
taiwanese-basic:3332	full	bolooeng	bô lō͘-ēng
taiwanese-basic:3332	prefix	bolo	bô lō͘-ēng
taiwanese-basic:3332	initials	ble	bô lō͘-ēng
taiwanese-basic:313	full	bolun	bô lūn
taiwanese-basic:313	prefix	bol	bô lūn
taiwanese-basic:313	initials	bl	bô lūn
taiwanese-basic:3937	full	bopoannhang	bô pòaⁿ hāng
taiwanese-basic:3937	prefix	bopoan	bô pòaⁿ hāng
taiwanese-basic:3937	initials	bph	bô pòaⁿ hāng
taiwanese-basic:3936	full	bopoannkak	bô pòaⁿ kak
taiwanese-basic:3936	prefix	bopoa	bô pòaⁿ kak
taiwanese-basic:3936	initials	bpk	bô pòaⁿ kak
taiwanese-basic:3935	full	bopoannelang	bô pòaⁿ ê lâng
taiwanese-basic:3935	prefix	bopoan	bô pòaⁿ ê lâng
taiwanese-basic:3935	initials	bpel	bô pòaⁿ ê lâng
taiwanese-basic:321	full	bosuiann	bô su-iâⁿ
taiwanese-basic:321	prefix	bosu	bô su-iâⁿ
taiwanese-basic:321	initials	bsi	bô su-iâⁿ
taiwanese-basic:326	full	boseji	bô sè-jī
taiwanese-basic:326	prefix	bos	bô sè-jī
taiwanese-basic:326	initials	bsj	bô sè-jī
taiwanese-basic:4141	full	boseng	bô sêng
taiwanese-basic:4141	prefix	bos	bô sêng
taiwanese-basic:4141	initials	bs	bô sêng
taiwanese-basic:303	full	bosimmih	bô sím-mih
taiwanese-basic:303	prefix	bosi	bô sím-mih
taiwanese-basic:303	initials	bsm	bô sím-mih
taiwanese-basic:37	full	bosimmihai	bô sím-mih ài
taiwanese-basic:37	prefix	bosim	bô sím-mih ài
taiwanese-basic:37	initials	bsma	bô sím-mih ài
taiwanese-basic:2385	full	bothianneketat	bô thiaⁿ ê kè-ta̍t
taiwanese-basic:2385	prefix	bothian	bô thiaⁿ ê kè-ta̍t
taiwanese-basic:2385	initials	btekt	bô thiaⁿ ê kè-ta̍t
taiwanese-basic:4881	full	bothiannkinn	bô thiaⁿ-kìⁿ
taiwanese-basic:4881	prefix	bothia	bô thiaⁿ-kìⁿ
taiwanese-basic:4881	initials	btk	bô thiaⁿ-kìⁿ
taiwanese-basic:351	full	bothauboboe	bô thâu bô bóe
taiwanese-basic:351	prefix	bothau	bô thâu bô bóe
taiwanese-basic:351	initials	btbb	bô thâu bô bóe
taiwanese-basic:307	full	bothaunau	bô thâu-náu
taiwanese-basic:307	prefix	botha	bô thâu-náu
taiwanese-basic:307	initials	btn	bô thâu-náu
taiwanese-basic:252	full	bothebian	bô thé-biān
taiwanese-basic:252	prefix	bothe	bô thé-biān
taiwanese-basic:252	initials	btb	bô thé-biān
taiwanese-basic:4946	full	bothotong	bô thò-tòng
taiwanese-basic:4946	prefix	botho	bô thò-tòng
taiwanese-basic:4946	initials	btt	bô thò-tòng
taiwanese-basic:327	full	botiunnti	bô tiuⁿ-tî
taiwanese-basic:327	prefix	botiu	bô tiuⁿ-tî
taiwanese-basic:327	initials	btt	bô tiuⁿ-tî
taiwanese-basic:5125	full	botian	bô tiān
taiwanese-basic:5125	prefix	bot	bô tiān
taiwanese-basic:5125	initials	bt	bô tiān
taiwanese-basic:5212	full	botit	bô ti̍t
taiwanese-basic:5212	prefix	bot	bô ti̍t
taiwanese-basic:5212	initials	bt	bô ti̍t
taiwanese-basic:4588	full	botangbe	bô tàng bé
taiwanese-basic:4588	prefix	bota	bô tàng bé
taiwanese-basic:4588	initials	btb	bô tàng bé
taiwanese-basic:4587	full	botangkhng	bô tàng khǹg
taiwanese-basic:4587	prefix	botan	bô tàng khǹg
taiwanese-basic:4587	initials	btk	bô tàng khǹg
taiwanese-basic:5017	full	botileh	bô tī--leh
taiwanese-basic:5017	prefix	boti	bô tī--leh
taiwanese-basic:5017	initials	btl	bô tī--leh
taiwanese-basic:1321	full	boeng	bô êng
taiwanese-basic:1321	prefix	boe	bô êng
taiwanese-basic:1321	initials	be	bô êng
taiwanese-basic:305	full	bokhi	bô--khì
taiwanese-basic:305	prefix	bok	bô--khì
taiwanese-basic:305	initials	bk	bô--khì
taiwanese-basic:306	full	bokhia	bô--khì-à
taiwanese-basic:306	prefix	bok	bô--khì-à
taiwanese-basic:306	initials	bka	bô--khì-à
taiwanese-basic:304	full	bochhai	bô-chhái
taiwanese-basic:304	prefix	boch	bô-chhái
taiwanese-basic:304	initials	bc	bô-chhái
taiwanese-basic:1912	full	boiann	bô-iáⁿ
taiwanese-basic:1912	prefix	boi	bô-iáⁿ
taiwanese-basic:1912	initials	bi	bô-iáⁿ
taiwanese-basic:3050	full	boloaku	bô-lōa-kú
taiwanese-basic:3050	prefix	bolo	bô-lōa-kú
taiwanese-basic:3050	initials	blk	bô-lōa-kú
taiwanese-basic:314	full	bolunsimmih	bô-lūn sím-mih
taiwanese-basic:314	prefix	boluns	bô-lūn sím-mih
taiwanese-basic:314	initials	blsm	bô-lūn sím-mih
taiwanese-basic:315	full	bolunsimmihlang	bô-lūn sím-mih lâng
taiwanese-basic:315	prefix	bolunsim	bô-lūn sím-mih lâng
taiwanese-basic:315	initials	blsml	bô-lūn sím-mih lâng
taiwanese-basic:317	full	bolunsimmihsoochai	bô-lūn sím-mih só͘-chāi
taiwanese-basic:317	prefix	bolunsimm	bô-lūn sím-mih só͘-chāi
taiwanese-basic:317	initials	blsmsc	bô-lūn sím-mih só͘-chāi
taiwanese-basic:316	full	boluntohui	bô-lūn toh-ūi
taiwanese-basic:316	prefix	bolun	bô-lūn toh-ūi
taiwanese-basic:316	initials	bltu	bô-lūn toh-ūi
taiwanese-basic:308	full	botui	bô-tùi
taiwanese-basic:308	prefix	bot	bô-tùi
taiwanese-basic:308	initials	bt	bô-tùi
taiwanese-basic:375	full	boea	bôe-á
taiwanese-basic:375	prefix	bo	bôe-á
taiwanese-basic:375	initials	ba	bôe-á
taiwanese-basic:376	full	boeate	bôe-á tê
taiwanese-basic:376	prefix	boe	bôe-á tê
taiwanese-basic:376	initials	bat	bôe-á tê
taiwanese-basic:391	full	bong	bông
taiwanese-basic:391	prefix	bo	bông
taiwanese-basic:391	initials	b	bông
taiwanese-basic:393	full	bongbong	bông-bông
taiwanese-basic:393	prefix	bong	bông-bông
taiwanese-basic:393	initials	bb	bông-bông
taiwanese-basic:393	full	bongbongbiaubiau	bông-bông biáu-biáu
taiwanese-basic:393	prefix	bongbong	bông-bông biáu-biáu
taiwanese-basic:393	initials	bbbb	bông-bông biáu-biáu
taiwanese-basic:394	full	bongtng	bông-tn̂g
taiwanese-basic:394	prefix	bong	bông-tn̂g
taiwanese-basic:394	initials	bt	bông-tn̂g
taiwanese-basic:395	full	bongtngiam	bông-tn̂g-iām
taiwanese-basic:395	prefix	bongt	bông-tn̂g-iām
taiwanese-basic:395	initials	bti	bông-tn̂g-iām
taiwanese-basic:339	full	boohoan	bô͘-hoān
taiwanese-basic:339	prefix	booh	bô͘-hoān
taiwanese-basic:339	initials	bh	bô͘-hoān
taiwanese-basic:402	full	bukhi	bù-khì
taiwanese-basic:402	prefix	buk	bù-khì
taiwanese-basic:402	initials	bk	bù-khì
taiwanese-basic:396	full	bu	bú
taiwanese-basic:396	prefix	b	bú
taiwanese-basic:396	initials	b	bú
taiwanese-basic:319	full	buchhin	bú-chhin
taiwanese-basic:319	prefix	buch	bú-chhin
taiwanese-basic:319	initials	bc	bú-chhin
taiwanese-basic:406	full	buchong	bú-chong
taiwanese-basic:406	prefix	buch	bú-chong
taiwanese-basic:406	initials	bc	bú-chong
taiwanese-basic:407	full	buchongkaiti	bú-chong kái-tî
taiwanese-basic:407	prefix	buchon	bú-chong kái-tî
taiwanese-basic:407	initials	bckt	bú-chong kái-tî
taiwanese-basic:408	full	buge	bú-gē
taiwanese-basic:408	prefix	bu	bú-gē
taiwanese-basic:408	initials	bg	bú-gē
taiwanese-basic:397	full	buhau	bú-hāu
taiwanese-basic:397	prefix	buh	bú-hāu
taiwanese-basic:397	initials	bh	bú-hāu
taiwanese-basic:403	full	bujiok	bú-jio̍k
taiwanese-basic:403	prefix	buj	bú-jio̍k
taiwanese-basic:403	initials	bj	bú-jio̍k
taiwanese-basic:405	full	bukhi	bú-khì
taiwanese-basic:405	prefix	buk	bú-khì
taiwanese-basic:405	initials	bk	bú-khì
taiwanese-basic:404	full	bulek	bú-le̍k
taiwanese-basic:404	prefix	bul	bú-le̍k
taiwanese-basic:404	initials	bl	bú-le̍k
taiwanese-basic:409	full	butai	bú-tâi
taiwanese-basic:409	prefix	but	bú-tâi
taiwanese-basic:409	initials	bt	bú-tâi
taiwanese-basic:398	full	buhoako	bû-hoa-kó
taiwanese-basic:398	prefix	buho	bû-hoa-kó
taiwanese-basic:398	initials	bhk	bû-hoa-kó
taiwanese-basic:400	full	busooputchai	bû-só͘-put-chāi
taiwanese-basic:400	prefix	busoop	bû-só͘-put-chāi
taiwanese-basic:400	initials	bspc	bû-só͘-put-chāi
taiwanese-basic:399	full	busooputleng	bû-só͘-put-lêng
taiwanese-basic:399	prefix	busoop	bû-só͘-put-lêng
taiwanese-basic:399	initials	bspl	bû-só͘-put-lêng
taiwanese-basic:418	full	bunbeng	bûn-bêng
taiwanese-basic:418	prefix	bunb	bûn-bêng
taiwanese-basic:418	initials	bb	bûn-bêng
taiwanese-basic:420	full	bunchiunn	bûn-chiuⁿ
taiwanese-basic:420	prefix	bunch	bûn-chiuⁿ
taiwanese-basic:420	initials	bc	bûn-chiuⁿ
taiwanese-basic:413	full	bunhak	bûn-ha̍k
taiwanese-basic:413	prefix	bun	bûn-ha̍k
taiwanese-basic:413	initials	bh	bûn-ha̍k
taiwanese-basic:419	full	bunhoat	bûn-hoat
taiwanese-basic:419	prefix	bunh	bûn-hoat
taiwanese-basic:419	initials	bh	bûn-hoat
taiwanese-basic:415	full	bunhoa	bûn-hòa
taiwanese-basic:415	prefix	bun	bûn-hòa
taiwanese-basic:415	initials	bh	bûn-hòa
taiwanese-basic:414	full	bunkho	bûn-kho
taiwanese-basic:414	prefix	bun	bûn-kho
taiwanese-basic:414	initials	bk	bûn-kho
taiwanese-basic:416	full	bunsi	bûn-si
taiwanese-basic:416	prefix	bun	bûn-si
taiwanese-basic:416	initials	bs	bûn-si
taiwanese-basic:124	full	ba	bā
taiwanese-basic:124	prefix	b	bā
taiwanese-basic:124	initials	b	bā
taiwanese-basic:139	full	bai	bāi
taiwanese-basic:139	prefix	ba	bāi
taiwanese-basic:139	initials	b	bāi
taiwanese-basic:162	full	ban	bān
taiwanese-basic:162	prefix	ba	bān
taiwanese-basic:162	initials	b	bān
taiwanese-basic:165	full	banit	bān-it
taiwanese-basic:165	prefix	ban	bān-it
taiwanese-basic:165	initials	bi	bān-it
taiwanese-basic:166	full	banlianpit	bān-liân pit
taiwanese-basic:166	prefix	banli	bān-liân pit
taiwanese-basic:166	initials	blp	bān-liân pit
taiwanese-basic:3895	full	banlianpit	bān-liân-pit
taiwanese-basic:3895	prefix	banli	bān-liân-pit
taiwanese-basic:3895	initials	blp	bān-liân-pit
taiwanese-basic:3445	full	banmih	bān-mi̍h
taiwanese-basic:3445	prefix	ban	bān-mi̍h
taiwanese-basic:3445	initials	bm	bān-mi̍h
taiwanese-basic:173	full	bang	bāng
taiwanese-basic:173	prefix	ba	bāng
taiwanese-basic:173	initials	b	bāng
taiwanese-basic:1550	full	banghi	bāng-hî
taiwanese-basic:1550	prefix	ban	bāng-hî
taiwanese-basic:1550	initials	bh	bāng-hî
taiwanese-basic:179	full	bangkiu	bāng-kiû
taiwanese-basic:179	prefix	bang	bāng-kiû
taiwanese-basic:179	initials	bk	bāng-kiû
taiwanese-basic:5360	full	bangkiutui	bāng-kiû-tūi
taiwanese-basic:5360	prefix	bangk	bāng-kiû-tūi
taiwanese-basic:5360	initials	bkt	bāng-kiû-tūi
taiwanese-basic:174	full	bangkinn	bāng-kìⁿ
taiwanese-basic:174	prefix	bang	bāng-kìⁿ
taiwanese-basic:174	initials	bk	bāng-kìⁿ
taiwanese-basic:177	full	banga	bāng-á
taiwanese-basic:177	prefix	ban	bāng-á
taiwanese-basic:177	initials	ba	bāng-á
taiwanese-basic:178	full	bangamng	bāng-á-mn̂g
taiwanese-basic:178	prefix	bang	bāng-á-mn̂g
taiwanese-basic:178	initials	bam	bāng-á-mn̂g
taiwanese-basic:193	full	be	bē
taiwanese-basic:193	prefix	b	bē
taiwanese-basic:193	initials	b	bē
taiwanese-basic:946	full	bechiah	bē chia̍h
taiwanese-basic:946	prefix	bech	bē chia̍h
taiwanese-basic:946	initials	bc	bē chia̍h
taiwanese-basic:5206	full	bechiahtit	bē chia̍h--tit
taiwanese-basic:5206	prefix	bechi	bē chia̍h--tit
taiwanese-basic:5206	initials	bct	bē chia̍h--tit
taiwanese-basic:189	full	behiau	bē hiáu
taiwanese-basic:189	prefix	beh	bē hiáu
taiwanese-basic:189	initials	bh	bē hiáu
taiwanese-basic:4870	full	behiauthiann	bē hiáu thiaⁿ
taiwanese-basic:4870	prefix	behiau	bē hiáu thiaⁿ
taiwanese-basic:4870	initials	bht	bē hiáu thiaⁿ
taiwanese-basic:199	full	bejintit	bē jīn--tit
taiwanese-basic:199	prefix	beji	bē jīn--tit
taiwanese-basic:199	initials	bjt	bē jīn--tit
taiwanese-basic:4245	full	besiauhoaemih	bē siau-hòa ê mi̍h
taiwanese-basic:4245	prefix	besiauh	bē siau-hòa ê mi̍h
taiwanese-basic:4245	initials	bshem	bē siau-hòa ê mi̍h
taiwanese-basic:4114	full	besengkong	bē sêng-kong
taiwanese-basic:4114	prefix	besen	bē sêng-kong
taiwanese-basic:4114	initials	bsk	bē sêng-kong
taiwanese-basic:198	full	besintit	bē sìn--tit
taiwanese-basic:198	prefix	besi	bē sìn--tit
taiwanese-basic:198	initials	bst	bē sìn--tit
taiwanese-basic:4789	full	bethesek	bē thè-sek
taiwanese-basic:4789	prefix	beth	bē thè-sek
taiwanese-basic:4789	initials	bts	bē thè-sek
taiwanese-basic:196	full	beengtit	bē ēng--tit
taiwanese-basic:196	prefix	been	bē ēng--tit
taiwanese-basic:196	initials	bet	bē ēng--tit
taiwanese-basic:197	full	bekitit	bē-kì-tit
taiwanese-basic:197	prefix	beki	bē-kì-tit
taiwanese-basic:197	initials	bkt	bē-kì-tit
taiwanese-basic:204	full	betiau	bē-tiâu
taiwanese-basic:204	prefix	bet	bē-tiâu
taiwanese-basic:204	initials	bt	bē-tiâu
taiwanese-basic:200	full	betang	bē-tàng
taiwanese-basic:200	prefix	bet	bē-tàng
taiwanese-basic:200	initials	bt	bē-tàng
taiwanese-basic:226	full	beng	bēng
taiwanese-basic:226	prefix	be	bēng
taiwanese-basic:226	initials	b	bēng
taiwanese-basic:228	full	bengleng	bēng-lēng
taiwanese-basic:228	prefix	beng	bēng-lēng
taiwanese-basic:228	initials	bl	bēng-lēng
taiwanese-basic:236	full	bi	bī
taiwanese-basic:236	prefix	b	bī
taiwanese-basic:236	initials	b	bī
taiwanese-basic:259	full	bin	bīn
taiwanese-basic:259	prefix	bi	bīn
taiwanese-basic:259	initials	b	bīn
taiwanese-basic:4758	full	binthaucheng	bīn thâu-chêng
taiwanese-basic:4758	prefix	bintha	bīn thâu-chêng
taiwanese-basic:4758	initials	btc	bīn thâu-chêng
taiwanese-basic:280	full	binchu	bīn-chú
taiwanese-basic:280	prefix	bin	bīn-chú
taiwanese-basic:280	initials	bc	bīn-chú
taiwanese-basic:278	full	binkin	bīn-kin
taiwanese-basic:278	prefix	bin	bīn-kin
taiwanese-basic:278	initials	bk	bīn-kin
taiwanese-basic:278	full	binpoo	bīn-pò͘
taiwanese-basic:278	prefix	bin	bīn-pò͘
taiwanese-basic:278	initials	bp	bīn-pò͘
taiwanese-basic:264	full	binsek	bīn-sek
taiwanese-basic:264	prefix	bin	bīn-sek
taiwanese-basic:264	initials	bs	bīn-sek
taiwanese-basic:279	full	binthang	bīn-tháng
taiwanese-basic:279	prefix	bint	bīn-tháng
taiwanese-basic:279	initials	bt	bīn-tháng
taiwanese-basic:310	full	boa	bō-á
taiwanese-basic:310	prefix	bo	bō-á
taiwanese-basic:310	initials	ba	bō-á
taiwanese-basic:346	full	boe	bōe
taiwanese-basic:346	prefix	bo	bōe
taiwanese-basic:346	initials	b	bōe
taiwanese-basic:390	full	bong	bōng
taiwanese-basic:390	prefix	bo	bōng
taiwanese-basic:390	initials	b	bōng
taiwanese-basic:336	full	booeksiong	bō͘ e̍k siong
taiwanese-basic:336	prefix	booek	bō͘ e̍k siong
taiwanese-basic:336	initials	bes	bō͘ e̍k siong
taiwanese-basic:337	full	boochip	bō͘-chi̍p
taiwanese-basic:337	prefix	booc	bō͘-chi̍p
taiwanese-basic:337	initials	bc	bō͘-chi̍p
taiwanese-basic:335	full	booek	bō͘-e̍k
taiwanese-basic:335	prefix	boo	bō͘-e̍k
taiwanese-basic:335	initials	be	bō͘-e̍k
taiwanese-basic:338	full	bookoan	bō͘-koan
taiwanese-basic:338	prefix	book	bō͘-koan
taiwanese-basic:338	initials	bk	bō͘-koan
taiwanese-basic:410	full	bu	bū
taiwanese-basic:410	prefix	b	bū
taiwanese-basic:410	initials	b	bū
taiwanese-basic:412	full	buntap	būn-tap
taiwanese-basic:412	prefix	bun	būn-tap
taiwanese-basic:412	initials	bt	būn-tap
taiwanese-basic:411	full	bunte	būn-tê
taiwanese-basic:411	prefix	bun	būn-tê
taiwanese-basic:411	initials	bt	būn-tê
taiwanese-basic:427	full	cha	cha
taiwanese-basic:427	prefix	ch	cha
taiwanese-basic:427	initials	c	cha
taiwanese-basic:431	full	chabookiann	cha bó͘ kiáⁿ
taiwanese-basic:431	prefix	chaboo	cha bó͘ kiáⁿ
taiwanese-basic:431	initials	cbk	cha bó͘ kiáⁿ
taiwanese-basic:429	full	chapoolang	cha po͘ lâng
taiwanese-basic:429	prefix	chapo	cha po͘ lâng
taiwanese-basic:429	initials	cpl	cha po͘ lâng
taiwanese-basic:331	full	chaboo	cha-bó͘
taiwanese-basic:331	prefix	cha	cha-bó͘
taiwanese-basic:331	initials	cb	cha-bó͘
taiwanese-basic:333	full	chabooginna	cha-bó͘ gín-ná
taiwanese-basic:333	prefix	chaboo	cha-bó͘ gín-ná
taiwanese-basic:333	initials	cbgn	cha-bó͘ gín-ná
taiwanese-basic:334	full	chabookiann	cha-bó͘ kiáⁿ
taiwanese-basic:334	prefix	chaboo	cha-bó͘ kiáⁿ
taiwanese-basic:334	initials	cbk	cha-bó͘ kiáⁿ
taiwanese-basic:428	full	chaboolang	cha-bó͘ lâng
taiwanese-basic:428	prefix	chabo	cha-bó͘ lâng
taiwanese-basic:428	initials	cbl	cha-bó͘ lâng
taiwanese-basic:332	full	chabooe	cha-bó͘--ê
taiwanese-basic:332	prefix	chab	cha-bó͘--ê
taiwanese-basic:332	initials	cbe	cha-bó͘--ê
taiwanese-basic:444	full	chahng	cha-hng
taiwanese-basic:444	prefix	cha	cha-hng
taiwanese-basic:444	initials	ch	cha-hng
taiwanese-basic:446	full	chahngetiongtau	cha-hng ê tiong-tàu
taiwanese-basic:446	prefix	chahnget	cha-hng ê tiong-tàu
taiwanese-basic:446	initials	chett	cha-hng ê tiong-tàu
taiwanese-basic:445	full	chajit	cha-ji̍t
taiwanese-basic:445	prefix	cha	cha-ji̍t
taiwanese-basic:445	initials	cj	cha-ji̍t
taiwanese-basic:432	full	chapooginna	cha-po͘ gín-ná
taiwanese-basic:432	prefix	chapoo	cha-po͘ gín-ná
taiwanese-basic:432	initials	cpgn	cha-po͘ gín-ná
taiwanese-basic:430	full	chapookiann	cha-po͘ kiáⁿ
taiwanese-basic:430	prefix	chapoo	cha-po͘ kiáⁿ
taiwanese-basic:430	initials	cpk	cha-po͘ kiáⁿ
taiwanese-basic:434	full	chapooe	cha-po͘--ê
taiwanese-basic:434	prefix	chap	cha-po͘--ê
taiwanese-basic:434	initials	cpe	cha-po͘--ê
taiwanese-basic:449	full	chah	chah
taiwanese-basic:449	prefix	ch	chah
taiwanese-basic:449	initials	c	chah
taiwanese-basic:452	full	chaiiann	chai-iáⁿ
taiwanese-basic:452	prefix	chai	chai-iáⁿ
taiwanese-basic:452	initials	ci	chai-iáⁿ
taiwanese-basic:465	full	chailan	chai-lān
taiwanese-basic:465	prefix	chai	chai-lān
taiwanese-basic:465	initials	cl	chai-lān
taiwanese-basic:478	full	changchaikhi	chang chái-khí
taiwanese-basic:478	prefix	changc	chang chái-khí
taiwanese-basic:478	initials	cck	chang chái-khí
taiwanese-basic:481	full	changam	chang àm
taiwanese-basic:481	prefix	chan	chang àm
taiwanese-basic:481	initials	ca	chang àm
taiwanese-basic:480	full	changepoo	chang ē-po͘
taiwanese-basic:480	prefix	chang	chang ē-po͘
taiwanese-basic:480	initials	cep	chang ē-po͘
taiwanese-basic:479	full	changetau	chang ē-tàu
taiwanese-basic:479	prefix	chang	chang ē-tàu
taiwanese-basic:479	initials	cet	chang ē-tàu
taiwanese-basic:62	full	changam	chang-àm
taiwanese-basic:62	prefix	chan	chang-àm
taiwanese-basic:62	initials	ca	chang-àm
taiwanese-basic:1309	full	changehng	chang-ē-hng
taiwanese-basic:1309	prefix	chang	chang-ē-hng
taiwanese-basic:1309	initials	ceh	chang-ē-hng
taiwanese-basic:495	full	chat	chat
taiwanese-basic:495	prefix	ch	chat
taiwanese-basic:495	initials	c	chat
taiwanese-basic:448	full	chah	cha̍h
taiwanese-basic:448	prefix	ch	cha̍h
taiwanese-basic:448	initials	c	cha̍h
taiwanese-basic:1397	full	chapgoakhoo	cha̍p gōa kho͘
taiwanese-basic:1397	prefix	chapgo	cha̍p gōa kho͘
taiwanese-basic:1397	initials	cgk	cha̍p gōa kho͘
taiwanese-basic:1396	full	chapgoaelang	cha̍p gōa ê lâng
taiwanese-basic:1396	prefix	chapgo	cha̍p gōa ê lâng
taiwanese-basic:1396	initials	cgel	cha̍p gōa ê lâng
taiwanese-basic:494	full	chaphunkauhun	cha̍p hūn káu hūn
taiwanese-basic:494	prefix	chaphun	cha̍p hūn káu hūn
taiwanese-basic:494	initials	chkh	cha̍p hūn káu hūn
taiwanese-basic:1398	full	chapkhoogoa	cha̍p kho͘ gōa
taiwanese-basic:1398	prefix	chapkh	cha̍p kho͘ gōa
taiwanese-basic:1398	initials	ckg	cha̍p kho͘ gōa
taiwanese-basic:3060	full	chapniku	cha̍p nî-kú
taiwanese-basic:3060	prefix	chap	cha̍p nî-kú
taiwanese-basic:3060	initials	cnk	cha̍p nî-kú
taiwanese-basic:493	full	chaptam	cha̍p tâm
taiwanese-basic:493	prefix	chap	cha̍p tâm
taiwanese-basic:493	initials	ct	cha̍p tâm
taiwanese-basic:488	full	chapbu	cha̍p-bū
taiwanese-basic:488	prefix	cha	cha̍p-bū
taiwanese-basic:488	initials	cb	cha̍p-bū
taiwanese-basic:486	full	chapchhap	cha̍p-chhap
taiwanese-basic:486	prefix	chapc	cha̍p-chhap
taiwanese-basic:486	initials	cc	cha̍p-chhap
taiwanese-basic:492	full	chapcheng	cha̍p-chéng
taiwanese-basic:492	prefix	chapc	cha̍p-chéng
taiwanese-basic:492	initials	cc	cha̍p-chéng
taiwanese-basic:483	full	chapchi	cha̍p-chì
taiwanese-basic:483	prefix	chap	cha̍p-chì
taiwanese-basic:483	initials	cc	cha̍p-chì
taiwanese-basic:4583	full	chapgoehtang	cha̍p-goe̍h tang
taiwanese-basic:4583	prefix	chapgo	cha̍p-goe̍h tang
taiwanese-basic:4583	initials	cgt	cha̍p-goe̍h tang
taiwanese-basic:485	full	chaphunkhiau	cha̍p-hun khiáu
taiwanese-basic:485	prefix	chaphu	cha̍p-hun khiáu
taiwanese-basic:485	initials	chk	cha̍p-hun khiáu
taiwanese-basic:490	full	chaphoe	cha̍p-hòe
taiwanese-basic:490	prefix	chap	cha̍p-hòe
taiwanese-basic:490	initials	ch	cha̍p-hòe
taiwanese-basic:491	full	chaphoetiam	cha̍p-hòe-tiàm
taiwanese-basic:491	prefix	chapho	cha̍p-hòe-tiàm
taiwanese-basic:491	initials	cht	cha̍p-hòe-tiàm
taiwanese-basic:489	full	chaphui	cha̍p-hùi
taiwanese-basic:489	prefix	chap	cha̍p-hùi
taiwanese-basic:489	initials	ch	cha̍p-hùi
taiwanese-basic:487	full	chapliam	cha̍p-liām
taiwanese-basic:487	prefix	chap	cha̍p-liām
taiwanese-basic:487	initials	cl	cha̍p-liām
taiwanese-basic:497	full	chat	cha̍t
taiwanese-basic:497	prefix	ch	cha̍t
taiwanese-basic:497	initials	c	cha̍t
taiwanese-basic:515	full	che	che
taiwanese-basic:515	prefix	ch	che
taiwanese-basic:515	initials	c	che
taiwanese-basic:519	full	chekhoat	chek-hoa̍t
taiwanese-basic:519	prefix	chek	chek-hoa̍t
taiwanese-basic:519	initials	ch	chek-hoa̍t
taiwanese-basic:520	full	chekjim	chek-jīm
taiwanese-basic:520	prefix	chek	chek-jīm
taiwanese-basic:520	initials	cj	chek-jīm
taiwanese-basic:528	full	chekpehchimoe	chek-peh chí-mōe
taiwanese-basic:528	prefix	chekpeh	chek-peh chí-mōe
taiwanese-basic:528	initials	cpcm	chek-peh chí-mōe
taiwanese-basic:527	full	chekpehhiannti	chek-peh hiaⁿ-tī
taiwanese-basic:527	prefix	chekpeh	chek-peh hiaⁿ-tī
taiwanese-basic:527	initials	cpht	chek-peh hiaⁿ-tī
taiwanese-basic:523	full	cheksi	chek-sí
taiwanese-basic:523	prefix	che	chek-sí
taiwanese-basic:523	initials	cs	chek-sí
taiwanese-basic:522	full	cheksi	chek-sî
taiwanese-basic:522	prefix	che	chek-sî
taiwanese-basic:522	initials	cs	chek-sî
taiwanese-basic:524	full	chektai	chek-tâi
taiwanese-basic:524	prefix	chek	chek-tâi
taiwanese-basic:524	initials	ct	chek-tâi
taiwanese-basic:529	full	cheng	cheng
taiwanese-basic:529	prefix	che	cheng
taiwanese-basic:529	initials	c	cheng
taiwanese-basic:576	full	chengsinn	cheng-siⁿ
taiwanese-basic:576	prefix	cheng	cheng-siⁿ
taiwanese-basic:576	initials	cs	cheng-siⁿ
taiwanese-basic:577	full	chengsin	cheng-sîn
taiwanese-basic:577	prefix	chen	cheng-sîn
taiwanese-basic:577	initials	cs	cheng-sîn
taiwanese-basic:578	full	chengsinpinn	cheng-sîn-pīⁿ
taiwanese-basic:578	prefix	chengs	cheng-sîn-pīⁿ
taiwanese-basic:578	initials	csp	cheng-sîn-pīⁿ
taiwanese-basic:581	full	chha	chha
taiwanese-basic:581	prefix	ch	chha
taiwanese-basic:581	initials	c	chha
taiwanese-basic:583	full	chhaboloache	chha bô lōa chē
taiwanese-basic:583	prefix	chhabo	chha bô lōa chē
taiwanese-basic:583	initials	cblc	chha bô lōa chē
taiwanese-basic:582	full	chhaputto	chha-put-to
taiwanese-basic:582	prefix	chhap	chha-put-to
taiwanese-basic:582	initials	cpt	chha-put-to
taiwanese-basic:589	full	chhai	chhai
taiwanese-basic:589	prefix	chh	chhai
taiwanese-basic:589	initials	c	chhai
taiwanese-basic:592	full	chham	chham
taiwanese-basic:592	prefix	chh	chham
taiwanese-basic:592	initials	c	chham
taiwanese-basic:596	full	chhamka	chham-ka
taiwanese-basic:596	prefix	chha	chham-ka
taiwanese-basic:596	initials	ck	chham-ka
taiwanese-basic:598	full	chhamkho	chham-khó
taiwanese-basic:598	prefix	chha	chham-khó
taiwanese-basic:598	initials	ck	chham-khó
taiwanese-basic:601	full	chhamkhosengkeng	chham-khó sèng-keng
taiwanese-basic:601	prefix	chhamkho	chham-khó sèng-keng
taiwanese-basic:601	initials	cksk	chham-khó sèng-keng
taiwanese-basic:600	full	chhamkhosu	chham-khó-su
taiwanese-basic:600	prefix	chham	chham-khó-su
taiwanese-basic:600	initials	cks	chham-khó-su
taiwanese-basic:598	full	chhamkhoo	chham-khó͘
taiwanese-basic:598	prefix	chham	chham-khó͘
taiwanese-basic:598	initials	ck	chham-khó͘
taiwanese-basic:595	full	chhamkoan	chham-koan
taiwanese-basic:595	prefix	chham	chham-koan
taiwanese-basic:595	initials	ck	chham-koan
taiwanese-basic:594	full	chhamsiong	chham-siông
taiwanese-basic:594	prefix	chham	chham-siông
taiwanese-basic:594	initials	cs	chham-siông
taiwanese-basic:612	full	chhangthau	chhang-thâu
taiwanese-basic:612	prefix	chhan	chhang-thâu
taiwanese-basic:612	initials	ct	chhang-thâu
taiwanese-basic:611	full	chhanga	chhang-á
taiwanese-basic:611	prefix	chha	chhang-á
taiwanese-basic:611	initials	ca	chhang-á
taiwanese-basic:613	full	chhap	chhap
taiwanese-basic:613	prefix	chh	chhap
taiwanese-basic:613	initials	c	chhap
taiwanese-basic:614	full	chhat	chhat
taiwanese-basic:614	prefix	chh	chhat
taiwanese-basic:614	initials	c	chhat
taiwanese-basic:616	full	chhau	chhau
taiwanese-basic:616	prefix	chh	chhau
taiwanese-basic:616	initials	c	chhau
taiwanese-basic:615	full	chhatla	chha̍t-lá
taiwanese-basic:615	prefix	chha	chha̍t-lá
taiwanese-basic:615	initials	cl	chha̍t-lá
taiwanese-basic:631	full	chhe	chhe
taiwanese-basic:631	prefix	ch	chhe
taiwanese-basic:631	initials	c	chhe
taiwanese-basic:641	full	chhechhau	chhe-chhau
taiwanese-basic:641	prefix	chhec	chhe-chhau
taiwanese-basic:641	initials	cc	chhe-chhau
taiwanese-basic:642	full	chheh	chheh
taiwanese-basic:642	prefix	chh	chheh
taiwanese-basic:642	initials	c	chheh
taiwanese-basic:645	full	chhehke	chheh kè
taiwanese-basic:645	prefix	chhe	chheh kè
taiwanese-basic:645	initials	ck	chheh kè
taiwanese-basic:3820	full	chhehphoe	chheh phōe
taiwanese-basic:3820	prefix	chheh	chheh phōe
taiwanese-basic:3820	initials	cp	chheh phōe
taiwanese-basic:643	full	chhehtiam	chheh tiàm
taiwanese-basic:643	prefix	chheh	chheh tiàm
taiwanese-basic:643	initials	ct	chheh tiàm
taiwanese-basic:644	full	chhehtu	chheh tû
taiwanese-basic:644	prefix	chhe	chheh tû
taiwanese-basic:644	initials	ct	chheh tû
taiwanese-basic:2400	full	chhehke	chheh-kè
taiwanese-basic:2400	prefix	chhe	chheh-kè
taiwanese-basic:2400	initials	ck	chheh-kè
taiwanese-basic:5079	full	chhehtiam	chheh-tiàm
taiwanese-basic:5079	prefix	chheh	chheh-tiàm
taiwanese-basic:5079	initials	ct	chheh-tiàm
taiwanese-basic:5373	full	chhehtu	chheh-tû
taiwanese-basic:5373	prefix	chhe	chheh-tû
taiwanese-basic:5373	initials	ct	chheh-tû
taiwanese-basic:648	full	chhekcheng	chhek-chéng
taiwanese-basic:648	prefix	chhek	chhek-chéng
taiwanese-basic:648	initials	cc	chhek-chéng
taiwanese-basic:651	full	chhekliong	chhek-liōng
taiwanese-basic:651	prefix	chhek	chhek-liōng
taiwanese-basic:651	initials	cl	chhek-liōng
taiwanese-basic:647	full	chheka	chhek-á
taiwanese-basic:647	prefix	chh	chhek-á
taiwanese-basic:647	initials	ca	chhek-á
taiwanese-basic:653	full	chheng	chheng
taiwanese-basic:653	prefix	chh	chheng
taiwanese-basic:653	initials	c	chheng
taiwanese-basic:5037	full	chhenghiti	chheng hî-tî
taiwanese-basic:5037	prefix	chhen	chheng hî-tî
taiwanese-basic:5037	initials	cht	chheng hî-tî
taiwanese-basic:654	full	chhengkaua	chheng kau-á
taiwanese-basic:654	prefix	chhen	chheng kau-á
taiwanese-basic:654	initials	cka	chheng kau-á
taiwanese-basic:655	full	chhengsiau	chheng siàu
taiwanese-basic:655	prefix	chhen	chheng siàu
taiwanese-basic:655	initials	cs	chheng siàu
taiwanese-basic:659	full	chhengchho	chheng-chhó
taiwanese-basic:659	prefix	chhen	chheng-chhó
taiwanese-basic:659	initials	cc	chheng-chhó
taiwanese-basic:658	full	chhengchui	chheng-chúi
taiwanese-basic:658	prefix	chhen	chheng-chúi
taiwanese-basic:658	initials	cc	chheng-chúi
taiwanese-basic:656	full	chhengkhi	chheng-khì
taiwanese-basic:656	prefix	chhen	chheng-khì
taiwanese-basic:656	initials	ck	chheng-khì
taiwanese-basic:637	full	chhenn	chheⁿ
taiwanese-basic:637	prefix	chh	chheⁿ
taiwanese-basic:637	initials	c	chheⁿ
taiwanese-basic:641	full	chhennchhau	chheⁿ-chhau
taiwanese-basic:641	prefix	chhenn	chheⁿ-chhau
taiwanese-basic:641	initials	cc	chheⁿ-chhau
taiwanese-basic:639	full	chhennme	chheⁿ-mê
taiwanese-basic:639	prefix	chhe	chheⁿ-mê
taiwanese-basic:639	initials	cm	chheⁿ-mê
taiwanese-basic:639	full	chhennmi	chheⁿ-mî
taiwanese-basic:639	prefix	chhe	chheⁿ-mî
taiwanese-basic:639	initials	cm	chheⁿ-mî
taiwanese-basic:671	full	chhi	chhi
taiwanese-basic:671	prefix	ch	chhi
taiwanese-basic:671	initials	c	chhi
taiwanese-basic:4824	full	chhia	chhia
taiwanese-basic:4824	prefix	chh	chhia
taiwanese-basic:4824	initials	c	chhia
taiwanese-basic:3779	full	chhiaphio	chhia phiò
taiwanese-basic:3779	prefix	chhia	chhia phiò
taiwanese-basic:3779	initials	cp	chhia phiò
taiwanese-basic:700	full	chhiakhoo	chhia-khò͘
taiwanese-basic:700	prefix	chhia	chhia-khò͘
taiwanese-basic:700	initials	ck	chhia-khò͘
taiwanese-basic:5305	full	chhiatoann	chhia-toaⁿ
taiwanese-basic:5305	prefix	chhia	chhia-toaⁿ
taiwanese-basic:5305	initials	ct	chhia-toaⁿ
taiwanese-basic:702	full	chhiato	chhia-tó
taiwanese-basic:702	prefix	chhi	chhia-tó
taiwanese-basic:702	initials	ct	chhia-tó
taiwanese-basic:709	full	chhiah	chhiah
taiwanese-basic:709	prefix	chh	chhiah
taiwanese-basic:709	initials	c	chhiah
taiwanese-basic:714	full	chhiahchaboo	chhiah cha-bó͘
taiwanese-basic:714	prefix	chhiah	chhiah cha-bó͘
taiwanese-basic:714	initials	ccb	chhiah cha-bó͘
taiwanese-basic:1453	full	chhiahgu	chhiah gû
taiwanese-basic:1453	prefix	chhi	chhiah gû
taiwanese-basic:1453	initials	cg	chhiah gû
taiwanese-basic:715	full	chhiahhiatkiu	chhiah hiat-kiû
taiwanese-basic:715	prefix	chhiahh	chhiah hiat-kiû
taiwanese-basic:715	initials	chk	chhiah hiat-kiû
taiwanese-basic:717	full	chhiahsipjipinninn	chhiah si̍p-jī pīⁿ-īⁿ
taiwanese-basic:717	prefix	chhiahsip	chhiah si̍p-jī pīⁿ-īⁿ
taiwanese-basic:717	initials	csjpi	chhiah si̍p-jī pīⁿ-īⁿ
taiwanese-basic:713	full	chhiahhoa	chhiah-hòa
taiwanese-basic:713	prefix	chhia	chhiah-hòa
taiwanese-basic:713	initials	ch	chhiah-hòa
taiwanese-basic:712	full	chhiahkui	chhiah-kúi
taiwanese-basic:712	prefix	chhia	chhiah-kúi
taiwanese-basic:712	initials	ck	chhiah-kúi
taiwanese-basic:716	full	chhiahsipji	chhiah-si̍p-jī
taiwanese-basic:716	prefix	chhiah	chhiah-si̍p-jī
taiwanese-basic:716	initials	csj	chhiah-si̍p-jī
taiwanese-basic:720	full	chhiam	chhiam
taiwanese-basic:720	prefix	chh	chhiam
taiwanese-basic:720	initials	c	chhiam
taiwanese-basic:721	full	chhiammia	chhiam-miâ
taiwanese-basic:721	prefix	chhia	chhiam-miâ
taiwanese-basic:721	initials	cm	chhiam-miâ
taiwanese-basic:727	full	chhianbanmthang	chhian-bān m̄-thang
taiwanese-basic:727	prefix	chhianba	chhian-bān m̄-thang
taiwanese-basic:727	initials	cbmt	chhian-bān m̄-thang
taiwanese-basic:725	full	chhianchhiu	chhian-chhiu
taiwanese-basic:725	prefix	chhian	chhian-chhiu
taiwanese-basic:725	initials	cc	chhian-chhiu
taiwanese-basic:729	full	chhiat	chhiat
taiwanese-basic:729	prefix	chh	chhiat
taiwanese-basic:729	initials	c	chhiat
taiwanese-basic:730	full	chhiatbah	chhiat-bah
taiwanese-basic:730	prefix	chhia	chhiat-bah
taiwanese-basic:730	initials	cb	chhiat-bah
taiwanese-basic:731	full	chhiatchhai	chhiat-chhài
taiwanese-basic:731	prefix	chhiat	chhiat-chhài
taiwanese-basic:731	initials	cc	chhiat-chhài
taiwanese-basic:3771	full	chhiau	chhiau
taiwanese-basic:3771	prefix	chh	chhiau
taiwanese-basic:3771	initials	c	chhiau
taiwanese-basic:733	full	chhim	chhim
taiwanese-basic:733	prefix	chh	chhim
taiwanese-basic:733	initials	c	chhim
taiwanese-basic:737	full	chhimchhim	chhim-chhim
taiwanese-basic:737	prefix	chhim	chhim-chhim
taiwanese-basic:737	initials	cc	chhim-chhim
taiwanese-basic:738	full	chhimchiam	chhim-chiàm
taiwanese-basic:738	prefix	chhim	chhim-chiàm
taiwanese-basic:738	initials	cc	chhim-chiàm
taiwanese-basic:735	full	chhimhai	chhim-hái
taiwanese-basic:735	prefix	chhi	chhim-hái
taiwanese-basic:735	initials	ch	chhim-hái
taiwanese-basic:734	full	chhimsoann	chhim-soaⁿ
taiwanese-basic:734	prefix	chhim	chhim-soaⁿ
taiwanese-basic:734	initials	cs	chhim-soaⁿ
taiwanese-basic:736	full	chhimsin	chhim-sìn
taiwanese-basic:736	prefix	chhi	chhim-sìn
taiwanese-basic:736	initials	cs	chhim-sìn
taiwanese-basic:752	full	chhinhiannti	chhin hiaⁿ-tī
taiwanese-basic:752	prefix	chhinh	chhin hiaⁿ-tī
taiwanese-basic:752	initials	cht	chhin hiaⁿ-tī
taiwanese-basic:754	full	chhinbak	chhin-ba̍k
taiwanese-basic:754	prefix	chhi	chhin-ba̍k
taiwanese-basic:754	initials	cb	chhin-ba̍k
taiwanese-basic:745	full	chhinchhek	chhin-chhek
taiwanese-basic:745	prefix	chhin	chhin-chhek
taiwanese-basic:745	initials	cc	chhin-chhek
taiwanese-basic:749	full	chhinchhiat	chhin-chhiat
taiwanese-basic:749	prefix	chhinc	chhin-chhiat
taiwanese-basic:749	initials	cc	chhin-chhiat
taiwanese-basic:747	full	chhinchhiucho	chhin-chhiú chò
taiwanese-basic:747	prefix	chhinch	chhin-chhiú chò
taiwanese-basic:747	initials	ccc	chhin-chhiú chò
taiwanese-basic:4138	full	chhinchhiunn	chhin-chhiūⁿ
taiwanese-basic:4138	prefix	chhinc	chhin-chhiūⁿ
taiwanese-basic:4138	initials	cc	chhin-chhiūⁿ
taiwanese-basic:743	full	chhinchiann	chhin-chiâⁿ
taiwanese-basic:743	prefix	chhinc	chhin-chiâⁿ
taiwanese-basic:743	initials	cc	chhin-chiâⁿ
taiwanese-basic:744	full	chhinchok	chhin-cho̍k
taiwanese-basic:744	prefix	chhin	chhin-cho̍k
taiwanese-basic:744	initials	cc	chhin-cho̍k
taiwanese-basic:746	full	chhinlip	chhin-li̍p
taiwanese-basic:746	prefix	chhi	chhin-li̍p
taiwanese-basic:746	initials	cl	chhin-li̍p
taiwanese-basic:748	full	chhinpit	chhin-pit
taiwanese-basic:748	prefix	chhi	chhin-pit
taiwanese-basic:748	initials	cp	chhin-pit
taiwanese-basic:753	full	chhinsin	chhin-sin
taiwanese-basic:753	prefix	chhi	chhin-sin
taiwanese-basic:753	initials	cs	chhin-sin
taiwanese-basic:751	full	chhinsinnkiann	chhin-siⁿ-kiáⁿ
taiwanese-basic:751	prefix	chhinsi	chhin-siⁿ-kiáⁿ
taiwanese-basic:751	initials	csk	chhin-siⁿ-kiáⁿ
taiwanese-basic:750	full	chhinaie	chhin-ài ê
taiwanese-basic:750	prefix	chhi	chhin-ài ê
taiwanese-basic:750	initials	cae	chhin-ài ê
taiwanese-basic:760	full	chhioh	chhioh
taiwanese-basic:760	prefix	chh	chhioh
taiwanese-basic:760	initials	c	chhioh
taiwanese-basic:764	full	chhioha	chhio̍h-á
taiwanese-basic:764	prefix	chhi	chhio̍h-á
taiwanese-basic:764	initials	ca	chhio̍h-á
taiwanese-basic:769	full	chhit	chhit
taiwanese-basic:769	prefix	chh	chhit
taiwanese-basic:769	initials	c	chhit
taiwanese-basic:770	full	chhite	chhit ê
taiwanese-basic:770	prefix	chh	chhit ê
taiwanese-basic:770	initials	ce	chhit ê
taiwanese-basic:771	full	chhitla	chhit-lá
taiwanese-basic:771	prefix	chhi	chhit-lá
taiwanese-basic:771	initials	cl	chhit-lá
taiwanese-basic:4929	full	chhittho	chhit-thô
taiwanese-basic:4929	prefix	chhi	chhit-thô
taiwanese-basic:4929	initials	ct	chhit-thô
taiwanese-basic:3622	full	chhitthobepa	chhit-thô bē pá
taiwanese-basic:3622	prefix	chhitt	chhit-thô bē pá
taiwanese-basic:3622	initials	ctbp	chhit-thô bē pá
taiwanese-basic:768	full	chhitthomiha	chhit-thô-mi̍h-á
taiwanese-basic:768	prefix	chhitt	chhit-thô-mi̍h-á
taiwanese-basic:768	initials	ctma	chhit-thô-mi̍h-á
taiwanese-basic:5150	full	chhittiau	chhit-tiāu
taiwanese-basic:5150	prefix	chhit	chhit-tiāu
taiwanese-basic:5150	initials	ct	chhit-tiāu
taiwanese-basic:785	full	chhiuchhin	chhiu-chhìn
taiwanese-basic:785	prefix	chhiu	chhiu-chhìn
taiwanese-basic:785	initials	cc	chhiu-chhìn
taiwanese-basic:784	full	chhiuthinn	chhiu-thiⁿ
taiwanese-basic:784	prefix	chhiu	chhiu-thiⁿ
taiwanese-basic:784	initials	ct	chhiu-thiⁿ
taiwanese-basic:806	full	chhiunn	chhiuⁿ
taiwanese-basic:806	prefix	chhi	chhiuⁿ
taiwanese-basic:806	initials	c	chhiuⁿ
taiwanese-basic:806	full	chhiunna	chhiuⁿ-á
taiwanese-basic:806	prefix	chhi	chhiuⁿ-á
taiwanese-basic:806	initials	ca	chhiuⁿ-á
taiwanese-basic:708	full	chhiann	chhiàⁿ
taiwanese-basic:708	prefix	chhi	chhiàⁿ
taiwanese-basic:708	initials	c	chhiàⁿ
taiwanese-basic:718	full	chhiam	chhiám
taiwanese-basic:718	prefix	chh	chhiám
taiwanese-basic:718	initials	c	chhiám
taiwanese-basic:719	full	chhiamma	chhiám-má
taiwanese-basic:719	prefix	chhi	chhiám-má
taiwanese-basic:719	initials	cm	chhiám-má
taiwanese-basic:724	full	chhian	chhián
taiwanese-basic:724	prefix	chh	chhián
taiwanese-basic:724	initials	c	chhián
taiwanese-basic:704	full	chhiann	chhiáⁿ
taiwanese-basic:704	prefix	chhi	chhiáⁿ
taiwanese-basic:704	initials	c	chhiáⁿ
taiwanese-basic:706	full	chhiannlangkheh	chhiáⁿ lâng-kheh
taiwanese-basic:706	prefix	chhiannl	chhiáⁿ lâng-kheh
taiwanese-basic:706	initials	clk	chhiáⁿ lâng-kheh
taiwanese-basic:4571	full	chhiannlitanhau	chhiáⁿ lí tán-hāu
taiwanese-basic:4571	prefix	chhiannl	chhiáⁿ lí tán-hāu
taiwanese-basic:4571	initials	clth	chhiáⁿ lí tán-hāu
taiwanese-basic:3449	full	chhiannmng	chhiáⁿ-mn̄g
taiwanese-basic:3449	prefix	chhia	chhiáⁿ-mn̄g
taiwanese-basic:3449	initials	cm	chhiáⁿ-mn̄g
taiwanese-basic:707	full	chhiannthiap	chhiáⁿ-thiap
taiwanese-basic:707	prefix	chhian	chhiáⁿ-thiap
taiwanese-basic:707	initials	ct	chhiáⁿ-thiap
taiwanese-basic:728	full	chhian	chhiân
taiwanese-basic:728	prefix	chh	chhiân
taiwanese-basic:728	initials	c	chhiân
taiwanese-basic:755	full	chhio	chhiò
taiwanese-basic:755	prefix	chh	chhiò
taiwanese-basic:755	initials	c	chhiò
taiwanese-basic:2219	full	chhiokahtehboehsi	chhiò kah teh boeh sí
taiwanese-basic:2219	prefix	chhiokaht	chhiò kah teh boeh sí
taiwanese-basic:2219	initials	cktbs	chhiò kah teh boeh sí
taiwanese-basic:756	full	chhiokhoe	chhiò-khoe
taiwanese-basic:756	prefix	chhio	chhiò-khoe
taiwanese-basic:756	initials	ck	chhiò-khoe
taiwanese-basic:2913	full	chhiusengliekoa	chhiù sèng-lī ê koa
taiwanese-basic:2913	prefix	chhiusen	chhiù sèng-lī ê koa
taiwanese-basic:2913	initials	cslek	chhiù sèng-lī ê koa
taiwanese-basic:2910	full	chhiukoa	chhiù-koa
taiwanese-basic:2910	prefix	chhi	chhiù-koa
taiwanese-basic:2910	initials	ck	chhiù-koa
taiwanese-basic:802	full	chhiunn	chhiùⁿ
taiwanese-basic:802	prefix	chhi	chhiùⁿ
taiwanese-basic:802	initials	c	chhiùⁿ
taiwanese-basic:803	full	chhiunnkoa	chhiùⁿ koa
taiwanese-basic:803	prefix	chhiu	chhiùⁿ koa
taiwanese-basic:803	initials	ck	chhiùⁿ koa
taiwanese-basic:804	full	chhiunnphinn	chhiùⁿ-phìⁿ
taiwanese-basic:804	prefix	chhiun	chhiùⁿ-phìⁿ
taiwanese-basic:804	initials	cp	chhiùⁿ-phìⁿ
taiwanese-basic:772	full	chhiu	chhiú
taiwanese-basic:772	prefix	chh	chhiú
taiwanese-basic:772	initials	c	chhiú
taiwanese-basic:670	full	chhiuchheng	chhiú-chhèng
taiwanese-basic:670	prefix	chhiuc	chhiú-chhèng
taiwanese-basic:670	initials	cc	chhiú-chhèng
taiwanese-basic:776	full	chhiuchi	chhiú-chí
taiwanese-basic:776	prefix	chhi	chhiú-chí
taiwanese-basic:776	initials	cc	chhiú-chí
taiwanese-basic:787	full	chhiuge	chhiú-gē
taiwanese-basic:787	prefix	chhi	chhiú-gē
taiwanese-basic:787	initials	cg	chhiú-gē
taiwanese-basic:788	full	chhiukang	chhiú-kang
taiwanese-basic:788	prefix	chhiu	chhiú-kang
taiwanese-basic:788	initials	ck	chhiú-kang
taiwanese-basic:789	full	chhiukanggiap	chhiú-kang-gia̍p
taiwanese-basic:789	prefix	chhiuka	chhiú-kang-gia̍p
taiwanese-basic:789	initials	ckg	chhiú-kang-gia̍p
taiwanese-basic:779	full	chhiukhoan	chhiú-khoân
taiwanese-basic:779	prefix	chhiu	chhiú-khoân
taiwanese-basic:779	initials	ck	chhiú-khoân
taiwanese-basic:798	full	chhiukhau	chhiú-khàu
taiwanese-basic:798	prefix	chhiu	chhiú-khàu
taiwanese-basic:798	initials	ck	chhiú-khàu
taiwanese-basic:2816	full	chhiukin	chhiú-kin
taiwanese-basic:2816	prefix	chhi	chhiú-kin
taiwanese-basic:2816	initials	ck	chhiú-kin
taiwanese-basic:2782	full	chhiukiann	chhiú-kiàⁿ
taiwanese-basic:2782	prefix	chhiu	chhiú-kiàⁿ
taiwanese-basic:2782	initials	ck	chhiú-kiàⁿ
taiwanese-basic:3108	full	chhiukut	chhiú-kut
taiwanese-basic:3108	prefix	chhi	chhiú-kut
taiwanese-basic:3108	initials	ck	chhiú-kut
taiwanese-basic:793	full	chhiulong	chhiú-lông
taiwanese-basic:793	prefix	chhiu	chhiú-lông
taiwanese-basic:793	initials	cl	chhiú-lông
taiwanese-basic:797	full	chhiulai	chhiú-lāi
taiwanese-basic:797	prefix	chhi	chhiú-lāi
taiwanese-basic:797	initials	cl	chhiú-lāi
taiwanese-basic:790	full	chhiuoan	chhiú-oán
taiwanese-basic:790	prefix	chhi	chhiú-oán
taiwanese-basic:790	initials	co	chhiú-oán
taiwanese-basic:791	full	chhiuoanho	chhiú-oán hó
taiwanese-basic:791	prefix	chhiu	chhiú-oán hó
taiwanese-basic:791	initials	coh	chhiú-oán hó
taiwanese-basic:748	full	chhiupit	chhiú-pit
taiwanese-basic:748	prefix	chhi	chhiú-pit
taiwanese-basic:748	initials	cp	chhiú-pit
taiwanese-basic:3884	full	chhiupio	chhiú-pió
taiwanese-basic:3884	prefix	chhi	chhiú-pió
taiwanese-basic:3884	initials	cp	chhiú-pió
taiwanese-basic:799	full	chhiusiok	chhiú-sio̍k
taiwanese-basic:799	prefix	chhiu	chhiú-sio̍k
taiwanese-basic:799	initials	cs	chhiú-sio̍k
taiwanese-basic:792	full	chhiusut	chhiú-su̍t
taiwanese-basic:792	prefix	chhi	chhiú-su̍t
taiwanese-basic:792	initials	cs	chhiú-su̍t
taiwanese-basic:773	full	chhiutian	chhiú-tiān
taiwanese-basic:773	prefix	chhiu	chhiú-tiān
taiwanese-basic:773	initials	ct	chhiú-tiān
taiwanese-basic:5329	full	chhiutong	chhiú-tòng
taiwanese-basic:5329	prefix	chhiu	chhiú-tòng
taiwanese-basic:5329	initials	ct	chhiú-tòng
taiwanese-basic:780	full	chhiung	chhiú-ńg
taiwanese-basic:780	prefix	chhi	chhiú-ńg
taiwanese-basic:780	initials	cn	chhiú-ńg
taiwanese-basic:805	full	chhiunn	chhiúⁿ
taiwanese-basic:805	prefix	chhi	chhiúⁿ
taiwanese-basic:805	initials	c	chhiúⁿ
taiwanese-basic:807	full	chhiunnui	chhiûⁿ-ûi
taiwanese-basic:807	prefix	chhiu	chhiûⁿ-ûi
taiwanese-basic:807	initials	cu	chhiûⁿ-ûi
taiwanese-basic:759	full	chhio	chhiō
taiwanese-basic:759	prefix	chh	chhiō
taiwanese-basic:759	initials	c	chhiō
taiwanese-basic:783	full	chhiuhioha	chhiū-hio̍h-á
taiwanese-basic:783	prefix	chhiu	chhiū-hio̍h-á
taiwanese-basic:783	initials	cha	chhiū-hio̍h-á
taiwanese-basic:3226	full	chhiuleng	chhiū-leng
taiwanese-basic:3226	prefix	chhiu	chhiū-leng
taiwanese-basic:3226	initials	cl	chhiū-leng
taiwanese-basic:786	full	chhiuna	chhiū-nâ
taiwanese-basic:786	prefix	chhi	chhiū-nâ
taiwanese-basic:786	initials	cn	chhiū-nâ
taiwanese-basic:781	full	chhiua	chhiū-á
taiwanese-basic:781	prefix	chh	chhiū-á
taiwanese-basic:781	initials	ca	chhiū-á
taiwanese-basic:3504	full	chhiuang	chhiū-á ńg
taiwanese-basic:3504	prefix	chhi	chhiū-á ńg
taiwanese-basic:3504	initials	can	chhiū-á ńg
taiwanese-basic:782	full	chhiuaoe	chhiū-á-oe
taiwanese-basic:782	prefix	chhi	chhiū-á-oe
taiwanese-basic:782	initials	cao	chhiū-á-oe
taiwanese-basic:800	full	chhiunn	chhiūⁿ
taiwanese-basic:800	prefix	chhi	chhiūⁿ
taiwanese-basic:800	initials	c	chhiūⁿ
taiwanese-basic:801	full	chhiunnge	chhiūⁿ gê
taiwanese-basic:801	prefix	chhiu	chhiūⁿ gê
taiwanese-basic:801	initials	cg	chhiūⁿ gê
taiwanese-basic:732	full	chhihhongkhim	chhi̍h hong-khîm
taiwanese-basic:732	prefix	chhihho	chhi̍h hong-khîm
taiwanese-basic:732	initials	chk	chhi̍h hong-khîm
taiwanese-basic:638	full	chhinn	chhiⁿ
taiwanese-basic:638	prefix	chh	chhiⁿ
taiwanese-basic:638	initials	c	chhiⁿ
taiwanese-basic:691	full	chhinnchhai	chhiⁿ-chhài
taiwanese-basic:691	prefix	chhinn	chhiⁿ-chhài
taiwanese-basic:691	initials	cc	chhiⁿ-chhài
taiwanese-basic:1238	full	chhinnchui	chhiⁿ-chúi
taiwanese-basic:1238	prefix	chhin	chhiⁿ-chúi
taiwanese-basic:1238	initials	cc	chhiⁿ-chúi
taiwanese-basic:690	full	chhinnhi	chhiⁿ-hî
taiwanese-basic:690	prefix	chhi	chhiⁿ-hî
taiwanese-basic:690	initials	ch	chhiⁿ-hî
taiwanese-basic:687	full	chhinnmi	chhiⁿ-mî
taiwanese-basic:687	prefix	chhi	chhiⁿ-mî
taiwanese-basic:687	initials	cm	chhiⁿ-mî
taiwanese-basic:810	full	chhng	chhng
taiwanese-basic:810	prefix	chh	chhng
taiwanese-basic:810	initials	c	chhng
taiwanese-basic:811	full	chhngchiam	chhng-chiam
taiwanese-basic:811	prefix	chhng	chhng-chiam
taiwanese-basic:811	initials	cc	chhng-chiam
taiwanese-basic:808	full	chhngkhoo	chhng-khò͘
taiwanese-basic:808	prefix	chhng	chhng-khò͘
taiwanese-basic:808	initials	ck	chhng-khò͘
taiwanese-basic:563	full	chhoan	chhoan
taiwanese-basic:563	prefix	chh	chhoan
taiwanese-basic:563	initials	c	chhoan
taiwanese-basic:5235	full	chhoantiunn	chhoan-tiúⁿ
taiwanese-basic:5235	prefix	chhoan	chhoan-tiúⁿ
taiwanese-basic:5235	initials	ct	chhoan-tiúⁿ
taiwanese-basic:851	full	chhoe	chhoe
taiwanese-basic:851	prefix	chh	chhoe
taiwanese-basic:851	initials	c	chhoe
taiwanese-basic:852	full	chhoehong	chhoe-hong
taiwanese-basic:852	prefix	chhoe	chhoe-hong
taiwanese-basic:852	initials	ch	chhoe-hong
taiwanese-basic:857	full	chhongbeng	chhong-bêng
taiwanese-basic:857	prefix	chhon	chhong-bêng
taiwanese-basic:857	initials	cb	chhong-bêng
taiwanese-basic:840	full	chhoan	chhoán
taiwanese-basic:840	prefix	chh	chhoán
taiwanese-basic:840	initials	c	chhoán
taiwanese-basic:841	full	chhoankhui	chhoán-khùi
taiwanese-basic:841	prefix	chhoa	chhoán-khùi
taiwanese-basic:841	initials	ck	chhoán-khùi
taiwanese-basic:839	full	chhoan	chhoân
taiwanese-basic:839	prefix	chh	chhoân
taiwanese-basic:839	initials	c	chhoân
taiwanese-basic:820	full	chhoo	chho͘
taiwanese-basic:820	prefix	chh	chho͘
taiwanese-basic:820	initials	c	chho͘
taiwanese-basic:828	full	chhoochhoo	chho͘-chho͘
taiwanese-basic:828	prefix	chhoo	chho͘-chho͘
taiwanese-basic:828	initials	cc	chho͘-chho͘
taiwanese-basic:829	full	chhoochhai	chho͘-chhài
taiwanese-basic:829	prefix	chhoo	chho͘-chhài
taiwanese-basic:829	initials	cc	chho͘-chhài
taiwanese-basic:830	full	chhoochoa	chho͘-chóa
taiwanese-basic:830	prefix	chhoo	chho͘-chóa
taiwanese-basic:830	initials	cc	chho͘-chóa
taiwanese-basic:822	full	chhookang	chho͘-kang
taiwanese-basic:822	prefix	chhoo	chho͘-kang
taiwanese-basic:822	initials	ck	chho͘-kang
taiwanese-basic:824	full	chhoolong	chho͘-lông
taiwanese-basic:824	prefix	chhoo	chho͘-lông
taiwanese-basic:824	initials	cl	chho͘-lông
taiwanese-basic:825	full	chhoopoo	chho͘-pō͘
taiwanese-basic:825	prefix	chho	chho͘-pō͘
taiwanese-basic:825	initials	cp	chho͘-pō͘
taiwanese-basic:823	full	chhoosiang	chho͘-siang
taiwanese-basic:823	prefix	chhoo	chho͘-siang
taiwanese-basic:823	initials	cs	chho͘-siang
taiwanese-basic:823	full	chhoosiong	chho͘-siong
taiwanese-basic:823	prefix	chhoo	chho͘-siong
taiwanese-basic:823	initials	cs	chho͘-siong
taiwanese-basic:5193	full	chhootiong	chho͘-tiong
taiwanese-basic:5193	prefix	chhoo	chho͘-tiong
taiwanese-basic:5193	initials	ct	chho͘-tiong
taiwanese-basic:863	full	chhu	chhu
taiwanese-basic:863	prefix	ch	chhu
taiwanese-basic:863	initials	c	chhu
taiwanese-basic:864	full	chhupoahto	chhu poa̍h-tó
taiwanese-basic:864	prefix	chhup	chhu poa̍h-tó
taiwanese-basic:864	initials	cpt	chhu poa̍h-tó
taiwanese-basic:874	full	chhuichhiok	chhui-chhiok
taiwanese-basic:874	prefix	chhuic	chhui-chhiok
taiwanese-basic:874	initials	cc	chhui-chhiok
taiwanese-basic:875	full	chhuichian	chhui-chiàn
taiwanese-basic:875	prefix	chhui	chhui-chiàn
taiwanese-basic:875	initials	cc	chhui-chiàn
taiwanese-basic:877	full	chhun	chhun
taiwanese-basic:877	prefix	chh	chhun
taiwanese-basic:877	initials	c	chhun
taiwanese-basic:4590	full	chhunhechhiutang	chhun hē chhiu tang
taiwanese-basic:4590	prefix	chhunhec	chhun hē chhiu tang
taiwanese-basic:4590	initials	chct	chhun hē chhiu tang
taiwanese-basic:876	full	chhunthinn	chhun-thiⁿ
taiwanese-basic:876	prefix	chhun	chhun-thiⁿ
taiwanese-basic:876	initials	ct	chhun-thiⁿ
taiwanese-basic:885	full	chhut	chhut
taiwanese-basic:885	prefix	chh	chhut
taiwanese-basic:885	initials	c	chhut
taiwanese-basic:2394	full	chhutkhikealoo	chhut khì ke-á-lō͘
taiwanese-basic:2394	prefix	chhutkh	chhut khì ke-á-lō͘
taiwanese-basic:2394	initials	ckkal	chhut khì ke-á-lō͘
taiwanese-basic:4420	full	chhutsoohui	chhut só͘-hùi
taiwanese-basic:4420	prefix	chhuts	chhut só͘-hùi
taiwanese-basic:4420	initials	csh	chhut só͘-hùi
taiwanese-basic:880	full	chhutkhi	chhut--khì
taiwanese-basic:880	prefix	chhu	chhut--khì
taiwanese-basic:880	initials	ck	chhut--khì
taiwanese-basic:881	full	chhutlai	chhut--lâi
taiwanese-basic:881	prefix	chhu	chhut--lâi
taiwanese-basic:881	initials	cl	chhut--lâi
taiwanese-basic:891	full	chhutchu	chhut-chu
taiwanese-basic:891	prefix	chhu	chhut-chu
taiwanese-basic:891	initials	cc	chhut-chu
taiwanese-basic:882	full	chhutchinn	chhut-chîⁿ
taiwanese-basic:882	prefix	chhut	chhut-chîⁿ
taiwanese-basic:882	initials	cc	chhut-chîⁿ
taiwanese-basic:894	full	chhutchaili	chhut-chāi lí
taiwanese-basic:894	prefix	chhutc	chhut-chāi lí
taiwanese-basic:894	initials	ccl	chhut-chāi lí
taiwanese-basic:883	full	chhutgiap	chhut-gia̍p
taiwanese-basic:883	prefix	chhut	chhut-gia̍p
taiwanese-basic:883	initials	cg	chhut-gia̍p
taiwanese-basic:886	full	chhuthoat	chhut-hoat
taiwanese-basic:886	prefix	chhut	chhut-hoat
taiwanese-basic:886	initials	ch	chhut-hoat
taiwanese-basic:887	full	chhuthoatesikan	chhut-hoat ê sî-kan
taiwanese-basic:887	prefix	chhuthoa	chhut-hoat ê sî-kan
taiwanese-basic:887	initials	chesk	chhut-hoat ê sî-kan
taiwanese-basic:888	full	chhuthoattiam	chhut-hoat-tiám
taiwanese-basic:888	prefix	chhutho	chhut-hoat-tiám
taiwanese-basic:888	initials	cht	chhut-hoat-tiám
taiwanese-basic:2376	full	chhutke	chhut-kè
taiwanese-basic:2376	prefix	chhu	chhut-kè
taiwanese-basic:2376	initials	ck	chhut-kè
taiwanese-basic:893	full	chhutlat	chhut-la̍t
taiwanese-basic:893	prefix	chhu	chhut-la̍t
taiwanese-basic:893	initials	cl	chhut-la̍t
taiwanese-basic:3437	full	chhutmia	chhut-miâ
taiwanese-basic:3437	prefix	chhu	chhut-miâ
taiwanese-basic:3437	initials	cm	chhut-miâ
taiwanese-basic:890	full	chhutmoa	chhut-môa
taiwanese-basic:890	prefix	chhu	chhut-môa
taiwanese-basic:890	initials	cm	chhut-môa
taiwanese-basic:890	full	chhutphiah	chhut-phia̍h
taiwanese-basic:890	prefix	chhut	chhut-phia̍h
taiwanese-basic:890	initials	cp	chhut-phia̍h
taiwanese-basic:889	full	chhutsi	chhut-sì
taiwanese-basic:889	prefix	chhu	chhut-sì
taiwanese-basic:889	initials	cs	chhut-sì
taiwanese-basic:587	full	chhachi	chhà-chí
taiwanese-basic:587	prefix	chha	chhà-chí
taiwanese-basic:587	initials	cc	chhà-chí
taiwanese-basic:586	full	chhai	chhài
taiwanese-basic:586	prefix	chh	chhài
taiwanese-basic:586	initials	c	chhài
taiwanese-basic:588	full	chhaichhia	chhài-chhī-á
taiwanese-basic:588	prefix	chhai	chhài-chhī-á
taiwanese-basic:588	initials	cca	chhài-chhī-á
taiwanese-basic:906	full	chhaichi	chhài-chí
taiwanese-basic:906	prefix	chha	chhài-chí
taiwanese-basic:906	initials	cc	chhài-chí
taiwanese-basic:1613	full	chhaihng	chhài-hn̂g
taiwanese-basic:1613	prefix	chha	chhài-hn̂g
taiwanese-basic:1613	initials	ch	chhài-hn̂g
taiwanese-basic:5084	full	chhaitiam	chhài-tiàm
taiwanese-basic:5084	prefix	chhai	chhài-tiàm
taiwanese-basic:5084	initials	ct	chhài-tiàm
taiwanese-basic:5251	full	chhaito	chhài-to
taiwanese-basic:5251	prefix	chha	chhài-to
taiwanese-basic:5251	initials	ct	chhài-to
taiwanese-basic:5304	full	chhaitoann	chhài-toaⁿ
taiwanese-basic:5304	prefix	chhai	chhài-toaⁿ
taiwanese-basic:5304	initials	ct	chhài-toaⁿ
taiwanese-basic:5372	full	chhaitu	chhài-tû
taiwanese-basic:5372	prefix	chha	chhài-tû
taiwanese-basic:5372	initials	ct	chhài-tû
taiwanese-basic:610	full	chhang	chhàng
taiwanese-basic:610	prefix	chh	chhàng
taiwanese-basic:610	initials	c	chhàng
taiwanese-basic:617	full	chhau	chhàu
taiwanese-basic:617	prefix	chh	chhàu
taiwanese-basic:617	initials	c	chhàu
taiwanese-basic:623	full	chhauhoehun	chhàu-hóe-hun
taiwanese-basic:623	prefix	chhauh	chhàu-hóe-hun
taiwanese-basic:623	initials	chh	chhàu-hóe-hun
taiwanese-basic:1560	full	chhauhinnlang	chhàu-hīⁿ lâng
taiwanese-basic:1560	prefix	chhauhi	chhàu-hīⁿ lâng
taiwanese-basic:1560	initials	chl	chhàu-hīⁿ lâng
taiwanese-basic:4882	full	chhauhinnlangbothiannkinn	chhàu-hīⁿ-lâng bô thiaⁿ-kìⁿ
taiwanese-basic:4882	prefix	chhauhinnlang	chhàu-hīⁿ-lâng bô thiaⁿ-kìⁿ
taiwanese-basic:4882	initials	chlbtk	chhàu-hīⁿ-lâng bô thiaⁿ-kìⁿ
taiwanese-basic:627	full	chhauoan	chhàu-oân
taiwanese-basic:627	prefix	chha	chhàu-oân
taiwanese-basic:627	initials	co	chhàu-oân
taiwanese-basic:629	full	chhauphui	chhàu-phùi
taiwanese-basic:629	prefix	chhau	chhàu-phùi
taiwanese-basic:629	initials	cp	chhàu-phùi
taiwanese-basic:622	full	chhauta	chhàu-ta
taiwanese-basic:622	prefix	chha	chhàu-ta
taiwanese-basic:622	initials	ct	chhàu-ta
taiwanese-basic:580	full	chha	chhá
taiwanese-basic:580	prefix	ch	chhá
taiwanese-basic:580	initials	c	chhá
taiwanese-basic:2363	full	chhakenng	chhá ke-nn̄g
taiwanese-basic:2363	prefix	chhak	chhá ke-nn̄g
taiwanese-basic:2363	initials	ckn	chhá ke-nn̄g
taiwanese-basic:2364	full	chhasannliapkenng	chhá saⁿ lia̍p ke-nn̄g
taiwanese-basic:2364	prefix	chhasannl	chhá saⁿ lia̍p ke-nn̄g
taiwanese-basic:2364	initials	cslkn	chhá saⁿ lia̍p ke-nn̄g
taiwanese-basic:591	full	chhaiiong	chhái-iōng
taiwanese-basic:591	prefix	chhai	chhái-iōng
taiwanese-basic:591	initials	ci	chhái-iōng
taiwanese-basic:597	full	chham	chhám
taiwanese-basic:597	prefix	chh	chhám
taiwanese-basic:597	initials	c	chhám
taiwanese-basic:619	full	chhau	chháu
taiwanese-basic:619	prefix	chh	chháu
taiwanese-basic:619	initials	c	chháu
taiwanese-basic:765	full	chhauchhioh	chháu-chhio̍h
taiwanese-basic:765	prefix	chhauc	chháu-chhio̍h
taiwanese-basic:765	initials	cc	chháu-chhio̍h
taiwanese-basic:628	full	chhaupooa	chháu-po͘-á
taiwanese-basic:628	prefix	chhau	chháu-po͘-á
taiwanese-basic:628	initials	cpa	chháu-po͘-á
taiwanese-basic:626	full	chhautelang	chháu-tē-lâng
taiwanese-basic:626	prefix	chhaut	chháu-tē-lâng
taiwanese-basic:626	initials	ctl	chháu-tē-lâng
taiwanese-basic:579	full	chha	chhâ
taiwanese-basic:579	prefix	ch	chhâ
taiwanese-basic:579	initials	c	chhâ
taiwanese-basic:5252	full	chhato	chhâ-to
taiwanese-basic:5252	prefix	chh	chhâ-to
taiwanese-basic:5252	initials	ct	chhâ-to
taiwanese-basic:4039	full	chhaihongsaihu	chhâi-hông sai-hū
taiwanese-basic:4039	prefix	chhaiho	chhâi-hông sai-hū
taiwanese-basic:4039	initials	chsh	chhâi-hông sai-hū
taiwanese-basic:590	full	chhaihongsaihu	chhâi-hông-sai-hū
taiwanese-basic:590	prefix	chhaiho	chhâi-hông-sai-hū
taiwanese-basic:590	initials	chsh	chhâi-hông-sai-hū
taiwanese-basic:602	full	chhan	chhân
taiwanese-basic:602	prefix	chh	chhân
taiwanese-basic:602	initials	c	chhân
taiwanese-basic:606	full	chhanchng	chhân chng
taiwanese-basic:606	prefix	chhan	chhân chng
taiwanese-basic:606	initials	cc	chhân chng
taiwanese-basic:3372	full	chhanchng	chhân-chng
taiwanese-basic:3372	prefix	chhan	chhân-chng
taiwanese-basic:3372	initials	cc	chhân-chng
taiwanese-basic:607	full	chhanchngsong	chhân-chng sòng
taiwanese-basic:607	prefix	chhanch	chhân-chng sòng
taiwanese-basic:607	initials	ccs	chhân-chng sòng
taiwanese-basic:607	full	chhanchngsong	chhân-chng sông
taiwanese-basic:607	prefix	chhanch	chhân-chng sông
taiwanese-basic:607	initials	ccs	chhân-chng sông
taiwanese-basic:609	full	chhanchngesoochai	chhân-chng ê só͘-chāi
taiwanese-basic:609	prefix	chhanchng	chhân-chng ê só͘-chāi
taiwanese-basic:609	initials	ccesc	chhân-chng ê só͘-chāi
taiwanese-basic:1125	full	chhanchnglang	chhân-chng-lâng
taiwanese-basic:1125	prefix	chhanch	chhân-chng-lâng
taiwanese-basic:1125	initials	ccl	chhân-chng-lâng
taiwanese-basic:4421	full	chhe	chhè
taiwanese-basic:4421	prefix	ch	chhè
taiwanese-basic:4421	initials	c	chhè
taiwanese-basic:635	full	chhesoo	chhè-só͘
taiwanese-basic:635	prefix	chhe	chhè-só͘
taiwanese-basic:635	initials	cs	chhè-só͘
taiwanese-basic:668	full	chheng	chhèng
taiwanese-basic:668	prefix	chh	chhèng
taiwanese-basic:668	initials	c	chhèng
taiwanese-basic:667	full	chhengphinn	chhèng-phīⁿ
taiwanese-basic:667	prefix	chheng	chhèng-phīⁿ
taiwanese-basic:667	initials	cp	chhèng-phīⁿ
taiwanese-basic:661	full	chheng	chhéng
taiwanese-basic:661	prefix	chh	chhéng
taiwanese-basic:661	initials	c	chhéng
taiwanese-basic:665	full	chhengan	chhéng-an
taiwanese-basic:665	prefix	chhe	chhéng-an
taiwanese-basic:665	initials	ca	chhéng-an
taiwanese-basic:666	full	chhengkau	chhéng-kàu
taiwanese-basic:666	prefix	chhen	chhéng-kàu
taiwanese-basic:666	initials	ck	chhéng-kàu
taiwanese-basic:664	full	chhengka	chhéng-ká
taiwanese-basic:664	prefix	chhe	chhéng-ká
taiwanese-basic:664	initials	ck	chhéng-ká
taiwanese-basic:636	full	chhea	chhê-á
taiwanese-basic:636	prefix	chh	chhê-á
taiwanese-basic:636	initials	ca	chhê-á
taiwanese-basic:679	full	chhi	chhì
taiwanese-basic:679	prefix	ch	chhì
taiwanese-basic:679	initials	c	chhì
taiwanese-basic:140	full	chhikhoannbai	chhì khòaⁿ-bāi
taiwanese-basic:140	prefix	chhikho	chhì khòaⁿ-bāi
taiwanese-basic:140	initials	ckb	chhì khòaⁿ-bāi
taiwanese-basic:1370	full	chhigiam	chhì-giām
taiwanese-basic:1370	prefix	chhi	chhì-giām
taiwanese-basic:1370	initials	cg	chhì-giām
taiwanese-basic:686	full	chhikek	chhì-ke̍k
taiwanese-basic:686	prefix	chhi	chhì-ke̍k
taiwanese-basic:686	initials	ck	chhì-ke̍k
taiwanese-basic:2982	full	chhikoe	chhì-koe
taiwanese-basic:2982	prefix	chhi	chhì-koe
taiwanese-basic:2982	initials	ck	chhì-koe
taiwanese-basic:739	full	chhinchhai	chhìn-chhái
taiwanese-basic:739	prefix	chhin	chhìn-chhái
taiwanese-basic:739	initials	cc	chhìn-chhái
taiwanese-basic:742	full	chhina	chhìn-á
taiwanese-basic:742	prefix	chh	chhìn-á
taiwanese-basic:742	initials	ca	chhìn-á
taiwanese-basic:817	full	chho	chhò
taiwanese-basic:817	prefix	ch	chhò
taiwanese-basic:817	initials	c	chhò
taiwanese-basic:812	full	chhobi	chhò-bí
taiwanese-basic:812	prefix	chh	chhò-bí
taiwanese-basic:812	initials	cb	chhò-bí
taiwanese-basic:816	full	chhogoo	chhò-gō͘
taiwanese-basic:816	prefix	chho	chhò-gō͘
taiwanese-basic:816	initials	cg	chhò-gō͘
taiwanese-basic:836	full	chhoann	chhòaⁿ
taiwanese-basic:836	prefix	chho	chhòaⁿ
taiwanese-basic:836	initials	c	chhòaⁿ
taiwanese-basic:837	full	chhoannmng	chhòaⁿ-mn̂g
taiwanese-basic:837	prefix	chhoa	chhòaⁿ-mn̂g
taiwanese-basic:837	initials	cm	chhòaⁿ-mn̂g
taiwanese-basic:855	full	chhong	chhòng
taiwanese-basic:855	prefix	chh	chhòng
taiwanese-basic:855	initials	c	chhòng
taiwanese-basic:856	full	chhongcho	chhòng-chō
taiwanese-basic:856	prefix	chhon	chhòng-chō
taiwanese-basic:856	initials	cc	chhòng-chō
taiwanese-basic:858	full	chhongti	chhòng-tī
taiwanese-basic:858	prefix	chho	chhòng-tī
taiwanese-basic:858	initials	ct	chhòng-tī
taiwanese-basic:831	full	chhoo	chhò͘
taiwanese-basic:831	prefix	chh	chhò͘
taiwanese-basic:831	initials	c	chhò͘
taiwanese-basic:818	full	chho	chhó
taiwanese-basic:818	prefix	ch	chhó
taiwanese-basic:818	initials	c	chhó
taiwanese-basic:819	full	chhothat	chhó-that
taiwanese-basic:819	prefix	chho	chhó-that
taiwanese-basic:819	initials	ct	chhó-that
taiwanese-basic:859	full	chhu	chhù
taiwanese-basic:859	prefix	ch	chhù
taiwanese-basic:859	initials	c	chhù
taiwanese-basic:4419	full	chhulaiesoohui	chhù lāi ê só͘-hùi
taiwanese-basic:4419	prefix	chhulai	chhù lāi ê só͘-hùi
taiwanese-basic:4419	initials	clesh	chhù lāi ê só͘-hùi
taiwanese-basic:3844	full	chhupinn	chhù piⁿ
taiwanese-basic:3844	prefix	chhu	chhù piⁿ
taiwanese-basic:3844	initials	cp	chhù piⁿ
taiwanese-basic:3192	full	chhutengelau	chhù téng ē lāu
taiwanese-basic:3192	prefix	chhute	chhù téng ē lāu
taiwanese-basic:3192	initials	ctel	chhù téng ē lāu
taiwanese-basic:865	full	chhubi	chhù-bī
taiwanese-basic:865	prefix	chh	chhù-bī
taiwanese-basic:865	initials	cb	chhù-bī
taiwanese-basic:861	full	chhuchu	chhù-chú
taiwanese-basic:861	prefix	chhu	chhù-chú
taiwanese-basic:861	initials	cc	chhù-chú
taiwanese-basic:4462	full	chhusoe	chhù-sòe
taiwanese-basic:4462	prefix	chhu	chhù-sòe
taiwanese-basic:4462	initials	cs	chhù-sòe
taiwanese-basic:860	full	chhuteng	chhù-téng
taiwanese-basic:860	prefix	chhu	chhù-téng
taiwanese-basic:860	initials	ct	chhù-téng
taiwanese-basic:867	full	chhui	chhùi
taiwanese-basic:867	prefix	chh	chhùi
taiwanese-basic:867	initials	c	chhùi
taiwanese-basic:3624	full	chhuipa	chhùi pá
taiwanese-basic:3624	prefix	chhu	chhùi pá
taiwanese-basic:3624	initials	cp	chhùi pá
taiwanese-basic:868	full	chhuichhiu	chhùi-chhiu
taiwanese-basic:868	prefix	chhui	chhùi-chhiu
taiwanese-basic:868	initials	cc	chhùi-chhiu
taiwanese-basic:871	full	chhuichih	chhùi-chi̍h
taiwanese-basic:871	prefix	chhui	chhùi-chi̍h
taiwanese-basic:871	initials	cc	chhùi-chi̍h
taiwanese-basic:870	full	chhuikhi	chhùi-khí
taiwanese-basic:870	prefix	chhu	chhùi-khí
taiwanese-basic:870	initials	ck	chhùi-khí
taiwanese-basic:3556	full	chhuinoa	chhùi-nōa
taiwanese-basic:3556	prefix	chhu	chhùi-nōa
taiwanese-basic:3556	initials	cn	chhùi-nōa
taiwanese-basic:872	full	chhuiphoe	chhùi-phóe
taiwanese-basic:872	prefix	chhui	chhùi-phóe
taiwanese-basic:872	initials	cp	chhùi-phóe
taiwanese-basic:872	full	chhuipinn	chhùi-piⁿ
taiwanese-basic:872	prefix	chhui	chhùi-piⁿ
taiwanese-basic:872	initials	cp	chhùi-piⁿ
taiwanese-basic:873	full	chhuitun	chhùi-tûn
taiwanese-basic:873	prefix	chhu	chhùi-tûn
taiwanese-basic:873	initials	ct	chhùi-tûn
taiwanese-basic:878	full	chhun	chhùn
taiwanese-basic:878	prefix	chh	chhùn
taiwanese-basic:878	initials	c	chhùn
taiwanese-basic:866	full	chhusiau	chhú-siau
taiwanese-basic:866	prefix	chhu	chhú-siau
taiwanese-basic:866	initials	cs	chhú-siau
taiwanese-basic:652	full	chheng	chhēng
taiwanese-basic:652	prefix	chh	chhēng
taiwanese-basic:652	initials	c	chhēng
taiwanese-basic:673	full	chhi	chhī
taiwanese-basic:673	prefix	ch	chhī
taiwanese-basic:673	initials	c	chhī
taiwanese-basic:567	full	chhichenghu	chhī chèng-hú
taiwanese-basic:567	prefix	chhich	chhī chèng-hú
taiwanese-basic:567	initials	cch	chhī chèng-hú
taiwanese-basic:683	full	chhike	chhī-kè
taiwanese-basic:683	prefix	chh	chhī-kè
taiwanese-basic:683	initials	ck	chhī-kè
taiwanese-basic:684	full	chhilai	chhī-lāi
taiwanese-basic:684	prefix	chhi	chhī-lāi
taiwanese-basic:684	initials	cl	chhī-lāi
taiwanese-basic:5230	full	chhitiunn	chhī-tiúⁿ
taiwanese-basic:5230	prefix	chhit	chhī-tiúⁿ
taiwanese-basic:5230	initials	ct	chhī-tiúⁿ
taiwanese-basic:685	full	chhiengebahsuh	chhī-êng ê bah-suh
taiwanese-basic:685	prefix	chhieng	chhī-êng ê bah-suh
taiwanese-basic:685	initials	ceebs	chhī-êng ê bah-suh
taiwanese-basic:4821	full	chhoa	chhōa
taiwanese-basic:4821	prefix	chh	chhōa
taiwanese-basic:4821	initials	c	chhōa
taiwanese-basic:834	full	chhoaboo	chhōa bó͘
taiwanese-basic:834	prefix	chho	chhōa bó͘
taiwanese-basic:834	initials	cb	chhōa bó͘
taiwanese-basic:835	full	chhoasinniu	chhōa sin-niû
taiwanese-basic:835	prefix	chhoas	chhōa sin-niû
taiwanese-basic:835	initials	csn	chhōa sin-niû
taiwanese-basic:842	full	chhoe	chhōe
taiwanese-basic:842	prefix	chh	chhōe
taiwanese-basic:842	initials	c	chhōe
taiwanese-basic:849	full	chhoebotioh	chhōe bô-tio̍h
taiwanese-basic:849	prefix	chhoeb	chhōe bô-tio̍h
taiwanese-basic:849	initials	cbt	chhōe bô-tio̍h
taiwanese-basic:847	full	chhoebetioh	chhōe bē-tio̍h
taiwanese-basic:847	prefix	chhoeb	chhōe bē-tio̍h
taiwanese-basic:847	initials	cbt	chhōe bē-tio̍h
taiwanese-basic:846	full	chhoeetioh	chhōe ē-tio̍h
taiwanese-basic:846	prefix	chhoe	chhōe ē-tio̍h
taiwanese-basic:846	initials	cet	chhōe ē-tio̍h
taiwanese-basic:848	full	chhoeutioh	chhōe ū-tio̍h
taiwanese-basic:848	prefix	chhoe	chhōe ū-tio̍h
taiwanese-basic:848	initials	cut	chhōe ū-tio̍h
taiwanese-basic:845	full	chhoetioh	chhōe--tio̍h
taiwanese-basic:845	prefix	chhoe	chhōe--tio̍h
taiwanese-basic:845	initials	ct	chhōe--tio̍h
taiwanese-basic:844	full	chhoebo	chhōe-bô
taiwanese-basic:844	prefix	chho	chhōe-bô
taiwanese-basic:844	initials	cb	chhōe-bô
taiwanese-basic:843	full	chhoeu	chhōe-ū
taiwanese-basic:843	prefix	chh	chhōe-ū
taiwanese-basic:843	initials	cu	chhōe-ū
taiwanese-basic:908	full	chiphio	chi-phiò
taiwanese-basic:908	prefix	chip	chi-phiò
taiwanese-basic:908	initials	cp	chi-phiò
taiwanese-basic:940	full	chiah	chiah
taiwanese-basic:940	prefix	chi	chiah
taiwanese-basic:940	initials	c	chiah
taiwanese-basic:3052	full	chiahnihku	chiah ni̍h kú
taiwanese-basic:3052	prefix	chiah	chiah ni̍h kú
taiwanese-basic:3052	initials	cnk	chiah ni̍h kú
taiwanese-basic:938	full	chiahe	chiah ê
taiwanese-basic:938	prefix	chi	chiah ê
taiwanese-basic:938	initials	ce	chiah ê
taiwanese-basic:939	full	chiahnih	chiah-ni̍h
taiwanese-basic:939	prefix	chia	chiah-ni̍h
taiwanese-basic:939	initials	cn	chiah-ni̍h
taiwanese-basic:967	full	chiam	chiam
taiwanese-basic:967	prefix	chi	chiam
taiwanese-basic:967	initials	c	chiam
taiwanese-basic:5306	full	chiamletoann	chiam-lé-toaⁿ
taiwanese-basic:5306	prefix	chiaml	chiam-lé-toaⁿ
taiwanese-basic:5306	initials	clt	chiam-lé-toaⁿ
taiwanese-basic:979	full	chian	chian
taiwanese-basic:979	prefix	chi	chian
taiwanese-basic:979	initials	c	chian
taiwanese-basic:982	full	chianchitbin	chian chi̍t bīn
taiwanese-basic:982	prefix	chianc	chian chi̍t bīn
taiwanese-basic:982	initials	ccb	chian chi̍t bīn
taiwanese-basic:2361	full	chianchitbinekenng	chian chi̍t bīn ê ke-nn̄g
taiwanese-basic:2361	prefix	chianchit	chian chi̍t bīn ê ke-nn̄g
taiwanese-basic:2361	initials	ccbekn	chian chi̍t bīn ê ke-nn̄g
taiwanese-basic:982	full	chianchitpeng	chian chi̍t pêng
taiwanese-basic:982	prefix	chianch	chian chi̍t pêng
taiwanese-basic:982	initials	ccp	chian chi̍t pêng
taiwanese-basic:2359	full	chiankenng	chian ke-nn̄g
taiwanese-basic:2359	prefix	chian	chian ke-nn̄g
taiwanese-basic:2359	initials	ckn	chian ke-nn̄g
taiwanese-basic:983	full	chiannngbin	chian nn̄g bīn
taiwanese-basic:983	prefix	chiann	chian nn̄g bīn
taiwanese-basic:983	initials	cnb	chian nn̄g bīn
taiwanese-basic:2362	full	chiannngbinekenng	chian nn̄g bīn ê ke-nn̄g
taiwanese-basic:2362	prefix	chiannngb	chian nn̄g bīn ê ke-nn̄g
taiwanese-basic:2362	initials	cnbekn	chian nn̄g bīn ê ke-nn̄g
taiwanese-basic:2360	full	chiannngliapkenng	chian nn̄g lia̍p ke-nn̄g
taiwanese-basic:2360	prefix	chiannngl	chian nn̄g lia̍p ke-nn̄g
taiwanese-basic:2360	initials	cnlkn	chian nn̄g lia̍p ke-nn̄g
taiwanese-basic:983	full	chiannngpeng	chian nn̄g pêng
taiwanese-basic:983	prefix	chiann	chian nn̄g pêng
taiwanese-basic:983	initials	cnp	chian nn̄g pêng
taiwanese-basic:981	full	chianekenng	chian-ê ke-nn̄g
taiwanese-basic:981	prefix	chiane	chian-ê ke-nn̄g
taiwanese-basic:981	initials	cekn	chian-ê ke-nn̄g
taiwanese-basic:994	full	chiap	chiap
taiwanese-basic:994	prefix	chi	chiap
taiwanese-basic:994	initials	c	chiap
taiwanese-basic:997	full	chiapkut	chiap-kut
taiwanese-basic:997	prefix	chia	chiap-kut
taiwanese-basic:997	initials	ck	chiap-kut
taiwanese-basic:998	full	chiapkutsaihu	chiap-kut sai-hū
taiwanese-basic:998	prefix	chiapku	chiap-kut sai-hū
taiwanese-basic:998	initials	cksh	chiap-kut sai-hū
taiwanese-basic:2534	full	chiapthaisoo	chiap-thāi-só͘
taiwanese-basic:2534	prefix	chiapt	chiap-thāi-só͘
taiwanese-basic:2534	initials	cts	chiap-thāi-só͘
taiwanese-basic:3810	full	chiaptiohphoe	chiap-tio̍h phoe
taiwanese-basic:3810	prefix	chiapti	chiap-tio̍h phoe
taiwanese-basic:3810	initials	ctp	chiap-tio̍h phoe
taiwanese-basic:989	full	chiat	chiat
taiwanese-basic:989	prefix	chi	chiat
taiwanese-basic:989	initials	c	chiat
taiwanese-basic:993	full	chiatiok	chiat-iok
taiwanese-basic:993	prefix	chia	chiat-iok
taiwanese-basic:993	initials	ci	chiat-iok
taiwanese-basic:941	full	chiah	chia̍h
taiwanese-basic:941	prefix	chi	chia̍h
taiwanese-basic:941	initials	c	chia̍h
taiwanese-basic:5092	full	chiahtiamsim	chia̍h  tiám-sim
taiwanese-basic:5092	prefix	chiaht	chia̍h  tiám-sim
taiwanese-basic:5092	initials	cts	chia̍h  tiám-sim
taiwanese-basic:211	full	chiahbetiau	chia̍h bē-tiâu
taiwanese-basic:211	prefix	chiahb	chia̍h bē-tiâu
taiwanese-basic:211	initials	cbt	chia̍h bē-tiâu
taiwanese-basic:954	full	chiahchiuchui	chia̍h chiú-chùi
taiwanese-basic:954	prefix	chiahch	chia̍h chiú-chùi
taiwanese-basic:954	initials	ccc	chia̍h chiú-chùi
taiwanese-basic:949	full	chiahchaikhi	chia̍h chái-khí
taiwanese-basic:949	prefix	chiahc	chia̍h chái-khí
taiwanese-basic:949	initials	cck	chia̍h chái-khí
taiwanese-basic:960	full	chiahchinn	chia̍h chîⁿ
taiwanese-basic:960	prefix	chiah	chia̍h chîⁿ
taiwanese-basic:960	initials	cc	chia̍h chîⁿ
taiwanese-basic:1829	full	chiahhun	chia̍h hun
taiwanese-basic:1829	prefix	chia	chia̍h hun
taiwanese-basic:1829	initials	ch	chia̍h hun
taiwanese-basic:958	full	chiahhui	chia̍h hùi
taiwanese-basic:958	prefix	chia	chia̍h hùi
taiwanese-basic:958	initials	ch	chia̍h hùi
taiwanese-basic:953	full	chiahioha	chia̍h io̍h-á
taiwanese-basic:953	prefix	chiah	chia̍h io̍h-á
taiwanese-basic:953	initials	cia	chia̍h io̍h-á
taiwanese-basic:963	full	chiahkhui	chia̍h khui
taiwanese-basic:963	prefix	chiah	chia̍h khui
taiwanese-basic:963	initials	ck	chia̍h khui
taiwanese-basic:2567	full	chiahkhi	chia̍h khí
taiwanese-basic:2567	prefix	chia	chia̍h khí
taiwanese-basic:2567	initials	ck	chia̍h khí
taiwanese-basic:141	full	chiahkhoannbai	chia̍h khòaⁿ bāi
taiwanese-basic:141	prefix	chiahkh	chia̍h khòaⁿ bāi
taiwanese-basic:141	initials	ckb	chia̍h khòaⁿ bāi
taiwanese-basic:964	full	chiahlangchiahthih	chia̍h lâng chia̍h thih
taiwanese-basic:964	prefix	chiahlang	chia̍h lâng chia̍h thih
taiwanese-basic:964	initials	clct	chia̍h lâng chia̍h thih
taiwanese-basic:3667	full	chiahpngkeng	chia̍h pn̄g keng
taiwanese-basic:3667	prefix	chiahp	chia̍h pn̄g keng
taiwanese-basic:3667	initials	cpk	chia̍h pn̄g keng
taiwanese-basic:4885	full	chiahpngthiann	chia̍h pn̄g thiaⁿ
taiwanese-basic:4885	prefix	chiahpn	chia̍h pn̄g thiaⁿ
taiwanese-basic:4885	initials	cpt	chia̍h pn̄g thiaⁿ
taiwanese-basic:956	full	chiahpngtoha	chia̍h pn̄g toh-á
taiwanese-basic:956	prefix	chiahp	chia̍h pn̄g toh-á
taiwanese-basic:956	initials	cpta	chia̍h pn̄g toh-á
taiwanese-basic:957	full	chiahpngkin	chia̍h pn̄g-kin
taiwanese-basic:957	prefix	chiahp	chia̍h pn̄g-kin
taiwanese-basic:957	initials	cpk	chia̍h pn̄g-kin
taiwanese-basic:3619	full	chiahpa	chia̍h pá
taiwanese-basic:3619	prefix	chia	chia̍h pá
taiwanese-basic:3619	initials	cp	chia̍h pá
taiwanese-basic:3620	full	chiahpoannpa	chia̍h pòaⁿ pá
taiwanese-basic:3620	prefix	chiahp	chia̍h pòaⁿ pá
taiwanese-basic:3620	initials	cpp	chia̍h pòaⁿ pá
taiwanese-basic:961	full	chiahthauke	chia̍h thâu-ke
taiwanese-basic:961	prefix	chiaht	chia̍h thâu-ke
taiwanese-basic:961	initials	ctk	chia̍h thâu-ke
taiwanese-basic:962	full	chiahthauloo	chia̍h thâu-lō͘
taiwanese-basic:962	prefix	chiaht	chia̍h thâu-lō͘
taiwanese-basic:962	initials	ctl	chia̍h thâu-lō͘
taiwanese-basic:950	full	chiahtiongtau	chia̍h tiong-tàu
taiwanese-basic:950	prefix	chiahti	chia̍h tiong-tàu
taiwanese-basic:950	initials	ctt	chia̍h tiong-tàu
taiwanese-basic:959	full	chiahtiamsim	chia̍h tiám-sim
taiwanese-basic:959	prefix	chiaht	chia̍h tiám-sim
taiwanese-basic:959	initials	cts	chia̍h tiám-sim
taiwanese-basic:951	full	chiaham	chia̍h àm
taiwanese-basic:951	prefix	chia	chia̍h àm
taiwanese-basic:951	initials	ca	chia̍h àm
taiwanese-basic:952	full	chiahchhennchhau	chia̍h-chheⁿ-chhau
taiwanese-basic:952	prefix	chiahchh	chia̍h-chheⁿ-chhau
taiwanese-basic:952	initials	ccc	chia̍h-chheⁿ-chhau
taiwanese-basic:832	full	chiahchhoo	chia̍h-chhò͘
taiwanese-basic:832	prefix	chiah	chia̍h-chhò͘
taiwanese-basic:832	initials	cc	chia̍h-chhò͘
taiwanese-basic:3446	full	chiahmih	chia̍h-mi̍h
taiwanese-basic:3446	prefix	chia	chia̍h-mi̍h
taiwanese-basic:3446	initials	cm	chia̍h-mi̍h
taiwanese-basic:2818	full	chiahpngkin	chia̍h-pn̄g-kin
taiwanese-basic:2818	prefix	chiahp	chia̍h-pn̄g-kin
taiwanese-basic:2818	initials	cpk	chia̍h-pn̄g-kin
taiwanese-basic:5151	full	chiahtiau	chia̍h-tiāu
taiwanese-basic:5151	prefix	chiah	chia̍h-tiāu
taiwanese-basic:5151	initials	ct	chia̍h-tiāu
taiwanese-basic:995	full	chiap	chia̍p
taiwanese-basic:995	prefix	chi	chia̍p
taiwanese-basic:995	initials	c	chia̍p
taiwanese-basic:134	full	chiannbah	chiaⁿ-bah
taiwanese-basic:134	prefix	chian	chiaⁿ-bah
taiwanese-basic:134	initials	cb	chiaⁿ-bah
taiwanese-basic:934	full	chianngoeh	chiaⁿ-goe̍h
taiwanese-basic:934	prefix	chian	chiaⁿ-goe̍h
taiwanese-basic:934	initials	cg	chiaⁿ-goe̍h
taiwanese-basic:3169	full	chiekliapalang	chiek lia̍p-á lâng
taiwanese-basic:3169	prefix	chiekli	chiek lia̍p-á lâng
taiwanese-basic:3169	initials	clal	chiek lia̍p-á lâng
taiwanese-basic:1016	full	chih	chih
taiwanese-basic:1016	prefix	ch	chih
taiwanese-basic:1016	initials	c	chih
taiwanese-basic:1019	full	chihphoe	chih phōe
taiwanese-basic:1019	prefix	chih	chih phōe
taiwanese-basic:1019	initials	cp	chih phōe
taiwanese-basic:1018	full	chihsann	chih saⁿ
taiwanese-basic:1018	prefix	chih	chih saⁿ
taiwanese-basic:1018	initials	cs	chih saⁿ
taiwanese-basic:521	full	chijpi	chij-pī
taiwanese-basic:521	prefix	chi	chij-pī
taiwanese-basic:521	initials	cp	chij-pī
taiwanese-basic:1027	full	chin	chin
taiwanese-basic:1027	prefix	ch	chin
taiwanese-basic:1027	initials	c	chin
taiwanese-basic:936	full	chinchiannhoannhi	chin chiàⁿ hoaⁿ-hí
taiwanese-basic:936	prefix	chinchian	chin chiàⁿ hoaⁿ-hí
taiwanese-basic:936	initials	cchh	chin chiàⁿ hoaⁿ-hí
taiwanese-basic:1029	full	chinchiannsui	chin chiàⁿ súi
taiwanese-basic:1029	prefix	chinchi	chin chiàⁿ súi
taiwanese-basic:1029	initials	ccs	chin chiàⁿ súi
taiwanese-basic:3629	full	chinchepai	chin chē pái
taiwanese-basic:3629	prefix	chinc	chin chē pái
taiwanese-basic:3629	initials	ccp	chin chē pái
taiwanese-basic:1557	full	chinhihanemih	chin hi-hán ê mi̍h
taiwanese-basic:1557	prefix	chinhih	chin hi-hán ê mi̍h
taiwanese-basic:1557	initials	chhem	chin hi-hán ê mi̍h
taiwanese-basic:1848	full	chinhun	chin hun
taiwanese-basic:1848	prefix	chin	chin hun
taiwanese-basic:1848	initials	ch	chin hun
taiwanese-basic:1032	full	chinhankiann	chin hán-kiâⁿ
taiwanese-basic:1032	prefix	chinha	chin hán-kiâⁿ
taiwanese-basic:1032	initials	chk	chin hán-kiâⁿ
taiwanese-basic:2617	full	chinkhosioh	chin khó-sioh
taiwanese-basic:2617	prefix	chinkh	chin khó-sioh
taiwanese-basic:2617	initials	cks	chin khó-sioh
taiwanese-basic:2258	full	chinkamsim	chin kám-sim
taiwanese-basic:2258	prefix	chink	chin kám-sim
taiwanese-basic:2258	initials	cks	chin kám-sim
taiwanese-basic:1651	full	chinkubolohhoo	chin kú bô lo̍h-hō͘
taiwanese-basic:1651	prefix	chinkub	chin kú bô lo̍h-hō͘
taiwanese-basic:1651	initials	ckblh	chin kú bô lo̍h-hō͘
taiwanese-basic:3256	full	chinlisiong	chin lí-sióng
taiwanese-basic:3256	prefix	chinli	chin lí-sióng
taiwanese-basic:3256	initials	cls	chin lí-sióng
taiwanese-basic:2948	full	chinmkoansi	chin m̄ koàn-sì
taiwanese-basic:2948	prefix	chinmk	chin m̄ koàn-sì
taiwanese-basic:2948	initials	cmks	chin m̄ koàn-sì
taiwanese-basic:3611	full	chinohoh	chin oh o̍h
taiwanese-basic:3611	prefix	chin	chin oh o̍h
taiwanese-basic:3611	initials	coo	chin oh o̍h
taiwanese-basic:3744	full	chinphaicho	chin phái chò
taiwanese-basic:3744	prefix	chinph	chin phái chò
taiwanese-basic:3744	initials	cpc	chin phái chò
taiwanese-basic:4709	full	chinphainnthak	chin pháiⁿ tha̍k
taiwanese-basic:4709	prefix	chinpha	chin pháiⁿ tha̍k
taiwanese-basic:4709	initials	cpt	chin pháiⁿ tha̍k
taiwanese-basic:2887	full	chinsimsekekoosu	chin sim-sek ê kò͘-sū
taiwanese-basic:2887	prefix	chinsims	chin sim-sek ê kò͘-sū
taiwanese-basic:2887	initials	csseks	chin sim-sek ê kò͘-sū
taiwanese-basic:1031	full	chintitlangthiann	chin tit lâng thiàⁿ
taiwanese-basic:1031	prefix	chintitla	chin tit lâng thiàⁿ
taiwanese-basic:1031	initials	ctlt	chin tit lâng thiàⁿ
taiwanese-basic:1762	full	chinuhokkhi	chin ū hok-khì
taiwanese-basic:1762	prefix	chinuh	chin ū hok-khì
taiwanese-basic:1762	initials	cuhk	chin ū hok-khì
taiwanese-basic:4602	full	chinuketat	chin ū kè-ta̍t
taiwanese-basic:4602	prefix	chinu	chin ū kè-ta̍t
taiwanese-basic:4602	initials	cukt	chin ū kè-ta̍t
taiwanese-basic:32	full	chinboai	chin-bô-ài
taiwanese-basic:32	prefix	chin	chin-bô-ài
taiwanese-basic:32	initials	cba	chin-bô-ài
taiwanese-basic:1028	full	chinchiann	chin-chiàⁿ
taiwanese-basic:1028	prefix	chinc	chin-chiàⁿ
taiwanese-basic:1028	initials	cc	chin-chiàⁿ
taiwanese-basic:3049	full	chinku	chin-kú
taiwanese-basic:3049	prefix	chi	chin-kú
taiwanese-basic:3049	initials	ck	chin-kú
taiwanese-basic:31	full	chinai	chin-ài
taiwanese-basic:31	prefix	chi	chin-ài
taiwanese-basic:31	initials	ca	chin-ài
taiwanese-basic:1042	full	chio	chio
taiwanese-basic:1042	prefix	ch	chio
taiwanese-basic:1042	initials	c	chio
taiwanese-basic:1043	full	chiokiannsai	chio kiáⁿ-sài
taiwanese-basic:1043	prefix	chioki	chio kiáⁿ-sài
taiwanese-basic:1043	initials	cks	chio kiáⁿ-sài
taiwanese-basic:1045	full	chioseng	chio seng
taiwanese-basic:1045	prefix	chio	chio seng
taiwanese-basic:1045	initials	cs	chio seng
taiwanese-basic:1043	full	chioang	chio-ang
taiwanese-basic:1043	prefix	chio	chio-ang
taiwanese-basic:1043	initials	ca	chio-ang
taiwanese-basic:1046	full	chioh	chioh
taiwanese-basic:1046	prefix	chi	chioh
taiwanese-basic:1046	initials	c	chioh
taiwanese-basic:1048	full	chiohli	chioh--lí
taiwanese-basic:1048	prefix	chio	chioh--lí
taiwanese-basic:1048	initials	cl	chioh--lí
taiwanese-basic:1051	full	chiok	chiok
taiwanese-basic:1051	prefix	chi	chiok
taiwanese-basic:1051	initials	c	chiok
taiwanese-basic:1057	full	chiokgau	chiok-gâu
taiwanese-basic:1057	prefix	chio	chiok-gâu
taiwanese-basic:1057	initials	cg	chiok-gâu
taiwanese-basic:1056	full	chiokho	chiok-hó
taiwanese-basic:1056	prefix	chio	chiok-hó
taiwanese-basic:1056	initials	ch	chiok-hó
taiwanese-basic:1053	full	chiokho	chiok-hō
taiwanese-basic:1053	prefix	chio	chiok-hō
taiwanese-basic:1053	initials	ch	chiok-hō
taiwanese-basic:1058	full	chioksui	chiok-súi
taiwanese-basic:1058	prefix	chio	chiok-súi
taiwanese-basic:1058	initials	cs	chiok-súi
taiwanese-basic:1054	full	chioksu	chiok-sû
taiwanese-basic:1054	prefix	chio	chiok-sû
taiwanese-basic:1054	initials	cs	chiok-sû
taiwanese-basic:1059	full	chionghoa	chiong-hòa
taiwanese-basic:1059	prefix	chion	chiong-hòa
taiwanese-basic:1059	initials	ch	chiong-hòa
taiwanese-basic:675	full	chionghoachhi	chiong-hòa chhī
taiwanese-basic:675	prefix	chiongh	chiong-hòa chhī
taiwanese-basic:675	initials	chc	chiong-hòa chhī
taiwanese-basic:2960	full	chionghoakoan	chiong-hòa koān
taiwanese-basic:2960	prefix	chiongh	chiong-hòa koān
taiwanese-basic:2960	initials	chk	chiong-hòa koān
taiwanese-basic:1060	full	chionglai	chiong-lâi
taiwanese-basic:1060	prefix	chion	chiong-lâi
taiwanese-basic:1060	initials	cl	chiong-lâi
taiwanese-basic:1050	full	chioh	chio̍h
taiwanese-basic:1050	prefix	chi	chio̍h
taiwanese-basic:1050	initials	c	chio̍h
taiwanese-basic:1248	full	chiohiu	chio̍h-iû
taiwanese-basic:1248	prefix	chio	chio̍h-iû
taiwanese-basic:1248	initials	ci	chio̍h-iû
taiwanese-basic:1049	full	chiohthau	chio̍h-thâu
taiwanese-basic:1049	prefix	chioh	chio̍h-thâu
taiwanese-basic:1049	initials	ct	chio̍h-thâu
taiwanese-basic:1069	full	chipchiau	chip-chiàu
taiwanese-basic:1069	prefix	chipc	chip-chiàu
taiwanese-basic:1069	initials	cc	chip-chiàu
taiwanese-basic:1074	full	chit	chit
taiwanese-basic:1074	prefix	ch	chit
taiwanese-basic:1074	initials	c	chit
taiwanese-basic:3055	full	chitboloaku	chit bô lōa-kú
taiwanese-basic:3055	prefix	chitbo	chit bô lōa-kú
taiwanese-basic:3055	initials	cblk	chit bô lōa-kú
taiwanese-basic:2672	full	chitkhoan	chit khoán
taiwanese-basic:2672	prefix	chitk	chit khoán
taiwanese-basic:2672	initials	ck	chit khoán
taiwanese-basic:3046	full	chitku	chit kù
taiwanese-basic:3046	prefix	chi	chit kù
taiwanese-basic:3046	initials	ck	chit kù
taiwanese-basic:3078	full	chitkuijit	chit kúi-ji̍t
taiwanese-basic:3078	prefix	chitk	chit kúi-ji̍t
taiwanese-basic:3078	initials	ckj	chit kúi-ji̍t
taiwanese-basic:3135	full	chitlaibin	chit lāi-bīn
taiwanese-basic:3135	prefix	chitl	chit lāi-bīn
taiwanese-basic:3135	initials	clb	chit lāi-bīn
taiwanese-basic:3631	full	chitpai	chit pái
taiwanese-basic:3631	prefix	chit	chit pái
taiwanese-basic:3631	initials	cp	chit pái
taiwanese-basic:3706	full	chitpeng	chit pêng
taiwanese-basic:3706	prefix	chit	chit pêng
taiwanese-basic:3706	initials	cp	chit pêng
taiwanese-basic:4412	full	chitsoochai	chit só͘-chāi
taiwanese-basic:4412	prefix	chitso	chit só͘-chāi
taiwanese-basic:4412	initials	csc	chit só͘-chāi
taiwanese-basic:1093	full	chitbu	chit-bū
taiwanese-basic:1093	prefix	chi	chit-bū
taiwanese-basic:1093	initials	cb	chit-bū
taiwanese-basic:1094	full	chitbun	chit-būn
taiwanese-basic:1094	prefix	chit	chit-būn
taiwanese-basic:1094	initials	cb	chit-būn
taiwanese-basic:1075	full	chitgiap	chit-gia̍p
taiwanese-basic:1075	prefix	chit	chit-gia̍p
taiwanese-basic:1075	initials	cg	chit-gia̍p
taiwanese-basic:1091	full	chitgiaphakhau	chit-gia̍p ha̍k-hāu
taiwanese-basic:1091	prefix	chitgia	chit-gia̍p ha̍k-hāu
taiwanese-basic:1091	initials	cghh	chit-gia̍p ha̍k-hāu
taiwanese-basic:1092	full	chitkang	chit-kang
taiwanese-basic:1092	prefix	chit	chit-kang
taiwanese-basic:1092	initials	ck	chit-kang
taiwanese-basic:1090	full	chitoan	chit-oân
taiwanese-basic:1090	prefix	chit	chit-oân
taiwanese-basic:1090	initials	co	chit-oân
taiwanese-basic:1089	full	chitpoo	chit-pò͘
taiwanese-basic:1089	prefix	chit	chit-pò͘
taiwanese-basic:1089	initials	cp	chit-pò͘
taiwanese-basic:1077	full	chite	chit-ē
taiwanese-basic:1077	prefix	chi	chit-ē
taiwanese-basic:1077	initials	ce	chit-ē
taiwanese-basic:1102	full	chiukhan	chiu-khan
taiwanese-basic:1102	prefix	chiu	chiu-khan
taiwanese-basic:1102	initials	ck	chiu-khan
taiwanese-basic:1104	full	chiukhanchapchi	chiu-khan cha̍p-chì
taiwanese-basic:1104	prefix	chiukhan	chiu-khan cha̍p-chì
taiwanese-basic:1104	initials	ckcc	chiu-khan cha̍p-chì
taiwanese-basic:1103	full	chiukhansinbun	chiu-khan sin-bûn
taiwanese-basic:1103	prefix	chiukha	chiu-khan sin-bûn
taiwanese-basic:1103	initials	cksb	chiu-khan sin-bûn
taiwanese-basic:1107	full	chiuui	chiu-ûi
taiwanese-basic:1107	prefix	chi	chiu-ûi
taiwanese-basic:1107	initials	cu	chiu-ûi
taiwanese-basic:1109	full	chiuuielang	chiu-ûi ê lâng
taiwanese-basic:1109	prefix	chiuui	chiu-ûi ê lâng
taiwanese-basic:1109	initials	cuel	chiu-ûi ê lâng
taiwanese-basic:1112	full	chiunn	chiuⁿ
taiwanese-basic:1112	prefix	chi	chiuⁿ
taiwanese-basic:1112	initials	c	chiuⁿ
taiwanese-basic:1116	full	chiunnloo	chiuⁿ-ló͘
taiwanese-basic:1116	prefix	chiun	chiuⁿ-ló͘
taiwanese-basic:1116	initials	cl	chiuⁿ-ló͘
taiwanese-basic:1117	full	chiunnlooiu	chiuⁿ-ló͘-iû
taiwanese-basic:1117	prefix	chiunn	chiuⁿ-ló͘-iû
taiwanese-basic:1117	initials	cli	chiuⁿ-ló͘-iû
taiwanese-basic:968	full	chiam	chiàm
taiwanese-basic:968	prefix	chi	chiàm
taiwanese-basic:968	initials	c	chiàm
taiwanese-basic:971	full	chiancheng	chiàn-cheng
taiwanese-basic:971	prefix	chian	chiàn-cheng
taiwanese-basic:971	initials	cc	chiàn-cheng
taiwanese-basic:972	full	chianchhia	chiàn-chhia
taiwanese-basic:972	prefix	chian	chiàn-chhia
taiwanese-basic:972	initials	cc	chiàn-chhia
taiwanese-basic:977	full	chiansut	chiàn-su̍t
taiwanese-basic:977	prefix	chia	chiàn-su̍t
taiwanese-basic:977	initials	cs	chiàn-su̍t
taiwanese-basic:975	full	chiansi	chiàn-sí
taiwanese-basic:975	prefix	chia	chiàn-sí
taiwanese-basic:975	initials	cs	chiàn-sí
taiwanese-basic:974	full	chiansi	chiàn-sî
taiwanese-basic:974	prefix	chia	chiàn-sî
taiwanese-basic:974	initials	cs	chiàn-sî
taiwanese-basic:973	full	chiansoann	chiàn-sòaⁿ
taiwanese-basic:973	prefix	chian	chiàn-sòaⁿ
taiwanese-basic:973	initials	cs	chiàn-sòaⁿ
taiwanese-basic:976	full	chiantiunn	chiàn-tiûⁿ
taiwanese-basic:976	prefix	chian	chiàn-tiûⁿ
taiwanese-basic:976	initials	ct	chiàn-tiûⁿ
taiwanese-basic:1002	full	chiau	chiàu
taiwanese-basic:1002	prefix	chi	chiàu
taiwanese-basic:1002	initials	c	chiàu
taiwanese-basic:1003	full	chiaugoakhoann	chiàu góa khòaⁿ
taiwanese-basic:1003	prefix	chiaugo	chiàu góa khòaⁿ
taiwanese-basic:1003	initials	cgk	chiàu góa khòaⁿ
taiwanese-basic:1011	full	chiauku	chiàu kū
taiwanese-basic:1011	prefix	chia	chiàu kū
taiwanese-basic:1011	initials	ck	chiàu kū
taiwanese-basic:1006	full	chiaulieisu	chiàu lí ê ì-sù
taiwanese-basic:1006	prefix	chiaul	chiàu lí ê ì-sù
taiwanese-basic:1006	initials	cleis	chiàu lí ê ì-sù
taiwanese-basic:1007	full	chiaupochoa	chiàu pò-chóa
taiwanese-basic:1007	prefix	chiaup	chiàu pò-chóa
taiwanese-basic:1007	initials	cpc	chiàu pò-chóa
taiwanese-basic:1008	full	chiausikan	chiàu sî-kan
taiwanese-basic:1008	prefix	chiau	chiàu sî-kan
taiwanese-basic:1008	initials	csk	chiàu sî-kan
taiwanese-basic:1009	full	chiausinhusookonge	chiàu sîn-hū só͘ kóng--ê
taiwanese-basic:1009	prefix	chiausinh	chiàu sîn-hū só͘ kóng--ê
taiwanese-basic:1009	initials	cshske	chiàu sîn-hū só͘ kóng--ê
taiwanese-basic:1012	full	chiautaioanehongsiok	chiàu tâi-oân ê hong-sio̍k
taiwanese-basic:1012	prefix	chiautaioa	chiàu tâi-oân ê hong-sio̍k
taiwanese-basic:1012	initials	ctoehs	chiàu tâi-oân ê hong-sio̍k
taiwanese-basic:1013	full	chiaukoo	chiàu-kò͘
taiwanese-basic:1013	prefix	chia	chiàu-kò͘
taiwanese-basic:1013	initials	ck	chiàu-kò͘
taiwanese-basic:1014	full	chiaukooginna	chiàu-kò͘ gín-ná
taiwanese-basic:1014	prefix	chiauko	chiàu-kò͘ gín-ná
taiwanese-basic:1014	initials	ckgn	chiàu-kò͘ gín-ná
taiwanese-basic:3386	full	chiaulun	chiàu-lûn
taiwanese-basic:3386	prefix	chia	chiàu-lûn
taiwanese-basic:3386	initials	cl	chiàu-lûn
taiwanese-basic:1005	full	chiausiong	chiàu-siông
taiwanese-basic:1005	prefix	chiau	chiàu-siông
taiwanese-basic:1005	initials	cs	chiàu-siông
taiwanese-basic:931	full	chiannchhiu	chiàⁿ-chhiú
taiwanese-basic:931	prefix	chiann	chiàⁿ-chhiú
taiwanese-basic:931	initials	cc	chiàⁿ-chhiú
taiwanese-basic:3707	full	chiannchhiupeng	chiàⁿ-chhiú-pêng
taiwanese-basic:3707	prefix	chiannch	chiàⁿ-chhiú-pêng
taiwanese-basic:3707	initials	ccp	chiàⁿ-chhiú-pêng
taiwanese-basic:930	full	chiannpeng	chiàⁿ-pêng
taiwanese-basic:930	prefix	chian	chiàⁿ-pêng
taiwanese-basic:930	initials	cp	chiàⁿ-pêng
taiwanese-basic:935	full	chiannsit	chiàⁿ-si̍t
taiwanese-basic:935	prefix	chian	chiàⁿ-si̍t
taiwanese-basic:935	initials	cs	chiàⁿ-si̍t
taiwanese-basic:985	full	chian	chián
taiwanese-basic:985	prefix	chi	chián
taiwanese-basic:985	initials	c	chián
taiwanese-basic:988	full	chianliu	chián-liú
taiwanese-basic:988	prefix	chia	chián-liú
taiwanese-basic:988	initials	cl	chián-liú
taiwanese-basic:978	full	chianpiat	chián-pia̍t
taiwanese-basic:978	prefix	chian	chián-pia̍t
taiwanese-basic:978	initials	cp	chián-pia̍t
taiwanese-basic:986	full	chianpoo	chián-pò͘
taiwanese-basic:986	prefix	chia	chián-pò͘
taiwanese-basic:986	initials	cp	chián-pò͘
taiwanese-basic:984	full	chiana	chián-á
taiwanese-basic:984	prefix	chi	chián-á
taiwanese-basic:984	initials	ca	chián-á
taiwanese-basic:1015	full	chiaua	chiáu-á
taiwanese-basic:1015	prefix	chi	chiáu-á
taiwanese-basic:1015	initials	ca	chiáu-á
taiwanese-basic:933	full	chiann	chiáⁿ
taiwanese-basic:933	prefix	chi	chiáⁿ
taiwanese-basic:933	initials	c	chiáⁿ
taiwanese-basic:928	full	chiann	chiâⁿ
taiwanese-basic:928	prefix	chi	chiâⁿ
taiwanese-basic:928	initials	c	chiâⁿ
taiwanese-basic:3447	full	chiannmih	chiâⁿ-mi̍h
taiwanese-basic:3447	prefix	chian	chiâⁿ-mi̍h
taiwanese-basic:3447	initials	cm	chiâⁿ-mi̍h
taiwanese-basic:1040	full	chio	chiò
taiwanese-basic:1040	prefix	ch	chiò
taiwanese-basic:1040	initials	c	chiò
taiwanese-basic:1041	full	chiokiann	chiò-kiàⁿ
taiwanese-basic:1041	prefix	chiok	chiò-kiàⁿ
taiwanese-basic:1041	initials	ck	chiò-kiàⁿ
taiwanese-basic:1039	full	chio	chió
taiwanese-basic:1039	prefix	ch	chió
taiwanese-basic:1039	initials	c	chió
taiwanese-basic:1065	full	chiongchiong	chióng-chióng
taiwanese-basic:1065	prefix	chiong	chióng-chióng
taiwanese-basic:1065	initials	cc	chióng-chióng
taiwanese-basic:1066	full	chiongchiongeliiu	chióng-chióng ê lí-iû
taiwanese-basic:1066	prefix	chiongchi	chióng-chióng ê lí-iû
taiwanese-basic:1066	initials	cceli	chióng-chióng ê lí-iû
taiwanese-basic:1067	full	chiongchiongetaichi	chióng-chióng ê tāi-chì
taiwanese-basic:1067	prefix	chiongchio	chióng-chióng ê tāi-chì
taiwanese-basic:1067	initials	ccetc	chióng-chióng ê tāi-chì
taiwanese-basic:1062	full	chiongle	chióng-lē
taiwanese-basic:1062	prefix	chio	chióng-lē
taiwanese-basic:1062	initials	cl	chióng-lē
taiwanese-basic:1063	full	chiongleohtoli	chióng-lē o̍h tō-lí
taiwanese-basic:1063	prefix	chiongl	chióng-lē o̍h tō-lí
taiwanese-basic:1063	initials	clotl	chióng-lē o̍h tō-lí
taiwanese-basic:1064	full	chionglethakchheh	chióng-lē tha̍k-chheh
taiwanese-basic:1064	prefix	chionglet	chióng-lē tha̍k-chheh
taiwanese-basic:1064	initials	cltc	chióng-lē tha̍k-chheh
taiwanese-basic:1061	full	chiong	chiông
taiwanese-basic:1061	prefix	chi	chiông
taiwanese-basic:1061	initials	c	chiông
taiwanese-basic:1068	full	chiongchian	chiông-chiân
taiwanese-basic:1068	prefix	chiong	chiông-chiân
taiwanese-basic:1068	initials	cc	chiông-chiân
taiwanese-basic:1100	full	chiu	chiù
taiwanese-basic:1100	prefix	ch	chiù
taiwanese-basic:1100	initials	c	chiù
taiwanese-basic:1101	full	chiukhi	chiù khí
taiwanese-basic:1101	prefix	chiu	chiù khí
taiwanese-basic:1101	initials	ck	chiù khí
taiwanese-basic:1099	full	chiuchoa	chiù-chōa
taiwanese-basic:1099	prefix	chiu	chiù-chōa
taiwanese-basic:1099	initials	cc	chiù-chōa
taiwanese-basic:1119	full	chiunn	chiùⁿ
taiwanese-basic:1119	prefix	chi	chiùⁿ
taiwanese-basic:1119	initials	c	chiùⁿ
taiwanese-basic:1097	full	chiu	chiú
taiwanese-basic:1097	prefix	ch	chiú
taiwanese-basic:1097	initials	c	chiú
taiwanese-basic:4749	full	chiuthatla	chiú that-lá
taiwanese-basic:4749	prefix	chiut	chiú that-lá
taiwanese-basic:4749	initials	ctl	chiú that-lá
taiwanese-basic:1106	full	chiucheng	chiú-cheng
taiwanese-basic:1106	prefix	chiuc	chiú-cheng
taiwanese-basic:1106	initials	cc	chiú-cheng
taiwanese-basic:1105	full	chiuchhai	chiú-chhài
taiwanese-basic:1105	prefix	chiuc	chiú-chhài
taiwanese-basic:1105	initials	cc	chiú-chhài
taiwanese-basic:1252	full	chiuchui	chiú-chùi
taiwanese-basic:1252	prefix	chiu	chiú-chùi
taiwanese-basic:1252	initials	cc	chiú-chùi
taiwanese-basic:1185	full	chiunnchongthong	chiúⁿ chóng-thóng
taiwanese-basic:1185	prefix	chiunnch	chiúⁿ chóng-thóng
taiwanese-basic:1185	initials	cct	chiúⁿ chóng-thóng
taiwanese-basic:1802	full	chiunnhujin	chiúⁿ hu-jîn
taiwanese-basic:1802	prefix	chiunn	chiúⁿ hu-jîn
taiwanese-basic:1802	initials	chj	chiúⁿ hu-jîn
taiwanese-basic:1120	full	chiunnkoan	chiúⁿ-koàn
taiwanese-basic:1120	prefix	chiun	chiúⁿ-koàn
taiwanese-basic:1120	initials	ck	chiúⁿ-koàn
taiwanese-basic:965	full	chiamchiam	chiām-chiām
taiwanese-basic:965	prefix	chiam	chiām-chiām
taiwanese-basic:965	initials	cc	chiām-chiām
taiwanese-basic:969	full	chiamsi	chiām-sî
taiwanese-basic:969	prefix	chia	chiām-sî
taiwanese-basic:969	initials	cs	chiām-sî
taiwanese-basic:987	full	chian	chiān
taiwanese-basic:987	prefix	chi	chiān
taiwanese-basic:987	initials	c	chiān
taiwanese-basic:1095	full	chiu	chiū
taiwanese-basic:1095	prefix	ch	chiū
taiwanese-basic:1095	initials	c	chiū
taiwanese-basic:1110	full	chiuchit	chiū-chit
taiwanese-basic:1110	prefix	chiu	chiū-chit
taiwanese-basic:1110	initials	cc	chiū-chit
taiwanese-basic:1110	full	chiugiap	chiū-gia̍p
taiwanese-basic:1110	prefix	chiu	chiū-gia̍p
taiwanese-basic:1110	initials	cg	chiū-gia̍p
taiwanese-basic:1111	full	chiugiapkhochhi	chiū-gia̍p khó-chhì
taiwanese-basic:1111	prefix	chiugiap	chiū-gia̍p khó-chhì
taiwanese-basic:1111	initials	cgkc	chiū-gia̍p khó-chhì
taiwanese-basic:1096	full	chiusi	chiū-sī
taiwanese-basic:1096	prefix	chi	chiū-sī
taiwanese-basic:1096	initials	cs	chiū-sī
taiwanese-basic:1114	full	chiunn	chiūⁿ
taiwanese-basic:1114	prefix	chi	chiūⁿ
taiwanese-basic:1114	initials	c	chiūⁿ
taiwanese-basic:1073	full	chiphap	chi̍p-ha̍p
taiwanese-basic:1073	prefix	chip	chi̍p-ha̍p
taiwanese-basic:1073	initials	ch	chi̍p-ha̍p
taiwanese-basic:1087	full	chit	chi̍t
taiwanese-basic:1087	prefix	ch	chi̍t
taiwanese-basic:1087	initials	c	chi̍t
taiwanese-basic:119	full	chitauchui	chi̍t au chúi
taiwanese-basic:119	prefix	chita	chi̍t au chúi
taiwanese-basic:119	initials	cac	chi̍t au chúi
taiwanese-basic:118	full	chitaute	chi̍t au tê
taiwanese-basic:118	prefix	chit	chi̍t au tê
taiwanese-basic:118	initials	cat	chi̍t au tê
taiwanese-basic:1084	full	chitbakniha	chi̍t ba̍k nih-á
taiwanese-basic:1084	prefix	chitba	chi̍t ba̍k nih-á
taiwanese-basic:1084	initials	cbna	chi̍t ba̍k nih-á
taiwanese-basic:348	full	chitboechoa	chi̍t bóe chôa
taiwanese-basic:348	prefix	chitbo	chi̍t bóe chôa
taiwanese-basic:348	initials	cbc	chi̍t bóe chôa
taiwanese-basic:1078	full	chitbinehun	chi̍t bīn ê hûn
taiwanese-basic:1078	prefix	chitbi	chi̍t bīn ê hûn
taiwanese-basic:1078	initials	cbeh	chi̍t bīn ê hûn
taiwanese-basic:1910	full	chitchhuttianiann	chi̍t chhut tiān-iáⁿ
taiwanese-basic:1910	prefix	chitchhut	chi̍t chhut tiān-iáⁿ
taiwanese-basic:1910	initials	ccti	chi̍t chhut tiān-iáⁿ
taiwanese-basic:1722	full	chitchanghoe	chi̍t châng hoe
taiwanese-basic:1722	prefix	chitch	chi̍t châng hoe
taiwanese-basic:1722	initials	cch	chi̍t châng hoe
taiwanese-basic:1438	full	chitgoehjit	chi̍t goe̍h-ji̍t
taiwanese-basic:1438	prefix	chitgo	chi̍t goe̍h-ji̍t
taiwanese-basic:1438	initials	cgj	chi̍t goe̍h-ji̍t
taiwanese-basic:2055	full	chitkalunkhiiu	chi̍t ka-lûn khì-iû
taiwanese-basic:2055	prefix	chitkal	chi̍t ka-lûn khì-iû
taiwanese-basic:2055	initials	cklki	chi̍t ka-lûn khì-iû
taiwanese-basic:2245	full	chitkakgin	chi̍t kak-gîn
taiwanese-basic:2245	prefix	chitk	chi̍t kak-gîn
taiwanese-basic:2245	initials	ckg	chi̍t kak-gîn
taiwanese-basic:1098	full	chitkanchiu	chi̍t kan chiú
taiwanese-basic:1098	prefix	chitka	chi̍t kan chiú
taiwanese-basic:1098	initials	ckc	chi̍t kan chiú
taiwanese-basic:2943	full	chitkaonioha	chi̍t kaòn io̍h-á
taiwanese-basic:2943	prefix	chitka	chi̍t kaòn io̍h-á
taiwanese-basic:2943	initials	ckia	chi̍t kaòn io̍h-á
taiwanese-basic:2438	full	chitkhalang	chi̍t kha láng
taiwanese-basic:2438	prefix	chitkh	chi̍t kha láng
taiwanese-basic:2438	initials	ckl	chi̍t kha láng
taiwanese-basic:2440	full	chitkhati	chi̍t kha tī
taiwanese-basic:2440	prefix	chitk	chi̍t kha tī
taiwanese-basic:2440	initials	ckt	chi̍t kha tī
taiwanese-basic:2439	full	chitkhae	chi̍t kha ê
taiwanese-basic:2439	prefix	chit	chi̍t kha ê
taiwanese-basic:2439	initials	cke	chi̍t kha ê
taiwanese-basic:2699	full	chitkhuchhan	chi̍t khu chhân
taiwanese-basic:2699	prefix	chitkh	chi̍t khu chhân
taiwanese-basic:2699	initials	ckc	chi̍t khu chhân
taiwanese-basic:4656	full	chitkitekko	chi̍t ki tek-ko
taiwanese-basic:4656	prefix	chitki	chi̍t ki tek-ko
taiwanese-basic:4656	initials	cktk	chi̍t ki tek-ko
taiwanese-basic:4655	full	chitkiteka	chi̍t ki tek-á
taiwanese-basic:4655	prefix	chitk	chi̍t ki tek-á
taiwanese-basic:4655	initials	ckta	chi̍t ki tek-á
taiwanese-basic:2769	full	chitkiannhengli	chi̍t kiāⁿ hêng-lí
taiwanese-basic:2769	prefix	chitkian	chi̍t kiāⁿ hêng-lí
taiwanese-basic:2769	initials	ckhl	chi̍t kiāⁿ hêng-lí
taiwanese-basic:2056	full	chitkongchinkhiiu	chi̍t kong-chin khì-iû
taiwanese-basic:2056	prefix	chitkongc	chi̍t kong-chin khì-iû
taiwanese-basic:2056	initials	ckcki	chi̍t kong-chin khì-iû
taiwanese-basic:2944	full	chitkoanbehachiu	chi̍t koàn be̍h-á-chiú
taiwanese-basic:2944	prefix	chitkoan	chi̍t koàn be̍h-á-chiú
taiwanese-basic:2944	initials	ckbac	chi̍t koàn be̍h-á-chiú
taiwanese-basic:1098	full	chitkoanchiu	chi̍t koàn chiú
taiwanese-basic:1098	prefix	chitko	chi̍t koàn chiú
taiwanese-basic:1098	initials	ckc	chi̍t koàn chiú
taiwanese-basic:2941	full	chitkoanguleng	chi̍t koàn gû-leng
taiwanese-basic:2941	prefix	chitkoa	chi̍t koàn gû-leng
taiwanese-basic:2941	initials	ckgl	chi̍t koàn gû-leng
taiwanese-basic:2002	full	chitkoanioha	chi̍t koàn io̍h-á
taiwanese-basic:2002	prefix	chitko	chi̍t koàn io̍h-á
taiwanese-basic:2002	initials	ckia	chi̍t koàn io̍h-á
taiwanese-basic:2559	full	chitkoankhichui	chi̍t koàn khì-chúi
taiwanese-basic:2559	prefix	chitkoan	chi̍t koàn khì-chúi
taiwanese-basic:2559	initials	ckkc	chi̍t koàn khì-chúi
taiwanese-basic:2940	full	chitkoanlengchui	chi̍t koàn léng-chúi
taiwanese-basic:2940	prefix	chitkoan	chi̍t koàn léng-chúi
taiwanese-basic:2940	initials	cklc	chi̍t koàn léng-chúi
taiwanese-basic:2942	full	chitkoaneiu	chi̍t koàn ê-iû
taiwanese-basic:2942	prefix	chitko	chi̍t koàn ê-iû
taiwanese-basic:2942	initials	ckei	chi̍t koàn ê-iû
taiwanese-basic:1080	full	chitkoa	chi̍t kóa
taiwanese-basic:1080	prefix	chit	chi̍t kóa
taiwanese-basic:1080	initials	ck	chi̍t kóa
taiwanese-basic:2916	full	chitkoachheh	chi̍t kóa chheh
taiwanese-basic:2916	prefix	chitko	chi̍t kóa chheh
taiwanese-basic:2916	initials	ckc	chi̍t kóa chheh
taiwanese-basic:2917	full	chitkoahengli	chi̍t kóa hêng-lí
taiwanese-basic:2917	prefix	chitkoa	chi̍t kóa hêng-lí
taiwanese-basic:2917	initials	ckhl	chi̍t kóa hêng-lí
taiwanese-basic:2918	full	chitkoalang	chi̍t kóa lâng
taiwanese-basic:2918	prefix	chitko	chi̍t kóa lâng
taiwanese-basic:2918	initials	ckl	chi̍t kóa lâng
taiwanese-basic:1439	full	chitkoogoeh	chi̍t kó͘-goe̍h
taiwanese-basic:1439	prefix	chitko	chi̍t kó͘-goe̍h
taiwanese-basic:1439	initials	ckg	chi̍t kó͘-goe̍h
taiwanese-basic:3045	full	chitkuoe	chi̍t kù ōe
taiwanese-basic:3045	prefix	chit	chi̍t kù ōe
taiwanese-basic:3045	initials	cko	chi̍t kù ōe
taiwanese-basic:3070	full	chitkua	chi̍t kú-á
taiwanese-basic:3070	prefix	chit	chi̍t kú-á
taiwanese-basic:3070	initials	cka	chi̍t kú-á
taiwanese-basic:5295	full	chitkngtoaa	chi̍t kńg tòa-á
taiwanese-basic:5295	prefix	chitkn	chi̍t kńg tòa-á
taiwanese-basic:5295	initials	ckta	chi̍t kńg tòa-á
taiwanese-basic:3379	full	chitluibakchiu	chi̍t lúi ba̍k-chiu
taiwanese-basic:3379	prefix	chitlui	chi̍t lúi ba̍k-chiu
taiwanese-basic:3379	initials	clbc	chi̍t lúi ba̍k-chiu
taiwanese-basic:3380	full	chitluihoe	chi̍t lúi hoe
taiwanese-basic:3380	prefix	chitl	chi̍t lúi hoe
taiwanese-basic:3380	initials	clh	chi̍t lúi hoe
taiwanese-basic:3435	full	chitmi	chi̍t mi
taiwanese-basic:3435	prefix	chi	chi̍t mi
taiwanese-basic:3435	initials	cm	chi̍t mi
taiwanese-basic:3524	full	chitniakhoo	chi̍t niá khò͘
taiwanese-basic:3524	prefix	chitni	chi̍t niá khò͘
taiwanese-basic:3524	initials	cnk	chi̍t niá khò͘
taiwanese-basic:1079	full	chitnitiong	chi̍t nî tiong
taiwanese-basic:1079	prefix	chitni	chi̍t nî tiong
taiwanese-basic:1079	initials	cnt	chi̍t nî tiong
taiwanese-basic:371	full	chitniethauchitjit	chi̍t nî ê thâu chi̍t ji̍t
taiwanese-basic:371	prefix	chitnieth	chi̍t nî ê thâu chi̍t ji̍t
taiwanese-basic:371	initials	cnetcj	chi̍t nî ê thâu chi̍t ji̍t
taiwanese-basic:164	full	chitpahban	chi̍t pah bān
taiwanese-basic:164	prefix	chitp	chi̍t pah bān
taiwanese-basic:164	initials	cpb	chi̍t pah bān
taiwanese-basic:2687	full	chitpahkhonggooelang	chi̍t pah khòng gō͘ ê lâng
taiwanese-basic:2687	prefix	chitpahkho	chi̍t pah khòng gō͘ ê lâng
taiwanese-basic:2687	initials	cpkgel	chi̍t pah khòng gō͘ ê lâng
taiwanese-basic:3676	full	chitpauhun	chi̍t pau hun
taiwanese-basic:3676	prefix	chitp	chi̍t pau hun
taiwanese-basic:3676	initials	cph	chi̍t pau hun
taiwanese-basic:3721	full	chitphateng	chi̍t pha teng
taiwanese-basic:3721	prefix	chitph	chi̍t pha teng
taiwanese-basic:3721	initials	cpt	chi̍t pha teng
taiwanese-basic:3787	full	chitphitpoo	chi̍t phit pò͘
taiwanese-basic:3787	prefix	chitph	chi̍t phit pò͘
taiwanese-basic:3787	initials	cpp	chi̍t phit pò͘
taiwanese-basic:3794	full	chitphooloo	chi̍t phò͘-lō͘
taiwanese-basic:3794	prefix	chitph	chi̍t phò͘-lō͘
taiwanese-basic:3794	initials	cpl	chi̍t phò͘-lō͘
taiwanese-basic:3954	full	chitpoete	chi̍t poe tê
taiwanese-basic:3954	prefix	chitp	chi̍t poe tê
taiwanese-basic:3954	initials	cpt	chi̍t poe tê
taiwanese-basic:5044	full	chitpoetinntinn	chi̍t poe tīⁿ tīⁿ
taiwanese-basic:5044	prefix	chitpoet	chi̍t poe tīⁿ tīⁿ
taiwanese-basic:5044	initials	cptt	chi̍t poe tīⁿ tīⁿ
taiwanese-basic:3630	full	chitpai	chi̍t pái
taiwanese-basic:3630	prefix	chit	chi̍t pái
taiwanese-basic:3630	initials	cp	chi̍t pái
taiwanese-basic:3941	full	chitpoannchhai	chi̍t pôaⁿ chhài
taiwanese-basic:3941	prefix	chitpoa	chi̍t pôaⁿ chhài
taiwanese-basic:3941	initials	cpc	chi̍t pôaⁿ chhài
taiwanese-basic:3926	full	chitpoochitpoo	chi̍t pō͘ chi̍t pō͘
taiwanese-basic:3926	prefix	chitpoo	chi̍t pō͘ chi̍t pō͘
taiwanese-basic:3926	initials	cpcp	chi̍t pō͘ chi̍t pō͘
taiwanese-basic:218	full	chitsiangboeha	chi̍t siang boe̍h-á
taiwanese-basic:218	prefix	chitsia	chi̍t siang boe̍h-á
taiwanese-basic:218	initials	csba	chi̍t siang boe̍h-á
taiwanese-basic:4222	full	chitsiangti	chi̍t siang tī
taiwanese-basic:4222	prefix	chitsi	chi̍t siang tī
taiwanese-basic:4222	initials	cst	chi̍t siang tī
taiwanese-basic:4485	full	chitsusann	chi̍t su saⁿ
taiwanese-basic:4485	prefix	chits	chi̍t su saⁿ
taiwanese-basic:4485	initials	css	chi̍t su saⁿ
taiwanese-basic:4564	full	chitsutla	chi̍t sut-lá
taiwanese-basic:4564	prefix	chits	chi̍t sut-lá
taiwanese-basic:4564	initials	csl	chi̍t sut-lá
taiwanese-basic:1082	full	chitsuta	chi̍t sut-á
taiwanese-basic:1082	prefix	chit	chi̍t sut-á
taiwanese-basic:1082	initials	csa	chi̍t sut-á
taiwanese-basic:1081	full	chitsilang	chi̍t sì-lâng
taiwanese-basic:1081	prefix	chits	chi̍t sì-lâng
taiwanese-basic:1081	initials	csl	chi̍t sì-lâng
taiwanese-basic:1083	full	chitsia	chi̍t sî-á
taiwanese-basic:1083	prefix	chit	chi̍t sî-á
taiwanese-basic:1083	initials	csa	chi̍t sî-á
taiwanese-basic:1245	full	chitthangchui	chi̍t tháng chúi
taiwanese-basic:1245	prefix	chittha	chi̍t tháng chúi
taiwanese-basic:1245	initials	ctc	chi̍t tháng chúi
taiwanese-basic:4735	full	chitthangsiochui	chi̍t tháng sio chúi
taiwanese-basic:4735	prefix	chitthan	chi̍t tháng sio chúi
taiwanese-basic:4735	initials	ctsc	chi̍t tháng sio chúi
taiwanese-basic:1086	full	chittiapaku	chi̍t tiap á-kú
taiwanese-basic:1086	prefix	chitti	chi̍t tiap á-kú
taiwanese-basic:1086	initials	ctak	chi̍t tiap á-kú
taiwanese-basic:1085	full	chittiapkua	chi̍t tiap-kú-á
taiwanese-basic:1085	prefix	chitti	chi̍t tiap-kú-á
taiwanese-basic:1085	initials	ctka	chi̍t tiap-kú-á
taiwanese-basic:5138	full	chittiapaku	chi̍t tiap-á-kú
taiwanese-basic:5138	prefix	chitti	chi̍t tiap-á-kú
taiwanese-basic:5138	initials	ctak	chi̍t tiap-á-kú
taiwanese-basic:5063	full	chittiamcheng	chi̍t tiám-cheng
taiwanese-basic:5063	prefix	chittia	chi̍t tiám-cheng
taiwanese-basic:5063	initials	ctc	chi̍t tiám-cheng
taiwanese-basic:5062	full	chittiamakiann	chi̍t tiám-á-kiáⁿ
taiwanese-basic:5062	prefix	chittia	chi̍t tiám-á-kiáⁿ
taiwanese-basic:5062	initials	ctak	chi̍t tiám-á-kiáⁿ
taiwanese-basic:5382	full	chittui	chi̍t tui
taiwanese-basic:5382	prefix	chit	chi̍t tui
taiwanese-basic:5382	initials	ct	chi̍t tui
taiwanese-basic:5382	full	chittun	chi̍t tun
taiwanese-basic:5382	prefix	chit	chi̍t tun
taiwanese-basic:5382	initials	ct	chi̍t tun
taiwanese-basic:1890	full	chittuiinna	chi̍t tùi ìⁿ-á
taiwanese-basic:1890	prefix	chittu	chi̍t tùi ìⁿ-á
taiwanese-basic:1890	initials	ctia	chi̍t tùi ìⁿ-á
taiwanese-basic:5164	full	chittingu	chi̍t tīn gû
taiwanese-basic:5164	prefix	chitt	chi̍t tīn gû
taiwanese-basic:5164	initials	ctg	chi̍t tīn gû
taiwanese-basic:5163	full	chittinke	chi̍t tīn ke
taiwanese-basic:5163	prefix	chitt	chi̍t tīn ke
taiwanese-basic:5163	initials	ctk	chi̍t tīn ke
taiwanese-basic:5162	full	chittinlang	chi̍t tīn lâng
taiwanese-basic:5162	prefix	chitti	chi̍t tīn lâng
taiwanese-basic:5162	initials	ctl	chi̍t tīn lâng
taiwanese-basic:3575	full	chitoannpng	chi̍t óaⁿ pn̄g
taiwanese-basic:3575	prefix	chitoa	chi̍t óaⁿ pn̄g
taiwanese-basic:3575	initials	cop	chi̍t óaⁿ pn̄g
taiwanese-basic:1076	full	chitea	chi̍t-ē-á
taiwanese-basic:1076	prefix	chi	chi̍t-ē-á
taiwanese-basic:1076	initials	cea	chi̍t-ē-á
taiwanese-basic:1121	full	chng	chng
taiwanese-basic:1121	prefix	ch	chng
taiwanese-basic:1121	initials	c	chng
taiwanese-basic:1131	full	chnga	chng-á
taiwanese-basic:1131	prefix	chn	chng-á
taiwanese-basic:1131	initials	ca	chng-á
taiwanese-basic:1132	full	cho	cho
taiwanese-basic:1132	prefix	ch	cho
taiwanese-basic:1132	initials	c	cho
taiwanese-basic:1163	full	choan	choan
taiwanese-basic:1163	prefix	cho	choan
taiwanese-basic:1163	initials	c	choan
taiwanese-basic:1165	full	choanka	choan-ka
taiwanese-basic:1165	prefix	choa	choan-ka
taiwanese-basic:1165	initials	ck	choan-ka
taiwanese-basic:4918	full	choankang	choan-kang
taiwanese-basic:4918	prefix	choan	choan-kang
taiwanese-basic:4918	initials	ck	choan-kang
taiwanese-basic:1164	full	choansim	choan-sim
taiwanese-basic:1164	prefix	choa	choan-sim
taiwanese-basic:1164	initials	cs	choan-sim
taiwanese-basic:1172	full	choatbong	choa̍t-bōng
taiwanese-basic:1172	prefix	choat	choa̍t-bōng
taiwanese-basic:1172	initials	cb	choa̍t-bōng
taiwanese-basic:1173	full	choatian	choa̍t-iân
taiwanese-basic:1173	prefix	choa	choa̍t-iân
taiwanese-basic:1173	initials	ci	choa̍t-iân
taiwanese-basic:1174	full	choatkau	choa̍t-kau
taiwanese-basic:1174	prefix	choa	choa̍t-kau
taiwanese-basic:1174	initials	ck	choa̍t-kau
taiwanese-basic:1175	full	choatpit	choa̍t-pit
taiwanese-basic:1175	prefix	choa	choa̍t-pit
taiwanese-basic:1175	initials	cp	choa̍t-pit
taiwanese-basic:1171	full	choattui	choa̍t-tùi
taiwanese-basic:1171	prefix	choa	choa̍t-tùi
taiwanese-basic:1171	initials	ct	choa̍t-tùi
taiwanese-basic:1136	full	chohjit	choh--ji̍t
taiwanese-basic:1136	prefix	choh	choh--ji̍t
taiwanese-basic:1136	initials	cj	choh--ji̍t
taiwanese-basic:1187	full	chongkau	chong-kàu
taiwanese-basic:1187	prefix	chon	chong-kàu
taiwanese-basic:1187	initials	ck	chong-kàu
taiwanese-basic:4195	full	choanim	choán im
taiwanese-basic:4195	prefix	choa	choán im
taiwanese-basic:4195	initials	ci	choán im
taiwanese-basic:4195	full	choansiann	choán siaⁿ
taiwanese-basic:4195	prefix	choan	choán siaⁿ
taiwanese-basic:4195	initials	cs	choán siaⁿ
taiwanese-basic:1166	full	choan	choân
taiwanese-basic:1166	prefix	cho	choân
taiwanese-basic:1166	initials	c	choân
taiwanese-basic:1168	full	choankok	choân-kok
taiwanese-basic:1168	prefix	choa	choân-kok
taiwanese-basic:1168	initials	ck	choân-kok
taiwanese-basic:1167	full	choanleng	choân-lêng
taiwanese-basic:1167	prefix	choan	choân-lêng
taiwanese-basic:1167	initials	cl	choân-lêng
taiwanese-basic:1169	full	choanto	choân-tó
taiwanese-basic:1169	prefix	choa	choân-tó
taiwanese-basic:1169	initials	ct	choân-tó
taiwanese-basic:1169	full	choantoo	choân-tó͘
taiwanese-basic:1169	prefix	choa	choân-tó͘
taiwanese-basic:1169	initials	ct	choân-tó͘
taiwanese-basic:1154	full	choo	cho͘
taiwanese-basic:1154	prefix	ch	cho͘
taiwanese-basic:1154	initials	c	cho͘
taiwanese-basic:1156	full	choooothoobai	cho͘ o͘-tho͘-bái
taiwanese-basic:1156	prefix	choooot	cho͘ o͘-tho͘-bái
taiwanese-basic:1156	initials	cotb	cho͘ o͘-tho͘-bái
taiwanese-basic:1155	full	choosiuimki	cho͘ siu-im-ki
taiwanese-basic:1155	prefix	choosi	cho͘ siu-im-ki
taiwanese-basic:1155	initials	csik	cho͘ siu-im-ki
taiwanese-basic:1149	full	choochit	cho͘-chit
taiwanese-basic:1149	prefix	choo	cho͘-chit
taiwanese-basic:1149	initials	cc	cho͘-chit
taiwanese-basic:1229	full	chukeh	chu-keh
taiwanese-basic:1229	prefix	chu	chu-keh
taiwanese-basic:1229	initials	ck	chu-keh
taiwanese-basic:1206	full	chupun	chu-pún
taiwanese-basic:1206	prefix	chu	chu-pún
taiwanese-basic:1206	initials	cp	chu-pún
taiwanese-basic:1203	full	chusoan	chu-soàn
taiwanese-basic:1203	prefix	chus	chu-soàn
taiwanese-basic:1203	initials	cs	chu-soàn
taiwanese-basic:1279	full	chun	chun
taiwanese-basic:1279	prefix	ch	chun
taiwanese-basic:1279	initials	c	chun
taiwanese-basic:1273	full	chunkeng	chun-kèng
taiwanese-basic:1273	prefix	chun	chun-kèng
taiwanese-basic:1273	initials	ck	chun-kèng
taiwanese-basic:4507	full	chuttit	chut-ti̍t
taiwanese-basic:4507	prefix	chut	chut-ti̍t
taiwanese-basic:4507	initials	ct	chut-ti̍t
taiwanese-basic:238	full	chutbi	chu̍t-bí
taiwanese-basic:238	prefix	chu	chu̍t-bí
taiwanese-basic:238	initials	cb	chu̍t-bí
taiwanese-basic:443	full	cha	chà
taiwanese-basic:443	prefix	ch	chà
taiwanese-basic:443	initials	c	chà
taiwanese-basic:441	full	chakhi	chà-khi
taiwanese-basic:441	prefix	cha	chà-khi
taiwanese-basic:441	initials	ck	chà-khi
taiwanese-basic:442	full	chatoann	chà-tôaⁿ
taiwanese-basic:442	prefix	chat	chà-tôaⁿ
taiwanese-basic:442	initials	ct	chà-tôaⁿ
taiwanese-basic:453	full	chai	chài
taiwanese-basic:453	prefix	ch	chài
taiwanese-basic:453	initials	c	chài
taiwanese-basic:1720	full	chaihoebut	chài hòe-bu̍t
taiwanese-basic:1720	prefix	chaih	chài hòe-bu̍t
taiwanese-basic:1720	initials	chb	chài hòe-bu̍t
taiwanese-basic:454	full	chaisannchaisi	chài saⁿ chài sì
taiwanese-basic:454	prefix	chaisan	chài saⁿ chài sì
taiwanese-basic:454	initials	cscs	chài saⁿ chài sì
taiwanese-basic:468	full	cham	chàm
taiwanese-basic:468	prefix	ch	chàm
taiwanese-basic:468	initials	c	chàm
taiwanese-basic:469	full	chan	chàn
taiwanese-basic:469	prefix	ch	chàn
taiwanese-basic:469	initials	c	chàn
taiwanese-basic:474	full	chanbi	chàn-bí
taiwanese-basic:474	prefix	cha	chàn-bí
taiwanese-basic:474	initials	cb	chàn-bí
taiwanese-basic:475	full	chanbithianchu	chàn-bí thian-chú
taiwanese-basic:475	prefix	chanbit	chàn-bí thian-chú
taiwanese-basic:475	initials	cbtc	chàn-bí thian-chú
taiwanese-basic:476	full	chanchoo	chàn-chō͘
taiwanese-basic:476	prefix	chan	chàn-chō͘
taiwanese-basic:476	initials	cc	chàn-chō͘
taiwanese-basic:472	full	chanseng	chàn-sêng
taiwanese-basic:472	prefix	chan	chàn-sêng
taiwanese-basic:472	initials	cs	chàn-sêng
taiwanese-basic:5340	full	changseng	chàng-sêng
taiwanese-basic:5340	prefix	chang	chàng-sêng
taiwanese-basic:5340	initials	cs	chàng-sêng
taiwanese-basic:503	full	chau	chàu
taiwanese-basic:503	prefix	ch	chàu
taiwanese-basic:503	initials	c	chàu
taiwanese-basic:499	full	chaukha	chàu-kha
taiwanese-basic:499	prefix	chau	chàu-kha
taiwanese-basic:499	initials	ck	chàu-kha
taiwanese-basic:436	full	cha	chá
taiwanese-basic:436	prefix	ch	chá
taiwanese-basic:436	initials	c	chá
taiwanese-basic:2604	full	chakho	chá khò
taiwanese-basic:2604	prefix	cha	chá khò
taiwanese-basic:2604	initials	ck	chá khò
taiwanese-basic:439	full	chaban	chá-bān
taiwanese-basic:439	prefix	cha	chá-bān
taiwanese-basic:439	initials	cb	chá-bān
taiwanese-basic:447	full	chacheng	chá-chêng
taiwanese-basic:447	prefix	chac	chá-chêng
taiwanese-basic:447	initials	cc	chá-chêng
taiwanese-basic:450	full	chakhi	chá-khí
taiwanese-basic:450	prefix	cha	chá-khí
taiwanese-basic:450	initials	ck	chá-khí
taiwanese-basic:437	full	chakho	chá-khò
taiwanese-basic:437	prefix	cha	chá-khò
taiwanese-basic:437	initials	ck	chá-khò
taiwanese-basic:440	full	chasi	chá-sí
taiwanese-basic:440	prefix	cha	chá-sí
taiwanese-basic:440	initials	cs	chá-sí
taiwanese-basic:75	full	chaiiunn	chái-iūⁿ
taiwanese-basic:75	prefix	chai	chái-iūⁿ
taiwanese-basic:75	initials	ci	chái-iūⁿ
taiwanese-basic:450	full	chaikhi	chái-khí
taiwanese-basic:450	prefix	chai	chái-khí
taiwanese-basic:450	initials	ck	chái-khí
taiwanese-basic:451	full	chaikhisi	chái-khí-sî
taiwanese-basic:451	prefix	chaik	chái-khí-sî
taiwanese-basic:451	initials	cks	chái-khí-sî
taiwanese-basic:466	full	chainniunn	cháiⁿ-iūⁿ
taiwanese-basic:466	prefix	chain	cháiⁿ-iūⁿ
taiwanese-basic:466	initials	ci	cháiⁿ-iūⁿ
taiwanese-basic:3772	full	chan	chán
taiwanese-basic:3772	prefix	ch	chán
taiwanese-basic:3772	initials	c	chán
taiwanese-basic:500	full	chau	cháu
taiwanese-basic:500	prefix	ch	cháu
taiwanese-basic:500	initials	c	cháu
taiwanese-basic:501	full	chaulaichaukhi	cháu-lâi cháu-khì
taiwanese-basic:501	prefix	chaulai	cháu-lâi cháu-khì
taiwanese-basic:501	initials	clck	cháu-lâi cháu-khì
taiwanese-basic:2151	full	chausiojiok	cháu-sio-jiok
taiwanese-basic:2151	prefix	chausi	cháu-sio-jiok
taiwanese-basic:2151	initials	csj	cháu-sio-jiok
taiwanese-basic:502	full	chautohe	cháu-toh--ê
taiwanese-basic:502	prefix	chau	cháu-toh--ê
taiwanese-basic:502	initials	cte	cháu-toh--ê
taiwanese-basic:384	full	chaibok	châi-bo̍k
taiwanese-basic:384	prefix	chai	châi-bo̍k
taiwanese-basic:384	initials	cb	châi-bo̍k
taiwanese-basic:456	full	chaibut	châi-bu̍t
taiwanese-basic:456	prefix	chai	châi-bu̍t
taiwanese-basic:456	initials	cb	châi-bu̍t
taiwanese-basic:461	full	chaigoan	châi-goân
taiwanese-basic:461	prefix	chai	châi-goân
taiwanese-basic:461	initials	cg	châi-goân
taiwanese-basic:464	full	chailiau	châi-liāu
taiwanese-basic:464	prefix	chai	châi-liāu
taiwanese-basic:464	initials	cl	châi-liāu
taiwanese-basic:457	full	chaileng	châi-lêng
taiwanese-basic:457	prefix	chai	châi-lêng
taiwanese-basic:457	initials	cl	châi-lêng
taiwanese-basic:462	full	chaisan	châi-sán
taiwanese-basic:462	prefix	chai	châi-sán
taiwanese-basic:462	initials	cs	châi-sán
taiwanese-basic:463	full	chaisanka	châi-sán-ka
taiwanese-basic:463	prefix	chais	châi-sán-ka
taiwanese-basic:463	initials	csk	châi-sán-ka
taiwanese-basic:477	full	chanjim	chân-jím
taiwanese-basic:477	prefix	chan	chân-jím
taiwanese-basic:477	initials	cj	chân-jím
taiwanese-basic:482	full	chang	châng
taiwanese-basic:482	prefix	cha	châng
taiwanese-basic:482	initials	c	châng
taiwanese-basic:517	full	che	chè
taiwanese-basic:517	prefix	ch	chè
taiwanese-basic:517	initials	c	chè
taiwanese-basic:517	full	chebu	chè-bū
taiwanese-basic:517	prefix	che	chè-bū
taiwanese-basic:517	initials	cb	chè-bū
taiwanese-basic:518	full	chechu	chè-chú
taiwanese-basic:518	prefix	che	chè-chú
taiwanese-basic:518	initials	cc	chè-chú
taiwanese-basic:506	full	chehan	chè-hān
taiwanese-basic:506	prefix	che	chè-hān
taiwanese-basic:506	initials	ch	chè-hān
taiwanese-basic:511	full	cheikeng	chè-i keng
taiwanese-basic:511	prefix	chei	chè-i keng
taiwanese-basic:511	initials	cik	chè-i keng
taiwanese-basic:5374	full	cheiti	chè-i tî
taiwanese-basic:5374	prefix	che	chè-i tî
taiwanese-basic:5374	initials	cit	chè-i tî
taiwanese-basic:510	full	cheitu	chè-i tû
taiwanese-basic:510	prefix	che	chè-i tû
taiwanese-basic:510	initials	cit	chè-i tû
taiwanese-basic:509	full	chetai	chè-tâi
taiwanese-basic:509	prefix	che	chè-tâi
taiwanese-basic:509	initials	ct	chè-tâi
taiwanese-basic:513	full	chetoo	chè-tô͘
taiwanese-basic:513	prefix	che	chè-tô͘
taiwanese-basic:513	initials	ct	chè-tô͘
taiwanese-basic:505	full	chetoo	chè-tō͘
taiwanese-basic:505	prefix	che	chè-tō͘
taiwanese-basic:505	initials	ct	chè-tō͘
taiwanese-basic:533	full	cheng	chèng
taiwanese-basic:533	prefix	che	chèng
taiwanese-basic:533	initials	c	chèng
taiwanese-basic:571	full	chengbeng	chèng-bêng
taiwanese-basic:571	prefix	cheng	chèng-bêng
taiwanese-basic:571	initials	cb	chèng-bêng
taiwanese-basic:572	full	chengbengsu	chèng-bêng-su
taiwanese-basic:572	prefix	chengb	chèng-bêng-su
taiwanese-basic:572	initials	cbs	chèng-bêng-su
taiwanese-basic:536	full	chenghu	chèng-hú
taiwanese-basic:536	prefix	chen	chèng-hú
taiwanese-basic:536	initials	ch	chèng-hú
taiwanese-basic:3879	full	chengki	chèng-kì
taiwanese-basic:3879	prefix	chen	chèng-kì
taiwanese-basic:3879	initials	ck	chèng-kì
taiwanese-basic:534	full	chengkinn	chèng-kìⁿ
taiwanese-basic:534	prefix	cheng	chèng-kìⁿ
taiwanese-basic:534	initials	ck	chèng-kìⁿ
taiwanese-basic:573	full	chenglang	chèng-lâng
taiwanese-basic:573	prefix	cheng	chèng-lâng
taiwanese-basic:573	initials	cl	chèng-lâng
taiwanese-basic:535	full	chengthau	chèng-thâu
taiwanese-basic:535	prefix	cheng	chèng-thâu
taiwanese-basic:535	initials	ct	chèng-thâu
taiwanese-basic:512	full	chehu	ché-hu
taiwanese-basic:512	prefix	che	ché-hu
taiwanese-basic:512	initials	ch	ché-hu
taiwanese-basic:570	full	cheng	chéng
taiwanese-basic:570	prefix	che	chéng
taiwanese-basic:570	initials	c	chéng
taiwanese-basic:1065	full	chengcheng	chéng-chéng
taiwanese-basic:1065	prefix	cheng	chéng-chéng
taiwanese-basic:1065	initials	cc	chéng-chéng
taiwanese-basic:574	full	chengchi	chéng-chí
taiwanese-basic:574	prefix	chen	chéng-chí
taiwanese-basic:574	initials	cc	chéng-chí
taiwanese-basic:516	full	che	chê
taiwanese-basic:516	prefix	ch	chê
taiwanese-basic:516	initials	c	chê
taiwanese-basic:530	full	cheng	chêng
taiwanese-basic:530	prefix	che	chêng
taiwanese-basic:530	initials	c	chêng
taiwanese-basic:531	full	chengbin	chêng-bīn
taiwanese-basic:531	prefix	chen	chêng-bīn
taiwanese-basic:531	initials	cb	chêng-bīn
taiwanese-basic:1023	full	chim	chìm
taiwanese-basic:1023	prefix	ch	chìm
taiwanese-basic:1023	initials	c	chìm
taiwanese-basic:1034	full	chinpoo	chìn pō͘
taiwanese-basic:1034	prefix	chin	chìn pō͘
taiwanese-basic:1034	initials	cp	chìn pō͘
taiwanese-basic:1036	full	chinthelionglan	chìn-thè lióng-lân
taiwanese-basic:1036	prefix	chinthel	chìn-thè lióng-lân
taiwanese-basic:1036	initials	ctll	chìn-thè lióng-lân
taiwanese-basic:919	full	chinn	chìⁿ
taiwanese-basic:919	prefix	chi	chìⁿ
taiwanese-basic:919	initials	c	chìⁿ
taiwanese-basic:920	full	chinnbahoan	chìⁿ bah-oân
taiwanese-basic:920	prefix	chinnb	chìⁿ bah-oân
taiwanese-basic:920	initials	cbo	chìⁿ bah-oân
taiwanese-basic:922	full	chinnchhaichinn	chìⁿ chhài-chìⁿ
taiwanese-basic:922	prefix	chinnchh	chìⁿ chhài-chìⁿ
taiwanese-basic:922	initials	ccc	chìⁿ chhài-chìⁿ
taiwanese-basic:921	full	chinnhechinn	chìⁿ hê-chìⁿ
taiwanese-basic:921	prefix	chinnh	chìⁿ hê-chìⁿ
taiwanese-basic:921	initials	chc	chìⁿ hê-chìⁿ
taiwanese-basic:904	full	chi	chí
taiwanese-basic:904	prefix	ch	chí
taiwanese-basic:904	initials	c	chí
taiwanese-basic:2366	full	chinngliapkenngpau	chí nn̄g lia̍p ke-nn̄g pau
taiwanese-basic:2366	prefix	chinnglia	chí nn̄g lia̍p ke-nn̄g pau
taiwanese-basic:2366	initials	cnlknp	chí nn̄g lia̍p ke-nn̄g pau
taiwanese-basic:3897	full	chipng	chí pn̄g
taiwanese-basic:3897	prefix	chi	chí pn̄g
taiwanese-basic:3897	initials	cp	chí pn̄g
taiwanese-basic:897	full	chichhai	chí-chhài
taiwanese-basic:897	prefix	chic	chí-chhài
taiwanese-basic:897	initials	cc	chí-chhài
taiwanese-basic:916	full	chichiahe	chí-chia̍h--ê
taiwanese-basic:916	prefix	chich	chí-chia̍h--ê
taiwanese-basic:916	initials	cce	chí-chia̍h--ê
taiwanese-basic:910	full	chihui	chí-hui
taiwanese-basic:910	prefix	chi	chí-hui
taiwanese-basic:910	initials	ch	chí-hui
taiwanese-basic:912	full	chihuigaktui	chí-hui ga̍k-tūi
taiwanese-basic:912	prefix	chihui	chí-hui ga̍k-tūi
taiwanese-basic:912	initials	chgt	chí-hui ga̍k-tūi
taiwanese-basic:911	full	chihuikanglang	chí-hui kang-lâng
taiwanese-basic:911	prefix	chihuik	chí-hui kang-lâng
taiwanese-basic:911	initials	chkl	chí-hui kang-lâng
taiwanese-basic:913	full	chihuithechhau	chí-hui thé-chhau
taiwanese-basic:913	prefix	chihuit	chí-hui thé-chhau
taiwanese-basic:913	initials	chtc	chí-hui thé-chhau
taiwanese-basic:903	full	chikau	chí-kàu
taiwanese-basic:903	prefix	chi	chí-kàu
taiwanese-basic:903	initials	ck	chí-kàu
taiwanese-basic:909	full	chilamchiam	chí-lâm-chiam
taiwanese-basic:909	prefix	chilam	chí-lâm-chiam
taiwanese-basic:909	initials	clc	chí-lâm-chiam
taiwanese-basic:3476	full	chimoe	chí-mōe
taiwanese-basic:3476	prefix	chi	chí-mōe
taiwanese-basic:3476	initials	cm	chí-mōe
taiwanese-basic:907	full	chisek	chí-sek
taiwanese-basic:907	prefix	chi	chí-sek
taiwanese-basic:907	initials	cs	chí-sek
taiwanese-basic:914	full	chito	chí-tō
taiwanese-basic:914	prefix	chi	chí-tō
taiwanese-basic:914	initials	ct	chí-tō
taiwanese-basic:915	full	chitonakiutui	chí-tō nâ-kiû-tūi
taiwanese-basic:915	prefix	chitona	chí-tō nâ-kiû-tūi
taiwanese-basic:915	initials	ctnkt	chí-tō nâ-kiû-tūi
taiwanese-basic:901	full	chiu	chí-ū
taiwanese-basic:901	prefix	ch	chí-ū
taiwanese-basic:901	initials	cu	chí-ū
taiwanese-basic:1020	full	chimma	chím-má
taiwanese-basic:1020	prefix	chi	chím-má
taiwanese-basic:1020	initials	cm	chím-má
taiwanese-basic:1025	full	chimthau	chím-thâu
taiwanese-basic:1025	prefix	chim	chím-thâu
taiwanese-basic:1025	initials	ct	chím-thâu
taiwanese-basic:1026	full	chimthaulong	chím-thâu lông
taiwanese-basic:1026	prefix	chimth	chím-thâu lông
taiwanese-basic:1026	initials	ctl	chím-thâu lông
taiwanese-basic:1038	full	chinchai	chín-chai
taiwanese-basic:1038	prefix	chin	chín-chai
taiwanese-basic:1038	initials	cc	chín-chai
taiwanese-basic:1037	full	chintoan	chín-toān
taiwanese-basic:1037	prefix	chin	chín-toān
taiwanese-basic:1037	initials	ct	chín-toān
taiwanese-basic:924	full	chinn	chíⁿ
taiwanese-basic:924	prefix	chi	chíⁿ
taiwanese-basic:924	initials	c	chíⁿ
taiwanese-basic:1024	full	chim	chîm
taiwanese-basic:1024	prefix	ch	chîm
taiwanese-basic:1024	initials	c	chîm
taiwanese-basic:917	full	chinn	chîⁿ
taiwanese-basic:917	prefix	chi	chîⁿ
taiwanese-basic:917	initials	c	chîⁿ
taiwanese-basic:1135	full	cho	chò
taiwanese-basic:1135	prefix	ch	chò
taiwanese-basic:1135	initials	c	chò
taiwanese-basic:1145	full	chobekhi	chò bē khì
taiwanese-basic:1145	prefix	chob	chò bē khì
taiwanese-basic:1145	initials	cbk	chò bē khì
taiwanese-basic:1143	full	chobelai	chò bē lâi
taiwanese-basic:1143	prefix	chob	chò bē lâi
taiwanese-basic:1143	initials	cbl	chò bē lâi
taiwanese-basic:603	full	chochhan	chò chhân
taiwanese-basic:603	prefix	choc	chò chhân
taiwanese-basic:603	initials	cc	chò chhân
taiwanese-basic:604	full	chochhanlang	chò chhân-lâng
taiwanese-basic:604	prefix	chochh	chò chhân-lâng
taiwanese-basic:604	initials	ccl	chò chhân-lâng
taiwanese-basic:1138	full	chochite	chò chi̍t-ē
taiwanese-basic:1138	prefix	choc	chò chi̍t-ē
taiwanese-basic:1138	initials	cce	chò chi̍t-ē
taiwanese-basic:2453	full	chokhahukhangkhoe	chò khah ū khang-khòe
taiwanese-basic:2453	prefix	chokhahuk	chò khah ū khang-khòe
taiwanese-basic:2453	initials	ckukk	chò khah ū khang-khòe
taiwanese-basic:143	full	chokhoannbai	chò khòaⁿ-bāi
taiwanese-basic:143	prefix	chokho	chò khòaⁿ-bāi
taiwanese-basic:143	initials	ckb	chò khòaⁿ-bāi
taiwanese-basic:1146	full	choli	chò lí
taiwanese-basic:1146	prefix	cho	chò lí
taiwanese-basic:1146	initials	cl	chò lí
taiwanese-basic:3426	full	chomisat	chò mî-sat
taiwanese-basic:3426	prefix	chom	chò mî-sat
taiwanese-basic:3426	initials	cms	chò mî-sat
taiwanese-basic:1147	full	chomoelang	chò môe-lâng
taiwanese-basic:1147	prefix	chomo	chò môe-lâng
taiwanese-basic:1147	initials	cml	chò môe-lâng
taiwanese-basic:1137	full	chosengli	chò seng-lí
taiwanese-basic:1137	prefix	chose	chò seng-lí
taiwanese-basic:1137	initials	csl	chò seng-lí
taiwanese-basic:1254	full	chotoachui	chò tōa-chúi
taiwanese-basic:1254	prefix	choto	chò tōa-chúi
taiwanese-basic:1254	initials	ctc	chò tōa-chúi
taiwanese-basic:1144	full	choekhi	chò ē khì
taiwanese-basic:1144	prefix	choe	chò ē khì
taiwanese-basic:1144	initials	cek	chò ē khì
taiwanese-basic:1142	full	choelai	chò ē lâi
taiwanese-basic:1142	prefix	choe	chò ē lâi
taiwanese-basic:1142	initials	cel	chò ē lâi
taiwanese-basic:1139	full	chohoe	chò-hóe
taiwanese-basic:1139	prefix	cho	chò-hóe
taiwanese-basic:1139	initials	ch	chò-hóe
taiwanese-basic:2280	full	chokang	chò-kang
taiwanese-basic:2280	prefix	chok	chò-kang
taiwanese-basic:2280	initials	ck	chò-kang
taiwanese-basic:2565	full	chokhi	chò-khí
taiwanese-basic:2565	prefix	cho	chò-khí
taiwanese-basic:2565	initials	ck	chò-khí
taiwanese-basic:1141	full	chositlang	chò-sit-lâng
taiwanese-basic:1141	prefix	chosi	chò-sit-lâng
taiwanese-basic:1141	initials	csl	chò-sit-lâng
taiwanese-basic:1140	full	chotin	chò-tīn
taiwanese-basic:1140	prefix	cho	chò-tīn
taiwanese-basic:1140	initials	ct	chò-tīn
taiwanese-basic:1176	full	choe	chòe
taiwanese-basic:1176	prefix	ch	chòe
taiwanese-basic:1176	initials	c	chòe
taiwanese-basic:1178	full	choeauhittiamcheng	chòe āu hit tiám cheng
taiwanese-basic:1178	prefix	choeauhit	chòe āu hit tiám cheng
taiwanese-basic:1178	initials	cahtc	chòe āu hit tiám cheng
taiwanese-basic:5072	full	choeauhittiamcheng	chòe āu hit tiám-cheng
taiwanese-basic:5072	prefix	choeauhit	chòe āu hit tiám-cheng
taiwanese-basic:5072	initials	cahtc	chòe āu hit tiám-cheng
taiwanese-basic:354	full	choeauhite	chòe āu hit ê
taiwanese-basic:354	prefix	choea	chòe āu hit ê
taiwanese-basic:354	initials	cahe	chòe āu hit ê
taiwanese-basic:1180	full	choechio	chòe-chió
taiwanese-basic:1180	prefix	choe	chòe-chió
taiwanese-basic:1180	initials	cc	chòe-chió
taiwanese-basic:1179	full	choeche	chòe-chē
taiwanese-basic:1179	prefix	choe	chòe-chē
taiwanese-basic:1179	initials	cc	chòe-chē
taiwanese-basic:1177	full	choekin	chòe-kīn
taiwanese-basic:1177	prefix	choe	chòe-kīn
taiwanese-basic:1177	initials	ck	chòe-kīn
taiwanese-basic:362	full	choeauhitgoophinn	chòe-āu hit gō͘ phiⁿ
taiwanese-basic:362	prefix	choeauhit	chòe-āu hit gō͘ phiⁿ
taiwanese-basic:362	initials	cahgp	chòe-āu hit gō͘ phiⁿ
taiwanese-basic:360	full	choeauhitku	chòe-āu hit kù
taiwanese-basic:360	prefix	choeau	chòe-āu hit kù
taiwanese-basic:360	initials	cahk	chòe-āu hit kù
taiwanese-basic:364	full	choeauhitnngpai	chòe-āu hit nn̄g pái
taiwanese-basic:364	prefix	choeauhi	chòe-āu hit nn̄g pái
taiwanese-basic:364	initials	cahnp	chòe-āu hit nn̄g pái
taiwanese-basic:358	full	choeauhitnnge	chòe-āu hit nn̄g ê
taiwanese-basic:358	prefix	choeauh	chòe-āu hit nn̄g ê
taiwanese-basic:358	initials	cahne	chòe-āu hit nn̄g ê
taiwanese-basic:366	full	choeauhitsannku	chòe-āu hit saⁿ kù
taiwanese-basic:366	prefix	choeauhi	chòe-āu hit saⁿ kù
taiwanese-basic:366	initials	cahsk	chòe-āu hit saⁿ kù
taiwanese-basic:1186	full	chongsek	chòng-sek
taiwanese-basic:1186	prefix	chon	chòng-sek
taiwanese-basic:1186	initials	cs	chòng-sek
taiwanese-basic:1158	full	choa	chóa
taiwanese-basic:1158	prefix	ch	chóa
taiwanese-basic:1158	initials	c	chóa
taiwanese-basic:5378	full	chongphoo	chóng-phò͘
taiwanese-basic:5378	prefix	chong	chóng-phò͘
taiwanese-basic:5378	initials	cp	chóng-phò͘
taiwanese-basic:1184	full	chongthong	chóng-thóng
taiwanese-basic:1184	prefix	chong	chóng-thóng
taiwanese-basic:1184	initials	ct	chóng-thóng
taiwanese-basic:1148	full	choosian	chó͘-sian
taiwanese-basic:1148	prefix	choo	chó͘-sian
taiwanese-basic:1148	initials	cs	chó͘-sian
taiwanese-basic:1150	full	chootong	chó͘-tòng
taiwanese-basic:1150	prefix	choo	chó͘-tòng
taiwanese-basic:1150	initials	ct	chó͘-tòng
taiwanese-basic:1161	full	choa	chôa
taiwanese-basic:1161	prefix	ch	chôa
taiwanese-basic:1161	initials	c	chôa
taiwanese-basic:1170	full	choannchui	chôaⁿ-chúi
taiwanese-basic:1170	prefix	choan	chôaⁿ-chúi
taiwanese-basic:1170	initials	cc	chôaⁿ-chúi
taiwanese-basic:1207	full	chusia	chù-siā
taiwanese-basic:1207	prefix	chu	chù-siā
taiwanese-basic:1207	initials	cs	chù-siā
taiwanese-basic:1204	full	chui	chù-ì
taiwanese-basic:1204	prefix	ch	chù-ì
taiwanese-basic:1204	initials	ci	chù-ì
taiwanese-basic:1251	full	chui	chùi
taiwanese-basic:1251	prefix	ch	chùi
taiwanese-basic:1251	initials	c	chùi
taiwanese-basic:1253	full	chuijin	chùi-jîn
taiwanese-basic:1253	prefix	chui	chùi-jîn
taiwanese-basic:1253	initials	cj	chùi-jîn
taiwanese-basic:1191	full	chu	chú
taiwanese-basic:1191	prefix	ch	chú
taiwanese-basic:1191	initials	c	chú
taiwanese-basic:3897	full	chupng	chú pn̄g
taiwanese-basic:3897	prefix	chu	chú pn̄g
taiwanese-basic:3897	initials	cp	chú pn̄g
taiwanese-basic:1197	full	chuchhai	chú-chhài
taiwanese-basic:1197	prefix	chuc	chú-chhài
taiwanese-basic:1197	initials	cc	chú-chhài
taiwanese-basic:1205	full	chuchiahe	chú-chia̍h--ê
taiwanese-basic:1205	prefix	chuch	chú-chia̍h--ê
taiwanese-basic:1205	initials	cce	chú-chia̍h--ê
taiwanese-basic:1222	full	chuchainn	chú-cháiⁿ
taiwanese-basic:1222	prefix	chuch	chú-cháiⁿ
taiwanese-basic:1222	initials	cc	chú-cháiⁿ
taiwanese-basic:1217	full	chugi	chú-gī
taiwanese-basic:1217	prefix	chu	chú-gī
taiwanese-basic:1217	initials	cg	chú-gī
taiwanese-basic:1224	full	chuiau	chú-iàu
taiwanese-basic:1224	prefix	chu	chú-iàu
taiwanese-basic:1224	initials	ci	chú-iàu
taiwanese-basic:1194	full	chujit	chú-ji̍t
taiwanese-basic:1194	prefix	chu	chú-ji̍t
taiwanese-basic:1194	initials	cj	chú-ji̍t
taiwanese-basic:1219	full	chukau	chú-kàu
taiwanese-basic:1219	prefix	chu	chú-kàu
taiwanese-basic:1219	initials	ck	chú-kàu
taiwanese-basic:1193	full	chulang	chú-lâng
taiwanese-basic:1193	prefix	chul	chú-lâng
taiwanese-basic:1193	initials	cl	chú-lâng
taiwanese-basic:1220	full	chupin	chú-pin
taiwanese-basic:1220	prefix	chu	chú-pin
taiwanese-basic:1220	initials	cp	chú-pin
taiwanese-basic:1221	full	chupit	chú-pit
taiwanese-basic:1221	prefix	chu	chú-pit
taiwanese-basic:1221	initials	cp	chú-pit
taiwanese-basic:1196	full	chupng	chú-pn̄g
taiwanese-basic:1196	prefix	chu	chú-pn̄g
taiwanese-basic:1196	initials	cp	chú-pn̄g
taiwanese-basic:1192	full	chusek	chú-sek
taiwanese-basic:1192	prefix	chu	chú-sek
taiwanese-basic:1192	initials	cs	chú-sek
taiwanese-basic:1223	full	chutiunn	chú-tiuⁿ
taiwanese-basic:1223	prefix	chut	chú-tiuⁿ
taiwanese-basic:1223	initials	ct	chú-tiuⁿ
taiwanese-basic:1230	full	chui	chúi
taiwanese-basic:1230	prefix	ch	chúi
taiwanese-basic:1230	initials	c	chúi
taiwanese-basic:1454	full	chuigu	chúi gû
taiwanese-basic:1454	prefix	chu	chúi gû
taiwanese-basic:1454	initials	cg	chúi gû
taiwanese-basic:1254	full	chuichai	chúi-chai
taiwanese-basic:1254	prefix	chui	chúi-chai
taiwanese-basic:1254	initials	cc	chúi-chai
taiwanese-basic:1264	full	chuichengkhi	chúi-cheng-khì
taiwanese-basic:1264	prefix	chuich	chúi-cheng-khì
taiwanese-basic:1264	initials	cck	chúi-cheng-khì
taiwanese-basic:1262	full	chuichhia	chúi-chhia
taiwanese-basic:1262	prefix	chuic	chúi-chhia
taiwanese-basic:1262	initials	cc	chúi-chhia
taiwanese-basic:1268	full	chuichinn	chúi-chiⁿ
taiwanese-basic:1268	prefix	chuic	chúi-chiⁿ
taiwanese-basic:1268	initials	cc	chúi-chiⁿ
taiwanese-basic:1263	full	chuichu	chúi-chu
taiwanese-basic:1263	prefix	chui	chúi-chu
taiwanese-basic:1263	initials	cc	chúi-chu
taiwanese-basic:1265	full	chuichun	chúi-chún
taiwanese-basic:1265	prefix	chui	chúi-chún
taiwanese-basic:1265	initials	cc	chúi-chún
taiwanese-basic:1255	full	chuigoante	chúi-goân-tē
taiwanese-basic:1255	prefix	chuig	chúi-goân-tē
taiwanese-basic:1255	initials	cgt	chúi-goân-tē
taiwanese-basic:1256	full	chuigin	chúi-gîn
taiwanese-basic:1256	prefix	chui	chúi-gîn
taiwanese-basic:1256	initials	cg	chúi-gîn
taiwanese-basic:1257	full	chuigu	chúi-gû
taiwanese-basic:1257	prefix	chu	chúi-gû
taiwanese-basic:1257	initials	cg	chúi-gû
taiwanese-basic:1246	full	chuihun	chúi-hun
taiwanese-basic:1246	prefix	chui	chúi-hun
taiwanese-basic:1246	initials	ch	chúi-hun
taiwanese-basic:1248	full	chuiiu	chúi-iû
taiwanese-basic:1248	prefix	chu	chúi-iû
taiwanese-basic:1248	initials	ci	chúi-iû
taiwanese-basic:1266	full	chuika	chúi-ka
taiwanese-basic:1266	prefix	chu	chúi-ka
taiwanese-basic:1266	initials	ck	chúi-ka
taiwanese-basic:1249	full	chuike	chúi-ke
taiwanese-basic:1249	prefix	chu	chúi-ke
taiwanese-basic:1249	initials	ck	chúi-ke
taiwanese-basic:1250	full	chuikethui	chúi-ke-thúi
taiwanese-basic:1250	prefix	chuik	chúi-ke-thúi
taiwanese-basic:1250	initials	ckt	chúi-ke-thúi
taiwanese-basic:2868	full	chuikng	chúi-kng
taiwanese-basic:2868	prefix	chui	chúi-kng
taiwanese-basic:2868	initials	ck	chúi-kng
taiwanese-basic:1259	full	chuikau	chúi-káu
taiwanese-basic:1259	prefix	chui	chúi-káu
taiwanese-basic:1259	initials	ck	chúi-káu
taiwanese-basic:1260	full	chuikinn	chúi-kîⁿ
taiwanese-basic:1260	prefix	chui	chúi-kîⁿ
taiwanese-basic:1260	initials	ck	chúi-kîⁿ
taiwanese-basic:1258	full	chuikong	chúi-kóng
taiwanese-basic:1258	prefix	chui	chúi-kóng
taiwanese-basic:1258	initials	ck	chúi-kóng
taiwanese-basic:1258	full	chuikng	chúi-kńg
taiwanese-basic:1258	prefix	chui	chúi-kńg
taiwanese-basic:1258	initials	ck	chúi-kńg
taiwanese-basic:1261	full	chuiloo	chúi-lō͘
taiwanese-basic:1261	prefix	chui	chúi-lō͘
taiwanese-basic:1261	initials	cl	chúi-lō͘
taiwanese-basic:96	full	chuini	chúi-nî
taiwanese-basic:96	prefix	chu	chúi-nî
taiwanese-basic:96	initials	cn	chúi-nî
taiwanese-basic:3888	full	chuipio	chúi-pió
taiwanese-basic:3888	prefix	chui	chúi-pió
taiwanese-basic:3888	initials	cp	chúi-pió
taiwanese-basic:1244	full	chuithang	chúi-tháng
taiwanese-basic:1244	prefix	chuit	chúi-tháng
taiwanese-basic:1244	initials	ct	chúi-tháng
taiwanese-basic:1247	full	chuithoo	chúi-thó͘
taiwanese-basic:1247	prefix	chui	chúi-thó͘
taiwanese-basic:1247	initials	ct	chúi-thó͘
taiwanese-basic:1239	full	chuito	chúi-tō
taiwanese-basic:1239	prefix	chu	chúi-tō
taiwanese-basic:1239	initials	ct	chúi-tō
taiwanese-basic:1240	full	chuitochinn	chúi-tō chîⁿ
taiwanese-basic:1240	prefix	chuito	chúi-tō chîⁿ
taiwanese-basic:1240	initials	ctc	chúi-tō chîⁿ
taiwanese-basic:1243	full	chuitothau	chúi-tō-thâu
taiwanese-basic:1243	prefix	chuit	chúi-tō-thâu
taiwanese-basic:1243	initials	ctt	chúi-tō-thâu
taiwanese-basic:1272	full	chun	chún
taiwanese-basic:1272	prefix	ch	chún
taiwanese-basic:1272	initials	c	chún
taiwanese-basic:1278	full	chunpi	chún-pī
taiwanese-basic:1278	prefix	chu	chún-pī
taiwanese-basic:1278	initials	cp	chún-pī
taiwanese-basic:1225	full	chusian	chû-siān
taiwanese-basic:1225	prefix	chus	chû-siān
taiwanese-basic:1225	initials	cs	chû-siān
taiwanese-basic:1228	full	chusianimgakhoe	chû-siān im-ga̍k-hōe
taiwanese-basic:1228	prefix	chusiani	chû-siān im-ga̍k-hōe
taiwanese-basic:1228	initials	csigh	chû-siān im-ga̍k-hōe
taiwanese-basic:1226	full	chusianpinninn	chû-siān pīⁿ-īⁿ
taiwanese-basic:1226	prefix	chusian	chû-siān pīⁿ-īⁿ
taiwanese-basic:1226	initials	cspi	chû-siān pīⁿ-īⁿ
taiwanese-basic:1227	full	chusiansugiap	chû-siān sū-gia̍p
taiwanese-basic:1227	prefix	chusian	chû-siān sū-gia̍p
taiwanese-basic:1227	initials	cssg	chû-siān sū-gia̍p
taiwanese-basic:1269	full	chun	chûn
taiwanese-basic:1269	prefix	ch	chûn
taiwanese-basic:1269	initials	c	chûn
taiwanese-basic:3781	full	chunphio	chûn phiò
taiwanese-basic:3781	prefix	chun	chûn phiò
taiwanese-basic:3781	initials	cp	chûn phiò
taiwanese-basic:1270	full	chuntiunn	chûn-tiúⁿ
taiwanese-basic:1270	prefix	chunt	chûn-tiúⁿ
taiwanese-basic:1270	initials	ct	chûn-tiúⁿ
taiwanese-basic:1271	full	chunteng	chûn-téng
taiwanese-basic:1271	prefix	chun	chûn-téng
taiwanese-basic:1271	initials	ct	chûn-téng
taiwanese-basic:455	full	chai	chāi
taiwanese-basic:455	prefix	ch	chāi
taiwanese-basic:455	initials	c	chāi
taiwanese-basic:460	full	chaihiongkunjin	chāi-hiong kun-jîn
taiwanese-basic:460	prefix	chaihion	chāi-hiong kun-jîn
taiwanese-basic:460	initials	chkj	chāi-hiong kun-jîn
taiwanese-basic:458	full	chailai	chāi-lâi
taiwanese-basic:458	prefix	chai	chāi-lâi
taiwanese-basic:458	initials	cl	chāi-lâi
taiwanese-basic:239	full	chailaibi	chāi-lâi bí
taiwanese-basic:239	prefix	chail	chāi-lâi bí
taiwanese-basic:239	initials	clb	chāi-lâi bí
taiwanese-basic:459	full	chailaibi	chāi-lâi-bí
taiwanese-basic:459	prefix	chail	chāi-lâi-bí
taiwanese-basic:459	initials	clb	chāi-lâi-bí
taiwanese-basic:467	full	cham	chām
taiwanese-basic:467	prefix	ch	chām
taiwanese-basic:467	initials	c	chām
taiwanese-basic:484	full	chaphun	chāp-hun
taiwanese-basic:484	prefix	chap	chāp-hun
taiwanese-basic:484	initials	ch	chāp-hun
taiwanese-basic:498	full	chau	chāu
taiwanese-basic:498	prefix	ch	chāu
taiwanese-basic:498	initials	c	chāu
taiwanese-basic:507	full	che	chē
taiwanese-basic:507	prefix	ch	chē
taiwanese-basic:507	initials	c	chē
taiwanese-basic:569	full	cheng	chēng
taiwanese-basic:569	prefix	che	chēng
taiwanese-basic:569	initials	c	chēng
taiwanese-basic:1035	full	chinlek	chīn-le̍k
taiwanese-basic:1035	prefix	chin	chīn-le̍k
taiwanese-basic:1035	initials	cl	chīn-le̍k
taiwanese-basic:2217	full	chngkah	chńg kah
taiwanese-basic:2217	prefix	chng	chńg kah
taiwanese-basic:2217	initials	ck	chńg kah
taiwanese-basic:4054	full	chngkahsai	chńg-kah-sái
taiwanese-basic:4054	prefix	chngk	chńg-kah-sái
taiwanese-basic:4054	initials	cks	chńg-kah-sái
taiwanese-basic:1122	full	chngthaua	chńg-thâu-á
taiwanese-basic:1122	prefix	chngt	chńg-thâu-á
taiwanese-basic:1122	initials	cta	chńg-thâu-á
taiwanese-basic:1133	full	cho	chō
taiwanese-basic:1133	prefix	ch	chō
taiwanese-basic:1133	initials	c	chō
taiwanese-basic:1134	full	choku	chō kù
taiwanese-basic:1134	prefix	cho	chō kù
taiwanese-basic:1134	initials	ck	chō kù
taiwanese-basic:1136	full	chojit	chō--ji̍t
taiwanese-basic:1136	prefix	cho	chō--ji̍t
taiwanese-basic:1136	initials	cj	chō--ji̍t
taiwanese-basic:1162	full	choa	chōa
taiwanese-basic:1162	prefix	ch	chōa
taiwanese-basic:1162	initials	c	chōa
taiwanese-basic:1181	full	choe	chōe
taiwanese-basic:1181	prefix	ch	chōe
taiwanese-basic:1181	initials	c	chōe
taiwanese-basic:1183	full	choejin	chōe-jîn
taiwanese-basic:1183	prefix	choe	chōe-jîn
taiwanese-basic:1183	initials	cj	chōe-jîn
taiwanese-basic:1188	full	chonghong	chōng-hóng
taiwanese-basic:1188	prefix	chong	chōng-hóng
taiwanese-basic:1188	initials	ch	chōng-hóng
taiwanese-basic:1151	full	choochhiu	chō͘-chhiú
taiwanese-basic:1151	prefix	chooc	chō͘-chhiú
taiwanese-basic:1151	initials	cc	chō͘-chhiú
taiwanese-basic:1152	full	choochan	chō͘-chān
taiwanese-basic:1152	prefix	choo	chō͘-chān
taiwanese-basic:1152	initials	cc	chō͘-chān
taiwanese-basic:1153	full	choosansu	chō͘-sán-sū
taiwanese-basic:1153	prefix	choos	chō͘-sán-sū
taiwanese-basic:1153	initials	css	chō͘-sán-sū
taiwanese-basic:1199	full	chu	chū
taiwanese-basic:1199	prefix	ch	chū
taiwanese-basic:1199	initials	c	chū
taiwanese-basic:1200	full	chuchimmakhi	chū chím-má khí
taiwanese-basic:1200	prefix	chuchi	chū chím-má khí
taiwanese-basic:1200	initials	ccmk	chū chím-má khí
taiwanese-basic:1073	full	chuchip	chū-chi̍p
taiwanese-basic:1073	prefix	chuc	chū-chi̍p
taiwanese-basic:1073	initials	cc	chū-chi̍p
taiwanese-basic:1213	full	chuchunsim	chū-chun-sim
taiwanese-basic:1213	prefix	chuch	chū-chun-sim
taiwanese-basic:1213	initials	ccs	chū-chun-sim
taiwanese-basic:1208	full	chuchi	chū-chí
taiwanese-basic:1208	prefix	chu	chū-chí
taiwanese-basic:1208	initials	cc	chū-chí
taiwanese-basic:1198	full	chuiu	chū-iû
taiwanese-basic:1198	prefix	chu	chū-iû
taiwanese-basic:1198	initials	ci	chū-iû
taiwanese-basic:1201	full	chujian	chū-jiân
taiwanese-basic:1201	prefix	chuj	chū-jiân
taiwanese-basic:1201	initials	cj	chū-jiân
taiwanese-basic:1209	full	chuki	chū-kí
taiwanese-basic:1209	prefix	chu	chū-kí
taiwanese-basic:1209	initials	ck	chū-kí
taiwanese-basic:1211	full	chusat	chū-sat
taiwanese-basic:1211	prefix	chu	chū-sat
taiwanese-basic:1211	initials	cs	chū-sat
taiwanese-basic:1214	full	chusiu	chū-siú
taiwanese-basic:1214	prefix	chu	chū-siú
taiwanese-basic:1214	initials	cs	chū-siú
taiwanese-basic:1210	full	chusu	chū-su
taiwanese-basic:1210	prefix	chu	chū-su
taiwanese-basic:1210	initials	cs	chū-su
taiwanese-basic:1212	full	chusin	chū-sìn
taiwanese-basic:1212	prefix	chu	chū-sìn
taiwanese-basic:1212	initials	cs	chū-sìn
taiwanese-basic:1208	full	chusoo	chū-só͘
taiwanese-basic:1208	prefix	chu	chū-só͘
taiwanese-basic:1208	initials	cs	chū-só͘
taiwanese-basic:1216	full	chuti	chū-tī
taiwanese-basic:1216	prefix	chu	chū-tī
taiwanese-basic:1216	initials	ct	chū-tī
taiwanese-basic:1274	full	chun	chūn
taiwanese-basic:1274	prefix	ch	chūn
taiwanese-basic:1274	initials	c	chūn
taiwanese-basic:1277	full	chunkhilai	chūn--khí-lâi
taiwanese-basic:1277	prefix	chunk	chūn--khí-lâi
taiwanese-basic:1277	initials	ckl	chūn--khí-lâi
taiwanese-basic:1276	full	chunlohkhi	chūn--lo̍h-khì
taiwanese-basic:1276	prefix	chunl	chūn--lo̍h-khì
taiwanese-basic:1276	initials	clk	chūn--lo̍h-khì
taiwanese-basic:1275	full	chunsi	chūn--sí
taiwanese-basic:1275	prefix	chu	chūn--sí
taiwanese-basic:1275	initials	cs	chūn--sí
taiwanese-basic:1280	full	chunsann	chūn-saⁿ
taiwanese-basic:1280	prefix	chun	chūn-saⁿ
taiwanese-basic:1280	initials	cs	chūn-saⁿ
taiwanese-basic:1126	full	chng	chǹg
taiwanese-basic:1126	prefix	ch	chǹg
taiwanese-basic:1126	initials	c	chǹg
taiwanese-basic:1129	full	chngjipkhikhanglai	chǹg ji̍p khì khang-lāi
taiwanese-basic:1129	prefix	chngjipkh	chǹg ji̍p khì khang-lāi
taiwanese-basic:1129	initials	cjkkl	chǹg ji̍p khì khang-lāi
taiwanese-basic:1130	full	chnglohkhichuite	chǹg lo̍h khì chúi té
taiwanese-basic:1130	prefix	chnglohk	chǹg lo̍h khì chúi té
taiwanese-basic:1130	initials	clkct	chǹg lo̍h khì chúi té
taiwanese-basic:1127	full	chnga	chǹg-á
taiwanese-basic:1127	prefix	chn	chǹg-á
taiwanese-basic:1127	initials	ca	chǹg-á
taiwanese-basic:1300	full	e	e
taiwanese-basic:1300	prefix	e	e
taiwanese-basic:1300	initials	e	e
taiwanese-basic:4618	full	etau	e-tàu
taiwanese-basic:4618	prefix	et	e-tàu
taiwanese-basic:4618	initials	et	e-tàu
taiwanese-basic:1336	full	eng	eng
taiwanese-basic:1336	prefix	en	eng
taiwanese-basic:1336	initials	e	eng
taiwanese-basic:2011	full	engtoachhiat	eng to-á chhiat
taiwanese-basic:2011	prefix	engtoa	eng to-á chhiat
taiwanese-basic:2011	initials	etac	eng to-á chhiat
taiwanese-basic:1335	full	engbunhoat	eng-bûn-hoat
taiwanese-basic:1335	prefix	engbu	eng-bûn-hoat
taiwanese-basic:1335	initials	ebh	eng-bûn-hoat
taiwanese-basic:1317	full	enggi	eng-gí
taiwanese-basic:1317	prefix	eng	eng-gí
taiwanese-basic:1317	initials	eg	eng-gí
taiwanese-basic:1324	full	enghiong	eng-hiông
taiwanese-basic:1324	prefix	engh	eng-hiông
taiwanese-basic:1324	initials	eh	eng-hiông
taiwanese-basic:1332	full	enghoe	eng-hoe
taiwanese-basic:1332	prefix	eng	eng-hoe
taiwanese-basic:1332	initials	eh	eng-hoe
taiwanese-basic:1327	full	engkai	eng-kai
taiwanese-basic:1327	prefix	eng	eng-kai
taiwanese-basic:1327	initials	ek	eng-kai
taiwanese-basic:1334	full	engkok	eng-kok
taiwanese-basic:1334	prefix	eng	eng-kok
taiwanese-basic:1334	initials	ek	eng-kok
taiwanese-basic:1329	full	engoanehokkhi	eng-oán ê hok-khì
taiwanese-basic:1329	prefix	engoane	eng-oán ê hok-khì
taiwanese-basic:1329	initials	eoehk	eng-oán ê hok-khì
taiwanese-basic:1307	full	engsi	eng-sî
taiwanese-basic:1307	prefix	eng	eng-sî
taiwanese-basic:1307	initials	es	eng-sî
taiwanese-basic:1315	full	engam	eng-àm
taiwanese-basic:1315	prefix	eng	eng-àm
taiwanese-basic:1315	initials	ea	eng-àm
taiwanese-basic:1316	full	engamsi	eng-àm-sî
taiwanese-basic:1316	prefix	enga	eng-àm-sî
taiwanese-basic:1316	initials	eas	eng-àm-sî
taiwanese-basic:1310	full	eh	e̍h
taiwanese-basic:1310	prefix	e	e̍h
taiwanese-basic:1310	initials	e	e̍h
taiwanese-basic:1314	full	ek	e̍k
taiwanese-basic:1314	prefix	e	e̍k
taiwanese-basic:1314	initials	e	e̍k
taiwanese-basic:1313	full	ekkeng	e̍k-keng
taiwanese-basic:1313	prefix	ekk	e̍k-keng
taiwanese-basic:1313	initials	ek	e̍k-keng
taiwanese-basic:5363	full	gaktui	ga̍k-tūi
taiwanese-basic:5363	prefix	gak	ga̍k-tūi
taiwanese-basic:5363	initials	gt	ga̍k-tūi
taiwanese-basic:1362	full	giah	gia̍h
taiwanese-basic:1362	prefix	gi	gia̍h
taiwanese-basic:1362	initials	g	gia̍h
taiwanese-basic:1364	full	giahchhiu	gia̍h-chhiú
taiwanese-basic:1364	prefix	giahc	gia̍h-chhiú
taiwanese-basic:1364	initials	gc	gia̍h-chhiú
taiwanese-basic:1365	full	giahthau	gia̍h-thâu
taiwanese-basic:1365	prefix	giah	gia̍h-thâu
taiwanese-basic:1365	initials	gt	gia̍h-thâu
taiwanese-basic:1373	full	gian	giàn
taiwanese-basic:1373	prefix	gi	giàn
taiwanese-basic:1373	initials	g	giàn
taiwanese-basic:1368	full	giam	giám
taiwanese-basic:1368	prefix	gi	giám
taiwanese-basic:1368	initials	g	giám
taiwanese-basic:1371	full	giankiu	gián-kiù
taiwanese-basic:1371	prefix	gian	gián-kiù
taiwanese-basic:1371	initials	gk	gián-kiù
taiwanese-basic:1372	full	giankiutoli	gián-kiù tō-lí
taiwanese-basic:1372	prefix	gianki	gián-kiù tō-lí
taiwanese-basic:1372	initials	gktl	gián-kiù tō-lí
taiwanese-basic:1359	full	gia	giâ
taiwanese-basic:1359	prefix	gi	giâ
taiwanese-basic:1359	initials	g	giâ
taiwanese-basic:1361	full	giabah	giâ-bah
taiwanese-basic:1361	prefix	gia	giâ-bah
taiwanese-basic:1361	initials	gb	giâ-bah
taiwanese-basic:1364	full	giachhiu	giâ-chhiú
taiwanese-basic:1364	prefix	giac	giâ-chhiú
taiwanese-basic:1364	initials	gc	giâ-chhiú
taiwanese-basic:1365	full	giathau	giâ-thâu
taiwanese-basic:1365	prefix	giat	giâ-thâu
taiwanese-basic:1365	initials	gt	giâ-thâu
taiwanese-basic:1366	full	giam	giâm
taiwanese-basic:1366	prefix	gi	giâm
taiwanese-basic:1366	initials	g	giâm
taiwanese-basic:1367	full	giamtiong	giâm-tiōng
taiwanese-basic:1367	prefix	giamt	giâm-tiōng
taiwanese-basic:1367	initials	gt	giâm-tiōng
taiwanese-basic:1374	full	giaugi	giâu-gî
taiwanese-basic:1374	prefix	gia	giâu-gî
taiwanese-basic:1374	initials	gg	giâu-gî
taiwanese-basic:1384	full	giong	gióng
taiwanese-basic:1384	prefix	gio	gióng
taiwanese-basic:1384	initials	g	gióng
taiwanese-basic:1369	full	giam	giām
taiwanese-basic:1369	prefix	gi	giām
taiwanese-basic:1369	initials	g	giām
taiwanese-basic:1383	full	gionggiongboeh	giōng-giōng boeh
taiwanese-basic:1383	prefix	gionggi	giōng-giōng boeh
taiwanese-basic:1383	initials	ggb	giōng-giōng boeh
taiwanese-basic:4616	full	goehtaua	goeh tàu-á
taiwanese-basic:4616	prefix	goeh	goeh tàu-á
taiwanese-basic:4616	initials	gta	goeh tàu-á
taiwanese-basic:1441	full	goeh	goe̍h
taiwanese-basic:1441	prefix	go	goe̍h
taiwanese-basic:1441	initials	g	goe̍h
taiwanese-basic:368	full	goehboehitnngjit	goe̍h bóe hit nn̄g ji̍t
taiwanese-basic:368	prefix	goehboeh	goe̍h bóe hit nn̄g ji̍t
taiwanese-basic:368	initials	gbhnj	goe̍h bóe hit nn̄g ji̍t
taiwanese-basic:367	full	goehthauhitnngjit	goe̍h thâu hit nn̄g ji̍t
taiwanese-basic:367	prefix	goehthauh	goe̍h thâu hit nn̄g ji̍t
taiwanese-basic:367	initials	gthnj	goe̍h thâu hit nn̄g ji̍t
taiwanese-basic:1438	full	goehjit	goe̍h-ji̍t
taiwanese-basic:1438	prefix	goeh	goe̍h-ji̍t
taiwanese-basic:1438	initials	gj	goe̍h-ji̍t
taiwanese-basic:1440	full	goehkho	goe̍h-khó
taiwanese-basic:1440	prefix	goeh	goe̍h-khó
taiwanese-basic:1440	initials	gk	goe̍h-khó
taiwanese-basic:1442	full	goehkip	goe̍h-kip
taiwanese-basic:1442	prefix	goeh	goe̍h-kip
taiwanese-basic:1442	initials	gk	goe̍h-kip
taiwanese-basic:1441	full	goehniu	goe̍h-niû
taiwanese-basic:1441	prefix	goeh	goe̍h-niû
taiwanese-basic:1441	initials	gn	goe̍h-niû
taiwanese-basic:1443	full	goehtai	goe̍h-tâi
taiwanese-basic:1443	prefix	goeh	goe̍h-tâi
taiwanese-basic:1443	initials	gt	goe̍h-tâi
taiwanese-basic:1444	full	goehtaiphio	goe̍h-tâi-phiò
taiwanese-basic:1444	prefix	goehta	goe̍h-tâi-phiò
taiwanese-basic:1444	initials	gtp	goe̍h-tâi-phiò
taiwanese-basic:1418	full	goan	goán
taiwanese-basic:1418	prefix	go	goán
taiwanese-basic:1418	initials	g	goán
taiwanese-basic:4605	full	goantau	goán tau
taiwanese-basic:4605	prefix	goan	goán tau
taiwanese-basic:4605	initials	gt	goán tau
taiwanese-basic:1425	full	goanchoo	goân-chó͘
taiwanese-basic:1425	prefix	goan	goân-chó͘
taiwanese-basic:1425	initials	gc	goân-chó͘
taiwanese-basic:1423	full	goanchutan	goân-chú tân
taiwanese-basic:1423	prefix	goanc	goân-chú tân
taiwanese-basic:1423	initials	gct	goân-chú tân
taiwanese-basic:1424	full	goanchuleng	goân-chú-lêng
taiwanese-basic:1424	prefix	goanch	goân-chú-lêng
taiwanese-basic:1424	initials	gcl	goân-chú-lêng
taiwanese-basic:1422	full	goanin	goân-in
taiwanese-basic:1422	prefix	goa	goân-in
taiwanese-basic:1422	initials	gi	goân-in
taiwanese-basic:1432	full	goankhi	goân-khì
taiwanese-basic:1432	prefix	goan	goân-khì
taiwanese-basic:1432	initials	gk	goân-khì
taiwanese-basic:1430	full	goanke	goân-kè
taiwanese-basic:1430	prefix	goa	goân-kè
taiwanese-basic:1430	initials	gk	goân-kè
taiwanese-basic:1429	full	goanko	goân-kó
taiwanese-basic:1429	prefix	goa	goân-kó
taiwanese-basic:1429	initials	gk	goân-kó
taiwanese-basic:1428	full	goanliau	goân-liāu
taiwanese-basic:1428	prefix	goan	goân-liāu
taiwanese-basic:1428	initials	gl	goân-liāu
taiwanese-basic:1435	full	goanliong	goân-liōng
taiwanese-basic:1435	prefix	goanl	goân-liōng
taiwanese-basic:1435	initials	gl	goân-liōng
taiwanese-basic:1420	full	goanlai	goân-lâi
taiwanese-basic:1420	prefix	goan	goân-lâi
taiwanese-basic:1420	initials	gl	goân-lâi
taiwanese-basic:1421	full	goanli	goân-lí
taiwanese-basic:1421	prefix	goa	goân-lí
taiwanese-basic:1421	initials	gl	goân-lí
taiwanese-basic:1426	full	goansi	goân-sí
taiwanese-basic:1426	prefix	goa	goân-sí
taiwanese-basic:1426	initials	gs	goân-sí
taiwanese-basic:1431	full	goansoe	goân-sòe
taiwanese-basic:1431	prefix	goan	goân-sòe
taiwanese-basic:1431	initials	gs	goân-sòe
taiwanese-basic:1426	full	goansu	goân-sú
taiwanese-basic:1426	prefix	goa	goân-sú
taiwanese-basic:1426	initials	gs	goân-sú
taiwanese-basic:1427	full	goansusitai	goân-sú-sî-tāi
taiwanese-basic:1427	prefix	goansu	goân-sú-sî-tāi
taiwanese-basic:1427	initials	gsst	goân-sú-sî-tāi
taiwanese-basic:1419	full	goantan	goân-tàn
taiwanese-basic:1419	prefix	goan	goân-tàn
taiwanese-basic:1419	initials	gt	goân-tàn
taiwanese-basic:1436	full	goanui	goân-ūi
taiwanese-basic:1436	prefix	goa	goân-ūi
taiwanese-basic:1436	initials	gu	goân-ūi
taiwanese-basic:1437	full	goani	goān-ì
taiwanese-basic:1437	prefix	goa	goān-ì
taiwanese-basic:1437	initials	gi	goān-ì
taiwanese-basic:1343	full	gankho	gán-kho
taiwanese-basic:1343	prefix	gan	gán-kho
taiwanese-basic:1343	initials	gk	gán-kho
taiwanese-basic:1344	full	gankhoi	gán-kho-i
taiwanese-basic:1344	prefix	gank	gán-kho-i
taiwanese-basic:1344	initials	gki	gán-kho-i
taiwanese-basic:1345	full	gankhoiinn	gán-kho-i-īⁿ
taiwanese-basic:1345	prefix	gankh	gán-kho-i-īⁿ
taiwanese-basic:1345	initials	gkii	gán-kho-i-īⁿ
taiwanese-basic:1340	full	gam	gâm
taiwanese-basic:1340	prefix	ga	gâm
taiwanese-basic:1340	initials	g	gâm
taiwanese-basic:1346	full	gau	gâu
taiwanese-basic:1346	prefix	ga	gâu
taiwanese-basic:1346	initials	g	gâu
taiwanese-basic:945	full	gauchiah	gâu-chia̍h
taiwanese-basic:945	prefix	gauc	gâu-chia̍h
taiwanese-basic:945	initials	gc	gâu-chia̍h
taiwanese-basic:438	full	gaucha	gâu-chá
taiwanese-basic:438	prefix	gau	gâu-chá
taiwanese-basic:438	initials	gc	gâu-chá
taiwanese-basic:1354	full	ge	gè
taiwanese-basic:1354	prefix	g	gè
taiwanese-basic:1354	initials	g	gè
taiwanese-basic:1347	full	ge	gê
taiwanese-basic:1347	prefix	g	gê
taiwanese-basic:1347	initials	g	gê
taiwanese-basic:1348	full	gekhi	gê-khí
taiwanese-basic:1348	prefix	gek	gê-khí
taiwanese-basic:1348	initials	gk	gê-khí
taiwanese-basic:1376	full	ginna	gín-ná
taiwanese-basic:1376	prefix	gin	gín-ná
taiwanese-basic:1376	initials	gn	gín-ná
taiwanese-basic:1358	full	gibun	gî-būn
taiwanese-basic:1358	prefix	gib	gî-būn
taiwanese-basic:1358	initials	gb	gî-būn
taiwanese-basic:2956	full	gilankoan	gî-lân koān
taiwanese-basic:2956	prefix	gilan	gî-lân koān
taiwanese-basic:2956	initials	glk	gî-lân koān
taiwanese-basic:1377	full	gin	gîn
taiwanese-basic:1377	prefix	gi	gîn
taiwanese-basic:1377	initials	g	gîn
taiwanese-basic:1381	full	ginhang	gîn-hâng
taiwanese-basic:1381	prefix	ginh	gîn-hâng
taiwanese-basic:1381	initials	gh	gîn-hâng
taiwanese-basic:1378	full	ginphio	gîn-phiò
taiwanese-basic:1378	prefix	ginp	gîn-phiò
taiwanese-basic:1378	initials	gp	gîn-phiò
taiwanese-basic:1393	full	goa	góa
taiwanese-basic:1393	prefix	go	góa
taiwanese-basic:1393	initials	g	góa
taiwanese-basic:4860	full	goakonghoolithiann	góa kóng hō͘ lí thiaⁿ
taiwanese-basic:4860	prefix	goakongho	góa kóng hō͘ lí thiaⁿ
taiwanese-basic:4860	initials	gkhlt	góa kóng hō͘ lí thiaⁿ
taiwanese-basic:3365	full	goalongbesiongsin	góa lóng bē siong-sìn
taiwanese-basic:3365	prefix	goalongbe	góa lóng bē siong-sìn
taiwanese-basic:3365	initials	glbss	góa lóng bē siong-sìn
taiwanese-basic:2633	full	goambatkhoannkinn	góa m̄ bat khòaⁿ-kìⁿ
taiwanese-basic:2633	prefix	goambatkh	góa m̄ bat khòaⁿ-kìⁿ
taiwanese-basic:2633	initials	gmbkk	góa m̄ bat khòaⁿ-kìⁿ
taiwanese-basic:4880	full	goauthiannkinnlangkong	góa ū thiaⁿ-kìⁿ lâng kóng
taiwanese-basic:4880	prefix	goauthiannk	góa ū thiaⁿ-kìⁿ lâng kóng
taiwanese-basic:4880	initials	gutklk	góa ū thiaⁿ-kìⁿ lâng kóng
taiwanese-basic:1360	full	go	gô
taiwanese-basic:1360	prefix	g	gô
taiwanese-basic:1360	initials	g	gô
taiwanese-basic:1361	full	gobah	gô-bah
taiwanese-basic:1361	prefix	gob	gô-bah
taiwanese-basic:1361	initials	gb	gô-bah
taiwanese-basic:1449	full	gong	gông
taiwanese-basic:1449	prefix	go	gông
taiwanese-basic:1449	initials	g	gông
taiwanese-basic:1418	full	gun	gún
taiwanese-basic:1418	prefix	gu	gún
taiwanese-basic:1418	initials	g	gún
taiwanese-basic:4605	full	guntau	gún tau
taiwanese-basic:4605	prefix	gun	gún tau
taiwanese-basic:4605	initials	gt	gún tau
taiwanese-basic:1450	full	gu	gû
taiwanese-basic:1450	prefix	g	gû
taiwanese-basic:1450	initials	g	gû
taiwanese-basic:130	full	gubah	gû-bah
taiwanese-basic:130	prefix	gub	gû-bah
taiwanese-basic:130	initials	gb	gû-bah
taiwanese-basic:1457	full	guchhia	gû-chhia
taiwanese-basic:1457	prefix	guch	gû-chhia
taiwanese-basic:1457	initials	gc	gû-chhia
taiwanese-basic:1451	full	guiu	gû-iû
taiwanese-basic:1451	prefix	gu	gû-iû
taiwanese-basic:1451	initials	gi	gû-iû
taiwanese-basic:2248	full	gukak	gû-kak
taiwanese-basic:2248	prefix	guk	gû-kak
taiwanese-basic:2248	initials	gk	gû-kak
taiwanese-basic:1455	full	guleng	gû-leng
taiwanese-basic:1455	prefix	gul	gû-leng
taiwanese-basic:1455	initials	gl	gû-leng
taiwanese-basic:1456	full	gulenghun	gû-leng-hún
taiwanese-basic:1456	prefix	gulen	gû-leng-hún
taiwanese-basic:1456	initials	glh	gû-leng-hún
taiwanese-basic:1458	full	guihiam	gûi-hiám
taiwanese-basic:1458	prefix	guih	gûi-hiám
taiwanese-basic:1458	initials	gh	gûi-hiám
taiwanese-basic:1459	full	guiki	gûi-ki
taiwanese-basic:1459	prefix	gui	gûi-ki
taiwanese-basic:1459	initials	gk	gûi-ki
taiwanese-basic:1461	full	guikip	gûi-kip
taiwanese-basic:1461	prefix	gui	gûi-kip
taiwanese-basic:1461	initials	gk	gûi-kip
taiwanese-basic:1342	full	gam	gām
taiwanese-basic:1342	prefix	ga	gām
taiwanese-basic:1342	initials	g	gām
taiwanese-basic:1352	full	gesut	gē-su̍t
taiwanese-basic:1352	prefix	ges	gē-su̍t
taiwanese-basic:1352	initials	gs	gē-su̍t
taiwanese-basic:1353	full	gesutka	gē-su̍t-ka
taiwanese-basic:1353	prefix	gesu	gē-su̍t-ka
taiwanese-basic:1353	initials	gsk	gē-su̍t-ka
taiwanese-basic:1357	full	gihoe	gī-hōe
taiwanese-basic:1357	prefix	gih	gī-hōe
taiwanese-basic:1357	initials	gh	gī-hōe
taiwanese-basic:1355	full	gilun	gī-lūn
taiwanese-basic:1355	prefix	gil	gī-lūn
taiwanese-basic:1355	initials	gl	gī-lūn
taiwanese-basic:1356	full	gioan	gī-oân
taiwanese-basic:1356	prefix	gio	gī-oân
taiwanese-basic:1356	initials	go	gī-oân
taiwanese-basic:1387	full	gosi	gō--sí
taiwanese-basic:1387	prefix	go	gō--sí
taiwanese-basic:1387	initials	gs	gō--sí
taiwanese-basic:1394	full	goa	gōa
taiwanese-basic:1394	prefix	go	gōa
taiwanese-basic:1394	initials	g	gōa
taiwanese-basic:1399	full	goabin	gōa bīn
taiwanese-basic:1399	prefix	goa	gōa bīn
taiwanese-basic:1399	initials	gb	gōa bīn
taiwanese-basic:1403	full	goakaulang	gōa kàu lâng
taiwanese-basic:1403	prefix	goaka	gōa kàu lâng
taiwanese-basic:1403	initials	gkl	gōa kàu lâng
taiwanese-basic:1400	full	goasenglang	gōa séng lâng
taiwanese-basic:1400	prefix	goasen	gōa séng lâng
taiwanese-basic:1400	initials	gsl	gōa séng lâng
taiwanese-basic:1400	full	goasenge	gōa séng--ê
taiwanese-basic:1400	prefix	goas	gōa séng--ê
taiwanese-basic:1400	initials	gse	gōa séng--ê
taiwanese-basic:260	full	goabin	gōa-bīn
taiwanese-basic:260	prefix	goa	gōa-bīn
taiwanese-basic:260	initials	gb	gōa-bīn
taiwanese-basic:1190	full	goabinechonghong	gōa-bīn ê chōng-hóng
taiwanese-basic:1190	prefix	goabinec	gōa-bīn ê chōng-hóng
taiwanese-basic:1190	initials	gbech	gōa-bīn ê chōng-hóng
taiwanese-basic:4	full	goachoo	gōa-chó͘
taiwanese-basic:4	prefix	goac	gōa-chó͘
taiwanese-basic:4	initials	gc	gōa-chó͘
taiwanese-basic:1414	full	goaheng	gōa-hêng
taiwanese-basic:1414	prefix	goah	gōa-hêng
taiwanese-basic:1414	initials	gh	gōa-hêng
taiwanese-basic:1407	full	goakau	gōa-kau
taiwanese-basic:1407	prefix	goa	gōa-kau
taiwanese-basic:1407	initials	gk	gōa-kau
taiwanese-basic:1408	full	goakauka	gōa-kau-ka
taiwanese-basic:1408	prefix	goak	gōa-kau-ka
taiwanese-basic:1408	initials	gkk	gōa-kau-ka
taiwanese-basic:1409	full	goakaukoann	gōa-kau-koaⁿ
taiwanese-basic:1409	prefix	goakau	gōa-kau-koaⁿ
taiwanese-basic:1409	initials	gkk	gōa-kau-koaⁿ
taiwanese-basic:1410	full	goakauoan	gōa-kau-oân
taiwanese-basic:1410	prefix	goaka	gōa-kau-oân
taiwanese-basic:1410	initials	gko	gōa-kau-oân
taiwanese-basic:1417	full	goake	gōa-ke
taiwanese-basic:1417	prefix	goa	gōa-ke
taiwanese-basic:1417	initials	gk	gōa-ke
taiwanese-basic:1404	full	goakho	gōa-kho
taiwanese-basic:1404	prefix	goa	gōa-kho
taiwanese-basic:1404	initials	gk	gōa-kho
taiwanese-basic:1405	full	goakhopinninn	gōa-kho pīⁿ-īⁿ
taiwanese-basic:1405	prefix	goakhop	gōa-kho pīⁿ-īⁿ
taiwanese-basic:1405	initials	gkpi	gōa-kho pīⁿ-īⁿ
taiwanese-basic:1406	full	goakhoi	gōa-kho-i
taiwanese-basic:1406	prefix	goak	gōa-kho-i
taiwanese-basic:1406	initials	gki	gōa-kho-i
taiwanese-basic:1413	full	goakoan	gōa-koan
taiwanese-basic:1413	prefix	goak	gōa-koan
taiwanese-basic:1413	initials	gk	gōa-koan
taiwanese-basic:1401	full	goakok	gōa-kok
taiwanese-basic:1401	prefix	goa	gōa-kok
taiwanese-basic:1401	initials	gk	gōa-kok
taiwanese-basic:1402	full	goakoklang	gōa-kok lâng
taiwanese-basic:1402	prefix	goako	gōa-kok lâng
taiwanese-basic:1402	initials	gkl	gōa-kok lâng
taiwanese-basic:3033	full	goakong	gōa-kong
taiwanese-basic:3033	prefix	goak	gōa-kong
taiwanese-basic:3033	initials	gk	gōa-kong
taiwanese-basic:3228	full	goaleng	gōa-leng
taiwanese-basic:3228	prefix	goal	gōa-leng
taiwanese-basic:3228	initials	gl	gōa-leng
taiwanese-basic:3409	full	goama	gōa-má
taiwanese-basic:3409	prefix	goa	gōa-má
taiwanese-basic:3409	initials	gm	gōa-má
taiwanese-basic:1411	full	goaphoe	gōa-phôe
taiwanese-basic:1411	prefix	goap	gōa-phôe
taiwanese-basic:1411	initials	gp	gōa-phôe
taiwanese-basic:1412	full	goapin	gōa-pin
taiwanese-basic:1412	prefix	goa	gōa-pin
taiwanese-basic:1412	initials	gp	gōa-pin
taiwanese-basic:4500	full	goasun	gōa-sun
taiwanese-basic:4500	prefix	goa	gōa-sun
taiwanese-basic:4500	initials	gs	gōa-sun
taiwanese-basic:1416	full	goasukho	gōa-sū-khò
taiwanese-basic:1416	prefix	goas	gōa-sū-khò
taiwanese-basic:1416	initials	gsk	gōa-sū-khò
taiwanese-basic:1415	full	goatek	gōa-te̍k
taiwanese-basic:1415	prefix	goa	gōa-te̍k
taiwanese-basic:1415	initials	gt	gōa-te̍k
taiwanese-basic:1445	full	gong	gōng
taiwanese-basic:1445	prefix	go	gōng
taiwanese-basic:1445	initials	g	gōng
taiwanese-basic:1447	full	gongchaboo	gōng cha-bó͘
taiwanese-basic:1447	prefix	gongc	gōng cha-bó͘
taiwanese-basic:1447	initials	gcb	gōng cha-bó͘
taiwanese-basic:1446	full	gonglang	gōng lâng
taiwanese-basic:1446	prefix	gong	gōng lâng
taiwanese-basic:1446	initials	gl	gōng lâng
taiwanese-basic:1448	full	gongginna	gōng-gín-ná
taiwanese-basic:1448	prefix	gongg	gōng-gín-ná
taiwanese-basic:1448	initials	ggn	gōng-gín-ná
taiwanese-basic:1389	full	goo	gō͘
taiwanese-basic:1389	prefix	go	gō͘
taiwanese-basic:1389	initials	g	gō͘
taiwanese-basic:3056	full	goohunchengku	gō͘ hun-cheng kú
taiwanese-basic:3056	prefix	goohunc	gō͘ hun-cheng kú
taiwanese-basic:3056	initials	ghck	gō͘ hun-cheng kú
taiwanese-basic:1379	full	gookhoogin	gō͘ kho͘-gîn
taiwanese-basic:1379	prefix	gookh	gō͘ kho͘-gîn
taiwanese-basic:1379	initials	gkg	gō͘ kho͘-gîn
taiwanese-basic:3069	full	goolakniku	gō͘ la̍k nî kú
taiwanese-basic:3069	prefix	goola	gō͘ la̍k nî kú
taiwanese-basic:3069	initials	glnk	gō͘ la̍k nî kú
taiwanese-basic:3057	full	gootiamchengku	gō͘ tiám-cheng kú
taiwanese-basic:3057	prefix	gootiam	gō͘ tiám-cheng kú
taiwanese-basic:3057	initials	gtck	gō͘ tiám-cheng kú
taiwanese-basic:1390	full	goohoe	gō͘-hōe
taiwanese-basic:1390	prefix	goo	gō͘-hōe
taiwanese-basic:1390	initials	gh	gō͘-hōe
taiwanese-basic:1390	full	gookai	gō͘-kái
taiwanese-basic:1390	prefix	goo	gō͘-kái
taiwanese-basic:1390	initials	gk	gō͘-kái
taiwanese-basic:1391	full	goolok	gō͘-lo̍k
taiwanese-basic:1391	prefix	goo	gō͘-lo̍k
taiwanese-basic:1391	initials	gl	gō͘-lo̍k
taiwanese-basic:1392	full	gooloksek	gō͘-lo̍k-sek
taiwanese-basic:1392	prefix	goolo	gō͘-lo̍k-sek
taiwanese-basic:1392	initials	gls	gō͘-lo̍k-sek
taiwanese-basic:1482	full	hainn	haiⁿ
taiwanese-basic:1482	prefix	hai	haiⁿ
taiwanese-basic:1482	initials	h	haiⁿ
taiwanese-basic:1494	full	hamban	ham-bān
taiwanese-basic:1494	prefix	ham	ham-bān
taiwanese-basic:1494	initials	hb	ham-bān
taiwanese-basic:1502	full	hanchi	han-chî
taiwanese-basic:1502	prefix	han	han-chî
taiwanese-basic:1502	initials	hc	han-chî
taiwanese-basic:1509	full	hang	hang
taiwanese-basic:1509	prefix	ha	hang
taiwanese-basic:1509	initials	h	hang
taiwanese-basic:1514	full	hangkebah	hang ke-bah
taiwanese-basic:1514	prefix	hangk	hang ke-bah
taiwanese-basic:1514	initials	hkb	hang ke-bah
taiwanese-basic:1510	full	hangmipau	hang mī-pau
taiwanese-basic:1510	prefix	hangm	hang mī-pau
taiwanese-basic:1510	initials	hmp	hang mī-pau
taiwanese-basic:1511	full	hangnngphinnmipau	hang nn̄g phìⁿ mī-pau
taiwanese-basic:1511	prefix	hangnngph	hang nn̄g phìⁿ mī-pau
taiwanese-basic:1511	initials	hnpmp	hang nn̄g phìⁿ mī-pau
taiwanese-basic:1511	full	hangnngtemipau	hang nn̄g tè mī-pau
taiwanese-basic:1511	prefix	hangnng	hang nn̄g tè mī-pau
taiwanese-basic:1511	initials	hntmp	hang nn̄g tè mī-pau
taiwanese-basic:1513	full	hangtibah	hang ti-bah
taiwanese-basic:1513	prefix	hangt	hang ti-bah
taiwanese-basic:1513	initials	htb	hang ti-bah
taiwanese-basic:1512	full	hangloo	hang-lô͘
taiwanese-basic:1512	prefix	hang	hang-lô͘
taiwanese-basic:1512	initials	hl	hang-lô͘
taiwanese-basic:1532	full	hausiau	hau-siâu
taiwanese-basic:1532	prefix	haus	hau-siâu
taiwanese-basic:1532	initials	hs	hau-siâu
taiwanese-basic:1462	full	hah	ha̍h
taiwanese-basic:1462	prefix	ha	ha̍h
taiwanese-basic:1462	initials	h	ha̍h
taiwanese-basic:1489	full	hakhui	ha̍k-hùi
taiwanese-basic:1489	prefix	hak	ha̍k-hùi
taiwanese-basic:1489	initials	hh	ha̍k-hùi
taiwanese-basic:1484	full	hakhau	ha̍k-hāu
taiwanese-basic:1484	prefix	hak	ha̍k-hāu
taiwanese-basic:1484	initials	hh	ha̍k-hāu
taiwanese-basic:1490	full	hakki	ha̍k-kî
taiwanese-basic:1490	prefix	hak	ha̍k-kî
taiwanese-basic:1490	initials	hk	ha̍k-kî
taiwanese-basic:1483	full	hakseng	ha̍k-seng
taiwanese-basic:1483	prefix	haks	ha̍k-seng
taiwanese-basic:1483	initials	hs	ha̍k-seng
taiwanese-basic:1493	full	hakinn	ha̍k-īⁿ
taiwanese-basic:1493	prefix	hak	ha̍k-īⁿ
taiwanese-basic:1493	initials	hi	ha̍k-īⁿ
taiwanese-basic:5365	full	hapchhiutui	ha̍p-chhiù-tūi
taiwanese-basic:5365	prefix	hapchh	ha̍p-chhiù-tūi
taiwanese-basic:5365	initials	hct	ha̍p-chhiù-tūi
taiwanese-basic:1519	full	hapchhiunn	ha̍p-chhiùⁿ
taiwanese-basic:1519	prefix	hapch	ha̍p-chhiùⁿ
taiwanese-basic:1519	initials	hc	ha̍p-chhiùⁿ
taiwanese-basic:1521	full	hapli	ha̍p-lí
taiwanese-basic:1521	prefix	hap	ha̍p-lí
taiwanese-basic:1521	initials	hl	ha̍p-lí
taiwanese-basic:1538	full	heku	he-ku
taiwanese-basic:1538	prefix	he	he-ku
taiwanese-basic:1538	initials	hk	he-ku
taiwanese-basic:1553	full	hibong	hi-bōng
taiwanese-basic:1553	prefix	hib	hi-bōng
taiwanese-basic:1553	initials	hb	hi-bōng
taiwanese-basic:1556	full	hihan	hi-hán
taiwanese-basic:1556	prefix	hih	hi-hán
taiwanese-basic:1556	initials	hh	hi-hán
taiwanese-basic:1558	full	hiseng	hi-seng
taiwanese-basic:1558	prefix	his	hi-seng
taiwanese-basic:1558	initials	hs	hi-seng
taiwanese-basic:1564	full	hia	hia
taiwanese-basic:1564	prefix	hi	hia
taiwanese-basic:1564	initials	h	hia
taiwanese-basic:1571	full	hiahe	hiah ê
taiwanese-basic:1571	prefix	hia	hiah ê
taiwanese-basic:1571	initials	he	hiah ê
taiwanese-basic:1570	full	hiahnih	hiah-ni̍h
taiwanese-basic:1570	prefix	hiah	hiah-ni̍h
taiwanese-basic:1570	initials	hn	hiah-ni̍h
taiwanese-basic:1572	full	hiam	hiam
taiwanese-basic:1572	prefix	hi	hiam
taiwanese-basic:1572	initials	h	hiam
taiwanese-basic:1582	full	hian	hian
taiwanese-basic:1582	prefix	hi	hian
taiwanese-basic:1582	initials	h	hian
taiwanese-basic:2712	full	hiankhui	hian-khui
taiwanese-basic:2712	prefix	hian	hian-khui
taiwanese-basic:2712	initials	hk	hian-khui
taiwanese-basic:1591	full	hiat	hiat
taiwanese-basic:1591	prefix	hi	hiat
taiwanese-basic:1591	initials	h	hiat
taiwanese-basic:1592	full	hiatap	hiat-ap
taiwanese-basic:1592	prefix	hia	hiat-ap
taiwanese-basic:1592	initials	ha	hiat-ap
taiwanese-basic:1593	full	hiatthong	hiat-thóng
taiwanese-basic:1593	prefix	hiatt	hiat-thóng
taiwanese-basic:1593	initials	ht	hiat-thóng
taiwanese-basic:1590	full	hiattiau	hiat-tiāu
taiwanese-basic:1590	prefix	hiat	hiat-tiāu
taiwanese-basic:1590	initials	ht	hiat-tiāu
taiwanese-basic:1568	full	hiannti	hiaⁿ-tī
taiwanese-basic:1568	prefix	hian	hiaⁿ-tī
taiwanese-basic:1568	initials	ht	hiaⁿ-tī
taiwanese-basic:4819	full	hiannh	hiaⁿh
taiwanese-basic:4819	prefix	hia	hiaⁿh
taiwanese-basic:4819	initials	h	hiaⁿh
taiwanese-basic:1599	full	hihhihchhio	hih-hih-chhiò
taiwanese-basic:1599	prefix	hihhih	hih-hih-chhiò
taiwanese-basic:1599	initials	hhc	hih-hih-chhiò
taiwanese-basic:1595	full	himsiong	him-sióng
taiwanese-basic:1595	prefix	hims	him-sióng
taiwanese-basic:1595	initials	hs	him-sióng
taiwanese-basic:1604	full	hioh	hioh
taiwanese-basic:1604	prefix	hi	hioh
taiwanese-basic:1604	initials	h	hioh
taiwanese-basic:1601	full	hiohjoah	hioh-joa̍h
taiwanese-basic:1601	prefix	hioh	hioh-joa̍h
taiwanese-basic:1601	initials	hj	hioh-joa̍h
taiwanese-basic:1600	full	hiohkhun	hioh-khùn
taiwanese-basic:1600	prefix	hioh	hioh-khùn
taiwanese-basic:1600	initials	hk	hioh-khùn
taiwanese-basic:1602	full	hiohkoann	hioh-kôaⁿ
taiwanese-basic:1602	prefix	hiohk	hioh-kôaⁿ
taiwanese-basic:1602	initials	hk	hioh-kôaⁿ
taiwanese-basic:557	full	hiong	hiong
taiwanese-basic:557	prefix	hio	hiong
taiwanese-basic:557	initials	h	hiong
taiwanese-basic:2301	full	hiongkang	hiong-káng
taiwanese-basic:2301	prefix	hiong	hiong-káng
taiwanese-basic:2301	initials	hk	hiong-káng
taiwanese-basic:5233	full	hiongtiunn	hiong-tiúⁿ
taiwanese-basic:5233	prefix	hiong	hiong-tiúⁿ
taiwanese-basic:5233	initials	ht	hiong-tiúⁿ
taiwanese-basic:1603	full	hioha	hio̍h-á
taiwanese-basic:1603	prefix	hio	hio̍h-á
taiwanese-basic:1603	initials	ha	hio̍h-á
taiwanese-basic:1605	full	hip	hip
taiwanese-basic:1605	prefix	hi	hip
taiwanese-basic:1605	initials	h	hip
taiwanese-basic:4319	full	hipsiong	hip siòng
taiwanese-basic:4319	prefix	hips	hip siòng
taiwanese-basic:4319	initials	hs	hip siòng
taiwanese-basic:1606	full	hipsiong	hip-siòng
taiwanese-basic:1606	prefix	hips	hip-siòng
taiwanese-basic:1606	initials	hs	hip-siòng
taiwanese-basic:1607	full	hipsiongki	hip-siòng-ki
taiwanese-basic:1607	prefix	hipsi	hip-siòng-ki
taiwanese-basic:1607	initials	hsk	hip-siòng-ki
taiwanese-basic:1608	full	hit	hit
taiwanese-basic:1608	prefix	hi	hit
taiwanese-basic:1608	initials	h	hit
taiwanese-basic:2673	full	hitkhoan	hit khoán
taiwanese-basic:2673	prefix	hitk	hit khoán
taiwanese-basic:2673	initials	hk	hit khoán
taiwanese-basic:3705	full	hitpeng	hit pêng
taiwanese-basic:3705	prefix	hitp	hit pêng
taiwanese-basic:3705	initials	hp	hit pêng
taiwanese-basic:1609	full	hitsoochai	hit só͘-chāi
taiwanese-basic:1609	prefix	hitso	hit só͘-chāi
taiwanese-basic:1609	initials	hsc	hit só͘-chāi
taiwanese-basic:1609	full	hitesoochai	hit ê só͘-chāi
taiwanese-basic:1609	prefix	hiteso	hit ê só͘-chāi
taiwanese-basic:1609	initials	hesc	hit ê só͘-chāi
taiwanese-basic:1579	full	hiam	hiàm
taiwanese-basic:1579	prefix	hi	hiàm
taiwanese-basic:1579	initials	h	hiàm
taiwanese-basic:1580	full	hiamilai	hiàm i lâi
taiwanese-basic:1580	prefix	hiam	hiàm i lâi
taiwanese-basic:1580	initials	hil	hiàm i lâi
taiwanese-basic:1574	full	hiam	hiám
taiwanese-basic:1574	prefix	hi	hiám
taiwanese-basic:1574	initials	h	hiám
taiwanese-basic:1577	full	hiambehuhoechhia	hiám bē hù hóe-chhia
taiwanese-basic:1577	prefix	hiambehu	hiám bē hù hóe-chhia
taiwanese-basic:1577	initials	hbhhc	hiám bē hù hóe-chhia
taiwanese-basic:1576	full	hiambekitit	hiám bē kì--tit
taiwanese-basic:1576	prefix	hiambe	hiám bē kì--tit
taiwanese-basic:1576	initials	hbkt	hiám bē kì--tit
taiwanese-basic:1578	full	hiamhiamsikhi	hiám hiám sí-khì
taiwanese-basic:1578	prefix	hiamhia	hiám hiám sí-khì
taiwanese-basic:1578	initials	hhsk	hiám hiám sí-khì
taiwanese-basic:1575	full	hiamhoochhiakauhtioh	hiám hō͘ chhia kauh tio̍h
taiwanese-basic:1575	prefix	hiamhoochh	hiám hō͘ chhia kauh tio̍h
taiwanese-basic:1575	initials	hhckt	hiám hō͘ chhia kauh tio̍h
taiwanese-basic:1589	full	hianbikiann	hián-bî-kiàⁿ
taiwanese-basic:1589	prefix	hianbi	hián-bî-kiàⁿ
taiwanese-basic:1589	initials	hbk	hián-bî-kiàⁿ
taiwanese-basic:1573	full	hiam	hiâm
taiwanese-basic:1573	prefix	hi	hiâm
taiwanese-basic:1573	initials	h	hiâm
taiwanese-basic:1569	full	hiann	hiâⁿ
taiwanese-basic:1569	prefix	hia	hiâⁿ
taiwanese-basic:1569	initials	h	hiâⁿ
taiwanese-basic:1232	full	hiannsiochui	hiâⁿ sio-chúi
taiwanese-basic:1232	prefix	hianns	hiâⁿ sio-chúi
taiwanese-basic:1232	initials	hsc	hiâⁿ sio-chúi
taiwanese-basic:2143	full	hiojin	hió-jīn
taiwanese-basic:2143	prefix	hio	hió-jīn
taiwanese-basic:2143	initials	hj	hió-jīn
taiwanese-basic:1563	full	hia	hiā
taiwanese-basic:1563	prefix	hi	hiā
taiwanese-basic:1563	initials	h	hiā
taiwanese-basic:1587	full	hianchuchi	hiān chū-chí
taiwanese-basic:1587	prefix	hianc	hiān chū-chí
taiwanese-basic:1587	initials	hcc	hiān chū-chí
taiwanese-basic:1584	full	hianchinn	hiān-chîⁿ
taiwanese-basic:1584	prefix	hianc	hiān-chîⁿ
taiwanese-basic:1584	initials	hc	hiān-chîⁿ
taiwanese-basic:1583	full	hianchai	hiān-chāi
taiwanese-basic:1583	prefix	hian	hiān-chāi
taiwanese-basic:1583	initials	hc	hiān-chāi
taiwanese-basic:1585	full	hiankim	hiān-kim
taiwanese-basic:1585	prefix	hian	hiān-kim
taiwanese-basic:1585	initials	hk	hiān-kim
taiwanese-basic:1588	full	hiantiunn	hiān-tiûⁿ
taiwanese-basic:1588	prefix	hiant	hiān-tiûⁿ
taiwanese-basic:1588	initials	ht	hiān-tiûⁿ
taiwanese-basic:1586	full	hiantai	hiān-tāi
taiwanese-basic:1586	prefix	hian	hiān-tāi
taiwanese-basic:1586	initials	ht	hiān-tāi
taiwanese-basic:1611	full	hng	hn̂g
taiwanese-basic:1611	prefix	hn	hn̂g
taiwanese-basic:1611	initials	h	hn̂g
taiwanese-basic:1610	full	hng	hn̄g
taiwanese-basic:1610	prefix	hn	hn̄g
taiwanese-basic:1610	initials	h	hn̄g
taiwanese-basic:1672	full	hoa	hoa
taiwanese-basic:1672	prefix	ho	hoa
taiwanese-basic:1672	initials	h	hoa
taiwanese-basic:2964	full	hoaliankoan	hoa-liân koān
taiwanese-basic:2964	prefix	hoalia	hoa-liân koān
taiwanese-basic:2964	initials	hlk	hoa-liân koān
taiwanese-basic:2339	full	hoaliankaukhu	hoa-liân kàu-khu
taiwanese-basic:2339	prefix	hoalian	hoa-liân kàu-khu
taiwanese-basic:2339	initials	hlkk	hoa-liân kàu-khu
taiwanese-basic:1748	full	hoasengiu	hoa-seng-iû
taiwanese-basic:1748	prefix	hoase	hoa-seng-iû
taiwanese-basic:1748	initials	hsi	hoa-seng-iû
taiwanese-basic:215	full	hoanbeh	hoan-be̍h
taiwanese-basic:215	prefix	hoan	hoan-be̍h
taiwanese-basic:215	initials	hb	hoan-be̍h
taiwanese-basic:1688	full	hoanek	hoan-e̍k
taiwanese-basic:1688	prefix	hoa	hoan-e̍k
taiwanese-basic:1688	initials	he	hoan-e̍k
taiwanese-basic:1681	full	hoangeng	hoan-gêng
taiwanese-basic:1681	prefix	hoan	hoan-gêng
taiwanese-basic:1681	initials	hg	hoan-gêng
taiwanese-basic:1689	full	hoangenghoe	hoan-gêng-hōe
taiwanese-basic:1689	prefix	hoange	hoan-gêng-hōe
taiwanese-basic:1689	initials	hgh	hoan-gêng-hōe
taiwanese-basic:1690	full	hoangengmng	hoan-gêng-mn̂g
taiwanese-basic:1690	prefix	hoange	hoan-gêng-mn̂g
taiwanese-basic:1690	initials	hgm	hoan-gêng-mn̂g
taiwanese-basic:1695	full	hoanhu	hoan-hù
taiwanese-basic:1695	prefix	hoa	hoan-hù
taiwanese-basic:1695	initials	hh	hoan-hù
taiwanese-basic:1680	full	hoankiunna	hoan-kiuⁿ-á
taiwanese-basic:1680	prefix	hoank	hoan-kiuⁿ-á
taiwanese-basic:1680	initials	hka	hoan-kiuⁿ-á
taiwanese-basic:1679	full	hoannahoe	hoan-ná-hóe
taiwanese-basic:1679	prefix	hoann	hoan-ná-hóe
taiwanese-basic:1679	initials	hnh	hoan-ná-hóe
taiwanese-basic:1248	full	hoannaiu	hoan-ná-iû
taiwanese-basic:1248	prefix	hoan	hoan-ná-iû
taiwanese-basic:1248	initials	hni	hoan-ná-iû
taiwanese-basic:1691	full	hoansin	hoan-sin
taiwanese-basic:1691	prefix	hoan	hoan-sin
taiwanese-basic:1691	initials	hs	hoan-sin
taiwanese-basic:1701	full	hoat	hoat
taiwanese-basic:1701	prefix	ho	hoat
taiwanese-basic:1701	initials	h	hoat
taiwanese-basic:1704	full	hoathun	hoat hún
taiwanese-basic:1704	prefix	hoat	hoat hún
taiwanese-basic:1704	initials	hh	hoat hún
taiwanese-basic:4353	full	hoatsiukhi	hoat siū-khì
taiwanese-basic:4353	prefix	hoats	hoat siū-khì
taiwanese-basic:4353	initials	hsk	hoat siū-khì
taiwanese-basic:1708	full	hoatbeng	hoat-bêng
taiwanese-basic:1708	prefix	hoat	hoat-bêng
taiwanese-basic:1708	initials	hb	hoat-bêng
taiwanese-basic:1706	full	hoatchai	hoat-châi
taiwanese-basic:1706	prefix	hoat	hoat-châi
taiwanese-basic:1706	initials	hc	hoat-châi
taiwanese-basic:1713	full	hoatheng	hoat-hêng
taiwanese-basic:1713	prefix	hoat	hoat-hêng
taiwanese-basic:1713	initials	hh	hoat-hêng
taiwanese-basic:1837	full	hoathun	hoat-hún
taiwanese-basic:1837	prefix	hoat	hoat-hún
taiwanese-basic:1837	initials	hh	hoat-hún
taiwanese-basic:1698	full	hoatim	hoat-im
taiwanese-basic:1698	prefix	hoa	hoat-im
taiwanese-basic:1698	initials	hi	hoat-im
taiwanese-basic:1925	full	hoatiam	hoat-iām
taiwanese-basic:1925	prefix	hoat	hoat-iām
taiwanese-basic:1925	initials	hi	hoat-iām
taiwanese-basic:1707	full	hoatjiat	hoat-jia̍t
taiwanese-basic:1707	prefix	hoat	hoat-jia̍t
taiwanese-basic:1707	initials	hj	hoat-jia̍t
taiwanese-basic:1699	full	hoatkhi	hoat-khí
taiwanese-basic:1699	prefix	hoat	hoat-khí
taiwanese-basic:1699	initials	hk	hoat-khí
taiwanese-basic:1710	full	hoatkian	hoat-kiàn
taiwanese-basic:1710	prefix	hoat	hoat-kiàn
taiwanese-basic:1710	initials	hk	hoat-kiàn
taiwanese-basic:3603	full	hoatkokoe	hoat-kok-ōe
taiwanese-basic:3603	prefix	hoatk	hoat-kok-ōe
taiwanese-basic:3603	initials	hko	hoat-kok-ōe
taiwanese-basic:1700	full	hoatlut	hoat-lu̍t
taiwanese-basic:1700	prefix	hoat	hoat-lu̍t
taiwanese-basic:1700	initials	hl	hoat-lu̍t
taiwanese-basic:1711	full	hoatpiau	hoat-piáu
taiwanese-basic:1711	prefix	hoat	hoat-piáu
taiwanese-basic:1711	initials	hp	hoat-piáu
taiwanese-basic:1712	full	hoatseng	hoat-seng
taiwanese-basic:1712	prefix	hoat	hoat-seng
taiwanese-basic:1712	initials	hs	hoat-seng
taiwanese-basic:1707	full	hoatsio	hoat-sio
taiwanese-basic:1707	prefix	hoat	hoat-sio
taiwanese-basic:1707	initials	hs	hoat-sio
taiwanese-basic:1705	full	hoattat	hoat-ta̍t
taiwanese-basic:1705	prefix	hoat	hoat-ta̍t
taiwanese-basic:1705	initials	ht	hoat-ta̍t
taiwanese-basic:1696	full	hoattian	hoat-tián
taiwanese-basic:1696	prefix	hoat	hoat-tián
taiwanese-basic:1696	initials	ht	hoat-tián
taiwanese-basic:1714	full	hoattiau	hoat-tiâu
taiwanese-basic:1714	prefix	hoat	hoat-tiâu
taiwanese-basic:1714	initials	ht	hoat-tiâu
taiwanese-basic:5121	full	hoattian	hoat-tiān
taiwanese-basic:5121	prefix	hoat	hoat-tiān
taiwanese-basic:5121	initials	ht	hoat-tiān
taiwanese-basic:5122	full	hoattianki	hoat-tiān-ki
taiwanese-basic:5122	prefix	hoatt	hoat-tiān-ki
taiwanese-basic:5122	initials	htk	hoat-tiān-ki
taiwanese-basic:1709	full	hoatteng	hoat-têng
taiwanese-basic:1709	prefix	hoat	hoat-têng
taiwanese-basic:1709	initials	ht	hoat-têng
taiwanese-basic:1702	full	hoattoo	hoat-tō͘
taiwanese-basic:1702	prefix	hoat	hoat-tō͘
taiwanese-basic:1702	initials	ht	hoat-tō͘
taiwanese-basic:1709	full	hoatinn	hoat-īⁿ
taiwanese-basic:1709	prefix	hoat	hoat-īⁿ
taiwanese-basic:1709	initials	hi	hoat-īⁿ
taiwanese-basic:1697	full	hoat	hoa̍t
taiwanese-basic:1697	prefix	ho	hoa̍t
taiwanese-basic:1697	initials	h	hoa̍t
taiwanese-basic:1675	full	hoannhi	hoaⁿ-hí
taiwanese-basic:1675	prefix	hoan	hoaⁿ-hí
taiwanese-basic:1675	initials	hh	hoaⁿ-hí
taiwanese-basic:1721	full	hoe	hoe
taiwanese-basic:1721	prefix	ho	hoe
taiwanese-basic:1721	initials	h	hoe
taiwanese-basic:905	full	hoechi	hoe-chí
taiwanese-basic:905	prefix	hoe	hoe-chí
taiwanese-basic:905	initials	hc	hoe-chí
taiwanese-basic:1612	full	hoehng	hoe-hn̂g
taiwanese-basic:1612	prefix	hoe	hoe-hn̂g
taiwanese-basic:1612	initials	hh	hoe-hn̂g
taiwanese-basic:1725	full	hoekan	hoe-kan
taiwanese-basic:1725	prefix	hoe	hoe-kan
taiwanese-basic:1725	initials	hk	hoe-kan
taiwanese-basic:1724	full	hoekha	hoe-kha
taiwanese-basic:1724	prefix	hoe	hoe-kha
taiwanese-basic:1724	initials	hk	hoe-kha
taiwanese-basic:1727	full	hoem	hoe-m̂
taiwanese-basic:1727	prefix	ho	hoe-m̂
taiwanese-basic:1727	initials	hm	hoe-m̂
taiwanese-basic:1723	full	hoephun	hoe-phûn
taiwanese-basic:1723	prefix	hoep	hoe-phûn
taiwanese-basic:1723	initials	hp	hoe-phûn
taiwanese-basic:1758	full	hoeh	hoeh
taiwanese-basic:1758	prefix	ho	hoeh
taiwanese-basic:1758	initials	h	hoeh
taiwanese-basic:1760	full	hoehkng	hoeh-kńg
taiwanese-basic:1760	prefix	hoeh	hoeh-kńg
taiwanese-basic:1760	initials	hk	hoeh-kńg
taiwanese-basic:1776	full	hokim	hok-im
taiwanese-basic:1776	prefix	hok	hok-im
taiwanese-basic:1776	initials	hi	hok-im
taiwanese-basic:1761	full	hokkhi	hok-khì
taiwanese-basic:1761	prefix	hok	hok-khì
taiwanese-basic:1761	initials	hk	hok-khì
taiwanese-basic:1780	full	hong	hong
taiwanese-basic:1780	prefix	ho	hong
taiwanese-basic:1780	initials	h	hong
taiwanese-basic:1781	full	hongchinthau	hong chin thàu
taiwanese-basic:1781	prefix	hongch	hong chin thàu
taiwanese-basic:1781	initials	hct	hong chin thàu
taiwanese-basic:1782	full	hongchintiam	hong chin tiām
taiwanese-basic:1782	prefix	hongch	hong chin tiām
taiwanese-basic:1782	initials	hct	hong chin tiām
taiwanese-basic:1795	full	hongboe	hong-bóe
taiwanese-basic:1795	prefix	hong	hong-bóe
taiwanese-basic:1795	initials	hb	hong-bóe
taiwanese-basic:1787	full	hongbin	hong-bīn
taiwanese-basic:1787	prefix	hong	hong-bīn
taiwanese-basic:1787	initials	hb	hong-bīn
taiwanese-basic:1788	full	hongchhioh	hong-chhioh
taiwanese-basic:1788	prefix	hongc	hong-chhioh
taiwanese-basic:1788	initials	hc	hong-chhioh
taiwanese-basic:1789	full	hongchhoe	hong-chhoe
taiwanese-basic:1789	prefix	hongc	hong-chhoe
taiwanese-basic:1789	initials	hc	hong-chhoe
taiwanese-basic:1783	full	hongkoo	hong-kó͘
taiwanese-basic:1783	prefix	hong	hong-kó͘
taiwanese-basic:1783	initials	hk	hong-kó͘
taiwanese-basic:1792	full	hongphoe	hong-phoe
taiwanese-basic:1792	prefix	hong	hong-phoe
taiwanese-basic:1792	initials	hp	hong-phoe
taiwanese-basic:1793	full	hongsiann	hong-siaⁿ
taiwanese-basic:1793	prefix	hongs	hong-siaⁿ
taiwanese-basic:1793	initials	hs	hong-siaⁿ
taiwanese-basic:1785	full	hongsiok	hong-sio̍k
taiwanese-basic:1785	prefix	hong	hong-sio̍k
taiwanese-basic:1785	initials	hs	hong-sio̍k
taiwanese-basic:1798	full	hongthai	hong-thai
taiwanese-basic:1798	prefix	hong	hong-thai
taiwanese-basic:1798	initials	ht	hong-thai
taiwanese-basic:2431	full	hongthaikengpo	hong-thai kèng-pò
taiwanese-basic:2431	prefix	hongtha	hong-thai kèng-pò
taiwanese-basic:2431	initials	htkp	hong-thai kèng-pò
taiwanese-basic:1794	full	hongthau	hong-thâu
taiwanese-basic:1794	prefix	hong	hong-thâu
taiwanese-basic:1794	initials	ht	hong-thâu
taiwanese-basic:1685	full	hoantui	hoán-tùi
taiwanese-basic:1685	prefix	hoan	hoán-tùi
taiwanese-basic:1685	initials	ht	hoán-tùi
taiwanese-basic:1687	full	hoan	hoân
taiwanese-basic:1687	prefix	ho	hoân
taiwanese-basic:1687	initials	h	hoân
taiwanese-basic:1682	full	hoanlo	hoân-ló
taiwanese-basic:1682	prefix	hoa	hoân-ló
taiwanese-basic:1682	initials	hl	hoân-ló
taiwanese-basic:1683	full	hoan	hoān
taiwanese-basic:1683	prefix	ho	hoān
taiwanese-basic:1683	initials	h	hoān
taiwanese-basic:1692	full	hoanchia	hoān-chiá
taiwanese-basic:1692	prefix	hoan	hoān-chiá
taiwanese-basic:1692	initials	hc	hoān-chiá
taiwanese-basic:1182	full	hoanchoe	hoān-chōe
taiwanese-basic:1182	prefix	hoan	hoān-chōe
taiwanese-basic:1182	initials	hc	hoān-chōe
taiwanese-basic:1684	full	hoanlang	hoān-lâng
taiwanese-basic:1684	prefix	hoan	hoān-lâng
taiwanese-basic:1684	initials	hl	hoān-lâng
taiwanese-basic:1693	full	hoanui	hoān-ûi
taiwanese-basic:1693	prefix	hoa	hoān-ûi
taiwanese-basic:1693	initials	hu	hoān-ûi
taiwanese-basic:1774	full	hokbu	ho̍k-bū
taiwanese-basic:1774	prefix	hok	ho̍k-bū
taiwanese-basic:1774	initials	hb	ho̍k-bū
taiwanese-basic:1775	full	hokbusikan	ho̍k-bū sî-kan
taiwanese-basic:1775	prefix	hokbu	ho̍k-bū sî-kan
taiwanese-basic:1775	initials	hbsk	ho̍k-bū sî-kan
taiwanese-basic:1771	full	hokchap	ho̍k-cha̍p
taiwanese-basic:1771	prefix	hokc	ho̍k-cha̍p
taiwanese-basic:1771	initials	hc	ho̍k-cha̍p
taiwanese-basic:1766	full	hokchit	ho̍k-chit
taiwanese-basic:1766	prefix	hokc	ho̍k-chit
taiwanese-basic:1766	initials	hc	ho̍k-chit
taiwanese-basic:1773	full	hokchiong	ho̍k-chiông
taiwanese-basic:1773	prefix	hokch	ho̍k-chiông
taiwanese-basic:1773	initials	hc	ho̍k-chiông
taiwanese-basic:1768	full	hokheng	ho̍k-heng
taiwanese-basic:1768	prefix	hokh	ho̍k-heng
taiwanese-basic:1768	initials	hh	ho̍k-heng
taiwanese-basic:1769	full	hokhoat	ho̍k-hoa̍t
taiwanese-basic:1769	prefix	hokh	ho̍k-hoa̍t
taiwanese-basic:1769	initials	hh	ho̍k-hoa̍t
taiwanese-basic:1770	full	hokhoatchiat	ho̍k-hoa̍t-chiat
taiwanese-basic:1770	prefix	hokhoa	ho̍k-hoa̍t-chiat
taiwanese-basic:1770	initials	hhc	ho̍k-hoa̍t-chiat
taiwanese-basic:1767	full	hokku	ho̍k-kū
taiwanese-basic:1767	prefix	hok	ho̍k-kū
taiwanese-basic:1767	initials	hk	ho̍k-kū
taiwanese-basic:1772	full	hokmohiam	ho̍k-mo̍h-iām
taiwanese-basic:1772	prefix	hokmo	ho̍k-mo̍h-iām
taiwanese-basic:1772	initials	hmi	ho̍k-mo̍h-iām
taiwanese-basic:1769	full	hokoah	ho̍k-oa̍h
taiwanese-basic:1769	prefix	hok	ho̍k-oa̍h
taiwanese-basic:1769	initials	ho	ho̍k-oa̍h
taiwanese-basic:1770	full	hokoahchiat	ho̍k-oa̍h-chiat
taiwanese-basic:1770	prefix	hokoah	ho̍k-oa̍h-chiat
taiwanese-basic:1770	initials	hoc	ho̍k-oa̍h-chiat
taiwanese-basic:1765	full	hoksiu	ho̍k-siû
taiwanese-basic:1765	prefix	hok	ho̍k-siû
taiwanese-basic:1765	initials	hs	ho̍k-siû
taiwanese-basic:1764	full	hoksip	ho̍k-si̍p
taiwanese-basic:1764	prefix	hok	ho̍k-si̍p
taiwanese-basic:1764	initials	hs	ho̍k-si̍p
taiwanese-basic:1763	full	hoksai	ho̍k-sāi
taiwanese-basic:1763	prefix	hok	ho̍k-sāi
taiwanese-basic:1763	initials	hs	ho̍k-sāi
taiwanese-basic:1805	full	huhu	hu-hū
taiwanese-basic:1805	prefix	hu	hu-hū
taiwanese-basic:1805	initials	hh	hu-hū
taiwanese-basic:1801	full	hujin	hu-jîn
taiwanese-basic:1801	prefix	huj	hu-jîn
taiwanese-basic:1801	initials	hj	hu-jîn
taiwanese-basic:2667	full	huikhoaichhia	hui khoai chhia
taiwanese-basic:2667	prefix	huikhoa	hui khoai chhia
taiwanese-basic:2667	initials	hkc	hui khoai chhia
taiwanese-basic:1821	full	huihoat	hui-hoat
taiwanese-basic:1821	prefix	huih	hui-hoat
taiwanese-basic:1821	initials	hh	hui-hoat
taiwanese-basic:1817	full	huikhoaichhia	hui-khoài chhia
taiwanese-basic:1817	prefix	huikhoa	hui-khoài chhia
taiwanese-basic:1817	initials	hkc	hui-khoài chhia
taiwanese-basic:697	full	huikhoaichhia	hui-khoài-chhia
taiwanese-basic:697	prefix	huikhoa	hui-khoài-chhia
taiwanese-basic:697	initials	hkc	hui-khoài-chhia
taiwanese-basic:1814	full	huiki	hui-ki
taiwanese-basic:1814	prefix	hui	hui-ki
taiwanese-basic:1814	initials	hk	hui-ki
taiwanese-basic:1827	full	huikitiunn	hui-ki-tiûⁿ
taiwanese-basic:1827	prefix	huiki	hui-ki-tiûⁿ
taiwanese-basic:1827	initials	hkt	hui-ki-tiûⁿ
taiwanese-basic:1822	full	huile	hui-lé
taiwanese-basic:1822	prefix	hui	hui-lé
taiwanese-basic:1822	initials	hl	hui-lé
taiwanese-basic:1823	full	huili	hui-lí
taiwanese-basic:1823	prefix	hui	hui-lí
taiwanese-basic:1823	initials	hl	hui-lí
taiwanese-basic:1815	full	huisiong	hui-siông
taiwanese-basic:1815	prefix	huis	hui-siông
taiwanese-basic:1815	initials	hs	hui-siông
taiwanese-basic:40	full	huisiongai	hui-siông ài
taiwanese-basic:40	prefix	huisi	hui-siông ài
taiwanese-basic:40	initials	hsa	hui-siông ài
taiwanese-basic:1758	full	huih	huih
taiwanese-basic:1758	prefix	hu	huih
taiwanese-basic:1758	initials	h	huih
taiwanese-basic:1760	full	huihkin	huih-kin
taiwanese-basic:1760	prefix	huih	huih-kin
taiwanese-basic:1760	initials	hk	huih-kin
taiwanese-basic:1828	full	hun	hun
taiwanese-basic:1828	prefix	hu	hun
taiwanese-basic:1828	initials	h	hun
taiwanese-basic:4048	full	hunsai	hun sái
taiwanese-basic:4048	prefix	hun	hun sái
taiwanese-basic:4048	initials	hs	hun sái
taiwanese-basic:1851	full	hunchiong	hun-chiong
taiwanese-basic:1851	prefix	hunch	hun-chiong
taiwanese-basic:1851	initials	hc	hun-chiong
taiwanese-basic:1842	full	huncho	hun-chò
taiwanese-basic:1842	prefix	hun	hun-chò
taiwanese-basic:1842	initials	hc	hun-chò
taiwanese-basic:3813	full	hunphoe	hun-phòe
taiwanese-basic:3813	prefix	hunp	hun-phòe
taiwanese-basic:3813	initials	hp	hun-phòe
taiwanese-basic:3814	full	hunphoekangchok	hun-phòe kang-chok
taiwanese-basic:3814	prefix	hunphoek	hun-phòe kang-chok
taiwanese-basic:3814	initials	hpkc	hun-phòe kang-chok
taiwanese-basic:1845	full	hunpiat	hun-pia̍t
taiwanese-basic:1845	prefix	hunp	hun-pia̍t
taiwanese-basic:1845	initials	hp	hun-pia̍t
taiwanese-basic:4049	full	hunsaikhoka	hun-sái khok-á
taiwanese-basic:4049	prefix	hunsai	hun-sái khok-á
taiwanese-basic:4049	initials	hska	hun-sái khok-á
taiwanese-basic:1855	full	hutjian	hut-jiân
taiwanese-basic:1855	prefix	hutj	hut-jiân
taiwanese-basic:1855	initials	hj	hut-jiân
taiwanese-basic:1855	full	hutjiankan	hut-jiân-kan
taiwanese-basic:1855	prefix	hutji	hut-jiân-kan
taiwanese-basic:1855	initials	hjk	hut-jiân-kan
taiwanese-basic:1857	full	hutjiankansikhi	hut-jiân-kan sí--khì
taiwanese-basic:1857	prefix	hutjiank	hut-jiân-kan sí--khì
taiwanese-basic:1857	initials	hjksk	hut-jiân-kan sí--khì
taiwanese-basic:1856	full	hutjiankantiamkhi	hut-jiân-kan tiām--khì
taiwanese-basic:1856	prefix	hutjianka	hut-jiân-kan tiām--khì
taiwanese-basic:1856	initials	hjktk	hut-jiân-kan tiām--khì
taiwanese-basic:1858	full	hutkau	hu̍t-kàu
taiwanese-basic:1858	prefix	hut	hu̍t-kàu
taiwanese-basic:1858	initials	hk	hu̍t-kàu
taiwanese-basic:1480	full	hainn	hàiⁿ
taiwanese-basic:1480	prefix	hai	hàiⁿ
taiwanese-basic:1480	initials	h	hàiⁿ
taiwanese-basic:1481	full	hainnchhianchhiu	hàiⁿ chhian-chhiu
taiwanese-basic:1481	prefix	hainnchh	hàiⁿ chhian-chhiu
taiwanese-basic:1481	initials	hcc	hàiⁿ chhian-chhiu
taiwanese-basic:1497	full	han	hàn
taiwanese-basic:1497	prefix	ha	hàn
taiwanese-basic:1497	initials	h	hàn
taiwanese-basic:1505	full	hantiau	hàn tiâu
taiwanese-basic:1505	prefix	hant	hàn tiâu
taiwanese-basic:1505	initials	ht	hàn tiâu
taiwanese-basic:1503	full	hanji	hàn-jī
taiwanese-basic:1503	prefix	han	hàn-jī
taiwanese-basic:1503	initials	hj	hàn-jī
taiwanese-basic:1466	full	hai	hái
taiwanese-basic:1466	prefix	ha	hái
taiwanese-basic:1466	initials	h	hái
taiwanese-basic:1475	full	haichinpinn	hái chin pîⁿ
taiwanese-basic:1475	prefix	haichi	hái chin pîⁿ
taiwanese-basic:1475	initials	hcp	hái chin pîⁿ
taiwanese-basic:1469	full	haibin	hái-bīn
taiwanese-basic:1469	prefix	hai	hái-bīn
taiwanese-basic:1469	initials	hb	hái-bīn
taiwanese-basic:1470	full	haichui	hái-chúi
taiwanese-basic:1470	prefix	haic	hái-chúi
taiwanese-basic:1470	initials	hc	hái-chúi
taiwanese-basic:1478	full	haichuiek	hái-chúi-e̍k
taiwanese-basic:1478	prefix	haich	hái-chúi-e̍k
taiwanese-basic:1478	initials	hce	hái-chúi-e̍k
taiwanese-basic:1479	full	haigansoann	hái-gān-sòaⁿ
taiwanese-basic:1479	prefix	haigan	hái-gān-sòaⁿ
taiwanese-basic:1479	initials	hgs	hái-gān-sòaⁿ
taiwanese-basic:1468	full	haigoa	hái-gōa
taiwanese-basic:1468	prefix	hai	hái-gōa
taiwanese-basic:1468	initials	hg	hái-gōa
taiwanese-basic:1477	full	haihong	hái-hong
taiwanese-basic:1477	prefix	haih	hái-hong
taiwanese-basic:1477	initials	hh	hái-hong
taiwanese-basic:1476	full	haihoann	hái-hōaⁿ
taiwanese-basic:1476	prefix	haih	hái-hōaⁿ
taiwanese-basic:1476	initials	hh	hái-hōaⁿ
taiwanese-basic:1472	full	haikoan	hái-koan
taiwanese-basic:1472	prefix	haik	hái-koan
taiwanese-basic:1472	initials	hk	hái-koan
taiwanese-basic:1476	full	haikinn	hái-kîⁿ
taiwanese-basic:1476	prefix	haik	hái-kîⁿ
taiwanese-basic:1476	initials	hk	hái-kîⁿ
taiwanese-basic:1471	full	haimi	hái-mî
taiwanese-basic:1471	prefix	hai	hái-mî
taiwanese-basic:1471	initials	hm	hái-mî
taiwanese-basic:1473	full	haieng	hái-éng
taiwanese-basic:1473	prefix	hai	hái-éng
taiwanese-basic:1473	initials	he	hái-éng
taiwanese-basic:1474	full	haiengchinkoan	hái-éng chin koân
taiwanese-basic:1474	prefix	haiengc	hái-éng chin koân
taiwanese-basic:1474	initials	heck	hái-éng chin koân
taiwanese-basic:1474	full	haiengchintoa	hái-éng chin tōa
taiwanese-basic:1474	prefix	haiengc	hái-éng chin tōa
taiwanese-basic:1474	initials	hect	hái-éng chin tōa
taiwanese-basic:1501	full	han	hán
taiwanese-basic:1501	prefix	ha	hán
taiwanese-basic:1501	initials	h	hán
taiwanese-basic:1500	full	hantit	hán--tit
taiwanese-basic:1500	prefix	han	hán--tit
taiwanese-basic:1500	initials	ht	hán--tit
taiwanese-basic:1516	full	hang	háng
taiwanese-basic:1516	prefix	ha	háng
taiwanese-basic:1516	initials	h	háng
taiwanese-basic:1495	full	ham	hâm
taiwanese-basic:1495	prefix	ha	hâm
taiwanese-basic:1495	initials	h	hâm
taiwanese-basic:5381	full	hamban	hâm-bān
taiwanese-basic:5381	prefix	ham	hâm-bān
taiwanese-basic:5381	initials	hb	hâm-bān
taiwanese-basic:1504	full	hankok	hân-kok
taiwanese-basic:1504	prefix	han	hân-kok
taiwanese-basic:1504	initials	hk	hân-kok
taiwanese-basic:1508	full	hanliu	hân-liû
taiwanese-basic:1508	prefix	han	hân-liû
taiwanese-basic:1508	initials	hl	hân-liû
taiwanese-basic:1507	full	hantai	hân-tài
taiwanese-basic:1507	prefix	han	hân-tài
taiwanese-basic:1507	initials	ht	hân-tài
taiwanese-basic:1337	full	hantam	hân-tâm
taiwanese-basic:1337	prefix	han	hân-tâm
taiwanese-basic:1337	initials	ht	hân-tâm
taiwanese-basic:1517	full	hang	hâng
taiwanese-basic:1517	prefix	ha	hâng
taiwanese-basic:1517	initials	h	hâng
taiwanese-basic:1518	full	hanghok	hâng-ho̍k
taiwanese-basic:1518	prefix	hang	hâng-ho̍k
taiwanese-basic:1518	initials	hh	hâng-ho̍k
taiwanese-basic:1537	full	hea	hê-á
taiwanese-basic:1537	prefix	he	hê-á
taiwanese-basic:1537	initials	ha	hê-á
taiwanese-basic:2503	full	heakhak	hê-á-khak
taiwanese-basic:2503	prefix	heak	hê-á-khak
taiwanese-basic:2503	initials	hak	hê-á-khak
taiwanese-basic:1539	full	heng	hêng
taiwanese-basic:1539	prefix	he	hêng
taiwanese-basic:1539	initials	h	hêng
taiwanese-basic:1544	full	hengiong	hêng-iông
taiwanese-basic:1544	prefix	heng	hêng-iông
taiwanese-basic:1544	initials	hi	hêng-iông
taiwanese-basic:1545	full	hengiongsu	hêng-iông-sû
taiwanese-basic:1545	prefix	hengi	hêng-iông-sû
taiwanese-basic:1545	initials	his	hêng-iông-sû
taiwanese-basic:1540	full	hengli	hêng-lí
taiwanese-basic:1540	prefix	hen	hêng-lí
taiwanese-basic:1540	initials	hl	hêng-lí
taiwanese-basic:1542	full	hengsek	hêng-sek
taiwanese-basic:1542	prefix	heng	hêng-sek
taiwanese-basic:1542	initials	hs	hêng-sek
taiwanese-basic:1543	full	hengsekchugi	hêng-sek chú-gī
taiwanese-basic:1543	prefix	hengse	hêng-sek chú-gī
taiwanese-basic:1543	initials	hscg	hêng-sek chú-gī
taiwanese-basic:1554	full	hi	hì
taiwanese-basic:1554	prefix	h	hì
taiwanese-basic:1554	initials	h	hì
taiwanese-basic:1825	full	hiiam	hì-iām
taiwanese-basic:1825	prefix	hii	hì-iām
taiwanese-basic:1825	initials	hi	hì-iām
taiwanese-basic:3782	full	hiphio	hì-phiò
taiwanese-basic:3782	prefix	hip	hì-phiò
taiwanese-basic:3782	initials	hp	hì-phiò
taiwanese-basic:1824	full	hipenn	hì-pēⁿ
taiwanese-basic:1824	prefix	hip	hì-pēⁿ
taiwanese-basic:1824	initials	hp	hì-pēⁿ
taiwanese-basic:5309	full	hitoann	hì-toaⁿ
taiwanese-basic:5309	prefix	hito	hì-toaⁿ
taiwanese-basic:5309	initials	ht	hì-toaⁿ
taiwanese-basic:1555	full	hiinn	hì-īⁿ
taiwanese-basic:1555	prefix	hii	hì-īⁿ
taiwanese-basic:1555	initials	hi	hì-īⁿ
taiwanese-basic:1546	full	hi	hî
taiwanese-basic:1546	prefix	h	hî
taiwanese-basic:1546	initials	h	hî
taiwanese-basic:4429	full	hichhi	hî-chhì
taiwanese-basic:4429	prefix	hic	hî-chhì
taiwanese-basic:4429	initials	hc	hî-chhì
taiwanese-basic:4430	full	hisit	hî-si̍t
taiwanese-basic:4430	prefix	his	hî-si̍t
taiwanese-basic:4430	initials	hs	hî-si̍t
taiwanese-basic:1552	full	hiti	hî-tî
taiwanese-basic:1552	prefix	hi	hî-tî
taiwanese-basic:1552	initials	ht	hî-tî
taiwanese-basic:1108	full	hitiechiuui	hî-tî ê chiu-ûi
taiwanese-basic:1108	prefix	hitiec	hî-tî ê chiu-ûi
taiwanese-basic:1108	initials	htecu	hî-tî ê chiu-ûi
taiwanese-basic:1546	full	hia	hî-á
taiwanese-basic:1546	prefix	hi	hî-á
taiwanese-basic:1546	initials	ha	hî-á
taiwanese-basic:1594	full	him	hîm
taiwanese-basic:1594	prefix	hi	hîm
taiwanese-basic:1594	initials	h	hîm
taiwanese-basic:1596	full	hin	hîn
taiwanese-basic:1596	prefix	hi	hîn
taiwanese-basic:1596	initials	h	hîn
taiwanese-basic:1597	full	hinchun	hîn-chûn
taiwanese-basic:1597	prefix	hinc	hîn-chûn
taiwanese-basic:1597	initials	hc	hîn-chûn
taiwanese-basic:1671	full	hoahak	hòa-ha̍k
taiwanese-basic:1671	prefix	hoa	hòa-ha̍k
taiwanese-basic:1671	initials	hh	hòa-ha̍k
taiwanese-basic:1715	full	hoe	hòe
taiwanese-basic:1715	prefix	ho	hòe
taiwanese-basic:1715	initials	h	hòe
taiwanese-basic:1719	full	hoebut	hòe-bu̍t
taiwanese-basic:1719	prefix	hoe	hòe-bu̍t
taiwanese-basic:1719	initials	hb	hòe-bu̍t
taiwanese-basic:1739	full	hoebutchhia	hòe-bût-chhia
taiwanese-basic:1739	prefix	hoebut	hòe-bût-chhia
taiwanese-basic:1739	initials	hbc	hòe-bût-chhia
taiwanese-basic:1737	full	hoepe	hòe-pè
taiwanese-basic:1737	prefix	hoe	hòe-pè
taiwanese-basic:1737	initials	hp	hòe-pè
taiwanese-basic:1752	full	hoesiu	hòe-siū
taiwanese-basic:1752	prefix	hoe	hòe-siū
taiwanese-basic:1752	initials	hs	hòe-siū
taiwanese-basic:1784	full	hongka	hòng-ká
taiwanese-basic:1784	prefix	hon	hòng-ká
taiwanese-basic:1784	initials	hk	hòng-ká
taiwanese-basic:1796	full	hongtoa	hòng-tōa
taiwanese-basic:1796	prefix	hong	hòng-tōa
taiwanese-basic:1796	initials	ht	hòng-tōa
taiwanese-basic:1666	full	honn	hòⁿ
taiwanese-basic:1666	prefix	ho	hòⁿ
taiwanese-basic:1666	initials	h	hòⁿ
taiwanese-basic:1668	full	honnki	hòⁿ-kî
taiwanese-basic:1668	prefix	hon	hòⁿ-kî
taiwanese-basic:1668	initials	hk	hòⁿ-kî
taiwanese-basic:1667	full	honnsek	hòⁿ-sek
taiwanese-basic:1667	prefix	honn	hòⁿ-sek
taiwanese-basic:1667	initials	hs	hòⁿ-sek
taiwanese-basic:1617	full	ho	hó
taiwanese-basic:1617	prefix	h	hó
taiwanese-basic:1617	initials	h	hó
taiwanese-basic:943	full	hochiah	hó chia̍h
taiwanese-basic:943	prefix	hoch	hó chia̍h
taiwanese-basic:943	initials	hc	hó chia̍h
taiwanese-basic:942	full	hochiahmih	hó chia̍h-mi̍h
taiwanese-basic:942	prefix	hochi	hó chia̍h-mi̍h
taiwanese-basic:942	initials	hcm	hó chia̍h-mi̍h
taiwanese-basic:2680	full	hokhoanthai	hó khoán-thāi
taiwanese-basic:2680	prefix	hokhoa	hó khoán-thāi
taiwanese-basic:2680	initials	hkt	hó khoán-thāi
taiwanese-basic:3775	full	hophinheng	hó phín-hēng
taiwanese-basic:3775	prefix	hophi	hó phín-hēng
taiwanese-basic:3775	initials	hph	hó phín-hēng
taiwanese-basic:4095	full	hose	hó sè
taiwanese-basic:4095	prefix	ho	hó sè
taiwanese-basic:4095	initials	hs	hó sè
taiwanese-basic:4145	full	hosengte	hó sèng-tē
taiwanese-basic:4145	prefix	hose	hó sèng-tē
taiwanese-basic:4145	initials	hst	hó sèng-tē
taiwanese-basic:4857	full	hothiann	hó thiaⁿ
taiwanese-basic:4857	prefix	hoth	hó thiaⁿ
taiwanese-basic:4857	initials	ht	hó thiaⁿ
taiwanese-basic:4846	full	hothinn	hó thiⁿ
taiwanese-basic:4846	prefix	hoth	hó thiⁿ
taiwanese-basic:4846	initials	ht	hó thiⁿ
taiwanese-basic:4519	full	hotann	hó táⁿ
taiwanese-basic:4519	prefix	hot	hó táⁿ
taiwanese-basic:4519	initials	ht	hó táⁿ
taiwanese-basic:1638	full	hobo	hó--bô
taiwanese-basic:1638	prefix	ho	hó--bô
taiwanese-basic:1638	initials	hb	hó--bô
taiwanese-basic:1645	full	hochhittho	hó-chhit-thô
taiwanese-basic:1645	prefix	hochh	hó-chhit-thô
taiwanese-basic:1645	initials	hct	hó-chhit-thô
taiwanese-basic:1621	full	hochhio	hó-chhiò
taiwanese-basic:1621	prefix	hoch	hó-chhiò
taiwanese-basic:1621	initials	hc	hó-chhiò
taiwanese-basic:1634	full	hochhiunn	hó-chhiùⁿ
taiwanese-basic:1634	prefix	hochh	hó-chhiùⁿ
taiwanese-basic:1634	initials	hc	hó-chhiùⁿ
taiwanese-basic:1632	full	hochheng	hó-chhēng
taiwanese-basic:1632	prefix	hoch	hó-chhēng
taiwanese-basic:1632	initials	hc	hó-chhēng
taiwanese-basic:1618	full	hochiah	hó-chia̍h
taiwanese-basic:1618	prefix	hoch	hó-chia̍h
taiwanese-basic:1618	initials	hc	hó-chia̍h
taiwanese-basic:1630	full	hochai	hó-chài
taiwanese-basic:1630	prefix	hoc	hó-chài
taiwanese-basic:1630	initials	hc	hó-chài
taiwanese-basic:1622	full	hoche	hó-chē
taiwanese-basic:1622	prefix	hoc	hó-chē
taiwanese-basic:1622	initials	hc	hó-chē
taiwanese-basic:1642	full	hogiah	hó-gia̍h
taiwanese-basic:1642	prefix	hog	hó-gia̍h
taiwanese-basic:1642	initials	hg	hó-gia̍h
taiwanese-basic:1643	full	hogiahlang	hó-gia̍h-lâng
taiwanese-basic:1643	prefix	hogia	hó-gia̍h-lâng
taiwanese-basic:1643	initials	hgl	hó-gia̍h-lâng
taiwanese-basic:1620	full	hokhoann	hó-khòaⁿ
taiwanese-basic:1620	prefix	hokh	hó-khòaⁿ
taiwanese-basic:1620	initials	hk	hó-khòaⁿ
taiwanese-basic:1623	full	hokhun	hó-khùn
taiwanese-basic:1623	prefix	hok	hó-khùn
taiwanese-basic:1623	initials	hk	hó-khùn
taiwanese-basic:1629	full	hokhng	hó-khǹg
taiwanese-basic:1629	prefix	hok	hó-khǹg
taiwanese-basic:1629	initials	hk	hó-khǹg
taiwanese-basic:1625	full	hokong	hó-kóng
taiwanese-basic:1625	prefix	hok	hó-kóng
taiwanese-basic:1625	initials	hk	hó-kóng
taiwanese-basic:1631	full	holiah	hó-lia̍h
taiwanese-basic:1631	prefix	hol	hó-lia̍h
taiwanese-basic:1631	initials	hl	hó-lia̍h
taiwanese-basic:1619	full	holim	hó-lim
taiwanese-basic:1619	prefix	hol	hó-lim
taiwanese-basic:1619	initials	hl	hó-lim
taiwanese-basic:1641	full	homia	hó-miā
taiwanese-basic:1641	prefix	hom	hó-miā
taiwanese-basic:1641	initials	hm	hó-miā
taiwanese-basic:1627	full	hopeh	hó-peh
taiwanese-basic:1627	prefix	hop	hó-peh
taiwanese-basic:1627	initials	hp	hó-peh
taiwanese-basic:4265	full	hosim	hó-sim
taiwanese-basic:4265	prefix	hos	hó-sim
taiwanese-basic:4265	initials	hs	hó-sim
taiwanese-basic:1628	full	hosia	hó-siá
taiwanese-basic:1628	prefix	hos	hó-siá
taiwanese-basic:1628	initials	hs	hó-siá
taiwanese-basic:1640	full	hose	hó-sè
taiwanese-basic:1640	prefix	ho	hó-sè
taiwanese-basic:1640	initials	hs	hó-sè
taiwanese-basic:1626	full	hose	hó-sé
taiwanese-basic:1626	prefix	ho	hó-sé
taiwanese-basic:1626	initials	hs	hó-sé
taiwanese-basic:1637	full	hothak	hó-tha̍k
taiwanese-basic:1637	prefix	hot	hó-tha̍k
taiwanese-basic:1637	initials	ht	hó-tha̍k
taiwanese-basic:1633	full	hothiann	hó-thiaⁿ
taiwanese-basic:1633	prefix	hoth	hó-thiaⁿ
taiwanese-basic:1633	initials	ht	hó-thiaⁿ
taiwanese-basic:1644	full	hotann	hó-táⁿ
taiwanese-basic:1644	prefix	hot	hó-táⁿ
taiwanese-basic:1644	initials	ht	hó-táⁿ
taiwanese-basic:1636	full	hote	hó-té
taiwanese-basic:1636	prefix	ho	hó-té
taiwanese-basic:1636	initials	ht	hó-té
taiwanese-basic:1635	full	hote	hó-tē
taiwanese-basic:1635	prefix	ho	hó-tē
taiwanese-basic:1635	initials	ht	hó-tē
taiwanese-basic:1639	full	hoi	hó-ì
taiwanese-basic:1639	prefix	ho	hó-ì
taiwanese-basic:1639	initials	hi	hó-ì
taiwanese-basic:1624	full	hoeng	hó-ēng
taiwanese-basic:1624	prefix	hoe	hó-ēng
taiwanese-basic:1624	initials	he	hó-ēng
taiwanese-basic:5411	full	houn	hó-ūn
taiwanese-basic:5411	prefix	ho	hó-ūn
taiwanese-basic:5411	initials	hu	hó-ūn
taiwanese-basic:1740	full	hoe	hóe
taiwanese-basic:1740	prefix	ho	hóe
taiwanese-basic:1740	initials	h	hóe
taiwanese-basic:1924	full	hoechiniam	hóe chin iām
taiwanese-basic:1924	prefix	hoech	hóe chin iām
taiwanese-basic:1924	initials	hci	hóe chin iām
taiwanese-basic:1743	full	hoesiochhu	hóe sio chhù
taiwanese-basic:1743	prefix	hoesi	hóe sio chhù
taiwanese-basic:1743	initials	hsc	hóe sio chhù
taiwanese-basic:1717	full	hoechhia	hóe-chhia
taiwanese-basic:1717	prefix	hoec	hóe-chhia
taiwanese-basic:1717	initials	hc	hóe-chhia
taiwanese-basic:3949	full	hoechhiapoahlohbe	hóe-chhia poa̍h-lo̍h-bé
taiwanese-basic:3949	prefix	hoechhiap	hóe-chhia poa̍h-lo̍h-bé
taiwanese-basic:3949	initials	hcplb	hóe-chhia poa̍h-lo̍h-bé
taiwanese-basic:1718	full	hoechhiathau	hóe-chhia-thâu
taiwanese-basic:1718	prefix	hoechh	hóe-chhia-thâu
taiwanese-basic:1718	initials	hct	hóe-chhia-thâu
taiwanese-basic:1746	full	hoechhinn	hóe-chhiⁿ
taiwanese-basic:1746	prefix	hoech	hóe-chhiⁿ
taiwanese-basic:1746	initials	hc	hóe-chhiⁿ
taiwanese-basic:1745	full	hoechih	hóe-chi̍h
taiwanese-basic:1745	prefix	hoec	hóe-chi̍h
taiwanese-basic:1745	initials	hc	hóe-chi̍h
taiwanese-basic:1744	full	hoehu	hóe-hu
taiwanese-basic:1744	prefix	hoe	hóe-hu
taiwanese-basic:1744	initials	hh	hóe-hu
taiwanese-basic:1748	full	hoeiu	hóe-iû
taiwanese-basic:1748	prefix	hoe	hóe-iû
taiwanese-basic:1748	initials	hi	hóe-iû
taiwanese-basic:1716	full	hoeke	hóe-ke
taiwanese-basic:1716	prefix	hoe	hóe-ke
taiwanese-basic:1716	initials	hk	hóe-ke
taiwanese-basic:3552	full	hoekenng	hóe-ke-nn̄g
taiwanese-basic:3552	prefix	hoek	hóe-ke-nn̄g
taiwanese-basic:3552	initials	hkn	hóe-ke-nn̄g
taiwanese-basic:1746	full	hoesai	hóe-sái
taiwanese-basic:1746	prefix	hoe	hóe-sái
taiwanese-basic:1746	initials	hs	hóe-sái
taiwanese-basic:1749	full	hoethoann	hóe-thòaⁿ
taiwanese-basic:1749	prefix	hoeth	hóe-thòaⁿ
taiwanese-basic:1749	initials	ht	hóe-thòaⁿ
taiwanese-basic:4999	full	hoethui	hóe-thúi
taiwanese-basic:4999	prefix	hoet	hóe-thúi
taiwanese-basic:4999	initials	ht	hóe-thúi
taiwanese-basic:1779	full	hongbun	hóng-būn
taiwanese-basic:1779	prefix	hong	hóng-būn
taiwanese-basic:1779	initials	hb	hóng-būn
taiwanese-basic:1661	full	hoo	hó͘
taiwanese-basic:1661	prefix	ho	hó͘
taiwanese-basic:1661	initials	h	hó͘
taiwanese-basic:1647	full	hoho	hô-hó
taiwanese-basic:1647	prefix	ho	hô-hó
taiwanese-basic:1647	initials	hh	hô-hó
taiwanese-basic:1646	full	hopheng	hô-phêng
taiwanese-basic:1646	prefix	hoph	hô-phêng
taiwanese-basic:1646	initials	hp	hô-phêng
taiwanese-basic:1646	full	hopeng	hô-pêng
taiwanese-basic:1646	prefix	hop	hô-pêng
taiwanese-basic:1646	initials	hp	hô-pêng
taiwanese-basic:2304	full	hopenghoegi	hô-pêng hoe-gī
taiwanese-basic:2304	prefix	hopeng	hô-pêng hoe-gī
taiwanese-basic:2304	initials	hphg	hô-pêng hoe-gī
taiwanese-basic:1677	full	hoann	hôaⁿ
taiwanese-basic:1677	prefix	hoa	hôaⁿ
taiwanese-basic:1677	initials	h	hôaⁿ
taiwanese-basic:1747	full	hoe	hôe
taiwanese-basic:1747	prefix	ho	hôe
taiwanese-basic:1747	initials	h	hôe
taiwanese-basic:1756	full	hoesiunn	hôe-siūⁿ
taiwanese-basic:1756	prefix	hoes	hôe-siūⁿ
taiwanese-basic:1756	initials	hs	hôe-siūⁿ
taiwanese-basic:1757	full	hoesiunnsi	hôe-siūⁿ-sī
taiwanese-basic:1757	prefix	hoesi	hôe-siūⁿ-sī
taiwanese-basic:1757	initials	hss	hôe-siūⁿ-sī
taiwanese-basic:1755	full	hoeoe	hôe-ōe
taiwanese-basic:1755	prefix	hoe	hôe-ōe
taiwanese-basic:1755	initials	ho	hôe-ōe
taiwanese-basic:5331	full	hongkhongtong	hông khong tōng
taiwanese-basic:5331	prefix	hongkho	hông khong tōng
taiwanese-basic:5331	initials	hkt	hông khong tōng
taiwanese-basic:1797	full	honghio	hông-hiō
taiwanese-basic:1797	prefix	hong	hông-hiō
taiwanese-basic:1797	initials	hh	hông-hiō
taiwanese-basic:1797	full	honghoo	hông-hō͘
taiwanese-basic:1797	prefix	hong	hông-hō͘
taiwanese-basic:1797	initials	hh	hông-hō͘
taiwanese-basic:1786	full	hongkhongpian	hông-khong piān
taiwanese-basic:1786	prefix	hongkho	hông-khong piān
taiwanese-basic:1786	initials	hkp	hông-khong piān
taiwanese-basic:1800	full	hongkhongtong	hông-khong-tōng
taiwanese-basic:1800	prefix	hongkho	hông-khong-tōng
taiwanese-basic:1800	initials	hkt	hông-khong-tōng
taiwanese-basic:1791	full	hongte	hông-tè
taiwanese-basic:1791	prefix	hon	hông-tè
taiwanese-basic:1791	initials	ht	hông-tè
taiwanese-basic:1797	full	hongteniu	hông-tè-niû
taiwanese-basic:1797	prefix	hongt	hông-tè-niû
taiwanese-basic:1797	initials	htn	hông-tè-niû
taiwanese-basic:1664	full	hoochhiu	hô͘-chhiu
taiwanese-basic:1664	prefix	hooc	hô͘-chhiu
taiwanese-basic:1664	initials	hc	hô͘-chhiu
taiwanese-basic:1659	full	hoochio	hô͘-chio
taiwanese-basic:1659	prefix	hooc	hô͘-chio
taiwanese-basic:1659	initials	hc	hô͘-chio
taiwanese-basic:1658	full	hoosin	hô͘-sîn
taiwanese-basic:1658	prefix	hoo	hô͘-sîn
taiwanese-basic:1658	initials	hs	hô͘-sîn
taiwanese-basic:1806	full	hu	hù
taiwanese-basic:1806	prefix	h	hù
taiwanese-basic:1806	initials	h	hù
taiwanese-basic:1810	full	huchongthong	hù chóng-thóng
taiwanese-basic:1810	prefix	huchon	hù chóng-thóng
taiwanese-basic:1810	initials	hct	hù chóng-thóng
taiwanese-basic:1808	full	huhoe	hù hōe
taiwanese-basic:1808	prefix	huh	hù hōe
taiwanese-basic:1808	initials	hh	hù hōe
taiwanese-basic:1811	full	huhoetiunn	hù hōe-tiúⁿ
taiwanese-basic:1811	prefix	huhoe	hù hōe-tiúⁿ
taiwanese-basic:1811	initials	hht	hù hōe-tiúⁿ
taiwanese-basic:1807	full	husikan	hù sî-kan
taiwanese-basic:1807	prefix	husi	hù sî-kan
taiwanese-basic:1807	initials	hsk	hù sî-kan
taiwanese-basic:1813	full	husanbut	hù-sán-bu̍t
taiwanese-basic:1813	prefix	husa	hù-sán-bu̍t
taiwanese-basic:1813	initials	hsb	hù-sán-bu̍t
taiwanese-basic:1812	full	husu	hù-sû
taiwanese-basic:1812	prefix	hu	hù-sû
taiwanese-basic:1812	initials	hs	hù-sû
taiwanese-basic:1825	full	huiiam	hùi-iām
taiwanese-basic:1825	prefix	hui	hùi-iām
taiwanese-basic:1825	initials	hi	hùi-iām
taiwanese-basic:1818	full	huikhi	hùi-khì
taiwanese-basic:1818	prefix	hui	hùi-khì
taiwanese-basic:1818	initials	hk	hùi-khì
taiwanese-basic:1824	full	huipinn	hùi-pīⁿ
taiwanese-basic:1824	prefix	huip	hùi-pīⁿ
taiwanese-basic:1824	initials	hp	hùi-pīⁿ
taiwanese-basic:1820	full	huisin	hùi-sîn
taiwanese-basic:1820	prefix	hui	hùi-sîn
taiwanese-basic:1820	initials	hs	hùi-sîn
taiwanese-basic:1853	full	hunlian	hùn-liān
taiwanese-basic:1853	prefix	hunl	hùn-liān
taiwanese-basic:1853	initials	hl	hùn-liān
taiwanese-basic:1816	full	huipong	húi-pòng
taiwanese-basic:1816	prefix	huip	húi-pòng
taiwanese-basic:1816	initials	hp	húi-pòng
taiwanese-basic:1835	full	hun	hún
taiwanese-basic:1835	prefix	hu	hún
taiwanese-basic:1835	initials	h	hún
taiwanese-basic:1850	full	hunchiau	hún-chiáu
taiwanese-basic:1850	prefix	hunc	hún-chiáu
taiwanese-basic:1850	initials	hc	hún-chiáu
taiwanese-basic:1840	full	hunpit	hún-pit
taiwanese-basic:1840	prefix	hun	hún-pit
taiwanese-basic:1840	initials	hp	hún-pit
taiwanese-basic:1819	full	hui	hûi
taiwanese-basic:1819	prefix	hu	hûi
taiwanese-basic:1819	initials	h	hûi
taiwanese-basic:1833	full	hun	hûn
taiwanese-basic:1833	prefix	hu	hûn
taiwanese-basic:1833	initials	h	hûn
taiwanese-basic:1834	full	hunhai	hûn-hái
taiwanese-basic:1834	prefix	hun	hûn-hái
taiwanese-basic:1834	initials	hh	hûn-hái
taiwanese-basic:2962	full	hunlimkoan	hûn-lîm koān
taiwanese-basic:2962	prefix	hunli	hûn-lîm koān
taiwanese-basic:2962	initials	hlk	hûn-lîm koān
taiwanese-basic:1492	full	hahakki	hā ha̍k-kî
taiwanese-basic:1492	prefix	haha	hā ha̍k-kî
taiwanese-basic:1492	initials	hhk	hā ha̍k-kî
taiwanese-basic:1464	full	hai	hāi
taiwanese-basic:1464	prefix	ha	hāi
taiwanese-basic:1464	initials	h	hāi
taiwanese-basic:1463	full	haikhi	hāi--khì
taiwanese-basic:1463	prefix	hai	hāi--khì
taiwanese-basic:1463	initials	hk	hāi--khì
taiwanese-basic:1515	full	hang	hāng
taiwanese-basic:1515	prefix	ha	hāng
taiwanese-basic:1515	initials	h	hāng
taiwanese-basic:1524	full	hauiuhoe	hāu-iú-hōe
taiwanese-basic:1524	prefix	haui	hāu-iú-hōe
taiwanese-basic:1524	initials	hih	hāu-iú-hōe
taiwanese-basic:1523	full	haukang	hāu-kang
taiwanese-basic:1523	prefix	hauk	hāu-kang
taiwanese-basic:1523	initials	hk	hāu-kang
taiwanese-basic:1525	full	haukoa	hāu-koa
taiwanese-basic:1525	prefix	hau	hāu-koa
taiwanese-basic:1525	initials	hk	hāu-koa
taiwanese-basic:1529	full	hauko	hāu-kó
taiwanese-basic:1529	prefix	hau	hāu-kó
taiwanese-basic:1529	initials	hk	hāu-kó
taiwanese-basic:1534	full	hausenn	hāu-seⁿ
taiwanese-basic:1534	prefix	haus	hāu-seⁿ
taiwanese-basic:1534	initials	hs	hāu-seⁿ
taiwanese-basic:1534	full	hausinn	hāu-siⁿ
taiwanese-basic:1534	prefix	haus	hāu-siⁿ
taiwanese-basic:1534	initials	hs	hāu-siⁿ
taiwanese-basic:1526	full	hautiann	hāu-tiâⁿ
taiwanese-basic:1526	prefix	haut	hāu-tiâⁿ
taiwanese-basic:1526	initials	ht	hāu-tiâⁿ
taiwanese-basic:1522	full	hautiunn	hāu-tiúⁿ
taiwanese-basic:1522	prefix	haut	hāu-tiúⁿ
taiwanese-basic:1522	initials	ht	hāu-tiúⁿ
taiwanese-basic:1535	full	he	hē
taiwanese-basic:1535	prefix	h	hē
taiwanese-basic:1535	initials	h	hē
taiwanese-basic:1536	full	hethinn	hē-thiⁿ
taiwanese-basic:1536	prefix	heth	hē-thiⁿ
taiwanese-basic:1536	initials	ht	hē-thiⁿ
taiwanese-basic:1598	full	hin	hīn
taiwanese-basic:1598	prefix	hi	hīn
taiwanese-basic:1598	initials	h	hīn
taiwanese-basic:2513	full	hinnkhang	hīⁿ khang
taiwanese-basic:2513	prefix	hinnk	hīⁿ khang
taiwanese-basic:2513	initials	hk	hīⁿ khang
taiwanese-basic:1561	full	hinnkhang	hīⁿ-khang
taiwanese-basic:1561	prefix	hinnk	hīⁿ-khang
taiwanese-basic:1561	initials	hk	hīⁿ-khang
taiwanese-basic:1562	full	hinnsai	hīⁿ-sái
taiwanese-basic:1562	prefix	hinn	hīⁿ-sái
taiwanese-basic:1562	initials	hs	hīⁿ-sái
taiwanese-basic:1559	full	hinna	hīⁿ-á
taiwanese-basic:1559	prefix	hin	hīⁿ-á
taiwanese-basic:1559	initials	ha	hīⁿ-á
taiwanese-basic:1657	full	hocho	hō-chò
taiwanese-basic:1657	prefix	hoc	hō-chò
taiwanese-basic:1657	initials	hc	hō-chò
taiwanese-basic:1676	full	hoann	hōaⁿ
taiwanese-basic:1676	prefix	hoa	hōaⁿ
taiwanese-basic:1676	initials	h	hōaⁿ
taiwanese-basic:1728	full	hoe	hōe
taiwanese-basic:1728	prefix	ho	hōe
taiwanese-basic:1728	initials	h	hōe
taiwanese-basic:1734	full	hoegi	hōe-gī
taiwanese-basic:1734	prefix	hoe	hōe-gī
taiwanese-basic:1734	initials	hg	hōe-gī
taiwanese-basic:1735	full	hoehui	hōe-hùi
taiwanese-basic:1735	prefix	hoe	hōe-hùi
taiwanese-basic:1735	initials	hh	hōe-hùi
taiwanese-basic:1736	full	hoeke	hōe-kè
taiwanese-basic:1736	prefix	hoe	hōe-kè
taiwanese-basic:1736	initials	hk	hōe-kè
taiwanese-basic:1731	full	hoeoan	hōe-oân
taiwanese-basic:1731	prefix	hoe	hōe-oân
taiwanese-basic:1731	initials	ho	hōe-oân
taiwanese-basic:1738	full	hoephio	hōe-phiò
taiwanese-basic:1738	prefix	hoep	hōe-phiò
taiwanese-basic:1738	initials	hp	hōe-phiò
taiwanese-basic:4184	full	hoesia	hōe-siā
taiwanese-basic:4184	prefix	hoe	hōe-siā
taiwanese-basic:4184	initials	hs	hōe-siā
taiwanese-basic:1733	full	hoetiunn	hōe-tiúⁿ
taiwanese-basic:1733	prefix	hoet	hōe-tiúⁿ
taiwanese-basic:1733	initials	ht	hōe-tiúⁿ
taiwanese-basic:1732	full	hoetiunn	hōe-tiûⁿ
taiwanese-basic:1732	prefix	hoet	hōe-tiûⁿ
taiwanese-basic:1732	initials	ht	hōe-tiûⁿ
taiwanese-basic:1738	full	hoetoann	hōe-toaⁿ
taiwanese-basic:1738	prefix	hoet	hōe-toaⁿ
taiwanese-basic:1738	initials	ht	hōe-toaⁿ
taiwanese-basic:1777	full	hongkau	hōng-kàu
taiwanese-basic:1777	prefix	hong	hōng-kàu
taiwanese-basic:1777	initials	hk	hōng-kàu
taiwanese-basic:1778	full	hongkaulang	hōng-kàu-lâng
taiwanese-basic:1778	prefix	hongka	hōng-kàu-lâng
taiwanese-basic:1778	initials	hkl	hōng-kàu-lâng
taiwanese-basic:240	full	honglaibi	hōng-lâi-bí
taiwanese-basic:240	prefix	hongl	hōng-lâi-bí
taiwanese-basic:240	initials	hlb	hōng-lâi-bí
taiwanese-basic:1648	full	hoo	hō͘
taiwanese-basic:1648	prefix	ho	hō͘
taiwanese-basic:1648	initials	h	hō͘
taiwanese-basic:2414	full	hoochuikeksi	hō͘ chúi kek--sí
taiwanese-basic:2414	prefix	hoochu	hō͘ chúi kek--sí
taiwanese-basic:2414	initials	hcks	hō͘ chúi kek--sí
taiwanese-basic:4879	full	hoogoathianntioh	hō͘ góa thiaⁿ-tio̍h
taiwanese-basic:4879	prefix	hoogoath	hō͘ góa thiaⁿ-tio̍h
taiwanese-basic:4879	initials	hgtt	hō͘ góa thiaⁿ-tio̍h
taiwanese-basic:2255	full	hoolangkamhoa	hō͘ lâng kám-hòa
taiwanese-basic:2255	prefix	hoolang	hō͘ lâng kám-hòa
taiwanese-basic:2255	initials	hlkh	hō͘ lâng kám-hòa
taiwanese-basic:1044	full	hoolangchio	hō͘ lâng-chio
taiwanese-basic:1044	prefix	hoolan	hō͘ lâng-chio
taiwanese-basic:1044	initials	hlc	hō͘ lâng-chio
taiwanese-basic:599	full	hoolichochhamkho	hō͘ lí chò chham-khó
taiwanese-basic:599	prefix	hoolicho	hō͘ lí chò chham-khó
taiwanese-basic:599	initials	hlcck	hō͘ lí chò chham-khó
taiwanese-basic:2000	full	hooliioh	hō͘ lí ioh
taiwanese-basic:2000	prefix	hool	hō͘ lí ioh
taiwanese-basic:2000	initials	hli	hō͘ lí ioh
taiwanese-basic:2415	full	hoooasukeksi	hō͘ óa-su kek--sí
taiwanese-basic:2415	prefix	hoooas	hō͘ óa-su kek--sí
taiwanese-basic:2415	initials	hosks	hō͘ óa-su kek--sí
taiwanese-basic:1663	full	hoochio	hō͘-chiò
taiwanese-basic:1663	prefix	hooc	hō͘-chiò
taiwanese-basic:1663	initials	hc	hō͘-chiò
taiwanese-basic:1653	full	hooi	hō͘-i
taiwanese-basic:1653	prefix	ho	hō͘-i
taiwanese-basic:1653	initials	hi	hō͘-i
taiwanese-basic:1665	full	hoosapa	hō͘-sap-á
taiwanese-basic:1665	prefix	hoos	hō͘-sap-á
taiwanese-basic:1665	initials	hsa	hō͘-sap-á
taiwanese-basic:1653	full	hoosann	hō͘-saⁿ
taiwanese-basic:1653	prefix	hoos	hō͘-saⁿ
taiwanese-basic:1653	initials	hs	hō͘-saⁿ
taiwanese-basic:1652	full	hoosoann	hō͘-sòaⁿ
taiwanese-basic:1652	prefix	hoos	hō͘-sòaⁿ
taiwanese-basic:1652	initials	hs	hō͘-sòaⁿ
taiwanese-basic:1660	full	hoosu	hō͘-sū
taiwanese-basic:1660	prefix	hoo	hō͘-sū
taiwanese-basic:1660	initials	hs	hō͘-sū
taiwanese-basic:1804	full	hubio	hū-bió
taiwanese-basic:1804	prefix	hub	hū-bió
taiwanese-basic:1804	initials	hb	hū-bió
taiwanese-basic:517	full	huche	hū-chè
taiwanese-basic:517	prefix	huc	hū-chè
taiwanese-basic:517	initials	hc	hū-chè
taiwanese-basic:1803	full	hujinlang	hū-jîn-lâng
taiwanese-basic:1803	prefix	hujin	hū-jîn-lâng
taiwanese-basic:1803	initials	hjl	hū-jîn-lâng
taiwanese-basic:1831	full	hun	hūn
taiwanese-basic:1831	prefix	hu	hūn
taiwanese-basic:1831	initials	h	hūn
taiwanese-basic:1859	full	i	i
taiwanese-basic:1859	prefix	i	i
taiwanese-basic:1859	initials	i	i
taiwanese-basic:1878	full	ihok	i-ho̍k
taiwanese-basic:1878	prefix	ih	i-ho̍k
taiwanese-basic:1878	initials	ih	i-ho̍k
taiwanese-basic:1877	full	inai	i-nāi
taiwanese-basic:1877	prefix	in	i-nāi
taiwanese-basic:1877	initials	in	i-nāi
taiwanese-basic:1862	full	iseng	i-seng
taiwanese-basic:1862	prefix	ise	i-seng
taiwanese-basic:1862	initials	is	i-seng
taiwanese-basic:1914	full	iah	iah
taiwanese-basic:1914	prefix	ia	iah
taiwanese-basic:1914	initials	i	iah
taiwanese-basic:1915	full	iahsih	iah-sih
taiwanese-basic:1915	prefix	iah	iah-sih
taiwanese-basic:1915	initials	is	iah-sih
taiwanese-basic:1919	full	iam	iam
taiwanese-basic:1919	prefix	ia	iam
taiwanese-basic:1919	initials	i	iam
taiwanese-basic:1920	full	iamke	iam-ke
taiwanese-basic:1920	prefix	iam	iam-ke
taiwanese-basic:1920	initials	ik	iam-ke
taiwanese-basic:1933	full	ian	ian
taiwanese-basic:1933	prefix	ia	ian
taiwanese-basic:1933	initials	i	ian
taiwanese-basic:1938	full	ianbah	ian-bah
taiwanese-basic:1938	prefix	ian	ian-bah
taiwanese-basic:1938	initials	ib	ian-bah
taiwanese-basic:1937	full	ianchhiang	ian-chhiâng
taiwanese-basic:1937	prefix	ianch	ian-chhiâng
taiwanese-basic:1937	initials	ic	ian-chhiâng
taiwanese-basic:1935	full	ianhoe	ian-hóe
taiwanese-basic:1935	prefix	ian	ian-hóe
taiwanese-basic:1935	initials	ih	ian-hóe
taiwanese-basic:1934	full	iantang	ian-tâng
taiwanese-basic:1934	prefix	iant	ian-tâng
taiwanese-basic:1934	initials	it	ian-tâng
taiwanese-basic:1953	full	iau	iau
taiwanese-basic:1953	prefix	ia	iau
taiwanese-basic:1953	initials	i	iau
taiwanese-basic:1958	full	iaukoai	iau-koài
taiwanese-basic:1958	prefix	iauk	iau-koài
taiwanese-basic:1958	initials	ik	iau-koài
taiwanese-basic:1954	full	iaukui	iau-kúi
taiwanese-basic:1954	prefix	iau	iau-kúi
taiwanese-basic:1954	initials	ik	iau-kúi
taiwanese-basic:1967	full	iausut	iau-su̍t
taiwanese-basic:1967	prefix	iau	iau-su̍t
taiwanese-basic:1967	initials	is	iau-su̍t
taiwanese-basic:1955	full	iausi	iau-sí
taiwanese-basic:1955	prefix	iau	iau-sí
taiwanese-basic:1955	initials	is	iau-sí
taiwanese-basic:1916	full	iah	ia̍h
taiwanese-basic:1916	prefix	ia	ia̍h
taiwanese-basic:1916	initials	i	ia̍h
taiwanese-basic:1893	full	ianna	iaⁿ-á
taiwanese-basic:1893	prefix	ian	iaⁿ-á
taiwanese-basic:1893	initials	ia	iaⁿ-á
taiwanese-basic:4192	full	im	im
taiwanese-basic:4192	prefix	i	im
taiwanese-basic:4192	initials	i	im
taiwanese-basic:1974	full	imbio	im-biô
taiwanese-basic:1974	prefix	imb	im-biô
taiwanese-basic:1974	initials	ib	im-biô
taiwanese-basic:1974	full	imboo	im-bô͘
taiwanese-basic:1974	prefix	imb	im-bô͘
taiwanese-basic:1974	initials	ib	im-bô͘
taiwanese-basic:1970	full	imchui	im-chúi
taiwanese-basic:1970	prefix	imc	im-chúi
taiwanese-basic:1970	initials	ic	im-chúi
taiwanese-basic:1968	full	imgak	im-ga̍k
taiwanese-basic:1968	prefix	img	im-ga̍k
taiwanese-basic:1968	initials	ig	im-ga̍k
taiwanese-basic:1969	full	imgakhoe	im-ga̍k-hōe
taiwanese-basic:1969	prefix	imga	im-ga̍k-hōe
taiwanese-basic:1969	initials	igh	im-ga̍k-hōe
taiwanese-basic:5363	full	imgaktui	im-ga̍k-tūi
taiwanese-basic:5363	prefix	imga	im-ga̍k-tūi
taiwanese-basic:5363	initials	igt	im-ga̍k-tūi
taiwanese-basic:1971	full	imlek	im-le̍k
taiwanese-basic:1971	prefix	iml	im-le̍k
taiwanese-basic:1971	initials	il	im-le̍k
taiwanese-basic:1972	full	imtek	im-tek
taiwanese-basic:1972	prefix	imt	im-tek
taiwanese-basic:1972	initials	it	im-tek
taiwanese-basic:1973	full	imthinn	im-thiⁿ
taiwanese-basic:1973	prefix	imth	im-thiⁿ
taiwanese-basic:1973	initials	it	im-thiⁿ
taiwanese-basic:1977	full	inian	in-iân
taiwanese-basic:1977	prefix	ini	in-iân
taiwanese-basic:1977	initials	ii	in-iân
taiwanese-basic:1976	full	inui	in-ūi
taiwanese-basic:1976	prefix	in	in-ūi
taiwanese-basic:1976	initials	iu	in-ūi
taiwanese-basic:1995	full	io	io
taiwanese-basic:1995	prefix	i	io
taiwanese-basic:1995	initials	i	io
taiwanese-basic:1998	full	iochiahkutchinsng	io-chiah kut chin sng
taiwanese-basic:1998	prefix	iochiahku	io-chiah kut chin sng
taiwanese-basic:1998	initials	ickcs	io-chiah kut chin sng
taiwanese-basic:1997	full	iochiahkut	io-chiah-kut
taiwanese-basic:1997	prefix	iochi	io-chiah-kut
taiwanese-basic:1997	initials	ick	io-chiah-kut
taiwanese-basic:1999	full	ioh	ioh
taiwanese-basic:1999	prefix	io	ioh
taiwanese-basic:1999	initials	i	ioh
taiwanese-basic:2009	full	ioksok	iok-sok
taiwanese-basic:2009	prefix	iok	iok-sok
taiwanese-basic:2009	initials	is	iok-sok
taiwanese-basic:2008	full	iohchesu	io̍h-chè-su
taiwanese-basic:2008	prefix	iohc	io̍h-chè-su
taiwanese-basic:2008	initials	ics	io̍h-chè-su
taiwanese-basic:2003	full	iohchui	io̍h-chúi
taiwanese-basic:2003	prefix	iohc	io̍h-chúi
taiwanese-basic:2003	initials	ic	io̍h-chúi
taiwanese-basic:2004	full	iohhun	io̍h-hún
taiwanese-basic:2004	prefix	ioh	io̍h-hún
taiwanese-basic:2004	initials	ih	io̍h-hún
taiwanese-basic:2006	full	iohko	io̍h-ko
taiwanese-basic:2006	prefix	ioh	io̍h-ko
taiwanese-basic:2006	initials	ik	io̍h-ko
taiwanese-basic:2005	full	iohoan	io̍h-oân
taiwanese-basic:2005	prefix	ioh	io̍h-oân
taiwanese-basic:2005	initials	io	io̍h-oân
taiwanese-basic:2007	full	iohtiam	io̍h-tiàm
taiwanese-basic:2007	prefix	ioht	io̍h-tiàm
taiwanese-basic:2007	initials	it	io̍h-tiàm
taiwanese-basic:2001	full	ioha	io̍h-á
taiwanese-basic:2001	prefix	io	io̍h-á
taiwanese-basic:2001	initials	ia	io̍h-á
taiwanese-basic:2007	full	iohatiam	io̍h-á-tiàm
taiwanese-basic:2007	prefix	ioha	io̍h-á-tiàm
taiwanese-basic:2007	initials	iat	io̍h-á-tiàm
taiwanese-basic:1963	full	isusai	isù-sài
taiwanese-basic:1963	prefix	isu	isù-sài
taiwanese-basic:1963	initials	is	isù-sài
taiwanese-basic:2043	full	itbokliaujian	it-bo̍k liáu-jiân
taiwanese-basic:2043	prefix	itbokli	it-bo̍k liáu-jiân
taiwanese-basic:2043	initials	iblj	it-bo̍k liáu-jiân
taiwanese-basic:2041	full	itchhe	it-chhè
taiwanese-basic:2041	prefix	itc	it-chhè
taiwanese-basic:2041	initials	ic	it-chhè
taiwanese-basic:2042	full	itchheelang	it-chhè ê lâng
taiwanese-basic:2042	prefix	itchhe	it-chhè ê lâng
taiwanese-basic:2042	initials	icel	it-chhè ê lâng
taiwanese-basic:2044	full	itjim	it-jīm
taiwanese-basic:2044	prefix	itj	it-jīm
taiwanese-basic:2044	initials	ij	it-jīm
taiwanese-basic:2045	full	itliu	it-liû
taiwanese-basic:2045	prefix	itl	it-liû
taiwanese-basic:2045	initials	il	it-liû
taiwanese-basic:2038	full	itpoann	it-poaⁿ
taiwanese-basic:2038	prefix	itpo	it-poaⁿ
taiwanese-basic:2038	initials	ip	it-poaⁿ
taiwanese-basic:2040	full	itpoannebinchiong	it-poaⁿ ê bîn-chiòng
taiwanese-basic:2040	prefix	itpoanneb	it-poaⁿ ê bîn-chiòng
taiwanese-basic:2040	initials	ipebc	it-poaⁿ ê bîn-chiòng
taiwanese-basic:2039	full	itpoannelang	it-poaⁿ ê lâng
taiwanese-basic:2039	prefix	itpoan	it-poaⁿ ê lâng
taiwanese-basic:2039	initials	ipel	it-poaⁿ ê lâng
taiwanese-basic:2035	full	itseng	it-seng
taiwanese-basic:2035	prefix	its	it-seng
taiwanese-basic:2035	initials	is	it-seng
taiwanese-basic:2046	full	ittekitsit	it-tek it sit
taiwanese-basic:2046	prefix	ittek	it-tek it sit
taiwanese-basic:2046	initials	itis	it-tek it sit
taiwanese-basic:2036	full	ittit	it-tit
taiwanese-basic:2036	prefix	itt	it-tit
taiwanese-basic:2036	initials	it	it-tit
taiwanese-basic:2037	full	itteng	it-téng
taiwanese-basic:2037	prefix	itt	it-téng
taiwanese-basic:2037	initials	it	it-téng
taiwanese-basic:2034	full	itteng	it-tēng
taiwanese-basic:2034	prefix	itt	it-tēng
taiwanese-basic:2034	initials	it	it-tēng
taiwanese-basic:3403	full	ittengsi	it-tēng sī
taiwanese-basic:3403	prefix	itte	it-tēng sī
taiwanese-basic:3403	initials	its	it-tēng sī
taiwanese-basic:2078	full	iuchhiu	iu-chhiû
taiwanese-basic:2078	prefix	iuch	iu-chhiû
taiwanese-basic:2078	initials	ic	iu-chhiû
taiwanese-basic:2085	full	iugu	iu-gū
taiwanese-basic:2085	prefix	iu	iu-gū
taiwanese-basic:2085	initials	ig	iu-gū
taiwanese-basic:2084	full	iusiu	iu-siù
taiwanese-basic:2084	prefix	ius	iu-siù
taiwanese-basic:2084	initials	is	iu-siù
taiwanese-basic:1901	full	ia	ià
taiwanese-basic:1901	prefix	i	ià
taiwanese-basic:1901	initials	i	ià
taiwanese-basic:1921	full	iamse	iàm-sè
taiwanese-basic:1921	prefix	iam	iàm-sè
taiwanese-basic:1921	initials	is	iàm-sè
taiwanese-basic:1929	full	ianhoe	iàn-hōe
taiwanese-basic:1929	prefix	ian	iàn-hōe
taiwanese-basic:1929	initials	ih	iàn-hōe
taiwanese-basic:1959	full	iaukiu	iàu-kiû
taiwanese-basic:1959	prefix	iau	iàu-kiû
taiwanese-basic:1959	initials	ik	iàu-kiû
taiwanese-basic:1951	full	iaukin	iàu-kín
taiwanese-basic:1951	prefix	iau	iàu-kín
taiwanese-basic:1951	initials	ik	iàu-kín
taiwanese-basic:1965	full	iauleng	iàu-léng
taiwanese-basic:1965	prefix	iaul	iàu-léng
taiwanese-basic:1965	initials	il	iàu-léng
taiwanese-basic:1964	full	iausaitai	iàu-sài-tài
taiwanese-basic:1964	prefix	iausa	iàu-sài-tài
taiwanese-basic:1964	initials	ist	iàu-sài-tài
taiwanese-basic:1964	full	iausaite	iàu-sài-tē
taiwanese-basic:1964	prefix	iaus	iàu-sài-tē
taiwanese-basic:1964	initials	ist	iàu-sài-tē
taiwanese-basic:1962	full	iausoo	iàu-sò͘
taiwanese-basic:1962	prefix	iau	iàu-sò͘
taiwanese-basic:1962	initials	is	iàu-sò͘
taiwanese-basic:1961	full	iautiam	iàu-tiám
taiwanese-basic:1961	prefix	iaut	iàu-tiám
taiwanese-basic:1961	initials	it	iàu-tiám
taiwanese-basic:1904	full	iaban	iá-bân
taiwanese-basic:1904	prefix	iab	iá-bân
taiwanese-basic:1904	initials	ib	iá-bân
taiwanese-basic:5358	full	iakiutui	iá-kiû-tūi
taiwanese-basic:5358	prefix	iaki	iá-kiû-tūi
taiwanese-basic:5358	initials	ikt	iá-kiû-tūi
taiwanese-basic:1903	full	iaseng	iá-seng
taiwanese-basic:1903	prefix	ias	iá-seng
taiwanese-basic:1903	initials	is	iá-seng
taiwanese-basic:1900	full	iasim	iá-sim
taiwanese-basic:1900	prefix	ias	iá-sim
taiwanese-basic:1900	initials	is	iá-sim
taiwanese-basic:1902	full	iasiu	iá-siù
taiwanese-basic:1902	prefix	ias	iá-siù
taiwanese-basic:1902	initials	is	iá-siù
taiwanese-basic:1931	full	ianchau	ián-chàu
taiwanese-basic:1931	prefix	ianc	ián-chàu
taiwanese-basic:1931	initials	ic	ián-chàu
taiwanese-basic:1932	full	ianchauhoe	ián-chàu-hōe
taiwanese-basic:1932	prefix	ianch	ián-chàu-hōe
taiwanese-basic:1932	initials	ich	ián-chàu-hōe
taiwanese-basic:1930	full	iankang	ián-káng
taiwanese-basic:1930	prefix	iank	ián-káng
taiwanese-basic:1930	initials	ik	ián-káng
taiwanese-basic:1930	full	iansoat	ián-soat
taiwanese-basic:1930	prefix	ians	ián-soat
taiwanese-basic:1930	initials	is	ián-soat
taiwanese-basic:1950	full	iau	iáu
taiwanese-basic:1950	prefix	ia	iáu
taiwanese-basic:1950	initials	i	iáu
taiwanese-basic:3584	full	iautehoah	iáu teh oa̍h
taiwanese-basic:3584	prefix	iaute	iáu teh oa̍h
taiwanese-basic:3584	initials	ito	iáu teh oa̍h
taiwanese-basic:1957	full	iauboe	iáu-bōe
taiwanese-basic:1957	prefix	iau	iáu-bōe
taiwanese-basic:1957	initials	ib	iáu-bōe
taiwanese-basic:1956	full	iauku	iáu-kú
taiwanese-basic:1956	prefix	iau	iáu-kú
taiwanese-basic:1956	initials	ik	iáu-kú
taiwanese-basic:1908	full	iann	iáⁿ
taiwanese-basic:1908	prefix	ia	iáⁿ
taiwanese-basic:1908	initials	i	iáⁿ
taiwanese-basic:1896	full	iasoo	iâ-so͘
taiwanese-basic:1896	prefix	ias	iâ-so͘
taiwanese-basic:1896	initials	is	iâ-so͘
taiwanese-basic:1896	full	iasookilisutok	iâ-so͘ ki-lī-su-tok
taiwanese-basic:1896	prefix	iasooki	iâ-so͘ ki-lī-su-tok
taiwanese-basic:1896	initials	isklst	iâ-so͘ ki-lī-su-tok
taiwanese-basic:2325	full	iasookau	iâ-so͘-kàu
taiwanese-basic:2325	prefix	iaso	iâ-so͘-kàu
taiwanese-basic:2325	initials	isk	iâ-so͘-kàu
taiwanese-basic:1917	full	iam	iâm
taiwanese-basic:1917	prefix	ia	iâm
taiwanese-basic:1917	initials	i	iâm
taiwanese-basic:1918	full	iamchui	iâm chúi
taiwanese-basic:1918	prefix	iamc	iâm chúi
taiwanese-basic:1918	initials	ic	iâm chúi
taiwanese-basic:1928	full	iamsng	iâm-sng
taiwanese-basic:1928	prefix	iam	iâm-sng
taiwanese-basic:1928	initials	is	iâm-sng
taiwanese-basic:1947	full	ianhai	iân-hái
taiwanese-basic:1947	prefix	ian	iân-hái
taiwanese-basic:1947	initials	ih	iân-hái
taiwanese-basic:1945	full	ianki	iân-kî
taiwanese-basic:1945	prefix	ian	iân-kî
taiwanese-basic:1945	initials	ik	iân-kî
taiwanese-basic:1948	full	iankoo	iân-kò͘
taiwanese-basic:1948	prefix	ian	iân-kò͘
taiwanese-basic:1948	initials	ik	iân-kò͘
taiwanese-basic:1943	full	iankong	iân-kóng
taiwanese-basic:1943	prefix	iank	iân-kóng
taiwanese-basic:1943	initials	ik	iân-kóng
taiwanese-basic:1943	full	iankng	iân-kńg
taiwanese-basic:1943	prefix	ian	iân-kńg
taiwanese-basic:1943	initials	ik	iân-kńg
taiwanese-basic:1946	full	ianloo	iân-lō͘
taiwanese-basic:1946	prefix	ian	iân-lō͘
taiwanese-basic:1946	initials	il	iân-lō͘
taiwanese-basic:1942	full	ianphiann	iân-phiáⁿ
taiwanese-basic:1942	prefix	ianph	iân-phiáⁿ
taiwanese-basic:1942	initials	ip	iân-phiáⁿ
taiwanese-basic:1939	full	ianpit	iân-pit
taiwanese-basic:1939	prefix	ian	iân-pit
taiwanese-basic:1939	initials	ip	iân-pit
taiwanese-basic:1940	full	iansoann	iân-sòaⁿ
taiwanese-basic:1940	prefix	ians	iân-sòaⁿ
taiwanese-basic:1940	initials	is	iân-sòaⁿ
taiwanese-basic:1941	full	ianthang	iân-tháng
taiwanese-basic:1941	prefix	iant	iân-tháng
taiwanese-basic:1941	initials	it	iân-tháng
taiwanese-basic:1944	full	iantok	iân-to̍k
taiwanese-basic:1944	prefix	ian	iân-to̍k
taiwanese-basic:1944	initials	it	iân-to̍k
taiwanese-basic:1913	full	iann	iâⁿ
taiwanese-basic:1913	prefix	ia	iâⁿ
taiwanese-basic:1913	initials	i	iâⁿ
taiwanese-basic:1996	full	io	ió
taiwanese-basic:1996	prefix	i	ió
taiwanese-basic:1996	initials	i	ió
taiwanese-basic:2020	full	iong	ióng
taiwanese-basic:2020	prefix	io	ióng
taiwanese-basic:2020	initials	i	ióng
taiwanese-basic:2030	full	iongchu	ióng-chú
taiwanese-basic:2030	prefix	iong	ióng-chú
taiwanese-basic:2030	initials	ic	ióng-chú
taiwanese-basic:2026	full	iongiok	ióng-io̍k
taiwanese-basic:2026	prefix	iong	ióng-io̍k
taiwanese-basic:2026	initials	ii	ióng-io̍k
taiwanese-basic:2027	full	iongiokhui	ióng-io̍k-hùi
taiwanese-basic:2027	prefix	iongi	ióng-io̍k-hùi
taiwanese-basic:2027	initials	iih	ióng-io̍k-hùi
taiwanese-basic:2028	full	iongiokinn	ióng-io̍k-īⁿ
taiwanese-basic:2028	prefix	iongi	ióng-io̍k-īⁿ
taiwanese-basic:2028	initials	iii	ióng-io̍k-īⁿ
taiwanese-basic:2022	full	iongkhi	ióng-khì
taiwanese-basic:2022	prefix	iong	ióng-khì
taiwanese-basic:2022	initials	ik	ióng-khì
taiwanese-basic:2021	full	iongkam	ióng-kám
taiwanese-basic:2021	prefix	iong	ióng-kám
taiwanese-basic:2021	initials	ik	ióng-kám
taiwanese-basic:2024	full	iongli	ióng-lí
taiwanese-basic:2024	prefix	ion	ióng-lí
taiwanese-basic:2024	initials	il	ióng-lí
taiwanese-basic:2029	full	iongnooinn	ióng-nó͘-īⁿ
taiwanese-basic:2029	prefix	iongn	ióng-nó͘-īⁿ
taiwanese-basic:2029	initials	ini	ióng-nó͘-īⁿ
taiwanese-basic:1992	full	io	iô
taiwanese-basic:1992	prefix	i	iô
taiwanese-basic:1992	initials	i	iô
taiwanese-basic:1993	full	iocheng	iô-cheng
taiwanese-basic:1993	prefix	ioch	iô-cheng
taiwanese-basic:1993	initials	ic	iô-cheng
taiwanese-basic:1994	full	iona	iô-nâ
taiwanese-basic:1994	prefix	io	iô-nâ
taiwanese-basic:1994	initials	in	iô-nâ
taiwanese-basic:2023	full	ionglek	iông-le̍k
taiwanese-basic:2023	prefix	iong	iông-le̍k
taiwanese-basic:2023	initials	il	iông-le̍k
taiwanese-basic:2033	full	iongi	iông-ī
taiwanese-basic:2033	prefix	ion	iông-ī
taiwanese-basic:2033	initials	ii	iông-ī
taiwanese-basic:2033	full	ionginn	iông-īⁿ
taiwanese-basic:2033	prefix	iong	iông-īⁿ
taiwanese-basic:2033	initials	ii	iông-īⁿ
taiwanese-basic:2047	full	iu	iù
taiwanese-basic:2047	prefix	i	iù
taiwanese-basic:2047	initials	i	iù
taiwanese-basic:1614	full	iutihng	iù-tī-hn̂g
taiwanese-basic:1614	prefix	iuti	iù-tī-hn̂g
taiwanese-basic:1614	initials	ith	iù-tī-hn̂g
taiwanese-basic:2066	full	iutioan	iù-tī-oân
taiwanese-basic:2066	prefix	iuti	iù-tī-oân
taiwanese-basic:2066	initials	ito	iù-tī-oân
taiwanese-basic:5389	full	iubengbusit	iú bêng bû-si̍t
taiwanese-basic:5389	prefix	iubeng	iú bêng bû-si̍t
taiwanese-basic:5389	initials	ibbs	iú bêng bû-si̍t
taiwanese-basic:2072	full	iubong	iú-bōng
taiwanese-basic:2072	prefix	iub	iú-bōng
taiwanese-basic:2072	initials	ib	iú-bōng
taiwanese-basic:2077	full	iucheng	iú-chêng
taiwanese-basic:2077	prefix	iuch	iú-chêng
taiwanese-basic:2077	initials	ic	iú-chêng
taiwanese-basic:2075	full	iuchi	iú-chì
taiwanese-basic:2075	prefix	iuc	iú-chì
taiwanese-basic:2075	initials	ic	iú-chì
taiwanese-basic:2075	full	iuchichia	iú-chì-chiá
taiwanese-basic:2075	prefix	iuchi	iú-chì-chiá
taiwanese-basic:2075	initials	icc	iú-chì-chiá
taiwanese-basic:1527	full	iuhau	iú-hàu
taiwanese-basic:1527	prefix	iuh	iú-hàu
taiwanese-basic:1527	initials	ih	iú-hàu
taiwanese-basic:2086	full	iukoai	iú-koái
taiwanese-basic:2086	prefix	iuk	iú-koái
taiwanese-basic:2086	initials	ik	iú-koái
taiwanese-basic:2068	full	iukam	iú-kám
taiwanese-basic:2068	prefix	iuk	iú-kám
taiwanese-basic:2068	initials	ik	iú-kám
taiwanese-basic:2073	full	iuli	iú-lī
taiwanese-basic:2073	prefix	iu	iú-lī
taiwanese-basic:2073	initials	il	iú-lī
taiwanese-basic:2076	full	iusekchia	iú-sek-chiá
taiwanese-basic:2076	prefix	iusek	iú-sek-chiá
taiwanese-basic:2076	initials	isc	iú-sek-chiá
taiwanese-basic:2074	full	iusankaikip	iú-sán kai-kip
taiwanese-basic:2074	prefix	iusank	iú-sán kai-kip
taiwanese-basic:2074	initials	iskk	iú-sán kai-kip
taiwanese-basic:2077	full	iuai	iú-ài
taiwanese-basic:2077	prefix	iu	iú-ài
taiwanese-basic:2077	initials	ia	iú-ài
taiwanese-basic:1996	full	iunn	iúⁿ
taiwanese-basic:1996	prefix	iu	iúⁿ
taiwanese-basic:1996	initials	i	iúⁿ
taiwanese-basic:2091	full	iunnchhi	iúⁿ-chhī
taiwanese-basic:2091	prefix	iunn	iúⁿ-chhī
taiwanese-basic:2091	initials	ic	iúⁿ-chhī
taiwanese-basic:2048	full	iu	iû
taiwanese-basic:2048	prefix	i	iû
taiwanese-basic:2048	initials	i	iû
taiwanese-basic:2079	full	iubok	iû-bo̍k
taiwanese-basic:2079	prefix	iub	iû-bo̍k
taiwanese-basic:2079	initials	ib	iû-bo̍k
taiwanese-basic:2081	full	iubokesengoah	iû-bo̍k ê seng-oa̍h
taiwanese-basic:2081	prefix	iubokes	iû-bo̍k ê seng-oa̍h
taiwanese-basic:2081	initials	ibeso	iû-bo̍k ê seng-oa̍h
taiwanese-basic:2080	full	iubokesitai	iû-bo̍k ê sî-tāi
taiwanese-basic:2080	prefix	iuboke	iû-bo̍k ê sî-tāi
taiwanese-basic:2080	initials	ibest	iû-bo̍k ê sî-tāi
taiwanese-basic:2071	full	iuchhat	iû-chhat
taiwanese-basic:2071	prefix	iuch	iû-chhat
taiwanese-basic:2071	initials	ic	iû-chhat
taiwanese-basic:2059	full	iuchiahkoe	iû-chia̍h-kóe
taiwanese-basic:2059	prefix	iuchi	iû-chia̍h-kóe
taiwanese-basic:2059	initials	ick	iû-chia̍h-kóe
taiwanese-basic:2064	full	iuchengkiok	iû-chèng-kio̍k
taiwanese-basic:2064	prefix	iuchen	iû-chèng-kio̍k
taiwanese-basic:2064	initials	ick	iû-chèng-kio̍k
taiwanese-basic:895	full	iuchaili	iû-chāi lí
taiwanese-basic:895	prefix	iuch	iû-chāi lí
taiwanese-basic:895	initials	icl	iû-chāi lí
taiwanese-basic:2082	full	iukekchian	iû-ke̍k-chiàn
taiwanese-basic:2082	prefix	iukek	iû-ke̍k-chiàn
taiwanese-basic:2082	initials	ikc	iû-ke̍k-chiàn
taiwanese-basic:2083	full	iulamchhia	iû-lám-chhia
taiwanese-basic:2083	prefix	iulam	iû-lám-chhia
taiwanese-basic:2083	initials	ilc	iû-lám-chhia
taiwanese-basic:2060	full	iulaua	iû-lāu-á
taiwanese-basic:2060	prefix	iul	iû-lāu-á
taiwanese-basic:2060	initials	ila	iû-lāu-á
taiwanese-basic:2065	full	iuphio	iû-phiò
taiwanese-basic:2065	prefix	iup	iû-phiò
taiwanese-basic:2065	initials	ip	iû-phiò
taiwanese-basic:2063	full	iupiankiok	iû-piān-kio̍k
taiwanese-basic:2063	prefix	iupia	iû-piān-kio̍k
taiwanese-basic:2063	initials	ipk	iû-piān-kio̍k
taiwanese-basic:2069	full	iueng	iû-éng
taiwanese-basic:2069	prefix	iue	iû-éng
taiwanese-basic:2069	initials	ie	iû-éng
taiwanese-basic:2070	full	iuengti	iû-éng-tî
taiwanese-basic:2070	prefix	iuen	iû-éng-tî
taiwanese-basic:2070	initials	iet	iû-éng-tî
taiwanese-basic:2088	full	iunn	iûⁿ
taiwanese-basic:2088	prefix	iu	iûⁿ
taiwanese-basic:2088	initials	i	iûⁿ
taiwanese-basic:131	full	iunnbah	iûⁿ-bah
taiwanese-basic:131	prefix	iunn	iûⁿ-bah
taiwanese-basic:131	initials	ib	iûⁿ-bah
taiwanese-basic:2094	full	iunnchiu	iûⁿ-chiú
taiwanese-basic:2094	prefix	iunn	iûⁿ-chiú
taiwanese-basic:2094	initials	ic	iûⁿ-chiú
taiwanese-basic:2092	full	iunnhoe	iûⁿ-hòe
taiwanese-basic:2092	prefix	iunn	iûⁿ-hòe
taiwanese-basic:2092	initials	ih	iûⁿ-hòe
taiwanese-basic:3225	full	iunnleng	iûⁿ-leng
taiwanese-basic:3225	prefix	iunn	iûⁿ-leng
taiwanese-basic:3225	initials	il	iûⁿ-leng
taiwanese-basic:3158	full	iunnlan	iûⁿ-lân
taiwanese-basic:3158	prefix	iunn	iûⁿ-lân
taiwanese-basic:3158	initials	il	iûⁿ-lân
taiwanese-basic:2090	full	iunnmng	iûⁿ-mn̂g
taiwanese-basic:2090	prefix	iunn	iûⁿ-mn̂g
taiwanese-basic:2090	initials	im	iûⁿ-mn̂g
taiwanese-basic:2090	full	iunnmoo	iûⁿ-mô͘
taiwanese-basic:2090	prefix	iunn	iûⁿ-mô͘
taiwanese-basic:2090	initials	im	iûⁿ-mô͘
taiwanese-basic:2092	full	iunnphin	iûⁿ-phín
taiwanese-basic:2092	prefix	iunn	iûⁿ-phín
taiwanese-basic:2092	initials	ip	iûⁿ-phín
taiwanese-basic:2093	full	iunnphintiam	iûⁿ-phín-tiàm
taiwanese-basic:2093	prefix	iunnph	iûⁿ-phín-tiàm
taiwanese-basic:2093	initials	ipt	iûⁿ-phín-tiàm
taiwanese-basic:2087	full	iunna	iûⁿ-á
taiwanese-basic:2087	prefix	iun	iûⁿ-á
taiwanese-basic:2087	initials	ia	iûⁿ-á
taiwanese-basic:1895	full	ia	iā
taiwanese-basic:1895	prefix	i	iā
taiwanese-basic:1895	initials	i	iā
taiwanese-basic:649	full	iachhekcheng	iā chhek-chéng
taiwanese-basic:649	prefix	iachhe	iā chhek-chéng
taiwanese-basic:649	initials	icc	iā chhek-chéng
taiwanese-basic:575	full	iachengchi	iā chéng-chí
taiwanese-basic:575	prefix	iache	iā chéng-chí
taiwanese-basic:575	initials	icc	iā chéng-chí
taiwanese-basic:1898	full	iasoaa	iā soa-á
taiwanese-basic:1898	prefix	ias	iā soa-á
taiwanese-basic:1898	initials	isa	iā soa-á
taiwanese-basic:1899	full	iachi	iā-chí
taiwanese-basic:1899	prefix	iac	iā-chí
taiwanese-basic:1899	initials	ic	iā-chí
taiwanese-basic:1906	full	iahak	iā-ha̍k
taiwanese-basic:1906	prefix	iah	iā-ha̍k
taiwanese-basic:1906	initials	ih	iā-ha̍k
taiwanese-basic:1905	full	iahengchhia	iā-hêng-chhia
taiwanese-basic:1905	prefix	iaheng	iā-hêng-chhia
taiwanese-basic:1905	initials	ihc	iā-hêng-chhia
taiwanese-basic:1906	full	iakanpoo	iā-kan-pō͘
taiwanese-basic:1906	prefix	iaka	iā-kan-pō͘
taiwanese-basic:1906	initials	ikp	iā-kan-pō͘
taiwanese-basic:1905	full	iakhoaichhia	iā-khoài-chhia
taiwanese-basic:1905	prefix	iakhoa	iā-khoài-chhia
taiwanese-basic:1905	initials	ikc	iā-khoài-chhia
taiwanese-basic:1907	full	iakeng	iā-kéng
taiwanese-basic:1907	prefix	iak	iā-kéng
taiwanese-basic:1907	initials	ik	iā-kéng
taiwanese-basic:1922	full	iam	iām
taiwanese-basic:1922	prefix	ia	iām
taiwanese-basic:1922	initials	i	iām
taiwanese-basic:1927	full	iamhok	iām-hok
taiwanese-basic:1927	prefix	iam	iām-hok
taiwanese-basic:1927	initials	ih	iām-hok
taiwanese-basic:1924	full	iamhoe	iām-hóe
taiwanese-basic:1924	prefix	iam	iām-hóe
taiwanese-basic:1924	initials	ih	iām-hóe
taiwanese-basic:1923	full	iamjit	iām-ji̍t
taiwanese-basic:1923	prefix	iam	iām-ji̍t
taiwanese-basic:1923	initials	ij	iām-ji̍t
taiwanese-basic:1949	full	iang	iāng
taiwanese-basic:1949	prefix	ia	iāng
taiwanese-basic:1949	initials	i	iāng
taiwanese-basic:1318	full	iong	iōng
taiwanese-basic:1318	prefix	io	iōng
taiwanese-basic:1318	initials	i	iōng
taiwanese-basic:2013	full	iongtekhoose	iōng tê-kho͘ sé
taiwanese-basic:2013	prefix	iongte	iōng tê-kho͘ sé
taiwanese-basic:2013	initials	itks	iōng tê-kho͘ sé
taiwanese-basic:2031	full	ionghoat	iōng-hoat
taiwanese-basic:2031	prefix	iong	iōng-hoat
taiwanese-basic:2031	initials	ih	iōng-hoat
taiwanese-basic:2025	full	iongkong	iōng-kong
taiwanese-basic:2025	prefix	iong	iōng-kong
taiwanese-basic:2025	initials	ik	iōng-kong
taiwanese-basic:2032	full	iongtoo	iōng-tô͘
taiwanese-basic:2032	prefix	iong	iōng-tô͘
taiwanese-basic:2032	initials	it	iōng-tô͘
taiwanese-basic:2067	full	iukoh	iū-koh
taiwanese-basic:2067	prefix	iuk	iū-koh
taiwanese-basic:2067	initials	ik	iū-koh
taiwanese-basic:2062	full	iua	iū-á
taiwanese-basic:2062	prefix	iu	iū-á
taiwanese-basic:2062	initials	ia	iū-á
taiwanese-basic:3169	full	jekliapalang	jek lia̍p-á lâng
taiwanese-basic:3169	prefix	jeklia	jek lia̍p-á lâng
taiwanese-basic:3169	initials	jlal	jek lia̍p-á lâng
taiwanese-basic:2095	full	ji	ji
taiwanese-basic:2095	prefix	j	ji
taiwanese-basic:2095	initials	j	ji
taiwanese-basic:2101	full	jiat	jia̍t
taiwanese-basic:2101	prefix	ji	jia̍t
taiwanese-basic:2101	initials	j	jia̍t
taiwanese-basic:2100	full	jiatsim	jia̍t-sim
taiwanese-basic:2100	prefix	jiat	jia̍t-sim
taiwanese-basic:2100	initials	js	jia̍t-sim
taiwanese-basic:2104	full	jiattai	jia̍t-tài
taiwanese-basic:2104	prefix	jiat	jia̍t-tài
taiwanese-basic:2104	initials	jt	jia̍t-tài
taiwanese-basic:2150	full	jiok	jiok
taiwanese-basic:2150	prefix	ji	jiok
taiwanese-basic:2150	initials	j	jiok
taiwanese-basic:2152	full	jiokkhi	jiok--khì
taiwanese-basic:2152	prefix	jiok	jiok--khì
taiwanese-basic:2152	initials	jk	jiok--khì
taiwanese-basic:2148	full	jiok	jio̍k
taiwanese-basic:2148	prefix	ji	jio̍k
taiwanese-basic:2148	initials	j	jio̍k
taiwanese-basic:2153	full	jiokkui	jio̍k-kùi
taiwanese-basic:2153	prefix	jiok	jio̍k-kùi
taiwanese-basic:2153	initials	jk	jio̍k-kùi
taiwanese-basic:2154	full	jioksin	jio̍k-sin
taiwanese-basic:2154	prefix	jiok	jio̍k-sin
taiwanese-basic:2154	initials	js	jio̍k-sin
taiwanese-basic:2149	full	jioktiam	jio̍k-tiám
taiwanese-basic:2149	prefix	jiok	jio̍k-tiám
taiwanese-basic:2149	initials	jt	jio̍k-tiám
taiwanese-basic:2155	full	jiplai	jip--lâi
taiwanese-basic:2155	prefix	jip	jip--lâi
taiwanese-basic:2155	initials	jl	jip--lâi
taiwanese-basic:2106	full	jiau	jiàu
taiwanese-basic:2106	prefix	ji	jiàu
taiwanese-basic:2106	initials	j	jiàu
taiwanese-basic:2099	full	jianau	jiân-āu
taiwanese-basic:2099	prefix	jia	jiân-āu
taiwanese-basic:2099	initials	ja	jiân-āu
taiwanese-basic:2105	full	jiau	jiâu
taiwanese-basic:2105	prefix	ji	jiâu
taiwanese-basic:2105	initials	j	jiâu
taiwanese-basic:2145	full	jio	jiō
taiwanese-basic:2145	prefix	ji	jiō
taiwanese-basic:2145	initials	j	jiō
taiwanese-basic:2146	full	jiothang	jiō-tháng
taiwanese-basic:2146	prefix	jiot	jiō-tháng
taiwanese-basic:2146	initials	jt	jiō-tháng
taiwanese-basic:2107	full	jih	ji̍h
taiwanese-basic:2107	prefix	ji	ji̍h
taiwanese-basic:2107	initials	j	ji̍h
taiwanese-basic:2108	full	jihhongkhim	ji̍h hong-khîm
taiwanese-basic:2108	prefix	jihhon	ji̍h hong-khîm
taiwanese-basic:2108	initials	jhk	ji̍h hong-khîm
taiwanese-basic:2109	full	jihtianleng	ji̍h tiān-lêng
taiwanese-basic:2109	prefix	jihtia	ji̍h tiān-lêng
taiwanese-basic:2109	initials	jtl	ji̍h tiān-lêng
taiwanese-basic:2156	full	jipkhi	ji̍p--khì
taiwanese-basic:2156	prefix	jip	ji̍p--khì
taiwanese-basic:2156	initials	jk	ji̍p--khì
taiwanese-basic:2157	full	jiphakkhochhi	ji̍p-ha̍k khó-chhì
taiwanese-basic:2157	prefix	jiphakk	ji̍p-ha̍k khó-chhì
taiwanese-basic:2157	initials	jhkc	ji̍p-ha̍k khó-chhì
taiwanese-basic:2158	full	jiphakchhigiam	ji̍p-ha̍k-chhì-giām
taiwanese-basic:2158	prefix	jiphakc	ji̍p-ha̍k-chhì-giām
taiwanese-basic:2158	initials	jhcg	ji̍p-ha̍k-chhì-giām
taiwanese-basic:2159	full	jit	ji̍t
taiwanese-basic:2159	prefix	ji	ji̍t
taiwanese-basic:2159	initials	j	ji̍t
taiwanese-basic:2168	full	jitkhansinbun	ji̍t khan sin-bûn
taiwanese-basic:2168	prefix	jitkhan	ji̍t khan sin-bûn
taiwanese-basic:2168	initials	jksb	ji̍t khan sin-bûn
taiwanese-basic:2175	full	jitchhut	ji̍t-chhut
taiwanese-basic:2175	prefix	jitc	ji̍t-chhut
taiwanese-basic:2175	initials	jc	ji̍t-chhut
taiwanese-basic:2163	full	jitchi	ji̍t-chí
taiwanese-basic:2163	prefix	jit	ji̍t-chí
taiwanese-basic:2163	initials	jc	ji̍t-chí
taiwanese-basic:4725	full	jitgoattham	ji̍t-goa̍t thâm
taiwanese-basic:4725	prefix	jitgoa	ji̍t-goa̍t thâm
taiwanese-basic:4725	initials	jgt	ji̍t-goa̍t thâm
taiwanese-basic:2162	full	jitgoattham	ji̍t-goa̍t-thâm
taiwanese-basic:2162	prefix	jitgoa	ji̍t-goa̍t-thâm
taiwanese-basic:2162	initials	jgt	ji̍t-goa̍t-thâm
taiwanese-basic:2172	full	jitjit	ji̍t-ji̍t
taiwanese-basic:2172	prefix	jit	ji̍t-ji̍t
taiwanese-basic:2172	initials	jj	ji̍t-ji̍t
taiwanese-basic:2174	full	jitjittoachang	ji̍t-ji̍t tōa châng
taiwanese-basic:2174	prefix	jitjitt	ji̍t-ji̍t tōa châng
taiwanese-basic:2174	initials	jjtc	ji̍t-ji̍t tōa châng
taiwanese-basic:2173	full	jitjitekhangkhoe	ji̍t-ji̍t ê khang-khòe
taiwanese-basic:2173	prefix	jitjitek	ji̍t-ji̍t ê khang-khòe
taiwanese-basic:2173	initials	jjekk	ji̍t-ji̍t ê khang-khòe
taiwanese-basic:2167	full	jitkhan	ji̍t-khan
taiwanese-basic:2167	prefix	jitk	ji̍t-khan
taiwanese-basic:2167	initials	jk	ji̍t-khan
taiwanese-basic:2171	full	jitkip	ji̍t-kip
taiwanese-basic:2171	prefix	jit	ji̍t-kip
taiwanese-basic:2171	initials	jk	ji̍t-kip
taiwanese-basic:2170	full	jitkong	ji̍t-kong
taiwanese-basic:2170	prefix	jitk	ji̍t-kong
taiwanese-basic:2170	initials	jk	ji̍t-kong
taiwanese-basic:2169	full	jitki	ji̍t-kì
taiwanese-basic:2169	prefix	jit	ji̍t-kì
taiwanese-basic:2169	initials	jk	ji̍t-kì
taiwanese-basic:2169	full	jitkiphoo	ji̍t-kì-phō͘
taiwanese-basic:2169	prefix	jitki	ji̍t-kì-phō͘
taiwanese-basic:2169	initials	jkp	ji̍t-kì-phō͘
taiwanese-basic:2176	full	jitloh	ji̍t-lo̍h
taiwanese-basic:2176	prefix	jit	ji̍t-lo̍h
taiwanese-basic:2176	initials	jl	ji̍t-lo̍h
taiwanese-basic:2164	full	jitpun	ji̍t-pún
taiwanese-basic:2164	prefix	jit	ji̍t-pún
taiwanese-basic:2164	initials	jp	ji̍t-pún
taiwanese-basic:2166	full	jitpunche	ji̍t-pún chè
taiwanese-basic:2166	prefix	jitpu	ji̍t-pún chè
taiwanese-basic:2166	initials	jpc	ji̍t-pún chè
taiwanese-basic:2165	full	jitpunoe	ji̍t-pún-ōe
taiwanese-basic:2165	prefix	jitp	ji̍t-pún-ōe
taiwanese-basic:2165	initials	jpo	ji̍t-pún-ōe
taiwanese-basic:2160	full	jitsi	ji̍t-sî
taiwanese-basic:2160	prefix	jit	ji̍t-sî
taiwanese-basic:2160	initials	js	ji̍t-sî
taiwanese-basic:2161	full	jitthau	ji̍t-thâu
taiwanese-basic:2161	prefix	jitt	ji̍t-thâu
taiwanese-basic:2161	initials	jt	ji̍t-thâu
taiwanese-basic:2177	full	joah	joa̍h
taiwanese-basic:2177	prefix	jo	joa̍h
taiwanese-basic:2177	initials	j	joa̍h
taiwanese-basic:2178	full	joahtioh	joa̍h--tio̍h
taiwanese-basic:2178	prefix	joah	joa̍h--tio̍h
taiwanese-basic:2178	initials	jt	joa̍h--tio̍h
taiwanese-basic:2179	full	joahthinn	joa̍h-thiⁿ
taiwanese-basic:2179	prefix	joaht	joa̍h-thiⁿ
taiwanese-basic:2179	initials	jt	joa̍h-thiⁿ
taiwanese-basic:2096	full	ji	jí
taiwanese-basic:2096	prefix	j	jí
taiwanese-basic:2096	initials	j	jí
taiwanese-basic:2119	full	jimnai	jím-nāi
taiwanese-basic:2119	prefix	jim	jím-nāi
taiwanese-basic:2119	initials	jn	jím-nāi
taiwanese-basic:2098	full	jitong	jî-tông
taiwanese-basic:2098	prefix	jit	jî-tông
taiwanese-basic:2098	initials	jt	jî-tông
taiwanese-basic:2117	full	jim	jîm
taiwanese-basic:2117	prefix	ji	jîm
taiwanese-basic:2117	initials	j	jîm
taiwanese-basic:2118	full	jimbochinn	jîm bô chîⁿ
taiwanese-basic:2118	prefix	jimbo	jîm bô chîⁿ
taiwanese-basic:2118	initials	jbc	jîm bô chîⁿ
taiwanese-basic:2137	full	jinlekchhia	jîn le̍k-chhia
taiwanese-basic:2137	prefix	jinlek	jîn le̍k-chhia
taiwanese-basic:2137	initials	jlc	jîn le̍k-chhia
taiwanese-basic:2130	full	jinbin	jîn-bîn
taiwanese-basic:2130	prefix	jin	jîn-bîn
taiwanese-basic:2130	initials	jb	jîn-bîn
taiwanese-basic:2120	full	jinbong	jîn-bōng
taiwanese-basic:2120	prefix	jinb	jîn-bōng
taiwanese-basic:2120	initials	jb	jîn-bōng
taiwanese-basic:2131	full	jincheng	jîn-chéng
taiwanese-basic:2131	prefix	jinc	jîn-chéng
taiwanese-basic:2131	initials	jc	jîn-chéng
taiwanese-basic:2132	full	jinchengephiankian	jîn-chéng ê phian-kiàn
taiwanese-basic:2132	prefix	jinchenge	jîn-chéng ê phian-kiàn
taiwanese-basic:2132	initials	jcepk	jîn-chéng ê phian-kiàn
taiwanese-basic:2135	full	jincho	jîn-chō
taiwanese-basic:2135	prefix	jin	jîn-chō
taiwanese-basic:2135	initials	jc	jîn-chō
taiwanese-basic:2136	full	jinchoguiu	jîn-chō gû-iû
taiwanese-basic:2136	prefix	jinch	jîn-chō gû-iû
taiwanese-basic:2136	initials	jcgi	jîn-chō gû-iû
taiwanese-basic:2128	full	jinkeh	jîn-keh
taiwanese-basic:2128	prefix	jin	jîn-keh
taiwanese-basic:2128	initials	jk	jîn-keh
taiwanese-basic:2129	full	jinkehchia	jîn-keh-chiá
taiwanese-basic:2129	prefix	jinke	jîn-keh-chiá
taiwanese-basic:2129	initials	jkc	jîn-keh-chiá
taiwanese-basic:2144	full	jinkhau	jîn-kháu
taiwanese-basic:2144	prefix	jink	jîn-kháu
taiwanese-basic:2144	initials	jk	jîn-kháu
taiwanese-basic:2121	full	jinkhi	jîn-khì
taiwanese-basic:2121	prefix	jin	jîn-khì
taiwanese-basic:2121	initials	jk	jîn-khì
taiwanese-basic:2124	full	jinlui	jîn-lūi
taiwanese-basic:2124	prefix	jin	jîn-lūi
taiwanese-basic:2124	initials	jl	jîn-lūi
taiwanese-basic:2133	full	jinseng	jîn-seng
taiwanese-basic:2133	prefix	jins	jîn-seng
taiwanese-basic:2133	initials	js	jîn-seng
taiwanese-basic:2134	full	jinsengkoan	jîn-seng-koan
taiwanese-basic:2134	prefix	jinsen	jîn-seng-koan
taiwanese-basic:2134	initials	jsk	jîn-seng-koan
taiwanese-basic:2125	full	jinto	jîn-tō
taiwanese-basic:2125	prefix	jin	jîn-tō
taiwanese-basic:2125	initials	jt	jîn-tō
taiwanese-basic:2127	full	jintochugi	jîn-tō chú-gī
taiwanese-basic:2127	prefix	jinto	jîn-tō chú-gī
taiwanese-basic:2127	initials	jtcg	jîn-tō chú-gī
taiwanese-basic:2182	full	jukau	jû-kàu
taiwanese-basic:2182	prefix	juk	jû-kàu
taiwanese-basic:2182	initials	jk	jû-kàu
taiwanese-basic:2097	full	jitian	jī-tián
taiwanese-basic:2097	prefix	jit	jī-tián
taiwanese-basic:2097	initials	jt	jī-tián
taiwanese-basic:2115	full	jimbeng	jīm-bēng
taiwanese-basic:2115	prefix	jimb	jīm-bēng
taiwanese-basic:2115	initials	jb	jīm-bēng
taiwanese-basic:2116	full	jimbu	jīm-bū
taiwanese-basic:2116	prefix	jim	jīm-bū
taiwanese-basic:2116	initials	jb	jīm-bū
taiwanese-basic:2112	full	jimkhoo	jīm-khó͘
taiwanese-basic:2112	prefix	jimk	jīm-khó͘
taiwanese-basic:2112	initials	jk	jīm-khó͘
taiwanese-basic:2114	full	jimki	jīm-kî
taiwanese-basic:2114	prefix	jim	jīm-kî
taiwanese-basic:2114	initials	jk	jīm-kî
taiwanese-basic:2110	full	jimsek	jīm-sek
taiwanese-basic:2110	prefix	jim	jīm-sek
taiwanese-basic:2110	initials	js	jīm-sek
taiwanese-basic:2111	full	jimsekputchiok	jīm-sek put-chiok
taiwanese-basic:2111	prefix	jimsekp	jīm-sek put-chiok
taiwanese-basic:2111	initials	jspc	jīm-sek put-chiok
taiwanese-basic:2113	full	jimteng	jīm-tēng
taiwanese-basic:2113	prefix	jimt	jīm-tēng
taiwanese-basic:2113	initials	jt	jīm-tēng
taiwanese-basic:2139	full	jin	jīn
taiwanese-basic:2139	prefix	ji	jīn
taiwanese-basic:2139	initials	j	jīn
taiwanese-basic:2142	full	jinchho	jīn-chhò
taiwanese-basic:2142	prefix	jinc	jīn-chhò
taiwanese-basic:2142	initials	jc	jīn-chhò
taiwanese-basic:1030	full	jinchin	jīn-chin
taiwanese-basic:1030	prefix	jinc	jīn-chin
taiwanese-basic:1030	initials	jc	jīn-chin
taiwanese-basic:2199	full	ka	ka
taiwanese-basic:2199	prefix	k	ka
taiwanese-basic:2199	initials	k	ka
taiwanese-basic:2208	full	kabio	ka-bió
taiwanese-basic:2208	prefix	kab	ka-bió
taiwanese-basic:2208	initials	kb	ka-bió
taiwanese-basic:2190	full	kachoah	ka-choa̍h
taiwanese-basic:2190	prefix	kach	ka-choa̍h
taiwanese-basic:2190	initials	kc	ka-choa̍h
taiwanese-basic:2188	full	kachok	ka-cho̍k
taiwanese-basic:2188	prefix	kac	ka-cho̍k
taiwanese-basic:2188	initials	kc	ka-cho̍k
taiwanese-basic:2185	full	kachai	ka-chài
taiwanese-basic:2185	prefix	kac	ka-chài
taiwanese-basic:2185	initials	kc	ka-chài
taiwanese-basic:2963	full	kagikoan	ka-gī koān
taiwanese-basic:2963	prefix	kagi	ka-gī koān
taiwanese-basic:2963	initials	kgk	ka-gī koān
taiwanese-basic:2338	full	kagikaukhu	ka-gī kàu-khu
taiwanese-basic:2338	prefix	kagik	ka-gī kàu-khu
taiwanese-basic:2338	initials	kgkk	ka-gī kàu-khu
taiwanese-basic:2207	full	kahu	ka-hū
taiwanese-basic:2207	prefix	ka	ka-hū
taiwanese-basic:2207	initials	kh	ka-hū
taiwanese-basic:2210	full	kajip	ka-ji̍p
taiwanese-basic:2210	prefix	kaj	ka-ji̍p
taiwanese-basic:2210	initials	kj	ka-ji̍p
taiwanese-basic:2209	full	kakang	ka-kang
taiwanese-basic:2209	prefix	kak	ka-kang
taiwanese-basic:2209	initials	kk	ka-kang
taiwanese-basic:2203	full	kakhu	ka-khū
taiwanese-basic:2203	prefix	kak	ka-khū
taiwanese-basic:2203	initials	kk	ka-khū
taiwanese-basic:1209	full	kaki	ka-kī
taiwanese-basic:1209	prefix	ka	ka-kī
taiwanese-basic:1209	initials	kk	ka-kī
taiwanese-basic:2203	full	kaku	ka-kū
taiwanese-basic:2203	prefix	ka	ka-kū
taiwanese-basic:2203	initials	kk	ka-kū
taiwanese-basic:2197	full	kalauh	ka-la̍uh
taiwanese-basic:2197	prefix	kal	ka-la̍uh
taiwanese-basic:2197	initials	kl	ka-la̍uh
taiwanese-basic:2202	full	kalike	ka-lí ke
taiwanese-basic:2202	prefix	kal	ka-lí ke
taiwanese-basic:2202	initials	klk	ka-lí ke
taiwanese-basic:2200	full	kalihun	ka-lí-hún
taiwanese-basic:2200	prefix	kali	ka-lí-hún
taiwanese-basic:2200	initials	klh	ka-lí-hún
taiwanese-basic:2201	full	kalipng	ka-lí-pn̄g
taiwanese-basic:2201	prefix	kali	ka-lí-pn̄g
taiwanese-basic:2201	initials	klp	ka-lí-pn̄g
taiwanese-basic:2191	full	kalun	ka-lûn
taiwanese-basic:2191	prefix	kal	ka-lûn
taiwanese-basic:2191	initials	kl	ka-lûn
taiwanese-basic:3955	full	kapiau	ka-pi au
taiwanese-basic:3955	prefix	kap	ka-pi au
taiwanese-basic:3955	initials	kpa	ka-pi au
taiwanese-basic:3955	full	kapipoe	ka-pi poe
taiwanese-basic:3955	prefix	kapi	ka-pi poe
taiwanese-basic:3955	initials	kpp	ka-pi poe
taiwanese-basic:3825	full	kapiphoh	ka-pi-phoh
taiwanese-basic:3825	prefix	kapi	ka-pi-phoh
taiwanese-basic:3825	initials	kpp	ka-pi-phoh
taiwanese-basic:2204	full	kapo	ka-pó
taiwanese-basic:2204	prefix	ka	ka-pó
taiwanese-basic:2204	initials	kp	ka-pó
taiwanese-basic:2206	full	kasu	ka-sū
taiwanese-basic:2206	prefix	ka	ka-sū
taiwanese-basic:2206	initials	ks	ka-sū
taiwanese-basic:2205	full	katiunn	ka-tiúⁿ
taiwanese-basic:2205	prefix	kati	ka-tiúⁿ
taiwanese-basic:2205	initials	kt	ka-tiúⁿ
taiwanese-basic:2198	full	kato	ka-to
taiwanese-basic:2198	prefix	ka	ka-to
taiwanese-basic:2198	initials	kt	ka-to
taiwanese-basic:2187	full	kateng	ka-têng
taiwanese-basic:2187	prefix	kat	ka-têng
taiwanese-basic:2187	initials	kt	ka-têng
taiwanese-basic:1209	full	kati	ka-tī
taiwanese-basic:1209	prefix	ka	ka-tī
taiwanese-basic:1209	initials	kt	ka-tī
taiwanese-basic:2194	full	katichite	ka-tī chi̍t ê
taiwanese-basic:2194	prefix	katic	ka-tī chi̍t ê
taiwanese-basic:2194	initials	ktce	ka-tī chi̍t ê
taiwanese-basic:2216	full	kah	kah
taiwanese-basic:2216	prefix	ka	kah
taiwanese-basic:2216	initials	k	kah
taiwanese-basic:2221	full	kahphoe	kah phōe
taiwanese-basic:2221	prefix	kahp	kah phōe
taiwanese-basic:2221	initials	kp	kah phōe
taiwanese-basic:2215	full	kahsi	kah-sī
taiwanese-basic:2215	prefix	kah	kah-sī
taiwanese-basic:2215	initials	ks	kah-sī
taiwanese-basic:2185	full	kaichai	kai-chài
taiwanese-basic:2185	prefix	kaic	kai-chài
taiwanese-basic:2185	initials	kc	kai-chài
taiwanese-basic:2244	full	kak	kak
taiwanese-basic:2244	prefix	ka	kak
taiwanese-basic:2244	initials	k	kak
taiwanese-basic:2250	full	kakchhinn	kak-chhíⁿ
taiwanese-basic:2250	prefix	kakch	kak-chhíⁿ
taiwanese-basic:2250	initials	kc	kak-chhíⁿ
taiwanese-basic:2249	full	kakgoo	kak-gō͘
taiwanese-basic:2249	prefix	kak	kak-gō͘
taiwanese-basic:2249	initials	kg	kak-gō͘
taiwanese-basic:2246	full	kakthng	kak-thn̂g
taiwanese-basic:2246	prefix	kakt	kak-thn̂g
taiwanese-basic:2246	initials	kt	kak-thn̂g
taiwanese-basic:2266	full	kamchho	kam-chhó
taiwanese-basic:2266	prefix	kamc	kam-chhó
taiwanese-basic:2266	initials	kc	kam-chhó
taiwanese-basic:2252	full	kamchia	kam-chià
taiwanese-basic:2252	prefix	kamc	kam-chià
taiwanese-basic:2252	initials	kc	kam-chià
taiwanese-basic:3826	full	kamchiaphoh	kam-chià-phoh
taiwanese-basic:3826	prefix	kamchi	kam-chià-phoh
taiwanese-basic:3826	initials	kcp	kam-chià-phoh
taiwanese-basic:2253	full	kamma	kam-má
taiwanese-basic:2253	prefix	kam	kam-má
taiwanese-basic:2253	initials	km	kam-má
taiwanese-basic:2273	full	kanchiap	kan-chiap
taiwanese-basic:2273	prefix	kanc	kan-chiap
taiwanese-basic:2273	initials	kc	kan-chiap
taiwanese-basic:2270	full	kankhoo	kan-khó͘
taiwanese-basic:2270	prefix	kank	kan-khó͘
taiwanese-basic:2270	initials	kk	kan-khó͘
taiwanese-basic:2275	full	kansiong	kan-siong
taiwanese-basic:2275	prefix	kans	kan-siong
taiwanese-basic:2275	initials	ks	kan-siong
taiwanese-basic:2274	full	kantiap	kan-tia̍p
taiwanese-basic:2274	prefix	kant	kan-tia̍p
taiwanese-basic:2274	initials	kt	kan-tia̍p
taiwanese-basic:2279	full	kang	kang
taiwanese-basic:2279	prefix	ka	kang
taiwanese-basic:2279	initials	k	kang
taiwanese-basic:2295	full	kangchhiunn	kang-chhiúⁿ
taiwanese-basic:2295	prefix	kangch	kang-chhiúⁿ
taiwanese-basic:2295	initials	kc	kang-chhiúⁿ
taiwanese-basic:2296	full	kangchokhoat	kang-chok-hoat
taiwanese-basic:2296	prefix	kangch	kang-chok-hoat
taiwanese-basic:2296	initials	kch	kang-chok-hoat
taiwanese-basic:2282	full	kangchinn	kang-chîⁿ
taiwanese-basic:2282	prefix	kangc	kang-chîⁿ
taiwanese-basic:2282	initials	kc	kang-chîⁿ
taiwanese-basic:2297	full	kanggiap	kang-gia̍p
taiwanese-basic:2297	prefix	kang	kang-gia̍p
taiwanese-basic:2297	initials	kg	kang-gia̍p
taiwanese-basic:1486	full	kanggiaphakhau	kang-gia̍p ha̍k-hāu
taiwanese-basic:1486	prefix	kanggia	kang-gia̍p ha̍k-hāu
taiwanese-basic:1486	initials	kghh	kang-gia̍p ha̍k-hāu
taiwanese-basic:2281	full	kanglang	kang-lâng
taiwanese-basic:2281	prefix	kang	kang-lâng
taiwanese-basic:2281	initials	kl	kang-lâng
taiwanese-basic:2305	full	kangsu	kang-sū
taiwanese-basic:2305	prefix	kan	kang-sū
taiwanese-basic:2305	initials	ks	kang-sū
taiwanese-basic:2305	full	kangtheng	kang-thêng
taiwanese-basic:2305	prefix	kangt	kang-thêng
taiwanese-basic:2305	initials	kt	kang-thêng
taiwanese-basic:2306	full	kangthengsu	kang-thêng-su
taiwanese-basic:2306	prefix	kangth	kang-thêng-su
taiwanese-basic:2306	initials	kts	kang-thêng-su
taiwanese-basic:2295	full	kangtiunn	kang-tiûⁿ
taiwanese-basic:2295	prefix	kangt	kang-tiûⁿ
taiwanese-basic:2295	initials	kt	kang-tiûⁿ
taiwanese-basic:1852	full	kathunchiong	kat hun-chiong
taiwanese-basic:1852	prefix	kathun	kat hun-chiong
taiwanese-basic:1852	initials	khc	kat hun-chiong
taiwanese-basic:2316	full	kau	kau
taiwanese-basic:2316	prefix	ka	kau
taiwanese-basic:2316	initials	k	kau
taiwanese-basic:2329	full	kaukoan	kau-koan
taiwanese-basic:2329	prefix	kauk	kau-koan
taiwanese-basic:2329	initials	kk	kau-koan
taiwanese-basic:2322	full	kaupoe	kau-pôe
taiwanese-basic:2322	prefix	kau	kau-pôe
taiwanese-basic:2322	initials	kp	kau-pôe
taiwanese-basic:2343	full	kausiap	kau-sia̍p
taiwanese-basic:2343	prefix	kaus	kau-sia̍p
taiwanese-basic:2343	initials	ks	kau-sia̍p
taiwanese-basic:2323	full	kauthong	kau-thong
taiwanese-basic:2323	prefix	kaut	kau-thong
taiwanese-basic:2323	initials	kt	kau-thong
taiwanese-basic:2344	full	kauthongsukoo	kau-thong sū-kò͘
taiwanese-basic:2344	prefix	kauthon	kau-thong sū-kò͘
taiwanese-basic:2344	initials	ktsk	kau-thong sū-kò͘
taiwanese-basic:2342	full	kautai	kau-tài
taiwanese-basic:2342	prefix	kau	kau-tài
taiwanese-basic:2342	initials	kt	kau-tài
taiwanese-basic:2315	full	kaua	kau-á
taiwanese-basic:2315	prefix	ka	kau-á
taiwanese-basic:2315	initials	ka	kau-á
taiwanese-basic:2350	full	kauh	kauh
taiwanese-basic:2350	prefix	ka	kauh
taiwanese-basic:2350	initials	k	kauh
taiwanese-basic:2351	full	kauh	ka̍uh
taiwanese-basic:2351	prefix	ka	ka̍uh
taiwanese-basic:2351	initials	k	ka̍uh
taiwanese-basic:2214	full	kanngak	kaⁿ-ga̍k
taiwanese-basic:2214	prefix	kann	kaⁿ-ga̍k
taiwanese-basic:2214	initials	kg	kaⁿ-ga̍k
taiwanese-basic:2214	full	kanngek	kaⁿ-ge̍k
taiwanese-basic:2214	prefix	kann	kaⁿ-ge̍k
taiwanese-basic:2214	initials	kg	kaⁿ-ge̍k
taiwanese-basic:2352	full	ke	ke
taiwanese-basic:2352	prefix	k	ke
taiwanese-basic:2352	initials	k	ke
taiwanese-basic:2372	full	kechhengsann	ke chhēng saⁿ
taiwanese-basic:2372	prefix	kechhe	ke chhēng saⁿ
taiwanese-basic:2372	initials	kcs	ke chhēng saⁿ
taiwanese-basic:2370	full	kechinho	ke chin hó
taiwanese-basic:2370	prefix	kech	ke chin hó
taiwanese-basic:2370	initials	kch	ke chin hó
taiwanese-basic:2371	full	kechinkui	ke chin kùi
taiwanese-basic:2371	prefix	kechi	ke chin kùi
taiwanese-basic:2371	initials	kck	ke chin kùi
taiwanese-basic:3550	full	kenng	ke nn̄g
taiwanese-basic:3550	prefix	ken	ke nn̄g
taiwanese-basic:3550	initials	kn	ke nn̄g
taiwanese-basic:4833	full	kethi	ke thî
taiwanese-basic:4833	prefix	ket	ke thî
taiwanese-basic:4833	initials	kt	ke thî
taiwanese-basic:132	full	kebah	ke-bah
taiwanese-basic:132	prefix	keb	ke-bah
taiwanese-basic:132	initials	kb	ke-bah
taiwanese-basic:2355	full	kebo	ke-bó
taiwanese-basic:2355	prefix	ke	ke-bó
taiwanese-basic:2355	initials	kb	ke-bó
taiwanese-basic:2355	full	kebu	ke-bú
taiwanese-basic:2355	prefix	ke	ke-bú
taiwanese-basic:2355	initials	kb	ke-bú
taiwanese-basic:2379	full	kehoe	ke-hóe
taiwanese-basic:2379	prefix	keh	ke-hóe
taiwanese-basic:2379	initials	kh	ke-hóe
taiwanese-basic:2353	full	kekang	ke-kang
taiwanese-basic:2353	prefix	kek	ke-kang
taiwanese-basic:2353	initials	kk	ke-kang
taiwanese-basic:2396	full	kekhi	ke-khì
taiwanese-basic:2396	prefix	kek	ke-khì
taiwanese-basic:2396	initials	kk	ke-khì
taiwanese-basic:2380	full	kekiam	ke-kiám
taiwanese-basic:2380	prefix	kek	ke-kiám
taiwanese-basic:2380	initials	kk	ke-kiám
taiwanese-basic:2388	full	kekui	ke-kui
taiwanese-basic:2388	prefix	kek	ke-kui
taiwanese-basic:2388	initials	kk	ke-kui
taiwanese-basic:2391	full	kekuia	ke-kui-á
taiwanese-basic:2391	prefix	kek	ke-kui-á
taiwanese-basic:2391	initials	kka	ke-kui-á
taiwanese-basic:2390	full	kekuiasian	ke-kui-á-sian
taiwanese-basic:2390	prefix	kekui	ke-kui-á-sian
taiwanese-basic:2390	initials	kkas	ke-kui-á-sian
taiwanese-basic:2741	full	kelang	ke-lâng
taiwanese-basic:2741	prefix	kel	ke-lâng
taiwanese-basic:2741	initials	kl	ke-lâng
taiwanese-basic:662	full	kemngchheng	ke-mn̂g-chhéng
taiwanese-basic:662	prefix	kemngc	ke-mn̂g-chhéng
taiwanese-basic:662	initials	kmc	ke-mn̂g-chhéng
taiwanese-basic:3459	full	kemoochheng	ke-mô͘-chhéng
taiwanese-basic:3459	prefix	kemooc	ke-mô͘-chhéng
taiwanese-basic:3459	initials	kmc	ke-mô͘-chhéng
taiwanese-basic:2358	full	kenng	ke-nn̄g
taiwanese-basic:2358	prefix	ken	ke-nn̄g
taiwanese-basic:2358	initials	kn	ke-nn̄g
taiwanese-basic:2365	full	kenngpau	ke-nn̄g pau
taiwanese-basic:2365	prefix	kenn	ke-nn̄g pau
taiwanese-basic:2365	initials	knp	ke-nn̄g pau
taiwanese-basic:2357	full	kenngko	ke-nn̄g-ko
taiwanese-basic:2357	prefix	kenn	ke-nn̄g-ko
taiwanese-basic:2357	initials	knk	ke-nn̄g-ko
taiwanese-basic:2354	full	kenoa	ke-nòa
taiwanese-basic:2354	prefix	ken	ke-nòa
taiwanese-basic:2354	initials	kn	ke-nòa
taiwanese-basic:2395	full	kesi	ke-si
taiwanese-basic:2395	prefix	ke	ke-si
taiwanese-basic:2395	initials	ks	ke-si
taiwanese-basic:4851	full	kethinn	ke-thiⁿ
taiwanese-basic:4851	prefix	keth	ke-thiⁿ
taiwanese-basic:4851	initials	kt	ke-thiⁿ
taiwanese-basic:2187	full	keteng	ke-têng
taiwanese-basic:2187	prefix	ket	ke-têng
taiwanese-basic:2187	initials	kt	ke-têng
taiwanese-basic:2392	full	kea	ke-á
taiwanese-basic:2392	prefix	ke	ke-á
taiwanese-basic:2392	initials	ka	ke-á
taiwanese-basic:2356	full	keakiann	ke-á-kiáⁿ
taiwanese-basic:2356	prefix	keak	ke-á-kiáⁿ
taiwanese-basic:2356	initials	kak	ke-á-kiáⁿ
taiwanese-basic:2393	full	kealoo	ke-á-lō͘
taiwanese-basic:2393	prefix	kea	ke-á-lō͘
taiwanese-basic:2393	initials	kal	ke-á-lō͘
taiwanese-basic:2405	full	keh	keh
taiwanese-basic:2405	prefix	ke	keh
taiwanese-basic:2405	initials	k	keh
taiwanese-basic:2408	full	kehnngjit	keh nn̄g-ji̍t
taiwanese-basic:2408	prefix	kehnn	keh nn̄g-ji̍t
taiwanese-basic:2408	initials	knj	keh nn̄g-ji̍t
taiwanese-basic:2409	full	kehsannjit	keh saⁿ-ji̍t
taiwanese-basic:2409	prefix	kehsa	keh saⁿ-ji̍t
taiwanese-basic:2409	initials	ksj	keh saⁿ-ji̍t
taiwanese-basic:2407	full	kehjit	keh-ji̍t
taiwanese-basic:2407	prefix	keh	keh-ji̍t
taiwanese-basic:2407	initials	kj	keh-ji̍t
taiwanese-basic:2410	full	kehli	keh-lī
taiwanese-basic:2410	prefix	keh	keh-lī
taiwanese-basic:2410	initials	kl	keh-lī
taiwanese-basic:3423	full	kehme	keh-mê
taiwanese-basic:3423	prefix	keh	keh-mê
taiwanese-basic:3423	initials	km	keh-mê
taiwanese-basic:2406	full	kehpiah	keh-piah
taiwanese-basic:2406	prefix	kehp	keh-piah
taiwanese-basic:2406	initials	kp	keh-piah
taiwanese-basic:2997	full	kehpiahhitkhamtiam	keh-piah hit khám tiàm
taiwanese-basic:2997	prefix	kehpiahhi	keh-piah hit khám tiàm
taiwanese-basic:2997	initials	kphkt	keh-piah hit khám tiàm
taiwanese-basic:2413	full	kek	kek
taiwanese-basic:2413	prefix	ke	kek
taiwanese-basic:2413	initials	k	kek
taiwanese-basic:2416	full	kengchio	keng-chio
taiwanese-basic:2416	prefix	keng	keng-chio
taiwanese-basic:2416	initials	kc	keng-chio
taiwanese-basic:2420	full	kengche	keng-chè
taiwanese-basic:2420	prefix	keng	keng-chè
taiwanese-basic:2420	initials	kc	keng-chè
taiwanese-basic:2421	full	kenggiam	keng-giām
taiwanese-basic:2421	prefix	keng	keng-giām
taiwanese-basic:2421	initials	kg	keng-giām
taiwanese-basic:2426	full	kenghui	keng-hùi
taiwanese-basic:2426	prefix	keng	keng-hùi
taiwanese-basic:2426	initials	kh	keng-hùi
taiwanese-basic:2419	full	kengkoe	keng-kòe
taiwanese-basic:2419	prefix	keng	keng-kòe
taiwanese-basic:2419	initials	kk	keng-kòe
taiwanese-basic:3251	full	kenglek	keng-le̍k
taiwanese-basic:3251	prefix	keng	keng-le̍k
taiwanese-basic:3251	initials	kl	keng-le̍k
taiwanese-basic:2434	full	kengthau	keng-thâu
taiwanese-basic:2434	prefix	keng	keng-thâu
taiwanese-basic:2434	initials	kt	keng-thâu
taiwanese-basic:2411	full	kek	ke̍k
taiwanese-basic:2411	prefix	ke	ke̍k
taiwanese-basic:2411	initials	k	ke̍k
taiwanese-basic:2412	full	keksui	ke̍k-súi
taiwanese-basic:2412	prefix	kek	ke̍k-súi
taiwanese-basic:2412	initials	ks	ke̍k-súi
taiwanese-basic:38	full	kekai	ke̍k-ài
taiwanese-basic:38	prefix	kek	ke̍k-ài
taiwanese-basic:38	initials	ka	ke̍k-ài
taiwanese-basic:2436	full	kha	kha
taiwanese-basic:2436	prefix	kh	kha
taiwanese-basic:2436	initials	k	kha
taiwanese-basic:1123	full	khachngthaua	kha chńg-thâu-á
taiwanese-basic:1123	prefix	khachn	kha chńg-thâu-á
taiwanese-basic:1123	initials	kcta	kha chńg-thâu-á
taiwanese-basic:2449	full	khachhiu	kha-chhiú
taiwanese-basic:2449	prefix	khac	kha-chhiú
taiwanese-basic:2449	initials	kc	kha-chhiú
taiwanese-basic:2450	full	khachhng	kha-chhng
taiwanese-basic:2450	prefix	khac	kha-chhng
taiwanese-basic:2450	initials	kc	kha-chhng
taiwanese-basic:2451	full	khachhngtng	kha-chhng tn̂g
taiwanese-basic:2451	prefix	khachh	kha-chhng tn̂g
taiwanese-basic:2451	initials	kct	kha-chhng tn̂g
taiwanese-basic:2444	full	khachiahphiann	kha-chiah-phiaⁿ
taiwanese-basic:2444	prefix	khachia	kha-chiah-phiaⁿ
taiwanese-basic:2444	initials	kcp	kha-chiah-phiaⁿ
taiwanese-basic:5361	full	khakiutui	kha-kiû-tūi
taiwanese-basic:5361	prefix	khaki	kha-kiû-tūi
taiwanese-basic:5361	initials	kkt	kha-kiû-tūi
taiwanese-basic:3109	full	khakut	kha-kut
taiwanese-basic:3109	prefix	kha	kha-kut
taiwanese-basic:3109	initials	kk	kha-kut
taiwanese-basic:3928	full	khapoosiann	kha-pō͘-siaⁿ
taiwanese-basic:3928	prefix	khapoo	kha-pō͘-siaⁿ
taiwanese-basic:3928	initials	kps	kha-pō͘-siaⁿ
taiwanese-basic:2442	full	khatahchhia	kha-tah-chhia
taiwanese-basic:2442	prefix	khatah	kha-tah-chhia
taiwanese-basic:2442	initials	ktc	kha-tah-chhia
taiwanese-basic:4523	full	khatahchhia	kha-ta̍h-chhia
taiwanese-basic:4523	prefix	khatah	kha-ta̍h-chhia
taiwanese-basic:4523	initials	ktc	kha-ta̍h-chhia
taiwanese-basic:4997	full	khathui	kha-thúi
taiwanese-basic:4997	prefix	khat	kha-thúi
taiwanese-basic:4997	initials	kt	kha-thúi
taiwanese-basic:2443	full	khatong	kha-tòng
taiwanese-basic:2443	prefix	khat	kha-tòng
taiwanese-basic:2443	initials	kt	kha-tòng
taiwanese-basic:2452	full	khah	khah
taiwanese-basic:2452	prefix	kh	khah
taiwanese-basic:2452	initials	k	khah
taiwanese-basic:1323	full	khahboeng	khah bô êng
taiwanese-basic:1323	prefix	khahb	khah bô êng
taiwanese-basic:1323	initials	kbe	khah bô êng
taiwanese-basic:34	full	khahboai	khah bô-ài
taiwanese-basic:34	prefix	khah	khah bô-ài
taiwanese-basic:34	initials	kba	khah bô-ài
taiwanese-basic:1293	full	khahbe	khah bē
taiwanese-basic:1293	prefix	kha	khah bē
taiwanese-basic:1293	initials	kb	khah bē
taiwanese-basic:2455	full	khahchaiiann	khah chai-iáⁿ
taiwanese-basic:2455	prefix	khahch	khah chai-iáⁿ
taiwanese-basic:2455	initials	kci	khah chai-iáⁿ
taiwanese-basic:2462	full	khahchhinnchhiunn	khah chhiⁿ-chhiūⁿ
taiwanese-basic:2462	prefix	khahchhin	khah chhiⁿ-chhiūⁿ
taiwanese-basic:2462	initials	kcc	khah chhiⁿ-chhiūⁿ
taiwanese-basic:2485	full	khahchhutlat	khah chhut la̍t
taiwanese-basic:2485	prefix	khahch	khah chhut la̍t
taiwanese-basic:2485	initials	kcl	khah chhut la̍t
taiwanese-basic:2463	full	khahhochiah	khah hó chia̍h
taiwanese-basic:2463	prefix	khahho	khah hó chia̍h
taiwanese-basic:2463	initials	khc	khah hó chia̍h
taiwanese-basic:2488	full	khahiann	khah iâⁿ
taiwanese-basic:2488	prefix	khah	khah iâⁿ
taiwanese-basic:2488	initials	ki	khah iâⁿ
taiwanese-basic:2464	full	khahkhoah	khah khoah
taiwanese-basic:2464	prefix	khahk	khah khoah
taiwanese-basic:2464	initials	kk	khah khoah
taiwanese-basic:2484	full	khahkhui	khah khui
taiwanese-basic:2484	prefix	khah	khah khui
taiwanese-basic:2484	initials	kk	khah khui
taiwanese-basic:2466	full	khahkhi	khah khì
taiwanese-basic:2466	prefix	khah	khah khì
taiwanese-basic:2466	initials	kk	khah khì
taiwanese-basic:2465	full	khahkui	khah kùi
taiwanese-basic:2465	prefix	khah	khah kùi
taiwanese-basic:2465	initials	kk	khah kùi
taiwanese-basic:3051	full	khahku	khah kú
taiwanese-basic:3051	prefix	kha	khah kú
taiwanese-basic:3051	initials	kk	khah kú
taiwanese-basic:2478	full	khahlai	khah lâi
taiwanese-basic:2478	prefix	khah	khah lâi
taiwanese-basic:2478	initials	kl	khah lâi
taiwanese-basic:2480	full	khahlau	khah lāu
taiwanese-basic:2480	prefix	khah	khah lāu
taiwanese-basic:2480	initials	kl	khah lāu
taiwanese-basic:2486	full	khahsiok	khah sio̍k
taiwanese-basic:2486	prefix	khah	khah sio̍k
taiwanese-basic:2486	initials	ks	khah sio̍k
taiwanese-basic:2469	full	khahsitle	khah sit-lé
taiwanese-basic:2469	prefix	khahs	khah sit-lé
taiwanese-basic:2469	initials	ksl	khah sit-lé
taiwanese-basic:4211	full	khahsiamle	khah siám lè
taiwanese-basic:4211	prefix	khahs	khah siám lè
taiwanese-basic:4211	initials	ksl	khah siám lè
taiwanese-basic:4863	full	khahthiannchhuileh	khah thiaⁿ chhùi--leh
taiwanese-basic:4863	prefix	khahthian	khah thiaⁿ chhùi--leh
taiwanese-basic:4863	initials	ktcl	khah thiaⁿ chhùi--leh
taiwanese-basic:2479	full	khahtoahan	khah tōa hàn
taiwanese-basic:2479	prefix	khaht	khah tōa hàn
taiwanese-basic:2479	initials	kth	khah tōa hàn
taiwanese-basic:2454	full	khahai	khah ài
taiwanese-basic:2454	prefix	kha	khah ài
taiwanese-basic:2454	initials	ka	khah ài
taiwanese-basic:2483	full	khahoa	khah óa
taiwanese-basic:2483	prefix	kha	khah óa
taiwanese-basic:2483	initials	ko	khah óa
taiwanese-basic:3571	full	khahoalai	khah óa lâi
taiwanese-basic:3571	prefix	khaho	khah óa lâi
taiwanese-basic:3571	initials	kol	khah óa lâi
taiwanese-basic:1292	full	khahe	khah ē
taiwanese-basic:1292	prefix	kha	khah ē
taiwanese-basic:1292	initials	ke	khah ē
taiwanese-basic:2458	full	khahelohhoo	khah ē lo̍h hō͘
taiwanese-basic:2458	prefix	khahel	khah ē lo̍h hō͘
taiwanese-basic:2458	initials	kelh	khah ē lo̍h hō͘
taiwanese-basic:2459	full	khahetang	khah ē tàng
taiwanese-basic:2459	prefix	khahe	khah ē tàng
taiwanese-basic:2459	initials	ket	khah ē tàng
taiwanese-basic:2457	full	khahehiau	khah ē-hiáu
taiwanese-basic:2457	prefix	khahe	khah ē-hiáu
taiwanese-basic:2457	initials	keh	khah ē-hiáu
taiwanese-basic:2461	full	khahuchinn	khah ū chîⁿ
taiwanese-basic:2461	prefix	khahu	khah ū chîⁿ
taiwanese-basic:2461	initials	kuc	khah ū chîⁿ
taiwanese-basic:2460	full	khahulangkong	khah ū lâng kóng
taiwanese-basic:2460	prefix	khahula	khah ū lâng kóng
taiwanese-basic:2460	initials	kulk	khah ū lâng kóng
taiwanese-basic:1322	full	khahueng	khah ū êng
taiwanese-basic:1322	prefix	khah	khah ū êng
taiwanese-basic:1322	initials	kue	khah ū êng
taiwanese-basic:2490	full	khahbian	khah-bián
taiwanese-basic:2490	prefix	khah	khah-bián
taiwanese-basic:2490	initials	kb	khah-bián
taiwanese-basic:2472	full	khahcha	khah-chá
taiwanese-basic:2472	prefix	khah	khah-chá
taiwanese-basic:2472	initials	kc	khah-chá
taiwanese-basic:2489	full	khahsu	khah-su
taiwanese-basic:2489	prefix	kha	khah-su
taiwanese-basic:2489	initials	ks	khah-su
taiwanese-basic:2491	full	khahthenga	khah-thêng-á
taiwanese-basic:2491	prefix	khaht	khah-thêng-á
taiwanese-basic:2491	initials	kta	khah-thêng-á
taiwanese-basic:33	full	khahai	khah-ài
taiwanese-basic:33	prefix	kha	khah-ài
taiwanese-basic:33	initials	ka	khah-ài
taiwanese-basic:2495	full	khaihoe	khai hōe
taiwanese-basic:2495	prefix	khai	khai hōe
taiwanese-basic:2495	initials	kh	khai hōe
taiwanese-basic:2497	full	khaiboo	khai-bō͘
taiwanese-basic:2497	prefix	khai	khai-bō͘
taiwanese-basic:2497	initials	kb	khai-bō͘
taiwanese-basic:2498	full	khaibootianle	khai-bō͘ tián-lé
taiwanese-basic:2498	prefix	khaiboo	khai-bō͘ tián-lé
taiwanese-basic:2498	initials	kbtl	khai-bō͘ tián-lé
taiwanese-basic:2494	full	khaichinn	khai-chîⁿ
taiwanese-basic:2494	prefix	khaic	khai-chîⁿ
taiwanese-basic:2494	initials	kc	khai-chîⁿ
taiwanese-basic:1730	full	khaihoe	khai-hōe
taiwanese-basic:1730	prefix	khai	khai-hōe
taiwanese-basic:1730	initials	kh	khai-hōe
taiwanese-basic:2496	full	khaisi	khai-sí
taiwanese-basic:2496	prefix	kha	khai-sí
taiwanese-basic:2496	initials	ks	khai-sí
taiwanese-basic:2499	full	khak	khak
taiwanese-basic:2499	prefix	kh	khak
taiwanese-basic:2499	initials	k	khak
taiwanese-basic:1713	full	khan	khan
taiwanese-basic:1713	prefix	kh	khan
taiwanese-basic:1713	initials	k	khan
taiwanese-basic:4041	full	khantianhoesaihu	khan tiān hóe sai-hū
taiwanese-basic:4041	prefix	khantian	khan tiān hóe sai-hū
taiwanese-basic:4041	initials	kthsh	khan tiān hóe sai-hū
taiwanese-basic:5109	full	khantianhoe	khan tiān-hóe
taiwanese-basic:5109	prefix	khanti	khan tiān-hóe
taiwanese-basic:5109	initials	kth	khan tiān-hóe
taiwanese-basic:5110	full	khantianhoesaihu	khan tiān-hóe sai-hū
taiwanese-basic:5110	prefix	khantian	khan tiān-hóe sai-hū
taiwanese-basic:5110	initials	kthsh	khan tiān-hóe sai-hū
taiwanese-basic:2509	full	khanchhiu	khan-chhiú
taiwanese-basic:2509	prefix	khanc	khan-chhiú
taiwanese-basic:2509	initials	kc	khan-chhiú
taiwanese-basic:2510	full	khang	khang
taiwanese-basic:2510	prefix	kha	khang
taiwanese-basic:2510	initials	k	khang
taiwanese-basic:2520	full	khangsiunna	khang siuⁿ-á
taiwanese-basic:2520	prefix	khangs	khang siuⁿ-á
taiwanese-basic:2520	initials	ksa	khang siuⁿ-á
taiwanese-basic:2521	full	khangkeng	khang-keng
taiwanese-basic:2521	prefix	khang	khang-keng
taiwanese-basic:2521	initials	kk	khang-keng
taiwanese-basic:2518	full	khangkhang	khang-khang
taiwanese-basic:2518	prefix	khang	khang-khang
taiwanese-basic:2518	initials	kk	khang-khang
taiwanese-basic:2279	full	khangkhoe	khang-khòe
taiwanese-basic:2279	prefix	khang	khang-khòe
taiwanese-basic:2279	initials	kk	khang-khòe
taiwanese-basic:2522	full	khap	khap
taiwanese-basic:2522	prefix	kh	khap
taiwanese-basic:2522	initials	k	khap
taiwanese-basic:2526	full	khau	khau
taiwanese-basic:2526	prefix	kh	khau
taiwanese-basic:2526	initials	k	khau
taiwanese-basic:2527	full	khauto	khau-to
taiwanese-basic:2527	prefix	kha	khau-to
taiwanese-basic:2527	initials	kt	khau-to
taiwanese-basic:2523	full	khap	kha̍p
taiwanese-basic:2523	prefix	kh	kha̍p
taiwanese-basic:2523	initials	k	kha̍p
taiwanese-basic:2528	full	khe	khe
taiwanese-basic:2528	prefix	kh	khe
taiwanese-basic:2528	initials	k	khe
taiwanese-basic:2535	full	kheh	kheh
taiwanese-basic:2535	prefix	kh	kheh
taiwanese-basic:2535	initials	k	kheh
taiwanese-basic:2531	full	khehkhi	kheh-khì
taiwanese-basic:2531	prefix	kheh	kheh-khì
taiwanese-basic:2531	initials	kk	kheh-khì
taiwanese-basic:2534	full	khehthiann	kheh-thiaⁿ
taiwanese-basic:2534	prefix	kheht	kheh-thiaⁿ
taiwanese-basic:2534	initials	kt	kheh-thiaⁿ
taiwanese-basic:804	full	khekpoann	khek-pôaⁿ
taiwanese-basic:804	prefix	khekp	khek-pôaⁿ
taiwanese-basic:804	initials	kp	khek-pôaⁿ
taiwanese-basic:2539	full	kheng	kheng
taiwanese-basic:2539	prefix	khe	kheng
taiwanese-basic:2539	initials	k	kheng
taiwanese-basic:2543	full	khengsi	kheng-sī
taiwanese-basic:2543	prefix	khen	kheng-sī
taiwanese-basic:2543	initials	ks	kheng-sī
taiwanese-basic:2576	full	khi	khi
taiwanese-basic:2576	prefix	kh	khi
taiwanese-basic:2576	initials	k	khi
taiwanese-basic:2570	full	khiphian	khi-phiàn
taiwanese-basic:2570	prefix	khip	khi-phiàn
taiwanese-basic:2570	initials	kp	khi-phiàn
taiwanese-basic:2583	full	khia	khia
taiwanese-basic:2583	prefix	kh	khia
taiwanese-basic:2583	initials	k	khia
taiwanese-basic:2587	full	khiampi	khiam-pi
taiwanese-basic:2587	prefix	khia	khiam-pi
taiwanese-basic:2587	initials	kp	khiam-pi
taiwanese-basic:2588	full	khiamse	khiam-sè
taiwanese-basic:2588	prefix	khia	khiam-sè
taiwanese-basic:2588	initials	ks	khiam-sè
taiwanese-basic:2589	full	khiapsi	khiap-sì
taiwanese-basic:2589	prefix	khia	khiap-sì
taiwanese-basic:2589	initials	ks	khiap-sì
taiwanese-basic:2591	full	khiau	khiau
taiwanese-basic:2591	prefix	khi	khiau
taiwanese-basic:2591	initials	k	khiau
taiwanese-basic:2595	full	khin	khin
taiwanese-basic:2595	prefix	kh	khin
taiwanese-basic:2595	initials	k	khin
taiwanese-basic:2596	full	khioh	khioh
taiwanese-basic:2596	prefix	khi	khioh
taiwanese-basic:2596	initials	k	khioh
taiwanese-basic:2597	full	khitchiah	khit-chia̍h
taiwanese-basic:2597	prefix	khitc	khit-chia̍h
taiwanese-basic:2597	initials	kc	khit-chia̍h
taiwanese-basic:2599	full	khiunn	khiuⁿ
taiwanese-basic:2599	prefix	khi	khiuⁿ
taiwanese-basic:2599	initials	k	khiuⁿ
taiwanese-basic:2586	full	khiam	khiàm
taiwanese-basic:2586	prefix	khi	khiàm
taiwanese-basic:2586	initials	k	khiàm
taiwanese-basic:2590	full	khiau	khiáu
taiwanese-basic:2590	prefix	khi	khiáu
taiwanese-basic:2590	initials	k	khiáu
taiwanese-basic:2579	full	khia	khiâ
taiwanese-basic:2579	prefix	kh	khiâ
taiwanese-basic:2579	initials	k	khiâ
taiwanese-basic:191	full	khiabe	khiâ bé
taiwanese-basic:191	prefix	khi	khiâ bé
taiwanese-basic:191	initials	kb	khiâ bé
taiwanese-basic:2581	full	khiathihbe	khiâ thih-bé
taiwanese-basic:2581	prefix	khiat	khiâ thih-bé
taiwanese-basic:2581	initials	ktb	khiâ thih-bé
taiwanese-basic:2580	full	khiabe	khiâ-bé
taiwanese-basic:2580	prefix	khi	khiâ-bé
taiwanese-basic:2580	initials	kb	khiâ-bé
taiwanese-basic:2592	full	khiau	khiâu
taiwanese-basic:2592	prefix	khi	khiâu
taiwanese-basic:2592	initials	k	khiâu
taiwanese-basic:2582	full	khia	khiā
taiwanese-basic:2582	prefix	kh	khiā
taiwanese-basic:2582	initials	k	khiā
taiwanese-basic:208	full	khiabetiau	khiā bē-tiâu
taiwanese-basic:208	prefix	khiab	khiā bē-tiâu
taiwanese-basic:208	initials	kbt	khiā bē-tiâu
taiwanese-basic:2552	full	khiakhilai	khiā--khí-lâi
taiwanese-basic:2552	prefix	khiak	khiā--khí-lâi
taiwanese-basic:2552	initials	kkl	khiā--khí-lâi
taiwanese-basic:2584	full	khiake	khiā-ke
taiwanese-basic:2584	prefix	khi	khiā-ke
taiwanese-basic:2584	initials	kk	khiā-ke
taiwanese-basic:2585	full	khiam	khiām
taiwanese-basic:2585	prefix	khi	khiām
taiwanese-basic:2585	initials	k	khiām
taiwanese-basic:2614	full	khobak	kho ba̍k
taiwanese-basic:2614	prefix	kho	kho ba̍k
taiwanese-basic:2614	initials	kb	kho ba̍k
taiwanese-basic:2615	full	khohak	kho-ha̍k
taiwanese-basic:2615	prefix	kho	kho-ha̍k
taiwanese-basic:2615	initials	kh	kho-ha̍k
taiwanese-basic:2664	full	khoah	khoah
taiwanese-basic:2664	prefix	kho	khoah
taiwanese-basic:2664	initials	k	khoah
taiwanese-basic:2678	full	khoanbian	khoan-bián
taiwanese-basic:2678	prefix	khoan	khoan-bián
taiwanese-basic:2678	initials	kb	khoan-bián
taiwanese-basic:2683	full	khoattiam	khoat-tiám
taiwanese-basic:2683	prefix	khoat	khoat-tiám
taiwanese-basic:2683	initials	kt	khoat-tiám
taiwanese-basic:2684	full	khoatteng	khoat-tēng
taiwanese-basic:2684	prefix	khoat	khoat-tēng
taiwanese-basic:2684	initials	kt	khoat-tēng
taiwanese-basic:2663	full	khoannkhoann	khoaⁿ-khoaⁿ
taiwanese-basic:2663	prefix	khoann	khoaⁿ-khoaⁿ
taiwanese-basic:2663	initials	kk	khoaⁿ-khoaⁿ
taiwanese-basic:2685	full	khoesinn	khoe-sìⁿ
taiwanese-basic:2685	prefix	khoe	khoe-sìⁿ
taiwanese-basic:2685	initials	ks	khoe-sìⁿ
taiwanese-basic:2688	full	khongkhi	khong-khì
taiwanese-basic:2688	prefix	khon	khong-khì
taiwanese-basic:2688	initials	kk	khong-khì
taiwanese-basic:2693	full	khongkian	khong-kiān
taiwanese-basic:2693	prefix	khong	khong-kiān
taiwanese-basic:2693	initials	kk	khong-kiān
taiwanese-basic:2697	full	khongkun	khong-kun
taiwanese-basic:2697	prefix	khon	khong-kun
taiwanese-basic:2697	initials	kk	khong-kun
taiwanese-basic:2695	full	khongsip	khong-si̍p
taiwanese-basic:2695	prefix	khon	khong-si̍p
taiwanese-basic:2695	initials	ks	khong-si̍p
taiwanese-basic:2430	full	khongsipkengpo	khong-si̍p kèng-pò
taiwanese-basic:2430	prefix	khongsi	khong-si̍p kèng-pò
taiwanese-basic:2430	initials	kskp	khong-si̍p kèng-pò
taiwanese-basic:2694	full	khongtiong	khong-tiong
taiwanese-basic:2694	prefix	khong	khong-tiong
taiwanese-basic:2694	initials	kt	khong-tiong
taiwanese-basic:2665	full	khoai	khoài
taiwanese-basic:2665	prefix	kho	khoài
taiwanese-basic:2665	initials	k	khoài
taiwanese-basic:2666	full	khoaichhia	khoài chhia
taiwanese-basic:2666	prefix	khoai	khoài chhia
taiwanese-basic:2666	initials	kc	khoài chhia
taiwanese-basic:2668	full	khoailok	khoài-lo̍k
taiwanese-basic:2668	prefix	khoa	khoài-lo̍k
taiwanese-basic:2668	initials	kl	khoài-lo̍k
taiwanese-basic:2669	full	khoaisin	khoài-sìn
taiwanese-basic:2669	prefix	khoa	khoài-sìn
taiwanese-basic:2669	initials	ks	khoài-sìn
taiwanese-basic:2677	full	khoanko	khoàn-kò
taiwanese-basic:2677	prefix	khoa	khoàn-kò
taiwanese-basic:2677	initials	kk	khoàn-kò
taiwanese-basic:2670	full	khoan	khoán
taiwanese-basic:2670	prefix	kho	khoán
taiwanese-basic:2670	initials	k	khoán
taiwanese-basic:2679	full	khoanthai	khoán-thāi
taiwanese-basic:2679	prefix	khoan	khoán-thāi
taiwanese-basic:2679	initials	kt	khoán-thāi
taiwanese-basic:2620	full	khoo	kho͘
taiwanese-basic:2620	prefix	kh	kho͘
taiwanese-basic:2620	initials	k	kho͘
taiwanese-basic:3931	full	khoopoann	kho͘ pòaⁿ
taiwanese-basic:3931	prefix	khoop	kho͘ pòaⁿ
taiwanese-basic:3931	initials	kp	kho͘ pòaⁿ
taiwanese-basic:2698	full	khu	khu
taiwanese-basic:2698	prefix	kh	khu
taiwanese-basic:2698	initials	k	khu
taiwanese-basic:2700	full	khutiunn	khu-tiúⁿ
taiwanese-basic:2700	prefix	khut	khu-tiúⁿ
taiwanese-basic:2700	initials	kt	khu-tiúⁿ
taiwanese-basic:2705	full	khui	khui
taiwanese-basic:2705	prefix	kh	khui
taiwanese-basic:2705	initials	k	khui
taiwanese-basic:5035	full	khuihiti	khui hî-tî
taiwanese-basic:5035	prefix	khui	khui hî-tî
taiwanese-basic:5035	initials	kht	khui hî-tî
taiwanese-basic:2495	full	khuihoe	khui hōe
taiwanese-basic:2495	prefix	khui	khui hōe
taiwanese-basic:2495	initials	kh	khui hōe
taiwanese-basic:2709	full	khuikoanthau	khui koàn-thâu
taiwanese-basic:2709	prefix	khuiko	khui koàn-thâu
taiwanese-basic:2709	initials	kkt	khui koàn-thâu
taiwanese-basic:2710	full	khuikoanthaue	khui koàn-thâu--ê
taiwanese-basic:2710	prefix	khuikoa	khui koàn-thâu--ê
taiwanese-basic:2710	initials	kkte	khui koàn-thâu--ê
taiwanese-basic:2707	full	khuimng	khui mn̂g
taiwanese-basic:2707	prefix	khui	khui mn̂g
taiwanese-basic:2707	initials	km	khui mn̂g
taiwanese-basic:2708	full	khuithangamng	khui thang-á-mn̂g
taiwanese-basic:2708	prefix	khuitha	khui thang-á-mn̂g
taiwanese-basic:2708	initials	ktam	khui thang-á-mn̂g
taiwanese-basic:1729	full	khuihoe	khui-hoe
taiwanese-basic:1729	prefix	khui	khui-hoe
taiwanese-basic:1729	initials	kh	khui-hoe
taiwanese-basic:2713	full	khuihoe	khui-hōe
taiwanese-basic:2713	prefix	khui	khui-hōe
taiwanese-basic:2713	initials	kh	khui-hōe
taiwanese-basic:2511	full	khuikhang	khui-khang
taiwanese-basic:2511	prefix	khuik	khui-khang
taiwanese-basic:2511	initials	kk	khui-khang
taiwanese-basic:2714	full	khuioh	khui-o̍h
taiwanese-basic:2714	prefix	khu	khui-o̍h
taiwanese-basic:2714	initials	ko	khui-o̍h
taiwanese-basic:5307	full	khuitoann	khui-toaⁿ
taiwanese-basic:5307	prefix	khuit	khui-toaⁿ
taiwanese-basic:5307	initials	kt	khui-toaⁿ
taiwanese-basic:2445	full	kha	khà
taiwanese-basic:2445	prefix	kh	khà
taiwanese-basic:2445	initials	k	khà
taiwanese-basic:2448	full	khacheng	khà cheng
taiwanese-basic:2448	prefix	khac	khà cheng
taiwanese-basic:2448	initials	kc	khà cheng
taiwanese-basic:2446	full	khatianpo	khà tiān-pò
taiwanese-basic:2446	prefix	khati	khà tiān-pò
taiwanese-basic:2446	initials	ktp	khà tiān-pò
taiwanese-basic:2447	full	khatianoe	khà tiān-ōe
taiwanese-basic:2447	prefix	khati	khà tiān-ōe
taiwanese-basic:2447	initials	kto	khà tiān-ōe
taiwanese-basic:3733	full	khacheng	khà-cheng
taiwanese-basic:3733	prefix	khac	khà-cheng
taiwanese-basic:3733	initials	kc	khà-cheng
taiwanese-basic:2505	full	kham	khàm
taiwanese-basic:2505	prefix	kh	khàm
taiwanese-basic:2505	initials	k	khàm
taiwanese-basic:2516	full	khang	khàng
taiwanese-basic:2516	prefix	kha	khàng
taiwanese-basic:2516	initials	k	khàng
taiwanese-basic:2517	full	khangphinnkhang	khàng phīⁿ khang
taiwanese-basic:2517	prefix	khangphi	khàng phīⁿ khang
taiwanese-basic:2517	initials	kpk	khàng phīⁿ khang
taiwanese-basic:2524	full	khau	khàu
taiwanese-basic:2524	prefix	kh	khàu
taiwanese-basic:2524	initials	k	khàu
taiwanese-basic:2506	full	kham	khám
taiwanese-basic:2506	prefix	kh	khám
taiwanese-basic:2506	initials	k	khám
taiwanese-basic:2530	full	kheiok	khè-iok
taiwanese-basic:2530	prefix	khe	khè-iok
taiwanese-basic:2530	initials	ki	khè-iok
taiwanese-basic:1052	full	khengchiok	khèng-chiok
taiwanese-basic:1052	prefix	kheng	khèng-chiok
taiwanese-basic:1052	initials	kc	khèng-chiok
taiwanese-basic:2537	full	kheng	khéng
taiwanese-basic:2537	prefix	khe	khéng
taiwanese-basic:2537	initials	k	khéng
taiwanese-basic:2544	full	khi	khì
taiwanese-basic:2544	prefix	kh	khì
taiwanese-basic:2544	initials	k	khì
taiwanese-basic:1565	full	khihia	khì hia
taiwanese-basic:1565	prefix	khi	khì hia
taiwanese-basic:1565	initials	kh	khì hia
taiwanese-basic:1854	full	khihunlian	khì hùn-liān
taiwanese-basic:1854	prefix	khihu	khì hùn-liān
taiwanese-basic:1854	initials	khl	khì hùn-liān
taiwanese-basic:142	full	khikhoannbai	khì khòaⁿ bāi
taiwanese-basic:142	prefix	khikho	khì khòaⁿ bāi
taiwanese-basic:142	initials	kkb	khì khòaⁿ bāi
taiwanese-basic:5099	full	khikhoanntianiann	khì khòaⁿ tiān-iáⁿ
taiwanese-basic:5099	prefix	khikhoann	khì khòaⁿ tiān-iáⁿ
taiwanese-basic:5099	initials	kkti	khì khòaⁿ tiān-iáⁿ
taiwanese-basic:693	full	khichhia	khì-chhia
taiwanese-basic:693	prefix	khic	khì-chhia
taiwanese-basic:693	initials	kc	khì-chhia
taiwanese-basic:2558	full	khichui	khì-chúi
taiwanese-basic:2558	prefix	khic	khì-chúi
taiwanese-basic:2558	initials	kc	khì-chúi
taiwanese-basic:2560	full	khihau	khì-hāu
taiwanese-basic:2560	prefix	khi	khì-hāu
taiwanese-basic:2560	initials	kh	khì-hāu
taiwanese-basic:2054	full	khiiu	khì-iû
taiwanese-basic:2054	prefix	khi	khì-iû
taiwanese-basic:2054	initials	ki	khì-iû
taiwanese-basic:2571	full	khikhu	khì-khū
taiwanese-basic:2571	prefix	khi	khì-khū
taiwanese-basic:2571	initials	kk	khì-khū
taiwanese-basic:2575	full	khikoan	khì-koân
taiwanese-basic:2575	prefix	khik	khì-koân
taiwanese-basic:2575	initials	kk	khì-koân
taiwanese-basic:2573	full	khikng	khì-kńg
taiwanese-basic:2573	prefix	khi	khì-kńg
taiwanese-basic:2573	initials	kk	khì-kńg
taiwanese-basic:2574	full	khikngchiiam	khì-kńg-chi-iām
taiwanese-basic:2574	prefix	khikng	khì-kńg-chi-iām
taiwanese-basic:2574	initials	kkci	khì-kńg-chi-iām
taiwanese-basic:2555	full	khi	khí
taiwanese-basic:2555	prefix	kh	khí
taiwanese-basic:2555	initials	k	khí
taiwanese-basic:1741	full	khihoe	khí hóe
taiwanese-basic:1741	prefix	khi	khí hóe
taiwanese-basic:1741	initials	kh	khí hóe
taiwanese-basic:2545	full	khilai	khí--lâi
taiwanese-basic:2545	prefix	khi	khí--lâi
taiwanese-basic:2545	initials	kl	khí--lâi
taiwanese-basic:276	full	khibin	khí-bín
taiwanese-basic:276	prefix	khi	khí-bín
taiwanese-basic:276	initials	kb	khí-bín
taiwanese-basic:276	full	khibina	khí-bín-á
taiwanese-basic:276	prefix	khib	khí-bín-á
taiwanese-basic:276	initials	kba	khí-bín-á
taiwanese-basic:2556	full	khichhu	khí-chhù
taiwanese-basic:2556	prefix	khic	khí-chhù
taiwanese-basic:2556	initials	kc	khí-chhù
taiwanese-basic:2563	full	khihoe	khí-hóe
taiwanese-basic:2563	prefix	khi	khí-hóe
taiwanese-basic:2563	initials	kh	khí-hóe
taiwanese-basic:2577	full	khikhoi	khí-kho-i
taiwanese-basic:2577	prefix	khik	khí-kho-i
taiwanese-basic:2577	initials	kki	khí-kho-i
taiwanese-basic:2578	full	khikhoiinn	khí-kho-i-īⁿ
taiwanese-basic:2578	prefix	khikh	khí-kho-i-īⁿ
taiwanese-basic:2578	initials	kkii	khí-kho-i-īⁿ
taiwanese-basic:2562	full	khikam	khí-kám
taiwanese-basic:2562	prefix	khi	khí-kám
taiwanese-basic:2562	initials	kk	khí-kám
taiwanese-basic:2569	full	khike	khí-kè
taiwanese-basic:2569	prefix	khi	khí-kè
taiwanese-basic:2569	initials	kk	khí-kè
taiwanese-basic:2557	full	khisiau	khí-siáu
taiwanese-basic:2557	prefix	khis	khí-siáu
taiwanese-basic:2557	initials	ks	khí-siáu
taiwanese-basic:2564	full	khithau	khí-thâu
taiwanese-basic:2564	prefix	khit	khí-thâu
taiwanese-basic:2564	initials	kt	khí-thâu
taiwanese-basic:2593	full	khin	khîn
taiwanese-basic:2593	prefix	kh	khîn
taiwanese-basic:2593	initials	k	khîn
taiwanese-basic:2594	full	khinbian	khîn-bián
taiwanese-basic:2594	prefix	khin	khîn-bián
taiwanese-basic:2594	initials	kb	khîn-bián
taiwanese-basic:2602	full	kho	khò
taiwanese-basic:2602	prefix	kh	khò
taiwanese-basic:2602	initials	k	khò
taiwanese-basic:4463	full	khosoe	khò-sòe
taiwanese-basic:4463	prefix	kho	khò-sòe
taiwanese-basic:4463	initials	ks	khò-sòe
taiwanese-basic:2610	full	khote	khò-tê
taiwanese-basic:2610	prefix	kho	khò-tê
taiwanese-basic:2610	initials	kt	khò-tê
taiwanese-basic:2629	full	khoann	khòaⁿ
taiwanese-basic:2629	prefix	kho	khòaⁿ
taiwanese-basic:2629	initials	k	khòaⁿ
taiwanese-basic:2653	full	khoannbotioh	khòaⁿ bô tio̍h
taiwanese-basic:2653	prefix	khoann	khòaⁿ bô tio̍h
taiwanese-basic:2653	initials	kbt	khòaⁿ bô tio̍h
taiwanese-basic:2639	full	khoannbai	khòaⁿ bāi
taiwanese-basic:2639	prefix	khoan	khòaⁿ bāi
taiwanese-basic:2639	initials	kb	khòaⁿ bāi
taiwanese-basic:2654	full	khoannbetioh	khòaⁿ bē tio̍h
taiwanese-basic:2654	prefix	khoann	khòaⁿ bē tio̍h
taiwanese-basic:2654	initials	kbt	khòaⁿ bē tio̍h
taiwanese-basic:2651	full	khoannbechhut	khòaⁿ bē-chhut
taiwanese-basic:2651	prefix	khoannb	khòaⁿ bē-chhut
taiwanese-basic:2651	initials	kbc	khòaⁿ bē-chhut
taiwanese-basic:2635	full	khoannchheh	khòaⁿ chheh
taiwanese-basic:2635	prefix	khoann	khòaⁿ chheh
taiwanese-basic:2635	initials	kc	khòaⁿ chheh
taiwanese-basic:3441	full	khoannmia	khòaⁿ miā
taiwanese-basic:3441	prefix	khoan	khòaⁿ miā
taiwanese-basic:3441	initials	km	khòaⁿ miā
taiwanese-basic:2636	full	khoannmisat	khòaⁿ mî-sat
taiwanese-basic:2636	prefix	khoann	khòaⁿ mî-sat
taiwanese-basic:2636	initials	kms	khòaⁿ mî-sat
taiwanese-basic:2634	full	khoannpochoa	khòaⁿ pò-chóa
taiwanese-basic:2634	prefix	khoann	khòaⁿ pò-chóa
taiwanese-basic:2634	initials	kpc	khòaⁿ pò-chóa
taiwanese-basic:2637	full	khoannsinniu	khòaⁿ sin-niû
taiwanese-basic:2637	prefix	khoann	khòaⁿ sin-niû
taiwanese-basic:2637	initials	ksn	khòaⁿ sin-niû
taiwanese-basic:2661	full	khoanntangkhoannsai	khòaⁿ tang khòaⁿ sai
taiwanese-basic:2661	prefix	khoanntang	khòaⁿ tang khòaⁿ sai
taiwanese-basic:2661	initials	ktks	khòaⁿ tang khòaⁿ sai
taiwanese-basic:2638	full	khoanntianiann	khòaⁿ tiān-iáⁿ
taiwanese-basic:2638	prefix	khoannt	khòaⁿ tiān-iáⁿ
taiwanese-basic:2638	initials	kti	khòaⁿ tiān-iáⁿ
taiwanese-basic:5132	full	khoanntiansi	khòaⁿ tiān-sī
taiwanese-basic:5132	prefix	khoann	khòaⁿ tiān-sī
taiwanese-basic:5132	initials	kts	khòaⁿ tiān-sī
taiwanese-basic:2657	full	khoanntang	khòaⁿ tāng
taiwanese-basic:2657	prefix	khoan	khòaⁿ tāng
taiwanese-basic:2657	initials	kt	khòaⁿ tāng
taiwanese-basic:2650	full	khoannechhut	khòaⁿ ē chhut
taiwanese-basic:2650	prefix	khoann	khòaⁿ ē chhut
taiwanese-basic:2650	initials	kec	khòaⁿ ē chhut
taiwanese-basic:5184	full	khoanntioh	khòaⁿ--tio̍h
taiwanese-basic:5184	prefix	khoan	khòaⁿ--tio̍h
taiwanese-basic:5184	initials	kt	khòaⁿ--tio̍h
taiwanese-basic:2655	full	khoannbo	khòaⁿ-bô
taiwanese-basic:2655	prefix	khoa	khòaⁿ-bô
taiwanese-basic:2655	initials	kb	khòaⁿ-bô
taiwanese-basic:2543	full	khoannkhin	khòaⁿ-khin
taiwanese-basic:2543	prefix	khoan	khòaⁿ-khin
taiwanese-basic:2543	initials	kk	khòaⁿ-khin
taiwanese-basic:2630	full	khoannkinn	khòaⁿ-kìⁿ
taiwanese-basic:2630	prefix	khoan	khòaⁿ-kìⁿ
taiwanese-basic:2630	initials	kk	khòaⁿ-kìⁿ
taiwanese-basic:2759	full	khoannmisat	khòaⁿ-mî-sat
taiwanese-basic:2759	prefix	khoann	khòaⁿ-mî-sat
taiwanese-basic:2759	initials	kms	khòaⁿ-mî-sat
taiwanese-basic:2686	full	khong	khòng
taiwanese-basic:2686	prefix	kho	khòng
taiwanese-basic:2686	initials	k	khòng
taiwanese-basic:2692	full	khongbah	khòng bah
taiwanese-basic:2692	prefix	khon	khòng bah
taiwanese-basic:2692	initials	kb	khòng bah
taiwanese-basic:2691	full	khonghoonoa	khòng hō͘ nōa
taiwanese-basic:2691	prefix	khongh	khòng hō͘ nōa
taiwanese-basic:2691	initials	khn	khòng hō͘ nōa
taiwanese-basic:2627	full	khoo	khò͘
taiwanese-basic:2627	prefix	kh	khò͘
taiwanese-basic:2627	initials	k	khò͘
taiwanese-basic:2628	full	khootea	khò͘ tē-á
taiwanese-basic:2628	prefix	khoo	khò͘ tē-á
taiwanese-basic:2628	initials	kta	khò͘ tē-á
taiwanese-basic:5290	full	khootoa	khò͘-tòa
taiwanese-basic:5290	prefix	khoo	khò͘-tòa
taiwanese-basic:5290	initials	kt	khò͘-tòa
taiwanese-basic:4647	full	khootea	khò͘-tē-á
taiwanese-basic:4647	prefix	khoo	khò͘-tē-á
taiwanese-basic:4647	initials	kta	khò͘-tē-á
taiwanese-basic:2605	full	kho	khó
taiwanese-basic:2605	prefix	kh	khó
taiwanese-basic:2605	initials	k	khó
taiwanese-basic:206	full	khobetiau	khó bē-tiâu
taiwanese-basic:206	prefix	khobe	khó bē-tiâu
taiwanese-basic:206	initials	kbt	khó bē-tiâu
taiwanese-basic:2613	full	khouthongkoe	khó ū thong-kòe
taiwanese-basic:2613	prefix	khouth	khó ū thong-kòe
taiwanese-basic:2613	initials	kutk	khó ū thong-kòe
taiwanese-basic:2612	full	khobotiau	khó-bô-tiâu
taiwanese-basic:2612	prefix	khobo	khó-bô-tiâu
taiwanese-basic:2612	initials	kbt	khó-bô-tiâu
taiwanese-basic:2611	full	khobetiau	khó-bē-tiâu
taiwanese-basic:2611	prefix	khobe	khó-bē-tiâu
taiwanese-basic:2611	initials	kbt	khó-bē-tiâu
taiwanese-basic:2607	full	khochhi	khó-chhì
taiwanese-basic:2607	prefix	khoc	khó-chhì
taiwanese-basic:2607	initials	kc	khó-chhì
taiwanese-basic:2608	full	khokoan	khó-koàn
taiwanese-basic:2608	prefix	khok	khó-koàn
taiwanese-basic:2608	initials	kk	khó-koàn
taiwanese-basic:2606	full	khomoe	khó-môe
taiwanese-basic:2606	prefix	kho	khó-môe
taiwanese-basic:2606	initials	km	khó-môe
taiwanese-basic:2616	full	khosioh	khó-sioh
taiwanese-basic:2616	prefix	khos	khó-sioh
taiwanese-basic:2616	initials	ks	khó-sioh
taiwanese-basic:2690	full	khong	khóng
taiwanese-basic:2690	prefix	kho	khóng
taiwanese-basic:2690	initials	k	khóng
taiwanese-basic:2689	full	khongchu	khóng-chú
taiwanese-basic:2689	prefix	khon	khóng-chú
taiwanese-basic:2689	initials	kc	khóng-chú
taiwanese-basic:2621	full	khoo	khó͘
taiwanese-basic:2621	prefix	kh	khó͘
taiwanese-basic:2621	initials	k	khó͘
taiwanese-basic:2623	full	khoohak	khó͘-ha̍k
taiwanese-basic:2623	prefix	khoo	khó͘-ha̍k
taiwanese-basic:2623	initials	kh	khó͘-ha̍k
taiwanese-basic:2624	full	khoohakseng	khó͘-ha̍k-seng
taiwanese-basic:2624	prefix	khooha	khó͘-ha̍k-seng
taiwanese-basic:2624	initials	khs	khó͘-ha̍k-seng
taiwanese-basic:2622	full	khoolan	khó͘-lān
taiwanese-basic:2622	prefix	khoo	khó͘-lān
taiwanese-basic:2622	initials	kl	khó͘-lān
taiwanese-basic:2626	full	khoopikong	khó͘-pí kóng
taiwanese-basic:2626	prefix	khoop	khó͘-pí kóng
taiwanese-basic:2626	initials	kpk	khó͘-pí kóng
taiwanese-basic:2625	full	khoosim	khó͘-sim
taiwanese-basic:2625	prefix	khoo	khó͘-sim
taiwanese-basic:2625	initials	ks	khó͘-sim
taiwanese-basic:2716	full	khun	khùn
taiwanese-basic:2716	prefix	kh	khùn
taiwanese-basic:2716	initials	k	khùn
taiwanese-basic:2720	full	khunbokaubin	khùn bô kàu bîn
taiwanese-basic:2720	prefix	khunbo	khùn bô kàu bîn
taiwanese-basic:2720	initials	kbkb	khùn bô kàu bîn
taiwanese-basic:2722	full	khunbelohbin	khùn bē lo̍h bîn
taiwanese-basic:2722	prefix	khunbe	khùn bē lo̍h bîn
taiwanese-basic:2722	initials	kblb	khùn bē lo̍h bîn
taiwanese-basic:210	full	khunbetiau	khùn bē-tiâu
taiwanese-basic:210	prefix	khunb	khùn bē-tiâu
taiwanese-basic:210	initials	kbt	khùn bē-tiâu
taiwanese-basic:2724	full	khunkoethau	khùn kòe-thâu
taiwanese-basic:2724	prefix	khunko	khùn kòe-thâu
taiwanese-basic:2724	initials	kkt	khùn kòe-thâu
taiwanese-basic:2721	full	khunlohbin	khùn lo̍h bîn
taiwanese-basic:2721	prefix	khunl	khùn lo̍h bîn
taiwanese-basic:2721	initials	klb	khùn lo̍h bîn
taiwanese-basic:2724	full	khunmchaichhi	khùn m̄ chai chhí
taiwanese-basic:2724	prefix	khunmch	khùn m̄ chai chhí
taiwanese-basic:2724	initials	kmcc	khùn m̄ chai chhí
taiwanese-basic:2718	full	khuntiongtau	khùn tiong-tàu
taiwanese-basic:2718	prefix	khunti	khùn tiong-tàu
taiwanese-basic:2718	initials	ktt	khùn tiong-tàu
taiwanese-basic:2719	full	khunsann	khùn-saⁿ
taiwanese-basic:2719	prefix	khun	khùn-saⁿ
taiwanese-basic:2719	initials	ks	khùn-saⁿ
taiwanese-basic:3621	full	khunpa	khún-pá
taiwanese-basic:3621	prefix	khu	khún-pá
taiwanese-basic:3621	initials	kp	khún-pá
taiwanese-basic:2703	full	khu	khû
taiwanese-basic:2703	prefix	kh	khû
taiwanese-basic:2703	initials	k	khû
taiwanese-basic:2507	full	khamsau	khām-sàu
taiwanese-basic:2507	prefix	kham	khām-sàu
taiwanese-basic:2507	initials	ks	khām-sàu
taiwanese-basic:2704	full	khukhuchhoah	khū-khū-chhoah
taiwanese-basic:2704	prefix	khukhu	khū-khū-chhoah
taiwanese-basic:2704	initials	kkc	khū-khū-chhoah
taiwanese-basic:2704	full	khukhuchun	khū-khū-chùn
taiwanese-basic:2704	prefix	khukh	khū-khū-chùn
taiwanese-basic:2704	initials	kkc	khū-khū-chùn
taiwanese-basic:1535	full	khng	khǹg
taiwanese-basic:1535	prefix	kh	khǹg
taiwanese-basic:1535	initials	k	khǹg
taiwanese-basic:2725	full	ki	ki
taiwanese-basic:2725	prefix	k	ki
taiwanese-basic:2725	initials	k	ki
taiwanese-basic:2742	full	kichhoo	ki-chhó͘
taiwanese-basic:2742	prefix	kich	ki-chhó͘
taiwanese-basic:2742	initials	kc	ki-chhó͘
taiwanese-basic:2732	full	kiho	ki-hô
taiwanese-basic:2732	prefix	ki	ki-hô
taiwanese-basic:2732	initials	kh	ki-hô
taiwanese-basic:2734	full	kihoe	ki-hōe
taiwanese-basic:2734	prefix	kih	ki-hōe
taiwanese-basic:2734	initials	kh	ki-hōe
taiwanese-basic:2396	full	kikhi	ki-khì
taiwanese-basic:2396	prefix	kik	ki-khì
taiwanese-basic:2396	initials	kk	ki-khì
taiwanese-basic:2752	full	kikim	ki-kim
taiwanese-basic:2752	prefix	kik	ki-kim
taiwanese-basic:2752	initials	kk	ki-kim
taiwanese-basic:2741	full	kiliong	ki-liông
taiwanese-basic:2741	prefix	kili	ki-liông
taiwanese-basic:2741	initials	kl	ki-liông
taiwanese-basic:2306	full	kisu	ki-su
taiwanese-basic:2306	prefix	ki	ki-su
taiwanese-basic:2306	initials	ks	ki-su
taiwanese-basic:2743	full	kisut	ki-su̍t
taiwanese-basic:2743	prefix	kis	ki-su̍t
taiwanese-basic:2743	initials	ks	ki-su̍t
taiwanese-basic:2327	full	kitokkau	ki-tok-kàu
taiwanese-basic:2327	prefix	kito	ki-tok-kàu
taiwanese-basic:2327	initials	ktk	ki-tok-kàu
taiwanese-basic:2788	full	kiam	kiam
taiwanese-basic:2788	prefix	ki	kiam
taiwanese-basic:2788	initials	k	kiam
taiwanese-basic:2799	full	kianchin	kian-chín
taiwanese-basic:2799	prefix	kian	kian-chín
taiwanese-basic:2799	initials	kc	kian-chín
taiwanese-basic:2797	full	kiankoo	kian-kò͘
taiwanese-basic:2797	prefix	kian	kian-kò͘
taiwanese-basic:2797	initials	kk	kian-kò͘
taiwanese-basic:2798	full	kiankooesintek	kian-kò͘ ê sìn-tek
taiwanese-basic:2798	prefix	kiankoo	kian-kò͘ ê sìn-tek
taiwanese-basic:2798	initials	kkest	kian-kò͘ ê sìn-tek
taiwanese-basic:2800	full	kianlin	kian-līn
taiwanese-basic:2800	prefix	kian	kian-līn
taiwanese-basic:2800	initials	kl	kian-līn
taiwanese-basic:2804	full	kiat	kiat
taiwanese-basic:2804	prefix	ki	kiat
taiwanese-basic:2804	initials	k	kiat
taiwanese-basic:4574	full	kiathinnsak	kiat hìⁿ-sak
taiwanese-basic:4574	prefix	kiathi	kiat hìⁿ-sak
taiwanese-basic:4574	initials	khs	kiat hìⁿ-sak
taiwanese-basic:2802	full	kiathun	kiat-hun
taiwanese-basic:2802	prefix	kiat	kiat-hun
taiwanese-basic:2802	initials	kh	kiat-hun
taiwanese-basic:2801	full	kiathinnsak	kiat-hìⁿ-sak
taiwanese-basic:2801	prefix	kiathi	kiat-hìⁿ-sak
taiwanese-basic:2801	initials	khs	kiat-hìⁿ-sak
taiwanese-basic:2803	full	kiatko	kiat-kó
taiwanese-basic:2803	prefix	kia	kiat-kó
taiwanese-basic:2803	initials	kk	kiat-kó
taiwanese-basic:5149	full	kiattiau	kiat-tiāu
taiwanese-basic:5149	prefix	kiat	kiat-tiāu
taiwanese-basic:5149	initials	kt	kiat-tiāu
taiwanese-basic:2806	full	kiaungoo	kiau-ngō͘
taiwanese-basic:2806	prefix	kiau	kiau-ngō͘
taiwanese-basic:2806	initials	kn	kiau-ngō͘
taiwanese-basic:2775	full	kiann	kiaⁿ
taiwanese-basic:2775	prefix	kia	kiaⁿ
taiwanese-basic:2775	initials	k	kiaⁿ
taiwanese-basic:2778	full	kiannliau	kiaⁿ liáu
taiwanese-basic:2778	prefix	kiann	kiaⁿ liáu
taiwanese-basic:2778	initials	kl	kiaⁿ liáu
taiwanese-basic:2778	full	kianna	kiaⁿ á
taiwanese-basic:2778	prefix	kia	kiaⁿ á
taiwanese-basic:2778	initials	ka	kiaⁿ á
taiwanese-basic:2778	full	kianni	kiaⁿ í
taiwanese-basic:2778	prefix	kia	kiaⁿ í
taiwanese-basic:2778	initials	ki	kiaⁿ í
taiwanese-basic:2808	full	kim	kim
taiwanese-basic:2808	prefix	ki	kim
taiwanese-basic:2808	initials	k	kim
taiwanese-basic:2810	full	kimchoa	kim-chóa
taiwanese-basic:2810	prefix	kimc	kim-chóa
taiwanese-basic:2810	initials	kc	kim-chóa
taiwanese-basic:1551	full	kimhi	kim-hî
taiwanese-basic:1551	prefix	kim	kim-hî
taiwanese-basic:1551	initials	kh	kim-hî
taiwanese-basic:2809	full	kimkhoo	kim-khò͘
taiwanese-basic:2809	prefix	kimk	kim-khò͘
taiwanese-basic:2809	initials	kk	kim-khò͘
taiwanese-basic:2812	full	kimkoe	kim-koe
taiwanese-basic:2812	prefix	kim	kim-koe
taiwanese-basic:2812	initials	kk	kim-koe
taiwanese-basic:2815	full	kin	kin
taiwanese-basic:2815	prefix	ki	kin
taiwanese-basic:2815	initials	k	kin
taiwanese-basic:2416	full	kinchio	kin-chio
taiwanese-basic:2416	prefix	kinc	kin-chio
taiwanese-basic:2416	initials	kc	kin-chio
taiwanese-basic:2821	full	kinni	kin-nî
taiwanese-basic:2821	prefix	kin	kin-nî
taiwanese-basic:2821	initials	kn	kin-nî
taiwanese-basic:2814	full	kinajit	kin-á-ji̍t
taiwanese-basic:2814	prefix	kina	kin-á-ji̍t
taiwanese-basic:2814	initials	kaj	kin-á-ji̍t
taiwanese-basic:2835	full	kionghi	kiong-hí
taiwanese-basic:2835	prefix	kion	kiong-hí
taiwanese-basic:2835	initials	kh	kiong-hí
taiwanese-basic:2834	full	kiongkeng	kiong-kèng
taiwanese-basic:2834	prefix	kiong	kiong-kèng
taiwanese-basic:2834	initials	kk	kiong-kèng
taiwanese-basic:2804	full	kiok	kio̍k
taiwanese-basic:2804	prefix	ki	kio̍k
taiwanese-basic:2804	initials	k	kio̍k
taiwanese-basic:2846	full	kipsengehiiam	kip-sèng ê hì-iām
taiwanese-basic:2846	prefix	kipseng	kip-sèng ê hì-iām
taiwanese-basic:2846	initials	ksehi	kip-sèng ê hì-iām
taiwanese-basic:1826	full	kipsengehuiiam	kip-sèng ê hùi-iām
taiwanese-basic:1826	prefix	kipseng	kip-sèng ê hùi-iām
taiwanese-basic:1826	initials	ksehi	kip-sèng ê hùi-iām
taiwanese-basic:2847	full	kipsengetngaiam	kip-sèng ê tn̂g-á-iām
taiwanese-basic:2847	prefix	kipsenge	kip-sèng ê tn̂g-á-iām
taiwanese-basic:2847	initials	ksetai	kip-sèng ê tn̂g-á-iām
taiwanese-basic:2845	full	kiptiunn	kip-tiúⁿ
taiwanese-basic:2845	prefix	kipt	kip-tiúⁿ
taiwanese-basic:2845	initials	kt	kip-tiúⁿ
taiwanese-basic:2863	full	kiunn	kiuⁿ
taiwanese-basic:2863	prefix	kiu	kiuⁿ
taiwanese-basic:2863	initials	k	kiuⁿ
taiwanese-basic:2761	full	kia	kià
taiwanese-basic:2761	prefix	ki	kià
taiwanese-basic:2761	initials	k	kià
taiwanese-basic:2762	full	kiachinn	kià chîⁿ
taiwanese-basic:2762	prefix	kiac	kià chîⁿ
taiwanese-basic:2762	initials	kc	kià chîⁿ
taiwanese-basic:2763	full	kiaphoe	kià phoe
taiwanese-basic:2763	prefix	kiap	kià phoe
taiwanese-basic:2763	initials	kp	kià phoe
taiwanese-basic:2796	full	kianpun	kiàn-pún
taiwanese-basic:2796	prefix	kian	kiàn-pún
taiwanese-basic:2796	initials	kp	kiàn-pún
taiwanese-basic:2793	full	kiansiau	kiàn-siàu
taiwanese-basic:2793	prefix	kian	kiàn-siàu
taiwanese-basic:2793	initials	ks	kiàn-siàu
taiwanese-basic:2781	full	kiann	kiàⁿ
taiwanese-basic:2781	prefix	kia	kiàⁿ
taiwanese-basic:2781	initials	k	kiàⁿ
taiwanese-basic:2785	full	kiam	kiám
taiwanese-basic:2785	prefix	ki	kiám
taiwanese-basic:2785	initials	k	kiám
taiwanese-basic:5409	full	kiamuntoo	kiám un-tō͘
taiwanese-basic:5409	prefix	kiamu	kiám un-tō͘
taiwanese-basic:5409	initials	kut	kiám un-tō͘
taiwanese-basic:2787	full	kiamchhai	kiám-chhái
taiwanese-basic:2787	prefix	kiamc	kiám-chhái
taiwanese-basic:2787	initials	kc	kiám-chhái
taiwanese-basic:2791	full	kiamun	kiám-un
taiwanese-basic:2791	prefix	kia	kiám-un
taiwanese-basic:2791	initials	ku	kiám-un
taiwanese-basic:2792	full	kiamunkhi	kiám-un-khì
taiwanese-basic:2792	prefix	kiamu	kiám-un-khì
taiwanese-basic:2792	initials	kuk	kiám-un-khì
taiwanese-basic:2807	full	kiau	kiáu
taiwanese-basic:2807	prefix	ki	kiáu
taiwanese-basic:2807	initials	k	kiáu
taiwanese-basic:2805	full	kiaujiau	kiáu-jiáu
taiwanese-basic:2805	prefix	kiau	kiáu-jiáu
taiwanese-basic:2805	initials	kj	kiáu-jiáu
taiwanese-basic:2770	full	kiann	kiáⁿ
taiwanese-basic:2770	prefix	kia	kiáⁿ
taiwanese-basic:2770	initials	k	kiáⁿ
taiwanese-basic:2779	full	kiannsun	kiáⁿ-sun
taiwanese-basic:2779	prefix	kian	kiáⁿ-sun
taiwanese-basic:2779	initials	ks	kiáⁿ-sun
taiwanese-basic:2780	full	kiannsai	kiáⁿ-sài
taiwanese-basic:2780	prefix	kian	kiáⁿ-sài
taiwanese-basic:2780	initials	ks	kiáⁿ-sài
taiwanese-basic:2786	full	kiam	kiâm
taiwanese-basic:2786	prefix	ki	kiâm
taiwanese-basic:2786	initials	k	kiâm
taiwanese-basic:2776	full	kiann	kiâⁿ
taiwanese-basic:2776	prefix	kia	kiâⁿ
taiwanese-basic:2776	initials	k	kiâⁿ
taiwanese-basic:2777	full	kiannlaikiannkhi	kiâⁿ lâi kiâⁿ khì
taiwanese-basic:2777	prefix	kiannlai	kiâⁿ lâi kiâⁿ khì
taiwanese-basic:2777	initials	klkk	kiâⁿ lâi kiâⁿ khì
taiwanese-basic:2740	full	kiannki	kiâⁿ-kî
taiwanese-basic:2740	prefix	kian	kiâⁿ-kî
taiwanese-basic:2740	initials	kk	kiâⁿ-kî
taiwanese-basic:3334	full	kiannloo	kiâⁿ-lō͘
taiwanese-basic:3334	prefix	kian	kiâⁿ-lō͘
taiwanese-basic:3334	initials	kl	kiâⁿ-lō͘
taiwanese-basic:2828	full	kio	kiò
taiwanese-basic:2828	prefix	ki	kiò
taiwanese-basic:2828	initials	k	kiò
taiwanese-basic:2829	full	kiomng	kiò mn̂g
taiwanese-basic:2829	prefix	kio	kiò mn̂g
taiwanese-basic:2829	initials	km	kiò mn̂g
taiwanese-basic:2830	full	kio	kiô
taiwanese-basic:2830	prefix	ki	kiô
taiwanese-basic:2830	initials	k	kiô
taiwanese-basic:907	full	kiosek	kiô-sek
taiwanese-basic:907	prefix	kio	kiô-sek
taiwanese-basic:907	initials	ks	kiô-sek
taiwanese-basic:2833	full	kiong	kiông
taiwanese-basic:2833	prefix	kio	kiông
taiwanese-basic:2833	initials	k	kiông
taiwanese-basic:2848	full	kiu	kiù
taiwanese-basic:2848	prefix	ki	kiù
taiwanese-basic:2848	initials	k	kiù
taiwanese-basic:2849	full	kiulangelenghun	kiù lâng ê lêng-hûn
taiwanese-basic:2849	prefix	kiulange	kiù lâng ê lêng-hûn
taiwanese-basic:2849	initials	klelh	kiù lâng ê lêng-hûn
taiwanese-basic:2851	full	kiuche	kiù-chè
taiwanese-basic:2851	prefix	kiu	kiù-chè
taiwanese-basic:2851	initials	kc	kiù-chè
taiwanese-basic:2852	full	kiuchehoe	kiù-chè-hōe
taiwanese-basic:2852	prefix	kiuch	kiù-chè-hōe
taiwanese-basic:2852	initials	kch	kiù-chè-hōe
taiwanese-basic:2850	full	kiusechu	kiù-sè-chú
taiwanese-basic:2850	prefix	kius	kiù-sè-chú
taiwanese-basic:2850	initials	ksc	kiù-sè-chú
taiwanese-basic:1386	full	kiugiong	kiú-gióng
taiwanese-basic:1386	prefix	kiug	kiú-gióng
taiwanese-basic:1386	initials	kg	kiú-gióng
taiwanese-basic:2861	full	kiukian	kiú-kiàn
taiwanese-basic:2861	prefix	kiuk	kiú-kiàn
taiwanese-basic:2861	initials	kk	kiú-kiàn
taiwanese-basic:2853	full	kiu	kiû
taiwanese-basic:2853	prefix	ki	kiû
taiwanese-basic:2853	initials	k	kiû
taiwanese-basic:3376	full	kiukeng	kiû-keng
taiwanese-basic:3376	prefix	kiuk	kiû-keng
taiwanese-basic:3376	initials	kk	kiû-keng
taiwanese-basic:2598	full	kiukhit	kiû-khit
taiwanese-basic:2598	prefix	kiuk	kiû-khit
taiwanese-basic:2598	initials	kk	kiû-khit
taiwanese-basic:2860	full	kiusiu	kiû-siû
taiwanese-basic:2860	prefix	kiu	kiû-siû
taiwanese-basic:2860	initials	ks	kiû-siû
taiwanese-basic:2764	full	kia	kiā
taiwanese-basic:2764	prefix	ki	kiā
taiwanese-basic:2764	initials	k	kiā
taiwanese-basic:2794	full	kiankhong	kiān-khong
taiwanese-basic:2794	prefix	kiank	kiān-khong
taiwanese-basic:2794	initials	kk	kiān-khong
taiwanese-basic:2767	full	kiann	kiāⁿ
taiwanese-basic:2767	prefix	kia	kiāⁿ
taiwanese-basic:2767	initials	k	kiāⁿ
taiwanese-basic:2827	full	kio	kiō
taiwanese-basic:2827	prefix	ki	kiō
taiwanese-basic:2827	initials	k	kiō
taiwanese-basic:2840	full	kionghotong	kiōng-hô tóng
taiwanese-basic:2840	prefix	kiongh	kiōng-hô tóng
taiwanese-basic:2840	initials	kht	kiōng-hô tóng
taiwanese-basic:2841	full	kionghotongoan	kiōng-hô tóng-oân
taiwanese-basic:2841	prefix	kiongho	kiōng-hô tóng-oân
taiwanese-basic:2841	initials	khto	kiōng-hô tóng-oân
taiwanese-basic:2842	full	kionghokok	kiōng-hô-kok
taiwanese-basic:2842	prefix	kiong	kiōng-hô-kok
taiwanese-basic:2842	initials	khk	kiōng-hô-kok
taiwanese-basic:5347	full	kionghotong	kiōng-hô-tóng
taiwanese-basic:5347	prefix	kiongh	kiōng-hô-tóng
taiwanese-basic:5347	initials	kht	kiōng-hô-tóng
taiwanese-basic:2839	full	kiongsantong	kiōng-sán-tóng
taiwanese-basic:2839	prefix	kiongs	kiōng-sán-tóng
taiwanese-basic:2839	initials	kst	kiōng-sán-tóng
taiwanese-basic:2843	full	kipkeh	ki̍p-keh
taiwanese-basic:2843	prefix	kip	ki̍p-keh
taiwanese-basic:2843	initials	kk	ki̍p-keh
taiwanese-basic:2844	full	kipte	ki̍p-tē
taiwanese-basic:2844	prefix	kip	ki̍p-tē
taiwanese-basic:2844	initials	kt	ki̍p-tē
taiwanese-basic:2864	full	kng	kng
taiwanese-basic:2864	prefix	kn	kng
taiwanese-basic:2864	initials	k	kng
taiwanese-basic:2867	full	knga	kng-á
taiwanese-basic:2867	prefix	kn	kng-á
taiwanese-basic:2867	initials	ka	kng-á
taiwanese-basic:2878	full	kohiong	ko-hiông
taiwanese-basic:2878	prefix	kohi	ko-hiông
taiwanese-basic:2878	initials	kh	ko-hiông
taiwanese-basic:2967	full	kohiongkoan	ko-hiông koān
taiwanese-basic:2967	prefix	kohion	ko-hiông koān
taiwanese-basic:2967	initials	khk	ko-hiông koān
taiwanese-basic:2340	full	kohiongkaukhu	ko-hiông kàu-khu
taiwanese-basic:2340	prefix	kohiong	ko-hiông kàu-khu
taiwanese-basic:2340	initials	khkk	ko-hiông kàu-khu
taiwanese-basic:2875	full	kokang	ko-kang
taiwanese-basic:2875	prefix	kok	ko-kang
taiwanese-basic:2875	initials	kk	ko-kang
taiwanese-basic:5364	full	kokengtui	ko-keng-tūi
taiwanese-basic:5364	prefix	koken	ko-keng-tūi
taiwanese-basic:5364	initials	kkt	ko-keng-tūi
taiwanese-basic:2877	full	kokian	ko-kiàn
taiwanese-basic:2877	prefix	kok	ko-kiàn
taiwanese-basic:2877	initials	kk	ko-kiàn
taiwanese-basic:5046	full	kokotinn	ko-ko-tîⁿ
taiwanese-basic:5046	prefix	koko	ko-ko-tîⁿ
taiwanese-basic:5046	initials	kkt	ko-ko-tîⁿ
taiwanese-basic:2879	full	kolechhai	ko-lê-chhài
taiwanese-basic:2879	prefix	kolec	ko-lê-chhài
taiwanese-basic:2879	initials	klc	ko-lê-chhài
taiwanese-basic:2873	full	kosanchok	ko-san-cho̍k
taiwanese-basic:2873	prefix	kosan	ko-san-cho̍k
taiwanese-basic:2873	initials	ksc	ko-san-cho̍k
taiwanese-basic:5254	full	kosanchoketo	ko-san-cho̍k ê to
taiwanese-basic:5254	prefix	kosanc	ko-san-cho̍k ê to
taiwanese-basic:5254	initials	kscet	ko-san-cho̍k ê to
taiwanese-basic:2876	full	kosiang	ko-siang
taiwanese-basic:2876	prefix	kosi	ko-siang
taiwanese-basic:2876	initials	ks	ko-siang
taiwanese-basic:2874	full	kotiong	ko-tiong
taiwanese-basic:2874	prefix	koti	ko-tiong
taiwanese-basic:2874	initials	kt	ko-tiong
taiwanese-basic:2909	full	koa	koa
taiwanese-basic:2909	prefix	ko	koa
taiwanese-basic:2909	initials	k	koa
taiwanese-basic:2931	full	koah	koah
taiwanese-basic:2931	prefix	ko	koah
taiwanese-basic:2931	initials	k	koah
taiwanese-basic:5214	full	koahtiua	koah tiū-á
taiwanese-basic:5214	prefix	koah	koah tiū-á
taiwanese-basic:5214	initials	kta	koah tiū-á
taiwanese-basic:621	full	koahchhau	koah-chháu
taiwanese-basic:621	prefix	koahc	koah-chháu
taiwanese-basic:621	initials	kc	koah-chháu
taiwanese-basic:2932	full	koahtiua	koah-tiū-á
taiwanese-basic:2932	prefix	koah	koah-tiū-á
taiwanese-basic:2932	initials	kta	koah-tiū-á
taiwanese-basic:2933	full	koai	koai
taiwanese-basic:2933	prefix	ko	koai
taiwanese-basic:2933	initials	k	koai
taiwanese-basic:2934	full	koaia	koai-á
taiwanese-basic:2934	prefix	koa	koai-á
taiwanese-basic:2934	initials	ka	koai-á
taiwanese-basic:2935	full	koainn	koaiⁿ
taiwanese-basic:2935	prefix	koa	koaiⁿ
taiwanese-basic:2935	initials	k	koaiⁿ
taiwanese-basic:2549	full	koainnkhilai	koaiⁿ--khí-lâi
taiwanese-basic:2549	prefix	koainn	koaiⁿ--khí-lâi
taiwanese-basic:2549	initials	kkl	koaiⁿ--khí-lâi
taiwanese-basic:2951	full	koanhe	koan-hē
taiwanese-basic:2951	prefix	koa	koan-hē
taiwanese-basic:2951	initials	kh	koan-hē
taiwanese-basic:2949	full	koansoe	koan-sòe
taiwanese-basic:2949	prefix	koan	koan-sòe
taiwanese-basic:2949	initials	ks	koan-sòe
taiwanese-basic:2971	full	koatsim	koat-sim
taiwanese-basic:2971	prefix	koat	koat-sim
taiwanese-basic:2971	initials	ks	koat-sim
taiwanese-basic:2970	full	koatteng	koat-tēng
taiwanese-basic:2970	prefix	koat	koat-tēng
taiwanese-basic:2970	initials	kt	koat-tēng
taiwanese-basic:2972	full	koati	koat-ì
taiwanese-basic:2972	prefix	koa	koat-ì
taiwanese-basic:2972	initials	ki	koat-ì
taiwanese-basic:2925	full	koann	koaⁿ
taiwanese-basic:2925	prefix	koa	koaⁿ
taiwanese-basic:2925	initials	k	koaⁿ
taiwanese-basic:2930	full	koannchha	koaⁿ-chhâ
taiwanese-basic:2930	prefix	koann	koaⁿ-chhâ
taiwanese-basic:2930	initials	kc	koaⁿ-chhâ
taiwanese-basic:2936	full	koannmng	koaⁿ-mn̂g
taiwanese-basic:2936	prefix	koan	koaⁿ-mn̂g
taiwanese-basic:2936	initials	km	koaⁿ-mn̂g
taiwanese-basic:2979	full	koe	koe
taiwanese-basic:2979	prefix	ko	koe
taiwanese-basic:2979	initials	k	koe
taiwanese-basic:2991	full	koh	koh
taiwanese-basic:2991	prefix	ko	koh
taiwanese-basic:2991	initials	k	koh
taiwanese-basic:3054	full	kohboloaku	koh bô lōa kú
taiwanese-basic:3054	prefix	kohbo	koh bô lōa kú
taiwanese-basic:3054	initials	kblk	koh bô lōa kú
taiwanese-basic:2993	full	kohchitpai	koh chi̍t pái
taiwanese-basic:2993	prefix	kohch	koh chi̍t pái
taiwanese-basic:2993	initials	kcp	koh chi̍t pái
taiwanese-basic:2467	full	kohkhahkhi	koh khah khì
taiwanese-basic:2467	prefix	kohkh	koh khah khì
taiwanese-basic:2467	initials	kkk	koh khah khì
taiwanese-basic:3007	full	kohkhahsui	koh khah súi
taiwanese-basic:3007	prefix	kohkh	koh khah súi
taiwanese-basic:3007	initials	kks	koh khah súi
taiwanese-basic:2997	full	kohkoekhihitkhamtiam	koh kòe-khì hit khám tiàm
taiwanese-basic:2997	prefix	kohkoekhih	koh kòe-khì hit khám tiàm
taiwanese-basic:2997	initials	kkkhkt	koh kòe-khì hit khám tiàm
taiwanese-basic:2998	full	kohkoekhihitku	koh kòe-khì hit kù
taiwanese-basic:2998	prefix	kohkoek	koh kòe-khì hit kù
taiwanese-basic:2998	initials	kkkhk	koh kòe-khì hit kù
taiwanese-basic:2999	full	kohkoekhihitphinn	koh kòe-khì hit phiⁿ
taiwanese-basic:2999	prefix	kohkoekhi	koh kòe-khì hit phiⁿ
taiwanese-basic:2999	initials	kkkhp	koh kòe-khì hit phiⁿ
taiwanese-basic:3000	full	kohkoekhihittiauke	koh kòe-khì hit tiâu ke
taiwanese-basic:3000	prefix	kohkoekhi	koh kòe-khì hit tiâu ke
taiwanese-basic:3000	initials	kkkhtk	koh kòe-khì hit tiâu ke
taiwanese-basic:3515	full	kohnngni	koh nn̄g nî
taiwanese-basic:3515	prefix	kohn	koh nn̄g nî
taiwanese-basic:3515	initials	knn	koh nn̄g nî
taiwanese-basic:3585	full	kohoah	koh oa̍h
taiwanese-basic:3585	prefix	koh	koh oa̍h
taiwanese-basic:3585	initials	ko	koh oa̍h
taiwanese-basic:2991	full	kohchai	koh-chài
taiwanese-basic:2991	prefix	kohc	koh-chài
taiwanese-basic:2991	initials	kc	koh-chài
taiwanese-basic:2992	full	kohchaikong	koh-chài kóng
taiwanese-basic:2992	prefix	kohcha	koh-chài kóng
taiwanese-basic:2992	initials	kck	koh-chài kóng
taiwanese-basic:2989	full	kohkhah	koh-khah
taiwanese-basic:2989	prefix	kohk	koh-khah
taiwanese-basic:2989	initials	kk	koh-khah
taiwanese-basic:2990	full	kohkhahho	koh-khah hó
taiwanese-basic:2990	prefix	kohkh	koh-khah hó
taiwanese-basic:2990	initials	kkh	koh-khah hó
taiwanese-basic:2995	full	kohkhi	koh-khì
taiwanese-basic:2995	prefix	koh	koh-khì
taiwanese-basic:2995	initials	kk	koh-khì
taiwanese-basic:3002	full	kohkhng	koh-khǹg
taiwanese-basic:3002	prefix	kohk	koh-khǹg
taiwanese-basic:3002	initials	kk	koh-khǹg
taiwanese-basic:3004	full	kohlai	koh-lâi
taiwanese-basic:3004	prefix	koh	koh-lâi
taiwanese-basic:3004	initials	kl	koh-lâi
taiwanese-basic:3005	full	kohtheh	koh-the̍h
taiwanese-basic:3005	prefix	koht	koh-the̍h
taiwanese-basic:3005	initials	kt	koh-the̍h
taiwanese-basic:3008	full	kokbin	kok-bîn
taiwanese-basic:3008	prefix	kok	kok-bîn
taiwanese-basic:3008	initials	kb	kok-bîn
taiwanese-basic:1485	full	kokbinhakhau	kok-bîn ha̍k-hāu
taiwanese-basic:1485	prefix	kokbin	kok-bîn ha̍k-hāu
taiwanese-basic:1485	initials	kbhh	kok-bîn ha̍k-hāu
taiwanese-basic:3009	full	kokbinhakhau	kok-bîn-ha̍k-hāu
taiwanese-basic:3009	prefix	kokbin	kok-bîn-ha̍k-hāu
taiwanese-basic:3009	initials	kbhh	kok-bîn-ha̍k-hāu
taiwanese-basic:3010	full	kokbintong	kok-bîn-tóng
taiwanese-basic:3010	prefix	kokbi	kok-bîn-tóng
taiwanese-basic:3010	initials	kbt	kok-bîn-tóng
taiwanese-basic:3012	full	kokbun	kok-bûn
taiwanese-basic:3012	prefix	kok	kok-bûn
taiwanese-basic:3012	initials	kb	kok-bûn
taiwanese-basic:3011	full	kokgi	kok-gí
taiwanese-basic:3011	prefix	kok	kok-gí
taiwanese-basic:3011	initials	kg	kok-gí
taiwanese-basic:1460	full	kokkaeguiki	kok-ka ê gûi-ki
taiwanese-basic:1460	prefix	kokkae	kok-ka ê gûi-ki
taiwanese-basic:1460	initials	kkegk	kok-ka ê gûi-ki
taiwanese-basic:2912	full	kokkoa	kok-koa
taiwanese-basic:2912	prefix	kok	kok-koa
taiwanese-basic:2912	initials	kk	kok-koa
taiwanese-basic:3014	full	kokki	kok-kî
taiwanese-basic:3014	prefix	kok	kok-kî
taiwanese-basic:3014	initials	kk	kok-kî
taiwanese-basic:3015	full	koklang	kok-lâng
taiwanese-basic:3015	prefix	kokl	kok-lâng
taiwanese-basic:3015	initials	kl	kok-lâng
taiwanese-basic:3612	full	kokong	kok-ông
taiwanese-basic:3612	prefix	kok	kok-ông
taiwanese-basic:3612	initials	ko	kok-ông
taiwanese-basic:3021	full	kong	kong
taiwanese-basic:3021	prefix	ko	kong
taiwanese-basic:3021	initials	k	kong
taiwanese-basic:3035	full	kongbin	kong-bîn
taiwanese-basic:3035	prefix	kong	kong-bîn
taiwanese-basic:3035	initials	kb	kong-bîn
taiwanese-basic:417	full	kongbunsi	kong-bûn-si
taiwanese-basic:417	prefix	kongb	kong-bûn-si
taiwanese-basic:417	initials	kbs	kong-bûn-si
taiwanese-basic:3038	full	kongbuoan	kong-bū-oân
taiwanese-basic:3038	prefix	kongb	kong-bū-oân
taiwanese-basic:3038	initials	kbo	kong-bū-oân
taiwanese-basic:3024	full	kongchhioh	kong-chhioh
taiwanese-basic:3024	prefix	kongc	kong-chhioh
taiwanese-basic:3024	initials	kc	kong-chhioh
taiwanese-basic:1615	full	konghng	kong-hn̂g
taiwanese-basic:1615	prefix	kong	kong-hn̂g
taiwanese-basic:1615	initials	kh	kong-hn̂g
taiwanese-basic:3569	full	konghun	kong-hun
taiwanese-basic:3569	prefix	kong	kong-hun
taiwanese-basic:3569	initials	kh	kong-hun
taiwanese-basic:3036	full	konghau	kong-hāu
taiwanese-basic:3036	prefix	kong	kong-hāu
taiwanese-basic:3036	initials	kh	kong-hāu
taiwanese-basic:3031	full	kongke	kong-ke
taiwanese-basic:3031	prefix	kon	kong-ke
taiwanese-basic:3031	initials	kk	kong-ke
taiwanese-basic:2824	full	kongkin	kong-kin
taiwanese-basic:2824	prefix	kong	kong-kin
taiwanese-basic:2824	initials	kk	kong-kin
taiwanese-basic:3023	full	kongli	kong-lí
taiwanese-basic:3023	prefix	kon	kong-lí
taiwanese-basic:3023	initials	kl	kong-lí
taiwanese-basic:3039	full	konglo	kong-lô
taiwanese-basic:3039	prefix	kon	kong-lô
taiwanese-basic:3039	initials	kl	kong-lô
taiwanese-basic:4184	full	kongsi	kong-si
taiwanese-basic:4184	prefix	kon	kong-si
taiwanese-basic:4184	initials	ks	kong-si
taiwanese-basic:3040	full	kongsu	kong-su
taiwanese-basic:3040	prefix	kon	kong-su
taiwanese-basic:3040	initials	ks	kong-su
taiwanese-basic:4269	full	kongsimphoann	kong-sím-phòaⁿ
taiwanese-basic:4269	prefix	kongsim	kong-sím-phòaⁿ
taiwanese-basic:4269	initials	ksp	kong-sím-phòaⁿ
taiwanese-basic:3025	full	kongto	kong-tō
taiwanese-basic:3025	prefix	kon	kong-tō
taiwanese-basic:3025	initials	kt	kong-tō
taiwanese-basic:3029	full	kongeng	kong-êng
taiwanese-basic:3029	prefix	kong	kong-êng
taiwanese-basic:3029	initials	ke	kong-êng
taiwanese-basic:2938	full	koan	koàn
taiwanese-basic:2938	prefix	ko	koàn
taiwanese-basic:2938	initials	k	koàn
taiwanese-basic:2947	full	koansi	koàn-sì
taiwanese-basic:2947	prefix	koa	koàn-sì
taiwanese-basic:2947	initials	ks	koàn-sì
taiwanese-basic:2939	full	koanthau	koàn-thâu
taiwanese-basic:2939	prefix	koan	koàn-thâu
taiwanese-basic:2939	initials	kt	koàn-thâu
taiwanese-basic:2945	full	koan	koán
taiwanese-basic:2945	prefix	ko	koán
taiwanese-basic:2945	initials	k	koán
taiwanese-basic:2946	full	koanhat	koán-hat
taiwanese-basic:2946	prefix	koan	koán-hat
taiwanese-basic:2946	initials	kh	koán-hat
taiwanese-basic:2950	full	koanli	koán-lí
taiwanese-basic:2950	prefix	koa	koán-lí
taiwanese-basic:2950	initials	kl	koán-lí
taiwanese-basic:2937	full	koan	koân
taiwanese-basic:2937	prefix	ko	koân
taiwanese-basic:2937	initials	k	koân
taiwanese-basic:2952	full	koansian	koân-sián
taiwanese-basic:2952	prefix	koan	koân-sián
taiwanese-basic:2952	initials	ks	koân-sián
taiwanese-basic:2953	full	koan	koān
taiwanese-basic:2953	prefix	ko	koān
taiwanese-basic:2953	initials	k	koān
taiwanese-basic:568	full	koanchenghu	koān chèng-hú
taiwanese-basic:568	prefix	koanch	koān chèng-hú
taiwanese-basic:568	initials	kch	koān chèng-hú
taiwanese-basic:5229	full	koantiunn	koān-tiúⁿ
taiwanese-basic:5229	prefix	koant	koān-tiúⁿ
taiwanese-basic:5229	initials	kt	koān-tiúⁿ
taiwanese-basic:2896	full	kooji	ko͘-jî
taiwanese-basic:2896	prefix	koo	ko͘-jî
taiwanese-basic:2896	initials	kj	ko͘-jî
taiwanese-basic:2895	full	kooputchiong	ko͘-put-chiong
taiwanese-basic:2895	prefix	kooput	ko͘-put-chiong
taiwanese-basic:2895	initials	kpc	ko͘-put-chiong
taiwanese-basic:10	full	kootiunn	ko͘-tiūⁿ
taiwanese-basic:10	prefix	koot	ko͘-tiūⁿ
taiwanese-basic:10	initials	kt	ko͘-tiūⁿ
taiwanese-basic:3073	full	ku	ku
taiwanese-basic:3073	prefix	k	ku
taiwanese-basic:3073	initials	k	ku
taiwanese-basic:2749	full	kukoai	ku-koài
taiwanese-basic:2749	prefix	kuk	ku-koài
taiwanese-basic:2749	initials	kk	ku-koài
taiwanese-basic:1166	full	kui	kui
taiwanese-basic:1166	prefix	ku	kui
taiwanese-basic:1166	initials	k	kui
taiwanese-basic:3094	full	kuihakhau	kui ha̍k-hāu
taiwanese-basic:3094	prefix	kuiha	kui ha̍k-hāu
taiwanese-basic:3094	initials	khh	kui ha̍k-hāu
taiwanese-basic:3093	full	kuijit	kui-ji̍t
taiwanese-basic:3093	prefix	kui	kui-ji̍t
taiwanese-basic:3093	initials	kj	kui-ji̍t
taiwanese-basic:3088	full	kuiki	kui-kí
taiwanese-basic:3088	prefix	kui	kui-kí
taiwanese-basic:3088	initials	kk	kui-kí
taiwanese-basic:3103	full	kunjin	kun-jîn
taiwanese-basic:3103	prefix	kun	kun-jîn
taiwanese-basic:3103	initials	kj	kun-jîn
taiwanese-basic:3102	full	kuntui	kun-tūi
taiwanese-basic:3102	prefix	kun	kun-tūi
taiwanese-basic:3102	initials	kt	kun-tūi
taiwanese-basic:3106	full	kut	kut
taiwanese-basic:3106	prefix	ku	kut
taiwanese-basic:3106	initials	k	kut
taiwanese-basic:3105	full	kutlat	kut-la̍t
taiwanese-basic:3105	prefix	kut	kut-la̍t
taiwanese-basic:3105	initials	kl	kut-la̍t
taiwanese-basic:3107	full	kutthau	kut-thâu
taiwanese-basic:3107	prefix	kutt	kut-thâu
taiwanese-basic:3107	initials	kt	kut-thâu
taiwanese-basic:3110	full	kut	ku̍t
taiwanese-basic:3110	prefix	ku	ku̍t
taiwanese-basic:3110	initials	k	ku̍t
taiwanese-basic:5036	full	kuthiti	ku̍t hî-tî
taiwanese-basic:5036	prefix	kuth	ku̍t hî-tî
taiwanese-basic:5036	initials	kht	ku̍t hî-tî
taiwanese-basic:2184	full	ka	kà
taiwanese-basic:2184	prefix	k	kà
taiwanese-basic:2184	initials	k	kà
taiwanese-basic:5265	full	katoli	kà tō-lí
taiwanese-basic:5265	prefix	kat	kà tō-lí
taiwanese-basic:5265	initials	ktl	kà tō-lí
taiwanese-basic:5421	full	kasu	kà-sú
taiwanese-basic:5421	prefix	ka	kà-sú
taiwanese-basic:5421	initials	ks	kà-sú
taiwanese-basic:1070	full	kasuchipchiau	kà-sú chip-chiàu
taiwanese-basic:1070	prefix	kasuchi	kà-sú chip-chiàu
taiwanese-basic:1070	initials	kscc	kà-sú chip-chiàu
taiwanese-basic:2189	full	kasi	kà-sī
taiwanese-basic:2189	prefix	ka	kà-sī
taiwanese-basic:2189	initials	ks	kà-sī
taiwanese-basic:2222	full	kaibeng	kài-bēng
taiwanese-basic:2222	prefix	kaib	kài-bēng
taiwanese-basic:2222	initials	kb	kài-bēng
taiwanese-basic:2230	full	kailoah	kài-loa̍h
taiwanese-basic:2230	prefix	kail	kài-loa̍h
taiwanese-basic:2230	initials	kl	kài-loa̍h
taiwanese-basic:2231	full	kaisiau	kài-siāu
taiwanese-basic:2231	prefix	kais	kài-siāu
taiwanese-basic:2231	initials	ks	kài-siāu
taiwanese-basic:2232	full	kaisiauchng	kài-siāu-chn̄g
taiwanese-basic:2232	prefix	kaisia	kài-siāu-chn̄g
taiwanese-basic:2232	initials	ksc	kài-siāu-chn̄g
taiwanese-basic:2267	full	kamtok	kàm-tok
taiwanese-basic:2267	prefix	kam	kàm-tok
taiwanese-basic:2267	initials	kt	kàm-tok
taiwanese-basic:2268	full	kamteng	kàm-tēng
taiwanese-basic:2268	prefix	kamt	kàm-tēng
taiwanese-basic:2268	initials	kt	kàm-tēng
taiwanese-basic:2276	full	kan	kàn
taiwanese-basic:2276	prefix	ka	kàn
taiwanese-basic:2276	initials	k	kàn
taiwanese-basic:2278	full	kanlinlaubu	kàn lín lāu-bú
taiwanese-basic:2278	prefix	kanlin	kàn lín lāu-bú
taiwanese-basic:2278	initials	kllb	kàn lín lāu-bú
taiwanese-basic:2277	full	kanlinniule	kàn lín niû-lé
taiwanese-basic:2277	prefix	kanlin	kàn lín niû-lé
taiwanese-basic:2277	initials	klnl	kàn lín niû-lé
taiwanese-basic:2272	full	kanpoo	kàn-pō͘
taiwanese-basic:2272	prefix	kan	kàn-pō͘
taiwanese-basic:2272	initials	kp	kàn-pō͘
taiwanese-basic:2292	full	kanghok	kàng-hok
taiwanese-basic:2292	prefix	kang	kàng-hok
taiwanese-basic:2292	initials	kh	kàng-hok
taiwanese-basic:1518	full	kanghok	kàng-ho̍k
taiwanese-basic:1518	prefix	kang	kàng-ho̍k
taiwanese-basic:1518	initials	kh	kàng-ho̍k
taiwanese-basic:2294	full	kangseng	kàng-seng
taiwanese-basic:2294	prefix	kang	kàng-seng
taiwanese-basic:2294	initials	ks	kàng-seng
taiwanese-basic:2309	full	kau	kàu
taiwanese-basic:2309	prefix	ka	kàu
taiwanese-basic:2309	initials	k	kàu
taiwanese-basic:4514	full	kautann	kàu taⁿ
taiwanese-basic:4514	prefix	kaut	kàu taⁿ
taiwanese-basic:4514	initials	kt	kàu taⁿ
taiwanese-basic:2312	full	kauchong	kàu-chong
taiwanese-basic:2312	prefix	kauc	kàu-chong
taiwanese-basic:2312	initials	kc	kàu-chong
taiwanese-basic:2313	full	kauhong	kàu-hông
taiwanese-basic:2313	prefix	kauh	kàu-hông
taiwanese-basic:2313	initials	kh	kàu-hông
taiwanese-basic:2318	full	kauhun	kàu-hùn
taiwanese-basic:2318	prefix	kau	kàu-hùn
taiwanese-basic:2318	initials	kh	kàu-hùn
taiwanese-basic:2334	full	kauhoe	kàu-hōe
taiwanese-basic:2334	prefix	kau	kàu-hōe
taiwanese-basic:2334	initials	kh	kàu-hōe
taiwanese-basic:2321	full	kauiok	kàu-io̍k
taiwanese-basic:2321	prefix	kau	kàu-io̍k
taiwanese-basic:2321	initials	ki	kàu-io̍k
taiwanese-basic:2307	full	kauiu	kàu-iú
taiwanese-basic:2307	prefix	kau	kàu-iú
taiwanese-basic:2307	initials	ki	kàu-iú
taiwanese-basic:2336	full	kaukhu	kàu-khu
taiwanese-basic:2336	prefix	kau	kàu-khu
taiwanese-basic:2336	initials	kk	kàu-khu
taiwanese-basic:2317	full	kaulooboe	kàu-lō͘-bóe
taiwanese-basic:2317	prefix	kaulo	kàu-lō͘-bóe
taiwanese-basic:2317	initials	klb	kàu-lō͘-bóe
taiwanese-basic:2319	full	kauoan	kàu-oân
taiwanese-basic:2319	prefix	kau	kàu-oân
taiwanese-basic:2319	initials	ko	kàu-oân
taiwanese-basic:2330	full	kausek	kàu-sek
taiwanese-basic:2330	prefix	kau	kàu-sek
taiwanese-basic:2330	initials	ks	kàu-sek
taiwanese-basic:2320	full	kausiu	kàu-siū
taiwanese-basic:2320	prefix	kau	kàu-siū
taiwanese-basic:2320	initials	ks	kàu-siū
taiwanese-basic:2346	full	kautann	kàu-taⁿ
taiwanese-basic:2346	prefix	kaut	kàu-taⁿ
taiwanese-basic:2346	initials	kt	kàu-taⁿ
taiwanese-basic:2311	full	kauong	kàu-ông
taiwanese-basic:2311	prefix	kau	kàu-ông
taiwanese-basic:2311	initials	ko	kàu-ông
taiwanese-basic:2310	full	kauui	kàu-ūi
taiwanese-basic:2310	prefix	kau	kàu-ūi
taiwanese-basic:2310	initials	ku	kàu-ūi
taiwanese-basic:2195	full	kachheka	ká-chhek-á
taiwanese-basic:2195	prefix	kach	ká-chhek-á
taiwanese-basic:2195	initials	kca	ká-chhek-á
taiwanese-basic:2196	full	kachhekakekhi	ká-chhek-á ke-khì
taiwanese-basic:2196	prefix	kachhek	ká-chhek-á ke-khì
taiwanese-basic:2196	initials	kcakk	ká-chhek-á ke-khì
taiwanese-basic:2211	full	kateng	ká-tēng
taiwanese-basic:2211	prefix	kat	ká-tēng
taiwanese-basic:2211	initials	kt	ká-tēng
taiwanese-basic:2226	full	kai	kái
taiwanese-basic:2226	prefix	ka	kái
taiwanese-basic:2226	initials	k	kái
taiwanese-basic:2609	full	kaikhokoan	kái khó-koàn
taiwanese-basic:2609	prefix	kaikh	kái khó-koàn
taiwanese-basic:2609	initials	kkk	kái khó-koàn
taiwanese-basic:2223	full	kaichiatkiho	kái-chiat ki-hô
taiwanese-basic:2223	prefix	kaichi	kái-chiat ki-hô
taiwanese-basic:2223	initials	kckh	kái-chiat ki-hô
taiwanese-basic:2239	full	kaichit	kái-chit
taiwanese-basic:2239	prefix	kaic	kái-chit
taiwanese-basic:2239	initials	kc	kái-chit
taiwanese-basic:2234	full	kaichong	kái-chong
taiwanese-basic:2234	prefix	kaic	kái-chong
taiwanese-basic:2234	initials	kc	kái-chong
taiwanese-basic:2229	full	kaicho	kái-chō
taiwanese-basic:2229	prefix	kai	kái-chō
taiwanese-basic:2229	initials	kc	kái-chō
taiwanese-basic:2243	full	kaigiamleng	kái-giâm-lēng
taiwanese-basic:2243	prefix	kaigia	kái-giâm-lēng
taiwanese-basic:2243	initials	kgl	kái-giâm-lēng
taiwanese-basic:2237	full	kaihong	kái-hòng
taiwanese-basic:2237	prefix	kaih	kái-hòng
taiwanese-basic:2237	initials	kh	kái-hòng
taiwanese-basic:2238	full	kaihongloole	kái-hòng lô͘-lē
taiwanese-basic:2238	prefix	kaihon	kái-hòng lô͘-lē
taiwanese-basic:2238	initials	khll	kái-hòng lô͘-lē
taiwanese-basic:2241	full	kaiiok	kái-iok
taiwanese-basic:2241	prefix	kai	kái-iok
taiwanese-basic:2241	initials	ki	kái-iok
taiwanese-basic:2233	full	kaikek	kái-kek
taiwanese-basic:2233	prefix	kai	kái-kek
taiwanese-basic:2233	initials	kk	kái-kek
taiwanese-basic:2224	full	kaikoat	kái-koat
taiwanese-basic:2224	prefix	kaik	kái-koat
taiwanese-basic:2224	initials	kk	kái-koat
taiwanese-basic:2239	full	kaikoo	kái-kò͘
taiwanese-basic:2239	prefix	kai	kái-kò͘
taiwanese-basic:2239	initials	kk	kái-kò͘
taiwanese-basic:2227	full	kailiong	kái-liông
taiwanese-basic:2227	prefix	kail	kái-liông
taiwanese-basic:2227	initials	kl	kái-liông
taiwanese-basic:2236	full	kaiphoo	kái-phò͘
taiwanese-basic:2236	prefix	kaip	kái-phò͘
taiwanese-basic:2236	initials	kp	kái-phò͘
taiwanese-basic:2225	full	kaipian	kái-piàn
taiwanese-basic:2225	prefix	kaip	kái-piàn
taiwanese-basic:2225	initials	kp	kái-piàn
taiwanese-basic:2228	full	kaisian	kái-siān
taiwanese-basic:2228	prefix	kais	kái-siān
taiwanese-basic:2228	initials	ks	kái-siān
taiwanese-basic:2235	full	kaisoan	kái-soán
taiwanese-basic:2235	prefix	kais	kái-soán
taiwanese-basic:2235	initials	ks	kái-soán
taiwanese-basic:2240	full	kaisan	kái-sàn
taiwanese-basic:2240	prefix	kai	kái-sàn
taiwanese-basic:2240	initials	ks	kái-sàn
taiwanese-basic:2242	full	kaiti	kái-tî
taiwanese-basic:2242	prefix	kai	kái-tî
taiwanese-basic:2242	initials	kt	kái-tî
taiwanese-basic:2251	full	kam	kám
taiwanese-basic:2251	prefix	ka	kám
taiwanese-basic:2251	initials	k	kám
taiwanese-basic:2260	full	kamcheng	kám-chêng
taiwanese-basic:2260	prefix	kamc	kám-chêng
taiwanese-basic:2260	initials	kc	kám-chêng
taiwanese-basic:2264	full	kamhok	kám-ho̍k
taiwanese-basic:2264	prefix	kam	kám-ho̍k
taiwanese-basic:2264	initials	kh	kám-ho̍k
taiwanese-basic:2254	full	kamhoa	kám-hòa
taiwanese-basic:2254	prefix	kam	kám-hòa
taiwanese-basic:2254	initials	kh	kám-hòa
taiwanese-basic:2256	full	kamkak	kám-kak
taiwanese-basic:2256	prefix	kam	kám-kak
taiwanese-basic:2256	initials	kk	kám-kak
taiwanese-basic:2261	full	kammoo	kám-mō͘
taiwanese-basic:2261	prefix	kam	kám-mō͘
taiwanese-basic:2261	initials	km	kám-mō͘
taiwanese-basic:2257	full	kamsim	kám-sim
taiwanese-basic:2257	prefix	kam	kám-sim
taiwanese-basic:2257	initials	ks	kám-sim
taiwanese-basic:2263	full	kamsiong	kám-sióng
taiwanese-basic:2263	prefix	kams	kám-sióng
taiwanese-basic:2263	initials	ks	kám-sióng
taiwanese-basic:2259	full	kamsia	kám-siā
taiwanese-basic:2259	prefix	kam	kám-siā
taiwanese-basic:2259	initials	ks	kám-siā
taiwanese-basic:2265	full	kamtian	kám-tiān
taiwanese-basic:2265	prefix	kamt	kám-tiān
taiwanese-basic:2265	initials	kt	kám-tiān
taiwanese-basic:2262	full	kamtong	kám-tōng
taiwanese-basic:2262	prefix	kamt	kám-tōng
taiwanese-basic:2262	initials	kt	kám-tōng
taiwanese-basic:2271	full	kantan	kán-tan
taiwanese-basic:2271	prefix	kan	kán-tan
taiwanese-basic:2271	initials	kt	kán-tan
taiwanese-basic:2300	full	kang	káng
taiwanese-basic:2300	prefix	ka	káng
taiwanese-basic:2300	initials	k	káng
taiwanese-basic:2303	full	kangho	káng-hô
taiwanese-basic:2303	prefix	kan	káng-hô
taiwanese-basic:2303	initials	kh	káng-hô
taiwanese-basic:2304	full	kanghohoegi	káng-hô hōe-gī
taiwanese-basic:2304	prefix	kangho	káng-hô hōe-gī
taiwanese-basic:2304	initials	khhg	káng-hô hōe-gī
taiwanese-basic:2299	full	kangian	káng-ián
taiwanese-basic:2299	prefix	kang	káng-ián
taiwanese-basic:2299	initials	ki	káng-ián
taiwanese-basic:2298	full	kangkai	káng-kái
taiwanese-basic:2298	prefix	kang	káng-kái
taiwanese-basic:2298	initials	kk	káng-kái
taiwanese-basic:2314	full	kau	káu
taiwanese-basic:2314	prefix	ka	káu
taiwanese-basic:2314	initials	k	káu
taiwanese-basic:2345	full	kauhia	káu-hiā
taiwanese-basic:2345	prefix	kau	káu-hiā
taiwanese-basic:2345	initials	kh	káu-hiā
taiwanese-basic:2349	full	kaukoai	káu-koài
taiwanese-basic:2349	prefix	kauk	káu-koài
taiwanese-basic:2349	initials	kk	káu-koài
taiwanese-basic:2773	full	kauakiann	káu-á-kiáⁿ
taiwanese-basic:2773	prefix	kauak	káu-á-kiáⁿ
taiwanese-basic:2773	initials	kak	káu-á-kiáⁿ
taiwanese-basic:2212	full	kann	káⁿ
taiwanese-basic:2212	prefix	ka	káⁿ
taiwanese-basic:2212	initials	k	káⁿ
taiwanese-basic:2348	full	kau	kâu
taiwanese-basic:2348	prefix	ka	kâu
taiwanese-basic:2348	initials	k	kâu
taiwanese-basic:2374	full	ke	kè
taiwanese-basic:2374	prefix	k	kè
taiwanese-basic:2374	initials	k	kè
taiwanese-basic:2375	full	keang	kè-ang
taiwanese-basic:2375	prefix	kea	kè-ang
taiwanese-basic:2375	initials	ka	kè-ang
taiwanese-basic:2377	full	kechhoa	kè-chhōa
taiwanese-basic:2377	prefix	kech	kè-chhōa
taiwanese-basic:2377	initials	kc	kè-chhōa
taiwanese-basic:2378	full	kechng	kè-chng
taiwanese-basic:2378	prefix	kec	kè-chng
taiwanese-basic:2378	initials	kc	kè-chng
taiwanese-basic:2373	full	kechinn	kè-chîⁿ
taiwanese-basic:2373	prefix	kech	kè-chîⁿ
taiwanese-basic:2373	initials	kc	kè-chîⁿ
taiwanese-basic:2402	full	kesiok	kè-sio̍k
taiwanese-basic:2402	prefix	kes	kè-sio̍k
taiwanese-basic:2402	initials	ks	kè-sio̍k
taiwanese-basic:2404	full	kesoan	kè-soàn
taiwanese-basic:2404	prefix	kes	kè-soàn
taiwanese-basic:2404	initials	ks	kè-soàn
taiwanese-basic:2404	full	kesng	kè-sǹg
taiwanese-basic:2404	prefix	kes	kè-sǹg
taiwanese-basic:2404	initials	ks	kè-sǹg
taiwanese-basic:2381	full	ketat	kè-ta̍t
taiwanese-basic:2381	prefix	ket	kè-ta̍t
taiwanese-basic:2381	initials	kt	kè-ta̍t
taiwanese-basic:2399	full	kea	kè-á
taiwanese-basic:2399	prefix	ke	kè-á
taiwanese-basic:2399	initials	ka	kè-á
taiwanese-basic:2427	full	kengchhat	kèng-chhat
taiwanese-basic:2427	prefix	kengc	kèng-chhat
taiwanese-basic:2427	initials	kc	kèng-chhat
taiwanese-basic:2429	full	kengpo	kèng-pò
taiwanese-basic:2429	prefix	ken	kèng-pò
taiwanese-basic:2429	initials	kp	kèng-pò
taiwanese-basic:2432	full	kengi	kèng-ì
taiwanese-basic:2432	prefix	ken	kèng-ì
taiwanese-basic:2432	initials	ki	kèng-ì
taiwanese-basic:2226	full	ke	ké
taiwanese-basic:2226	prefix	k	ké
taiwanese-basic:2226	initials	k	ké
taiwanese-basic:2609	full	kekhokoan	ké khó-koàn
taiwanese-basic:2609	prefix	kekho	ké khó-koàn
taiwanese-basic:2609	initials	kkk	ké khó-koàn
taiwanese-basic:2387	full	kesoeh	ké-soeh
taiwanese-basic:2387	prefix	kes	ké-soeh
taiwanese-basic:2387	initials	ks	ké-soeh
taiwanese-basic:2435	full	keng	kéng
taiwanese-basic:2435	prefix	ke	kéng
taiwanese-basic:2435	initials	k	kéng
taiwanese-basic:2428	full	kengchhatkiok	kéng-chhat kio̍k
taiwanese-basic:2428	prefix	kengchh	kéng-chhat kio̍k
taiwanese-basic:2428	initials	kck	kéng-chhat kio̍k
taiwanese-basic:2417	full	kengkhi	kéng-khì
taiwanese-basic:2417	prefix	keng	kéng-khì
taiwanese-basic:2417	initials	kk	kéng-khì
taiwanese-basic:2418	full	kengsek	kéng-sek
taiwanese-basic:2418	prefix	keng	kéng-sek
taiwanese-basic:2418	initials	ks	kéng-sek
taiwanese-basic:2418	full	kengti	kéng-tì
taiwanese-basic:2418	prefix	ken	kéng-tì
taiwanese-basic:2418	initials	kt	kéng-tì
taiwanese-basic:2728	full	ki	kì
taiwanese-basic:2728	prefix	k	kì
taiwanese-basic:2728	initials	k	kì
taiwanese-basic:205	full	kibetiau	kì bē-tiâu
taiwanese-basic:205	prefix	kibe	kì bē-tiâu
taiwanese-basic:205	initials	kbt	kì bē-tiâu
taiwanese-basic:2553	full	kikhilai	kì--khí-lâi
taiwanese-basic:2553	prefix	kikh	kì--khí-lâi
taiwanese-basic:2553	initials	kkl	kì--khí-lâi
taiwanese-basic:2748	full	kichia	kì-chiá
taiwanese-basic:2748	prefix	kic	kì-chiá
taiwanese-basic:2748	initials	kc	kì-chiá
taiwanese-basic:2751	full	kihu	kì-hù
taiwanese-basic:2751	prefix	ki	kì-hù
taiwanese-basic:2751	initials	kh	kì-hù
taiwanese-basic:2727	full	kiliam	kì-liām
taiwanese-basic:2727	prefix	kil	kì-liām
taiwanese-basic:2727	initials	kl	kì-liām
taiwanese-basic:2747	full	kilok	kì-lo̍k
taiwanese-basic:2747	prefix	kil	kì-lo̍k
taiwanese-basic:2747	initials	kl	kì-lo̍k
taiwanese-basic:2729	full	kisiau	kì-siàu
taiwanese-basic:2729	prefix	kis	kì-siàu
taiwanese-basic:2729	initials	ks	kì-siàu
taiwanese-basic:2731	full	kia	kì-á
taiwanese-basic:2731	prefix	ki	kì-á
taiwanese-basic:2731	initials	ka	kì-á
taiwanese-basic:2813	full	kim	kìm
taiwanese-basic:2813	prefix	ki	kìm
taiwanese-basic:2813	initials	k	kìm
taiwanese-basic:2813	full	kimchi	kìm-chí
taiwanese-basic:2813	prefix	kim	kìm-chí
taiwanese-basic:2813	initials	kc	kìm-chí
taiwanese-basic:2754	full	kinn	kìⁿ
taiwanese-basic:2754	prefix	ki	kìⁿ
taiwanese-basic:2754	initials	k	kìⁿ
taiwanese-basic:2744	full	kiheng	kí-hêng
taiwanese-basic:2744	prefix	kih	kí-hêng
taiwanese-basic:2744	initials	kh	kí-hêng
taiwanese-basic:2746	full	kihengkiathunsek	kí-hêng kiat-hun-sek
taiwanese-basic:2746	prefix	kihengki	kí-hêng kiat-hun-sek
taiwanese-basic:2746	initials	khkhs	kí-hêng kiat-hun-sek
taiwanese-basic:2745	full	kihengpitgiapsek	kí-hêng pi̍t-gia̍p sek
taiwanese-basic:2745	prefix	kihengpi	kí-hêng pi̍t-gia̍p sek
taiwanese-basic:2745	initials	khpgs	kí-hêng pi̍t-gia̍p sek
taiwanese-basic:2820	full	kin	kín
taiwanese-basic:2820	prefix	ki	kín
taiwanese-basic:2820	initials	k	kín
taiwanese-basic:2735	full	ki	kî
taiwanese-basic:2735	prefix	k	kî
taiwanese-basic:2735	initials	k	kî
taiwanese-basic:2733	full	kikho	kî-khó
taiwanese-basic:2733	prefix	kik	kî-khó
taiwanese-basic:2733	initials	kk	kî-khó
taiwanese-basic:2749	full	kikoai	kî-koài
taiwanese-basic:2749	prefix	kik	kî-koài
taiwanese-basic:2749	initials	kk	kî-koài
taiwanese-basic:2750	full	kisut	kî-su̍t
taiwanese-basic:2750	prefix	kis	kî-su̍t
taiwanese-basic:2750	initials	ks	kî-su̍t
taiwanese-basic:2753	full	kito	kî-tó
taiwanese-basic:2753	prefix	ki	kî-tó
taiwanese-basic:2753	initials	kt	kî-tó
taiwanese-basic:2736	full	kia	kî-á
taiwanese-basic:2736	prefix	ki	kî-á
taiwanese-basic:2736	initials	ka	kî-á
taiwanese-basic:2880	full	ko	kò
taiwanese-basic:2880	prefix	k	kò
taiwanese-basic:2880	initials	k	kò
taiwanese-basic:2871	full	kokai	kò-kái
taiwanese-basic:2871	prefix	kok	kò-kái
taiwanese-basic:2871	initials	kk	kò-kái
taiwanese-basic:2914	full	koa	kòa
taiwanese-basic:2914	prefix	ko	kòa
taiwanese-basic:2914	initials	k	kòa
taiwanese-basic:157	full	koabakkiann	kòa ba̍k-kiàⁿ
taiwanese-basic:157	prefix	koabak	kòa ba̍k-kiàⁿ
taiwanese-basic:157	initials	kbk	kòa ba̍k-kiàⁿ
taiwanese-basic:794	full	koachhiulong	kòa chhiú-lông
taiwanese-basic:794	prefix	koachh	kòa chhiú-lông
taiwanese-basic:794	initials	kcl	kòa chhiú-lông
taiwanese-basic:777	full	koachhiuchi	kòa-chhiú-chí
taiwanese-basic:777	prefix	koachh	kòa-chhiú-chí
taiwanese-basic:777	initials	kcc	kòa-chhiú-chí
taiwanese-basic:2975	full	koe	kòe
taiwanese-basic:2975	prefix	ko	kòe
taiwanese-basic:2975	initials	k	kòe
taiwanese-basic:2988	full	koekhi	kòe-khì
taiwanese-basic:2988	prefix	koe	kòe-khì
taiwanese-basic:2988	initials	kk	kòe-khì
taiwanese-basic:2831	full	koekio	kòe-kiô
taiwanese-basic:2831	prefix	koe	kòe-kiô
taiwanese-basic:2831	initials	kk	kòe-kiô
taiwanese-basic:1736	full	koeke	kòe-kè
taiwanese-basic:1736	prefix	koe	kòe-kè
taiwanese-basic:1736	initials	kk	kòe-kè
taiwanese-basic:2986	full	koemi	kòe-mî
taiwanese-basic:2986	prefix	koe	kòe-mî
taiwanese-basic:2986	initials	km	kòe-mî
taiwanese-basic:2976	full	koeni	kòe-nî
taiwanese-basic:2976	prefix	koe	kòe-nî
taiwanese-basic:2976	initials	kn	kòe-nî
taiwanese-basic:372	full	koenijit	kòe-nî-ji̍t
taiwanese-basic:372	prefix	koen	kòe-nî-ji̍t
taiwanese-basic:372	initials	knj	kòe-nî-ji̍t
taiwanese-basic:2985	full	koesit	kòe-sit
taiwanese-basic:2985	prefix	koe	kòe-sit
taiwanese-basic:2985	initials	ks	kòe-sit
taiwanese-basic:2987	full	koeto	kòe-tō
taiwanese-basic:2987	prefix	koe	kòe-tō
taiwanese-basic:2987	initials	kt	kòe-tō
taiwanese-basic:5280	full	koetoo	kòe-tō͘
taiwanese-basic:5280	prefix	koe	kòe-tō͘
taiwanese-basic:5280	initials	kt	kòe-tō͘
taiwanese-basic:2978	full	koeong	kòe-óng
taiwanese-basic:2978	prefix	koe	kòe-óng
taiwanese-basic:2978	initials	ko	kòe-óng
taiwanese-basic:2445	full	kong	kòng
taiwanese-basic:2445	prefix	ko	kòng
taiwanese-basic:2445	initials	k	kòng
taiwanese-basic:2446	full	kongtianpo	kòng tiān-pò
taiwanese-basic:2446	prefix	kongt	kòng tiān-pò
taiwanese-basic:2446	initials	ktp	kòng tiān-pò
taiwanese-basic:5113	full	kongtianoe	kòng tiān-ōe
taiwanese-basic:5113	prefix	kongt	kòng tiān-ōe
taiwanese-basic:5113	initials	kto	kòng tiān-ōe
taiwanese-basic:3019	full	kongcheng	kòng-cheng
taiwanese-basic:3019	prefix	kongc	kòng-cheng
taiwanese-basic:3019	initials	kc	kòng-cheng
taiwanese-basic:3805	full	kongphoa	kòng-phòa
taiwanese-basic:3805	prefix	kong	kòng-phòa
taiwanese-basic:3805	initials	kp	kòng-phòa
taiwanese-basic:3026	full	kongthuia	kòng-thûi-á
taiwanese-basic:3026	prefix	kongt	kòng-thûi-á
taiwanese-basic:3026	initials	kta	kòng-thûi-á
taiwanese-basic:2899	full	koo	kò͘
taiwanese-basic:2899	prefix	ko	kò͘
taiwanese-basic:2899	initials	k	kò͘
taiwanese-basic:2900	full	kooginna	kò͘ gín-ná
taiwanese-basic:2900	prefix	koog	kò͘ gín-ná
taiwanese-basic:2900	initials	kgn	kò͘ gín-ná
taiwanese-basic:2902	full	koomng	kò͘ mn̂g
taiwanese-basic:2902	prefix	koo	kò͘ mn̂g
taiwanese-basic:2902	initials	km	kò͘ mn̂g
taiwanese-basic:2903	full	koomnge	kò͘ mn̂g ê
taiwanese-basic:2903	prefix	koom	kò͘ mn̂g ê
taiwanese-basic:2903	initials	kme	kò͘ mn̂g ê
taiwanese-basic:2901	full	koopinnlang	kò͘ pīⁿ-lâng
taiwanese-basic:2901	prefix	koopin	kò͘ pīⁿ-lâng
taiwanese-basic:2901	initials	kpl	kò͘ pīⁿ-lâng
taiwanese-basic:254	full	koothebian	kò͘ thé-biān
taiwanese-basic:254	prefix	kooth	kò͘ thé-biān
taiwanese-basic:254	initials	ktb	kò͘ thé-biān
taiwanese-basic:2904	full	kootiam	kò͘ tiàm
taiwanese-basic:2904	prefix	koot	kò͘ tiàm
taiwanese-basic:2904	initials	kt	kò͘ tiàm
taiwanese-basic:2908	full	koobun	kò͘-būn
taiwanese-basic:2908	prefix	koo	kò͘-būn
taiwanese-basic:2908	initials	kb	kò͘-būn
taiwanese-basic:2885	full	koosu	kò͘-sū
taiwanese-basic:2885	prefix	koo	kò͘-sū
taiwanese-basic:2885	initials	ks	kò͘-sū
taiwanese-basic:2928	full	koann	kóaⁿ
taiwanese-basic:2928	prefix	koa	kóaⁿ
taiwanese-basic:2928	initials	k	kóaⁿ
taiwanese-basic:2929	full	koannkin	kóaⁿ-kín
taiwanese-basic:2929	prefix	koan	kóaⁿ-kín
taiwanese-basic:2929	initials	kk	kóaⁿ-kín
taiwanese-basic:2973	full	koechi	kóe-chí
taiwanese-basic:2973	prefix	koe	kóe-chí
taiwanese-basic:2973	initials	kc	kóe-chí
taiwanese-basic:2974	full	koechichiap	kóe-chí chiap
taiwanese-basic:2974	prefix	koechi	kóe-chí chiap
taiwanese-basic:2974	initials	kcc	kóe-chí chiap
taiwanese-basic:2986	full	koeme	kóe-mê
taiwanese-basic:2986	prefix	koe	kóe-mê
taiwanese-basic:2986	initials	km	kóe-mê
taiwanese-basic:3016	full	kong	kóng
taiwanese-basic:3016	prefix	ko	kóng
taiwanese-basic:3016	initials	k	kóng
taiwanese-basic:758	full	kongchhiooe	kóng chhiò-ōe
taiwanese-basic:758	prefix	kongch	kóng chhiò-ōe
taiwanese-basic:758	initials	kco	kóng chhiò-ōe
taiwanese-basic:1533	full	konghausiau	kóng hau-siâu
taiwanese-basic:1533	prefix	kongha	kóng hau-siâu
taiwanese-basic:1533	initials	khs	kóng hau-siâu
taiwanese-basic:4859	full	konghooithiann	kóng hō͘ i thiaⁿ
taiwanese-basic:4859	prefix	konghoo	kóng hō͘ i thiaⁿ
taiwanese-basic:4859	initials	khit	kóng hō͘ i thiaⁿ
taiwanese-basic:2886	full	kongkoosu	kóng kò͘-sū
taiwanese-basic:2886	prefix	kongk	kóng kò͘-sū
taiwanese-basic:2886	initials	kks	kóng kò͘-sū
taiwanese-basic:1533	full	kongpehchhat	kóng pe̍h-chhat
taiwanese-basic:1533	prefix	kongpe	kóng pe̍h-chhat
taiwanese-basic:1533	initials	kpc	kóng pe̍h-chhat
taiwanese-basic:3028	full	kongpehchhat	kóng pe̍h-chha̍t
taiwanese-basic:3028	prefix	kongpe	kóng pe̍h-chha̍t
taiwanese-basic:3028	initials	kpc	kóng pe̍h-chha̍t
taiwanese-basic:4006	full	kongputpeng	kóng put-pêng
taiwanese-basic:4006	prefix	kongpu	kóng put-pêng
taiwanese-basic:4006	initials	kpp	kóng put-pêng
taiwanese-basic:3732	full	kongtianoe	kóng tiān-ōe
taiwanese-basic:3732	prefix	kongt	kóng tiān-ōe
taiwanese-basic:3732	initials	kto	kóng tiān-ōe
taiwanese-basic:5262	full	kongtoli	kóng tō-lí
taiwanese-basic:5262	prefix	kong	kóng tō-lí
taiwanese-basic:5262	initials	ktl	kóng tō-lí
taiwanese-basic:3037	full	kongko	kóng-kò
taiwanese-basic:3037	prefix	kon	kóng-kò
taiwanese-basic:3037	initials	kk	kóng-kò
taiwanese-basic:3037	full	kongkoo	kóng-kò͘
taiwanese-basic:3037	prefix	kong	kóng-kò͘
taiwanese-basic:3037	initials	kk	kóng-kò͘
taiwanese-basic:3030	full	kongputpeng	kóng-put-pêng
taiwanese-basic:3030	prefix	kongpu	kóng-put-pêng
taiwanese-basic:3030	initials	kpp	kóng-put-pêng
taiwanese-basic:3027	full	kongpootiantai	kóng-pò͘ tiān-tâi
taiwanese-basic:3027	prefix	kongpoo	kóng-pò͘ tiān-tâi
taiwanese-basic:3027	initials	kptt	kóng-pò͘ tiān-tâi
taiwanese-basic:1506	full	kongengoe	kóng-êng-ōe
taiwanese-basic:1506	prefix	konge	kóng-êng-ōe
taiwanese-basic:1506	initials	keo	kóng-êng-ōe
taiwanese-basic:3017	full	kongoe	kóng-ōe
taiwanese-basic:3017	prefix	kon	kóng-ōe
taiwanese-basic:3017	initials	ko	kóng-ōe
taiwanese-basic:2891	full	koo	kó͘
taiwanese-basic:2891	prefix	ko	kó͘
taiwanese-basic:2891	initials	k	kó͘
taiwanese-basic:2892	full	koochheka	kó͘ chhek-á
taiwanese-basic:2892	prefix	kooch	kó͘ chhek-á
taiwanese-basic:2892	initials	kca	kó͘ chhek-á
taiwanese-basic:2888	full	koochui	kó͘-chui
taiwanese-basic:2888	prefix	kooc	kó͘-chui
taiwanese-basic:2888	initials	kc	kó͘-chui
taiwanese-basic:2894	full	koochinn	kó͘-chíⁿ
taiwanese-basic:2894	prefix	kooc	kó͘-chíⁿ
taiwanese-basic:2894	initials	kc	kó͘-chíⁿ
taiwanese-basic:1439	full	koogoeh	kó͘-goe̍h
taiwanese-basic:1439	prefix	koog	kó͘-goe̍h
taiwanese-basic:1439	initials	kg	kó͘-goe̍h
taiwanese-basic:2898	full	kooke	kó͘-kè
taiwanese-basic:2898	prefix	koo	kó͘-kè
taiwanese-basic:2898	initials	kk	kó͘-kè
taiwanese-basic:2893	full	koole	kó͘-lē
taiwanese-basic:2893	prefix	koo	kó͘-lē
taiwanese-basic:2893	initials	kl	kó͘-lē
taiwanese-basic:2907	full	kootong	kó͘-tóng
taiwanese-basic:2907	prefix	koot	kó͘-tóng
taiwanese-basic:2907	initials	kt	kó͘-tóng
taiwanese-basic:2881	full	kokotinn	kô-kô-tīⁿ
taiwanese-basic:2881	prefix	koko	kô-kô-tīⁿ
taiwanese-basic:2881	initials	kkt	kô-kô-tīⁿ
taiwanese-basic:2919	full	koann	kôaⁿ
taiwanese-basic:2919	prefix	koa	kôaⁿ
taiwanese-basic:2919	initials	k	kôaⁿ
taiwanese-basic:2921	full	koanntioh	kôaⁿ--tio̍h
taiwanese-basic:2921	prefix	koann	kôaⁿ--tio̍h
taiwanese-basic:2921	initials	kt	kôaⁿ--tio̍h
taiwanese-basic:2920	full	koannthinn	kôaⁿ-thiⁿ
taiwanese-basic:2920	prefix	koann	kôaⁿ-thiⁿ
taiwanese-basic:2920	initials	kt	kôaⁿ-thiⁿ
taiwanese-basic:2882	full	koo	kô͘
taiwanese-basic:2882	prefix	ko	kô͘
taiwanese-basic:2882	initials	k	kô͘
taiwanese-basic:3784	full	kooiuphio	kô͘ iû-phiò
taiwanese-basic:3784	prefix	kooiu	kô͘ iû-phiò
taiwanese-basic:3784	initials	kip	kô͘ iû-phiò
taiwanese-basic:2883	full	kooa	kô͘-á
taiwanese-basic:2883	prefix	ko	kô͘-á
taiwanese-basic:2883	initials	ka	kô͘-á
taiwanese-basic:1677	full	konn	kôⁿ
taiwanese-basic:1677	prefix	ko	kôⁿ
taiwanese-basic:1677	initials	k	kôⁿ
taiwanese-basic:3044	full	ku	kù
taiwanese-basic:3044	prefix	k	kù
taiwanese-basic:3044	initials	k	kù
taiwanese-basic:3087	full	kui	kùi
taiwanese-basic:3087	prefix	ku	kùi
taiwanese-basic:3087	initials	k	kùi
taiwanese-basic:3067	full	kuinakoogoehku	kùi nā kó͘ goe̍h kú
taiwanese-basic:3067	prefix	kuinako	kùi nā kó͘ goe̍h kú
taiwanese-basic:3067	initials	knkgk	kùi nā kó͘ goe̍h kú
taiwanese-basic:3048	full	ku	kú
taiwanese-basic:3048	prefix	k	kú
taiwanese-basic:3048	initials	k	kú
taiwanese-basic:3075	full	kui	kúi
taiwanese-basic:3075	prefix	ku	kúi
taiwanese-basic:3075	initials	k	kúi
taiwanese-basic:1849	full	kuihun	kúi hun
taiwanese-basic:1849	prefix	kui	kúi hun
taiwanese-basic:1849	initials	kh	kúi hun
taiwanese-basic:3076	full	kuijitcheng	kúi ji̍t chêng
taiwanese-basic:3076	prefix	kuijit	kúi ji̍t chêng
taiwanese-basic:3076	initials	kjc	kúi ji̍t chêng
taiwanese-basic:3066	full	kuijitaku	kúi ji̍t-á-kú
taiwanese-basic:3066	prefix	kuiji	kúi ji̍t-á-kú
taiwanese-basic:3066	initials	kjak	kúi ji̍t-á-kú
taiwanese-basic:3079	full	kuikhooa	kúi kho͘-á
taiwanese-basic:3079	prefix	kuik	kúi kho͘-á
taiwanese-basic:3079	initials	kka	kúi kho͘-á
taiwanese-basic:3047	full	kuikuaoe	kúi kù-á ōe
taiwanese-basic:3047	prefix	kuik	kúi kù-á ōe
taiwanese-basic:3047	initials	kkao	kúi kù-á ōe
taiwanese-basic:3063	full	kuiniaku	kúi nî-á-kú
taiwanese-basic:3063	prefix	kuin	kúi nî-á-kú
taiwanese-basic:3063	initials	knak	kúi nî-á-kú
taiwanese-basic:3080	full	kuinakhoo	kúi nā kho͘
taiwanese-basic:3080	prefix	kuina	kúi nā kho͘
taiwanese-basic:3080	initials	knk	kúi nā kho͘
taiwanese-basic:3086	full	kuinakuoe	kúi nā kù ōe
taiwanese-basic:3086	prefix	kuina	kúi nā kù ōe
taiwanese-basic:3086	initials	knko	kúi nā kù ōe
taiwanese-basic:3082	full	kuinapunchheh	kúi nā pún chheh
taiwanese-basic:3082	prefix	kuinapu	kúi nā pún chheh
taiwanese-basic:3082	initials	knpc	kúi nā pún chheh
taiwanese-basic:3084	full	kuinaelang	kúi nā ê lâng
taiwanese-basic:3084	prefix	kuina	kúi nā ê lâng
taiwanese-basic:3084	initials	knel	kúi nā ê lâng
taiwanese-basic:3081	full	kuipunachheh	kúi pún á chheh
taiwanese-basic:3081	prefix	kuipun	kúi pún á chheh
taiwanese-basic:3081	initials	kpac	kúi pún á chheh
taiwanese-basic:5065	full	kuitiamcheng	kúi tiám-cheng
taiwanese-basic:5065	prefix	kuitia	kúi tiám-cheng
taiwanese-basic:5065	initials	ktc	kúi tiám-cheng
taiwanese-basic:3083	full	kuiealang	kúi ê á lâng
taiwanese-basic:3083	prefix	kuiea	kúi ê á lâng
taiwanese-basic:3083	initials	keal	kúi ê á lâng
taiwanese-basic:3065	full	kuiajitku	kúi ā ji̍t kú
taiwanese-basic:3065	prefix	kuiaj	kúi ā ji̍t kú
taiwanese-basic:3065	initials	kajk	kúi ā ji̍t kú
taiwanese-basic:3067	full	kuiakoogoehku	kúi ā kó͘ goe̍h kú
taiwanese-basic:3067	prefix	kuiakoo	kúi ā kó͘ goe̍h kú
taiwanese-basic:3067	initials	kakgk	kúi ā kó͘ goe̍h kú
taiwanese-basic:3086	full	kuiakuoe	kúi ā kù ōe
taiwanese-basic:3086	prefix	kuia	kúi ā kù ōe
taiwanese-basic:3086	initials	kako	kúi ā kù ōe
taiwanese-basic:3064	full	kuianiku	kúi ā nî-kú
taiwanese-basic:3064	prefix	kuia	kúi ā nî-kú
taiwanese-basic:3064	initials	kank	kúi ā nî-kú
taiwanese-basic:3082	full	kuiapunchheh	kúi ā pún chheh
taiwanese-basic:3082	prefix	kuiapu	kúi ā pún chheh
taiwanese-basic:3082	initials	kapc	kúi ā pún chheh
taiwanese-basic:3084	full	kuiaelang	kúi ā ê lâng
taiwanese-basic:3084	prefix	kuiae	kúi ā ê lâng
taiwanese-basic:3084	initials	kael	kúi ā ê lâng
taiwanese-basic:3065	full	kuinajitku	kúi-nā ji̍t kú
taiwanese-basic:3065	prefix	kuina	kúi-nā ji̍t kú
taiwanese-basic:3065	initials	knjk	kúi-nā ji̍t kú
taiwanese-basic:3633	full	kuinapai	kúi-nā-pái
taiwanese-basic:3633	prefix	kuin	kúi-nā-pái
taiwanese-basic:3633	initials	knp	kúi-nā-pái
taiwanese-basic:3098	full	kuia	kúi-á
taiwanese-basic:3098	prefix	ku	kúi-á
taiwanese-basic:3098	initials	ka	kúi-á
taiwanese-basic:3100	full	kun	kún
taiwanese-basic:3100	prefix	ku	kún
taiwanese-basic:3100	initials	k	kún
taiwanese-basic:1237	full	kunchui	kún-chúi
taiwanese-basic:1237	prefix	kunc	kún-chúi
taiwanese-basic:1237	initials	kc	kún-chúi
taiwanese-basic:3101	full	kun	kûn
taiwanese-basic:3101	prefix	ku	kûn
taiwanese-basic:3101	initials	k	kûn
taiwanese-basic:2183	full	ka	kā
taiwanese-basic:2183	prefix	k	kā
taiwanese-basic:2183	initials	k	kā
taiwanese-basic:1047	full	kalichioh	kā lí chioh
taiwanese-basic:1047	prefix	kalic	kā lí chioh
taiwanese-basic:1047	initials	klc	kā lí chioh
taiwanese-basic:2284	full	kang	kāng
taiwanese-basic:2284	prefix	ka	kāng
taiwanese-basic:2284	initials	k	kāng
taiwanese-basic:2285	full	kangimbokangji	kāng im bô kāng jī
taiwanese-basic:2285	prefix	kangimb	kāng im bô kāng jī
taiwanese-basic:2285	initials	kibkj	kāng im bô kāng jī
taiwanese-basic:2675	full	kangkhoan	kāng khoán
taiwanese-basic:2675	prefix	kangk	kāng khoán
taiwanese-basic:2675	initials	kk	kāng khoán
taiwanese-basic:2291	full	kanglang	kāng lâng
taiwanese-basic:2291	prefix	kang	kāng lâng
taiwanese-basic:2291	initials	kl	kāng lâng
taiwanese-basic:2284	full	kangkhoan	kāng-khoán
taiwanese-basic:2284	prefix	kangk	kāng-khoán
taiwanese-basic:2284	initials	kk	kāng-khoán
taiwanese-basic:2289	full	kangsinn	kāng-sìⁿ
taiwanese-basic:2289	prefix	kang	kāng-sìⁿ
taiwanese-basic:2289	initials	ks	kāng-sìⁿ
taiwanese-basic:2288	full	kangsi	kāng-sî
taiwanese-basic:2288	prefix	kan	kāng-sî
taiwanese-basic:2288	initials	ks	kāng-sî
taiwanese-basic:2290	full	kangsoochai	kāng-só͘-chāi
taiwanese-basic:2290	prefix	kangso	kāng-só͘-chāi
taiwanese-basic:2290	initials	ksc	kāng-só͘-chāi
taiwanese-basic:2308	full	kau	kāu
taiwanese-basic:2308	prefix	ka	kāu
taiwanese-basic:2308	initials	k	kāu
taiwanese-basic:2825	full	kin	kīn
taiwanese-basic:2825	prefix	ki	kīn
taiwanese-basic:2825	initials	k	kīn
taiwanese-basic:2822	full	kinlai	kīn-lâi
taiwanese-basic:2822	prefix	kin	kīn-lâi
taiwanese-basic:2822	initials	kl	kīn-lâi
taiwanese-basic:2826	full	kinsi	kīn-sī
taiwanese-basic:2826	prefix	kin	kīn-sī
taiwanese-basic:2826	initials	ks	kīn-sī
taiwanese-basic:2554	full	kngkhilai	kńg--khí-lâi
taiwanese-basic:2554	prefix	kngkh	kńg--khí-lâi
taiwanese-basic:2554	initials	kkl	kńg--khí-lâi
taiwanese-basic:2922	full	koann	kōaⁿ
taiwanese-basic:2922	prefix	koa	kōaⁿ
taiwanese-basic:2922	initials	k	kōaⁿ
taiwanese-basic:2897	full	koojiinn	kō͘-jî-īⁿ
taiwanese-basic:2897	prefix	kooj	kō͘-jî-īⁿ
taiwanese-basic:2897	initials	kji	kō͘-jî-īⁿ
taiwanese-basic:3041	full	ku	kū
taiwanese-basic:3041	prefix	k	kū
taiwanese-basic:3041	initials	k	kū
taiwanese-basic:1971	full	kulek	kū-le̍k
taiwanese-basic:1971	prefix	kul	kū-le̍k
taiwanese-basic:1971	initials	kl	kū-le̍k
taiwanese-basic:3074	full	kulokpoo	kū-lo̍k-pō͘
taiwanese-basic:3074	prefix	kulo	kū-lo̍k-pō͘
taiwanese-basic:3074	initials	klp	kū-lo̍k-pō͘
taiwanese-basic:3042	full	kuni	kū-nî
taiwanese-basic:3042	prefix	ku	kū-nî
taiwanese-basic:3042	initials	kn	kū-nî
taiwanese-basic:3095	full	kui	kūi
taiwanese-basic:3095	prefix	ku	kūi
taiwanese-basic:3095	initials	k	kūi
taiwanese-basic:2870	full	kng	kǹg
taiwanese-basic:2870	prefix	kn	kǹg
taiwanese-basic:2870	initials	k	kǹg
taiwanese-basic:3895	full	kngpit	kǹg-pit
taiwanese-basic:3895	prefix	kng	kǹg-pit
taiwanese-basic:3895	initials	kp	kǹg-pit
taiwanese-basic:3118	full	lahchektai	lah-chek-tâi
taiwanese-basic:3118	prefix	lahch	lah-chek-tâi
taiwanese-basic:3118	initials	lct	lah-chek-tâi
taiwanese-basic:3115	full	lahsap	lah-sap
taiwanese-basic:3115	prefix	lah	lah-sap
taiwanese-basic:3115	initials	ls	lah-sap
taiwanese-basic:3115	full	lahsapkui	lah-sap kúi
taiwanese-basic:3115	prefix	lahsa	lah-sap kúi
taiwanese-basic:3115	initials	lsk	lah-sap kúi
taiwanese-basic:2197	full	lak	lak
taiwanese-basic:2197	prefix	la	lak
taiwanese-basic:2197	initials	l	lak
taiwanese-basic:3140	full	lakkhi	lak-khì
taiwanese-basic:3140	prefix	lak	lak-khì
taiwanese-basic:3140	initials	lk	lak-khì
taiwanese-basic:3141	full	lakkohkhi	lak-ko̍h-khì
taiwanese-basic:3141	prefix	lakko	lak-ko̍h-khì
taiwanese-basic:3141	initials	lkk	lak-ko̍h-khì
taiwanese-basic:3172	full	lap	lap
taiwanese-basic:3172	prefix	la	lap
taiwanese-basic:3172	initials	l	lap
taiwanese-basic:2924	full	laukoann	lau kōaⁿ
taiwanese-basic:2924	prefix	lauk	lau kōaⁿ
taiwanese-basic:2924	initials	lk	lau kōaⁿ
taiwanese-basic:3117	full	lahchek	la̍h-chek
taiwanese-basic:3117	prefix	lahc	la̍h-chek
taiwanese-basic:3117	initials	lc	la̍h-chek
taiwanese-basic:3119	full	lahjit	la̍h-ji̍t
taiwanese-basic:3119	prefix	lah	la̍h-ji̍t
taiwanese-basic:3119	initials	lj	la̍h-ji̍t
taiwanese-basic:3139	full	lak	la̍k
taiwanese-basic:3139	prefix	la	la̍k
taiwanese-basic:3139	initials	l	la̍k
taiwanese-basic:3058	full	lakgoehjitku	la̍k goe̍h-ji̍t kú
taiwanese-basic:3058	prefix	lakgoe	la̍k goe̍h-ji̍t kú
taiwanese-basic:3058	initials	lgjk	la̍k goe̍h-ji̍t kú
taiwanese-basic:3058	full	lakkoogoehku	la̍k kó͘-goe̍h kú
taiwanese-basic:3058	prefix	lakkoo	la̍k kó͘-goe̍h kú
taiwanese-basic:3058	initials	lkgk	la̍k kó͘-goe̍h kú
taiwanese-basic:5068	full	laktiamsichapgoohun	la̍k tiám sì cha̍p gō͘ hun
taiwanese-basic:5068	prefix	laktiamsic	la̍k tiám sì cha̍p gō͘ hun
taiwanese-basic:5068	initials	ltscgh	la̍k tiám sì cha̍p gō͘ hun
taiwanese-basic:4582	full	lakgoehtang	la̍k-goe̍h tang
taiwanese-basic:4582	prefix	lakgoe	la̍k-goe̍h tang
taiwanese-basic:4582	initials	lgt	la̍k-goe̍h tang
taiwanese-basic:3171	full	lap	la̍p
taiwanese-basic:3171	prefix	la	la̍p
taiwanese-basic:3171	initials	l	la̍p
taiwanese-basic:3173	full	lat	la̍t
taiwanese-basic:3173	prefix	la	la̍t
taiwanese-basic:3173	initials	l	la̍t
taiwanese-basic:3176	full	latchi	la̍t-chí
taiwanese-basic:3176	prefix	lat	la̍t-chí
taiwanese-basic:3176	initials	lc	la̍t-chí
taiwanese-basic:2502	full	latchikhak	la̍t-chí-khak
taiwanese-basic:2502	prefix	latch	la̍t-chí-khak
taiwanese-basic:2502	initials	lck	la̍t-chí-khak
taiwanese-basic:3212	full	le	le
taiwanese-basic:3212	prefix	l	le
taiwanese-basic:3212	initials	l	le
taiwanese-basic:3218	full	leksek	lek-sek
taiwanese-basic:3218	prefix	lek	lek-sek
taiwanese-basic:3218	initials	ls	lek-sek
taiwanese-basic:3222	full	leng	leng
taiwanese-basic:3222	prefix	le	leng
taiwanese-basic:3222	initials	l	leng
taiwanese-basic:3229	full	lengbo	leng-bó
taiwanese-basic:3229	prefix	len	leng-bó
taiwanese-basic:3229	initials	lb	leng-bó
taiwanese-basic:3229	full	lengbu	leng-bú
taiwanese-basic:3229	prefix	len	leng-bú
taiwanese-basic:3229	initials	lb	leng-bú
taiwanese-basic:3217	full	lek	le̍k
taiwanese-basic:3217	prefix	le	le̍k
taiwanese-basic:3217	initials	l	le̍k
taiwanese-basic:3216	full	leksu	le̍k-sú
taiwanese-basic:3216	prefix	lek	le̍k-sú
taiwanese-basic:3216	initials	ls	le̍k-sú
taiwanese-basic:3281	full	lian	lian
taiwanese-basic:3281	prefix	li	lian
taiwanese-basic:3281	initials	l	lian
taiwanese-basic:3262	full	liah	lia̍h
taiwanese-basic:3262	prefix	li	lia̍h
taiwanese-basic:3262	initials	l	lia̍h
taiwanese-basic:5183	full	liahbotioh	lia̍h bô tio̍h
taiwanese-basic:5183	prefix	liahb	lia̍h bô tio̍h
taiwanese-basic:5183	initials	lbt	lia̍h bô tio̍h
taiwanese-basic:5181	full	liahbetioh	lia̍h bē tio̍h
taiwanese-basic:5181	prefix	liahb	lia̍h bē tio̍h
taiwanese-basic:5181	initials	lbt	lia̍h bē tio̍h
taiwanese-basic:3266	full	liahhoosin	lia̍h hō͘-sîn
taiwanese-basic:3266	prefix	liahh	lia̍h hō͘-sîn
taiwanese-basic:3266	initials	lhs	lia̍h hō͘-sîn
taiwanese-basic:5180	full	liahetioh	lia̍h ē tio̍h
taiwanese-basic:5180	prefix	liahe	lia̍h ē tio̍h
taiwanese-basic:5180	initials	let	lia̍h ē tio̍h
taiwanese-basic:5182	full	liahutioh	lia̍h ū tio̍h
taiwanese-basic:5182	prefix	liahu	lia̍h ū tio̍h
taiwanese-basic:5182	initials	lut	lia̍h ū tio̍h
taiwanese-basic:5179	full	liahtioh	lia̍h--tio̍h
taiwanese-basic:5179	prefix	liah	lia̍h--tio̍h
taiwanese-basic:5179	initials	lt	lia̍h--tio̍h
taiwanese-basic:3263	full	liahchhat	lia̍h-chha̍t
taiwanese-basic:3263	prefix	liahc	lia̍h-chha̍t
taiwanese-basic:3263	initials	lc	lia̍h-chha̍t
taiwanese-basic:1547	full	liahhi	lia̍h-hî
taiwanese-basic:1547	prefix	lia	lia̍h-hî
taiwanese-basic:1547	initials	lh	lia̍h-hî
taiwanese-basic:1548	full	liahhie	lia̍h-hî--ê
taiwanese-basic:1548	prefix	liah	lia̍h-hî--ê
taiwanese-basic:1548	initials	lhe	lia̍h-hî--ê
taiwanese-basic:3264	full	liahkhikoainn	lia̍h-khì koaiⁿ
taiwanese-basic:3264	prefix	liahkhi	lia̍h-khì koaiⁿ
taiwanese-basic:3264	initials	lkk	lia̍h-khì koaiⁿ
taiwanese-basic:3287	full	liap	lia̍p
taiwanese-basic:3287	prefix	li	lia̍p
taiwanese-basic:3287	initials	l	lia̍p
taiwanese-basic:3288	full	liapa	lia̍p-á
taiwanese-basic:3288	prefix	lia	lia̍p-á
taiwanese-basic:3288	initials	la	lia̍p-á
taiwanese-basic:3296	full	lim	lim
taiwanese-basic:3296	prefix	li	lim
taiwanese-basic:3296	initials	l	lim
taiwanese-basic:3299	full	limguleng	lim gû-leng
taiwanese-basic:3299	prefix	limgu	lim gû-leng
taiwanese-basic:3299	initials	lgl	lim gû-leng
taiwanese-basic:3298	full	limiohchui	lim io̍h-chúi
taiwanese-basic:3298	prefix	limio	lim io̍h-chúi
taiwanese-basic:3298	initials	lic	lim io̍h-chúi
taiwanese-basic:3623	full	limpa	lim pá
taiwanese-basic:3623	prefix	lim	lim pá
taiwanese-basic:3623	initials	lp	lim pá
taiwanese-basic:3297	full	limthng	lim-thng
taiwanese-basic:3297	prefix	limt	lim-thng
taiwanese-basic:3297	initials	lt	lim-thng
taiwanese-basic:3309	full	liua	liu-á
taiwanese-basic:3309	prefix	li	liu-á
taiwanese-basic:3309	initials	la	liu-á
taiwanese-basic:3310	full	liuakhang	liu-á khang
taiwanese-basic:3310	prefix	liuak	liu-á khang
taiwanese-basic:3310	initials	lak	liu-á khang
taiwanese-basic:3272	full	liam	liàm
taiwanese-basic:3272	prefix	li	liàm
taiwanese-basic:3272	initials	l	liàm
taiwanese-basic:3282	full	lian	liàn
taiwanese-basic:3282	prefix	li	liàn
taiwanese-basic:3282	initials	l	liàn
taiwanese-basic:3273	full	lian	lián
taiwanese-basic:3273	prefix	li	lián
taiwanese-basic:3273	initials	l	lián
taiwanese-basic:3292	full	liau	liáu
taiwanese-basic:3292	prefix	li	liáu
taiwanese-basic:3292	initials	l	liáu
taiwanese-basic:3294	full	liauchinn	liáu-chîⁿ
taiwanese-basic:3294	prefix	liauc	liáu-chîⁿ
taiwanese-basic:3294	initials	lc	liáu-chîⁿ
taiwanese-basic:3295	full	liauau	liáu-āu
taiwanese-basic:3295	prefix	lia	liáu-āu
taiwanese-basic:3295	initials	la	liáu-āu
taiwanese-basic:3270	full	liam	liâm
taiwanese-basic:3270	prefix	li	liâm
taiwanese-basic:3270	initials	l	liâm
taiwanese-basic:207	full	liambetiau	liâm bē-tiâu
taiwanese-basic:207	prefix	liamb	liâm bē-tiâu
taiwanese-basic:207	initials	lbt	liâm bē-tiâu
taiwanese-basic:3271	full	liamliam	liâm-liâm
taiwanese-basic:3271	prefix	liam	liâm-liâm
taiwanese-basic:3271	initials	ll	liâm-liâm
taiwanese-basic:3269	full	liampinn	liâm-piⁿ
taiwanese-basic:3269	prefix	liam	liâm-piⁿ
taiwanese-basic:3269	initials	lp	liâm-piⁿ
taiwanese-basic:3275	full	lian	liân
taiwanese-basic:3275	prefix	li	liân
taiwanese-basic:3275	initials	l	liân
taiwanese-basic:3280	full	lianhap	liân-ha̍p
taiwanese-basic:3280	prefix	lian	liân-ha̍p
taiwanese-basic:3280	initials	lh	liân-ha̍p
taiwanese-basic:3285	full	liang	liâng
taiwanese-basic:3285	prefix	lia	liâng
taiwanese-basic:3285	initials	l	liâng
taiwanese-basic:3286	full	liangchui	liâng-chúi
taiwanese-basic:3286	prefix	liang	liâng-chúi
taiwanese-basic:3286	initials	lc	liâng-chúi
taiwanese-basic:3304	full	liongsim	liông-sim
taiwanese-basic:3304	prefix	lion	liông-sim
taiwanese-basic:3304	initials	ls	liông-sim
taiwanese-basic:3312	full	liu	liù
taiwanese-basic:3312	prefix	li	liù
taiwanese-basic:3312	initials	l	liù
taiwanese-basic:312	full	liuboa	liù bō-á
taiwanese-basic:312	prefix	liu	liù bō-á
taiwanese-basic:312	initials	lba	liù bō-á
taiwanese-basic:3311	full	liu	liú
taiwanese-basic:3311	prefix	li	liú
taiwanese-basic:3311	initials	l	liú
taiwanese-basic:3316	full	liuhakseng	liû-hak-seng
taiwanese-basic:3316	prefix	liuha	liû-hak-seng
taiwanese-basic:3316	initials	lhs	liû-hak-seng
taiwanese-basic:3315	full	liuhak	liû-ha̍k
taiwanese-basic:3315	prefix	liu	liû-ha̍k
taiwanese-basic:3315	initials	lh	liû-ha̍k
taiwanese-basic:3317	full	liuheng	liû-hêng
taiwanese-basic:3317	prefix	liuh	liû-hêng
taiwanese-basic:3317	initials	lh	liû-hêng
taiwanese-basic:3308	full	liukip	liû-kip
taiwanese-basic:3308	prefix	liu	liû-kip
taiwanese-basic:3308	initials	lk	liû-kip
taiwanese-basic:3314	full	liusengki	liû-seng-ki
taiwanese-basic:3314	prefix	liuse	liû-seng-ki
taiwanese-basic:3314	initials	lsk	liû-seng-ki
taiwanese-basic:3267	full	liam	liām
taiwanese-basic:3267	prefix	li	liām
taiwanese-basic:3267	initials	l	liām
taiwanese-basic:65	full	liamamkho	liām àm-khò
taiwanese-basic:65	prefix	liama	liām àm-khò
taiwanese-basic:65	initials	lak	liām àm-khò
taiwanese-basic:3268	full	liamkeng	liām-keng
taiwanese-basic:3268	prefix	liam	liām-keng
taiwanese-basic:3268	initials	lk	liām-keng
taiwanese-basic:3276	full	lian	liān
taiwanese-basic:3276	prefix	li	liān
taiwanese-basic:3276	initials	l	liān
taiwanese-basic:4967	full	lianthoann	liān thòaⁿ
taiwanese-basic:4967	prefix	liant	liān thòaⁿ
taiwanese-basic:4967	initials	lt	liān thòaⁿ
taiwanese-basic:3278	full	liangak	liān-ga̍k
taiwanese-basic:3278	prefix	lian	liān-ga̍k
taiwanese-basic:3278	initials	lg	liān-ga̍k
taiwanese-basic:3277	full	lianleng	liān-lêng
taiwanese-basic:3277	prefix	lian	liān-lêng
taiwanese-basic:3277	initials	ll	liān-lêng
taiwanese-basic:3279	full	liansip	liān-si̍p
taiwanese-basic:3279	prefix	lian	liān-si̍p
taiwanese-basic:3279	initials	ls	liān-si̍p
taiwanese-basic:3283	full	liana	liān-á
taiwanese-basic:3283	prefix	lia	liān-á
taiwanese-basic:3283	initials	la	liān-á
taiwanese-basic:3289	full	liauli	liāu-lí
taiwanese-basic:3289	prefix	lia	liāu-lí
taiwanese-basic:3289	initials	ll	liāu-lí
taiwanese-basic:3307	full	liong	liōng
taiwanese-basic:3307	prefix	lio	liōng
taiwanese-basic:3307	initials	l	liōng
taiwanese-basic:3872	full	liphopiauiunn	li̍p hó piáu-iūⁿ
taiwanese-basic:3872	prefix	liphopi	li̍p hó piáu-iūⁿ
taiwanese-basic:3872	initials	lhpi	li̍p hó piáu-iūⁿ
taiwanese-basic:3873	full	lipphainnpiauiunn	li̍p pháiⁿ piáu-iūⁿ
taiwanese-basic:3873	prefix	lipphainn	li̍p pháiⁿ piáu-iūⁿ
taiwanese-basic:3873	initials	lppi	li̍p pháiⁿ piáu-iūⁿ
taiwanese-basic:3343	full	loahthaumng	loa̍h thâu-mn̂g
taiwanese-basic:3343	prefix	loahth	loa̍h thâu-mn̂g
taiwanese-basic:3343	initials	ltm	loa̍h thâu-mn̂g
taiwanese-basic:3343	full	loahthaumoo	loa̍h thâu-mô͘
taiwanese-basic:3343	prefix	loahth	loa̍h thâu-mô͘
taiwanese-basic:3343	initials	ltm	loa̍h thâu-mô͘
taiwanese-basic:3342	full	loaha	loa̍h-á
taiwanese-basic:3342	prefix	loa	loa̍h-á
taiwanese-basic:3342	initials	la	loa̍h-á
taiwanese-basic:3356	full	lok	lok
taiwanese-basic:3356	prefix	lo	lok
taiwanese-basic:3356	initials	l	lok
taiwanese-basic:3345	full	loanai	loân-ài
taiwanese-basic:3345	prefix	loa	loân-ài
taiwanese-basic:3345	initials	la	loân-ài
taiwanese-basic:3344	full	loan	loān
taiwanese-basic:3344	prefix	lo	loān
taiwanese-basic:3344	initials	l	loān
taiwanese-basic:3346	full	lohhoo	lo̍h hō͘
taiwanese-basic:3346	prefix	loh	lo̍h hō͘
taiwanese-basic:3346	initials	lh	lo̍h hō͘
taiwanese-basic:3355	full	lohlauthui	lo̍h lâu-thui
taiwanese-basic:3355	prefix	lohla	lo̍h lâu-thui
taiwanese-basic:3355	initials	llt	lo̍h lâu-thui
taiwanese-basic:3980	full	lohpui	lo̍h pûi
taiwanese-basic:3980	prefix	loh	lo̍h pûi
taiwanese-basic:3980	initials	lp	lo̍h pûi
taiwanese-basic:3347	full	lohseh	lo̍h seh
taiwanese-basic:3347	prefix	loh	lo̍h seh
taiwanese-basic:3347	initials	ls	lo̍h seh
taiwanese-basic:1650	full	lohhoo	lo̍h-hō͘
taiwanese-basic:1650	prefix	loh	lo̍h-hō͘
taiwanese-basic:1650	initials	lh	lo̍h-hō͘
taiwanese-basic:3351	full	lohkhi	lo̍h-khì
taiwanese-basic:3351	prefix	loh	lo̍h-khì
taiwanese-basic:3351	initials	lk	lo̍h-khì
taiwanese-basic:3352	full	lohkhihia	lo̍h-khì-hia
taiwanese-basic:3352	prefix	lohkh	lo̍h-khì-hia
taiwanese-basic:3352	initials	lkh	lo̍h-khì-hia
taiwanese-basic:2766	full	lohkia	lo̍h-kiā
taiwanese-basic:2766	prefix	loh	lo̍h-kiā
taiwanese-basic:2766	initials	lk	lo̍h-kiā
taiwanese-basic:3350	full	lohke	lo̍h-kè
taiwanese-basic:3350	prefix	loh	lo̍h-kè
taiwanese-basic:3350	initials	lk	lo̍h-kè
taiwanese-basic:3353	full	lohlai	lo̍h-lâi
taiwanese-basic:3353	prefix	loh	lo̍h-lâi
taiwanese-basic:3353	initials	ll	lo̍h-lâi
taiwanese-basic:3354	full	lohlaichia	lo̍h-lâi-chia
taiwanese-basic:3354	prefix	lohla	lo̍h-lâi-chia
taiwanese-basic:3354	initials	llc	lo̍h-lâi-chia
taiwanese-basic:3348	full	lohpui	lo̍h-pûi
taiwanese-basic:3348	prefix	loh	lo̍h-pûi
taiwanese-basic:3348	initials	lp	lo̍h-pûi
taiwanese-basic:4098	full	lohseh	lo̍h-seh
taiwanese-basic:4098	prefix	loh	lo̍h-seh
taiwanese-basic:4098	initials	ls	lo̍h-seh
taiwanese-basic:3308	full	lohte	lo̍h-tē
taiwanese-basic:3308	prefix	loh	lo̍h-tē
taiwanese-basic:3308	initials	lt	lo̍h-tē
taiwanese-basic:3357	full	lokim	lo̍k-im
taiwanese-basic:3357	prefix	lok	lo̍k-im
taiwanese-basic:3357	initials	li	lo̍k-im
taiwanese-basic:3358	full	lokimki	lo̍k-im-ki
taiwanese-basic:3358	prefix	loki	lo̍k-im-ki
taiwanese-basic:3358	initials	lik	lo̍k-im-ki
taiwanese-basic:2302	full	lokkang	lo̍k-káng
taiwanese-basic:2302	prefix	lokk	lo̍k-káng
taiwanese-basic:2302	initials	lk	lo̍k-káng
taiwanese-basic:3360	full	lokto	lo̍k-tô
taiwanese-basic:3360	prefix	lok	lo̍k-tô
taiwanese-basic:3360	initials	lt	lo̍k-tô
taiwanese-basic:3361	full	loktomoo	lo̍k-tô-mô͘
taiwanese-basic:3361	prefix	lokt	lo̍k-tô-mô͘
taiwanese-basic:3361	initials	ltm	lo̍k-tô-mô͘
taiwanese-basic:3359	full	loka	lo̍k-á
taiwanese-basic:3359	prefix	lo	lo̍k-á
taiwanese-basic:3359	initials	la	lo̍k-á
taiwanese-basic:3387	full	lutsu	lu̍t-su
taiwanese-basic:3387	prefix	lut	lu̍t-su
taiwanese-basic:3387	initials	ls	lu̍t-su
taiwanese-basic:3162	full	lang	làng
taiwanese-basic:3162	prefix	la	làng
taiwanese-basic:3162	initials	l	làng
taiwanese-basic:3163	full	langchitchoa	làng chi̍t chōa
taiwanese-basic:3163	prefix	langch	làng chi̍t chōa
taiwanese-basic:3163	initials	lcc	làng chi̍t chōa
taiwanese-basic:3164	full	langchitjitlaichitpai	làng chi̍t ji̍t lâi chi̍t pái
taiwanese-basic:3164	prefix	langchitjit	làng chi̍t ji̍t lâi chi̍t pái
taiwanese-basic:3164	initials	lcjlcp	làng chi̍t ji̍t lâi chi̍t pái
taiwanese-basic:2407	full	langjit	làng-ji̍t
taiwanese-basic:2407	prefix	lang	làng-ji̍t
taiwanese-basic:2407	initials	lj	làng-ji̍t
taiwanese-basic:4464	full	lapsoe	làp-sòe
taiwanese-basic:4464	prefix	lap	làp-sòe
taiwanese-basic:4464	initials	ls	làp-sòe
taiwanese-basic:3193	full	lauhong	làu-hong
taiwanese-basic:3193	prefix	lauh	làu-hong
taiwanese-basic:3193	initials	lh	làu-hong
taiwanese-basic:3194	full	laukhui	làu-khùi
taiwanese-basic:3194	prefix	lauk	làu-khùi
taiwanese-basic:3194	initials	lk	làu-khùi
taiwanese-basic:3178	full	lausai	làu-sái
taiwanese-basic:3178	prefix	lau	làu-sái
taiwanese-basic:3178	initials	ls	làu-sái
taiwanese-basic:3142	full	lam	lám
taiwanese-basic:3142	prefix	la	lám
taiwanese-basic:3142	initials	l	lám
taiwanese-basic:3155	full	lan	lán
taiwanese-basic:3155	prefix	la	lán
taiwanese-basic:3155	initials	l	lán
taiwanese-basic:4537	full	lantakke	lán ta̍k-ke
taiwanese-basic:4537	prefix	lant	lán ta̍k-ke
taiwanese-basic:4537	initials	ltk	lán ta̍k-ke
taiwanese-basic:3167	full	lang	láng
taiwanese-basic:3167	prefix	la	láng
taiwanese-basic:3167	initials	l	láng
taiwanese-basic:3199	full	laulaineiseng	láu-lain̄ ê i-seng
taiwanese-basic:3199	prefix	laulain	láu-lain̄ ê i-seng
taiwanese-basic:3199	initials	lleis	láu-lain̄ ê i-seng
taiwanese-basic:3198	full	laulian	láu-liān
taiwanese-basic:3198	prefix	laul	láu-liān
taiwanese-basic:3198	initials	ll	láu-liān
taiwanese-basic:3177	full	lausit	láu-si̍t
taiwanese-basic:3177	prefix	lau	láu-si̍t
taiwanese-basic:3177	initials	ls	láu-si̍t
taiwanese-basic:3114	full	lalunsio	lâ-lûn-sio
taiwanese-basic:3114	prefix	lalu	lâ-lûn-sio
taiwanese-basic:3114	initials	lls	lâ-lûn-sio
taiwanese-basic:3120	full	lai	lâi
taiwanese-basic:3120	prefix	la	lâi
taiwanese-basic:3120	initials	l	lâi
taiwanese-basic:3122	full	laikhi	lâi-khì
taiwanese-basic:3122	prefix	lai	lâi-khì
taiwanese-basic:3122	initials	lk	lâi-khì
taiwanese-basic:3138	full	laia	lâi-á
taiwanese-basic:3138	prefix	la	lâi-á
taiwanese-basic:3138	initials	la	lâi-á
taiwanese-basic:3137	full	laiong	lâi-óng
taiwanese-basic:3137	prefix	lai	lâi-óng
taiwanese-basic:3137	initials	lo	lâi-óng
taiwanese-basic:3146	full	lam	lâm
taiwanese-basic:3146	prefix	la	lâm
taiwanese-basic:3146	initials	l	lâm
taiwanese-basic:3150	full	lambi	lâm-bí
taiwanese-basic:3150	prefix	lam	lâm-bí
taiwanese-basic:3150	initials	lb	lâm-bí
taiwanese-basic:3148	full	lamhakseng	lâm-ha̍k-seng
taiwanese-basic:3148	prefix	lamha	lâm-ha̍k-seng
taiwanese-basic:3148	initials	lhs	lâm-ha̍k-seng
taiwanese-basic:3151	full	lamiunn	lâm-iûⁿ
taiwanese-basic:3151	prefix	lami	lâm-iûⁿ
taiwanese-basic:3151	initials	li	lâm-iûⁿ
taiwanese-basic:3152	full	lamkek	lâm-ke̍k
taiwanese-basic:3152	prefix	lam	lâm-ke̍k
taiwanese-basic:3152	initials	lk	lâm-ke̍k
taiwanese-basic:3143	full	lamtau	lâm-tâu
taiwanese-basic:3143	prefix	lam	lâm-tâu
taiwanese-basic:3143	initials	lt	lâm-tâu
taiwanese-basic:2961	full	lamtaukoan	lâm-tâu koān
taiwanese-basic:2961	prefix	lamta	lâm-tâu koān
taiwanese-basic:2961	initials	ltk	lâm-tâu koān
taiwanese-basic:3159	full	lan	lân
taiwanese-basic:3159	prefix	la	lân
taiwanese-basic:3159	initials	l	lân
taiwanese-basic:3158	full	lanhoe	lân-hoe
taiwanese-basic:3158	prefix	lan	lân-hoe
taiwanese-basic:3158	initials	lh	lân-hoe
taiwanese-basic:3156	full	lansanchinn	lân-san-chiⁿ
taiwanese-basic:3156	prefix	lansan	lân-san-chiⁿ
taiwanese-basic:3156	initials	lsc	lân-san-chiⁿ
taiwanese-basic:3161	full	lang	lâng
taiwanese-basic:3161	prefix	la	lâng
taiwanese-basic:3161	initials	l	lâng
taiwanese-basic:3170	full	langkankhoo	lâng kan-khó͘
taiwanese-basic:3170	prefix	langka	lâng kan-khó͘
taiwanese-basic:3170	initials	lkk	lâng kan-khó͘
taiwanese-basic:3166	full	langkheh	lâng-kheh
taiwanese-basic:3166	prefix	lang	lâng-kheh
taiwanese-basic:3166	initials	lk	lâng-kheh
taiwanese-basic:4886	full	langkhehthiann	lâng-kheh thiaⁿ
taiwanese-basic:4886	prefix	langkhe	lâng-kheh thiaⁿ
taiwanese-basic:4886	initials	lkt	lâng-kheh thiaⁿ
taiwanese-basic:3183	full	lau	lâu
taiwanese-basic:3183	prefix	la	lâu
taiwanese-basic:3183	initials	l	lâu
taiwanese-basic:4051	full	laubaksai	lâu ba̍k-sái
taiwanese-basic:4051	prefix	lauba	lâu ba̍k-sái
taiwanese-basic:4051	initials	lbs	lâu ba̍k-sái
taiwanese-basic:3196	full	lauchhuichhiu	lâu chhùi-chhiu
taiwanese-basic:3196	prefix	lauchhu	lâu chhùi-chhiu
taiwanese-basic:3196	initials	lcc	lâu chhùi-chhiu
taiwanese-basic:3197	full	lauthauchang	lâu thâu-chang
taiwanese-basic:3197	prefix	lautha	lâu thâu-chang
taiwanese-basic:3197	initials	ltc	lâu thâu-chang
taiwanese-basic:1759	full	lauhoeh	lâu-hoeh
taiwanese-basic:1759	prefix	lauh	lâu-hoeh
taiwanese-basic:1759	initials	lh	lâu-hoeh
taiwanese-basic:1759	full	lauhuih	lâu-huih
taiwanese-basic:1759	prefix	lauh	lâu-huih
taiwanese-basic:1759	initials	lh	lâu-huih
taiwanese-basic:3186	full	laukha	lâu-kha
taiwanese-basic:3186	prefix	lau	lâu-kha
taiwanese-basic:3186	initials	lk	lâu-kha
taiwanese-basic:3189	full	laukoann	lâu-kōaⁿ
taiwanese-basic:3189	prefix	lauk	lâu-kōaⁿ
taiwanese-basic:3189	initials	lk	lâu-kōaⁿ
taiwanese-basic:3557	full	launoa	lâu-nōa
taiwanese-basic:3557	prefix	lau	lâu-nōa
taiwanese-basic:3557	initials	ln	lâu-nōa
taiwanese-basic:4996	full	lauthui	lâu-thui
taiwanese-basic:4996	prefix	laut	lâu-thui
taiwanese-basic:4996	initials	lt	lâu-thui
taiwanese-basic:3187	full	lauteng	lâu-téng
taiwanese-basic:3187	prefix	laut	lâu-téng
taiwanese-basic:3187	initials	lt	lâu-téng
taiwanese-basic:3211	full	letioh	lè-tio̍h
taiwanese-basic:3211	prefix	let	lè-tio̍h
taiwanese-basic:3211	initials	lt	lè-tio̍h
taiwanese-basic:3639	full	lepai	lé pài
taiwanese-basic:3639	prefix	lep	lé pài
taiwanese-basic:3639	initials	lp	lé pài
taiwanese-basic:3640	full	lepaitng	lé pài tn̂g
taiwanese-basic:3640	prefix	lepa	lé pài tn̂g
taiwanese-basic:3640	initials	lpt	lé pài tn̂g
taiwanese-basic:3207	full	lebut	lé-bu̍t
taiwanese-basic:3207	prefix	leb	lé-bu̍t
taiwanese-basic:3207	initials	lb	lé-bu̍t
taiwanese-basic:3201	full	lepai	lé-pài
taiwanese-basic:3201	prefix	lep	lé-pài
taiwanese-basic:3201	initials	lp	lé-pài
taiwanese-basic:3202	full	lepaitng	lé-pài-tn̂g
taiwanese-basic:3202	prefix	lepa	lé-pài-tn̂g
taiwanese-basic:3202	initials	lpt	lé-pài-tn̂g
taiwanese-basic:3204	full	lesoo	lé-sò͘
taiwanese-basic:3204	prefix	les	lé-sò͘
taiwanese-basic:3204	initials	ls	lé-sò͘
taiwanese-basic:3203	full	letng	lé-tn̂g
taiwanese-basic:3203	prefix	let	lé-tn̂g
taiwanese-basic:3203	initials	lt	lé-tn̂g
taiwanese-basic:3219	full	leng	léng
taiwanese-basic:3219	prefix	le	léng
taiwanese-basic:3219	initials	l	léng
taiwanese-basic:1236	full	lengchui	léng-chúi
taiwanese-basic:1236	prefix	leng	léng-chúi
taiwanese-basic:1236	initials	lc	léng-chúi
taiwanese-basic:3232	full	lengthoo	léng-thó͘
taiwanese-basic:3232	prefix	leng	léng-thó͘
taiwanese-basic:3232	initials	lt	léng-thó͘
taiwanese-basic:3220	full	lengtam	léng-tām
taiwanese-basic:3220	prefix	leng	léng-tām
taiwanese-basic:3220	initials	lt	léng-tām
taiwanese-basic:3210	full	le	lê
taiwanese-basic:3210	prefix	l	lê
taiwanese-basic:3210	initials	l	lê
taiwanese-basic:3235	full	leng	lêng
taiwanese-basic:3235	prefix	le	lêng
taiwanese-basic:3235	initials	l	lêng
taiwanese-basic:3234	full	lenggeng	lêng-géng
taiwanese-basic:3234	prefix	leng	lêng-géng
taiwanese-basic:3234	initials	lg	lêng-géng
taiwanese-basic:3221	full	lenghun	lêng-hûn
taiwanese-basic:3221	prefix	leng	lêng-hûn
taiwanese-basic:3221	initials	lh	lêng-hûn
taiwanese-basic:3245	full	li	lì
taiwanese-basic:3245	prefix	l	lì
taiwanese-basic:3245	initials	l	lì
taiwanese-basic:3247	full	likhui	lì--khui
taiwanese-basic:3247	prefix	lik	lì--khui
taiwanese-basic:3247	initials	lk	lì--khui
taiwanese-basic:3246	full	liphoa	lì-phòa
taiwanese-basic:3246	prefix	lip	lì-phòa
taiwanese-basic:3246	initials	lp	lì-phòa
taiwanese-basic:3236	full	li	lí
taiwanese-basic:3236	prefix	l	lí
taiwanese-basic:3236	initials	l	lí
taiwanese-basic:3258	full	lihakseng	lí ha̍k-seng
taiwanese-basic:3258	prefix	lihak	lí ha̍k-seng
taiwanese-basic:3258	initials	lhs	lí ha̍k-seng
taiwanese-basic:5077	full	litiamtitohui	lí tiàm tī toh-ūi
taiwanese-basic:5077	prefix	litiamt	lí tiàm tī toh-ūi
taiwanese-basic:5077	initials	ltttu	lí tiàm tī toh-ūi
taiwanese-basic:3243	full	liheng	lí-hêng
taiwanese-basic:3243	prefix	lih	lí-hêng
taiwanese-basic:3243	initials	lh	lí-hêng
taiwanese-basic:3244	full	lihui	lí-hùi
taiwanese-basic:3244	prefix	lih	lí-hùi
taiwanese-basic:3244	initials	lh	lí-hùi
taiwanese-basic:3237	full	liiu	lí-iû
taiwanese-basic:3237	prefix	li	lí-iû
taiwanese-basic:3237	initials	li	lí-iû
taiwanese-basic:3242	full	likai	lí-kái
taiwanese-basic:3242	prefix	lik	lí-kái
taiwanese-basic:3242	initials	lk	lí-kái
taiwanese-basic:3251	full	lilek	lí-le̍k
taiwanese-basic:3251	prefix	lil	lí-le̍k
taiwanese-basic:3251	initials	ll	lí-le̍k
taiwanese-basic:3252	full	lileksu	lí-le̍k-su
taiwanese-basic:3252	prefix	lile	lí-le̍k-su
taiwanese-basic:3252	initials	lls	lí-le̍k-su
taiwanese-basic:3255	full	lisiong	lí-sióng
taiwanese-basic:3255	prefix	lisi	lí-sióng
taiwanese-basic:3255	initials	ls	lí-sióng
taiwanese-basic:3260	full	lisu	lí-sū
taiwanese-basic:3260	prefix	li	lí-sū
taiwanese-basic:3260	initials	ls	lí-sū
taiwanese-basic:3261	full	lisuhoe	lí-sū hōe
taiwanese-basic:3261	prefix	lisu	lí-sū hōe
taiwanese-basic:3261	initials	lsh	lí-sū hōe
taiwanese-basic:5234	full	litiunn	lí-tiúⁿ
taiwanese-basic:5234	prefix	liti	lí-tiúⁿ
taiwanese-basic:5234	initials	lt	lí-tiúⁿ
taiwanese-basic:3259	full	lia	lí-á
taiwanese-basic:3259	prefix	li	lí-á
taiwanese-basic:3259	initials	la	lí-á
taiwanese-basic:3302	full	lin	lín
taiwanese-basic:3302	prefix	li	lín
taiwanese-basic:3302	initials	l	lín
taiwanese-basic:3303	full	linnngelang	lín nn̄g ê lâng
taiwanese-basic:3303	prefix	linnng	lín nn̄g ê lâng
taiwanese-basic:3303	initials	lnel	lín nn̄g ê lâng
taiwanese-basic:4606	full	lintau	lín tau
taiwanese-basic:4606	prefix	lin	lín tau
taiwanese-basic:4606	initials	lt	lín tau
taiwanese-basic:4536	full	lintakke	lín ta̍k-ke
taiwanese-basic:4536	prefix	lint	lín ta̍k-ke
taiwanese-basic:4536	initials	ltk	lín ta̍k-ke
taiwanese-basic:3761	full	lingoo	lín-gò͘
taiwanese-basic:3761	prefix	lin	lín-gò͘
taiwanese-basic:3761	initials	lg	lín-gò͘
taiwanese-basic:3301	full	limsiekanglang	lîm sî ê kang-lâng
taiwanese-basic:3301	prefix	limsiek	lîm sî ê kang-lâng
taiwanese-basic:3301	initials	lsekl	lîm sî ê kang-lâng
taiwanese-basic:3300	full	limsi	lîm-sî
taiwanese-basic:3300	prefix	lim	lîm-sî
taiwanese-basic:3300	initials	ls	lîm-sî
taiwanese-basic:3319	full	lo	lò
taiwanese-basic:3319	prefix	l	lò
taiwanese-basic:3319	initials	l	lò
taiwanese-basic:3373	full	long	lòng
taiwanese-basic:3373	prefix	lo	lòng
taiwanese-basic:3373	initials	l	lòng
taiwanese-basic:3375	full	longkiu	lòng-kiû
taiwanese-basic:3375	prefix	long	lòng-kiû
taiwanese-basic:3375	initials	lk	lòng-kiû
taiwanese-basic:3376	full	longkiukeng	lòng-kiû keng
taiwanese-basic:3376	prefix	longki	lòng-kiû keng
taiwanese-basic:3376	initials	lkk	lòng-kiû keng
taiwanese-basic:3362	full	long	lóng
taiwanese-basic:3362	prefix	lo	lóng
taiwanese-basic:3362	initials	l	lóng
taiwanese-basic:36	full	longboai	lóng bô-ài
taiwanese-basic:36	prefix	long	lóng bô-ài
taiwanese-basic:36	initials	lba	lóng bô-ài
taiwanese-basic:3364	full	longmsianni	lóng m̄-sī án-ni
taiwanese-basic:3364	prefix	longms	lóng m̄-sī án-ni
taiwanese-basic:3364	initials	lmsan	lóng m̄-sī án-ni
taiwanese-basic:3366	full	longchong	lóng-chóng
taiwanese-basic:3366	prefix	longc	lóng-chóng
taiwanese-basic:3366	initials	lc	lóng-chóng
taiwanese-basic:35	full	longai	lóng-ài
taiwanese-basic:35	prefix	lon	lóng-ài
taiwanese-basic:35	initials	la	lóng-ài
taiwanese-basic:3336	full	loolat	ló͘-la̍t
taiwanese-basic:3336	prefix	loo	ló͘-la̍t
taiwanese-basic:3336	initials	ll	ló͘-la̍t
taiwanese-basic:3322	full	lo	lô
taiwanese-basic:3322	prefix	l	lô
taiwanese-basic:3322	initials	l	lô
taiwanese-basic:3323	full	lohoan	lô-hoân
taiwanese-basic:3323	prefix	loh	lô-hoân
taiwanese-basic:3323	initials	lh	lô-hoân
taiwanese-basic:3320	full	loma	lô-má
taiwanese-basic:3320	prefix	lo	lô-má
taiwanese-basic:3320	initials	lm	lô-má
taiwanese-basic:3321	full	lomaji	lô-má-jī
taiwanese-basic:3321	prefix	lom	lô-má-jī
taiwanese-basic:3321	initials	lmj	lô-má-jī
taiwanese-basic:3324	full	lotong	lô-tōng
taiwanese-basic:3324	prefix	lot	lô-tōng
taiwanese-basic:3324	initials	lt	lô-tōng
taiwanese-basic:3325	full	lotongchia	lô-tōng-chiá
taiwanese-basic:3325	prefix	loton	lô-tōng-chiá
taiwanese-basic:3325	initials	ltc	lô-tōng-chiá
taiwanese-basic:3326	full	lotongkai	lô-tōng-kài
taiwanese-basic:3326	prefix	loton	lô-tōng-kài
taiwanese-basic:3326	initials	ltk	lô-tōng-kài
taiwanese-basic:3371	full	longbin	lông-bîn
taiwanese-basic:3371	prefix	long	lông-bîn
taiwanese-basic:3371	initials	lb	lông-bîn
taiwanese-basic:3372	full	longchhoan	lông-chhoan
taiwanese-basic:3372	prefix	longc	lông-chhoan
taiwanese-basic:3372	initials	lc	lông-chhoan
taiwanese-basic:3367	full	longgiap	lông-gia̍p
taiwanese-basic:3367	prefix	long	lông-gia̍p
taiwanese-basic:3367	initials	lg	lông-gia̍p
taiwanese-basic:3368	full	longhakinn	lông-ha̍k-īⁿ
taiwanese-basic:3368	prefix	longh	lông-ha̍k-īⁿ
taiwanese-basic:3368	initials	lhi	lông-ha̍k-īⁿ
taiwanese-basic:3370	full	longhu	lông-hu
taiwanese-basic:3370	prefix	lon	lông-hu
taiwanese-basic:3370	initials	lh	lông-hu
taiwanese-basic:1971	full	longlek	lông-le̍k
taiwanese-basic:1971	prefix	long	lông-le̍k
taiwanese-basic:1971	initials	ll	lông-le̍k
taiwanese-basic:3374	full	longtiunn	lông-tiûⁿ
taiwanese-basic:3374	prefix	longt	lông-tiûⁿ
taiwanese-basic:3374	initials	lt	lông-tiûⁿ
taiwanese-basic:3337	full	loole	lô͘-le̍
taiwanese-basic:3337	prefix	loo	lô͘-le̍
taiwanese-basic:3337	initials	ll	lô͘-le̍
taiwanese-basic:3327	full	loomoa	lô͘-môa
taiwanese-basic:3327	prefix	loo	lô͘-môa
taiwanese-basic:3327	initials	lm	lô͘-môa
taiwanese-basic:5348	full	loomoatong	lô͘-môa-tóng
taiwanese-basic:5348	prefix	loomo	lô͘-môa-tóng
taiwanese-basic:5348	initials	lmt	lô͘-môa-tóng
taiwanese-basic:3211	full	lutioh	lù-tio̍h
taiwanese-basic:3211	prefix	lut	lù-tio̍h
taiwanese-basic:3211	initials	lt	lù-tio̍h
taiwanese-basic:3378	full	lui	lúi
taiwanese-basic:3378	prefix	lu	lúi
taiwanese-basic:3378	initials	l	lúi
taiwanese-basic:3381	full	luikong	lûi-kong
taiwanese-basic:3381	prefix	luik	lûi-kong
taiwanese-basic:3381	initials	lk	lûi-kong
taiwanese-basic:3385	full	lunliu	lûn-liû
taiwanese-basic:3385	prefix	lun	lûn-liû
taiwanese-basic:3385	initials	ll	lûn-liû
taiwanese-basic:3112	full	la	lā
taiwanese-basic:3112	prefix	l	lā
taiwanese-basic:3112	initials	l	lā
taiwanese-basic:3113	full	lalale	lā-lā-lè
taiwanese-basic:3113	prefix	lal	lā-lā-lè
taiwanese-basic:3113	initials	lll	lā-lā-lè
taiwanese-basic:3132	full	lai	lāi
taiwanese-basic:3132	prefix	la	lāi
taiwanese-basic:3132	initials	l	lāi
taiwanese-basic:261	full	laibin	lāi-bīn
taiwanese-basic:261	prefix	lai	lāi-bīn
taiwanese-basic:261	initials	lb	lāi-bīn
taiwanese-basic:3	full	laichoo	lāi-chó͘
taiwanese-basic:3	prefix	laic	lāi-chó͘
taiwanese-basic:3	initials	lc	lāi-chó͘
taiwanese-basic:3034	full	laikong	lāi-kong
taiwanese-basic:3034	prefix	laik	lāi-kong
taiwanese-basic:3034	initials	lk	lāi-kong
taiwanese-basic:3227	full	laileng	lāi-leng
taiwanese-basic:3227	prefix	lail	lāi-leng
taiwanese-basic:3227	initials	ll	lāi-leng
taiwanese-basic:3410	full	laima	lāi-má
taiwanese-basic:3410	prefix	lai	lāi-má
taiwanese-basic:3410	initials	lm	lāi-má
taiwanese-basic:4499	full	laisun	lāi-sun
taiwanese-basic:4499	prefix	lai	lāi-sun
taiwanese-basic:4499	initials	ls	lāi-sun
taiwanese-basic:3149	full	lam	lām
taiwanese-basic:3149	prefix	la	lām
taiwanese-basic:3149	initials	l	lām
taiwanese-basic:3145	full	lamsu	lām-sú
taiwanese-basic:3145	prefix	lam	lām-sú
taiwanese-basic:3145	initials	ls	lām-sú
taiwanese-basic:3179	full	lau	lāu
taiwanese-basic:3179	prefix	la	lāu
taiwanese-basic:3179	initials	l	lāu
taiwanese-basic:2424	full	laukenggiam	lāu keng-giām
taiwanese-basic:2424	prefix	lauken	lāu keng-giām
taiwanese-basic:2424	initials	lkg	lāu keng-giām
taiwanese-basic:5128	full	lautian	lāu tiān
taiwanese-basic:5128	prefix	laut	lāu tiān
taiwanese-basic:5128	initials	lt	lāu tiān
taiwanese-basic:3182	full	laubu	lāu-bú
taiwanese-basic:3182	prefix	lau	lāu-bú
taiwanese-basic:3182	initials	lb	lāu-bú
taiwanese-basic:2103	full	laujiat	lāu-jia̍t
taiwanese-basic:2103	prefix	lauj	lāu-jia̍t
taiwanese-basic:2103	initials	lj	lāu-jia̍t
taiwanese-basic:3181	full	laupe	lāu-pē
taiwanese-basic:3181	prefix	lau	lāu-pē
taiwanese-basic:3181	initials	lp	lāu-pē
taiwanese-basic:3180	full	lausu	lāu-su
taiwanese-basic:3180	prefix	lau	lāu-su
taiwanese-basic:3180	initials	ls	lāu-su
taiwanese-basic:3208	full	le	lē
taiwanese-basic:3208	prefix	l	lē
taiwanese-basic:3208	initials	l	lē
taiwanese-basic:3233	full	leng	lēng
taiwanese-basic:3233	prefix	le	lēng
taiwanese-basic:3233	initials	l	lēng
taiwanese-basic:3231	full	lengchun	lēng-chun
taiwanese-basic:3231	prefix	leng	lēng-chun
taiwanese-basic:3231	initials	lc	lēng-chun
taiwanese-basic:3230	full	lengtong	lēng-tông
taiwanese-basic:3230	prefix	leng	lēng-tông
taiwanese-basic:3230	initials	lt	lēng-tông
taiwanese-basic:3239	full	liek	lī-ek
taiwanese-basic:3239	prefix	li	lī-ek
taiwanese-basic:3239	initials	le	lī-ek
taiwanese-basic:3250	full	lihun	lī-hun
taiwanese-basic:3250	prefix	lih	lī-hun
taiwanese-basic:3250	initials	lh	lī-hun
taiwanese-basic:3254	full	lihai	lī-hāi
taiwanese-basic:3254	prefix	lih	lī-hāi
taiwanese-basic:3254	initials	lh	lī-hāi
taiwanese-basic:3250	full	liian	lī-iân
taiwanese-basic:3250	prefix	lii	lī-iân
taiwanese-basic:3250	initials	li	lī-iân
taiwanese-basic:3240	full	liiong	lī-iōng
taiwanese-basic:3240	prefix	lii	lī-iōng
taiwanese-basic:3240	initials	li	lī-iōng
taiwanese-basic:3248	full	likhui	lī-khui
taiwanese-basic:3248	prefix	lik	lī-khui
taiwanese-basic:3248	initials	lk	lī-khui
taiwanese-basic:1218	full	likichugi	lī-kí chú-gī
taiwanese-basic:1218	prefix	likic	lī-kí chú-gī
taiwanese-basic:1218	initials	lkcg	lī-kí chú-gī
taiwanese-basic:3249	full	lipiat	lī-pia̍t
taiwanese-basic:3249	prefix	lip	lī-pia̍t
taiwanese-basic:3249	initials	lp	lī-pia̍t
taiwanese-basic:3238	full	lipian	lī-piān
taiwanese-basic:3238	prefix	lip	lī-piān
taiwanese-basic:3238	initials	lp	lī-piān
taiwanese-basic:3253	full	lisek	lī-sek
taiwanese-basic:3253	prefix	lis	lī-sek
taiwanese-basic:3253	initials	ls	lī-sek
taiwanese-basic:3338	full	loa	lōa
taiwanese-basic:3338	prefix	lo	lōa
taiwanese-basic:3338	initials	l	lōa
taiwanese-basic:3340	full	loache	lōa chē
taiwanese-basic:3340	prefix	loa	lōa chē
taiwanese-basic:3340	initials	lc	lōa chē
taiwanese-basic:3339	full	loahng	lōa hn̄g
taiwanese-basic:3339	prefix	loa	lōa hn̄g
taiwanese-basic:3339	initials	lh	lōa hn̄g
taiwanese-basic:3333	full	loo	lō͘
taiwanese-basic:3333	prefix	lo	lō͘
taiwanese-basic:3333	initials	l	lō͘
taiwanese-basic:373	full	looboe	lō͘-bóe
taiwanese-basic:373	prefix	loo	lō͘-bóe
taiwanese-basic:373	initials	lb	lō͘-bóe
taiwanese-basic:356	full	looboejit	lō͘-bóe ji̍t
taiwanese-basic:356	prefix	loobo	lō͘-bóe ji̍t
taiwanese-basic:356	initials	lbj	lō͘-bóe ji̍t
taiwanese-basic:3329	full	loosika	lō͘-si ká
taiwanese-basic:3329	prefix	loos	lō͘-si ká
taiwanese-basic:3329	initials	lsk	lō͘-si ká
taiwanese-basic:3328	full	loositeng	lō͘-si-teng
taiwanese-basic:3328	prefix	loosi	lō͘-si-teng
taiwanese-basic:3328	initials	lst	lō͘-si-teng
taiwanese-basic:4682	full	looteng	lō͘-teng
taiwanese-basic:4682	prefix	loot	lō͘-teng
taiwanese-basic:4682	initials	lt	lō͘-teng
taiwanese-basic:2032	full	looeng	lō͘-ēng
taiwanese-basic:2032	prefix	loo	lō͘-ēng
taiwanese-basic:2032	initials	le	lō͘-ēng
taiwanese-basic:3383	full	lun	lūn
taiwanese-basic:3383	prefix	lu	lūn
taiwanese-basic:3383	initials	l	lūn
taiwanese-basic:3384	full	lungoeh	lūn-goe̍h
taiwanese-basic:3384	prefix	lung	lūn-goe̍h
taiwanese-basic:3384	initials	lg	lūn-goe̍h
taiwanese-basic:3434	full	mi	mi
taiwanese-basic:3434	prefix	m	mi
taiwanese-basic:3434	initials	m	mi
taiwanese-basic:3436	full	mia	miâ
taiwanese-basic:3436	prefix	mi	miâ
taiwanese-basic:3436	initials	m	miâ
taiwanese-basic:3439	full	miaphinn	miâ-phìⁿ
taiwanese-basic:3439	prefix	miap	miâ-phìⁿ
taiwanese-basic:3439	initials	mp	miâ-phìⁿ
taiwanese-basic:3438	full	miaphoo	miâ-phō͘
taiwanese-basic:3438	prefix	miap	miâ-phō͘
taiwanese-basic:3438	initials	mp	miâ-phō͘
taiwanese-basic:3438	full	miatoann	miâ-toaⁿ
taiwanese-basic:3438	prefix	miat	miâ-toaⁿ
taiwanese-basic:3438	initials	mt	miâ-toaⁿ
taiwanese-basic:3443	full	mih	mi̍h
taiwanese-basic:3443	prefix	mi	mi̍h
taiwanese-basic:3443	initials	m	mi̍h
taiwanese-basic:2768	full	mihkiann	mi̍h-kiāⁿ
taiwanese-basic:2768	prefix	mihk	mi̍h-kiāⁿ
taiwanese-basic:2768	initials	mk	mi̍h-kiāⁿ
taiwanese-basic:3450	full	mng	mn̂g
taiwanese-basic:3450	prefix	mn	mn̂g
taiwanese-basic:3450	initials	m	mn̂g
taiwanese-basic:3950	full	mngpoahlohbe	mn̂g poa̍h-lo̍h-bé
taiwanese-basic:3950	prefix	mngpoa	mn̂g poa̍h-lo̍h-bé
taiwanese-basic:3950	initials	mplb	mn̂g poa̍h-lo̍h-bé
taiwanese-basic:838	full	mngchhoann	mn̂g-chhòaⁿ
taiwanese-basic:838	prefix	mngch	mn̂g-chhòaⁿ
taiwanese-basic:838	initials	mc	mn̂g-chhòaⁿ
taiwanese-basic:3454	full	mngchit	mn̂g-chit
taiwanese-basic:3454	prefix	mngc	mn̂g-chit
taiwanese-basic:3454	initials	mc	mn̂g-chit
taiwanese-basic:3452	full	mngchoann	mn̂g-chòaⁿ
taiwanese-basic:3452	prefix	mngch	mn̂g-chòaⁿ
taiwanese-basic:3452	initials	mc	mn̂g-chòaⁿ
taiwanese-basic:2541	full	mngkheng	mn̂g-kheng
taiwanese-basic:2541	prefix	mngk	mn̂g-kheng
taiwanese-basic:2541	initials	mk	mn̂g-kheng
taiwanese-basic:3451	full	mngkhau	mn̂g-kháu
taiwanese-basic:3451	prefix	mngk	mn̂g-kháu
taiwanese-basic:3451	initials	mk	mn̂g-kháu
taiwanese-basic:3448	full	mng	mn̄g
taiwanese-basic:3448	prefix	mn	mn̄g
taiwanese-basic:3448	initials	m	mn̄g
taiwanese-basic:3467	full	moan	moán
taiwanese-basic:3467	prefix	mo	moán
taiwanese-basic:3467	initials	m	moán
taiwanese-basic:3456	full	moo	mo͘
taiwanese-basic:3456	prefix	mo	mo͘
taiwanese-basic:3456	initials	m	mo͘
taiwanese-basic:3414	full	mai	mài
taiwanese-basic:3414	prefix	ma	mài
taiwanese-basic:3414	initials	m	mài
taiwanese-basic:3415	full	maikhi	mài-khì
taiwanese-basic:3415	prefix	mai	mài-khì
taiwanese-basic:3415	initials	mk	mài-khì
taiwanese-basic:3416	full	maikong	mài-kóng
taiwanese-basic:3416	prefix	maik	mài-kóng
taiwanese-basic:3416	initials	mk	mài-kóng
taiwanese-basic:3417	full	maisiukhi	mài-siū-khì
taiwanese-basic:3417	prefix	maisi	mài-siū-khì
taiwanese-basic:3417	initials	msk	mài-siū-khì
taiwanese-basic:3407	full	mamahuhu	má-má-hu-hu
taiwanese-basic:3407	prefix	mama	má-má-hu-hu
taiwanese-basic:3407	initials	mmhh	má-má-hu-hu
taiwanese-basic:3406	full	masiong	má-siōng
taiwanese-basic:3406	prefix	masi	má-siōng
taiwanese-basic:3406	initials	ms	má-siōng
taiwanese-basic:3411	full	mahoan	mâ-hoân
taiwanese-basic:3411	prefix	mah	mâ-hoân
taiwanese-basic:3411	initials	mh	mâ-hoân
taiwanese-basic:3419	full	maupeng	mâu-pēng
taiwanese-basic:3419	prefix	maup	mâu-pēng
taiwanese-basic:3419	initials	mp	mâu-pēng
taiwanese-basic:3418	full	mautun	mâu-tún
taiwanese-basic:3418	prefix	mau	mâu-tún
taiwanese-basic:3418	initials	mt	mâu-tún
taiwanese-basic:3422	full	me	mê
taiwanese-basic:3422	prefix	m	mê
taiwanese-basic:3422	initials	m	mê
taiwanese-basic:3424	full	mejit	mê-ji̍t
taiwanese-basic:3424	prefix	mej	mê-ji̍t
taiwanese-basic:3424	initials	mj	mê-ji̍t
taiwanese-basic:3421	full	meni	mê-nî
taiwanese-basic:3421	prefix	me	mê-nî
taiwanese-basic:3421	initials	mn	mê-nî
taiwanese-basic:1880	full	menieisoan	mê-nî ê ì-soàn
taiwanese-basic:1880	prefix	menie	mê-nî ê ì-soàn
taiwanese-basic:1880	initials	mneis	mê-nî ê ì-soàn
taiwanese-basic:3422	full	mi	mî
taiwanese-basic:3422	prefix	m	mî
taiwanese-basic:3422	initials	m	mî
taiwanese-basic:3822	full	michiohphoe	mî chioh phōe
taiwanese-basic:3822	prefix	michio	mî chioh phōe
taiwanese-basic:3822	initials	mcp	mî chioh phōe
taiwanese-basic:3433	full	michiohphoe	mî-chioh-phōe
taiwanese-basic:3433	prefix	michio	mî-chioh-phōe
taiwanese-basic:3433	initials	mcp	mî-chioh-phōe
taiwanese-basic:3424	full	mijit	mî-ji̍t
taiwanese-basic:3424	prefix	mij	mî-ji̍t
taiwanese-basic:3424	initials	mj	mî-ji̍t
taiwanese-basic:3425	full	misat	mî-sat
taiwanese-basic:3425	prefix	mis	mî-sat
taiwanese-basic:3425	initials	ms	mî-sat
taiwanese-basic:3432	full	mia	mî-á
taiwanese-basic:3432	prefix	mi	mî-á
taiwanese-basic:3432	initials	ma	mî-á
taiwanese-basic:3467	full	moa	móa
taiwanese-basic:3467	prefix	mo	móa
taiwanese-basic:3467	initials	m	móa
taiwanese-basic:3468	full	moachhutlai	móa chhut-lâi
taiwanese-basic:3468	prefix	moachh	móa chhut-lâi
taiwanese-basic:3468	initials	mcl	móa chhut-lâi
taiwanese-basic:3472	full	moamoasi	móa-móa-sī
taiwanese-basic:3472	prefix	moam	móa-móa-sī
taiwanese-basic:3472	initials	mms	móa-móa-sī
taiwanese-basic:3471	full	moasike	móa-sì-kè
taiwanese-basic:3471	prefix	moas	móa-sì-kè
taiwanese-basic:3471	initials	msk	móa-sì-kè
taiwanese-basic:3470	full	moai	móa-ì
taiwanese-basic:3470	prefix	mo	móa-ì
taiwanese-basic:3470	initials	mi	móa-ì
taiwanese-basic:3465	full	moa	môa
taiwanese-basic:3465	prefix	mo	môa
taiwanese-basic:3465	initials	m	môa
taiwanese-basic:3478	full	moe	môe
taiwanese-basic:3478	prefix	mo	môe
taiwanese-basic:3478	initials	m	môe
taiwanese-basic:3473	full	moekui	môe-kùi
taiwanese-basic:3473	prefix	moe	môe-kùi
taiwanese-basic:3473	initials	mk	môe-kùi
taiwanese-basic:3474	full	moekuikeng	môe-kùi-keng
taiwanese-basic:3474	prefix	moeku	môe-kùi-keng
taiwanese-basic:3474	initials	mkk	môe-kùi-keng
taiwanese-basic:3453	full	moo	mô͘
taiwanese-basic:3453	prefix	mo	mô͘
taiwanese-basic:3453	initials	m	mô͘
taiwanese-basic:3454	full	moochit	mô͘-chit
taiwanese-basic:3454	prefix	mooc	mô͘-chit
taiwanese-basic:3454	initials	mc	mô͘-chit
taiwanese-basic:3099	full	mookui	mô͘-kúi
taiwanese-basic:3099	prefix	moo	mô͘-kúi
taiwanese-basic:3099	initials	mk	mô͘-kúi
taiwanese-basic:3460	full	moopit	mô͘-pit
taiwanese-basic:3460	prefix	moo	mô͘-pit
taiwanese-basic:3460	initials	mp	mô͘-pit
taiwanese-basic:3481	full	mui	múi
taiwanese-basic:3481	prefix	mu	múi
taiwanese-basic:3481	initials	m	múi
taiwanese-basic:3484	full	muihoe	múi-hôe
taiwanese-basic:3484	prefix	mui	múi-hôe
taiwanese-basic:3484	initials	mh	múi-hôe
taiwanese-basic:3482	full	muijit	múi-ji̍t
taiwanese-basic:3482	prefix	mui	múi-ji̍t
taiwanese-basic:3482	initials	mj	múi-ji̍t
taiwanese-basic:3483	full	muini	múi-nî
taiwanese-basic:3483	prefix	mui	múi-nî
taiwanese-basic:3483	initials	mn	múi-nî
taiwanese-basic:3485	full	muihoe	mûi-hoe
taiwanese-basic:3485	prefix	mui	mûi-hoe
taiwanese-basic:3485	initials	mh	mûi-hoe
taiwanese-basic:3473	full	muikui	mûi-kùi
taiwanese-basic:3473	prefix	mui	mûi-kùi
taiwanese-basic:3473	initials	mk	mûi-kùi
taiwanese-basic:3412	full	ma	mā
taiwanese-basic:3412	prefix	m	mā
taiwanese-basic:3412	initials	m	mā
taiwanese-basic:3412	full	me	mē
taiwanese-basic:3412	prefix	m	mē
taiwanese-basic:3412	initials	m	mē
taiwanese-basic:3431	full	mi	mī
taiwanese-basic:3431	prefix	m	mī
taiwanese-basic:3431	initials	m	mī
taiwanese-basic:1836	full	mihun	mī-hún
taiwanese-basic:1836	prefix	mih	mī-hún
taiwanese-basic:1836	initials	mh	mī-hún
taiwanese-basic:3429	full	mipau	mī-pau
taiwanese-basic:3429	prefix	mip	mī-pau
taiwanese-basic:3429	initials	mp	mī-pau
taiwanese-basic:3428	full	mipiann	mī-piáⁿ
taiwanese-basic:3428	prefix	mipi	mī-piáⁿ
taiwanese-basic:3428	initials	mp	mī-piáⁿ
taiwanese-basic:3475	full	moesai	mōe-sài
taiwanese-basic:3475	prefix	moe	mōe-sài
taiwanese-basic:3475	initials	ms	mōe-sài
taiwanese-basic:3464	full	moohiam	mō͘-hiám
taiwanese-basic:3464	prefix	mooh	mō͘-hiám
taiwanese-basic:3464	initials	mh	mō͘-hiám
taiwanese-basic:3402	full	m	m̂
taiwanese-basic:3402	prefix	m	m̂
taiwanese-basic:3402	initials	m	m̂
taiwanese-basic:3389	full	m	m̄
taiwanese-basic:3389	prefix	m	m̄
taiwanese-basic:3389	initials	m	m̄
taiwanese-basic:2425	full	mbatkenggiamtioh	m̄ bat keng-giām--tio̍h
taiwanese-basic:2425	prefix	mbatkeng	m̄ bat keng-giām--tio̍h
taiwanese-basic:2425	initials	mbkgt	m̄ bat keng-giām--tio̍h
taiwanese-basic:4092	full	mbatsesu	m̄ bat sè-sū
taiwanese-basic:4092	prefix	mbat	m̄ bat sè-sū
taiwanese-basic:4092	initials	mbss	m̄ bat sè-sū
taiwanese-basic:244	full	mbian	m̄ bián
taiwanese-basic:244	prefix	mbi	m̄ bián
taiwanese-basic:244	initials	mb	m̄ bián
taiwanese-basic:245	full	mbiankhi	m̄ bián khì
taiwanese-basic:245	prefix	mbia	m̄ bián khì
taiwanese-basic:245	initials	mbk	m̄ bián khì
taiwanese-basic:246	full	mbiankiann	m̄ bián kiaⁿ
taiwanese-basic:246	prefix	mbian	m̄ bián kiaⁿ
taiwanese-basic:246	initials	mbk	m̄ bián kiaⁿ
taiwanese-basic:4084	full	mbianseji	m̄ bián sè-jī
taiwanese-basic:4084	prefix	mbian	m̄ bián sè-jī
taiwanese-basic:4084	initials	mbsj	m̄ bián sè-jī
taiwanese-basic:3393	full	mchinho	m̄ chin hó
taiwanese-basic:3393	prefix	mchi	m̄ chin hó
taiwanese-basic:3393	initials	mch	m̄ chin hó
taiwanese-basic:3401	full	mhokhoann	m̄ hó khòaⁿ
taiwanese-basic:3401	prefix	mhokh	m̄ hó khòaⁿ
taiwanese-basic:3401	initials	mhk	m̄ hó khòaⁿ
taiwanese-basic:2538	full	mkheng	m̄ khéng
taiwanese-basic:2538	prefix	mkh	m̄ khéng
taiwanese-basic:2538	initials	mk	m̄ khéng
taiwanese-basic:4085	full	mthangseji	m̄ thang sè-jī
taiwanese-basic:4085	prefix	mthan	m̄ thang sè-jī
taiwanese-basic:4085	initials	mtsj	m̄ thang sè-jī
taiwanese-basic:4869	full	mthiann	m̄ thiaⁿ
taiwanese-basic:4869	prefix	mthi	m̄ thiaⁿ
taiwanese-basic:4869	initials	mt	m̄ thiaⁿ
taiwanese-basic:5155	full	mtih	m̄ ti̍h
taiwanese-basic:5155	prefix	mt	m̄ ti̍h
taiwanese-basic:5155	initials	mt	m̄ ti̍h
taiwanese-basic:184	full	mbat	m̄-bat
taiwanese-basic:184	prefix	mb	m̄-bat
taiwanese-basic:184	initials	mb	m̄-bat
taiwanese-basic:3391	full	mbian	m̄-bián
taiwanese-basic:3391	prefix	mbi	m̄-bián
taiwanese-basic:3391	initials	mb	m̄-bián
taiwanese-basic:2533	full	mbiankhehkhi	m̄-bián kheh-khì
taiwanese-basic:2533	prefix	mbiank	m̄-bián kheh-khì
taiwanese-basic:2533	initials	mbkk	m̄-bián kheh-khì
taiwanese-basic:2525	full	mbiankhau	m̄-bián khàu
taiwanese-basic:2525	prefix	mbian	m̄-bián khàu
taiwanese-basic:2525	initials	mbk	m̄-bián khàu
taiwanese-basic:3394	full	mchai	m̄-chai
taiwanese-basic:3394	prefix	mch	m̄-chai
taiwanese-basic:3394	initials	mc	m̄-chai
taiwanese-basic:3400	full	mkheng	m̄-khéng
taiwanese-basic:3400	prefix	mkh	m̄-khéng
taiwanese-basic:3400	initials	mk	m̄-khéng
taiwanese-basic:2213	full	mkann	m̄-káⁿ
taiwanese-basic:2213	prefix	mka	m̄-káⁿ
taiwanese-basic:2213	initials	mk	m̄-káⁿ
taiwanese-basic:3062	full	mku	m̄-kú
taiwanese-basic:3062	prefix	mk	m̄-kú
taiwanese-basic:3062	initials	mk	m̄-kú
taiwanese-basic:3399	full	msi	m̄-sī
taiwanese-basic:3399	prefix	ms	m̄-sī
taiwanese-basic:3399	initials	ms	m̄-sī
taiwanese-basic:3390	full	mthang	m̄-thang
taiwanese-basic:3390	prefix	mth	m̄-thang
taiwanese-basic:3390	initials	mt	m̄-thang
taiwanese-basic:2532	full	mthangkhehkhi	m̄-thang kheh-khì
taiwanese-basic:2532	prefix	mthangk	m̄-thang kheh-khì
taiwanese-basic:2532	initials	mtkk	m̄-thang kheh-khì
taiwanese-basic:3572	full	mthangoakhi	m̄-thang óa-khì
taiwanese-basic:3572	prefix	mthang	m̄-thang óa-khì
taiwanese-basic:3572	initials	mtok	m̄-thang óa-khì
taiwanese-basic:3398	full	mtioh	m̄-tio̍h
taiwanese-basic:3398	prefix	mti	m̄-tio̍h
taiwanese-basic:3398	initials	mt	m̄-tio̍h
taiwanese-basic:3405	full	mtih	m̄-ti̍h
taiwanese-basic:3405	prefix	mt	m̄-ti̍h
taiwanese-basic:3405	initials	mt	m̄-ti̍h
taiwanese-basic:3500	full	ngchioh	ng-chioh
taiwanese-basic:3500	prefix	ngch	ng-chioh
taiwanese-basic:3500	initials	nc	ng-chioh
taiwanese-basic:3499	full	nga	ng-á
taiwanese-basic:3499	prefix	ng	ng-á
taiwanese-basic:3499	initials	na	ng-á
taiwanese-basic:4812	full	ngeh	nge̍h
taiwanese-basic:4812	prefix	ng	nge̍h
taiwanese-basic:4812	initials	n	nge̍h
taiwanese-basic:3506	full	ngiau	ngiau
taiwanese-basic:3506	prefix	ngi	ngiau
taiwanese-basic:3506	initials	n	ngiau
taiwanese-basic:2515	full	ngiauhinnkhang	ngiáu hīⁿ-khang
taiwanese-basic:2515	prefix	ngiauhi	ngiáu hīⁿ-khang
taiwanese-basic:2515	initials	nhk	ngiáu hīⁿ-khang
taiwanese-basic:2514	full	ngiauphinnkhang	ngiáu phīⁿ-khang
taiwanese-basic:2514	prefix	ngiauphi	ngiáu phīⁿ-khang
taiwanese-basic:2514	initials	npk	ngiáu phīⁿ-khang
taiwanese-basic:3508	full	ngoosiong	ngó͘-siōng
taiwanese-basic:3508	prefix	ngoos	ngó͘-siōng
taiwanese-basic:3508	initials	ns	ngó͘-siōng
taiwanese-basic:3505	full	nge	ngē
taiwanese-basic:3505	prefix	ng	ngē
taiwanese-basic:3505	initials	n	ngē
taiwanese-basic:3505	full	ngi	ngī
taiwanese-basic:3505	prefix	ng	ngī
taiwanese-basic:3505	initials	n	ngī
taiwanese-basic:4812	full	nhoeh	nhoe̍h
taiwanese-basic:4812	prefix	nho	nhoe̍h
taiwanese-basic:4812	initials	n	nhoe̍h
taiwanese-basic:3529	full	niau	niau
taiwanese-basic:3529	prefix	ni	niau
taiwanese-basic:3529	initials	n	niau
taiwanese-basic:5241	full	niauchhitng	niau-chhí-tng
taiwanese-basic:5241	prefix	niauch	niau-chhí-tng
taiwanese-basic:5241	initials	nct	niau-chhí-tng
taiwanese-basic:3533	full	niauniau	niau-niau
taiwanese-basic:3533	prefix	niau	niau-niau
taiwanese-basic:3533	initials	nn	niau-niau
taiwanese-basic:2772	full	niauakiann	niau-á-kiáⁿ
taiwanese-basic:2772	prefix	niaua	niau-á-kiáⁿ
taiwanese-basic:2772	initials	nak	niau-á-kiáⁿ
taiwanese-basic:3535	full	nih	nih
taiwanese-basic:3535	prefix	ni	nih
taiwanese-basic:3535	initials	n	nih
taiwanese-basic:3523	full	nia	niá
taiwanese-basic:3523	prefix	ni	niá
taiwanese-basic:3523	initials	n	niá
taiwanese-basic:3527	full	niachinn	niá chîⁿ
taiwanese-basic:3527	prefix	niac	niá chîⁿ
taiwanese-basic:3527	initials	nc	niá chîⁿ
taiwanese-basic:3526	full	niasengthe	niá sèng-thé
taiwanese-basic:3526	prefix	niase	niá sèng-thé
taiwanese-basic:3526	initials	nst	niá sèng-thé
taiwanese-basic:5291	full	niatoa	niá-tòa
taiwanese-basic:5291	prefix	nia	niá-tòa
taiwanese-basic:5291	initials	nt	niá-tòa
taiwanese-basic:3531	full	niauchhi	niáu-chhí
taiwanese-basic:3531	prefix	niau	niáu-chhí
taiwanese-basic:3531	initials	nc	niáu-chhí
taiwanese-basic:3532	full	niauchhitng	niáu-chhí tng
taiwanese-basic:3532	prefix	niauch	niáu-chhí tng
taiwanese-basic:3532	initials	nct	niáu-chhí tng
taiwanese-basic:3542	full	niu	niú
taiwanese-basic:3542	prefix	ni	niú
taiwanese-basic:3542	initials	n	niú
taiwanese-basic:3538	full	niu	niû
taiwanese-basic:3538	prefix	ni	niû
taiwanese-basic:3538	initials	n	niû
taiwanese-basic:3539	full	niukhoannbaile	niû khòaⁿ--bāi-lè
taiwanese-basic:3539	prefix	niukhoa	niû khòaⁿ--bāi-lè
taiwanese-basic:3539	initials	nkbl	niû khòaⁿ--bāi-lè
taiwanese-basic:3543	full	niua	niû-á
taiwanese-basic:3543	prefix	ni	niû-á
taiwanese-basic:3543	initials	na	niû-á
taiwanese-basic:3528	full	niania	niā-niā
taiwanese-basic:3528	prefix	nia	niā-niā
taiwanese-basic:3528	initials	nn	niā-niā
taiwanese-basic:3528	full	niatiann	niā-tiāⁿ
taiwanese-basic:3528	prefix	niat	niā-tiāⁿ
taiwanese-basic:3528	initials	nt	niā-tiāⁿ
taiwanese-basic:3540	full	niu	niū
taiwanese-basic:3540	prefix	ni	niū
taiwanese-basic:3540	initials	n	niū
taiwanese-basic:3541	full	niua	niū-á
taiwanese-basic:3541	prefix	ni	niū-á
taiwanese-basic:3541	initials	na	niū-á
taiwanese-basic:3534	full	nih	ni̍h
taiwanese-basic:3534	prefix	ni	ni̍h
taiwanese-basic:3534	initials	n	ni̍h
taiwanese-basic:3549	full	nng	nn̄g
taiwanese-basic:3549	prefix	nn	nn̄g
taiwanese-basic:3549	initials	n	nn̄g
taiwanese-basic:4473	full	nngchhiohsuhong	nn̄g chhioh sù-hong
taiwanese-basic:4473	prefix	nngchhio	nn̄g chhioh sù-hong
taiwanese-basic:4473	initials	ncsh	nn̄g chhioh sù-hong
taiwanese-basic:3184	full	nngchanlau	nn̄g chàn lâu
taiwanese-basic:3184	prefix	nngch	nn̄g chàn lâu
taiwanese-basic:3184	initials	ncl	nn̄g chàn lâu
taiwanese-basic:763	full	nnghongchhioh	nn̄g hong chhioh
taiwanese-basic:763	prefix	nnghong	nn̄g hong chhioh
taiwanese-basic:763	initials	nhc	nn̄g hong chhioh
taiwanese-basic:4474	full	nnghongchhioh	nn̄g hong-chhioh
taiwanese-basic:4474	prefix	nnghong	nn̄g hong-chhioh
taiwanese-basic:4474	initials	nhc	nn̄g hong-chhioh
taiwanese-basic:1380	full	nngkakgin	nn̄g kak-gîn
taiwanese-basic:1380	prefix	nngka	nn̄g kak-gîn
taiwanese-basic:1380	initials	nkg	nn̄g kak-gîn
taiwanese-basic:3059	full	nnglepaiku	nn̄g lé-pài kú
taiwanese-basic:3059	prefix	nngle	nn̄g lé-pài kú
taiwanese-basic:3059	initials	nlpk	nn̄g lé-pài kú
taiwanese-basic:3964	full	nngpoe	nn̄g pōe
taiwanese-basic:3964	prefix	nng	nn̄g pōe
taiwanese-basic:3964	initials	np	nn̄g pōe
taiwanese-basic:5070	full	nngtiamchengku	nn̄g tiám cheng kú
taiwanese-basic:5070	prefix	nngtiam	nn̄g tiám cheng kú
taiwanese-basic:5070	initials	ntck	nn̄g tiám cheng kú
taiwanese-basic:3430	full	nngtehangmipau	nn̄g tè hang mī-pau
taiwanese-basic:3430	prefix	nngteha	nn̄g tè hang mī-pau
taiwanese-basic:3430	initials	nthmp	nn̄g tè hang mī-pau
taiwanese-basic:3900	full	nngtepngoann	nn̄g tè pn̄g-óaⁿ
taiwanese-basic:3900	prefix	nngtep	nn̄g tè pn̄g-óaⁿ
taiwanese-basic:3900	initials	ntpo	nn̄g tè pn̄g-óaⁿ
taiwanese-basic:3901	full	nngoannpng	nn̄g óaⁿ pn̄g
taiwanese-basic:3901	prefix	nngoa	nn̄g óaⁿ pn̄g
taiwanese-basic:3901	initials	nop	nn̄g óaⁿ pn̄g
taiwanese-basic:3553	full	nngjin	nn̄g-jîn
taiwanese-basic:3553	prefix	nng	nn̄g-jîn
taiwanese-basic:3553	initials	nj	nn̄g-jîn
taiwanese-basic:3554	full	nngpeh	nn̄g-pe̍h
taiwanese-basic:3554	prefix	nng	nn̄g-pe̍h
taiwanese-basic:3554	initials	np	nn̄g-pe̍h
taiwanese-basic:3490	full	na	ná
taiwanese-basic:3490	prefix	n	ná
taiwanese-basic:3490	initials	n	ná
taiwanese-basic:3489	full	nachhinchhiunn	ná chhin-chhiūⁿ
taiwanese-basic:3489	prefix	nachhin	ná chhin-chhiūⁿ
taiwanese-basic:3489	initials	ncc	ná chhin-chhiūⁿ
taiwanese-basic:1926	full	naumohiam	náu-mo̍h-iām
taiwanese-basic:1926	prefix	naumo	náu-mo̍h-iām
taiwanese-basic:1926	initials	nmi	náu-mo̍h-iām
taiwanese-basic:3492	full	na	nâ
taiwanese-basic:3492	prefix	n	nâ
taiwanese-basic:3492	initials	n	nâ
taiwanese-basic:2859	full	nakiu	nâ-kiû
taiwanese-basic:2859	prefix	nak	nâ-kiû
taiwanese-basic:2859	initials	nk	nâ-kiû
taiwanese-basic:3495	full	nakiuepisai	nâ-kiû ê pí-sài
taiwanese-basic:3495	prefix	nakiue	nâ-kiû ê pí-sài
taiwanese-basic:3495	initials	nkeps	nâ-kiû ê pí-sài
taiwanese-basic:5359	full	nakiutui	nâ-kiû-tūi
taiwanese-basic:5359	prefix	naki	nâ-kiû-tūi
taiwanese-basic:5359	initials	nkt	nâ-kiû-tūi
taiwanese-basic:3496	full	nakiue	nâ-kiû-ê
taiwanese-basic:3496	prefix	nak	nâ-kiû-ê
taiwanese-basic:3496	initials	nke	nâ-kiû-ê
taiwanese-basic:3493	full	nakui	nâ-kûi
taiwanese-basic:3493	prefix	nak	nâ-kûi
taiwanese-basic:3493	initials	nk	nâ-kûi
taiwanese-basic:3520	full	nikhaboe	nì kha-bóe
taiwanese-basic:3520	prefix	nikh	nì kha-bóe
taiwanese-basic:3520	initials	nkb	nì kha-bóe
taiwanese-basic:3519	full	ni	ní
taiwanese-basic:3519	prefix	n	ní
taiwanese-basic:3519	initials	n	ní
taiwanese-basic:3510	full	ni	nî
taiwanese-basic:3510	prefix	n	nî
taiwanese-basic:3510	initials	n	nî
taiwanese-basic:370	full	niboehitnngsannjit	nî bóe hit nn̄g saⁿ ji̍t
taiwanese-basic:370	prefix	niboehitn	nî bóe hit nn̄g saⁿ ji̍t
taiwanese-basic:370	initials	nbhnsj	nî bóe hit nn̄g saⁿ ji̍t
taiwanese-basic:369	full	nithauhitnngsannjit	nî thâu hit nn̄g saⁿ ji̍t
taiwanese-basic:369	prefix	nithauhitn	nî thâu hit nn̄g saⁿ ji̍t
taiwanese-basic:369	initials	nthnsj	nî thâu hit nn̄g saⁿ ji̍t
taiwanese-basic:3521	full	nikoo	nî-ko͘
taiwanese-basic:3521	prefix	nik	nî-ko͘
taiwanese-basic:3521	initials	nk	nî-ko͘
taiwanese-basic:3522	full	nikooam	nî-ko͘-am
taiwanese-basic:3522	prefix	niko	nî-ko͘-am
taiwanese-basic:3522	initials	nka	nî-ko͘-am
taiwanese-basic:3486	full	na	nā
taiwanese-basic:3486	prefix	n	nā
taiwanese-basic:3486	initials	n	nā
taiwanese-basic:3487	full	nasi	nā-sī
taiwanese-basic:3487	prefix	na	nā-sī
taiwanese-basic:3487	initials	ns	nā-sī
taiwanese-basic:3488	full	nau	nā-ū
taiwanese-basic:3488	prefix	na	nā-ū
taiwanese-basic:3488	initials	nu	nā-ū
taiwanese-basic:3546	full	nng	nńg
taiwanese-basic:3546	prefix	nn	nńg
taiwanese-basic:3546	initials	n	nńg
taiwanese-basic:3547	full	nngphinn	nńg-phìⁿ
taiwanese-basic:3547	prefix	nngp	nńg-phìⁿ
taiwanese-basic:3547	initials	np	nńg-phìⁿ
taiwanese-basic:3548	full	nngsoann	nńg-sòaⁿ
taiwanese-basic:3548	prefix	nngs	nńg-sòaⁿ
taiwanese-basic:3548	initials	ns	nńg-sòaⁿ
taiwanese-basic:3556	full	noa	nōa
taiwanese-basic:3556	prefix	no	nōa
taiwanese-basic:3556	initials	n	nōa
taiwanese-basic:3501	full	ng	n̂g
taiwanese-basic:3501	prefix	n	n̂g
taiwanese-basic:3501	initials	n	n̂g
taiwanese-basic:3502	full	ngsiansinn	n̂g sian-siⁿ
taiwanese-basic:3502	prefix	ngsia	n̂g sian-siⁿ
taiwanese-basic:3502	initials	nss	n̂g sian-siⁿ
taiwanese-basic:3502	full	ngsinsenn	n̂g sin-seⁿ
taiwanese-basic:3502	prefix	ngsin	n̂g sin-seⁿ
taiwanese-basic:3502	initials	nss	n̂g sin-seⁿ
taiwanese-basic:3561	full	olo	o-ló
taiwanese-basic:3561	prefix	ol	o-ló
taiwanese-basic:3561	initials	ol	o-ló
taiwanese-basic:3590	full	oan	oan
taiwanese-basic:3590	prefix	oa	oan
taiwanese-basic:3590	initials	o	oan
taiwanese-basic:3589	full	oanke	oan-ke
taiwanese-basic:3589	prefix	oan	oan-ke
taiwanese-basic:3589	initials	ok	oan-ke
taiwanese-basic:3595	full	oat	oat
taiwanese-basic:3595	prefix	oa	oat
taiwanese-basic:3595	initials	o	oat
taiwanese-basic:3597	full	oatchiannchhiupeng	oat chiàⁿ chhiú-pêng
taiwanese-basic:3597	prefix	oatchiann	oat chiàⁿ chhiú-pêng
taiwanese-basic:3597	initials	occp	oat chiàⁿ chhiú-pêng
taiwanese-basic:3598	full	oattochhiupeng	oat tò chhiú pêng
taiwanese-basic:3598	prefix	oattoch	oat tò chhiú pêng
taiwanese-basic:3598	initials	otcp	oat tò chhiú pêng
taiwanese-basic:5258	full	oattochhiupeng	oat tò chhiú-pêng
taiwanese-basic:5258	prefix	oattoch	oat tò chhiú-pêng
taiwanese-basic:5258	initials	otcp	oat tò chhiú-pêng
taiwanese-basic:3583	full	oah	oa̍h
taiwanese-basic:3583	prefix	oa	oa̍h
taiwanese-basic:3583	initials	o	oa̍h
taiwanese-basic:3594	full	oat	oa̍t
taiwanese-basic:3594	prefix	oa	oa̍t
taiwanese-basic:3594	initials	o	oa̍t
taiwanese-basic:3596	full	oatthau	oa̍t-thâu
taiwanese-basic:3596	prefix	oatt	oa̍t-thâu
taiwanese-basic:3596	initials	ot	oa̍t-thâu
taiwanese-basic:3610	full	oh	oh
taiwanese-basic:3610	prefix	o	oh
taiwanese-basic:3610	initials	o	oh
taiwanese-basic:1598	full	oanhin	oàn-hīn
taiwanese-basic:1598	prefix	oan	oàn-hīn
taiwanese-basic:1598	initials	oh	oàn-hīn
taiwanese-basic:3593	full	oanchiok	oán-chiok
taiwanese-basic:3593	prefix	oanc	oán-chiok
taiwanese-basic:3593	initials	oc	oán-chiok
taiwanese-basic:3588	full	oanboan	oân-boán
taiwanese-basic:3588	prefix	oanb	oân-boán
taiwanese-basic:3588	initials	ob	oân-boán
taiwanese-basic:1092	full	oankang	oân-kang
taiwanese-basic:1092	prefix	oank	oân-kang
taiwanese-basic:1092	initials	ok	oân-kang
taiwanese-basic:3586	full	oanlim	oân-lîm
taiwanese-basic:3586	prefix	oan	oân-lîm
taiwanese-basic:3586	initials	ol	oân-lîm
taiwanese-basic:3587	full	oanna	oân-ná
taiwanese-basic:3587	prefix	oan	oân-ná
taiwanese-basic:3587	initials	on	oân-ná
taiwanese-basic:3592	full	oanseng	oân-se̍ng
taiwanese-basic:3592	prefix	oans	oân-se̍ng
taiwanese-basic:3592	initials	os	oân-se̍ng
taiwanese-basic:3608	full	oh	o̍h
taiwanese-basic:3608	prefix	o	o̍h
taiwanese-basic:3608	initials	o	o̍h
taiwanese-basic:3609	full	ohtoli	o̍h tō-lí
taiwanese-basic:3609	prefix	oht	o̍h tō-lí
taiwanese-basic:3609	initials	otl	o̍h tō-lí
taiwanese-basic:3566	full	ooian	o͘-ian
taiwanese-basic:3566	prefix	ooi	o͘-ian
taiwanese-basic:3566	initials	oi	o͘-ian
taiwanese-basic:1973	full	ooimthinn	o͘-im-thiⁿ
taiwanese-basic:1973	prefix	ooimt	o͘-im-thiⁿ
taiwanese-basic:1973	initials	oit	o͘-im-thiⁿ
taiwanese-basic:2061	full	ooiu	o͘-iû
taiwanese-basic:2061	prefix	oo	o͘-iû
taiwanese-basic:2061	initials	oi	o͘-iû
taiwanese-basic:3702	full	oooooo	o͘-o͘-o͘
taiwanese-basic:3702	prefix	ooo	o͘-o͘-o͘
taiwanese-basic:3702	initials	ooo	o͘-o͘-o͘
taiwanese-basic:3670	full	oopang	o͘-pang
taiwanese-basic:3670	prefix	oop	o͘-pang
taiwanese-basic:3670	initials	op	o͘-pang
taiwanese-basic:3564	full	oopeh	o͘-pe̍h
taiwanese-basic:3564	prefix	oop	o͘-pe̍h
taiwanese-basic:3564	initials	op	o͘-pe̍h
taiwanese-basic:3565	full	oopehkong	o͘-pe̍h kóng
taiwanese-basic:3565	prefix	oopeh	o͘-pe̍h kóng
taiwanese-basic:3565	initials	opk	o͘-pe̍h kóng
taiwanese-basic:3563	full	oothoobai	o͘-tho͘-bái
taiwanese-basic:3563	prefix	ootho	o͘-tho͘-bái
taiwanese-basic:3563	initials	otb	o͘-tho͘-bái
taiwanese-basic:5086	full	pahhoetiam	pah-hòe-tiàm
taiwanese-basic:5086	prefix	pahho	pah-hòe-tiàm
taiwanese-basic:5086	initials	pht	pah-hòe-tiàm
taiwanese-basic:3647	full	pak	pak
taiwanese-basic:3647	prefix	pa	pak
taiwanese-basic:3647	initials	p	pak
taiwanese-basic:795	full	pakchhiulong	pak chhiú-lông
taiwanese-basic:795	prefix	pakchh	pak chhiú-lông
taiwanese-basic:795	initials	pcl	pak chhiú-lông
taiwanese-basic:3649	full	pakkhilaikhoann	pak khí-lâi khòaⁿ
taiwanese-basic:3649	prefix	pakkhila	pak khí-lâi khòaⁿ
taiwanese-basic:3649	initials	pklk	pak khí-lâi khòaⁿ
taiwanese-basic:3653	full	paklai	pak-lāi
taiwanese-basic:3653	prefix	pak	pak-lāi
taiwanese-basic:3653	initials	pl	pak-lāi
taiwanese-basic:3648	full	pakphoe	pak-phôe
taiwanese-basic:3648	prefix	pakp	pak-phôe
taiwanese-basic:3648	initials	pp	pak-phôe
taiwanese-basic:3651	full	paktoo	pak-tó͘
taiwanese-basic:3651	prefix	pak	pak-tó͘
taiwanese-basic:3651	initials	pt	pak-tó͘
taiwanese-basic:3652	full	paktoothiann	pak-tó͘ thiàⁿ
taiwanese-basic:3652	prefix	paktoo	pak-tó͘ thiàⁿ
taiwanese-basic:3652	initials	ptt	pak-tó͘ thiàⁿ
taiwanese-basic:3655	full	pan	pan
taiwanese-basic:3655	prefix	pa	pan
taiwanese-basic:3655	initials	p	pan
taiwanese-basic:3669	full	pang	pang
taiwanese-basic:3669	prefix	pa	pang
taiwanese-basic:3669	initials	p	pang
taiwanese-basic:3662	full	pangbang	pang-bâng
taiwanese-basic:3662	prefix	pang	pang-bâng
taiwanese-basic:3662	initials	pb	pang-bâng
taiwanese-basic:3663	full	pangchan	pang-chān
taiwanese-basic:3663	prefix	pang	pang-chān
taiwanese-basic:3663	initials	pc	pang-chān
taiwanese-basic:3664	full	pangchoo	pang-chō͘
taiwanese-basic:3664	prefix	pang	pang-chō͘
taiwanese-basic:3664	initials	pc	pang-chō͘
taiwanese-basic:3675	full	pau	pau
taiwanese-basic:3675	prefix	pa	pau
taiwanese-basic:3675	initials	p	pau
taiwanese-basic:2548	full	paukhilai	pau--khí-lâi
taiwanese-basic:2548	prefix	paukh	pau--khí-lâi
taiwanese-basic:2548	initials	pkl	pau--khí-lâi
taiwanese-basic:1496	full	pauham	pau-hâm
taiwanese-basic:1496	prefix	pau	pau-hâm
taiwanese-basic:1496	initials	ph	pau-hâm
taiwanese-basic:188	full	paupan	pau-pān
taiwanese-basic:188	prefix	pau	pau-pān
taiwanese-basic:188	initials	pp	pau-pān
taiwanese-basic:3646	full	pak	pa̍k
taiwanese-basic:3646	prefix	pa	pa̍k
taiwanese-basic:3646	initials	p	pa̍k
taiwanese-basic:209	full	pakbetiau	pa̍k bē-tiâu
taiwanese-basic:209	prefix	pakbe	pa̍k bē-tiâu
taiwanese-basic:209	initials	pbt	pa̍k bē-tiâu
taiwanese-basic:3671	full	pat	pa̍t
taiwanese-basic:3671	prefix	pa	pa̍t
taiwanese-basic:3671	initials	p	pa̍t
taiwanese-basic:3674	full	patsoochai	pa̍t só͘-chāi
taiwanese-basic:3674	prefix	patso	pa̍t só͘-chāi
taiwanese-basic:3674	initials	psc	pa̍t só͘-chāi
taiwanese-basic:3674	full	patui	pa̍t ūi
taiwanese-basic:3674	prefix	pat	pa̍t ūi
taiwanese-basic:3674	initials	pu	pa̍t ūi
taiwanese-basic:3673	full	patkhoan	pa̍t-khoàn
taiwanese-basic:3673	prefix	patk	pa̍t-khoàn
taiwanese-basic:3673	initials	pk	pa̍t-khoàn
taiwanese-basic:3672	full	patlang	pa̍t-lâng
taiwanese-basic:3672	prefix	patl	pa̍t-lâng
taiwanese-basic:3672	initials	pl	pa̍t-lâng
taiwanese-basic:3691	full	peh	peh
taiwanese-basic:3691	prefix	pe	peh
taiwanese-basic:3691	initials	p	peh
taiwanese-basic:3697	full	pehkengchio	peh keng-chio
taiwanese-basic:3697	prefix	pehken	peh keng-chio
taiwanese-basic:3697	initials	pkc	peh keng-chio
taiwanese-basic:2546	full	pehkhilai	peh--khí-lâi
taiwanese-basic:2546	prefix	pehkh	peh--khí-lâi
taiwanese-basic:2546	initials	pkl	peh--khí-lâi
taiwanese-basic:2504	full	pehkhak	peh-khak
taiwanese-basic:2504	prefix	pehk	peh-khak
taiwanese-basic:2504	initials	pk	peh-khak
taiwanese-basic:3692	full	pehkhilai	peh-khí-lâi
taiwanese-basic:3692	prefix	pehkh	peh-khí-lâi
taiwanese-basic:3692	initials	pkl	peh-khí-lâi
taiwanese-basic:2765	full	pehkia	peh-kiā
taiwanese-basic:2765	prefix	peh	peh-kiā
taiwanese-basic:2765	initials	pk	peh-kiā
taiwanese-basic:2130	full	pehsinn	peh-sìⁿ
taiwanese-basic:2130	prefix	pehs	peh-sìⁿ
taiwanese-basic:2130	initials	ps	peh-sìⁿ
taiwanese-basic:3712	full	peng	peng
taiwanese-basic:3712	prefix	pe	peng
taiwanese-basic:3712	initials	p	peng
taiwanese-basic:3715	full	pengchim	peng-chím
taiwanese-basic:3715	prefix	peng	peng-chím
taiwanese-basic:3715	initials	pc	peng-chím
taiwanese-basic:3713	full	pengkhoo	peng-khò͘
taiwanese-basic:3713	prefix	peng	peng-khò͘
taiwanese-basic:3713	initials	pk	peng-khò͘
taiwanese-basic:3714	full	pengte	peng-tē
taiwanese-basic:3714	prefix	pen	peng-tē
taiwanese-basic:3714	initials	pt	peng-tē
taiwanese-basic:3717	full	pengtui	peng-tūi
taiwanese-basic:3717	prefix	peng	peng-tūi
taiwanese-basic:3717	initials	pt	peng-tūi
taiwanese-basic:3698	full	peh	pe̍h
taiwanese-basic:3698	prefix	pe	pe̍h
taiwanese-basic:3698	initials	p	pe̍h
taiwanese-basic:3695	full	pehbi	pe̍h-bí
taiwanese-basic:3695	prefix	peh	pe̍h-bí
taiwanese-basic:3695	initials	pb	pe̍h-bí
taiwanese-basic:1532	full	pehchhat	pe̍h-chhat
taiwanese-basic:1532	prefix	pehc	pe̍h-chhat
taiwanese-basic:1532	initials	pc	pe̍h-chhat
taiwanese-basic:3693	full	pehchhat	pe̍h-chha̍t
taiwanese-basic:3693	prefix	pehc	pe̍h-chha̍t
taiwanese-basic:3693	initials	pc	pe̍h-chha̍t
taiwanese-basic:3699	full	pehpehpeh	pe̍h-pe̍h-pe̍h
taiwanese-basic:3699	prefix	pehpe	pe̍h-pe̍h-pe̍h
taiwanese-basic:3699	initials	ppp	pe̍h-pe̍h-pe̍h
taiwanese-basic:3720	full	pha	pha
taiwanese-basic:3720	prefix	ph	pha
taiwanese-basic:3720	initials	p	pha
taiwanese-basic:2445	full	phah	phah
taiwanese-basic:2445	prefix	ph	phah
taiwanese-basic:2445	initials	p	phah
taiwanese-basic:3733	full	phahcheng	phah cheng
taiwanese-basic:3733	prefix	phahc	phah cheng
taiwanese-basic:3733	initials	pc	phah cheng
taiwanese-basic:3780	full	phahchhiaphio	phah chhia-phiò
taiwanese-basic:3780	prefix	phahchh	phah chhia-phiò
taiwanese-basic:3780	initials	pcp	phah chhia-phiò
taiwanese-basic:1312	full	phaheh	phah e̍h
taiwanese-basic:1312	prefix	pha	phah e̍h
taiwanese-basic:1312	initials	pe	phah e̍h
taiwanese-basic:3738	full	phahkalauh	phah ka-la̍uh
taiwanese-basic:3738	prefix	phahk	phah ka-la̍uh
taiwanese-basic:3738	initials	pkl	phah ka-la̍uh
taiwanese-basic:3734	full	phahkhachhiunn	phah kha-chhiùⁿ
taiwanese-basic:3734	prefix	phahkha	phah kha-chhiùⁿ
taiwanese-basic:3734	initials	pkc	phah kha-chhiùⁿ
taiwanese-basic:3160	full	phahlan	phah lân
taiwanese-basic:3160	prefix	phah	phah lân
taiwanese-basic:3160	initials	pl	phah lân
taiwanese-basic:3494	full	phahnakiu	phah nâ-kiû
taiwanese-basic:3494	prefix	phahn	phah nâ-kiû
taiwanese-basic:3494	initials	pnk	phah nâ-kiû
taiwanese-basic:3728	full	phahookhi	phah o͘-khì
taiwanese-basic:3728	prefix	phaho	phah o͘-khì
taiwanese-basic:3728	initials	pok	phah o͘-khì
taiwanese-basic:992	full	phahpehchiat	phah peh chiat
taiwanese-basic:992	prefix	phahpe	phah peh chiat
taiwanese-basic:992	initials	ppc	phah peh chiat
taiwanese-basic:3805	full	phahphoa	phah phòa
taiwanese-basic:3805	prefix	phah	phah phòa
taiwanese-basic:3805	initials	pp	phah phòa
taiwanese-basic:3857	full	phahpiann	phah piàⁿ
taiwanese-basic:3857	prefix	phahp	phah piàⁿ
taiwanese-basic:3857	initials	pp	phah piàⁿ
taiwanese-basic:5102	full	phahtianpo	phah tiān-pò
taiwanese-basic:5102	prefix	phaht	phah tiān-pò
taiwanese-basic:5102	initials	ptp	phah tiān-pò
taiwanese-basic:3732	full	phahtianoe	phah tiān-ōe
taiwanese-basic:3732	prefix	phaht	phah tiān-ōe
taiwanese-basic:3732	initials	pto	phah tiān-ōe
taiwanese-basic:3729	full	phahtoann	phah toaⁿ
taiwanese-basic:3729	prefix	phaht	phah toaⁿ
taiwanese-basic:3729	initials	pt	phah toaⁿ
taiwanese-basic:3737	full	phahchheng	phah-chhèng
taiwanese-basic:3737	prefix	phahc	phah-chhèng
taiwanese-basic:3737	initials	pc	phah-chhèng
taiwanese-basic:3723	full	phahchhuiphe	phah-chhùi-phé
taiwanese-basic:3723	prefix	phahch	phah-chhùi-phé
taiwanese-basic:3723	initials	pcp	phah-chhùi-phé
taiwanese-basic:3731	full	phahhai	phah-hāi
taiwanese-basic:3731	prefix	phah	phah-hāi
taiwanese-basic:3731	initials	ph	phah-hāi
taiwanese-basic:2706	full	phahkhui	phah-khui
taiwanese-basic:2706	prefix	phah	phah-khui
taiwanese-basic:2706	initials	pk	phah-khui
taiwanese-basic:3724	full	phahkiu	phah-kiû
taiwanese-basic:3724	prefix	phah	phah-kiû
taiwanese-basic:3724	initials	pk	phah-kiû
taiwanese-basic:2906	full	phahkoo	phah-kó͘
taiwanese-basic:2906	prefix	phah	phah-kó͘
taiwanese-basic:2906	initials	pk	phah-kó͘
taiwanese-basic:3739	full	phahlah	phah-la̍h
taiwanese-basic:3739	prefix	phah	phah-la̍h
taiwanese-basic:3739	initials	pl	phah-la̍h
taiwanese-basic:3740	full	phahlahe	phah-la̍h ê
taiwanese-basic:3740	prefix	phah	phah-la̍h ê
taiwanese-basic:3740	initials	ple	phah-la̍h ê
taiwanese-basic:3726	full	phahphiann	phah-phiáⁿ
taiwanese-basic:3726	prefix	phahp	phah-phiáⁿ
taiwanese-basic:3726	initials	pp	phah-phiáⁿ
taiwanese-basic:3727	full	phahphoa	phah-phòa
taiwanese-basic:3727	prefix	phah	phah-phòa
taiwanese-basic:3727	initials	pp	phah-phòa
taiwanese-basic:3725	full	phahsi	phah-sí
taiwanese-basic:3725	prefix	pha	phah-sí
taiwanese-basic:3725	initials	ps	phah-sí
taiwanese-basic:3742	full	phahsoann	phah-sòaⁿ
taiwanese-basic:3742	prefix	phahs	phah-sòaⁿ
taiwanese-basic:3742	initials	ps	phah-sòaⁿ
taiwanese-basic:3741	full	phahsng	phah-sǹg
taiwanese-basic:3741	prefix	phah	phah-sǹg
taiwanese-basic:3741	initials	ps	phah-sǹg
taiwanese-basic:3730	full	phahtng	phah-tn̄g
taiwanese-basic:3730	prefix	phah	phah-tn̄g
taiwanese-basic:3730	initials	pt	phah-tn̄g
taiwanese-basic:3750	full	phang	phang
taiwanese-basic:3750	prefix	pha	phang
taiwanese-basic:3750	initials	p	phang
taiwanese-basic:3747	full	phak	pha̍k
taiwanese-basic:3747	prefix	ph	pha̍k
taiwanese-basic:3747	initials	p	pha̍k
taiwanese-basic:3749	full	phakhoota	pha̍k hō͘ ta
taiwanese-basic:3749	prefix	phakh	pha̍k hō͘ ta
taiwanese-basic:3749	initials	pht	pha̍k hō͘ ta
taiwanese-basic:650	full	phakchhek	pha̍k-chhek
taiwanese-basic:650	prefix	phakc	pha̍k-chhek
taiwanese-basic:650	initials	pc	pha̍k-chhek
taiwanese-basic:3748	full	phakjit	pha̍k-ji̍t
taiwanese-basic:3748	prefix	phak	pha̍k-ji̍t
taiwanese-basic:3748	initials	pj	pha̍k-ji̍t
taiwanese-basic:3762	full	phi	phi
taiwanese-basic:3762	prefix	ph	phi
taiwanese-basic:3762	initials	p	phi
taiwanese-basic:3763	full	phisann	phi-saⁿ
taiwanese-basic:3763	prefix	phis	phi-saⁿ
taiwanese-basic:3763	initials	ps	phi-saⁿ
taiwanese-basic:3772	full	phiat	phiat
taiwanese-basic:3772	prefix	phi	phiat
taiwanese-basic:3772	initials	p	phiat
taiwanese-basic:3773	full	phiata	phiat-á
taiwanese-basic:3773	prefix	phi	phiat-á
taiwanese-basic:3773	initials	pa	phiat-á
taiwanese-basic:3770	full	phian	phiàn
taiwanese-basic:3770	prefix	phi	phiàn
taiwanese-basic:3770	initials	p	phiàn
taiwanese-basic:3771	full	phian	phián
taiwanese-basic:3771	prefix	phi	phián
taiwanese-basic:3771	initials	p	phián
taiwanese-basic:3743	full	phiann	phiáⁿ
taiwanese-basic:3743	prefix	phi	phiáⁿ
taiwanese-basic:3743	initials	p	phiáⁿ
taiwanese-basic:3778	full	phio	phiò
taiwanese-basic:3778	prefix	ph	phiò
taiwanese-basic:3778	initials	p	phiò
taiwanese-basic:3786	full	phiohun	phiò-hún
taiwanese-basic:3786	prefix	phio	phiò-hún
taiwanese-basic:3786	initials	ph	phiò-hún
taiwanese-basic:3766	full	phinn	phiⁿ
taiwanese-basic:3766	prefix	phi	phiⁿ
taiwanese-basic:3766	initials	p	phiⁿ
taiwanese-basic:3788	full	pho	pho
taiwanese-basic:3788	prefix	ph	pho
taiwanese-basic:3788	initials	p	pho
taiwanese-basic:3807	full	phoe	phoe
taiwanese-basic:3807	prefix	ph	phoe
taiwanese-basic:3807	initials	p	phoe
taiwanese-basic:3811	full	phoelong	phoe-lông
taiwanese-basic:3811	prefix	phoe	phoe-lông
taiwanese-basic:3811	initials	pl	phoe-lông
taiwanese-basic:3824	full	phoh	phoh
taiwanese-basic:3824	prefix	ph	phoh
taiwanese-basic:3824	initials	p	phoh
taiwanese-basic:3830	full	phutochiu	phu-tô chiú
taiwanese-basic:3830	prefix	phuto	phu-tô chiú
taiwanese-basic:3830	initials	ptc	phu-tô chiú
taiwanese-basic:3745	full	phai	phài
taiwanese-basic:3745	prefix	ph	phài
taiwanese-basic:3745	initials	p	phài
taiwanese-basic:2758	full	phangkinn	phàng-kìⁿ
taiwanese-basic:2758	prefix	phang	phàng-kìⁿ
taiwanese-basic:2758	initials	pk	phàng-kìⁿ
taiwanese-basic:3755	full	phau	phàu
taiwanese-basic:3755	prefix	ph	phàu
taiwanese-basic:3755	initials	p	phàu
taiwanese-basic:3757	full	phaukapi	phàu ka-pi
taiwanese-basic:3757	prefix	phau	phàu ka-pi
taiwanese-basic:3757	initials	pkp	phàu ka-pi
taiwanese-basic:3756	full	phaute	phàu tê
taiwanese-basic:3756	prefix	pha	phàu tê
taiwanese-basic:3756	initials	pt	phàu tê
taiwanese-basic:3758	full	phaua	phàu-á
taiwanese-basic:3758	prefix	pha	phàu-á
taiwanese-basic:3758	initials	pa	phàu-á
taiwanese-basic:3743	full	phai	phái
taiwanese-basic:3743	prefix	ph	phái
taiwanese-basic:3743	initials	p	phái
taiwanese-basic:3746	full	phaikhoann	phái-khòaⁿ
taiwanese-basic:3746	prefix	phaik	phái-khòaⁿ
taiwanese-basic:3746	initials	pk	phái-khòaⁿ
taiwanese-basic:944	full	phainnchiah	pháiⁿ chia̍h
taiwanese-basic:944	prefix	phainn	pháiⁿ chia̍h
taiwanese-basic:944	initials	pc	pháiⁿ chia̍h
taiwanese-basic:2681	full	phainnkhoanthai	pháiⁿ khoán-thāi
taiwanese-basic:2681	prefix	phainnkh	pháiⁿ khoán-thāi
taiwanese-basic:2681	initials	pkt	pháiⁿ khoán-thāi
taiwanese-basic:2649	full	phainnkhoann	pháiⁿ khòaⁿ
taiwanese-basic:2649	prefix	phainn	pháiⁿ khòaⁿ
taiwanese-basic:2649	initials	pk	pháiⁿ khòaⁿ
taiwanese-basic:3776	full	phainnphinheng	pháiⁿ phín-hēng
taiwanese-basic:3776	prefix	phainnp	pháiⁿ phín-hēng
taiwanese-basic:3776	initials	pph	pháiⁿ phín-hēng
taiwanese-basic:3841	full	phainnphikhi	pháiⁿ phî-khì
taiwanese-basic:3841	prefix	phainn	pháiⁿ phî-khì
taiwanese-basic:3841	initials	ppk	pháiⁿ phî-khì
taiwanese-basic:3841	full	phainnpikhi	pháiⁿ pî-khì
taiwanese-basic:3841	prefix	phainn	pháiⁿ pî-khì
taiwanese-basic:3841	initials	ppk	pháiⁿ pî-khì
taiwanese-basic:4264	full	phainnsim	pháiⁿ sim
taiwanese-basic:4264	prefix	phain	pháiⁿ sim
taiwanese-basic:4264	initials	ps	pháiⁿ sim
taiwanese-basic:4146	full	phainnsengte	pháiⁿ sèng-tē
taiwanese-basic:4146	prefix	phainn	pháiⁿ sèng-tē
taiwanese-basic:4146	initials	pst	pháiⁿ sèng-tē
taiwanese-basic:4858	full	phainnthiann	pháiⁿ thiaⁿ
taiwanese-basic:4858	prefix	phainn	pháiⁿ thiaⁿ
taiwanese-basic:4858	initials	pt	pháiⁿ thiaⁿ
taiwanese-basic:4847	full	phainnthinn	pháiⁿ thiⁿ
taiwanese-basic:4847	prefix	phainn	pháiⁿ thiⁿ
taiwanese-basic:4847	initials	pt	pháiⁿ thiⁿ
taiwanese-basic:5412	full	phainnun	pháiⁿ ūn
taiwanese-basic:5412	prefix	phai	pháiⁿ ūn
taiwanese-basic:5412	initials	pu	pháiⁿ ūn
taiwanese-basic:2723	full	phainnkhun	pháiⁿ-khùn
taiwanese-basic:2723	prefix	phain	pháiⁿ-khùn
taiwanese-basic:2723	initials	pk	pháiⁿ-khùn
taiwanese-basic:4096	full	phainnse	pháiⁿ-sè
taiwanese-basic:4096	prefix	phai	pháiⁿ-sè
taiwanese-basic:4096	initials	ps	pháiⁿ-sè
taiwanese-basic:3752	full	phang	phâng
taiwanese-basic:3752	prefix	pha	phâng
taiwanese-basic:3752	initials	p	phâng
taiwanese-basic:3761	full	phengko	phêng-kó
taiwanese-basic:3761	prefix	phen	phêng-kó
taiwanese-basic:3761	initials	pk	phêng-kó
taiwanese-basic:3836	full	phichitele	phí chit ê lē
taiwanese-basic:3836	prefix	phich	phí chit ê lē
taiwanese-basic:3836	initials	pcel	phí chit ê lē
taiwanese-basic:3209	full	phichitele	phí chi̍t ê lē
taiwanese-basic:3209	prefix	phich	phí chi̍t ê lē
taiwanese-basic:3209	initials	pcel	phí chi̍t ê lē
taiwanese-basic:3764	full	phijukong	phí-jū kóng
taiwanese-basic:3764	prefix	phiju	phí-jū kóng
taiwanese-basic:3764	initials	pjk	phí-jū kóng
taiwanese-basic:3777	full	phinchit	phín-chit
taiwanese-basic:3777	prefix	phin	phín-chit
taiwanese-basic:3777	initials	pc	phín-chit
taiwanese-basic:3774	full	phinheng	phín-hēng
taiwanese-basic:3774	prefix	phin	phín-hēng
taiwanese-basic:3774	initials	ph	phín-hēng
taiwanese-basic:3775	full	phinhengho	phín-hēng hó
taiwanese-basic:3775	prefix	phinh	phín-hēng hó
taiwanese-basic:3775	initials	phh	phín-hēng hó
taiwanese-basic:3776	full	phinhengphainn	phín-hēng pháiⁿ
taiwanese-basic:3776	prefix	phinhen	phín-hēng pháiⁿ
taiwanese-basic:3776	initials	php	phín-hēng pháiⁿ
taiwanese-basic:3839	full	phi	phî
taiwanese-basic:3839	prefix	ph	phî
taiwanese-basic:3839	initials	p	phî
taiwanese-basic:3840	full	phikhi	phî-khì
taiwanese-basic:3840	prefix	phi	phî-khì
taiwanese-basic:3840	initials	pk	phî-khì
taiwanese-basic:2969	full	phinnookoan	phîⁿ-ô͘ koān
taiwanese-basic:2969	prefix	phinno	phîⁿ-ô͘ koān
taiwanese-basic:2969	initials	pok	phîⁿ-ô͘ koān
taiwanese-basic:3802	full	phoa	phòa
taiwanese-basic:3802	prefix	ph	phòa
taiwanese-basic:3802	initials	p	phòa
taiwanese-basic:3806	full	phoachha	phòa chhâ
taiwanese-basic:3806	prefix	phoa	phòa chhâ
taiwanese-basic:3806	initials	pc	phòa chhâ
taiwanese-basic:3847	full	phoapinn	phòa pīⁿ
taiwanese-basic:3847	prefix	phoa	phòa pīⁿ
taiwanese-basic:3847	initials	pp	phòa pīⁿ
taiwanese-basic:3804	full	phoakhui	phòa-khui
taiwanese-basic:3804	prefix	phoa	phòa-khui
taiwanese-basic:3804	initials	pk	phòa-khui
taiwanese-basic:3803	full	phoakhi	phòa-khì
taiwanese-basic:3803	prefix	phoa	phòa-khì
taiwanese-basic:3803	initials	pk	phòa-khì
taiwanese-basic:3689	full	phoapenn	phòa-pēⁿ
taiwanese-basic:3689	prefix	phoa	phòa-pēⁿ
taiwanese-basic:3689	initials	pp	phòa-pēⁿ
taiwanese-basic:3801	full	phoapinn	phòa-pīⁿ
taiwanese-basic:3801	prefix	phoa	phòa-pīⁿ
taiwanese-basic:3801	initials	pp	phòa-pīⁿ
taiwanese-basic:3812	full	phoe	phòe
taiwanese-basic:3812	prefix	ph	phòe
taiwanese-basic:3812	initials	p	phòe
taiwanese-basic:3815	full	phoechhai	phòe-chhài
taiwanese-basic:3815	prefix	phoec	phòe-chhài
taiwanese-basic:3815	initials	pc	phòe-chhài
taiwanese-basic:3816	full	phoekip	phòe-kip
taiwanese-basic:3816	prefix	phoe	phòe-kip
taiwanese-basic:3816	initials	pk	phòe-kip
taiwanese-basic:3827	full	phongi	phòng-í
taiwanese-basic:3827	prefix	pho	phòng-í
taiwanese-basic:3827	initials	pi	phòng-í
taiwanese-basic:3793	full	phoo	phò͘
taiwanese-basic:3793	prefix	ph	phò͘
taiwanese-basic:3793	initials	p	phò͘
taiwanese-basic:3800	full	phoosan	phò͘-sán
taiwanese-basic:3800	prefix	phoo	phò͘-sán
taiwanese-basic:3800	initials	ps	phò͘-sán
taiwanese-basic:3798	full	phoothianha	phó͘ thian-hā
taiwanese-basic:3798	prefix	phooth	phó͘ thian-hā
taiwanese-basic:3798	initials	pth	phó͘ thian-hā
taiwanese-basic:3798	full	phoothinne	phó͘ thiⁿ ē
taiwanese-basic:3798	prefix	phoot	phó͘ thiⁿ ē
taiwanese-basic:3798	initials	pte	phó͘ thiⁿ ē
taiwanese-basic:3799	full	phoophian	phó͘-phiàn
taiwanese-basic:3799	prefix	phoop	phó͘-phiàn
taiwanese-basic:3799	initials	pp	phó͘-phiàn
taiwanese-basic:3795	full	phoothong	phó͘-thong
taiwanese-basic:3795	prefix	phoot	phó͘-thong
taiwanese-basic:3795	initials	pt	phó͘-thong
taiwanese-basic:3797	full	phoothongchhia	phó͘-thong chhia
taiwanese-basic:3797	prefix	phootho	phó͘-thong chhia
taiwanese-basic:3797	initials	ptc	phó͘-thong chhia
taiwanese-basic:3796	full	phoothongpian	phó͘-thong piān
taiwanese-basic:3796	prefix	phootho	phó͘-thong piān
taiwanese-basic:3796	initials	ptp	phó͘-thong piān
taiwanese-basic:3829	full	photo	phô-tô
taiwanese-basic:3829	prefix	pho	phô-tô
taiwanese-basic:3829	initials	pt	phô-tô
taiwanese-basic:3831	full	photokoann	phô-tô koaⁿ
taiwanese-basic:3831	prefix	photo	phô-tô koaⁿ
taiwanese-basic:3831	initials	ptk	phô-tô koaⁿ
taiwanese-basic:3830	full	photothiu	phô-tô thiú
taiwanese-basic:3830	prefix	photo	phô-tô thiú
taiwanese-basic:3830	initials	ptt	phô-tô thiú
taiwanese-basic:3817	full	phoe	phôe
taiwanese-basic:3817	prefix	ph	phôe
taiwanese-basic:3817	initials	p	phôe
taiwanese-basic:3819	full	phoetoa	phôe-tòa
taiwanese-basic:3819	prefix	phoe	phôe-tòa
taiwanese-basic:3819	initials	pt	phôe-tòa
taiwanese-basic:629	full	phui	phùi
taiwanese-basic:629	prefix	ph	phùi
taiwanese-basic:629	initials	p	phùi
taiwanese-basic:3558	full	phuichhuinoa	phùi chhùi-nōa
taiwanese-basic:3558	prefix	phuich	phùi chhùi-nōa
taiwanese-basic:3558	initials	pcn	phùi chhùi-nōa
taiwanese-basic:3832	full	phu	phû
taiwanese-basic:3832	prefix	ph	phû
taiwanese-basic:3832	initials	p	phû
taiwanese-basic:3833	full	phuchui	phû-chúi
taiwanese-basic:3833	prefix	phuc	phû-chúi
taiwanese-basic:3833	initials	pc	phû-chúi
taiwanese-basic:3829	full	phuto	phû-tô
taiwanese-basic:3829	prefix	phu	phû-tô
taiwanese-basic:3829	initials	pt	phû-tô
taiwanese-basic:3831	full	phutokoann	phû-tô koaⁿ
taiwanese-basic:3831	prefix	phuto	phû-tô koaⁿ
taiwanese-basic:3831	initials	ptk	phû-tô koaⁿ
taiwanese-basic:4818	full	phainn	phāiⁿ
taiwanese-basic:4818	prefix	pha	phāiⁿ
taiwanese-basic:4818	initials	p	phāiⁿ
taiwanese-basic:3768	full	phinn	phīⁿ
taiwanese-basic:3768	prefix	phi	phīⁿ
taiwanese-basic:3768	initials	p	phīⁿ
taiwanese-basic:144	full	phinnkhoannbai	phīⁿ khòaⁿ bāi
taiwanese-basic:144	prefix	phinnkh	phīⁿ khòaⁿ bāi
taiwanese-basic:144	initials	pkb	phīⁿ khòaⁿ bāi
taiwanese-basic:3769	full	phinnkhoannbaike	phīⁿ khòaⁿ-bāi-kè
taiwanese-basic:3769	prefix	phinnkho	phīⁿ khòaⁿ-bāi-kè
taiwanese-basic:3769	initials	pkbk	phīⁿ khòaⁿ-bāi-kè
taiwanese-basic:4053	full	phinnsai	phīⁿ sái
taiwanese-basic:4053	prefix	phin	phīⁿ sái
taiwanese-basic:4053	initials	ps	phīⁿ sái
taiwanese-basic:2512	full	phinnkhang	phīⁿ-khang
taiwanese-basic:2512	prefix	phinn	phīⁿ-khang
taiwanese-basic:2512	initials	pk	phīⁿ-khang
taiwanese-basic:3789	full	pho	phō
taiwanese-basic:3789	prefix	ph	phō
taiwanese-basic:3789	initials	p	phō
taiwanese-basic:3961	full	phoann	phōaⁿ
taiwanese-basic:3961	prefix	pho	phōaⁿ
taiwanese-basic:3961	initials	p	phōaⁿ
taiwanese-basic:3821	full	phoe	phōe
taiwanese-basic:3821	prefix	ph	phōe
taiwanese-basic:3821	initials	p	phōe
taiwanese-basic:5308	full	phoetoann	phōe-toaⁿ
taiwanese-basic:5308	prefix	phoet	phōe-toaⁿ
taiwanese-basic:5308	initials	pt	phōe-toaⁿ
taiwanese-basic:3790	full	phooa	phō͘-á
taiwanese-basic:3790	prefix	pho	phō͘-á
taiwanese-basic:3790	initials	pa	phō͘-á
taiwanese-basic:3828	full	phu	phū
taiwanese-basic:3828	prefix	ph	phū
taiwanese-basic:3828	initials	p	phū
taiwanese-basic:3858	full	piah	piah
taiwanese-basic:3858	prefix	pi	piah
taiwanese-basic:3858	initials	p	piah
taiwanese-basic:3874	full	pih	pih
taiwanese-basic:3874	prefix	pi	pih
taiwanese-basic:3874	initials	p	pih
taiwanese-basic:3892	full	pit	pit
taiwanese-basic:3892	prefix	pi	pit
taiwanese-basic:3892	initials	p	pit
taiwanese-basic:3851	full	pian	piàn
taiwanese-basic:3851	prefix	pi	piàn
taiwanese-basic:3851	initials	p	piàn
taiwanese-basic:3854	full	piann	piàⁿ
taiwanese-basic:3854	prefix	pia	piàⁿ
taiwanese-basic:3854	initials	p	piàⁿ
taiwanese-basic:3855	full	piannsau	piàⁿ sàu
taiwanese-basic:3855	prefix	pian	piàⁿ sàu
taiwanese-basic:3855	initials	ps	piàⁿ sàu
taiwanese-basic:3856	full	piannsi	piàⁿ-sì
taiwanese-basic:3856	prefix	pian	piàⁿ-sì
taiwanese-basic:3856	initials	ps	piàⁿ-sì
taiwanese-basic:3866	full	pian	pián
taiwanese-basic:3866	prefix	pi	pián
taiwanese-basic:3866	initials	p	pián
taiwanese-basic:3869	full	piauchimoe	piáu chí-mōe
taiwanese-basic:3869	prefix	piauc	piáu chí-mōe
taiwanese-basic:3869	initials	pcm	piáu chí-mōe
taiwanese-basic:3868	full	piauhiannti	piáu hiaⁿ-tī
taiwanese-basic:3868	prefix	piauhi	piáu hiaⁿ-tī
taiwanese-basic:3868	initials	pht	piáu hiaⁿ-tī
taiwanese-basic:2433	full	piaukengi	piáu kèng-ì
taiwanese-basic:2433	prefix	piauk	piáu kèng-ì
taiwanese-basic:2433	initials	pki	piáu kèng-ì
taiwanese-basic:3870	full	piaubeng	piáu-bêng
taiwanese-basic:3870	prefix	piau	piáu-bêng
taiwanese-basic:3870	initials	pb	piáu-bêng
taiwanese-basic:3871	full	piauiunn	piáu-iūⁿ
taiwanese-basic:3871	prefix	piau	piáu-iūⁿ
taiwanese-basic:3871	initials	pi	piáu-iūⁿ
taiwanese-basic:3870	full	piausi	piáu-sī
taiwanese-basic:3870	prefix	pia	piáu-sī
taiwanese-basic:3870	initials	ps	piáu-sī
taiwanese-basic:3852	full	piann	piáⁿ
taiwanese-basic:3852	prefix	pia	piáⁿ
taiwanese-basic:3852	initials	p	piáⁿ
taiwanese-basic:5082	full	pianntiam	piáⁿ-tiàm
taiwanese-basic:5082	prefix	piann	piáⁿ-tiàm
taiwanese-basic:5082	initials	pt	piáⁿ-tiàm
taiwanese-basic:3883	full	pio	pió
taiwanese-basic:3883	prefix	pi	pió
taiwanese-basic:3883	initials	p	pió
taiwanese-basic:3865	full	pian	piān
taiwanese-basic:3865	prefix	pi	piān
taiwanese-basic:3865	initials	p	piān
taiwanese-basic:3863	full	pianchhai	piān-chhài
taiwanese-basic:3863	prefix	pianc	piān-chhài
taiwanese-basic:3863	initials	pc	piān-chhài
taiwanese-basic:3865	full	pianpian	piān-piān
taiwanese-basic:3865	prefix	pian	piān-piān
taiwanese-basic:3865	initials	pp	piān-piān
taiwanese-basic:3862	full	piansoo	piān-só͘
taiwanese-basic:3862	prefix	pian	piān-só͘
taiwanese-basic:3862	initials	ps	piān-só͘
taiwanese-basic:3867	full	piantong	piān-tong
taiwanese-basic:3867	prefix	pian	piān-tong
taiwanese-basic:3867	initials	pt	piān-tong
taiwanese-basic:3889	full	pitgiap	pi̍t-gia̍p
taiwanese-basic:3889	prefix	pitg	pi̍t-gia̍p
taiwanese-basic:3889	initials	pg	pi̍t-gia̍p
taiwanese-basic:3891	full	pitgiapkho	pi̍t-gia̍p khó
taiwanese-basic:3891	prefix	pitgi	pi̍t-gia̍p khó
taiwanese-basic:3891	initials	pgk	pi̍t-gia̍p khó
taiwanese-basic:3890	full	pitgiapsek	pi̍t-gia̍p sek
taiwanese-basic:3890	prefix	pitgi	pi̍t-gia̍p sek
taiwanese-basic:3890	initials	pgs	pi̍t-gia̍p sek
taiwanese-basic:3890	full	pitgiaptianle	pi̍t-gia̍p tian-lé
taiwanese-basic:3890	prefix	pitgiap	pi̍t-gia̍p tian-lé
taiwanese-basic:3890	initials	pgtl	pi̍t-gia̍p tian-lé
taiwanese-basic:3843	full	pinn	piⁿ
taiwanese-basic:3843	prefix	pi	piⁿ
taiwanese-basic:3843	initials	p	piⁿ
taiwanese-basic:3896	full	png	pn̄g
taiwanese-basic:3896	prefix	pn	pn̄g
taiwanese-basic:3896	initials	p	pn̄g
taiwanese-basic:3902	full	pngthang	pn̄g tháng
taiwanese-basic:3902	prefix	pngt	pn̄g tháng
taiwanese-basic:3902	initials	pt	pn̄g tháng
taiwanese-basic:5083	full	pngtiam	pn̄g tiàm
taiwanese-basic:5083	prefix	pngt	pn̄g tiàm
taiwanese-basic:5083	initials	pt	pn̄g tiàm
taiwanese-basic:3899	full	pngoann	pn̄g óaⁿ
taiwanese-basic:3899	prefix	pngo	pn̄g óaⁿ
taiwanese-basic:3899	initials	po	pn̄g óaⁿ
taiwanese-basic:3574	full	pngoann	pn̄g-óaⁿ
taiwanese-basic:3574	prefix	pngo	pn̄g-óaⁿ
taiwanese-basic:3574	initials	po	pn̄g-óaⁿ
taiwanese-basic:3913	full	po	po
taiwanese-basic:3913	prefix	p	po
taiwanese-basic:3913	initials	p	po
taiwanese-basic:3906	full	poho	po-hò
taiwanese-basic:3906	prefix	po	po-hò
taiwanese-basic:3906	initials	ph	po-hò
taiwanese-basic:3908	full	pohoiu	po-hò iû
taiwanese-basic:3908	prefix	poh	po-hò iû
taiwanese-basic:3908	initials	phi	po-hò iû
taiwanese-basic:3907	full	pohothng	po-hò thn̂g
taiwanese-basic:3907	prefix	poho	po-hò thn̂g
taiwanese-basic:3907	initials	pht	po-hò thn̂g
taiwanese-basic:3945	full	poah	poa̍h
taiwanese-basic:3945	prefix	po	poa̍h
taiwanese-basic:3945	initials	p	poa̍h
taiwanese-basic:3947	full	poahkiau	poa̍h--kiáu
taiwanese-basic:3947	prefix	poah	poa̍h--kiáu
taiwanese-basic:3947	initials	pk	poa̍h--kiáu
taiwanese-basic:3948	full	poahlohbe	poa̍h-lo̍h-bé
taiwanese-basic:3948	prefix	poahl	poa̍h-lo̍h-bé
taiwanese-basic:3948	initials	plb	poa̍h-lo̍h-bé
taiwanese-basic:3946	full	poahto	poa̍h-tò
taiwanese-basic:3946	prefix	poa	poa̍h-tò
taiwanese-basic:3946	initials	pt	poa̍h-tò
taiwanese-basic:3942	full	poann	poaⁿ
taiwanese-basic:3942	prefix	poa	poaⁿ
taiwanese-basic:3942	initials	p	poaⁿ
taiwanese-basic:3943	full	poannchhu	poaⁿ chhù
taiwanese-basic:3943	prefix	poann	poaⁿ chhù
taiwanese-basic:3943	initials	pc	poaⁿ chhù
taiwanese-basic:3952	full	poe	poe
taiwanese-basic:3952	prefix	po	poe
taiwanese-basic:3952	initials	p	poe
taiwanese-basic:3966	full	poelengachhai	poe-lêng-á-chhài
taiwanese-basic:3966	prefix	poeleng	poe-lêng-á-chhài
taiwanese-basic:3966	initials	plac	poe-lêng-á-chhài
taiwanese-basic:3969	full	poh	po̍h
taiwanese-basic:3969	prefix	po	po̍h
taiwanese-basic:3969	initials	p	po̍h
taiwanese-basic:3970	full	pohle	po̍h-lé
taiwanese-basic:3970	prefix	poh	po̍h-lé
taiwanese-basic:3970	initials	pl	po̍h-lé
taiwanese-basic:3971	full	pohsia	po̍h-siā
taiwanese-basic:3971	prefix	poh	po̍h-siā
taiwanese-basic:3971	initials	ps	po̍h-siā
taiwanese-basic:443	full	pokkek	po̍k-ke̍k
taiwanese-basic:443	prefix	pok	po̍k-ke̍k
taiwanese-basic:443	initials	pk	po̍k-ke̍k
taiwanese-basic:3922	full	poo	po͘
taiwanese-basic:3922	prefix	po	po͘
taiwanese-basic:3922	initials	p	po͘
taiwanese-basic:3923	full	pooli	po͘-lí
taiwanese-basic:3923	prefix	poo	po͘-lí
taiwanese-basic:3923	initials	pl	po͘-lí
taiwanese-basic:3997	full	pun	pun
taiwanese-basic:3997	prefix	pu	pun
taiwanese-basic:3997	initials	p	pun
taiwanese-basic:3998	full	pungulenghun	pun gû-leng-hún
taiwanese-basic:3998	prefix	pungul	pun gû-leng-hún
taiwanese-basic:3998	initials	pglh	pun gû-leng-hún
taiwanese-basic:3999	full	punsann	pun saⁿ
taiwanese-basic:3999	prefix	puns	pun saⁿ
taiwanese-basic:3999	initials	ps	pun saⁿ
taiwanese-basic:3991	full	punsengtng	pun sèng-tn̂g
taiwanese-basic:3991	prefix	punse	pun sèng-tn̂g
taiwanese-basic:3991	initials	pst	pun sèng-tn̂g
taiwanese-basic:4003	full	put	put
taiwanese-basic:4003	prefix	pu	put
taiwanese-basic:4003	initials	p	put
taiwanese-basic:4015	full	puthapli	put ha̍p-lí
taiwanese-basic:4015	prefix	puth	put ha̍p-lí
taiwanese-basic:4015	initials	phl	put ha̍p-lí
taiwanese-basic:4013	full	putan	put-an
taiwanese-basic:4013	prefix	put	put-an
taiwanese-basic:4013	initials	pa	put-an
taiwanese-basic:4010	full	putboan	put-boán
taiwanese-basic:4010	prefix	putb	put-boán
taiwanese-basic:4010	initials	pb	put-boán
taiwanese-basic:4011	full	putbeng	put-bêng
taiwanese-basic:4011	prefix	putb	put-bêng
taiwanese-basic:4011	initials	pb	put-bêng
taiwanese-basic:4012	full	putcheng	put-chèng
taiwanese-basic:4012	prefix	putc	put-chèng
taiwanese-basic:4012	initials	pc	put-chèng
taiwanese-basic:4007	full	putchi	put-chí
taiwanese-basic:4007	prefix	put	put-chí
taiwanese-basic:4007	initials	pc	put-chí
taiwanese-basic:39	full	putchiai	put-chí-ài
taiwanese-basic:39	prefix	putc	put-chí-ài
taiwanese-basic:39	initials	pca	put-chí-ài
taiwanese-basic:1528	full	puthau	put-hàu
taiwanese-basic:1528	prefix	put	put-hàu
taiwanese-basic:1528	initials	ph	put-hàu
taiwanese-basic:4009	full	putheng	put-hēng
taiwanese-basic:4009	prefix	puth	put-hēng
taiwanese-basic:4009	initials	ph	put-hēng
taiwanese-basic:4016	full	putkholeng	put-khó-lêng
taiwanese-basic:4016	prefix	putkh	put-khó-lêng
taiwanese-basic:4016	initials	pkl	put-khó-lêng
taiwanese-basic:4018	full	putko	put-kò
taiwanese-basic:4018	prefix	put	put-kò
taiwanese-basic:4018	initials	pk	put-kò
taiwanese-basic:4014	full	putpian	put-piān
taiwanese-basic:4014	prefix	putp	put-piān
taiwanese-basic:4014	initials	pp	put-piān
taiwanese-basic:4005	full	putpeng	put-pêng
taiwanese-basic:4005	prefix	putp	put-pêng
taiwanese-basic:4005	initials	pp	put-pêng
taiwanese-basic:4017	full	putsi	put-sî
taiwanese-basic:4017	prefix	put	put-sî
taiwanese-basic:4017	initials	ps	put-sî
taiwanese-basic:4019	full	putteki	put-tek-í
taiwanese-basic:4019	prefix	putt	put-tek-í
taiwanese-basic:4019	initials	pti	put-tek-í
taiwanese-basic:4020	full	putla	pu̍t-lá
taiwanese-basic:4020	prefix	put	pu̍t-lá
taiwanese-basic:4020	initials	pl	pu̍t-lá
taiwanese-basic:3625	full	pa	pà
taiwanese-basic:3625	prefix	p	pà
taiwanese-basic:3625	initials	p	pà
taiwanese-basic:3636	full	pai	pài
taiwanese-basic:3636	prefix	pa	pài
taiwanese-basic:3636	initials	p	pài
taiwanese-basic:3463	full	paimookui	pài mô͘-kúi
taiwanese-basic:3463	prefix	paimo	pài mô͘-kúi
taiwanese-basic:3463	initials	pmk	pài mô͘-kúi
taiwanese-basic:3509	full	paingoosiong	pài ngó͘-siōng
taiwanese-basic:3509	prefix	paingo	pài ngó͘-siōng
taiwanese-basic:3509	initials	pns	pài ngó͘-siōng
taiwanese-basic:3637	full	paithianchu	pài thian-chú
taiwanese-basic:3637	prefix	paithi	pài thian-chú
taiwanese-basic:3637	initials	ptc	pài thian-chú
taiwanese-basic:3644	full	paihau	pài-hāu
taiwanese-basic:3644	prefix	pai	pài-hāu
taiwanese-basic:3644	initials	ph	pài-hāu
taiwanese-basic:3635	full	paithok	pài-thok
taiwanese-basic:3635	prefix	pait	pài-thok
taiwanese-basic:3635	initials	pt	pài-thok
taiwanese-basic:3656	full	pang	pàng
taiwanese-basic:3656	prefix	pa	pàng
taiwanese-basic:3656	initials	p	pàng
taiwanese-basic:1790	full	panghongchhoe	pàng hong-chhoe
taiwanese-basic:1790	prefix	panghon	pàng hong-chhoe
taiwanese-basic:1790	initials	phc	pàng hong-chhoe
taiwanese-basic:1936	full	pangianhoe	pàng ian-hóe
taiwanese-basic:1936	prefix	pangi	pàng ian-hóe
taiwanese-basic:1936	initials	pih	pàng ian-hóe
taiwanese-basic:3759	full	pangphaua	pàng phàu-á
taiwanese-basic:3759	prefix	pangp	pàng phàu-á
taiwanese-basic:3759	initials	ppa	pàng phàu-á
taiwanese-basic:4047	full	pangsai	pàng sái
taiwanese-basic:4047	prefix	pang	pàng sái
taiwanese-basic:4047	initials	ps	pàng sái
taiwanese-basic:3661	full	pangchhiu	pàng-chhiú
taiwanese-basic:3661	prefix	pangc	pàng-chhiú
taiwanese-basic:3661	initials	pc	pàng-chhiú
taiwanese-basic:2147	full	pangjio	pàng-jiō
taiwanese-basic:2147	prefix	pang	pàng-jiō
taiwanese-basic:2147	initials	pj	pàng-jiō
taiwanese-basic:3657	full	pangoh	pàng-o̍h
taiwanese-basic:3657	prefix	pan	pàng-o̍h
taiwanese-basic:3657	initials	po	pàng-o̍h
taiwanese-basic:3658	full	pangphui	pàng-phùi
taiwanese-basic:3658	prefix	pang	pàng-phùi
taiwanese-basic:3658	initials	pp	pàng-phùi
taiwanese-basic:3659	full	pangsai	pàng-sái
taiwanese-basic:3659	prefix	pang	pàng-sái
taiwanese-basic:3659	initials	ps	pàng-sái
taiwanese-basic:3618	full	pa	pá
taiwanese-basic:3618	prefix	p	pá
taiwanese-basic:3618	initials	p	pá
taiwanese-basic:3626	full	pai	pái
taiwanese-basic:3626	prefix	pa	pái
taiwanese-basic:3626	initials	p	pái
taiwanese-basic:3634	full	paikha	pái-kha
taiwanese-basic:3634	prefix	pai	pái-kha
taiwanese-basic:3634	initials	pk	pái-kha
taiwanese-basic:3641	full	pai	pâi
taiwanese-basic:3641	prefix	pa	pâi
taiwanese-basic:3641	initials	p	pâi
taiwanese-basic:3642	full	paikut	pâi kut
taiwanese-basic:3642	prefix	pai	pâi kut
taiwanese-basic:3642	initials	pk	pâi kut
taiwanese-basic:3643	full	paikiu	pâi-kiû
taiwanese-basic:3643	prefix	pai	pâi-kiû
taiwanese-basic:3643	initials	pk	pâi-kiû
taiwanese-basic:3645	full	paithek	pâi-thek
taiwanese-basic:3645	prefix	pait	pâi-thek
taiwanese-basic:3645	initials	pt	pâi-thek
taiwanese-basic:3665	full	pangkeng	pâng-keng
taiwanese-basic:3665	prefix	pang	pâng-keng
taiwanese-basic:3665	initials	pk	pâng-keng
taiwanese-basic:2858	full	pangkiu	pâng-kiû
taiwanese-basic:2858	prefix	pang	pâng-kiû
taiwanese-basic:2858	initials	pk	pâng-kiû
taiwanese-basic:5358	full	pangkiutui	pâng-kiû tūi
taiwanese-basic:5358	prefix	pangk	pâng-kiû tūi
taiwanese-basic:5358	initials	pkt	pâng-kiû tūi
taiwanese-basic:3683	full	pe	pé
taiwanese-basic:3683	prefix	p	pé
taiwanese-basic:3683	initials	p	pé
taiwanese-basic:3718	full	peng	péng
taiwanese-basic:3718	prefix	pe	péng
taiwanese-basic:3718	initials	p	péng
taiwanese-basic:3682	full	pe	pê
taiwanese-basic:3682	prefix	p	pê
taiwanese-basic:3682	initials	p	pê
taiwanese-basic:3704	full	peng	pêng
taiwanese-basic:3704	prefix	pe	pêng
taiwanese-basic:3704	initials	p	pêng
taiwanese-basic:3711	full	pengan	pêng-an
taiwanese-basic:3711	prefix	pen	pêng-an
taiwanese-basic:3711	initials	pa	pêng-an
taiwanese-basic:3710	full	pengiu	pêng-iú
taiwanese-basic:3710	prefix	pen	pêng-iú
taiwanese-basic:3710	initials	pi	pêng-iú
taiwanese-basic:3719	full	pengkin	pêng-kin
taiwanese-basic:3719	prefix	peng	pêng-kin
taiwanese-basic:3719	initials	pk	pêng-kin
taiwanese-basic:3709	full	pengsiong	pêng-siông
taiwanese-basic:3709	prefix	pengs	pêng-siông
taiwanese-basic:3709	initials	ps	pêng-siông
taiwanese-basic:3685	full	penn	pêⁿ
taiwanese-basic:3685	prefix	pe	pêⁿ
taiwanese-basic:3685	initials	p	pêⁿ
taiwanese-basic:3687	full	pennpenn	pêⁿ-pêⁿ
taiwanese-basic:3687	prefix	penn	pêⁿ-pêⁿ
taiwanese-basic:3687	initials	pp	pêⁿ-pêⁿ
taiwanese-basic:3842	full	pibit	pì-bi̍t
taiwanese-basic:3842	prefix	pib	pì-bi̍t
taiwanese-basic:3842	initials	pb	pì-bi̍t
taiwanese-basic:3851	full	pinn	pìⁿ
taiwanese-basic:3851	prefix	pi	pìⁿ
taiwanese-basic:3851	initials	p	pìⁿ
taiwanese-basic:3834	full	pi	pí
taiwanese-basic:3834	prefix	p	pí
taiwanese-basic:3834	initials	p	pí
taiwanese-basic:3836	full	pichitele	pí chi̍t ê lē
taiwanese-basic:3836	prefix	pichi	pí chi̍t ê lē
taiwanese-basic:3836	initials	pcel	pí chi̍t ê lē
taiwanese-basic:3764	full	piju	pí-jū
taiwanese-basic:3764	prefix	pi	pí-jū
taiwanese-basic:3764	initials	pj	pí-jū
taiwanese-basic:3835	full	pisai	pí-sài
taiwanese-basic:3835	prefix	pis	pí-sài
taiwanese-basic:3835	initials	ps	pí-sài
taiwanese-basic:3850	full	pinn	píⁿ
taiwanese-basic:3850	prefix	pi	píⁿ
taiwanese-basic:3850	initials	p	píⁿ
taiwanese-basic:3839	full	pi	pî
taiwanese-basic:3839	prefix	p	pî
taiwanese-basic:3839	initials	p	pî
taiwanese-basic:3840	full	pikhi	pî-khì
taiwanese-basic:3840	prefix	pik	pî-khì
taiwanese-basic:3840	initials	pk	pî-khì
taiwanese-basic:3879	full	pinki	pîn-kì
taiwanese-basic:3879	prefix	pin	pîn-kì
taiwanese-basic:3879	initials	pk	pîn-kì
taiwanese-basic:2968	full	pintongkoan	pîn-tong koān
taiwanese-basic:2968	prefix	pinton	pîn-tong koān
taiwanese-basic:2968	initials	ptk	pîn-tong koān
taiwanese-basic:3845	full	pinnpinn	pîⁿ-pîⁿ
taiwanese-basic:3845	prefix	pinn	pîⁿ-pîⁿ
taiwanese-basic:3845	initials	pp	pîⁿ-pîⁿ
taiwanese-basic:3703	full	pinnpinnpinn	pîⁿ-pîⁿ-pîⁿ
taiwanese-basic:3703	prefix	pinnpi	pîⁿ-pîⁿ-pîⁿ
taiwanese-basic:3703	initials	ppp	pîⁿ-pîⁿ-pîⁿ
taiwanese-basic:1159	full	pochoa	pò-chóa
taiwanese-basic:1159	prefix	poc	pò-chóa
taiwanese-basic:1159	initials	pc	pò-chóa
taiwanese-basic:3909	full	poko	pò-kò
taiwanese-basic:3909	prefix	po	pò-kò
taiwanese-basic:3909	initials	pk	pò-kò
taiwanese-basic:3930	full	poann	pòaⁿ
taiwanese-basic:3930	prefix	poa	pòaⁿ
taiwanese-basic:3930	initials	p	pòaⁿ
taiwanese-basic:3938	full	poannchhinnsek	pòaⁿ chhiⁿ-sek
taiwanese-basic:3938	prefix	poannch	pòaⁿ chhiⁿ-sek
taiwanese-basic:3938	initials	pcs	pòaⁿ chhiⁿ-sek
taiwanese-basic:3933	full	poannchiah	pòaⁿ chiah
taiwanese-basic:3933	prefix	poann	pòaⁿ chiah
taiwanese-basic:3933	initials	pc	pòaⁿ chiah
taiwanese-basic:3934	full	poannki	pòaⁿ ki
taiwanese-basic:3934	prefix	poan	pòaⁿ ki
taiwanese-basic:3934	initials	pk	pòaⁿ ki
taiwanese-basic:3939	full	poannme	pòaⁿ mê
taiwanese-basic:3939	prefix	poan	pòaⁿ mê
taiwanese-basic:3939	initials	pm	pòaⁿ mê
taiwanese-basic:3939	full	poannmi	pòaⁿ mî
taiwanese-basic:3939	prefix	poan	pòaⁿ mî
taiwanese-basic:3939	initials	pm	pòaⁿ mî
taiwanese-basic:3058	full	poannniku	pòaⁿ nî kú
taiwanese-basic:3058	prefix	poann	pòaⁿ nî kú
taiwanese-basic:3058	initials	pnk	pòaⁿ nî kú
taiwanese-basic:4102	full	poannthsinnsek	pòaⁿ thsiⁿ se̍k
taiwanese-basic:4102	prefix	poannth	pòaⁿ thsiⁿ se̍k
taiwanese-basic:4102	initials	pts	pòaⁿ thsiⁿ se̍k
taiwanese-basic:3975	full	pong	pòng
taiwanese-basic:3975	prefix	po	pòng
taiwanese-basic:3975	initials	p	pòng
taiwanese-basic:3914	full	poo	pò͘
taiwanese-basic:3914	prefix	po	pò͘
taiwanese-basic:3914	initials	p	pò͘
taiwanese-basic:3921	full	poochhan	pò͘ chhân
taiwanese-basic:3921	prefix	pooc	pò͘ chhân
taiwanese-basic:3921	initials	pc	pò͘ chhân
taiwanese-basic:3920	full	pootiua	pò͘ tiū-á
taiwanese-basic:3920	prefix	poot	pò͘ tiū-á
taiwanese-basic:3920	initials	pta	pò͘ tiū-á
taiwanese-basic:605	full	poochhang	pò͘-chhâng
taiwanese-basic:605	prefix	pooch	pò͘-chhâng
taiwanese-basic:605	initials	pc	pò͘-chhâng
taiwanese-basic:3904	full	pocheng	pó-chèng
taiwanese-basic:3904	prefix	poch	pó-chèng
taiwanese-basic:3904	initials	pc	pó-chèng
taiwanese-basic:3910	full	pohoo	pó-hō͘
taiwanese-basic:3910	prefix	poh	pó-hō͘
taiwanese-basic:3910	initials	ph	pó-hō͘
taiwanese-basic:3911	full	poiu	pó-iū
taiwanese-basic:3911	prefix	po	pó-iū
taiwanese-basic:3911	initials	pi	pó-iū
taiwanese-basic:3905	full	posiusoo	pó-siú-só͘
taiwanese-basic:3905	prefix	posi	pó-siú-só͘
taiwanese-basic:3905	initials	pss	pó-siú-só͘
taiwanese-basic:3916	full	poo	pó͘
taiwanese-basic:3916	prefix	po	pó͘
taiwanese-basic:3916	initials	p	pó͘
taiwanese-basic:3917	full	poosann	pó͘-saⁿ
taiwanese-basic:3917	prefix	poos	pó͘-saⁿ
taiwanese-basic:3917	initials	ps	pó͘-saⁿ
taiwanese-basic:3924	full	poosiok	pó͘-sio̍k
taiwanese-basic:3924	prefix	poos	pó͘-sio̍k
taiwanese-basic:3924	initials	ps	pó͘-sio̍k
taiwanese-basic:3918	full	pooe	pó͘-ê
taiwanese-basic:3918	prefix	po	pó͘-ê
taiwanese-basic:3918	initials	pe	pó͘-ê
taiwanese-basic:3956	full	polepoe	pô-lê poe
taiwanese-basic:3956	prefix	pole	pô-lê poe
taiwanese-basic:3956	initials	plp	pô-lê poe
taiwanese-basic:3956	full	poleau	pô-lê-au
taiwanese-basic:3956	prefix	pol	pô-lê-au
taiwanese-basic:3956	initials	pla	pô-lê-au
taiwanese-basic:3940	full	poann	pôaⁿ
taiwanese-basic:3940	prefix	poa	pôaⁿ
taiwanese-basic:3940	initials	p	pôaⁿ
taiwanese-basic:3958	full	poe	pôe
taiwanese-basic:3958	prefix	po	pôe
taiwanese-basic:3958	initials	p	pôe
taiwanese-basic:3881	full	poepin	pôe-pin
taiwanese-basic:3881	prefix	poe	pôe-pin
taiwanese-basic:3881	initials	pp	pôe-pin
taiwanese-basic:3983	full	puia	pùi-á
taiwanese-basic:3983	prefix	pu	pùi-á
taiwanese-basic:3983	initials	pa	pùi-á
taiwanese-basic:4000	full	punso	pùn-sò
taiwanese-basic:4000	prefix	pun	pùn-sò
taiwanese-basic:4000	initials	ps	pùn-sò
taiwanese-basic:4001	full	punsolang	pùn-sò-láng
taiwanese-basic:4001	prefix	punso	pùn-sò-láng
taiwanese-basic:4001	initials	psl	pùn-sò-láng
taiwanese-basic:4002	full	puntau	pùn-táu
taiwanese-basic:4002	prefix	pun	pùn-táu
taiwanese-basic:4002	initials	pt	pùn-táu
taiwanese-basic:3984	full	pun	pún
taiwanese-basic:3984	prefix	pu	pún
taiwanese-basic:3984	initials	p	pún
taiwanese-basic:3989	full	punchhi	pún chhī
taiwanese-basic:3989	prefix	punc	pún chhī
taiwanese-basic:3989	initials	pc	pún chhī
taiwanese-basic:3990	full	punhau	pún hāu
taiwanese-basic:3990	prefix	pun	pún hāu
taiwanese-basic:3990	initials	ph	pún hāu
taiwanese-basic:3987	full	punseng	pún séng
taiwanese-basic:3987	prefix	puns	pún séng
taiwanese-basic:3987	initials	ps	pún séng
taiwanese-basic:3992	full	punchinn	pún-chîⁿ
taiwanese-basic:3992	prefix	punc	pún-chîⁿ
taiwanese-basic:3992	initials	pc	pún-chîⁿ
taiwanese-basic:3128	full	punlai	pún-lâi
taiwanese-basic:3128	prefix	pun	pún-lâi
taiwanese-basic:3128	initials	pl	pún-lâi
taiwanese-basic:3516	full	punni	pún-nî
taiwanese-basic:3516	prefix	pun	pún-nî
taiwanese-basic:3516	initials	pn	pún-nî
taiwanese-basic:3988	full	punsenglang	pún-séng-lâng
taiwanese-basic:3988	prefix	punsen	pún-séng-lâng
taiwanese-basic:3988	initials	psl	pún-séng-lâng
taiwanese-basic:239	full	puntobi	pún-tó bí
taiwanese-basic:239	prefix	punt	pún-tó bí
taiwanese-basic:239	initials	ptb	pún-tó bí
taiwanese-basic:3978	full	pui	pûi
taiwanese-basic:3978	prefix	pu	pûi
taiwanese-basic:3978	initials	p	pûi
taiwanese-basic:4736	full	puithang	pûi tháng
taiwanese-basic:4736	prefix	puit	pûi tháng
taiwanese-basic:4736	initials	pt	pûi tháng
taiwanese-basic:135	full	puibah	pûi-bah
taiwanese-basic:135	prefix	pui	pûi-bah
taiwanese-basic:135	initials	pb	pûi-bah
taiwanese-basic:3981	full	puiliau	pûi-liāu
taiwanese-basic:3981	prefix	puil	pûi-liāu
taiwanese-basic:3981	initials	pl	pûi-liāu
taiwanese-basic:3994	full	pun	pûn
taiwanese-basic:3994	prefix	pu	pûn
taiwanese-basic:3994	initials	p	pûn
taiwanese-basic:2389	full	punkekui	pûn ke-kui
taiwanese-basic:2389	prefix	punk	pûn ke-kui
taiwanese-basic:2389	initials	pkk	pûn ke-kui
taiwanese-basic:3996	full	punhoa	pûn-hoa
taiwanese-basic:3996	prefix	pun	pûn-hoa
taiwanese-basic:3996	initials	ph	pûn-hoa
taiwanese-basic:3995	full	punkekui	pûn-ke-kui
taiwanese-basic:3995	prefix	punk	pûn-ke-kui
taiwanese-basic:3995	initials	pkk	pûn-ke-kui
taiwanese-basic:3996	full	punsit	pûn-sit
taiwanese-basic:3996	prefix	pun	pûn-sit
taiwanese-basic:3996	initials	ps	pûn-sit
taiwanese-basic:2872	full	pankokai	pān kò-kái
taiwanese-basic:2872	prefix	pank	pān kò-kái
taiwanese-basic:2872	initials	pkk	pān kò-kái
taiwanese-basic:3654	full	panli	pān-lí
taiwanese-basic:3654	prefix	pan	pān-lí
taiwanese-basic:3654	initials	pl	pān-lí
taiwanese-basic:3680	full	pebu	pē-bú
taiwanese-basic:3680	prefix	pe	pē-bú
taiwanese-basic:3680	initials	pb	pē-bú
taiwanese-basic:3688	full	penn	pēⁿ
taiwanese-basic:3688	prefix	pe	pēⁿ
taiwanese-basic:3688	initials	p	pēⁿ
taiwanese-basic:3690	full	penninn	pēⁿ-īⁿ
taiwanese-basic:3690	prefix	penn	pēⁿ-īⁿ
taiwanese-basic:3690	initials	pi	pēⁿ-īⁿ
taiwanese-basic:5123	full	piluichiam	pī-lûi-chiam
taiwanese-basic:5123	prefix	pilui	pī-lûi-chiam
taiwanese-basic:5123	initials	plc	pī-lûi-chiam
taiwanese-basic:3837	full	pipan	pī-pān
taiwanese-basic:3837	prefix	pip	pī-pān
taiwanese-basic:3837	initials	pp	pī-pān
taiwanese-basic:3878	full	pintoann	pīn-tōaⁿ
taiwanese-basic:3878	prefix	pint	pīn-tōaⁿ
taiwanese-basic:3878	initials	pt	pīn-tōaⁿ
taiwanese-basic:3688	full	pinn	pīⁿ
taiwanese-basic:3688	prefix	pi	pīⁿ
taiwanese-basic:3688	initials	p	pīⁿ
taiwanese-basic:1189	full	pinnlangechonghong	pīⁿ-lâng ê chōng-hóng
taiwanese-basic:1189	prefix	pinnlange	pīⁿ-lâng ê chōng-hóng
taiwanese-basic:1189	initials	plech	pīⁿ-lâng ê chōng-hóng
taiwanese-basic:3848	full	pinninn	pīⁿ-īⁿ
taiwanese-basic:3848	prefix	pinn	pīⁿ-īⁿ
taiwanese-basic:3848	initials	pi	pīⁿ-īⁿ
taiwanese-basic:3944	full	poann	pōaⁿ
taiwanese-basic:3944	prefix	poa	pōaⁿ
taiwanese-basic:3944	initials	p	pōaⁿ
taiwanese-basic:3963	full	poe	pōe
taiwanese-basic:3963	prefix	po	pōe
taiwanese-basic:3963	initials	p	pōe
taiwanese-basic:3968	full	poekau	pōe-kàu
taiwanese-basic:3968	prefix	poe	pōe-kàu
taiwanese-basic:3968	initials	pk	pōe-kàu
taiwanese-basic:3972	full	pong	pōng
taiwanese-basic:3972	prefix	po	pōng
taiwanese-basic:3972	initials	p	pōng
taiwanese-basic:3976	full	pongkhang	pōng-khang
taiwanese-basic:3976	prefix	pongk	pōng-khang
taiwanese-basic:3976	initials	pk	pōng-khang
taiwanese-basic:5111	full	pongpio	pōng-pió
taiwanese-basic:5111	prefix	pong	pōng-pió
taiwanese-basic:5111	initials	pp	pōng-pió
taiwanese-basic:3974	full	ponga	pōng-á
taiwanese-basic:3974	prefix	pon	pōng-á
taiwanese-basic:3974	initials	pa	pōng-á
taiwanese-basic:3925	full	poo	pō͘
taiwanese-basic:3925	prefix	po	pō͘
taiwanese-basic:3925	initials	p	pō͘
taiwanese-basic:3927	full	pootiau	pō͘-tiau
taiwanese-basic:3927	prefix	poot	pō͘-tiau
taiwanese-basic:3927	initials	pt	pō͘-tiau
taiwanese-basic:3977	full	pu	pū
taiwanese-basic:3977	prefix	p	pū
taiwanese-basic:3977	initials	p	pū
taiwanese-basic:3982	full	pui	pūi
taiwanese-basic:3982	prefix	pu	pūi
taiwanese-basic:3982	initials	p	pūi
taiwanese-basic:4043	full	sai	sai
taiwanese-basic:4043	prefix	sa	sai
taiwanese-basic:4043	initials	s	sai
taiwanese-basic:4044	full	saipakhoo	sai pak hō͘
taiwanese-basic:4044	prefix	saipa	sai pak hō͘
taiwanese-basic:4044	initials	sph	sai pak hō͘
taiwanese-basic:4036	full	saihu	sai-hū
taiwanese-basic:4036	prefix	sai	sai-hū
taiwanese-basic:4036	initials	sh	sai-hū
taiwanese-basic:4058	full	sak	sak
taiwanese-basic:4058	prefix	sa	sak
taiwanese-basic:4058	initials	s	sak
taiwanese-basic:4063	full	sam	sam
taiwanese-basic:4063	prefix	sa	sam
taiwanese-basic:4063	initials	s	sam
taiwanese-basic:4064	full	samchha	sam-chhâ
taiwanese-basic:4064	prefix	samc	sam-chhâ
taiwanese-basic:4064	initials	sc	sam-chhâ
taiwanese-basic:4029	full	samuiitthe	sam-ūi it-thé
taiwanese-basic:4029	prefix	samui	sam-ūi it-thé
taiwanese-basic:4029	initials	suit	sam-ūi it-thé
taiwanese-basic:4073	full	satbo	sat-bó
taiwanese-basic:4073	prefix	sat	sat-bó
taiwanese-basic:4073	initials	sb	sat-bó
taiwanese-basic:4073	full	satbu	sat-bú
taiwanese-basic:4073	prefix	sat	sat-bú
taiwanese-basic:4073	initials	sb	sat-bú
taiwanese-basic:4075	full	satjin	sat-jîn
taiwanese-basic:4075	prefix	sat	sat-jîn
taiwanese-basic:4075	initials	sj	sat-jîn
taiwanese-basic:4076	full	satseng	sat-seng
taiwanese-basic:4076	prefix	sats	sat-seng
taiwanese-basic:4076	initials	ss	sat-seng
taiwanese-basic:4030	full	sah	sa̍h
taiwanese-basic:4030	prefix	sa	sa̍h
taiwanese-basic:4030	initials	s	sa̍h
taiwanese-basic:4031	full	sahkenng	sa̍h ke-nn̄g
taiwanese-basic:4031	prefix	sahk	sa̍h ke-nn̄g
taiwanese-basic:4031	initials	skn	sa̍h ke-nn̄g
taiwanese-basic:2367	full	sahnngliapkenng	sa̍h nn̄g lia̍p ke-nn̄g
taiwanese-basic:2367	prefix	sahnngli	sa̍h nn̄g lia̍p ke-nn̄g
taiwanese-basic:2367	initials	snlkn	sa̍h nn̄g lia̍p ke-nn̄g
taiwanese-basic:4032	full	sahsann	sa̍h saⁿ
taiwanese-basic:4032	prefix	sahs	sa̍h saⁿ
taiwanese-basic:4032	initials	ss	sa̍h saⁿ
taiwanese-basic:4021	full	sann	saⁿ
taiwanese-basic:4021	prefix	sa	saⁿ
taiwanese-basic:4021	initials	s	saⁿ
taiwanese-basic:470	full	sannchanlau	saⁿ chàn lâu
taiwanese-basic:470	prefix	sannch	saⁿ chàn lâu
taiwanese-basic:470	initials	scl	saⁿ chàn lâu
taiwanese-basic:3274	full	sannlianchhia	saⁿ lián-chhia
taiwanese-basic:3274	prefix	sannlia	saⁿ lián-chhia
taiwanese-basic:3274	initials	slc	saⁿ lián-chhia
taiwanese-basic:3068	full	sannsijitku	saⁿ sì ji̍t kú
taiwanese-basic:3068	prefix	sannsi	saⁿ sì ji̍t kú
taiwanese-basic:3068	initials	ssjk	saⁿ sì ji̍t kú
taiwanese-basic:5067	full	sanntiamgoa	saⁿ tiám gōa
taiwanese-basic:5067	prefix	sannti	saⁿ tiám gōa
taiwanese-basic:5067	initials	stg	saⁿ tiám gōa
taiwanese-basic:5066	full	sanntiamcheng	saⁿ tiám-cheng
taiwanese-basic:5066	prefix	sanntia	saⁿ tiám-cheng
taiwanese-basic:5066	initials	stc	saⁿ tiám-cheng
taiwanese-basic:4026	full	sannkak	saⁿ-kak
taiwanese-basic:4026	prefix	sann	saⁿ-kak
taiwanese-basic:4026	initials	sk	saⁿ-kak
taiwanese-basic:4025	full	sannkap	saⁿ-kap
taiwanese-basic:4025	prefix	sann	saⁿ-kap
taiwanese-basic:4025	initials	sk	saⁿ-kap
taiwanese-basic:4022	full	sannkhoo	saⁿ-khò͘
taiwanese-basic:4022	prefix	sann	saⁿ-khò͘
taiwanese-basic:4022	initials	sk	saⁿ-khò͘
taiwanese-basic:4027	full	sannlianchhia	saⁿ-lián-chhia
taiwanese-basic:4027	prefix	sannlia	saⁿ-lián-chhia
taiwanese-basic:4027	initials	slc	saⁿ-lián-chhia
taiwanese-basic:3965	full	sannpoe	saⁿ-pōe
taiwanese-basic:3965	prefix	sann	saⁿ-pōe
taiwanese-basic:3965	initials	sp	saⁿ-pōe
taiwanese-basic:5375	full	sannatu	saⁿ-á tû
taiwanese-basic:5375	prefix	sann	saⁿ-á tû
taiwanese-basic:5375	initials	sat	saⁿ-á tû
taiwanese-basic:4023	full	sannatu	saⁿ-á-tû
taiwanese-basic:4023	prefix	sann	saⁿ-á-tû
taiwanese-basic:4023	initials	sat	saⁿ-á-tû
taiwanese-basic:4024	full	sannate	saⁿ-á-tē
taiwanese-basic:4024	prefix	sann	saⁿ-á-tē
taiwanese-basic:4024	initials	sat	saⁿ-á-tē
taiwanese-basic:4029	full	sannuiitthe	saⁿ-ūi it-thé
taiwanese-basic:4029	prefix	sannui	saⁿ-ūi it-thé
taiwanese-basic:4029	initials	suit	saⁿ-ūi it-thé
taiwanese-basic:3604	full	sepangeoe	se-pan-gê-ōe
taiwanese-basic:3604	prefix	sepan	se-pan-gê-ōe
taiwanese-basic:3604	initials	spgo	se-pan-gê-ōe
taiwanese-basic:4097	full	seh	seh
taiwanese-basic:4097	prefix	se	seh
taiwanese-basic:4097	initials	s	seh
taiwanese-basic:4100	full	sek	sek
taiwanese-basic:4100	prefix	se	sek
taiwanese-basic:4100	initials	s	sek
taiwanese-basic:4105	full	sekti	sek-tì
taiwanese-basic:4105	prefix	sek	sek-tì
taiwanese-basic:4105	initials	st	sek-tì
taiwanese-basic:4110	full	sektong	sek-tòng
taiwanese-basic:4110	prefix	sekt	sek-tòng
taiwanese-basic:4110	initials	st	sek-tòng
taiwanese-basic:4900	full	sengthiantong	seng thian-tông
taiwanese-basic:4900	prefix	sengthi	seng thian-tông
taiwanese-basic:4900	initials	stt	seng thian-tông
taiwanese-basic:4143	full	sengbut	seng-bu̍t
taiwanese-basic:4143	prefix	seng	seng-bu̍t
taiwanese-basic:4143	initials	sb	seng-bu̍t
taiwanese-basic:4111	full	sengkhu	seng-khu
taiwanese-basic:4111	prefix	seng	seng-khu
taiwanese-basic:4111	initials	sk	seng-khu
taiwanese-basic:4142	full	sengkip	seng-kip
taiwanese-basic:4142	prefix	seng	seng-kip
taiwanese-basic:4142	initials	sk	seng-kip
taiwanese-basic:2737	full	sengki	seng-kî
taiwanese-basic:2737	prefix	sen	seng-kî
taiwanese-basic:2737	initials	sk	seng-kî
taiwanese-basic:2738	full	sengkijit	seng-kî-ji̍t
taiwanese-basic:2738	prefix	sengk	seng-kî-ji̍t
taiwanese-basic:2738	initials	skj	seng-kî-ji̍t
taiwanese-basic:4117	full	sengli	seng-lí
taiwanese-basic:4117	prefix	sen	seng-lí
taiwanese-basic:4117	initials	sl	seng-lí
taiwanese-basic:4120	full	senglibebai	seng-lí bē bái
taiwanese-basic:4120	prefix	sengli	seng-lí bē bái
taiwanese-basic:4120	initials	slbb	seng-lí bē bái
taiwanese-basic:4118	full	senglilang	seng-lí-lâng
taiwanese-basic:4118	prefix	sengl	seng-lí-lâng
taiwanese-basic:4118	initials	sll	seng-lí-lâng
taiwanese-basic:4134	full	sengoah	seng-oa̍h
taiwanese-basic:4134	prefix	seng	seng-oa̍h
taiwanese-basic:4134	initials	so	seng-oa̍h
taiwanese-basic:4133	full	sengthian	seng-thian
taiwanese-basic:4133	prefix	sengt	seng-thian
taiwanese-basic:4133	initials	st	seng-thian
taiwanese-basic:4099	full	seh	se̍h
taiwanese-basic:4099	prefix	se	se̍h
taiwanese-basic:4099	initials	s	se̍h
taiwanese-basic:4101	full	sek	se̍k
taiwanese-basic:4101	prefix	se	se̍k
taiwanese-basic:4101	initials	s	se̍k
taiwanese-basic:4103	full	seksai	se̍k-sāi
taiwanese-basic:4103	prefix	sek	se̍k-sāi
taiwanese-basic:4103	initials	ss	se̍k-sāi
taiwanese-basic:4104	full	seksailang	se̍k-sāi-lâng
taiwanese-basic:4104	prefix	seksa	se̍k-sāi-lâng
taiwanese-basic:4104	initials	ssl	se̍k-sāi-lâng
taiwanese-basic:4166	full	senn	seⁿ
taiwanese-basic:4166	prefix	se	seⁿ
taiwanese-basic:4166	initials	s	seⁿ
taiwanese-basic:90	full	sennangenna	seⁿ âng-eⁿ-á
taiwanese-basic:90	prefix	sennan	seⁿ âng-eⁿ-á
taiwanese-basic:90	initials	saea	seⁿ âng-eⁿ-á
taiwanese-basic:4217	full	sennsian	seⁿ-sian
taiwanese-basic:4217	prefix	senn	seⁿ-sian
taiwanese-basic:4217	initials	ss	seⁿ-sian
taiwanese-basic:4156	full	si	si
taiwanese-basic:4156	prefix	s	si
taiwanese-basic:4156	initials	s	si
taiwanese-basic:2981	full	sikoe	si-koe
taiwanese-basic:2981	prefix	sik	si-koe
taiwanese-basic:2981	initials	sk	si-koe
taiwanese-basic:4182	full	sia	sia
taiwanese-basic:4182	prefix	si	sia
taiwanese-basic:4182	initials	s	sia
taiwanese-basic:4203	full	siah	siah
taiwanese-basic:4203	prefix	si	siah
taiwanese-basic:4203	initials	s	siah
taiwanese-basic:4204	full	siahianpit	siah iân-pit
taiwanese-basic:4204	prefix	siahi	siah iân-pit
taiwanese-basic:4204	initials	sip	siah iân-pit
taiwanese-basic:4205	full	siahphoe	siah-phôe
taiwanese-basic:4205	prefix	siah	siah-phôe
taiwanese-basic:4205	initials	sp	siah-phôe
taiwanese-basic:4216	full	sian	sian
taiwanese-basic:4216	prefix	si	sian
taiwanese-basic:4216	initials	s	sian
taiwanese-basic:4212	full	siansenn	sian-seⁿ
taiwanese-basic:4212	prefix	sian	sian-seⁿ
taiwanese-basic:4212	initials	ss	sian-seⁿ
taiwanese-basic:4170	full	siansinn	sian-siⁿ
taiwanese-basic:4170	prefix	sian	sian-siⁿ
taiwanese-basic:4170	initials	ss	sian-siⁿ
taiwanese-basic:1882	full	sianti	sian-ti
taiwanese-basic:1882	prefix	sia	sian-ti
taiwanese-basic:1882	initials	st	sian-ti
taiwanese-basic:4219	full	siang	siang
taiwanese-basic:4219	prefix	sia	siang
taiwanese-basic:4219	initials	s	siang
taiwanese-basic:4223	full	siangchhiu	siang chhiú
taiwanese-basic:4223	prefix	siang	siang chhiú
taiwanese-basic:4223	initials	sc	siang chhiú
taiwanese-basic:4224	full	siangkha	siang kha
taiwanese-basic:4224	prefix	sian	siang kha
taiwanese-basic:4224	initials	sk	siang kha
taiwanese-basic:1487	full	sianggiaphakhau	siang-gia̍p ha̍k-hāu
taiwanese-basic:1487	prefix	sianggia	siang-gia̍p ha̍k-hāu
taiwanese-basic:1487	initials	sghh	siang-gia̍p ha̍k-hāu
taiwanese-basic:4230	full	siangsinn	siang-siⁿ
taiwanese-basic:4230	prefix	siang	siang-siⁿ
taiwanese-basic:4230	initials	ss	siang-siⁿ
taiwanese-basic:4232	full	siat	siat
taiwanese-basic:4232	prefix	si	siat
taiwanese-basic:4232	initials	s	siat
taiwanese-basic:4234	full	siathoat	siat-hoat
taiwanese-basic:4234	prefix	siat	siat-hoat
taiwanese-basic:4234	initials	sh	siat-hoat
taiwanese-basic:4235	full	siatke	siat-kè
taiwanese-basic:4235	prefix	sia	siat-kè
taiwanese-basic:4235	initials	sk	siat-kè
taiwanese-basic:4233	full	siatlip	siat-li̍p
taiwanese-basic:4233	prefix	siat	siat-li̍p
taiwanese-basic:4233	initials	sl	siat-li̍p
taiwanese-basic:4236	full	siatsu	siat-sú
taiwanese-basic:4236	prefix	sia	siat-sú
taiwanese-basic:4236	initials	ss	siat-sú
taiwanese-basic:1673	full	siauhoa	siau--hoa
taiwanese-basic:1673	prefix	siau	siau--hoa
taiwanese-basic:1673	initials	sh	siau--hoa
taiwanese-basic:4242	full	siaubiat	siau-bia̍t
taiwanese-basic:4242	prefix	siau	siau-bia̍t
taiwanese-basic:4242	initials	sb	siau-bia̍t
taiwanese-basic:3193	full	siauhong	siau-hong
taiwanese-basic:3193	prefix	siau	siau-hong
taiwanese-basic:3193	initials	sh	siau-hong
taiwanese-basic:1674	full	siauhoa	siau-hòa
taiwanese-basic:1674	prefix	siau	siau-hòa
taiwanese-basic:1674	initials	sh	siau-hòa
taiwanese-basic:4246	full	siauhongtui	siau-hông tūi
taiwanese-basic:4246	prefix	siauho	siau-hông tūi
taiwanese-basic:4246	initials	sht	siau-hông tūi
taiwanese-basic:4239	full	siausit	siau-sit
taiwanese-basic:4239	prefix	siau	siau-sit
taiwanese-basic:4239	initials	ss	siau-sit
taiwanese-basic:4247	full	siautok	siau-to̍k
taiwanese-basic:4247	prefix	siau	siau-to̍k
taiwanese-basic:4247	initials	st	siau-to̍k
taiwanese-basic:4248	full	siautokchui	siau-to̍k-chúi
taiwanese-basic:4248	prefix	siauto	siau-to̍k-chúi
taiwanese-basic:4248	initials	stc	siau-to̍k-chúi
taiwanese-basic:4209	full	siaha	sia̍h-á
taiwanese-basic:4209	prefix	sia	sia̍h-á
taiwanese-basic:4209	initials	sa	sia̍h-á
taiwanese-basic:4192	full	siann	siaⁿ
taiwanese-basic:4192	prefix	sia	siaⁿ
taiwanese-basic:4192	initials	s	siaⁿ
taiwanese-basic:4261	full	sim	sim
taiwanese-basic:4261	prefix	si	sim
taiwanese-basic:4261	initials	s	sim
taiwanese-basic:2926	full	simkoann	sim-koaⁿ
taiwanese-basic:2926	prefix	simk	sim-koaⁿ
taiwanese-basic:2926	initials	sk	sim-koaⁿ
taiwanese-basic:1887	full	simlai	sim-lāi
taiwanese-basic:1887	prefix	sim	sim-lāi
taiwanese-basic:1887	initials	sl	sim-lāi
taiwanese-basic:4267	full	simpu	sim-pū
taiwanese-basic:4267	prefix	sim	sim-pū
taiwanese-basic:4267	initials	sp	sim-pū
taiwanese-basic:4260	full	simsek	sim-sek
taiwanese-basic:4260	prefix	sim	sim-sek
taiwanese-basic:4260	initials	ss	sim-sek
taiwanese-basic:1616	full	sinlokhng	sin lo̍k-hn̂g
taiwanese-basic:1616	prefix	sinlo	sin lo̍k-hn̂g
taiwanese-basic:1616	initials	slh	sin lo̍k-hn̂g
taiwanese-basic:1160	full	sinbun	sin-bûn
taiwanese-basic:1160	prefix	sin	sin-bûn
taiwanese-basic:1160	initials	sb	sin-bûn
taiwanese-basic:663	full	sinchheng	sin-chhéng
taiwanese-basic:663	prefix	sinch	sin-chhéng
taiwanese-basic:663	initials	sc	sin-chhéng
taiwanese-basic:4288	full	singi	sin-gí
taiwanese-basic:4288	prefix	sin	sin-gí
taiwanese-basic:4288	initials	sg	sin-gí
taiwanese-basic:3792	full	singiephooa	sin-gí ê phō͘-á
taiwanese-basic:3792	prefix	singie	sin-gí ê phō͘-á
taiwanese-basic:3792	initials	sgepa	sin-gí ê phō͘-á
taiwanese-basic:4292	full	sinheng	sin-hêng
taiwanese-basic:4292	prefix	sinh	sin-hêng
taiwanese-basic:4292	initials	sh	sin-hêng
taiwanese-basic:4287	full	sinkengthiann	sin-keng thiàⁿ
taiwanese-basic:4287	prefix	sinkeng	sin-keng thiàⁿ
taiwanese-basic:4287	initials	skt	sin-keng thiàⁿ
taiwanese-basic:4280	full	sinkiannsai	sin-kiáⁿ sài
taiwanese-basic:4280	prefix	sinkia	sin-kiáⁿ sài
taiwanese-basic:4280	initials	sks	sin-kiáⁿ sài
taiwanese-basic:2326	full	sinkau	sin-kàu
taiwanese-basic:2326	prefix	sin	sin-kàu
taiwanese-basic:2326	initials	sk	sin-kàu
taiwanese-basic:4289	full	sinlek	sin-le̍k
taiwanese-basic:4289	prefix	sin	sin-le̍k
taiwanese-basic:4289	initials	sl	sin-le̍k
taiwanese-basic:4281	full	sinlongsinpu	sin-lông sin-pū
taiwanese-basic:4281	prefix	sinlon	sin-lông sin-pū
taiwanese-basic:4281	initials	slsp	sin-lông sin-pū
taiwanese-basic:4279	full	sinniu	sin-niû
taiwanese-basic:4279	prefix	sin	sin-niû
taiwanese-basic:4279	initials	sn	sin-niû
taiwanese-basic:3517	full	sinni	sin-nî
taiwanese-basic:3517	prefix	sin	sin-nî
taiwanese-basic:3517	initials	sn	sin-nî
taiwanese-basic:2837	full	sinnikionghi	sin-nî kiong-hí
taiwanese-basic:2837	prefix	sinnik	sin-nî kiong-hí
taiwanese-basic:2837	initials	snkh	sin-nî kiong-hí
taiwanese-basic:4293	full	sinsek	sin-sek
taiwanese-basic:4293	prefix	sin	sin-sek
taiwanese-basic:4293	initials	ss	sin-sek
taiwanese-basic:4170	full	sinsenn	sin-seⁿ
taiwanese-basic:4170	prefix	sins	sin-seⁿ
taiwanese-basic:4170	initials	ss	sin-seⁿ
taiwanese-basic:4282	full	sinsui	sin-súi
taiwanese-basic:4282	prefix	sin	sin-súi
taiwanese-basic:4282	initials	ss	sin-súi
taiwanese-basic:4278	full	sintek	sin-tek
taiwanese-basic:4278	prefix	sin	sin-tek
taiwanese-basic:4278	initials	st	sin-tek
taiwanese-basic:2957	full	sintekkoan	sin-tek koān
taiwanese-basic:2957	prefix	sinte	sin-tek koān
taiwanese-basic:2957	initials	stk	sin-tek koān
taiwanese-basic:2790	full	sinthekiamcha	sin-thé-kiam-cha
taiwanese-basic:2790	prefix	sinthek	sin-thé-kiam-cha
taiwanese-basic:2790	initials	stkc	sin-thé-kiam-cha
taiwanese-basic:4295	full	sio	sio
taiwanese-basic:4295	prefix	si	sio
taiwanese-basic:4295	initials	s	sio
taiwanese-basic:1233	full	siochuipan	sio chúi pân
taiwanese-basic:1233	prefix	sioch	sio chúi pân
taiwanese-basic:1233	initials	scp	sio chúi pân
taiwanese-basic:2287	full	siokang	sio kâng
taiwanese-basic:2287	prefix	siok	sio kâng
taiwanese-basic:2287	initials	sk	sio kâng
taiwanese-basic:1231	full	siochui	sio-chúi
taiwanese-basic:1231	prefix	sioc	sio-chúi
taiwanese-basic:1231	initials	sc	sio-chúi
taiwanese-basic:2180	full	siojoah	sio-joa̍h
taiwanese-basic:2180	prefix	sioj	sio-joa̍h
taiwanese-basic:2180	initials	sj	sio-joa̍h
taiwanese-basic:1235	full	siokoan	sio-koàn
taiwanese-basic:1235	prefix	siok	sio-koàn
taiwanese-basic:1235	initials	sk	sio-koàn
taiwanese-basic:3413	full	sioma	sio-mā
taiwanese-basic:3413	prefix	sio	sio-mā
taiwanese-basic:3413	initials	sm	sio-mā
taiwanese-basic:3413	full	siome	sio-mē
taiwanese-basic:3413	prefix	sio	sio-mē
taiwanese-basic:3413	initials	sm	sio-mē
taiwanese-basic:3545	full	sioniu	sio-niū
taiwanese-basic:3545	prefix	sio	sio-niū
taiwanese-basic:3545	initials	sn	sio-niū
taiwanese-basic:4298	full	siophah	sio-phah
taiwanese-basic:4298	prefix	siop	sio-phah
taiwanese-basic:4298	initials	sp	sio-phah
taiwanese-basic:4300	full	siosiang	sio-siâng
taiwanese-basic:4300	prefix	sios	sio-siâng
taiwanese-basic:4300	initials	ss	sio-siâng
taiwanese-basic:4301	full	siothai	sio-thâi
taiwanese-basic:4301	prefix	siot	sio-thâi
taiwanese-basic:4301	initials	st	sio-thâi
taiwanese-basic:4300	full	siotang	sio-tâng
taiwanese-basic:4300	prefix	siot	sio-tâng
taiwanese-basic:4300	initials	st	sio-tâng
taiwanese-basic:4308	full	sioksia	siok-sià
taiwanese-basic:4308	prefix	siok	siok-sià
taiwanese-basic:4308	initials	ss	siok-sià
taiwanese-basic:4310	full	sioksiaseng	siok-sià seng
taiwanese-basic:4310	prefix	sioksi	siok-sià seng
taiwanese-basic:4310	initials	sss	siok-sià seng
taiwanese-basic:4309	full	sioksiahui	siok-sià-hùi
taiwanese-basic:4309	prefix	sioks	siok-sià-hùi
taiwanese-basic:4309	initials	ssh	siok-sià-hùi
taiwanese-basic:4313	full	siongho	siong hó
taiwanese-basic:4313	prefix	sion	siong hó
taiwanese-basic:4313	initials	sh	siong hó
taiwanese-basic:4314	full	siongchhinsiongai	siong-chhin siong-ài
taiwanese-basic:4314	prefix	siongchhi	siong-chhin siong-ài
taiwanese-basic:4314	initials	scsa	siong-chhin siong-ài
taiwanese-basic:4322	full	sionggiap	siong-gia̍p
taiwanese-basic:4322	prefix	siong	siong-gia̍p
taiwanese-basic:4322	initials	sg	siong-gia̍p
taiwanese-basic:4326	full	sionghai	siong-hāi
taiwanese-basic:4326	prefix	sion	siong-hāi
taiwanese-basic:4326	initials	sh	siong-hāi
taiwanese-basic:4329	full	siongsim	siong-sim
taiwanese-basic:4329	prefix	sion	siong-sim
taiwanese-basic:4329	initials	ss	siong-sim
taiwanese-basic:4315	full	siongsin	siong-sìn
taiwanese-basic:4315	prefix	sion	siong-sìn
taiwanese-basic:4315	initials	ss	siong-sìn
taiwanese-basic:4328	full	siongtiong	siong-tiōng
taiwanese-basic:4328	prefix	siong	siong-tiōng
taiwanese-basic:4328	initials	st	siong-tiōng
taiwanese-basic:4307	full	siok	sio̍k
taiwanese-basic:4307	prefix	si	sio̍k
taiwanese-basic:4307	initials	s	sio̍k
taiwanese-basic:4311	full	sioksin	sio̍k-sin
taiwanese-basic:4311	prefix	siok	sio̍k-sin
taiwanese-basic:4311	initials	ss	sio̍k-sin
taiwanese-basic:4335	full	sip	sip
taiwanese-basic:4335	prefix	si	sip
taiwanese-basic:4335	initials	s	sip
taiwanese-basic:4333	full	sipkhi	sip-khì
taiwanese-basic:4333	prefix	sip	sip-khì
taiwanese-basic:4333	initials	sk	sip-khì
taiwanese-basic:4339	full	sit	sit
taiwanese-basic:4339	prefix	si	sit
taiwanese-basic:4339	initials	s	sit
taiwanese-basic:4348	full	sitbianchu	sit biān-chú
taiwanese-basic:4348	prefix	sitbi	sit biān-chú
taiwanese-basic:4348	initials	sbc	sit biān-chú
taiwanese-basic:251	full	sitthebian	sit thé-biān
taiwanese-basic:251	prefix	sitth	sit thé-biān
taiwanese-basic:251	initials	stb	sit thé-biān
taiwanese-basic:5127	full	sittian	sit tiān
taiwanese-basic:5127	prefix	sitt	sit tiān
taiwanese-basic:5127	initials	st	sit tiān
taiwanese-basic:4349	full	sitbang	sit-bāng
taiwanese-basic:4349	prefix	sitb	sit-bāng
taiwanese-basic:4349	initials	sb	sit-bāng
taiwanese-basic:4349	full	sitbong	sit-bōng
taiwanese-basic:4349	prefix	sitb	sit-bōng
taiwanese-basic:4349	initials	sb	sit-bōng
taiwanese-basic:814	full	sitchho	sit-chhò
taiwanese-basic:814	prefix	sitc	sit-chhò
taiwanese-basic:814	initials	sc	sit-chhò
taiwanese-basic:4341	full	sitle	sit-lé
taiwanese-basic:4341	prefix	sit	sit-lé
taiwanese-basic:4341	initials	sl	sit-lé
taiwanese-basic:4345	full	sitpai	sit-pāi
taiwanese-basic:4345	prefix	sit	sit-pāi
taiwanese-basic:4345	initials	sp	sit-pāi
taiwanese-basic:4357	full	siu	siu
taiwanese-basic:4357	prefix	si	siu
taiwanese-basic:4357	initials	s	siu
taiwanese-basic:869	full	siuchhuichhiu	siu chhùi-chhiu
taiwanese-basic:869	prefix	siuchhu	siu chhùi-chhiu
taiwanese-basic:869	initials	scc	siu chhùi-chhiu
taiwanese-basic:1242	full	siuchoannachuichinn	siu choān-ná-chúi chîⁿ
taiwanese-basic:1242	prefix	siuchoanna	siu choān-ná-chúi chîⁿ
taiwanese-basic:1242	initials	scncc	siu choān-ná-chúi chîⁿ
taiwanese-basic:1241	full	siuchuitochinn	siu chúi-tō chîⁿ
taiwanese-basic:1241	prefix	siuchui	siu chúi-tō chîⁿ
taiwanese-basic:1241	initials	sctc	siu chúi-tō chîⁿ
taiwanese-basic:4382	full	siuhootah	siu hō͘ tah
taiwanese-basic:4382	prefix	siuho	siu hō͘ tah
taiwanese-basic:4382	initials	sht	siu hō͘ tah
taiwanese-basic:3577	full	siuoannpoann	siu oaⁿ-pôaⁿ
taiwanese-basic:3577	prefix	siuoan	siu oaⁿ-pôaⁿ
taiwanese-basic:3577	initials	sop	siu oaⁿ-pôaⁿ
taiwanese-basic:4358	full	siutianhoechinn	siu tiān-hóe chîⁿ
taiwanese-basic:4358	prefix	siutianh	siu tiān-hóe chîⁿ
taiwanese-basic:4358	initials	sthc	siu tiān-hóe chîⁿ
taiwanese-basic:4360	full	siutohteng	siu toh-téng
taiwanese-basic:4360	prefix	siuto	siu toh-téng
taiwanese-basic:4360	initials	stt	siu toh-téng
taiwanese-basic:4381	full	siubin	siu-bīn
taiwanese-basic:4381	prefix	siu	siu-bīn
taiwanese-basic:4381	initials	sb	siu-bīn
taiwanese-basic:4381	full	siuchhuichhiu	siu-chhùi-chhiu
taiwanese-basic:4381	prefix	siuchhu	siu-chhùi-chhiu
taiwanese-basic:4381	initials	scc	siu-chhùi-chhiu
taiwanese-basic:4386	full	siuimki	siu-im-ki
taiwanese-basic:4386	prefix	siui	siu-im-ki
taiwanese-basic:4386	initials	sik	siu-im-ki
taiwanese-basic:4367	full	siuiong	siu-iông
taiwanese-basic:4367	prefix	siui	siu-iông
taiwanese-basic:4367	initials	si	siu-iông
taiwanese-basic:4361	full	siukhilai	siu-khí lâi
taiwanese-basic:4361	prefix	siukh	siu-khí lâi
taiwanese-basic:4361	initials	skl	siu-khí lâi
taiwanese-basic:4365	full	siuki	siu-kì
taiwanese-basic:4365	prefix	siu	siu-kì
taiwanese-basic:4365	initials	sk	siu-kì
taiwanese-basic:4356	full	siuli	siu-lí
taiwanese-basic:4356	prefix	siu	siu-lí
taiwanese-basic:4356	initials	sl	siu-lí
taiwanese-basic:4042	full	siulikekhisaihu	siu-lí ke-khì sai-hū
taiwanese-basic:4042	prefix	siulikek	siu-lí ke-khì sai-hū
taiwanese-basic:4042	initials	slkksh	siu-lí ke-khì sai-hū
taiwanese-basic:4363	full	siuphe	siu-phe
taiwanese-basic:4363	prefix	siu	siu-phe
taiwanese-basic:4363	initials	sp	siu-phe
taiwanese-basic:4363	full	siuphoe	siu-phoe
taiwanese-basic:4363	prefix	siup	siu-phoe
taiwanese-basic:4363	initials	sp	siu-phoe
taiwanese-basic:4362	full	siupangkeng	siu-pâng-keng
taiwanese-basic:4362	prefix	siupan	siu-pâng-keng
taiwanese-basic:4362	initials	spk	siu-pâng-keng
taiwanese-basic:4374	full	siuseng	siu-seng
taiwanese-basic:4374	prefix	sius	siu-seng
taiwanese-basic:4374	initials	ss	siu-seng
taiwanese-basic:4252	full	siusiau	siu-siàu
taiwanese-basic:4252	prefix	sius	siu-siàu
taiwanese-basic:4252	initials	ss	siu-siàu
taiwanese-basic:4354	full	siuseng	siu-sêng
taiwanese-basic:4354	prefix	sius	siu-sêng
taiwanese-basic:4354	initials	ss	siu-sêng
taiwanese-basic:4368	full	siusu	siu-sū
taiwanese-basic:4368	prefix	siu	siu-sū
taiwanese-basic:4368	initials	ss	siu-sū
taiwanese-basic:4355	full	siutang	siu-tang
taiwanese-basic:4355	prefix	siut	siu-tang
taiwanese-basic:4355	initials	st	siu-tang
taiwanese-basic:3809	full	siutiohphoe	siu-tio̍h phoe
taiwanese-basic:3809	prefix	siutio	siu-tio̍h phoe
taiwanese-basic:3809	initials	stp	siu-tio̍h phoe
taiwanese-basic:4366	full	siutiau	siu-tiâu
taiwanese-basic:4366	prefix	siut	siu-tiâu
taiwanese-basic:4366	initials	st	siu-tiâu
taiwanese-basic:4370	full	siutoinn	siu-tō-īⁿ
taiwanese-basic:4370	prefix	siut	siu-tō-īⁿ
taiwanese-basic:4370	initials	sti	siu-tō-īⁿ
taiwanese-basic:4371	full	siuinn	siu-īⁿ
taiwanese-basic:4371	prefix	siu	siu-īⁿ
taiwanese-basic:4371	initials	si	siu-īⁿ
taiwanese-basic:4395	full	siunn	siuⁿ
taiwanese-basic:4395	prefix	siu	siuⁿ
taiwanese-basic:4395	initials	s	siuⁿ
taiwanese-basic:4396	full	siunnoann	siuⁿ òaⁿ
taiwanese-basic:4396	prefix	siunn	siuⁿ òaⁿ
taiwanese-basic:4396	initials	so	siuⁿ òaⁿ
taiwanese-basic:3053	full	siunnku	siuⁿ-kú
taiwanese-basic:3053	prefix	siun	siuⁿ-kú
taiwanese-basic:3053	initials	sk	siuⁿ-kú
taiwanese-basic:4394	full	siunna	siuⁿ-á
taiwanese-basic:4394	prefix	siu	siuⁿ-á
taiwanese-basic:4394	initials	sa	siuⁿ-á
taiwanese-basic:4180	full	siabian	sià-bián
taiwanese-basic:4180	prefix	siab	sià-bián
taiwanese-basic:4180	initials	sb	sià-bián
taiwanese-basic:4188	full	siachoe	sià-chōe
taiwanese-basic:4188	prefix	siac	sià-chōe
taiwanese-basic:4188	initials	sc	sià-chōe
taiwanese-basic:4215	full	sian	siàn
taiwanese-basic:4215	prefix	si	siàn
taiwanese-basic:4215	initials	s	siàn
taiwanese-basic:4218	full	siantong	siàn-tōng
taiwanese-basic:4218	prefix	sian	siàn-tōng
taiwanese-basic:4218	initials	st	siàn-tōng
taiwanese-basic:4249	full	siau	siàu
taiwanese-basic:4249	prefix	si	siàu
taiwanese-basic:4249	initials	s	siàu
taiwanese-basic:3791	full	siauphoo	siàu phō͘
taiwanese-basic:3791	prefix	siau	siàu phō͘
taiwanese-basic:3791	initials	sp	siàu phō͘
taiwanese-basic:4237	full	siaulian	siàu-liân
taiwanese-basic:4237	prefix	siau	siàu-liân
taiwanese-basic:4237	initials	sl	siàu-liân
taiwanese-basic:4238	full	siaulianlang	siàu-liân-lâng
taiwanese-basic:4238	prefix	siauli	siàu-liân-lâng
taiwanese-basic:4238	initials	sll	siàu-liân-lâng
taiwanese-basic:4177	full	sia	siá
taiwanese-basic:4177	prefix	si	siá
taiwanese-basic:4177	initials	s	siá
taiwanese-basic:4178	full	siahanji	siá hàn-jī
taiwanese-basic:4178	prefix	siah	siá hàn-jī
taiwanese-basic:4178	initials	shj	siá hàn-jī
taiwanese-basic:4179	full	siaphe	siá phe
taiwanese-basic:4179	prefix	sia	siá phe
taiwanese-basic:4179	initials	sp	siá phe
taiwanese-basic:4179	full	siaphoe	siá-phoe
taiwanese-basic:4179	prefix	siap	siá-phoe
taiwanese-basic:4179	initials	sp	siá-phoe
taiwanese-basic:4210	full	siam	siám
taiwanese-basic:4210	prefix	si	siám
taiwanese-basic:4210	initials	s	siám
taiwanese-basic:4229	full	siang	siáng
taiwanese-basic:4229	prefix	sia	siáng
taiwanese-basic:4229	initials	s	siáng
taiwanese-basic:4240	full	siau	siáu
taiwanese-basic:4240	prefix	si	siáu
taiwanese-basic:4240	initials	s	siáu
taiwanese-basic:4253	full	siausoat	siáu-soat
taiwanese-basic:4253	prefix	siau	siáu-soat
taiwanese-basic:4253	initials	ss	siáu-soat
taiwanese-basic:4196	full	siannhoe	siáⁿ-hòe
taiwanese-basic:4196	prefix	sian	siáⁿ-hòe
taiwanese-basic:4196	initials	sh	siáⁿ-hòe
taiwanese-basic:4197	full	siannlang	siáⁿ-lâng
taiwanese-basic:4197	prefix	siann	siáⁿ-lâng
taiwanese-basic:4197	initials	sl	siáⁿ-lâng
taiwanese-basic:4191	full	siakau	siâ-kàu
taiwanese-basic:4191	prefix	sia	siâ-kàu
taiwanese-basic:4191	initials	sk	siâ-kàu
taiwanese-basic:4190	full	siasin	siâ-sîn
taiwanese-basic:4190	prefix	sia	siâ-sîn
taiwanese-basic:4190	initials	ss	siâ-sîn
taiwanese-basic:4181	full	siaim	siâ-îm
taiwanese-basic:4181	prefix	sia	siâ-îm
taiwanese-basic:4181	initials	si	siâ-îm
taiwanese-basic:4201	full	siann	siâⁿ
taiwanese-basic:4201	prefix	sia	siâⁿ
taiwanese-basic:4201	initials	s	siâⁿ
taiwanese-basic:4318	full	siong	siòng
taiwanese-basic:4318	prefix	sio	siòng
taiwanese-basic:4318	initials	s	siòng
taiwanese-basic:2540	full	siongkheng	siòng-kheng
taiwanese-basic:2540	prefix	siong	siòng-kheng
taiwanese-basic:2540	initials	sk	siòng-kheng
taiwanese-basic:4327	full	siongmia	siòng-miā
taiwanese-basic:4327	prefix	sion	siòng-miā
taiwanese-basic:4327	initials	sm	siòng-miā
taiwanese-basic:948	full	siochiah	sió chia̍h
taiwanese-basic:948	prefix	sioc	sió chia̍h
taiwanese-basic:948	initials	sc	sió chia̍h
taiwanese-basic:4372	full	siosiuinn	sió siu-īⁿ
taiwanese-basic:4372	prefix	siosi	sió siu-īⁿ
taiwanese-basic:4372	initials	ssi	sió siu-īⁿ
taiwanese-basic:4572	full	siotan	sió tán
taiwanese-basic:4572	prefix	sio	sió tán
taiwanese-basic:4572	initials	st	sió tán
taiwanese-basic:4305	full	siobe	sió-bē
taiwanese-basic:4305	prefix	sio	sió-bē
taiwanese-basic:4305	initials	sb	sió-bē
taiwanese-basic:4302	full	siochia	sió-chiá
taiwanese-basic:4302	prefix	sioc	sió-chiá
taiwanese-basic:4302	initials	sc	sió-chiá
taiwanese-basic:4304	full	siokhoa	sió-khóa
taiwanese-basic:4304	prefix	siok	sió-khóa
taiwanese-basic:4304	initials	sk	sió-khóa
taiwanese-basic:3477	full	siomoe	sió-mōe
taiwanese-basic:3477	prefix	sio	sió-mōe
taiwanese-basic:3477	initials	sm	sió-mōe
taiwanese-basic:3678	full	siopau	sió-pau
taiwanese-basic:3678	prefix	sio	sió-pau
taiwanese-basic:3678	initials	sp	sió-pau
taiwanese-basic:4303	full	siopian	sió-piān
taiwanese-basic:4303	prefix	siop	sió-piān
taiwanese-basic:4303	initials	sp	sió-piān
taiwanese-basic:4297	full	sioti	sió-tī
taiwanese-basic:4297	prefix	sio	sió-tī
taiwanese-basic:4297	initials	st	sió-tī
taiwanese-basic:4325	full	siongsek	siông-sek
taiwanese-basic:4325	prefix	sion	siông-sek
taiwanese-basic:4325	initials	ss	siông-sek
taiwanese-basic:4324	full	siongsiong	siông-siông
taiwanese-basic:4324	prefix	siong	siông-siông
taiwanese-basic:4324	initials	ss	siông-siông
taiwanese-basic:4330	full	siongse	siông-sè
taiwanese-basic:4330	prefix	sion	siông-sè
taiwanese-basic:4330	initials	ss	siông-sè
taiwanese-basic:4383	full	siu	siù
taiwanese-basic:4383	prefix	si	siù
taiwanese-basic:4383	initials	s	siù
taiwanese-basic:4385	full	siuhoe	siù-hoe
taiwanese-basic:4385	prefix	siu	siù-hoe
taiwanese-basic:4385	initials	sh	siù-hoe
taiwanese-basic:4384	full	siuji	siù-jī
taiwanese-basic:4384	prefix	siu	siù-jī
taiwanese-basic:4384	initials	sj	siù-jī
taiwanese-basic:5217	full	siusoann	siù-sòaⁿ
taiwanese-basic:5217	prefix	sius	siù-sòaⁿ
taiwanese-basic:5217	initials	ss	siù-sòaⁿ
taiwanese-basic:4375	full	siu	siú
taiwanese-basic:4375	prefix	si	siú
taiwanese-basic:4375	initials	s	siú
taiwanese-basic:3091	full	siukuiki	siú kui-kí
taiwanese-basic:3091	prefix	siuk	siú kui-kí
taiwanese-basic:3091	initials	skk	siú kui-kí
taiwanese-basic:4378	full	siuchiamle	siú-chiam-lé
taiwanese-basic:4378	prefix	siuch	siú-chiam-lé
taiwanese-basic:4378	initials	scl	siú-chiam-lé
taiwanese-basic:4376	full	siuchujit	siú-chú-ji̍t
taiwanese-basic:4376	prefix	siuch	siú-chú-ji̍t
taiwanese-basic:4376	initials	scj	siú-chú-ji̍t
taiwanese-basic:4377	full	siukuiki	siú-kui-kí
taiwanese-basic:4377	prefix	siuk	siú-kui-kí
taiwanese-basic:4377	initials	skk	siú-kui-kí
taiwanese-basic:4379	full	siukaibeng	siú-kài-bēng
taiwanese-basic:4379	prefix	siuka	siú-kài-bēng
taiwanese-basic:4379	initials	skb	siú-kài-bēng
taiwanese-basic:4380	full	siusikan	siú-sî-kan
taiwanese-basic:4380	prefix	sius	siú-sî-kan
taiwanese-basic:4380	initials	ssk	siú-sî-kan
taiwanese-basic:5224	full	siutiunn	siú-tiúⁿ
taiwanese-basic:5224	prefix	siut	siú-tiúⁿ
taiwanese-basic:5224	initials	st	siú-tiúⁿ
taiwanese-basic:4398	full	siunnkim	siúⁿ-kim
taiwanese-basic:4398	prefix	siun	siúⁿ-kim
taiwanese-basic:4398	initials	sk	siúⁿ-kim
taiwanese-basic:4397	full	siunnsu	siúⁿ-sù
taiwanese-basic:4397	prefix	siun	siúⁿ-sù
taiwanese-basic:4397	initials	ss	siúⁿ-sù
taiwanese-basic:4387	full	siu	siû
taiwanese-basic:4387	prefix	si	siû
taiwanese-basic:4387	initials	s	siû
taiwanese-basic:4183	full	sia	siā
taiwanese-basic:4183	prefix	si	siā
taiwanese-basic:4183	initials	s	siā
taiwanese-basic:4186	full	siachinn	siā-chìⁿ
taiwanese-basic:4186	prefix	siac	siā-chìⁿ
taiwanese-basic:4186	initials	sc	siā-chìⁿ
taiwanese-basic:4187	full	siachoe	siā-chōe
taiwanese-basic:4187	prefix	siac	siā-chōe
taiwanese-basic:4187	initials	sc	siā-chōe
taiwanese-basic:4189	full	siale	siā-lé
taiwanese-basic:4189	prefix	sia	siā-lé
taiwanese-basic:4189	initials	sl	siā-lé
taiwanese-basic:4213	full	sian	siān
taiwanese-basic:4213	prefix	si	siān
taiwanese-basic:4213	initials	s	siān
taiwanese-basic:4214	full	sianlanga	siān-lâng-á
taiwanese-basic:4214	prefix	sianl	siān-lâng-á
taiwanese-basic:4214	initials	sla	siān-lâng-á
taiwanese-basic:4225	full	siang	siāng
taiwanese-basic:4225	prefix	sia	siāng
taiwanese-basic:4225	initials	s	siāng
taiwanese-basic:1491	full	sianghakki	siāng ha̍k-kî
taiwanese-basic:1491	prefix	siang	siāng ha̍k-kî
taiwanese-basic:1491	initials	shk	siāng ha̍k-kî
taiwanese-basic:4226	full	siangkhoan	siāng-khoán
taiwanese-basic:4226	prefix	siang	siāng-khoán
taiwanese-basic:4226	initials	sk	siāng-khoán
taiwanese-basic:4227	full	sianglang	siāng-lâng
taiwanese-basic:4227	prefix	siang	siāng-lâng
taiwanese-basic:4227	initials	sl	siāng-lâng
taiwanese-basic:4228	full	siangsi	siāng-sî
taiwanese-basic:4228	prefix	sian	siāng-sî
taiwanese-basic:4228	initials	ss	siāng-sî
taiwanese-basic:4316	full	siong	siōng
taiwanese-basic:4316	prefix	sio	siōng
taiwanese-basic:4316	initials	s	siōng
taiwanese-basic:4312	full	siongho	siōng hó
taiwanese-basic:4312	prefix	sion	siōng hó
taiwanese-basic:4312	initials	sh	siōng hó
taiwanese-basic:354	full	sionglooboehite	siōng lō͘ bóe hit ê
taiwanese-basic:354	prefix	siongloo	siōng lō͘ bóe hit ê
taiwanese-basic:354	initials	slbhe	siōng lō͘ bóe hit ê
taiwanese-basic:1467	full	sionghai	siōng-hái
taiwanese-basic:1467	prefix	sion	siōng-hái
taiwanese-basic:1467	initials	sh	siōng-hái
taiwanese-basic:4323	full	siongkho	siōng-khò
taiwanese-basic:4323	prefix	sion	siōng-khò
taiwanese-basic:4323	initials	sk	siōng-khò
taiwanese-basic:41	full	siongai	siōng-ài
taiwanese-basic:41	prefix	sion	siōng-ài
taiwanese-basic:41	initials	sa	siōng-ài
taiwanese-basic:4350	full	siu	siū
taiwanese-basic:4350	prefix	si	siū
taiwanese-basic:4350	initials	s	siū
taiwanese-basic:2255	full	siulangkamhoa	siū lâng kám-hòa
taiwanese-basic:2255	prefix	siulang	siū lâng kám-hòa
taiwanese-basic:2255	initials	slkh	siū lâng kám-hòa
taiwanese-basic:2572	full	siukhi	siū-khì
taiwanese-basic:2572	prefix	siu	siū-khì
taiwanese-basic:2572	initials	sk	siū-khì
taiwanese-basic:4389	full	siunn	siūⁿ
taiwanese-basic:4389	prefix	siu	siūⁿ
taiwanese-basic:4389	initials	s	siūⁿ
taiwanese-basic:4392	full	siunnboeh	siūⁿ boeh
taiwanese-basic:4392	prefix	siunn	siūⁿ boeh
taiwanese-basic:4392	initials	sb	siūⁿ boeh
taiwanese-basic:4390	full	siunnbechhut	siūⁿ bē chhut
taiwanese-basic:4390	prefix	siunnb	siūⁿ bē chhut
taiwanese-basic:4390	initials	sbc	siūⁿ bē chhut
taiwanese-basic:4391	full	siunnechhut	siūⁿ ē chhut
taiwanese-basic:4391	prefix	siunne	siūⁿ ē chhut
taiwanese-basic:4391	initials	sec	siūⁿ ē chhut
taiwanese-basic:4393	full	siunncho	siūⁿ-chò
taiwanese-basic:4393	prefix	siun	siūⁿ-chò
taiwanese-basic:4393	initials	sc	siūⁿ-chò
taiwanese-basic:4393	full	siunnkong	siūⁿ-kóng
taiwanese-basic:4393	prefix	siunn	siūⁿ-kóng
taiwanese-basic:4393	initials	sk	siūⁿ-kóng
taiwanese-basic:3993	full	sihpun	si̍h-pún
taiwanese-basic:3993	prefix	sih	si̍h-pún
taiwanese-basic:3993	initials	sp	si̍h-pún
taiwanese-basic:4331	full	sipjike	si̍p-jī-kè
taiwanese-basic:4331	prefix	sipj	si̍p-jī-kè
taiwanese-basic:4331	initials	sjk	si̍p-jī-kè
taiwanese-basic:4334	full	sipjiloo	si̍p-jī-lō͘
taiwanese-basic:4334	prefix	sipj	si̍p-jī-lō͘
taiwanese-basic:4334	initials	sjl	si̍p-jī-lō͘
taiwanese-basic:4332	full	sipkoan	si̍p-koàn
taiwanese-basic:4332	prefix	sipk	si̍p-koàn
taiwanese-basic:4332	initials	sk	si̍p-koàn
taiwanese-basic:4340	full	sit	si̍t
taiwanese-basic:4340	prefix	si	si̍t
taiwanese-basic:4340	initials	s	si̍t
taiwanese-basic:4342	full	sitbut	si̍t-bu̍t
taiwanese-basic:4342	prefix	sit	si̍t-bu̍t
taiwanese-basic:4342	initials	sb	si̍t-bu̍t
taiwanese-basic:4336	full	sitchai	si̍t-chāi
taiwanese-basic:4336	prefix	sitc	si̍t-chāi
taiwanese-basic:4336	initials	sc	si̍t-chāi
taiwanese-basic:4337	full	sitchaisianni	si̍t-chāi sī án-ni
taiwanese-basic:4337	prefix	sitchai	si̍t-chāi sī án-ni
taiwanese-basic:4337	initials	scsan	si̍t-chāi sī án-ni
taiwanese-basic:4338	full	sitchaiuiann	si̍t-chāi ū-iáⁿ
taiwanese-basic:4338	prefix	sitcha	si̍t-chāi ū-iáⁿ
taiwanese-basic:4338	initials	scui	si̍t-chāi ū-iáⁿ
taiwanese-basic:4347	full	sitiong	si̍t-iōng
taiwanese-basic:4347	prefix	siti	si̍t-iōng
taiwanese-basic:4347	initials	si	si̍t-iōng
taiwanese-basic:4343	full	sitsip	si̍t-si̍p
taiwanese-basic:4343	prefix	sit	si̍t-si̍p
taiwanese-basic:4343	initials	ss	si̍t-si̍p
taiwanese-basic:4344	full	sitsipsek	si̍t-si̍p sek
taiwanese-basic:4344	prefix	sitsi	si̍t-si̍p sek
taiwanese-basic:4344	initials	sss	si̍t-si̍p sek
taiwanese-basic:4346	full	sittng	si̍t-tn̂g
taiwanese-basic:4346	prefix	sit	si̍t-tn̂g
taiwanese-basic:4346	initials	st	si̍t-tn̂g
taiwanese-basic:4166	full	sinn	siⁿ
taiwanese-basic:4166	prefix	si	siⁿ
taiwanese-basic:4166	initials	s	siⁿ
taiwanese-basic:4231	full	sinnsiangsinn	siⁿ siang-siⁿ
taiwanese-basic:4231	prefix	sinnsia	siⁿ siang-siⁿ
taiwanese-basic:4231	initials	sss	siⁿ siang-siⁿ
taiwanese-basic:4167	full	sinnangenninna	siⁿ âng-eⁿ iⁿ-á
taiwanese-basic:4167	prefix	sinnang	siⁿ âng-eⁿ iⁿ-á
taiwanese-basic:4167	initials	saeia	siⁿ âng-eⁿ iⁿ-á
taiwanese-basic:90	full	sinnanginna	siⁿ âng-iⁿ-á
taiwanese-basic:90	prefix	sinnan	siⁿ âng-iⁿ-á
taiwanese-basic:90	initials	saia	siⁿ âng-iⁿ-á
taiwanese-basic:4168	full	sinnjit	siⁿ-ji̍t
taiwanese-basic:4168	prefix	sinn	siⁿ-ji̍t
taiwanese-basic:4168	initials	sj	siⁿ-ji̍t
taiwanese-basic:4172	full	sinnkoo	siⁿ-ko͘
taiwanese-basic:4172	prefix	sinn	siⁿ-ko͘
taiwanese-basic:4172	initials	sk	siⁿ-ko͘
taiwanese-basic:4169	full	sinnsian	siⁿ-sian
taiwanese-basic:4169	prefix	sinn	siⁿ-sian
taiwanese-basic:4169	initials	ss	siⁿ-sian
taiwanese-basic:4399	full	sng	sng
taiwanese-basic:4399	prefix	sn	sng
taiwanese-basic:4399	initials	s	sng
taiwanese-basic:4400	full	sngchhoo	sng-chhò͘
taiwanese-basic:4400	prefix	sngc	sng-chhò͘
taiwanese-basic:4400	initials	sc	sng-chhò͘
taiwanese-basic:4409	full	so	so
taiwanese-basic:4409	prefix	s	so
taiwanese-basic:4409	initials	s	so
taiwanese-basic:620	full	sochhau	so-chháu
taiwanese-basic:620	prefix	soch	so-chháu
taiwanese-basic:620	initials	sc	so-chháu
taiwanese-basic:4423	full	soa	soa
taiwanese-basic:4423	prefix	so	soa
taiwanese-basic:4423	initials	s	soa
taiwanese-basic:4428	full	soahi	soa-hî
taiwanese-basic:4428	prefix	soa	soa-hî
taiwanese-basic:4428	initials	sh	soa-hî
taiwanese-basic:4424	full	soalau	soa-lāu
taiwanese-basic:4424	prefix	soa	soa-lāu
taiwanese-basic:4424	initials	sl	soa-lāu
taiwanese-basic:4439	full	soah	soah
taiwanese-basic:4439	prefix	so	soah
taiwanese-basic:4439	initials	s	soah
taiwanese-basic:374	full	soahboeakiann	soah bóe-á kiáⁿ
taiwanese-basic:374	prefix	soahboe	soah bóe-á kiáⁿ
taiwanese-basic:374	initials	sbak	soah bóe-á kiáⁿ
taiwanese-basic:4445	full	soanchian	soan-chiàn
taiwanese-basic:4445	prefix	soanc	soan-chiàn
taiwanese-basic:4445	initials	sc	soan-chiàn
taiwanese-basic:4446	full	soangian	soan-giân
taiwanese-basic:4446	prefix	soan	soan-giân
taiwanese-basic:4446	initials	sg	soan-giân
taiwanese-basic:4447	full	soankoo	soan-kò͘
taiwanese-basic:4447	prefix	soan	soan-kò͘
taiwanese-basic:4447	initials	sk	soan-kò͘
taiwanese-basic:4448	full	soankoosiheng	soan-kò͘ sí-hêng
taiwanese-basic:4448	prefix	soankoo	soan-kò͘ sí-hêng
taiwanese-basic:4448	initials	sksh	soan-kò͘ sí-hêng
taiwanese-basic:4449	full	soanse	soan-sè
taiwanese-basic:4449	prefix	soa	soan-sè
taiwanese-basic:4449	initials	ss	soan-sè
taiwanese-basic:4442	full	soanthoan	soan-thoân
taiwanese-basic:4442	prefix	soant	soan-thoân
taiwanese-basic:4442	initials	st	soan-thoân
taiwanese-basic:4444	full	soanthoanhui	soan-thoân-hùi
taiwanese-basic:4444	prefix	soanth	soan-thoân-hùi
taiwanese-basic:4444	initials	sth	soan-thoân-hùi
taiwanese-basic:4443	full	soanthoantoann	soan-thoân-toaⁿ
taiwanese-basic:4443	prefix	soantho	soan-thoân-toaⁿ
taiwanese-basic:4443	initials	stt	soan-thoân-toaⁿ
taiwanese-basic:4457	full	soatbeng	soat-bêng
taiwanese-basic:4457	prefix	soat	soat-bêng
taiwanese-basic:4457	initials	sb	soat-bêng
taiwanese-basic:5263	full	soatbengtoli	soat-bêng tō-lí
taiwanese-basic:5263	prefix	soatbe	soat-bêng tō-lí
taiwanese-basic:5263	initials	sbtl	soat-bêng tō-lí
taiwanese-basic:4456	full	soatbun	soat-bûn
taiwanese-basic:4456	prefix	soat	soat-bûn
taiwanese-basic:4456	initials	sb	soat-bûn
taiwanese-basic:4431	full	soann	soaⁿ
taiwanese-basic:4431	prefix	soa	soaⁿ
taiwanese-basic:4431	initials	s	soaⁿ
taiwanese-basic:4466	full	soehbeng	soeh-bêng
taiwanese-basic:4466	prefix	soeh	soeh-bêng
taiwanese-basic:4466	initials	sb	soeh-bêng
taiwanese-basic:5263	full	soehbengtoli	soeh-bêng tō-lí
taiwanese-basic:5263	prefix	soehbe	soeh-bêng tō-lí
taiwanese-basic:5263	initials	sbtl	soeh-bêng tō-lí
taiwanese-basic:4467	full	soehsia	soeh-siā
taiwanese-basic:4467	prefix	soeh	soeh-siā
taiwanese-basic:4467	initials	ss	soeh-siā
taiwanese-basic:4468	full	soha	soh-á
taiwanese-basic:4468	prefix	so	soh-á
taiwanese-basic:4468	initials	sa	soh-á
taiwanese-basic:4470	full	songsu	song-sū
taiwanese-basic:4470	prefix	son	song-sū
taiwanese-basic:4470	initials	ss	song-sū
taiwanese-basic:4450	full	soansut	soàn-su̍t
taiwanese-basic:4450	prefix	soan	soàn-su̍t
taiwanese-basic:4450	initials	ss	soàn-su̍t
taiwanese-basic:4454	full	soanthau	soàn-thâu
taiwanese-basic:4454	prefix	soan	soàn-thâu
taiwanese-basic:4454	initials	st	soàn-thâu
taiwanese-basic:4455	full	soana	soàn-á
taiwanese-basic:4455	prefix	soa	soàn-á
taiwanese-basic:4455	initials	sa	soàn-á
taiwanese-basic:4451	full	soan	soán
taiwanese-basic:4451	prefix	so	soán
taiwanese-basic:4451	initials	s	soán
taiwanese-basic:4452	full	soanchhiu	soán-chhiú
taiwanese-basic:4452	prefix	soanc	soán-chhiú
taiwanese-basic:4452	initials	sc	soán-chhiú
taiwanese-basic:4453	full	soanki	soán-kí
taiwanese-basic:4453	prefix	soa	soán-kí
taiwanese-basic:4453	initials	sk	soán-kí
taiwanese-basic:4421	full	soo	so͘
taiwanese-basic:4421	prefix	so	so͘
taiwanese-basic:4421	initials	s	so͘
taiwanese-basic:5278	full	soochhi	so͘-chhī
taiwanese-basic:5278	prefix	sooc	so͘-chhī
taiwanese-basic:5278	initials	sc	so͘-chhī
taiwanese-basic:4476	full	su	su
taiwanese-basic:4476	prefix	s	su
taiwanese-basic:4476	initials	s	su
taiwanese-basic:4487	full	suhoeh	su-hoeh
taiwanese-basic:4487	prefix	suh	su-hoeh
taiwanese-basic:4487	initials	sh	su-hoeh
taiwanese-basic:1488	full	suhoanhakhau	su-hoān ha̍k-hāu
taiwanese-basic:1488	prefix	suhoan	su-hoān ha̍k-hāu
taiwanese-basic:1488	initials	shhh	su-hoān ha̍k-hāu
taiwanese-basic:4487	full	suhuih	su-huih
taiwanese-basic:4487	prefix	suh	su-huih
taiwanese-basic:4487	initials	sh	su-huih
taiwanese-basic:4484	full	suiau	su-iàu
taiwanese-basic:4484	prefix	sui	su-iàu
taiwanese-basic:4484	initials	si	su-iàu
taiwanese-basic:5422	full	suki	su-ki
taiwanese-basic:5422	prefix	su	su-ki
taiwanese-basic:5422	initials	sk	su-ki
taiwanese-basic:4479	full	sulip	su-li̍p
taiwanese-basic:4479	prefix	sul	su-li̍p
taiwanese-basic:4479	initials	sl	su-li̍p
taiwanese-basic:4480	full	susiat	su-siat
taiwanese-basic:4480	prefix	sus	su-siat
taiwanese-basic:4480	initials	ss	su-siat
taiwanese-basic:1210	full	susim	su-sim
taiwanese-basic:1210	prefix	sus	su-sim
taiwanese-basic:1210	initials	ss	su-sim
taiwanese-basic:4481	full	susiong	su-sióng
taiwanese-basic:4481	prefix	susi	su-sióng
taiwanese-basic:4481	initials	ss	su-sióng
taiwanese-basic:4270	full	susimphoann	su-sím-phòaⁿ
taiwanese-basic:4270	prefix	susimp	su-sím-phòaⁿ
taiwanese-basic:4270	initials	ssp	su-sím-phòaⁿ
taiwanese-basic:4492	full	suh	suh
taiwanese-basic:4492	prefix	su	suh
taiwanese-basic:4492	initials	s	suh
taiwanese-basic:4495	full	suijian	sui-jiân
taiwanese-basic:4495	prefix	suij	sui-jiân
taiwanese-basic:4495	initials	sj	sui-jiân
taiwanese-basic:4501	full	suna	sun-á
taiwanese-basic:4501	prefix	su	sun-á
taiwanese-basic:4501	initials	sa	sun-á
taiwanese-basic:4507	full	suttit	sut-ti̍t
taiwanese-basic:4507	prefix	sut	sut-ti̍t
taiwanese-basic:4507	initials	st	sut-ti̍t
taiwanese-basic:4059	full	sampoo	sàm-pō͘
taiwanese-basic:4059	prefix	sam	sàm-pō͘
taiwanese-basic:4059	initials	sp	sàm-pō͘
taiwanese-basic:4065	full	san	sàn
taiwanese-basic:4065	prefix	sa	sàn
taiwanese-basic:4065	initials	s	sàn
taiwanese-basic:4066	full	sanchhiahlang	sàn-chhiah-lâng
taiwanese-basic:4066	prefix	sanchhi	sàn-chhiah-lâng
taiwanese-basic:4066	initials	scl	sàn-chhiah-lâng
taiwanese-basic:4069	full	sang	sàng
taiwanese-basic:4069	prefix	sa	sàng
taiwanese-basic:4069	initials	s	sàng
taiwanese-basic:4072	full	sangikhi	sàng i khì
taiwanese-basic:4072	prefix	sang	sàng i khì
taiwanese-basic:4072	initials	sik	sàng i khì
taiwanese-basic:4071	full	sanglangkheh	sàng lâng-kheh
taiwanese-basic:4071	prefix	sangla	sàng lâng-kheh
taiwanese-basic:4071	initials	slk	sàng lâng-kheh
taiwanese-basic:4070	full	sanglebut	sàng lé bu̍t
taiwanese-basic:4070	prefix	sangl	sàng lé bu̍t
taiwanese-basic:4070	initials	slb	sàng lé bu̍t
taiwanese-basic:4505	full	sangsunhong	sàng sūn-hong
taiwanese-basic:4505	prefix	sangsu	sàng sūn-hong
taiwanese-basic:4505	initials	ssh	sàng sūn-hong
taiwanese-basic:4077	full	sau	sàu
taiwanese-basic:4077	prefix	sa	sàu
taiwanese-basic:4077	initials	s	sàu
taiwanese-basic:4079	full	sauthookha	sàu thô͘-kha
taiwanese-basic:4079	prefix	sauth	sàu thô͘-kha
taiwanese-basic:4079	initials	stk	sàu thô͘-kha
taiwanese-basic:4080	full	sauchiu	sàu-chiú
taiwanese-basic:4080	prefix	sauc	sàu-chiú
taiwanese-basic:4080	initials	sc	sàu-chiú
taiwanese-basic:4033	full	sai	sái
taiwanese-basic:4033	prefix	sa	sái
taiwanese-basic:4033	initials	s	sái
taiwanese-basic:3200	full	saichhiachinlaulian	sái chhia chin láu-liān
taiwanese-basic:3200	prefix	saichhiach	sái chhia chin láu-liān
taiwanese-basic:3200	initials	sccll	sái chhia chin láu-liān
taiwanese-basic:4035	full	saichun	sái chûn
taiwanese-basic:4035	prefix	saic	sái chûn
taiwanese-basic:4035	initials	sc	sái chûn
taiwanese-basic:4737	full	saithang	sái tháng
taiwanese-basic:4737	prefix	sait	sái tháng
taiwanese-basic:4737	initials	st	sái tháng
taiwanese-basic:4055	full	saithanga	sái-tháng-á
taiwanese-basic:4055	prefix	saith	sái-tháng-á
taiwanese-basic:4055	initials	sta	sái-tháng-á
taiwanese-basic:4060	full	sam	sám
taiwanese-basic:4060	prefix	sa	sám
taiwanese-basic:4060	initials	s	sám
taiwanese-basic:4062	full	samhoochio	sám hô͘-chio
taiwanese-basic:4062	prefix	samho	sám hô͘-chio
taiwanese-basic:4062	initials	shc	sám hô͘-chio
taiwanese-basic:4061	full	samiam	sám iâm
taiwanese-basic:4061	prefix	sam	sám iâm
taiwanese-basic:4061	initials	si	sám iâm
taiwanese-basic:4067	full	san	sán
taiwanese-basic:4067	prefix	sa	sán
taiwanese-basic:4067	initials	s	sán
taiwanese-basic:134	full	sanbah	sán-bah
taiwanese-basic:134	prefix	san	sán-bah
taiwanese-basic:134	initials	sb	sán-bah
taiwanese-basic:1153	full	sanpo	sán-pô
taiwanese-basic:1153	prefix	san	sán-pô
taiwanese-basic:1153	initials	sp	sán-pô
taiwanese-basic:4082	full	se	sè
taiwanese-basic:4082	prefix	s	sè
taiwanese-basic:4082	initials	s	sè
taiwanese-basic:1498	full	sehanginna	sè hàn gín-ná
taiwanese-basic:1498	prefix	sehan	sè hàn gín-ná
taiwanese-basic:1498	initials	shgn	sè hàn gín-ná
taiwanese-basic:4200	full	sesiann	sè siaⁿ
taiwanese-basic:4200	prefix	sesi	sè siaⁿ
taiwanese-basic:4200	initials	ss	sè siaⁿ
taiwanese-basic:4083	full	seji	sè-jī
taiwanese-basic:4083	prefix	se	sè-jī
taiwanese-basic:4083	initials	sj	sè-jī
taiwanese-basic:4086	full	sekan	sè-kan
taiwanese-basic:4086	prefix	sek	sè-kan
taiwanese-basic:4086	initials	sk	sè-kan
taiwanese-basic:4087	full	sekai	sè-kài
taiwanese-basic:4087	prefix	sek	sè-kài
taiwanese-basic:4087	initials	sk	sè-kài
taiwanese-basic:4089	full	seki	sè-kí
taiwanese-basic:4089	prefix	se	sè-kí
taiwanese-basic:4089	initials	sk	sè-kí
taiwanese-basic:4090	full	sesu	sè-sū
taiwanese-basic:4090	prefix	se	sè-sū
taiwanese-basic:4090	initials	ss	sè-sū
taiwanese-basic:4088	full	sei	sè-î
taiwanese-basic:4088	prefix	se	sè-î
taiwanese-basic:4088	initials	si	sè-î
taiwanese-basic:4121	full	seng	sèng
taiwanese-basic:4121	prefix	se	sèng
taiwanese-basic:4121	initials	s	sèng
taiwanese-basic:4129	full	sengjioksek	sèng jio̍k-sek
taiwanese-basic:4129	prefix	sengji	sèng jio̍k-sek
taiwanese-basic:4129	initials	sjs	sèng jio̍k-sek
taiwanese-basic:4128	full	sengbo	sèng-bó
taiwanese-basic:4128	prefix	sen	sèng-bó
taiwanese-basic:4128	initials	sb	sèng-bó
taiwanese-basic:3104	full	sengbokun	sèng-bô-kun
taiwanese-basic:3104	prefix	sengb	sèng-bô-kun
taiwanese-basic:3104	initials	sbk	sèng-bô-kun
taiwanese-basic:4128	full	sengbu	sèng-bú
taiwanese-basic:4128	prefix	sen	sèng-bú
taiwanese-basic:4128	initials	sb	sèng-bú
taiwanese-basic:2053	full	sengiu	sèng-iû
taiwanese-basic:2053	prefix	sen	sèng-iû
taiwanese-basic:2053	initials	si	sèng-iû
taiwanese-basic:4132	full	sengkeng	sèng-keng
taiwanese-basic:4132	prefix	seng	sèng-keng
taiwanese-basic:4132	initials	sk	sèng-keng
taiwanese-basic:2911	full	sengkoa	sèng-koa
taiwanese-basic:2911	prefix	seng	sèng-koa
taiwanese-basic:2911	initials	sk	sèng-koa
taiwanese-basic:2335	full	sengkauhoe	sèng-kàu-hōe
taiwanese-basic:2335	prefix	sengk	sèng-kàu-hōe
taiwanese-basic:2335	initials	skh	sèng-kàu-hōe
taiwanese-basic:4126	full	sengsim	sèng-sim
taiwanese-basic:4126	prefix	seng	sèng-sim
taiwanese-basic:4126	initials	ss	sèng-sim
taiwanese-basic:4317	full	sengsiong	sèng-siōng
taiwanese-basic:4317	prefix	sengs	sèng-siōng
taiwanese-basic:4317	initials	ss	sèng-siōng
taiwanese-basic:4127	full	sengthiong	sèng-thióng
taiwanese-basic:4127	prefix	sengt	sèng-thióng
taiwanese-basic:4127	initials	st	sèng-thióng
taiwanese-basic:4123	full	sengthe	sèng-thé
taiwanese-basic:4123	prefix	seng	sèng-thé
taiwanese-basic:4123	initials	st	sèng-thé
taiwanese-basic:4125	full	sengthekanghok	sèng-thé kàng-hok
taiwanese-basic:4125	prefix	sengthe	sèng-thé kàng-hok
taiwanese-basic:4125	initials	stkh	sèng-thé kàng-hok
taiwanese-basic:2293	full	sengthekanghok	sèng-thé-kàng-hok
taiwanese-basic:2293	prefix	sengthe	sèng-thé-kàng-hok
taiwanese-basic:2293	initials	stkh	sèng-thé-kàng-hok
taiwanese-basic:4122	full	sengtng	sèng-tn̂g
taiwanese-basic:4122	prefix	seng	sèng-tn̂g
taiwanese-basic:4122	initials	st	sèng-tn̂g
taiwanese-basic:2836	full	sengtanchiatkionghi	sèng-tàn chiat kiong hi
taiwanese-basic:2836	prefix	sengtanchi	sèng-tàn chiat kiong hi
taiwanese-basic:2836	initials	stckh	sèng-tàn chiat kiong hi
taiwanese-basic:4131	full	sengtanlaulang	sèng-tàn lāu-lâng
taiwanese-basic:4131	prefix	sengtan	sèng-tàn lāu-lâng
taiwanese-basic:4131	initials	stll	sèng-tàn lāu-lâng
taiwanese-basic:4130	full	sengtanchiat	sèng-tàn-chiat
taiwanese-basic:4130	prefix	sengta	sèng-tàn-chiat
taiwanese-basic:4130	initials	stc	sèng-tàn-chiat
taiwanese-basic:5293	full	sengtoa	sèng-tòa
taiwanese-basic:5293	prefix	seng	sèng-tòa
taiwanese-basic:5293	initials	st	sèng-tòa
taiwanese-basic:4144	full	sengte	sèng-tē
taiwanese-basic:4144	prefix	sen	sèng-tē
taiwanese-basic:4144	initials	st	sèng-tē
taiwanese-basic:4165	full	senn	sèⁿ
taiwanese-basic:4165	prefix	se	sèⁿ
taiwanese-basic:4165	initials	s	sèⁿ
taiwanese-basic:4081	full	se	sé
taiwanese-basic:4081	prefix	s	sé
taiwanese-basic:4081	initials	s	sé
taiwanese-basic:1313	full	seekkeng	sé-e̍k-keng
taiwanese-basic:1313	prefix	seek	sé-e̍k-keng
taiwanese-basic:1313	initials	sek	sé-e̍k-keng
taiwanese-basic:539	full	seng	séng
taiwanese-basic:539	prefix	se	séng
taiwanese-basic:539	initials	s	séng
taiwanese-basic:566	full	sengchenghu	séng chèng-hú
taiwanese-basic:566	prefix	sengch	séng chèng-hú
taiwanese-basic:566	initials	sch	séng chèng-hú
taiwanese-basic:5228	full	sengtiunn	séng-tiúⁿ
taiwanese-basic:5228	prefix	sengt	séng-tiúⁿ
taiwanese-basic:5228	initials	st	séng-tiúⁿ
taiwanese-basic:4138	full	seng	sêng
taiwanese-basic:4138	prefix	se	sêng
taiwanese-basic:4138	initials	s	sêng
taiwanese-basic:4136	full	sengchek	sêng-chek
taiwanese-basic:4136	prefix	seng	sêng-chek
taiwanese-basic:4136	initials	sc	sêng-chek
taiwanese-basic:4137	full	sengchekpio	sêng-chek-pió
taiwanese-basic:4137	prefix	sengch	sêng-chek-pió
taiwanese-basic:4137	initials	scp	sêng-chek-pió
taiwanese-basic:4112	full	sengkong	sêng-kong
taiwanese-basic:4112	prefix	seng	sêng-kong
taiwanese-basic:4112	initials	sk	sêng-kong
taiwanese-basic:4161	full	sikak	sì-kak
taiwanese-basic:4161	prefix	sik	sì-kak
taiwanese-basic:4161	initials	sk	sì-kak
taiwanese-basic:4274	full	sin	sìn
taiwanese-basic:4274	prefix	si	sìn
taiwanese-basic:4274	initials	s	sìn
taiwanese-basic:1385	full	singiong	sìn-gióng
taiwanese-basic:1385	prefix	sing	sìn-gióng
taiwanese-basic:1385	initials	sg	sìn-gióng
taiwanese-basic:4294	full	sinho	sìn-hō
taiwanese-basic:4294	prefix	sin	sìn-hō
taiwanese-basic:4294	initials	sh	sìn-hō
taiwanese-basic:4276	full	siniong	sìn-iōng
taiwanese-basic:4276	prefix	sini	sìn-iōng
taiwanese-basic:4276	initials	si	sìn-iōng
taiwanese-basic:4277	full	sintek	sìn-tek
taiwanese-basic:4277	prefix	sin	sìn-tek
taiwanese-basic:4277	initials	st	sìn-tek
taiwanese-basic:4165	full	sinn	sìⁿ
taiwanese-basic:4165	prefix	si	sìⁿ
taiwanese-basic:4165	initials	s	sìⁿ
taiwanese-basic:3442	full	sinnmia	sìⁿ-miā
taiwanese-basic:3442	prefix	sinn	sìⁿ-miā
taiwanese-basic:3442	initials	sm	sìⁿ-miā
taiwanese-basic:4155	full	sikhi	sí-khì
taiwanese-basic:4155	prefix	sik	sí-khì
taiwanese-basic:4155	initials	sk	sí-khì
taiwanese-basic:2674	full	simmihkhoan	sím-mih khoán
taiwanese-basic:2674	prefix	simmih	sím-mih khoán
taiwanese-basic:2674	initials	smk	sím-mih khoán
taiwanese-basic:4576	full	simmihsi	sím-mih-sî
taiwanese-basic:4576	prefix	simm	sím-mih-sî
taiwanese-basic:4576	initials	sms	sím-mih-sî
taiwanese-basic:4254	full	simmih	sím-mi̍h
taiwanese-basic:4254	prefix	sim	sím-mi̍h
taiwanese-basic:4254	initials	sm	sím-mi̍h
taiwanese-basic:4256	full	simmihkhoan	sím-mi̍h khoán
taiwanese-basic:4256	prefix	simmih	sím-mi̍h khoán
taiwanese-basic:4256	initials	smk	sím-mi̍h khoán
taiwanese-basic:4255	full	simmihlang	sím-mi̍h lâng
taiwanese-basic:4255	prefix	simmi	sím-mi̍h lâng
taiwanese-basic:4255	initials	sml	sím-mi̍h lâng
taiwanese-basic:4257	full	simmihsi	sím-mi̍h sî
taiwanese-basic:4257	prefix	simm	sím-mi̍h sî
taiwanese-basic:4257	initials	sms	sím-mi̍h sî
taiwanese-basic:4258	full	simmihsichun	sím-mi̍h sî-chūn
taiwanese-basic:4258	prefix	simmih	sím-mi̍h sî-chūn
taiwanese-basic:4258	initials	smsc	sím-mi̍h sî-chūn
taiwanese-basic:4259	full	simmihsoochai	sím-mi̍h só͘-chāi
taiwanese-basic:4259	prefix	simmihs	sím-mi̍h só͘-chāi
taiwanese-basic:4259	initials	smsc	sím-mi̍h só͘-chāi
taiwanese-basic:4268	full	simphoann	sím-phòaⁿ
taiwanese-basic:4268	prefix	simph	sím-phòaⁿ
taiwanese-basic:4268	initials	sp	sím-phòaⁿ
taiwanese-basic:4148	full	si	sî
taiwanese-basic:4148	prefix	s	sî
taiwanese-basic:4148	initials	s	sî
taiwanese-basic:4153	full	sicheng	sî-cheng
taiwanese-basic:4153	prefix	sich	sî-cheng
taiwanese-basic:4153	initials	sc	sî-cheng
taiwanese-basic:4149	full	sichun	sî-chūn
taiwanese-basic:4149	prefix	sic	sî-chūn
taiwanese-basic:4149	initials	sc	sî-chūn
taiwanese-basic:4150	full	sikan	sî-kan
taiwanese-basic:4150	prefix	sik	sî-kan
taiwanese-basic:4150	initials	sk	sî-kan
taiwanese-basic:3886	full	sikanpio	sî-kan-pió
taiwanese-basic:3886	prefix	sika	sî-kan-pió
taiwanese-basic:3886	initials	skp	sî-kan-pió
taiwanese-basic:3317	full	sikiann	sî-kiâⁿ
taiwanese-basic:3317	prefix	siki	sî-kiâⁿ
taiwanese-basic:3317	initials	sk	sî-kiâⁿ
taiwanese-basic:4163	full	sikoe	sî-koe
taiwanese-basic:4163	prefix	sik	sî-koe
taiwanese-basic:4163	initials	sk	sî-koe
taiwanese-basic:3885	full	sipio	sî-pió
taiwanese-basic:3885	prefix	sip	sî-pió
taiwanese-basic:3885	initials	sp	sî-pió
taiwanese-basic:1960	full	sitaieiaukiu	sî-tāi ê iàu-kiû
taiwanese-basic:1960	prefix	sitaie	sî-tāi ê iàu-kiû
taiwanese-basic:1960	initials	steik	sî-tāi ê iàu-kiû
taiwanese-basic:4272	full	sin	sîn
taiwanese-basic:4272	prefix	si	sîn
taiwanese-basic:4272	initials	s	sîn
taiwanese-basic:4284	full	sinbeng	sîn-bêng
taiwanese-basic:4284	prefix	sinb	sîn-bêng
taiwanese-basic:4284	initials	sb	sîn-bêng
taiwanese-basic:4273	full	sinbun	sîn-bûn
taiwanese-basic:4273	prefix	sin	sîn-bûn
taiwanese-basic:4273	initials	sb	sîn-bûn
taiwanese-basic:4271	full	sinhu	sîn-hū
taiwanese-basic:4271	prefix	sin	sîn-hū
taiwanese-basic:4271	initials	sh	sîn-hū
taiwanese-basic:4285	full	sinkeng	sîn-keng
taiwanese-basic:4285	prefix	sink	sîn-keng
taiwanese-basic:4285	initials	sk	sîn-keng
taiwanese-basic:4286	full	sinkengsoejiok	sîn-keng soe-jio̍k
taiwanese-basic:4286	prefix	sinkeng	sîn-keng soe-jio̍k
taiwanese-basic:4286	initials	sksj	sîn-keng soe-jio̍k
taiwanese-basic:4283	full	sinseng	sîn-sèng
taiwanese-basic:4283	prefix	sins	sîn-sèng
taiwanese-basic:4283	initials	ss	sîn-sèng
taiwanese-basic:4426	full	soa	sòa
taiwanese-basic:4426	prefix	so	sòa
taiwanese-basic:4426	initials	s	sòa
taiwanese-basic:4433	full	soann	sòaⁿ
taiwanese-basic:4433	prefix	soa	sòaⁿ
taiwanese-basic:4433	initials	s	sòaⁿ
taiwanese-basic:4438	full	soannphongphong	sòaⁿ phóng-phóng
taiwanese-basic:4438	prefix	soannpho	sòaⁿ phóng-phóng
taiwanese-basic:4438	initials	spp	sòaⁿ phóng-phóng
taiwanese-basic:1157	full	soe	sòe
taiwanese-basic:1157	prefix	so	sòe
taiwanese-basic:1157	initials	s	sòe
taiwanese-basic:4459	full	soekoan	sòe-koan
taiwanese-basic:4459	prefix	soek	sòe-koan
taiwanese-basic:4459	initials	sk	sòe-koan
taiwanese-basic:4416	full	soohak	sò͘-ha̍k
taiwanese-basic:4416	prefix	soo	sò͘-ha̍k
taiwanese-basic:4416	initials	sh	sò͘-ha̍k
taiwanese-basic:4405	full	so	só
taiwanese-basic:4405	prefix	s	só
taiwanese-basic:4405	initials	s	só
taiwanese-basic:4406	full	sokhilai	só khí-lâi
taiwanese-basic:4406	prefix	sokh	só khí-lâi
taiwanese-basic:4406	initials	skl	só khí-lâi
taiwanese-basic:2547	full	sokhilai	só--khí-lâi
taiwanese-basic:2547	prefix	sokh	só--khí-lâi
taiwanese-basic:2547	initials	skl	só--khí-lâi
taiwanese-basic:4407	full	sosi	só-sî
taiwanese-basic:4407	prefix	so	só-sî
taiwanese-basic:4407	initials	ss	só-sî
taiwanese-basic:4425	full	soa	sóa
taiwanese-basic:4425	prefix	so	sóa
taiwanese-basic:4425	initials	s	sóa
taiwanese-basic:4469	full	songkhoai	sóng-khoài
taiwanese-basic:4469	prefix	songk	sóng-khoài
taiwanese-basic:4469	initials	sk	sóng-khoài
taiwanese-basic:4414	full	soo	só͘
taiwanese-basic:4414	prefix	so	só͘
taiwanese-basic:4414	initials	s	só͘
taiwanese-basic:4411	full	soochai	só͘-chāi
taiwanese-basic:4411	prefix	sooc	só͘-chāi
taiwanese-basic:4411	initials	sc	só͘-chāi
taiwanese-basic:4417	full	soohui	só͘-hùi
taiwanese-basic:4417	prefix	soo	só͘-hùi
taiwanese-basic:4417	initials	sh	só͘-hùi
taiwanese-basic:4418	full	soohuichinchechinn	só͘-hūi chin chē chîⁿ
taiwanese-basic:4418	prefix	soohuichi	só͘-hūi chin chē chîⁿ
taiwanese-basic:4418	initials	shccc	só͘-hūi chin chē chîⁿ
taiwanese-basic:4422	full	soosuh	só͘-suh
taiwanese-basic:4422	prefix	soo	só͘-suh
taiwanese-basic:4422	initials	ss	só͘-suh
taiwanese-basic:4461	full	sooteksoe	só͘-tek sòe
taiwanese-basic:4461	prefix	soote	só͘-tek sòe
taiwanese-basic:4461	initials	sts	só͘-tek sòe
taiwanese-basic:1872	full	sooi	só͘-í
taiwanese-basic:1872	prefix	so	só͘-í
taiwanese-basic:1872	initials	si	só͘-í
taiwanese-basic:4410	full	so	sô
taiwanese-basic:4410	prefix	s	sô
taiwanese-basic:4410	initials	s	sô
taiwanese-basic:4471	full	song	sông
taiwanese-basic:4471	prefix	so	sông
taiwanese-basic:4471	initials	s	sông
taiwanese-basic:4478	full	su	sù
taiwanese-basic:4478	prefix	s	sù
taiwanese-basic:4478	initials	s	sù
taiwanese-basic:4472	full	suhong	sù-hong
taiwanese-basic:4472	prefix	suh	sù-hong
taiwanese-basic:4472	initials	sh	sù-hong
taiwanese-basic:4475	full	susi	sù-sī
taiwanese-basic:4475	prefix	su	sù-sī
taiwanese-basic:4475	initials	ss	sù-sī
taiwanese-basic:4486	full	subeng	sú-bēng
taiwanese-basic:4486	prefix	sub	sú-bēng
taiwanese-basic:4486	initials	sb	sú-bēng
taiwanese-basic:4477	full	suka	sú-ká
taiwanese-basic:4477	prefix	su	sú-ká
taiwanese-basic:4477	initials	sk	sú-ká
taiwanese-basic:4493	full	sui	súi
taiwanese-basic:4493	prefix	su	súi
taiwanese-basic:4493	initials	s	súi
taiwanese-basic:4502	full	sunhai	sún-hāi
taiwanese-basic:4502	prefix	sun	sún-hāi
taiwanese-basic:4502	initials	sh	sún-hāi
taiwanese-basic:4503	full	sunsit	sún-sit
taiwanese-basic:4503	prefix	sun	sún-sit
taiwanese-basic:4503	initials	ss	sún-sit
taiwanese-basic:4496	full	suipian	sûi-piān
taiwanese-basic:4496	prefix	suip	sûi-piān
taiwanese-basic:4496	initials	sp	sûi-piān
taiwanese-basic:4494	full	suisi	sûi-sî
taiwanese-basic:4494	prefix	sui	sûi-sî
taiwanese-basic:4494	initials	ss	sûi-sî
taiwanese-basic:4115	full	seng	sēng
taiwanese-basic:4115	prefix	se	sēng
taiwanese-basic:4115	initials	s	sēng
taiwanese-basic:4116	full	senggina	sēng gín-á
taiwanese-basic:4116	prefix	seng	sēng gín-á
taiwanese-basic:4116	initials	sga	sēng gín-á
taiwanese-basic:4147	full	si	sī
taiwanese-basic:4147	prefix	s	sī
taiwanese-basic:4147	initials	s	sī
taiwanese-basic:4158	full	sise	sī-sè
taiwanese-basic:4158	prefix	si	sī-sè
taiwanese-basic:4158	initials	ss	sī-sè
taiwanese-basic:4157	full	sitoa	sī-tōa
taiwanese-basic:4157	prefix	sit	sī-tōa
taiwanese-basic:4157	initials	st	sī-tōa
taiwanese-basic:4159	full	sitoalang	sī-tōa lâng
taiwanese-basic:4159	prefix	sitoa	sī-tōa lâng
taiwanese-basic:4159	initials	stl	sī-tōa lâng
taiwanese-basic:4175	full	sinn	sīⁿ
taiwanese-basic:4175	prefix	si	sīⁿ
taiwanese-basic:4175	initials	s	sīⁿ
taiwanese-basic:4176	full	sinniam	sīⁿ-iâm
taiwanese-basic:4176	prefix	sinn	sīⁿ-iâm
taiwanese-basic:4176	initials	si	sīⁿ-iâm
taiwanese-basic:4401	full	sng	sńg
taiwanese-basic:4401	prefix	sn	sńg
taiwanese-basic:4401	initials	s	sńg
taiwanese-basic:4441	full	soanna	sōaⁿ-á
taiwanese-basic:4441	prefix	soa	sōaⁿ-á
taiwanese-basic:4441	initials	sa	sōaⁿ-á
taiwanese-basic:4483	full	su	sū
taiwanese-basic:4483	prefix	s	sū
taiwanese-basic:4483	initials	s	sū
taiwanese-basic:4482	full	sucheng	sū-chêng
taiwanese-basic:4482	prefix	such	sū-chêng
taiwanese-basic:4482	initials	sc	sū-chêng
taiwanese-basic:4488	full	sugiap	sū-gia̍p
taiwanese-basic:4488	prefix	sug	sū-gia̍p
taiwanese-basic:4488	initials	sg	sū-gia̍p
taiwanese-basic:4489	full	sukoo	sū-kò͘
taiwanese-basic:4489	prefix	suk	sū-kò͘
taiwanese-basic:4489	initials	sk	sū-kò͘
taiwanese-basic:4491	full	susit	sū-si̍t
taiwanese-basic:4491	prefix	sus	sū-si̍t
taiwanese-basic:4491	initials	ss	sū-si̍t
taiwanese-basic:4504	full	sunhong	sūn-hong
taiwanese-basic:4504	prefix	sunh	sūn-hong
taiwanese-basic:4504	initials	sh	sūn-hong
taiwanese-basic:4427	full	sunsoa	sūn-sòa
taiwanese-basic:4427	prefix	sun	sūn-sòa
taiwanese-basic:4427	initials	ss	sūn-sòa
taiwanese-basic:4403	full	sngpoann	sǹg-pôaⁿ
taiwanese-basic:4403	prefix	sngp	sǹg-pôaⁿ
taiwanese-basic:4403	initials	sp	sǹg-pôaⁿ
taiwanese-basic:4402	full	sngsiau	sǹg-siàu
taiwanese-basic:4402	prefix	sngs	sǹg-siàu
taiwanese-basic:4402	initials	ss	sǹg-siàu
taiwanese-basic:4509	full	tase	ta-sé
taiwanese-basic:4509	prefix	ta	ta-sé
taiwanese-basic:4509	initials	ts	ta-sé
taiwanese-basic:4520	full	tah	tah
taiwanese-basic:4520	prefix	ta	tah
taiwanese-basic:4520	initials	t	tah
taiwanese-basic:4521	full	tahiuphio	tah iû phiò
taiwanese-basic:4521	prefix	tahiu	tah iû phiò
taiwanese-basic:4521	initials	tip	tah iû phiò
taiwanese-basic:3784	full	tahiuphio	tah iû-phiò
taiwanese-basic:3784	prefix	tahiu	tah iû-phiò
taiwanese-basic:3784	initials	tip	tah iû-phiò
taiwanese-basic:4561	full	tak	tak
taiwanese-basic:4561	prefix	ta	tak
taiwanese-basic:4561	initials	t	tak
taiwanese-basic:4567	full	tam	tam
taiwanese-basic:4567	prefix	ta	tam
taiwanese-basic:4567	initials	t	tam
taiwanese-basic:4566	full	tamtng	tam-tng
taiwanese-basic:4566	prefix	tam	tam-tng
taiwanese-basic:4566	initials	tt	tam-tng
taiwanese-basic:4575	full	tansun	tan-sûn
taiwanese-basic:4575	prefix	tan	tan-sûn
taiwanese-basic:4575	initials	ts	tan-sûn
taiwanese-basic:4578	full	tang	tang
taiwanese-basic:4578	prefix	ta	tang
taiwanese-basic:4578	initials	t	tang
taiwanese-basic:4595	full	tangiunn	tang-iûⁿ
taiwanese-basic:4595	prefix	tang	tang-iûⁿ
taiwanese-basic:4595	initials	ti	tang-iûⁿ
taiwanese-basic:2983	full	tangkoe	tang-koe
taiwanese-basic:2983	prefix	tang	tang-koe
taiwanese-basic:2983	initials	tk	tang-koe
taiwanese-basic:4596	full	tangsai	tang-sai
taiwanese-basic:4596	prefix	tang	tang-sai
taiwanese-basic:4596	initials	ts	tang-sai
taiwanese-basic:4576	full	tangsi	tang-sî
taiwanese-basic:4576	prefix	tan	tang-sî
taiwanese-basic:4576	initials	ts	tang-sî
taiwanese-basic:4589	full	tangthinn	tang-thiⁿ
taiwanese-basic:4589	prefix	tangt	tang-thiⁿ
taiwanese-basic:4589	initials	tt	tang-thiⁿ
taiwanese-basic:4598	full	tattioh	tat--tio̍h
taiwanese-basic:4598	prefix	tatt	tat--tio̍h
taiwanese-basic:4598	initials	tt	tat--tio̍h
taiwanese-basic:4604	full	tau	tau
taiwanese-basic:4604	prefix	ta	tau
taiwanese-basic:4604	initials	t	tau
taiwanese-basic:4522	full	tah	ta̍h
taiwanese-basic:4522	prefix	ta	ta̍h
taiwanese-basic:4522	initials	t	ta̍h
taiwanese-basic:3481	full	tak	ta̍k
taiwanese-basic:3481	prefix	ta	ta̍k
taiwanese-basic:3481	initials	t	ta̍k
taiwanese-basic:4551	full	takchaichi	ta̍k chái-chí
taiwanese-basic:4551	prefix	takch	ta̍k chái-chí
taiwanese-basic:4551	initials	tcc	ta̍k chái-chí
taiwanese-basic:4550	full	takchujit	ta̍k chú-ji̍t
taiwanese-basic:4550	prefix	takch	ta̍k chú-ji̍t
taiwanese-basic:4550	initials	tcj	ta̍k chú-ji̍t
taiwanese-basic:4553	full	takepoo	ta̍k e-po͘
taiwanese-basic:4553	prefix	take	ta̍k e-po͘
taiwanese-basic:4553	initials	tep	ta̍k e-po͘
taiwanese-basic:4552	full	takengam	ta̍k eng-àm
taiwanese-basic:4552	prefix	take	ta̍k eng-àm
taiwanese-basic:4552	initials	tea	ta̍k eng-àm
taiwanese-basic:4556	full	takgoehjit	ta̍k goe̍h-ji̍t
taiwanese-basic:4556	prefix	takgo	ta̍k goe̍h-ji̍t
taiwanese-basic:4556	initials	tgj	ta̍k goe̍h-ji̍t
taiwanese-basic:4560	full	takkengpangkeng	ta̍k keng pâng-keng
taiwanese-basic:4560	prefix	takkengp	ta̍k keng pâng-keng
taiwanese-basic:4560	initials	tkpk	ta̍k keng pâng-keng
taiwanese-basic:4559	full	takkhoan	ta̍k khoán
taiwanese-basic:4559	prefix	takk	ta̍k khoán
taiwanese-basic:4559	initials	tk	ta̍k khoán
taiwanese-basic:4556	full	takkoogoeh	ta̍k kó͘-goe̍h
taiwanese-basic:4556	prefix	takko	ta̍k kó͘-goe̍h
taiwanese-basic:4556	initials	tkg	ta̍k kó͘-goe̍h
taiwanese-basic:4555	full	taklepai	ta̍k lé-pài
taiwanese-basic:4555	prefix	takl	ta̍k lé-pài
taiwanese-basic:4555	initials	tlp	ta̍k lé-pài
taiwanese-basic:4557	full	takni	ta̍k nî
taiwanese-basic:4557	prefix	tak	ta̍k nî
taiwanese-basic:4557	initials	tn	ta̍k nî
taiwanese-basic:4548	full	take	ta̍k ê
taiwanese-basic:4548	prefix	ta	ta̍k ê
taiwanese-basic:4548	initials	te	ta̍k ê
taiwanese-basic:4554	full	takjit	ta̍k-ji̍t
taiwanese-basic:4554	prefix	tak	ta̍k-ji̍t
taiwanese-basic:4554	initials	tj	ta̍k-ji̍t
taiwanese-basic:4535	full	takke	ta̍k-ke
taiwanese-basic:4535	prefix	tak	ta̍k-ke
taiwanese-basic:4535	initials	tk	ta̍k-ke
taiwanese-basic:3632	full	takpai	ta̍k-pái
taiwanese-basic:3632	prefix	tak	ta̍k-pái
taiwanese-basic:3632	initials	tp	ta̍k-pái
taiwanese-basic:4552	full	takam	ta̍k-àm
taiwanese-basic:4552	prefix	tak	ta̍k-àm
taiwanese-basic:4552	initials	ta	ta̍k-àm
taiwanese-basic:4599	full	tat	ta̍t
taiwanese-basic:4599	prefix	ta	ta̍t
taiwanese-basic:4599	initials	t	ta̍t
taiwanese-basic:4513	full	tann	taⁿ
taiwanese-basic:4513	prefix	ta	taⁿ
taiwanese-basic:4513	initials	t	taⁿ
taiwanese-basic:4517	full	tanntann	taⁿ tàⁿ
taiwanese-basic:4517	prefix	tann	taⁿ tàⁿ
taiwanese-basic:4517	initials	tt	taⁿ tàⁿ
taiwanese-basic:4651	full	teh	teh
taiwanese-basic:4651	prefix	te	teh
taiwanese-basic:4651	initials	t	teh
taiwanese-basic:381	full	tehboeh	teh boeh
taiwanese-basic:381	prefix	tehb	teh boeh
taiwanese-basic:381	initials	tb	teh boeh
taiwanese-basic:4652	full	tehboeh	teh-boeh
taiwanese-basic:4652	prefix	tehb	teh-boeh
taiwanese-basic:4652	initials	tb	teh-boeh
taiwanese-basic:4654	full	tek	tek
taiwanese-basic:4654	prefix	te	tek
taiwanese-basic:4654	initials	t	tek
taiwanese-basic:4659	full	tekchoe	tek-chōe
taiwanese-basic:4659	prefix	tekc	tek-chōe
taiwanese-basic:4659	initials	tc	tek-chōe
taiwanese-basic:4663	full	tekheng	tek-hēng
taiwanese-basic:4663	prefix	tekh	tek-hēng
taiwanese-basic:4663	initials	th	tek-hēng
taiwanese-basic:4658	full	tekkhak	tek-khak
taiwanese-basic:4658	prefix	tekk	tek-khak
taiwanese-basic:4658	initials	tk	tek-khak
taiwanese-basic:4664	full	tekkok	tek-kok
taiwanese-basic:4664	prefix	tek	tek-kok
taiwanese-basic:4664	initials	tk	tek-kok
taiwanese-basic:3602	full	tekkokoe	tek-kok-ōe
taiwanese-basic:3602	prefix	tekk	tek-kok-ōe
taiwanese-basic:3602	initials	tko	tek-kok-ōe
taiwanese-basic:4659	full	teksit	tek-sit
taiwanese-basic:4659	prefix	tek	tek-sit
taiwanese-basic:4659	initials	ts	tek-sit
taiwanese-basic:4657	full	teksun	tek-sún
taiwanese-basic:4657	prefix	tek	tek-sún
taiwanese-basic:4657	initials	ts	tek-sún
taiwanese-basic:4684	full	tenghoekoanche	teng-hóe koán-chè
taiwanese-basic:4684	prefix	tenghoe	teng-hóe koán-chè
taiwanese-basic:4684	initials	thkc	teng-hóe koán-chè
taiwanese-basic:4614	full	tenghoetau	teng-hóe-tàu
taiwanese-basic:4614	prefix	tengh	teng-hóe-tàu
taiwanese-basic:4614	initials	tht	teng-hóe-tàu
taiwanese-basic:4685	full	tengki	teng-kì
taiwanese-basic:4685	prefix	ten	teng-kì
taiwanese-basic:4685	initials	tk	teng-kì
taiwanese-basic:4683	full	tengtai	teng-tâi
taiwanese-basic:4683	prefix	teng	teng-tâi
taiwanese-basic:4683	initials	tt	teng-tâi
taiwanese-basic:4677	full	tenga	teng-á
taiwanese-basic:4677	prefix	ten	teng-á
taiwanese-basic:4677	initials	ta	teng-á
taiwanese-basic:4660	full	tekpiat	te̍k-pia̍t
taiwanese-basic:4660	prefix	tekp	te̍k-pia̍t
taiwanese-basic:4660	initials	tp	te̍k-pia̍t
taiwanese-basic:4662	full	tekpiatchui	te̍k-pia̍t chù-ì
taiwanese-basic:4662	prefix	tekpia	te̍k-pia̍t chù-ì
taiwanese-basic:4662	initials	tpci	te̍k-pia̍t chù-ì
taiwanese-basic:4704	full	thai	thai
taiwanese-basic:4704	prefix	th	thai
taiwanese-basic:4704	initials	t	thai
taiwanese-basic:4705	full	thaia	thai-á
taiwanese-basic:4705	prefix	tha	thai-á
taiwanese-basic:4705	initials	ta	thai-á
taiwanese-basic:4893	full	thainchusengchu	thain-chú sèng-chú
taiwanese-basic:4893	prefix	thainchu	thain-chú sèng-chú
taiwanese-basic:4893	initials	tcsc	thain-chú sèng-chú
taiwanese-basic:4720	full	thamsim	tham-sim
taiwanese-basic:4720	prefix	tham	tham-sim
taiwanese-basic:4720	initials	ts	tham-sim
taiwanese-basic:4719	full	thamtho	tham-tho
taiwanese-basic:4719	prefix	tham	tham-tho
taiwanese-basic:4719	initials	tt	tham-tho
taiwanese-basic:4738	full	thang	thang
taiwanese-basic:4738	prefix	tha	thang
taiwanese-basic:4738	initials	t	thang
taiwanese-basic:4742	full	thanga	thang-á
taiwanese-basic:4742	prefix	tha	thang-á
taiwanese-basic:4742	initials	ta	thang-á
taiwanese-basic:4743	full	thangamng	thang-á-mn̂g
taiwanese-basic:4743	prefix	thang	thang-á-mn̂g
taiwanese-basic:4743	initials	tam	thang-á-mn̂g
taiwanese-basic:3951	full	thangamngpoahlohba	thang-á-mn̂g poa̍h-lo̍h-bá
taiwanese-basic:3951	prefix	thangamng	thang-á-mn̂g poa̍h-lo̍h-bá
taiwanese-basic:3951	initials	tamplb	thang-á-mn̂g poa̍h-lo̍h-bá
taiwanese-basic:2542	full	thangamngkheng	thang-á-mn̂g-kheng
taiwanese-basic:2542	prefix	thangam	thang-á-mn̂g-kheng
taiwanese-basic:2542	initials	tamk	thang-á-mn̂g-kheng
taiwanese-basic:4744	full	that	that
taiwanese-basic:4744	prefix	th	that
taiwanese-basic:4744	initials	t	that
taiwanese-basic:4747	full	thathinnkhang	that hīⁿ-khang
taiwanese-basic:4747	prefix	thathin	that hīⁿ-khang
taiwanese-basic:4747	initials	thk	that hīⁿ-khang
taiwanese-basic:4745	full	thatkiu	that-kiû
taiwanese-basic:4745	prefix	that	that-kiû
taiwanese-basic:4745	initials	tk	that-kiû
taiwanese-basic:4748	full	thatla	that-lá
taiwanese-basic:4748	prefix	tha	that-lá
taiwanese-basic:4748	initials	tl	that-lá
taiwanese-basic:4762	full	thau	thau
taiwanese-basic:4762	prefix	th	thau
taiwanese-basic:4762	initials	t	thau
taiwanese-basic:4763	full	thauchohun	thau chò hun
taiwanese-basic:4763	prefix	thauc	thau chò hun
taiwanese-basic:4763	initials	tch	thau chò hun
taiwanese-basic:2652	full	thaukhoann	thau khòaⁿ
taiwanese-basic:2652	prefix	thauk	thau khòaⁿ
taiwanese-basic:2652	initials	tk	thau khòaⁿ
taiwanese-basic:4764	full	thauinginphio	thau ìn gîn-phiò
taiwanese-basic:4764	prefix	thauing	thau ìn gîn-phiò
taiwanese-basic:4764	initials	tigp	thau ìn gîn-phiò
taiwanese-basic:4768	full	thauchiah	thau-chia̍h
taiwanese-basic:4768	prefix	thauc	thau-chia̍h
taiwanese-basic:4768	initials	tc	thau-chia̍h
taiwanese-basic:4770	full	thaukhan	thau-khan
taiwanese-basic:4770	prefix	thau	thau-khan
taiwanese-basic:4770	initials	tk	thau-khan
taiwanese-basic:4766	full	thaukhoann	thau-khòaⁿ
taiwanese-basic:4766	prefix	thauk	thau-khòaⁿ
taiwanese-basic:4766	initials	tk	thau-khòaⁿ
taiwanese-basic:4769	full	thaukong	thau-kóng
taiwanese-basic:4769	prefix	thau	thau-kóng
taiwanese-basic:4769	initials	tk	thau-kóng
taiwanese-basic:4765	full	thautheh	thau-the̍h
taiwanese-basic:4765	prefix	thau	thau-the̍h
taiwanese-basic:4765	initials	tt	thau-the̍h
taiwanese-basic:4767	full	thauthiann	thau-thiaⁿ
taiwanese-basic:4767	prefix	thaut	thau-thiaⁿ
taiwanese-basic:4767	initials	tt	thau-thiaⁿ
taiwanese-basic:5124	full	thautian	thau-tiān
taiwanese-basic:5124	prefix	thau	thau-tiān
taiwanese-basic:5124	initials	tt	thau-tiān
taiwanese-basic:4707	full	thak	tha̍k
taiwanese-basic:4707	prefix	th	tha̍k
taiwanese-basic:4707	initials	t	tha̍k
taiwanese-basic:4717	full	thakbekhi	tha̍k bē khì
taiwanese-basic:4717	prefix	thakb	tha̍k bē khì
taiwanese-basic:4717	initials	tbk	tha̍k bē khì
taiwanese-basic:4715	full	thakbelai	tha̍k bē lâi
taiwanese-basic:4715	prefix	thakb	tha̍k bē lâi
taiwanese-basic:4715	initials	tbl	tha̍k bē lâi
taiwanese-basic:4718	full	thakchhehkeng	tha̍k chheh keng
taiwanese-basic:4718	prefix	thakchh	tha̍k chheh keng
taiwanese-basic:4718	initials	tck	tha̍k chheh keng
taiwanese-basic:4711	full	thakhoosek	tha̍k hō͘ se̍k
taiwanese-basic:4711	prefix	thakh	tha̍k hō͘ se̍k
taiwanese-basic:4711	initials	ths	tha̍k hō͘ se̍k
taiwanese-basic:4710	full	thaktoli	tha̍k tō-lí
taiwanese-basic:4710	prefix	thak	tha̍k tō-lí
taiwanese-basic:4710	initials	ttl	tha̍k tō-lí
taiwanese-basic:4716	full	thakekhi	tha̍k ē khì
taiwanese-basic:4716	prefix	thak	tha̍k ē khì
taiwanese-basic:4716	initials	tek	tha̍k ē khì
taiwanese-basic:4714	full	thakelai	tha̍k ē lâi
taiwanese-basic:4714	prefix	thak	tha̍k ē lâi
taiwanese-basic:4714	initials	tel	tha̍k ē lâi
taiwanese-basic:4708	full	thakchheh	tha̍k-chheh
taiwanese-basic:4708	prefix	thakc	tha̍k-chheh
taiwanese-basic:4708	initials	tc	tha̍k-chheh
taiwanese-basic:3666	full	thakchhehkeng	tha̍k-chheh-keng
taiwanese-basic:3666	prefix	thakchh	tha̍k-chheh-keng
taiwanese-basic:3666	initials	tck	tha̍k-chheh-keng
taiwanese-basic:2566	full	thakkhi	tha̍k-khí
taiwanese-basic:2566	prefix	thak	tha̍k-khí
taiwanese-basic:2566	initials	tk	tha̍k-khí
taiwanese-basic:4713	full	thaksoah	tha̍k-soah
taiwanese-basic:4713	prefix	thak	tha̍k-soah
taiwanese-basic:4713	initials	ts	tha̍k-soah
taiwanese-basic:4792	full	theh	the̍h
taiwanese-basic:4792	prefix	th	the̍h
taiwanese-basic:4792	initials	t	the̍h
taiwanese-basic:4795	full	thehchhutkhi	the̍h--chhut--khì
taiwanese-basic:4795	prefix	thehch	the̍h--chhut--khì
taiwanese-basic:4795	initials	tck	the̍h--chhut--khì
taiwanese-basic:4796	full	thehchhutlai	the̍h--chhut--lâi
taiwanese-basic:4796	prefix	thehch	the̍h--chhut--lâi
taiwanese-basic:4796	initials	tcl	the̍h--chhut--lâi
taiwanese-basic:4800	full	thehjipkhi	the̍h--ji̍p-khì
taiwanese-basic:4800	prefix	thehj	the̍h--ji̍p-khì
taiwanese-basic:4800	initials	tjk	the̍h--ji̍p-khì
taiwanese-basic:4799	full	thehjiplai	the̍h--ji̍p-lâi
taiwanese-basic:4799	prefix	thehj	the̍h--ji̍p-lâi
taiwanese-basic:4799	initials	tjl	the̍h--ji̍p-lâi
taiwanese-basic:4794	full	thehkhi	the̍h--khì
taiwanese-basic:4794	prefix	theh	the̍h--khì
taiwanese-basic:4794	initials	tk	the̍h--khì
taiwanese-basic:4803	full	thehkhikhi	the̍h--khí-khì
taiwanese-basic:4803	prefix	thehk	the̍h--khí-khì
taiwanese-basic:4803	initials	tkk	the̍h--khí-khì
taiwanese-basic:2551	full	thehkhilai	the̍h--khí-lâi
taiwanese-basic:2551	prefix	thehk	the̍h--khí-lâi
taiwanese-basic:2551	initials	tkl	the̍h--khí-lâi
taiwanese-basic:4801	full	thehlohkhi	the̍h--lo̍h-khì
taiwanese-basic:4801	prefix	thehl	the̍h--lo̍h-khì
taiwanese-basic:4801	initials	tlk	the̍h--lo̍h-khì
taiwanese-basic:4802	full	thehlohlai	the̍h--lo̍h-lâi
taiwanese-basic:4802	prefix	thehl	the̍h--lo̍h-lâi
taiwanese-basic:4802	initials	tll	the̍h--lo̍h-lâi
taiwanese-basic:4793	full	thehlai	the̍h--lâi
taiwanese-basic:4793	prefix	theh	the̍h--lâi
taiwanese-basic:4793	initials	tl	the̍h--lâi
taiwanese-basic:4798	full	thehtngkhi	the̍h--tńg-khì
taiwanese-basic:4798	prefix	theht	the̍h--tńg-khì
taiwanese-basic:4798	initials	ttk	the̍h--tńg-khì
taiwanese-basic:4797	full	thehtnglai	the̍h--tńg-lâi
taiwanese-basic:4797	prefix	theht	the̍h--tńg-lâi
taiwanese-basic:4797	initials	ttl	the̍h--tńg-lâi
taiwanese-basic:4842	full	thhinnte	thhiⁿ-tē
taiwanese-basic:4842	prefix	thhi	thhiⁿ-tē
taiwanese-basic:4842	initials	tt	thhiⁿ-tē
taiwanese-basic:3247	full	thiahkhui	thiah-khui
taiwanese-basic:3247	prefix	thiah	thiah-khui
taiwanese-basic:3247	initials	tk	thiah-khui
taiwanese-basic:3246	full	thiahphoa	thiah-phòa
taiwanese-basic:3246	prefix	thiah	thiah-phòa
taiwanese-basic:3246	initials	tp	thiah-phòa
taiwanese-basic:4901	full	thianchai	thian-châi
taiwanese-basic:4901	prefix	thian	thian-châi
taiwanese-basic:4901	initials	tc	thian-châi
taiwanese-basic:4890	full	thianchu	thian-chú
taiwanese-basic:4890	prefix	thia	thian-chú
taiwanese-basic:4890	initials	tc	thian-chú
taiwanese-basic:4897	full	thianchukautng	thian-chú kàu-tn̂g
taiwanese-basic:4897	prefix	thianch	thian-chú kàu-tn̂g
taiwanese-basic:4897	initials	tckt	thian-chú kàu-tn̂g
taiwanese-basic:3912	full	thianchupoiu	thian-chú pó-iū
taiwanese-basic:3912	prefix	thianc	thian-chú pó-iū
taiwanese-basic:3912	initials	tcpi	thian-chú pó-iū
taiwanese-basic:4892	full	thianchusenghu	thian-chú sèng-hū
taiwanese-basic:4892	prefix	thianch	thian-chú sèng-hū
taiwanese-basic:4892	initials	tcsh	thian-chú sèng-hū
taiwanese-basic:4894	full	thianchusengsin	thian-chú sèng-sîn
taiwanese-basic:4894	prefix	thianchu	thian-chú sèng-sîn
taiwanese-basic:4894	initials	tcss	thian-chú sèng-sîn
taiwanese-basic:4891	full	thianchukeng	thian-chú-keng
taiwanese-basic:4891	prefix	thianc	thian-chú-keng
taiwanese-basic:4891	initials	tck	thian-chú-keng
taiwanese-basic:4896	full	thianchukongkau	thian-chú-kong-kàu
taiwanese-basic:4896	prefix	thianchu	thian-chú-kong-kàu
taiwanese-basic:4896	initials	tckk	thian-chú-kong-kàu
taiwanese-basic:2333	full	thianchukongkauhoe	thian-chú-kong-kàu-hōe
taiwanese-basic:2333	prefix	thianchuk	thian-chú-kong-kàu-hōe
taiwanese-basic:2333	initials	tckkh	thian-chú-kong-kàu-hōe
taiwanese-basic:2332	full	thianchukau	thian-chú-kàu
taiwanese-basic:2332	prefix	thianc	thian-chú-kàu
taiwanese-basic:2332	initials	tck	thian-chú-kàu
taiwanese-basic:4906	full	thianhoa	thian-hoa
taiwanese-basic:4906	prefix	thia	thian-hoa
taiwanese-basic:4906	initials	th	thian-hoa
taiwanese-basic:4902	full	thianjian	thian-jiân
taiwanese-basic:4902	prefix	thian	thian-jiân
taiwanese-basic:4902	initials	tj	thian-jiân
taiwanese-basic:4905	full	thianjiansekenngphinn	thian-jiân sek ê nńg phìⁿ
taiwanese-basic:4905	prefix	thianjianse	thian-jiân sek ê nńg phìⁿ
taiwanese-basic:4905	initials	tjsenp	thian-jiân sek ê nńg phìⁿ
taiwanese-basic:4903	full	thianjiansek	thian-jiân-sek
taiwanese-basic:4903	prefix	thianj	thian-jiân-sek
taiwanese-basic:4903	initials	tjs	thian-jiân-sek
taiwanese-basic:4904	full	thianjiansekesiong	thian-jiân-sek ê siòng
taiwanese-basic:4904	prefix	thianjian	thian-jiân-sek ê siòng
taiwanese-basic:4904	initials	tjses	thian-jiân-sek ê siòng
taiwanese-basic:4907	full	thianpong	thian-pông
taiwanese-basic:4907	prefix	thian	thian-pông
taiwanese-basic:4907	initials	tp	thian-pông
taiwanese-basic:4898	full	thiansin	thian-sîn
taiwanese-basic:4898	prefix	thia	thian-sîn
taiwanese-basic:4898	initials	ts	thian-sîn
taiwanese-basic:4899	full	thiantong	thian-tông
taiwanese-basic:4899	prefix	thian	thian-tông
taiwanese-basic:4899	initials	tt	thian-tông
taiwanese-basic:4919	full	thiauikoo	thiau ì-kò͘
taiwanese-basic:4919	prefix	thiau	thiau ì-kò͘
taiwanese-basic:4919	initials	tik	thiau ì-kò͘
taiwanese-basic:4914	full	thiauchhutkhi	thiau--chhut--khì
taiwanese-basic:4914	prefix	thiauch	thiau--chhut--khì
taiwanese-basic:4914	initials	tck	thiau--chhut--khì
taiwanese-basic:4920	full	thiauchian	thiau-chiàn
taiwanese-basic:4920	prefix	thiau	thiau-chiàn
taiwanese-basic:4920	initials	tc	thiau-chiàn
taiwanese-basic:4918	full	thiaukang	thiau-kang
taiwanese-basic:4918	prefix	thiau	thiau-kang
taiwanese-basic:4918	initials	tk	thiau-kang
taiwanese-basic:4919	full	thiaukooi	thiau-kò͘-ì
taiwanese-basic:4919	prefix	thiau	thiau-kò͘-ì
taiwanese-basic:4919	initials	tki	thiau-kò͘-ì
taiwanese-basic:4919	full	thiauti	thiau-tî
taiwanese-basic:4919	prefix	thia	thiau-tî
taiwanese-basic:4919	initials	tt	thiau-tî
taiwanese-basic:4854	full	thiann	thiaⁿ
taiwanese-basic:4854	prefix	thi	thiaⁿ
taiwanese-basic:4854	initials	t	thiaⁿ
taiwanese-basic:4856	full	thiannbo	thiaⁿ bô
taiwanese-basic:4856	prefix	thia	thiaⁿ bô
taiwanese-basic:4856	initials	tb	thiaⁿ bô
taiwanese-basic:4876	full	thiannbochhengchho	thiaⁿ bô chheng-chhó
taiwanese-basic:4876	prefix	thiannboc	thiaⁿ bô chheng-chhó
taiwanese-basic:4876	initials	tbcc	thiaⁿ bô chheng-chhó
taiwanese-basic:4878	full	thiannbochin	thiaⁿ bô chin
taiwanese-basic:4878	prefix	thiann	thiaⁿ bô chin
taiwanese-basic:4878	initials	tbc	thiaⁿ bô chin
taiwanese-basic:4878	full	thiannbosiongse	thiaⁿ bô siông-sè
taiwanese-basic:4878	prefix	thiannbo	thiaⁿ bô siông-sè
taiwanese-basic:4878	initials	tbss	thiaⁿ bô siông-sè
taiwanese-basic:4875	full	thiannbechhengchho	thiaⁿ bē chheng-chhó
taiwanese-basic:4875	prefix	thiannbec	thiaⁿ bē chheng-chhó
taiwanese-basic:4875	initials	tbcc	thiaⁿ bē chheng-chhó
taiwanese-basic:4871	full	thiannbehiau	thiaⁿ bē hiáu
taiwanese-basic:4871	prefix	thiann	thiaⁿ bē hiáu
taiwanese-basic:4871	initials	tbh	thiaⁿ bē hiáu
taiwanese-basic:4873	full	thiannbetioh	thiaⁿ bē tio̍h
taiwanese-basic:4873	prefix	thiann	thiaⁿ bē tio̍h
taiwanese-basic:4873	initials	tbt	thiaⁿ bē tio̍h
taiwanese-basic:4865	full	thiannbeng	thiaⁿ bēng
taiwanese-basic:4865	prefix	thian	thiaⁿ bēng
taiwanese-basic:4865	initials	tb	thiaⁿ bēng
taiwanese-basic:4864	full	thiannchhui	thiaⁿ chhùi
taiwanese-basic:4864	prefix	thiann	thiaⁿ chhùi
taiwanese-basic:4864	initials	tc	thiaⁿ chhùi
taiwanese-basic:4862	full	thianngoaechhui	thiaⁿ góa ê chhùi
taiwanese-basic:4862	prefix	thianngo	thiaⁿ góa ê chhùi
taiwanese-basic:4862	initials	tgec	thiaⁿ góa ê chhùi
taiwanese-basic:4874	full	thiannmtioh	thiaⁿ m̄ tio̍h
taiwanese-basic:4874	prefix	thiann	thiaⁿ m̄ tio̍h
taiwanese-basic:4874	initials	tmt	thiaⁿ m̄ tio̍h
taiwanese-basic:2760	full	thianntoli	thiaⁿ tō-lí
taiwanese-basic:2760	prefix	thian	thiaⁿ tō-lí
taiwanese-basic:2760	initials	ttl	thiaⁿ tō-lí
taiwanese-basic:4872	full	thiannetioh	thiaⁿ ē tio̍h
taiwanese-basic:4872	prefix	thiann	thiaⁿ ē tio̍h
taiwanese-basic:4872	initials	tet	thiaⁿ ē tio̍h
taiwanese-basic:4864	full	thiannoe	thiaⁿ ōe
taiwanese-basic:4864	prefix	thia	thiaⁿ ōe
taiwanese-basic:4864	initials	to	thiaⁿ ōe
taiwanese-basic:4855	full	thiannu	thiaⁿ ū
taiwanese-basic:4855	prefix	thia	thiaⁿ ū
taiwanese-basic:4855	initials	tu	thiaⁿ ū
taiwanese-basic:5185	full	thianntioh	thiaⁿ--tio̍h
taiwanese-basic:5185	prefix	thian	thiaⁿ--tio̍h
taiwanese-basic:5185	initials	tt	thiaⁿ--tio̍h
taiwanese-basic:2756	full	thiannkinn	thiaⁿ-kìⁿ
taiwanese-basic:2756	prefix	thian	thiaⁿ-kìⁿ
taiwanese-basic:2756	initials	tk	thiaⁿ-kìⁿ
taiwanese-basic:4921	full	thih	thih
taiwanese-basic:4921	prefix	th	thih
taiwanese-basic:4921	initials	t	thih
taiwanese-basic:4925	full	thihkio	thih kiô
taiwanese-basic:4925	prefix	thih	thih kiô
taiwanese-basic:4925	initials	tk	thih kiô
taiwanese-basic:2442	full	thihbe	thih-bé
taiwanese-basic:2442	prefix	thi	thih-bé
taiwanese-basic:2442	initials	tb	thih-bé
taiwanese-basic:809	full	thihbechhngkhoo	thih-bé chhng-khò͘
taiwanese-basic:809	prefix	thihbech	thih-bé chhng-khò͘
taiwanese-basic:809	initials	tbck	thih-bé chhng-khò͘
taiwanese-basic:1071	full	thihbeechipchiau	thih-bé ê chip-chiàu
taiwanese-basic:1071	prefix	thihbeec	thih-bé ê chip-chiàu
taiwanese-basic:1071	initials	tbecc	thih-bé ê chip-chiàu
taiwanese-basic:4927	full	thihkangchhiunn	thih-kang-chhiúⁿ
taiwanese-basic:4927	prefix	thihkang	thih-kang-chhiúⁿ
taiwanese-basic:4927	initials	tkc	thih-kang-chhiúⁿ
taiwanese-basic:4927	full	thihkangtiunn	thih-kang-tiûⁿ
taiwanese-basic:4927	prefix	thihkan	thih-kang-tiûⁿ
taiwanese-basic:4927	initials	tkt	thih-kang-tiûⁿ
taiwanese-basic:4926	full	thihkng	thih-kńg
taiwanese-basic:4926	prefix	thih	thih-kńg
taiwanese-basic:4926	initials	tk	thih-kńg
taiwanese-basic:4922	full	thihloo	thih-lō͘
taiwanese-basic:4922	prefix	thih	thih-lō͘
taiwanese-basic:4922	initials	tl	thih-lō͘
taiwanese-basic:767	full	thittho	thit-thô
taiwanese-basic:767	prefix	thit	thit-thô
taiwanese-basic:767	initials	tt	thit-thô
taiwanese-basic:723	full	thiuchhiam	thiu chhiam
taiwanese-basic:723	prefix	thiuc	thiu chhiam
taiwanese-basic:723	initials	tc	thiu chhiam
taiwanese-basic:4911	full	thiau	thiàu
taiwanese-basic:4911	prefix	thi	thiàu
taiwanese-basic:4911	initials	t	thiàu
taiwanese-basic:2550	full	thiaukhilai	thiàu--khí-lâi
taiwanese-basic:2550	prefix	thiauk	thiàu--khí-lâi
taiwanese-basic:2550	initials	tkl	thiàu--khí-lâi
taiwanese-basic:4915	full	thiaukoekhi	thiàu--kòe--khì
taiwanese-basic:4915	prefix	thiauk	thiàu--kòe--khì
taiwanese-basic:4915	initials	tkk	thiàu--kòe--khì
taiwanese-basic:4916	full	thiaubu	thiàu-bú
taiwanese-basic:4916	prefix	thia	thiàu-bú
taiwanese-basic:4916	initials	tb	thiàu-bú
taiwanese-basic:4917	full	thiauchui	thiàu-chúi
taiwanese-basic:4917	prefix	thiau	thiàu-chúi
taiwanese-basic:4917	initials	tc	thiàu-chúi
taiwanese-basic:4852	full	thiann	thiàⁿ
taiwanese-basic:4852	prefix	thi	thiàⁿ
taiwanese-basic:4852	initials	t	thiàⁿ
taiwanese-basic:4889	full	thiam	thiám
taiwanese-basic:4889	prefix	thi	thiám
taiwanese-basic:4889	initials	t	thiám
taiwanese-basic:4908	full	thiaua	thiāu-á
taiwanese-basic:4908	prefix	thi	thiāu-á
taiwanese-basic:4908	initials	ta	thiāu-á
taiwanese-basic:4841	full	thinn	thiⁿ
taiwanese-basic:4841	prefix	thi	thiⁿ
taiwanese-basic:4841	initials	t	thiⁿ
taiwanese-basic:4849	full	thinniauboekng	thiⁿ iáu bōe kng
taiwanese-basic:4849	prefix	thinnia	thiⁿ iáu bōe kng
taiwanese-basic:4849	initials	tibk	thiⁿ iáu bōe kng
taiwanese-basic:4848	full	thinnkng	thiⁿ kng
taiwanese-basic:4848	prefix	thin	thiⁿ kng
taiwanese-basic:4848	initials	tk	thiⁿ kng
taiwanese-basic:4844	full	thinntengtee	thiⁿ téng tē ē
taiwanese-basic:4844	prefix	thinnt	thiⁿ téng tē ē
taiwanese-basic:4844	initials	ttte	thiⁿ téng tē ē
taiwanese-basic:4845	full	thinnkhi	thiⁿ-khì
taiwanese-basic:4845	prefix	thin	thiⁿ-khì
taiwanese-basic:4845	initials	tk	thiⁿ-khì
taiwanese-basic:4898	full	thinnsai	thiⁿ-sài
taiwanese-basic:4898	prefix	thin	thiⁿ-sài
taiwanese-basic:4898	initials	ts	thiⁿ-sài
taiwanese-basic:4933	full	thng	thng
taiwanese-basic:4933	prefix	th	thng
taiwanese-basic:4933	initials	t	thng
taiwanese-basic:4934	full	thngsia	thng-sî-á
taiwanese-basic:4934	prefix	thng	thng-sî-á
taiwanese-basic:4934	initials	tsa	thng-sî-á
taiwanese-basic:4930	full	thng	thn̂g
taiwanese-basic:4930	prefix	th	thn̂g
taiwanese-basic:4930	initials	t	thn̂g
taiwanese-basic:4932	full	thngjiopinn	thn̂g-jiō-pīⁿ
taiwanese-basic:4932	prefix	thngji	thn̂g-jiō-pīⁿ
taiwanese-basic:4932	initials	tjp	thn̂g-jiō-pīⁿ
taiwanese-basic:4931	full	thnga	thn̂g-á
taiwanese-basic:4931	prefix	thn	thn̂g-á
taiwanese-basic:4931	initials	ta	thn̂g-á
taiwanese-basic:4935	full	thng	thn̄g
taiwanese-basic:4935	prefix	th	thn̄g
taiwanese-basic:4935	initials	t	thn̄g
taiwanese-basic:4935	full	thngsio	thn̄g-sio
taiwanese-basic:4935	prefix	thng	thn̄g-sio
taiwanese-basic:4935	initials	ts	thn̄g-sio
taiwanese-basic:4825	full	thoa	thoa
taiwanese-basic:4825	prefix	th	thoa
taiwanese-basic:4825	initials	t	thoa
taiwanese-basic:4962	full	thoachhiaa	thoa chhia-á
taiwanese-basic:4962	prefix	thoac	thoa chhia-á
taiwanese-basic:4962	initials	tca	thoa chhia-á
taiwanese-basic:4969	full	thoaha	thoah-á
taiwanese-basic:4969	prefix	tho	thoah-á
taiwanese-basic:4969	initials	ta	thoah-á
taiwanese-basic:4968	full	thoannhoan	thoaⁿ-hoán
taiwanese-basic:4968	prefix	thoan	thoaⁿ-hoán
taiwanese-basic:4968	initials	th	thoaⁿ-hoán
taiwanese-basic:4980	full	thokjisoo	thok-jî-só͘
taiwanese-basic:4980	prefix	thokj	thok-jî-só͘
taiwanese-basic:4980	initials	tjs	thok-jî-só͘
taiwanese-basic:1755	full	thongek	thong-e̍k
taiwanese-basic:1755	prefix	thon	thong-e̍k
taiwanese-basic:1755	initials	te	thong-e̍k
taiwanese-basic:4981	full	thonghaksneg	thong-ha̍k-sneg
taiwanese-basic:4981	prefix	thongh	thong-ha̍k-sneg
taiwanese-basic:4981	initials	ths	thong-ha̍k-sneg
taiwanese-basic:4989	full	thongkan	thong-kan
taiwanese-basic:4989	prefix	thon	thong-kan
taiwanese-basic:4989	initials	tk	thong-kan
taiwanese-basic:4985	full	thongkoe	thong-kòe
taiwanese-basic:4985	prefix	thon	thong-kòe
taiwanese-basic:4985	initials	tk	thong-kòe
taiwanese-basic:4988	full	thongsiong	thong-siong
taiwanese-basic:4988	prefix	thong	thong-siong
taiwanese-basic:4988	initials	ts	thong-siong
taiwanese-basic:4987	full	thongsin	thong-sìn
taiwanese-basic:4987	prefix	thon	thong-sìn
taiwanese-basic:4987	initials	ts	thong-sìn
taiwanese-basic:4984	full	thongti	thong-ti
taiwanese-basic:4984	prefix	thon	thong-ti
taiwanese-basic:4984	initials	tt	thong-ti
taiwanese-basic:4976	full	thoanlian	thoàn-liān
taiwanese-basic:4976	prefix	thoan	thoàn-liān
taiwanese-basic:4976	initials	tl	thoàn-liān
taiwanese-basic:4977	full	thoanjiam	thoân-jiám
taiwanese-basic:4977	prefix	thoan	thoân-jiám
taiwanese-basic:4977	initials	tj	thoân-jiám
taiwanese-basic:4978	full	thoanjiampinn	thoân-jiám pīⁿ
taiwanese-basic:4978	prefix	thoanji	thoân-jiám pīⁿ
taiwanese-basic:4978	initials	tjp	thoân-jiám pīⁿ
taiwanese-basic:4971	full	thoankau	thoân-kàu
taiwanese-basic:4971	prefix	thoa	thoân-kàu
taiwanese-basic:4971	initials	tk	thoân-kàu
taiwanese-basic:4972	full	thoankaukangchok	thoân-kàu kang-chok
taiwanese-basic:4972	prefix	thoankau	thoân-kàu kang-chok
taiwanese-basic:4972	initials	tkkc	thoân-kàu kang-chok
taiwanese-basic:4973	full	thoankausiansinn	thoân-kàu sian-siⁿ
taiwanese-basic:4973	prefix	thoankau	thoân-kàu sian-siⁿ
taiwanese-basic:4973	initials	tkss	thoân-kàu sian-siⁿ
taiwanese-basic:4979	full	thoansoat	thoân-soat
taiwanese-basic:4979	prefix	thoan	thoân-soat
taiwanese-basic:4979	initials	ts	thoân-soat
taiwanese-basic:5225	full	thoantiunn	thoân-tiúⁿ
taiwanese-basic:5225	prefix	thoan	thoân-tiúⁿ
taiwanese-basic:5225	initials	tt	thoân-tiúⁿ
taiwanese-basic:4974	full	thoantohakhau	thoân-tō ha̍k-hāu
taiwanese-basic:4974	prefix	thoanto	thoân-tō ha̍k-hāu
taiwanese-basic:4974	initials	tthh	thoân-tō ha̍k-hāu
taiwanese-basic:4975	full	thoantohakseng	thoân-tō ha̍k-seng
taiwanese-basic:4975	prefix	thoanto	thoân-tō ha̍k-seng
taiwanese-basic:4975	initials	tths	thoân-tō ha̍k-seng
taiwanese-basic:4994	full	thuh	thuh
taiwanese-basic:4994	prefix	th	thuh
taiwanese-basic:4994	initials	t	thuh
taiwanese-basic:4995	full	thuhchhuikhi	thuh chhùi-khí
taiwanese-basic:4995	prefix	thuhch	thuh chhùi-khí
taiwanese-basic:4995	initials	tck	thuh chhùi-khí
taiwanese-basic:4996	full	thui	thui
taiwanese-basic:4996	prefix	th	thui
taiwanese-basic:4996	initials	t	thui
taiwanese-basic:5001	full	thun	thun
taiwanese-basic:5001	prefix	th	thun
taiwanese-basic:5001	initials	t	thun
taiwanese-basic:5003	full	thunbelohkhi	thun bē lo̍h-khì
taiwanese-basic:5003	prefix	thunbe	thun bē lo̍h-khì
taiwanese-basic:5003	initials	tblk	thun bē lo̍h-khì
taiwanese-basic:5002	full	thunlohkhi	thun--lo̍h-khì
taiwanese-basic:5002	prefix	thunl	thun--lo̍h-khì
taiwanese-basic:5002	initials	tlk	thun--lo̍h-khì
taiwanese-basic:5005	full	thunlun	thun-lún
taiwanese-basic:5005	prefix	thun	thun-lún
taiwanese-basic:5005	initials	tl	thun-lún
taiwanese-basic:4689	full	thai	thài
taiwanese-basic:4689	prefix	th	thài
taiwanese-basic:4689	initials	t	thài
taiwanese-basic:4690	full	thaitoa	thài tōa
taiwanese-basic:4690	prefix	thai	thài tōa
taiwanese-basic:4690	initials	tt	thài tōa
taiwanese-basic:4692	full	thaicha	thài-chá
taiwanese-basic:4692	prefix	thai	thài-chá
taiwanese-basic:4692	initials	tc	thài-chá
taiwanese-basic:4706	full	thaikok	thài-kok
taiwanese-basic:4706	prefix	thai	thài-kok
taiwanese-basic:4706	initials	tk	thài-kok
taiwanese-basic:4691	full	thaise	thài-sè
taiwanese-basic:4691	prefix	tha	thài-sè
taiwanese-basic:4691	initials	ts	thài-sè
taiwanese-basic:4694	full	thaithai	thài-thài
taiwanese-basic:4694	prefix	thai	thài-thài
taiwanese-basic:4694	initials	tt	thài-thài
taiwanese-basic:4693	full	thaioann	thài-òaⁿ
taiwanese-basic:4693	prefix	thai	thài-òaⁿ
taiwanese-basic:4693	initials	to	thài-òaⁿ
taiwanese-basic:4723	full	tham	thàm
taiwanese-basic:4723	prefix	th	thàm
taiwanese-basic:4723	initials	t	thàm
taiwanese-basic:4727	full	than	thàn
taiwanese-basic:4727	prefix	th	thàn
taiwanese-basic:4727	initials	t	thàn
taiwanese-basic:4726	full	thanchinn	thàn chîⁿ
taiwanese-basic:4726	prefix	thanc	thàn chîⁿ
taiwanese-basic:4726	initials	tc	thàn chîⁿ
taiwanese-basic:4730	full	thanibotileh	thàn i bô tī--leh
taiwanese-basic:4730	prefix	thanib	thàn i bô tī--leh
taiwanese-basic:4730	initials	tibtl	thàn i bô tī--leh
taiwanese-basic:4728	full	thaniauekitit	thàn iáu ē kì--tit
taiwanese-basic:4728	prefix	thaniau	thàn iáu ē kì--tit
taiwanese-basic:4728	initials	tiekt	thàn iáu ē kì--tit
taiwanese-basic:4731	full	thankihoe	thàn ki-hōe
taiwanese-basic:4731	prefix	thank	thàn ki-hōe
taiwanese-basic:4731	initials	tkh	thàn ki-hōe
taiwanese-basic:4729	full	thansio	thàn sio
taiwanese-basic:4729	prefix	than	thàn sio
taiwanese-basic:4729	initials	ts	thàn sio
taiwanese-basic:4761	full	thauhong	thàu-hong
taiwanese-basic:4761	prefix	thau	thàu-hong
taiwanese-basic:4761	initials	th	thàu-hong
taiwanese-basic:4732	full	thana	thán-á
taiwanese-basic:4732	prefix	tha	thán-á
taiwanese-basic:4732	initials	ta	thán-á
taiwanese-basic:4733	full	thang	tháng
taiwanese-basic:4733	prefix	tha	tháng
taiwanese-basic:4733	initials	t	tháng
taiwanese-basic:4782	full	thau	tháu
taiwanese-basic:4782	prefix	th	tháu
taiwanese-basic:4782	initials	t	tháu
taiwanese-basic:4695	full	thai	thâi
taiwanese-basic:4695	prefix	th	thâi
taiwanese-basic:4695	initials	t	thâi
taiwanese-basic:4699	full	thaiah	thâi ah
taiwanese-basic:4699	prefix	tha	thâi ah
taiwanese-basic:4699	initials	ta	thâi ah
taiwanese-basic:4702	full	thaiiua	thâi iū-á
taiwanese-basic:4702	prefix	thai	thâi iū-á
taiwanese-basic:4702	initials	tia	thâi iū-á
taiwanese-basic:4697	full	thaikechhiannlangkheh	thâi ke chhiáⁿ lâng-kheh
taiwanese-basic:4697	prefix	thaikechhia	thâi ke chhiáⁿ lâng-kheh
taiwanese-basic:4697	initials	tkclk	thâi ke chhiáⁿ lâng-kheh
taiwanese-basic:4701	full	thaisikoe	thâi si-koe
taiwanese-basic:4701	prefix	thais	thâi si-koe
taiwanese-basic:4701	initials	tsk	thâi si-koe
taiwanese-basic:4698	full	thaitie	thâi ti--ê
taiwanese-basic:4698	prefix	thai	thâi ti--ê
taiwanese-basic:4698	initials	tte	thâi ti--ê
taiwanese-basic:4700	full	thaionglai	thâi ông-lâi
taiwanese-basic:4700	prefix	thaio	thâi ông-lâi
taiwanese-basic:4700	initials	tol	thâi ông-lâi
taiwanese-basic:4696	full	thaisi	thâi--sí
taiwanese-basic:4696	prefix	tha	thâi--sí
taiwanese-basic:4696	initials	ts	thâi--sí
taiwanese-basic:2239	full	thaithau	thâi-thâu
taiwanese-basic:2239	prefix	thai	thâi-thâu
taiwanese-basic:2239	initials	tt	thâi-thâu
taiwanese-basic:4721	full	tham	thâm
taiwanese-basic:4721	prefix	th	thâm
taiwanese-basic:4721	initials	t	thâm
taiwanese-basic:4722	full	thamkoan	thâm-koàn
taiwanese-basic:4722	prefix	tham	thâm-koàn
taiwanese-basic:4722	initials	tk	thâm-koàn
taiwanese-basic:4741	full	thang	thâng
taiwanese-basic:4741	prefix	tha	thâng
taiwanese-basic:4741	initials	t	thâng
taiwanese-basic:4771	full	thau	thâu
taiwanese-basic:4771	prefix	th	thâu
taiwanese-basic:4771	initials	t	thâu
taiwanese-basic:4775	full	thauchithang	thâu chi̍t hāng
taiwanese-basic:4775	prefix	thauch	thâu chi̍t hāng
taiwanese-basic:4775	initials	tch	thâu chi̍t hāng
taiwanese-basic:355	full	thauchitjit	thâu chi̍t ji̍t
taiwanese-basic:355	prefix	thauch	thâu chi̍t ji̍t
taiwanese-basic:355	initials	tcj	thâu chi̍t ji̍t
taiwanese-basic:359	full	thauchitku	thâu chi̍t kù
taiwanese-basic:359	prefix	thauc	thâu chi̍t kù
taiwanese-basic:359	initials	tck	thâu chi̍t kù
taiwanese-basic:4774	full	thauchitpai	thâu chi̍t pái
taiwanese-basic:4774	prefix	thauch	thâu chi̍t pái
taiwanese-basic:4774	initials	tcp	thâu chi̍t pái
taiwanese-basic:353	full	thauchite	thâu chi̍t ê
taiwanese-basic:353	prefix	thauc	thâu chi̍t ê
taiwanese-basic:353	initials	tce	thâu chi̍t ê
taiwanese-basic:4779	full	thaulang	thâu lâng
taiwanese-basic:4779	prefix	thau	thâu lâng
taiwanese-basic:4779	initials	tl	thâu lâng
taiwanese-basic:4778	full	thautiamcheng	thâu tiám-cheng
taiwanese-basic:4778	prefix	thautia	thâu tiám-cheng
taiwanese-basic:4778	initials	ttc	thâu tiám-cheng
taiwanese-basic:361	full	thauahitgoophinn	thâu--a hit gō͘ phiⁿ
taiwanese-basic:361	prefix	thauahit	thâu--a hit gō͘ phiⁿ
taiwanese-basic:361	initials	tahgp	thâu--a hit gō͘ phiⁿ
taiwanese-basic:355	full	thauahitjit	thâu--a hit ji̍t
taiwanese-basic:355	prefix	thauah	thâu--a hit ji̍t
taiwanese-basic:355	initials	tahj	thâu--a hit ji̍t
taiwanese-basic:359	full	thauahitku	thâu--a hit kù
taiwanese-basic:359	prefix	thaua	thâu--a hit kù
taiwanese-basic:359	initials	tahk	thâu--a hit kù
taiwanese-basic:363	full	thauahitnngpai	thâu--a hit nn̄g pái
taiwanese-basic:363	prefix	thauahi	thâu--a hit nn̄g pái
taiwanese-basic:363	initials	tahnp	thâu--a hit nn̄g pái
taiwanese-basic:357	full	thauahitnnge	thâu--a hit nn̄g ê
taiwanese-basic:357	prefix	thauah	thâu--a hit nn̄g ê
taiwanese-basic:357	initials	tahne	thâu--a hit nn̄g ê
taiwanese-basic:365	full	thauahitsannku	thâu--a hit saⁿ kù
taiwanese-basic:365	prefix	thauahi	thâu--a hit saⁿ kù
taiwanese-basic:365	initials	tahsk	thâu--a hit saⁿ kù
taiwanese-basic:353	full	thauahite	thâu--a hit ê
taiwanese-basic:353	prefix	thaua	thâu--a hit ê
taiwanese-basic:353	initials	tahe	thâu--a hit ê
taiwanese-basic:4757	full	thaucheng	thâu-chêng
taiwanese-basic:4757	prefix	thauc	thâu-chêng
taiwanese-basic:4757	initials	tc	thâu-chêng
taiwanese-basic:4759	full	thauhiah	thâu-hia̍h
taiwanese-basic:4759	prefix	thau	thâu-hia̍h
taiwanese-basic:4759	initials	th	thâu-hia̍h
taiwanese-basic:4780	full	thauke	thâu-ke
taiwanese-basic:4780	prefix	tha	thâu-ke
taiwanese-basic:4780	initials	tk	thâu-ke
taiwanese-basic:4781	full	thaukeniu	thâu-ke-niû
taiwanese-basic:4781	prefix	thauk	thâu-ke-niû
taiwanese-basic:4781	initials	tkn	thâu-ke-niû
taiwanese-basic:4750	full	thaukhak	thâu-khak
taiwanese-basic:4750	prefix	thau	thâu-khak
taiwanese-basic:4750	initials	tk	thâu-khak
taiwanese-basic:3457	full	thaumoo	thâu-mô͘
taiwanese-basic:3457	prefix	thau	thâu-mô͘
taiwanese-basic:3457	initials	tm	thâu-mô͘
taiwanese-basic:4756	full	thaumooiu	thâu-mô͘ iû
taiwanese-basic:4756	prefix	thaum	thâu-mô͘ iû
taiwanese-basic:4756	initials	tmi	thâu-mô͘ iû
taiwanese-basic:4753	full	thaunau	thâu-náu
taiwanese-basic:4753	prefix	thau	thâu-náu
taiwanese-basic:4753	initials	tn	thâu-náu
taiwanese-basic:4760	full	thautua	thâu-tú-á
taiwanese-basic:4760	prefix	thau	thâu-tú-á
taiwanese-basic:4760	initials	tta	thâu-tú-á
taiwanese-basic:4785	full	the	thè
taiwanese-basic:4785	prefix	th	thè
taiwanese-basic:4785	initials	t	thè
taiwanese-basic:4791	full	thejiat	thè jia̍t
taiwanese-basic:4791	prefix	thej	thè jia̍t
taiwanese-basic:4791	initials	tj	thè jia̍t
taiwanese-basic:4790	full	theinn	thè īⁿ
taiwanese-basic:4790	prefix	the	thè īⁿ
taiwanese-basic:4790	initials	ti	thè īⁿ
taiwanese-basic:4786	full	thepoo	thè-pō͘
taiwanese-basic:4786	prefix	the	thè-pō͘
taiwanese-basic:4786	initials	tp	thè-pō͘
taiwanese-basic:4788	full	thesek	thè-sek
taiwanese-basic:4788	prefix	the	thè-sek
taiwanese-basic:4788	initials	ts	thè-sek
taiwanese-basic:4570	full	thenghau	thèng-hāu
taiwanese-basic:4570	prefix	then	thèng-hāu
taiwanese-basic:4570	initials	th	thèng-hāu
taiwanese-basic:250	full	thebian	thé-biān
taiwanese-basic:250	prefix	theb	thé-biān
taiwanese-basic:250	initials	tb	thé-biān
taiwanese-basic:250	full	thebin	thé-bīn
taiwanese-basic:250	prefix	the	thé-bīn
taiwanese-basic:250	initials	tb	thé-bīn
taiwanese-basic:4784	full	thechhau	thé-chhau
taiwanese-basic:4784	prefix	thec	thé-chhau
taiwanese-basic:4784	initials	tc	thé-chhau
taiwanese-basic:4783	full	theiok	thé-io̍k
taiwanese-basic:4783	prefix	the	thé-io̍k
taiwanese-basic:4783	initials	ti	thé-io̍k
taiwanese-basic:4787	full	thethiap	thé-thiap
taiwanese-basic:4787	prefix	thet	thé-thiap
taiwanese-basic:4787	initials	tt	thé-thiap
taiwanese-basic:4827	full	theng	thêng
taiwanese-basic:4827	prefix	the	thêng
taiwanese-basic:4827	initials	t	thêng
taiwanese-basic:4829	full	thengchhia	thêng-chhia
taiwanese-basic:4829	prefix	theng	thêng-chhia
taiwanese-basic:4829	initials	tc	thêng-chhia
taiwanese-basic:4830	full	thengkang	thêng-kang
taiwanese-basic:4830	prefix	theng	thêng-kang
taiwanese-basic:4830	initials	tk	thêng-kang
taiwanese-basic:4831	full	thengtian	thêng-tiān
taiwanese-basic:4831	prefix	theng	thêng-tiān
taiwanese-basic:4831	initials	tt	thêng-tiān
taiwanese-basic:4835	full	thi	thì
taiwanese-basic:4835	prefix	th	thì
taiwanese-basic:4835	initials	t	thì
taiwanese-basic:5080	full	thithautiam	thì thâu tiàm
taiwanese-basic:5080	prefix	thitha	thì thâu tiàm
taiwanese-basic:5080	initials	ttt	thì thâu tiàm
taiwanese-basic:4836	full	thithau	thì-thâu
taiwanese-basic:4836	prefix	thit	thì-thâu
taiwanese-basic:4836	initials	tt	thì-thâu
taiwanese-basic:4040	full	thithausaihu	thì-thâu sai-hū
taiwanese-basic:4040	prefix	thitha	thì-thâu sai-hū
taiwanese-basic:4040	initials	ttsh	thì-thâu sai-hū
taiwanese-basic:4838	full	thithautiam	thì-thâu tiàm
taiwanese-basic:4838	prefix	thitha	thì-thâu tiàm
taiwanese-basic:4838	initials	ttt	thì-thâu tiàm
taiwanese-basic:5253	full	thithauto	thì-thâu-to
taiwanese-basic:5253	prefix	thith	thì-thâu-to
taiwanese-basic:5253	initials	ttt	thì-thâu-to
taiwanese-basic:4840	full	thi	thí
taiwanese-basic:4840	prefix	th	thí
taiwanese-basic:4840	initials	t	thí
taiwanese-basic:2711	full	thikhui	thí-khui
taiwanese-basic:2711	prefix	thik	thí-khui
taiwanese-basic:2711	initials	tk	thí-khui
taiwanese-basic:4832	full	thi	thî
taiwanese-basic:4832	prefix	th	thî
taiwanese-basic:4832	initials	t	thî
taiwanese-basic:4834	full	thikhau	thî-khàu
taiwanese-basic:4834	prefix	thik	thî-khàu
taiwanese-basic:4834	initials	tk	thî-khàu
taiwanese-basic:4928	full	thin	thîn
taiwanese-basic:4928	prefix	th	thîn
taiwanese-basic:4928	initials	t	thîn
taiwanese-basic:4944	full	thotong	thò-tòng
taiwanese-basic:4944	prefix	thot	thò-tòng
taiwanese-basic:4944	initials	tt	thò-tòng
taiwanese-basic:4945	full	thotongloh	thò-tòng--lo̍h
taiwanese-basic:4945	prefix	thoto	thò-tòng--lo̍h
taiwanese-basic:4945	initials	ttl	thò-tòng--lo̍h
taiwanese-basic:4964	full	thoann	thòaⁿ
taiwanese-basic:4964	prefix	tho	thòaⁿ
taiwanese-basic:4964	initials	t	thòaⁿ
taiwanese-basic:4990	full	thonghoe	thòng-hòe
taiwanese-basic:4990	prefix	thon	thòng-hòe
taiwanese-basic:4990	initials	th	thòng-hòe
taiwanese-basic:4991	full	thonghoekeng	thòng-hòe-keng
taiwanese-basic:4991	prefix	thongh	thòng-hòe-keng
taiwanese-basic:4991	initials	thk	thòng-hòe-keng
taiwanese-basic:4993	full	thonghin	thòng-hīn
taiwanese-basic:4993	prefix	thon	thòng-hīn
taiwanese-basic:4993	initials	th	thòng-hīn
taiwanese-basic:4992	full	thongkhoo	thòng-khó͘
taiwanese-basic:4992	prefix	thong	thòng-khó͘
taiwanese-basic:4992	initials	tk	thòng-khó͘
taiwanese-basic:4959	full	thoo	thò͘
taiwanese-basic:4959	prefix	th	thò͘
taiwanese-basic:4959	initials	t	thò͘
taiwanese-basic:4958	full	thooa	thò͘-á
taiwanese-basic:4958	prefix	tho	thò͘-á
taiwanese-basic:4958	initials	ta	thò͘-á
taiwanese-basic:4940	full	tho	thó
taiwanese-basic:4940	prefix	th	thó
taiwanese-basic:4940	initials	t	thó
taiwanese-basic:4941	full	tholun	thó-lūn
taiwanese-basic:4941	prefix	tho	thó-lūn
taiwanese-basic:4941	initials	tl	thó-lūn
taiwanese-basic:4251	full	thosiau	thó-siàu
taiwanese-basic:4251	prefix	thos	thó-siàu
taiwanese-basic:4251	initials	ts	thó-siàu
taiwanese-basic:4963	full	thoannchhau	thóaⁿ-chháu
taiwanese-basic:4963	prefix	thoann	thóaⁿ-chháu
taiwanese-basic:4963	initials	tc	thóaⁿ-chháu
taiwanese-basic:4983	full	thongit	thóng-it
taiwanese-basic:4983	prefix	thon	thóng-it
taiwanese-basic:4983	initials	ti	thóng-it
taiwanese-basic:4982	full	thongti	thóng-tī
taiwanese-basic:4982	prefix	thon	thóng-tī
taiwanese-basic:4982	initials	tt	thóng-tī
taiwanese-basic:4956	full	thootoakhui	thó͘ tōa-khùi
taiwanese-basic:4956	prefix	thooto	thó͘ tōa-khùi
taiwanese-basic:4956	initials	ttk	thó͘ tōa-khùi
taiwanese-basic:4956	full	thookhui	thó͘-khùi
taiwanese-basic:4956	prefix	thoo	thó͘-khùi
taiwanese-basic:4956	initials	tk	thó͘-khùi
taiwanese-basic:4952	full	thootikong	thó͘-tī kong
taiwanese-basic:4952	prefix	thoot	thó͘-tī kong
taiwanese-basic:4952	initials	ttk	thó͘-tī kong
taiwanese-basic:2955	full	thohngkoan	thô-hn̂g koān
taiwanese-basic:2955	prefix	thohn	thô-hn̂g koān
taiwanese-basic:2955	initials	thk	thô-hn̂g koān
taiwanese-basic:4943	full	thoa	thô-á
taiwanese-basic:4943	prefix	th	thô-á
taiwanese-basic:4943	initials	ta	thô-á
taiwanese-basic:4038	full	thoochuisaihu	thô͘-chúi sai-hū
taiwanese-basic:4038	prefix	thoochu	thô͘-chúi sai-hū
taiwanese-basic:4038	initials	tcsh	thô͘-chúi sai-hū
taiwanese-basic:1838	full	thoohun	thô͘-hún
taiwanese-basic:1838	prefix	thoo	thô͘-hún
taiwanese-basic:1838	initials	th	thô͘-hún
taiwanese-basic:4947	full	thookha	thô͘-kha
taiwanese-basic:4947	prefix	thoo	thô͘-kha
taiwanese-basic:4947	initials	tk	thô͘-kha
taiwanese-basic:4954	full	thoothoann	thô͘-thòaⁿ
taiwanese-basic:4954	prefix	thoot	thô͘-thòaⁿ
taiwanese-basic:4954	initials	tt	thô͘-thòaⁿ
taiwanese-basic:4955	full	thoothoannsai	thô͘-thòaⁿ sái
taiwanese-basic:4955	prefix	thootho	thô͘-thòaⁿ sái
taiwanese-basic:4955	initials	tts	thô͘-thòaⁿ sái
taiwanese-basic:4609	full	thootau	thô͘-tāu
taiwanese-basic:4609	prefix	thoo	thô͘-tāu
taiwanese-basic:4609	initials	tt	thô͘-tāu
taiwanese-basic:2058	full	thootauiu	thô͘-tāu iû
taiwanese-basic:2058	prefix	thoot	thô͘-tāu iû
taiwanese-basic:2058	initials	tti	thô͘-tāu iû
taiwanese-basic:4951	full	thootauthnga	thô͘-tāu thn̂g-á
taiwanese-basic:4951	prefix	thoota	thô͘-tāu thn̂g-á
taiwanese-basic:4951	initials	ttta	thô͘-tāu thn̂g-á
taiwanese-basic:1748	full	thootauiu	thô͘-tāu-iû
taiwanese-basic:1748	prefix	thoot	thô͘-tāu-iû
taiwanese-basic:1748	initials	tti	thô͘-tāu-iû
taiwanese-basic:2501	full	thootaukhak	thô͘-tāu-khak
taiwanese-basic:2501	prefix	thoota	thô͘-tāu-khak
taiwanese-basic:2501	initials	ttk	thô͘-tāu-khak
taiwanese-basic:4997	full	thui	thúi
taiwanese-basic:4997	prefix	th	thúi
taiwanese-basic:4997	initials	t	thúi
taiwanese-basic:5000	full	thuia	thûi-á
taiwanese-basic:5000	prefix	thu	thûi-á
taiwanese-basic:5000	initials	ta	thûi-á
taiwanese-basic:4850	full	thinn	thīⁿ
taiwanese-basic:4850	prefix	thi	thīⁿ
taiwanese-basic:4850	initials	t	thīⁿ
taiwanese-basic:5004	full	thun	thūn
taiwanese-basic:5004	prefix	th	thūn
taiwanese-basic:5004	initials	t	thūn
taiwanese-basic:4936	full	thng	thǹg
taiwanese-basic:4936	prefix	th	thǹg
taiwanese-basic:4936	initials	t	thǹg
taiwanese-basic:4938	full	thnge	thǹg ê
taiwanese-basic:4938	prefix	thn	thǹg ê
taiwanese-basic:4938	initials	te	thǹg ê
taiwanese-basic:4939	full	thngtioh	thǹg--tio̍h
taiwanese-basic:4939	prefix	thng	thǹg--tio̍h
taiwanese-basic:4939	initials	tt	thǹg--tio̍h
taiwanese-basic:5022	full	ti	ti
taiwanese-basic:5022	prefix	t	ti
taiwanese-basic:5022	initials	t	ti
taiwanese-basic:4998	full	tithui	ti thùi
taiwanese-basic:4998	prefix	tit	ti thùi
taiwanese-basic:4998	initials	tt	ti thùi
taiwanese-basic:129	full	tibah	ti-bah
taiwanese-basic:129	prefix	tib	ti-bah
taiwanese-basic:129	initials	tb	ti-bah
taiwanese-basic:2050	full	tiiu	ti-iû
taiwanese-basic:2050	prefix	ti	ti-iû
taiwanese-basic:2050	initials	ti	ti-iû
taiwanese-basic:2927	full	tikoann	ti-koaⁿ
taiwanese-basic:2927	prefix	tiko	ti-koaⁿ
taiwanese-basic:2927	initials	tk	ti-koaⁿ
taiwanese-basic:5028	full	titu	ti-tu
taiwanese-basic:5028	prefix	ti	ti-tu
taiwanese-basic:5028	initials	tt	ti-tu
taiwanese-basic:5029	full	titusi	ti-tu-si
taiwanese-basic:5029	prefix	tit	ti-tu-si
taiwanese-basic:5029	initials	tts	ti-tu-si
taiwanese-basic:2774	full	tiakiann	ti-á-kiáⁿ
taiwanese-basic:2774	prefix	tiak	ti-á-kiáⁿ
taiwanese-basic:2774	initials	tak	ti-á-kiáⁿ
taiwanese-basic:5135	full	tianto	tian-tò
taiwanese-basic:5135	prefix	tia	tian-tò
taiwanese-basic:5135	initials	tt	tian-tò
taiwanese-basic:5147	full	tiaukootong	tiau kó͘-tóng
taiwanese-basic:5147	prefix	tiauko	tiau kó͘-tóng
taiwanese-basic:5147	initials	tkt	tiau kó͘-tóng
taiwanese-basic:5144	full	tiaucha	tiau-cha
taiwanese-basic:5144	prefix	tiau	tiau-cha
taiwanese-basic:5144	initials	tc	tiau-cha
taiwanese-basic:5145	full	tiauchahookhau	tiau-cha hō͘-kháu
taiwanese-basic:5145	prefix	tiaucha	tiau-cha hō͘-kháu
taiwanese-basic:5145	initials	tchk	tiau-cha hō͘-kháu
taiwanese-basic:5144	full	tiauchha	tiau-chhâ
taiwanese-basic:5144	prefix	tiau	tiau-chhâ
taiwanese-basic:5144	initials	tc	tiau-chhâ
taiwanese-basic:5057	full	tiah	tia̍h
taiwanese-basic:5057	prefix	ti	tia̍h
taiwanese-basic:5057	initials	t	tia̍h
taiwanese-basic:5060	full	tiahbeha	tia̍h be̍h-á
taiwanese-basic:5060	prefix	tiah	tia̍h be̍h-á
taiwanese-basic:5060	initials	tba	tia̍h be̍h-á
taiwanese-basic:5059	full	tiahthootau	tia̍h thô͘-tāu
taiwanese-basic:5059	prefix	tiahth	tia̍h thô͘-tāu
taiwanese-basic:5059	initials	ttt	tia̍h thô͘-tāu
taiwanese-basic:5058	full	tiahbi	tia̍h-bí
taiwanese-basic:5058	prefix	tia	tia̍h-bí
taiwanese-basic:5058	initials	tb	tia̍h-bí
taiwanese-basic:5152	full	tih	tih
taiwanese-basic:5152	prefix	ti	tih
taiwanese-basic:5152	initials	t	tih
taiwanese-basic:537	full	tionghoabinkokchenghu	tiong-hôa bîn-kok chèng-hú
taiwanese-basic:537	prefix	tionghoabin	tiong-hôa bîn-kok chèng-hú
taiwanese-basic:537	initials	thbkch	tiong-hôa bîn-kok chèng-hú
taiwanese-basic:5195	full	tiongkan	tiong-kan
taiwanese-basic:5195	prefix	tion	tiong-kan
taiwanese-basic:5195	initials	tk	tiong-kan
taiwanese-basic:5201	full	tiongkiong	tiong-kiōng
taiwanese-basic:5201	prefix	tiong	tiong-kiōng
taiwanese-basic:5201	initials	tk	tiong-kiōng
taiwanese-basic:5188	full	tiongkok	tiong-kok
taiwanese-basic:5188	prefix	tion	tiong-kok
taiwanese-basic:5188	initials	tk	tiong-kok
taiwanese-basic:5201	full	tiongkokkiongsantong	tiong-kok kiōng-sán-tóng
taiwanese-basic:5201	prefix	tiongkokki	tiong-kok kiōng-sán-tóng
taiwanese-basic:5201	initials	tkkst	tiong-kok kiōng-sán-tóng
taiwanese-basic:3291	full	tiongkokeliauli	tiong-kok ê liāu-lí
taiwanese-basic:3291	prefix	tiongkok	tiong-kok ê liāu-lí
taiwanese-basic:3291	initials	tkell	tiong-kok ê liāu-lí
taiwanese-basic:5189	full	tiongkoklang	tiong-kok-lâng
taiwanese-basic:5189	prefix	tiongk	tiong-kok-lâng
taiwanese-basic:5189	initials	tkl	tiong-kok-lâng
taiwanese-basic:5190	full	tiongkokoe	tiong-kok-ōe
taiwanese-basic:5190	prefix	tiong	tiong-kok-ōe
taiwanese-basic:5190	initials	tko	tiong-kok-ōe
taiwanese-basic:5199	full	tiongkoo	tiong-kó͘
taiwanese-basic:5199	prefix	tion	tiong-kó͘
taiwanese-basic:5199	initials	tk	tiong-kó͘
taiwanese-basic:5202	full	tiongliu	tiong-liû
taiwanese-basic:5202	prefix	tion	tiong-liû
taiwanese-basic:5202	initials	tl	tiong-liû
taiwanese-basic:5200	full	tionglip	tiong-li̍p
taiwanese-basic:5200	prefix	tion	tiong-li̍p
taiwanese-basic:5200	initials	tl	tiong-li̍p
taiwanese-basic:5191	full	tiongng	tiong-ng
taiwanese-basic:5191	prefix	tion	tiong-ng
taiwanese-basic:5191	initials	tn	tiong-ng
taiwanese-basic:5192	full	tiongoh	tiong-o̍h
taiwanese-basic:5192	prefix	tion	tiong-o̍h
taiwanese-basic:5192	initials	to	tiong-o̍h
taiwanese-basic:4617	full	tiongtau	tiong-tàu
taiwanese-basic:4617	prefix	tion	tiong-tàu
taiwanese-basic:4617	initials	tt	tiong-tàu
taiwanese-basic:5176	full	tioh	tio̍h
taiwanese-basic:5176	prefix	ti	tio̍h
taiwanese-basic:5176	initials	t	tio̍h
taiwanese-basic:2481	full	tiohkhahtoa	tio̍h khah tōa
taiwanese-basic:2481	prefix	tiohkh	tio̍h khah tōa
taiwanese-basic:2481	initials	tkt	tio̍h khah tōa
taiwanese-basic:5187	full	tiohtioh	tio̍h--tio̍h
taiwanese-basic:5187	prefix	tioh	tio̍h--tio̍h
taiwanese-basic:5187	initials	tt	tio̍h--tio̍h
taiwanese-basic:5177	full	tiohkiann	tio̍h-kiaⁿ
taiwanese-basic:5177	prefix	tiohk	tio̍h-kiaⁿ
taiwanese-basic:5177	initials	tk	tio̍h-kiaⁿ
taiwanese-basic:5173	full	tiohai	tio̍h-ài
taiwanese-basic:5173	prefix	tio	tio̍h-ài
taiwanese-basic:5173	initials	ta	tio̍h-ài
taiwanese-basic:5174	full	tiohaiekitit	tio̍h-ài ē kì--tit
taiwanese-basic:5174	prefix	tiohai	tio̍h-ài ē kì--tit
taiwanese-basic:5174	initials	taekt	tio̍h-ài ē kì--tit
taiwanese-basic:5198	full	tiongiau	tio̍ng-iàu
taiwanese-basic:5198	prefix	tion	tio̍ng-iàu
taiwanese-basic:5198	initials	ti	tio̍ng-iàu
taiwanese-basic:5204	full	tit	tit
taiwanese-basic:5204	prefix	ti	tit
taiwanese-basic:5204	initials	t	tit
taiwanese-basic:5207	full	tittioh	tit--tio̍h
taiwanese-basic:5207	prefix	titt	tit--tio̍h
taiwanese-basic:5207	initials	tt	tit--tio̍h
taiwanese-basic:4853	full	titlangthiann	tit-lâng-thiàⁿ
taiwanese-basic:4853	prefix	titlang	tit-lâng-thiàⁿ
taiwanese-basic:4853	initials	tlt	tit-lâng-thiàⁿ
taiwanese-basic:5219	full	tiunn	tiuⁿ
taiwanese-basic:5219	prefix	tiu	tiuⁿ
taiwanese-basic:5219	initials	t	tiuⁿ
taiwanese-basic:5076	full	tiam	tiàm
taiwanese-basic:5076	prefix	ti	tiàm
taiwanese-basic:5076	initials	t	tiàm
taiwanese-basic:5089	full	tiammia	tiàm miâ
taiwanese-basic:5089	prefix	tiam	tiàm miâ
taiwanese-basic:5089	initials	tm	tiàm miâ
taiwanese-basic:5088	full	tiamoan	tiàm oân
taiwanese-basic:5088	prefix	tiam	tiàm oân
taiwanese-basic:5088	initials	to	tiàm oân
taiwanese-basic:5087	full	tiamthau	tiàm-thâu
taiwanese-basic:5087	prefix	tiam	tiàm-thâu
taiwanese-basic:5087	initials	tt	tiàm-thâu
taiwanese-basic:3097	full	tiau	tiàu
taiwanese-basic:3097	prefix	ti	tiàu
taiwanese-basic:3097	initials	t	tiàu
taiwanese-basic:5140	full	tiausann	tiàu saⁿ
taiwanese-basic:5140	prefix	tiau	tiàu saⁿ
taiwanese-basic:5140	initials	ts	tiàu saⁿ
taiwanese-basic:5142	full	tiauloo	tiàu-lô͘
taiwanese-basic:5142	prefix	tiau	tiàu-lô͘
taiwanese-basic:5142	initials	tl	tiàu-lô͘
taiwanese-basic:5141	full	tiausi	tiàu-sí
taiwanese-basic:5141	prefix	tia	tiàu-sí
taiwanese-basic:5141	initials	ts	tiàu-sí
taiwanese-basic:5055	full	tiann	tiàⁿ
taiwanese-basic:5055	prefix	tia	tiàⁿ
taiwanese-basic:5055	initials	t	tiàⁿ
taiwanese-basic:5061	full	tiam	tiám
taiwanese-basic:5061	prefix	ti	tiám
taiwanese-basic:5061	initials	t	tiám
taiwanese-basic:5073	full	tiamlahchek	tiám la̍h-chek
taiwanese-basic:5073	prefix	tiamla	tiám la̍h-chek
taiwanese-basic:5073	initials	tlc	tiám la̍h-chek
taiwanese-basic:5090	full	tiammia	tiám miâ
taiwanese-basic:5090	prefix	tiam	tiám miâ
taiwanese-basic:5090	initials	tm	tiám miâ
taiwanese-basic:3759	full	tiamphaua	tiám phàu-á
taiwanese-basic:3759	prefix	tiamp	tiám phàu-á
taiwanese-basic:3759	initials	tpa	tiám phàu-á
taiwanese-basic:3932	full	tiampoann	tiám pòaⁿ
taiwanese-basic:3932	prefix	tiamp	tiám pòaⁿ
taiwanese-basic:3932	initials	tp	tiám pòaⁿ
taiwanese-basic:5074	full	tiamtianhoe	tiám tiān-hóe
taiwanese-basic:5074	prefix	tiamti	tiám tiān-hóe
taiwanese-basic:5074	initials	tth	tiám tiān-hóe
taiwanese-basic:5091	full	tiamsim	tiám-sim
taiwanese-basic:5091	prefix	tiam	tiám-sim
taiwanese-basic:5091	initials	ts	tiám-sim
taiwanese-basic:5075	full	tiamteng	tiám-teng
taiwanese-basic:5075	prefix	tiam	tiám-teng
taiwanese-basic:5075	initials	tt	tiám-teng
taiwanese-basic:5134	full	tian	tián
taiwanese-basic:5134	prefix	ti	tián
taiwanese-basic:5134	initials	t	tián
taiwanese-basic:5133	full	tianlamhoe	tián-lám-hōe
taiwanese-basic:5133	prefix	tianl	tián-lám-hōe
taiwanese-basic:5133	initials	tlh	tián-lám-hōe
taiwanese-basic:5136	full	tianle	tián-lé
taiwanese-basic:5136	prefix	tia	tián-lé
taiwanese-basic:5136	initials	tl	tián-lé
taiwanese-basic:5137	full	tiantiong	tiân-tiong
taiwanese-basic:5137	prefix	tiant	tiân-tiong
taiwanese-basic:5137	initials	tt	tiân-tiong
taiwanese-basic:5143	full	tiau	tiâu
taiwanese-basic:5143	prefix	ti	tiâu
taiwanese-basic:5143	initials	t	tiâu
taiwanese-basic:585	full	tiaucha	tiâu-cha
taiwanese-basic:585	prefix	tiau	tiâu-cha
taiwanese-basic:585	initials	tc	tiâu-cha
taiwanese-basic:5146	full	tiaukiann	tiâu-kiāⁿ
taiwanese-basic:5146	prefix	tiauk	tiâu-kiāⁿ
taiwanese-basic:5146	initials	tk	tiâu-kiāⁿ
taiwanese-basic:5056	full	tiann	tiâⁿ
taiwanese-basic:5056	prefix	tia	tiâⁿ
taiwanese-basic:5056	initials	t	tiâⁿ
taiwanese-basic:5171	full	tio	tiò
taiwanese-basic:5171	prefix	ti	tiò
taiwanese-basic:5171	initials	t	tiò
taiwanese-basic:1549	full	tiohi	tiò hî
taiwanese-basic:1549	prefix	tio	tiò hî
taiwanese-basic:1549	initials	th	tiò hî
taiwanese-basic:5172	full	tiohi	tiò-hî
taiwanese-basic:5172	prefix	tio	tiò-hî
taiwanese-basic:5172	initials	th	tiò-hî
taiwanese-basic:5203	full	tiongsiong	tiòng-siong
taiwanese-basic:5203	prefix	tiong	tiòng-siong
taiwanese-basic:5203	initials	ts	tiòng-siong
taiwanese-basic:5197	full	tiongtok	tiòng-to̍k
taiwanese-basic:5197	prefix	tion	tiòng-to̍k
taiwanese-basic:5197	initials	tt	tiòng-to̍k
taiwanese-basic:5221	full	tiunn	tiúⁿ
taiwanese-basic:5221	prefix	tiu	tiúⁿ
taiwanese-basic:5221	initials	t	tiúⁿ
taiwanese-basic:5216	full	tiua	tiû-á
taiwanese-basic:5216	prefix	ti	tiû-á
taiwanese-basic:5216	initials	ta	tiû-á
taiwanese-basic:5217	full	tiuasoann	tiû-á sòaⁿ
taiwanese-basic:5217	prefix	tiuas	tiû-á sòaⁿ
taiwanese-basic:5217	initials	tas	tiû-á sòaⁿ
taiwanese-basic:5093	full	tiam	tiām
taiwanese-basic:5093	prefix	ti	tiām
taiwanese-basic:5093	initials	t	tiām
taiwanese-basic:5094	full	tiamkhi	tiām--khì
taiwanese-basic:5094	prefix	tiam	tiām--khì
taiwanese-basic:5094	initials	tk	tiām--khì
taiwanese-basic:5096	full	tian	tiān
taiwanese-basic:5096	prefix	ti	tiān
taiwanese-basic:5096	initials	t	tiān
taiwanese-basic:5126	full	tianbolai	tiān bô lâi
taiwanese-basic:5126	prefix	tianb	tiān bô lâi
taiwanese-basic:5126	initials	tbl	tiān bô lâi
taiwanese-basic:5125	full	tianliaukhi	tiān liáu--khì
taiwanese-basic:5125	prefix	tianli	tiān liáu--khì
taiwanese-basic:5125	initials	tlk	tiān liáu--khì
taiwanese-basic:5097	full	tiantioh	tiān--tio̍h
taiwanese-basic:5097	prefix	tian	tiān--tio̍h
taiwanese-basic:5097	initials	tt	tiān--tio̍h
taiwanese-basic:5108	full	tianhoethiau	tiān-hòe-thiāu
taiwanese-basic:5108	prefix	tianho	tiān-hòe-thiāu
taiwanese-basic:5108	initials	tht	tiān-hòe-thiāu
taiwanese-basic:1742	full	tianhoe	tiān-hóe
taiwanese-basic:1742	prefix	tian	tiān-hóe
taiwanese-basic:1742	initials	th	tiān-hóe
taiwanese-basic:4909	full	tianhoethiau	tiān-hóe thiāu
taiwanese-basic:4909	prefix	tianho	tiān-hóe thiāu
taiwanese-basic:4909	initials	tht	tiān-hóe thiāu
taiwanese-basic:5129	full	tianhoeechhahthau	tiān-hóe ê chhah-thâu
taiwanese-basic:5129	prefix	tianhoeec	tiān-hóe ê chhah-thâu
taiwanese-basic:5129	initials	thect	tiān-hóe ê chhah-thâu
taiwanese-basic:4512	full	tianhoeta	tiān-hóe-tà
taiwanese-basic:4512	prefix	tianh	tiān-hóe-tà
taiwanese-basic:4512	initials	tht	tiān-hóe-tà
taiwanese-basic:5130	full	tianhoetau	tiān-hóe-tàu
taiwanese-basic:5130	prefix	tianh	tiān-hóe-tàu
taiwanese-basic:5130	initials	tht	tiān-hóe-tàu
taiwanese-basic:1909	full	tianiann	tiān-iáⁿ
taiwanese-basic:1909	prefix	tian	tiān-iáⁿ
taiwanese-basic:1909	initials	ti	tiān-iáⁿ
taiwanese-basic:5100	full	tiankhi	tiān-khì
taiwanese-basic:5100	prefix	tian	tiān-khì
taiwanese-basic:5100	initials	tk	tiān-khì
taiwanese-basic:5429	full	tiankhiuttau	tiān-khì ut-táu
taiwanese-basic:5429	prefix	tiankh	tiān-khì ut-táu
taiwanese-basic:5429	initials	tkut	tiān-khì ut-táu
taiwanese-basic:2856	full	tiankiu	tiān-kiû
taiwanese-basic:2856	prefix	tian	tiān-kiû
taiwanese-basic:2856	initials	tk	tiān-kiû
taiwanese-basic:5117	full	tianleng	tiān-lêng
taiwanese-basic:5117	prefix	tian	tiān-lêng
taiwanese-basic:5117	initials	tl	tiān-lêng
taiwanese-basic:3887	full	tianpio	tiān-pió
taiwanese-basic:3887	prefix	tian	tiān-pió
taiwanese-basic:3887	initials	tp	tiān-pió
taiwanese-basic:5101	full	tianpo	tiān-pò
taiwanese-basic:5101	prefix	tia	tiān-pò
taiwanese-basic:5101	initials	tp	tiān-pò
taiwanese-basic:5103	full	tianpochinn	tiān-pò-chîⁿ
taiwanese-basic:5103	prefix	tianpo	tiān-pò-chîⁿ
taiwanese-basic:5103	initials	tpc	tiān-pò-chîⁿ
taiwanese-basic:4910	full	tiansinthiau	tiān-sìn thiāu
taiwanese-basic:4910	prefix	tiansi	tiān-sìn thiāu
taiwanese-basic:4910	initials	tst	tiān-sìn thiāu
taiwanese-basic:5104	full	tiansinkiok	tiān-sìn-kio̍k
taiwanese-basic:5104	prefix	tiansi	tiān-sìn-kio̍k
taiwanese-basic:5104	initials	tsk	tiān-sìn-kio̍k
taiwanese-basic:5105	full	tiansinthiau	tiān-sìn-thiâu
taiwanese-basic:5105	prefix	tiansi	tiān-sìn-thiâu
taiwanese-basic:5105	initials	tst	tiān-sìn-thiâu
taiwanese-basic:4174	full	tiansinn	tiān-sìⁿ
taiwanese-basic:4174	prefix	tian	tiān-sìⁿ
taiwanese-basic:4174	initials	ts	tiān-sìⁿ
taiwanese-basic:4435	full	tiansoann	tiān-sòaⁿ
taiwanese-basic:4435	prefix	tians	tiān-sòaⁿ
taiwanese-basic:4435	initials	ts	tiān-sòaⁿ
taiwanese-basic:5131	full	tiansi	tiān-sī
taiwanese-basic:5131	prefix	tia	tiān-sī
taiwanese-basic:5131	initials	ts	tiān-sī
taiwanese-basic:5106	full	tianteng	tiān-teng
taiwanese-basic:5106	prefix	tian	tiān-teng
taiwanese-basic:5106	initials	tt	tiān-teng
taiwanese-basic:4909	full	tiantengthiau	tiān-teng thiāu
taiwanese-basic:4909	prefix	tianten	tiān-teng thiāu
taiwanese-basic:4909	initials	ttt	tiān-teng thiāu
taiwanese-basic:5108	full	tiantengthiau	tiān-teng-thiāu
taiwanese-basic:5108	prefix	tianten	tiān-teng-thiāu
taiwanese-basic:5108	initials	ttt	tiān-teng-thiāu
taiwanese-basic:5095	full	tianthoo	tiān-thô͘
taiwanese-basic:5095	prefix	tian	tiān-thô͘
taiwanese-basic:5095	initials	tt	tiān-thô͘
taiwanese-basic:5038	full	tianti	tiān-tî
taiwanese-basic:5038	prefix	tia	tiān-tî
taiwanese-basic:5038	initials	tt	tiān-tî
taiwanese-basic:5096	full	tiantoo	tiān-tō͘
taiwanese-basic:5096	prefix	tian	tiān-tō͘
taiwanese-basic:5096	initials	tt	tiān-tō͘
taiwanese-basic:5112	full	tianoe	tiān-ōe
taiwanese-basic:5112	prefix	tia	tiān-ōe
taiwanese-basic:5112	initials	to	tiān-ōe
taiwanese-basic:4910	full	tianoethiau	tiān-ōe thiāu
taiwanese-basic:4910	prefix	tianoe	tiān-ōe thiāu
taiwanese-basic:4910	initials	tot	tiān-ōe thiāu
taiwanese-basic:5114	full	tianoehoan	tiān-ōe-hoan
taiwanese-basic:5114	prefix	tiano	tiān-ōe-hoan
taiwanese-basic:5114	initials	toh	tiān-ōe-hoan
taiwanese-basic:5114	full	tianoeho	tiān-ōe-hō
taiwanese-basic:5114	prefix	tian	tiān-ōe-hō
taiwanese-basic:5114	initials	toh	tiān-ōe-hō
taiwanese-basic:5105	full	tianoethiau	tiān-ōe-thiâu
taiwanese-basic:5105	prefix	tianoe	tiān-ōe-thiâu
taiwanese-basic:5105	initials	tot	tiān-ōe-thiâu
taiwanese-basic:5148	full	tiau	tiāu
taiwanese-basic:5148	prefix	ti	tiāu
taiwanese-basic:5148	initials	t	tiāu
taiwanese-basic:5054	full	tiannkim	tiāⁿ-kim
taiwanese-basic:5054	prefix	tian	tiāⁿ-kim
taiwanese-basic:5054	initials	tk	tiāⁿ-kim
taiwanese-basic:5053	full	tianntioh	tiāⁿ-tio̍h
taiwanese-basic:5053	prefix	tiann	tiāⁿ-tio̍h
taiwanese-basic:5053	initials	tt	tiāⁿ-tio̍h
taiwanese-basic:5052	full	tianntiann	tiāⁿ-tiāⁿ
taiwanese-basic:5052	prefix	tiann	tiāⁿ-tiāⁿ
taiwanese-basic:5052	initials	tt	tiāⁿ-tiāⁿ
taiwanese-basic:5218	full	tiupi	tiū-pī
taiwanese-basic:5218	prefix	tiu	tiū-pī
taiwanese-basic:5218	initials	tp	tiū-pī
taiwanese-basic:5213	full	tiua	tiū-á
taiwanese-basic:5213	prefix	ti	tiū-á
taiwanese-basic:5213	initials	ta	tiū-á
taiwanese-basic:5153	full	tih	ti̍h
taiwanese-basic:5153	prefix	ti	ti̍h
taiwanese-basic:5153	initials	t	ti̍h
taiwanese-basic:5210	full	tit	ti̍t
taiwanese-basic:5210	prefix	ti	ti̍t
taiwanese-basic:5210	initials	t	ti̍t
taiwanese-basic:5208	full	tittit	ti̍t-ti̍t
taiwanese-basic:5208	prefix	tit	ti̍t-ti̍t
taiwanese-basic:5208	initials	tt	ti̍t-ti̍t
taiwanese-basic:5209	full	tittitkhi	ti̍t-ti̍t khì
taiwanese-basic:5209	prefix	titti	ti̍t-ti̍t khì
taiwanese-basic:5209	initials	ttk	ti̍t-ti̍t khì
taiwanese-basic:5042	full	tinn	tiⁿ
taiwanese-basic:5042	prefix	ti	tiⁿ
taiwanese-basic:5042	initials	t	tiⁿ
taiwanese-basic:5240	full	tng	tng
taiwanese-basic:5240	prefix	tn	tng
taiwanese-basic:5240	initials	t	tng
taiwanese-basic:5236	full	tng	tn̂g
taiwanese-basic:5236	prefix	tn	tn̂g
taiwanese-basic:5236	initials	t	tn̂g
taiwanese-basic:1753	full	tnghoesiu	tn̂g hòe-siū
taiwanese-basic:1753	prefix	tngho	tn̂g hòe-siū
taiwanese-basic:1753	initials	ths	tn̂g hòe-siū
taiwanese-basic:2451	full	tngkhachhng	tn̂g kha-chhng
taiwanese-basic:2451	prefix	tngkha	tn̂g kha-chhng
taiwanese-basic:2451	initials	tkc	tn̂g kha-chhng
taiwanese-basic:4637	full	tngte	tn̂g-té
taiwanese-basic:4637	prefix	tng	tn̂g-té
taiwanese-basic:4637	initials	tt	tn̂g-té
taiwanese-basic:5237	full	tng	tn̄g
taiwanese-basic:5237	prefix	tn	tn̄g
taiwanese-basic:5237	initials	t	tn̄g
taiwanese-basic:5250	full	to	to
taiwanese-basic:5250	prefix	t	to
taiwanese-basic:5250	initials	t	to
taiwanese-basic:5255	full	tochioh	to-chio̍h
taiwanese-basic:5255	prefix	toch	to-chio̍h
taiwanese-basic:5255	initials	tc	to-chio̍h
taiwanese-basic:5247	full	tosia	to-siā
taiwanese-basic:5247	prefix	tos	to-siā
taiwanese-basic:5247	initials	ts	to-siā
taiwanese-basic:5249	full	tosiaki	to-siā--kí
taiwanese-basic:5249	prefix	tosi	to-siā--kí
taiwanese-basic:5249	initials	tsk	to-siā--kí
taiwanese-basic:5248	full	toa	to-á
taiwanese-basic:5248	prefix	to	to-á
taiwanese-basic:5248	initials	ta	to-á
taiwanese-basic:5303	full	toann	toaⁿ
taiwanese-basic:5303	prefix	toa	toaⁿ
taiwanese-basic:5303	initials	t	toaⁿ
taiwanese-basic:2671	full	tohchitkhoan	toh chi̍t khoán
taiwanese-basic:2671	prefix	tohchi	toh chi̍t khoán
taiwanese-basic:2671	initials	tck	toh chi̍t khoán
taiwanese-basic:2817	full	tohkin	toh-kin
taiwanese-basic:2817	prefix	toh	toh-kin
taiwanese-basic:2817	initials	tk	toh-kin
taiwanese-basic:3915	full	tohpoo	toh-pò͘
taiwanese-basic:3915	prefix	toh	toh-pò͘
taiwanese-basic:3915	initials	tp	toh-pò͘
taiwanese-basic:5314	full	toha	toh-á
taiwanese-basic:5314	prefix	to	toh-á
taiwanese-basic:5314	initials	ta	toh-á
taiwanese-basic:5317	full	tohui	toh-ūi
taiwanese-basic:5317	prefix	toh	toh-ūi
taiwanese-basic:5317	initials	tu	toh-ūi
taiwanese-basic:5324	full	tok	tok
taiwanese-basic:5324	prefix	to	tok
taiwanese-basic:5324	initials	t	tok
taiwanese-basic:5335	full	tongjian	tong-jiân
taiwanese-basic:5335	prefix	tong	tong-jiân
taiwanese-basic:5335	initials	tj	tong-jiân
taiwanese-basic:5318	full	toh	to̍h
taiwanese-basic:5318	prefix	to	to̍h
taiwanese-basic:5318	initials	t	to̍h
taiwanese-basic:5322	full	tok	to̍k
taiwanese-basic:5322	prefix	to	to̍k
taiwanese-basic:5322	initials	t	to̍k
taiwanese-basic:5320	full	toklip	to̍k-li̍p
taiwanese-basic:5320	prefix	tok	to̍k-li̍p
taiwanese-basic:5320	initials	tl	to̍k-li̍p
taiwanese-basic:5321	full	toklipkiliamjit	to̍k-li̍p-kì-liām-ji̍t
taiwanese-basic:5321	prefix	toklipki	to̍k-li̍p-kì-liām-ji̍t
taiwanese-basic:5321	initials	tlklj	to̍k-li̍p-kì-liām-ji̍t
taiwanese-basic:4929	full	ttittho	ttit-thô
taiwanese-basic:4929	prefix	ttit	ttit-thô
taiwanese-basic:4929	initials	tt	ttit-thô
taiwanese-basic:5379	full	tun	tun
taiwanese-basic:5379	prefix	tu	tun
taiwanese-basic:5379	initials	t	tun
taiwanese-basic:4510	full	ta	tà
taiwanese-basic:4510	prefix	t	tà
taiwanese-basic:4510	initials	t	tà
taiwanese-basic:392	full	tabong	tà bông
taiwanese-basic:392	prefix	tab	tà bông
taiwanese-basic:392	initials	tb	tà bông
taiwanese-basic:4573	full	tan	tàn
taiwanese-basic:4573	prefix	ta	tàn
taiwanese-basic:4573	initials	t	tàn
taiwanese-basic:4574	full	tanhinnsak	tàn hìⁿ-sak
taiwanese-basic:4574	prefix	tanhi	tàn hìⁿ-sak
taiwanese-basic:4574	initials	ths	tàn hìⁿ-sak
taiwanese-basic:4586	full	tang	tàng
taiwanese-basic:4586	prefix	ta	tàng
taiwanese-basic:4586	initials	t	tàng
taiwanese-basic:1154	full	tau	tàu
taiwanese-basic:1154	prefix	ta	tàu
taiwanese-basic:1154	initials	t	tàu
taiwanese-basic:4620	full	taukhachhiu	tàu-kha-chhiú
taiwanese-basic:4620	prefix	taukha	tàu-kha-chhiú
taiwanese-basic:4620	initials	tkc	tàu-kha-chhiú
taiwanese-basic:4516	full	tann	tàⁿ
taiwanese-basic:4516	prefix	ta	tàⁿ
taiwanese-basic:4516	initials	t	tàⁿ
taiwanese-basic:4569	full	tan	tán
taiwanese-basic:4569	prefix	ta	tán
taiwanese-basic:4569	initials	t	tán
taiwanese-basic:4570	full	tanhau	tán-hāu
taiwanese-basic:4570	prefix	tan	tán-hāu
taiwanese-basic:4570	initials	th	tán-hāu
taiwanese-basic:4623	full	tau	táu
taiwanese-basic:4623	prefix	ta	táu
taiwanese-basic:4623	initials	t	táu
taiwanese-basic:4518	full	tann	táⁿ
taiwanese-basic:4518	prefix	ta	táⁿ
taiwanese-basic:4518	initials	t	táⁿ
taiwanese-basic:4524	full	tai	tâi
taiwanese-basic:4524	prefix	ta	tâi
taiwanese-basic:4524	initials	t	tâi
taiwanese-basic:4530	full	tailam	tâi-lâm
taiwanese-basic:4530	prefix	tai	tâi-lâm
taiwanese-basic:4530	initials	tl	tâi-lâm
taiwanese-basic:2966	full	tailamkoan	tâi-lâm koān
taiwanese-basic:2966	prefix	taila	tâi-lâm koān
taiwanese-basic:2966	initials	tlk	tâi-lâm koān
taiwanese-basic:4525	full	taioan	tâi-oân
taiwanese-basic:4525	prefix	tai	tâi-oân
taiwanese-basic:4525	initials	to	tâi-oân
taiwanese-basic:4528	full	taioanche	tâi-oân chè
taiwanese-basic:4528	prefix	taioa	tâi-oân chè
taiwanese-basic:4528	initials	toc	tâi-oân chè
taiwanese-basic:538	full	taioansengchenghu	tâi-oân séng chèng-hú
taiwanese-basic:538	prefix	taioansen	tâi-oân séng chèng-hú
taiwanese-basic:538	initials	tosch	tâi-oân séng chèng-hú
taiwanese-basic:3290	full	taioaneliauli	tâi-oân ê liāu-lí
taiwanese-basic:3290	prefix	taioane	tâi-oân ê liāu-lí
taiwanese-basic:3290	initials	toell	tâi-oân ê liāu-lí
taiwanese-basic:4527	full	taioanlang	tâi-oân-lâng
taiwanese-basic:4527	prefix	taioa	tâi-oân-lâng
taiwanese-basic:4527	initials	tol	tâi-oân-lâng
taiwanese-basic:5272	full	taioantoo	tâi-oân-tó͘
taiwanese-basic:5272	prefix	taioa	tâi-oân-tó͘
taiwanese-basic:5272	initials	tot	tâi-oân-tó͘
taiwanese-basic:3600	full	taioanoe	tâi-oân-ōe
taiwanese-basic:3600	prefix	taio	tâi-oân-ōe
taiwanese-basic:3600	initials	too	tâi-oân-ōe
taiwanese-basic:4529	full	taipak	tâi-pak
taiwanese-basic:4529	prefix	tai	tâi-pak
taiwanese-basic:4529	initials	tp	tâi-pak
taiwanese-basic:2954	full	taipakkoan	tâi-pak koān
taiwanese-basic:2954	prefix	taipa	tâi-pak koān
taiwanese-basic:2954	initials	tpk	tâi-pak koān
taiwanese-basic:2337	full	taipakkaukhu	tâi-pak kàu-khu
taiwanese-basic:2337	prefix	taipak	tâi-pak kàu-khu
taiwanese-basic:2337	initials	tpkk	tâi-pak kàu-khu
taiwanese-basic:4532	full	taitang	tâi-tang
taiwanese-basic:4532	prefix	tait	tâi-tang
taiwanese-basic:4532	initials	tt	tâi-tang
taiwanese-basic:2965	full	taitangkoan	tâi-tang koān
taiwanese-basic:2965	prefix	taitan	tâi-tang koān
taiwanese-basic:2965	initials	ttk	tâi-tang koān
taiwanese-basic:4531	full	taitiong	tâi-tiong
taiwanese-basic:4531	prefix	tait	tâi-tiong
taiwanese-basic:4531	initials	tt	tâi-tiong
taiwanese-basic:674	full	taitiongchhi	tâi-tiong chhī
taiwanese-basic:674	prefix	taitio	tâi-tiong chhī
taiwanese-basic:674	initials	ttc	tâi-tiong chhī
taiwanese-basic:2959	full	taitiongkoan	tâi-tiong koān
taiwanese-basic:2959	prefix	taitio	tâi-tiong koān
taiwanese-basic:2959	initials	ttk	tâi-tiong koān
taiwanese-basic:2341	full	taitiongkaukhu	tâi-tiong kàu-khu
taiwanese-basic:2341	prefix	taition	tâi-tiong kàu-khu
taiwanese-basic:2341	initials	ttkk	tâi-tiong kàu-khu
taiwanese-basic:2702	full	taitiongkaukhu	tâi-tiong-kàu-khu
taiwanese-basic:2702	prefix	taition	tâi-tiong-kàu-khu
taiwanese-basic:2702	initials	ttkk	tâi-tiong-kàu-khu
taiwanese-basic:4562	full	tam	tâm
taiwanese-basic:4562	prefix	ta	tâm
taiwanese-basic:4562	initials	t	tâm
taiwanese-basic:4563	full	tamlilok	tâm lì lok
taiwanese-basic:4563	prefix	taml	tâm lì lok
taiwanese-basic:4563	initials	tll	tâm lì lok
taiwanese-basic:4563	full	tamloklok	tâm-lok-lok
taiwanese-basic:4563	prefix	tamlo	tâm-lok-lok
taiwanese-basic:4563	initials	tll	tâm-lok-lok
taiwanese-basic:4565	full	tamlun	tâm-lūn
taiwanese-basic:4565	prefix	tam	tâm-lūn
taiwanese-basic:4565	initials	tl	tâm-lūn
taiwanese-basic:4592	full	tang	tâng
taiwanese-basic:4592	prefix	ta	tâng
taiwanese-basic:4592	initials	t	tâng
taiwanese-basic:4577	full	tangche	tâng-chê
taiwanese-basic:4577	prefix	tang	tâng-chê
taiwanese-basic:4577	initials	tc	tâng-chê
taiwanese-basic:4579	full	tangoh	tâng-o̍h
taiwanese-basic:4579	prefix	tan	tâng-o̍h
taiwanese-basic:4579	initials	to	tâng-o̍h
taiwanese-basic:4580	full	tangpan	tâng-pan
taiwanese-basic:4580	prefix	tang	tâng-pan
taiwanese-basic:4580	initials	tp	tâng-pan
taiwanese-basic:4597	full	tangphoann	tâng-phōaⁿ
taiwanese-basic:4597	prefix	tangp	tâng-phōaⁿ
taiwanese-basic:4597	initials	tp	tâng-phōaⁿ
taiwanese-basic:4436	full	tangsoann	tâng-sòaⁿ
taiwanese-basic:4436	prefix	tangs	tâng-sòaⁿ
taiwanese-basic:4436	initials	ts	tâng-sòaⁿ
taiwanese-basic:1517	full	tauhang	tâu-hâng
taiwanese-basic:1517	prefix	tauh	tâu-hâng
taiwanese-basic:1517	initials	th	tâu-hâng
taiwanese-basic:4621	full	tauphio	tâu-phiò
taiwanese-basic:4621	prefix	taup	tâu-phiò
taiwanese-basic:4621	initials	tp	tâu-phiò
taiwanese-basic:4639	full	te	tè
taiwanese-basic:4639	prefix	t	tè
taiwanese-basic:4639	initials	t	tè
taiwanese-basic:4676	full	teng	tèng
taiwanese-basic:4676	prefix	te	tèng
taiwanese-basic:4676	initials	t	tèng
taiwanese-basic:4636	full	te	té
taiwanese-basic:4636	prefix	t	té
taiwanese-basic:4636	initials	t	té
taiwanese-basic:1754	full	tehoesiu	té hòe-siū
taiwanese-basic:1754	prefix	teho	té hòe-siū
taiwanese-basic:1754	initials	ths	té hòe-siū
taiwanese-basic:4638	full	tekhoo	té-khò͘
taiwanese-basic:4638	prefix	tek	té-khò͘
taiwanese-basic:4638	initials	tk	té-khò͘
taiwanese-basic:4667	full	teng	téng
taiwanese-basic:4667	prefix	te	téng
taiwanese-basic:4667	initials	t	téng
taiwanese-basic:4674	full	tengkoogoeh	téng kó͘-goe̍h
taiwanese-basic:4674	prefix	tengko	téng kó͘-goe̍h
taiwanese-basic:4674	initials	tkg	téng kó͘-goe̍h
taiwanese-basic:4673	full	tenglepai	téng lé-pài
taiwanese-basic:4673	prefix	tengl	téng lé-pài
taiwanese-basic:4673	initials	tlp	téng lé-pài
taiwanese-basic:262	full	tengbin	téng-bīn
taiwanese-basic:262	prefix	teng	téng-bīn
taiwanese-basic:262	initials	tb	téng-bīn
taiwanese-basic:4675	full	tengpoo	téng-po͘
taiwanese-basic:4675	prefix	teng	téng-po͘
taiwanese-basic:4675	initials	tp	téng-po͘
taiwanese-basic:3628	full	tengpai	téng-pái
taiwanese-basic:3628	prefix	teng	téng-pái
taiwanese-basic:3628	initials	tp	téng-pái
taiwanese-basic:4688	full	tengteng	téng-téng
taiwanese-basic:4688	prefix	teng	téng-téng
taiwanese-basic:4688	initials	tt	téng-téng
taiwanese-basic:4680	full	tenga	téng-á
taiwanese-basic:4680	prefix	ten	téng-á
taiwanese-basic:4680	initials	ta	téng-á
taiwanese-basic:4624	full	te	tê
taiwanese-basic:4624	prefix	t	tê
taiwanese-basic:4624	initials	t	tê
taiwanese-basic:117	full	teaua	tê au-á
taiwanese-basic:117	prefix	tea	tê au-á
taiwanese-basic:117	initials	taa	tê au-á
taiwanese-basic:4626	full	tekoo	tê kó͘
taiwanese-basic:4626	prefix	tek	tê kó͘
taiwanese-basic:4626	initials	tk	tê kó͘
taiwanese-basic:3953	full	teau	tê-au
taiwanese-basic:3953	prefix	te	tê-au
taiwanese-basic:3953	initials	ta	tê-au
taiwanese-basic:4649	full	tebak	tê-ba̍k
taiwanese-basic:4649	prefix	teb	tê-ba̍k
taiwanese-basic:4649	initials	tb	tê-ba̍k
taiwanese-basic:4649	full	tebok	tê-bo̍k
taiwanese-basic:4649	prefix	teb	tê-bo̍k
taiwanese-basic:4649	initials	tb	tê-bo̍k
taiwanese-basic:4627	full	tebi	tê-bí
taiwanese-basic:4627	prefix	te	tê-bí
taiwanese-basic:4627	initials	tb	tê-bí
taiwanese-basic:4456	full	tekhoo	tê-kho͘
taiwanese-basic:4456	prefix	tek	tê-kho͘
taiwanese-basic:4456	initials	tk	tê-kho͘
taiwanese-basic:4625	full	tekoan	tê-koàn
taiwanese-basic:4625	prefix	tek	tê-koàn
taiwanese-basic:4625	initials	tk	tê-koàn
taiwanese-basic:3953	full	tepoe	tê-poe
taiwanese-basic:3953	prefix	tep	tê-poe
taiwanese-basic:3953	initials	tp	tê-poe
taiwanese-basic:4625	full	tepan	tê-pân
taiwanese-basic:4625	prefix	tep	tê-pân
taiwanese-basic:4625	initials	tp	tê-pân
taiwanese-basic:4628	full	tepoann	tê-pôaⁿ
taiwanese-basic:4628	prefix	tepo	tê-pôaⁿ
taiwanese-basic:4628	initials	tp	tê-pôaⁿ
taiwanese-basic:5085	full	tetiama	tê-tiàm-á
taiwanese-basic:5085	prefix	teti	tê-tiàm-á
taiwanese-basic:5085	initials	tta	tê-tiàm-á
taiwanese-basic:5031	full	ti	tì
taiwanese-basic:5031	prefix	t	tì
taiwanese-basic:5031	initials	t	tì
taiwanese-basic:311	full	tiboa	tì bō-á
taiwanese-basic:311	prefix	tib	tì bō-á
taiwanese-basic:311	initials	tba	tì bō-á
taiwanese-basic:5051	full	tikhong	tì khong
taiwanese-basic:5051	prefix	tikh	tì khong
taiwanese-basic:5051	initials	tk	tì khong
taiwanese-basic:5040	full	tisek	tì-sek
taiwanese-basic:5040	prefix	tis	tì-sek
taiwanese-basic:5040	initials	ts	tì-sek
taiwanese-basic:5156	full	tim	tìm
taiwanese-basic:5156	prefix	ti	tìm
taiwanese-basic:5156	initials	t	tìm
taiwanese-basic:5157	full	timkiu	tìm-kiû
taiwanese-basic:5157	prefix	tim	tìm-kiû
taiwanese-basic:5157	initials	tk	tìm-kiû
taiwanese-basic:5165	full	tin	tìn
taiwanese-basic:5165	prefix	ti	tìn
taiwanese-basic:5165	initials	t	tìn
taiwanese-basic:5167	full	tinloo	tìn-lō͘
taiwanese-basic:5167	prefix	tin	tìn-lō͘
taiwanese-basic:5167	initials	tl	tìn-lō͘
taiwanese-basic:5232	full	tintiunn	tìn-tiúⁿ
taiwanese-basic:5232	prefix	tint	tìn-tiúⁿ
taiwanese-basic:5232	initials	tt	tìn-tiúⁿ
taiwanese-basic:5166	full	tinte	tìn-tè
taiwanese-basic:5166	prefix	tin	tìn-tè
taiwanese-basic:5166	initials	tt	tìn-tè
taiwanese-basic:5166	full	tinui	tìn-ūi
taiwanese-basic:5166	prefix	tin	tìn-ūi
taiwanese-basic:5166	initials	tu	tìn-ūi
taiwanese-basic:5047	full	tinn	tìⁿ
taiwanese-basic:5047	prefix	ti	tìⁿ
taiwanese-basic:5047	initials	t	tìⁿ
taiwanese-basic:5050	full	tinnbothiannkinn	tìⁿ bô thiaⁿ--kìⁿ
taiwanese-basic:5050	prefix	tinnboth	tìⁿ bô thiaⁿ--kìⁿ
taiwanese-basic:5050	initials	tbtk	tìⁿ bô thiaⁿ--kìⁿ
taiwanese-basic:5051	full	tinnkhongtinngong	tìⁿ khong tìⁿ gōng
taiwanese-basic:5051	prefix	tinnkhong	tìⁿ khong tìⁿ gōng
taiwanese-basic:5051	initials	tktg	tìⁿ khong tìⁿ gōng
taiwanese-basic:5049	full	tinnmbat	tìⁿ m̄ bat
taiwanese-basic:5049	prefix	tinn	tìⁿ m̄ bat
taiwanese-basic:5049	initials	tmb	tìⁿ m̄ bat
taiwanese-basic:5048	full	tinnmchai	tìⁿ m̄ chai
taiwanese-basic:5048	prefix	tinnm	tìⁿ m̄ chai
taiwanese-basic:5048	initials	tmc	tìⁿ m̄ chai
taiwanese-basic:5159	full	tintang	tín-tāng
taiwanese-basic:5159	prefix	tint	tín-tāng
taiwanese-basic:5159	initials	tt	tín-tāng
taiwanese-basic:5033	full	ti	tî
taiwanese-basic:5033	prefix	t	tî
taiwanese-basic:5033	initials	t	tî
taiwanese-basic:5158	full	timlohkhi	tîm--lo̍h-khì
taiwanese-basic:5158	prefix	timlo	tîm--lo̍h-khì
taiwanese-basic:5158	initials	tlk	tîm--lo̍h-khì
taiwanese-basic:5168	full	tin	tîn
taiwanese-basic:5168	prefix	ti	tîn
taiwanese-basic:5168	initials	t	tîn
taiwanese-basic:3497	full	tinna	tîn-nâ
taiwanese-basic:3497	prefix	tin	tîn-nâ
taiwanese-basic:3497	initials	tn	tîn-nâ
taiwanese-basic:5169	full	tini	tîn-í
taiwanese-basic:5169	prefix	ti	tîn-í
taiwanese-basic:5169	initials	ti	tîn-í
taiwanese-basic:5045	full	tinn	tîⁿ
taiwanese-basic:5045	prefix	ti	tîⁿ
taiwanese-basic:5045	initials	t	tîⁿ
taiwanese-basic:5267	full	to	tò
taiwanese-basic:5267	prefix	t	tò
taiwanese-basic:5267	initials	t	tò
taiwanese-basic:3708	full	tochhiupeng	tò-chhiú-pêng
taiwanese-basic:3708	prefix	tochhi	tò-chhiú-pêng
taiwanese-basic:3708	initials	tcp	tò-chhiú-pêng
taiwanese-basic:5256	full	topeng	tò-pêng
taiwanese-basic:5256	prefix	top	tò-pêng
taiwanese-basic:5256	initials	tp	tò-pêng
taiwanese-basic:5269	full	tothe	tò-thè
taiwanese-basic:5269	prefix	tot	tò-thè
taiwanese-basic:5269	initials	tt	tò-thè
taiwanese-basic:4808	full	toa	tòa
taiwanese-basic:4808	prefix	to	tòa
taiwanese-basic:4808	initials	t	tòa
taiwanese-basic:5297	full	toakhi	tòa--khì
taiwanese-basic:5297	prefix	toa	tòa--khì
taiwanese-basic:5297	initials	tk	tòa--khì
taiwanese-basic:5298	full	toalai	tòa--lâi
taiwanese-basic:5298	prefix	toa	tòa--lâi
taiwanese-basic:5298	initials	tl	tòa--lâi
taiwanese-basic:5294	full	toaa	tòa-á
taiwanese-basic:5294	prefix	to	tòa-á
taiwanese-basic:5294	initials	ta	tòa-á
taiwanese-basic:5312	full	toe	tòe
taiwanese-basic:5312	prefix	to	tòe
taiwanese-basic:5312	initials	t	tòe
taiwanese-basic:3318	full	toeliuheng	tòe liû-hêng
taiwanese-basic:3318	prefix	toeli	tòe liû-hêng
taiwanese-basic:3318	initials	tlh	tòe liû-hêng
taiwanese-basic:5313	full	toelangsikiann	tòe lâng sî kiâⁿ
taiwanese-basic:5313	prefix	toelang	tòe lâng sî kiâⁿ
taiwanese-basic:5313	initials	tlsk	tòe lâng sî kiâⁿ
taiwanese-basic:5326	full	tong	tòng
taiwanese-basic:5326	prefix	to	tòng
taiwanese-basic:5326	initials	t	tòng
taiwanese-basic:5327	full	tongbetiau	tòng bē tiâu
taiwanese-basic:5327	prefix	tongb	tòng bē tiâu
taiwanese-basic:5327	initials	tbt	tòng bē tiâu
taiwanese-basic:5342	full	tongsoan	tòng-soán
taiwanese-basic:5342	prefix	tong	tòng-soán
taiwanese-basic:5342	initials	ts	tòng-soán
taiwanese-basic:5282	full	too	tò͘
taiwanese-basic:5282	prefix	to	tò͘
taiwanese-basic:5282	initials	t	tò͘
taiwanese-basic:5259	full	to	tó
taiwanese-basic:5259	prefix	t	tó
taiwanese-basic:5259	initials	t	tó
taiwanese-basic:5343	full	tong	tóng
taiwanese-basic:5343	prefix	to	tóng
taiwanese-basic:5343	initials	t	tóng
taiwanese-basic:5311	full	toann	tôaⁿ
taiwanese-basic:5311	prefix	toa	tôaⁿ
taiwanese-basic:5311	initials	t	tôaⁿ
taiwanese-basic:5336	full	tongchhong	tông-chhong
taiwanese-basic:5336	prefix	tongc	tông-chhong
taiwanese-basic:5336	initials	tc	tông-chhong
taiwanese-basic:4787	full	tongcheng	tông-chêng
taiwanese-basic:4787	prefix	tongc	tông-chêng
taiwanese-basic:4787	initials	tc	tông-chêng
taiwanese-basic:5349	full	tongchukun	tông-chú-kun
taiwanese-basic:5349	prefix	tongc	tông-chú-kun
taiwanese-basic:5349	initials	tck	tông-chú-kun
taiwanese-basic:1524	full	tonghakhoe	tông-ha̍k-hōe
taiwanese-basic:1524	prefix	tongh	tông-ha̍k-hōe
taiwanese-basic:1524	initials	thh	tông-ha̍k-hōe
taiwanese-basic:5337	full	tonghiong	tông-hiong
taiwanese-basic:5337	prefix	tongh	tông-hiong
taiwanese-basic:5337	initials	th	tông-hiong
taiwanese-basic:5339	full	tongliau	tông-liâu
taiwanese-basic:5339	prefix	tong	tông-liâu
taiwanese-basic:5339	initials	tl	tông-liâu
taiwanese-basic:4579	full	tongoh	tông-o̍h
taiwanese-basic:4579	prefix	ton	tông-o̍h
taiwanese-basic:4579	initials	to	tông-o̍h
taiwanese-basic:4597	full	tongphoann	tông-phōaⁿ
taiwanese-basic:4597	prefix	tongp	tông-phōaⁿ
taiwanese-basic:4597	initials	tp	tông-phōaⁿ
taiwanese-basic:5339	full	tongsu	tông-sū
taiwanese-basic:5339	prefix	ton	tông-sū
taiwanese-basic:5339	initials	ts	tông-sū
taiwanese-basic:5340	full	tongi	tông-ì
taiwanese-basic:5340	prefix	ton	tông-ì
taiwanese-basic:5340	initials	ti	tông-ì
taiwanese-basic:5273	full	too	tô͘
taiwanese-basic:5273	prefix	to	tô͘
taiwanese-basic:5273	initials	t	tô͘
taiwanese-basic:5276	full	toosukoan	tô͘-su-koán
taiwanese-basic:5276	prefix	toosu	tô͘-su-koán
taiwanese-basic:5276	initials	tsk	tô͘-su-koán
taiwanese-basic:5277	full	toosusek	tô͘-su-sek
taiwanese-basic:5277	prefix	toos	tô͘-su-sek
taiwanese-basic:5277	initials	tss	tô͘-su-sek
taiwanese-basic:5350	full	tui	tùi
taiwanese-basic:5350	prefix	tu	tùi
taiwanese-basic:5350	initials	t	tùi
taiwanese-basic:2568	full	tuichimmakhi	tùi chím-má khí
taiwanese-basic:2568	prefix	tuichi	tùi chím-má khí
taiwanese-basic:2568	initials	tcmk	tùi chím-má khí
taiwanese-basic:5356	full	tuisikan	tùi sî-kan
taiwanese-basic:5356	prefix	tuis	tùi sî-kan
taiwanese-basic:5356	initials	tsk	tùi sî-kan
taiwanese-basic:5354	full	tuibin	tùi-bīn
taiwanese-basic:5354	prefix	tui	tùi-bīn
taiwanese-basic:5354	initials	tb	tùi-bīn
taiwanese-basic:1686	full	tuihoan	tùi-hoán
taiwanese-basic:1686	prefix	tuih	tùi-hoán
taiwanese-basic:1686	initials	th	tùi-hoán
taiwanese-basic:698	full	tuihochhia	tùi-hō-chhia
taiwanese-basic:698	prefix	tuiho	tùi-hō-chhia
taiwanese-basic:698	initials	thc	tùi-hō-chhia
taiwanese-basic:5366	full	tuiputchu	tùi-put-chū
taiwanese-basic:5366	prefix	tuipu	tùi-put-chū
taiwanese-basic:5366	initials	tpc	tùi-put-chū
taiwanese-basic:5380	full	tun	tùn
taiwanese-basic:5380	prefix	tu	tùn
taiwanese-basic:5380	initials	t	tùn
taiwanese-basic:5370	full	tu	tú
taiwanese-basic:5370	prefix	t	tú
taiwanese-basic:5370	initials	t	tú
taiwanese-basic:5376	full	tutioh	tú--tio̍h
taiwanese-basic:5376	prefix	tut	tú--tio̍h
taiwanese-basic:5376	initials	tt	tú--tio̍h
taiwanese-basic:4760	full	tuchiah	tú-chiah
taiwanese-basic:4760	prefix	tuch	tú-chiah
taiwanese-basic:4760	initials	tc	tú-chiah
taiwanese-basic:4760	full	tuchiann	tú-chiàⁿ
taiwanese-basic:4760	prefix	tuch	tú-chiàⁿ
taiwanese-basic:4760	initials	tc	tú-chiàⁿ
taiwanese-basic:5367	full	tutu	tú-tú
taiwanese-basic:5367	prefix	tu	tú-tú
taiwanese-basic:5367	initials	tt	tú-tú
taiwanese-basic:5377	full	tutuboeh	tú-tú boeh
taiwanese-basic:5377	prefix	tutu	tú-tú boeh
taiwanese-basic:5377	initials	ttb	tú-tú boeh
taiwanese-basic:5368	full	tutuho	tú-tú-hó
taiwanese-basic:5368	prefix	tut	tú-tú-hó
taiwanese-basic:5368	initials	tth	tú-tú-hó
taiwanese-basic:5371	full	tu	tû
taiwanese-basic:5371	prefix	t	tû
taiwanese-basic:5371	initials	t	tû
taiwanese-basic:5378	full	tupang	tû-pâng
taiwanese-basic:5378	prefix	tup	tû-pâng
taiwanese-basic:5378	initials	tp	tû-pâng
taiwanese-basic:4483	full	taichi	tāi-chì
taiwanese-basic:4483	prefix	tai	tāi-chì
taiwanese-basic:4483	initials	tc	tāi-chì
taiwanese-basic:4540	full	taihak	tāi-ha̍k
taiwanese-basic:4540	prefix	tai	tāi-ha̍k
taiwanese-basic:4540	initials	th	tāi-ha̍k
taiwanese-basic:766	full	taikahchhioh	tāi-kah chhio̍h
taiwanese-basic:766	prefix	taikah	tāi-kah chhio̍h
taiwanese-basic:766	initials	tkc	tāi-kah chhio̍h
taiwanese-basic:4534	full	taikhai	tāi-khài
taiwanese-basic:4534	prefix	taik	tāi-khài
taiwanese-basic:4534	initials	tk	tāi-khài
taiwanese-basic:4545	full	taili	tāi-lí
taiwanese-basic:4545	prefix	tai	tāi-lí
taiwanese-basic:4545	initials	tl	tāi-lí
taiwanese-basic:4542	full	taipiau	tāi-piáu
taiwanese-basic:4542	prefix	taip	tāi-piáu
taiwanese-basic:4542	initials	tp	tāi-piáu
taiwanese-basic:4538	full	taipian	tāi-piān
taiwanese-basic:4538	prefix	taip	tāi-piān
taiwanese-basic:4538	initials	tp	tāi-piān
taiwanese-basic:4539	full	taipiansoo	tāi-piān só͘
taiwanese-basic:4539	prefix	taipi	tāi-piān só͘
taiwanese-basic:4539	initials	tps	tāi-piān só͘
taiwanese-basic:4533	full	taiseng	tāi-seng
taiwanese-basic:4533	prefix	tais	tāi-seng
taiwanese-basic:4533	initials	ts	tāi-seng
taiwanese-basic:4546	full	taisia	tāi-sià
taiwanese-basic:4546	prefix	tai	tāi-sià
taiwanese-basic:4546	initials	ts	tāi-sià
taiwanese-basic:4541	full	taisoo	tāi-sò͘
taiwanese-basic:4541	prefix	tai	tāi-sò͘
taiwanese-basic:4541	initials	ts	tāi-sò͘
taiwanese-basic:4564	full	tampoha	tām-po̍h-á
taiwanese-basic:4564	prefix	tamp	tām-po̍h-á
taiwanese-basic:4564	initials	tpa	tām-po̍h-á
taiwanese-basic:4568	full	tansi	tān-sī
taiwanese-basic:4568	prefix	tan	tān-sī
taiwanese-basic:4568	initials	ts	tān-sī
taiwanese-basic:4591	full	tangsi	tāng-sî
taiwanese-basic:4591	prefix	tan	tāng-sî
taiwanese-basic:4591	initials	ts	tāng-sî
taiwanese-basic:1350	full	tauge	tāu-gê
taiwanese-basic:1350	prefix	tau	tāu-gê
taiwanese-basic:1350	initials	tg	tāu-gê
taiwanese-basic:4610	full	tauhu	tāu-hū
taiwanese-basic:4610	prefix	tau	tāu-hū
taiwanese-basic:4610	initials	th	tāu-hū
taiwanese-basic:2052	full	tauiu	tāu-iû
taiwanese-basic:2052	prefix	tau	tāu-iû
taiwanese-basic:2052	initials	ti	tāu-iû
taiwanese-basic:4611	full	taukoann	tāu-koaⁿ
taiwanese-basic:4611	prefix	tauk	tāu-koaⁿ
taiwanese-basic:4611	initials	tk	tāu-koaⁿ
taiwanese-basic:4607	full	taua	tāu-á
taiwanese-basic:4607	prefix	ta	tāu-á
taiwanese-basic:4607	initials	ta	tāu-á
taiwanese-basic:4631	full	te	tē
taiwanese-basic:4631	prefix	t	tē
taiwanese-basic:4631	initials	t	tē
taiwanese-basic:4641	full	teit	tē it
taiwanese-basic:4641	prefix	te	tē it
taiwanese-basic:4641	initials	ti	tē it
taiwanese-basic:4193	full	teitsiann	tē it siaⁿ
taiwanese-basic:4193	prefix	teits	tē it siaⁿ
taiwanese-basic:4193	initials	tis	tē it siaⁿ
taiwanese-basic:42	full	teitai	tē it ài
taiwanese-basic:42	prefix	tei	tē it ài
taiwanese-basic:42	initials	tia	tē it ài
taiwanese-basic:3185	full	tejichanlau	tē jī chàn lâu
taiwanese-basic:3185	prefix	tejich	tē jī chàn lâu
taiwanese-basic:3185	initials	tjcl	tē jī chàn lâu
taiwanese-basic:3767	full	tekuiphinn	tē kúi phiⁿ
taiwanese-basic:3767	prefix	tekui	tē kúi phiⁿ
taiwanese-basic:3767	initials	tkp	tē kúi phiⁿ
taiwanese-basic:5069	full	tekuitiamcheng	tē kúi tiám-cheng
taiwanese-basic:5069	prefix	tekuiti	tē kúi tiám-cheng
taiwanese-basic:5069	initials	tktc	tē kúi tiám-cheng
taiwanese-basic:4194	full	tepehsiann	tē peh siaⁿ
taiwanese-basic:4194	prefix	tepeh	tē peh siaⁿ
taiwanese-basic:4194	initials	tps	tē peh siaⁿ
taiwanese-basic:471	full	tesannchan	tē saⁿ chàn
taiwanese-basic:471	prefix	tesan	tē saⁿ chàn
taiwanese-basic:471	initials	tsc	tē saⁿ chàn
taiwanese-basic:471	full	tesannchanlau	tē saⁿ chàn-lâu
taiwanese-basic:471	prefix	tesannc	tē saⁿ chàn-lâu
taiwanese-basic:471	initials	tscl	tē saⁿ chàn-lâu
taiwanese-basic:4635	full	techian	tē-chian
taiwanese-basic:4635	prefix	tech	tē-chian
taiwanese-basic:4635	initials	tc	tē-chian
taiwanese-basic:4634	full	tegak	tē-ga̍k
taiwanese-basic:4634	prefix	teg	tē-ga̍k
taiwanese-basic:4634	initials	tg	tē-ga̍k
taiwanese-basic:4634	full	tegek	tē-ge̍k
taiwanese-basic:4634	prefix	teg	tē-ge̍k
taiwanese-basic:4634	initials	tg	tē-ge̍k
taiwanese-basic:4650	full	tehu	tē-hū
taiwanese-basic:4650	prefix	te	tē-hū
taiwanese-basic:4650	initials	th	tē-hū
taiwanese-basic:4642	full	teitho	tē-it hó
taiwanese-basic:4642	prefix	tei	tē-it hó
taiwanese-basic:4642	initials	tih	tē-it hó
taiwanese-basic:4643	full	teittiamcheng	tē-it tiám-cheng
taiwanese-basic:4643	prefix	teittia	tē-it tiám-cheng
taiwanese-basic:4643	initials	titc	tē-it tiám-cheng
taiwanese-basic:2855	full	tekiu	tē-kiû
taiwanese-basic:2855	prefix	tek	tē-kiû
taiwanese-basic:2855	initials	tk	tē-kiû
taiwanese-basic:4640	full	tekui	tē-kúi
taiwanese-basic:4640	prefix	tek	tē-kúi
taiwanese-basic:4640	initials	tk	tē-kúi
taiwanese-basic:4648	full	teli	tē-lí
taiwanese-basic:4648	prefix	te	tē-lí
taiwanese-basic:4648	initials	tl	tē-lí
taiwanese-basic:4633	full	tetang	tē-tāng
taiwanese-basic:4633	prefix	tet	tē-tāng
taiwanese-basic:4633	initials	tt	tē-tāng
taiwanese-basic:4666	full	teng	tēng
taiwanese-basic:4666	prefix	te	tēng
taiwanese-basic:4666	initials	t	tēng
taiwanese-basic:4686	full	tenghun	tēng-hun
taiwanese-basic:4686	prefix	teng	tēng-hun
taiwanese-basic:4686	initials	th	tēng-hun
taiwanese-basic:4687	full	tengke	tēng-kè
taiwanese-basic:4687	prefix	ten	tēng-kè
taiwanese-basic:4687	initials	tk	tēng-kè
taiwanese-basic:5006	full	ti	tī
taiwanese-basic:5006	prefix	t	tī
taiwanese-basic:5006	initials	t	tī
taiwanese-basic:4668	full	tichhuteng	tī chhù téng
taiwanese-basic:4668	prefix	tichh	tī chhù téng
taiwanese-basic:4668	initials	tct	tī chhù téng
taiwanese-basic:5014	full	tichia	tī chia
taiwanese-basic:5014	prefix	tic	tī chia
taiwanese-basic:5014	initials	tc	tī chia
taiwanese-basic:532	full	tichengbin	tī chêng-bīn
taiwanese-basic:532	prefix	tiche	tī chêng-bīn
taiwanese-basic:532	initials	tcb	tī chêng-bīn
taiwanese-basic:1566	full	tihia	tī hia
taiwanese-basic:1566	prefix	tih	tī hia
taiwanese-basic:1566	initials	th	tī hia
taiwanese-basic:1567	full	tihiaelang	tī hia ê lâng
taiwanese-basic:1567	prefix	tihia	tī hia ê lâng
taiwanese-basic:1567	initials	thel	tī hia ê lâng
taiwanese-basic:4669	full	tilauteng	tī lâu-téng
taiwanese-basic:4669	prefix	tilau	tī lâu-téng
taiwanese-basic:4669	initials	tlt	tī lâu-téng
taiwanese-basic:3859	full	tipiahnih	tī piah--ni̍h
taiwanese-basic:3859	prefix	tipia	tī piah--ni̍h
taiwanese-basic:3859	initials	tpn	tī piah--ni̍h
taiwanese-basic:5196	full	tisimtiong	tī sim tiong
taiwanese-basic:5196	prefix	tisim	tī sim tiong
taiwanese-basic:5196	initials	tst	tī sim tiong
taiwanese-basic:4262	full	tisimlai	tī sim-lāi
taiwanese-basic:4262	prefix	tisi	tī sim-lāi
taiwanese-basic:4262	initials	tsl	tī sim-lāi
taiwanese-basic:5011	full	tisnegtngcheng	tī snèg-tn̂g chêng
taiwanese-basic:5011	prefix	tisnegt	tī snèg-tn̂g chêng
taiwanese-basic:5011	initials	tstc	tī snèg-tn̂g chêng
taiwanese-basic:5008	full	tisnegtnggoa	tī snèg-tn̂g gōa
taiwanese-basic:5008	prefix	tisneg	tī snèg-tn̂g gōa
taiwanese-basic:5008	initials	tstg	tī snèg-tn̂g gōa
taiwanese-basic:4432	full	tisoannteng	tī soaⁿ-téng
taiwanese-basic:4432	prefix	tisoan	tī soaⁿ-téng
taiwanese-basic:4432	initials	tst	tī soaⁿ-téng
taiwanese-basic:5013	full	tisengtmgkha	tī sèng-tm̂g kha
taiwanese-basic:5013	prefix	tiseng	tī sèng-tm̂g kha
taiwanese-basic:5013	initials	tstk	tī sèng-tm̂g kha
taiwanese-basic:5007	full	tisengtnglai	tī sèng-tn̂g lāi
taiwanese-basic:5007	prefix	tiseng	tī sèng-tn̂g lāi
taiwanese-basic:5007	initials	tstl	tī sèng-tn̂g lāi
taiwanese-basic:5009	full	tisengtngpinn	tī sèng-tn̂g piⁿ
taiwanese-basic:5009	prefix	tisengt	tī sèng-tn̂g piⁿ
taiwanese-basic:5009	initials	tstp	tī sèng-tn̂g piⁿ
taiwanese-basic:5012	full	tisengtngechhuteng	tī sèng-tn̂g ê chhù-téng
taiwanese-basic:5012	prefix	tisengtng	tī sèng-tn̂g ê chhù-téng
taiwanese-basic:5012	initials	tstect	tī sèng-tn̂g ê chhù-téng
taiwanese-basic:5009	full	tisengtngepinna	tī sèng-tn̂g ê piⁿ-á
taiwanese-basic:5009	prefix	tisengtn	tī sèng-tn̂g ê piⁿ-á
taiwanese-basic:5009	initials	tstepa	tī sèng-tn̂g ê piⁿ-á
taiwanese-basic:5010	full	tisengtngau	tī sèng-tn̂g āu
taiwanese-basic:5010	prefix	tiseng	tī sèng-tn̂g āu
taiwanese-basic:5010	initials	tsta	tī sèng-tn̂g āu
taiwanese-basic:3133	full	tisengtonglai	tī sèng-tông lāi
taiwanese-basic:3133	prefix	tisengt	tī sèng-tông lāi
taiwanese-basic:3133	initials	tstl	tī sèng-tông lāi
taiwanese-basic:4843	full	tithinnteng	tī thiⁿ-téng
taiwanese-basic:4843	prefix	tithin	tī thiⁿ-téng
taiwanese-basic:4843	initials	ttt	tī thiⁿ-téng
taiwanese-basic:4970	full	tithoahalai	tī thoah-á-lāi
taiwanese-basic:4970	prefix	tithoa	tī thoah-á-lāi
taiwanese-basic:4970	initials	ttal	tī thoah-á-lāi
taiwanese-basic:4752	full	tithaukhaketengbin	tī thâu-khak ê téng-bīn
taiwanese-basic:4752	prefix	tithaukha	tī thâu-khak ê téng-bīn
taiwanese-basic:4752	initials	ttketb	tī thâu-khak ê téng-bīn
taiwanese-basic:4751	full	tithaukhakteng	tī thâu-khak-téng
taiwanese-basic:4751	prefix	tithauk	tī thâu-khak-téng
taiwanese-basic:4751	initials	ttkt	tī thâu-khak-téng
taiwanese-basic:5020	full	tithookha	tī thô͘-kha
taiwanese-basic:5020	prefix	titho	tī thô͘-kha
taiwanese-basic:5020	initials	ttk	tī thô͘-kha
taiwanese-basic:2437	full	titohkha	tī toh kha
taiwanese-basic:2437	prefix	tito	tī toh kha
taiwanese-basic:2437	initials	ttk	tī toh kha
taiwanese-basic:5018	full	titohkha	tī toh-kha
taiwanese-basic:5018	prefix	tito	tī toh-kha
taiwanese-basic:5018	initials	ttk	tī toh-kha
taiwanese-basic:5019	full	titohteng	tī toh-téng
taiwanese-basic:5019	prefix	titoh	tī toh-téng
taiwanese-basic:5019	initials	ttt	tī toh-téng
taiwanese-basic:3861	full	tiaupiah	tī āu-piah
taiwanese-basic:3861	prefix	tiau	tī āu-piah
taiwanese-basic:3861	initials	tap	tī āu-piah
taiwanese-basic:5041	full	tiliau	tī-liâu
taiwanese-basic:5041	prefix	til	tī-liâu
taiwanese-basic:5041	initials	tl	tī-liâu
taiwanese-basic:4576	full	tisi	tī-sî
taiwanese-basic:4576	prefix	ti	tī-sî
taiwanese-basic:4576	initials	ts	tī-sî
taiwanese-basic:5032	full	tithau	tī-thâu
taiwanese-basic:5032	prefix	tit	tī-thâu
taiwanese-basic:5032	initials	tt	tī-thâu
taiwanese-basic:5160	full	tin	tīn
taiwanese-basic:5160	prefix	ti	tīn
taiwanese-basic:5160	initials	t	tīn
taiwanese-basic:5043	full	tinn	tīⁿ
taiwanese-basic:5043	prefix	ti	tīⁿ
taiwanese-basic:5043	initials	t	tīⁿ
taiwanese-basic:3469	full	tinnmoamoa	tīⁿ móa-móa
taiwanese-basic:3469	prefix	tinnm	tīⁿ móa-móa
taiwanese-basic:3469	initials	tmm	tīⁿ móa-móa
taiwanese-basic:5242	full	tng	tńg
taiwanese-basic:5242	prefix	tn	tńg
taiwanese-basic:5242	initials	t	tńg
taiwanese-basic:5244	full	tngkhi	tńg--khì
taiwanese-basic:5244	prefix	tng	tńg--khì
taiwanese-basic:5244	initials	tk	tńg--khì
taiwanese-basic:5243	full	tnglai	tńg--lâi
taiwanese-basic:5243	prefix	tng	tńg--lâi
taiwanese-basic:5243	initials	tl	tńg--lâi
taiwanese-basic:5260	full	toli	tō-lí
taiwanese-basic:5260	prefix	to	tō-lí
taiwanese-basic:5260	initials	tl	tō-lí
taiwanese-basic:5264	full	tolichheh	tō-lí chheh
taiwanese-basic:5264	prefix	tolic	tō-lí chheh
taiwanese-basic:5264	initials	tlc	tō-lí chheh
taiwanese-basic:5270	full	toloo	tō-lō͘
taiwanese-basic:5270	prefix	tol	tō-lō͘
taiwanese-basic:5270	initials	tl	tō-lō͘
taiwanese-basic:5268	full	totek	tō-tek
taiwanese-basic:5268	prefix	tot	tō-tek
taiwanese-basic:5268	initials	tt	tō-tek
taiwanese-basic:5283	full	toa	tōa
taiwanese-basic:5283	prefix	to	tōa
taiwanese-basic:5283	initials	t	tōa
taiwanese-basic:4306	full	toabe	tōa bē
taiwanese-basic:4306	prefix	toa	tōa bē
taiwanese-basic:4306	initials	tb	tōa bē
taiwanese-basic:947	full	toachiah	tōa chia̍h
taiwanese-basic:947	prefix	toac	tōa chia̍h
taiwanese-basic:947	initials	tc	tōa chia̍h
taiwanese-basic:5284	full	toahan	tōa hàn
taiwanese-basic:5284	prefix	toa	tōa hàn
taiwanese-basic:5284	initials	th	tōa hàn
taiwanese-basic:1499	full	toahanginna	tōa hàn gín-ná
taiwanese-basic:1499	prefix	toahan	tōa hàn gín-ná
taiwanese-basic:1499	initials	thgn	tōa hàn gín-ná
taiwanese-basic:2994	full	toakohiong	tōa koh ióng
taiwanese-basic:2994	prefix	toako	tōa koh ióng
taiwanese-basic:2994	initials	tki	tōa koh ióng
taiwanese-basic:3760	full	toaphau	tōa phàu
taiwanese-basic:3760	prefix	toap	tōa phàu
taiwanese-basic:3760	initials	tp	tōa phàu
taiwanese-basic:4199	full	toasiann	tōa siaⁿ
taiwanese-basic:4199	prefix	toas	tōa siaⁿ
taiwanese-basic:4199	initials	ts	tōa siaⁿ
taiwanese-basic:4373	full	toasiuinn	tōa siu-īⁿ
taiwanese-basic:4373	prefix	toasi	tōa siu-īⁿ
taiwanese-basic:4373	initials	tsi	tōa siu-īⁿ
taiwanese-basic:2529	full	toatookhe	tōa tō͘ khe
taiwanese-basic:2529	prefix	toato	tōa tō͘ khe
taiwanese-basic:2529	initials	ttk	tōa tō͘ khe
taiwanese-basic:5300	full	toabe	tōa-bē
taiwanese-basic:5300	prefix	toa	tōa-bē
taiwanese-basic:5300	initials	tb	tōa-bē
taiwanese-basic:5301	full	toabeke	tōa-bē-kè
taiwanese-basic:5301	prefix	toab	tōa-bē-kè
taiwanese-basic:5301	initials	tbk	tōa-bē-kè
taiwanese-basic:5286	full	toahangina	tōa-hàn gín-á
taiwanese-basic:5286	prefix	toaha	tōa-hàn gín-á
taiwanese-basic:5286	initials	thga	tōa-hàn gín-á
taiwanese-basic:5285	full	toalang	tōa-lâng
taiwanese-basic:5285	prefix	toal	tōa-lâng
taiwanese-basic:5285	initials	tl	tōa-lâng
taiwanese-basic:5302	full	toapoohun	tōa-pō͘-hūn
taiwanese-basic:5302	prefix	toapo	tōa-pō͘-hūn
taiwanese-basic:5302	initials	tph	tōa-pō͘-hūn
taiwanese-basic:4884	full	toathiann	tōa-thiaⁿ
taiwanese-basic:4884	prefix	toath	tōa-thiaⁿ
taiwanese-basic:4884	initials	tt	tōa-thiaⁿ
taiwanese-basic:5330	full	tong	tōng
taiwanese-basic:5330	prefix	to	tōng
taiwanese-basic:5330	initials	t	tōng
taiwanese-basic:5332	full	tongbut	tōng-bu̍t
taiwanese-basic:5332	prefix	tong	tōng-bu̍t
taiwanese-basic:5332	initials	tb	tōng-bu̍t
taiwanese-basic:5333	full	tongbuthak	tōng-bu̍t-ha̍k
taiwanese-basic:5333	prefix	tongb	tōng-bu̍t-ha̍k
taiwanese-basic:5333	initials	tbh	tōng-bu̍t-ha̍k
taiwanese-basic:5334	full	tongbuthng	tōng-bu̍t-hn̂g
taiwanese-basic:5334	prefix	tongb	tōng-bu̍t-hn̂g
taiwanese-basic:5334	initials	tbh	tōng-bu̍t-hn̂g
taiwanese-basic:5341	full	tongki	tōng-ki
taiwanese-basic:5341	prefix	ton	tōng-ki
taiwanese-basic:5341	initials	tk	tōng-ki
taiwanese-basic:5279	full	too	tō͘
taiwanese-basic:5279	prefix	to	tō͘
taiwanese-basic:5279	initials	t	tō͘
taiwanese-basic:5357	full	tui	tūi
taiwanese-basic:5357	prefix	tu	tūi
taiwanese-basic:5357	initials	t	tūi
taiwanese-basic:5381	full	tun	tūn
taiwanese-basic:5381	prefix	tu	tūn
taiwanese-basic:5381	initials	t	tūn
taiwanese-basic:3875	full	tunpih	tūn-pih
taiwanese-basic:3875	prefix	tun	tūn-pih
taiwanese-basic:3875	initials	tp	tūn-pih
taiwanese-basic:5238	full	tng	tǹg
taiwanese-basic:5238	prefix	tn	tǹg
taiwanese-basic:5238	initials	t	tǹg
taiwanese-basic:1981	full	tngina	tǹg ìn-á
taiwanese-basic:1981	prefix	tng	tǹg ìn-á
taiwanese-basic:1981	initials	tia	tǹg ìn-á
taiwanese-basic:4937	full	tngsann	tǹg-saⁿ
taiwanese-basic:4937	prefix	tngs	tǹg-saⁿ
taiwanese-basic:4937	initials	ts	tǹg-saⁿ
taiwanese-basic:5246	full	tngin	tǹg-ìn
taiwanese-basic:5246	prefix	tng	tǹg-ìn
taiwanese-basic:5246	initials	ti	tǹg-ìn
taiwanese-basic:5398	full	ui	ui
taiwanese-basic:5398	prefix	u	ui
taiwanese-basic:5398	initials	u	ui
taiwanese-basic:5399	full	uigiam	ui-giâm
taiwanese-basic:5399	prefix	uig	ui-giâm
taiwanese-basic:5399	initials	ug	ui-giâm
taiwanese-basic:5426	full	unchoann	un-chôaⁿ
taiwanese-basic:5426	prefix	unch	un-chôaⁿ
taiwanese-basic:5426	initials	uc	un-chôaⁿ
taiwanese-basic:1234	full	unpan	un-pân
taiwanese-basic:1234	prefix	unp	un-pân
taiwanese-basic:1234	initials	up	un-pân
taiwanese-basic:1764	full	unsip	un-si̍p
taiwanese-basic:1764	prefix	uns	un-si̍p
taiwanese-basic:1764	initials	us	un-si̍p
taiwanese-basic:5425	full	unsun	un-sûn
taiwanese-basic:5425	prefix	uns	un-sûn
taiwanese-basic:5425	initials	us	un-sûn
taiwanese-basic:5408	full	untoo	un-tō͘
taiwanese-basic:5408	prefix	unt	un-tō͘
taiwanese-basic:5408	initials	ut	un-tō͘
taiwanese-basic:5427	full	utsann	ut-saⁿ
taiwanese-basic:5427	prefix	uts	ut-saⁿ
taiwanese-basic:5427	initials	us	ut-saⁿ
taiwanese-basic:5428	full	uttau	ut-táu
taiwanese-basic:5428	prefix	utt	ut-táu
taiwanese-basic:5428	initials	ut	ut-táu
taiwanese-basic:30	full	ai	ài
taiwanese-basic:30	prefix	a	ài
taiwanese-basic:30	initials	a	ài
taiwanese-basic:4861	full	aithiann	ài thiaⁿ
taiwanese-basic:4861	prefix	aith	ài thiaⁿ
taiwanese-basic:4861	initials	at	ài thiaⁿ
taiwanese-basic:4960	full	aithooaithoo	ài thò͘ ài thò͘
taiwanese-basic:4960	prefix	aithoo	ài thò͘ ài thò͘
taiwanese-basic:4960	initials	atat	ài thò͘ ài thò͘
taiwanese-basic:44	full	aiboo	ài-bō͘
taiwanese-basic:44	prefix	aib	ài-bō͘
taiwanese-basic:44	initials	ab	ài-bō͘
taiwanese-basic:47	full	aicheng	ài-chêng
taiwanese-basic:47	prefix	aich	ài-chêng
taiwanese-basic:47	initials	ac	ài-chêng
taiwanese-basic:46	full	aijin	ài-jîn
taiwanese-basic:46	prefix	aij	ài-jîn
taiwanese-basic:46	initials	aj	ài-jîn
taiwanese-basic:2717	full	aikhun	ài-khùn
taiwanese-basic:2717	prefix	aik	ài-khùn
taiwanese-basic:2717	initials	ak	ài-khùn
taiwanese-basic:48	full	aikoksim	ài-kok-sim
taiwanese-basic:48	prefix	aiko	ài-kok-sim
taiwanese-basic:48	initials	aks	ài-kok-sim
taiwanese-basic:52	full	aimai	ài-māi
taiwanese-basic:52	prefix	aim	ài-māi
taiwanese-basic:52	initials	am	ài-māi
taiwanese-basic:60	full	am	àm
taiwanese-basic:60	prefix	a	àm
taiwanese-basic:60	initials	a	àm
taiwanese-basic:2603	full	amkho	àm khò
taiwanese-basic:2603	prefix	amk	àm khò
taiwanese-basic:2603	initials	ak	àm khò
taiwanese-basic:70	full	amho	àm-hō
taiwanese-basic:70	prefix	am	àm-hō
taiwanese-basic:70	initials	ah	àm-hō
taiwanese-basic:64	full	amkho	àm-khò
taiwanese-basic:64	prefix	amk	àm-khò
taiwanese-basic:64	initials	ak	àm-khò
taiwanese-basic:68	full	amki	àm-kì
taiwanese-basic:68	prefix	am	àm-kì
taiwanese-basic:68	initials	ak	àm-kì
taiwanese-basic:72	full	amsat	àm-sat
taiwanese-basic:72	prefix	ams	àm-sat
taiwanese-basic:72	initials	as	àm-sat
taiwanese-basic:71	full	amsek	àm-sek
taiwanese-basic:71	prefix	ams	àm-sek
taiwanese-basic:71	initials	as	àm-sek
taiwanese-basic:69	full	amsiong	àm-siōng
taiwanese-basic:69	prefix	amsi	àm-siōng
taiwanese-basic:69	initials	as	àm-siōng
taiwanese-basic:59	full	amsi	àm-sî
taiwanese-basic:59	prefix	am	àm-sî
taiwanese-basic:59	initials	as	àm-sî
taiwanese-basic:73	full	amsi	àm-sī
taiwanese-basic:73	prefix	am	àm-sī
taiwanese-basic:73	initials	as	àm-sī
taiwanese-basic:466	full	anchoann	àn-chóaⁿ
taiwanese-basic:466	prefix	anch	àn-chóaⁿ
taiwanese-basic:466	initials	ac	àn-chóaⁿ
taiwanese-basic:85	full	ankiann	àn-kiāⁿ
taiwanese-basic:85	prefix	anki	àn-kiāⁿ
taiwanese-basic:85	initials	ak	àn-kiāⁿ
taiwanese-basic:84	full	ansng	àn-sǹg
taiwanese-basic:84	prefix	ans	àn-sǹg
taiwanese-basic:84	initials	as	àn-sǹg
taiwanese-basic:2869	full	ang	àng
taiwanese-basic:2869	prefix	an	àng
taiwanese-basic:2869	initials	a	àng
taiwanese-basic:121	full	au	àu
taiwanese-basic:121	prefix	a	àu
taiwanese-basic:121	initials	a	àu
taiwanese-basic:24	full	annlohkhi	àⁿ lo̍h-khì
taiwanese-basic:24	prefix	annlo	àⁿ lo̍h-khì
taiwanese-basic:24	initials	alk	àⁿ lo̍h-khì
taiwanese-basic:1	full	a	á
taiwanese-basic:1	prefix	a	á
taiwanese-basic:1	initials	a	á
taiwanese-basic:2889	full	akoo	á-ko͘
taiwanese-basic:2889	prefix	ak	á-ko͘
taiwanese-basic:2889	initials	ak	á-ko͘
taiwanese-basic:1	full	asi	á-sī
taiwanese-basic:1	prefix	as	á-sī
taiwanese-basic:1	initials	as	á-sī
taiwanese-basic:66	full	am	ám
taiwanese-basic:66	prefix	a	ám
taiwanese-basic:66	initials	a	ám
taiwanese-basic:3479	full	ammoe	ám-môe
taiwanese-basic:3479	prefix	amm	ám-môe
taiwanese-basic:3479	initials	am	ám-môe
taiwanese-basic:75	full	anchoann	án-chóaⁿ
taiwanese-basic:75	prefix	anch	án-chóaⁿ
taiwanese-basic:75	initials	ac	án-chóaⁿ
taiwanese-basic:76	full	anni	án-ni
taiwanese-basic:76	prefix	an	án-ni
taiwanese-basic:76	initials	an	án-ni
taiwanese-basic:122	full	au	áu
taiwanese-basic:122	prefix	a	áu
taiwanese-basic:122	initials	a	áu
taiwanese-basic:74	full	amkhang	âm-khang
taiwanese-basic:74	prefix	amkh	âm-khang
taiwanese-basic:74	initials	ak	âm-khang
taiwanese-basic:77	full	an	ân
taiwanese-basic:77	prefix	a	ân
taiwanese-basic:77	initials	a	ân
taiwanese-basic:86	full	ang	âng
taiwanese-basic:86	prefix	an	âng
taiwanese-basic:86	initials	a	âng
taiwanese-basic:1893	full	angenna	âng-eⁿ-á
taiwanese-basic:1893	prefix	ange	âng-eⁿ-á
taiwanese-basic:1893	initials	aea	âng-eⁿ-á
taiwanese-basic:89	full	anginna	âng-iⁿ-á
taiwanese-basic:89	prefix	angi	âng-iⁿ-á
taiwanese-basic:89	initials	aia	âng-iⁿ-á
taiwanese-basic:96	full	angmngthoo	âng-mn̂g-thô͘
taiwanese-basic:96	prefix	angmn	âng-mn̂g-thô͘
taiwanese-basic:96	initials	amt	âng-mn̂g-thô͘
taiwanese-basic:96	full	angmoothoo	âng-mô͘-thô͘
taiwanese-basic:96	prefix	angmo	âng-mô͘-thô͘
taiwanese-basic:96	initials	amt	âng-mô͘-thô͘
taiwanese-basic:2832	full	angphoechhai	âng-phôe-chhài
taiwanese-basic:2832	prefix	angpho	âng-phôe-chhài
taiwanese-basic:2832	initials	apc	âng-phôe-chhài
taiwanese-basic:87	full	angsek	âng-sek
taiwanese-basic:87	prefix	ang	âng-sek
taiwanese-basic:87	initials	as	âng-sek
taiwanese-basic:3876	full	angsiopih	âng-sio-pih
taiwanese-basic:3876	prefix	angsi	âng-sio-pih
taiwanese-basic:3876	initials	asp	âng-sio-pih
taiwanese-basic:716	full	angsipji	âng-si̍p-jī
taiwanese-basic:716	prefix	angs	âng-si̍p-jī
taiwanese-basic:716	initials	asj	âng-si̍p-jī
taiwanese-basic:88	full	angte	âng-tê
taiwanese-basic:88	prefix	ang	âng-tê
taiwanese-basic:88	initials	at	âng-tê
taiwanese-basic:3700	full	angangang	âng-âng-âng
taiwanese-basic:3700	prefix	angan	âng-âng-âng
taiwanese-basic:3700	initials	aaa	âng-âng-âng
taiwanese-basic:2534	full	engchiapsek	èng-chiap-sek
taiwanese-basic:2534	prefix	engchi	èng-chiap-sek
taiwanese-basic:2534	initials	ecs	èng-chiap-sek
taiwanese-basic:1327	full	engkai	èng-kai
taiwanese-basic:1327	prefix	eng	èng-kai
taiwanese-basic:1327	initials	ek	èng-kai
taiwanese-basic:5175	full	engkaitiohaicho	èng-kai tio̍h-ài chò
taiwanese-basic:5175	prefix	engkaiti	èng-kai tio̍h-ài chò
taiwanese-basic:5175	initials	ektac	èng-kai tio̍h-ài chò
taiwanese-basic:1283	full	e	é
taiwanese-basic:1283	prefix	e	é
taiwanese-basic:1283	initials	e	é
taiwanese-basic:1299	full	ekau	é-káu
taiwanese-basic:1299	prefix	ek	é-káu
taiwanese-basic:1299	initials	ek	é-káu
taiwanese-basic:1333	full	eng	éng
taiwanese-basic:1333	prefix	en	éng
taiwanese-basic:1333	initials	e	éng
taiwanese-basic:1325	full	enghiong	éng-hióng
taiwanese-basic:1325	prefix	engh	éng-hióng
taiwanese-basic:1325	initials	eh	éng-hióng
taiwanese-basic:1330	full	engkiu	éng-kiú
taiwanese-basic:1330	prefix	eng	éng-kiú
taiwanese-basic:1330	initials	ek	éng-kiú
taiwanese-basic:1331	full	engkiubehai	éng-kiú bē hāi
taiwanese-basic:1331	prefix	engkiu	éng-kiú bē hāi
taiwanese-basic:1331	initials	ekbh	éng-kiú bē hāi
taiwanese-basic:1328	full	engoan	éng-oán
taiwanese-basic:1328	prefix	eng	éng-oán
taiwanese-basic:1328	initials	eo	éng-oán
taiwanese-basic:1326	full	engseng	éng-seng
taiwanese-basic:1326	prefix	engs	éng-seng
taiwanese-basic:1326	initials	es	éng-seng
taiwanese-basic:1281	full	e	ê
taiwanese-basic:1281	prefix	e	ê
taiwanese-basic:1281	initials	e	ê
taiwanese-basic:5289	full	etoa	ê tòa
taiwanese-basic:5289	prefix	et	ê tòa
taiwanese-basic:5289	initials	et	ê tòa
taiwanese-basic:2051	full	eiu	ê-iû
taiwanese-basic:2051	prefix	ei	ê-iû
taiwanese-basic:2051	initials	ei	ê-iû
taiwanese-basic:2682	full	ekhoan	ê-khoán
taiwanese-basic:2682	prefix	ekh	ê-khoán
taiwanese-basic:2682	initials	ek	ê-khoán
taiwanese-basic:1305	full	ete	ê-té
taiwanese-basic:1305	prefix	et	ê-té
taiwanese-basic:1305	initials	et	ê-té
taiwanese-basic:1319	full	eng	êng
taiwanese-basic:1319	prefix	en	êng
taiwanese-basic:1319	initials	e	êng
taiwanese-basic:1338	full	engiong	êng-ióng
taiwanese-basic:1338	prefix	engi	êng-ióng
taiwanese-basic:1338	initials	ei	êng-ióng
taiwanese-basic:1337	full	engoe	êng-ōe
taiwanese-basic:1337	prefix	eng	êng-ōe
taiwanese-basic:1337	initials	eo	êng-ōe
taiwanese-basic:1885	full	igi	ì-gī
taiwanese-basic:1885	prefix	ig	ì-gī
taiwanese-basic:1885	initials	ig	ì-gī
taiwanese-basic:1888	full	igoa	ì-gōa
taiwanese-basic:1888	prefix	ig	ì-gōa
taiwanese-basic:1888	initials	ig	ì-gōa
taiwanese-basic:1875	full	ikian	ì-kiàn
taiwanese-basic:1875	prefix	iki	ì-kiàn
taiwanese-basic:1875	initials	ik	ì-kiàn
taiwanese-basic:1863	full	isu	ì-sù
taiwanese-basic:1863	prefix	is	ì-sù
taiwanese-basic:1863	initials	is	ì-sù
taiwanese-basic:1887	full	itiong	ì-tiong
taiwanese-basic:1887	prefix	iti	ì-tiong
taiwanese-basic:1887	initials	it	ì-tiong
taiwanese-basic:1975	full	in	ìn
taiwanese-basic:1975	prefix	i	ìn
taiwanese-basic:1975	initials	i	ìn
taiwanese-basic:1978	full	inchih	ìn-chih
taiwanese-basic:1978	prefix	inc	ìn-chih
taiwanese-basic:1978	initials	ic	ìn-chih
taiwanese-basic:1982	full	inhoe	ìn-hoe
taiwanese-basic:1982	prefix	inh	ìn-hoe
taiwanese-basic:1982	initials	ih	ìn-hoe
taiwanese-basic:1985	full	insek	ìn-sek
taiwanese-basic:1985	prefix	ins	ìn-sek
taiwanese-basic:1985	initials	is	ìn-sek
taiwanese-basic:1986	full	insiong	ìn-siōng
taiwanese-basic:1986	prefix	insi	ìn-siōng
taiwanese-basic:1986	initials	is	ìn-siōng
taiwanese-basic:1983	full	insoat	ìn-soat
taiwanese-basic:1983	prefix	ins	ìn-soat
taiwanese-basic:1983	initials	is	ìn-soat
taiwanese-basic:1984	full	insoatki	ìn-soat-ki
taiwanese-basic:1984	prefix	inso	ìn-soat-ki
taiwanese-basic:1984	initials	isk	ìn-soat-ki
taiwanese-basic:1979	full	intoo	ìn-tō͘
taiwanese-basic:1979	prefix	int	ìn-tō͘
taiwanese-basic:1979	initials	it	ìn-tō͘
taiwanese-basic:1980	full	ina	ìn-á
taiwanese-basic:1980	prefix	in	ìn-á
taiwanese-basic:1980	initials	ia	ìn-á
taiwanese-basic:1889	full	inna	ìⁿ-á
taiwanese-basic:1889	prefix	in	ìⁿ-á
taiwanese-basic:1889	initials	ia	ìⁿ-á
taiwanese-basic:1865	full	icheng	í-chêng
taiwanese-basic:1865	prefix	ich	í-chêng
taiwanese-basic:1865	initials	ic	í-chêng
taiwanese-basic:1395	full	igoa	í-gōa
taiwanese-basic:1395	prefix	ig	í-gōa
taiwanese-basic:1395	initials	ig	í-gōa
taiwanese-basic:1871	full	iha	í-hā
taiwanese-basic:1871	prefix	ih	í-hā
taiwanese-basic:1871	initials	ih	í-hā
taiwanese-basic:1866	full	ikeng	í-keng
taiwanese-basic:1866	prefix	ike	í-keng
taiwanese-basic:1866	initials	ik	í-keng
taiwanese-basic:1867	full	ilai	í-lâi
taiwanese-basic:1867	prefix	il	í-lâi
taiwanese-basic:1867	initials	il	í-lâi
taiwanese-basic:1869	full	ilai	í-lāi
taiwanese-basic:1869	prefix	il	í-lāi
taiwanese-basic:1869	initials	il	í-lāi
taiwanese-basic:1870	full	isiong	í-siōng
taiwanese-basic:1870	prefix	isi	í-siōng
taiwanese-basic:1870	initials	is	í-siōng
taiwanese-basic:1876	full	itoh	í-toh
taiwanese-basic:1876	prefix	it	í-toh
taiwanese-basic:1876	initials	it	í-toh
taiwanese-basic:1860	full	ia	í-á
taiwanese-basic:1860	prefix	i	í-á
taiwanese-basic:1860	initials	ia	í-á
taiwanese-basic:1864	full	iau	í-āu
taiwanese-basic:1864	prefix	ia	í-āu
taiwanese-basic:1864	initials	ia	í-āu
taiwanese-basic:1987	full	inchhoa	ín-chhōa
taiwanese-basic:1987	prefix	inch	ín-chhōa
taiwanese-basic:1987	initials	ic	ín-chhōa
taiwanese-basic:1988	full	inhoe	ín-hóe
taiwanese-basic:1988	prefix	inh	ín-hóe
taiwanese-basic:1988	initials	ih	ín-hóe
taiwanese-basic:1991	full	iniong	ín-iōng
taiwanese-basic:1991	prefix	ini	ín-iōng
taiwanese-basic:1991	initials	ii	ín-iōng
taiwanese-basic:1989	full	inlek	ín-le̍k
taiwanese-basic:1989	prefix	inl	ín-le̍k
taiwanese-basic:1989	initials	il	ín-le̍k
taiwanese-basic:1990	full	inthe	ín-thè
taiwanese-basic:1990	prefix	int	ín-thè
taiwanese-basic:1990	initials	it	ín-thè
taiwanese-basic:1883	full	ibin	î-bîn
taiwanese-basic:1883	prefix	ib	î-bîn
taiwanese-basic:1883	initials	ib	î-bîn
taiwanese-basic:14	full	itiunn	î-tiūⁿ
taiwanese-basic:14	prefix	iti	î-tiūⁿ
taiwanese-basic:14	initials	it	î-tiūⁿ
taiwanese-basic:1884	full	itong	î-tōng
taiwanese-basic:1884	prefix	ito	î-tōng
taiwanese-basic:1884	initials	it	î-tōng
taiwanese-basic:1892	full	inn	îⁿ
taiwanese-basic:1892	prefix	in	îⁿ
taiwanese-basic:1892	initials	i	îⁿ
taiwanese-basic:1891	full	innsoanna	îⁿ soaⁿ-á
taiwanese-basic:1891	prefix	innso	îⁿ soaⁿ-á
taiwanese-basic:1891	initials	isa	îⁿ soaⁿ-á
taiwanese-basic:3582	full	oann	òaⁿ
taiwanese-basic:3582	prefix	oa	òaⁿ
taiwanese-basic:3582	initials	o	òaⁿ
taiwanese-basic:3569	full	oa	óa
taiwanese-basic:3569	prefix	o	óa
taiwanese-basic:3569	initials	o	óa
taiwanese-basic:2619	full	oakho	óa-khò
taiwanese-basic:2619	prefix	oak	óa-khò
taiwanese-basic:2619	initials	ok	óa-khò
taiwanese-basic:3573	full	oann	óaⁿ
taiwanese-basic:3573	prefix	oa	óaⁿ
taiwanese-basic:3573	initials	o	óaⁿ
taiwanese-basic:3576	full	oannpoann	óaⁿ-pôaⁿ
taiwanese-basic:3576	prefix	oannp	óaⁿ-pôaⁿ
taiwanese-basic:3576	initials	op	óaⁿ-pôaⁿ
taiwanese-basic:3616	full	onghok	óng-ho̍k
taiwanese-basic:3616	prefix	ong	óng-ho̍k
taiwanese-basic:3616	initials	oh	óng-ho̍k
taiwanese-basic:3617	full	onghokphio	óng-ho̍k-phiò
taiwanese-basic:3617	prefix	ongho	óng-ho̍k-phiò
taiwanese-basic:3617	initials	ohp	óng-ho̍k-phiò
taiwanese-basic:3615	full	onglai	óng-lâi
taiwanese-basic:3615	prefix	ong	óng-lâi
taiwanese-basic:3615	initials	ol	óng-lâi
taiwanese-basic:3562	full	oa	ô-á
taiwanese-basic:3562	prefix	o	ô-á
taiwanese-basic:3562	initials	oa	ô-á
taiwanese-basic:1284	full	oe	ôe
taiwanese-basic:1284	prefix	o	ôe
taiwanese-basic:1284	initials	o	ôe
taiwanese-basic:3612	full	ong	ông
taiwanese-basic:3612	prefix	on	ông
taiwanese-basic:3612	initials	o	ông
taiwanese-basic:3614	full	onglai	ông-lâi
taiwanese-basic:3614	prefix	ong	ông-lâi
taiwanese-basic:3614	initials	ol	ông-lâi
taiwanese-basic:5394	full	upeng	ù-peng
taiwanese-basic:5394	prefix	upe	ù-peng
taiwanese-basic:5394	initials	up	ù-peng
taiwanese-basic:5403	full	ui	ùi
taiwanese-basic:5403	prefix	u	ùi
taiwanese-basic:5403	initials	u	ùi
taiwanese-basic:5402	full	uian	ùi-an
taiwanese-basic:5402	prefix	ui	ùi-an
taiwanese-basic:5402	initials	ua	ùi-an
taiwanese-basic:5404	full	uikoann	ùi-kôaⁿ
taiwanese-basic:5404	prefix	uiko	ùi-kôaⁿ
taiwanese-basic:5404	initials	uk	ùi-kôaⁿ
taiwanese-basic:5393	full	utiu	ú-tiū
taiwanese-basic:5393	prefix	ut	ú-tiū
taiwanese-basic:5393	initials	ut	ú-tiū
taiwanese-basic:5400	full	uijim	úi-jīm
taiwanese-basic:5400	prefix	uij	úi-jīm
taiwanese-basic:5400	initials	uj	úi-jīm
taiwanese-basic:5401	full	uithok	úi-thok
taiwanese-basic:5401	prefix	uit	úi-thok
taiwanese-basic:5401	initials	ut	úi-thok
taiwanese-basic:5406	full	untang	ún-tàng
taiwanese-basic:5406	prefix	unt	ún-tàng
taiwanese-basic:5406	initials	ut	ún-tàng
taiwanese-basic:5405	full	ui	ûi
taiwanese-basic:5405	prefix	u	ûi
taiwanese-basic:5405	initials	u	ûi
taiwanese-basic:5423	full	unasi	ûn-á-sī
taiwanese-basic:5423	prefix	una	ûn-á-sī
taiwanese-basic:5423	initials	uas	ûn-á-sī
taiwanese-basic:5424	full	ununa	ûn-ûn-á
taiwanese-basic:5424	prefix	unu	ûn-ûn-á
taiwanese-basic:5424	initials	uua	ûn-ûn-á
taiwanese-basic:1949	full	ainn	āiⁿ
taiwanese-basic:1949	prefix	ai	āiⁿ
taiwanese-basic:1949	initials	a	āiⁿ
taiwanese-basic:100	full	au	āu
taiwanese-basic:100	prefix	a	āu
taiwanese-basic:100	initials	a	āu
taiwanese-basic:109	full	aulepai	āu lé-pài
taiwanese-basic:109	prefix	aule	āu lé-pài
taiwanese-basic:109	initials	alp	āu lé-pài
taiwanese-basic:113	full	aulepaigoo	āu lé-pài gō͘
taiwanese-basic:113	prefix	aulep	āu lé-pài gō͘
taiwanese-basic:113	initials	alpg	āu lé-pài gō͘
taiwanese-basic:105	full	aujit	āu--ji̍t
taiwanese-basic:105	prefix	auj	āu--ji̍t
taiwanese-basic:105	initials	aj	āu--ji̍t
taiwanese-basic:115	full	auni	āu--nî
taiwanese-basic:115	prefix	au	āu--nî
taiwanese-basic:115	initials	an	āu--nî
taiwanese-basic:123	full	aubo	āu-bó
taiwanese-basic:123	prefix	au	āu-bó
taiwanese-basic:123	initials	ab	āu-bó
taiwanese-basic:123	full	aubu	āu-bú
taiwanese-basic:123	prefix	au	āu-bú
taiwanese-basic:123	initials	ab	āu-bú
taiwanese-basic:102	full	aubin	āu-bīn
taiwanese-basic:102	prefix	aub	āu-bīn
taiwanese-basic:102	initials	ab	āu-bīn
taiwanese-basic:110	full	auchujit	āu-chú-ji̍t
taiwanese-basic:110	prefix	auch	āu-chú-ji̍t
taiwanese-basic:110	initials	acj	āu-chú-ji̍t
taiwanese-basic:112	full	augoehjit	āu-goe̍h-ji̍t
taiwanese-basic:112	prefix	augoe	āu-goe̍h-ji̍t
taiwanese-basic:112	initials	agj	āu-goe̍h-ji̍t
taiwanese-basic:106	full	aujit	āu-ji̍t
taiwanese-basic:106	prefix	auj	āu-ji̍t
taiwanese-basic:106	initials	aj	āu-ji̍t
taiwanese-basic:111	full	aukoogoeh	āu-kó͘-goe̍h
taiwanese-basic:111	prefix	aukoo	āu-kó͘-goe̍h
taiwanese-basic:111	initials	akg	āu-kó͘-goe̍h
taiwanese-basic:108	full	auku	āu-kù
taiwanese-basic:108	prefix	au	āu-kù
taiwanese-basic:108	initials	ak	āu-kù
taiwanese-basic:104	full	aulai	āu-lâi
taiwanese-basic:104	prefix	aul	āu-lâi
taiwanese-basic:104	initials	al	āu-lâi
taiwanese-basic:114	full	auni	āu-nî
taiwanese-basic:114	prefix	au	āu-nî
taiwanese-basic:114	initials	an	āu-nî
taiwanese-basic:2999	full	auphinn	āu-phiⁿ
taiwanese-basic:2999	prefix	auph	āu-phiⁿ
taiwanese-basic:2999	initials	ap	āu-phiⁿ
taiwanese-basic:101	full	aupiah	āu-piah
taiwanese-basic:101	prefix	aup	āu-piah
taiwanese-basic:101	initials	ap	āu-piah
taiwanese-basic:103	full	aupai	āu-pái
taiwanese-basic:103	prefix	aup	āu-pái
taiwanese-basic:103	initials	ap	āu-pái
taiwanese-basic:23	full	ann	āⁿ
taiwanese-basic:23	prefix	an	āⁿ
taiwanese-basic:23	initials	a	āⁿ
taiwanese-basic:1285	full	e	ē
taiwanese-basic:1285	prefix	e	ē
taiwanese-basic:1285	initials	e	ē
taiwanese-basic:1291	full	echiahtit	ē chia̍h--tit
taiwanese-basic:1291	prefix	echia	ē chia̍h--tit
taiwanese-basic:1291	initials	ect	ē chia̍h--tit
taiwanese-basic:1847	full	ehun	ē hun
taiwanese-basic:1847	prefix	eh	ē hun
taiwanese-basic:1847	initials	eh	ē hun
taiwanese-basic:1290	full	ejintit	ē jīn--tit
taiwanese-basic:1290	prefix	ejin	ē jīn--tit
taiwanese-basic:1290	initials	ejt	ē jīn--tit
taiwanese-basic:2141	full	ejintit	ē jīn-tit
taiwanese-basic:2141	prefix	ejin	ē jīn-tit
taiwanese-basic:2141	initials	ejt	ē jīn-tit
taiwanese-basic:2468	full	ekhahiong	ē khah ióng
taiwanese-basic:2468	prefix	ekhah	ē khah ióng
taiwanese-basic:2468	initials	eki	ē khah ióng
taiwanese-basic:2470	full	ekhahsitle	ē khah sit-lé
taiwanese-basic:2470	prefix	ekhah	ē khah sit-lé
taiwanese-basic:2470	initials	eksl	ē khah sit-lé
taiwanese-basic:1289	full	ekitit	ē kì--tit
taiwanese-basic:1289	prefix	eki	ē kì--tit
taiwanese-basic:1289	initials	ekt	ē kì--tit
taiwanese-basic:3507	full	engiau	ē ngiau
taiwanese-basic:3507	prefix	eng	ē ngiau
taiwanese-basic:3507	initials	en	ē ngiau
taiwanese-basic:1294	full	epoo	ē po͘
taiwanese-basic:1294	prefix	ep	ē po͘
taiwanese-basic:1294	initials	ep	ē po͘
taiwanese-basic:1295	full	epoosi	ē po͘ sî
taiwanese-basic:1295	prefix	epo	ē po͘ sî
taiwanese-basic:1295	initials	eps	ē po͘ sî
taiwanese-basic:4244	full	esiauhoaemih	ē siau-hòa ê mi̍h
taiwanese-basic:4244	prefix	esiauh	ē siau-hòa ê mi̍h
taiwanese-basic:4244	initials	eshem	ē siau-hòa ê mi̍h
taiwanese-basic:1298	full	esengkong	ē sêng-kong
taiwanese-basic:1298	prefix	eseng	ē sêng-kong
taiwanese-basic:1298	initials	esk	ē sêng-kong
taiwanese-basic:1296	full	etau	ē tàu
taiwanese-basic:1296	prefix	et	ē tàu
taiwanese-basic:1296	initials	et	ē tàu
taiwanese-basic:1297	full	etausi	ē tàu sî
taiwanese-basic:1297	prefix	eta	ē tàu sî
taiwanese-basic:1297	initials	ets	ē tàu sî
taiwanese-basic:263	full	ebin	ē-bīn
taiwanese-basic:263	prefix	eb	ē-bīn
taiwanese-basic:263	initials	eb	ē-bīn
taiwanese-basic:1287	full	ehiau	ē-hiáu
taiwanese-basic:1287	prefix	ehi	ē-hiáu
taiwanese-basic:1287	initials	eh	ē-hiáu
taiwanese-basic:1306	full	ehng	ē-hng
taiwanese-basic:1306	prefix	eh	ē-hng
taiwanese-basic:1306	initials	eh	ē-hng
taiwanese-basic:1307	full	ehngsi	ē-hng-sî
taiwanese-basic:1307	prefix	ehn	ē-hng-sî
taiwanese-basic:1307	initials	ehs	ē-hng-sî
taiwanese-basic:1303	full	ekha	ē-kha
taiwanese-basic:1303	prefix	ek	ē-kha
taiwanese-basic:1303	initials	ek	ē-kha
taiwanese-basic:1286	full	etang	ē-tàng
taiwanese-basic:1286	prefix	eta	ē-tàng
taiwanese-basic:1286	initials	et	ē-tàng
taiwanese-basic:1304	full	ete	ē-té
taiwanese-basic:1304	prefix	et	ē-té
taiwanese-basic:1304	initials	et	ē-té
taiwanese-basic:1302	full	etekhoo	ē-té khò͘
taiwanese-basic:1302	prefix	etek	ē-té khò͘
taiwanese-basic:1302	initials	etk	ē-té khò͘
taiwanese-basic:1301	full	etesann	ē-té saⁿ
taiwanese-basic:1301	prefix	etes	ē-té saⁿ
taiwanese-basic:1301	initials	ets	ē-té saⁿ
taiwanese-basic:1288	full	eengtit	ē-ēng--tit
taiwanese-basic:1288	prefix	eeng	ē-ēng--tit
taiwanese-basic:1288	initials	eet	ē-ēng--tit
taiwanese-basic:1318	full	eng	ēng
taiwanese-basic:1318	prefix	en	ēng
taiwanese-basic:1318	initials	e	ēng
taiwanese-basic:2015	full	engchhacho	ēng chhâ chò
taiwanese-basic:2015	prefix	engch	ēng chhâ chò
taiwanese-basic:2015	initials	ecc	ēng chhâ chò
taiwanese-basic:2016	full	engchoapaukhilai	ēng chóa pau--khí-lâi
taiwanese-basic:2016	prefix	engchoap	ēng chóa pau--khí-lâi
taiwanese-basic:2016	initials	ecpkl	ēng chóa pau--khí-lâi
taiwanese-basic:1267	full	engchuikaliam	ēng chúi-ka liâm
taiwanese-basic:1267	prefix	engchui	ēng chúi-ka liâm
taiwanese-basic:1267	initials	eckl	ēng chúi-ka liâm
taiwanese-basic:2012	full	engianpitsia	ēng iân-pit siá
taiwanese-basic:2012	prefix	engian	ēng iân-pit siá
taiwanese-basic:2012	initials	eips	ēng iân-pit siá
taiwanese-basic:2018	full	engpookhamkhilai	ēng pò͘ khàm--khí-lâi
taiwanese-basic:2018	prefix	engpookh	ēng pò͘ khàm--khí-lâi
taiwanese-basic:2018	initials	epkkl	ēng pò͘ khàm--khí-lâi
taiwanese-basic:4207	full	engsiahliam	ēng siah liâm
taiwanese-basic:4207	prefix	engsia	ēng siah liâm
taiwanese-basic:4207	initials	esl	ēng siah liâm
taiwanese-basic:2017	full	engsohapakkhilai	ēng soh-á pa̍k--khí-lâi
taiwanese-basic:2017	prefix	engsohap	ēng soh-á pa̍k--khí-lâi
taiwanese-basic:2017	initials	esapkl	ēng soh-á pa̍k--khí-lâi
taiwanese-basic:2019	full	engtohpoochhithoota	ēng toh-pò͘ chhit hō͘ ta
taiwanese-basic:2019	prefix	engtohpooc	ēng toh-pò͘ chhit hō͘ ta
taiwanese-basic:2019	initials	etpcht	ēng toh-pò͘ chhit hō͘ ta
taiwanese-basic:2014	full	engtaioanoesoatbeng	ēng tâi-oân-ōe soat-bêng
taiwanese-basic:2014	prefix	engtaioano	ēng tâi-oân-ōe soat-bêng
taiwanese-basic:2014	initials	etoosb	ēng tâi-oân-ōe soat-bêng
taiwanese-basic:5027	full	engtichiahpng	ēng tī chia̍h pn̄g
taiwanese-basic:5027	prefix	engtich	ēng tī chia̍h pn̄g
taiwanese-basic:5027	initials	etcp	ēng tī chia̍h pn̄g
taiwanese-basic:5274	full	engtokesoehtoli	ēng tō ké-soeh tō-lí
taiwanese-basic:5274	prefix	engtokes	ēng tō ké-soeh tō-lí
taiwanese-basic:5274	initials	etkstl	ēng tō ké-soeh tō-lí
taiwanese-basic:1339	full	enghoat	ēng-hoat
taiwanese-basic:1339	prefix	engh	ēng-hoat
taiwanese-basic:1339	initials	eh	ēng-hoat
taiwanese-basic:2032	full	engloo	ēng-lō͘
taiwanese-basic:2032	prefix	eng	ēng-lō͘
taiwanese-basic:2032	initials	el	ēng-lō͘
taiwanese-basic:1881	full	igian	ī-giân
taiwanese-basic:1881	prefix	igi	ī-giân
taiwanese-basic:1881	initials	ig	ī-giân
taiwanese-basic:1879	full	isoan	ī-soàn
taiwanese-basic:1879	prefix	iso	ī-soàn
taiwanese-basic:1879	initials	is	ī-soàn
taiwanese-basic:5227	full	inntiunn	īⁿ-tiúⁿ
taiwanese-basic:5227	prefix	innt	īⁿ-tiúⁿ
taiwanese-basic:5227	initials	it	īⁿ-tiúⁿ
taiwanese-basic:1894	full	inntoan	īⁿ-toan
taiwanese-basic:1894	prefix	innt	īⁿ-toan
taiwanese-basic:1894	initials	it	īⁿ-toan
taiwanese-basic:3503	full	ng	ńg
taiwanese-basic:3503	prefix	n	ńg
taiwanese-basic:3503	initials	n	ńg
taiwanese-basic:3578	full	oann	ōaⁿ
taiwanese-basic:3578	prefix	oa	ōaⁿ
taiwanese-basic:3578	initials	o	ōaⁿ
taiwanese-basic:3580	full	oannchinn	ōaⁿ-chîⁿ
taiwanese-basic:3580	prefix	oannc	ōaⁿ-chîⁿ
taiwanese-basic:3580	initials	oc	ōaⁿ-chîⁿ
taiwanese-basic:3579	full	oannsann	ōaⁿ-saⁿ
taiwanese-basic:3579	prefix	oann	ōaⁿ-saⁿ
taiwanese-basic:3579	initials	os	ōaⁿ-saⁿ
taiwanese-basic:3599	full	oe	ōe
taiwanese-basic:3599	prefix	o	ōe
taiwanese-basic:3599	initials	o	ōe
taiwanese-basic:3605	full	oeseng	ōe-seng
taiwanese-basic:3605	prefix	oes	ōe-seng
taiwanese-basic:3605	initials	os	ōe-seng
taiwanese-basic:3607	full	oesengsoo	ōe-seng-só͘
taiwanese-basic:3607	prefix	oesen	ōe-seng-só͘
taiwanese-basic:3607	initials	oss	ōe-seng-só͘
taiwanese-basic:3606	full	oetoo	ōe-tô͘
taiwanese-basic:3606	prefix	oet	ōe-tô͘
taiwanese-basic:3606	initials	ot	ōe-tô͘
taiwanese-basic:1072	full	oothoobaiechipchiau	ō͘-tho͘-bái ê chip-chiàu
taiwanese-basic:1072	prefix	oothoobaie	ō͘-tho͘-bái ê chip-chiàu
taiwanese-basic:1072	initials	otbecc	ō͘-tho͘-bái ê chip-chiàu
taiwanese-basic:3567	full	ooa	ō͘-á
taiwanese-basic:3567	prefix	oo	ō͘-á
taiwanese-basic:3567	initials	oa	ō͘-á
taiwanese-basic:5383	full	u	ū
taiwanese-basic:5383	prefix	u	ū
taiwanese-basic:5383	initials	u	ū
taiwanese-basic:181	full	ubang	ū bāng
taiwanese-basic:181	prefix	uba	ū bāng
taiwanese-basic:181	initials	ub	ū bāng
taiwanese-basic:791	full	uchhiuoan	ū chhiú-oán
taiwanese-basic:791	prefix	uchhi	ū chhiú-oán
taiwanese-basic:791	initials	uco	ū chhiú-oán
taiwanese-basic:5384	full	uchinn	ū chîⁿ
taiwanese-basic:5384	prefix	uch	ū chîⁿ
taiwanese-basic:5384	initials	uc	ū chîⁿ
taiwanese-basic:1433	full	ugoankhi	ū goân-khì
taiwanese-basic:1433	prefix	ugoa	ū goân-khì
taiwanese-basic:1433	initials	ugk	ū goân-khì
taiwanese-basic:1530	full	uhauko	ū hāu-kó
taiwanese-basic:1530	prefix	uha	ū hāu-kó
taiwanese-basic:1530	initials	uhk	ū hāu-kó
taiwanese-basic:1911	full	uiann	ū iáⁿ
taiwanese-basic:1911	prefix	uia	ū iáⁿ
taiwanese-basic:1911	initials	ui	ū iáⁿ
taiwanese-basic:2122	full	ujinkhi	ū jîn-khì
taiwanese-basic:2122	prefix	ujin	ū jîn-khì
taiwanese-basic:2122	initials	ujk	ū jîn-khì
taiwanese-basic:2422	full	ukenggiam	ū keng-giām
taiwanese-basic:2422	prefix	ukeng	ū keng-giām
taiwanese-basic:2422	initials	ukg	ū keng-giām
taiwanese-basic:2384	full	ukhoanneketat	ū khòaⁿ ê kè-ta̍t
taiwanese-basic:2384	prefix	ukhoann	ū khòaⁿ ê kè-ta̍t
taiwanese-basic:2384	initials	ukekt	ū khòaⁿ ê kè-ta̍t
taiwanese-basic:3089	full	ukuiki	ū kui-kí
taiwanese-basic:3089	prefix	uku	ū kui-kí
taiwanese-basic:3089	initials	ukk	ū kui-kí
taiwanese-basic:2382	full	uketat	ū kè-ta̍t
taiwanese-basic:2382	prefix	uke	ū kè-ta̍t
taiwanese-basic:2382	initials	ukt	ū kè-ta̍t
taiwanese-basic:3174	full	ulat	ū la̍t
taiwanese-basic:3174	prefix	ul	ū la̍t
taiwanese-basic:3174	initials	ul	ū la̍t
taiwanese-basic:3305	full	uliongsim	ū liông-sim
taiwanese-basic:3305	prefix	ulion	ū liông-sim
taiwanese-basic:3305	initials	uls	ū liông-sim
taiwanese-basic:3205	full	ulesoo	ū lé-sò͘
taiwanese-basic:3205	prefix	ule	ū lé-sò͘
taiwanese-basic:3205	initials	uls	ū lé-sò͘
taiwanese-basic:3331	full	ulooeng	ū lō͘-ēng
taiwanese-basic:3331	prefix	uloo	ū lō͘-ēng
taiwanese-basic:3331	initials	ule	ū lō͘-ēng
taiwanese-basic:3437	full	umia	ū miâ
taiwanese-basic:3437	prefix	um	ū miâ
taiwanese-basic:3437	initials	um	ū miâ
taiwanese-basic:5389	full	umiabosit	ū miâ bô si̍t
taiwanese-basic:5389	prefix	umiab	ū miâ bô si̍t
taiwanese-basic:5389	initials	umbs	ū miâ bô si̍t
taiwanese-basic:4094	full	uselek	ū sè-le̍k
taiwanese-basic:4094	prefix	use	ū sè-le̍k
taiwanese-basic:4094	initials	usl	ū sè-le̍k
taiwanese-basic:4140	full	useng	ū sêng
taiwanese-basic:4140	prefix	use	ū sêng
taiwanese-basic:4140	initials	us	ū sêng
taiwanese-basic:5390	full	usia	ū sî-á
taiwanese-basic:5390	prefix	us	ū sî-á
taiwanese-basic:5390	initials	usa	ū sî-á
taiwanese-basic:5390	full	utangsia	ū tang sî-á
taiwanese-basic:5390	prefix	utan	ū tang sî-á
taiwanese-basic:5390	initials	utsa	ū tang sî-á
taiwanese-basic:2383	full	uthakeketat	ū tha̍k ê kè-ta̍t
taiwanese-basic:2383	prefix	uthake	ū tha̍k ê kè-ta̍t
taiwanese-basic:2383	initials	utekt	ū tha̍k ê kè-ta̍t
taiwanese-basic:253	full	uthebian	ū thé-biān
taiwanese-basic:253	prefix	uthe	ū thé-biān
taiwanese-basic:253	initials	utb	ū thé-biān
taiwanese-basic:5211	full	utit	ū ti̍t
taiwanese-basic:5211	prefix	ut	ū ti̍t
taiwanese-basic:5211	initials	ut	ū ti̍t
taiwanese-basic:5323	full	utok	ū to̍k
taiwanese-basic:5323	prefix	ut	ū to̍k
taiwanese-basic:5323	initials	ut	ū to̍k
taiwanese-basic:5016	full	utileh	ū tī--leh
taiwanese-basic:5016	prefix	uti	ū tī--leh
taiwanese-basic:5016	initials	utl	ū tī--leh
taiwanese-basic:5391	full	ue	ū ê
taiwanese-basic:5391	prefix	u	ū ê
taiwanese-basic:5391	initials	ue	ū ê
taiwanese-basic:5392	full	uelang	ū ê lâng
taiwanese-basic:5392	prefix	uel	ū ê lâng
taiwanese-basic:5392	initials	uel	ū ê lâng
taiwanese-basic:1320	full	ueng	ū êng
taiwanese-basic:1320	prefix	ue	ū êng
taiwanese-basic:1320	initials	ue	ū êng
taiwanese-basic:2072	full	ubang	ū-bāng
taiwanese-basic:2072	prefix	uba	ū-bāng
taiwanese-basic:2072	initials	ub	ū-bāng
taiwanese-basic:1882	full	ugianchia	ū-giân chiá
taiwanese-basic:1882	prefix	ugian	ū-giân chiá
taiwanese-basic:1882	initials	ugc	ū-giân chiá
taiwanese-basic:5385	full	uiann	ū-iáⁿ
taiwanese-basic:5385	prefix	uia	ū-iáⁿ
taiwanese-basic:5385	initials	ui	ū-iáⁿ
taiwanese-basic:5388	full	umia	ū-miâ
taiwanese-basic:5388	prefix	um	ū-miâ
taiwanese-basic:5388	initials	um	ū-miâ
taiwanese-basic:5396	full	ui	ūi
taiwanese-basic:5396	prefix	u	ūi
taiwanese-basic:5396	initials	u	ūi
taiwanese-basic:1341	full	uigam	ūi-gâm
taiwanese-basic:1341	prefix	uig	ūi-gâm
taiwanese-basic:1341	initials	ug	ūi-gâm
taiwanese-basic:5395	full	uitioh	ūi-tio̍h
taiwanese-basic:5395	prefix	uit	ūi-tio̍h
taiwanese-basic:5395	initials	ut	ūi-tio̍h
taiwanese-basic:5410	full	un	ūn
taiwanese-basic:5410	prefix	u	ūn
taiwanese-basic:5410	initials	u	ūn
taiwanese-basic:5421	full	unchoan	ūn-choán
taiwanese-basic:5421	prefix	unch	ūn-choán
taiwanese-basic:5421	initials	uc	ūn-choán
taiwanese-basic:5422	full	unchoanchhiu	ūn-choán chhiú
taiwanese-basic:5422	prefix	unchoa	ūn-choán chhiú
taiwanese-basic:5422	initials	ucc	ūn-choán chhiú
taiwanese-basic:5420	full	unchinn	ūn-chîⁿ
taiwanese-basic:5420	prefix	unch	ūn-chîⁿ
taiwanese-basic:5420	initials	uc	ūn-chîⁿ
taiwanese-basic:5418	full	unho	ūn-hô
taiwanese-basic:5418	prefix	un	ūn-hô
taiwanese-basic:5418	initials	uh	ūn-hô
taiwanese-basic:5420	full	unhui	ūn-hùi
taiwanese-basic:5420	prefix	unh	ūn-hùi
taiwanese-basic:5420	initials	uh	ūn-hùi
taiwanese-basic:5420	full	unkim	ūn-kim
taiwanese-basic:5420	prefix	unk	ūn-kim
taiwanese-basic:5420	initials	uk	ūn-kim
taiwanese-basic:5419	full	unpoann	ūn-poaⁿ
taiwanese-basic:5419	prefix	unpo	ūn-poaⁿ
taiwanese-basic:5419	initials	up	ūn-poaⁿ
taiwanese-basic:5416	full	untionge	ūn-tiōng ê
taiwanese-basic:5416	prefix	unti	ūn-tiōng ê
taiwanese-basic:5416	initials	ute	ūn-tiōng ê
taiwanese-basic:5413	full	untong	ūn-tōng
taiwanese-basic:5413	prefix	unt	ūn-tōng
taiwanese-basic:5413	initials	ut	ūn-tōng
taiwanese-basic:5417	full	untongka	ūn-tōng ka
taiwanese-basic:5417	prefix	unto	ūn-tōng ka
taiwanese-basic:5417	initials	utk	ūn-tōng ka
taiwanese-basic:5414	full	untonghoe	ūn-tōng-hōe
taiwanese-basic:5414	prefix	unton	ūn-tōng-hōe
taiwanese-basic:5414	initials	uth	ūn-tōng-hōe
taiwanese-basic:5415	full	untongtiunn	ūn-tōng-tiûⁿ
taiwanese-basic:5415	prefix	untong	ūn-tōng-tiûⁿ
taiwanese-basic:5415	initials	utt	ūn-tōng-tiûⁿ
taiwanese-basic:3498	full	ngbang	ǹg-bāng
taiwanese-basic:3498	prefix	ngb	ǹg-bāng
taiwanese-basic:3498	initials	nb	ǹg-bāng
